,consultant_id,Composite_key,offer_id,recency,frequency,frequency_normalized,recency_normalized,score
0,35545956,INDIVIDUAL|FIJO|200113631|1|1|1.0,[1686],0.002070393374741201,1,0.0,1.0000000000000002,0.5000000000000001
1,35545956,INDIVIDUAL|VARIABLE|P0067154001|1|1|1.0,[1774],0.002070393374741201,1,0.0,1.0000000000000002,0.5000000000000001
2,35545956,INDIVIDUAL|FIJO|200051249|1|1|1.0,[1699],0.002070393374741201,1,0.0,1.0000000000000002,0.5000000000000001
3,35545956,VOLUMEN|FIJO|200040880|1|0|2.0|VOLUMEN|FIJO|200056246|1|0|2.0|VOLUMEN|FIJO|200114940|1|0|6.0,"[1612, 1612, 1612]",0.002070393374741201,1,0.0,1.0000000000000002,0.5000000000000001
4,35545956,INDIVIDUAL|FIJO|200105008|1|1|1.0,[1257],0.002012072434607646,1,0.0,0.9218102734051368,0.4609051367025684
5,35545956,INDIVIDUAL|FIJO|200114937|1|1|1.0,[1265],0.002012072434607646,1,0.0,0.9218102734051368,0.4609051367025684
6,35545956,993|VARIABLE|200017521|1|0|1.0|993|VARIABLE|200056621|1|0|1.0|993|VARIABLE|200056617|1|0|1.0|993|VARIABLE|200063934|1|0|1.0,"[3460, 3460, 3460, 3460]",0.002012072434607646,1,0.0,0.9218102734051368,0.4609051367025684
7,35545956,PROMOCIÓN INDIVIDUAL|VARIABLE|200035113|1|0|1.0|PROMOCIÓN INDIVIDUAL|VARIABLE|200060588|1|0|1.0,"[950, 950]",0.002012072434607646,1,0.0,0.9218102734051368,0.4609051367025684
8,35545956,INDIVIDUAL|FIJO|200109793|1|1|1.0,[1258],0.002012072434607646,1,0.0,0.9218102734051368,0.4609051367025684
9,35545956,INDIVIDUAL|FIJO|200106359|1|1|1.0,[1256],0.002012072434607646,1,0.0,0.9218102734051368,0.4609051367025684
10,35545956,993|VARIABLE|200056740|1|0|1.0|993|VARIABLE|200073712|1|0|1.0|993|VARIABLE|200072913|1|0|1.0,"[3496, 3496, 3496]",0.002012072434607646,1,0.0,0.9218102734051368,0.4609051367025684
11,35545956,993|VARIABLE|200095625|1|0|1.0|993|VARIABLE|200056121|1|0|1.0|993|VARIABLE|200043496|1|0|1.0|993|VARIABLE|200072538|1|0|1.0|993|VARIABLE|200046326|1|0|1.0,"[3458, 3458, 3458, 3458, 3458]",0.002012072434607646,1,0.0,0.9218102734051368,0.4609051367025684
12,35545956,993|VARIABLE|200056121|1|0|1.0|993|VARIABLE|200043487|1|0|1.0|993|VARIABLE|200046331|1|0|1.0,"[3660, 3660, 3660]",0.0019305019305019308,1,0.0,0.812450317965024,0.406225158982512
13,35545956,INDIVIDUAL|FIJO|200104479|1|1|1.0,[1327],0.0019305019305019305,1,0.0,0.812450317965024,0.406225158982512
14,35545956,INDIVIDUAL|FIJO|200042737|1|1|1.0,[1349],0.0019305019305019305,1,0.0,0.812450317965024,0.406225158982512
15,35545956,INDIVIDUAL|FIJO|200051086|1|0|1.0,[1353],0.0019305019305019305,1,0.0,0.812450317965024,0.406225158982512
16,35545956,VOLUMEN|FIJO|200044715|1|0|5.0|VOLUMEN|FIJO|200083615|1|1|1.0|VOLUMEN|FIJO|200109874|1|1|3.0,"[1237, 1237, 1237]",0.0019305019305019308,1,0.0,0.812450317965024,0.406225158982512
17,35545956,INDIVIDUAL|FIJO|200111165|1|1|1.0,[1325],0.0019305019305019305,1,0.0,0.812450317965024,0.406225158982512
18,35545956,INDIVIDUAL|FIJO|200104467|1|1|1.0,[1326],0.0019305019305019305,1,0.0,0.812450317965024,0.406225158982512
19,35545956,PROMOCIÓN INDIVIDUAL|VARIABLE|200063985|1|0|1.0,[810],0.0018796992481203006,1,0.0,0.7443401702786374,0.3721700851393187
20,35545956,INDIVIDUAL|FIJO|200113692|1|1|1.0,[1359],0.0018796992481203006,1,0.0,0.7443401702786374,0.3721700851393187
21,35545956,INDIVIDUAL|VARIABLE|P0210085000|1|0|1.0,[1080],0.0018796992481203006,1,0.0,0.7443401702786374,0.3721700851393187
22,35545956,SET VARIABLE|VARIABLE|200009812|0|0|1.0|SET VARIABLE|VARIABLE|200058349|1|0|1.0|SET VARIABLE|VARIABLE|200059514|0|0|1.0,"[3364, 3364, 3364]",0.0018796992481203006,1,0.0,0.7443401702786374,0.3721700851393187
23,35545956,INDIVIDUAL|FIJO|200112499|1|1|1.0,[1365],0.0018796992481203006,1,0.0,0.7443401702786374,0.3721700851393187
24,35545956,VOLUMEN|VARIABLE|P0261050000|1|0|2.0|VOLUMEN|VARIABLE|P0261050000|1|0|2.0,"[1332, 1332]",0.0018796992481203006,1,0.0,0.7443401702786374,0.3721700851393187
25,35545956,INDIVIDUAL|FIJO|200056330|1|0|1.0,[719],0.0018796992481203006,1,0.0,0.7443401702786374,0.3721700851393187
26,35545956,VOLUMEN|FIJO|200092457|1|1|3.0|INDIVIDUAL|FIJO|200090031|1|1|1.0,"[1291, 1291]",0.0018581081081081082,1,0.0,0.7153933575119236,0.3576966787559618
27,50379884,VOLUMEN|FIJO|P0210060001|0|0|1.0|VOLUMEN|FIJO|P0292082007|1|0|2.0,"[4274, 4274]",0.0017889087656529517,1,0.0,0.6226191728927708,0.3113095864463854
28,50379884,INDIVIDUAL|FIJO|200091875|1|0|1.0,[759],0.0017889087656529517,1,0.0,0.6226191728927708,0.3113095864463854
29,50379884,INDIVIDUAL|FIJO|200106397|1|0|1.0,[817],0.0017889087656529517,1,0.0,0.6226191728927708,0.3113095864463854
30,35545956,INDIVIDUAL|FIJO|200111164|1|1|1.0,[1294],0.0017857142857142857,1,0.0,0.6183363970588236,0.3091681985294118
31,35545956,INDIVIDUAL|FIJO|200091331|1|1|1.0,[1271],0.0017857142857142857,1,0.0,0.6183363970588236,0.3091681985294118
32,35545956,INDIVIDUAL|VARIABLE|P0132053000|1|0|1.0|INDIVIDUAL|VARIABLE|P0132053000|1|0|1.0|INDIVIDUAL|VARIABLE|P0132053000|1|0|1.0,"[727, 727, 727]",0.0017857142857142857,1,0.0,0.6183363970588236,0.3091681985294118
33,35545956,VOLUMEN|FIJO|200056636|1|0|9.0|VOLUMEN|FIJO|200040636|1|0|4.0,"[1195, 1195]",0.0017857142857142857,1,0.0,0.6183363970588236,0.3091681985294118
34,50379884,INDIVIDUAL|FIJO|P0216059003|1|0|1.0,[841],0.0017301038062283738,1,0.0,0.5437805312436395,0.2718902656218197
35,50379884,INDIVIDUAL|FIJO|200056258|1|0|1.0,"[72, 1085]",0.0017301038062283738,1,0.0,0.5437805312436395,0.2718902656218197
36,50379884,INDIVIDUAL|FIJO|200062878|1|0|1.0,[1176],0.0017301038062283738,1,0.0,0.5437805312436395,0.2718902656218197
37,35545956,PROMOCIÓN INDIVIDUAL|VARIABLE|200058967|1|0|1.0|PROMOCIÓN INDIVIDUAL|VARIABLE|200060588|1|0|1.0,"[1005, 1005]",0.0017211703958691911,1,0.0,0.5318036853295534,0.2659018426647767
38,35545956,SET VARIABLE|FIJO|P0132056004|0|0|1.0|SET VARIABLE|FIJO|P0132053000|0|0|1.0|SET VARIABLE|FIJO|P0132053000|0|0|1.0|SET VARIABLE|VARIABLE|P0132131001|0|0|1.0|SET VARIABLE|FIJO|200099469|1|0|1.0|SET VARIABLE|VARIABLE|P0132131001|0|0|1.0,"[1152, 1152, 1152, 1152, 1152, 1152]",0.0017211703958691911,1,0.0,0.5318036853295534,0.2659018426647767
39,35545956,VOLUMEN|VARIABLE|200056740|1|0|4.0|VOLUMEN|VARIABLE|200072913|1|0|4.0|VOLUMEN|VARIABLE|200064341|1|0|4.0|VOLUMEN|VARIABLE|200056741|1|0|4.0,"[1179, 1179, 1179, 1179]",0.0017211703958691911,1,0.0,0.5318036853295534,0.2659018426647767
40,50020096,INDIVIDUAL|FIJO|200092457|1|1|1.0,[1741],0.0017064846416382253,1,0.0,0.5121147861875126,0.2560573930937563
41,50020096,INDIVIDUAL|FIJO|200108169|1|0|1.0,[2130],0.0017064846416382253,1,0.0,0.5121147861875126,0.2560573930937563
42,50020096,INDIVIDUAL|FIJO|200110090|1|0|1.0,[710],0.0017064846416382253,1,0.0,0.5121147861875126,0.2560573930937563
43,50020096,SET FIJO|FIJO|200110665|0|0|1.0|SET FIJO|FIJO|200053740|1|0|1.0,"[3712, 3712]",0.0017064846416382253,1,0.0,0.5121147861875126,0.2560573930937563
44,50020096,VOLUMEN|FIJO|200083596|1|0|1.0,[4802],0.0017064846416382253,1,0.0,0.5121147861875126,0.2560573930937563
45,45871533,INDIVIDUAL|FIJO|200102820|1|0|1.0,[1702],0.0017006802721088435,1,0.0,0.504332983193277,0.2521664915966385
46,45871533,INDIVIDUAL|VARIABLE|P0132058000|1|0|1.0,[957],0.0017006802721088435,1,0.0,0.504332983193277,0.2521664915966385
47,45871533,INDIVIDUAL|VARIABLE|P0210133000|1|0|1.0,[3341],0.0017006802721088435,1,0.0,0.504332983193277,0.2521664915966385
48,45871533,SET FIJO|FIJO|200011767|0|0|1.0|SET FIJO|FIJO|200011773|1|0|1.0,"[3681, 3681]",0.0017006802721088435,1,0.0,0.504332983193277,0.2521664915966385
49,45871533,VOLUMEN|VARIABLE|210092742|1|0|2.0|VOLUMEN|VARIABLE|210092742|1|0|2.0,"[1330, 1330]",0.0017006802721088435,1,0.0,0.504332983193277,0.2521664915966385
50,45871533,INDIVIDUAL|FIJO|200091759|1|0|1.0,[177],0.0017006802721088435,1,0.0,0.504332983193277,0.2521664915966385
51,45871533,INDIVIDUAL|FIJO|200029044|1|0|1.0,[1251],0.0017006802721088435,1,0.0,0.504332983193277,0.2521664915966385
52,35545956,INDIVIDUAL|FIJO|200041010|1|0|1.0,"[964, 981]",0.0016941139390118983,1,0.0,0.49552963077122736,0.24776481538561368
53,50379884,VOLUMEN|VARIABLE|P0216050000|1|0|1.0,[69],0.0016750418760469012,1,0.0,0.46996009459059995,0.23498004729529998
54,50073300,INDIVIDUAL|FIJO|P0280083000|1|1|1.0,[53],0.0016750418760469012,1,0.0,0.46996009459059995,0.23498004729529998
55,50379884,INDIVIDUAL|VARIABLE|P0216050000|1|0|1.0,[838],0.0016750418760469012,1,0.0,0.46996009459059995,0.23498004729529998
56,50379884,INDIVIDUAL|VARIABLE|P0210133000|1|0|1.0,[1185],0.0016750418760469012,1,0.0,0.46996009459059995,0.23498004729529998
57,50379884,SET FIJO|FIJO|200105208|1|0|1.0,[3701],0.0016750418760469012,1,0.0,0.46996009459059995,0.23498004729529998
58,50379884,INDIVIDUAL|VARIABLE|P0280083009|1|0|1.0,[619],0.0016750418760469012,1,0.0,0.46996009459059995,0.23498004729529998
59,50379884,INDIVIDUAL|FIJO|200106359|1|1|1.0,[1694],0.0016750418760469012,1,0.0,0.46996009459059995,0.23498004729529998
60,50379884,PROMOCIÓN INDIVIDUAL|FIJO|200044012|1|0|1.0,[881],0.0016750418760469012,1,0.0,0.46996009459059995,0.23498004729529998
61,35545956,VOLUMEN|FIJO|200011773|1|0|4.0|VOLUMEN|FIJO|200040636|1|0|7.0,"[4482, 4482]",0.0016611295681063123,1,0.0,0.4513081395348839,0.22565406976744196
62,50020096,INDIVIDUAL|VARIABLE|P0289058009|1|0|1.0|INDIVIDUAL|VARIABLE|P0292133004|1|0|1.0,[1070],0.0016551572063205223,1,0.0,0.44330111265762207,0.22165055632881103
63,35545956,INDIVIDUAL|VARIABLE|P0289058009|1|0|1.0|INDIVIDUAL|VARIABLE|P0292133004|1|0|1.0,[1070],0.0016551572063205223,1,0.0,0.44330111265762207,0.22165055632881103
64,45871533,SET FIJO|FIJO|P0292141004|0|0|1.0|SET FIJO|FIJO|200099262|1|0|1.0,"[3273, 3273]",0.0016501650165016502,1,0.0,0.4366081828771111,0.21830409143855556
65,45871533,SET FIJO|FIJO|200103456|1|0|1.0|SET FIJO|FIJO|P0292067005|0|0|1.0,"[3274, 3274]",0.0016501650165016502,1,0.0,0.4366081828771111,0.21830409143855556
66,49946996,VOLUMEN|VARIABLE|200039966|1|0|1.0|VOLUMEN|VARIABLE|200100408|1|0|1.0|VOLUMEN|VARIABLE|200092361|1|0|1.0|VOLUMEN|VARIABLE|P0210133000|1|0|1.0|VOLUMEN|VARIABLE|200080256|1|0|1.0|VOLUMEN|VARIABLE|P0210055000|1|0|1.0|VOLUMEN|VARIABLE|200084815|1|0|1.0,"[23, 23]",0.0016472714544402943,1,0.0,0.43272884166716863,0.21636442083358431
67,50020096,VOLUMEN|VARIABLE|200039966|1|0|1.0|VOLUMEN|VARIABLE|200100408|1|0|1.0|VOLUMEN|VARIABLE|200092361|1|0|1.0|VOLUMEN|VARIABLE|P0210133000|1|0|1.0|VOLUMEN|VARIABLE|200080256|1|0|1.0|VOLUMEN|VARIABLE|P0210055000|1|0|1.0|VOLUMEN|VARIABLE|200084815|1|0|1.0,"[23, 23]",0.0016472714544402943,1,0.0,0.43272884166716863,0.21636442083358431
68,50379884,VOLUMEN|VARIABLE|200039966|1|0|1.0|VOLUMEN|VARIABLE|200100408|1|0|1.0|VOLUMEN|VARIABLE|200092361|1|0|1.0|VOLUMEN|VARIABLE|P0210133000|1|0|1.0|VOLUMEN|VARIABLE|200080256|1|0|1.0|VOLUMEN|VARIABLE|P0210055000|1|0|1.0|VOLUMEN|VARIABLE|200084815|1|0|1.0,"[23, 23]",0.0016472714544402943,1,0.0,0.43272884166716863,0.21636442083358431
69,45871533,VOLUMEN|VARIABLE|200039966|1|0|1.0|VOLUMEN|VARIABLE|200100408|1|0|1.0|VOLUMEN|VARIABLE|200092361|1|0|1.0|VOLUMEN|VARIABLE|P0210133000|1|0|1.0|VOLUMEN|VARIABLE|200080256|1|0|1.0|VOLUMEN|VARIABLE|P0210055000|1|0|1.0|VOLUMEN|VARIABLE|200084815|1|0|1.0,[23],0.0016472714544402943,1,0.0,0.43272884166716863,0.21636442083358431
70,50180387,INDIVIDUAL|FIJO|200111354|1|1|1.0|INDIVIDUAL|FIJO|200111354|1|1|1.0|INDIVIDUAL|FIJO|200111354|1|1|1.0|INDIVIDUAL|FIJO|200111354|1|1|1.0,[1569],0.0016462761060988668,1,0.0,0.431394397906409,0.2156971989532045
71,49946996,INDIVIDUAL|FIJO|200111354|1|1|1.0|INDIVIDUAL|FIJO|200111354|1|1|1.0|INDIVIDUAL|FIJO|200111354|1|1|1.0|INDIVIDUAL|FIJO|200111354|1|1|1.0,[1569],0.0016462761060988668,1,0.0,0.431394397906409,0.2156971989532045
72,50379884,INDIVIDUAL|FIJO|200111354|1|1|1.0|INDIVIDUAL|FIJO|200111354|1|1|1.0|INDIVIDUAL|FIJO|200111354|1|1|1.0|INDIVIDUAL|FIJO|200111354|1|1|1.0,[1569],0.0016462761060988668,1,0.0,0.431394397906409,0.2156971989532045
73,50020096,INDIVIDUAL|FIJO|200111354|1|1|1.0|INDIVIDUAL|FIJO|200111354|1|1|1.0|INDIVIDUAL|FIJO|200111354|1|1|1.0|INDIVIDUAL|FIJO|200111354|1|1|1.0,[1569],0.0016462761060988668,1,0.0,0.431394397906409,0.2156971989532045
74,50180387,INDIVIDUAL|FIJO|200106161|1|0|1.0,[797],0.001644736842105263,1,0.0,0.4293307372291022,0.2146653686145511
75,50180387,SET FIJO|FIJO|210097536|0|0|1.0|SET FIJO|FIJO|210097537|1|0|1.0,"[859, 859]",0.001644736842105263,1,0.0,0.4293307372291022,0.2146653686145511
76,50180387,VOLUMEN|FIJO|200101424|1|0|1.0|VOLUMEN|FIJO|200084602|1|0|1.0|VOLUMEN|FIJO|200058349|1|0|1.0,"[4469, 4469, 4469]",0.001644736842105263,1,0.0,0.4293307372291022,0.2146653686145511
77,49946996,INDIVIDUAL|VARIABLE|P0210055000|1|0|1.0,[1191],0.0016366612111292963,1,0.0,0.41850389910465036,0.20925194955232518
78,49946996,PROMOCIÓN INDIVIDUAL|FIJO|200044715|1|0|1.0,[880],0.0016366612111292963,1,0.0,0.41850389910465036,0.20925194955232518
79,50020096,INDIVIDUAL|FIJO|200108169|1|0|1.0|INDIVIDUAL|FIJO|200108169|1|0|1.0,[2713],0.0016326628531216515,1,0.0,0.4131433799029669,0.20657168995148345
80,49946996,INDIVIDUAL|FIJO|200108169|1|0|1.0|INDIVIDUAL|FIJO|200108169|1|0|1.0,[2713],0.0016326628531216515,1,0.0,0.4131433799029669,0.20657168995148345
81,50020096,VOLUMEN|FIJO|200109875|1|0|1.0,[4836],0.0016286644951140066,1,0.0,0.4077828607012839,0.20389143035064194
82,50020096,INDIVIDUAL|FIJO|200108726|1|0|1.0,[522],0.0016286644951140066,1,0.0,0.4077828607012839,0.20389143035064194
83,50020096,VOLUMEN|VARIABLE|200056740|1|0|1.0,[1416],0.0016286644951140066,1,0.0,0.4077828607012839,0.20389143035064194
84,50020096,VOLUMEN|VARIABLE|200073399|1|0|1.0,[1413],0.0016286644951140066,1,0.0,0.4077828607012839,0.20389143035064194
85,50020096,VOLUMEN|VARIABLE|200092172|1|0|3.0|VOLUMEN|VARIABLE|200072404|1|0|3.0,"[1420, 1420]",0.0016286644951140066,1,0.0,0.4077828607012839,0.20389143035064194
86,50020096,INDIVIDUAL|FIJO|200103456|1|1|1.0,[1614],0.0016286644951140066,1,0.0,0.4077828607012839,0.20389143035064194
87,35545956,INDIVIDUAL|FIJO|200106359|1|1|1.0|INDIVIDUAL|FIJO|200106359|1|1|1.0|INDIVIDUAL|FIJO|200106359|1|1|1.0,[1567],0.0016252105547917828,1,0.0,0.4031522314821523,0.20157611574107615
88,50020096,INDIVIDUAL|FIJO|200106359|1|1|1.0|INDIVIDUAL|FIJO|200106359|1|1|1.0|INDIVIDUAL|FIJO|200106359|1|1|1.0,[1567],0.0016252105547917828,1,0.0,0.4031522314821523,0.20157611574107615
89,49946996,INDIVIDUAL|FIJO|200106359|1|1|1.0|INDIVIDUAL|FIJO|200106359|1|1|1.0|INDIVIDUAL|FIJO|200106359|1|1|1.0,[1567],0.0016252105547917828,1,0.0,0.4031522314821523,0.20157611574107615
90,35545956,SET FIJO|FIJO|200011773|0|0|1.0|SET FIJO|FIJO|200106274|0|0|1.0|VOLUMEN|VARIABLE|P0210133000|1|0|2.0|VOLUMEN|VARIABLE|P0210133000|1|0|2.0,"[1012, 1012]",0.0016251111918183876,1,0.0,0.4030190175163686,0.2015095087581843
91,50020096,SET FIJO|FIJO|200011773|0|0|1.0|SET FIJO|FIJO|200106274|0|0|1.0|VOLUMEN|VARIABLE|P0210133000|1|0|2.0|VOLUMEN|VARIABLE|P0210133000|1|0|2.0,"[1012, 1012]",0.0016251111918183876,1,0.0,0.4030190175163686,0.2015095087581843
92,35545956,VOLUMEN|VARIABLE|200106290|1|0|8.0|VOLUMEN|VARIABLE|200106290|1|0|8.0|VOLUMEN|VARIABLE|200098519|1|0|8.0|VOLUMEN|VARIABLE|200012707|1|0|8.0|VOLUMEN|VARIABLE|200098555|1|0|8.0,"[1499, 1499, 1499, 1499, 1499]",0.0016204706801268985,1,0.0,0.3967975756193949,0.19839878780969744
93,10961556,INDIVIDUAL|FIJO|200043493|1|0|1.0,[1999],0.0016181229773462784,1,0.0,0.3936500571102226,0.1968250285551113
94,10961556,INDIVIDUAL|FIJO|210047500|1|0|1.0,[2216],0.0016181229773462784,1,0.0,0.3936500571102226,0.1968250285551113
95,10961556,INDIVIDUAL|FIJO|200098821|1|0|1.0,[2069],0.0016181229773462784,1,0.0,0.3936500571102226,0.1968250285551113
96,10961556,INDIVIDUAL|FIJO|200088616|1|0|1.0,[1917],0.0016181229773462784,1,0.0,0.3936500571102226,0.1968250285551113
97,10961556,INDIVIDUAL|FIJO|200058353|1|0|1.0,[2236],0.0016181229773462784,1,0.0,0.3936500571102226,0.1968250285551113
98,50379884,INDIVIDUAL|FIJO|200056330|1|0|1.0,[1044],0.0016129032258064516,1,0.0,0.3866520398481972,0.1933260199240986
99,50379884,INDIVIDUAL|FIJO|200080255|1|0|1.0,[1277],0.0016129032258064516,1,0.0,0.3866520398481972,0.1933260199240986
100,50379884,INDIVIDUAL|FIJO|200080256|1|0|1.0,[1278],0.0016129032258064516,1,0.0,0.3866520398481972,0.1933260199240986
101,50379884,INDIVIDUAL|FIJO|200096723|1|0|1.0,[1339],0.0016129032258064516,1,0.0,0.3866520398481972,0.1933260199240986
102,50379884,INDIVIDUAL + ADICIONAL|FIJO|200105178|0|1|1.0|INDIVIDUAL + ADICIONAL|FIJO|200105328|1|0|1.0,"[731, 731]",0.0016129032258064516,1,0.0,0.3866520398481972,0.1933260199240986
103,10961556,INDIVIDUAL|FIJO|200069876|1|0|1.0|INDIVIDUAL|FIJO|200069876|1|0|1.0,[2232],0.001602712282323933,1,0.0,0.372989244241386,0.186494622120693
104,45871533,INDIVIDUAL|FIJO|200069876|1|0|1.0|INDIVIDUAL|FIJO|200069876|1|0|1.0,[2232],0.001602712282323933,1,0.0,0.372989244241386,0.186494622120693
105,50020096,INDIVIDUAL|FIJO|200084815|1|0|1.0,"[1073, 1334]",0.001600495769569582,1,0.0,0.37001760959592533,0.18500880479796267
106,50379884,INDIVIDUAL|FIJO|P0292082007|1|0|1.0|INDIVIDUAL|FIJO|P0292082007|1|0|1.0,[1829],0.0016001024065540196,1,0.0,0.36949023561037353,0.18474511780518676
107,45871533,INDIVIDUAL|FIJO|P0292082007|1|0|1.0|INDIVIDUAL|FIJO|P0292082007|1|0|1.0,[1829],0.0016001024065540196,1,0.0,0.36949023561037353,0.18474511780518676
108,35545956,INDIVIDUAL|FIJO|P0132056004|1|0|1.0|INDIVIDUAL|FIJO|200097947|1|0|1.0|INDIVIDUAL|FIJO|200097947|1|0|1.0,[593],0.0015955337565213253,1,0.0,0.3633651372126805,0.18168256860634024
109,50379884,INDIVIDUAL|FIJO|P0132056004|1|0|1.0|INDIVIDUAL|FIJO|200097947|1|0|1.0|INDIVIDUAL|FIJO|200097947|1|0|1.0,[593],0.0015955337565213253,1,0.0,0.3633651372126805,0.18168256860634024
110,50180387,INDIVIDUAL|FIJO|P0132056004|1|0|1.0|INDIVIDUAL|FIJO|200097947|1|0|1.0|INDIVIDUAL|FIJO|200097947|1|0|1.0,[593],0.0015955337565213253,1,0.0,0.3633651372126805,0.18168256860634024
111,49946996,INDIVIDUAL|VARIABLE|P0280082000|1|0|1.0,[914],0.001594896331738437,1,0.0,0.362510554461019,0.1812552772305095
112,49946996,INDIVIDUAL|VARIABLE|P0210136000|1|0|1.0,[1450],0.001594896331738437,1,0.0,0.362510554461019,0.1812552772305095
113,49946996,INDIVIDUAL|VARIABLE|P0194067000|1|0|1.0,[1138],0.001594896331738437,1,0.0,0.362510554461019,0.1812552772305095
114,49946996,SET VARIABLE|VARIABLE|P0210052000|0|0|1.0|SET VARIABLE|FIJO|P0210065001|1|0|1.0,"[1503, 1503]",0.001594896331738437,1,0.0,0.362510554461019,0.1812552772305095
115,49946996,INDIVIDUAL|VARIABLE|P0216057005|1|0|1.0,[1137],0.001594896331738437,1,0.0,0.362510554461019,0.1812552772305095
116,50180387,INDIVIDUAL|FIJO|200109796|1|1|1.0,[1869],0.001589825119236884,1,0.0,0.3557116805386704,0.1778558402693352
117,50180387,INDIVIDUAL|FIJO|200084783|1|0|1.0,[1333],0.001589825119236884,1,0.0,0.3557116805386704,0.1778558402693352
118,43985620,INDIVIDUAL|FIJO|200011773|1|1|1.0|INDIVIDUAL|FIJO|200111316|1|1|1.0|INDIVIDUAL|FIJO|200111316|1|1|1.0,[1297],0.0015881333126326138,1,0.0,0.3534435090116623,0.17672175450583116
119,35545956,INDIVIDUAL|FIJO|200011773|1|1|1.0|INDIVIDUAL|FIJO|200111316|1|1|1.0|INDIVIDUAL|FIJO|200111316|1|1|1.0,[1297],0.0015881333126326138,1,0.0,0.3534435090116623,0.17672175450583116
120,49389205,INDIVIDUAL|FIJO|200011773|1|1|1.0|INDIVIDUAL|FIJO|200111316|1|1|1.0|INDIVIDUAL|FIJO|200111316|1|1|1.0,[1297],0.0015881333126326138,1,0.0,0.3534435090116623,0.17672175450583116
121,45871533,SET FIJO|FIJO|200050979|1|0|1.0|SET FIJO|FIJO|200106290|0|0|1.0|SET FIJO|FIJO|200011773|0|0|1.0,"[571, 571, 571]",0.0015873015873015875,1,0.0,0.35232843137254943,0.17616421568627472
122,45871533,SET FIJO|FIJO|200101406|1|0|1.0,[1632],0.0015873015873015873,1,0.0,0.352328431372549,0.1761642156862745
123,45871533,VOLUMEN|VARIABLE|P0210133000|1|0|1.0,[1690],0.0015873015873015873,1,0.0,0.352328431372549,0.1761642156862745
124,45871533,VOLUMEN|FIJO|200084785|1|0|1.0,[1757],0.0015873015873015873,1,0.0,0.352328431372549,0.1761642156862745
125,50379884,INDIVIDUAL|FIJO|200110157|1|0|1.0|INDIVIDUAL|FIJO|200062880|1|0|1.0,[1178],0.0015803594853745588,1,0.0,0.3430212931401233,0.17151064657006165
126,50020096,INDIVIDUAL|FIJO|200110157|1|0|1.0|INDIVIDUAL|FIJO|200062880|1|0|1.0,[1178],0.0015803594853745588,1,0.0,0.3430212931401233,0.17151064657006165
127,50020096,INDIVIDUAL|FIJO|200079482|1|0|1.0|INDIVIDUAL|FIJO|200094946|1|0|1.0,[1161],0.0015789317257538006,1,0.0,0.3411071241618002,0.1705535620809001
128,49389205,INDIVIDUAL|FIJO|200079482|1|0|1.0|INDIVIDUAL|FIJO|200094946|1|0|1.0,[1161],0.0015789317257538006,1,0.0,0.3411071241618002,0.1705535620809001
129,50020096,INDIVIDUAL|FIJO|200060302|1|0|1.0,[1357],0.0015723270440251573,1,0.0,0.33225235849056634,0.16612617924528317
130,50020096,INDIVIDUAL|FIJO|200102450|1|1|1.0,[1831],0.0015723270440251573,1,0.0,0.33225235849056634,0.16612617924528317
131,50020096,INDIVIDUAL|FIJO|200092164|1|0|1.0,[847],0.0015723270440251573,1,0.0,0.33225235849056634,0.16612617924528317
132,50020096,VOLUMEN|FIJO|200088271|1|0|1.0,"[201, 3492]",0.0015723270440251573,1,0.0,0.33225235849056634,0.16612617924528317
133,50020096,VOLUMEN|FIJO|200108169|1|0|1.0,[3447],0.0015723270440251573,1,0.0,0.33225235849056634,0.16612617924528317
134,49946996,INDIVIDUAL|FIJO|200060612|1|0|1.0|INDIVIDUAL|VARIABLE|P0210055000|1|0|1.0,"[1461, 1461]",0.0015666789350999876,1,0.0,0.3246800509861656,0.1623400254930828
135,35545956,INDIVIDUAL|FIJO|200109796|1|1|1.0|INDIVIDUAL|FIJO|200109796|1|1|1.0,[1821],0.0015649797213895256,1,0.0,0.3224019488989389,0.16120097444946946
136,50020096,INDIVIDUAL|FIJO|200109796|1|1|1.0|INDIVIDUAL|FIJO|200109796|1|1|1.0,[1821],0.0015649797213895256,1,0.0,0.3224019488989389,0.16120097444946946
137,50073300,SET VARIABLE|VARIABLE|200097947|1|0|1.0|SET VARIABLE|VARIABLE|P0132057001|0|0|1.0|SET VARIABLE|VARIABLE|210097536|0|0|1.0,"[1949, 1949, 1949]",0.0015625000000000003,1,0.0,0.31907743566176516,0.15953871783088258
138,50073300,VOLUMEN|VARIABLE|P0280083000|1|0|2.0,[2048],0.0015625,1,0.0,0.3190774356617647,0.15953871783088236
139,50073300,PROMOCIÓN INDIVIDUAL|FIJO|P0280083000|1|1|1.0,[1951],0.0015625,1,0.0,0.3190774356617647,0.15953871783088236
140,50073300,SET FIJO|FIJO|200113464|1|0|1.0,[1112],0.0015625,1,0.0,0.3190774356617647,0.15953871783088236
141,50073300,INDIVIDUAL|VARIABLE|200060588|1|0|1.0|INDIVIDUAL|VARIABLE|200037734|1|0|1.0,"[1868, 1868]",0.0015625,1,0.0,0.3190774356617647,0.15953871783088236
142,50073300,INDIVIDUAL|FIJO|200037734|1|0|1.0,[217],0.0015625,1,0.0,0.3190774356617647,0.15953871783088236
143,50073300,INDIVIDUAL|FIJO|200043487|1|1|1.0,[1908],0.0015625,1,0.0,0.3190774356617647,0.15953871783088236
144,50073300,VOLUMEN|VARIABLE|200043493|1|0|5.0|VOLUMEN|VARIABLE|200060302|1|0|5.0|VOLUMEN|VARIABLE|200095625|1|0|5.0|VOLUMEN|VARIABLE|200051355|1|0|5.0|VOLUMEN|VARIABLE|200059112|1|0|5.0,"[1965, 1965, 1965, 1965, 1965]",0.0015625,1,0.0,0.3190774356617647,0.15953871783088236
145,50073300,INDIVIDUAL|FIJO|200043493|1|1|1.0,[1907],0.0015625,1,0.0,0.3190774356617647,0.15953871783088236
146,50073300,INDIVIDUAL|FIJO|200106352|1|0|1.0,[1317],0.0015625,1,0.0,0.3190774356617647,0.15953871783088236
147,50073300,INDIVIDUAL|FIJO|200109443|1|0|1.0|INDIVIDUAL|FIJO|200109443|1|0|1.0,[1075],0.001560066199376947,1,0.0,0.3158144874845379,0.15790724374226894
148,49389205,INDIVIDUAL|FIJO|200109443|1|0|1.0|INDIVIDUAL|FIJO|200109443|1|0|1.0,[1075],0.001560066199376947,1,0.0,0.3158144874845379,0.15790724374226894
149,49389205,INDIVIDUAL|FIJO|200092176|1|0|1.0,"[208, 1756]",0.001557632398753894,1,0.0,0.3125515393073115,0.15627576965365575
150,49389205,INDIVIDUAL|FIJO|200086172|1|0|1.0,[3839],0.001557632398753894,1,0.0,0.3125515393073115,0.15627576965365575
151,49389205,INDIVIDUAL|FIJO|200056155|1|0|1.0,[1720],0.001557632398753894,1,0.0,0.3125515393073115,0.15627576965365575
152,49389205,993|VARIABLE|210059944|1|0|1.0|993|VARIABLE|210047499|1|0|1.0|993|VARIABLE|210047500|1|0|1.0,"[4568, 4568, 4568]",0.001557632398753894,1,0.0,0.3125515393073115,0.15627576965365575
153,10961556,INDIVIDUAL|VARIABLE|P0292107001|1|0|1.0,"[276, 1834]",0.001557632398753894,1,0.0,0.3125515393073115,0.15627576965365575
154,35545956,VOLUMEN|VARIABLE|P0132053000|1|0|5.0|VOLUMEN|VARIABLE|P0132053000|1|0|5.0|VOLUMEN|VARIABLE|P0132053000|1|0|5.0,"[1710, 1710, 1710]",0.001557632398753894,1,0.0,0.3125515393073115,0.15627576965365575
155,10961556,VOLUMEN|VARIABLE|200045540|1|0|3.0|VOLUMEN|VARIABLE|200017521|1|0|3.0,"[1967, 1967]",0.001557632398753894,1,0.0,0.3125515393073115,0.15627576965365575
156,10961556,INDIVIDUAL|FIJO|200087327|1|0|1.0,[2185],0.001557632398753894,1,0.0,0.3125515393073115,0.15627576965365575
157,10961556,INDIVIDUAL|VARIABLE|P0285050000|1|0|1.0,[1354],0.001557632398753894,1,0.0,0.3125515393073115,0.15627576965365575
158,35545956,VOLUMEN|FIJO|200041664|1|0|2.0|VOLUMEN|FIJO|200063985|1|0|2.0|VOLUMEN|FIJO|200060760|1|0|3.0,"[1754, 1754, 1754]",0.001557632398753894,1,0.0,0.3125515393073115,0.15627576965365575
159,10961556,INDIVIDUAL|FIJO|P0210060001|1|0|1.0,"[221, 1601]",0.001557632398753894,1,0.0,0.3125515393073115,0.15627576965365575
160,10961556,INDIVIDUAL|VARIABLE|P0197132000|1|0|1.0,[154],0.001557632398753894,1,0.0,0.3125515393073115,0.15627576965365575
161,49389205,VOLUMEN|FIJO|200106304|1|0|1.0|INDIVIDUAL|FIJO|200067147|1|0|1.0,[1160],0.0015574676729317887,1,0.0,0.3123306946679072,0.1561653473339536
162,50020096,VOLUMEN|FIJO|200106304|1|0|1.0|INDIVIDUAL|FIJO|200067147|1|0|1.0,[1160],0.0015574676729317887,1,0.0,0.3123306946679072,0.1561653473339536
163,50379884,INDIVIDUAL|VARIABLE|P0197132000|1|0|1.0|INDIVIDUAL|VARIABLE|P0197132000|1|0|1.0,[1525],0.0015552137149048972,1,0.0,0.3093088578889496,0.1546544289444748
164,10961556,INDIVIDUAL|VARIABLE|P0197132000|1|0|1.0|INDIVIDUAL|VARIABLE|P0197132000|1|0|1.0,[1525],0.0015552137149048972,1,0.0,0.3093088578889496,0.1546544289444748
165,50379884,INDIVIDUAL|FIJO|200054026|1|0|1.0,"[108, 1401]",0.0015527950310559005,1,0.0,0.3060661764705881,0.15303308823529405
166,50379884,PROMOCIÓN INDIVIDUAL|FIJO|200039855|1|0|1.0,[1549],0.0015527950310559005,1,0.0,0.3060661764705881,0.15303308823529405
167,50379884,INDIVIDUAL|FIJO|P0289058009|1|0|1.0,[1825],0.0015527950310559005,1,0.0,0.3060661764705881,0.15303308823529405
168,50379884,INDIVIDUAL + ADICIONAL|FIJO|200044012|1|0|1.0|INDIVIDUAL + ADICIONAL|FIJO|P0132053000|0|1|1.0,"[1186, 1186]",0.0015527950310559005,1,0.0,0.3060661764705881,0.15303308823529405
169,50379884,INDIVIDUAL|VARIABLE|P0197089001|1|0|1.0,"[156, 1529]",0.0015527950310559005,1,0.0,0.3060661764705881,0.15303308823529405
170,49946996,INDIVIDUAL|VARIABLE|P0197106006|1|0|1.0|INDIVIDUAL|VARIABLE|P0197106006|1|0|1.0|INDIVIDUAL|VARIABLE|P0197106006|1|0|1.0|INDIVIDUAL|VARIABLE|P0197106006|1|0|1.0,"[1528, 1528]",0.0015480469686077161,1,0.0,0.2997005434093116,0.1498502717046558
171,10961556,INDIVIDUAL|VARIABLE|P0197106006|1|0|1.0|INDIVIDUAL|VARIABLE|P0197106006|1|0|1.0|INDIVIDUAL|VARIABLE|P0197106006|1|0|1.0|INDIVIDUAL|VARIABLE|P0197106006|1|0|1.0,"[1528, 1528]",0.0015480469686077161,1,0.0,0.2997005434093116,0.1498502717046558
172,50180387,INDIVIDUAL|VARIABLE|P0210133000|1|0|1.0|INDIVIDUAL|VARIABLE|P0210133000|1|0|1.0|INDIVIDUAL|VARIABLE|P0210133000|1|0|1.0|INDIVIDUAL|VARIABLE|P0210133000|1|0|1.0|INDIVIDUAL|VARIABLE|P0210133000|1|0|1.0,[2162],0.0015449043923824023,1,0.0,0.2954873538534144,0.1477436769267072
173,50073300,INDIVIDUAL|VARIABLE|P0210133000|1|0|1.0|INDIVIDUAL|VARIABLE|P0210133000|1|0|1.0|INDIVIDUAL|VARIABLE|P0210133000|1|0|1.0|INDIVIDUAL|VARIABLE|P0210133000|1|0|1.0|INDIVIDUAL|VARIABLE|P0210133000|1|0|1.0,[2162],0.0015449043923824023,1,0.0,0.2954873538534144,0.1477436769267072
174,10961556,INDIVIDUAL|VARIABLE|P0210133000|1|0|1.0|INDIVIDUAL|VARIABLE|P0210133000|1|0|1.0|INDIVIDUAL|VARIABLE|P0210133000|1|0|1.0|INDIVIDUAL|VARIABLE|P0210133000|1|0|1.0|INDIVIDUAL|VARIABLE|P0210133000|1|0|1.0,[2162],0.0015449043923824023,1,0.0,0.2954873538534144,0.1477436769267072
175,49389205,INDIVIDUAL|VARIABLE|P0210133000|1|0|1.0|INDIVIDUAL|VARIABLE|P0210133000|1|0|1.0|INDIVIDUAL|VARIABLE|P0210133000|1|0|1.0|INDIVIDUAL|VARIABLE|P0210133000|1|0|1.0|INDIVIDUAL|VARIABLE|P0210133000|1|0|1.0,[2162],0.0015449043923824023,1,0.0,0.2954873538534144,0.1477436769267072
176,35545956,INDIVIDUAL|VARIABLE|P0210133000|1|0|1.0|INDIVIDUAL|VARIABLE|P0210133000|1|0|1.0|INDIVIDUAL|VARIABLE|P0210133000|1|0|1.0|INDIVIDUAL|VARIABLE|P0210133000|1|0|1.0|INDIVIDUAL|VARIABLE|P0210133000|1|0|1.0,[2162],0.0015449043923824023,1,0.0,0.2954873538534144,0.1477436769267072
177,50073300,SET VARIABLE|VARIABLE|200056740|0|0|1.0|SET VARIABLE|VARIABLE|200072913|1|0|1.0|SET VARIABLE|VARIABLE|200064310|1|0|1.0|SET VARIABLE|FIJO|200056743|0|0|1.0|SET VARIABLE|FIJO|200056743|0|0|1.0|SET VARIABLE|VARIABLE|200056741|0|0|1.0,"[4172, 4172, 4172]",0.00154228500761035,1,0.0,0.2919755966920159,0.14598779834600795
178,43985620,SET VARIABLE|VARIABLE|200056740|0|0|1.0|SET VARIABLE|VARIABLE|200072913|1|0|1.0|SET VARIABLE|VARIABLE|200064310|1|0|1.0|SET VARIABLE|FIJO|200056743|0|0|1.0|SET VARIABLE|FIJO|200056743|0|0|1.0|SET VARIABLE|VARIABLE|200056741|0|0|1.0,"[4172, 4172, 4172]",0.00154228500761035,1,0.0,0.2919755966920159,0.14598779834600795
179,45871533,INDIVIDUAL|FIJO|200037125|1|0|1.0|INDIVIDUAL|FIJO|200037125|1|0|1.0|INDIVIDUAL|FIJO|200092361|1|0|1.0,[982],0.0015384680786372559,1,0.0,0.28685831579505483,0.14342915789752742
180,43985620,INDIVIDUAL|FIJO|200037125|1|0|1.0|INDIVIDUAL|FIJO|200037125|1|0|1.0|INDIVIDUAL|FIJO|200092361|1|0|1.0,[982],0.0015384680786372559,1,0.0,0.28685831579505483,0.14342915789752742
181,50180387,INDIVIDUAL|FIJO|200037125|1|0|1.0|INDIVIDUAL|FIJO|200037125|1|0|1.0|INDIVIDUAL|FIJO|200092361|1|0|1.0,[982],0.0015384680786372559,1,0.0,0.28685831579505483,0.14342915789752742
182,49946996,INDIVIDUAL|FIJO|200050297|1|0|1.0,[1232],0.0015384615384615385,1,0.0,0.2868495475113122,0.1434247737556561
183,50180387,INDIVIDUAL|FIJO|200051086|1|0|1.0,[1822],0.0015384615384615385,1,0.0,0.2868495475113122,0.1434247737556561
184,50180387,INDIVIDUAL|VARIABLE|P0210085000|1|0|1.0,[1839],0.0015384615384615385,1,0.0,0.2868495475113122,0.1434247737556561
185,49946996,INDIVIDUAL|FIJO|200102421|1|0|1.0,[1253],0.0015384615384615385,1,0.0,0.2868495475113122,0.1434247737556561
186,50180387,SET FIJO|FIJO|210066158|0|0|1.0|SET FIJO|FIJO|P0292082007|1|0|1.0,"[4027, 4027]",0.0015384615384615385,1,0.0,0.2868495475113122,0.1434247737556561
187,49946996,VOLUMEN|VARIABLE|P0292082007|1|0|1.0,[2019],0.0015384615384615385,1,0.0,0.2868495475113122,0.1434247737556561
188,50180387,INDIVIDUAL|VARIABLE|P0132059003|1|0|1.0,"[149, 1517]",0.0015384615384615385,1,0.0,0.2868495475113122,0.1434247737556561
189,49946996,INDIVIDUAL|FIJO|200004616|1|0|1.0,[1234],0.0015384615384615385,1,0.0,0.2868495475113122,0.1434247737556561
190,43985620,VOLUMEN|VARIABLE|200038319|1|0|1.0|VOLUMEN|VARIABLE|200038319|1|0|1.0|VOLUMEN|VARIABLE|200110157|1|0|1.0|VOLUMEN|VARIABLE|200088336|1|0|1.0|VOLUMEN|VARIABLE|200088336|1|0|1.0|VOLUMEN|VARIABLE|200092176|1|0|1.0|VOLUMEN|VARIABLE|200050748|1|0|1.0|VOLUMEN|VARIABLE|200050748|1|0|1.0|VOLUMEN|VARIABLE|200109443|1|0|1.0|VOLUMEN|VARIABLE|200109443|1|0|1.0|VOLUMEN|VARIABLE|P0210133000|1|0|1.0|VOLUMEN|VARIABLE|200011773|1|0|1.0|VOLUMEN|VARIABLE|200103327|1|1|1.0|VOLUMEN|VARIABLE|200060588|1|0|1.0|VOLUMEN|VARIABLE|200084783|1|0|1.0|VOLUMEN|VARIABLE|200010080|1|0|1.0|VOLUMEN|VARIABLE|P0289058009|1|0|1.0|VOLUMEN|VARIABLE|P0210133000|1|0|1.0|VOLUMEN|VARIABLE|P0210133000|1|0|1.0|VOLUMEN|VARIABLE|P0210133000|1|0|1.0|VOLUMEN|VARIABLE|200073712|1|0|1.0|VOLUMEN|VARIABLE|200084602|1|0|1.0|VOLUMEN|VARIABLE|200103949|1|1|1.0|VOLUMEN|VARIABLE|200092360|1|0|1.0|VOLUMEN|VARIABLE|200106290|1|0|1.0|VOLUMEN|VARIABLE|P0292107001|1|0|1.0|VOLUMEN|VARIABLE|200037734|1|0|1.0|VOLUMEN|VARIABLE|P0292082007|1|0|1.0|VOLUMEN|VARIABLE|200056155|1|0|1.0|VOLUMEN|VARIABLE|P0210085000|1|0|1.0|VOLUMEN|VARIABLE|P0292139009|1|0|1.0|VOLUMEN|VARIABLE|200043487|1|1|1.0|VOLUMEN|VARIABLE|P0210060001|1|0|1.0|VOLUMEN|VARIABLE|200109465|1|1|1.0|VOLUMEN|VARIABLE|200109465|1|1|1.0|VOLUMEN|VARIABLE|200109465|1|1|1.0|VOLUMEN|VARIABLE|200109465|1|1|1.0|VOLUMEN|VARIABLE|200109465|1|1|1.0|VOLUMEN|VARIABLE|200109465|1|1|1.0|VOLUMEN|VARIABLE|200109465|1|1|1.0|VOLUMEN|VARIABLE|200106274|1|0|1.0|VOLUMEN|VARIABLE|200043493|1|1|1.0|VOLUMEN|VARIABLE|200058349|1|0|1.0|VOLUMEN|VARIABLE|200058349|1|0|1.0|VOLUMEN|VARIABLE|200012014|1|0|1.0|VOLUMEN|VARIABLE|210096372|1|1|1.0|VOLUMEN|VARIABLE|P0210133000|1|0|1.0|VOLUMEN|VARIABLE|200056121|1|0|1.0|VOLUMEN|VARIABLE|200113673|1|1|1.0|VOLUMEN|VARIABLE|200113673|1|1|1.0|VOLUMEN|VARIABLE|200113673|1|1|1.0,"[1208, 1208, 1208, 1208, 1208, 1208, 1208]",0.0015370525112682238,1,0.0,0.2849604927265694,0.1424802463632847
191,50020096,VOLUMEN|VARIABLE|200038319|1|0|1.0|VOLUMEN|VARIABLE|200038319|1|0|1.0|VOLUMEN|VARIABLE|200110157|1|0|1.0|VOLUMEN|VARIABLE|200088336|1|0|1.0|VOLUMEN|VARIABLE|200088336|1|0|1.0|VOLUMEN|VARIABLE|200092176|1|0|1.0|VOLUMEN|VARIABLE|200050748|1|0|1.0|VOLUMEN|VARIABLE|200050748|1|0|1.0|VOLUMEN|VARIABLE|200109443|1|0|1.0|VOLUMEN|VARIABLE|200109443|1|0|1.0|VOLUMEN|VARIABLE|P0210133000|1|0|1.0|VOLUMEN|VARIABLE|200011773|1|0|1.0|VOLUMEN|VARIABLE|200103327|1|1|1.0|VOLUMEN|VARIABLE|200060588|1|0|1.0|VOLUMEN|VARIABLE|200084783|1|0|1.0|VOLUMEN|VARIABLE|200010080|1|0|1.0|VOLUMEN|VARIABLE|P0289058009|1|0|1.0|VOLUMEN|VARIABLE|P0210133000|1|0|1.0|VOLUMEN|VARIABLE|P0210133000|1|0|1.0|VOLUMEN|VARIABLE|P0210133000|1|0|1.0|VOLUMEN|VARIABLE|200073712|1|0|1.0|VOLUMEN|VARIABLE|200084602|1|0|1.0|VOLUMEN|VARIABLE|200103949|1|1|1.0|VOLUMEN|VARIABLE|200092360|1|0|1.0|VOLUMEN|VARIABLE|200106290|1|0|1.0|VOLUMEN|VARIABLE|P0292107001|1|0|1.0|VOLUMEN|VARIABLE|200037734|1|0|1.0|VOLUMEN|VARIABLE|P0292082007|1|0|1.0|VOLUMEN|VARIABLE|200056155|1|0|1.0|VOLUMEN|VARIABLE|P0210085000|1|0|1.0|VOLUMEN|VARIABLE|P0292139009|1|0|1.0|VOLUMEN|VARIABLE|200043487|1|1|1.0|VOLUMEN|VARIABLE|P0210060001|1|0|1.0|VOLUMEN|VARIABLE|200109465|1|1|1.0|VOLUMEN|VARIABLE|200109465|1|1|1.0|VOLUMEN|VARIABLE|200109465|1|1|1.0|VOLUMEN|VARIABLE|200109465|1|1|1.0|VOLUMEN|VARIABLE|200109465|1|1|1.0|VOLUMEN|VARIABLE|200109465|1|1|1.0|VOLUMEN|VARIABLE|200109465|1|1|1.0|VOLUMEN|VARIABLE|200106274|1|0|1.0|VOLUMEN|VARIABLE|200043493|1|1|1.0|VOLUMEN|VARIABLE|200058349|1|0|1.0|VOLUMEN|VARIABLE|200058349|1|0|1.0|VOLUMEN|VARIABLE|200012014|1|0|1.0|VOLUMEN|VARIABLE|210096372|1|1|1.0|VOLUMEN|VARIABLE|P0210133000|1|0|1.0|VOLUMEN|VARIABLE|200056121|1|0|1.0|VOLUMEN|VARIABLE|200113673|1|1|1.0|VOLUMEN|VARIABLE|200113673|1|1|1.0|VOLUMEN|VARIABLE|200113673|1|1|1.0,"[1208, 1208, 1208, 1208, 1208, 1208, 1208, 1208, 1208, 1208, 1208, 1208, 1208, 1208]",0.0015370525112682238,1,0.0,0.2849604927265694,0.1424802463632847
192,50379884,VOLUMEN|VARIABLE|200038319|1|0|1.0|VOLUMEN|VARIABLE|200038319|1|0|1.0|VOLUMEN|VARIABLE|200110157|1|0|1.0|VOLUMEN|VARIABLE|200088336|1|0|1.0|VOLUMEN|VARIABLE|200088336|1|0|1.0|VOLUMEN|VARIABLE|200092176|1|0|1.0|VOLUMEN|VARIABLE|200050748|1|0|1.0|VOLUMEN|VARIABLE|200050748|1|0|1.0|VOLUMEN|VARIABLE|200109443|1|0|1.0|VOLUMEN|VARIABLE|200109443|1|0|1.0|VOLUMEN|VARIABLE|P0210133000|1|0|1.0|VOLUMEN|VARIABLE|200011773|1|0|1.0|VOLUMEN|VARIABLE|200103327|1|1|1.0|VOLUMEN|VARIABLE|200060588|1|0|1.0|VOLUMEN|VARIABLE|200084783|1|0|1.0|VOLUMEN|VARIABLE|200010080|1|0|1.0|VOLUMEN|VARIABLE|P0289058009|1|0|1.0|VOLUMEN|VARIABLE|P0210133000|1|0|1.0|VOLUMEN|VARIABLE|P0210133000|1|0|1.0|VOLUMEN|VARIABLE|P0210133000|1|0|1.0|VOLUMEN|VARIABLE|200073712|1|0|1.0|VOLUMEN|VARIABLE|200084602|1|0|1.0|VOLUMEN|VARIABLE|200103949|1|1|1.0|VOLUMEN|VARIABLE|200092360|1|0|1.0|VOLUMEN|VARIABLE|200106290|1|0|1.0|VOLUMEN|VARIABLE|P0292107001|1|0|1.0|VOLUMEN|VARIABLE|200037734|1|0|1.0|VOLUMEN|VARIABLE|P0292082007|1|0|1.0|VOLUMEN|VARIABLE|200056155|1|0|1.0|VOLUMEN|VARIABLE|P0210085000|1|0|1.0|VOLUMEN|VARIABLE|P0292139009|1|0|1.0|VOLUMEN|VARIABLE|200043487|1|1|1.0|VOLUMEN|VARIABLE|P0210060001|1|0|1.0|VOLUMEN|VARIABLE|200109465|1|1|1.0|VOLUMEN|VARIABLE|200109465|1|1|1.0|VOLUMEN|VARIABLE|200109465|1|1|1.0|VOLUMEN|VARIABLE|200109465|1|1|1.0|VOLUMEN|VARIABLE|200109465|1|1|1.0|VOLUMEN|VARIABLE|200109465|1|1|1.0|VOLUMEN|VARIABLE|200109465|1|1|1.0|VOLUMEN|VARIABLE|200106274|1|0|1.0|VOLUMEN|VARIABLE|200043493|1|1|1.0|VOLUMEN|VARIABLE|200058349|1|0|1.0|VOLUMEN|VARIABLE|200058349|1|0|1.0|VOLUMEN|VARIABLE|200012014|1|0|1.0|VOLUMEN|VARIABLE|210096372|1|1|1.0|VOLUMEN|VARIABLE|P0210133000|1|0|1.0|VOLUMEN|VARIABLE|200056121|1|0|1.0|VOLUMEN|VARIABLE|200113673|1|1|1.0|VOLUMEN|VARIABLE|200113673|1|1|1.0|VOLUMEN|VARIABLE|200113673|1|1|1.0,"[1208, 1208]",0.0015370525112682236,1,0.0,0.284960492726569,0.1424802463632845
193,45871533,VOLUMEN|VARIABLE|200038319|1|0|1.0|VOLUMEN|VARIABLE|200038319|1|0|1.0|VOLUMEN|VARIABLE|200110157|1|0|1.0|VOLUMEN|VARIABLE|200088336|1|0|1.0|VOLUMEN|VARIABLE|200088336|1|0|1.0|VOLUMEN|VARIABLE|200092176|1|0|1.0|VOLUMEN|VARIABLE|200050748|1|0|1.0|VOLUMEN|VARIABLE|200050748|1|0|1.0|VOLUMEN|VARIABLE|200109443|1|0|1.0|VOLUMEN|VARIABLE|200109443|1|0|1.0|VOLUMEN|VARIABLE|P0210133000|1|0|1.0|VOLUMEN|VARIABLE|200011773|1|0|1.0|VOLUMEN|VARIABLE|200103327|1|1|1.0|VOLUMEN|VARIABLE|200060588|1|0|1.0|VOLUMEN|VARIABLE|200084783|1|0|1.0|VOLUMEN|VARIABLE|200010080|1|0|1.0|VOLUMEN|VARIABLE|P0289058009|1|0|1.0|VOLUMEN|VARIABLE|P0210133000|1|0|1.0|VOLUMEN|VARIABLE|P0210133000|1|0|1.0|VOLUMEN|VARIABLE|P0210133000|1|0|1.0|VOLUMEN|VARIABLE|200073712|1|0|1.0|VOLUMEN|VARIABLE|200084602|1|0|1.0|VOLUMEN|VARIABLE|200103949|1|1|1.0|VOLUMEN|VARIABLE|200092360|1|0|1.0|VOLUMEN|VARIABLE|200106290|1|0|1.0|VOLUMEN|VARIABLE|P0292107001|1|0|1.0|VOLUMEN|VARIABLE|200037734|1|0|1.0|VOLUMEN|VARIABLE|P0292082007|1|0|1.0|VOLUMEN|VARIABLE|200056155|1|0|1.0|VOLUMEN|VARIABLE|P0210085000|1|0|1.0|VOLUMEN|VARIABLE|P0292139009|1|0|1.0|VOLUMEN|VARIABLE|200043487|1|1|1.0|VOLUMEN|VARIABLE|P0210060001|1|0|1.0|VOLUMEN|VARIABLE|200109465|1|1|1.0|VOLUMEN|VARIABLE|200109465|1|1|1.0|VOLUMEN|VARIABLE|200109465|1|1|1.0|VOLUMEN|VARIABLE|200109465|1|1|1.0|VOLUMEN|VARIABLE|200109465|1|1|1.0|VOLUMEN|VARIABLE|200109465|1|1|1.0|VOLUMEN|VARIABLE|200109465|1|1|1.0|VOLUMEN|VARIABLE|200106274|1|0|1.0|VOLUMEN|VARIABLE|200043493|1|1|1.0|VOLUMEN|VARIABLE|200058349|1|0|1.0|VOLUMEN|VARIABLE|200058349|1|0|1.0|VOLUMEN|VARIABLE|200012014|1|0|1.0|VOLUMEN|VARIABLE|210096372|1|1|1.0|VOLUMEN|VARIABLE|P0210133000|1|0|1.0|VOLUMEN|VARIABLE|200056121|1|0|1.0|VOLUMEN|VARIABLE|200113673|1|1|1.0|VOLUMEN|VARIABLE|200113673|1|1|1.0|VOLUMEN|VARIABLE|200113673|1|1|1.0,"[1208, 1208, 1208, 1208, 1208]",0.0015370525112682236,1,0.0,0.284960492726569,0.1424802463632845
194,10961556,VOLUMEN|VARIABLE|200038319|1|0|1.0|VOLUMEN|VARIABLE|200038319|1|0|1.0|VOLUMEN|VARIABLE|200110157|1|0|1.0|VOLUMEN|VARIABLE|200088336|1|0|1.0|VOLUMEN|VARIABLE|200088336|1|0|1.0|VOLUMEN|VARIABLE|200092176|1|0|1.0|VOLUMEN|VARIABLE|200050748|1|0|1.0|VOLUMEN|VARIABLE|200050748|1|0|1.0|VOLUMEN|VARIABLE|200109443|1|0|1.0|VOLUMEN|VARIABLE|200109443|1|0|1.0|VOLUMEN|VARIABLE|P0210133000|1|0|1.0|VOLUMEN|VARIABLE|200011773|1|0|1.0|VOLUMEN|VARIABLE|200103327|1|1|1.0|VOLUMEN|VARIABLE|200060588|1|0|1.0|VOLUMEN|VARIABLE|200084783|1|0|1.0|VOLUMEN|VARIABLE|200010080|1|0|1.0|VOLUMEN|VARIABLE|P0289058009|1|0|1.0|VOLUMEN|VARIABLE|P0210133000|1|0|1.0|VOLUMEN|VARIABLE|P0210133000|1|0|1.0|VOLUMEN|VARIABLE|P0210133000|1|0|1.0|VOLUMEN|VARIABLE|200073712|1|0|1.0|VOLUMEN|VARIABLE|200084602|1|0|1.0|VOLUMEN|VARIABLE|200103949|1|1|1.0|VOLUMEN|VARIABLE|200092360|1|0|1.0|VOLUMEN|VARIABLE|200106290|1|0|1.0|VOLUMEN|VARIABLE|P0292107001|1|0|1.0|VOLUMEN|VARIABLE|200037734|1|0|1.0|VOLUMEN|VARIABLE|P0292082007|1|0|1.0|VOLUMEN|VARIABLE|200056155|1|0|1.0|VOLUMEN|VARIABLE|P0210085000|1|0|1.0|VOLUMEN|VARIABLE|P0292139009|1|0|1.0|VOLUMEN|VARIABLE|200043487|1|1|1.0|VOLUMEN|VARIABLE|P0210060001|1|0|1.0|VOLUMEN|VARIABLE|200109465|1|1|1.0|VOLUMEN|VARIABLE|200109465|1|1|1.0|VOLUMEN|VARIABLE|200109465|1|1|1.0|VOLUMEN|VARIABLE|200109465|1|1|1.0|VOLUMEN|VARIABLE|200109465|1|1|1.0|VOLUMEN|VARIABLE|200109465|1|1|1.0|VOLUMEN|VARIABLE|200109465|1|1|1.0|VOLUMEN|VARIABLE|200106274|1|0|1.0|VOLUMEN|VARIABLE|200043493|1|1|1.0|VOLUMEN|VARIABLE|200058349|1|0|1.0|VOLUMEN|VARIABLE|200058349|1|0|1.0|VOLUMEN|VARIABLE|200012014|1|0|1.0|VOLUMEN|VARIABLE|210096372|1|1|1.0|VOLUMEN|VARIABLE|P0210133000|1|0|1.0|VOLUMEN|VARIABLE|200056121|1|0|1.0|VOLUMEN|VARIABLE|200113673|1|1|1.0|VOLUMEN|VARIABLE|200113673|1|1|1.0|VOLUMEN|VARIABLE|200113673|1|1|1.0,"[1208, 1208, 1208]",0.0015370525112682236,1,0.0,0.284960492726569,0.1424802463632845
195,49946996,VOLUMEN|VARIABLE|200038319|1|0|1.0|VOLUMEN|VARIABLE|200038319|1|0|1.0|VOLUMEN|VARIABLE|200110157|1|0|1.0|VOLUMEN|VARIABLE|200088336|1|0|1.0|VOLUMEN|VARIABLE|200088336|1|0|1.0|VOLUMEN|VARIABLE|200092176|1|0|1.0|VOLUMEN|VARIABLE|200050748|1|0|1.0|VOLUMEN|VARIABLE|200050748|1|0|1.0|VOLUMEN|VARIABLE|200109443|1|0|1.0|VOLUMEN|VARIABLE|200109443|1|0|1.0|VOLUMEN|VARIABLE|P0210133000|1|0|1.0|VOLUMEN|VARIABLE|200011773|1|0|1.0|VOLUMEN|VARIABLE|200103327|1|1|1.0|VOLUMEN|VARIABLE|200060588|1|0|1.0|VOLUMEN|VARIABLE|200084783|1|0|1.0|VOLUMEN|VARIABLE|200010080|1|0|1.0|VOLUMEN|VARIABLE|P0289058009|1|0|1.0|VOLUMEN|VARIABLE|P0210133000|1|0|1.0|VOLUMEN|VARIABLE|P0210133000|1|0|1.0|VOLUMEN|VARIABLE|P0210133000|1|0|1.0|VOLUMEN|VARIABLE|200073712|1|0|1.0|VOLUMEN|VARIABLE|200084602|1|0|1.0|VOLUMEN|VARIABLE|200103949|1|1|1.0|VOLUMEN|VARIABLE|200092360|1|0|1.0|VOLUMEN|VARIABLE|200106290|1|0|1.0|VOLUMEN|VARIABLE|P0292107001|1|0|1.0|VOLUMEN|VARIABLE|200037734|1|0|1.0|VOLUMEN|VARIABLE|P0292082007|1|0|1.0|VOLUMEN|VARIABLE|200056155|1|0|1.0|VOLUMEN|VARIABLE|P0210085000|1|0|1.0|VOLUMEN|VARIABLE|P0292139009|1|0|1.0|VOLUMEN|VARIABLE|200043487|1|1|1.0|VOLUMEN|VARIABLE|P0210060001|1|0|1.0|VOLUMEN|VARIABLE|200109465|1|1|1.0|VOLUMEN|VARIABLE|200109465|1|1|1.0|VOLUMEN|VARIABLE|200109465|1|1|1.0|VOLUMEN|VARIABLE|200109465|1|1|1.0|VOLUMEN|VARIABLE|200109465|1|1|1.0|VOLUMEN|VARIABLE|200109465|1|1|1.0|VOLUMEN|VARIABLE|200109465|1|1|1.0|VOLUMEN|VARIABLE|200106274|1|0|1.0|VOLUMEN|VARIABLE|200043493|1|1|1.0|VOLUMEN|VARIABLE|200058349|1|0|1.0|VOLUMEN|VARIABLE|200058349|1|0|1.0|VOLUMEN|VARIABLE|200012014|1|0|1.0|VOLUMEN|VARIABLE|210096372|1|1|1.0|VOLUMEN|VARIABLE|P0210133000|1|0|1.0|VOLUMEN|VARIABLE|200056121|1|0|1.0|VOLUMEN|VARIABLE|200113673|1|1|1.0|VOLUMEN|VARIABLE|200113673|1|1|1.0|VOLUMEN|VARIABLE|200113673|1|1|1.0,"[1208, 1208]",0.0015370525112682236,1,0.0,0.284960492726569,0.1424802463632845
196,50180387,VOLUMEN|VARIABLE|200038319|1|0|1.0|VOLUMEN|VARIABLE|200038319|1|0|1.0|VOLUMEN|VARIABLE|200110157|1|0|1.0|VOLUMEN|VARIABLE|200088336|1|0|1.0|VOLUMEN|VARIABLE|200088336|1|0|1.0|VOLUMEN|VARIABLE|200092176|1|0|1.0|VOLUMEN|VARIABLE|200050748|1|0|1.0|VOLUMEN|VARIABLE|200050748|1|0|1.0|VOLUMEN|VARIABLE|200109443|1|0|1.0|VOLUMEN|VARIABLE|200109443|1|0|1.0|VOLUMEN|VARIABLE|P0210133000|1|0|1.0|VOLUMEN|VARIABLE|200011773|1|0|1.0|VOLUMEN|VARIABLE|200103327|1|1|1.0|VOLUMEN|VARIABLE|200060588|1|0|1.0|VOLUMEN|VARIABLE|200084783|1|0|1.0|VOLUMEN|VARIABLE|200010080|1|0|1.0|VOLUMEN|VARIABLE|P0289058009|1|0|1.0|VOLUMEN|VARIABLE|P0210133000|1|0|1.0|VOLUMEN|VARIABLE|P0210133000|1|0|1.0|VOLUMEN|VARIABLE|P0210133000|1|0|1.0|VOLUMEN|VARIABLE|200073712|1|0|1.0|VOLUMEN|VARIABLE|200084602|1|0|1.0|VOLUMEN|VARIABLE|200103949|1|1|1.0|VOLUMEN|VARIABLE|200092360|1|0|1.0|VOLUMEN|VARIABLE|200106290|1|0|1.0|VOLUMEN|VARIABLE|P0292107001|1|0|1.0|VOLUMEN|VARIABLE|200037734|1|0|1.0|VOLUMEN|VARIABLE|P0292082007|1|0|1.0|VOLUMEN|VARIABLE|200056155|1|0|1.0|VOLUMEN|VARIABLE|P0210085000|1|0|1.0|VOLUMEN|VARIABLE|P0292139009|1|0|1.0|VOLUMEN|VARIABLE|200043487|1|1|1.0|VOLUMEN|VARIABLE|P0210060001|1|0|1.0|VOLUMEN|VARIABLE|200109465|1|1|1.0|VOLUMEN|VARIABLE|200109465|1|1|1.0|VOLUMEN|VARIABLE|200109465|1|1|1.0|VOLUMEN|VARIABLE|200109465|1|1|1.0|VOLUMEN|VARIABLE|200109465|1|1|1.0|VOLUMEN|VARIABLE|200109465|1|1|1.0|VOLUMEN|VARIABLE|200109465|1|1|1.0|VOLUMEN|VARIABLE|200106274|1|0|1.0|VOLUMEN|VARIABLE|200043493|1|1|1.0|VOLUMEN|VARIABLE|200058349|1|0|1.0|VOLUMEN|VARIABLE|200058349|1|0|1.0|VOLUMEN|VARIABLE|200012014|1|0|1.0|VOLUMEN|VARIABLE|210096372|1|1|1.0|VOLUMEN|VARIABLE|P0210133000|1|0|1.0|VOLUMEN|VARIABLE|200056121|1|0|1.0|VOLUMEN|VARIABLE|200113673|1|1|1.0|VOLUMEN|VARIABLE|200113673|1|1|1.0|VOLUMEN|VARIABLE|200113673|1|1|1.0,"[1208, 1208, 1208, 1208]",0.0015370525112682236,1,0.0,0.284960492726569,0.1424802463632845
197,49389205,VOLUMEN|VARIABLE|200038319|1|0|1.0|VOLUMEN|VARIABLE|200038319|1|0|1.0|VOLUMEN|VARIABLE|200110157|1|0|1.0|VOLUMEN|VARIABLE|200088336|1|0|1.0|VOLUMEN|VARIABLE|200088336|1|0|1.0|VOLUMEN|VARIABLE|200092176|1|0|1.0|VOLUMEN|VARIABLE|200050748|1|0|1.0|VOLUMEN|VARIABLE|200050748|1|0|1.0|VOLUMEN|VARIABLE|200109443|1|0|1.0|VOLUMEN|VARIABLE|200109443|1|0|1.0|VOLUMEN|VARIABLE|P0210133000|1|0|1.0|VOLUMEN|VARIABLE|200011773|1|0|1.0|VOLUMEN|VARIABLE|200103327|1|1|1.0|VOLUMEN|VARIABLE|200060588|1|0|1.0|VOLUMEN|VARIABLE|200084783|1|0|1.0|VOLUMEN|VARIABLE|200010080|1|0|1.0|VOLUMEN|VARIABLE|P0289058009|1|0|1.0|VOLUMEN|VARIABLE|P0210133000|1|0|1.0|VOLUMEN|VARIABLE|P0210133000|1|0|1.0|VOLUMEN|VARIABLE|P0210133000|1|0|1.0|VOLUMEN|VARIABLE|200073712|1|0|1.0|VOLUMEN|VARIABLE|200084602|1|0|1.0|VOLUMEN|VARIABLE|200103949|1|1|1.0|VOLUMEN|VARIABLE|200092360|1|0|1.0|VOLUMEN|VARIABLE|200106290|1|0|1.0|VOLUMEN|VARIABLE|P0292107001|1|0|1.0|VOLUMEN|VARIABLE|200037734|1|0|1.0|VOLUMEN|VARIABLE|P0292082007|1|0|1.0|VOLUMEN|VARIABLE|200056155|1|0|1.0|VOLUMEN|VARIABLE|P0210085000|1|0|1.0|VOLUMEN|VARIABLE|P0292139009|1|0|1.0|VOLUMEN|VARIABLE|200043487|1|1|1.0|VOLUMEN|VARIABLE|P0210060001|1|0|1.0|VOLUMEN|VARIABLE|200109465|1|1|1.0|VOLUMEN|VARIABLE|200109465|1|1|1.0|VOLUMEN|VARIABLE|200109465|1|1|1.0|VOLUMEN|VARIABLE|200109465|1|1|1.0|VOLUMEN|VARIABLE|200109465|1|1|1.0|VOLUMEN|VARIABLE|200109465|1|1|1.0|VOLUMEN|VARIABLE|200109465|1|1|1.0|VOLUMEN|VARIABLE|200106274|1|0|1.0|VOLUMEN|VARIABLE|200043493|1|1|1.0|VOLUMEN|VARIABLE|200058349|1|0|1.0|VOLUMEN|VARIABLE|200058349|1|0|1.0|VOLUMEN|VARIABLE|200012014|1|0|1.0|VOLUMEN|VARIABLE|210096372|1|1|1.0|VOLUMEN|VARIABLE|P0210133000|1|0|1.0|VOLUMEN|VARIABLE|200056121|1|0|1.0|VOLUMEN|VARIABLE|200113673|1|1|1.0|VOLUMEN|VARIABLE|200113673|1|1|1.0|VOLUMEN|VARIABLE|200113673|1|1|1.0,"[1208, 1208, 1208, 1208]",0.0015370525112682236,1,0.0,0.284960492726569,0.1424802463632845
198,50073300,VOLUMEN|VARIABLE|200038319|1|0|1.0|VOLUMEN|VARIABLE|200038319|1|0|1.0|VOLUMEN|VARIABLE|200110157|1|0|1.0|VOLUMEN|VARIABLE|200088336|1|0|1.0|VOLUMEN|VARIABLE|200088336|1|0|1.0|VOLUMEN|VARIABLE|200092176|1|0|1.0|VOLUMEN|VARIABLE|200050748|1|0|1.0|VOLUMEN|VARIABLE|200050748|1|0|1.0|VOLUMEN|VARIABLE|200109443|1|0|1.0|VOLUMEN|VARIABLE|200109443|1|0|1.0|VOLUMEN|VARIABLE|P0210133000|1|0|1.0|VOLUMEN|VARIABLE|200011773|1|0|1.0|VOLUMEN|VARIABLE|200103327|1|1|1.0|VOLUMEN|VARIABLE|200060588|1|0|1.0|VOLUMEN|VARIABLE|200084783|1|0|1.0|VOLUMEN|VARIABLE|200010080|1|0|1.0|VOLUMEN|VARIABLE|P0289058009|1|0|1.0|VOLUMEN|VARIABLE|P0210133000|1|0|1.0|VOLUMEN|VARIABLE|P0210133000|1|0|1.0|VOLUMEN|VARIABLE|P0210133000|1|0|1.0|VOLUMEN|VARIABLE|200073712|1|0|1.0|VOLUMEN|VARIABLE|200084602|1|0|1.0|VOLUMEN|VARIABLE|200103949|1|1|1.0|VOLUMEN|VARIABLE|200092360|1|0|1.0|VOLUMEN|VARIABLE|200106290|1|0|1.0|VOLUMEN|VARIABLE|P0292107001|1|0|1.0|VOLUMEN|VARIABLE|200037734|1|0|1.0|VOLUMEN|VARIABLE|P0292082007|1|0|1.0|VOLUMEN|VARIABLE|200056155|1|0|1.0|VOLUMEN|VARIABLE|P0210085000|1|0|1.0|VOLUMEN|VARIABLE|P0292139009|1|0|1.0|VOLUMEN|VARIABLE|200043487|1|1|1.0|VOLUMEN|VARIABLE|P0210060001|1|0|1.0|VOLUMEN|VARIABLE|200109465|1|1|1.0|VOLUMEN|VARIABLE|200109465|1|1|1.0|VOLUMEN|VARIABLE|200109465|1|1|1.0|VOLUMEN|VARIABLE|200109465|1|1|1.0|VOLUMEN|VARIABLE|200109465|1|1|1.0|VOLUMEN|VARIABLE|200109465|1|1|1.0|VOLUMEN|VARIABLE|200109465|1|1|1.0|VOLUMEN|VARIABLE|200106274|1|0|1.0|VOLUMEN|VARIABLE|200043493|1|1|1.0|VOLUMEN|VARIABLE|200058349|1|0|1.0|VOLUMEN|VARIABLE|200058349|1|0|1.0|VOLUMEN|VARIABLE|200012014|1|0|1.0|VOLUMEN|VARIABLE|210096372|1|1|1.0|VOLUMEN|VARIABLE|P0210133000|1|0|1.0|VOLUMEN|VARIABLE|200056121|1|0|1.0|VOLUMEN|VARIABLE|200113673|1|1|1.0|VOLUMEN|VARIABLE|200113673|1|1|1.0|VOLUMEN|VARIABLE|200113673|1|1|1.0,"[1208, 1208, 1208, 1208, 1208, 1208]",0.0015370525112682236,1,0.0,0.284960492726569,0.1424802463632845
199,35545956,VOLUMEN|VARIABLE|200038319|1|0|1.0|VOLUMEN|VARIABLE|200038319|1|0|1.0|VOLUMEN|VARIABLE|200110157|1|0|1.0|VOLUMEN|VARIABLE|200088336|1|0|1.0|VOLUMEN|VARIABLE|200088336|1|0|1.0|VOLUMEN|VARIABLE|200092176|1|0|1.0|VOLUMEN|VARIABLE|200050748|1|0|1.0|VOLUMEN|VARIABLE|200050748|1|0|1.0|VOLUMEN|VARIABLE|200109443|1|0|1.0|VOLUMEN|VARIABLE|200109443|1|0|1.0|VOLUMEN|VARIABLE|P0210133000|1|0|1.0|VOLUMEN|VARIABLE|200011773|1|0|1.0|VOLUMEN|VARIABLE|200103327|1|1|1.0|VOLUMEN|VARIABLE|200060588|1|0|1.0|VOLUMEN|VARIABLE|200084783|1|0|1.0|VOLUMEN|VARIABLE|200010080|1|0|1.0|VOLUMEN|VARIABLE|P0289058009|1|0|1.0|VOLUMEN|VARIABLE|P0210133000|1|0|1.0|VOLUMEN|VARIABLE|P0210133000|1|0|1.0|VOLUMEN|VARIABLE|P0210133000|1|0|1.0|VOLUMEN|VARIABLE|200073712|1|0|1.0|VOLUMEN|VARIABLE|200084602|1|0|1.0|VOLUMEN|VARIABLE|200103949|1|1|1.0|VOLUMEN|VARIABLE|200092360|1|0|1.0|VOLUMEN|VARIABLE|200106290|1|0|1.0|VOLUMEN|VARIABLE|P0292107001|1|0|1.0|VOLUMEN|VARIABLE|200037734|1|0|1.0|VOLUMEN|VARIABLE|P0292082007|1|0|1.0|VOLUMEN|VARIABLE|200056155|1|0|1.0|VOLUMEN|VARIABLE|P0210085000|1|0|1.0|VOLUMEN|VARIABLE|P0292139009|1|0|1.0|VOLUMEN|VARIABLE|200043487|1|1|1.0|VOLUMEN|VARIABLE|P0210060001|1|0|1.0|VOLUMEN|VARIABLE|200109465|1|1|1.0|VOLUMEN|VARIABLE|200109465|1|1|1.0|VOLUMEN|VARIABLE|200109465|1|1|1.0|VOLUMEN|VARIABLE|200109465|1|1|1.0|VOLUMEN|VARIABLE|200109465|1|1|1.0|VOLUMEN|VARIABLE|200109465|1|1|1.0|VOLUMEN|VARIABLE|200109465|1|1|1.0|VOLUMEN|VARIABLE|200106274|1|0|1.0|VOLUMEN|VARIABLE|200043493|1|1|1.0|VOLUMEN|VARIABLE|200058349|1|0|1.0|VOLUMEN|VARIABLE|200058349|1|0|1.0|VOLUMEN|VARIABLE|200012014|1|0|1.0|VOLUMEN|VARIABLE|210096372|1|1|1.0|VOLUMEN|VARIABLE|P0210133000|1|0|1.0|VOLUMEN|VARIABLE|200056121|1|0|1.0|VOLUMEN|VARIABLE|200113673|1|1|1.0|VOLUMEN|VARIABLE|200113673|1|1|1.0|VOLUMEN|VARIABLE|200113673|1|1|1.0,"[1208, 1208, 1208, 1208]",0.0015370525112682236,1,0.0,0.284960492726569,0.1424802463632845
200,45871533,INDIVIDUAL|FIJO|200109206|1|0|1.0,[3001],0.0015360983102918587,1,0.0,0.2836812144212526,0.1418406072106263
201,45871533,INDIVIDUAL + ADICIONAL|FIJO|210097810|1|0|1.0|INDIVIDUAL + ADICIONAL|FIJO|200067092|0|1|1.0,"[1953, 1953]",0.0015360983102918587,1,0.0,0.2836812144212526,0.1418406072106263
202,45871533,993|VARIABLE|210047499|1|0|1.0|993|VARIABLE|210047500|1|0|1.0,"[4567, 4567]",0.0015360983102918587,1,0.0,0.2836812144212526,0.1418406072106263
203,45871533,INDIVIDUAL|FIJO|200092360|1|0|1.0,[2471],0.0015360983102918587,1,0.0,0.2836812144212526,0.1418406072106263
204,45871533,INDIVIDUAL|FIJO|210097030|1|0|1.0,[3902],0.0015360983102918587,1,0.0,0.2836812144212526,0.1418406072106263
205,45871533,INDIVIDUAL + ADICIONAL|FIJO|200067092|0|1|1.0,"[1952, 1954, 1955]",0.0015360983102918587,1,0.0,0.2836812144212526,0.1418406072106263
206,45871533,INDIVIDUAL|FIJO|200110157|1|0|1.0,[3827],0.0015360983102918587,1,0.0,0.2836812144212526,0.1418406072106263
207,45871533,SET FIJO|FIJO|200039966|1|0|1.0|SET FIJO|FIJO|200095771|0|0|1.0,"[4045, 4045]",0.0015360983102918587,1,0.0,0.2836812144212526,0.1418406072106263
208,45871533,VOLUMEN|FIJO|200084783|1|0|2.0,[4661],0.0015360983102918587,1,0.0,0.2836812144212526,0.1418406072106263
209,45871533,INDIVIDUAL|VARIABLE|P0210133000|1|0|1.0|INDIVIDUAL|VARIABLE|P0210133000|1|0|1.0,[319],0.0015325751490297213,1,0.0,0.278957782062218,0.139478891031109
210,50020096,INDIVIDUAL|VARIABLE|P0210133000|1|0|1.0|INDIVIDUAL|VARIABLE|P0210133000|1|0|1.0,[319],0.0015325751490297213,1,0.0,0.278957782062218,0.139478891031109
211,45871533,INDIVIDUAL|FIJO|200109465|1|1|1.0|INDIVIDUAL|FIJO|200109465|1|1|1.0|INDIVIDUAL|FIJO|200109465|1|1|1.0|INDIVIDUAL|FIJO|200109465|1|1|1.0|INDIVIDUAL|FIJO|200109465|1|1|1.0|INDIVIDUAL|FIJO|200109465|1|1|1.0|INDIVIDUAL|FIJO|200109465|1|1|1.0,[2066],0.0015321762924574006,1,0.0,0.2784230429741841,0.13921152148709204
212,49946996,INDIVIDUAL|FIJO|200109465|1|1|1.0|INDIVIDUAL|FIJO|200109465|1|1|1.0|INDIVIDUAL|FIJO|200109465|1|1|1.0|INDIVIDUAL|FIJO|200109465|1|1|1.0|INDIVIDUAL|FIJO|200109465|1|1|1.0|INDIVIDUAL|FIJO|200109465|1|1|1.0|INDIVIDUAL|FIJO|200109465|1|1|1.0,[2066],0.0015321762924574006,1,0.0,0.2784230429741841,0.13921152148709204
213,50020096,INDIVIDUAL|FIJO|200109465|1|1|1.0|INDIVIDUAL|FIJO|200109465|1|1|1.0|INDIVIDUAL|FIJO|200109465|1|1|1.0|INDIVIDUAL|FIJO|200109465|1|1|1.0|INDIVIDUAL|FIJO|200109465|1|1|1.0|INDIVIDUAL|FIJO|200109465|1|1|1.0|INDIVIDUAL|FIJO|200109465|1|1|1.0,[2066],0.0015321762924574006,1,0.0,0.2784230429741841,0.13921152148709204
214,35545956,INDIVIDUAL|FIJO|200109465|1|1|1.0|INDIVIDUAL|FIJO|200109465|1|1|1.0|INDIVIDUAL|FIJO|200109465|1|1|1.0|INDIVIDUAL|FIJO|200109465|1|1|1.0|INDIVIDUAL|FIJO|200109465|1|1|1.0|INDIVIDUAL|FIJO|200109465|1|1|1.0|INDIVIDUAL|FIJO|200109465|1|1|1.0,[2066],0.0015321762924574006,1,0.0,0.2784230429741841,0.13921152148709204
215,50379884,INDIVIDUAL|FIJO|200109465|1|1|1.0|INDIVIDUAL|FIJO|200109465|1|1|1.0|INDIVIDUAL|FIJO|200109465|1|1|1.0|INDIVIDUAL|FIJO|200109465|1|1|1.0|INDIVIDUAL|FIJO|200109465|1|1|1.0|INDIVIDUAL|FIJO|200109465|1|1|1.0|INDIVIDUAL|FIJO|200109465|1|1|1.0,[2066],0.0015321762924574006,1,0.0,0.2784230429741841,0.13921152148709204
216,43985620,INDIVIDUAL|FIJO|200109465|1|1|1.0|INDIVIDUAL|FIJO|200109465|1|1|1.0|INDIVIDUAL|FIJO|200109465|1|1|1.0|INDIVIDUAL|FIJO|200109465|1|1|1.0|INDIVIDUAL|FIJO|200109465|1|1|1.0|INDIVIDUAL|FIJO|200109465|1|1|1.0|INDIVIDUAL|FIJO|200109465|1|1|1.0,[2066],0.0015321762924574006,1,0.0,0.2784230429741841,0.13921152148709204
217,50180387,INDIVIDUAL|FIJO|200109465|1|1|1.0|INDIVIDUAL|FIJO|200109465|1|1|1.0|INDIVIDUAL|FIJO|200109465|1|1|1.0|INDIVIDUAL|FIJO|200109465|1|1|1.0|INDIVIDUAL|FIJO|200109465|1|1|1.0|INDIVIDUAL|FIJO|200109465|1|1|1.0|INDIVIDUAL|FIJO|200109465|1|1|1.0,[2066],0.0015321762924574006,1,0.0,0.2784230429741841,0.13921152148709204
218,50180387,INDIVIDUAL|VARIABLE|P0197089001|1|0|1.0|SET FIJO|FIJO|200083615|1|0|1.0|SET FIJO|FIJO|P0216057002|0|0|1.0,"[667, 667]",0.001531319284670666,1,0.0,0.277274069648634,0.138637034824317
219,50379884,INDIVIDUAL|VARIABLE|P0197089001|1|0|1.0|SET FIJO|FIJO|200083615|1|0|1.0|SET FIJO|FIJO|P0216057002|0|0|1.0,[667],0.001531319284670666,1,0.0,0.277274069648634,0.138637034824317
220,50020096,INDIVIDUAL|FIJO|200080256|1|0|1.0|INDIVIDUAL|FIJO|200014172|1|0|1.0,"[986, 986]",0.0015296398298173751,1,0.0,0.2750224578689451,0.13751122893447254
221,50020096,INDIVIDUAL|FIJO|200110089|1|0|1.0,"[507, 573]",0.0015296398298173751,1,0.0,0.2750224578689451,0.13751122893447254
222,45871533,PROMOCIÓN INDIVIDUAL|VARIABLE|200050748|1|0|1.0|PROMOCIÓN INDIVIDUAL|VARIABLE|200050748|1|0|1.0,[1871],0.0015290841627562794,1,0.0,0.2742774860717596,0.1371387430358798
223,45871533,VOLUMEN|FIJO|200058349|1|0|1.0|VOLUMEN|FIJO|200058349|1|0|1.0|VOLUMEN|FIJO|200038319|1|0|1.0|VOLUMEN|FIJO|200038319|1|0|1.0,"[2027, 2027]",0.0015290841627562794,1,0.0,0.2742774860717596,0.1371387430358798
224,43985620,PROMOCIÓN INDIVIDUAL|VARIABLE|200050748|1|0|1.0|PROMOCIÓN INDIVIDUAL|VARIABLE|200050748|1|0|1.0,[1871],0.0015290841627562794,1,0.0,0.2742774860717596,0.1371387430358798
225,43985620,VOLUMEN|FIJO|200058349|1|0|1.0|VOLUMEN|FIJO|200058349|1|0|1.0|VOLUMEN|FIJO|200038319|1|0|1.0|VOLUMEN|FIJO|200038319|1|0|1.0,"[2027, 2027]",0.0015290841627562794,1,0.0,0.2742774860717596,0.1371387430358798
226,50020096,INDIVIDUAL|FIJO|200103949|1|1|1.0,[2096],0.0015290519877675841,1,0.0,0.2742343497031843,0.13711717485159214
227,50020096,INDIVIDUAL|VARIABLE|200041010|1|0|1.0,[4157],0.0015290519877675841,1,0.0,0.2742343497031843,0.13711717485159214
228,50020096,INDIVIDUAL|VARIABLE|200080272|1|0|1.0,[4142],0.0015290519877675841,1,0.0,0.2742343497031843,0.13711717485159214
229,50020096,INDIVIDUAL|FIJO|200012014|1|0|1.0,[972],0.0015290519877675841,1,0.0,0.2742343497031843,0.13711717485159214
230,50020096,INDIVIDUAL|FIJO|200110157|1|0|1.0,[1899],0.0015290519877675841,1,0.0,0.2742343497031843,0.13711717485159214
231,50020096,INDIVIDUAL|FIJO|P0292060005|1|0|1.0,[3831],0.0015290519877675841,1,0.0,0.2742343497031843,0.13711717485159214
232,50020096,INDIVIDUAL|VARIABLE|200037125|1|0|1.0,[4156],0.0015290519877675841,1,0.0,0.2742343497031843,0.13711717485159214
233,50020096,INDIVIDUAL|FIJO|200084783|1|0|1.0,"[206, 1723]",0.0015290519877675841,1,0.0,0.2742343497031843,0.13711717485159214
234,50020096,INDIVIDUAL|FIJO|210096372|1|1|1.0,[2095],0.0015290519877675841,1,0.0,0.2742343497031843,0.13711717485159214
235,50020096,INDIVIDUAL|FIJO|200084602|1|0|1.0,[993],0.0015290519877675841,1,0.0,0.2742343497031843,0.13711717485159214
236,50020096,INDIVIDUAL|FIJO|200056121|1|0|1.0,[1749],0.0015290519877675841,1,0.0,0.2742343497031843,0.13711717485159214
237,50020096,SET VARIABLE|VARIABLE|200014172|0|0|1.0|SET VARIABLE|VARIABLE|200084815|1|0|1.0,"[4116, 4116]",0.0015290519877675841,1,0.0,0.2742343497031843,0.13711717485159214
238,50020096,INDIVIDUAL|FIJO|200073712|1|0|1.0,"[192, 1778]",0.0015290519877675841,1,0.0,0.2742343497031843,0.13711717485159214
239,50180387,INDIVIDUAL|FIJO|200054026|1|0|1.0,"[587, 643, 683]",0.0015288095392324804,1,0.0,0.27390930376548694,0.13695465188274347
240,43985620,INDIVIDUAL|VARIABLE|P0132053000|1|0|1.0|INDIVIDUAL|VARIABLE|P0132053000|1|0|1.0|INDIVIDUAL|VARIABLE|P0132053000|1|0|1.0,"[1520, 1520]",0.0015275338563009797,1,0.0,0.27219902098528226,0.13609951049264113
241,50180387,INDIVIDUAL|VARIABLE|P0132053000|1|0|1.0|INDIVIDUAL|VARIABLE|P0132053000|1|0|1.0|INDIVIDUAL|VARIABLE|P0132053000|1|0|1.0,[1520],0.0015275338563009797,1,0.0,0.27219902098528226,0.13609951049264113
242,50180387,INDIVIDUAL|VARIABLE|P0197105003|1|0|1.0|INDIVIDUAL|FIJO|200056759|1|0|1.0,"[845, 845]",0.001523630693142393,1,0.0,0.2669661276278339,0.13348306381391695
243,50180387,INDIVIDUAL|FIJO|200088336|1|0|1.0|INDIVIDUAL|FIJO|200088336|1|0|1.0,[1788],0.0015233785822021118,1,0.0,0.26662812749534237,0.13331406374767119
244,35545956,INDIVIDUAL|FIJO|200088336|1|0|1.0|INDIVIDUAL|FIJO|200088336|1|0|1.0,[1788],0.0015233785822021118,1,0.0,0.26662812749534237,0.13331406374767119
245,43985620,993|VARIABLE|200056121|1|0|1.0|993|VARIABLE|200059112|1|0|1.0|993|VARIABLE|200046326|1|0|1.0|993|VARIABLE|200092176|1|0|1.0|993|VARIABLE|200067317|1|0|1.0|993|VARIABLE|200060302|1|0|1.0|993|VARIABLE|200058353|1|0|1.0,"[4550, 4550, 4550, 4550, 4550, 4550, 4550]",0.0015220700152207,1,0.0,0.26487375772226707,0.13243687886113353
246,43985620,993|VARIABLE|200040636|1|0|1.0|993|VARIABLE|200039855|1|0|1.0|993|VARIABLE|200014177|1|0|1.0,"[4569, 4569, 4569]",0.0015220700152207,1,0.0,0.26487375772226707,0.13243687886113353
247,43985620,INDIVIDUAL|FIJO|200106290|1|0|1.0,[1786],0.0015220700152207,1,0.0,0.26487375772226707,0.13243687886113353
248,43985620,INDIVIDUAL|FIJO|200056330|1|0|1.0,[1457],0.0015220700152207,1,0.0,0.26487375772226707,0.13243687886113353
249,43985620,SET FIJO|FIJO|200111279|1|0|1.0|SET FIJO|FIJO|200072406|0|0|1.0,"[3966, 3966]",0.0015220700152207,1,0.0,0.26487375772226707,0.13243687886113353
250,43985620,INDIVIDUAL|VARIABLE|P0292139009|1|0|1.0,"[291, 1849]",0.0015220700152207,1,0.0,0.26487375772226707,0.13243687886113353
251,43985620,993|VARIABLE|200038319|1|0|1.0,[4538],0.0015220700152207,1,0.0,0.26487375772226707,0.13243687886113353
252,50180387,INDIVIDUAL|VARIABLE|P0197106006|1|0|1.0|PROMOCIÓN INDIVIDUAL|FIJO|200010080|1|0|1.0,"[1130, 1130]",0.00152060196455313,1,0.0,0.26290557133737935,0.13145278566868968
253,43985620,INDIVIDUAL|FIJO|200113673|1|1|1.0|INDIVIDUAL|FIJO|200113673|1|1|1.0|INDIVIDUAL|FIJO|200113673|1|1|1.0,[2067],0.001519805876310323,1,0.0,0.261838271634941,0.1309191358174705
254,50020096,INDIVIDUAL|FIJO|200113673|1|1|1.0|INDIVIDUAL|FIJO|200113673|1|1|1.0|INDIVIDUAL|FIJO|200113673|1|1|1.0,[2067],0.001519805876310323,1,0.0,0.261838271634941,0.1309191358174705
255,35545956,INDIVIDUAL|FIJO|200113673|1|1|1.0|INDIVIDUAL|FIJO|200113673|1|1|1.0|INDIVIDUAL|FIJO|200113673|1|1|1.0,[2067],0.001519805876310323,1,0.0,0.261838271634941,0.1309191358174705
256,50073300,VOLUMEN|VARIABLE|200109470|1|0|2.0,[1151],0.0015151515151515152,1,0.0,0.2555982620320856,0.1277991310160428
257,50073300,INDIVIDUAL + ADICIONAL|FIJO|P0261052003|0|1|1.0|INDIVIDUAL + ADICIONAL|FIJO|210097810|1|0|1.0,"[337, 337]",0.0015151515151515152,1,0.0,0.2555982620320856,0.1277991310160428
258,50073300,SET FIJO|FIJO|200104065|0|0|1.0|SET FIJO|FIJO|200082170|1|0|1.0|SET FIJO|FIJO|200096670|0|0|1.0|SET FIJO|FIJO|200090313|0|0|1.0,"[1110, 1110, 1110, 1110]",0.0015151515151515152,1,0.0,0.2555982620320856,0.1277991310160428
259,50073300,PROMOCIÓN INDIVIDUAL|FIJO|P0486050000|1|1|1.0,[1128],0.0015151515151515152,1,0.0,0.2555982620320856,0.1277991310160428
260,49946996,INDIVIDUAL|VARIABLE|P0132053000|1|0|1.0,"[121, 737, 833]",0.0015117373119223258,1,0.0,0.2510209075446872,0.1255104537723436
261,35545956,VOLUMEN|VARIABLE|200060302|1|0|1.0,[1963],0.0015082956259426848,1,0.0,0.2464067074793721,0.12320335373968605
262,35545956,VOLUMEN|VARIABLE|200058353|1|0|3.0,[1964],0.0015082956259426848,1,0.0,0.2464067074793721,0.12320335373968605
263,49389205,SET FIJO|FIJO|200109872|1|0|1.0|SET FIJO|FIJO|P0132056004|0|0|1.0,"[3329, 3329]",0.0015037593984962407,1,0.0,0.2403250773993808,0.1201625386996904
264,49389205,VOLUMEN|FIJO|210097030|1|0|2.0,[3889],0.0015037593984962407,1,0.0,0.2403250773993808,0.1201625386996904
265,49389205,INDIVIDUAL|FIJO|200105270|1|0|1.0,[408],0.0015037593984962407,1,0.0,0.2403250773993808,0.1201625386996904
266,49389205,VOLUMEN|FIJO|200056155|1|0|3.0,[3920],0.0015037593984962407,1,0.0,0.2403250773993808,0.1201625386996904
267,49389205,993|VARIABLE|210092742|1|0|1.0|993|VARIABLE|P0210065001|0|1|1.0|993|VARIABLE|210092742|1|0|1.0,"[3844, 3844, 3844]",0.0015037593984962407,1,0.0,0.2403250773993808,0.1201625386996904
268,45871533,SET FIJO|FIJO|200110157|1|0|1.0|SET FIJO|FIJO|200110157|1|0|1.0,[1100],0.0015027322404371586,1,0.0,0.23894798698167796,0.11947399349083898
269,50073300,SET FIJO|FIJO|200110157|1|0|1.0|SET FIJO|FIJO|200110157|1|0|1.0,[1100],0.0015027322404371586,1,0.0,0.23894798698167796,0.11947399349083898
270,50073300,INDIVIDUAL|FIJO|200100408|1|0|1.0|INDIVIDUAL|VARIABLE|P0210055000|1|0|1.0,[1001],0.0015004588456737887,1,0.0,0.2359000917560008,0.1179500458780004
271,49946996,INDIVIDUAL|FIJO|200100408|1|0|1.0|INDIVIDUAL|VARIABLE|P0210055000|1|0|1.0,[1001],0.0015004588456737887,1,0.0,0.2359000917560008,0.1179500458780004
272,10961556,SET FIJO|FIJO|200012014|0|0|1.0|SET FIJO|FIJO|200037781|1|0|1.0,"[162, 162]",0.0014970059880239522,1,0.0,0.23127091405424482,0.11563545702712241
273,10961556,INDIVIDUAL|VARIABLE|P0197145001|1|0|1.0,[712],0.0014970059880239522,1,0.0,0.23127091405424482,0.11563545702712241
274,10961556,SET FIJO|FIJO|200050981|1|0|1.0|SET FIJO|FIJO|210097030|0|0|1.0,"[3334, 3334]",0.0014970059880239522,1,0.0,0.23127091405424482,0.11563545702712241
275,10961556,VOLUMEN|FIJO|200044012|1|0|2.0|VOLUMEN|FIJO|200089168|1|0|2.0|VOLUMEN|FIJO|200109874|1|0|2.0,"[1189, 1189, 1189]",0.0014970059880239524,1,0.0,0.23127091405424482,0.11563545702712241
276,10961556,VOLUMEN|VARIABLE|P0197143004|1|0|1.0,[738],0.0014970059880239522,1,0.0,0.23127091405424482,0.11563545702712241
277,10961556,SET FIJO|FIJO|200063985|0|0|1.0|SET FIJO|FIJO|200056636|1|0|1.0,"[179, 179]",0.0014970059880239522,1,0.0,0.23127091405424482,0.11563545702712241
278,10961556,INDIVIDUAL|FIJO|200109790|1|1|1.0,[1336],0.0014970059880239522,1,0.0,0.23127091405424482,0.11563545702712241
279,49946996,INDIVIDUAL|FIJO|200056740|1|0|1.0,[765],0.0014903129657228018,1,0.0,0.22229771193127035,0.11114885596563517
280,45871533,INDIVIDUAL|FIJO|200098704|1|0|1.0,[1732],0.0014903129657228018,1,0.0,0.22229771193127035,0.11114885596563517
281,49946996,INDIVIDUAL|FIJO|200072913|1|0|1.0,[767],0.0014903129657228018,1,0.0,0.22229771193127035,0.11114885596563517
282,49946996,INDIVIDUAL|VARIABLE|P0210133000|1|0|1.0,[1098],0.0014903129657228018,1,0.0,0.22229771193127035,0.11114885596563517
283,50180387,VOLUMEN|VARIABLE|P0132053000|1|0|3.0|VOLUMEN|VARIABLE|P0132053000|1|0|3.0|VOLUMEN|VARIABLE|P0132053000|1|0|3.0,"[735, 735, 735]",0.0014903129657228018,1,0.0,0.22229771193127035,0.11114885596563517
284,45871533,INDIVIDUAL|FIJO|200108169|1|0|1.0,[1728],0.0014903129657228018,1,0.0,0.22229771193127035,0.11114885596563517
285,49946996,INDIVIDUAL|FIJO|200064292|1|0|1.0,[768],0.0014903129657228018,1,0.0,0.22229771193127035,0.11114885596563517
286,49946996,INDIVIDUAL|VARIABLE|P0197106006|1|0|1.0|INDIVIDUAL|VARIABLE|P0197106006|1|0|1.0,"[704, 704]",0.0014903129657228018,1,0.0,0.22229771193127035,0.11114885596563517
287,45871533,VOLUMEN|FIJO|200084602|1|0|1.0|VOLUMEN|FIJO|200084602|1|0|2.0,"[1158, 1158]",0.0014903129657228018,1,0.0,0.22229771193127035,0.11114885596563517
288,50180387,VOLUMEN|FIJO|200056636|1|0|1.0,[1054],0.0014903129657228018,1,0.0,0.22229771193127035,0.11114885596563517
289,49946996,SET VARIABLE|VARIABLE|P0261051003|1|0|1.0|SET VARIABLE|FIJO|P0486059000|0|0|1.0,"[539, 539]",0.0014903129657228018,1,0.0,0.22229771193127035,0.11114885596563517
290,50020096,INDIVIDUAL|VARIABLE|P0210085000|1|0|1.0|INDIVIDUAL|VARIABLE|P0210085000|1|0|1.0,[1008],0.0014826196097050587,1,0.0,0.2119833822540267,0.10599169112701334
291,49946996,INDIVIDUAL|FIJO|200064310|1|0|1.0|INDIVIDUAL|FIJO|200064310|1|0|1.0,[769],0.0014826196097050587,1,0.0,0.2119833822540267,0.10599169112701334
292,50180387,INDIVIDUAL|VARIABLE|P0210085000|1|0|1.0|INDIVIDUAL|VARIABLE|P0210085000|1|0|1.0,[1008],0.0014826196097050587,1,0.0,0.2119833822540267,0.10599169112701334
293,43985620,INDIVIDUAL|FIJO|200064310|1|0|1.0|INDIVIDUAL|FIJO|200064310|1|0|1.0,[769],0.0014826196097050587,1,0.0,0.2119833822540267,0.10599169112701334
294,50180387,SET FIJO|FIJO|200058349|1|0|1.0|INDIVIDUAL|VARIABLE|P0132053000|1|0|1.0|INDIVIDUAL|VARIABLE|P0132053000|1|0|1.0|SET FIJO|FIJO|200058353|0|0|1.0,[1124],0.0014754459189194034,1,0.0,0.20236575743655982,0.10118287871827991
295,50379884,SET FIJO|FIJO|200058349|1|0|1.0|INDIVIDUAL|VARIABLE|P0132053000|1|0|1.0|INDIVIDUAL|VARIABLE|P0132053000|1|0|1.0|SET FIJO|FIJO|200058353|0|0|1.0,[1124],0.0014754459189194034,1,0.0,0.20236575743655982,0.10118287871827991
296,43985620,SET FIJO|FIJO|200058349|1|0|1.0|INDIVIDUAL|VARIABLE|P0132053000|1|0|1.0|INDIVIDUAL|VARIABLE|P0132053000|1|0|1.0|SET FIJO|FIJO|200058353|0|0|1.0,"[1124, 1124]",0.0014754459189194034,1,0.0,0.20236575743655982,0.10118287871827991
297,50020096,INDIVIDUAL + ADICIONAL|FIJO|210092742|0|1|1.0|INDIVIDUAL + ADICIONAL|FIJO|P0210133000|1|0|1.0|INDIVIDUAL + ADICIONAL|FIJO|P0210085000|0|1|1.0,"[335, 335, 335]",0.0014749262536873156,1,0.0,0.20166905257678303,0.10083452628839151
298,50020096,INDIVIDUAL|FIJO|200029044|1|0|1.0,[973],0.0014749262536873156,1,0.0,0.20166905257678303,0.10083452628839151
299,43985620,VOLUMEN|VARIABLE|200101074|1|0|1.0,[736],0.0014749262536873156,1,0.0,0.20166905257678303,0.10083452628839151
300,50020096,INDIVIDUAL|VARIABLE|200110090|1|0|1.0|INDIVIDUAL|VARIABLE|200110089|1|0|1.0,"[3468, 3468]",0.0014749262536873156,1,0.0,0.20166905257678303,0.10083452628839151
301,50020096,INDIVIDUAL|VARIABLE|P0210111001|1|0|1.0|INDIVIDUAL|VARIABLE|P0210111001|1|0|1.0|INDIVIDUAL|VARIABLE|P0210111001|1|0|1.0,"[1015, 1015]",0.0014749262536873156,1,0.0,0.20166905257678303,0.10083452628839151
302,43985620,PROMOCIÓN INDIVIDUAL|VARIABLE|200056090|1|0|1.0,[1039],0.0014749262536873156,1,0.0,0.20166905257678303,0.10083452628839151
303,50020096,PROMOCIÓN INDIVIDUAL|VARIABLE|200012014|1|0|1.0,[1040],0.0014749262536873156,1,0.0,0.20166905257678303,0.10083452628839151
304,50020096,PROMOCIÓN INDIVIDUAL|VARIABLE|200084604|1|0|1.0,[1038],0.0014749262536873156,1,0.0,0.20166905257678303,0.10083452628839151
305,43985620,INDIVIDUAL|VARIABLE|P0289058009|1|0|1.0,[1004],0.0014749262536873156,1,0.0,0.20166905257678303,0.10083452628839151
306,43985620,INDIVIDUAL|VARIABLE|P0210111001|1|0|1.0|INDIVIDUAL|VARIABLE|P0210111001|1|0|1.0|INDIVIDUAL|VARIABLE|P0210111001|1|0|1.0,[1015],0.0014749262536873156,1,0.0,0.20166905257678303,0.10083452628839151
307,50020096,VOLUMEN|VARIABLE|P0210111001|1|0|1.0|VOLUMEN|VARIABLE|P0210111001|1|0|1.0,"[39, 39]",0.0014749262536873156,1,0.0,0.20166905257678303,0.10083452628839151
308,50020096,INDIVIDUAL|FIJO|200099673|1|1|1.0,[1276],0.0014749262536873156,1,0.0,0.20166905257678303,0.10083452628839151
309,43985620,INDIVIDUAL|FIJO|200095517|1|0|1.0,[800],0.0014749262536873156,1,0.0,0.20166905257678303,0.10083452628839151
310,43985620,INDIVIDUAL|FIJO|200076632|1|0|1.0,[870],0.0014749262536873156,1,0.0,0.20166905257678303,0.10083452628839151
311,43985620,INDIVIDUAL|FIJO|200058539|1|0|1.0,[886],0.0014749262536873156,1,0.0,0.20166905257678303,0.10083452628839151
312,50020096,INDIVIDUAL|FIJO|200080259|1|0|1.0,[92],0.0014749262536873156,1,0.0,0.20166905257678303,0.10083452628839151
313,50020096,INDIVIDUAL|FIJO|200046830|1|0|1.0,[943],0.0014749262536873156,1,0.0,0.20166905257678303,0.10083452628839151
314,43985620,INDIVIDUAL|FIJO|200063985|1|0|1.0,[609],0.0014749262536873156,1,0.0,0.20166905257678303,0.10083452628839151
315,50180387,INDIVIDUAL + ADICIONAL|FIJO|200083596|1|0|1.0|INDIVIDUAL + ADICIONAL|FIJO|200083596|1|0|1.0|INDIVIDUAL + ADICIONAL|FIJO|200083596|1|0|1.0|VOLUMEN|VARIABLE|P0132053000|1|0|1.0|VOLUMEN|VARIABLE|P0132053000|1|0|1.0|VOLUMEN|VARIABLE|P0132053000|1|0|1.0,[172],0.0014693222620424157,1,0.0,0.19415589223418195,0.09707794611709097
316,10961556,INDIVIDUAL + ADICIONAL|FIJO|200083596|1|0|1.0|INDIVIDUAL + ADICIONAL|FIJO|200083596|1|0|1.0|INDIVIDUAL + ADICIONAL|FIJO|200083596|1|0|1.0|VOLUMEN|VARIABLE|P0132053000|1|0|1.0|VOLUMEN|VARIABLE|P0132053000|1|0|1.0|VOLUMEN|VARIABLE|P0132053000|1|0|1.0,[172],0.0014693222620424157,1,0.0,0.19415589223418195,0.09707794611709097
317,49946996,INDIVIDUAL + ADICIONAL|FIJO|200083596|1|0|1.0|INDIVIDUAL + ADICIONAL|FIJO|200083596|1|0|1.0|INDIVIDUAL + ADICIONAL|FIJO|200083596|1|0|1.0|VOLUMEN|VARIABLE|P0132053000|1|0|1.0|VOLUMEN|VARIABLE|P0132053000|1|0|1.0|VOLUMEN|VARIABLE|P0132053000|1|0|1.0,[172],0.0014693222620424157,1,0.0,0.19415589223418195,0.09707794611709097
318,49389205,INDIVIDUAL + ADICIONAL|FIJO|200083596|1|0|1.0|INDIVIDUAL + ADICIONAL|FIJO|200083596|1|0|1.0|INDIVIDUAL + ADICIONAL|FIJO|200083596|1|0|1.0|VOLUMEN|VARIABLE|P0132053000|1|0|1.0|VOLUMEN|VARIABLE|P0132053000|1|0|1.0|VOLUMEN|VARIABLE|P0132053000|1|0|1.0,[172],0.0014693222620424157,1,0.0,0.19415589223418195,0.09707794611709097
319,43985620,INDIVIDUAL + ADICIONAL|FIJO|200083596|1|0|1.0|INDIVIDUAL + ADICIONAL|FIJO|200083596|1|0|1.0|INDIVIDUAL + ADICIONAL|FIJO|200083596|1|0|1.0|VOLUMEN|VARIABLE|P0132053000|1|0|1.0|VOLUMEN|VARIABLE|P0132053000|1|0|1.0|VOLUMEN|VARIABLE|P0132053000|1|0|1.0,"[172, 172]",0.0014693222620424157,1,0.0,0.19415589223418195,0.09707794611709097
320,10961556,INDIVIDUAL|VARIABLE|P0210061000|1|0|1.0|INDIVIDUAL|FIJO|200095517|1|0|1.0|INDIVIDUAL|FIJO|200095517|1|0|1.0,"[997, 997]",0.001459666654138024,1,0.0,0.18121081040898002,0.09060540520449001
321,43985620,INDIVIDUAL|VARIABLE|P0210061000|1|0|1.0|INDIVIDUAL|FIJO|200095517|1|0|1.0|INDIVIDUAL|FIJO|200095517|1|0|1.0,[997],0.001459666654138024,1,0.0,0.18121081040898002,0.09060540520449001
322,50073300,INDIVIDUAL|FIJO|200009812|1|0|1.0,[835],0.0014577259475218659,1,0.0,0.17860894357743096,0.08930447178871548
323,50073300,SET FIJO|FIJO|200051249|0|0|1.0|SET FIJO|FIJO|200012014|0|0|1.0|SET FIJO|FIJO|200046830|0|0|1.0|SET FIJO|FIJO|200050979|1|0|1.0,"[252, 252, 252, 252]",0.0014577259475218659,1,0.0,0.17860894357743096,0.08930447178871548
324,50073300,INDIVIDUAL + ADICIONAL|FIJO|200097947|1|0|1.0|INDIVIDUAL + ADICIONAL|FIJO|200106161|0|1|1.0,"[372, 372]",0.0014577259475218659,1,0.0,0.17860894357743096,0.08930447178871548
325,20541199,VOLUMEN|FIJO|200040636|1|0|1.0|VOLUMEN|FIJO|200040636|1|0|2.0,"[1315, 1315]",0.0014577259475218659,1,0.0,0.17860894357743096,0.08930447178871548
326,35545956,SET FIJO|FIJO|200097894|0|0|1.0|SET FIJO|FIJO|200100855|1|0|1.0,"[3278, 3278]",0.0014577259475218659,1,0.0,0.17860894357743096,0.08930447178871548
327,35545956,INDIVIDUAL|FIJO|200109790|1|1|1.0,[1266],0.0014577259475218659,1,0.0,0.17860894357743096,0.08930447178871548
328,20541199,993|VARIABLE|P0132053000|1|0|1.0|993|VARIABLE|P0132053000|1|0|1.0|993|VARIABLE|P0132053000|1|0|1.0|993|VARIABLE|P0132053000|1|0|1.0|993|VARIABLE|P0132053000|1|0|1.0|993|VARIABLE|P0132053000|1|0|1.0|993|VARIABLE|P0132053000|1|0|1.0|993|VARIABLE|P0132053000|1|0|1.0,"[4035, 4035, 4035, 4035, 4035, 4035, 4035, 4035]",0.0014577259475218659,1,0.0,0.17860894357743096,0.08930447178871548
329,20541199,INDIVIDUAL|FIJO|200092457|1|0|1.0,[1164],0.0014577259475218659,1,0.0,0.17860894357743096,0.08930447178871548
330,35545956,INDIVIDUAL|FIJO|200096703|1|0|1.0,[966],0.0014577259475218659,1,0.0,0.17860894357743096,0.08930447178871548
331,35545956,INDIVIDUAL|FIJO|200095385|1|1|1.0,[1274],0.0014577259475218659,1,0.0,0.17860894357743096,0.08930447178871548
332,20541199,INDIVIDUAL|FIJO|200109794|1|0|1.0,[1173],0.0014577259475218659,1,0.0,0.17860894357743096,0.08930447178871548
333,20541199,INDIVIDUAL|FIJO|200110160|1|0|1.0,[836],0.0014577259475218659,1,0.0,0.17860894357743096,0.08930447178871548
334,35545956,993|VARIABLE|200113464|1|0|1.0|993|VARIABLE|P0132053000|0|0|1.0,"[3857, 3857]",0.0014577259475218659,1,0.0,0.17860894357743096,0.08930447178871548
335,50073300,INDIVIDUAL|FIJO|200082356|1|1|1.0|INDIVIDUAL|FIJO|200082356|1|1|1.0,[1398],0.0014545523786956209,1,0.0,0.1743542028567595,0.08717710142837976
336,10961556,INDIVIDUAL|FIJO|200082356|1|1|1.0|INDIVIDUAL|FIJO|200082356|1|1|1.0,[1398],0.0014545523786956209,1,0.0,0.1743542028567595,0.08717710142837976
337,50073300,INDIVIDUAL|VARIABLE|P0292139009|1|0|1.0|INDIVIDUAL|VARIABLE|P0292139009|1|0|1.0|INDIVIDUAL|FIJO|200039966|1|0|1.0|INDIVIDUAL|VARIABLE|P0292139009|1|0|1.0|INDIVIDUAL|VARIABLE|P0132058000|1|0|1.0|INDIVIDUAL|VARIABLE|P0292139009|1|0|1.0,"[1117, 1117, 1117, 1117]",0.001454494021443077,1,0.0,0.17427596444683724,0.08713798222341862
338,49946996,INDIVIDUAL|VARIABLE|P0292139009|1|0|1.0|INDIVIDUAL|VARIABLE|P0292139009|1|0|1.0|INDIVIDUAL|FIJO|200039966|1|0|1.0|INDIVIDUAL|VARIABLE|P0292139009|1|0|1.0|INDIVIDUAL|VARIABLE|P0132058000|1|0|1.0|INDIVIDUAL|VARIABLE|P0292139009|1|0|1.0,[1117],0.001454494021443077,1,0.0,0.17427596444683724,0.08713798222341862
339,50379884,INDIVIDUAL|VARIABLE|P0292139009|1|0|1.0|INDIVIDUAL|VARIABLE|P0292139009|1|0|1.0|INDIVIDUAL|FIJO|200039966|1|0|1.0|INDIVIDUAL|VARIABLE|P0292139009|1|0|1.0|INDIVIDUAL|VARIABLE|P0132058000|1|0|1.0|INDIVIDUAL|VARIABLE|P0292139009|1|0|1.0,[1117],0.001454494021443077,1,0.0,0.17427596444683724,0.08713798222341862
340,50180387,INDIVIDUAL|VARIABLE|P0289069000|1|0|1.0,[1074],0.001451378809869376,1,0.0,0.17009946213608806,0.08504973106804403
341,50180387,INDIVIDUAL|FIJO|200109258|1|0|1.0,[909],0.001451378809869376,1,0.0,0.17009946213608806,0.08504973106804403
342,10961556,INDIVIDUAL|FIJO|200102318|1|0|1.0,[1711],0.001451378809869376,1,0.0,0.17009946213608806,0.08504973106804403
343,49389205,993|VARIABLE|210047500|1|0|1.0|993|VARIABLE|210047499|1|0|1.0|993|VARIABLE|200060357|1|0|1.0|993|VARIABLE|210059944|1|0|1.0,"[4032, 4032, 4032, 4032]",0.001451378809869376,1,0.0,0.17009946213608806,0.08504973106804403
344,10961556,INDIVIDUAL|VARIABLE|P0261097007|1|0|1.0,[554],0.001451378809869376,1,0.0,0.17009946213608806,0.08504973106804403
345,10961556,SET FIJO|FIJO|200105079|0|0|1.0|SET FIJO|FIJO|200056636|1|0|1.0|SET FIJO|FIJO|210047499|0|0|1.0,"[262, 262, 262]",0.001451378809869376,1,0.0,0.17009946213608806,0.08504973106804403
346,50180387,INDIVIDUAL|FIJO|200056621|1|0|1.0,[989],0.001451378809869376,1,0.0,0.17009946213608806,0.08504973106804403
347,50180387,INDIVIDUAL|FIJO|200091709|1|0|1.0,[721],0.001451378809869376,1,0.0,0.17009946213608806,0.08504973106804403
348,49389205,INDIVIDUAL|FIJO|200107824|1|0|1.0,[509],0.001451378809869376,1,0.0,0.17009946213608806,0.08504973106804403
349,50180387,INDIVIDUAL|VARIABLE|P0197105003|1|0|1.0,[746],0.001451378809869376,1,0.0,0.17009946213608806,0.08504973106804403
350,50180387,INDIVIDUAL|VARIABLE|P0197082000|1|0|1.0,"[123, 740]",0.001451378809869376,1,0.0,0.17009946213608806,0.08504973106804403
351,49389205,VOLUMEN|FIJO|200109874|1|0|1.0,[4054],0.001451378809869376,1,0.0,0.17009946213608806,0.08504973106804403
352,10961556,VOLUMEN|FIJO|200108516|1|0|2.0,[2596],0.001451378809869376,1,0.0,0.17009946213608806,0.08504973106804403
353,50073300,INDIVIDUAL|FIJO|200046830|1|0|1.0|INDIVIDUAL|VARIABLE|P0216057005|1|0|1.0,[709],0.0014493818349740769,1,0.0,0.16742215753978584,0.08371107876989292
354,50180387,INDIVIDUAL|FIJO|200046830|1|0|1.0|INDIVIDUAL|VARIABLE|P0216057005|1|0|1.0,[709],0.0014493818349740769,1,0.0,0.16742215753978584,0.08371107876989292
355,45871533,SET FIJO|FIJO|200044715|1|0|1.0|SET FIJO|FIJO|200041665|0|0|1.0|SET FIJO|FIJO|200048978|0|0|1.0,"[3322, 3322, 3322]",0.0014492753623188406,1,0.0,0.16727941176470607,0.08363970588235303
356,45871533,SET FIJO|FIJO|200051360|0|0|1.0|SET FIJO|FIJO|200051355|0|0|1.0|SET FIJO|FIJO|200012014|1|0|1.0,"[1090, 1090, 1090]",0.0014492753623188406,1,0.0,0.16727941176470607,0.08363970588235303
357,49946996,INDIVIDUAL|VARIABLE|P0261096002|1|0|1.0,[552],0.0014492753623188406,1,0.0,0.16727941176470607,0.08363970588235303
358,45871533,SET FIJO|FIJO|200106304|1|0|1.0,[1218],0.0014492753623188406,1,0.0,0.16727941176470607,0.08363970588235303
359,49946996,SET FIJO|FIJO|P0132053000|0|0|1.0|SET FIJO|FIJO|P0132056004|0|0|1.0|SET FIJO|FIJO|200109874|1|0|1.0,"[754, 754, 754]",0.0014492753623188406,1,0.0,0.16727941176470607,0.08363970588235303
360,50020096,INDIVIDUAL|FIJO|200113245|1|1|1.0|INDIVIDUAL|FIJO|200113245|1|1|1.0|INDIVIDUAL|FIJO|200113245|1|1|1.0|INDIVIDUAL|FIJO|200109790|1|1|1.0|INDIVIDUAL|FIJO|200109790|1|1|1.0|INDIVIDUAL|FIJO|200109790|1|1|1.0|INDIVIDUAL|FIJO|200109790|1|1|1.0,"[1241, 1241]",0.001446444005915404,1,0.0,0.16348346844537076,0.08174173422268538
361,49946996,INDIVIDUAL|FIJO|200113245|1|1|1.0|INDIVIDUAL|FIJO|200113245|1|1|1.0|INDIVIDUAL|FIJO|200113245|1|1|1.0|INDIVIDUAL|FIJO|200109790|1|1|1.0|INDIVIDUAL|FIJO|200109790|1|1|1.0|INDIVIDUAL|FIJO|200109790|1|1|1.0|INDIVIDUAL|FIJO|200109790|1|1|1.0,[1241],0.001446444005915404,1,0.0,0.16348346844537076,0.08174173422268538
362,50073300,INDIVIDUAL|FIJO|200113245|1|1|1.0|INDIVIDUAL|FIJO|200113245|1|1|1.0|INDIVIDUAL|FIJO|200113245|1|1|1.0|INDIVIDUAL|FIJO|200109790|1|1|1.0|INDIVIDUAL|FIJO|200109790|1|1|1.0|INDIVIDUAL|FIJO|200109790|1|1|1.0|INDIVIDUAL|FIJO|200109790|1|1|1.0,[1241],0.001446444005915404,1,0.0,0.16348346844537076,0.08174173422268538
363,49389205,INDIVIDUAL|FIJO|200113245|1|1|1.0|INDIVIDUAL|FIJO|200113245|1|1|1.0|INDIVIDUAL|FIJO|200113245|1|1|1.0|INDIVIDUAL|FIJO|200109790|1|1|1.0|INDIVIDUAL|FIJO|200109790|1|1|1.0|INDIVIDUAL|FIJO|200109790|1|1|1.0|INDIVIDUAL|FIJO|200109790|1|1|1.0,[1241],0.001446444005915404,1,0.0,0.16348346844537076,0.08174173422268538
364,35545956,INDIVIDUAL|FIJO|200113245|1|1|1.0|INDIVIDUAL|FIJO|200113245|1|1|1.0|INDIVIDUAL|FIJO|200113245|1|1|1.0|INDIVIDUAL|FIJO|200109790|1|1|1.0|INDIVIDUAL|FIJO|200109790|1|1|1.0|INDIVIDUAL|FIJO|200109790|1|1|1.0|INDIVIDUAL|FIJO|200109790|1|1|1.0,[1241],0.001446444005915404,1,0.0,0.16348346844537076,0.08174173422268538
365,43985620,INDIVIDUAL|FIJO|200113245|1|1|1.0|INDIVIDUAL|FIJO|200113245|1|1|1.0|INDIVIDUAL|FIJO|200113245|1|1|1.0|INDIVIDUAL|FIJO|200109790|1|1|1.0|INDIVIDUAL|FIJO|200109790|1|1|1.0|INDIVIDUAL|FIJO|200109790|1|1|1.0|INDIVIDUAL|FIJO|200109790|1|1|1.0,[1241],0.001446444005915404,1,0.0,0.16348346844537076,0.08174173422268538
366,43985620,INDIVIDUAL + ADICIONAL|FIJO|200109874|1|0|1.0|INDIVIDUAL + ADICIONAL|FIJO|200109874|1|0|1.0|INDIVIDUAL + ADICIONAL|FIJO|200109874|1|0|1.0,[280],0.0014444575947531655,1,0.0,0.16082032643626132,0.08041016321813066
367,10961556,INDIVIDUAL + ADICIONAL|FIJO|200109874|1|0|1.0|INDIVIDUAL + ADICIONAL|FIJO|200109874|1|0|1.0|INDIVIDUAL + ADICIONAL|FIJO|200109874|1|0|1.0,[280],0.0014444575947531655,1,0.0,0.16082032643626132,0.08041016321813066
368,49389205,INDIVIDUAL + ADICIONAL|FIJO|200109874|1|0|1.0|INDIVIDUAL + ADICIONAL|FIJO|200109874|1|0|1.0|INDIVIDUAL + ADICIONAL|FIJO|200109874|1|0|1.0,[280],0.0014444575947531655,1,0.0,0.16082032643626132,0.08041016321813066
369,50020096,INDIVIDUAL|FIJO|200110160|1|1|1.0|INDIVIDUAL|FIJO|200110160|1|1|1.0|INDIVIDUAL|FIJO|200110160|1|1|1.0|INDIVIDUAL|FIJO|200110160|1|1|1.0|INDIVIDUAL|FIJO|200110160|1|1|1.0|INDIVIDUAL|FIJO|200110160|1|1|1.0|INDIVIDUAL|FIJO|200110160|1|1|1.0|INDIVIDUAL|FIJO|200110160|1|1|1.0|INDIVIDUAL|FIJO|200110160|1|1|1.0,[1396],0.0014438245737069448,1,0.0,0.15997164768692307,0.07998582384346153
370,43985620,INDIVIDUAL|FIJO|200110160|1|1|1.0|INDIVIDUAL|FIJO|200110160|1|1|1.0|INDIVIDUAL|FIJO|200110160|1|1|1.0|INDIVIDUAL|FIJO|200110160|1|1|1.0|INDIVIDUAL|FIJO|200110160|1|1|1.0|INDIVIDUAL|FIJO|200110160|1|1|1.0|INDIVIDUAL|FIJO|200110160|1|1|1.0|INDIVIDUAL|FIJO|200110160|1|1|1.0|INDIVIDUAL|FIJO|200110160|1|1|1.0,[1396],0.0014438245737069448,1,0.0,0.15997164768692307,0.07998582384346153
371,10961556,INDIVIDUAL|FIJO|200110160|1|1|1.0|INDIVIDUAL|FIJO|200110160|1|1|1.0|INDIVIDUAL|FIJO|200110160|1|1|1.0|INDIVIDUAL|FIJO|200110160|1|1|1.0|INDIVIDUAL|FIJO|200110160|1|1|1.0|INDIVIDUAL|FIJO|200110160|1|1|1.0|INDIVIDUAL|FIJO|200110160|1|1|1.0|INDIVIDUAL|FIJO|200110160|1|1|1.0|INDIVIDUAL|FIJO|200110160|1|1|1.0,[1396],0.0014438245737069448,1,0.0,0.15997164768692307,0.07998582384346153
372,45871533,INDIVIDUAL|FIJO|200110160|1|1|1.0|INDIVIDUAL|FIJO|200110160|1|1|1.0|INDIVIDUAL|FIJO|200110160|1|1|1.0|INDIVIDUAL|FIJO|200110160|1|1|1.0|INDIVIDUAL|FIJO|200110160|1|1|1.0|INDIVIDUAL|FIJO|200110160|1|1|1.0|INDIVIDUAL|FIJO|200110160|1|1|1.0|INDIVIDUAL|FIJO|200110160|1|1|1.0|INDIVIDUAL|FIJO|200110160|1|1|1.0,[1396],0.0014438245737069448,1,0.0,0.15997164768692307,0.07998582384346153
373,50073300,INDIVIDUAL|FIJO|200110160|1|1|1.0|INDIVIDUAL|FIJO|200110160|1|1|1.0|INDIVIDUAL|FIJO|200110160|1|1|1.0|INDIVIDUAL|FIJO|200110160|1|1|1.0|INDIVIDUAL|FIJO|200110160|1|1|1.0|INDIVIDUAL|FIJO|200110160|1|1|1.0|INDIVIDUAL|FIJO|200110160|1|1|1.0|INDIVIDUAL|FIJO|200110160|1|1|1.0|INDIVIDUAL|FIJO|200110160|1|1|1.0,[1396],0.0014438245737069448,1,0.0,0.15997164768692307,0.07998582384346153
374,49946996,INDIVIDUAL|FIJO|200110160|1|1|1.0|INDIVIDUAL|FIJO|200110160|1|1|1.0|INDIVIDUAL|FIJO|200110160|1|1|1.0|INDIVIDUAL|FIJO|200110160|1|1|1.0|INDIVIDUAL|FIJO|200110160|1|1|1.0|INDIVIDUAL|FIJO|200110160|1|1|1.0|INDIVIDUAL|FIJO|200110160|1|1|1.0|INDIVIDUAL|FIJO|200110160|1|1|1.0|INDIVIDUAL|FIJO|200110160|1|1|1.0,[1396],0.0014438245737069448,1,0.0,0.15997164768692307,0.07998582384346153
375,20541199,INDIVIDUAL|FIJO|200110160|1|1|1.0|INDIVIDUAL|FIJO|200110160|1|1|1.0|INDIVIDUAL|FIJO|200110160|1|1|1.0|INDIVIDUAL|FIJO|200110160|1|1|1.0|INDIVIDUAL|FIJO|200110160|1|1|1.0|INDIVIDUAL|FIJO|200110160|1|1|1.0|INDIVIDUAL|FIJO|200110160|1|1|1.0|INDIVIDUAL|FIJO|200110160|1|1|1.0|INDIVIDUAL|FIJO|200110160|1|1|1.0,[1396],0.0014438245737069448,1,0.0,0.15997164768692307,0.07998582384346153
376,50180387,INDIVIDUAL|FIJO|200110160|1|1|1.0|INDIVIDUAL|FIJO|200110160|1|1|1.0|INDIVIDUAL|FIJO|200110160|1|1|1.0|INDIVIDUAL|FIJO|200110160|1|1|1.0|INDIVIDUAL|FIJO|200110160|1|1|1.0|INDIVIDUAL|FIJO|200110160|1|1|1.0|INDIVIDUAL|FIJO|200110160|1|1|1.0|INDIVIDUAL|FIJO|200110160|1|1|1.0|INDIVIDUAL|FIJO|200110160|1|1|1.0,[1396],0.0014438245737069448,1,0.0,0.15997164768692307,0.07998582384346153
377,35545956,INDIVIDUAL|FIJO|200110160|1|1|1.0|INDIVIDUAL|FIJO|200110160|1|1|1.0|INDIVIDUAL|FIJO|200110160|1|1|1.0|INDIVIDUAL|FIJO|200110160|1|1|1.0|INDIVIDUAL|FIJO|200110160|1|1|1.0|INDIVIDUAL|FIJO|200110160|1|1|1.0|INDIVIDUAL|FIJO|200110160|1|1|1.0|INDIVIDUAL|FIJO|200110160|1|1|1.0|INDIVIDUAL|FIJO|200110160|1|1|1.0,[1396],0.0014438245737069448,1,0.0,0.15997164768692307,0.07998582384346153
378,50020096,SET FIJO|FIJO|200099581|0|0|1.0|SET FIJO|FIJO|200099581|0|0|1.0|SET FIJO|FIJO|200082481|1|0|1.0|SET FIJO|FIJO|200082481|1|0|1.0,"[3365, 3365]",0.00144099698719506,1,0.0,0.15618075858634772,0.07809037929317386
379,49389205,SET FIJO|FIJO|200099581|0|0|1.0|SET FIJO|FIJO|200099581|0|0|1.0|SET FIJO|FIJO|200082481|1|0|1.0|SET FIJO|FIJO|200082481|1|0|1.0,"[3365, 3365]",0.00144099698719506,1,0.0,0.15618075858634772,0.07809037929317386
380,50180387,SET FIJO|FIJO|200106312|0|0|1.0|INDIVIDUAL|VARIABLE|P0289069000|1|0|1.0|INDIVIDUAL|FIJO|200089168|1|0|1.0|SET FIJO|FIJO|200099262|1|0|1.0,"[998, 998, 998]",0.001439782671953553,1,0.0,0.15455275024978832,0.07727637512489416
381,50073300,SET FIJO|FIJO|200106312|0|0|1.0|INDIVIDUAL|VARIABLE|P0289069000|1|0|1.0|INDIVIDUAL|FIJO|200089168|1|0|1.0|SET FIJO|FIJO|200099262|1|0|1.0,[998],0.0014397826719535528,1,0.0,0.1545527502497881,0.07727637512489405
382,43985620,INDIVIDUAL|VARIABLE|P0132051000|1|0|1.0,"[634, 689]",0.0014319075712881024,1,0.0,0.14399475913152893,0.07199737956576446
383,43985620,INDIVIDUAL|VARIABLE|P0210133000|1|0|1.0|INDIVIDUAL|FIJO|200080259|1|0|1.0,[956],0.0014319075712881024,1,0.0,0.14399475913152893,0.07199737956576446
384,50020096,INDIVIDUAL|VARIABLE|P0210133000|1|0|1.0|INDIVIDUAL|FIJO|200080259|1|0|1.0,[956],0.0014319075712881024,1,0.0,0.14399475913152893,0.07199737956576446
385,50020096,SET FIJO|FIJO|200112453|1|0|1.0|SET FIJO|FIJO|200051355|0|0|1.0,"[3362, 3362]",0.001430615164520744,1,0.0,0.14226205503660694,0.07113102751830347
386,43985620,PROMOCIÓN INDIVIDUAL|VARIABLE|200037734|1|0|1.0,[1136],0.001430615164520744,1,0.0,0.14226205503660694,0.07113102751830347
387,50020096,VOLUMEN|FIJO|200083596|1|0|2.0,[1282],0.001430615164520744,1,0.0,0.14226205503660694,0.07113102751830347
388,43985620,SET FIJO|FIJO|210047499|0|0|1.0|SET FIJO|FIJO|200039855|1|0|1.0,"[1233, 1233]",0.001430615164520744,1,0.0,0.14226205503660694,0.07113102751830347
389,50020096,INDIVIDUAL + ADICIONAL|FIJO|200103327|0|1|1.0|INDIVIDUAL + ADICIONAL|FIJO|200010080|1|0|1.0,"[377, 377]",0.001430615164520744,1,0.0,0.14226205503660694,0.07113102751830347
390,50020096,SET FIJO|FIJO|200095385|0|0|1.0|SET FIJO|FIJO|200038319|1|0|1.0,"[3338, 3338]",0.001430615164520744,1,0.0,0.14226205503660694,0.07113102751830347
391,43985620,INDIVIDUAL|FIJO|200110005|1|0|1.0,[857],0.001430615164520744,1,0.0,0.14226205503660694,0.07113102751830347
392,43985620,INDIVIDUAL|FIJO|200056331|1|0|1.0,[676],0.001430615164520744,1,0.0,0.14226205503660694,0.07113102751830347
393,50020096,INDIVIDUAL|FIJO|200100812|1|0|1.0,[878],0.001430615164520744,1,0.0,0.14226205503660694,0.07113102751830347
394,50020096,SET FIJO|FIJO|200010080|1|0|1.0,[3316],0.001430615164520744,1,0.0,0.14226205503660694,0.07113102751830347
395,43985620,SET FIJO|FIJO|200011767|0|0|1.0|SET FIJO|FIJO|200084604|1|0|1.0,"[1217, 1217]",0.001430615164520744,1,0.0,0.14226205503660694,0.07113102751830347
396,43985620,SET FIJO|FIJO|200058349|1|0|1.0|SET FIJO|FIJO|200059276|0|0|1.0|SET FIJO|FIJO|200058353|0|0|1.0,"[1220, 1220, 1220]",0.001430615164520744,1,0.0,0.14226205503660694,0.07113102751830347
397,43985620,SET FIJO|FIJO|200093863|0|0|1.0|SET FIJO|FIJO|200088336|1|0|1.0|SET FIJO|FIJO|200100617|0|0|1.0,"[1205, 1205, 1205]",0.001430615164520744,1,0.0,0.14226205503660694,0.07113102751830347
398,43985620,SET FIJO|FIJO|200060872|1|0|1.0|SET FIJO|FIJO|200095157|0|0|1.0,"[1229, 1229]",0.001430615164520744,1,0.0,0.14226205503660694,0.07113102751830347
399,50020096,INDIVIDUAL|VARIABLE|P0132051003|1|0|1.0,[726],0.001430615164520744,1,0.0,0.14226205503660694,0.07113102751830347
400,43985620,INDIVIDUAL|FIJO|P0292090009|1|0|1.0,[2965],0.001430615164520744,1,0.0,0.14226205503660694,0.07113102751830347
401,43985620,SET FIJO|FIJO|200056740|1|0|1.0,[1236],0.001430615164520744,1,0.0,0.14226205503660694,0.07113102751830347
402,43985620,SET FIJO|FIJO|200050979|1|0|1.0|SET FIJO|FIJO|200063985|0|0|1.0|SET FIJO|FIJO|200046830|0|0|1.0|SET FIJO|FIJO|200098264|0|0|1.0,"[253, 253, 253, 253]",0.001430615164520744,1,0.0,0.14226205503660694,0.07113102751830347
403,50020096,INDIVIDUAL|FIJO|200072593|1|1|1.0,[1406],0.001430615164520744,1,0.0,0.14226205503660694,0.07113102751830347
404,43985620,INDIVIDUAL|VARIABLE|P0216057005|1|0|1.0|INDIVIDUAL|FIJO|200076945|1|0|1.0|INDIVIDUAL|VARIABLE|P0216057005|1|0|1.0,"[750, 750]",0.001423627621093003,1,0.0,0.13289399428632342,0.06644699714316171
405,50180387,INDIVIDUAL|VARIABLE|P0216057005|1|0|1.0|INDIVIDUAL|FIJO|200076945|1|0|1.0|INDIVIDUAL|VARIABLE|P0216057005|1|0|1.0,[750],0.001423627621093003,1,0.0,0.13289399428632342,0.06644699714316171
406,20541199,INDIVIDUAL|VARIABLE|P0292139009|1|0|1.0,[963],0.0014204545454545455,1,0.0,0.1286399147727273,0.06431995738636365
407,20541199,INDIVIDUAL|FIJO|200095847|1|1|1.0,[1262],0.0014204545454545455,1,0.0,0.1286399147727273,0.06431995738636365
408,35545956,VOLUMEN|FIJO|200098648|0|0|2.0|INDIVIDUAL|FIJO|200089222|1|0|1.0|VOLUMEN|FIJO|200080229|0|0|2.0|VOLUMEN|FIJO|200087691|1|0|3.0,"[1250, 1250, 1250]",0.0014199986438532652,1,0.0,0.12802869654687865,0.06401434827343933
409,50020096,VOLUMEN|FIJO|200098648|0|0|2.0|INDIVIDUAL|FIJO|200089222|1|0|1.0|VOLUMEN|FIJO|200080229|0|0|2.0|VOLUMEN|FIJO|200087691|1|0|3.0,[1250],0.001419998643853265,1,0.0,0.1280286965468782,0.0640143482734391
410,50073300,INDIVIDUAL|FIJO|200106311|1|1|1.0|VOLUMEN|VARIABLE|P0280076000|1|0|1.0,[1238],0.0014195913669527984,1,0.0,0.12748266849206713,0.06374133424603357
411,43985620,INDIVIDUAL|FIJO|200106311|1|1|1.0|VOLUMEN|VARIABLE|P0280076000|1|0|1.0,[1238],0.0014195913669527984,1,0.0,0.12748266849206713,0.06374133424603357
412,43985620,VOLUMEN|FIJO|200096670|1|0|1.0|SET FIJO|FIJO|200046326|0|0|1.0|SET FIJO|FIJO|200056258|0|0|1.0|SET FIJO|FIJO|200056246|1|0|1.0|VOLUMEN|FIJO|200082170|1|0|1.0|VOLUMEN|FIJO|200104065|1|0|1.0,"[1207, 1207, 1207]",0.001419532934373048,1,0.0,0.12740432909245425,0.06370216454622712
413,10961556,VOLUMEN|FIJO|200096670|1|0|1.0|SET FIJO|FIJO|200046326|0|0|1.0|SET FIJO|FIJO|200056258|0|0|1.0|SET FIJO|FIJO|200056246|1|0|1.0|VOLUMEN|FIJO|200082170|1|0|1.0|VOLUMEN|FIJO|200104065|1|0|1.0,"[1207, 1207, 1207]",0.001419532934373048,1,0.0,0.12740432909245425,0.06370216454622712
414,49946996,INDIVIDUAL|FIJO|200110090|1|0|1.0|INDIVIDUAL|FIJO|P0132056004|1|0|1.0|INDIVIDUAL|FIJO|P0132056004|1|0|1.0,[512],0.001418498821215649,1,0.0,0.12601791411251706,0.06300895705625853
415,50020096,INDIVIDUAL|FIJO|200110090|1|0|1.0|INDIVIDUAL|FIJO|P0132056004|1|0|1.0|INDIVIDUAL|FIJO|P0132056004|1|0|1.0,[512],0.001418498821215649,1,0.0,0.12601791411251706,0.06300895705625853
416,10961556,INDIVIDUAL|FIJO|200110090|1|0|1.0|INDIVIDUAL|FIJO|P0132056004|1|0|1.0|INDIVIDUAL|FIJO|P0132056004|1|0|1.0,[512],0.001418498821215649,1,0.0,0.12601791411251706,0.06300895705625853
417,50180387,SET FIJO|FIJO|200109532|1|0|1.0|INDIVIDUAL|VARIABLE|P0292139009|1|0|1.0|SET FIJO|FIJO|200109632|0|0|1.0,"[1014, 1014, 1014]",0.0014175813016497737,1,0.0,0.12478781384601012,0.06239390692300506
418,10961556,INDIVIDUAL|VARIABLE|P0285050000|1|0|1.0|INDIVIDUAL|FIJO|200067147|1|0|1.0|INDIVIDUAL|FIJO|200067147|1|0|1.0,[79],0.0014170820285254696,1,0.0,0.1241184482802955,0.06205922414014775
419,43985620,INDIVIDUAL|VARIABLE|P0285050000|1|0|1.0|INDIVIDUAL|FIJO|200067147|1|0|1.0|INDIVIDUAL|FIJO|200067147|1|0|1.0,[79],0.0014170820285254696,1,0.0,0.1241184482802955,0.06205922414014775
420,50020096,INDIVIDUAL|VARIABLE|P0285050000|1|0|1.0|INDIVIDUAL|FIJO|200067147|1|0|1.0|INDIVIDUAL|FIJO|200067147|1|0|1.0,[79],0.0014170820285254696,1,0.0,0.1241184482802955,0.06205922414014775
421,49946996,SET FIJO|FIJO|200099704|0|0|1.0|SET FIJO|FIJO|200092172|0|0|1.0|SET FIJO|FIJO|200079595|1|0|1.0,"[2509, 2509, 2509]",0.00141643059490085,1,0.0,0.12324508415264135,0.061622542076320674
422,35545956,INDIVIDUAL|VARIABLE|P0280076000|1|0|1.0,"[99, 549]",0.00141643059490085,1,0.0,0.12324508415264135,0.061622542076320674
423,49946996,SET FIJO|FIJO|200083615|0|0|1.0|SET FIJO|FIJO|200063985|0|0|1.0|SET FIJO|FIJO|200089168|1|0|1.0,"[3114, 3114, 3114]",0.00141643059490085,1,0.0,0.12324508415264135,0.061622542076320674
424,35545956,INDIVIDUAL|FIJO|200101086|1|0|1.0,[474],0.00141643059490085,1,0.0,0.12324508415264135,0.061622542076320674
425,49946996,SET FIJO|FIJO|200059276|0|0|1.0|SET FIJO|FIJO|200058349|1|0|1.0|SET FIJO|FIJO|200058353|0|0|1.0,"[1088, 1088, 1088]",0.00141643059490085,1,0.0,0.12324508415264135,0.061622542076320674
426,35545956,INDIVIDUAL + ADICIONAL|FIJO|200101086|1|0|1.0,[2],0.00141643059490085,1,0.0,0.12324508415264135,0.061622542076320674
427,20541199,INDIVIDUAL|FIJO|200109795|1|1|1.0|INDIVIDUAL|FIJO|200109795|1|1|1.0|INDIVIDUAL|FIJO|200109795|1|1|1.0,[1382],0.0014151119481935826,1,0.0,0.1214772006912237,0.06073860034561185
428,50073300,INDIVIDUAL|FIJO|200109795|1|1|1.0|INDIVIDUAL|FIJO|200109795|1|1|1.0|INDIVIDUAL|FIJO|200109795|1|1|1.0,[1382],0.0014151119481935826,1,0.0,0.1214772006912237,0.06073860034561185
429,49946996,INDIVIDUAL|FIJO|200109795|1|1|1.0|INDIVIDUAL|FIJO|200109795|1|1|1.0|INDIVIDUAL|FIJO|200109795|1|1|1.0,[1382],0.0014151119481935826,1,0.0,0.1214772006912237,0.06073860034561185
430,50020096,VOLUMEN|VARIABLE|200043496|1|0|1.0|INDIVIDUAL|FIJO|210095212|1|1|1.0,[1252],0.0014097520267048165,1,0.0,0.114291260361441,0.0571456301807205
431,43985620,VOLUMEN|VARIABLE|200043496|1|0|1.0|INDIVIDUAL|FIJO|210095212|1|1|1.0,[1252],0.0014097520267048165,1,0.0,0.114291260361441,0.0571456301807205
432,50073300,INDIVIDUAL|FIJO|P0216057000|1|0|1.0,[2702],0.0014084507042253522,1,0.0,0.11254660314830178,0.05627330157415089
433,50073300,INDIVIDUAL|VARIABLE|P0197145001|1|0|1.0,[659],0.0014084507042253522,1,0.0,0.11254660314830178,0.05627330157415089
434,50073300,INDIVIDUAL|VARIABLE|P0216057002|1|0|1.0,[655],0.0014084507042253522,1,0.0,0.11254660314830178,0.05627330157415089
435,50073300,INDIVIDUAL|VARIABLE|P0216057005|1|0|1.0,[656],0.0014084507042253522,1,0.0,0.11254660314830178,0.05627330157415089
436,49389205,SET FIJO|FIJO|200093884|0|0|1.0|SET FIJO|FIJO|200043493|0|0|1.0|SET FIJO|FIJO|200017521|0|0|1.0|SET FIJO|FIJO|200056636|1|0|1.0,"[992, 992, 992, 992]",0.0014084507042253522,1,0.0,0.11254660314830178,0.05627330157415089
437,10961556,INDIVIDUAL|VARIABLE|P0197150000|1|0|1.0,[2071],0.0014084507042253522,1,0.0,0.11254660314830178,0.05627330157415089
438,50073300,INDIVIDUAL|VARIABLE|P0289058009|1|0|1.0,[952],0.0014084507042253522,1,0.0,0.11254660314830178,0.05627330157415089
439,50073300,SET FIJO|FIJO|200092176|0|0|1.0|SET FIJO|FIJO|200090097|0|0|1.0|SET FIJO|FIJO|200084602|1|0|1.0,"[988, 988, 988]",0.0014084507042253522,1,0.0,0.11254660314830178,0.05627330157415089
440,50073300,SET FIJO|FIJO|200094901|0|0|1.0|SET FIJO|FIJO|P0280084002|0|0|1.0|SET FIJO|FIJO|200051088|0|0|1.0|SET FIJO|FIJO|200053740|1|0|1.0,"[458, 458, 458, 458]",0.0014084507042253522,1,0.0,0.11254660314830178,0.05627330157415089
441,50073300,INDIVIDUAL|FIJO|200082170|1|0|1.0,[191],0.0014084507042253522,1,0.0,0.11254660314830178,0.05627330157415089
442,50073300,VOLUMEN|FIJO|200060612|1|0|2.0,[4003],0.0014084507042253522,1,0.0,0.11254660314830178,0.05627330157415089
443,49389205,INDIVIDUAL|FIJO|200106357|1|0|1.0,[528],0.0014084507042253522,1,0.0,0.11254660314830178,0.05627330157415089
444,49389205,INDIVIDUAL + ADICIONAL|FIJO|200106274|1|0|1.0|INDIVIDUAL + ADICIONAL|FIJO|200109119|0|1|1.0,"[1013, 1013]",0.0014084507042253522,1,0.0,0.11254660314830178,0.05627330157415089
445,49389205,INDIVIDUAL|FIJO|200037125|1|0|1.0,[888],0.0014084507042253522,1,0.0,0.11254660314830178,0.05627330157415089
446,10961556,INDIVIDUAL|VARIABLE|P0261052003|1|0|1.0,[432],0.0014084507042253522,1,0.0,0.11254660314830178,0.05627330157415089
447,10961556,INDIVIDUAL|FIJO|200095182|1|0|1.0|INDIVIDUAL|FIJO|200095182|1|0|1.0,[556],0.0014084507042253522,1,0.0,0.11254660314830178,0.05627330157415089
448,10961556,SET FIJO|FIJO|200056741|0|0|1.0|SET FIJO|FIJO|200056740|1|0|1.0,"[1092, 1092]",0.0014084507042253522,1,0.0,0.11254660314830178,0.05627330157415089
449,49389205,INDIVIDUAL|VARIABLE|P0132050000|1|0|1.0,[631],0.0014084507042253522,1,0.0,0.11254660314830178,0.05627330157415089
450,10961556,SET FIJO|FIJO|200067092|0|0|1.0|SET FIJO|FIJO|200080229|1|0|1.0,"[1109, 1109]",0.0014084507042253522,1,0.0,0.11254660314830178,0.05627330157415089
451,50073300,INDIVIDUAL|FIJO|200101610|1|0|1.0,[342],0.0014084507042253522,1,0.0,0.11254660314830178,0.05627330157415089
452,10961556,SET VARIABLE|FIJO|P0216059001|0|0|1.0|SET VARIABLE|VARIABLE|P0194067000|1|0|1.0,"[3283, 3283]",0.0014084507042253522,1,0.0,0.11254660314830178,0.05627330157415089
453,50073300,INDIVIDUAL|FIJO|200084785|1|0|1.0,[808],0.0014084507042253522,1,0.0,0.11254660314830178,0.05627330157415089
454,50073300,INDIVIDUAL|FIJO|200109794|1|0|1.0,[532],0.0014084507042253522,1,0.0,0.11254660314830178,0.05627330157415089
455,50073300,INDIVIDUAL|FIJO|P0132056004|1|0|1.0,[2738],0.0014084507042253522,1,0.0,0.11254660314830178,0.05627330157415089
456,49389205,INDIVIDUAL|FIJO|P0292090005|1|0|1.0,[722],0.0014084507042253522,1,0.0,0.11254660314830178,0.05627330157415089
457,49389205,993|VARIABLE|200056741|1|0|1.0|993|VARIABLE|200064292|1|0|1.0|993|VARIABLE|200056743|1|0|1.0,"[3511, 3511, 3511]",0.0014084507042253522,1,0.0,0.11254660314830178,0.05627330157415089
458,50073300,INDIVIDUAL|FIJO|200095182|1|0|1.0|INDIVIDUAL|FIJO|200095182|1|0|1.0,[556],0.0014084507042253522,1,0.0,0.11254660314830178,0.05627330157415089
459,43985620,INDIVIDUAL|FIJO|200095771|1|0|1.0|INDIVIDUAL|VARIABLE|P0210052000|1|0|1.0,[995],0.0014059153170670018,1,0.0,0.10914745991999353,0.054573729959996764
460,50180387,INDIVIDUAL|FIJO|200095771|1|0|1.0|INDIVIDUAL|VARIABLE|P0210052000|1|0|1.0,[995],0.0014059153170670018,1,0.0,0.10914745991999353,0.054573729959996764
461,35545956,INDIVIDUAL|FIJO|200035113|1|0|1.0|INDIVIDUAL|FIJO|200080256|1|0|1.0,[893],0.0014026597418948694,1,0.0,0.10478277491945809,0.052391387459729044
462,43985620,INDIVIDUAL|FIJO|200035113|1|0|1.0|INDIVIDUAL|FIJO|200080256|1|0|1.0,[893],0.0014026597418948694,1,0.0,0.10478277491945809,0.052391387459729044
463,50180387,SET FIJO|FIJO|200099581|0|0|1.0|SET FIJO|FIJO|200082481|1|0|1.0,"[669, 669]",0.001402524544179523,1,0.0,0.10460151802656559,0.052300759013282794
464,50180387,INDIVIDUAL|FIJO|200106305|1|0|1.0,[1030],0.001402524544179523,1,0.0,0.10460151802656559,0.052300759013282794
465,50180387,INDIVIDUAL|FIJO|200060357|1|0|1.0,[559],0.001402524544179523,1,0.0,0.10460151802656559,0.052300759013282794
466,50180387,SET FIJO|FIJO|200010080|1|0|1.0|SET FIJO|FIJO|200056621|0|0|1.0|SET FIJO|FIJO|200043487|0|0|1.0,"[979, 979, 979]",0.001402524544179523,1,0.0,0.10460151802656559,0.052300759013282794
467,50180387,SET FIJO|FIJO|200044715|1|0|1.0|SET FIJO|FIJO|P0132051003|0|0|1.0,"[662, 662]",0.001402524544179523,1,0.0,0.10460151802656559,0.052300759013282794
468,50180387,INDIVIDUAL|FIJO|200110023|1|0|1.0,[1031],0.001402524544179523,1,0.0,0.10460151802656559,0.052300759013282794
469,43985620,INDIVIDUAL|VARIABLE|P0132053000|1|0|1.0|INDIVIDUAL|VARIABLE|P0132053000|1|0|1.0|INDIVIDUAL|VARIABLE|P0132053000|1|0|1.0|INDIVIDUAL|VARIABLE|P0132053000|1|0|1.0,[644],0.001402078710379779,1,0.0,0.10400379750236088,0.05200189875118044
470,50180387,INDIVIDUAL|VARIABLE|P0132053000|1|0|1.0|INDIVIDUAL|VARIABLE|P0132053000|1|0|1.0|INDIVIDUAL|VARIABLE|P0132053000|1|0|1.0|INDIVIDUAL|VARIABLE|P0132053000|1|0|1.0,[644],0.001402078710379779,1,0.0,0.10400379750236088,0.05200189875118044
471,50073300,INDIVIDUAL|VARIABLE|P0132053000|1|0|1.0|INDIVIDUAL|VARIABLE|P0132053000|1|0|1.0|INDIVIDUAL|VARIABLE|P0132053000|1|0|1.0|INDIVIDUAL|VARIABLE|P0132053000|1|0|1.0,"[644, 644]",0.001402078710379779,1,0.0,0.10400379750236088,0.05200189875118044
472,50020096,INDIVIDUAL|FIJO|200109795|1|1|1.0|INDIVIDUAL|FIJO|200109795|1|1|1.0|INDIVIDUAL|FIJO|200109795|1|1|1.0|INDIVIDUAL|FIJO|200109795|1|1|1.0|INDIVIDUAL|FIJO|200109795|1|1|1.0,[1242],0.0013947979062112138,1,0.0,0.09424256789894225,0.04712128394947113
473,35545956,INDIVIDUAL|FIJO|200109795|1|1|1.0|INDIVIDUAL|FIJO|200109795|1|1|1.0|INDIVIDUAL|FIJO|200109795|1|1|1.0|INDIVIDUAL|FIJO|200109795|1|1|1.0|INDIVIDUAL|FIJO|200109795|1|1|1.0,[1242],0.0013947979062112138,1,0.0,0.09424256789894225,0.04712128394947113
474,43985620,INDIVIDUAL|FIJO|200109795|1|1|1.0|INDIVIDUAL|FIJO|200109795|1|1|1.0|INDIVIDUAL|FIJO|200109795|1|1|1.0|INDIVIDUAL|FIJO|200109795|1|1|1.0|INDIVIDUAL|FIJO|200109795|1|1|1.0,[1242],0.0013947979062112138,1,0.0,0.09424256789894225,0.04712128394947113
475,49389205,INDIVIDUAL|FIJO|200109795|1|1|1.0|INDIVIDUAL|FIJO|200109795|1|1|1.0|INDIVIDUAL|FIJO|200109795|1|1|1.0|INDIVIDUAL|FIJO|200109795|1|1|1.0|INDIVIDUAL|FIJO|200109795|1|1|1.0,[1242],0.0013947979062112138,1,0.0,0.09424256789894225,0.04712128394947113
476,10961556,INDIVIDUAL|FIJO|200109795|1|1|1.0|INDIVIDUAL|FIJO|200109795|1|1|1.0|INDIVIDUAL|FIJO|200109795|1|1|1.0|INDIVIDUAL|FIJO|200109795|1|1|1.0|INDIVIDUAL|FIJO|200109795|1|1|1.0,[1242],0.0013947979062112138,1,0.0,0.09424256789894225,0.04712128394947113
477,50020096,INDIVIDUAL|FIJO|200072404|1|0|1.0,[406],0.001388888888888889,1,0.0,0.0863204656862746,0.0431602328431373
478,50020096,INDIVIDUAL|FIJO|200090658|1|0|1.0,[1672],0.001388888888888889,1,0.0,0.0863204656862746,0.0431602328431373
479,50020096,INDIVIDUAL|VARIABLE|P0197145001|1|0|1.0,[2083],0.001388888888888889,1,0.0,0.0863204656862746,0.0431602328431373
480,50020096,SET FIJO|FIJO|200095771|0|0|1.0|SET FIJO|FIJO|200039966|1|0|1.0,"[3112, 3112]",0.001388888888888889,1,0.0,0.0863204656862746,0.0431602328431373
481,43985620,INDIVIDUAL|FIJO|200039963|1|0|1.0,[828],0.001388888888888889,1,0.0,0.0863204656862746,0.0431602328431373
482,50020096,INDIVIDUAL|FIJO|P0279092003|1|0|1.0,[313],0.001388888888888889,1,0.0,0.0863204656862746,0.0431602328431373
483,50020096,INDIVIDUAL|FIJO|P0197132000|1|1|1.0,[1259],0.001388888888888889,1,0.0,0.0863204656862746,0.0431602328431373
484,43985620,INDIVIDUAL|FIJO|200106286|1|1|1.0,[1260],0.001388888888888889,1,0.0,0.0863204656862746,0.0431602328431373
485,50020096,SET FIJO|FIJO|200107828|1|0|1.0|SET FIJO|FIJO|200107822|0|0|1.0,"[478, 478]",0.001388888888888889,1,0.0,0.0863204656862746,0.0431602328431373
486,50020096,993|VARIABLE|200058729|1|0|1.0,[3514],0.001388888888888889,1,0.0,0.0863204656862746,0.0431602328431373
487,50020096,INDIVIDUAL|FIJO|210097030|1|1|1.0,[229],0.001388888888888889,1,0.0,0.0863204656862746,0.0431602328431373
488,50020096,INDIVIDUAL|FIJO|200105033|1|0|1.0,[564],0.001388888888888889,1,0.0,0.0863204656862746,0.0431602328431373
489,43985620,INDIVIDUAL|FIJO|200091875|1|0|1.0,[725],0.001388888888888889,1,0.0,0.0863204656862746,0.0431602328431373
490,43985620,INDIVIDUAL|VARIABLE|P0197132000|1|0|1.0,[648],0.001388888888888889,1,0.0,0.0863204656862746,0.0431602328431373
491,50020096,INDIVIDUAL|FIJO|200109795|1|1|1.0,[1283],0.001388888888888889,1,0.0,0.0863204656862746,0.0431602328431373
492,43985620,INDIVIDUAL|FIJO|200082462|1|0|1.0,[744],0.001388888888888889,1,0.0,0.0863204656862746,0.0431602328431373
493,50020096,INDIVIDUAL|FIJO|200105035|1|0|1.0,[563],0.001388888888888889,1,0.0,0.0863204656862746,0.0431602328431373
494,43985620,INDIVIDUAL|FIJO|200056740|1|0|1.0,[896],0.001388888888888889,1,0.0,0.0863204656862746,0.0431602328431373
495,50020096,INDIVIDUAL + ADICIONAL|FIJO|200098878|1|0|1.0,[249],0.001388888888888889,1,0.0,0.0863204656862746,0.0431602328431373
496,10961556,INDIVIDUAL|VARIABLE|P0279074000|1|0|1.0,"[2093, 3600]",0.00138542426219442,1,0.0,0.0816755094600301,0.04083775473001505
497,43985620,SET FIJO|FIJO|200089168|1|0|1.0|PROMOCIÓN INDIVIDUAL|VARIABLE|200050748|1|0|1.0|SET FIJO|FIJO|200106161|0|0|1.0,"[1135, 1135]",0.0013834780468345513,1,0.0,0.07906625716515325,0.03953312858257663
498,50180387,SET FIJO|FIJO|200089168|1|0|1.0|PROMOCIÓN INDIVIDUAL|VARIABLE|200050748|1|0|1.0|SET FIJO|FIJO|200106161|0|0|1.0,[1135],0.0013834780468345513,1,0.0,0.07906625716515325,0.03953312858257663
499,50180387,INDIVIDUAL|VARIABLE|P0261097007|1|0|1.0,[505],0.0013812154696132596,1,0.0,0.0760328648033799,0.03801643240168995
500,50180387,INDIVIDUAL|FIJO|200109636|1|1|1.0,[983],0.0013812154696132596,1,0.0,0.0760328648033799,0.03801643240168995
501,50180387,INDIVIDUAL|FIJO|200107337|1|0|1.0,[612],0.0013812154696132596,1,0.0,0.0760328648033799,0.03801643240168995
502,50180387,INDIVIDUAL|FIJO|200097947|1|0|1.0,[582],0.0013812154696132596,1,0.0,0.0760328648033799,0.03801643240168995
503,50180387,PROMOCIÓN INDIVIDUAL|FIJO|200094901|1|0|1.0,[544],0.0013812154696132596,1,0.0,0.0760328648033799,0.03801643240168995
504,35545956,PROMOCIÓN INDIVIDUAL|FIJO|200051355|1|1|1.0,[1134],0.001379310344827586,1,0.0,0.07347870182555782,0.03673935091277891
505,35545956,PROMOCIÓN INDIVIDUAL|FIJO|200046326|1|1|1.0,[1133],0.001379310344827586,1,0.0,0.07347870182555782,0.03673935091277891
506,35545956,VOLUMEN|VARIABLE|200043496|1|0|5.0|VOLUMEN|VARIABLE|200067292|1|0|5.0|VOLUMEN|VARIABLE|200092172|1|0|5.0,"[1150, 1150, 1150]",0.0013793103448275859,1,0.0,0.07347870182555738,0.03673935091277869
507,35545956,VOLUMEN|FIJO|200079595|1|0|2.0|VOLUMEN|FIJO|200084602|1|0|3.0|VOLUMEN|FIJO|200091328|1|0|3.0,"[1172, 1172, 1172]",0.0013793103448275859,1,0.0,0.07347870182555738,0.03673935091277869
508,50020096,VOLUMEN|VARIABLE|200043495|1|0|1.0|PROMOCIÓN SET FIJO|FIJO|200106354|1|0|1.0|VOLUMEN|VARIABLE|200058353|1|0|1.0,[1148],0.001377485237978252,1,0.0,0.07103181730639441,0.035515908653197203
509,50073300,VOLUMEN|VARIABLE|200043495|1|0|1.0|PROMOCIÓN SET FIJO|FIJO|200106354|1|0|1.0|VOLUMEN|VARIABLE|200058353|1|0|1.0,[1148],0.001377485237978252,1,0.0,0.07103181730639441,0.035515908653197203
510,35545956,VOLUMEN|VARIABLE|200043495|1|0|1.0|PROMOCIÓN SET FIJO|FIJO|200106354|1|0|1.0|VOLUMEN|VARIABLE|200058353|1|0|1.0,[1148],0.001377485237978252,1,0.0,0.07103181730639441,0.035515908653197203
511,43985620,INDIVIDUAL|FIJO|200105034|1|0|1.0|INDIVIDUAL|FIJO|200054026|1|0|1.0,[565],0.001369208277103014,1,0.0,0.059935060182980227,0.029967530091490113
512,50020096,INDIVIDUAL|FIJO|200105034|1|0|1.0|INDIVIDUAL|FIJO|200054026|1|0|1.0,[565],0.001369208277103014,1,0.0,0.059935060182980227,0.029967530091490113
513,50180387,VOLUMEN|VARIABLE|P0197143004|1|0|2.0|VOLUMEN|VARIABLE|P0197143004|1|0|2.0|VOLUMEN|VARIABLE|P0197105003|1|0|2.0,"[723, 723]",0.001368838986910632,1,0.0,0.05943996015355024,0.02971998007677512
514,50020096,VOLUMEN|VARIABLE|P0197143004|1|0|2.0|VOLUMEN|VARIABLE|P0197143004|1|0|2.0|VOLUMEN|VARIABLE|P0197105003|1|0|2.0,[723],0.001368838986910632,1,0.0,0.05943996015355024,0.02971998007677512
515,49389205,INDIVIDUAL|VARIABLE|P0292100000|1|0|1.0,[985],0.0013679890560875513,1,0.0,0.05830047477267253,0.029150237386336264
516,49389205,INDIVIDUAL|VARIABLE|P0132051003|1|0|1.0|INDIVIDUAL|VARIABLE|P0132051003|1|0|1.0,"[678, 678]",0.0013679890560875513,1,0.0,0.05830047477267253,0.029150237386336264
517,49389205,INDIVIDUAL|FIJO|200107827|1|0|1.0,[400],0.0013679890560875513,1,0.0,0.05830047477267253,0.029150237386336264
518,49389205,INDIVIDUAL|VARIABLE|P0280084002|1|0|1.0,[510],0.0013679890560875513,1,0.0,0.05830047477267253,0.029150237386336264
519,49389205,INDIVIDUAL|FIJO|200094945|1|0|1.0,[376],0.0013679890560875513,1,0.0,0.05830047477267253,0.029150237386336264
520,49389205,INDIVIDUAL|FIJO|200040880|1|0|1.0,[968],0.0013679890560875513,1,0.0,0.05830047477267253,0.029150237386336264
521,49389205,993|VARIABLE|200107828|1|0|1.0|993|VARIABLE|200107822|1|0|1.0|993|VARIABLE|200110089|1|0|1.0|993|VARIABLE|200110090|1|0|1.0,"[4020, 4020, 4020, 4020]",0.0013679890560875513,1,0.0,0.05830047477267253,0.029150237386336264
522,10961556,INDIVIDUAL|FIJO|200111961|1|1|1.0|INDIVIDUAL|FIJO|200111961|1|1|1.0,[1394],0.0013651934381255196,1,0.0,0.05455244527221548,0.02727622263610774
523,49389205,INDIVIDUAL|FIJO|200111961|1|1|1.0|INDIVIDUAL|FIJO|200111961|1|1|1.0,[1394],0.0013651934381255196,1,0.0,0.05455244527221548,0.02727622263610774
524,50073300,PROMOCIÓN INDIVIDUAL|FIJO|P0210136000|1|1|1.0,[1145],0.001364256480218281,1,0.0,0.05329628440735101,0.026648142203675507
525,50073300,PROMOCIÓN INDIVIDUAL|FIJO|P0210133000|1|1|1.0,[1144],0.001364256480218281,1,0.0,0.05329628440735101,0.026648142203675507
526,50073300,PROMOCIÓN INDIVIDUAL|FIJO|200050795|1|1|1.0,[1143],0.001364256480218281,1,0.0,0.05329628440735101,0.026648142203675507
527,50073300,VOLUMEN|VARIABLE|P0261097007|1|0|2.0,[1235],0.001364256480218281,1,0.0,0.05329628440735101,0.026648142203675507
528,50073300,INDIVIDUAL|FIJO|200095931|1|0|1.0,[761],0.001364256480218281,1,0.0,0.05329628440735101,0.026648142203675507
529,50073300,INDIVIDUAL|FIJO|200101406|1|1|1.0,[1302],0.001364256480218281,1,0.0,0.05329628440735101,0.026648142203675507
530,20541199,INDIVIDUAL|FIJO|200106308|1|1|1.0|INDIVIDUAL|FIJO|200106308|1|1|1.0|INDIVIDUAL|FIJO|200106308|1|1|1.0,[1393],0.0013623995060229478,1,0.0,0.05080667597006716,0.02540333798503358
531,10961556,INDIVIDUAL|FIJO|200106308|1|1|1.0|INDIVIDUAL|FIJO|200106308|1|1|1.0|INDIVIDUAL|FIJO|200106308|1|1|1.0,[1393],0.0013623995060229478,1,0.0,0.05080667597006716,0.02540333798503358
532,50073300,INDIVIDUAL|FIJO|200106308|1|1|1.0|INDIVIDUAL|FIJO|200106308|1|1|1.0|INDIVIDUAL|FIJO|200106308|1|1|1.0,[1393],0.0013623995060229478,1,0.0,0.05080667597006716,0.02540333798503358
533,10961556,INDIVIDUAL|FIJO|200084604|1|1|1.0,[1304],0.0013623978201634877,1,0.0,0.050804415771758205,0.025402207885879102
534,10961556,INDIVIDUAL|VARIABLE|P0292127008|1|0|1.0,"[5, 2655]",0.0013623978201634877,1,0.0,0.050804415771758205,0.025402207885879102
535,10961556,PROMOCIÓN INDIVIDUAL|FIJO|200043493|1|1|1.0,[1147],0.0013623978201634877,1,0.0,0.050804415771758205,0.025402207885879102
536,10961556,PROMOCIÓN INDIVIDUAL|FIJO|200058353|1|1|1.0,[1146],0.0013623978201634877,1,0.0,0.050804415771758205,0.025402207885879102
537,10961556,SET FIJO|FIJO|200058349|1|0|1.0|SET FIJO|FIJO|200056759|0|0|1.0,"[182, 182]",0.0013623978201634877,1,0.0,0.050804415771758205,0.025402207885879102
538,10961556,SET FIJO|FIJO|200107825|0|0|1.0|SET FIJO|FIJO|200107824|1|0|1.0,"[527, 527]",0.0013623978201634877,1,0.0,0.050804415771758205,0.025402207885879102
539,10961556,VOLUMEN|VARIABLE|200017521|1|0|3.0,[1156],0.0013623978201634877,1,0.0,0.050804415771758205,0.025402207885879102
540,10961556,VOLUMEN|VARIABLE|200045540|1|0|1.0|VOLUMEN|VARIABLE|200056621|1|0|1.0,"[1155, 1155]",0.0013623978201634877,1,0.0,0.050804415771758205,0.025402207885879102
541,10961556,VOLUMEN|VARIABLE|200098820|1|0|5.0|VOLUMEN|VARIABLE|200043493|1|0|5.0|VOLUMEN|VARIABLE|200058353|1|0|5.0|VOLUMEN|VARIABLE|200072538|1|0|5.0|VOLUMEN|VARIABLE|200059112|1|0|5.0|VOLUMEN|VARIABLE|200043487|1|0|5.0|VOLUMEN|VARIABLE|200067116|1|0|5.0,"[1154, 1154, 1154, 1154, 1154, 1154, 1154]",0.0013623978201634877,1,0.0,0.050804415771758205,0.025402207885879102
542,20541199,VOLUMEN|VARIABLE|200106398|1|0|8.0|VOLUMEN|VARIABLE|200101481|1|0|8.0|VOLUMEN|VARIABLE|200106397|1|0|8.0|VOLUMEN|VARIABLE|200106396|1|0|8.0|VOLUMEN|VARIABLE|200106312|1|0|8.0,"[1213, 1213, 1213, 1213, 1213]",0.0013605442176870747,1,0.0,0.04831932773109249,0.024159663865546244
543,20541199,VOLUMEN|FIJO|200011773|1|0|3.0|VOLUMEN|FIJO|200011767|1|0|2.0,"[1196, 1196]",0.0013605442176870747,1,0.0,0.04831932773109249,0.024159663865546244
544,20541199,VOLUMEN|FIJO|200063985|1|0|10.0,[4057],0.0013605442176870747,1,0.0,0.04831932773109249,0.024159663865546244
545,43985620,INDIVIDUAL|FIJO|200062879|1|0|1.0|INDIVIDUAL|FIJO|200062879|1|0|1.0,[934],0.0013559627427403133,1,0.0,0.042177035225722026,0.021088517612861013
546,10961556,INDIVIDUAL|FIJO|200062879|1|0|1.0|INDIVIDUAL|FIJO|200062879|1|0|1.0,[934],0.0013559627427403133,1,0.0,0.042177035225722026,0.021088517612861013
547,43985620,PROMOCIÓN INDIVIDUAL|FIJO|200056636|1|0|1.0,[1033],0.001349527665317139,1,0.0,0.033549654679685625,0.016774827339842813
548,43985620,SET FIJO|FIJO|200099310|0|0|1.0|SET FIJO|FIJO|200098264|1|0|1.0,"[1119, 1119]",0.001349527665317139,1,0.0,0.033549654679685625,0.016774827339842813
549,43985620,INDIVIDUAL|FIJO|210099293|1|1|1.0,[1301],0.001349527665317139,1,0.0,0.033549654679685625,0.016774827339842813
550,43985620,INDIVIDUAL|FIJO|210086712|1|0|1.0,[921],0.001349527665317139,1,0.0,0.033549654679685625,0.016774827339842813
551,43985620,INDIVIDUAL|FIJO|210049364|1|0|1.0,[732],0.001349527665317139,1,0.0,0.033549654679685625,0.016774827339842813
552,43985620,INDIVIDUAL|FIJO|200092361|1|0|1.0,[819],0.001349527665317139,1,0.0,0.033549654679685625,0.016774827339842813
553,43985620,VOLUMEN|VARIABLE|P0292090009|1|0|1.0,[1042],0.001349527665317139,1,0.0,0.033549654679685625,0.016774827339842813
554,43985620,VOLUMEN|VARIABLE|P0292139009|1|0|2.0|VOLUMEN|VARIABLE|P0292139009|1|0|2.0,"[1047, 1047]",0.001349527665317139,1,0.0,0.033549654679685625,0.016774827339842813
555,43985620,INDIVIDUAL|FIJO|200058353|1|0|1.0,[908],0.001349527665317139,1,0.0,0.033549654679685625,0.016774827339842813
556,50020096,VOLUMEN|VARIABLE|200067147|1|0|1.0|VOLUMEN|VARIABLE|200067147|1|0|1.0,[1056],0.0013468068434112578,1,0.0,0.029901902766787947,0.014950951383393973
557,43985620,VOLUMEN|VARIABLE|200067147|1|0|1.0|VOLUMEN|VARIABLE|200067147|1|0|1.0,[1056],0.0013468068434112578,1,0.0,0.029901902766787947,0.014950951383393973
558,50020096,INDIVIDUAL|FIJO|200039966|1|0|1.0|INDIVIDUAL|FIJO|200039966|1|0|1.0,[924],0.0013468068434112578,1,0.0,0.029901902766787947,0.014950951383393973
559,43985620,INDIVIDUAL|FIJO|200039966|1|0|1.0|INDIVIDUAL|FIJO|200039966|1|0|1.0,[924],0.0013468068434112578,1,0.0,0.029901902766787947,0.014950951383393973
560,50020096,993|VARIABLE|P0132056004|1|0|1.0|993|VARIABLE|P0132056004|1|0|1.0,"[3946, 3946]",0.0013440860215053765,1,0.0,0.026254150853890268,0.013127075426945134
561,50020096,SET FIJO|FIJO|200063985|0|0|1.0|SET FIJO|FIJO|200050979|1|0|1.0,"[161, 161]",0.0013440860215053765,1,0.0,0.026254150853890268,0.013127075426945134
562,50020096,INDIVIDUAL + ADICIONAL|FIJO|200097947|1|0|1.0|INDIVIDUAL + ADICIONAL|FIJO|200106161|0|1|1.0,"[306, 306]",0.0013440860215053765,1,0.0,0.026254150853890268,0.013127075426945134
563,35545956,INDIVIDUAL|FIJO|200105329|1|1|1.0,[1284],0.0013245033112582781,1,0.0,0.0,0.0
