,consultant_id,Composite_key,offer_id,recency,frequency,frequency_normalized,recency_normalized
0,10961556,INDIVIDUAL + ADICIONAL|FIJO|200083596|1|0|1.0|INDIVIDUAL + ADICIONAL|FIJO|200083596|1|0|1.0|INDIVIDUAL + ADICIONAL|FIJO|200083596|1|0|1.0|VOLUMEN|VARIABLE|P0132053000|1|0|1.0|VOLUMEN|VARIABLE|P0132053000|1|0|1.0|VOLUMEN|VARIABLE|P0132053000|1|0|1.0,[172],0.0014693222620424157,1,0.0,0.19415589223418195
1,10961556,INDIVIDUAL + ADICIONAL|FIJO|200109874|1|0|1.0|INDIVIDUAL + ADICIONAL|FIJO|200109874|1|0|1.0|INDIVIDUAL + ADICIONAL|FIJO|200109874|1|0|1.0,[280],0.0014444575947531655,1,0.0,0.16082032643626132
2,10961556,INDIVIDUAL|FIJO|200043493|1|0|1.0,[1999],0.0016181229773462784,1,0.0,0.3936500571102226
3,10961556,INDIVIDUAL|FIJO|200058353|1|0|1.0,[2236],0.0016181229773462784,1,0.0,0.3936500571102226
4,10961556,INDIVIDUAL|FIJO|200062879|1|0|1.0|INDIVIDUAL|FIJO|200062879|1|0|1.0,[934],0.0013559627427403133,1,0.0,0.042177035225722026
5,10961556,INDIVIDUAL|FIJO|200069876|1|0|1.0|INDIVIDUAL|FIJO|200069876|1|0|1.0,[2232],0.001602712282323933,1,0.0,0.372989244241386
6,10961556,INDIVIDUAL|FIJO|200082356|1|1|1.0|INDIVIDUAL|FIJO|200082356|1|1|1.0,[1398],0.0014545523786956209,1,0.0,0.1743542028567595
7,10961556,INDIVIDUAL|FIJO|200084604|1|1|1.0,[1304],0.0013623978201634877,1,0.0,0.050804415771758205
8,10961556,INDIVIDUAL|FIJO|200087327|1|0|1.0,[2185],0.001557632398753894,1,0.0,0.3125515393073115
9,10961556,INDIVIDUAL|FIJO|200088616|1|0|1.0,[1917],0.0016181229773462784,1,0.0,0.3936500571102226
10,10961556,INDIVIDUAL|FIJO|200095182|1|0|1.0|INDIVIDUAL|FIJO|200095182|1|0|1.0,[556],0.0014084507042253522,1,0.0,0.11254660314830178
11,10961556,INDIVIDUAL|FIJO|200098821|1|0|1.0,[2069],0.0016181229773462784,1,0.0,0.3936500571102226
12,10961556,INDIVIDUAL|FIJO|200102318|1|0|1.0,[1711],0.001451378809869376,1,0.0,0.17009946213608806
13,10961556,INDIVIDUAL|FIJO|200106308|1|1|1.0|INDIVIDUAL|FIJO|200106308|1|1|1.0|INDIVIDUAL|FIJO|200106308|1|1|1.0,[1393],0.0013623995060229478,1,0.0,0.05080667597006716
14,10961556,INDIVIDUAL|FIJO|200109790|1|1|1.0,[1336],0.0014970059880239522,1,0.0,0.23127091405424482
15,10961556,INDIVIDUAL|FIJO|200109795|1|1|1.0|INDIVIDUAL|FIJO|200109795|1|1|1.0|INDIVIDUAL|FIJO|200109795|1|1|1.0|INDIVIDUAL|FIJO|200109795|1|1|1.0|INDIVIDUAL|FIJO|200109795|1|1|1.0,[1242],0.0013947979062112138,1,0.0,0.09424256789894225
16,10961556,INDIVIDUAL|FIJO|200110090|1|0|1.0|INDIVIDUAL|FIJO|P0132056004|1|0|1.0|INDIVIDUAL|FIJO|P0132056004|1|0|1.0,[512],0.001418498821215649,1,0.0,0.12601791411251706
17,10961556,INDIVIDUAL|FIJO|200110160|1|1|1.0|INDIVIDUAL|FIJO|200110160|1|1|1.0|INDIVIDUAL|FIJO|200110160|1|1|1.0|INDIVIDUAL|FIJO|200110160|1|1|1.0|INDIVIDUAL|FIJO|200110160|1|1|1.0|INDIVIDUAL|FIJO|200110160|1|1|1.0|INDIVIDUAL|FIJO|200110160|1|1|1.0|INDIVIDUAL|FIJO|200110160|1|1|1.0|INDIVIDUAL|FIJO|200110160|1|1|1.0,[1396],0.0014438245737069448,1,0.0,0.15997164768692307
18,10961556,INDIVIDUAL|FIJO|200111961|1|1|1.0|INDIVIDUAL|FIJO|200111961|1|1|1.0,[1394],0.0013651934381255196,1,0.0,0.05455244527221548
19,10961556,INDIVIDUAL|FIJO|210047500|1|0|1.0,[2216],0.0016181229773462784,1,0.0,0.3936500571102226
20,10961556,INDIVIDUAL|FIJO|P0210060001|1|0|1.0,"[221, 1601]",0.001557632398753894,1,0.0,0.3125515393073115
21,10961556,INDIVIDUAL|VARIABLE|P0197106006|1|0|1.0|INDIVIDUAL|VARIABLE|P0197106006|1|0|1.0|INDIVIDUAL|VARIABLE|P0197106006|1|0|1.0|INDIVIDUAL|VARIABLE|P0197106006|1|0|1.0,"[1528, 1528]",0.0015480469686077161,1,0.0,0.2997005434093116
22,10961556,INDIVIDUAL|VARIABLE|P0197132000|1|0|1.0,[154],0.001557632398753894,1,0.0,0.3125515393073115
23,10961556,INDIVIDUAL|VARIABLE|P0197132000|1|0|1.0|INDIVIDUAL|VARIABLE|P0197132000|1|0|1.0,[1525],0.0015552137149048972,1,0.0,0.3093088578889496
24,10961556,INDIVIDUAL|VARIABLE|P0197145001|1|0|1.0,[712],0.0014970059880239522,1,0.0,0.23127091405424482
25,10961556,INDIVIDUAL|VARIABLE|P0197150000|1|0|1.0,[2071],0.0014084507042253522,1,0.0,0.11254660314830178
26,10961556,INDIVIDUAL|VARIABLE|P0210061000|1|0|1.0|INDIVIDUAL|FIJO|200095517|1|0|1.0|INDIVIDUAL|FIJO|200095517|1|0|1.0,"[997, 997]",0.001459666654138024,1,0.0,0.18121081040898002
27,10961556,INDIVIDUAL|VARIABLE|P0210133000|1|0|1.0|INDIVIDUAL|VARIABLE|P0210133000|1|0|1.0|INDIVIDUAL|VARIABLE|P0210133000|1|0|1.0|INDIVIDUAL|VARIABLE|P0210133000|1|0|1.0|INDIVIDUAL|VARIABLE|P0210133000|1|0|1.0,[2162],0.0015449043923824023,1,0.0,0.2954873538534144
28,10961556,INDIVIDUAL|VARIABLE|P0261052003|1|0|1.0,[432],0.0014084507042253522,1,0.0,0.11254660314830178
29,10961556,INDIVIDUAL|VARIABLE|P0261097007|1|0|1.0,[554],0.001451378809869376,1,0.0,0.17009946213608806
30,10961556,INDIVIDUAL|VARIABLE|P0279074000|1|0|1.0,"[2093, 3600]",0.00138542426219442,1,0.0,0.0816755094600301
31,10961556,INDIVIDUAL|VARIABLE|P0285050000|1|0|1.0,[1354],0.001557632398753894,1,0.0,0.3125515393073115
32,10961556,INDIVIDUAL|VARIABLE|P0285050000|1|0|1.0|INDIVIDUAL|FIJO|200067147|1|0|1.0|INDIVIDUAL|FIJO|200067147|1|0|1.0,[79],0.0014170820285254696,1,0.0,0.1241184482802955
33,10961556,INDIVIDUAL|VARIABLE|P0292107001|1|0|1.0,"[276, 1834]",0.001557632398753894,1,0.0,0.3125515393073115
34,10961556,INDIVIDUAL|VARIABLE|P0292127008|1|0|1.0,"[5, 2655]",0.0013623978201634877,1,0.0,0.050804415771758205
35,10961556,PROMOCIÓN INDIVIDUAL|FIJO|200043493|1|1|1.0,[1147],0.0013623978201634877,1,0.0,0.050804415771758205
36,10961556,PROMOCIÓN INDIVIDUAL|FIJO|200058353|1|1|1.0,[1146],0.0013623978201634877,1,0.0,0.050804415771758205
37,10961556,SET FIJO|FIJO|200012014|0|0|1.0|SET FIJO|FIJO|200037781|1|0|1.0,"[162, 162]",0.0014970059880239522,1,0.0,0.23127091405424482
38,10961556,SET FIJO|FIJO|200050981|1|0|1.0|SET FIJO|FIJO|210097030|0|0|1.0,"[3334, 3334]",0.0014970059880239522,1,0.0,0.23127091405424482
39,10961556,SET FIJO|FIJO|200056741|0|0|1.0|SET FIJO|FIJO|200056740|1|0|1.0,"[1092, 1092]",0.0014084507042253522,1,0.0,0.11254660314830178
40,10961556,SET FIJO|FIJO|200058349|1|0|1.0|SET FIJO|FIJO|200056759|0|0|1.0,"[182, 182]",0.0013623978201634877,1,0.0,0.050804415771758205
41,10961556,SET FIJO|FIJO|200063985|0|0|1.0|SET FIJO|FIJO|200056636|1|0|1.0,"[179, 179]",0.0014970059880239522,1,0.0,0.23127091405424482
42,10961556,SET FIJO|FIJO|200067092|0|0|1.0|SET FIJO|FIJO|200080229|1|0|1.0,"[1109, 1109]",0.0014084507042253522,1,0.0,0.11254660314830178
43,10961556,SET FIJO|FIJO|200105079|0|0|1.0|SET FIJO|FIJO|200056636|1|0|1.0|SET FIJO|FIJO|210047499|0|0|1.0,"[262, 262, 262]",0.001451378809869376,1,0.0,0.17009946213608806
44,10961556,SET FIJO|FIJO|200107825|0|0|1.0|SET FIJO|FIJO|200107824|1|0|1.0,"[527, 527]",0.0013623978201634877,1,0.0,0.050804415771758205
45,10961556,SET VARIABLE|FIJO|P0216059001|0|0|1.0|SET VARIABLE|VARIABLE|P0194067000|1|0|1.0,"[3283, 3283]",0.0014084507042253522,1,0.0,0.11254660314830178
46,10961556,VOLUMEN|FIJO|200044012|1|0|2.0|VOLUMEN|FIJO|200089168|1|0|2.0|VOLUMEN|FIJO|200109874|1|0|2.0,"[1189, 1189, 1189]",0.0014970059880239524,1,0.0,0.23127091405424482
47,10961556,VOLUMEN|FIJO|200096670|1|0|1.0|SET FIJO|FIJO|200046326|0|0|1.0|SET FIJO|FIJO|200056258|0|0|1.0|SET FIJO|FIJO|200056246|1|0|1.0|VOLUMEN|FIJO|200082170|1|0|1.0|VOLUMEN|FIJO|200104065|1|0|1.0,"[1207, 1207, 1207]",0.001419532934373048,1,0.0,0.12740432909245425
48,10961556,VOLUMEN|FIJO|200108516|1|0|2.0,[2596],0.001451378809869376,1,0.0,0.17009946213608806
49,10961556,VOLUMEN|VARIABLE|200017521|1|0|3.0,[1156],0.0013623978201634877,1,0.0,0.050804415771758205
50,10961556,VOLUMEN|VARIABLE|200038319|1|0|1.0|VOLUMEN|VARIABLE|200038319|1|0|1.0|VOLUMEN|VARIABLE|200110157|1|0|1.0|VOLUMEN|VARIABLE|200088336|1|0|1.0|VOLUMEN|VARIABLE|200088336|1|0|1.0|VOLUMEN|VARIABLE|200092176|1|0|1.0|VOLUMEN|VARIABLE|200050748|1|0|1.0|VOLUMEN|VARIABLE|200050748|1|0|1.0|VOLUMEN|VARIABLE|200109443|1|0|1.0|VOLUMEN|VARIABLE|200109443|1|0|1.0|VOLUMEN|VARIABLE|P0210133000|1|0|1.0|VOLUMEN|VARIABLE|200011773|1|0|1.0|VOLUMEN|VARIABLE|200103327|1|1|1.0|VOLUMEN|VARIABLE|200060588|1|0|1.0|VOLUMEN|VARIABLE|200084783|1|0|1.0|VOLUMEN|VARIABLE|200010080|1|0|1.0|VOLUMEN|VARIABLE|P0289058009|1|0|1.0|VOLUMEN|VARIABLE|P0210133000|1|0|1.0|VOLUMEN|VARIABLE|P0210133000|1|0|1.0|VOLUMEN|VARIABLE|P0210133000|1|0|1.0|VOLUMEN|VARIABLE|200073712|1|0|1.0|VOLUMEN|VARIABLE|200084602|1|0|1.0|VOLUMEN|VARIABLE|200103949|1|1|1.0|VOLUMEN|VARIABLE|200092360|1|0|1.0|VOLUMEN|VARIABLE|200106290|1|0|1.0|VOLUMEN|VARIABLE|P0292107001|1|0|1.0|VOLUMEN|VARIABLE|200037734|1|0|1.0|VOLUMEN|VARIABLE|P0292082007|1|0|1.0|VOLUMEN|VARIABLE|200056155|1|0|1.0|VOLUMEN|VARIABLE|P0210085000|1|0|1.0|VOLUMEN|VARIABLE|P0292139009|1|0|1.0|VOLUMEN|VARIABLE|200043487|1|1|1.0|VOLUMEN|VARIABLE|P0210060001|1|0|1.0|VOLUMEN|VARIABLE|200109465|1|1|1.0|VOLUMEN|VARIABLE|200109465|1|1|1.0|VOLUMEN|VARIABLE|200109465|1|1|1.0|VOLUMEN|VARIABLE|200109465|1|1|1.0|VOLUMEN|VARIABLE|200109465|1|1|1.0|VOLUMEN|VARIABLE|200109465|1|1|1.0|VOLUMEN|VARIABLE|200109465|1|1|1.0|VOLUMEN|VARIABLE|200106274|1|0|1.0|VOLUMEN|VARIABLE|200043493|1|1|1.0|VOLUMEN|VARIABLE|200058349|1|0|1.0|VOLUMEN|VARIABLE|200058349|1|0|1.0|VOLUMEN|VARIABLE|200012014|1|0|1.0|VOLUMEN|VARIABLE|210096372|1|1|1.0|VOLUMEN|VARIABLE|P0210133000|1|0|1.0|VOLUMEN|VARIABLE|200056121|1|0|1.0|VOLUMEN|VARIABLE|200113673|1|1|1.0|VOLUMEN|VARIABLE|200113673|1|1|1.0|VOLUMEN|VARIABLE|200113673|1|1|1.0,"[1208, 1208, 1208]",0.0015370525112682236,1,0.0,0.284960492726569
51,10961556,VOLUMEN|VARIABLE|200045540|1|0|1.0|VOLUMEN|VARIABLE|200056621|1|0|1.0,"[1155, 1155]",0.0013623978201634877,1,0.0,0.050804415771758205
52,10961556,VOLUMEN|VARIABLE|200045540|1|0|3.0|VOLUMEN|VARIABLE|200017521|1|0|3.0,"[1967, 1967]",0.001557632398753894,1,0.0,0.3125515393073115
53,10961556,VOLUMEN|VARIABLE|200098820|1|0|5.0|VOLUMEN|VARIABLE|200043493|1|0|5.0|VOLUMEN|VARIABLE|200058353|1|0|5.0|VOLUMEN|VARIABLE|200072538|1|0|5.0|VOLUMEN|VARIABLE|200059112|1|0|5.0|VOLUMEN|VARIABLE|200043487|1|0|5.0|VOLUMEN|VARIABLE|200067116|1|0|5.0,"[1154, 1154, 1154, 1154, 1154, 1154, 1154]",0.0013623978201634877,1,0.0,0.050804415771758205
54,10961556,VOLUMEN|VARIABLE|P0197143004|1|0|1.0,[738],0.0014970059880239522,1,0.0,0.23127091405424482
55,20541199,993|VARIABLE|P0132053000|1|0|1.0|993|VARIABLE|P0132053000|1|0|1.0|993|VARIABLE|P0132053000|1|0|1.0|993|VARIABLE|P0132053000|1|0|1.0|993|VARIABLE|P0132053000|1|0|1.0|993|VARIABLE|P0132053000|1|0|1.0|993|VARIABLE|P0132053000|1|0|1.0|993|VARIABLE|P0132053000|1|0|1.0,"[4035, 4035, 4035, 4035, 4035, 4035, 4035, 4035]",0.0014577259475218659,1,0.0,0.17860894357743096
56,20541199,INDIVIDUAL|FIJO|200092457|1|0|1.0,[1164],0.0014577259475218659,1,0.0,0.17860894357743096
57,20541199,INDIVIDUAL|FIJO|200095847|1|1|1.0,[1262],0.0014204545454545455,1,0.0,0.1286399147727273
58,20541199,INDIVIDUAL|FIJO|200106308|1|1|1.0|INDIVIDUAL|FIJO|200106308|1|1|1.0|INDIVIDUAL|FIJO|200106308|1|1|1.0,[1393],0.0013623995060229478,1,0.0,0.05080667597006716
59,20541199,INDIVIDUAL|FIJO|200109794|1|0|1.0,[1173],0.0014577259475218659,1,0.0,0.17860894357743096
60,20541199,INDIVIDUAL|FIJO|200109795|1|1|1.0|INDIVIDUAL|FIJO|200109795|1|1|1.0|INDIVIDUAL|FIJO|200109795|1|1|1.0,[1382],0.0014151119481935826,1,0.0,0.1214772006912237
61,20541199,INDIVIDUAL|FIJO|200110160|1|0|1.0,[836],0.0014577259475218659,1,0.0,0.17860894357743096
62,20541199,INDIVIDUAL|FIJO|200110160|1|1|1.0|INDIVIDUAL|FIJO|200110160|1|1|1.0|INDIVIDUAL|FIJO|200110160|1|1|1.0|INDIVIDUAL|FIJO|200110160|1|1|1.0|INDIVIDUAL|FIJO|200110160|1|1|1.0|INDIVIDUAL|FIJO|200110160|1|1|1.0|INDIVIDUAL|FIJO|200110160|1|1|1.0|INDIVIDUAL|FIJO|200110160|1|1|1.0|INDIVIDUAL|FIJO|200110160|1|1|1.0,[1396],0.0014438245737069448,1,0.0,0.15997164768692307
63,20541199,INDIVIDUAL|VARIABLE|P0292139009|1|0|1.0,[963],0.0014204545454545455,1,0.0,0.1286399147727273
64,20541199,VOLUMEN|FIJO|200011773|1|0|3.0|VOLUMEN|FIJO|200011767|1|0|2.0,"[1196, 1196]",0.0013605442176870747,1,0.0,0.04831932773109249
65,20541199,VOLUMEN|FIJO|200040636|1|0|1.0|VOLUMEN|FIJO|200040636|1|0|2.0,"[1315, 1315]",0.0014577259475218659,1,0.0,0.17860894357743096
66,20541199,VOLUMEN|FIJO|200063985|1|0|10.0,[4057],0.0013605442176870747,1,0.0,0.04831932773109249
67,20541199,VOLUMEN|VARIABLE|200106398|1|0|8.0|VOLUMEN|VARIABLE|200101481|1|0|8.0|VOLUMEN|VARIABLE|200106397|1|0|8.0|VOLUMEN|VARIABLE|200106396|1|0|8.0|VOLUMEN|VARIABLE|200106312|1|0|8.0,"[1213, 1213, 1213, 1213, 1213]",0.0013605442176870747,1,0.0,0.04831932773109249
68,35545956,993|VARIABLE|200017521|1|0|1.0|993|VARIABLE|200056621|1|0|1.0|993|VARIABLE|200056617|1|0|1.0|993|VARIABLE|200063934|1|0|1.0,"[3460, 3460, 3460, 3460]",0.002012072434607646,1,0.0,0.9218102734051368
69,35545956,993|VARIABLE|200056121|1|0|1.0|993|VARIABLE|200043487|1|0|1.0|993|VARIABLE|200046331|1|0|1.0,"[3660, 3660, 3660]",0.0019305019305019308,1,0.0,0.812450317965024
70,35545956,993|VARIABLE|200056740|1|0|1.0|993|VARIABLE|200073712|1|0|1.0|993|VARIABLE|200072913|1|0|1.0,"[3496, 3496, 3496]",0.002012072434607646,1,0.0,0.9218102734051368
71,35545956,993|VARIABLE|200095625|1|0|1.0|993|VARIABLE|200056121|1|0|1.0|993|VARIABLE|200043496|1|0|1.0|993|VARIABLE|200072538|1|0|1.0|993|VARIABLE|200046326|1|0|1.0,"[3458, 3458, 3458, 3458, 3458]",0.002012072434607646,1,0.0,0.9218102734051368
72,35545956,993|VARIABLE|200113464|1|0|1.0|993|VARIABLE|P0132053000|0|0|1.0,"[3857, 3857]",0.0014577259475218659,1,0.0,0.17860894357743096
73,35545956,INDIVIDUAL + ADICIONAL|FIJO|200101086|1|0|1.0,[2],0.00141643059490085,1,0.0,0.12324508415264135
74,35545956,INDIVIDUAL|FIJO|200011773|1|1|1.0|INDIVIDUAL|FIJO|200111316|1|1|1.0|INDIVIDUAL|FIJO|200111316|1|1|1.0,[1297],0.0015881333126326138,1,0.0,0.3534435090116623
75,35545956,INDIVIDUAL|FIJO|200035113|1|0|1.0|INDIVIDUAL|FIJO|200080256|1|0|1.0,[893],0.0014026597418948694,1,0.0,0.10478277491945809
76,35545956,INDIVIDUAL|FIJO|200041010|1|0|1.0,"[964, 981]",0.0016941139390118983,1,0.0,0.49552963077122736
77,35545956,INDIVIDUAL|FIJO|200042737|1|1|1.0,[1349],0.0019305019305019305,1,0.0,0.812450317965024
78,35545956,INDIVIDUAL|FIJO|200051086|1|0|1.0,[1353],0.0019305019305019305,1,0.0,0.812450317965024
79,35545956,INDIVIDUAL|FIJO|200051249|1|1|1.0,[1699],0.002070393374741201,1,0.0,1.0000000000000002
80,35545956,INDIVIDUAL|FIJO|200056330|1|0|1.0,[719],0.0018796992481203006,1,0.0,0.7443401702786374
81,35545956,INDIVIDUAL|FIJO|200088336|1|0|1.0|INDIVIDUAL|FIJO|200088336|1|0|1.0,[1788],0.0015233785822021118,1,0.0,0.26662812749534237
82,35545956,INDIVIDUAL|FIJO|200091331|1|1|1.0,[1271],0.0017857142857142857,1,0.0,0.6183363970588236
83,35545956,INDIVIDUAL|FIJO|200095385|1|1|1.0,[1274],0.0014577259475218659,1,0.0,0.17860894357743096
84,35545956,INDIVIDUAL|FIJO|200096703|1|0|1.0,[966],0.0014577259475218659,1,0.0,0.17860894357743096
85,35545956,INDIVIDUAL|FIJO|200101086|1|0|1.0,[474],0.00141643059490085,1,0.0,0.12324508415264135
86,35545956,INDIVIDUAL|FIJO|200104467|1|1|1.0,[1326],0.0019305019305019305,1,0.0,0.812450317965024
87,35545956,INDIVIDUAL|FIJO|200104479|1|1|1.0,[1327],0.0019305019305019305,1,0.0,0.812450317965024
88,35545956,INDIVIDUAL|FIJO|200105008|1|1|1.0,[1257],0.002012072434607646,1,0.0,0.9218102734051368
89,35545956,INDIVIDUAL|FIJO|200105329|1|1|1.0,[1284],0.0013245033112582781,1,0.0,0.0
90,35545956,INDIVIDUAL|FIJO|200106359|1|1|1.0,[1256],0.002012072434607646,1,0.0,0.9218102734051368
91,35545956,INDIVIDUAL|FIJO|200106359|1|1|1.0|INDIVIDUAL|FIJO|200106359|1|1|1.0|INDIVIDUAL|FIJO|200106359|1|1|1.0,[1567],0.0016252105547917828,1,0.0,0.4031522314821523
92,35545956,INDIVIDUAL|FIJO|200109465|1|1|1.0|INDIVIDUAL|FIJO|200109465|1|1|1.0|INDIVIDUAL|FIJO|200109465|1|1|1.0|INDIVIDUAL|FIJO|200109465|1|1|1.0|INDIVIDUAL|FIJO|200109465|1|1|1.0|INDIVIDUAL|FIJO|200109465|1|1|1.0|INDIVIDUAL|FIJO|200109465|1|1|1.0,[2066],0.0015321762924574006,1,0.0,0.2784230429741841
93,35545956,INDIVIDUAL|FIJO|200109790|1|1|1.0,[1266],0.0014577259475218659,1,0.0,0.17860894357743096
94,35545956,INDIVIDUAL|FIJO|200109793|1|1|1.0,[1258],0.002012072434607646,1,0.0,0.9218102734051368
95,35545956,INDIVIDUAL|FIJO|200109795|1|1|1.0|INDIVIDUAL|FIJO|200109795|1|1|1.0|INDIVIDUAL|FIJO|200109795|1|1|1.0|INDIVIDUAL|FIJO|200109795|1|1|1.0|INDIVIDUAL|FIJO|200109795|1|1|1.0,[1242],0.0013947979062112138,1,0.0,0.09424256789894225
96,35545956,INDIVIDUAL|FIJO|200109796|1|1|1.0|INDIVIDUAL|FIJO|200109796|1|1|1.0,[1821],0.0015649797213895256,1,0.0,0.3224019488989389
97,35545956,INDIVIDUAL|FIJO|200110160|1|1|1.0|INDIVIDUAL|FIJO|200110160|1|1|1.0|INDIVIDUAL|FIJO|200110160|1|1|1.0|INDIVIDUAL|FIJO|200110160|1|1|1.0|INDIVIDUAL|FIJO|200110160|1|1|1.0|INDIVIDUAL|FIJO|200110160|1|1|1.0|INDIVIDUAL|FIJO|200110160|1|1|1.0|INDIVIDUAL|FIJO|200110160|1|1|1.0|INDIVIDUAL|FIJO|200110160|1|1|1.0,[1396],0.0014438245737069448,1,0.0,0.15997164768692307
98,35545956,INDIVIDUAL|FIJO|200111164|1|1|1.0,[1294],0.0017857142857142857,1,0.0,0.6183363970588236
99,35545956,INDIVIDUAL|FIJO|200111165|1|1|1.0,[1325],0.0019305019305019305,1,0.0,0.812450317965024
100,35545956,INDIVIDUAL|FIJO|200112499|1|1|1.0,[1365],0.0018796992481203006,1,0.0,0.7443401702786374
101,35545956,INDIVIDUAL|FIJO|200113245|1|1|1.0|INDIVIDUAL|FIJO|200113245|1|1|1.0|INDIVIDUAL|FIJO|200113245|1|1|1.0|INDIVIDUAL|FIJO|200109790|1|1|1.0|INDIVIDUAL|FIJO|200109790|1|1|1.0|INDIVIDUAL|FIJO|200109790|1|1|1.0|INDIVIDUAL|FIJO|200109790|1|1|1.0,[1241],0.001446444005915404,1,0.0,0.16348346844537076
102,35545956,INDIVIDUAL|FIJO|200113631|1|1|1.0,[1686],0.002070393374741201,1,0.0,1.0000000000000002
103,35545956,INDIVIDUAL|FIJO|200113673|1|1|1.0|INDIVIDUAL|FIJO|200113673|1|1|1.0|INDIVIDUAL|FIJO|200113673|1|1|1.0,[2067],0.001519805876310323,1,0.0,0.261838271634941
104,35545956,INDIVIDUAL|FIJO|200113692|1|1|1.0,[1359],0.0018796992481203006,1,0.0,0.7443401702786374
105,35545956,INDIVIDUAL|FIJO|200114937|1|1|1.0,[1265],0.002012072434607646,1,0.0,0.9218102734051368
106,35545956,INDIVIDUAL|FIJO|P0132056004|1|0|1.0|INDIVIDUAL|FIJO|200097947|1|0|1.0|INDIVIDUAL|FIJO|200097947|1|0|1.0,[593],0.0015955337565213253,1,0.0,0.3633651372126805
107,35545956,INDIVIDUAL|VARIABLE|P0067154001|1|1|1.0,[1774],0.002070393374741201,1,0.0,1.0000000000000002
108,35545956,INDIVIDUAL|VARIABLE|P0132053000|1|0|1.0|INDIVIDUAL|VARIABLE|P0132053000|1|0|1.0|INDIVIDUAL|VARIABLE|P0132053000|1|0|1.0,"[727, 727, 727]",0.0017857142857142857,1,0.0,0.6183363970588236
109,35545956,INDIVIDUAL|VARIABLE|P0210085000|1|0|1.0,[1080],0.0018796992481203006,1,0.0,0.7443401702786374
110,35545956,INDIVIDUAL|VARIABLE|P0210133000|1|0|1.0|INDIVIDUAL|VARIABLE|P0210133000|1|0|1.0|INDIVIDUAL|VARIABLE|P0210133000|1|0|1.0|INDIVIDUAL|VARIABLE|P0210133000|1|0|1.0|INDIVIDUAL|VARIABLE|P0210133000|1|0|1.0,[2162],0.0015449043923824023,1,0.0,0.2954873538534144
111,35545956,INDIVIDUAL|VARIABLE|P0280076000|1|0|1.0,"[99, 549]",0.00141643059490085,1,0.0,0.12324508415264135
112,35545956,INDIVIDUAL|VARIABLE|P0289058009|1|0|1.0|INDIVIDUAL|VARIABLE|P0292133004|1|0|1.0,[1070],0.0016551572063205223,1,0.0,0.44330111265762207
113,35545956,PROMOCIÓN INDIVIDUAL|FIJO|200046326|1|1|1.0,[1133],0.001379310344827586,1,0.0,0.07347870182555782
114,35545956,PROMOCIÓN INDIVIDUAL|FIJO|200051355|1|1|1.0,[1134],0.001379310344827586,1,0.0,0.07347870182555782
115,35545956,PROMOCIÓN INDIVIDUAL|VARIABLE|200035113|1|0|1.0|PROMOCIÓN INDIVIDUAL|VARIABLE|200060588|1|0|1.0,"[950, 950]",0.002012072434607646,1,0.0,0.9218102734051368
116,35545956,PROMOCIÓN INDIVIDUAL|VARIABLE|200058967|1|0|1.0|PROMOCIÓN INDIVIDUAL|VARIABLE|200060588|1|0|1.0,"[1005, 1005]",0.0017211703958691911,1,0.0,0.5318036853295534
117,35545956,PROMOCIÓN INDIVIDUAL|VARIABLE|200063985|1|0|1.0,[810],0.0018796992481203006,1,0.0,0.7443401702786374
118,35545956,SET FIJO|FIJO|200011773|0|0|1.0|SET FIJO|FIJO|200106274|0|0|1.0|VOLUMEN|VARIABLE|P0210133000|1|0|2.0|VOLUMEN|VARIABLE|P0210133000|1|0|2.0,"[1012, 1012]",0.0016251111918183876,1,0.0,0.4030190175163686
119,35545956,SET FIJO|FIJO|200097894|0|0|1.0|SET FIJO|FIJO|200100855|1|0|1.0,"[3278, 3278]",0.0014577259475218659,1,0.0,0.17860894357743096
120,35545956,SET VARIABLE|FIJO|P0132056004|0|0|1.0|SET VARIABLE|FIJO|P0132053000|0|0|1.0|SET VARIABLE|FIJO|P0132053000|0|0|1.0|SET VARIABLE|VARIABLE|P0132131001|0|0|1.0|SET VARIABLE|FIJO|200099469|1|0|1.0|SET VARIABLE|VARIABLE|P0132131001|0|0|1.0,"[1152, 1152, 1152, 1152, 1152, 1152]",0.0017211703958691911,1,0.0,0.5318036853295534
121,35545956,SET VARIABLE|VARIABLE|200009812|0|0|1.0|SET VARIABLE|VARIABLE|200058349|1|0|1.0|SET VARIABLE|VARIABLE|200059514|0|0|1.0,"[3364, 3364, 3364]",0.0018796992481203006,1,0.0,0.7443401702786374
122,35545956,VOLUMEN|FIJO|200011773|1|0|4.0|VOLUMEN|FIJO|200040636|1|0|7.0,"[4482, 4482]",0.0016611295681063123,1,0.0,0.4513081395348839
123,35545956,VOLUMEN|FIJO|200040880|1|0|2.0|VOLUMEN|FIJO|200056246|1|0|2.0|VOLUMEN|FIJO|200114940|1|0|6.0,"[1612, 1612, 1612]",0.002070393374741201,1,0.0,1.0000000000000002
124,35545956,VOLUMEN|FIJO|200041664|1|0|2.0|VOLUMEN|FIJO|200063985|1|0|2.0|VOLUMEN|FIJO|200060760|1|0|3.0,"[1754, 1754, 1754]",0.001557632398753894,1,0.0,0.3125515393073115
125,35545956,VOLUMEN|FIJO|200044715|1|0|5.0|VOLUMEN|FIJO|200083615|1|1|1.0|VOLUMEN|FIJO|200109874|1|1|3.0,"[1237, 1237, 1237]",0.0019305019305019308,1,0.0,0.812450317965024
126,35545956,VOLUMEN|FIJO|200056636|1|0|9.0|VOLUMEN|FIJO|200040636|1|0|4.0,"[1195, 1195]",0.0017857142857142857,1,0.0,0.6183363970588236
127,35545956,VOLUMEN|FIJO|200079595|1|0|2.0|VOLUMEN|FIJO|200084602|1|0|3.0|VOLUMEN|FIJO|200091328|1|0|3.0,"[1172, 1172, 1172]",0.0013793103448275859,1,0.0,0.07347870182555738
128,35545956,VOLUMEN|FIJO|200092457|1|1|3.0|INDIVIDUAL|FIJO|200090031|1|1|1.0,"[1291, 1291]",0.0018581081081081082,1,0.0,0.7153933575119236
129,35545956,VOLUMEN|FIJO|200098648|0|0|2.0|INDIVIDUAL|FIJO|200089222|1|0|1.0|VOLUMEN|FIJO|200080229|0|0|2.0|VOLUMEN|FIJO|200087691|1|0|3.0,"[1250, 1250, 1250]",0.0014199986438532652,1,0.0,0.12802869654687865
130,35545956,VOLUMEN|VARIABLE|200038319|1|0|1.0|VOLUMEN|VARIABLE|200038319|1|0|1.0|VOLUMEN|VARIABLE|200110157|1|0|1.0|VOLUMEN|VARIABLE|200088336|1|0|1.0|VOLUMEN|VARIABLE|200088336|1|0|1.0|VOLUMEN|VARIABLE|200092176|1|0|1.0|VOLUMEN|VARIABLE|200050748|1|0|1.0|VOLUMEN|VARIABLE|200050748|1|0|1.0|VOLUMEN|VARIABLE|200109443|1|0|1.0|VOLUMEN|VARIABLE|200109443|1|0|1.0|VOLUMEN|VARIABLE|P0210133000|1|0|1.0|VOLUMEN|VARIABLE|200011773|1|0|1.0|VOLUMEN|VARIABLE|200103327|1|1|1.0|VOLUMEN|VARIABLE|200060588|1|0|1.0|VOLUMEN|VARIABLE|200084783|1|0|1.0|VOLUMEN|VARIABLE|200010080|1|0|1.0|VOLUMEN|VARIABLE|P0289058009|1|0|1.0|VOLUMEN|VARIABLE|P0210133000|1|0|1.0|VOLUMEN|VARIABLE|P0210133000|1|0|1.0|VOLUMEN|VARIABLE|P0210133000|1|0|1.0|VOLUMEN|VARIABLE|200073712|1|0|1.0|VOLUMEN|VARIABLE|200084602|1|0|1.0|VOLUMEN|VARIABLE|200103949|1|1|1.0|VOLUMEN|VARIABLE|200092360|1|0|1.0|VOLUMEN|VARIABLE|200106290|1|0|1.0|VOLUMEN|VARIABLE|P0292107001|1|0|1.0|VOLUMEN|VARIABLE|200037734|1|0|1.0|VOLUMEN|VARIABLE|P0292082007|1|0|1.0|VOLUMEN|VARIABLE|200056155|1|0|1.0|VOLUMEN|VARIABLE|P0210085000|1|0|1.0|VOLUMEN|VARIABLE|P0292139009|1|0|1.0|VOLUMEN|VARIABLE|200043487|1|1|1.0|VOLUMEN|VARIABLE|P0210060001|1|0|1.0|VOLUMEN|VARIABLE|200109465|1|1|1.0|VOLUMEN|VARIABLE|200109465|1|1|1.0|VOLUMEN|VARIABLE|200109465|1|1|1.0|VOLUMEN|VARIABLE|200109465|1|1|1.0|VOLUMEN|VARIABLE|200109465|1|1|1.0|VOLUMEN|VARIABLE|200109465|1|1|1.0|VOLUMEN|VARIABLE|200109465|1|1|1.0|VOLUMEN|VARIABLE|200106274|1|0|1.0|VOLUMEN|VARIABLE|200043493|1|1|1.0|VOLUMEN|VARIABLE|200058349|1|0|1.0|VOLUMEN|VARIABLE|200058349|1|0|1.0|VOLUMEN|VARIABLE|200012014|1|0|1.0|VOLUMEN|VARIABLE|210096372|1|1|1.0|VOLUMEN|VARIABLE|P0210133000|1|0|1.0|VOLUMEN|VARIABLE|200056121|1|0|1.0|VOLUMEN|VARIABLE|200113673|1|1|1.0|VOLUMEN|VARIABLE|200113673|1|1|1.0|VOLUMEN|VARIABLE|200113673|1|1|1.0,"[1208, 1208, 1208, 1208]",0.0015370525112682236,1,0.0,0.284960492726569
131,35545956,VOLUMEN|VARIABLE|200043495|1|0|1.0|PROMOCIÓN SET FIJO|FIJO|200106354|1|0|1.0|VOLUMEN|VARIABLE|200058353|1|0|1.0,[1148],0.001377485237978252,1,0.0,0.07103181730639441
132,35545956,VOLUMEN|VARIABLE|200043496|1|0|5.0|VOLUMEN|VARIABLE|200067292|1|0|5.0|VOLUMEN|VARIABLE|200092172|1|0|5.0,"[1150, 1150, 1150]",0.0013793103448275859,1,0.0,0.07347870182555738
133,35545956,VOLUMEN|VARIABLE|200056740|1|0|4.0|VOLUMEN|VARIABLE|200072913|1|0|4.0|VOLUMEN|VARIABLE|200064341|1|0|4.0|VOLUMEN|VARIABLE|200056741|1|0|4.0,"[1179, 1179, 1179, 1179]",0.0017211703958691911,1,0.0,0.5318036853295534
134,35545956,VOLUMEN|VARIABLE|200058353|1|0|3.0,[1964],0.0015082956259426848,1,0.0,0.2464067074793721
135,35545956,VOLUMEN|VARIABLE|200060302|1|0|1.0,[1963],0.0015082956259426848,1,0.0,0.2464067074793721
136,35545956,VOLUMEN|VARIABLE|200106290|1|0|8.0|VOLUMEN|VARIABLE|200106290|1|0|8.0|VOLUMEN|VARIABLE|200098519|1|0|8.0|VOLUMEN|VARIABLE|200012707|1|0|8.0|VOLUMEN|VARIABLE|200098555|1|0|8.0,"[1499, 1499, 1499, 1499, 1499]",0.0016204706801268985,1,0.0,0.3967975756193949
137,35545956,VOLUMEN|VARIABLE|P0132053000|1|0|5.0|VOLUMEN|VARIABLE|P0132053000|1|0|5.0|VOLUMEN|VARIABLE|P0132053000|1|0|5.0,"[1710, 1710, 1710]",0.001557632398753894,1,0.0,0.3125515393073115
138,35545956,VOLUMEN|VARIABLE|P0261050000|1|0|2.0|VOLUMEN|VARIABLE|P0261050000|1|0|2.0,"[1332, 1332]",0.0018796992481203006,1,0.0,0.7443401702786374
139,43985620,993|VARIABLE|200038319|1|0|1.0,[4538],0.0015220700152207,1,0.0,0.26487375772226707
140,43985620,993|VARIABLE|200040636|1|0|1.0|993|VARIABLE|200039855|1|0|1.0|993|VARIABLE|200014177|1|0|1.0,"[4569, 4569, 4569]",0.0015220700152207,1,0.0,0.26487375772226707
141,43985620,993|VARIABLE|200056121|1|0|1.0|993|VARIABLE|200059112|1|0|1.0|993|VARIABLE|200046326|1|0|1.0|993|VARIABLE|200092176|1|0|1.0|993|VARIABLE|200067317|1|0|1.0|993|VARIABLE|200060302|1|0|1.0|993|VARIABLE|200058353|1|0|1.0,"[4550, 4550, 4550, 4550, 4550, 4550, 4550]",0.0015220700152207,1,0.0,0.26487375772226707
142,43985620,INDIVIDUAL + ADICIONAL|FIJO|200083596|1|0|1.0|INDIVIDUAL + ADICIONAL|FIJO|200083596|1|0|1.0|INDIVIDUAL + ADICIONAL|FIJO|200083596|1|0|1.0|VOLUMEN|VARIABLE|P0132053000|1|0|1.0|VOLUMEN|VARIABLE|P0132053000|1|0|1.0|VOLUMEN|VARIABLE|P0132053000|1|0|1.0,"[172, 172]",0.0014693222620424157,1,0.0,0.19415589223418195
143,43985620,INDIVIDUAL + ADICIONAL|FIJO|200109874|1|0|1.0|INDIVIDUAL + ADICIONAL|FIJO|200109874|1|0|1.0|INDIVIDUAL + ADICIONAL|FIJO|200109874|1|0|1.0,[280],0.0014444575947531655,1,0.0,0.16082032643626132
144,43985620,INDIVIDUAL|FIJO|200011773|1|1|1.0|INDIVIDUAL|FIJO|200111316|1|1|1.0|INDIVIDUAL|FIJO|200111316|1|1|1.0,[1297],0.0015881333126326138,1,0.0,0.3534435090116623
145,43985620,INDIVIDUAL|FIJO|200035113|1|0|1.0|INDIVIDUAL|FIJO|200080256|1|0|1.0,[893],0.0014026597418948694,1,0.0,0.10478277491945809
146,43985620,INDIVIDUAL|FIJO|200037125|1|0|1.0|INDIVIDUAL|FIJO|200037125|1|0|1.0|INDIVIDUAL|FIJO|200092361|1|0|1.0,[982],0.0015384680786372559,1,0.0,0.28685831579505483
147,43985620,INDIVIDUAL|FIJO|200039963|1|0|1.0,[828],0.001388888888888889,1,0.0,0.0863204656862746
148,43985620,INDIVIDUAL|FIJO|200039966|1|0|1.0|INDIVIDUAL|FIJO|200039966|1|0|1.0,[924],0.0013468068434112578,1,0.0,0.029901902766787947
149,43985620,INDIVIDUAL|FIJO|200056330|1|0|1.0,[1457],0.0015220700152207,1,0.0,0.26487375772226707
150,43985620,INDIVIDUAL|FIJO|200056331|1|0|1.0,[676],0.001430615164520744,1,0.0,0.14226205503660694
151,43985620,INDIVIDUAL|FIJO|200056740|1|0|1.0,[896],0.001388888888888889,1,0.0,0.0863204656862746
152,43985620,INDIVIDUAL|FIJO|200058353|1|0|1.0,[908],0.001349527665317139,1,0.0,0.033549654679685625
153,43985620,INDIVIDUAL|FIJO|200058539|1|0|1.0,[886],0.0014749262536873156,1,0.0,0.20166905257678303
154,43985620,INDIVIDUAL|FIJO|200062879|1|0|1.0|INDIVIDUAL|FIJO|200062879|1|0|1.0,[934],0.0013559627427403133,1,0.0,0.042177035225722026
155,43985620,INDIVIDUAL|FIJO|200063985|1|0|1.0,[609],0.0014749262536873156,1,0.0,0.20166905257678303
156,43985620,INDIVIDUAL|FIJO|200064310|1|0|1.0|INDIVIDUAL|FIJO|200064310|1|0|1.0,[769],0.0014826196097050587,1,0.0,0.2119833822540267
157,43985620,INDIVIDUAL|FIJO|200076632|1|0|1.0,[870],0.0014749262536873156,1,0.0,0.20166905257678303
158,43985620,INDIVIDUAL|FIJO|200082462|1|0|1.0,[744],0.001388888888888889,1,0.0,0.0863204656862746
159,43985620,INDIVIDUAL|FIJO|200091875|1|0|1.0,[725],0.001388888888888889,1,0.0,0.0863204656862746
160,43985620,INDIVIDUAL|FIJO|200092361|1|0|1.0,[819],0.001349527665317139,1,0.0,0.033549654679685625
161,43985620,INDIVIDUAL|FIJO|200095517|1|0|1.0,[800],0.0014749262536873156,1,0.0,0.20166905257678303
162,43985620,INDIVIDUAL|FIJO|200095771|1|0|1.0|INDIVIDUAL|VARIABLE|P0210052000|1|0|1.0,[995],0.0014059153170670018,1,0.0,0.10914745991999353
163,43985620,INDIVIDUAL|FIJO|200105034|1|0|1.0|INDIVIDUAL|FIJO|200054026|1|0|1.0,[565],0.001369208277103014,1,0.0,0.059935060182980227
164,43985620,INDIVIDUAL|FIJO|200106286|1|1|1.0,[1260],0.001388888888888889,1,0.0,0.0863204656862746
165,43985620,INDIVIDUAL|FIJO|200106290|1|0|1.0,[1786],0.0015220700152207,1,0.0,0.26487375772226707
166,43985620,INDIVIDUAL|FIJO|200106311|1|1|1.0|VOLUMEN|VARIABLE|P0280076000|1|0|1.0,[1238],0.0014195913669527984,1,0.0,0.12748266849206713
167,43985620,INDIVIDUAL|FIJO|200109465|1|1|1.0|INDIVIDUAL|FIJO|200109465|1|1|1.0|INDIVIDUAL|FIJO|200109465|1|1|1.0|INDIVIDUAL|FIJO|200109465|1|1|1.0|INDIVIDUAL|FIJO|200109465|1|1|1.0|INDIVIDUAL|FIJO|200109465|1|1|1.0|INDIVIDUAL|FIJO|200109465|1|1|1.0,[2066],0.0015321762924574006,1,0.0,0.2784230429741841
168,43985620,INDIVIDUAL|FIJO|200109795|1|1|1.0|INDIVIDUAL|FIJO|200109795|1|1|1.0|INDIVIDUAL|FIJO|200109795|1|1|1.0|INDIVIDUAL|FIJO|200109795|1|1|1.0|INDIVIDUAL|FIJO|200109795|1|1|1.0,[1242],0.0013947979062112138,1,0.0,0.09424256789894225
169,43985620,INDIVIDUAL|FIJO|200110005|1|0|1.0,[857],0.001430615164520744,1,0.0,0.14226205503660694
170,43985620,INDIVIDUAL|FIJO|200110160|1|1|1.0|INDIVIDUAL|FIJO|200110160|1|1|1.0|INDIVIDUAL|FIJO|200110160|1|1|1.0|INDIVIDUAL|FIJO|200110160|1|1|1.0|INDIVIDUAL|FIJO|200110160|1|1|1.0|INDIVIDUAL|FIJO|200110160|1|1|1.0|INDIVIDUAL|FIJO|200110160|1|1|1.0|INDIVIDUAL|FIJO|200110160|1|1|1.0|INDIVIDUAL|FIJO|200110160|1|1|1.0,[1396],0.0014438245737069448,1,0.0,0.15997164768692307
171,43985620,INDIVIDUAL|FIJO|200113245|1|1|1.0|INDIVIDUAL|FIJO|200113245|1|1|1.0|INDIVIDUAL|FIJO|200113245|1|1|1.0|INDIVIDUAL|FIJO|200109790|1|1|1.0|INDIVIDUAL|FIJO|200109790|1|1|1.0|INDIVIDUAL|FIJO|200109790|1|1|1.0|INDIVIDUAL|FIJO|200109790|1|1|1.0,[1241],0.001446444005915404,1,0.0,0.16348346844537076
172,43985620,INDIVIDUAL|FIJO|200113673|1|1|1.0|INDIVIDUAL|FIJO|200113673|1|1|1.0|INDIVIDUAL|FIJO|200113673|1|1|1.0,[2067],0.001519805876310323,1,0.0,0.261838271634941
173,43985620,INDIVIDUAL|FIJO|210049364|1|0|1.0,[732],0.001349527665317139,1,0.0,0.033549654679685625
174,43985620,INDIVIDUAL|FIJO|210086712|1|0|1.0,[921],0.001349527665317139,1,0.0,0.033549654679685625
175,43985620,INDIVIDUAL|FIJO|210099293|1|1|1.0,[1301],0.001349527665317139,1,0.0,0.033549654679685625
176,43985620,INDIVIDUAL|FIJO|P0292090009|1|0|1.0,[2965],0.001430615164520744,1,0.0,0.14226205503660694
177,43985620,INDIVIDUAL|VARIABLE|P0132051000|1|0|1.0,"[634, 689]",0.0014319075712881024,1,0.0,0.14399475913152893
178,43985620,INDIVIDUAL|VARIABLE|P0132053000|1|0|1.0|INDIVIDUAL|VARIABLE|P0132053000|1|0|1.0|INDIVIDUAL|VARIABLE|P0132053000|1|0|1.0,"[1520, 1520]",0.0015275338563009797,1,0.0,0.27219902098528226
179,43985620,INDIVIDUAL|VARIABLE|P0132053000|1|0|1.0|INDIVIDUAL|VARIABLE|P0132053000|1|0|1.0|INDIVIDUAL|VARIABLE|P0132053000|1|0|1.0|INDIVIDUAL|VARIABLE|P0132053000|1|0|1.0,[644],0.001402078710379779,1,0.0,0.10400379750236088
180,43985620,INDIVIDUAL|VARIABLE|P0197132000|1|0|1.0,[648],0.001388888888888889,1,0.0,0.0863204656862746
181,43985620,INDIVIDUAL|VARIABLE|P0210061000|1|0|1.0|INDIVIDUAL|FIJO|200095517|1|0|1.0|INDIVIDUAL|FIJO|200095517|1|0|1.0,[997],0.001459666654138024,1,0.0,0.18121081040898002
182,43985620,INDIVIDUAL|VARIABLE|P0210111001|1|0|1.0|INDIVIDUAL|VARIABLE|P0210111001|1|0|1.0|INDIVIDUAL|VARIABLE|P0210111001|1|0|1.0,[1015],0.0014749262536873156,1,0.0,0.20166905257678303
183,43985620,INDIVIDUAL|VARIABLE|P0210133000|1|0|1.0|INDIVIDUAL|FIJO|200080259|1|0|1.0,[956],0.0014319075712881024,1,0.0,0.14399475913152893
184,43985620,INDIVIDUAL|VARIABLE|P0216057005|1|0|1.0|INDIVIDUAL|FIJO|200076945|1|0|1.0|INDIVIDUAL|VARIABLE|P0216057005|1|0|1.0,"[750, 750]",0.001423627621093003,1,0.0,0.13289399428632342
185,43985620,INDIVIDUAL|VARIABLE|P0285050000|1|0|1.0|INDIVIDUAL|FIJO|200067147|1|0|1.0|INDIVIDUAL|FIJO|200067147|1|0|1.0,[79],0.0014170820285254696,1,0.0,0.1241184482802955
186,43985620,INDIVIDUAL|VARIABLE|P0289058009|1|0|1.0,[1004],0.0014749262536873156,1,0.0,0.20166905257678303
187,43985620,INDIVIDUAL|VARIABLE|P0292139009|1|0|1.0,"[291, 1849]",0.0015220700152207,1,0.0,0.26487375772226707
188,43985620,PROMOCIÓN INDIVIDUAL|FIJO|200056636|1|0|1.0,[1033],0.001349527665317139,1,0.0,0.033549654679685625
189,43985620,PROMOCIÓN INDIVIDUAL|VARIABLE|200037734|1|0|1.0,[1136],0.001430615164520744,1,0.0,0.14226205503660694
190,43985620,PROMOCIÓN INDIVIDUAL|VARIABLE|200050748|1|0|1.0|PROMOCIÓN INDIVIDUAL|VARIABLE|200050748|1|0|1.0,[1871],0.0015290841627562794,1,0.0,0.2742774860717596
191,43985620,PROMOCIÓN INDIVIDUAL|VARIABLE|200056090|1|0|1.0,[1039],0.0014749262536873156,1,0.0,0.20166905257678303
192,43985620,SET FIJO|FIJO|200011767|0|0|1.0|SET FIJO|FIJO|200084604|1|0|1.0,"[1217, 1217]",0.001430615164520744,1,0.0,0.14226205503660694
193,43985620,SET FIJO|FIJO|200050979|1|0|1.0|SET FIJO|FIJO|200063985|0|0|1.0|SET FIJO|FIJO|200046830|0|0|1.0|SET FIJO|FIJO|200098264|0|0|1.0,"[253, 253, 253, 253]",0.001430615164520744,1,0.0,0.14226205503660694
194,43985620,SET FIJO|FIJO|200056740|1|0|1.0,[1236],0.001430615164520744,1,0.0,0.14226205503660694
195,43985620,SET FIJO|FIJO|200058349|1|0|1.0|INDIVIDUAL|VARIABLE|P0132053000|1|0|1.0|INDIVIDUAL|VARIABLE|P0132053000|1|0|1.0|SET FIJO|FIJO|200058353|0|0|1.0,"[1124, 1124]",0.0014754459189194034,1,0.0,0.20236575743655982
196,43985620,SET FIJO|FIJO|200058349|1|0|1.0|SET FIJO|FIJO|200059276|0|0|1.0|SET FIJO|FIJO|200058353|0|0|1.0,"[1220, 1220, 1220]",0.001430615164520744,1,0.0,0.14226205503660694
197,43985620,SET FIJO|FIJO|200060872|1|0|1.0|SET FIJO|FIJO|200095157|0|0|1.0,"[1229, 1229]",0.001430615164520744,1,0.0,0.14226205503660694
198,43985620,SET FIJO|FIJO|200089168|1|0|1.0|PROMOCIÓN INDIVIDUAL|VARIABLE|200050748|1|0|1.0|SET FIJO|FIJO|200106161|0|0|1.0,"[1135, 1135]",0.0013834780468345513,1,0.0,0.07906625716515325
199,43985620,SET FIJO|FIJO|200093863|0|0|1.0|SET FIJO|FIJO|200088336|1|0|1.0|SET FIJO|FIJO|200100617|0|0|1.0,"[1205, 1205, 1205]",0.001430615164520744,1,0.0,0.14226205503660694
200,43985620,SET FIJO|FIJO|200099310|0|0|1.0|SET FIJO|FIJO|200098264|1|0|1.0,"[1119, 1119]",0.001349527665317139,1,0.0,0.033549654679685625
201,43985620,SET FIJO|FIJO|200111279|1|0|1.0|SET FIJO|FIJO|200072406|0|0|1.0,"[3966, 3966]",0.0015220700152207,1,0.0,0.26487375772226707
202,43985620,SET FIJO|FIJO|210047499|0|0|1.0|SET FIJO|FIJO|200039855|1|0|1.0,"[1233, 1233]",0.001430615164520744,1,0.0,0.14226205503660694
203,43985620,SET VARIABLE|VARIABLE|200056740|0|0|1.0|SET VARIABLE|VARIABLE|200072913|1|0|1.0|SET VARIABLE|VARIABLE|200064310|1|0|1.0|SET VARIABLE|FIJO|200056743|0|0|1.0|SET VARIABLE|FIJO|200056743|0|0|1.0|SET VARIABLE|VARIABLE|200056741|0|0|1.0,"[4172, 4172, 4172]",0.00154228500761035,1,0.0,0.2919755966920159
204,43985620,VOLUMEN|FIJO|200058349|1|0|1.0|VOLUMEN|FIJO|200058349|1|0|1.0|VOLUMEN|FIJO|200038319|1|0|1.0|VOLUMEN|FIJO|200038319|1|0|1.0,"[2027, 2027]",0.0015290841627562794,1,0.0,0.2742774860717596
205,43985620,VOLUMEN|FIJO|200096670|1|0|1.0|SET FIJO|FIJO|200046326|0|0|1.0|SET FIJO|FIJO|200056258|0|0|1.0|SET FIJO|FIJO|200056246|1|0|1.0|VOLUMEN|FIJO|200082170|1|0|1.0|VOLUMEN|FIJO|200104065|1|0|1.0,"[1207, 1207, 1207]",0.001419532934373048,1,0.0,0.12740432909245425
206,43985620,VOLUMEN|VARIABLE|200038319|1|0|1.0|VOLUMEN|VARIABLE|200038319|1|0|1.0|VOLUMEN|VARIABLE|200110157|1|0|1.0|VOLUMEN|VARIABLE|200088336|1|0|1.0|VOLUMEN|VARIABLE|200088336|1|0|1.0|VOLUMEN|VARIABLE|200092176|1|0|1.0|VOLUMEN|VARIABLE|200050748|1|0|1.0|VOLUMEN|VARIABLE|200050748|1|0|1.0|VOLUMEN|VARIABLE|200109443|1|0|1.0|VOLUMEN|VARIABLE|200109443|1|0|1.0|VOLUMEN|VARIABLE|P0210133000|1|0|1.0|VOLUMEN|VARIABLE|200011773|1|0|1.0|VOLUMEN|VARIABLE|200103327|1|1|1.0|VOLUMEN|VARIABLE|200060588|1|0|1.0|VOLUMEN|VARIABLE|200084783|1|0|1.0|VOLUMEN|VARIABLE|200010080|1|0|1.0|VOLUMEN|VARIABLE|P0289058009|1|0|1.0|VOLUMEN|VARIABLE|P0210133000|1|0|1.0|VOLUMEN|VARIABLE|P0210133000|1|0|1.0|VOLUMEN|VARIABLE|P0210133000|1|0|1.0|VOLUMEN|VARIABLE|200073712|1|0|1.0|VOLUMEN|VARIABLE|200084602|1|0|1.0|VOLUMEN|VARIABLE|200103949|1|1|1.0|VOLUMEN|VARIABLE|200092360|1|0|1.0|VOLUMEN|VARIABLE|200106290|1|0|1.0|VOLUMEN|VARIABLE|P0292107001|1|0|1.0|VOLUMEN|VARIABLE|200037734|1|0|1.0|VOLUMEN|VARIABLE|P0292082007|1|0|1.0|VOLUMEN|VARIABLE|200056155|1|0|1.0|VOLUMEN|VARIABLE|P0210085000|1|0|1.0|VOLUMEN|VARIABLE|P0292139009|1|0|1.0|VOLUMEN|VARIABLE|200043487|1|1|1.0|VOLUMEN|VARIABLE|P0210060001|1|0|1.0|VOLUMEN|VARIABLE|200109465|1|1|1.0|VOLUMEN|VARIABLE|200109465|1|1|1.0|VOLUMEN|VARIABLE|200109465|1|1|1.0|VOLUMEN|VARIABLE|200109465|1|1|1.0|VOLUMEN|VARIABLE|200109465|1|1|1.0|VOLUMEN|VARIABLE|200109465|1|1|1.0|VOLUMEN|VARIABLE|200109465|1|1|1.0|VOLUMEN|VARIABLE|200106274|1|0|1.0|VOLUMEN|VARIABLE|200043493|1|1|1.0|VOLUMEN|VARIABLE|200058349|1|0|1.0|VOLUMEN|VARIABLE|200058349|1|0|1.0|VOLUMEN|VARIABLE|200012014|1|0|1.0|VOLUMEN|VARIABLE|210096372|1|1|1.0|VOLUMEN|VARIABLE|P0210133000|1|0|1.0|VOLUMEN|VARIABLE|200056121|1|0|1.0|VOLUMEN|VARIABLE|200113673|1|1|1.0|VOLUMEN|VARIABLE|200113673|1|1|1.0|VOLUMEN|VARIABLE|200113673|1|1|1.0,"[1208, 1208, 1208, 1208, 1208, 1208, 1208]",0.0015370525112682238,1,0.0,0.2849604927265694
207,43985620,VOLUMEN|VARIABLE|200043496|1|0|1.0|INDIVIDUAL|FIJO|210095212|1|1|1.0,[1252],0.0014097520267048165,1,0.0,0.114291260361441
208,43985620,VOLUMEN|VARIABLE|200067147|1|0|1.0|VOLUMEN|VARIABLE|200067147|1|0|1.0,[1056],0.0013468068434112578,1,0.0,0.029901902766787947
209,43985620,VOLUMEN|VARIABLE|200101074|1|0|1.0,[736],0.0014749262536873156,1,0.0,0.20166905257678303
210,43985620,VOLUMEN|VARIABLE|P0292090009|1|0|1.0,[1042],0.001349527665317139,1,0.0,0.033549654679685625
211,43985620,VOLUMEN|VARIABLE|P0292139009|1|0|2.0|VOLUMEN|VARIABLE|P0292139009|1|0|2.0,"[1047, 1047]",0.001349527665317139,1,0.0,0.033549654679685625
212,45871533,993|VARIABLE|210047499|1|0|1.0|993|VARIABLE|210047500|1|0|1.0,"[4567, 4567]",0.0015360983102918587,1,0.0,0.2836812144212526
213,45871533,INDIVIDUAL + ADICIONAL|FIJO|200067092|0|1|1.0,"[1952, 1954, 1955]",0.0015360983102918587,1,0.0,0.2836812144212526
214,45871533,INDIVIDUAL + ADICIONAL|FIJO|210097810|1|0|1.0|INDIVIDUAL + ADICIONAL|FIJO|200067092|0|1|1.0,"[1953, 1953]",0.0015360983102918587,1,0.0,0.2836812144212526
215,45871533,INDIVIDUAL|FIJO|200029044|1|0|1.0,[1251],0.0017006802721088435,1,0.0,0.504332983193277
216,45871533,INDIVIDUAL|FIJO|200037125|1|0|1.0|INDIVIDUAL|FIJO|200037125|1|0|1.0|INDIVIDUAL|FIJO|200092361|1|0|1.0,[982],0.0015384680786372559,1,0.0,0.28685831579505483
217,45871533,INDIVIDUAL|FIJO|200069876|1|0|1.0|INDIVIDUAL|FIJO|200069876|1|0|1.0,[2232],0.001602712282323933,1,0.0,0.372989244241386
218,45871533,INDIVIDUAL|FIJO|200091759|1|0|1.0,[177],0.0017006802721088435,1,0.0,0.504332983193277
219,45871533,INDIVIDUAL|FIJO|200092360|1|0|1.0,[2471],0.0015360983102918587,1,0.0,0.2836812144212526
220,45871533,INDIVIDUAL|FIJO|200098704|1|0|1.0,[1732],0.0014903129657228018,1,0.0,0.22229771193127035
221,45871533,INDIVIDUAL|FIJO|200102820|1|0|1.0,[1702],0.0017006802721088435,1,0.0,0.504332983193277
222,45871533,INDIVIDUAL|FIJO|200108169|1|0|1.0,[1728],0.0014903129657228018,1,0.0,0.22229771193127035
223,45871533,INDIVIDUAL|FIJO|200109206|1|0|1.0,[3001],0.0015360983102918587,1,0.0,0.2836812144212526
224,45871533,INDIVIDUAL|FIJO|200109465|1|1|1.0|INDIVIDUAL|FIJO|200109465|1|1|1.0|INDIVIDUAL|FIJO|200109465|1|1|1.0|INDIVIDUAL|FIJO|200109465|1|1|1.0|INDIVIDUAL|FIJO|200109465|1|1|1.0|INDIVIDUAL|FIJO|200109465|1|1|1.0|INDIVIDUAL|FIJO|200109465|1|1|1.0,[2066],0.0015321762924574006,1,0.0,0.2784230429741841
225,45871533,INDIVIDUAL|FIJO|200110157|1|0|1.0,[3827],0.0015360983102918587,1,0.0,0.2836812144212526
226,45871533,INDIVIDUAL|FIJO|200110160|1|1|1.0|INDIVIDUAL|FIJO|200110160|1|1|1.0|INDIVIDUAL|FIJO|200110160|1|1|1.0|INDIVIDUAL|FIJO|200110160|1|1|1.0|INDIVIDUAL|FIJO|200110160|1|1|1.0|INDIVIDUAL|FIJO|200110160|1|1|1.0|INDIVIDUAL|FIJO|200110160|1|1|1.0|INDIVIDUAL|FIJO|200110160|1|1|1.0|INDIVIDUAL|FIJO|200110160|1|1|1.0,[1396],0.0014438245737069448,1,0.0,0.15997164768692307
227,45871533,INDIVIDUAL|FIJO|210097030|1|0|1.0,[3902],0.0015360983102918587,1,0.0,0.2836812144212526
228,45871533,INDIVIDUAL|FIJO|P0292082007|1|0|1.0|INDIVIDUAL|FIJO|P0292082007|1|0|1.0,[1829],0.0016001024065540196,1,0.0,0.36949023561037353
229,45871533,INDIVIDUAL|VARIABLE|P0132058000|1|0|1.0,[957],0.0017006802721088435,1,0.0,0.504332983193277
230,45871533,INDIVIDUAL|VARIABLE|P0210133000|1|0|1.0,[3341],0.0017006802721088435,1,0.0,0.504332983193277
231,45871533,INDIVIDUAL|VARIABLE|P0210133000|1|0|1.0|INDIVIDUAL|VARIABLE|P0210133000|1|0|1.0,[319],0.0015325751490297213,1,0.0,0.278957782062218
232,45871533,PROMOCIÓN INDIVIDUAL|VARIABLE|200050748|1|0|1.0|PROMOCIÓN INDIVIDUAL|VARIABLE|200050748|1|0|1.0,[1871],0.0015290841627562794,1,0.0,0.2742774860717596
233,45871533,SET FIJO|FIJO|200011767|0|0|1.0|SET FIJO|FIJO|200011773|1|0|1.0,"[3681, 3681]",0.0017006802721088435,1,0.0,0.504332983193277
234,45871533,SET FIJO|FIJO|200039966|1|0|1.0|SET FIJO|FIJO|200095771|0|0|1.0,"[4045, 4045]",0.0015360983102918587,1,0.0,0.2836812144212526
235,45871533,SET FIJO|FIJO|200044715|1|0|1.0|SET FIJO|FIJO|200041665|0|0|1.0|SET FIJO|FIJO|200048978|0|0|1.0,"[3322, 3322, 3322]",0.0014492753623188406,1,0.0,0.16727941176470607
236,45871533,SET FIJO|FIJO|200050979|1|0|1.0|SET FIJO|FIJO|200106290|0|0|1.0|SET FIJO|FIJO|200011773|0|0|1.0,"[571, 571, 571]",0.0015873015873015875,1,0.0,0.35232843137254943
237,45871533,SET FIJO|FIJO|200051360|0|0|1.0|SET FIJO|FIJO|200051355|0|0|1.0|SET FIJO|FIJO|200012014|1|0|1.0,"[1090, 1090, 1090]",0.0014492753623188406,1,0.0,0.16727941176470607
238,45871533,SET FIJO|FIJO|200101406|1|0|1.0,[1632],0.0015873015873015873,1,0.0,0.352328431372549
239,45871533,SET FIJO|FIJO|200103456|1|0|1.0|SET FIJO|FIJO|P0292067005|0|0|1.0,"[3274, 3274]",0.0016501650165016502,1,0.0,0.4366081828771111
240,45871533,SET FIJO|FIJO|200106304|1|0|1.0,[1218],0.0014492753623188406,1,0.0,0.16727941176470607
241,45871533,SET FIJO|FIJO|200110157|1|0|1.0|SET FIJO|FIJO|200110157|1|0|1.0,[1100],0.0015027322404371586,1,0.0,0.23894798698167796
242,45871533,SET FIJO|FIJO|P0292141004|0|0|1.0|SET FIJO|FIJO|200099262|1|0|1.0,"[3273, 3273]",0.0016501650165016502,1,0.0,0.4366081828771111
243,45871533,VOLUMEN|FIJO|200058349|1|0|1.0|VOLUMEN|FIJO|200058349|1|0|1.0|VOLUMEN|FIJO|200038319|1|0|1.0|VOLUMEN|FIJO|200038319|1|0|1.0,"[2027, 2027]",0.0015290841627562794,1,0.0,0.2742774860717596
244,45871533,VOLUMEN|FIJO|200084602|1|0|1.0|VOLUMEN|FIJO|200084602|1|0|2.0,"[1158, 1158]",0.0014903129657228018,1,0.0,0.22229771193127035
245,45871533,VOLUMEN|FIJO|200084783|1|0|2.0,[4661],0.0015360983102918587,1,0.0,0.2836812144212526
246,45871533,VOLUMEN|FIJO|200084785|1|0|1.0,[1757],0.0015873015873015873,1,0.0,0.352328431372549
247,45871533,VOLUMEN|VARIABLE|200038319|1|0|1.0|VOLUMEN|VARIABLE|200038319|1|0|1.0|VOLUMEN|VARIABLE|200110157|1|0|1.0|VOLUMEN|VARIABLE|200088336|1|0|1.0|VOLUMEN|VARIABLE|200088336|1|0|1.0|VOLUMEN|VARIABLE|200092176|1|0|1.0|VOLUMEN|VARIABLE|200050748|1|0|1.0|VOLUMEN|VARIABLE|200050748|1|0|1.0|VOLUMEN|VARIABLE|200109443|1|0|1.0|VOLUMEN|VARIABLE|200109443|1|0|1.0|VOLUMEN|VARIABLE|P0210133000|1|0|1.0|VOLUMEN|VARIABLE|200011773|1|0|1.0|VOLUMEN|VARIABLE|200103327|1|1|1.0|VOLUMEN|VARIABLE|200060588|1|0|1.0|VOLUMEN|VARIABLE|200084783|1|0|1.0|VOLUMEN|VARIABLE|200010080|1|0|1.0|VOLUMEN|VARIABLE|P0289058009|1|0|1.0|VOLUMEN|VARIABLE|P0210133000|1|0|1.0|VOLUMEN|VARIABLE|P0210133000|1|0|1.0|VOLUMEN|VARIABLE|P0210133000|1|0|1.0|VOLUMEN|VARIABLE|200073712|1|0|1.0|VOLUMEN|VARIABLE|200084602|1|0|1.0|VOLUMEN|VARIABLE|200103949|1|1|1.0|VOLUMEN|VARIABLE|200092360|1|0|1.0|VOLUMEN|VARIABLE|200106290|1|0|1.0|VOLUMEN|VARIABLE|P0292107001|1|0|1.0|VOLUMEN|VARIABLE|200037734|1|0|1.0|VOLUMEN|VARIABLE|P0292082007|1|0|1.0|VOLUMEN|VARIABLE|200056155|1|0|1.0|VOLUMEN|VARIABLE|P0210085000|1|0|1.0|VOLUMEN|VARIABLE|P0292139009|1|0|1.0|VOLUMEN|VARIABLE|200043487|1|1|1.0|VOLUMEN|VARIABLE|P0210060001|1|0|1.0|VOLUMEN|VARIABLE|200109465|1|1|1.0|VOLUMEN|VARIABLE|200109465|1|1|1.0|VOLUMEN|VARIABLE|200109465|1|1|1.0|VOLUMEN|VARIABLE|200109465|1|1|1.0|VOLUMEN|VARIABLE|200109465|1|1|1.0|VOLUMEN|VARIABLE|200109465|1|1|1.0|VOLUMEN|VARIABLE|200109465|1|1|1.0|VOLUMEN|VARIABLE|200106274|1|0|1.0|VOLUMEN|VARIABLE|200043493|1|1|1.0|VOLUMEN|VARIABLE|200058349|1|0|1.0|VOLUMEN|VARIABLE|200058349|1|0|1.0|VOLUMEN|VARIABLE|200012014|1|0|1.0|VOLUMEN|VARIABLE|210096372|1|1|1.0|VOLUMEN|VARIABLE|P0210133000|1|0|1.0|VOLUMEN|VARIABLE|200056121|1|0|1.0|VOLUMEN|VARIABLE|200113673|1|1|1.0|VOLUMEN|VARIABLE|200113673|1|1|1.0|VOLUMEN|VARIABLE|200113673|1|1|1.0,"[1208, 1208, 1208, 1208, 1208]",0.0015370525112682236,1,0.0,0.284960492726569
248,45871533,VOLUMEN|VARIABLE|200039966|1|0|1.0|VOLUMEN|VARIABLE|200100408|1|0|1.0|VOLUMEN|VARIABLE|200092361|1|0|1.0|VOLUMEN|VARIABLE|P0210133000|1|0|1.0|VOLUMEN|VARIABLE|200080256|1|0|1.0|VOLUMEN|VARIABLE|P0210055000|1|0|1.0|VOLUMEN|VARIABLE|200084815|1|0|1.0,[23],0.0016472714544402943,1,0.0,0.43272884166716863
249,45871533,VOLUMEN|VARIABLE|210092742|1|0|2.0|VOLUMEN|VARIABLE|210092742|1|0|2.0,"[1330, 1330]",0.0017006802721088435,1,0.0,0.504332983193277
250,45871533,VOLUMEN|VARIABLE|P0210133000|1|0|1.0,[1690],0.0015873015873015873,1,0.0,0.352328431372549
251,49389205,993|VARIABLE|200056741|1|0|1.0|993|VARIABLE|200064292|1|0|1.0|993|VARIABLE|200056743|1|0|1.0,"[3511, 3511, 3511]",0.0014084507042253522,1,0.0,0.11254660314830178
252,49389205,993|VARIABLE|200107828|1|0|1.0|993|VARIABLE|200107822|1|0|1.0|993|VARIABLE|200110089|1|0|1.0|993|VARIABLE|200110090|1|0|1.0,"[4020, 4020, 4020, 4020]",0.0013679890560875513,1,0.0,0.05830047477267253
253,49389205,993|VARIABLE|210047500|1|0|1.0|993|VARIABLE|210047499|1|0|1.0|993|VARIABLE|200060357|1|0|1.0|993|VARIABLE|210059944|1|0|1.0,"[4032, 4032, 4032, 4032]",0.001451378809869376,1,0.0,0.17009946213608806
254,49389205,993|VARIABLE|210059944|1|0|1.0|993|VARIABLE|210047499|1|0|1.0|993|VARIABLE|210047500|1|0|1.0,"[4568, 4568, 4568]",0.001557632398753894,1,0.0,0.3125515393073115
255,49389205,993|VARIABLE|210092742|1|0|1.0|993|VARIABLE|P0210065001|0|1|1.0|993|VARIABLE|210092742|1|0|1.0,"[3844, 3844, 3844]",0.0015037593984962407,1,0.0,0.2403250773993808
256,49389205,INDIVIDUAL + ADICIONAL|FIJO|200083596|1|0|1.0|INDIVIDUAL + ADICIONAL|FIJO|200083596|1|0|1.0|INDIVIDUAL + ADICIONAL|FIJO|200083596|1|0|1.0|VOLUMEN|VARIABLE|P0132053000|1|0|1.0|VOLUMEN|VARIABLE|P0132053000|1|0|1.0|VOLUMEN|VARIABLE|P0132053000|1|0|1.0,[172],0.0014693222620424157,1,0.0,0.19415589223418195
257,49389205,INDIVIDUAL + ADICIONAL|FIJO|200106274|1|0|1.0|INDIVIDUAL + ADICIONAL|FIJO|200109119|0|1|1.0,"[1013, 1013]",0.0014084507042253522,1,0.0,0.11254660314830178
258,49389205,INDIVIDUAL + ADICIONAL|FIJO|200109874|1|0|1.0|INDIVIDUAL + ADICIONAL|FIJO|200109874|1|0|1.0|INDIVIDUAL + ADICIONAL|FIJO|200109874|1|0|1.0,[280],0.0014444575947531655,1,0.0,0.16082032643626132
259,49389205,INDIVIDUAL|FIJO|200011773|1|1|1.0|INDIVIDUAL|FIJO|200111316|1|1|1.0|INDIVIDUAL|FIJO|200111316|1|1|1.0,[1297],0.0015881333126326138,1,0.0,0.3534435090116623
260,49389205,INDIVIDUAL|FIJO|200037125|1|0|1.0,[888],0.0014084507042253522,1,0.0,0.11254660314830178
261,49389205,INDIVIDUAL|FIJO|200040880|1|0|1.0,[968],0.0013679890560875513,1,0.0,0.05830047477267253
262,49389205,INDIVIDUAL|FIJO|200056155|1|0|1.0,[1720],0.001557632398753894,1,0.0,0.3125515393073115
263,49389205,INDIVIDUAL|FIJO|200079482|1|0|1.0|INDIVIDUAL|FIJO|200094946|1|0|1.0,[1161],0.0015789317257538006,1,0.0,0.3411071241618002
264,49389205,INDIVIDUAL|FIJO|200086172|1|0|1.0,[3839],0.001557632398753894,1,0.0,0.3125515393073115
265,49389205,INDIVIDUAL|FIJO|200092176|1|0|1.0,"[208, 1756]",0.001557632398753894,1,0.0,0.3125515393073115
266,49389205,INDIVIDUAL|FIJO|200094945|1|0|1.0,[376],0.0013679890560875513,1,0.0,0.05830047477267253
267,49389205,INDIVIDUAL|FIJO|200105270|1|0|1.0,[408],0.0015037593984962407,1,0.0,0.2403250773993808
268,49389205,INDIVIDUAL|FIJO|200106357|1|0|1.0,[528],0.0014084507042253522,1,0.0,0.11254660314830178
269,49389205,INDIVIDUAL|FIJO|200107824|1|0|1.0,[509],0.001451378809869376,1,0.0,0.17009946213608806
270,49389205,INDIVIDUAL|FIJO|200107827|1|0|1.0,[400],0.0013679890560875513,1,0.0,0.05830047477267253
271,49389205,INDIVIDUAL|FIJO|200109443|1|0|1.0|INDIVIDUAL|FIJO|200109443|1|0|1.0,[1075],0.001560066199376947,1,0.0,0.3158144874845379
272,49389205,INDIVIDUAL|FIJO|200109795|1|1|1.0|INDIVIDUAL|FIJO|200109795|1|1|1.0|INDIVIDUAL|FIJO|200109795|1|1|1.0|INDIVIDUAL|FIJO|200109795|1|1|1.0|INDIVIDUAL|FIJO|200109795|1|1|1.0,[1242],0.0013947979062112138,1,0.0,0.09424256789894225
273,49389205,INDIVIDUAL|FIJO|200111961|1|1|1.0|INDIVIDUAL|FIJO|200111961|1|1|1.0,[1394],0.0013651934381255196,1,0.0,0.05455244527221548
274,49389205,INDIVIDUAL|FIJO|200113245|1|1|1.0|INDIVIDUAL|FIJO|200113245|1|1|1.0|INDIVIDUAL|FIJO|200113245|1|1|1.0|INDIVIDUAL|FIJO|200109790|1|1|1.0|INDIVIDUAL|FIJO|200109790|1|1|1.0|INDIVIDUAL|FIJO|200109790|1|1|1.0|INDIVIDUAL|FIJO|200109790|1|1|1.0,[1241],0.001446444005915404,1,0.0,0.16348346844537076
275,49389205,INDIVIDUAL|FIJO|P0292090005|1|0|1.0,[722],0.0014084507042253522,1,0.0,0.11254660314830178
276,49389205,INDIVIDUAL|VARIABLE|P0132050000|1|0|1.0,[631],0.0014084507042253522,1,0.0,0.11254660314830178
277,49389205,INDIVIDUAL|VARIABLE|P0132051003|1|0|1.0|INDIVIDUAL|VARIABLE|P0132051003|1|0|1.0,"[678, 678]",0.0013679890560875513,1,0.0,0.05830047477267253
278,49389205,INDIVIDUAL|VARIABLE|P0210133000|1|0|1.0|INDIVIDUAL|VARIABLE|P0210133000|1|0|1.0|INDIVIDUAL|VARIABLE|P0210133000|1|0|1.0|INDIVIDUAL|VARIABLE|P0210133000|1|0|1.0|INDIVIDUAL|VARIABLE|P0210133000|1|0|1.0,[2162],0.0015449043923824023,1,0.0,0.2954873538534144
279,49389205,INDIVIDUAL|VARIABLE|P0280084002|1|0|1.0,[510],0.0013679890560875513,1,0.0,0.05830047477267253
280,49389205,INDIVIDUAL|VARIABLE|P0292100000|1|0|1.0,[985],0.0013679890560875513,1,0.0,0.05830047477267253
281,49389205,SET FIJO|FIJO|200093884|0|0|1.0|SET FIJO|FIJO|200043493|0|0|1.0|SET FIJO|FIJO|200017521|0|0|1.0|SET FIJO|FIJO|200056636|1|0|1.0,"[992, 992, 992, 992]",0.0014084507042253522,1,0.0,0.11254660314830178
282,49389205,SET FIJO|FIJO|200099581|0|0|1.0|SET FIJO|FIJO|200099581|0|0|1.0|SET FIJO|FIJO|200082481|1|0|1.0|SET FIJO|FIJO|200082481|1|0|1.0,"[3365, 3365]",0.00144099698719506,1,0.0,0.15618075858634772
283,49389205,SET FIJO|FIJO|200109872|1|0|1.0|SET FIJO|FIJO|P0132056004|0|0|1.0,"[3329, 3329]",0.0015037593984962407,1,0.0,0.2403250773993808
284,49389205,VOLUMEN|FIJO|200056155|1|0|3.0,[3920],0.0015037593984962407,1,0.0,0.2403250773993808
285,49389205,VOLUMEN|FIJO|200106304|1|0|1.0|INDIVIDUAL|FIJO|200067147|1|0|1.0,[1160],0.0015574676729317887,1,0.0,0.3123306946679072
286,49389205,VOLUMEN|FIJO|200109874|1|0|1.0,[4054],0.001451378809869376,1,0.0,0.17009946213608806
287,49389205,VOLUMEN|FIJO|210097030|1|0|2.0,[3889],0.0015037593984962407,1,0.0,0.2403250773993808
288,49389205,VOLUMEN|VARIABLE|200038319|1|0|1.0|VOLUMEN|VARIABLE|200038319|1|0|1.0|VOLUMEN|VARIABLE|200110157|1|0|1.0|VOLUMEN|VARIABLE|200088336|1|0|1.0|VOLUMEN|VARIABLE|200088336|1|0|1.0|VOLUMEN|VARIABLE|200092176|1|0|1.0|VOLUMEN|VARIABLE|200050748|1|0|1.0|VOLUMEN|VARIABLE|200050748|1|0|1.0|VOLUMEN|VARIABLE|200109443|1|0|1.0|VOLUMEN|VARIABLE|200109443|1|0|1.0|VOLUMEN|VARIABLE|P0210133000|1|0|1.0|VOLUMEN|VARIABLE|200011773|1|0|1.0|VOLUMEN|VARIABLE|200103327|1|1|1.0|VOLUMEN|VARIABLE|200060588|1|0|1.0|VOLUMEN|VARIABLE|200084783|1|0|1.0|VOLUMEN|VARIABLE|200010080|1|0|1.0|VOLUMEN|VARIABLE|P0289058009|1|0|1.0|VOLUMEN|VARIABLE|P0210133000|1|0|1.0|VOLUMEN|VARIABLE|P0210133000|1|0|1.0|VOLUMEN|VARIABLE|P0210133000|1|0|1.0|VOLUMEN|VARIABLE|200073712|1|0|1.0|VOLUMEN|VARIABLE|200084602|1|0|1.0|VOLUMEN|VARIABLE|200103949|1|1|1.0|VOLUMEN|VARIABLE|200092360|1|0|1.0|VOLUMEN|VARIABLE|200106290|1|0|1.0|VOLUMEN|VARIABLE|P0292107001|1|0|1.0|VOLUMEN|VARIABLE|200037734|1|0|1.0|VOLUMEN|VARIABLE|P0292082007|1|0|1.0|VOLUMEN|VARIABLE|200056155|1|0|1.0|VOLUMEN|VARIABLE|P0210085000|1|0|1.0|VOLUMEN|VARIABLE|P0292139009|1|0|1.0|VOLUMEN|VARIABLE|200043487|1|1|1.0|VOLUMEN|VARIABLE|P0210060001|1|0|1.0|VOLUMEN|VARIABLE|200109465|1|1|1.0|VOLUMEN|VARIABLE|200109465|1|1|1.0|VOLUMEN|VARIABLE|200109465|1|1|1.0|VOLUMEN|VARIABLE|200109465|1|1|1.0|VOLUMEN|VARIABLE|200109465|1|1|1.0|VOLUMEN|VARIABLE|200109465|1|1|1.0|VOLUMEN|VARIABLE|200109465|1|1|1.0|VOLUMEN|VARIABLE|200106274|1|0|1.0|VOLUMEN|VARIABLE|200043493|1|1|1.0|VOLUMEN|VARIABLE|200058349|1|0|1.0|VOLUMEN|VARIABLE|200058349|1|0|1.0|VOLUMEN|VARIABLE|200012014|1|0|1.0|VOLUMEN|VARIABLE|210096372|1|1|1.0|VOLUMEN|VARIABLE|P0210133000|1|0|1.0|VOLUMEN|VARIABLE|200056121|1|0|1.0|VOLUMEN|VARIABLE|200113673|1|1|1.0|VOLUMEN|VARIABLE|200113673|1|1|1.0|VOLUMEN|VARIABLE|200113673|1|1|1.0,"[1208, 1208, 1208, 1208]",0.0015370525112682236,1,0.0,0.284960492726569
289,49946996,INDIVIDUAL + ADICIONAL|FIJO|200083596|1|0|1.0|INDIVIDUAL + ADICIONAL|FIJO|200083596|1|0|1.0|INDIVIDUAL + ADICIONAL|FIJO|200083596|1|0|1.0|VOLUMEN|VARIABLE|P0132053000|1|0|1.0|VOLUMEN|VARIABLE|P0132053000|1|0|1.0|VOLUMEN|VARIABLE|P0132053000|1|0|1.0,[172],0.0014693222620424157,1,0.0,0.19415589223418195
290,49946996,INDIVIDUAL|FIJO|200004616|1|0|1.0,[1234],0.0015384615384615385,1,0.0,0.2868495475113122
291,49946996,INDIVIDUAL|FIJO|200050297|1|0|1.0,[1232],0.0015384615384615385,1,0.0,0.2868495475113122
292,49946996,INDIVIDUAL|FIJO|200056740|1|0|1.0,[765],0.0014903129657228018,1,0.0,0.22229771193127035
293,49946996,INDIVIDUAL|FIJO|200060612|1|0|1.0|INDIVIDUAL|VARIABLE|P0210055000|1|0|1.0,"[1461, 1461]",0.0015666789350999876,1,0.0,0.3246800509861656
294,49946996,INDIVIDUAL|FIJO|200064292|1|0|1.0,[768],0.0014903129657228018,1,0.0,0.22229771193127035
295,49946996,INDIVIDUAL|FIJO|200064310|1|0|1.0|INDIVIDUAL|FIJO|200064310|1|0|1.0,[769],0.0014826196097050587,1,0.0,0.2119833822540267
296,49946996,INDIVIDUAL|FIJO|200072913|1|0|1.0,[767],0.0014903129657228018,1,0.0,0.22229771193127035
297,49946996,INDIVIDUAL|FIJO|200100408|1|0|1.0|INDIVIDUAL|VARIABLE|P0210055000|1|0|1.0,[1001],0.0015004588456737887,1,0.0,0.2359000917560008
298,49946996,INDIVIDUAL|FIJO|200102421|1|0|1.0,[1253],0.0015384615384615385,1,0.0,0.2868495475113122
299,49946996,INDIVIDUAL|FIJO|200106359|1|1|1.0|INDIVIDUAL|FIJO|200106359|1|1|1.0|INDIVIDUAL|FIJO|200106359|1|1|1.0,[1567],0.0016252105547917828,1,0.0,0.4031522314821523
300,49946996,INDIVIDUAL|FIJO|200108169|1|0|1.0|INDIVIDUAL|FIJO|200108169|1|0|1.0,[2713],0.0016326628531216515,1,0.0,0.4131433799029669
301,49946996,INDIVIDUAL|FIJO|200109465|1|1|1.0|INDIVIDUAL|FIJO|200109465|1|1|1.0|INDIVIDUAL|FIJO|200109465|1|1|1.0|INDIVIDUAL|FIJO|200109465|1|1|1.0|INDIVIDUAL|FIJO|200109465|1|1|1.0|INDIVIDUAL|FIJO|200109465|1|1|1.0|INDIVIDUAL|FIJO|200109465|1|1|1.0,[2066],0.0015321762924574006,1,0.0,0.2784230429741841
302,49946996,INDIVIDUAL|FIJO|200109795|1|1|1.0|INDIVIDUAL|FIJO|200109795|1|1|1.0|INDIVIDUAL|FIJO|200109795|1|1|1.0,[1382],0.0014151119481935826,1,0.0,0.1214772006912237
303,49946996,INDIVIDUAL|FIJO|200110090|1|0|1.0|INDIVIDUAL|FIJO|P0132056004|1|0|1.0|INDIVIDUAL|FIJO|P0132056004|1|0|1.0,[512],0.001418498821215649,1,0.0,0.12601791411251706
304,49946996,INDIVIDUAL|FIJO|200110160|1|1|1.0|INDIVIDUAL|FIJO|200110160|1|1|1.0|INDIVIDUAL|FIJO|200110160|1|1|1.0|INDIVIDUAL|FIJO|200110160|1|1|1.0|INDIVIDUAL|FIJO|200110160|1|1|1.0|INDIVIDUAL|FIJO|200110160|1|1|1.0|INDIVIDUAL|FIJO|200110160|1|1|1.0|INDIVIDUAL|FIJO|200110160|1|1|1.0|INDIVIDUAL|FIJO|200110160|1|1|1.0,[1396],0.0014438245737069448,1,0.0,0.15997164768692307
305,49946996,INDIVIDUAL|FIJO|200111354|1|1|1.0|INDIVIDUAL|FIJO|200111354|1|1|1.0|INDIVIDUAL|FIJO|200111354|1|1|1.0|INDIVIDUAL|FIJO|200111354|1|1|1.0,[1569],0.0016462761060988668,1,0.0,0.431394397906409
306,49946996,INDIVIDUAL|FIJO|200113245|1|1|1.0|INDIVIDUAL|FIJO|200113245|1|1|1.0|INDIVIDUAL|FIJO|200113245|1|1|1.0|INDIVIDUAL|FIJO|200109790|1|1|1.0|INDIVIDUAL|FIJO|200109790|1|1|1.0|INDIVIDUAL|FIJO|200109790|1|1|1.0|INDIVIDUAL|FIJO|200109790|1|1|1.0,[1241],0.001446444005915404,1,0.0,0.16348346844537076
307,49946996,INDIVIDUAL|VARIABLE|P0132053000|1|0|1.0,"[121, 737, 833]",0.0015117373119223258,1,0.0,0.2510209075446872
308,49946996,INDIVIDUAL|VARIABLE|P0194067000|1|0|1.0,[1138],0.001594896331738437,1,0.0,0.362510554461019
309,49946996,INDIVIDUAL|VARIABLE|P0197106006|1|0|1.0|INDIVIDUAL|VARIABLE|P0197106006|1|0|1.0,"[704, 704]",0.0014903129657228018,1,0.0,0.22229771193127035
310,49946996,INDIVIDUAL|VARIABLE|P0197106006|1|0|1.0|INDIVIDUAL|VARIABLE|P0197106006|1|0|1.0|INDIVIDUAL|VARIABLE|P0197106006|1|0|1.0|INDIVIDUAL|VARIABLE|P0197106006|1|0|1.0,"[1528, 1528]",0.0015480469686077161,1,0.0,0.2997005434093116
311,49946996,INDIVIDUAL|VARIABLE|P0210055000|1|0|1.0,[1191],0.0016366612111292963,1,0.0,0.41850389910465036
312,49946996,INDIVIDUAL|VARIABLE|P0210133000|1|0|1.0,[1098],0.0014903129657228018,1,0.0,0.22229771193127035
313,49946996,INDIVIDUAL|VARIABLE|P0210136000|1|0|1.0,[1450],0.001594896331738437,1,0.0,0.362510554461019
314,49946996,INDIVIDUAL|VARIABLE|P0216057005|1|0|1.0,[1137],0.001594896331738437,1,0.0,0.362510554461019
315,49946996,INDIVIDUAL|VARIABLE|P0261096002|1|0|1.0,[552],0.0014492753623188406,1,0.0,0.16727941176470607
316,49946996,INDIVIDUAL|VARIABLE|P0280082000|1|0|1.0,[914],0.001594896331738437,1,0.0,0.362510554461019
317,49946996,INDIVIDUAL|VARIABLE|P0292139009|1|0|1.0|INDIVIDUAL|VARIABLE|P0292139009|1|0|1.0|INDIVIDUAL|FIJO|200039966|1|0|1.0|INDIVIDUAL|VARIABLE|P0292139009|1|0|1.0|INDIVIDUAL|VARIABLE|P0132058000|1|0|1.0|INDIVIDUAL|VARIABLE|P0292139009|1|0|1.0,[1117],0.001454494021443077,1,0.0,0.17427596444683724
318,49946996,PROMOCIÓN INDIVIDUAL|FIJO|200044715|1|0|1.0,[880],0.0016366612111292963,1,0.0,0.41850389910465036
319,49946996,SET FIJO|FIJO|200059276|0|0|1.0|SET FIJO|FIJO|200058349|1|0|1.0|SET FIJO|FIJO|200058353|0|0|1.0,"[1088, 1088, 1088]",0.00141643059490085,1,0.0,0.12324508415264135
320,49946996,SET FIJO|FIJO|200083615|0|0|1.0|SET FIJO|FIJO|200063985|0|0|1.0|SET FIJO|FIJO|200089168|1|0|1.0,"[3114, 3114, 3114]",0.00141643059490085,1,0.0,0.12324508415264135
321,49946996,SET FIJO|FIJO|200099704|0|0|1.0|SET FIJO|FIJO|200092172|0|0|1.0|SET FIJO|FIJO|200079595|1|0|1.0,"[2509, 2509, 2509]",0.00141643059490085,1,0.0,0.12324508415264135
322,49946996,SET FIJO|FIJO|P0132053000|0|0|1.0|SET FIJO|FIJO|P0132056004|0|0|1.0|SET FIJO|FIJO|200109874|1|0|1.0,"[754, 754, 754]",0.0014492753623188406,1,0.0,0.16727941176470607
323,49946996,SET VARIABLE|VARIABLE|P0210052000|0|0|1.0|SET VARIABLE|FIJO|P0210065001|1|0|1.0,"[1503, 1503]",0.001594896331738437,1,0.0,0.362510554461019
324,49946996,SET VARIABLE|VARIABLE|P0261051003|1|0|1.0|SET VARIABLE|FIJO|P0486059000|0|0|1.0,"[539, 539]",0.0014903129657228018,1,0.0,0.22229771193127035
325,49946996,VOLUMEN|VARIABLE|200038319|1|0|1.0|VOLUMEN|VARIABLE|200038319|1|0|1.0|VOLUMEN|VARIABLE|200110157|1|0|1.0|VOLUMEN|VARIABLE|200088336|1|0|1.0|VOLUMEN|VARIABLE|200088336|1|0|1.0|VOLUMEN|VARIABLE|200092176|1|0|1.0|VOLUMEN|VARIABLE|200050748|1|0|1.0|VOLUMEN|VARIABLE|200050748|1|0|1.0|VOLUMEN|VARIABLE|200109443|1|0|1.0|VOLUMEN|VARIABLE|200109443|1|0|1.0|VOLUMEN|VARIABLE|P0210133000|1|0|1.0|VOLUMEN|VARIABLE|200011773|1|0|1.0|VOLUMEN|VARIABLE|200103327|1|1|1.0|VOLUMEN|VARIABLE|200060588|1|0|1.0|VOLUMEN|VARIABLE|200084783|1|0|1.0|VOLUMEN|VARIABLE|200010080|1|0|1.0|VOLUMEN|VARIABLE|P0289058009|1|0|1.0|VOLUMEN|VARIABLE|P0210133000|1|0|1.0|VOLUMEN|VARIABLE|P0210133000|1|0|1.0|VOLUMEN|VARIABLE|P0210133000|1|0|1.0|VOLUMEN|VARIABLE|200073712|1|0|1.0|VOLUMEN|VARIABLE|200084602|1|0|1.0|VOLUMEN|VARIABLE|200103949|1|1|1.0|VOLUMEN|VARIABLE|200092360|1|0|1.0|VOLUMEN|VARIABLE|200106290|1|0|1.0|VOLUMEN|VARIABLE|P0292107001|1|0|1.0|VOLUMEN|VARIABLE|200037734|1|0|1.0|VOLUMEN|VARIABLE|P0292082007|1|0|1.0|VOLUMEN|VARIABLE|200056155|1|0|1.0|VOLUMEN|VARIABLE|P0210085000|1|0|1.0|VOLUMEN|VARIABLE|P0292139009|1|0|1.0|VOLUMEN|VARIABLE|200043487|1|1|1.0|VOLUMEN|VARIABLE|P0210060001|1|0|1.0|VOLUMEN|VARIABLE|200109465|1|1|1.0|VOLUMEN|VARIABLE|200109465|1|1|1.0|VOLUMEN|VARIABLE|200109465|1|1|1.0|VOLUMEN|VARIABLE|200109465|1|1|1.0|VOLUMEN|VARIABLE|200109465|1|1|1.0|VOLUMEN|VARIABLE|200109465|1|1|1.0|VOLUMEN|VARIABLE|200109465|1|1|1.0|VOLUMEN|VARIABLE|200106274|1|0|1.0|VOLUMEN|VARIABLE|200043493|1|1|1.0|VOLUMEN|VARIABLE|200058349|1|0|1.0|VOLUMEN|VARIABLE|200058349|1|0|1.0|VOLUMEN|VARIABLE|200012014|1|0|1.0|VOLUMEN|VARIABLE|210096372|1|1|1.0|VOLUMEN|VARIABLE|P0210133000|1|0|1.0|VOLUMEN|VARIABLE|200056121|1|0|1.0|VOLUMEN|VARIABLE|200113673|1|1|1.0|VOLUMEN|VARIABLE|200113673|1|1|1.0|VOLUMEN|VARIABLE|200113673|1|1|1.0,"[1208, 1208]",0.0015370525112682236,1,0.0,0.284960492726569
326,49946996,VOLUMEN|VARIABLE|200039966|1|0|1.0|VOLUMEN|VARIABLE|200100408|1|0|1.0|VOLUMEN|VARIABLE|200092361|1|0|1.0|VOLUMEN|VARIABLE|P0210133000|1|0|1.0|VOLUMEN|VARIABLE|200080256|1|0|1.0|VOLUMEN|VARIABLE|P0210055000|1|0|1.0|VOLUMEN|VARIABLE|200084815|1|0|1.0,"[23, 23]",0.0016472714544402943,1,0.0,0.43272884166716863
327,49946996,VOLUMEN|VARIABLE|P0292082007|1|0|1.0,[2019],0.0015384615384615385,1,0.0,0.2868495475113122
328,50020096,993|VARIABLE|200058729|1|0|1.0,[3514],0.001388888888888889,1,0.0,0.0863204656862746
329,50020096,993|VARIABLE|P0132056004|1|0|1.0|993|VARIABLE|P0132056004|1|0|1.0,"[3946, 3946]",0.0013440860215053765,1,0.0,0.026254150853890268
330,50020096,INDIVIDUAL + ADICIONAL|FIJO|200097947|1|0|1.0|INDIVIDUAL + ADICIONAL|FIJO|200106161|0|1|1.0,"[306, 306]",0.0013440860215053765,1,0.0,0.026254150853890268
331,50020096,INDIVIDUAL + ADICIONAL|FIJO|200098878|1|0|1.0,[249],0.001388888888888889,1,0.0,0.0863204656862746
332,50020096,INDIVIDUAL + ADICIONAL|FIJO|200103327|0|1|1.0|INDIVIDUAL + ADICIONAL|FIJO|200010080|1|0|1.0,"[377, 377]",0.001430615164520744,1,0.0,0.14226205503660694
333,50020096,INDIVIDUAL + ADICIONAL|FIJO|210092742|0|1|1.0|INDIVIDUAL + ADICIONAL|FIJO|P0210133000|1|0|1.0|INDIVIDUAL + ADICIONAL|FIJO|P0210085000|0|1|1.0,"[335, 335, 335]",0.0014749262536873156,1,0.0,0.20166905257678303
334,50020096,INDIVIDUAL|FIJO|200012014|1|0|1.0,[972],0.0015290519877675841,1,0.0,0.2742343497031843
335,50020096,INDIVIDUAL|FIJO|200029044|1|0|1.0,[973],0.0014749262536873156,1,0.0,0.20166905257678303
336,50020096,INDIVIDUAL|FIJO|200039966|1|0|1.0|INDIVIDUAL|FIJO|200039966|1|0|1.0,[924],0.0013468068434112578,1,0.0,0.029901902766787947
337,50020096,INDIVIDUAL|FIJO|200046830|1|0|1.0,[943],0.0014749262536873156,1,0.0,0.20166905257678303
338,50020096,INDIVIDUAL|FIJO|200056121|1|0|1.0,[1749],0.0015290519877675841,1,0.0,0.2742343497031843
339,50020096,INDIVIDUAL|FIJO|200060302|1|0|1.0,[1357],0.0015723270440251573,1,0.0,0.33225235849056634
340,50020096,INDIVIDUAL|FIJO|200072404|1|0|1.0,[406],0.001388888888888889,1,0.0,0.0863204656862746
341,50020096,INDIVIDUAL|FIJO|200072593|1|1|1.0,[1406],0.001430615164520744,1,0.0,0.14226205503660694
342,50020096,INDIVIDUAL|FIJO|200073712|1|0|1.0,"[192, 1778]",0.0015290519877675841,1,0.0,0.2742343497031843
343,50020096,INDIVIDUAL|FIJO|200079482|1|0|1.0|INDIVIDUAL|FIJO|200094946|1|0|1.0,[1161],0.0015789317257538006,1,0.0,0.3411071241618002
344,50020096,INDIVIDUAL|FIJO|200080256|1|0|1.0|INDIVIDUAL|FIJO|200014172|1|0|1.0,"[986, 986]",0.0015296398298173751,1,0.0,0.2750224578689451
345,50020096,INDIVIDUAL|FIJO|200080259|1|0|1.0,[92],0.0014749262536873156,1,0.0,0.20166905257678303
346,50020096,INDIVIDUAL|FIJO|200084602|1|0|1.0,[993],0.0015290519877675841,1,0.0,0.2742343497031843
347,50020096,INDIVIDUAL|FIJO|200084783|1|0|1.0,"[206, 1723]",0.0015290519877675841,1,0.0,0.2742343497031843
348,50020096,INDIVIDUAL|FIJO|200084815|1|0|1.0,"[1073, 1334]",0.001600495769569582,1,0.0,0.37001760959592533
349,50020096,INDIVIDUAL|FIJO|200090658|1|0|1.0,[1672],0.001388888888888889,1,0.0,0.0863204656862746
350,50020096,INDIVIDUAL|FIJO|200092164|1|0|1.0,[847],0.0015723270440251573,1,0.0,0.33225235849056634
351,50020096,INDIVIDUAL|FIJO|200092457|1|1|1.0,[1741],0.0017064846416382253,1,0.0,0.5121147861875126
352,50020096,INDIVIDUAL|FIJO|200099673|1|1|1.0,[1276],0.0014749262536873156,1,0.0,0.20166905257678303
353,50020096,INDIVIDUAL|FIJO|200100812|1|0|1.0,[878],0.001430615164520744,1,0.0,0.14226205503660694
354,50020096,INDIVIDUAL|FIJO|200102450|1|1|1.0,[1831],0.0015723270440251573,1,0.0,0.33225235849056634
355,50020096,INDIVIDUAL|FIJO|200103456|1|1|1.0,[1614],0.0016286644951140066,1,0.0,0.4077828607012839
356,50020096,INDIVIDUAL|FIJO|200103949|1|1|1.0,[2096],0.0015290519877675841,1,0.0,0.2742343497031843
357,50020096,INDIVIDUAL|FIJO|200105033|1|0|1.0,[564],0.001388888888888889,1,0.0,0.0863204656862746
358,50020096,INDIVIDUAL|FIJO|200105034|1|0|1.0|INDIVIDUAL|FIJO|200054026|1|0|1.0,[565],0.001369208277103014,1,0.0,0.059935060182980227
359,50020096,INDIVIDUAL|FIJO|200105035|1|0|1.0,[563],0.001388888888888889,1,0.0,0.0863204656862746
360,50020096,INDIVIDUAL|FIJO|200106359|1|1|1.0|INDIVIDUAL|FIJO|200106359|1|1|1.0|INDIVIDUAL|FIJO|200106359|1|1|1.0,[1567],0.0016252105547917828,1,0.0,0.4031522314821523
361,50020096,INDIVIDUAL|FIJO|200108169|1|0|1.0,[2130],0.0017064846416382253,1,0.0,0.5121147861875126
362,50020096,INDIVIDUAL|FIJO|200108169|1|0|1.0|INDIVIDUAL|FIJO|200108169|1|0|1.0,[2713],0.0016326628531216515,1,0.0,0.4131433799029669
363,50020096,INDIVIDUAL|FIJO|200108726|1|0|1.0,[522],0.0016286644951140066,1,0.0,0.4077828607012839
364,50020096,INDIVIDUAL|FIJO|200109465|1|1|1.0|INDIVIDUAL|FIJO|200109465|1|1|1.0|INDIVIDUAL|FIJO|200109465|1|1|1.0|INDIVIDUAL|FIJO|200109465|1|1|1.0|INDIVIDUAL|FIJO|200109465|1|1|1.0|INDIVIDUAL|FIJO|200109465|1|1|1.0|INDIVIDUAL|FIJO|200109465|1|1|1.0,[2066],0.0015321762924574006,1,0.0,0.2784230429741841
365,50020096,INDIVIDUAL|FIJO|200109795|1|1|1.0,[1283],0.001388888888888889,1,0.0,0.0863204656862746
366,50020096,INDIVIDUAL|FIJO|200109795|1|1|1.0|INDIVIDUAL|FIJO|200109795|1|1|1.0|INDIVIDUAL|FIJO|200109795|1|1|1.0|INDIVIDUAL|FIJO|200109795|1|1|1.0|INDIVIDUAL|FIJO|200109795|1|1|1.0,[1242],0.0013947979062112138,1,0.0,0.09424256789894225
367,50020096,INDIVIDUAL|FIJO|200109796|1|1|1.0|INDIVIDUAL|FIJO|200109796|1|1|1.0,[1821],0.0015649797213895256,1,0.0,0.3224019488989389
368,50020096,INDIVIDUAL|FIJO|200110089|1|0|1.0,"[507, 573]",0.0015296398298173751,1,0.0,0.2750224578689451
369,50020096,INDIVIDUAL|FIJO|200110090|1|0|1.0,[710],0.0017064846416382253,1,0.0,0.5121147861875126
370,50020096,INDIVIDUAL|FIJO|200110090|1|0|1.0|INDIVIDUAL|FIJO|P0132056004|1|0|1.0|INDIVIDUAL|FIJO|P0132056004|1|0|1.0,[512],0.001418498821215649,1,0.0,0.12601791411251706
371,50020096,INDIVIDUAL|FIJO|200110157|1|0|1.0,[1899],0.0015290519877675841,1,0.0,0.2742343497031843
372,50020096,INDIVIDUAL|FIJO|200110157|1|0|1.0|INDIVIDUAL|FIJO|200062880|1|0|1.0,[1178],0.0015803594853745588,1,0.0,0.3430212931401233
373,50020096,INDIVIDUAL|FIJO|200110160|1|1|1.0|INDIVIDUAL|FIJO|200110160|1|1|1.0|INDIVIDUAL|FIJO|200110160|1|1|1.0|INDIVIDUAL|FIJO|200110160|1|1|1.0|INDIVIDUAL|FIJO|200110160|1|1|1.0|INDIVIDUAL|FIJO|200110160|1|1|1.0|INDIVIDUAL|FIJO|200110160|1|1|1.0|INDIVIDUAL|FIJO|200110160|1|1|1.0|INDIVIDUAL|FIJO|200110160|1|1|1.0,[1396],0.0014438245737069448,1,0.0,0.15997164768692307
374,50020096,INDIVIDUAL|FIJO|200111354|1|1|1.0|INDIVIDUAL|FIJO|200111354|1|1|1.0|INDIVIDUAL|FIJO|200111354|1|1|1.0|INDIVIDUAL|FIJO|200111354|1|1|1.0,[1569],0.0016462761060988668,1,0.0,0.431394397906409
375,50020096,INDIVIDUAL|FIJO|200113245|1|1|1.0|INDIVIDUAL|FIJO|200113245|1|1|1.0|INDIVIDUAL|FIJO|200113245|1|1|1.0|INDIVIDUAL|FIJO|200109790|1|1|1.0|INDIVIDUAL|FIJO|200109790|1|1|1.0|INDIVIDUAL|FIJO|200109790|1|1|1.0|INDIVIDUAL|FIJO|200109790|1|1|1.0,"[1241, 1241]",0.001446444005915404,1,0.0,0.16348346844537076
376,50020096,INDIVIDUAL|FIJO|200113673|1|1|1.0|INDIVIDUAL|FIJO|200113673|1|1|1.0|INDIVIDUAL|FIJO|200113673|1|1|1.0,[2067],0.001519805876310323,1,0.0,0.261838271634941
377,50020096,INDIVIDUAL|FIJO|210096372|1|1|1.0,[2095],0.0015290519877675841,1,0.0,0.2742343497031843
378,50020096,INDIVIDUAL|FIJO|210097030|1|1|1.0,[229],0.001388888888888889,1,0.0,0.0863204656862746
379,50020096,INDIVIDUAL|FIJO|P0197132000|1|1|1.0,[1259],0.001388888888888889,1,0.0,0.0863204656862746
380,50020096,INDIVIDUAL|FIJO|P0279092003|1|0|1.0,[313],0.001388888888888889,1,0.0,0.0863204656862746
381,50020096,INDIVIDUAL|FIJO|P0292060005|1|0|1.0,[3831],0.0015290519877675841,1,0.0,0.2742343497031843
382,50020096,INDIVIDUAL|VARIABLE|200037125|1|0|1.0,[4156],0.0015290519877675841,1,0.0,0.2742343497031843
383,50020096,INDIVIDUAL|VARIABLE|200041010|1|0|1.0,[4157],0.0015290519877675841,1,0.0,0.2742343497031843
384,50020096,INDIVIDUAL|VARIABLE|200080272|1|0|1.0,[4142],0.0015290519877675841,1,0.0,0.2742343497031843
385,50020096,INDIVIDUAL|VARIABLE|200110090|1|0|1.0|INDIVIDUAL|VARIABLE|200110089|1|0|1.0,"[3468, 3468]",0.0014749262536873156,1,0.0,0.20166905257678303
386,50020096,INDIVIDUAL|VARIABLE|P0132051003|1|0|1.0,[726],0.001430615164520744,1,0.0,0.14226205503660694
387,50020096,INDIVIDUAL|VARIABLE|P0197145001|1|0|1.0,[2083],0.001388888888888889,1,0.0,0.0863204656862746
388,50020096,INDIVIDUAL|VARIABLE|P0210085000|1|0|1.0|INDIVIDUAL|VARIABLE|P0210085000|1|0|1.0,[1008],0.0014826196097050587,1,0.0,0.2119833822540267
389,50020096,INDIVIDUAL|VARIABLE|P0210111001|1|0|1.0|INDIVIDUAL|VARIABLE|P0210111001|1|0|1.0|INDIVIDUAL|VARIABLE|P0210111001|1|0|1.0,"[1015, 1015]",0.0014749262536873156,1,0.0,0.20166905257678303
390,50020096,INDIVIDUAL|VARIABLE|P0210133000|1|0|1.0|INDIVIDUAL|FIJO|200080259|1|0|1.0,[956],0.0014319075712881024,1,0.0,0.14399475913152893
391,50020096,INDIVIDUAL|VARIABLE|P0210133000|1|0|1.0|INDIVIDUAL|VARIABLE|P0210133000|1|0|1.0,[319],0.0015325751490297213,1,0.0,0.278957782062218
392,50020096,INDIVIDUAL|VARIABLE|P0285050000|1|0|1.0|INDIVIDUAL|FIJO|200067147|1|0|1.0|INDIVIDUAL|FIJO|200067147|1|0|1.0,[79],0.0014170820285254696,1,0.0,0.1241184482802955
393,50020096,INDIVIDUAL|VARIABLE|P0289058009|1|0|1.0|INDIVIDUAL|VARIABLE|P0292133004|1|0|1.0,[1070],0.0016551572063205223,1,0.0,0.44330111265762207
394,50020096,PROMOCIÓN INDIVIDUAL|VARIABLE|200012014|1|0|1.0,[1040],0.0014749262536873156,1,0.0,0.20166905257678303
395,50020096,PROMOCIÓN INDIVIDUAL|VARIABLE|200084604|1|0|1.0,[1038],0.0014749262536873156,1,0.0,0.20166905257678303
396,50020096,SET FIJO|FIJO|200010080|1|0|1.0,[3316],0.001430615164520744,1,0.0,0.14226205503660694
397,50020096,SET FIJO|FIJO|200011773|0|0|1.0|SET FIJO|FIJO|200106274|0|0|1.0|VOLUMEN|VARIABLE|P0210133000|1|0|2.0|VOLUMEN|VARIABLE|P0210133000|1|0|2.0,"[1012, 1012]",0.0016251111918183876,1,0.0,0.4030190175163686
398,50020096,SET FIJO|FIJO|200063985|0|0|1.0|SET FIJO|FIJO|200050979|1|0|1.0,"[161, 161]",0.0013440860215053765,1,0.0,0.026254150853890268
399,50020096,SET FIJO|FIJO|200095385|0|0|1.0|SET FIJO|FIJO|200038319|1|0|1.0,"[3338, 3338]",0.001430615164520744,1,0.0,0.14226205503660694
400,50020096,SET FIJO|FIJO|200095771|0|0|1.0|SET FIJO|FIJO|200039966|1|0|1.0,"[3112, 3112]",0.001388888888888889,1,0.0,0.0863204656862746
401,50020096,SET FIJO|FIJO|200099581|0|0|1.0|SET FIJO|FIJO|200099581|0|0|1.0|SET FIJO|FIJO|200082481|1|0|1.0|SET FIJO|FIJO|200082481|1|0|1.0,"[3365, 3365]",0.00144099698719506,1,0.0,0.15618075858634772
402,50020096,SET FIJO|FIJO|200107828|1|0|1.0|SET FIJO|FIJO|200107822|0|0|1.0,"[478, 478]",0.001388888888888889,1,0.0,0.0863204656862746
403,50020096,SET FIJO|FIJO|200110665|0|0|1.0|SET FIJO|FIJO|200053740|1|0|1.0,"[3712, 3712]",0.0017064846416382253,1,0.0,0.5121147861875126
404,50020096,SET FIJO|FIJO|200112453|1|0|1.0|SET FIJO|FIJO|200051355|0|0|1.0,"[3362, 3362]",0.001430615164520744,1,0.0,0.14226205503660694
405,50020096,SET VARIABLE|VARIABLE|200014172|0|0|1.0|SET VARIABLE|VARIABLE|200084815|1|0|1.0,"[4116, 4116]",0.0015290519877675841,1,0.0,0.2742343497031843
406,50020096,VOLUMEN|FIJO|200083596|1|0|1.0,[4802],0.0017064846416382253,1,0.0,0.5121147861875126
407,50020096,VOLUMEN|FIJO|200083596|1|0|2.0,[1282],0.001430615164520744,1,0.0,0.14226205503660694
408,50020096,VOLUMEN|FIJO|200088271|1|0|1.0,"[201, 3492]",0.0015723270440251573,1,0.0,0.33225235849056634
409,50020096,VOLUMEN|FIJO|200098648|0|0|2.0|INDIVIDUAL|FIJO|200089222|1|0|1.0|VOLUMEN|FIJO|200080229|0|0|2.0|VOLUMEN|FIJO|200087691|1|0|3.0,[1250],0.001419998643853265,1,0.0,0.1280286965468782
410,50020096,VOLUMEN|FIJO|200106304|1|0|1.0|INDIVIDUAL|FIJO|200067147|1|0|1.0,[1160],0.0015574676729317887,1,0.0,0.3123306946679072
411,50020096,VOLUMEN|FIJO|200108169|1|0|1.0,[3447],0.0015723270440251573,1,0.0,0.33225235849056634
412,50020096,VOLUMEN|FIJO|200109875|1|0|1.0,[4836],0.0016286644951140066,1,0.0,0.4077828607012839
413,50020096,VOLUMEN|VARIABLE|200038319|1|0|1.0|VOLUMEN|VARIABLE|200038319|1|0|1.0|VOLUMEN|VARIABLE|200110157|1|0|1.0|VOLUMEN|VARIABLE|200088336|1|0|1.0|VOLUMEN|VARIABLE|200088336|1|0|1.0|VOLUMEN|VARIABLE|200092176|1|0|1.0|VOLUMEN|VARIABLE|200050748|1|0|1.0|VOLUMEN|VARIABLE|200050748|1|0|1.0|VOLUMEN|VARIABLE|200109443|1|0|1.0|VOLUMEN|VARIABLE|200109443|1|0|1.0|VOLUMEN|VARIABLE|P0210133000|1|0|1.0|VOLUMEN|VARIABLE|200011773|1|0|1.0|VOLUMEN|VARIABLE|200103327|1|1|1.0|VOLUMEN|VARIABLE|200060588|1|0|1.0|VOLUMEN|VARIABLE|200084783|1|0|1.0|VOLUMEN|VARIABLE|200010080|1|0|1.0|VOLUMEN|VARIABLE|P0289058009|1|0|1.0|VOLUMEN|VARIABLE|P0210133000|1|0|1.0|VOLUMEN|VARIABLE|P0210133000|1|0|1.0|VOLUMEN|VARIABLE|P0210133000|1|0|1.0|VOLUMEN|VARIABLE|200073712|1|0|1.0|VOLUMEN|VARIABLE|200084602|1|0|1.0|VOLUMEN|VARIABLE|200103949|1|1|1.0|VOLUMEN|VARIABLE|200092360|1|0|1.0|VOLUMEN|VARIABLE|200106290|1|0|1.0|VOLUMEN|VARIABLE|P0292107001|1|0|1.0|VOLUMEN|VARIABLE|200037734|1|0|1.0|VOLUMEN|VARIABLE|P0292082007|1|0|1.0|VOLUMEN|VARIABLE|200056155|1|0|1.0|VOLUMEN|VARIABLE|P0210085000|1|0|1.0|VOLUMEN|VARIABLE|P0292139009|1|0|1.0|VOLUMEN|VARIABLE|200043487|1|1|1.0|VOLUMEN|VARIABLE|P0210060001|1|0|1.0|VOLUMEN|VARIABLE|200109465|1|1|1.0|VOLUMEN|VARIABLE|200109465|1|1|1.0|VOLUMEN|VARIABLE|200109465|1|1|1.0|VOLUMEN|VARIABLE|200109465|1|1|1.0|VOLUMEN|VARIABLE|200109465|1|1|1.0|VOLUMEN|VARIABLE|200109465|1|1|1.0|VOLUMEN|VARIABLE|200109465|1|1|1.0|VOLUMEN|VARIABLE|200106274|1|0|1.0|VOLUMEN|VARIABLE|200043493|1|1|1.0|VOLUMEN|VARIABLE|200058349|1|0|1.0|VOLUMEN|VARIABLE|200058349|1|0|1.0|VOLUMEN|VARIABLE|200012014|1|0|1.0|VOLUMEN|VARIABLE|210096372|1|1|1.0|VOLUMEN|VARIABLE|P0210133000|1|0|1.0|VOLUMEN|VARIABLE|200056121|1|0|1.0|VOLUMEN|VARIABLE|200113673|1|1|1.0|VOLUMEN|VARIABLE|200113673|1|1|1.0|VOLUMEN|VARIABLE|200113673|1|1|1.0,"[1208, 1208, 1208, 1208, 1208, 1208, 1208, 1208, 1208, 1208, 1208, 1208, 1208, 1208]",0.0015370525112682238,1,0.0,0.2849604927265694
414,50020096,VOLUMEN|VARIABLE|200039966|1|0|1.0|VOLUMEN|VARIABLE|200100408|1|0|1.0|VOLUMEN|VARIABLE|200092361|1|0|1.0|VOLUMEN|VARIABLE|P0210133000|1|0|1.0|VOLUMEN|VARIABLE|200080256|1|0|1.0|VOLUMEN|VARIABLE|P0210055000|1|0|1.0|VOLUMEN|VARIABLE|200084815|1|0|1.0,"[23, 23]",0.0016472714544402943,1,0.0,0.43272884166716863
415,50020096,VOLUMEN|VARIABLE|200043495|1|0|1.0|PROMOCIÓN SET FIJO|FIJO|200106354|1|0|1.0|VOLUMEN|VARIABLE|200058353|1|0|1.0,[1148],0.001377485237978252,1,0.0,0.07103181730639441
416,50020096,VOLUMEN|VARIABLE|200043496|1|0|1.0|INDIVIDUAL|FIJO|210095212|1|1|1.0,[1252],0.0014097520267048165,1,0.0,0.114291260361441
417,50020096,VOLUMEN|VARIABLE|200056740|1|0|1.0,[1416],0.0016286644951140066,1,0.0,0.4077828607012839
418,50020096,VOLUMEN|VARIABLE|200067147|1|0|1.0|VOLUMEN|VARIABLE|200067147|1|0|1.0,[1056],0.0013468068434112578,1,0.0,0.029901902766787947
419,50020096,VOLUMEN|VARIABLE|200073399|1|0|1.0,[1413],0.0016286644951140066,1,0.0,0.4077828607012839
420,50020096,VOLUMEN|VARIABLE|200092172|1|0|3.0|VOLUMEN|VARIABLE|200072404|1|0|3.0,"[1420, 1420]",0.0016286644951140066,1,0.0,0.4077828607012839
421,50020096,VOLUMEN|VARIABLE|P0197143004|1|0|2.0|VOLUMEN|VARIABLE|P0197143004|1|0|2.0|VOLUMEN|VARIABLE|P0197105003|1|0|2.0,[723],0.001368838986910632,1,0.0,0.05943996015355024
422,50020096,VOLUMEN|VARIABLE|P0210111001|1|0|1.0|VOLUMEN|VARIABLE|P0210111001|1|0|1.0,"[39, 39]",0.0014749262536873156,1,0.0,0.20166905257678303
423,50073300,INDIVIDUAL + ADICIONAL|FIJO|200097947|1|0|1.0|INDIVIDUAL + ADICIONAL|FIJO|200106161|0|1|1.0,"[372, 372]",0.0014577259475218659,1,0.0,0.17860894357743096
424,50073300,INDIVIDUAL + ADICIONAL|FIJO|P0261052003|0|1|1.0|INDIVIDUAL + ADICIONAL|FIJO|210097810|1|0|1.0,"[337, 337]",0.0015151515151515152,1,0.0,0.2555982620320856
425,50073300,INDIVIDUAL|FIJO|200009812|1|0|1.0,[835],0.0014577259475218659,1,0.0,0.17860894357743096
426,50073300,INDIVIDUAL|FIJO|200037734|1|0|1.0,[217],0.0015625,1,0.0,0.3190774356617647
427,50073300,INDIVIDUAL|FIJO|200043487|1|1|1.0,[1908],0.0015625,1,0.0,0.3190774356617647
428,50073300,INDIVIDUAL|FIJO|200043493|1|1|1.0,[1907],0.0015625,1,0.0,0.3190774356617647
429,50073300,INDIVIDUAL|FIJO|200046830|1|0|1.0|INDIVIDUAL|VARIABLE|P0216057005|1|0|1.0,[709],0.0014493818349740769,1,0.0,0.16742215753978584
430,50073300,INDIVIDUAL|FIJO|200082170|1|0|1.0,[191],0.0014084507042253522,1,0.0,0.11254660314830178
431,50073300,INDIVIDUAL|FIJO|200082356|1|1|1.0|INDIVIDUAL|FIJO|200082356|1|1|1.0,[1398],0.0014545523786956209,1,0.0,0.1743542028567595
432,50073300,INDIVIDUAL|FIJO|200084785|1|0|1.0,[808],0.0014084507042253522,1,0.0,0.11254660314830178
433,50073300,INDIVIDUAL|FIJO|200095182|1|0|1.0|INDIVIDUAL|FIJO|200095182|1|0|1.0,[556],0.0014084507042253522,1,0.0,0.11254660314830178
434,50073300,INDIVIDUAL|FIJO|200095931|1|0|1.0,[761],0.001364256480218281,1,0.0,0.05329628440735101
435,50073300,INDIVIDUAL|FIJO|200100408|1|0|1.0|INDIVIDUAL|VARIABLE|P0210055000|1|0|1.0,[1001],0.0015004588456737887,1,0.0,0.2359000917560008
436,50073300,INDIVIDUAL|FIJO|200101406|1|1|1.0,[1302],0.001364256480218281,1,0.0,0.05329628440735101
437,50073300,INDIVIDUAL|FIJO|200101610|1|0|1.0,[342],0.0014084507042253522,1,0.0,0.11254660314830178
438,50073300,INDIVIDUAL|FIJO|200106308|1|1|1.0|INDIVIDUAL|FIJO|200106308|1|1|1.0|INDIVIDUAL|FIJO|200106308|1|1|1.0,[1393],0.0013623995060229478,1,0.0,0.05080667597006716
439,50073300,INDIVIDUAL|FIJO|200106311|1|1|1.0|VOLUMEN|VARIABLE|P0280076000|1|0|1.0,[1238],0.0014195913669527984,1,0.0,0.12748266849206713
440,50073300,INDIVIDUAL|FIJO|200106352|1|0|1.0,[1317],0.0015625,1,0.0,0.3190774356617647
441,50073300,INDIVIDUAL|FIJO|200109443|1|0|1.0|INDIVIDUAL|FIJO|200109443|1|0|1.0,[1075],0.001560066199376947,1,0.0,0.3158144874845379
442,50073300,INDIVIDUAL|FIJO|200109794|1|0|1.0,[532],0.0014084507042253522,1,0.0,0.11254660314830178
443,50073300,INDIVIDUAL|FIJO|200109795|1|1|1.0|INDIVIDUAL|FIJO|200109795|1|1|1.0|INDIVIDUAL|FIJO|200109795|1|1|1.0,[1382],0.0014151119481935826,1,0.0,0.1214772006912237
444,50073300,INDIVIDUAL|FIJO|200110160|1|1|1.0|INDIVIDUAL|FIJO|200110160|1|1|1.0|INDIVIDUAL|FIJO|200110160|1|1|1.0|INDIVIDUAL|FIJO|200110160|1|1|1.0|INDIVIDUAL|FIJO|200110160|1|1|1.0|INDIVIDUAL|FIJO|200110160|1|1|1.0|INDIVIDUAL|FIJO|200110160|1|1|1.0|INDIVIDUAL|FIJO|200110160|1|1|1.0|INDIVIDUAL|FIJO|200110160|1|1|1.0,[1396],0.0014438245737069448,1,0.0,0.15997164768692307
445,50073300,INDIVIDUAL|FIJO|200113245|1|1|1.0|INDIVIDUAL|FIJO|200113245|1|1|1.0|INDIVIDUAL|FIJO|200113245|1|1|1.0|INDIVIDUAL|FIJO|200109790|1|1|1.0|INDIVIDUAL|FIJO|200109790|1|1|1.0|INDIVIDUAL|FIJO|200109790|1|1|1.0|INDIVIDUAL|FIJO|200109790|1|1|1.0,[1241],0.001446444005915404,1,0.0,0.16348346844537076
446,50073300,INDIVIDUAL|FIJO|P0132056004|1|0|1.0,[2738],0.0014084507042253522,1,0.0,0.11254660314830178
447,50073300,INDIVIDUAL|FIJO|P0216057000|1|0|1.0,[2702],0.0014084507042253522,1,0.0,0.11254660314830178
448,50073300,INDIVIDUAL|FIJO|P0280083000|1|1|1.0,[53],0.0016750418760469012,1,0.0,0.46996009459059995
449,50073300,INDIVIDUAL|VARIABLE|200060588|1|0|1.0|INDIVIDUAL|VARIABLE|200037734|1|0|1.0,"[1868, 1868]",0.0015625,1,0.0,0.3190774356617647
450,50073300,INDIVIDUAL|VARIABLE|P0132053000|1|0|1.0|INDIVIDUAL|VARIABLE|P0132053000|1|0|1.0|INDIVIDUAL|VARIABLE|P0132053000|1|0|1.0|INDIVIDUAL|VARIABLE|P0132053000|1|0|1.0,"[644, 644]",0.001402078710379779,1,0.0,0.10400379750236088
451,50073300,INDIVIDUAL|VARIABLE|P0197145001|1|0|1.0,[659],0.0014084507042253522,1,0.0,0.11254660314830178
452,50073300,INDIVIDUAL|VARIABLE|P0210133000|1|0|1.0|INDIVIDUAL|VARIABLE|P0210133000|1|0|1.0|INDIVIDUAL|VARIABLE|P0210133000|1|0|1.0|INDIVIDUAL|VARIABLE|P0210133000|1|0|1.0|INDIVIDUAL|VARIABLE|P0210133000|1|0|1.0,[2162],0.0015449043923824023,1,0.0,0.2954873538534144
453,50073300,INDIVIDUAL|VARIABLE|P0216057002|1|0|1.0,[655],0.0014084507042253522,1,0.0,0.11254660314830178
454,50073300,INDIVIDUAL|VARIABLE|P0216057005|1|0|1.0,[656],0.0014084507042253522,1,0.0,0.11254660314830178
455,50073300,INDIVIDUAL|VARIABLE|P0289058009|1|0|1.0,[952],0.0014084507042253522,1,0.0,0.11254660314830178
456,50073300,INDIVIDUAL|VARIABLE|P0292139009|1|0|1.0|INDIVIDUAL|VARIABLE|P0292139009|1|0|1.0|INDIVIDUAL|FIJO|200039966|1|0|1.0|INDIVIDUAL|VARIABLE|P0292139009|1|0|1.0|INDIVIDUAL|VARIABLE|P0132058000|1|0|1.0|INDIVIDUAL|VARIABLE|P0292139009|1|0|1.0,"[1117, 1117, 1117, 1117]",0.001454494021443077,1,0.0,0.17427596444683724
457,50073300,PROMOCIÓN INDIVIDUAL|FIJO|200050795|1|1|1.0,[1143],0.001364256480218281,1,0.0,0.05329628440735101
458,50073300,PROMOCIÓN INDIVIDUAL|FIJO|P0210133000|1|1|1.0,[1144],0.001364256480218281,1,0.0,0.05329628440735101
459,50073300,PROMOCIÓN INDIVIDUAL|FIJO|P0210136000|1|1|1.0,[1145],0.001364256480218281,1,0.0,0.05329628440735101
460,50073300,PROMOCIÓN INDIVIDUAL|FIJO|P0280083000|1|1|1.0,[1951],0.0015625,1,0.0,0.3190774356617647
461,50073300,PROMOCIÓN INDIVIDUAL|FIJO|P0486050000|1|1|1.0,[1128],0.0015151515151515152,1,0.0,0.2555982620320856
462,50073300,SET FIJO|FIJO|200051249|0|0|1.0|SET FIJO|FIJO|200012014|0|0|1.0|SET FIJO|FIJO|200046830|0|0|1.0|SET FIJO|FIJO|200050979|1|0|1.0,"[252, 252, 252, 252]",0.0014577259475218659,1,0.0,0.17860894357743096
463,50073300,SET FIJO|FIJO|200092176|0|0|1.0|SET FIJO|FIJO|200090097|0|0|1.0|SET FIJO|FIJO|200084602|1|0|1.0,"[988, 988, 988]",0.0014084507042253522,1,0.0,0.11254660314830178
464,50073300,SET FIJO|FIJO|200094901|0|0|1.0|SET FIJO|FIJO|P0280084002|0|0|1.0|SET FIJO|FIJO|200051088|0|0|1.0|SET FIJO|FIJO|200053740|1|0|1.0,"[458, 458, 458, 458]",0.0014084507042253522,1,0.0,0.11254660314830178
465,50073300,SET FIJO|FIJO|200104065|0|0|1.0|SET FIJO|FIJO|200082170|1|0|1.0|SET FIJO|FIJO|200096670|0|0|1.0|SET FIJO|FIJO|200090313|0|0|1.0,"[1110, 1110, 1110, 1110]",0.0015151515151515152,1,0.0,0.2555982620320856
466,50073300,SET FIJO|FIJO|200106312|0|0|1.0|INDIVIDUAL|VARIABLE|P0289069000|1|0|1.0|INDIVIDUAL|FIJO|200089168|1|0|1.0|SET FIJO|FIJO|200099262|1|0|1.0,[998],0.0014397826719535528,1,0.0,0.1545527502497881
467,50073300,SET FIJO|FIJO|200110157|1|0|1.0|SET FIJO|FIJO|200110157|1|0|1.0,[1100],0.0015027322404371586,1,0.0,0.23894798698167796
468,50073300,SET FIJO|FIJO|200113464|1|0|1.0,[1112],0.0015625,1,0.0,0.3190774356617647
469,50073300,SET VARIABLE|VARIABLE|200056740|0|0|1.0|SET VARIABLE|VARIABLE|200072913|1|0|1.0|SET VARIABLE|VARIABLE|200064310|1|0|1.0|SET VARIABLE|FIJO|200056743|0|0|1.0|SET VARIABLE|FIJO|200056743|0|0|1.0|SET VARIABLE|VARIABLE|200056741|0|0|1.0,"[4172, 4172, 4172]",0.00154228500761035,1,0.0,0.2919755966920159
470,50073300,SET VARIABLE|VARIABLE|200097947|1|0|1.0|SET VARIABLE|VARIABLE|P0132057001|0|0|1.0|SET VARIABLE|VARIABLE|210097536|0|0|1.0,"[1949, 1949, 1949]",0.0015625000000000003,1,0.0,0.31907743566176516
471,50073300,VOLUMEN|FIJO|200060612|1|0|2.0,[4003],0.0014084507042253522,1,0.0,0.11254660314830178
472,50073300,VOLUMEN|VARIABLE|200038319|1|0|1.0|VOLUMEN|VARIABLE|200038319|1|0|1.0|VOLUMEN|VARIABLE|200110157|1|0|1.0|VOLUMEN|VARIABLE|200088336|1|0|1.0|VOLUMEN|VARIABLE|200088336|1|0|1.0|VOLUMEN|VARIABLE|200092176|1|0|1.0|VOLUMEN|VARIABLE|200050748|1|0|1.0|VOLUMEN|VARIABLE|200050748|1|0|1.0|VOLUMEN|VARIABLE|200109443|1|0|1.0|VOLUMEN|VARIABLE|200109443|1|0|1.0|VOLUMEN|VARIABLE|P0210133000|1|0|1.0|VOLUMEN|VARIABLE|200011773|1|0|1.0|VOLUMEN|VARIABLE|200103327|1|1|1.0|VOLUMEN|VARIABLE|200060588|1|0|1.0|VOLUMEN|VARIABLE|200084783|1|0|1.0|VOLUMEN|VARIABLE|200010080|1|0|1.0|VOLUMEN|VARIABLE|P0289058009|1|0|1.0|VOLUMEN|VARIABLE|P0210133000|1|0|1.0|VOLUMEN|VARIABLE|P0210133000|1|0|1.0|VOLUMEN|VARIABLE|P0210133000|1|0|1.0|VOLUMEN|VARIABLE|200073712|1|0|1.0|VOLUMEN|VARIABLE|200084602|1|0|1.0|VOLUMEN|VARIABLE|200103949|1|1|1.0|VOLUMEN|VARIABLE|200092360|1|0|1.0|VOLUMEN|VARIABLE|200106290|1|0|1.0|VOLUMEN|VARIABLE|P0292107001|1|0|1.0|VOLUMEN|VARIABLE|200037734|1|0|1.0|VOLUMEN|VARIABLE|P0292082007|1|0|1.0|VOLUMEN|VARIABLE|200056155|1|0|1.0|VOLUMEN|VARIABLE|P0210085000|1|0|1.0|VOLUMEN|VARIABLE|P0292139009|1|0|1.0|VOLUMEN|VARIABLE|200043487|1|1|1.0|VOLUMEN|VARIABLE|P0210060001|1|0|1.0|VOLUMEN|VARIABLE|200109465|1|1|1.0|VOLUMEN|VARIABLE|200109465|1|1|1.0|VOLUMEN|VARIABLE|200109465|1|1|1.0|VOLUMEN|VARIABLE|200109465|1|1|1.0|VOLUMEN|VARIABLE|200109465|1|1|1.0|VOLUMEN|VARIABLE|200109465|1|1|1.0|VOLUMEN|VARIABLE|200109465|1|1|1.0|VOLUMEN|VARIABLE|200106274|1|0|1.0|VOLUMEN|VARIABLE|200043493|1|1|1.0|VOLUMEN|VARIABLE|200058349|1|0|1.0|VOLUMEN|VARIABLE|200058349|1|0|1.0|VOLUMEN|VARIABLE|200012014|1|0|1.0|VOLUMEN|VARIABLE|210096372|1|1|1.0|VOLUMEN|VARIABLE|P0210133000|1|0|1.0|VOLUMEN|VARIABLE|200056121|1|0|1.0|VOLUMEN|VARIABLE|200113673|1|1|1.0|VOLUMEN|VARIABLE|200113673|1|1|1.0|VOLUMEN|VARIABLE|200113673|1|1|1.0,"[1208, 1208, 1208, 1208, 1208, 1208]",0.0015370525112682236,1,0.0,0.284960492726569
473,50073300,VOLUMEN|VARIABLE|200043493|1|0|5.0|VOLUMEN|VARIABLE|200060302|1|0|5.0|VOLUMEN|VARIABLE|200095625|1|0|5.0|VOLUMEN|VARIABLE|200051355|1|0|5.0|VOLUMEN|VARIABLE|200059112|1|0|5.0,"[1965, 1965, 1965, 1965, 1965]",0.0015625,1,0.0,0.3190774356617647
474,50073300,VOLUMEN|VARIABLE|200043495|1|0|1.0|PROMOCIÓN SET FIJO|FIJO|200106354|1|0|1.0|VOLUMEN|VARIABLE|200058353|1|0|1.0,[1148],0.001377485237978252,1,0.0,0.07103181730639441
475,50073300,VOLUMEN|VARIABLE|200109470|1|0|2.0,[1151],0.0015151515151515152,1,0.0,0.2555982620320856
476,50073300,VOLUMEN|VARIABLE|P0261097007|1|0|2.0,[1235],0.001364256480218281,1,0.0,0.05329628440735101
477,50073300,VOLUMEN|VARIABLE|P0280083000|1|0|2.0,[2048],0.0015625,1,0.0,0.3190774356617647
478,50180387,INDIVIDUAL + ADICIONAL|FIJO|200083596|1|0|1.0|INDIVIDUAL + ADICIONAL|FIJO|200083596|1|0|1.0|INDIVIDUAL + ADICIONAL|FIJO|200083596|1|0|1.0|VOLUMEN|VARIABLE|P0132053000|1|0|1.0|VOLUMEN|VARIABLE|P0132053000|1|0|1.0|VOLUMEN|VARIABLE|P0132053000|1|0|1.0,[172],0.0014693222620424157,1,0.0,0.19415589223418195
479,50180387,INDIVIDUAL|FIJO|200037125|1|0|1.0|INDIVIDUAL|FIJO|200037125|1|0|1.0|INDIVIDUAL|FIJO|200092361|1|0|1.0,[982],0.0015384680786372559,1,0.0,0.28685831579505483
480,50180387,INDIVIDUAL|FIJO|200046830|1|0|1.0|INDIVIDUAL|VARIABLE|P0216057005|1|0|1.0,[709],0.0014493818349740769,1,0.0,0.16742215753978584
481,50180387,INDIVIDUAL|FIJO|200051086|1|0|1.0,[1822],0.0015384615384615385,1,0.0,0.2868495475113122
482,50180387,INDIVIDUAL|FIJO|200054026|1|0|1.0,"[587, 643, 683]",0.0015288095392324804,1,0.0,0.27390930376548694
483,50180387,INDIVIDUAL|FIJO|200056621|1|0|1.0,[989],0.001451378809869376,1,0.0,0.17009946213608806
484,50180387,INDIVIDUAL|FIJO|200060357|1|0|1.0,[559],0.001402524544179523,1,0.0,0.10460151802656559
485,50180387,INDIVIDUAL|FIJO|200084783|1|0|1.0,[1333],0.001589825119236884,1,0.0,0.3557116805386704
486,50180387,INDIVIDUAL|FIJO|200088336|1|0|1.0|INDIVIDUAL|FIJO|200088336|1|0|1.0,[1788],0.0015233785822021118,1,0.0,0.26662812749534237
487,50180387,INDIVIDUAL|FIJO|200091709|1|0|1.0,[721],0.001451378809869376,1,0.0,0.17009946213608806
488,50180387,INDIVIDUAL|FIJO|200095771|1|0|1.0|INDIVIDUAL|VARIABLE|P0210052000|1|0|1.0,[995],0.0014059153170670018,1,0.0,0.10914745991999353
489,50180387,INDIVIDUAL|FIJO|200097947|1|0|1.0,[582],0.0013812154696132596,1,0.0,0.0760328648033799
490,50180387,INDIVIDUAL|FIJO|200106161|1|0|1.0,[797],0.001644736842105263,1,0.0,0.4293307372291022
491,50180387,INDIVIDUAL|FIJO|200106305|1|0|1.0,[1030],0.001402524544179523,1,0.0,0.10460151802656559
492,50180387,INDIVIDUAL|FIJO|200107337|1|0|1.0,[612],0.0013812154696132596,1,0.0,0.0760328648033799
493,50180387,INDIVIDUAL|FIJO|200109258|1|0|1.0,[909],0.001451378809869376,1,0.0,0.17009946213608806
494,50180387,INDIVIDUAL|FIJO|200109465|1|1|1.0|INDIVIDUAL|FIJO|200109465|1|1|1.0|INDIVIDUAL|FIJO|200109465|1|1|1.0|INDIVIDUAL|FIJO|200109465|1|1|1.0|INDIVIDUAL|FIJO|200109465|1|1|1.0|INDIVIDUAL|FIJO|200109465|1|1|1.0|INDIVIDUAL|FIJO|200109465|1|1|1.0,[2066],0.0015321762924574006,1,0.0,0.2784230429741841
495,50180387,INDIVIDUAL|FIJO|200109636|1|1|1.0,[983],0.0013812154696132596,1,0.0,0.0760328648033799
496,50180387,INDIVIDUAL|FIJO|200109796|1|1|1.0,[1869],0.001589825119236884,1,0.0,0.3557116805386704
497,50180387,INDIVIDUAL|FIJO|200110023|1|0|1.0,[1031],0.001402524544179523,1,0.0,0.10460151802656559
498,50180387,INDIVIDUAL|FIJO|200110160|1|1|1.0|INDIVIDUAL|FIJO|200110160|1|1|1.0|INDIVIDUAL|FIJO|200110160|1|1|1.0|INDIVIDUAL|FIJO|200110160|1|1|1.0|INDIVIDUAL|FIJO|200110160|1|1|1.0|INDIVIDUAL|FIJO|200110160|1|1|1.0|INDIVIDUAL|FIJO|200110160|1|1|1.0|INDIVIDUAL|FIJO|200110160|1|1|1.0|INDIVIDUAL|FIJO|200110160|1|1|1.0,[1396],0.0014438245737069448,1,0.0,0.15997164768692307
499,50180387,INDIVIDUAL|FIJO|200111354|1|1|1.0|INDIVIDUAL|FIJO|200111354|1|1|1.0|INDIVIDUAL|FIJO|200111354|1|1|1.0|INDIVIDUAL|FIJO|200111354|1|1|1.0,[1569],0.0016462761060988668,1,0.0,0.431394397906409
500,50180387,INDIVIDUAL|FIJO|P0132056004|1|0|1.0|INDIVIDUAL|FIJO|200097947|1|0|1.0|INDIVIDUAL|FIJO|200097947|1|0|1.0,[593],0.0015955337565213253,1,0.0,0.3633651372126805
501,50180387,INDIVIDUAL|VARIABLE|P0132053000|1|0|1.0|INDIVIDUAL|VARIABLE|P0132053000|1|0|1.0|INDIVIDUAL|VARIABLE|P0132053000|1|0|1.0,[1520],0.0015275338563009797,1,0.0,0.27219902098528226
502,50180387,INDIVIDUAL|VARIABLE|P0132053000|1|0|1.0|INDIVIDUAL|VARIABLE|P0132053000|1|0|1.0|INDIVIDUAL|VARIABLE|P0132053000|1|0|1.0|INDIVIDUAL|VARIABLE|P0132053000|1|0|1.0,[644],0.001402078710379779,1,0.0,0.10400379750236088
503,50180387,INDIVIDUAL|VARIABLE|P0132059003|1|0|1.0,"[149, 1517]",0.0015384615384615385,1,0.0,0.2868495475113122
504,50180387,INDIVIDUAL|VARIABLE|P0197082000|1|0|1.0,"[123, 740]",0.001451378809869376,1,0.0,0.17009946213608806
505,50180387,INDIVIDUAL|VARIABLE|P0197089001|1|0|1.0|SET FIJO|FIJO|200083615|1|0|1.0|SET FIJO|FIJO|P0216057002|0|0|1.0,"[667, 667]",0.001531319284670666,1,0.0,0.277274069648634
506,50180387,INDIVIDUAL|VARIABLE|P0197105003|1|0|1.0,[746],0.001451378809869376,1,0.0,0.17009946213608806
507,50180387,INDIVIDUAL|VARIABLE|P0197105003|1|0|1.0|INDIVIDUAL|FIJO|200056759|1|0|1.0,"[845, 845]",0.001523630693142393,1,0.0,0.2669661276278339
508,50180387,INDIVIDUAL|VARIABLE|P0197106006|1|0|1.0|PROMOCIÓN INDIVIDUAL|FIJO|200010080|1|0|1.0,"[1130, 1130]",0.00152060196455313,1,0.0,0.26290557133737935
509,50180387,INDIVIDUAL|VARIABLE|P0210085000|1|0|1.0,[1839],0.0015384615384615385,1,0.0,0.2868495475113122
510,50180387,INDIVIDUAL|VARIABLE|P0210085000|1|0|1.0|INDIVIDUAL|VARIABLE|P0210085000|1|0|1.0,[1008],0.0014826196097050587,1,0.0,0.2119833822540267
511,50180387,INDIVIDUAL|VARIABLE|P0210133000|1|0|1.0|INDIVIDUAL|VARIABLE|P0210133000|1|0|1.0|INDIVIDUAL|VARIABLE|P0210133000|1|0|1.0|INDIVIDUAL|VARIABLE|P0210133000|1|0|1.0|INDIVIDUAL|VARIABLE|P0210133000|1|0|1.0,[2162],0.0015449043923824023,1,0.0,0.2954873538534144
512,50180387,INDIVIDUAL|VARIABLE|P0216057005|1|0|1.0|INDIVIDUAL|FIJO|200076945|1|0|1.0|INDIVIDUAL|VARIABLE|P0216057005|1|0|1.0,[750],0.001423627621093003,1,0.0,0.13289399428632342
513,50180387,INDIVIDUAL|VARIABLE|P0261097007|1|0|1.0,[505],0.0013812154696132596,1,0.0,0.0760328648033799
514,50180387,INDIVIDUAL|VARIABLE|P0289069000|1|0|1.0,[1074],0.001451378809869376,1,0.0,0.17009946213608806
515,50180387,PROMOCIÓN INDIVIDUAL|FIJO|200094901|1|0|1.0,[544],0.0013812154696132596,1,0.0,0.0760328648033799
516,50180387,SET FIJO|FIJO|200010080|1|0|1.0|SET FIJO|FIJO|200056621|0|0|1.0|SET FIJO|FIJO|200043487|0|0|1.0,"[979, 979, 979]",0.001402524544179523,1,0.0,0.10460151802656559
517,50180387,SET FIJO|FIJO|200044715|1|0|1.0|SET FIJO|FIJO|P0132051003|0|0|1.0,"[662, 662]",0.001402524544179523,1,0.0,0.10460151802656559
518,50180387,SET FIJO|FIJO|200058349|1|0|1.0|INDIVIDUAL|VARIABLE|P0132053000|1|0|1.0|INDIVIDUAL|VARIABLE|P0132053000|1|0|1.0|SET FIJO|FIJO|200058353|0|0|1.0,[1124],0.0014754459189194034,1,0.0,0.20236575743655982
519,50180387,SET FIJO|FIJO|200089168|1|0|1.0|PROMOCIÓN INDIVIDUAL|VARIABLE|200050748|1|0|1.0|SET FIJO|FIJO|200106161|0|0|1.0,[1135],0.0013834780468345513,1,0.0,0.07906625716515325
520,50180387,SET FIJO|FIJO|200099581|0|0|1.0|SET FIJO|FIJO|200082481|1|0|1.0,"[669, 669]",0.001402524544179523,1,0.0,0.10460151802656559
521,50180387,SET FIJO|FIJO|200106312|0|0|1.0|INDIVIDUAL|VARIABLE|P0289069000|1|0|1.0|INDIVIDUAL|FIJO|200089168|1|0|1.0|SET FIJO|FIJO|200099262|1|0|1.0,"[998, 998, 998]",0.001439782671953553,1,0.0,0.15455275024978832
522,50180387,SET FIJO|FIJO|200109532|1|0|1.0|INDIVIDUAL|VARIABLE|P0292139009|1|0|1.0|SET FIJO|FIJO|200109632|0|0|1.0,"[1014, 1014, 1014]",0.0014175813016497737,1,0.0,0.12478781384601012
523,50180387,SET FIJO|FIJO|210066158|0|0|1.0|SET FIJO|FIJO|P0292082007|1|0|1.0,"[4027, 4027]",0.0015384615384615385,1,0.0,0.2868495475113122
524,50180387,SET FIJO|FIJO|210097536|0|0|1.0|SET FIJO|FIJO|210097537|1|0|1.0,"[859, 859]",0.001644736842105263,1,0.0,0.4293307372291022
525,50180387,VOLUMEN|FIJO|200056636|1|0|1.0,[1054],0.0014903129657228018,1,0.0,0.22229771193127035
526,50180387,VOLUMEN|FIJO|200101424|1|0|1.0|VOLUMEN|FIJO|200084602|1|0|1.0|VOLUMEN|FIJO|200058349|1|0|1.0,"[4469, 4469, 4469]",0.001644736842105263,1,0.0,0.4293307372291022
527,50180387,VOLUMEN|VARIABLE|200038319|1|0|1.0|VOLUMEN|VARIABLE|200038319|1|0|1.0|VOLUMEN|VARIABLE|200110157|1|0|1.0|VOLUMEN|VARIABLE|200088336|1|0|1.0|VOLUMEN|VARIABLE|200088336|1|0|1.0|VOLUMEN|VARIABLE|200092176|1|0|1.0|VOLUMEN|VARIABLE|200050748|1|0|1.0|VOLUMEN|VARIABLE|200050748|1|0|1.0|VOLUMEN|VARIABLE|200109443|1|0|1.0|VOLUMEN|VARIABLE|200109443|1|0|1.0|VOLUMEN|VARIABLE|P0210133000|1|0|1.0|VOLUMEN|VARIABLE|200011773|1|0|1.0|VOLUMEN|VARIABLE|200103327|1|1|1.0|VOLUMEN|VARIABLE|200060588|1|0|1.0|VOLUMEN|VARIABLE|200084783|1|0|1.0|VOLUMEN|VARIABLE|200010080|1|0|1.0|VOLUMEN|VARIABLE|P0289058009|1|0|1.0|VOLUMEN|VARIABLE|P0210133000|1|0|1.0|VOLUMEN|VARIABLE|P0210133000|1|0|1.0|VOLUMEN|VARIABLE|P0210133000|1|0|1.0|VOLUMEN|VARIABLE|200073712|1|0|1.0|VOLUMEN|VARIABLE|200084602|1|0|1.0|VOLUMEN|VARIABLE|200103949|1|1|1.0|VOLUMEN|VARIABLE|200092360|1|0|1.0|VOLUMEN|VARIABLE|200106290|1|0|1.0|VOLUMEN|VARIABLE|P0292107001|1|0|1.0|VOLUMEN|VARIABLE|200037734|1|0|1.0|VOLUMEN|VARIABLE|P0292082007|1|0|1.0|VOLUMEN|VARIABLE|200056155|1|0|1.0|VOLUMEN|VARIABLE|P0210085000|1|0|1.0|VOLUMEN|VARIABLE|P0292139009|1|0|1.0|VOLUMEN|VARIABLE|200043487|1|1|1.0|VOLUMEN|VARIABLE|P0210060001|1|0|1.0|VOLUMEN|VARIABLE|200109465|1|1|1.0|VOLUMEN|VARIABLE|200109465|1|1|1.0|VOLUMEN|VARIABLE|200109465|1|1|1.0|VOLUMEN|VARIABLE|200109465|1|1|1.0|VOLUMEN|VARIABLE|200109465|1|1|1.0|VOLUMEN|VARIABLE|200109465|1|1|1.0|VOLUMEN|VARIABLE|200109465|1|1|1.0|VOLUMEN|VARIABLE|200106274|1|0|1.0|VOLUMEN|VARIABLE|200043493|1|1|1.0|VOLUMEN|VARIABLE|200058349|1|0|1.0|VOLUMEN|VARIABLE|200058349|1|0|1.0|VOLUMEN|VARIABLE|200012014|1|0|1.0|VOLUMEN|VARIABLE|210096372|1|1|1.0|VOLUMEN|VARIABLE|P0210133000|1|0|1.0|VOLUMEN|VARIABLE|200056121|1|0|1.0|VOLUMEN|VARIABLE|200113673|1|1|1.0|VOLUMEN|VARIABLE|200113673|1|1|1.0|VOLUMEN|VARIABLE|200113673|1|1|1.0,"[1208, 1208, 1208, 1208]",0.0015370525112682236,1,0.0,0.284960492726569
528,50180387,VOLUMEN|VARIABLE|P0132053000|1|0|3.0|VOLUMEN|VARIABLE|P0132053000|1|0|3.0|VOLUMEN|VARIABLE|P0132053000|1|0|3.0,"[735, 735, 735]",0.0014903129657228018,1,0.0,0.22229771193127035
529,50180387,VOLUMEN|VARIABLE|P0197143004|1|0|2.0|VOLUMEN|VARIABLE|P0197143004|1|0|2.0|VOLUMEN|VARIABLE|P0197105003|1|0|2.0,"[723, 723]",0.001368838986910632,1,0.0,0.05943996015355024
530,50379884,INDIVIDUAL + ADICIONAL|FIJO|200044012|1|0|1.0|INDIVIDUAL + ADICIONAL|FIJO|P0132053000|0|1|1.0,"[1186, 1186]",0.0015527950310559005,1,0.0,0.3060661764705881
531,50379884,INDIVIDUAL + ADICIONAL|FIJO|200105178|0|1|1.0|INDIVIDUAL + ADICIONAL|FIJO|200105328|1|0|1.0,"[731, 731]",0.0016129032258064516,1,0.0,0.3866520398481972
532,50379884,INDIVIDUAL|FIJO|200054026|1|0|1.0,"[108, 1401]",0.0015527950310559005,1,0.0,0.3060661764705881
533,50379884,INDIVIDUAL|FIJO|200056258|1|0|1.0,"[72, 1085]",0.0017301038062283738,1,0.0,0.5437805312436395
534,50379884,INDIVIDUAL|FIJO|200056330|1|0|1.0,[1044],0.0016129032258064516,1,0.0,0.3866520398481972
535,50379884,INDIVIDUAL|FIJO|200062878|1|0|1.0,[1176],0.0017301038062283738,1,0.0,0.5437805312436395
536,50379884,INDIVIDUAL|FIJO|200080255|1|0|1.0,[1277],0.0016129032258064516,1,0.0,0.3866520398481972
537,50379884,INDIVIDUAL|FIJO|200080256|1|0|1.0,[1278],0.0016129032258064516,1,0.0,0.3866520398481972
538,50379884,INDIVIDUAL|FIJO|200091875|1|0|1.0,[759],0.0017889087656529517,1,0.0,0.6226191728927708
539,50379884,INDIVIDUAL|FIJO|200096723|1|0|1.0,[1339],0.0016129032258064516,1,0.0,0.3866520398481972
540,50379884,INDIVIDUAL|FIJO|200106359|1|1|1.0,[1694],0.0016750418760469012,1,0.0,0.46996009459059995
541,50379884,INDIVIDUAL|FIJO|200106397|1|0|1.0,[817],0.0017889087656529517,1,0.0,0.6226191728927708
542,50379884,INDIVIDUAL|FIJO|200109465|1|1|1.0|INDIVIDUAL|FIJO|200109465|1|1|1.0|INDIVIDUAL|FIJO|200109465|1|1|1.0|INDIVIDUAL|FIJO|200109465|1|1|1.0|INDIVIDUAL|FIJO|200109465|1|1|1.0|INDIVIDUAL|FIJO|200109465|1|1|1.0|INDIVIDUAL|FIJO|200109465|1|1|1.0,[2066],0.0015321762924574006,1,0.0,0.2784230429741841
543,50379884,INDIVIDUAL|FIJO|200110157|1|0|1.0|INDIVIDUAL|FIJO|200062880|1|0|1.0,[1178],0.0015803594853745588,1,0.0,0.3430212931401233
544,50379884,INDIVIDUAL|FIJO|200111354|1|1|1.0|INDIVIDUAL|FIJO|200111354|1|1|1.0|INDIVIDUAL|FIJO|200111354|1|1|1.0|INDIVIDUAL|FIJO|200111354|1|1|1.0,[1569],0.0016462761060988668,1,0.0,0.431394397906409
545,50379884,INDIVIDUAL|FIJO|P0132056004|1|0|1.0|INDIVIDUAL|FIJO|200097947|1|0|1.0|INDIVIDUAL|FIJO|200097947|1|0|1.0,[593],0.0015955337565213253,1,0.0,0.3633651372126805
546,50379884,INDIVIDUAL|FIJO|P0216059003|1|0|1.0,[841],0.0017301038062283738,1,0.0,0.5437805312436395
547,50379884,INDIVIDUAL|FIJO|P0289058009|1|0|1.0,[1825],0.0015527950310559005,1,0.0,0.3060661764705881
548,50379884,INDIVIDUAL|FIJO|P0292082007|1|0|1.0|INDIVIDUAL|FIJO|P0292082007|1|0|1.0,[1829],0.0016001024065540196,1,0.0,0.36949023561037353
549,50379884,INDIVIDUAL|VARIABLE|P0197089001|1|0|1.0,"[156, 1529]",0.0015527950310559005,1,0.0,0.3060661764705881
550,50379884,INDIVIDUAL|VARIABLE|P0197089001|1|0|1.0|SET FIJO|FIJO|200083615|1|0|1.0|SET FIJO|FIJO|P0216057002|0|0|1.0,[667],0.001531319284670666,1,0.0,0.277274069648634
551,50379884,INDIVIDUAL|VARIABLE|P0197132000|1|0|1.0|INDIVIDUAL|VARIABLE|P0197132000|1|0|1.0,[1525],0.0015552137149048972,1,0.0,0.3093088578889496
552,50379884,INDIVIDUAL|VARIABLE|P0210133000|1|0|1.0,[1185],0.0016750418760469012,1,0.0,0.46996009459059995
553,50379884,INDIVIDUAL|VARIABLE|P0216050000|1|0|1.0,[838],0.0016750418760469012,1,0.0,0.46996009459059995
554,50379884,INDIVIDUAL|VARIABLE|P0280083009|1|0|1.0,[619],0.0016750418760469012,1,0.0,0.46996009459059995
555,50379884,INDIVIDUAL|VARIABLE|P0292139009|1|0|1.0|INDIVIDUAL|VARIABLE|P0292139009|1|0|1.0|INDIVIDUAL|FIJO|200039966|1|0|1.0|INDIVIDUAL|VARIABLE|P0292139009|1|0|1.0|INDIVIDUAL|VARIABLE|P0132058000|1|0|1.0|INDIVIDUAL|VARIABLE|P0292139009|1|0|1.0,[1117],0.001454494021443077,1,0.0,0.17427596444683724
556,50379884,PROMOCIÓN INDIVIDUAL|FIJO|200039855|1|0|1.0,[1549],0.0015527950310559005,1,0.0,0.3060661764705881
557,50379884,PROMOCIÓN INDIVIDUAL|FIJO|200044012|1|0|1.0,[881],0.0016750418760469012,1,0.0,0.46996009459059995
558,50379884,SET FIJO|FIJO|200058349|1|0|1.0|INDIVIDUAL|VARIABLE|P0132053000|1|0|1.0|INDIVIDUAL|VARIABLE|P0132053000|1|0|1.0|SET FIJO|FIJO|200058353|0|0|1.0,[1124],0.0014754459189194034,1,0.0,0.20236575743655982
559,50379884,SET FIJO|FIJO|200105208|1|0|1.0,[3701],0.0016750418760469012,1,0.0,0.46996009459059995
560,50379884,VOLUMEN|FIJO|P0210060001|0|0|1.0|VOLUMEN|FIJO|P0292082007|1|0|2.0,"[4274, 4274]",0.0017889087656529517,1,0.0,0.6226191728927708
561,50379884,VOLUMEN|VARIABLE|200038319|1|0|1.0|VOLUMEN|VARIABLE|200038319|1|0|1.0|VOLUMEN|VARIABLE|200110157|1|0|1.0|VOLUMEN|VARIABLE|200088336|1|0|1.0|VOLUMEN|VARIABLE|200088336|1|0|1.0|VOLUMEN|VARIABLE|200092176|1|0|1.0|VOLUMEN|VARIABLE|200050748|1|0|1.0|VOLUMEN|VARIABLE|200050748|1|0|1.0|VOLUMEN|VARIABLE|200109443|1|0|1.0|VOLUMEN|VARIABLE|200109443|1|0|1.0|VOLUMEN|VARIABLE|P0210133000|1|0|1.0|VOLUMEN|VARIABLE|200011773|1|0|1.0|VOLUMEN|VARIABLE|200103327|1|1|1.0|VOLUMEN|VARIABLE|200060588|1|0|1.0|VOLUMEN|VARIABLE|200084783|1|0|1.0|VOLUMEN|VARIABLE|200010080|1|0|1.0|VOLUMEN|VARIABLE|P0289058009|1|0|1.0|VOLUMEN|VARIABLE|P0210133000|1|0|1.0|VOLUMEN|VARIABLE|P0210133000|1|0|1.0|VOLUMEN|VARIABLE|P0210133000|1|0|1.0|VOLUMEN|VARIABLE|200073712|1|0|1.0|VOLUMEN|VARIABLE|200084602|1|0|1.0|VOLUMEN|VARIABLE|200103949|1|1|1.0|VOLUMEN|VARIABLE|200092360|1|0|1.0|VOLUMEN|VARIABLE|200106290|1|0|1.0|VOLUMEN|VARIABLE|P0292107001|1|0|1.0|VOLUMEN|VARIABLE|200037734|1|0|1.0|VOLUMEN|VARIABLE|P0292082007|1|0|1.0|VOLUMEN|VARIABLE|200056155|1|0|1.0|VOLUMEN|VARIABLE|P0210085000|1|0|1.0|VOLUMEN|VARIABLE|P0292139009|1|0|1.0|VOLUMEN|VARIABLE|200043487|1|1|1.0|VOLUMEN|VARIABLE|P0210060001|1|0|1.0|VOLUMEN|VARIABLE|200109465|1|1|1.0|VOLUMEN|VARIABLE|200109465|1|1|1.0|VOLUMEN|VARIABLE|200109465|1|1|1.0|VOLUMEN|VARIABLE|200109465|1|1|1.0|VOLUMEN|VARIABLE|200109465|1|1|1.0|VOLUMEN|VARIABLE|200109465|1|1|1.0|VOLUMEN|VARIABLE|200109465|1|1|1.0|VOLUMEN|VARIABLE|200106274|1|0|1.0|VOLUMEN|VARIABLE|200043493|1|1|1.0|VOLUMEN|VARIABLE|200058349|1|0|1.0|VOLUMEN|VARIABLE|200058349|1|0|1.0|VOLUMEN|VARIABLE|200012014|1|0|1.0|VOLUMEN|VARIABLE|210096372|1|1|1.0|VOLUMEN|VARIABLE|P0210133000|1|0|1.0|VOLUMEN|VARIABLE|200056121|1|0|1.0|VOLUMEN|VARIABLE|200113673|1|1|1.0|VOLUMEN|VARIABLE|200113673|1|1|1.0|VOLUMEN|VARIABLE|200113673|1|1|1.0,"[1208, 1208]",0.0015370525112682236,1,0.0,0.284960492726569
562,50379884,VOLUMEN|VARIABLE|200039966|1|0|1.0|VOLUMEN|VARIABLE|200100408|1|0|1.0|VOLUMEN|VARIABLE|200092361|1|0|1.0|VOLUMEN|VARIABLE|P0210133000|1|0|1.0|VOLUMEN|VARIABLE|200080256|1|0|1.0|VOLUMEN|VARIABLE|P0210055000|1|0|1.0|VOLUMEN|VARIABLE|200084815|1|0|1.0,"[23, 23]",0.0016472714544402943,1,0.0,0.43272884166716863
563,50379884,VOLUMEN|VARIABLE|P0216050000|1|0|1.0,[69],0.0016750418760469012,1,0.0,0.46996009459059995
