CODPAIS,ANIOCAMPANA,CODEBELISTA,CODVENTA,CODPRODUCTOSAP,ID_OFERTA,COD_CATALOGO,ID_MACROESTRATEGIA,ID_TIPO_SUBESTRATEGIA,DES_TIPO_SUBESTRATEGIA,DES_TIPO_ESTRATEGIA,ID_TIPO_GRUPO,ID_GRUPO,DES_TIPO_GRUPO,ID_SUB_GRUPO,NUM_PAGINA,PRECIO_OFERTA,ES_GRATIS,ES_PADRE,ES_GRUPO_PADRE,FACTOR_CUADRE,FACTOR_REPETICION,COD_TIPO_OFERTA,COD_TIPO_PROFIT,ID_SUBESTRATEGIA,CODCUC,FECHAPROCESO,COMPOSITE_PRIMARY_KEY
PE,202304,49946996,38332,200102550,539,9,1489,3,SET VARIABLE,SET,2,374207,VARIABLE,374207,541,60,0,1,1,1,1,310,1,500,P0261051003,2023-02-28,3|2|1|0|1|P0261051003|
PE,202301,43985620,35473,210102057,658,10,1333,1,INDIVIDUAL,INDIVIDUAL,1,360514,FIJO,360514,84,24.9,0,1,1,1,1,4,1,631,XXXXXXXXX,2022-12-20,1|1|1|0|1|XXXXXXXXX|
PE,202302,49946996,104020,200083615,3114,45,343,2,SET FIJO,SET,1,367853,FIJO,367853,1,25.42,0,0,1,1,1,201,1,2662,200083615,2023-01-24,2|1|1|0|0|200083615|
PE,202306,45871533,42132,220046096,571,1,205,2,SET FIJO,SET,1,384055,FIJO,384055,666,0,1,0,1,1,1,89,6,172,XXXXXXXXX,2023-04-10,2|1|1|1|0|XXXXXXXXX|
PE,202304,10961556,5977,200106608,738,10,1450,999,VOLUMEN,VOLUMEN,2,374430,VARIABLE,374430,29,22.9,0,1,1,1,1,320,1,685,P0197143004,2023-03-03,999|2|1|0|1|P0197143004|
PE,202309,50379884,1636,200106397,817,13,598,1,INDIVIDUAL,INDIVIDUAL,1,401247,FIJO,401247,109,25.9,0,1,1,1,1,300,1,769,200106397,2023-06-20,1|1|1|0|1|200106397|
PE,202305,43985620,121807,200090452,4569,45,408,993,993,OTRO,2,383213,VARIABLE,383213,1,26.6,0,1,1,3,1,201,1,3682,200040636,2023-03-14,993|2|1|0|1|200040636|
PE,202303,49946996,37972,210099696,754,10,740,2,SET FIJO,SET,1,369487,FIJO,369487,4,0.85,0,0,1,1,1,34,1,713,XXXXXXXXX,2023-02-09,2|1|1|0|0|XXXXXXXXX|
PE,202302,49389205,553,200106357,528,10,582,1,INDIVIDUAL,INDIVIDUAL,1,365179,FIJO,365179,41,42.9,0,1,1,1,1,300,1,503,200106357,2023-01-20,1|1|1|0|1|200106357|
PE,202301,10961556,35352,200107825,527,9,618,2,SET FIJO,SET,1,360374,FIJO,360374,23,22.5,0,0,1,1,1,319,1,505,200107825,2022-12-27,2|1|1|0|0|200107825|
PE,202311,35545956,1687,200084778,719,10,217,1,INDIVIDUAL,INDIVIDUAL,1,410138,FIJO,410138,74,15.9,0,1,1,1,1,300,1,533,200056330,2023-07-17,1|1|1|0|1|200056330|
PE,202305,45871533,121800,210100408,4567,45,1034,993,993,OTRO,2,383211,VARIABLE,383211,1,19.95,0,1,1,2,1,422,1,3680,210047499,2023-03-20,993|2|1|0|1|210047499|
PE,202312,35545956,3935,200083997,964,13,205,1,INDIVIDUAL,INDIVIDUAL,1,414632,FIJO,414632,134,43.9,0,1,1,1,1,303,1,935,200041010,2023-07-31,1|1|1|0|1|200041010|
PE,202302,50020096,16751,200108892,564,10,545,1,INDIVIDUAL,INDIVIDUAL,1,365215,FIJO,365215,61,19.9,0,1,1,1,1,300,1,539,200105033,2023-01-10,1|1|1|0|1|200105033|
PE,202301,10961556,40045,200102430,182,1,235,2,SET FIJO,SET,1,359996,FIJO,359996,300,31.9,0,1,1,1,1,32,1,168,200058349,2022-12-27,2|1|1|0|1|200058349|
PE,202306,50020096,40376,210100337,2387,35,1898,1,INDIVIDUAL,INDIVIDUAL,1,386025,FIJO,386025,142,65.9,0,1,1,1,1,45,2,1901,XXXXXXXXX,2023-04-04,1|1|1|0|1|XXXXXXXXX|
PE,202301,43985620,36027,200089168,1135,24,353,2,SET FIJO,SET,1,361039,FIJO,361039,28,26.14,0,1,1,1,1,411,1,1094,200089168,2022-12-20,2|1|1|0|1|200089168|
PE,202307,50180387,35402,210097536,859,10,1229,2,SET FIJO,SET,1,390646,FIJO,390646,58,28.43,0,0,1,1,1,319,1,821,210097536,2023-05-02,2|1|1|0|0|210097536|
PE,202307,45871533,35229,210103126,1046,13,1724,1,INDIVIDUAL,INDIVIDUAL,1,390842,FIJO,390842,103,129.9,0,1,1,1,1,301,1,1008,XXXXXXXXX,2023-05-04,1|1|1|0|1|XXXXXXXXX|
PE,202308,45871533,35008,210101994,911,10,1287,1,INDIVIDUAL,INDIVIDUAL,1,395868,FIJO,395868,72,82.9,0,1,1,1,1,300,1,856,XXXXXXXXX,2023-05-22,1|1|1|0|1|XXXXXXXXX|
PE,202303,50180387,37921,210103644,624,10,1761,1,INDIVIDUAL,INDIVIDUAL,1,369342,FIJO,369342,18,21.9,0,1,1,1,1,54,8,583,XXXXXXXXX,2023-02-10,1|1|1|0|1|XXXXXXXXX|
PE,202301,50073300,5886,200095931,761,13,429,1,INDIVIDUAL,INDIVIDUAL,1,360628,FIJO,360628,53,52.9,0,1,1,1,1,300,1,729,200095931,2022-12-28,1|1|1|0|1|200095931|
PE,202301,43985620,35091,200103716,1047,13,1358,999,VOLUMEN,VOLUMEN,2,360945,VARIABLE,360945,29,24.95,0,1,1,1,2,321,1,1012,P0292139009,2022-12-20,999|2|2|0|1|P0292139009|
PE,202302,50073300,9441,200102111,644,10,1044,1,INDIVIDUAL,INDIVIDUAL,2,365297,VARIABLE,365297,6,15.9,0,1,1,1,1,303,1,619,P0132053000,2023-01-20,1|2|1|0|1|P0132053000|
PE,202302,43985620,9441,200102111,644,10,1044,1,INDIVIDUAL,INDIVIDUAL,2,365297,VARIABLE,365297,6,15.9,0,1,1,1,1,303,1,619,P0132053000,2023-01-10,1|2|1|0|1|P0132053000|
PE,202302,49946996,104021,200105017,3114,45,343,2,SET FIJO,SET,1,367853,FIJO,367853,1,19.06,0,0,1,1,1,201,1,2662,200063985,2023-01-24,2|1|1|0|0|200063985|
PE,202303,50180387,16635,200108752,989,13,304,1,INDIVIDUAL,INDIVIDUAL,1,369736,FIJO,369736,146,22.9,0,1,1,1,1,322,1,945,200056621,2023-02-10,1|1|1|0|1|200056621|
PE,202301,50180387,35552,200106608,723,10,1393,999,VOLUMEN,VOLUMEN,2,360589,VARIABLE,360589,11,17.45,0,1,1,1,2,320,1,695,P0197143004,2023-01-06,999|2|2|0|1|P0197143004|
PE,202303,50180387,37754,200104231,1135,13,268,5,PROMOCIÓN INDIVIDUAL,PROMOCIÓN,2,369916,VARIABLE,369916,136,32.9,0,1,1,1,1,331,1,1091,200050748,2023-02-10,5|2|1|0|1|200050748|
PE,202302,50180387,35500,200107883,669,10,310,2,SET FIJO,SET,1,365323,FIJO,365323,90,9.71,0,0,1,1,1,319,1,644,200099581,2023-01-17,2|1|1|0|0|200099581|
PE,202305,50020096,102022,200103394,3831,45,1663,1,INDIVIDUAL,INDIVIDUAL,1,382320,FIJO,382320,1,25.9,0,1,1,1,1,401,1,2944,P0292060005,2023-03-17,1|1|1|0|1|P0292060005|
PE,202303,10961556,38429,210102043,1168,24,1407,1,INDIVIDUAL,INDIVIDUAL,1,369953,FIJO,369953,45,34.9,0,1,1,1,1,115,1,1121,XXXXXXXXX,2023-02-10,1|1|1|0|1|XXXXXXXXX|
PE,202308,45871533,103377,200113953,3681,45,123,2,SET FIJO,SET,1,398772,FIJO,398772,1,19.57,0,0,1,1,1,419,1,3533,200011767,2023-05-22,2|1|1|0|0|200011767|
PE,202306,45871533,42009,200086399,571,1,205,2,SET FIJO,SET,1,384055,FIJO,384055,666,13.3,0,1,1,1,1,425,1,172,200050979,2023-04-10,2|1|1|0|1|200050979|
PE,202304,49946996,8350,200072913,767,13,287,1,INDIVIDUAL,INDIVIDUAL,1,374460,FIJO,374460,127,22.9,0,1,1,1,1,300,1,712,200072913,2023-02-28,1|1|1|0|1|200072913|
PE,202303,43985620,38535,200094066,1229,24,334,2,SET FIJO,SET,1,370021,FIJO,370021,13,17.65,0,1,1,1,1,411,1,1182,200060872,2023-01-31,2|1|1|0|1|200060872|
PE,202305,45871533,35160,210102098,1208,4,404,999,VOLUMEN,VOLUMEN,2,378889,VARIABLE,378889,153,64.9,0,1,1,1,1,24,1,772,XXXXXXXXX,2023-03-20,999|2|1|0|1|XXXXXXXXX|
PE,202307,49946996,1027,200100408,1001,13,557,1,INDIVIDUAL,INDIVIDUAL,1,390796,FIJO,390796,90,24.9,0,1,1,1,1,300,1,963,200100408,2023-04-29,1|1|1|0|1|200100408|
PE,202305,45871533,123297,200090337,4661,45,629,999,VOLUMEN,VOLUMEN,1,383337,FIJO,383337,1,19.45,0,1,1,1,2,201,1,3757,200084783,2023-03-20,999|1|2|0|1|200084783|
PE,202306,50180387,41084,400096764,755,4,2130,991,INDIVIDUAL + ADICIONAL,INDIVIDUAL,1,384264,FIJO,384264,255,0,1,0,1,1,1,57,6,351,XXXXXXXXX,2023-04-11,991|1|1|1|0|XXXXXXXXX|
PE,202307,50020096,16400,200090349,1073,13,358,1,INDIVIDUAL,INDIVIDUAL,1,390869,FIJO,390869,115,23.9,0,1,1,1,1,300,1,1035,200084815,2023-04-26,1|1|1|0|1|200084815|
PE,202304,50020096,7845,200099047,1040,13,124,5,PROMOCIÓN INDIVIDUAL,PROMOCIÓN,2,374739,VARIABLE,374739,143,54.9,0,1,1,1,1,330,1,985,200012014,2023-02-21,5|2|1|0|1|200012014|
PE,202301,49389205,102158,210101975,3219,45,1325,1,INDIVIDUAL,INDIVIDUAL,1,363174,FIJO,363174,1,47.9,0,1,1,1,1,115,1,2758,XXXXXXXXX,2022-12-30,1|1|1|0|1|XXXXXXXXX|
PE,202305,45871533,35572,200089509,1208,4,404,999,VOLUMEN,VOLUMEN,2,378889,VARIABLE,378889,4,19.9,0,1,1,1,1,425,1,772,200038319,2023-03-20,999|2|1|0|1|200038319|
PE,202305,43985620,35572,200089509,1208,4,404,999,VOLUMEN,VOLUMEN,2,378889,VARIABLE,378889,4,19.9,0,1,1,1,1,425,1,772,200038319,2023-03-14,999|2|1|0|1|200038319|
PE,202303,50180387,7662,200101577,1074,13,1565,1,INDIVIDUAL,INDIVIDUAL,2,369847,VARIABLE,369847,57,17.9,0,1,1,1,1,300,1,1030,P0289069000,2023-02-10,1|2|1|0|1|P0289069000|
PE,202304,49389205,129601,200109872,3329,45,664,2,SET FIJO,SET,1,377105,FIJO,377105,1,34.9,0,1,1,1,1,201,1,2838,200109872,2023-03-06,2|1|1|0|1|200109872|
PE,202305,50020096,35741,200110157,1208,4,404,999,VOLUMEN,VOLUMEN,2,378889,VARIABLE,378889,6,72.9,0,1,1,1,1,424,1,772,200110157,2023-03-17,999|2|1|0|1|200110157|
PE,202304,50379884,37815,210101251,730,10,1300,5,PROMOCIÓN INDIVIDUAL,PROMOCIÓN,1,374418,FIJO,374418,57,56.9,0,1,1,1,1,9,1,679,XXXXXXXXX,2023-03-09,5|1|1|0|1|XXXXXXXXX|
PE,202301,43985620,17399,210099817,732,13,700,1,INDIVIDUAL,INDIVIDUAL,1,360598,FIJO,360598,2,14.9,0,1,1,1,1,300,1,700,210049364,2022-12-20,1|1|1|0|1|210049364|
PE,202302,43985620,6956,200097067,893,13,115,1,INDIVIDUAL,INDIVIDUAL,1,365554,FIJO,365554,129,29.9,0,1,1,1,1,303,1,866,200035113,2023-01-10,1|1|1|0|1|200035113|
PE,202302,50073300,35054,200095465,988,13,320,2,SET FIJO,SET,1,365657,FIJO,365657,137,8.45,0,0,1,1,1,319,1,961,200092176,2023-01-20,2|1|1|0|0|200092176|
PE,202304,43985620,3731,200098108,886,13,238,1,INDIVIDUAL,INDIVIDUAL,1,374579,FIJO,374579,100,35.9,0,1,1,1,1,300,1,831,200058539,2023-02-21,1|1|1|0|1|200058539|
PE,202305,50180387,7689,200100866,1208,4,404,999,VOLUMEN,VOLUMEN,2,378889,VARIABLE,378889,149,69.9,0,1,1,1,1,303,1,772,200088336,2023-03-21,999|2|1|0|1|200088336|
PE,202305,35545956,7689,200100866,1208,4,404,999,VOLUMEN,VOLUMEN,2,378889,VARIABLE,378889,149,69.9,0,1,1,1,1,303,1,772,200088336,2023-03-08,999|2|1|0|1|200088336|
PE,202301,49389205,15767,200107827,400,9,620,1,INDIVIDUAL,INDIVIDUAL,1,360247,FIJO,360247,23,39,0,1,1,1,1,300,1,378,200107827,2022-12-30,1|1|1|0|1|200107827|
PE,202302,49389205,35421,210097974,506,10,820,1,INDIVIDUAL,INDIVIDUAL,1,365157,FIJO,365157,84,49.9,0,1,1,1,1,5,1,481,XXXXXXXXX,2023-01-20,1|1|1|0|1|XXXXXXXXX|
PE,202308,50020096,75400,400095691,1637,26,1806,1,INDIVIDUAL,INDIVIDUAL,1,396724,FIJO,396724,0,0,1,1,1,1,1,57,6,1499,XXXXXXXXX,2023-05-24,1|1|1|1|1|XXXXXXXXX|
PE,202308,45871533,75400,400095691,1637,26,1806,1,INDIVIDUAL,INDIVIDUAL,1,396724,FIJO,396724,0,0,1,1,1,1,1,57,6,1499,XXXXXXXXX,2023-05-22,1|1|1|1|1|XXXXXXXXX|
PE,202308,35545956,75400,400095691,1637,26,1806,1,INDIVIDUAL,INDIVIDUAL,1,396724,FIJO,396724,0,0,1,1,1,1,1,57,6,1499,XXXXXXXXX,2023-05-08,1|1|1|1|1|XXXXXXXXX|
PE,202308,50379884,75400,400095691,1637,26,1806,1,INDIVIDUAL,INDIVIDUAL,1,396724,FIJO,396724,0,0,1,1,1,1,1,57,6,1499,XXXXXXXXX,2023-06-01,1|1|1|1|1|XXXXXXXXX|
PE,202305,49389205,5063,200095465,1208,4,404,999,VOLUMEN,VOLUMEN,2,378889,VARIABLE,378889,135,11.9,0,1,1,1,1,322,1,772,200092176,2023-03-29,999|2|1|0|1|200092176|
PE,202305,35545956,41984,200113673,2067,26,1029,1,INDIVIDUAL,INDIVIDUAL,1,380105,FIJO,380105,,0,1,1,1,1,1,77,4,1540,200113673,2023-03-08,1|1|1|1|1|200113673|
PE,202305,50020096,41984,200113673,2067,26,1029,1,INDIVIDUAL,INDIVIDUAL,1,380105,FIJO,380105,,0,1,1,1,1,1,77,4,1540,200113673,2023-03-17,1|1|1|1|1|200113673|
PE,202305,43985620,41984,200113673,2067,26,1029,1,INDIVIDUAL,INDIVIDUAL,1,380105,FIJO,380105,,0,1,1,1,1,1,77,4,1540,200113673,2023-03-14,1|1|1|1|1|200113673|
PE,202305,50020096,41316,200108408,1012,1,528,2,SET FIJO,SET,1,378654,FIJO,378654,15,12.5,0,0,1,1,1,425,1,583,200011773,2023-03-17,2|1|1|0|0|200011773|
PE,202304,49389205,128223,210099979,3844,45,757,993,993,OTRO,2,377680,VARIABLE,377680,1,26.9,0,1,1,2,1,424,1,3353,210092742,2023-03-06,993|2|1|0|1|210092742|
PE,202305,45871533,18566,200092360,2471,35,682,1,INDIVIDUAL,INDIVIDUAL,1,380517,FIJO,380517,70,11.9,0,1,1,1,1,45,2,1944,200092360,2023-03-20,1|1|1|0|1|200092360|
PE,202313,35545956,109393,200103448,3458,45,155,993,993,OTRO,2,421602,VARIABLE,421602,1,5.1,0,1,1,7,1,422,1,2919,200095625,2023-08-21,993|2|1|0|1|200095625|
PE,202313,35545956,38003,400098487,1240,26,1474,1,INDIVIDUAL,INDIVIDUAL,1,419317,FIJO,419317,0,0,1,1,1,1,1,57,6,1137,XXXXXXXXX,2023-08-21,1|1|1|1|1|XXXXXXXXX|
PE,202304,50379884,40215,400096759,362,4,123,991,INDIVIDUAL + ADICIONAL,INDIVIDUAL,1,374006,FIJO,374006,250,0,1,0,1,1,1,57,6,324,XXXXXXXXX,2023-03-09,991|1|1|1|0|XXXXXXXXX|
PE,202301,50180387,39572,400095720,1286,26,1683,1,INDIVIDUAL,INDIVIDUAL,1,361223,FIJO,361223,0,0,1,1,1,1,1,57,6,1177,XXXXXXXXX,2023-01-06,1|1|1|1|1|XXXXXXXXX|
PE,202301,49946996,39572,400095720,1286,26,1683,1,INDIVIDUAL,INDIVIDUAL,1,361223,FIJO,361223,0,0,1,1,1,1,1,57,6,1177,XXXXXXXXX,2023-01-06,1|1|1|1|1|XXXXXXXXX|
PE,202301,35545956,39572,400095720,1286,26,1683,1,INDIVIDUAL,INDIVIDUAL,1,361223,FIJO,361223,0,0,1,1,1,1,1,57,6,1177,XXXXXXXXX,2022-12-06,1|1|1|1|1|XXXXXXXXX|
PE,202301,43985620,39572,400095720,1286,26,1683,1,INDIVIDUAL,INDIVIDUAL,1,361223,FIJO,361223,0,0,1,1,1,1,1,57,6,1177,XXXXXXXXX,2022-12-20,1|1|1|1|1|XXXXXXXXX|
PE,202301,50073300,39572,400095720,1286,26,1683,1,INDIVIDUAL,INDIVIDUAL,1,361223,FIJO,361223,0,0,1,1,1,1,1,57,6,1177,XXXXXXXXX,2022-12-28,1|1|1|1|1|XXXXXXXXX|
PE,202301,50020096,39572,400095720,1286,26,1683,1,INDIVIDUAL,INDIVIDUAL,1,361223,FIJO,361223,0,0,1,1,1,1,1,57,6,1177,XXXXXXXXX,2022-12-17,1|1|1|1|1|XXXXXXXXX|
PE,202301,20541199,39572,400095720,1286,26,1683,1,INDIVIDUAL,INDIVIDUAL,1,361223,FIJO,361223,0,0,1,1,1,1,1,57,6,1177,XXXXXXXXX,2022-12-26,1|1|1|1|1|XXXXXXXXX|
PE,202303,50020096,16677,200108797,1070,13,1562,1,INDIVIDUAL,INDIVIDUAL,2,369842,VARIABLE,369842,58,23.9,0,1,1,1,1,300,1,1026,P0289058009,2023-01-31,1|2|1|0|1|P0289058009|
PE,202306,50379884,1687,200084778,1044,10,236,1,INDIVIDUAL,INDIVIDUAL,1,384570,FIJO,384570,73,20.9,0,1,1,1,1,300,1,637,200056330,2023-04-20,1|1|1|0|1|200056330|
PE,202303,43985620,38199,200095570,1205,24,435,2,SET FIJO,SET,1,369993,FIJO,369993,9,5.53,0,0,1,1,1,419,1,1158,200093863,2023-01-31,2|1|1|0|0|200093863|
PE,202307,50020096,16350,200108505,986,13,328,1,INDIVIDUAL,INDIVIDUAL,1,390781,FIJO,390781,86,20.9,0,1,1,1,1,300,1,948,200080256,2023-04-26,1|1|1|0|1|200080256|
PE,202305,50020096,40902,400096764,1206,4,1851,991,INDIVIDUAL + ADICIONAL,INDIVIDUAL,1,378887,FIJO,378887,255,0,1,0,1,1,1,57,6,771,XXXXXXXXX,2023-03-17,991|1|1|1|0|XXXXXXXXX|
PE,202304,49946996,15151,200085860,768,13,266,1,INDIVIDUAL,INDIVIDUAL,1,374461,FIJO,374461,127,16.9,0,1,1,1,1,300,1,713,200064292,2023-02-28,1|1|1|0|1|200064292|
PE,202312,35545956,39391,200095895,1349,26,213,1,INDIVIDUAL,INDIVIDUAL,1,415077,FIJO,415077,0,0,1,1,1,1,1,89,6,1225,200042737,2023-07-31,1|1|1|1|1|200042737|
PE,202301,50180387,35551,200106606,723,10,1393,999,VOLUMEN,VOLUMEN,2,360589,VARIABLE,360589,11,17.45,0,1,1,1,2,320,1,695,P0197143004,2023-01-06,999|2|2|0|1|P0197143004|
PE,202303,20541199,199863,200102089,4035,45,1463,993,993,OTRO,2,373074,VARIABLE,373074,1,11.98,0,1,1,5,1,422,1,3543,P0132053000,2023-02-13,993|2|1|0|1|P0132053000|
PE,202302,49946996,35082,200099704,2509,41,293,2,SET FIJO,SET,1,367248,FIJO,367248,2,25.22,0,0,1,1,1,319,1,2057,200099704,2023-01-24,2|1|1|0|0|200099704|
PE,202304,50073300,38202,200110157,1100,24,675,2,SET FIJO,SET,1,374806,FIJO,374806,14,54.9,0,1,1,1,1,411,1,1040,200110157,2023-03-11,2|1|1|0|1|200110157|
PE,202304,45871533,38202,200110157,1100,24,675,2,SET FIJO,SET,1,374806,FIJO,374806,14,54.9,0,1,1,1,1,411,1,1040,200110157,2023-02-28,2|1|1|0|1|200110157|
PE,202306,35545956,38724,200092742,1754,24,173,999,VOLUMEN,VOLUMEN,1,385361,FIJO,385361,213,13.73,0,1,1,1,2,423,1,1285,200041664,2023-03-29,999|1|2|0|1|200041664|
PE,202306,50020096,16400,200090349,1334,13,349,1,INDIVIDUAL,INDIVIDUAL,1,384885,FIJO,384885,116,23.9,0,1,1,1,1,300,1,922,200084815,2023-04-04,1|1|1|0|1|200084815|
PE,202303,10961556,9707,200102318,1711,35,602,1,INDIVIDUAL,INDIVIDUAL,1,370581,FIJO,370581,100,16.9,0,1,1,1,1,102,2,1588,200102318,2023-02-10,1|1|1|0|1|200102318|
PE,202301,50180387,38773,400096759,327,4,1687,991,INDIVIDUAL + ADICIONAL,INDIVIDUAL,1,360170,FIJO,360170,250,0,1,0,1,1,1,57,6,308,XXXXXXXXX,2023-01-06,991|1|1|1|0|XXXXXXXXX|
PE,202303,43985620,38583,200082678,1236,24,307,2,SET FIJO,SET,1,370028,FIJO,370028,26,16,0,1,1,1,1,411,1,1189,200056740,2023-01-31,2|1|1|0|1|200056740|
PE,202304,10961556,40825,400095669,1235,26,1738,1,INDIVIDUAL,INDIVIDUAL,1,374993,FIJO,374993,0,0,1,1,1,1,1,57,6,1116,XXXXXXXXX,2023-03-03,1|1|1|1|1|XXXXXXXXX|
PE,202304,50379884,40825,400095669,1235,26,1738,1,INDIVIDUAL,INDIVIDUAL,1,374993,FIJO,374993,0,0,1,1,1,1,1,57,6,1116,XXXXXXXXX,2023-03-09,1|1|1|1|1|XXXXXXXXX|
PE,202304,50073300,40825,400095669,1235,26,1738,1,INDIVIDUAL,INDIVIDUAL,1,374993,FIJO,374993,0,0,1,1,1,1,1,57,6,1116,XXXXXXXXX,2023-03-11,1|1|1|1|1|XXXXXXXXX|
PE,202304,49389205,40825,400095669,1235,26,1738,1,INDIVIDUAL,INDIVIDUAL,1,374993,FIJO,374993,0,0,1,1,1,1,1,57,6,1116,XXXXXXXXX,2023-03-06,1|1|1|1|1|XXXXXXXXX|
PE,202304,50020096,40825,400095669,1235,26,1738,1,INDIVIDUAL,INDIVIDUAL,1,374993,FIJO,374993,0,0,1,1,1,1,1,57,6,1116,XXXXXXXXX,2023-02-21,1|1|1|1|1|XXXXXXXXX|
PE,202304,43985620,40825,400095669,1235,26,1738,1,INDIVIDUAL,INDIVIDUAL,1,374993,FIJO,374993,0,0,1,1,1,1,1,57,6,1116,XXXXXXXXX,2023-02-21,1|1|1|1|1|XXXXXXXXX|
PE,202304,35545956,40825,400095669,1235,26,1738,1,INDIVIDUAL,INDIVIDUAL,1,374993,FIJO,374993,0,0,1,1,1,1,1,57,6,1116,XXXXXXXXX,2023-02-13,1|1|1|1|1|XXXXXXXXX|
PE,202304,50180387,40825,400095669,1235,26,1738,1,INDIVIDUAL,INDIVIDUAL,1,374993,FIJO,374993,0,0,1,1,1,1,1,57,6,1116,XXXXXXXXX,2023-02-28,1|1|1|1|1|XXXXXXXXX|
PE,202304,49946996,40825,400095669,1235,26,1738,1,INDIVIDUAL,INDIVIDUAL,1,374993,FIJO,374993,0,0,1,1,1,1,1,57,6,1116,XXXXXXXXX,2023-02-28,1|1|1|1|1|XXXXXXXXX|
PE,202304,45871533,40825,400095669,1235,26,1738,1,INDIVIDUAL,INDIVIDUAL,1,374993,FIJO,374993,0,0,1,1,1,1,1,57,6,1116,XXXXXXXXX,2023-02-28,1|1|1|1|1|XXXXXXXXX|
PE,202303,50020096,16691,200078944,986,13,192,1,INDIVIDUAL,INDIVIDUAL,1,369733,FIJO,369733,146,22.9,0,1,1,1,1,322,1,942,200014172,2023-01-31,1|1|1|0|1|200014172|
PE,202309,50379884,38555,400096764,331,4,1531,991,INDIVIDUAL + ADICIONAL,INDIVIDUAL,1,400748,FIJO,400748,255,0,1,0,1,1,1,57,6,291,XXXXXXXXX,2023-06-20,991|1|1|1|0|XXXXXXXXX|
PE,202304,50073300,38636,200110955,1128,24,1549,5,PROMOCIÓN INDIVIDUAL,PROMOCIÓN,1,374840,FIJO,374840,25,0,1,1,1,1,1,409,1,1068,P0486050000,2023-03-11,5|1|1|1|1|P0486050000|
PE,202301,35545956,35711,200098648,1250,24,342,999,VOLUMEN,VOLUMEN,1,361176,FIJO,361176,10,25.13,0,0,1,1,2,429,1,1141,200098648,2022-12-06,999|1|2|0|0|200098648|
PE,202301,20541199,39973,200106308,1393,26,587,1,INDIVIDUAL,INDIVIDUAL,1,361338,FIJO,361338,0,0,1,1,1,1,1,77,4,1284,200106308,2022-12-26,1|1|1|1|1|200106308|
PE,202301,50073300,39973,200106308,1393,26,587,1,INDIVIDUAL,INDIVIDUAL,1,361338,FIJO,361338,0,0,1,1,1,1,1,77,4,1284,200106308,2022-12-28,1|1|1|1|1|200106308|
PE,202301,10961556,39973,200106308,1393,26,587,1,INDIVIDUAL,INDIVIDUAL,1,361338,FIJO,361338,0,0,1,1,1,1,1,77,4,1284,200106308,2022-12-27,1|1|1|1|1|200106308|
PE,202302,49389205,38665,200112474,172,2,313,991,INDIVIDUAL + ADICIONAL,INDIVIDUAL,1,364799,FIJO,364799,103,29.9,0,1,1,1,1,65,1,164,200083596,2023-01-20,991|1|1|0|1|200083596|
PE,202302,10961556,38665,200112474,172,2,313,991,INDIVIDUAL + ADICIONAL,INDIVIDUAL,1,364799,FIJO,364799,103,29.9,0,1,1,1,1,65,1,164,200083596,2023-01-20,991|1|1|0|1|200083596|
PE,202302,49946996,38665,200112474,172,2,313,991,INDIVIDUAL + ADICIONAL,INDIVIDUAL,1,364799,FIJO,364799,103,29.9,0,1,1,1,1,65,1,164,200083596,2023-01-24,991|1|1|0|1|200083596|
PE,202302,10961556,37729,200101225,1207,24,305,999,VOLUMEN,VOLUMEN,1,365915,FIJO,365915,22,19.97,0,1,1,1,1,419,1,1118,200096670,2023-01-20,999|1|1|0|1|200096670|
PE,202312,35545956,164298,200095158,3660,45,217,993,993,OTRO,2,417532,VARIABLE,417532,1,5.1,0,1,1,7,1,421,1,3110,200056121,2023-07-31,993|2|1|0|1|200056121|
PE,202304,50073300,38521,200104065,1110,24,315,2,SET FIJO,SET,1,374816,FIJO,374816,26,23.87,0,0,1,1,1,419,1,1050,200104065,2023-03-11,2|1|1|0|0|200104065|
PE,202305,50379884,40276,200113738,1194,4,1839,991,INDIVIDUAL + ADICIONAL,INDIVIDUAL,1,378866,FIJO,378866,205,0,1,1,1,1,1,91,6,759,XXXXXXXXX,2023-03-27,991|1|1|1|1|XXXXXXXXX|
PE,202305,50020096,16387,200090337,206,13,135,1,INDIVIDUAL,INDIVIDUAL,1,379447,FIJO,379447,109,23.9,0,1,1,1,1,300,1,195,200084783,2023-03-17,1|1|1|0|1|200084783|
PE,202307,49946996,9681,200102292,1191,13,1823,1,INDIVIDUAL,INDIVIDUAL,2,390989,VARIABLE,390989,57,47.9,0,1,1,1,1,300,1,1153,P0210055000,2023-04-29,1|2|1|0|1|P0210055000|
PE,202305,50073300,35545,200097947,1949,24,468,3,SET VARIABLE,SET,2,379916,VARIABLE,379916,30,26,0,1,1,1,1,412,1,1491,200097947,2023-03-31,3|2|1|0|1|200097947|
PE,202304,50020096,7783,200100926,973,13,132,1,INDIVIDUAL,INDIVIDUAL,1,374668,FIJO,374668,147,44.9,0,1,1,1,1,300,1,918,200029044,2023-02-21,1|1|1|0|1|200029044|
PE,202308,50020096,103570,200110665,3712,45,223,2,SET FIJO,SET,1,398803,FIJO,398803,1,16.51,0,0,1,1,1,201,1,3564,200110665,2023-05-24,2|1|1|0|0|200110665|
PE,202313,35545956,37994,400095678,1232,26,1497,1,INDIVIDUAL,INDIVIDUAL,1,419309,FIJO,419309,0,0,1,1,1,1,1,57,6,1129,XXXXXXXXX,2023-08-21,1|1|1|1|1|XXXXXXXXX|
PE,202305,50180387,122615,210100409,4027,45,1666,2,SET FIJO,SET,1,382525,FIJO,382525,1,15.9,0,0,1,1,1,201,1,3140,210066158,2023-03-21,2|1|1|0|0|210066158|
PE,202302,49389205,19265,200110649,722,13,1165,1,INDIVIDUAL,INDIVIDUAL,1,365383,FIJO,365383,40,19.9,0,1,1,1,1,300,1,695,P0292090005,2023-01-20,1|1|1|0|1|P0292090005|
PE,202303,50020096,39601,200103327,377,4,185,991,INDIVIDUAL + ADICIONAL,INDIVIDUAL,1,369048,FIJO,369048,228,0,1,0,1,1,1,50,1,337,200103327,2023-01-31,991|1|1|1|0|200103327|
PE,202301,50020096,154318,210095652,3946,45,1376,993,993,OTRO,2,364010,VARIABLE,364010,1,16.75,0,1,1,2,1,203,1,3485,P0132056004,2022-12-17,993|2|1|0|1|P0132056004|
PE,202304,10961556,129611,200104391,3334,45,197,2,SET FIJO,SET,1,377110,FIJO,377110,1,16,0,1,1,1,1,201,1,2843,200050981,2023-03-03,2|1|1|0|1|200050981|
PE,202302,50073300,9308,200101610,342,9,506,1,INDIVIDUAL,INDIVIDUAL,1,364986,FIJO,364986,53,95,0,1,1,1,1,300,1,322,200101610,2023-01-20,1|1|1|0|1|200101610|
PE,202301,20541199,35923,200108408,1196,24,121,999,VOLUMEN,VOLUMEN,1,361113,FIJO,361113,17,23.94,0,1,1,1,3,425,1,1120,200011773,2022-12-26,999|1|3|0|1|200011773|
PE,202304,49389205,128211,200108654,3844,45,757,993,993,OTRO,2,377679,VARIABLE,377679,1,0,1,0,0,1,1,409,1,3353,P0210065001,2023-03-06,993|2|1|1|0|P0210065001|
PE,202302,49389205,39697,400097349,1244,26,1275,1,INDIVIDUAL,INDIVIDUAL,1,365954,FIJO,365954,0,0,1,1,1,1,1,57,6,1147,XXXXXXXXX,2023-01-20,1|1|1|1|1|XXXXXXXXX|
PE,202302,10961556,39697,400097349,1244,26,1275,1,INDIVIDUAL,INDIVIDUAL,1,365954,FIJO,365954,0,0,1,1,1,1,1,57,6,1147,XXXXXXXXX,2023-01-20,1|1|1|1|1|XXXXXXXXX|
PE,202305,50020096,123227,210099119,3918,45,1288,1,INDIVIDUAL,INDIVIDUAL,1,382407,FIJO,382407,1,34.9,0,1,1,1,1,201,1,3031,XXXXXXXXX,2023-03-17,1|1|1|0|1|XXXXXXXXX|
PE,202305,50379884,4745,200106556,1401,10,505,1,INDIVIDUAL,INDIVIDUAL,1,379178,FIJO,379178,24,17.9,0,1,1,1,1,300,1,952,200054026,2023-03-27,1|1|1|0|1|200054026|
PE,202301,10961556,35790,200103020,1155,24,129,999,VOLUMEN,VOLUMEN,2,361072,VARIABLE,361072,21,15.9,0,1,1,1,1,422,1,1110,200045540,2022-12-27,999|2|1|0|1|200045540|
PE,202302,49389205,40129,400097359,1338,26,1277,1,INDIVIDUAL,INDIVIDUAL,1,366066,FIJO,366066,0,0,1,1,1,1,1,57,6,1241,XXXXXXXXX,2023-01-20,1|1|1|1|1|XXXXXXXXX|
PE,202306,45871533,38235,200101406,1632,24,533,2,SET FIJO,SET,1,385207,FIJO,385207,12,33.74,0,1,1,1,1,412,1,1213,200101406,2023-04-10,2|1|1|0|1|200101406|
PE,202308,45871533,35525,210099978,1330,13,885,999,VOLUMEN,VOLUMEN,2,396331,VARIABLE,396331,42,32.9,0,1,1,1,2,320,1,1271,210092742,2023-05-22,999|2|2|0|1|210092742|
PE,202301,10961556,35809,200103441,1154,24,168,999,VOLUMEN,VOLUMEN,2,361071,VARIABLE,361071,21,7.38,0,1,1,1,5,422,1,1109,200098820,2022-12-27,999|2|5|0|1|200098820|
PE,202305,50180387,7689,200100866,1788,13,648,1,INDIVIDUAL,INDIVIDUAL,1,379682,FIJO,379682,149,69.9,0,1,1,1,1,303,1,1336,200088336,2023-03-21,1|1|1|0|1|200088336|
PE,202305,35545956,7689,200100866,1788,13,648,1,INDIVIDUAL,INDIVIDUAL,1,379682,FIJO,379682,149,69.9,0,1,1,1,1,303,1,1336,200088336,2023-03-08,1|1|1|0|1|200088336|
PE,202305,45871533,35396,200107850,1953,24,1186,991,INDIVIDUAL + ADICIONAL,INDIVIDUAL,1,379928,FIJO,379928,22,64.9,0,1,1,1,1,401,1,1495,210097810,2023-03-20,991|1|1|0|1|210097810|
PE,202305,45871533,35646,200102430,2027,24,437,999,VOLUMEN,VOLUMEN,1,380053,FIJO,380053,4,20,0,1,1,1,1,425,1,1515,200058349,2023-03-20,999|1|1|0|1|200058349|
PE,202305,43985620,35646,200102430,2027,24,437,999,VOLUMEN,VOLUMEN,1,380053,FIJO,380053,4,20,0,1,1,1,1,425,1,1515,200058349,2023-03-14,999|1|1|0|1|200058349|
PE,202314,35545956,37794,200106852,1699,26,221,1,INDIVIDUAL,INDIVIDUAL,1,423681,FIJO,423681,0,0,1,1,1,1,1,89,6,1426,200051249,2023-09-04,1|1|1|1|1|200051249|
PE,202312,35545956,39386,400095731,1344,26,1632,1,INDIVIDUAL,INDIVIDUAL,1,415072,FIJO,415072,0,0,1,1,1,1,1,57,6,1220,XXXXXXXXX,2023-07-31,1|1|1|1|1|XXXXXXXXX|
PE,202305,50379884,1595,210098470,1525,10,1589,1,INDIVIDUAL,INDIVIDUAL,2,379314,VARIABLE,379314,28,15.9,0,1,1,1,1,300,1,1076,P0197132000,2023-03-27,1|2|1|0|1|P0197132000|
PE,202303,35545956,40448,400097509,1394,26,1769,1,INDIVIDUAL,INDIVIDUAL,1,370239,FIJO,370239,0,0,1,1,1,1,1,57,6,1271,XXXXXXXXX,2023-01-24,1|1|1|1|1|XXXXXXXXX|
PE,202303,43985620,40448,400097509,1394,26,1769,1,INDIVIDUAL,INDIVIDUAL,1,370239,FIJO,370239,0,0,1,1,1,1,1,57,6,1271,XXXXXXXXX,2023-01-31,1|1|1|1|1|XXXXXXXXX|
PE,202308,50379884,75327,400097909,1599,26,1786,1,INDIVIDUAL,INDIVIDUAL,1,396686,FIJO,396686,0,0,1,1,1,1,1,57,6,1461,XXXXXXXXX,2023-06-01,1|1|1|1|1|XXXXXXXXX|
PE,202308,35545956,75327,400097909,1599,26,1786,1,INDIVIDUAL,INDIVIDUAL,1,396686,FIJO,396686,0,0,1,1,1,1,1,57,6,1461,XXXXXXXXX,2023-05-08,1|1|1|1|1|XXXXXXXXX|
PE,202308,50020096,75327,400097909,1599,26,1786,1,INDIVIDUAL,INDIVIDUAL,1,396686,FIJO,396686,0,0,1,1,1,1,1,57,6,1461,XXXXXXXXX,2023-05-24,1|1|1|1|1|XXXXXXXXX|
PE,202308,45871533,75327,400097909,1599,26,1786,1,INDIVIDUAL,INDIVIDUAL,1,396686,FIJO,396686,0,0,1,1,1,1,1,57,6,1461,XXXXXXXXX,2023-05-22,1|1|1|1|1|XXXXXXXXX|
PE,202302,10961556,120392,200111995,3283,45,1061,3,SET VARIABLE,SET,1,368045,FIJO,368045,1,12.49,0,0,0,1,1,201,1,2831,P0216059001,2023-01-20,3|1|1|0|0|P0216059001|
PE,202307,50379884,38882,400095690,1547,26,2148,1,INDIVIDUAL,INDIVIDUAL,1,391389,FIJO,391389,0,0,1,1,1,1,1,57,6,1411,XXXXXXXXX,2023-05-13,1|1|1|1|1|XXXXXXXXX|
PE,202307,50180387,38882,400095690,1547,26,2148,1,INDIVIDUAL,INDIVIDUAL,1,391389,FIJO,391389,0,0,1,1,1,1,1,57,6,1411,XXXXXXXXX,2023-05-02,1|1|1|1|1|XXXXXXXXX|
PE,202307,50020096,38882,400095690,1547,26,2148,1,INDIVIDUAL,INDIVIDUAL,1,391389,FIJO,391389,0,0,1,1,1,1,1,57,6,1411,XXXXXXXXX,2023-04-26,1|1|1|1|1|XXXXXXXXX|
PE,202307,45871533,38882,400095690,1547,26,2148,1,INDIVIDUAL,INDIVIDUAL,1,391389,FIJO,391389,0,0,1,1,1,1,1,57,6,1411,XXXXXXXXX,2023-05-04,1|1|1|1|1|XXXXXXXXX|
PE,202307,35545956,38882,400095690,1547,26,2148,1,INDIVIDUAL,INDIVIDUAL,1,391389,FIJO,391389,0,0,1,1,1,1,1,57,6,1411,XXXXXXXXX,2023-04-19,1|1|1|1|1|XXXXXXXXX|
PE,202307,49946996,38882,400095690,1547,26,2148,1,INDIVIDUAL,INDIVIDUAL,1,391389,FIJO,391389,0,0,1,1,1,1,1,57,6,1411,XXXXXXXXX,2023-04-29,1|1|1|1|1|XXXXXXXXX|
PE,202303,50073300,40440,200106852,252,1,272,2,SET FIJO,SET,1,368888,FIJO,368888,13,14.9,0,0,1,1,1,425,1,217,200051249,2023-02-13,2|1|1|0|0|200051249|
PE,202301,50020096,38864,200105017,161,1,194,2,SET FIJO,SET,1,359975,FIJO,359975,2,10,0,0,1,1,1,425,1,147,200063985,2022-12-17,2|1|1|0|0|200063985|
PE,202306,45871533,38395,200108768,1757,24,348,999,VOLUMEN,VOLUMEN,1,385369,FIJO,385369,22,23.9,0,1,1,1,1,422,1,1287,200084785,2023-04-10,999|1|1|0|1|200084785|
PE,202306,45871533,38343,200106446,1690,24,1754,999,VOLUMEN,VOLUMEN,2,385274,VARIABLE,385274,23,19.9,0,1,1,1,1,422,1,1269,P0210133000,2023-04-10,999|2|1|0|1|P0210133000|
PE,202303,50180387,39649,400096761,390,4,1800,991,INDIVIDUAL + ADICIONAL,INDIVIDUAL,1,369068,FIJO,369068,252,0,1,0,1,1,1,57,6,350,XXXXXXXXX,2023-02-10,991|1|1|1|0|XXXXXXXXX|
PE,202303,50073300,40430,200099047,252,1,272,2,SET FIJO,SET,1,368888,FIJO,368888,13,15,0,0,1,1,1,425,1,217,200012014,2023-02-13,2|1|1|0|0|200012014|
PE,202308,45871533,103376,200108408,3681,45,123,2,SET FIJO,SET,1,398772,FIJO,398772,1,28.33,0,1,1,1,1,411,1,3533,200011773,2023-05-22,2|1|1|0|1|200011773|
PE,202305,49946996,35661,200103354,2019,24,886,999,VOLUMEN,VOLUMEN,2,380041,VARIABLE,380041,11,25.9,0,1,1,1,1,423,1,1513,P0292082007,2023-03-21,999|2|1|0|1|P0292082007|
PE,202305,10961556,9669,200102282,1601,13,1598,1,INDIVIDUAL,INDIVIDUAL,1,379434,FIJO,379434,49,20.9,0,1,1,1,1,300,1,1149,P0210060001,2023-03-29,1|1|1|0|1|P0210060001|
PE,202305,43985620,121821,200082678,4172,45,559,3,SET VARIABLE,SET,2,382744,VARIABLE,382744,1,13.06,0,0,0,1,1,201,1,3285,200056740,2023-03-14,3|2|1|0|0|200056740|
PE,202308,45871533,7783,200100926,1251,13,141,1,INDIVIDUAL,INDIVIDUAL,1,396242,FIJO,396242,150,39.9,0,1,1,1,1,300,1,1195,200029044,2023-05-22,1|1|1|0|1|200029044|
PE,202305,43985620,605,200103919,1520,10,1556,1,INDIVIDUAL,INDIVIDUAL,2,379306,VARIABLE,379306,14,18.9,0,1,1,1,1,300,1,1071,P0132053000,2023-03-14,1|2|1|0|1|P0132053000|
PE,202309,50379884,159485,200112748,4274,45,1307,999,VOLUMEN,VOLUMEN,1,405371,FIJO,405371,1,13.1,0,0,1,1,1,429,1,3574,P0210060001,2023-06-20,999|1|1|0|0|P0210060001|
PE,202314,35545956,37773,400098617,1681,26,1611,1,INDIVIDUAL,INDIVIDUAL,1,423661,FIJO,423661,0,0,1,1,1,1,1,57,6,1408,XXXXXXXXX,2023-09-04,1|1|1|1|1|XXXXXXXXX|
PE,202301,50020096,38835,200086399,161,1,194,2,SET FIJO,SET,1,359975,FIJO,359975,2,29.9,0,1,1,1,1,425,1,147,200050979,2022-12-17,2|1|1|0|1|200050979|
PE,202303,10961556,40615,200105079,262,1,305,2,SET FIJO,SET,1,368898,FIJO,368898,201,17.71,0,0,1,1,1,32,1,227,200105079,2023-02-10,2|1|1|0|0|200105079|
PE,202301,50180387,39571,400095702,1285,26,1681,1,INDIVIDUAL,INDIVIDUAL,1,361221,FIJO,361221,0,0,1,1,1,1,1,57,6,1176,XXXXXXXXX,2023-01-06,1|1|1|1|1|XXXXXXXXX|
PE,202301,43985620,39571,400095702,1285,26,1681,1,INDIVIDUAL,INDIVIDUAL,1,361221,FIJO,361221,0,0,1,1,1,1,1,57,6,1176,XXXXXXXXX,2022-12-20,1|1|1|1|1|XXXXXXXXX|
PE,202301,49389205,39571,400095702,1285,26,1681,1,INDIVIDUAL,INDIVIDUAL,1,361221,FIJO,361221,0,0,1,1,1,1,1,57,6,1176,XXXXXXXXX,2022-12-30,1|1|1|1|1|XXXXXXXXX|
PE,202301,10961556,39571,400095702,1285,26,1681,1,INDIVIDUAL,INDIVIDUAL,1,361221,FIJO,361221,0,0,1,1,1,1,1,57,6,1176,XXXXXXXXX,2022-12-27,1|1|1|1|1|XXXXXXXXX|
PE,202301,50073300,38777,400096761,346,4,1670,991,INDIVIDUAL + ADICIONAL,INDIVIDUAL,1,360193,FIJO,360193,252,0,1,0,1,1,1,57,6,327,XXXXXXXXX,2022-12-28,991|1|1|1|0|XXXXXXXXX|
PE,202303,43985620,40350,400095686,1355,26,1788,1,INDIVIDUAL,INDIVIDUAL,1,370184,FIJO,370184,0,0,1,1,1,1,1,57,6,1232,XXXXXXXXX,2023-01-31,1|1|1|1|1|XXXXXXXXX|
PE,202303,50180387,40350,400095686,1355,26,1788,1,INDIVIDUAL,INDIVIDUAL,1,370184,FIJO,370184,0,0,1,1,1,1,1,57,6,1232,XXXXXXXXX,2023-02-10,1|1|1|1|1|XXXXXXXXX|
PE,202303,50073300,40350,400095686,1355,26,1788,1,INDIVIDUAL,INDIVIDUAL,1,370184,FIJO,370184,0,0,1,1,1,1,1,57,6,1232,XXXXXXXXX,2023-02-13,1|1|1|1|1|XXXXXXXXX|
PE,202303,20541199,40350,400095686,1355,26,1788,1,INDIVIDUAL,INDIVIDUAL,1,370184,FIJO,370184,0,0,1,1,1,1,1,57,6,1232,XXXXXXXXX,2023-02-13,1|1|1|1|1|XXXXXXXXX|
PE,202303,45871533,40350,400095686,1355,26,1788,1,INDIVIDUAL,INDIVIDUAL,1,370184,FIJO,370184,0,0,1,1,1,1,1,57,6,1232,XXXXXXXXX,2023-02-09,1|1|1|1|1|XXXXXXXXX|
PE,202303,50020096,40350,400095686,1355,26,1788,1,INDIVIDUAL,INDIVIDUAL,1,370184,FIJO,370184,0,0,1,1,1,1,1,57,6,1232,XXXXXXXXX,2023-01-31,1|1|1|1|1|XXXXXXXXX|
PE,202303,49946996,40350,400095686,1355,26,1788,1,INDIVIDUAL,INDIVIDUAL,1,370184,FIJO,370184,0,0,1,1,1,1,1,57,6,1232,XXXXXXXXX,2023-02-09,1|1|1|1|1|XXXXXXXXX|
PE,202303,10961556,40350,400095686,1355,26,1788,1,INDIVIDUAL,INDIVIDUAL,1,370184,FIJO,370184,0,0,1,1,1,1,1,57,6,1232,XXXXXXXXX,2023-02-10,1|1|1|1|1|XXXXXXXXX|
PE,202303,49389205,40350,400095686,1355,26,1788,1,INDIVIDUAL,INDIVIDUAL,1,370184,FIJO,370184,0,0,1,1,1,1,1,57,6,1232,XXXXXXXXX,2023-02-10,1|1|1|1|1|XXXXXXXXX|
PE,202303,35545956,40350,400095686,1355,26,1788,1,INDIVIDUAL,INDIVIDUAL,1,370184,FIJO,370184,0,0,1,1,1,1,1,57,6,1232,XXXXXXXXX,2023-01-24,1|1|1|1|1|XXXXXXXXX|
PE,202302,50020096,120288,200098788,3514,45,233,993,993,OTRO,2,368326,VARIABLE,368326,1,14.95,0,1,1,2,1,425,1,3062,200058729,2023-01-10,993|2|1|0|1|200058729|
PE,202309,50379884,39410,400095710,1315,26,1511,1,INDIVIDUAL,INDIVIDUAL,1,401813,FIJO,401813,0,0,1,1,1,1,1,57,6,1173,XXXXXXXXX,2023-06-20,1|1|1|1|1|XXXXXXXXX|
PE,202309,35545956,39410,400095710,1315,26,1511,1,INDIVIDUAL,INDIVIDUAL,1,401813,FIJO,401813,0,0,1,1,1,1,1,57,6,1173,XXXXXXXXX,2023-05-29,1|1|1|1|1|XXXXXXXXX|
PE,202306,50379884,41747,400097713,1797,26,2089,1,INDIVIDUAL,INDIVIDUAL,1,385427,FIJO,385427,0,0,1,1,1,1,1,57,6,1311,XXXXXXXXX,2023-04-20,1|1|1|1|1|XXXXXXXXX|
PE,202307,50379884,10505,200103025,23,4,14,999,VOLUMEN,VOLUMEN,2,390227,VARIABLE,390227,132,29.9,0,1,1,1,1,303,1,22,200039966,2023-05-13,999|2|1|0|1|200039966|
PE,202307,49946996,1027,200100408,23,4,14,999,VOLUMEN,VOLUMEN,2,390227,VARIABLE,390227,93,24.9,0,1,1,1,1,300,1,22,200100408,2023-04-29,999|2|1|0|1|200100408|
PE,202306,45871533,4846,200095377,2232,35,295,1,INDIVIDUAL,INDIVIDUAL,1,385870,FIJO,385870,142,4.9,0,1,1,1,1,45,2,1746,200069876,2023-04-10,1|1|1|0|1|200069876|
PE,202306,10961556,4846,200095377,2232,35,295,1,INDIVIDUAL,INDIVIDUAL,1,385870,FIJO,385870,142,4.9,0,1,1,1,1,45,2,1746,200069876,2023-04-22,1|1|1|0|1|200069876|
PE,202305,43985620,121617,200095158,4550,45,461,993,993,OTRO,2,383191,VARIABLE,383191,1,5.1,0,1,1,7,1,422,1,3663,200056121,2023-03-14,993|2|1|0|1|200056121|
PE,202307,45871533,2644,200104938,23,4,14,999,VOLUMEN,VOLUMEN,2,390227,VARIABLE,390227,95,18.9,0,1,1,1,1,300,1,22,200092361,2023-05-04,999|2|1|0|1|200092361|
PE,202301,50073300,35997,210096235,1145,24,1424,5,PROMOCIÓN INDIVIDUAL,PROMOCIÓN,1,361051,FIJO,361051,19,0,1,1,1,1,1,429,1,1104,P0210136000,2022-12-28,5|1|1|1|1|P0210136000|
PE,202307,50379884,19031,200092913,619,9,1870,1,INDIVIDUAL,INDIVIDUAL,2,390396,VARIABLE,390396,98,26,0,1,1,1,1,300,1,583,P0280083009,2023-05-13,1|2|1|0|1|P0280083009|
PE,202305,43985620,121811,200039855,4569,45,408,993,993,OTRO,2,383213,VARIABLE,383213,1,26.6,0,1,1,3,1,201,1,3682,200039855,2023-03-14,993|2|1|0|1|200039855|
PE,202304,50073300,38210,210102098,1100,24,675,2,SET FIJO,SET,1,374806,FIJO,374806,14,45,0,0,1,1,1,26,1,1040,XXXXXXXXX,2023-03-11,2|1|1|0|0|XXXXXXXXX|
PE,202304,45871533,38210,210102098,1100,24,675,2,SET FIJO,SET,1,374806,FIJO,374806,14,45,0,0,1,1,1,26,1,1040,XXXXXXXXX,2023-02-28,2|1|1|0|0|XXXXXXXXX|
PE,202301,43985620,18656,210086712,921,13,759,1,INDIVIDUAL,INDIVIDUAL,1,360794,FIJO,360794,127,18.9,0,1,1,1,1,300,1,889,210086712,2022-12-20,1|1|1|0|1|210086712|
PE,202305,43985620,121594,200108674,4550,45,461,993,993,OTRO,2,383191,VARIABLE,383191,1,5.1,0,1,1,7,1,422,1,3663,200059112,2023-03-14,993|2|1|0|1|200059112|
PE,202302,50073300,5781,200106594,655,10,1105,1,INDIVIDUAL,INDIVIDUAL,2,365308,VARIABLE,365308,31,16.9,0,1,1,1,1,300,1,630,P0216057002,2023-01-20,1|2|1|0|1|P0216057002|
PE,202307,49946996,632,200103923,833,10,1784,1,INDIVIDUAL,INDIVIDUAL,2,390618,VARIABLE,390618,21,17.9,0,1,1,1,1,300,1,795,P0132053000,2023-04-29,1|2|1|0|1|P0132053000|
PE,202302,50073300,599,200103918,644,10,1044,1,INDIVIDUAL,INDIVIDUAL,2,365297,VARIABLE,365297,6,15.9,0,1,1,1,1,303,1,619,P0132053000,2023-01-20,1|2|1|0|1|P0132053000|
PE,202305,45871533,121798,210100407,4567,45,1034,993,993,OTRO,2,383211,VARIABLE,383211,1,19.95,0,1,1,2,1,422,1,3680,210047500,2023-03-20,993|2|1|0|1|210047500|
PE,202302,50020096,104012,200103027,3112,45,132,2,SET FIJO,SET,1,367851,FIJO,367851,1,16.1,0,0,1,1,1,201,1,2660,200095771,2023-01-10,2|1|1|0|0|200095771|
PE,202304,49946996,5656,210098524,704,10,1452,1,INDIVIDUAL,INDIVIDUAL,2,374388,VARIABLE,374388,34,15.9,0,1,1,1,1,300,1,653,P0197106006,2023-02-28,1|2|1|0|1|P0197106006|
PE,202307,50379884,2119,200106448,23,4,14,999,VOLUMEN,VOLUMEN,2,390227,VARIABLE,390227,1,19.9,0,1,1,1,1,424,1,22,P0210133000,2023-05-13,999|2|1|0|1|P0210133000|
PE,202301,10961556,35351,200107824,527,9,618,2,SET FIJO,SET,1,360374,FIJO,360374,23,22.5,0,1,1,1,1,310,1,505,200107824,2022-12-27,2|1|1|0|1|200107824|
PE,202303,43985620,15557,200107369,750,10,1523,1,INDIVIDUAL,INDIVIDUAL,2,369483,VARIABLE,369483,56,13.9,0,1,1,1,1,300,1,709,P0216057005,2023-01-31,1|2|1|0|1|P0216057005|
PE,202305,45871533,41100,200109206,3001,35,947,1,INDIVIDUAL,INDIVIDUAL,1,381057,FIJO,381057,10,4.9,0,1,1,1,1,126,4,2474,200109206,2023-03-20,1|1|1|0|1|200109206|
PE,202310,35545956,9861,210095652,593,10,1335,1,INDIVIDUAL,INDIVIDUAL,1,405907,FIJO,405907,8,19.9,0,1,1,1,1,300,1,561,P0132056004,2023-06-19,1|1|1|0|1|P0132056004|
PE,202304,50073300,38514,200101110,1110,24,315,2,SET FIJO,SET,1,374816,FIJO,374816,26,38.85,0,1,1,1,1,411,1,1050,200082170,2023-03-11,2|1|1|0|1|200082170|
PE,202305,49389205,121801,210095249,4568,45,1034,993,993,OTRO,2,383212,VARIABLE,383212,1,17.45,0,1,1,4,1,422,1,3681,210059944,2023-03-29,993|2|1|0|1|210059944|
PE,202301,43985620,35777,200102430,1124,24,235,2,SET FIJO,SET,1,361027,FIJO,361027,14,65.53,0,1,1,1,1,412,1,1083,200058349,2022-12-20,2|1|1|0|1|200058349|
PE,202302,50180387,9437,200102107,644,10,1044,1,INDIVIDUAL,INDIVIDUAL,2,365297,VARIABLE,365297,6,15.9,0,1,1,1,1,303,1,619,P0132053000,2023-01-17,1|2|1|0|1|P0132053000|
PE,202303,49389205,15764,200107824,509,9,688,1,INDIVIDUAL,INDIVIDUAL,1,369205,FIJO,369205,90,23,0,1,1,1,1,300,1,469,200107824,2023-02-10,1|1|1|0|1|200107824|
PE,202304,50020096,16353,200108507,92,13,71,1,INDIVIDUAL,INDIVIDUAL,1,374597,FIJO,374597,106,14.9,0,1,1,1,1,300,1,84,200080259,2023-02-21,1|1|1|0|1|200080259|
PE,202302,50180387,35262,210100298,979,13,95,2,SET FIJO,SET,1,365647,FIJO,365647,27,0,1,0,1,1,1,34,1,952,XXXXXXXXX,2023-01-17,2|1|1|1|0|XXXXXXXXX|
PE,202307,50379884,2119,200106448,1185,13,1834,1,INDIVIDUAL,INDIVIDUAL,2,390983,VARIABLE,390983,42,19.9,0,1,1,1,1,300,1,1147,P0210133000,2023-05-13,1|2|1|0|1|P0210133000|
PE,202307,50073300,42481,200107627,53,4,92,1,INDIVIDUAL,INDIVIDUAL,1,390152,FIJO,390152,61,0,1,1,1,1,1,409,1,42,P0280083000,2023-05-13,1|1|1|1|1|P0280083000|
PE,202301,50073300,9680,200102291,1001,13,1409,1,INDIVIDUAL,INDIVIDUAL,2,360877,VARIABLE,360877,10,47.9,0,1,1,1,1,300,1,969,P0210055000,2022-12-28,1|2|1|0|1|P0210055000|
PE,202306,50180387,37813,210102062,1079,10,2010,1,INDIVIDUAL,INDIVIDUAL,1,384605,FIJO,384605,88,94.9,0,1,1,1,1,4,1,672,XXXXXXXXX,2023-04-11,1|1|1|0|1|XXXXXXXXX|
PE,202311,35545956,6949,200106651,1070,13,1367,1,INDIVIDUAL,INDIVIDUAL,2,410519,VARIABLE,410519,50,16.9,0,1,1,1,1,300,1,883,P0292133004,2023-07-17,1|2|1|0|1|P0292133004|
PE,202303,43985620,10507,200103027,995,13,503,1,INDIVIDUAL,INDIVIDUAL,1,369742,FIJO,369742,147,29.9,0,1,1,1,1,322,1,951,200095771,2023-01-31,1|1|1|0|1|200095771|
PE,202305,50379884,4745,200106556,108,10,88,1,INDIVIDUAL,INDIVIDUAL,1,379132,FIJO,379132,26,17.9,0,1,1,1,1,300,1,101,200054026,2023-03-27,1|1|1|0|1|200054026|
PE,202307,50180387,103314,200101424,4469,45,248,999,VOLUMEN,VOLUMEN,1,394408,FIJO,394408,1,44.97,0,1,1,1,1,203,1,4148,200101424,2023-05-02,999|1|1|0|1|200101424|
PE,202302,49389205,35272,210100298,992,13,213,2,SET FIJO,SET,1,365661,FIJO,365661,147,0,1,0,1,1,1,34,1,965,XXXXXXXXX,2023-01-20,2|1|1|1|0|XXXXXXXXX|
PE,202302,35545956,37963,200109537,1150,24,143,999,VOLUMEN,VOLUMEN,2,365858,VARIABLE,365858,19,7.38,0,1,1,1,5,422,1,1105,200043496,2023-01-05,999|2|5|0|1|200043496|
PE,202308,50020096,18722,200110090,710,9,806,1,INDIVIDUAL,INDIVIDUAL,1,395654,FIJO,395654,85,29,0,1,1,1,1,301,1,662,200110090,2023-05-24,1|1|1|0|1|200110090|
PE,202301,50020096,35453,210099653,638,10,1252,1,INDIVIDUAL,INDIVIDUAL,1,360494,FIJO,360494,74,62.9,0,1,1,1,1,17,1,611,XXXXXXXXX,2022-12-17,1|1|1|0|1|XXXXXXXXX|
PE,202303,49946996,37961,200113792,754,10,740,2,SET FIJO,SET,1,369487,FIJO,369487,4,16.82,0,0,1,1,1,319,1,713,P0132053000,2023-02-09,2|1|1|0|0|P0132053000|
PE,202302,50180387,35142,200106312,998,13,471,2,SET FIJO,SET,1,365667,FIJO,365667,18,24.81,0,0,1,1,1,319,1,971,200106312,2023-01-17,2|1|1|0|0|200106312|
PE,202302,50180387,39687,400095685,1234,26,1292,1,INDIVIDUAL,INDIVIDUAL,1,365942,FIJO,365942,0,0,1,1,1,1,1,57,6,1137,XXXXXXXXX,2023-01-17,1|1|1|1|1|XXXXXXXXX|
PE,202302,20541199,39687,400095685,1234,26,1292,1,INDIVIDUAL,INDIVIDUAL,1,365942,FIJO,365942,0,0,1,1,1,1,1,57,6,1137,XXXXXXXXX,2023-01-26,1|1|1|1|1|XXXXXXXXX|
PE,202302,50020096,39687,400095685,1234,26,1292,1,INDIVIDUAL,INDIVIDUAL,1,365942,FIJO,365942,0,0,1,1,1,1,1,57,6,1137,XXXXXXXXX,2023-01-10,1|1|1|1|1|XXXXXXXXX|
PE,202302,10961556,39687,400095685,1234,26,1292,1,INDIVIDUAL,INDIVIDUAL,1,365942,FIJO,365942,0,0,1,1,1,1,1,57,6,1137,XXXXXXXXX,2023-01-20,1|1|1|1|1|XXXXXXXXX|
PE,202302,43985620,39687,400095685,1234,26,1292,1,INDIVIDUAL,INDIVIDUAL,1,365942,FIJO,365942,0,0,1,1,1,1,1,57,6,1137,XXXXXXXXX,2023-01-10,1|1|1|1|1|XXXXXXXXX|
PE,202302,49389205,39687,400095685,1234,26,1292,1,INDIVIDUAL,INDIVIDUAL,1,365942,FIJO,365942,0,0,1,1,1,1,1,57,6,1137,XXXXXXXXX,2023-01-20,1|1|1|1|1|XXXXXXXXX|
PE,202302,50073300,39687,400095685,1234,26,1292,1,INDIVIDUAL,INDIVIDUAL,1,365942,FIJO,365942,0,0,1,1,1,1,1,57,6,1137,XXXXXXXXX,2023-01-20,1|1|1|1|1|XXXXXXXXX|
PE,202302,35545956,39687,400095685,1234,26,1292,1,INDIVIDUAL,INDIVIDUAL,1,365942,FIJO,365942,0,0,1,1,1,1,1,57,6,1137,XXXXXXXXX,2023-01-05,1|1|1|1|1|XXXXXXXXX|
PE,202302,49946996,39687,400095685,1234,26,1292,1,INDIVIDUAL,INDIVIDUAL,1,365942,FIJO,365942,0,0,1,1,1,1,1,57,6,1137,XXXXXXXXX,2023-01-24,1|1|1|1|1|XXXXXXXXX|
PE,202301,50073300,35819,200103716,1117,24,1499,1,INDIVIDUAL,INDIVIDUAL,2,361020,VARIABLE,361020,19,21.9,0,1,1,1,1,421,1,1076,P0292139009,2022-12-28,1|2|1|0|1|P0292139009|
PE,202302,50180387,18623,200110023,1031,24,663,1,INDIVIDUAL,INDIVIDUAL,1,365720,FIJO,365720,2,3.5,0,1,1,1,1,71,4,996,200110023,2023-01-17,1|1|1|0|1|200110023|
PE,202307,50379884,17814,210100500,69,10,90,999,VOLUMEN,VOLUMEN,2,390678,VARIABLE,390678,24,19,0,1,1,1,1,320,1,58,P0216050000,2023-05-13,999|2|1|0|1|P0216050000|
PE,202307,50020096,35781,200090364,1413,24,294,999,VOLUMEN,VOLUMEN,2,391240,VARIABLE,391240,25,32.9,0,1,1,1,1,422,1,1370,200073399,2023-04-26,999|2|1|0|1|200073399|
PE,202303,45871533,37562,200102370,1090,13,188,2,SET FIJO,SET,1,369865,FIJO,369865,7,24.68,0,0,1,1,1,319,1,1046,200051360,2023-02-09,2|1|1|0|0|200051360|
PE,202313,35545956,35256,200097067,950,13,116,5,PROMOCIÓN INDIVIDUAL,PROMOCIÓN,2,419000,VARIABLE,419000,150,30.9,0,1,1,1,1,331,1,933,200035113,2023-08-21,5|2|1|0|1|200035113|
PE,202308,50020096,14724,200089222,1250,13,381,1,INDIVIDUAL,INDIVIDUAL,1,396241,FIJO,396241,150,52.9,0,1,1,1,1,300,1,1194,200089222,2023-05-24,1|1|1|0|1|200089222|
PE,202307,45871533,37976,210101332,2934,35,1604,1,INDIVIDUAL,INDIVIDUAL,1,392777,FIJO,392777,100,38.9,0,1,1,1,1,45,2,2798,XXXXXXXXX,2023-05-04,1|1|1|0|1|XXXXXXXXX|
PE,202305,43985620,15212,200089488,1208,4,404,999,VOLUMEN,VOLUMEN,2,378889,VARIABLE,378889,128,35.9,0,1,1,1,1,331,1,772,200050748,2023-03-14,999|2|1|0|1|200050748|
PE,202305,45871533,15212,200089488,1208,4,404,999,VOLUMEN,VOLUMEN,2,378889,VARIABLE,378889,128,35.9,0,1,1,1,1,331,1,772,200050748,2023-03-20,999|2|1|0|1|200050748|
PE,202307,50379884,38883,400095708,1548,26,2151,1,INDIVIDUAL,INDIVIDUAL,1,391390,FIJO,391390,0,0,1,1,1,1,1,57,6,1412,XXXXXXXXX,2023-05-13,1|1|1|1|1|XXXXXXXXX|
PE,202307,50020096,38883,400095708,1548,26,2151,1,INDIVIDUAL,INDIVIDUAL,1,391390,FIJO,391390,0,0,1,1,1,1,1,57,6,1412,XXXXXXXXX,2023-04-26,1|1|1|1|1|XXXXXXXXX|
PE,202307,50180387,38883,400095708,1548,26,2151,1,INDIVIDUAL,INDIVIDUAL,1,391390,FIJO,391390,0,0,1,1,1,1,1,57,6,1412,XXXXXXXXX,2023-05-02,1|1|1|1|1|XXXXXXXXX|
PE,202307,49946996,38883,400095708,1548,26,2151,1,INDIVIDUAL,INDIVIDUAL,1,391390,FIJO,391390,0,0,1,1,1,1,1,57,6,1412,XXXXXXXXX,2023-04-29,1|1|1|1|1|XXXXXXXXX|
PE,202307,35545956,38883,400095708,1548,26,2151,1,INDIVIDUAL,INDIVIDUAL,1,391390,FIJO,391390,0,0,1,1,1,1,1,57,6,1412,XXXXXXXXX,2023-04-19,1|1|1|1|1|XXXXXXXXX|
PE,202307,45871533,38883,400095708,1548,26,2151,1,INDIVIDUAL,INDIVIDUAL,1,391390,FIJO,391390,0,0,1,1,1,1,1,57,6,1412,XXXXXXXXX,2023-05-04,1|1|1|1|1|XXXXXXXXX|
PE,202304,50073300,39652,200113748,356,4,1763,991,INDIVIDUAL + ADICIONAL,INDIVIDUAL,1,373999,FIJO,373999,215,0,1,1,1,1,1,92,6,318,XXXXXXXXX,2023-03-11,991|1|1|1|1|XXXXXXXXX|
PE,202310,35545956,9419,200102089,727,10,1327,1,INDIVIDUAL,INDIVIDUAL,2,406049,VARIABLE,406049,18,14.9,0,1,1,1,1,303,1,695,P0132053000,2023-06-19,1|2|1|0|1|P0132053000|
PE,202308,45871533,36572,210102137,524,4,1304,1,INDIVIDUAL,INDIVIDUAL,1,395453,FIJO,395453,2,69.9,0,1,1,1,1,32,1,479,XXXXXXXXX,2023-05-22,1|1|1|0|1|XXXXXXXXX|
PE,202305,43985620,121612,200095162,4550,45,461,993,993,OTRO,2,383191,VARIABLE,383191,1,5.1,0,1,1,7,1,422,1,3663,200046326,2023-03-14,993|2|1|0|1|200046326|
PE,202301,10961556,35794,200103022,1156,24,129,999,VOLUMEN,VOLUMEN,2,361073,VARIABLE,361073,21,13.3,0,1,1,1,3,422,1,1110,200017521,2022-12-27,999|2|3|0|1|200017521|
PE,202302,43985620,10026,200102649,956,13,1100,1,INDIVIDUAL,INDIVIDUAL,2,365622,VARIABLE,365622,61,18.9,0,1,1,1,1,300,1,929,P0210133000,2023-01-10,1|2|1|0|1|P0210133000|
PE,202301,50020096,35549,200106604,723,10,1393,999,VOLUMEN,VOLUMEN,2,360589,VARIABLE,360589,11,17.45,0,1,1,1,2,320,1,695,P0197105003,2022-12-17,999|2|2|0|1|P0197105003|
PE,202302,35545956,37904,200105188,1134,24,191,5,PROMOCIÓN INDIVIDUAL,PROMOCIÓN,1,365827,FIJO,365827,19,0,1,1,1,1,1,422,1,1099,200051355,2023-01-05,5|1|1|1|1|200051355|
PE,202307,50020096,16618,200108726,522,9,738,1,INDIVIDUAL,INDIVIDUAL,1,390298,FIJO,390298,33,9.7,0,1,1,1,1,320,1,486,200108726,2023-04-26,1|1|1|0|1|200108726|
PE,202308,50379884,18694,200092456,72,13,38,1,INDIVIDUAL,INDIVIDUAL,1,395982,FIJO,395982,91,24.9,0,1,1,1,1,300,1,72,200056258,2023-06-01,1|1|1|0|1|200056258|
PE,202302,49946996,35328,210096913,1010,13,1211,5,PROMOCIÓN INDIVIDUAL,PROMOCIÓN,1,365697,FIJO,365697,159,59.9,0,1,1,1,1,24,1,983,XXXXXXXXX,2023-01-24,5|1|1|0|1|XXXXXXXXX|
PE,202305,50020096,41298,200106274,1012,1,528,2,SET FIJO,SET,1,378654,FIJO,378654,15,12.4,0,0,1,1,1,425,1,583,200106274,2023-03-17,2|1|1|0|0|200106274|
PE,202305,49389205,121803,210100408,4568,45,1034,993,993,OTRO,2,383212,VARIABLE,383212,1,17.45,0,1,1,4,1,422,1,3681,210047499,2023-03-29,993|2|1|0|1|210047499|
PE,202301,50180387,35469,210102009,644,10,1330,1,INDIVIDUAL,INDIVIDUAL,1,360500,FIJO,360500,80,49.9,0,1,1,1,1,4,1,617,XXXXXXXXX,2023-01-06,1|1|1|0|1|XXXXXXXXX|
PE,202303,50180387,16008,200089989,123,10,138,1,INDIVIDUAL,INDIVIDUAL,2,369472,VARIABLE,369472,38,13.5,0,1,1,1,1,300,1,112,P0197082000,2023-02-10,1|2|1|0|1|P0197082000|
PE,202302,50020096,2945,200105035,563,10,547,1,INDIVIDUAL,INDIVIDUAL,1,365214,FIJO,365214,61,15.9,0,1,1,1,1,300,1,538,200105035,2023-01-10,1|1|1|0|1|200105035|
PE,202303,50073300,203027,210102328,3233,45,1422,1,INDIVIDUAL,INDIVIDUAL,1,372111,FIJO,372111,1,41.9,0,1,1,1,1,201,1,2741,XXXXXXXXX,2023-02-13,1|1|1|0|1|XXXXXXXXX|
PE,202301,50180387,35200,200109532,1014,13,666,2,SET FIJO,SET,1,360892,FIJO,360892,73,47.02,0,1,1,1,1,311,1,982,200109532,2023-01-06,2|1|1|0|1|200109532|
PE,202305,49389205,41887,200109443,1208,4,404,999,VOLUMEN,VOLUMEN,2,378889,VARIABLE,378889,330,34.9,0,1,1,1,1,65,1,772,200109443,2023-03-29,999|2|1|0|1|200109443|
PE,202305,50073300,41887,200109443,1208,4,404,999,VOLUMEN,VOLUMEN,2,378889,VARIABLE,378889,330,34.9,0,1,1,1,1,65,1,772,200109443,2023-03-31,999|2|1|0|1|200109443|
PE,202301,10961556,156323,200109156,3600,45,1451,1,INDIVIDUAL,INDIVIDUAL,2,363583,VARIABLE,363583,1,14.9,0,1,1,1,1,201,1,3139,P0279074000,2022-12-27,1|2|1|0|1|P0279074000|
PE,202305,50020096,2914,200082688,192,13,120,1,INDIVIDUAL,INDIVIDUAL,1,379426,FIJO,379426,126,21.9,0,1,1,1,1,300,1,181,200073712,2023-03-17,1|1|1|0|1|200073712|
PE,202303,49946996,632,200103923,737,10,1463,1,INDIVIDUAL,INDIVIDUAL,2,369466,VARIABLE,369466,40,22.9,0,1,1,1,1,322,1,696,P0132053000,2023-02-09,1|2|1|0|1|P0132053000|
PE,202304,50073300,38474,200109470,1151,24,639,999,VOLUMEN,VOLUMEN,2,374881,VARIABLE,374881,25,72.45,0,1,1,1,2,421,1,1081,200109470,2023-03-11,999|2|2|0|1|200109470|
PE,202302,49946996,37748,200102433,1088,24,223,2,SET FIJO,SET,1,365778,FIJO,365778,6,17.92,0,0,1,1,1,419,1,1053,200059276,2023-01-24,2|1|1|0|0|200059276|
PE,202302,50073300,38764,400096762,274,4,1309,991,INDIVIDUAL + ADICIONAL,INDIVIDUAL,1,364915,FIJO,364915,253,0,1,0,1,1,1,57,6,261,XXXXXXXXX,2023-01-20,991|1|1|1|0|XXXXXXXXX|
PE,202301,50073300,7652,200101573,998,13,1472,1,INDIVIDUAL,INDIVIDUAL,2,360873,VARIABLE,360873,41,17.9,0,1,1,1,1,300,1,966,P0289069000,2022-12-28,1|2|1|0|1|P0289069000|
PE,202305,50073300,42262,200106443,1208,4,404,999,VOLUMEN,VOLUMEN,2,378889,VARIABLE,378889,0,19.9,0,1,1,1,1,27,1,772,P0210133000,2023-03-31,999|2|1|0|1|P0210133000|
PE,202308,35545956,103471,200108408,4482,45,121,999,VOLUMEN,VOLUMEN,1,399667,FIJO,399667,1,25.01,0,1,1,1,4,424,1,4189,200011773,2023-05-08,999|1|4|0|1|200011773|
PE,202308,50379884,74436,400096763,620,4,1825,991,INDIVIDUAL + ADICIONAL,INDIVIDUAL,1,395562,FIJO,395562,254,0,1,0,1,1,1,57,6,575,XXXXXXXXX,2023-06-01,991|1|1|1|0|XXXXXXXXX|
PE,202305,50020096,41316,200108408,1208,4,404,999,VOLUMEN,VOLUMEN,2,378889,VARIABLE,378889,15,12.5,0,1,1,1,1,425,1,772,200011773,2023-03-17,999|2|1|0|1|200011773|
PE,202305,43985620,121406,200089509,4538,45,436,993,993,OTRO,2,383175,VARIABLE,383175,1,37.45,0,1,1,2,1,421,1,3651,200038319,2023-03-14,993|2|1|0|1|200038319|
PE,202302,43985620,6553,200101080,750,13,291,1,INDIVIDUAL,INDIVIDUAL,1,365411,FIJO,365411,76,23.9,0,1,1,1,1,300,1,723,200076945,2023-01-10,1|1|1|0|1|200076945|
PE,202306,49946996,16545,210099850,1138,10,1703,1,INDIVIDUAL,INDIVIDUAL,2,384669,VARIABLE,384669,26,54.9,0,1,1,1,1,300,1,731,P0194067000,2023-04-13,1|2|1|0|1|P0194067000|
PE,202302,49946996,37984,210100298,1088,24,223,2,SET FIJO,SET,1,365778,FIJO,365778,6,0,1,0,1,1,1,26,1,1053,XXXXXXXXX,2023-01-24,2|1|1|1|0|XXXXXXXXX|
PE,202305,50020096,40287,200113749,1205,4,1850,991,INDIVIDUAL + ADICIONAL,INDIVIDUAL,1,378886,FIJO,378886,216,0,1,1,1,1,1,92,6,770,XXXXXXXXX,2023-03-17,991|1|1|1|1|XXXXXXXXX|
PE,202308,35545956,103472,200090452,4482,45,121,999,VOLUMEN,VOLUMEN,1,399667,FIJO,399667,1,24.98,0,1,1,1,7,424,1,4189,200040636,2023-05-08,999|1|7|0|1|200040636|
PE,202304,10961556,41451,200105017,179,1,226,2,SET FIJO,SET,1,373795,FIJO,373795,500,20,0,0,1,1,1,32,1,146,200063985,2023-03-03,2|1|1|0|0|200063985|
PE,202306,49946996,15547,200107359,1137,10,1761,1,INDIVIDUAL,INDIVIDUAL,2,384668,VARIABLE,384668,38,13.9,0,1,1,1,1,300,1,730,P0216057005,2023-04-13,1|2|1|0|1|P0216057005|
PE,202304,35545956,3935,200083997,981,13,156,1,INDIVIDUAL,INDIVIDUAL,1,374676,FIJO,374676,125,43.9,0,1,1,1,1,303,1,926,200041010,2023-02-13,1|1|1|0|1|200041010|
PE,202305,50379884,40912,400097510,1193,4,1838,991,INDIVIDUAL + ADICIONAL,INDIVIDUAL,1,378865,FIJO,378865,251,0,1,0,1,1,1,57,6,758,XXXXXXXXX,2023-03-27,991|1|1|1|0|XXXXXXXXX|
PE,202305,50020096,115052,200078944,4116,45,630,3,SET VARIABLE,SET,2,382647,VARIABLE,382647,1,14.71,0,0,0,1,1,203,1,3229,200014172,2023-03-17,3|2|1|0|0|200014172|
PE,202309,35545956,37850,210095652,1152,24,488,3,SET VARIABLE,SET,1,401597,FIJO,401597,39,10,0,0,1,1,1,419,1,1095,P0132056004,2023-05-29,3|1|1|0|0|P0132056004|
PE,202305,10961556,15221,200107078,276,13,380,1,INDIVIDUAL,INDIVIDUAL,2,379746,VARIABLE,379746,32,49.9,0,1,1,1,1,300,1,265,P0292107001,2023-03-29,1|2|1|0|1|P0292107001|
PE,202305,50020096,40902,400096764,1204,4,1849,991,INDIVIDUAL + ADICIONAL,INDIVIDUAL,1,378885,FIJO,378885,255,0,1,0,1,1,1,57,6,769,XXXXXXXXX,2023-03-17,991|1|1|1|0|XXXXXXXXX|
PE,202312,35545956,39326,200092457,1291,24,459,999,VOLUMEN,VOLUMEN,1,415011,FIJO,415011,17,0,1,1,1,1,3,78,4,1167,200092457,2023-07-31,999|1|3|1|1|200092457|
PE,202302,50020096,102247,210101976,3563,45,994,999,VOLUMEN,VOLUMEN,1,368395,FIJO,368395,1,48.45,0,1,1,1,2,123,1,3110,XXXXXXXXX,2023-01-10,999|1|2|0|1|XXXXXXXXX|
PE,202307,45871533,37802,210099038,2829,35,1372,1,INDIVIDUAL,INDIVIDUAL,1,392672,FIJO,392672,100,79.9,0,1,1,1,1,45,2,2693,XXXXXXXXX,2023-05-04,1|1|1|0|1|XXXXXXXXX|
PE,202305,45871533,39578,200086106,1953,24,1186,991,INDIVIDUAL + ADICIONAL,INDIVIDUAL,1,379928,FIJO,379928,22,0,1,0,1,1,1,409,1,1495,200067092,2023-03-20,991|1|1|1|0|200067092|
PE,202309,35545956,8459,200086566,1005,13,122,5,PROMOCIÓN INDIVIDUAL,PROMOCIÓN,2,401444,VARIABLE,401444,150,24.9,0,1,1,1,1,331,1,957,200058967,2023-05-29,5|2|1|0|1|200058967|
PE,202303,50020096,18721,200110089,507,9,745,1,INDIVIDUAL,INDIVIDUAL,1,369203,FIJO,369203,90,23,0,1,1,1,1,300,1,467,200110089,2023-01-31,1|1|1|0|1|200110089|
PE,202305,50020096,40249,200103327,1208,4,404,999,VOLUMEN,VOLUMEN,2,378889,VARIABLE,378889,228,0,1,1,1,1,1,50,1,772,200103327,2023-03-17,999|2|1|1|1|200103327|
PE,202303,45871533,37697,210100298,1090,13,188,2,SET FIJO,SET,1,369865,FIJO,369865,7,0,1,0,1,1,1,34,1,1046,XXXXXXXXX,2023-02-09,2|1|1|1|0|XXXXXXXXX|
PE,202307,50180387,5933,200106604,845,10,1807,1,INDIVIDUAL,INDIVIDUAL,2,390632,VARIABLE,390632,28,15.9,0,1,1,1,1,303,1,807,P0197105003,2023-05-02,1|2|1|0|1|P0197105003|
PE,202302,49389205,13990,200106274,1013,13,567,991,INDIVIDUAL + ADICIONAL,INDIVIDUAL,1,365700,FIJO,365700,17,78.9,0,1,1,1,1,300,1,986,200106274,2023-01-20,991|1|1|0|1|200106274|
PE,202309,50379884,38555,400096764,329,4,1529,991,INDIVIDUAL + ADICIONAL,INDIVIDUAL,1,400746,FIJO,400746,255,0,1,0,1,1,1,57,6,289,XXXXXXXXX,2023-06-20,991|1|1|1|0|XXXXXXXXX|
PE,202301,50073300,35823,200103721,1117,24,1499,1,INDIVIDUAL,INDIVIDUAL,2,361020,VARIABLE,361020,19,21.9,0,1,1,1,1,421,1,1076,P0292139009,2022-12-28,1|2|1|0|1|P0292139009|
PE,202301,50180387,39577,400095701,1291,26,1680,1,INDIVIDUAL,INDIVIDUAL,1,361228,FIJO,361228,0,0,1,1,1,1,1,57,6,1182,XXXXXXXXX,2023-01-06,1|1|1|1|1|XXXXXXXXX|
PE,202304,45871533,38098,200102045,1158,24,300,999,VOLUMEN,VOLUMEN,1,374888,FIJO,374888,7,44.96,0,1,1,1,1,424,1,1082,200084602,2023-02-28,999|1|1|0|1|200084602|
PE,202302,35545956,37723,200100838,1172,24,294,999,VOLUMEN,VOLUMEN,1,365880,FIJO,365880,11,37.49,0,1,1,1,2,424,1,1110,200079595,2023-01-05,999|1|2|0|1|200079595|
PE,202310,35545956,39270,400095711,1266,26,1627,1,INDIVIDUAL,INDIVIDUAL,1,406675,FIJO,406675,0,0,1,1,1,1,1,57,6,1142,XXXXXXXXX,2023-06-19,1|1|1|1|1|XXXXXXXXX|
PE,202309,35545956,36643,200106449,1012,13,1254,999,VOLUMEN,VOLUMEN,2,401454,VARIABLE,401454,58,18.45,0,1,1,1,2,320,1,962,P0210133000,2023-05-29,999|2|2|0|1|P0210133000|
PE,202305,50379884,40912,400097510,1194,4,1839,991,INDIVIDUAL + ADICIONAL,INDIVIDUAL,1,378866,FIJO,378866,251,0,1,0,1,1,1,57,6,759,XXXXXXXXX,2023-03-27,991|1|1|1|0|XXXXXXXXX|
PE,202304,35545956,41150,200109790,1266,26,663,1,INDIVIDUAL,INDIVIDUAL,1,375031,FIJO,375031,0,0,1,1,1,1,1,77,4,1147,200109790,2023-02-13,1|1|1|1|1|200109790|
PE,202304,50073300,39624,200105150,337,4,961,991,INDIVIDUAL + ADICIONAL,INDIVIDUAL,1,373974,FIJO,373974,239,0,1,0,1,1,1,50,1,299,P0261052003,2023-03-11,991|1|1|1|0|P0261052003|
PE,202305,49946996,3497,200105180,1461,10,543,1,INDIVIDUAL,INDIVIDUAL,1,379238,FIJO,379238,74,10.9,0,1,1,1,1,300,1,1012,200060612,2023-03-21,1|1|1|0|1|200060612|
PE,202301,50180387,39578,400095719,1292,26,1682,1,INDIVIDUAL,INDIVIDUAL,1,361229,FIJO,361229,0,0,1,1,1,1,1,57,6,1183,XXXXXXXXX,2023-01-06,1|1|1|1|1|XXXXXXXXX|
PE,202307,49946996,38902,200106359,1567,26,680,1,INDIVIDUAL,INDIVIDUAL,1,391409,FIJO,391409,0,0,1,1,1,1,1,77,4,1431,200106359,2023-04-29,1|1|1|1|1|200106359|
PE,202307,50020096,38902,200106359,1567,26,680,1,INDIVIDUAL,INDIVIDUAL,1,391409,FIJO,391409,0,0,1,1,1,1,1,77,4,1431,200106359,2023-04-26,1|1|1|1|1|200106359|
PE,202307,35545956,38902,200106359,1567,26,680,1,INDIVIDUAL,INDIVIDUAL,1,391409,FIJO,391409,0,0,1,1,1,1,1,77,4,1431,200106359,2023-04-19,1|1|1|1|1|200106359|
PE,202303,49946996,40669,400083364,1405,26,1783,1,INDIVIDUAL,INDIVIDUAL,1,370250,FIJO,370250,0,0,1,1,1,1,1,57,6,1282,XXXXXXXXX,2023-02-09,1|1|1|1|1|XXXXXXXXX|
PE,202302,50020096,38716,200103961,249,4,464,991,INDIVIDUAL + ADICIONAL,INDIVIDUAL,1,364885,FIJO,364885,219,12.9,0,1,1,1,1,50,1,236,200098878,2023-01-10,991|1|1|0|1|200098878|
PE,202305,43985620,605,200103919,172,10,322,999,VOLUMEN,VOLUMEN,2,379365,VARIABLE,379365,16,24.9,0,1,1,1,1,320,1,165,P0132053000,2023-03-14,999|2|1|0|1|P0132053000|
PE,202303,43985620,38450,200102430,1220,24,315,2,SET FIJO,SET,1,370011,FIJO,370011,20,51.22,0,1,1,1,1,411,1,1173,200058349,2023-01-31,2|1|1|0|1|200058349|
PE,202303,49389205,202654,200107883,3365,45,406,2,SET FIJO,SET,1,372243,FIJO,372243,1,4.9,0,0,1,1,1,201,1,2873,200099581,2023-02-10,2|1|1|0|0|200099581|
PE,202303,50020096,202654,200107883,3365,45,406,2,SET FIJO,SET,1,372243,FIJO,372243,1,4.9,0,0,1,1,1,201,1,2873,200099581,2023-01-31,2|1|1|0|0|200099581|
PE,202305,50073300,4143,200084840,1208,4,404,999,VOLUMEN,VOLUMEN,2,378889,VARIABLE,378889,139,25.9,0,1,1,1,1,331,1,772,200060588,2023-03-31,999|2|1|0|1|200060588|
PE,202302,50073300,35268,210100298,988,13,320,2,SET FIJO,SET,1,365657,FIJO,365657,137,0,1,0,1,1,1,34,1,961,XXXXXXXXX,2023-01-20,2|1|1|1|0|XXXXXXXXX|
PE,202304,50073300,38515,200101225,1110,24,315,2,SET FIJO,SET,1,374816,FIJO,374816,26,19.43,0,0,1,1,1,419,1,1050,200096670,2023-03-11,2|1|1|0|0|200096670|
PE,202305,43985620,11214,200103721,291,13,383,1,INDIVIDUAL,INDIVIDUAL,2,379780,VARIABLE,379780,36,26.9,0,1,1,1,1,320,1,280,P0292139009,2023-03-14,1|2|1|0|1|P0292139009|
PE,202309,35545956,39425,200102092,1152,24,488,3,SET VARIABLE,SET,1,401597,FIJO,401597,41,10,0,0,1,1,1,429,1,1095,P0132053000,2023-05-29,3|1|1|0|0|P0132053000|
PE,202302,10961556,4482,200095182,556,10,398,1,INDIVIDUAL,INDIVIDUAL,1,365207,FIJO,365207,57,22.9,0,1,1,1,1,300,1,531,200095182,2023-01-20,1|1|1|0|1|200095182|
PE,202302,50073300,4482,200095182,556,10,398,1,INDIVIDUAL,INDIVIDUAL,1,365207,FIJO,365207,57,22.9,0,1,1,1,1,300,1,531,200095182,2023-01-20,1|1|1|0|1|200095182|
PE,202303,49389205,199774,210100407,4032,45,265,993,993,OTRO,2,373071,VARIABLE,373071,1,17.45,0,1,1,4,1,422,1,3540,210047500,2023-02-10,993|2|1|0|1|210047500|
PE,202303,50020096,18748,200110157,1178,24,750,1,INDIVIDUAL,INDIVIDUAL,1,369964,FIJO,369964,16,59.9,0,1,1,1,1,402,1,1131,200110157,2023-01-31,1|1|1|0|1|200110157|
PE,202302,20541199,39691,400095721,1238,26,1296,1,INDIVIDUAL,INDIVIDUAL,1,365947,FIJO,365947,0,0,1,1,1,1,1,57,6,1141,XXXXXXXXX,2023-01-26,1|1|1|1|1|XXXXXXXXX|
PE,202302,49946996,39691,400095721,1238,26,1296,1,INDIVIDUAL,INDIVIDUAL,1,365947,FIJO,365947,0,0,1,1,1,1,1,57,6,1141,XXXXXXXXX,2023-01-24,1|1|1|1|1|XXXXXXXXX|
PE,202302,50020096,39691,400095721,1238,26,1296,1,INDIVIDUAL,INDIVIDUAL,1,365947,FIJO,365947,0,0,1,1,1,1,1,57,6,1141,XXXXXXXXX,2023-01-10,1|1|1|1|1|XXXXXXXXX|
PE,202302,35545956,39691,400095721,1238,26,1296,1,INDIVIDUAL,INDIVIDUAL,1,365947,FIJO,365947,0,0,1,1,1,1,1,57,6,1141,XXXXXXXXX,2023-01-05,1|1|1|1|1|XXXXXXXXX|
PE,202302,50073300,39691,400095721,1238,26,1296,1,INDIVIDUAL,INDIVIDUAL,1,365947,FIJO,365947,0,0,1,1,1,1,1,57,6,1141,XXXXXXXXX,2023-01-20,1|1|1|1|1|XXXXXXXXX|
PE,202302,43985620,39691,400095721,1238,26,1296,1,INDIVIDUAL,INDIVIDUAL,1,365947,FIJO,365947,0,0,1,1,1,1,1,57,6,1141,XXXXXXXXX,2023-01-10,1|1|1|1|1|XXXXXXXXX|
PE,202302,50180387,39691,400095721,1238,26,1296,1,INDIVIDUAL,INDIVIDUAL,1,365947,FIJO,365947,0,0,1,1,1,1,1,57,6,1141,XXXXXXXXX,2023-01-17,1|1|1|1|1|XXXXXXXXX|
PE,202304,50020096,39655,210092742,335,4,1474,991,INDIVIDUAL + ADICIONAL,INDIVIDUAL,1,373972,FIJO,373972,235,0,1,0,1,1,1,50,1,297,210092742,2023-02-21,991|1|1|1|0|210092742|
PE,202313,35545956,37995,400095714,1233,26,1503,1,INDIVIDUAL,INDIVIDUAL,1,419310,FIJO,419310,0,0,1,1,1,1,1,57,6,1130,XXXXXXXXX,2023-08-21,1|1|1|1|1|XXXXXXXXX|
PE,202313,35545956,38370,400098504,1268,26,1478,1,INDIVIDUAL,INDIVIDUAL,1,419352,FIJO,419352,0,0,1,1,1,1,1,57,6,1165,XXXXXXXXX,2023-08-21,1|1|1|1|1|XXXXXXXXX|
PE,202307,35545956,36322,200106290,1499,24,121,999,VOLUMEN,VOLUMEN,2,391341,VARIABLE,391341,14,32.49,0,1,1,1,8,425,1,1390,200106290,2023-04-19,999|2|8|0|1|200106290|
PE,202307,35545956,36322,200106290,1499,24,121,999,VOLUMEN,VOLUMEN,2,391341,VARIABLE,391341,14,32.49,0,1,1,1,8,425,1,1390,200106290,2023-05-08,999|2|8|0|1|200106290|
PE,202303,43985620,38463,210100312,1220,24,315,2,SET FIJO,SET,1,370011,FIJO,370011,20,0,1,0,1,1,1,26,1,1173,XXXXXXXXX,2023-01-31,2|1|1|1|0|XXXXXXXXX|
PE,202307,50379884,38106,400096762,448,4,2164,991,INDIVIDUAL + ADICIONAL,INDIVIDUAL,1,390209,FIJO,390209,253,0,1,0,1,1,1,57,6,415,XXXXXXXXX,2023-05-13,991|1|1|1|0|XXXXXXXXX|
PE,202303,45871533,40352,400095703,1357,26,1789,1,INDIVIDUAL,INDIVIDUAL,1,370187,FIJO,370187,0,0,1,1,1,1,1,57,6,1234,XXXXXXXXX,2023-02-09,1|1|1|1|1|XXXXXXXXX|
PE,202303,49389205,199775,210100408,4032,45,265,993,993,OTRO,2,373071,VARIABLE,373071,1,17.45,0,1,1,4,1,422,1,3540,210047499,2023-02-10,993|2|1|0|1|210047499|
PE,202303,10961556,38714,200109874,280,2,740,991,INDIVIDUAL + ADICIONAL,INDIVIDUAL,1,368936,FIJO,368936,103,24.9,0,1,1,1,1,65,1,245,200109874,2023-02-10,991|1|1|0|1|200109874|
PE,202303,49389205,38714,200109874,280,2,740,991,INDIVIDUAL + ADICIONAL,INDIVIDUAL,1,368936,FIJO,368936,103,24.9,0,1,1,1,1,65,1,245,200109874,2023-02-10,991|1|1|0|1|200109874|
PE,202303,43985620,38714,200109874,280,2,740,991,INDIVIDUAL + ADICIONAL,INDIVIDUAL,1,368936,FIJO,368936,103,24.9,0,1,1,1,1,65,1,245,200109874,2023-01-31,991|1|1|0|1|200109874|
PE,202305,10961556,6235,200085523,79,9,366,1,INDIVIDUAL,INDIVIDUAL,2,379047,VARIABLE,379047,24,64,0,1,1,1,1,300,1,79,P0285050000,2023-03-29,1|2|1|0|1|P0285050000|
PE,202302,49946996,40030,400083364,1278,26,1286,1,INDIVIDUAL,INDIVIDUAL,1,366000,FIJO,366000,0,0,1,1,1,1,1,57,6,1181,XXXXXXXXX,2023-01-24,1|1|1|1|1|XXXXXXXXX|
PE,202302,35545956,40030,400083364,1278,26,1286,1,INDIVIDUAL,INDIVIDUAL,1,366000,FIJO,366000,0,0,1,1,1,1,1,57,6,1181,XXXXXXXXX,2023-01-05,1|1|1|1|1|XXXXXXXXX|
PE,202307,50379884,38896,400097772,1561,26,2126,1,INDIVIDUAL,INDIVIDUAL,1,391403,FIJO,391403,0,0,1,1,1,1,1,57,6,1425,XXXXXXXXX,2023-05-13,1|1|1|1|1|XXXXXXXXX|
PE,202307,50020096,38896,400097772,1561,26,2126,1,INDIVIDUAL,INDIVIDUAL,1,391403,FIJO,391403,0,0,1,1,1,1,1,57,6,1425,XXXXXXXXX,2023-04-26,1|1|1|1|1|XXXXXXXXX|
PE,202307,50180387,38896,400097772,1561,26,2126,1,INDIVIDUAL,INDIVIDUAL,1,391403,FIJO,391403,0,0,1,1,1,1,1,57,6,1425,XXXXXXXXX,2023-05-02,1|1|1|1|1|XXXXXXXXX|
PE,202307,35545956,38896,400097772,1561,26,2126,1,INDIVIDUAL,INDIVIDUAL,1,391403,FIJO,391403,0,0,1,1,1,1,1,57,6,1425,XXXXXXXXX,2023-04-19,1|1|1|1|1|XXXXXXXXX|
PE,202307,45871533,38896,400097772,1561,26,2126,1,INDIVIDUAL,INDIVIDUAL,1,391403,FIJO,391403,0,0,1,1,1,1,1,57,6,1425,XXXXXXXXX,2023-05-04,1|1|1|1|1|XXXXXXXXX|
PE,202307,49946996,38896,400097772,1561,26,2126,1,INDIVIDUAL,INDIVIDUAL,1,391403,FIJO,391403,0,0,1,1,1,1,1,57,6,1425,XXXXXXXXX,2023-04-29,1|1|1|1|1|XXXXXXXXX|
PE,202303,45871533,37589,200105188,1090,13,188,2,SET FIJO,SET,1,369865,FIJO,369865,7,7.93,0,0,1,1,1,319,1,1046,200051355,2023-02-09,2|1|1|0|0|200051355|
PE,202314,35545956,37300,400098416,1673,26,1663,1,INDIVIDUAL,INDIVIDUAL,1,423648,FIJO,423648,0,0,1,1,1,1,1,57,6,1400,XXXXXXXXX,2023-09-04,1|1|1|1|1|XXXXXXXXX|
PE,202301,49389205,39545,400097293,1269,26,1659,1,INDIVIDUAL,INDIVIDUAL,1,361200,FIJO,361200,0,0,1,1,1,1,1,57,6,1160,XXXXXXXXX,2022-12-30,1|1|1|1|1|XXXXXXXXX|
PE,202301,10961556,39545,400097293,1269,26,1659,1,INDIVIDUAL,INDIVIDUAL,1,361200,FIJO,361200,0,0,1,1,1,1,1,57,6,1160,XXXXXXXXX,2022-12-27,1|1|1|1|1|XXXXXXXXX|
PE,202302,10961556,120394,210099849,3283,45,1061,3,SET VARIABLE,SET,2,368046,VARIABLE,368046,1,32.41,0,1,1,1,1,201,1,2831,P0194067000,2023-01-20,3|2|1|0|1|P0194067000|
PE,202303,43985620,38453,200102433,1220,24,315,2,SET FIJO,SET,1,370011,FIJO,370011,20,17.92,0,0,1,1,1,419,1,1173,200059276,2023-01-31,2|1|1|0|0|200059276|
PE,202303,43985620,38443,200095170,1220,24,315,2,SET FIJO,SET,1,370011,FIJO,370011,20,5.76,0,0,1,1,1,419,1,1173,200058353,2023-01-31,2|1|1|0|0|200058353|
PE,202305,50020096,35741,200110157,1899,24,999,1,INDIVIDUAL,INDIVIDUAL,1,379847,FIJO,379847,6,72.9,0,1,1,1,1,424,1,1441,200110157,2023-03-17,1|1|1|0|1|200110157|
PE,202304,10961556,38590,200105005,1189,24,175,999,VOLUMEN,VOLUMEN,1,374923,FIJO,374923,11,22.49,0,1,1,1,2,424,1,1089,200044012,2023-03-03,999|1|2|0|1|200044012|
PE,202311,35545956,103168,200108671,3364,45,206,3,SET VARIABLE,SET,2,413074,VARIABLE,413074,1,30,0,0,0,1,1,201,1,2832,200009812,2023-07-17,3|2|1|0|0|200009812|
PE,202309,35545956,37852,200102104,1152,24,488,3,SET VARIABLE,SET,1,401597,FIJO,401597,41,10,0,0,1,1,1,429,1,1095,P0132053000,2023-05-29,3|1|1|0|0|P0132053000|
PE,202306,45871533,38916,210102014,1569,24,1595,1,INDIVIDUAL,INDIVIDUAL,1,385144,FIJO,385144,48,66.9,0,1,1,1,1,115,1,1150,XXXXXXXXX,2023-04-10,1|1|1|0|1|XXXXXXXXX|
PE,202305,50020096,16387,200090337,1208,4,404,999,VOLUMEN,VOLUMEN,2,378889,VARIABLE,378889,122,24.9,0,1,1,1,1,321,1,772,200084783,2023-03-17,999|2|1|0|1|200084783|
PE,202314,35545956,37778,200113631,1686,26,757,1,INDIVIDUAL,INDIVIDUAL,1,423667,FIJO,423667,0,0,1,1,1,1,1,77,4,1413,200113631,2023-09-04,1|1|1|1|1|200113631|
PE,202305,45871533,39578,200086106,1955,24,1317,991,INDIVIDUAL + ADICIONAL,INDIVIDUAL,1,379930,FIJO,379930,22,0,1,0,1,1,1,409,1,1497,200067092,2023-03-20,991|1|1|1|0|200067092|
PE,202305,43985620,1687,200084778,1457,10,512,1,INDIVIDUAL,INDIVIDUAL,1,379234,FIJO,379234,73,15.9,0,1,1,1,1,300,1,1008,200056330,2023-03-14,1|1|1|0|1|200056330|
PE,202302,10961556,4379,200105158,432,9,1116,1,INDIVIDUAL,INDIVIDUAL,2,365076,VARIABLE,365076,6,31,0,1,1,1,1,300,1,412,P0261052003,2023-01-20,1|2|1|0|1|P0261052003|
PE,202301,50180387,38750,200113734,326,4,1686,991,INDIVIDUAL + ADICIONAL,INDIVIDUAL,1,360169,FIJO,360169,201,54.9,0,1,1,1,1,91,6,307,XXXXXXXXX,2023-01-06,991|1|1|0|1|XXXXXXXXX|
PE,202303,43985620,38189,200095162,1207,24,299,2,SET FIJO,SET,1,369995,FIJO,369995,8,5.36,0,0,1,1,1,419,1,1160,200046326,2023-01-31,2|1|1|0|0|200046326|
PE,202303,50020096,39655,400096762,394,4,1804,991,INDIVIDUAL + ADICIONAL,INDIVIDUAL,1,369077,FIJO,369077,253,0,1,0,1,1,1,57,6,354,XXXXXXXXX,2023-01-31,991|1|1|1|0|XXXXXXXXX|
PE,202302,49946996,38771,400097298,282,4,1090,991,INDIVIDUAL + ADICIONAL,INDIVIDUAL,1,364924,FIJO,364924,106,0,1,0,1,1,1,65,1,269,XXXXXXXXX,2023-01-24,991|1|1|1|0|XXXXXXXXX|
PE,202302,10961556,38771,400097298,282,4,1090,991,INDIVIDUAL + ADICIONAL,INDIVIDUAL,1,364924,FIJO,364924,106,0,1,0,1,1,1,65,1,269,XXXXXXXXX,2023-01-20,991|1|1|1|0|XXXXXXXXX|
PE,202302,49389205,38771,400097298,282,4,1090,991,INDIVIDUAL + ADICIONAL,INDIVIDUAL,1,364924,FIJO,364924,106,0,1,0,1,1,1,65,1,269,XXXXXXXXX,2023-01-20,991|1|1|1|0|XXXXXXXXX|
PE,202307,35545956,36286,200098519,1499,24,121,999,VOLUMEN,VOLUMEN,2,391341,VARIABLE,391341,14,32.49,0,1,1,1,8,425,1,1390,200098519,2023-04-19,999|2|8|0|1|200098519|
PE,202303,50073300,39634,200113745,396,4,1806,991,INDIVIDUAL + ADICIONAL,INDIVIDUAL,1,369081,FIJO,369081,212,0,1,1,1,1,1,92,6,356,XXXXXXXXX,2023-02-13,991|1|1|1|1|XXXXXXXXX|
PE,202310,35545956,39378,200108408,1297,26,140,1,INDIVIDUAL,INDIVIDUAL,1,406714,FIJO,406714,0,0,1,1,1,1,1,89,6,1173,200011773,2023-06-19,1|1|1|1|1|200011773|
PE,202303,35545956,40355,400095704,1360,26,1790,1,INDIVIDUAL,INDIVIDUAL,1,370192,FIJO,370192,0,0,1,1,1,1,1,57,6,1237,XXXXXXXXX,2023-01-24,1|1|1|1|1|XXXXXXXXX|
PE,202303,49389205,40355,400095704,1360,26,1790,1,INDIVIDUAL,INDIVIDUAL,1,370192,FIJO,370192,0,0,1,1,1,1,1,57,6,1237,XXXXXXXXX,2023-02-10,1|1|1|1|1|XXXXXXXXX|
PE,202303,10961556,40355,400095704,1360,26,1790,1,INDIVIDUAL,INDIVIDUAL,1,370192,FIJO,370192,0,0,1,1,1,1,1,57,6,1237,XXXXXXXXX,2023-02-10,1|1|1|1|1|XXXXXXXXX|
PE,202303,50020096,40355,400095704,1360,26,1790,1,INDIVIDUAL,INDIVIDUAL,1,370192,FIJO,370192,0,0,1,1,1,1,1,57,6,1237,XXXXXXXXX,2023-01-31,1|1|1|1|1|XXXXXXXXX|
PE,202303,43985620,40355,400095704,1360,26,1790,1,INDIVIDUAL,INDIVIDUAL,1,370192,FIJO,370192,0,0,1,1,1,1,1,57,6,1237,XXXXXXXXX,2023-01-31,1|1|1|1|1|XXXXXXXXX|
PE,202303,20541199,40355,400095704,1360,26,1790,1,INDIVIDUAL,INDIVIDUAL,1,370192,FIJO,370192,0,0,1,1,1,1,1,57,6,1237,XXXXXXXXX,2023-02-13,1|1|1|1|1|XXXXXXXXX|
PE,202303,49946996,40355,400095704,1360,26,1790,1,INDIVIDUAL,INDIVIDUAL,1,370192,FIJO,370192,0,0,1,1,1,1,1,57,6,1237,XXXXXXXXX,2023-02-09,1|1|1|1|1|XXXXXXXXX|
PE,202303,50180387,40355,400095704,1360,26,1790,1,INDIVIDUAL,INDIVIDUAL,1,370192,FIJO,370192,0,0,1,1,1,1,1,57,6,1237,XXXXXXXXX,2023-02-10,1|1|1|1|1|XXXXXXXXX|
PE,202303,50073300,40355,400095704,1360,26,1790,1,INDIVIDUAL,INDIVIDUAL,1,370192,FIJO,370192,0,0,1,1,1,1,1,57,6,1237,XXXXXXXXX,2023-02-13,1|1|1|1|1|XXXXXXXXX|
PE,202304,50020096,39651,200113747,355,4,1762,991,INDIVIDUAL + ADICIONAL,INDIVIDUAL,1,373997,FIJO,373997,214,0,1,1,1,1,1,92,6,317,XXXXXXXXX,2023-02-21,991|1|1|1|1|XXXXXXXXX|
PE,202305,50073300,4143,200084840,1868,13,429,1,INDIVIDUAL,INDIVIDUAL,2,379805,VARIABLE,379805,139,25.9,0,1,1,1,1,331,1,1416,200060588,2023-03-31,1|2|1|0|1|200060588|
PE,202313,35545956,38358,200106359,1256,26,576,1,INDIVIDUAL,INDIVIDUAL,1,419338,FIJO,419338,0,0,1,1,1,1,1,77,4,1153,200106359,2023-08-21,1|1|1|1|1|200106359|
PE,202301,43985620,39621,210099293,1301,26,1237,1,INDIVIDUAL,INDIVIDUAL,1,361240,FIJO,361240,0,0,1,1,1,1,1,77,4,1192,210099293,2022-12-20,1|1|1|1|1|210099293|
PE,202303,10961556,40587,200101350,1398,26,402,1,INDIVIDUAL,INDIVIDUAL,1,370243,FIJO,370243,0,0,1,1,1,1,1,77,4,1275,200082356,2023-02-10,1|1|1|1|1|200082356|
PE,202303,50073300,40587,200101350,1398,26,402,1,INDIVIDUAL,INDIVIDUAL,1,370243,FIJO,370243,0,0,1,1,1,1,1,77,4,1275,200082356,2023-02-13,1|1|1|1|1|200082356|
PE,202309,50379884,38555,400096764,330,4,1530,991,INDIVIDUAL + ADICIONAL,INDIVIDUAL,1,400747,FIJO,400747,255,0,1,0,1,1,1,57,6,290,XXXXXXXXX,2023-06-20,991|1|1|1|0|XXXXXXXXX|
PE,202305,50180387,41981,400095688,2064,26,1826,1,INDIVIDUAL,INDIVIDUAL,1,380100,FIJO,380100,,0,1,1,1,1,1,57,6,1537,XXXXXXXXX,2023-03-21,1|1|1|1|1|XXXXXXXXX|
PE,202305,49389205,41981,400095688,2064,26,1826,1,INDIVIDUAL,INDIVIDUAL,1,380100,FIJO,380100,,0,1,1,1,1,1,57,6,1537,XXXXXXXXX,2023-03-29,1|1|1|1|1|XXXXXXXXX|
PE,202305,43985620,41981,400095688,2064,26,1826,1,INDIVIDUAL,INDIVIDUAL,1,380100,FIJO,380100,,0,1,1,1,1,1,57,6,1537,XXXXXXXXX,2023-03-14,1|1|1|1|1|XXXXXXXXX|
PE,202305,50379884,41981,400095688,2064,26,1826,1,INDIVIDUAL,INDIVIDUAL,1,380100,FIJO,380100,,0,1,1,1,1,1,57,6,1537,XXXXXXXXX,2023-03-27,1|1|1|1|1|XXXXXXXXX|
PE,202305,50020096,41981,400095688,2064,26,1826,1,INDIVIDUAL,INDIVIDUAL,1,380100,FIJO,380100,,0,1,1,1,1,1,57,6,1537,XXXXXXXXX,2023-03-17,1|1|1|1|1|XXXXXXXXX|
PE,202305,49946996,41981,400095688,2064,26,1826,1,INDIVIDUAL,INDIVIDUAL,1,380100,FIJO,380100,,0,1,1,1,1,1,57,6,1537,XXXXXXXXX,2023-03-21,1|1|1|1|1|XXXXXXXXX|
PE,202305,45871533,41981,400095688,2064,26,1826,1,INDIVIDUAL,INDIVIDUAL,1,380100,FIJO,380100,,0,1,1,1,1,1,57,6,1537,XXXXXXXXX,2023-03-20,1|1|1|1|1|XXXXXXXXX|
PE,202305,50073300,41981,400095688,2064,26,1826,1,INDIVIDUAL,INDIVIDUAL,1,380100,FIJO,380100,,0,1,1,1,1,1,57,6,1537,XXXXXXXXX,2023-03-31,1|1|1|1|1|XXXXXXXXX|
PE,202305,35545956,41981,400095688,2064,26,1826,1,INDIVIDUAL,INDIVIDUAL,1,380100,FIJO,380100,,0,1,1,1,1,1,57,6,1537,XXXXXXXXX,2023-03-08,1|1|1|1|1|XXXXXXXXX|
PE,202305,10961556,41981,400095688,2064,26,1826,1,INDIVIDUAL,INDIVIDUAL,1,380100,FIJO,380100,,0,1,1,1,1,1,57,6,1537,XXXXXXXXX,2023-03-29,1|1|1|1|1|XXXXXXXXX|
PE,202308,50020096,75329,400097908,1600,26,1785,1,INDIVIDUAL,INDIVIDUAL,1,396687,FIJO,396687,0,0,1,1,1,1,1,57,6,1462,XXXXXXXXX,2023-05-24,1|1|1|1|1|XXXXXXXXX|
PE,202308,35545956,75329,400097908,1600,26,1785,1,INDIVIDUAL,INDIVIDUAL,1,396687,FIJO,396687,0,0,1,1,1,1,1,57,6,1462,XXXXXXXXX,2023-05-08,1|1|1|1|1|XXXXXXXXX|
PE,202308,50379884,75329,400097908,1600,26,1785,1,INDIVIDUAL,INDIVIDUAL,1,396687,FIJO,396687,0,0,1,1,1,1,1,57,6,1462,XXXXXXXXX,2023-06-01,1|1|1|1|1|XXXXXXXXX|
PE,202308,45871533,75329,400097908,1600,26,1785,1,INDIVIDUAL,INDIVIDUAL,1,396687,FIJO,396687,0,0,1,1,1,1,1,57,6,1462,XXXXXXXXX,2023-05-22,1|1|1|1|1|XXXXXXXXX|
PE,202304,50073300,40829,210105070,1239,26,1708,1,INDIVIDUAL,INDIVIDUAL,1,374997,FIJO,374997,0,0,1,1,1,1,1,57,6,1120,XXXXXXXXX,2023-03-11,1|1|1|1|1|XXXXXXXXX|
PE,202304,49389205,40829,210105070,1239,26,1708,1,INDIVIDUAL,INDIVIDUAL,1,374997,FIJO,374997,0,0,1,1,1,1,1,57,6,1120,XXXXXXXXX,2023-03-06,1|1|1|1|1|XXXXXXXXX|
PE,202304,10961556,40829,210105070,1239,26,1708,1,INDIVIDUAL,INDIVIDUAL,1,374997,FIJO,374997,0,0,1,1,1,1,1,57,6,1120,XXXXXXXXX,2023-03-03,1|1|1|1|1|XXXXXXXXX|
PE,202304,50180387,40829,210105070,1239,26,1708,1,INDIVIDUAL,INDIVIDUAL,1,374997,FIJO,374997,0,0,1,1,1,1,1,57,6,1120,XXXXXXXXX,2023-02-28,1|1|1|1|1|XXXXXXXXX|
PE,202304,50020096,40829,210105070,1239,26,1708,1,INDIVIDUAL,INDIVIDUAL,1,374997,FIJO,374997,0,0,1,1,1,1,1,57,6,1120,XXXXXXXXX,2023-02-21,1|1|1|1|1|XXXXXXXXX|
PE,202304,43985620,40829,210105070,1239,26,1708,1,INDIVIDUAL,INDIVIDUAL,1,374997,FIJO,374997,0,0,1,1,1,1,1,57,6,1120,XXXXXXXXX,2023-02-21,1|1|1|1|1|XXXXXXXXX|
PE,202304,35545956,40829,210105070,1239,26,1708,1,INDIVIDUAL,INDIVIDUAL,1,374997,FIJO,374997,0,0,1,1,1,1,1,57,6,1120,XXXXXXXXX,2023-02-13,1|1|1|1|1|XXXXXXXXX|
PE,202304,49946996,40829,210105070,1239,26,1708,1,INDIVIDUAL,INDIVIDUAL,1,374997,FIJO,374997,0,0,1,1,1,1,1,57,6,1120,XXXXXXXXX,2023-02-28,1|1|1|1|1|XXXXXXXXX|
PE,202305,50073300,35605,200095374,1965,24,462,999,VOLUMEN,VOLUMEN,2,379953,VARIABLE,379953,15,7.38,0,1,1,1,5,422,1,1500,200043493,2023-03-31,999|2|5|0|1|200043493|
PE,202303,50073300,39647,400096763,396,4,1806,991,INDIVIDUAL + ADICIONAL,INDIVIDUAL,1,369081,FIJO,369081,254,0,1,0,1,1,1,57,6,356,XXXXXXXXX,2023-02-13,991|1|1|1|0|XXXXXXXXX|
PE,202302,10961556,38495,210083802,1530,35,1192,1,INDIVIDUAL,INDIVIDUAL,1,366263,FIJO,366263,100,12.9,0,1,1,1,1,45,2,1433,XXXXXXXXX,2023-01-20,1|1|1|0|1|XXXXXXXXX|
PE,202302,50073300,101811,200105180,4003,45,243,999,VOLUMEN,VOLUMEN,1,368841,FIJO,368841,1,8.95,0,1,1,1,2,203,1,3533,200060612,2023-01-20,999|1|2|0|1|200060612|
PE,202303,43985620,40414,200086399,253,1,272,2,SET FIJO,SET,1,368889,FIJO,368889,14,15,0,1,1,1,1,425,1,218,200050979,2023-01-31,2|1|1|0|1|200050979|
PE,202305,43985620,102928,200111279,3966,45,1012,2,SET FIJO,SET,1,382464,FIJO,382464,1,65.49,0,1,1,1,1,411,1,3079,200111279,2023-03-14,2|1|1|0|1|200111279|
PE,202303,50020096,39614,200106346,377,4,185,991,INDIVIDUAL + ADICIONAL,INDIVIDUAL,1,369048,FIJO,369048,228,25.5,0,1,1,1,1,50,1,337,200010080,2023-01-31,991|1|1|0|1|200010080|
PE,202305,50020096,4449,200095158,1749,13,507,1,INDIVIDUAL,INDIVIDUAL,1,379639,FIJO,379639,135,11.9,0,1,1,1,1,322,1,1297,200056121,2023-03-17,1|1|1|0|1|200056121|
PE,202305,50020096,40262,200106346,1208,4,404,999,VOLUMEN,VOLUMEN,2,378889,VARIABLE,378889,228,25.5,0,1,1,1,1,50,1,772,200010080,2023-03-17,999|2|1|0|1|200010080|
PE,202304,50020096,40217,400096763,353,4,1760,991,INDIVIDUAL + ADICIONAL,INDIVIDUAL,1,373994,FIJO,373994,254,0,1,0,1,1,1,57,6,315,XXXXXXXXX,2023-02-21,991|1|1|1|0|XXXXXXXXX|
PE,202307,50020096,35847,200095464,1420,24,172,999,VOLUMEN,VOLUMEN,2,391247,VARIABLE,391247,30,7.63,0,1,1,1,3,422,1,1372,200092172,2023-04-26,999|2|3|0|1|200092172|
PE,202305,43985620,11214,200103721,1849,13,1679,1,INDIVIDUAL,INDIVIDUAL,2,379775,VARIABLE,379775,50,34.9,0,1,1,1,1,300,1,1397,P0292139009,2023-03-14,1|2|1|0|1|P0292139009|
PE,202305,50180387,42108,200073557,1822,13,494,1,INDIVIDUAL,INDIVIDUAL,1,379728,FIJO,379728,63,34.9,0,1,1,1,1,300,1,1370,200051086,2023-03-21,1|1|1|0|1|200051086|
PE,202307,45871533,36127,210103464,1302,24,1728,1,INDIVIDUAL,INDIVIDUAL,1,391102,FIJO,391102,45,54.9,0,1,1,1,1,401,1,1261,XXXXXXXXX,2023-05-04,1|1|1|0|1|XXXXXXXXX|
PE,202307,45871533,35154,210096581,1054,13,1151,1,INDIVIDUAL,INDIVIDUAL,1,390850,FIJO,390850,107,49.9,0,1,1,1,1,300,1,1016,XXXXXXXXX,2023-05-04,1|1|1|0|1|XXXXXXXXX|
PE,202304,10961556,129612,210097030,3334,45,197,2,SET FIJO,SET,1,377110,FIJO,377110,1,8.9,0,0,1,1,1,201,1,2843,210097030,2023-03-03,2|1|1|0|0|210097030|
PE,202306,50180387,5632,210098521,1130,10,1720,1,INDIVIDUAL,INDIVIDUAL,2,384661,VARIABLE,384661,30,19.9,0,1,1,1,1,300,1,723,P0197106006,2023-04-11,1|2|1|0|1|P0197106006|
PE,202303,35545956,40381,400097517,1386,26,1772,1,INDIVIDUAL,INDIVIDUAL,1,370228,FIJO,370228,0,0,1,1,1,1,1,57,6,1263,XXXXXXXXX,2023-01-24,1|1|1|1|1|XXXXXXXXX|
PE,202303,45871533,40381,400097517,1386,26,1772,1,INDIVIDUAL,INDIVIDUAL,1,370228,FIJO,370228,0,0,1,1,1,1,1,57,6,1263,XXXXXXXXX,2023-02-09,1|1|1|1|1|XXXXXXXXX|
PE,202303,50073300,40381,400097517,1386,26,1772,1,INDIVIDUAL,INDIVIDUAL,1,370228,FIJO,370228,0,0,1,1,1,1,1,57,6,1263,XXXXXXXXX,2023-02-13,1|1|1|1|1|XXXXXXXXX|
PE,202303,50180387,40381,400097517,1386,26,1772,1,INDIVIDUAL,INDIVIDUAL,1,370228,FIJO,370228,0,0,1,1,1,1,1,57,6,1263,XXXXXXXXX,2023-02-10,1|1|1|1|1|XXXXXXXXX|
PE,202303,43985620,40381,400097517,1386,26,1772,1,INDIVIDUAL,INDIVIDUAL,1,370228,FIJO,370228,0,0,1,1,1,1,1,57,6,1263,XXXXXXXXX,2023-01-31,1|1|1|1|1|XXXXXXXXX|
PE,202303,49946996,40381,400097517,1386,26,1772,1,INDIVIDUAL,INDIVIDUAL,1,370228,FIJO,370228,0,0,1,1,1,1,1,57,6,1263,XXXXXXXXX,2023-02-09,1|1|1|1|1|XXXXXXXXX|
PE,202303,10961556,40381,400097517,1386,26,1772,1,INDIVIDUAL,INDIVIDUAL,1,370228,FIJO,370228,0,0,1,1,1,1,1,57,6,1263,XXXXXXXXX,2023-02-10,1|1|1|1|1|XXXXXXXXX|
PE,202303,20541199,40381,400097517,1386,26,1772,1,INDIVIDUAL,INDIVIDUAL,1,370228,FIJO,370228,0,0,1,1,1,1,1,57,6,1263,XXXXXXXXX,2023-02-13,1|1|1|1|1|XXXXXXXXX|
PE,202303,49389205,40381,400097517,1386,26,1772,1,INDIVIDUAL,INDIVIDUAL,1,370228,FIJO,370228,0,0,1,1,1,1,1,57,6,1263,XXXXXXXXX,2023-02-10,1|1|1|1|1|XXXXXXXXX|
PE,202307,50020096,102077,200109875,4836,45,148,999,VOLUMEN,VOLUMEN,1,394775,FIJO,394775,1,49.9,0,1,1,1,1,423,1,4173,200109875,2023-04-26,999|1|1|0|1|200109875|
PE,202310,35545956,39375,200111164,1294,26,803,1,INDIVIDUAL,INDIVIDUAL,1,406711,FIJO,406711,0,0,1,1,1,1,1,77,4,1170,200111164,2023-06-19,1|1|1|1|1|200111164|
PE,202311,35545956,103161,200102430,3364,45,206,3,SET VARIABLE,SET,2,413075,VARIABLE,413075,1,34.9,0,1,1,1,1,201,1,2832,200058349,2023-07-17,3|2|1|0|1|200058349|
PE,202301,50020096,154321,210097034,3946,45,1376,993,993,OTRO,2,364010,VARIABLE,364010,1,16.75,0,1,1,2,1,203,1,3485,P0132056004,2022-12-17,993|2|1|0|1|P0132056004|
PE,202303,49389205,199773,200093188,4032,45,265,993,993,OTRO,2,373071,VARIABLE,373071,1,17.45,0,1,1,4,1,422,1,3540,200060357,2023-02-10,993|2|1|0|1|200060357|
PE,202303,49389205,102331,200109874,4054,45,252,999,VOLUMEN,VOLUMEN,1,373094,FIJO,373094,1,34.9,0,1,1,1,1,423,1,3562,200109874,2023-02-10,999|1|1|0|1|200109874|
PE,202305,49389205,41980,400097658,2063,26,1808,1,INDIVIDUAL,INDIVIDUAL,1,380098,FIJO,380098,0,0,1,1,1,1,1,57,6,1536,XXXXXXXXX,2023-03-29,1|1|1|1|1|XXXXXXXXX|
PE,202305,49946996,41980,400097658,2063,26,1808,1,INDIVIDUAL,INDIVIDUAL,1,380098,FIJO,380098,0,0,1,1,1,1,1,57,6,1536,XXXXXXXXX,2023-03-21,1|1|1|1|1|XXXXXXXXX|
PE,202305,45871533,41980,400097658,2063,26,1808,1,INDIVIDUAL,INDIVIDUAL,1,380098,FIJO,380098,0,0,1,1,1,1,1,57,6,1536,XXXXXXXXX,2023-03-20,1|1|1|1|1|XXXXXXXXX|
PE,202305,35545956,41980,400097658,2063,26,1808,1,INDIVIDUAL,INDIVIDUAL,1,380098,FIJO,380098,0,0,1,1,1,1,1,57,6,1536,XXXXXXXXX,2023-03-08,1|1|1|1|1|XXXXXXXXX|
PE,202305,50180387,41980,400097658,2063,26,1808,1,INDIVIDUAL,INDIVIDUAL,1,380098,FIJO,380098,0,0,1,1,1,1,1,57,6,1536,XXXXXXXXX,2023-03-21,1|1|1|1|1|XXXXXXXXX|
PE,202305,50379884,41980,400097658,2063,26,1808,1,INDIVIDUAL,INDIVIDUAL,1,380098,FIJO,380098,0,0,1,1,1,1,1,57,6,1536,XXXXXXXXX,2023-03-27,1|1|1|1|1|XXXXXXXXX|
PE,202305,50020096,41980,400097658,2063,26,1808,1,INDIVIDUAL,INDIVIDUAL,1,380098,FIJO,380098,0,0,1,1,1,1,1,57,6,1536,XXXXXXXXX,2023-03-17,1|1|1|1|1|XXXXXXXXX|
PE,202305,10961556,41980,400097658,2063,26,1808,1,INDIVIDUAL,INDIVIDUAL,1,380098,FIJO,380098,0,0,1,1,1,1,1,57,6,1536,XXXXXXXXX,2023-03-29,1|1|1|1|1|XXXXXXXXX|
PE,202305,43985620,41980,400097658,2063,26,1808,1,INDIVIDUAL,INDIVIDUAL,1,380098,FIJO,380098,0,0,1,1,1,1,1,57,6,1536,XXXXXXXXX,2023-03-14,1|1|1|1|1|XXXXXXXXX|
PE,202305,50073300,41980,400097658,2063,26,1808,1,INDIVIDUAL,INDIVIDUAL,1,380098,FIJO,380098,0,0,1,1,1,1,1,57,6,1536,XXXXXXXXX,2023-03-31,1|1|1|1|1|XXXXXXXXX|
PE,202312,35545956,164310,200108807,3660,45,217,993,993,OTRO,2,417532,VARIABLE,417532,1,5.1,0,1,1,7,1,421,1,3110,200043487,2023-07-31,993|2|1|0|1|200043487|
PE,202303,50073300,37710,210101545,811,13,1670,1,INDIVIDUAL,INDIVIDUAL,1,369551,FIJO,369551,25,2.5,0,1,1,1,1,42,1,767,XXXXXXXXX,2023-02-13,1|1|1|0|1|XXXXXXXXX|
PE,202306,49946996,37645,200112636,1503,13,1748,3,SET VARIABLE,SET,2,385071,VARIABLE,385071,69,18.48,0,0,0,1,1,310,1,1091,P0210052000,2023-04-13,3|2|1|0|0|P0210052000|
PE,202314,35545956,37793,220046318,1698,26,1687,1,INDIVIDUAL,INDIVIDUAL,1,423680,FIJO,423680,0,0,1,1,1,1,1,89,6,1425,XXXXXXXXX,2023-09-04,1|1|1|1|1|XXXXXXXXX|
PE,202304,43985620,3978,200094869,1015,13,1472,1,INDIVIDUAL,INDIVIDUAL,2,374710,VARIABLE,374710,40,15.9,0,1,1,1,1,300,1,960,P0210111001,2023-02-21,1|2|1|0|1|P0210111001|
PE,202305,50073300,121824,200072913,4172,45,559,3,SET VARIABLE,SET,2,382743,VARIABLE,382743,1,13.05,0,1,1,1,1,201,1,3285,200072913,2023-03-31,3|2|1|0|1|200072913|
PE,202304,10961556,41638,200109790,1336,26,663,1,INDIVIDUAL,INDIVIDUAL,1,375105,FIJO,375105,0,0,1,1,1,1,1,57,6,1217,200109790,2023-03-03,1|1|1|1|1|200109790|
PE,202304,10961556,41142,400097556,1259,26,1709,1,INDIVIDUAL,INDIVIDUAL,1,375022,FIJO,375022,0,0,1,1,1,1,1,57,6,1140,XXXXXXXXX,2023-03-03,1|1|1|1|1|XXXXXXXXX|
PE,202304,50379884,41142,400097556,1259,26,1709,1,INDIVIDUAL,INDIVIDUAL,1,375022,FIJO,375022,0,0,1,1,1,1,1,57,6,1140,XXXXXXXXX,2023-03-09,1|1|1|1|1|XXXXXXXXX|
PE,202304,49389205,41142,400097556,1259,26,1709,1,INDIVIDUAL,INDIVIDUAL,1,375022,FIJO,375022,0,0,1,1,1,1,1,57,6,1140,XXXXXXXXX,2023-03-06,1|1|1|1|1|XXXXXXXXX|
PE,202304,43985620,41142,400097556,1259,26,1709,1,INDIVIDUAL,INDIVIDUAL,1,375022,FIJO,375022,0,0,1,1,1,1,1,57,6,1140,XXXXXXXXX,2023-02-21,1|1|1|1|1|XXXXXXXXX|
PE,202304,50020096,41142,400097556,1259,26,1709,1,INDIVIDUAL,INDIVIDUAL,1,375022,FIJO,375022,0,0,1,1,1,1,1,57,6,1140,XXXXXXXXX,2023-02-21,1|1|1|1|1|XXXXXXXXX|
PE,202304,50073300,41142,400097556,1259,26,1709,1,INDIVIDUAL,INDIVIDUAL,1,375022,FIJO,375022,0,0,1,1,1,1,1,57,6,1140,XXXXXXXXX,2023-03-11,1|1|1|1|1|XXXXXXXXX|
PE,202304,49946996,41142,400097556,1259,26,1709,1,INDIVIDUAL,INDIVIDUAL,1,375022,FIJO,375022,0,0,1,1,1,1,1,57,6,1140,XXXXXXXXX,2023-02-28,1|1|1|1|1|XXXXXXXXX|
PE,202304,50180387,41142,400097556,1259,26,1709,1,INDIVIDUAL,INDIVIDUAL,1,375022,FIJO,375022,0,0,1,1,1,1,1,57,6,1140,XXXXXXXXX,2023-02-28,1|1|1|1|1|XXXXXXXXX|
PE,202304,45871533,41142,400097556,1259,26,1709,1,INDIVIDUAL,INDIVIDUAL,1,375022,FIJO,375022,0,0,1,1,1,1,1,57,6,1140,XXXXXXXXX,2023-02-28,1|1|1|1|1|XXXXXXXXX|
PE,202304,35545956,41142,400097556,1259,26,1709,1,INDIVIDUAL,INDIVIDUAL,1,375022,FIJO,375022,0,0,1,1,1,1,1,57,6,1140,XXXXXXXXX,2023-02-13,1|1|1|1|1|XXXXXXXXX|
PE,202305,45871533,39578,200086106,1952,24,1188,991,INDIVIDUAL + ADICIONAL,INDIVIDUAL,1,379927,FIJO,379927,22,0,1,0,1,1,1,409,1,1494,200067092,2023-03-20,991|1|1|1|0|200067092|
PE,202302,10961556,37551,200086106,1109,24,295,2,SET FIJO,SET,1,365799,FIJO,365799,18,10,0,0,1,1,1,425,1,1074,200067092,2023-01-20,2|1|1|0|0|200067092|
PE,202310,35545956,9441,200102111,727,10,1327,1,INDIVIDUAL,INDIVIDUAL,2,406049,VARIABLE,406049,18,14.9,0,1,1,1,1,303,1,695,P0132053000,2023-06-19,1|2|1|0|1|P0132053000|
PE,202304,50180387,40223,400096762,351,4,1758,991,INDIVIDUAL + ADICIONAL,INDIVIDUAL,1,373990,FIJO,373990,253,0,1,0,1,1,1,57,6,313,XXXXXXXXX,2023-02-28,991|1|1|1|0|XXXXXXXXX|
PE,202305,50073300,35593,200095159,1965,24,462,999,VOLUMEN,VOLUMEN,2,379953,VARIABLE,379953,15,7.38,0,1,1,1,5,422,1,1500,200060302,2023-03-31,999|2|5|0|1|200060302|
PE,202305,43985620,9441,200102111,1520,10,1556,1,INDIVIDUAL,INDIVIDUAL,2,379306,VARIABLE,379306,14,18.9,0,1,1,1,1,300,1,1071,P0132053000,2023-03-14,1|2|1|0|1|P0132053000|
PE,202301,50073300,39757,200101406,1302,26,509,1,INDIVIDUAL,INDIVIDUAL,1,361241,FIJO,361241,0,0,1,1,1,1,1,89,6,1193,200101406,2022-12-28,1|1|1|1|1|200101406|
PE,202305,50180387,122616,200103354,4027,45,1666,2,SET FIJO,SET,1,382525,FIJO,382525,1,9,0,1,1,1,1,201,1,3140,P0292082007,2023-03-21,2|1|1|0|1|P0292082007|
PE,202302,50073300,35622,200094901,458,9,195,2,SET FIJO,SET,1,365103,FIJO,365103,19,24,0,0,1,1,1,319,1,438,200094901,2023-01-20,2|1|1|0|0|200094901|
PE,202307,50379884,35278,210103622,1268,13,1498,5,PROMOCIÓN INDIVIDUAL,PROMOCIÓN,2,391067,VARIABLE,391067,111,39.9,0,1,1,1,1,331,1,1230,XXXXXXXXX,2023-05-13,5|2|1|0|1|XXXXXXXXX|
PE,202305,50180387,41981,400095688,1208,4,404,999,VOLUMEN,VOLUMEN,2,378889,VARIABLE,378889,0,0,1,1,1,1,1,57,6,772,XXXXXXXXX,2023-03-21,999|2|1|1|1|XXXXXXXXX|
PE,202305,49389205,41981,400095688,1208,4,404,999,VOLUMEN,VOLUMEN,2,378889,VARIABLE,378889,0,0,1,1,1,1,1,57,6,772,XXXXXXXXX,2023-03-29,999|2|1|1|1|XXXXXXXXX|
PE,202305,43985620,41981,400095688,1208,4,404,999,VOLUMEN,VOLUMEN,2,378889,VARIABLE,378889,0,0,1,1,1,1,1,57,6,772,XXXXXXXXX,2023-03-14,999|2|1|1|1|XXXXXXXXX|
PE,202305,50379884,41981,400095688,1208,4,404,999,VOLUMEN,VOLUMEN,2,378889,VARIABLE,378889,0,0,1,1,1,1,1,57,6,772,XXXXXXXXX,2023-03-27,999|2|1|1|1|XXXXXXXXX|
PE,202305,50020096,41981,400095688,1208,4,404,999,VOLUMEN,VOLUMEN,2,378889,VARIABLE,378889,0,0,1,1,1,1,1,57,6,772,XXXXXXXXX,2023-03-17,999|2|1|1|1|XXXXXXXXX|
PE,202305,49946996,41981,400095688,1208,4,404,999,VOLUMEN,VOLUMEN,2,378889,VARIABLE,378889,0,0,1,1,1,1,1,57,6,772,XXXXXXXXX,2023-03-21,999|2|1|1|1|XXXXXXXXX|
PE,202305,45871533,41981,400095688,1208,4,404,999,VOLUMEN,VOLUMEN,2,378889,VARIABLE,378889,0,0,1,1,1,1,1,57,6,772,XXXXXXXXX,2023-03-20,999|2|1|1|1|XXXXXXXXX|
PE,202305,50073300,41981,400095688,1208,4,404,999,VOLUMEN,VOLUMEN,2,378889,VARIABLE,378889,0,0,1,1,1,1,1,57,6,772,XXXXXXXXX,2023-03-31,999|2|1|1|1|XXXXXXXXX|
PE,202305,35545956,41981,400095688,1208,4,404,999,VOLUMEN,VOLUMEN,2,378889,VARIABLE,378889,0,0,1,1,1,1,1,57,6,772,XXXXXXXXX,2023-03-08,999|2|1|1|1|XXXXXXXXX|
PE,202305,10961556,41981,400095688,1208,4,404,999,VOLUMEN,VOLUMEN,2,378889,VARIABLE,378889,0,0,1,1,1,1,1,57,6,772,XXXXXXXXX,2023-03-29,999|2|1|1|1|XXXXXXXXX|
PE,202302,20541199,11212,200103719,963,13,1177,1,INDIVIDUAL,INDIVIDUAL,2,365629,VARIABLE,365629,32,25.9,0,1,1,1,1,300,1,936,P0292139009,2023-01-26,1|2|1|0|1|P0292139009|
PE,202305,50020096,121531,200083997,4157,45,430,1,INDIVIDUAL,INDIVIDUAL,2,382723,VARIABLE,382723,1,44.9,0,1,1,1,1,422,1,3270,200041010,2023-03-17,1|2|1|0|1|200041010|
PE,202307,50379884,38106,400096762,449,4,2165,991,INDIVIDUAL + ADICIONAL,INDIVIDUAL,1,390210,FIJO,390210,253,0,1,0,1,1,1,57,6,416,XXXXXXXXX,2023-05-13,991|1|1|1|0|XXXXXXXXX|
PE,202305,43985620,15212,200089488,1871,13,483,5,PROMOCIÓN INDIVIDUAL,PROMOCIÓN,2,379811,VARIABLE,379811,128,35.9,0,1,1,1,1,331,1,1419,200050748,2023-03-14,5|2|1|0|1|200050748|
PE,202305,45871533,15212,200089488,1871,13,483,5,PROMOCIÓN INDIVIDUAL,PROMOCIÓN,2,379811,VARIABLE,379811,128,35.9,0,1,1,1,1,331,1,1419,200050748,2023-03-20,5|2|1|0|1|200050748|
PE,202303,45871533,104758,200105011,3322,45,250,2,SET FIJO,SET,1,372200,FIJO,372200,1,23.97,0,1,1,1,1,201,1,2830,200044715,2023-02-09,2|1|1|0|1|200044715|
PE,202307,50379884,38908,400097836,1573,26,2127,1,INDIVIDUAL,INDIVIDUAL,1,391415,FIJO,391415,0,0,1,1,1,1,1,57,6,1437,XXXXXXXXX,2023-05-13,1|1|1|1|1|XXXXXXXXX|
PE,202307,50020096,38908,400097836,1573,26,2127,1,INDIVIDUAL,INDIVIDUAL,1,391415,FIJO,391415,0,0,1,1,1,1,1,57,6,1437,XXXXXXXXX,2023-04-26,1|1|1|1|1|XXXXXXXXX|
PE,202307,35545956,38908,400097836,1573,26,2127,1,INDIVIDUAL,INDIVIDUAL,1,391415,FIJO,391415,0,0,1,1,1,1,1,57,6,1437,XXXXXXXXX,2023-04-19,1|1|1|1|1|XXXXXXXXX|
PE,202307,49946996,38908,400097836,1573,26,2127,1,INDIVIDUAL,INDIVIDUAL,1,391415,FIJO,391415,0,0,1,1,1,1,1,57,6,1437,XXXXXXXXX,2023-04-29,1|1|1|1|1|XXXXXXXXX|
PE,202307,50180387,38908,400097836,1573,26,2127,1,INDIVIDUAL,INDIVIDUAL,1,391415,FIJO,391415,0,0,1,1,1,1,1,57,6,1437,XXXXXXXXX,2023-05-02,1|1|1|1|1|XXXXXXXXX|
PE,202307,45871533,38908,400097836,1573,26,2127,1,INDIVIDUAL,INDIVIDUAL,1,391415,FIJO,391415,0,0,1,1,1,1,1,57,6,1437,XXXXXXXXX,2023-05-04,1|1|1|1|1|XXXXXXXXX|
PE,202305,50073300,499,200106352,1317,9,889,1,INDIVIDUAL,INDIVIDUAL,1,378998,FIJO,378998,84,95,0,1,1,1,1,300,1,871,200106352,2023-03-31,1|1|1|0|1|200106352|
PE,202301,43985620,16402,200090351,79,13,52,1,INDIVIDUAL,INDIVIDUAL,1,360712,FIJO,360712,135,42.9,0,1,1,1,1,322,1,69,200067147,2022-12-20,1|1|1|0|1|200067147|
PE,202301,50020096,16402,200090351,79,13,52,1,INDIVIDUAL,INDIVIDUAL,1,360712,FIJO,360712,135,42.9,0,1,1,1,1,322,1,69,200067147,2022-12-17,1|1|1|0|1|200067147|
PE,202304,50379884,40215,400096759,342,4,1749,991,INDIVIDUAL + ADICIONAL,INDIVIDUAL,1,373980,FIJO,373980,250,0,1,0,1,1,1,57,6,304,XXXXXXXXX,2023-03-09,991|1|1|1|0|XXXXXXXXX|
PE,202308,50379884,13166,200088567,1176,13,274,1,INDIVIDUAL,INDIVIDUAL,1,396167,FIJO,396167,120,20.9,0,1,1,1,1,300,1,1120,200062878,2023-06-01,1|1|1|0|1|200062878|
PE,202302,50073300,35621,200092792,458,9,195,2,SET FIJO,SET,1,365103,FIJO,365103,19,3,0,0,1,1,1,319,1,438,P0280084002,2023-01-20,2|1|1|0|0|P0280084002|
PE,202312,35545956,39364,200111165,1325,26,774,1,INDIVIDUAL,INDIVIDUAL,1,415045,FIJO,415045,0,0,1,1,1,1,1,77,4,1201,200111165,2023-07-31,1|1|1|1|1|200111165|
PE,202303,43985620,38266,200109537,1252,24,241,999,VOLUMEN,VOLUMEN,2,370057,VARIABLE,370057,29,8.9,0,1,1,1,1,422,1,1205,200043496,2023-01-31,999|2|1|0|1|200043496|
PE,202307,45871533,37146,200103456,3274,35,603,2,SET FIJO,SET,1,393118,FIJO,393118,143,17.9,0,1,1,1,1,45,2,3138,200103456,2023-05-04,2|1|1|0|1|200103456|
PE,202301,10961556,39804,200104257,1304,26,330,1,INDIVIDUAL,INDIVIDUAL,1,361243,FIJO,361243,0,0,1,1,1,1,1,89,6,1195,200084604,2022-12-27,1|1|1|1|1|200084604|
PE,202302,49946996,37747,200102430,1088,24,223,2,SET FIJO,SET,1,365778,FIJO,365778,6,51.21,0,1,1,1,1,411,1,1053,200058349,2023-01-24,2|1|1|0|1|200058349|
PE,202314,35545956,36410,200091727,1612,24,164,999,VOLUMEN,VOLUMEN,1,423581,FIJO,423581,17,25.99,0,1,1,1,2,429,1,1376,200040880,2023-09-04,999|1|2|0|1|200040880|
PE,202302,20541199,39715,200095847,1262,26,411,1,INDIVIDUAL,INDIVIDUAL,1,365977,FIJO,365977,0,0,1,1,1,1,1,77,4,1165,200095847,2023-01-26,1|1|1|1|1|200095847|
PE,202305,50020096,120379,200104932,4142,45,600,1,INDIVIDUAL,INDIVIDUAL,2,382707,VARIABLE,382707,1,14.5,0,1,1,1,1,203,1,3255,200080272,2023-03-17,1|2|1|0|1|200080272|
PE,202301,50180387,40217,200109636,983,13,675,1,INDIVIDUAL,INDIVIDUAL,1,360856,FIJO,360856,73,0,1,1,1,1,1,133,4,951,200109636,2023-01-06,1|1|1|1|1|200109636|
PE,202304,50073300,39631,200107850,337,4,961,991,INDIVIDUAL + ADICIONAL,INDIVIDUAL,1,373974,FIJO,373974,239,39.9,0,1,1,1,1,50,1,299,210097810,2023-03-11,991|1|1|0|1|210097810|
PE,202303,45871533,40351,400095685,1356,26,1787,1,INDIVIDUAL,INDIVIDUAL,1,370186,FIJO,370186,0,0,1,1,1,1,1,57,6,1233,XXXXXXXXX,2023-02-09,1|1|1|1|1|XXXXXXXXX|
PE,202311,35545956,39817,200113692,1359,26,744,1,INDIVIDUAL,INDIVIDUAL,1,410892,FIJO,410892,0,0,1,1,1,1,1,77,4,1093,200113692,2023-07-17,1|1|1|1|1|200113692|
PE,202302,50020096,38739,200113739,269,4,1304,991,INDIVIDUAL + ADICIONAL,INDIVIDUAL,1,364908,FIJO,364908,206,0,1,1,1,1,1,92,6,256,XXXXXXXXX,2023-01-10,991|1|1|1|1|XXXXXXXXX|
PE,202302,35545956,40031,400068882,1279,26,1285,1,INDIVIDUAL,INDIVIDUAL,1,366002,FIJO,366002,0,0,1,1,1,1,1,57,6,1182,XXXXXXXXX,2023-01-05,1|1|1|1|1|XXXXXXXXX|
PE,202301,50180387,38773,400096759,325,4,1685,991,INDIVIDUAL + ADICIONAL,INDIVIDUAL,1,360168,FIJO,360168,250,0,1,0,1,1,1,57,6,306,XXXXXXXXX,2023-01-06,991|1|1|1|0|XXXXXXXXX|
PE,202305,50020096,42100,200107858,2096,26,838,1,INDIVIDUAL,INDIVIDUAL,1,380136,FIJO,380136,,0,1,1,1,1,1,84,6,1569,200103949,2023-03-17,1|1|1|1|1|200103949|
PE,202302,49946996,38768,400096763,276,4,1311,991,INDIVIDUAL + ADICIONAL,INDIVIDUAL,1,364917,FIJO,364917,254,0,1,0,1,1,1,57,6,263,XXXXXXXXX,2023-01-24,991|1|1|1|0|XXXXXXXXX|
PE,202303,50020096,40382,400097518,1387,26,1773,1,INDIVIDUAL,INDIVIDUAL,1,370231,FIJO,370231,0,0,1,1,1,1,1,57,6,1264,XXXXXXXXX,2023-01-31,1|1|1|1|1|XXXXXXXXX|
PE,202306,49946996,37663,210100298,1503,13,1748,3,SET VARIABLE,SET,1,385070,FIJO,385070,69,1.26,0,0,1,1,1,34,1,1091,XXXXXXXXX,2023-04-13,3|1|1|0|0|XXXXXXXXX|
PE,202305,50180387,632,200103923,1520,10,1556,1,INDIVIDUAL,INDIVIDUAL,2,379306,VARIABLE,379306,14,18.9,0,1,1,1,1,300,1,1071,P0132053000,2023-03-21,1|2|1|0|1|P0132053000|
PE,202311,35545956,37123,200076056,1332,24,1321,999,VOLUMEN,VOLUMEN,2,410864,VARIABLE,410864,33,34.95,0,1,1,1,2,421,1,1070,P0261050000,2023-07-17,999|2|2|0|1|P0261050000|
PE,202310,35545956,39376,400097983,1295,26,1592,1,INDIVIDUAL,INDIVIDUAL,1,406712,FIJO,406712,0,0,1,1,1,1,1,57,6,1171,XXXXXXXXX,2023-06-19,1|1|1|1|1|XXXXXXXXX|
PE,202301,50073300,38777,400096761,332,4,1692,991,INDIVIDUAL + ADICIONAL,INDIVIDUAL,1,360176,FIJO,360176,252,0,1,0,1,1,1,57,6,313,XXXXXXXXX,2022-12-28,991|1|1|1|0|XXXXXXXXX|
PE,202307,50180387,38906,210105262,1571,26,2125,1,INDIVIDUAL,INDIVIDUAL,1,391413,FIJO,391413,0,0,1,1,1,1,1,77,4,1435,XXXXXXXXX,2023-05-02,1|1|1|1|1|XXXXXXXXX|
PE,202307,35545956,38906,210105262,1571,26,2125,1,INDIVIDUAL,INDIVIDUAL,1,391413,FIJO,391413,0,0,1,1,1,1,1,77,4,1435,XXXXXXXXX,2023-04-19,1|1|1|1|1|XXXXXXXXX|
PE,202304,10961556,41483,400097634,1294,26,1726,1,INDIVIDUAL,INDIVIDUAL,1,375061,FIJO,375061,0,0,1,1,1,1,1,57,6,1175,XXXXXXXXX,2023-03-03,1|1|1|1|1|XXXXXXXXX|
PE,202304,10961556,41452,200105041,179,1,226,2,SET FIJO,SET,1,373795,FIJO,373795,500,20.9,0,1,1,1,1,32,1,146,200056636,2023-03-03,2|1|1|0|1|200056636|
PE,202314,35545956,37783,400098603,1689,26,1607,1,INDIVIDUAL,INDIVIDUAL,1,423670,FIJO,423670,0,0,1,1,1,1,1,57,6,1416,XXXXXXXXX,2023-09-04,1|1|1|1|1|XXXXXXXXX|
PE,202303,35545956,6983,200101086,2,9,1,991,INDIVIDUAL + ADICIONAL,INDIVIDUAL,1,369301,FIJO,369301,41,95,0,1,1,1,1,36,1,2,200101086,2023-01-24,991|1|1|0|1|200101086|
PE,202309,50379884,5709,210098530,667,10,1228,1,INDIVIDUAL,INDIVIDUAL,2,401094,VARIABLE,401094,24,19.9,0,1,1,1,1,300,1,622,P0197089001,2023-06-20,1|2|1|0|1|P0197089001|
PE,202309,35545956,37233,200082678,1179,24,224,999,VOLUMEN,VOLUMEN,2,401637,VARIABLE,401637,28,14.97,0,1,1,1,4,422,1,1112,200056740,2023-05-29,999|2|4|0|1|200056740|
PE,202307,50180387,103315,200102045,4469,45,248,999,VOLUMEN,VOLUMEN,1,394408,FIJO,394408,1,44.96,0,1,1,1,1,203,1,4148,200084602,2023-05-02,999|1|1|0|1|200084602|
PE,202303,50020096,18722,200110090,512,9,746,1,INDIVIDUAL,INDIVIDUAL,1,369208,FIJO,369208,91,23,0,1,1,1,1,300,1,472,200110090,2023-01-31,1|1|1|0|1|200110090|
PE,202304,43985620,41409,210102005,686,10,1359,1,INDIVIDUAL,INDIVIDUAL,1,374369,FIJO,374369,43,39.9,0,1,1,1,1,9,1,635,XXXXXXXXX,2023-02-21,1|1|1|0|1|XXXXXXXXX|
PE,202305,49946996,16456,200090400,1232,9,481,1,INDIVIDUAL,INDIVIDUAL,1,378913,FIJO,378913,14,65,0,1,1,1,1,300,1,786,200050297,2023-03-21,1|1|1|0|1|200050297|
PE,202304,50180387,37728,200102102,735,10,1428,999,VOLUMEN,VOLUMEN,2,374427,VARIABLE,374427,16,19.96,0,1,1,1,3,320,1,683,P0132053000,2023-02-28,999|2|3|0|1|P0132053000|
PE,202309,35545956,37206,200072913,1179,24,224,999,VOLUMEN,VOLUMEN,2,401637,VARIABLE,401637,28,14.97,0,1,1,1,4,422,1,1112,200072913,2023-05-29,999|2|4|0|1|200072913|
PE,202306,45871533,42013,200106290,571,1,205,2,SET FIJO,SET,1,384055,FIJO,384055,666,13.3,0,0,1,1,1,425,1,172,200106290,2023-04-10,2|1|1|0|0|200106290|
PE,202310,35545956,37315,200105041,1195,24,177,999,VOLUMEN,VOLUMEN,1,406597,FIJO,406597,17,22.3,0,1,1,1,9,424,1,1111,200056636,2023-06-19,999|1|9|0|1|200056636|
PE,202301,49389205,10280,210095971,678,10,1366,1,INDIVIDUAL,INDIVIDUAL,2,360534,VARIABLE,360534,100,18.9,0,1,1,1,1,300,1,651,P0132051003,2022-12-30,1|2|1|0|1|P0132051003|
PE,202304,35545956,10508,200103028,966,13,431,1,INDIVIDUAL,INDIVIDUAL,1,374661,FIJO,374661,119,13.9,0,1,1,1,1,300,1,911,200096703,2023-02-13,1|1|1|0|1|200096703|
PE,202305,50379884,42209,200108910,1208,4,404,999,VOLUMEN,VOLUMEN,2,378889,VARIABLE,378889,68,35.9,0,1,1,1,1,322,1,772,P0289058009,2023-03-27,999|2|1|0|1|P0289058009|
PE,202304,50180387,6955,200097066,982,13,140,1,INDIVIDUAL,INDIVIDUAL,1,374677,FIJO,374677,125,30.9,0,1,1,1,1,303,1,927,200037125,2023-02-28,1|1|1|0|1|200037125|
PE,202304,43985620,6955,200097066,982,13,140,1,INDIVIDUAL,INDIVIDUAL,1,374677,FIJO,374677,125,30.9,0,1,1,1,1,303,1,927,200037125,2023-02-21,1|1|1|0|1|200037125|
PE,202305,49389205,41887,200109443,1075,2,952,1,INDIVIDUAL,INDIVIDUAL,1,378730,FIJO,378730,330,34.9,0,1,1,1,1,65,1,646,200109443,2023-03-29,1|1|1|0|1|200109443|
PE,202305,50073300,41887,200109443,1075,2,952,1,INDIVIDUAL,INDIVIDUAL,1,378730,FIJO,378730,330,34.9,0,1,1,1,1,65,1,646,200109443,2023-03-31,1|1|1|0|1|200109443|
PE,202301,43985620,35175,200108094,1047,13,1358,999,VOLUMEN,VOLUMEN,2,360945,VARIABLE,360945,29,24.95,0,1,1,1,2,321,1,1012,P0292139009,2022-12-20,999|2|2|0|1|P0292139009|
PE,202302,50180387,35488,200105011,662,10,153,2,SET FIJO,SET,1,365316,FIJO,365316,40,39.77,0,1,1,1,1,311,1,637,200044715,2023-01-17,2|1|1|0|1|200044715|
PE,202304,50180387,37784,210101247,647,10,1298,1,INDIVIDUAL,INDIVIDUAL,1,374329,FIJO,374329,74,66.9,0,1,1,1,1,17,1,596,XXXXXXXXX,2023-02-28,1|1|1|0|1|XXXXXXXXX|
PE,202307,50379884,17814,210100500,838,10,1836,1,INDIVIDUAL,INDIVIDUAL,2,390624,VARIABLE,390624,30,12.9,0,1,1,1,1,300,1,800,P0216050000,2023-05-13,1|2|1|0|1|P0216050000|
PE,202312,35545956,37056,200105011,1237,24,238,999,VOLUMEN,VOLUMEN,1,414946,FIJO,414946,16,37.98,0,1,1,1,5,424,1,1149,200044715,2023-07-31,999|1|5|0|1|200044715|
PE,202306,50180387,41084,400096764,754,4,2129,991,INDIVIDUAL + ADICIONAL,INDIVIDUAL,1,384263,FIJO,384263,255,0,1,0,1,1,1,57,6,350,XXXXXXXXX,2023-04-11,991|1|1|1|0|XXXXXXXXX|
PE,202301,43985620,35217,210095255,860,13,981,1,INDIVIDUAL,INDIVIDUAL,1,360732,FIJO,360732,102,79.9,0,1,1,1,1,15,1,828,XXXXXXXXX,2022-12-20,1|1|1|0|1|XXXXXXXXX|
PE,202303,43985620,38181,200092456,1207,24,299,2,SET FIJO,SET,1,369995,FIJO,369995,8,13.09,0,0,1,1,1,419,1,1160,200056258,2023-01-31,2|1|1|0|0|200056258|
PE,202305,50180387,42261,200106442,1208,4,404,999,VOLUMEN,VOLUMEN,2,378889,VARIABLE,378889,0,19.9,0,1,1,1,1,27,1,772,P0210133000,2023-03-21,999|2|1|0|1|P0210133000|
PE,202301,43985620,35744,200099310,1119,24,445,2,SET FIJO,SET,1,361022,FIJO,361022,6,18.6,0,0,1,1,1,419,1,1078,200099310,2022-12-20,2|1|1|0|0|200099310|
PE,202307,50379884,10505,200103025,1117,13,160,1,INDIVIDUAL,INDIVIDUAL,1,390914,FIJO,390914,127,29.9,0,1,1,1,1,300,1,1079,200039966,2023-05-13,1|1|1|0|1|200039966|
PE,202301,50020096,35267,210100109,949,13,1287,1,INDIVIDUAL,INDIVIDUAL,1,360822,FIJO,360822,138,59.9,0,1,1,1,1,15,1,917,XXXXXXXXX,2022-12-17,1|1|1|0|1|XXXXXXXXX|
PE,202301,10961556,9194,200100334,2655,35,1495,1,INDIVIDUAL,INDIVIDUAL,2,362600,VARIABLE,362600,150,7.5,0,1,1,1,1,45,2,2546,P0292127008,2022-12-27,1|2|1|0|1|P0292127008|
PE,202309,50379884,18041,200091875,759,13,379,1,INDIVIDUAL,INDIVIDUAL,1,401189,FIJO,401189,72,41.9,0,1,1,1,1,300,1,711,200091875,2023-06-20,1|1|1|0|1|200091875|
PE,202306,45871533,180828,210098207,4033,45,1294,1,INDIVIDUAL,INDIVIDUAL,1,388047,FIJO,388047,1,34.9,0,1,1,1,1,201,1,3128,XXXXXXXXX,2023-04-10,1|1|1|0|1|XXXXXXXXX|
PE,202303,43985620,38177,200086432,1207,24,299,2,SET FIJO,SET,1,369995,FIJO,369995,8,29.45,0,1,1,1,1,411,1,1160,200056246,2023-01-31,2|1|1|0|1|200056246|
PE,202303,20541199,14665,200109794,1173,24,739,1,INDIVIDUAL,INDIVIDUAL,1,369958,FIJO,369958,4,1.9,0,1,1,1,1,71,4,1126,200109794,2023-02-13,1|1|1|0|1|200109794|
PE,202305,49389205,42263,200106449,1208,4,404,999,VOLUMEN,VOLUMEN,2,378889,VARIABLE,378889,0,19.9,0,1,1,1,1,27,1,772,P0210133000,2023-03-29,999|2|1|0|1|P0210133000|
PE,202305,10961556,42263,200106449,1208,4,404,999,VOLUMEN,VOLUMEN,2,378889,VARIABLE,378889,0,19.9,0,1,1,1,1,27,1,772,P0210133000,2023-03-29,999|2|1|0|1|P0210133000|
PE,202302,49389205,121847,210101987,2713,45,998,1,INDIVIDUAL,INDIVIDUAL,1,367452,FIJO,367452,1,59.9,0,1,1,1,1,201,1,2261,XXXXXXXXX,2023-01-20,1|1|1|0|1|XXXXXXXXX|
PE,202303,20541199,199878,200102118,4035,45,1463,993,993,OTRO,2,373074,VARIABLE,373074,1,11.98,0,1,1,5,1,422,1,3543,P0132053000,2023-02-13,993|2|1|0|1|P0132053000|
PE,202311,35545956,19157,200110337,1080,13,1302,1,INDIVIDUAL,INDIVIDUAL,2,410532,VARIABLE,410532,54,22.9,0,1,1,1,1,300,1,893,P0210085000,2023-07-17,1|2|1|0|1|P0210085000|
PE,202304,10961556,37519,210099769,785,13,1200,1,INDIVIDUAL,INDIVIDUAL,1,374478,FIJO,374478,81,49.9,0,1,1,1,1,5,1,730,XXXXXXXXX,2023-03-03,1|1|1|0|1|XXXXXXXXX|
PE,202301,49389205,3838,210097924,678,10,1366,1,INDIVIDUAL,INDIVIDUAL,2,360534,VARIABLE,360534,100,18.9,0,1,1,1,1,300,1,651,P0132051003,2022-12-30,1|2|1|0|1|P0132051003|
PE,202303,50180387,17839,200091709,721,10,454,1,INDIVIDUAL,INDIVIDUAL,1,369450,FIJO,369450,97,34.9,0,1,1,1,1,300,1,680,200091709,2023-02-10,1|1|1|0|1|200091709|
PE,202302,50180387,38762,400096760,266,4,1301,991,INDIVIDUAL + ADICIONAL,INDIVIDUAL,1,364904,FIJO,364904,251,0,1,0,1,1,1,57,6,253,XXXXXXXXX,2023-01-17,991|1|1|1|0|XXXXXXXXX|
PE,202302,50073300,7529,200085822,709,13,161,1,INDIVIDUAL,INDIVIDUAL,1,365370,FIJO,365370,25,69.9,0,1,1,1,1,300,1,682,200046830,2023-01-20,1|1|1|0|1|200046830|
PE,202305,50180387,40283,200113745,1201,4,1846,991,INDIVIDUAL + ADICIONAL,INDIVIDUAL,1,378880,FIJO,378880,212,0,1,1,1,1,1,92,6,766,XXXXXXXXX,2023-03-21,991|1|1|1|1|XXXXXXXXX|
PE,202306,45871533,42014,200108408,571,1,205,2,SET FIJO,SET,1,384055,FIJO,384055,666,13.3,0,0,1,1,1,425,1,172,200011773,2023-04-10,2|1|1|0|0|200011773|
PE,202302,49389205,6955,200097066,888,13,121,1,INDIVIDUAL,INDIVIDUAL,1,365549,FIJO,365549,129,29.9,0,1,1,1,1,303,1,861,200037125,2023-01-20,1|1|1|0|1|200037125|
PE,202306,50379884,40478,200105178,731,4,584,991,INDIVIDUAL + ADICIONAL,INDIVIDUAL,1,384235,FIJO,384235,226,0,1,0,1,1,1,50,1,327,200105178,2023-04-20,991|1|1|1|0|200105178|
PE,202302,50020096,2944,200105034,565,10,546,1,INDIVIDUAL,INDIVIDUAL,1,365216,FIJO,365216,61,19.9,0,1,1,1,1,300,1,540,200105034,2023-01-10,1|1|1|0|1|200105034|
PE,202301,10961556,36026,200095374,1147,24,171,5,PROMOCIÓN INDIVIDUAL,PROMOCIÓN,1,361055,FIJO,361055,21,0,1,1,1,1,1,422,1,1106,200043493,2022-12-27,5|1|1|1|1|200043493|
PE,202303,50020096,10280,210095971,726,10,1461,1,INDIVIDUAL,INDIVIDUAL,2,369455,VARIABLE,369455,30,18.9,0,1,1,1,1,300,1,685,P0132051003,2023-01-31,1|2|1|0|1|P0132051003|
PE,202303,45871533,104760,200092744,3322,45,250,2,SET FIJO,SET,1,372200,FIJO,372200,1,23.97,0,0,1,1,1,201,1,2830,200041665,2023-02-09,2|1|1|0|0|200041665|
PE,202302,10961556,37529,200082674,1092,24,216,2,SET FIJO,SET,1,365782,FIJO,365782,18,9.95,0,0,1,1,1,425,1,1057,200056741,2023-01-20,2|1|1|0|0|200056741|
PE,202302,49946996,39694,200113245,1241,26,685,1,INDIVIDUAL,INDIVIDUAL,1,365951,FIJO,365951,0,0,1,1,1,1,1,77,4,1144,200113245,2023-01-24,1|1|1|1|1|200113245|
PE,202302,50073300,39694,200113245,1241,26,685,1,INDIVIDUAL,INDIVIDUAL,1,365951,FIJO,365951,0,0,1,1,1,1,1,77,4,1144,200113245,2023-01-20,1|1|1|1|1|200113245|
PE,202302,50020096,39694,200113245,1241,26,685,1,INDIVIDUAL,INDIVIDUAL,1,365951,FIJO,365951,0,0,1,1,1,1,1,77,4,1144,200113245,2023-01-10,1|1|1|1|1|200113245|
PE,202305,50020096,2914,200082688,1208,4,404,999,VOLUMEN,VOLUMEN,2,378889,VARIABLE,378889,143,21.9,0,1,1,1,1,300,1,772,200073712,2023-03-17,999|2|1|0|1|200073712|
PE,202307,50180387,4745,200106556,683,10,222,1,INDIVIDUAL,INDIVIDUAL,1,390467,FIJO,390467,34,23.9,0,1,1,1,1,300,1,645,200054026,2023-05-02,1|1|1|0|1|200054026|
PE,202302,50180387,10506,200103026,845,13,221,1,INDIVIDUAL,INDIVIDUAL,1,365506,FIJO,365506,120,28.9,0,1,1,1,1,301,1,818,200056759,2023-01-17,1|1|1|0|1|200056759|
PE,202302,43985620,2248,200113242,828,13,131,1,INDIVIDUAL,INDIVIDUAL,1,365489,FIJO,365489,108,24.9,0,1,1,1,1,300,1,801,200039963,2023-01-10,1|1|1|0|1|200039963|
PE,202301,50180387,35373,200094901,544,9,393,5,PROMOCIÓN INDIVIDUAL,PROMOCIÓN,1,360394,FIJO,360394,34,20,0,1,1,1,1,332,1,522,200094901,2023-01-06,5|1|1|0|1|200094901|
PE,202309,35545956,37853,210102115,1152,24,488,3,SET VARIABLE,SET,2,401598,VARIABLE,401598,39,19.9,0,0,0,1,1,411,1,1095,P0132131001,2023-05-29,3|2|1|0|0|P0132131001|
PE,202301,50020096,38771,400096760,328,4,1688,991,INDIVIDUAL + ADICIONAL,INDIVIDUAL,1,360171,FIJO,360171,251,0,1,0,1,1,1,57,6,309,XXXXXXXXX,2022-12-17,991|1|1|1|0|XXXXXXXXX|
PE,202302,49946996,35464,210102041,604,10,1008,1,INDIVIDUAL,INDIVIDUAL,1,365255,FIJO,365255,78,22.9,0,1,1,1,1,4,1,579,XXXXXXXXX,2023-01-24,1|1|1|0|1|XXXXXXXXX|
PE,202305,43985620,121806,200090455,4569,45,408,993,993,OTRO,2,383213,VARIABLE,383213,1,26.6,0,1,1,3,1,201,1,3682,200014177,2023-03-14,993|2|1|0|1|200014177|
PE,202303,50020096,6941,200100812,878,13,580,1,INDIVIDUAL,INDIVIDUAL,1,369623,FIJO,369623,101,24.9,0,1,1,1,1,300,1,834,200100812,2023-01-31,1|1|1|0|1|200100812|
PE,202303,50020096,104817,200095385,3338,45,214,2,SET FIJO,SET,1,372216,FIJO,372216,1,25.79,0,0,1,1,1,201,1,2846,200095385,2023-01-31,2|1|1|0|0|200095385|
PE,202301,20541199,35881,200106398,1213,24,240,999,VOLUMEN,VOLUMEN,2,361136,VARIABLE,361136,9,16.23,0,1,1,1,8,425,1,1124,200106398,2022-12-26,999|2|8|0|1|200106398|
PE,202304,10961556,10305,210095994,997,13,1466,1,INDIVIDUAL,INDIVIDUAL,2,374692,VARIABLE,374692,28,16.9,0,1,1,1,1,300,1,942,P0210061000,2023-03-03,1|2|1|0|1|P0210061000|
PE,202302,50180387,35145,200106346,979,13,95,2,SET FIJO,SET,1,365647,FIJO,365647,27,46.48,0,1,1,1,1,310,1,952,200010080,2023-01-17,2|1|1|0|1|200010080|
PE,202303,45871533,104759,200106356,3322,45,250,2,SET FIJO,SET,1,372200,FIJO,372200,1,23.96,0,0,1,1,1,201,1,2830,200048978,2023-02-09,2|1|1|0|0|200048978|
PE,202303,49946996,40451,200110160,1396,26,751,1,INDIVIDUAL,INDIVIDUAL,1,370241,FIJO,370241,0,0,1,1,1,1,1,77,4,1273,200110160,2023-02-09,1|1|1|1|1|200110160|
PE,202303,45871533,40451,200110160,1396,26,751,1,INDIVIDUAL,INDIVIDUAL,1,370241,FIJO,370241,0,0,1,1,1,1,1,77,4,1273,200110160,2023-02-09,1|1|1|1|1|200110160|
PE,202303,10961556,40451,200110160,1396,26,751,1,INDIVIDUAL,INDIVIDUAL,1,370241,FIJO,370241,0,0,1,1,1,1,1,77,4,1273,200110160,2023-02-10,1|1|1|1|1|200110160|
PE,202303,20541199,40451,200110160,1396,26,751,1,INDIVIDUAL,INDIVIDUAL,1,370241,FIJO,370241,0,0,1,1,1,1,1,77,4,1273,200110160,2023-02-13,1|1|1|1|1|200110160|
PE,202303,35545956,40451,200110160,1396,26,751,1,INDIVIDUAL,INDIVIDUAL,1,370241,FIJO,370241,0,0,1,1,1,1,1,77,4,1273,200110160,2023-01-24,1|1|1|1|1|200110160|
PE,202303,50180387,40451,200110160,1396,26,751,1,INDIVIDUAL,INDIVIDUAL,1,370241,FIJO,370241,0,0,1,1,1,1,1,77,4,1273,200110160,2023-02-10,1|1|1|1|1|200110160|
PE,202303,50073300,40451,200110160,1396,26,751,1,INDIVIDUAL,INDIVIDUAL,1,370241,FIJO,370241,0,0,1,1,1,1,1,77,4,1273,200110160,2023-02-13,1|1|1|1|1|200110160|
PE,202303,43985620,40451,200110160,1396,26,751,1,INDIVIDUAL,INDIVIDUAL,1,370241,FIJO,370241,0,0,1,1,1,1,1,77,4,1273,200110160,2023-01-31,1|1|1|1|1|200110160|
PE,202303,50020096,40451,200110160,1396,26,751,1,INDIVIDUAL,INDIVIDUAL,1,370241,FIJO,370241,0,0,1,1,1,1,1,77,4,1273,200110160,2023-01-31,1|1|1|1|1|200110160|
PE,202303,49389205,202655,210099696,3365,45,406,2,SET FIJO,SET,1,372243,FIJO,372243,1,0,1,0,1,1,1,215,1,2873,XXXXXXXXX,2023-02-10,2|1|1|1|0|XXXXXXXXX|
PE,202303,50020096,202655,210099696,3365,45,406,2,SET FIJO,SET,1,372243,FIJO,372243,1,0,1,0,1,1,1,215,1,2873,XXXXXXXXX,2023-01-31,2|1|1|1|0|XXXXXXXXX|
PE,202302,50020096,40036,210097030,229,4,785,1,INDIVIDUAL,INDIVIDUAL,1,364864,FIJO,364864,219,0,1,1,1,1,1,50,1,216,210097030,2023-01-10,1|1|1|1|1|210097030|
PE,202305,50020096,115050,200090349,4116,45,630,3,SET VARIABLE,SET,2,382648,VARIABLE,382648,1,20.09,0,1,1,1,1,203,1,3229,200084815,2023-03-17,3|2|1|0|1|200084815|
PE,202303,50073300,39647,400096763,398,4,1808,991,INDIVIDUAL + ADICIONAL,INDIVIDUAL,1,369085,FIJO,369085,254,0,1,0,1,1,1,57,6,358,XXXXXXXXX,2023-02-13,991|1|1|1|0|XXXXXXXXX|
PE,202314,35545956,37298,400098452,1671,26,1665,1,INDIVIDUAL,INDIVIDUAL,1,423646,FIJO,423646,0,0,1,1,1,1,1,57,6,1398,XXXXXXXXX,2023-09-04,1|1|1|1|1|XXXXXXXXX|
PE,202301,50073300,35725,200099203,1235,24,1449,999,VOLUMEN,VOLUMEN,2,361158,VARIABLE,361158,27,37.45,0,1,1,1,2,421,1,1128,P0261097007,2022-12-28,999|2|2|0|1|P0261097007|
PE,202304,35545956,128498,200113464,3857,45,240,993,993,OTRO,2,377703,VARIABLE,377703,1,11.65,0,1,1,4,1,422,1,3366,200113464,2023-02-13,993|2|1|0|1|200113464|
PE,202302,50180387,35432,210098724,603,10,864,1,INDIVIDUAL,INDIVIDUAL,1,365254,FIJO,365254,78,66.9,0,1,1,1,1,5,1,578,XXXXXXXXX,2023-01-17,1|1|1|0|1|XXXXXXXXX|
PE,202303,50020096,39632,200113743,394,4,1804,991,INDIVIDUAL + ADICIONAL,INDIVIDUAL,1,369077,FIJO,369077,210,0,1,1,1,1,1,92,6,354,XXXXXXXXX,2023-01-31,991|1|1|1|1|XXXXXXXXX|
PE,202305,50020096,42065,200102045,1208,4,404,999,VOLUMEN,VOLUMEN,2,378889,VARIABLE,378889,15,12.5,0,1,1,1,1,425,1,772,200084602,2023-03-17,999|2|1|0|1|200084602|
PE,202303,50180387,355,200106346,1130,13,185,5,PROMOCIÓN INDIVIDUAL,PROMOCIÓN,1,369909,FIJO,369909,158,39.9,0,1,1,1,1,330,1,1086,200010080,2023-02-10,5|1|1|0|1|200010080|
PE,202303,50073300,37730,210102355,946,13,1427,1,INDIVIDUAL,INDIVIDUAL,1,369693,FIJO,369693,124,89.9,0,1,1,1,1,4,1,902,XXXXXXXXX,2023-02-13,1|1|1|0|1|XXXXXXXXX|
PE,202302,35545956,39698,400097341,1245,26,1273,1,INDIVIDUAL,INDIVIDUAL,1,365955,FIJO,365955,0,0,1,1,1,1,1,57,6,1148,XXXXXXXXX,2023-01-05,1|1|1|1|1|XXXXXXXXX|
PE,202302,50020096,39698,400097341,1245,26,1273,1,INDIVIDUAL,INDIVIDUAL,1,365955,FIJO,365955,0,0,1,1,1,1,1,57,6,1148,XXXXXXXXX,2023-01-10,1|1|1|1|1|XXXXXXXXX|
PE,202302,43985620,39698,400097341,1245,26,1273,1,INDIVIDUAL,INDIVIDUAL,1,365955,FIJO,365955,0,0,1,1,1,1,1,57,6,1148,XXXXXXXXX,2023-01-10,1|1|1|1|1|XXXXXXXXX|
PE,202302,50073300,39698,400097341,1245,26,1273,1,INDIVIDUAL,INDIVIDUAL,1,365955,FIJO,365955,0,0,1,1,1,1,1,57,6,1148,XXXXXXXXX,2023-01-20,1|1|1|1|1|XXXXXXXXX|
PE,202302,10961556,39698,400097341,1245,26,1273,1,INDIVIDUAL,INDIVIDUAL,1,365955,FIJO,365955,0,0,1,1,1,1,1,57,6,1148,XXXXXXXXX,2023-01-20,1|1|1|1|1|XXXXXXXXX|
PE,202302,20541199,39698,400097341,1245,26,1273,1,INDIVIDUAL,INDIVIDUAL,1,365955,FIJO,365955,0,0,1,1,1,1,1,57,6,1148,XXXXXXXXX,2023-01-26,1|1|1|1|1|XXXXXXXXX|
PE,202302,50180387,39698,400097341,1245,26,1273,1,INDIVIDUAL,INDIVIDUAL,1,365955,FIJO,365955,0,0,1,1,1,1,1,57,6,1148,XXXXXXXXX,2023-01-17,1|1|1|1|1|XXXXXXXXX|
PE,202302,49389205,39698,400097341,1245,26,1273,1,INDIVIDUAL,INDIVIDUAL,1,365955,FIJO,365955,0,0,1,1,1,1,1,57,6,1148,XXXXXXXXX,2023-01-20,1|1|1|1|1|XXXXXXXXX|
PE,202302,49946996,39698,400097341,1245,26,1273,1,INDIVIDUAL,INDIVIDUAL,1,365955,FIJO,365955,0,0,1,1,1,1,1,57,6,1148,XXXXXXXXX,2023-01-24,1|1|1|1|1|XXXXXXXXX|
PE,202304,35545956,104013,200109264,3278,45,483,2,SET FIJO,SET,1,377054,FIJO,377054,1,17.45,0,0,1,1,1,201,1,2787,200097894,2023-02-13,2|1|1|0|0|200097894|
PE,202305,50020096,2914,200082688,1778,13,585,1,INDIVIDUAL,INDIVIDUAL,1,379669,FIJO,379669,143,21.9,0,1,1,1,1,300,1,1326,200073712,2023-03-17,1|1|1|0|1|200073712|
PE,202305,50379884,35306,200039855,1549,10,442,5,PROMOCIÓN INDIVIDUAL,PROMOCIÓN,1,379354,FIJO,379354,99,34.9,0,1,1,1,1,330,1,1100,200039855,2023-03-27,5|1|1|0|1|200039855|
PE,202307,50379884,118159,210102585,3701,45,642,2,SET FIJO,SET,1,393547,FIJO,393547,1,14.4,0,0,1,1,1,201,1,3563,XXXXXXXXX,2023-05-13,2|1|1|0|0|XXXXXXXXX|
PE,202305,50180387,40908,400096763,1203,4,1848,991,INDIVIDUAL + ADICIONAL,INDIVIDUAL,1,378883,FIJO,378883,254,0,1,0,1,1,1,57,6,768,XXXXXXXXX,2023-03-21,991|1|1|1|0|XXXXXXXXX|
PE,202305,50379884,5709,210098530,156,10,333,1,INDIVIDUAL,INDIVIDUAL,2,379315,VARIABLE,379315,30,24.9,0,1,1,1,1,300,1,149,P0197089001,2023-03-27,1|2|1|0|1|P0197089001|
PE,202301,49389205,35450,210099621,645,10,1249,1,INDIVIDUAL,INDIVIDUAL,1,360501,FIJO,360501,80,62.9,0,1,1,1,1,15,1,618,XXXXXXXXX,2022-12-30,1|1|1|0|1|XXXXXXXXX|
PE,202302,50073300,35094,200102061,988,13,320,2,SET FIJO,SET,1,365657,FIJO,365657,137,26.3,0,0,1,1,1,319,1,961,200090097,2023-01-20,2|1|1|0|0|200090097|
PE,202301,50020096,102180,210102305,3232,45,1342,1,INDIVIDUAL,INDIVIDUAL,1,363187,FIJO,363187,1,54.9,0,1,1,1,1,115,1,2771,XXXXXXXXX,2022-12-17,1|1|1|0|1|XXXXXXXXX|
PE,202302,10961556,37726,200101110,1207,24,305,999,VOLUMEN,VOLUMEN,1,365915,FIJO,365915,22,38.14,0,1,1,1,1,411,1,1118,200082170,2023-01-20,999|1|1|0|1|200082170|
PE,202304,50073300,40826,400095705,1236,26,1744,1,INDIVIDUAL,INDIVIDUAL,1,374994,FIJO,374994,0,0,1,1,1,1,1,57,6,1117,XXXXXXXXX,2023-03-11,1|1|1|1|1|XXXXXXXXX|
PE,202304,50020096,40826,400095705,1236,26,1744,1,INDIVIDUAL,INDIVIDUAL,1,374994,FIJO,374994,0,0,1,1,1,1,1,57,6,1117,XXXXXXXXX,2023-02-21,1|1|1|1|1|XXXXXXXXX|
PE,202304,49389205,40826,400095705,1236,26,1744,1,INDIVIDUAL,INDIVIDUAL,1,374994,FIJO,374994,0,0,1,1,1,1,1,57,6,1117,XXXXXXXXX,2023-03-06,1|1|1|1|1|XXXXXXXXX|
PE,202304,43985620,40826,400095705,1236,26,1744,1,INDIVIDUAL,INDIVIDUAL,1,374994,FIJO,374994,0,0,1,1,1,1,1,57,6,1117,XXXXXXXXX,2023-02-21,1|1|1|1|1|XXXXXXXXX|
PE,202304,50379884,40826,400095705,1236,26,1744,1,INDIVIDUAL,INDIVIDUAL,1,374994,FIJO,374994,0,0,1,1,1,1,1,57,6,1117,XXXXXXXXX,2023-03-09,1|1|1|1|1|XXXXXXXXX|
PE,202304,49946996,40826,400095705,1236,26,1744,1,INDIVIDUAL,INDIVIDUAL,1,374994,FIJO,374994,0,0,1,1,1,1,1,57,6,1117,XXXXXXXXX,2023-02-28,1|1|1|1|1|XXXXXXXXX|
PE,202304,10961556,40826,400095705,1236,26,1744,1,INDIVIDUAL,INDIVIDUAL,1,374994,FIJO,374994,0,0,1,1,1,1,1,57,6,1117,XXXXXXXXX,2023-03-03,1|1|1|1|1|XXXXXXXXX|
PE,202304,35545956,40826,400095705,1236,26,1744,1,INDIVIDUAL,INDIVIDUAL,1,374994,FIJO,374994,0,0,1,1,1,1,1,57,6,1117,XXXXXXXXX,2023-02-13,1|1|1|1|1|XXXXXXXXX|
PE,202304,50180387,40826,400095705,1236,26,1744,1,INDIVIDUAL,INDIVIDUAL,1,374994,FIJO,374994,0,0,1,1,1,1,1,57,6,1117,XXXXXXXXX,2023-02-28,1|1|1|1|1|XXXXXXXXX|
PE,202305,45871533,122579,210097030,3902,45,1152,1,INDIVIDUAL,INDIVIDUAL,1,382391,FIJO,382391,1,9.9,0,1,1,1,1,201,1,3015,210097030,2023-03-20,1|1|1|0|1|210097030|
PE,202313,35545956,38002,400098473,1239,26,1471,1,INDIVIDUAL,INDIVIDUAL,1,419316,FIJO,419316,0,0,1,1,1,1,1,57,6,1136,XXXXXXXXX,2023-08-21,1|1|1|1|1|XXXXXXXXX|
PE,202310,35545956,39287,400098023,1272,26,1594,1,INDIVIDUAL,INDIVIDUAL,1,406681,FIJO,406681,0,0,1,1,1,1,1,57,6,1148,XXXXXXXXX,2023-06-19,1|1|1|1|1|XXXXXXXXX|
PE,202313,35545956,109397,200095158,3458,45,155,993,993,OTRO,2,421602,VARIABLE,421602,1,5.1,0,1,1,7,1,422,1,2919,200056121,2023-08-21,993|2|1|0|1|200056121|
PE,202304,50020096,5038,200098244,39,13,19,999,VOLUMEN,VOLUMEN,2,374746,VARIABLE,374746,58,19.9,0,1,1,1,1,300,1,34,P0210111001,2023-02-21,999|2|1|0|1|P0210111001|
PE,202305,50180387,35116,210100859,1693,13,1409,1,INDIVIDUAL,INDIVIDUAL,1,379572,FIJO,379572,106,149.9,0,1,1,1,1,15,1,1241,XXXXXXXXX,2023-03-21,1|1|1|0|1|XXXXXXXXX|
PE,202301,43985620,36034,200106161,1135,24,353,2,SET FIJO,SET,1,361039,FIJO,361039,28,11.76,0,0,1,1,1,419,1,1094,200106161,2022-12-20,2|1|1|0|0|200106161|
PE,202304,50020096,41404,200099673,1276,26,477,1,INDIVIDUAL,INDIVIDUAL,1,375041,FIJO,375041,0,0,1,1,1,1,1,84,6,1157,200099673,2023-02-21,1|1|1|1|1|200099673|
PE,202303,20541199,199872,200103921,4035,45,1463,993,993,OTRO,2,373074,VARIABLE,373074,1,11.98,0,1,1,5,1,422,1,3543,P0132053000,2023-02-13,993|2|1|0|1|P0132053000|
PE,202304,43985620,40828,200106311,1238,26,570,1,INDIVIDUAL,INDIVIDUAL,1,374996,FIJO,374996,0,0,1,1,1,1,1,77,4,1119,200106311,2023-02-21,1|1|1|1|1|200106311|
PE,202301,49946996,38775,400096762,336,4,1696,991,INDIVIDUAL + ADICIONAL,INDIVIDUAL,1,360182,FIJO,360182,253,0,1,0,1,1,1,57,6,317,XXXXXXXXX,2023-01-06,991|1|1|1|0|XXXXXXXXX|
PE,202304,50180387,41143,400097600,1260,26,1727,1,INDIVIDUAL,INDIVIDUAL,1,375023,FIJO,375023,0,0,1,1,1,1,1,57,6,1141,XXXXXXXXX,2023-02-28,1|1|1|1|1|XXXXXXXXX|
PE,202304,49946996,41143,400097600,1260,26,1727,1,INDIVIDUAL,INDIVIDUAL,1,375023,FIJO,375023,0,0,1,1,1,1,1,57,6,1141,XXXXXXXXX,2023-02-28,1|1|1|1|1|XXXXXXXXX|
PE,202304,50020096,41143,400097600,1260,26,1727,1,INDIVIDUAL,INDIVIDUAL,1,375023,FIJO,375023,0,0,1,1,1,1,1,57,6,1141,XXXXXXXXX,2023-02-21,1|1|1|1|1|XXXXXXXXX|
PE,202304,45871533,41143,400097600,1260,26,1727,1,INDIVIDUAL,INDIVIDUAL,1,375023,FIJO,375023,0,0,1,1,1,1,1,57,6,1141,XXXXXXXXX,2023-02-28,1|1|1|1|1|XXXXXXXXX|
PE,202304,49389205,41143,400097600,1260,26,1727,1,INDIVIDUAL,INDIVIDUAL,1,375023,FIJO,375023,0,0,1,1,1,1,1,57,6,1141,XXXXXXXXX,2023-03-06,1|1|1|1|1|XXXXXXXXX|
PE,202304,50379884,41143,400097600,1260,26,1727,1,INDIVIDUAL,INDIVIDUAL,1,375023,FIJO,375023,0,0,1,1,1,1,1,57,6,1141,XXXXXXXXX,2023-03-09,1|1|1|1|1|XXXXXXXXX|
PE,202304,10961556,41143,400097600,1260,26,1727,1,INDIVIDUAL,INDIVIDUAL,1,375023,FIJO,375023,0,0,1,1,1,1,1,57,6,1141,XXXXXXXXX,2023-03-03,1|1|1|1|1|XXXXXXXXX|
PE,202304,50073300,41143,400097600,1260,26,1727,1,INDIVIDUAL,INDIVIDUAL,1,375023,FIJO,375023,0,0,1,1,1,1,1,57,6,1141,XXXXXXXXX,2023-03-11,1|1|1|1|1|XXXXXXXXX|
PE,202304,35545956,41143,400097600,1260,26,1727,1,INDIVIDUAL,INDIVIDUAL,1,375023,FIJO,375023,0,0,1,1,1,1,1,57,6,1141,XXXXXXXXX,2023-02-13,1|1|1|1|1|XXXXXXXXX|
PE,202304,43985620,41143,400097600,1260,26,1727,1,INDIVIDUAL,INDIVIDUAL,1,375023,FIJO,375023,0,0,1,1,1,1,1,57,6,1141,XXXXXXXXX,2023-02-21,1|1|1|1|1|XXXXXXXXX|
PE,202306,50020096,4329,200108169,3447,35,646,999,VOLUMEN,VOLUMEN,1,387460,FIJO,387460,115,10.5,0,1,1,1,1,45,2,2953,200108169,2023-04-04,999|1|1|0|1|200108169|
PE,202303,20541199,199876,200103922,4035,45,1463,993,993,OTRO,2,373074,VARIABLE,373074,1,11.98,0,1,1,5,1,422,1,3543,P0132053000,2023-02-13,993|2|1|0|1|P0132053000|
PE,202305,10961556,9669,200102282,221,13,344,1,INDIVIDUAL,INDIVIDUAL,1,379466,FIJO,379466,26,19.9,0,1,1,1,1,300,1,210,P0210060001,2023-03-29,1|1|1|0|1|P0210060001|
PE,202304,50379884,40215,400096759,361,4,691,991,INDIVIDUAL + ADICIONAL,INDIVIDUAL,1,374005,FIJO,374005,250,0,1,0,1,1,1,57,6,323,XXXXXXXXX,2023-03-09,991|1|1|1|0|XXXXXXXXX|
PE,202302,50073300,38764,400096762,273,4,1308,991,INDIVIDUAL + ADICIONAL,INDIVIDUAL,1,364914,FIJO,364914,253,0,1,0,1,1,1,57,6,260,XXXXXXXXX,2023-01-20,991|1|1|1|0|XXXXXXXXX|
PE,202306,50180387,42322,200109796,1869,26,693,1,INDIVIDUAL,INDIVIDUAL,1,385505,FIJO,385505,0,0,1,1,1,1,1,77,4,1383,200109796,2023-04-11,1|1|1|1|1|200109796|
PE,202308,45871533,75791,200091759,177,1,408,1,INDIVIDUAL,INDIVIDUAL,1,395096,FIJO,395096,25,39.9,0,1,1,1,1,425,1,137,200091759,2023-05-22,1|1|1|0|1|200091759|
PE,202301,43985620,35705,200098264,1119,24,445,2,SET FIJO,SET,1,361022,FIJO,361022,6,51.3,0,1,1,1,1,411,1,1078,200098264,2022-12-20,2|1|1|0|1|200098264|
PE,202308,45871533,75818,400097955,1674,26,1790,1,INDIVIDUAL,INDIVIDUAL,1,396763,FIJO,396763,0,0,1,1,1,1,1,57,6,1536,XXXXXXXXX,2023-05-22,1|1|1|1|1|XXXXXXXXX|
PE,202302,49389205,120268,200082674,3511,45,218,993,993,OTRO,2,368323,VARIABLE,368323,1,13.3,0,1,1,3,1,201,1,3059,200056741,2023-01-20,993|2|1|0|1|200056741|
PE,202304,50073300,40213,400096764,358,4,1765,991,INDIVIDUAL + ADICIONAL,INDIVIDUAL,1,374001,FIJO,374001,255,0,1,0,1,1,1,57,6,320,XXXXXXXXX,2023-03-11,991|1|1|1|0|XXXXXXXXX|
PE,202305,50020096,42100,200107858,1208,4,404,999,VOLUMEN,VOLUMEN,2,378889,VARIABLE,378889,0,0,1,1,1,1,1,84,6,772,200103949,2023-03-17,999|2|1|1|1|200103949|
PE,202306,10961556,13277,200088616,1917,35,366,1,INDIVIDUAL,INDIVIDUAL,1,385555,FIJO,385555,142,19.9,0,1,1,1,1,45,2,1431,200088616,2023-04-22,1|1|1|0|1|200088616|
PE,202313,35545956,109680,200082678,3496,45,216,993,993,OTRO,2,421647,VARIABLE,421647,1,13.3,0,1,1,3,1,201,1,2957,200056740,2023-08-21,993|2|1|0|1|200056740|
PE,202303,50180387,39649,400096761,391,4,1801,991,INDIVIDUAL + ADICIONAL,INDIVIDUAL,1,369070,FIJO,369070,252,0,1,0,1,1,1,57,6,351,XXXXXXXXX,2023-02-10,991|1|1|1|0|XXXXXXXXX|
PE,202304,50020096,41177,400097558,1271,26,1711,1,INDIVIDUAL,INDIVIDUAL,1,375036,FIJO,375036,0,0,1,1,1,1,1,57,6,1152,XXXXXXXXX,2023-02-21,1|1|1|1|1|XXXXXXXXX|
PE,202304,50073300,39658,220044432,275,4,1766,1,INDIVIDUAL,INDIVIDUAL,1,373895,FIJO,373895,247,26,0,1,1,1,1,112,6,237,XXXXXXXXX,2023-03-11,1|1|1|0|1|XXXXXXXXX|
PE,202303,50180387,39628,200113739,390,4,1800,991,INDIVIDUAL + ADICIONAL,INDIVIDUAL,1,369068,FIJO,369068,206,0,1,1,1,1,1,92,6,350,XXXXXXXXX,2023-02-10,991|1|1|1|1|XXXXXXXXX|
PE,202305,50379884,35270,210100808,1482,10,1406,1,INDIVIDUAL,INDIVIDUAL,1,379259,FIJO,379259,83,69.9,0,1,1,1,1,17,1,1033,XXXXXXXXX,2023-03-27,1|1|1|0|1|XXXXXXXXX|
PE,202303,45871533,40353,400095721,1358,26,1791,1,INDIVIDUAL,INDIVIDUAL,1,370189,FIJO,370189,0,0,1,1,1,1,1,57,6,1235,XXXXXXXXX,2023-02-09,1|1|1|1|1|XXXXXXXXX|
PE,202304,50180387,40223,400096762,350,4,1757,991,INDIVIDUAL + ADICIONAL,INDIVIDUAL,1,373989,FIJO,373989,253,0,1,0,1,1,1,57,6,312,XXXXXXXXX,2023-02-28,991|1|1|1|0|XXXXXXXXX|
PE,202302,35545956,37645,200095430,1150,24,143,999,VOLUMEN,VOLUMEN,2,365858,VARIABLE,365858,19,7.38,0,1,1,1,5,422,1,1105,200067292,2023-01-05,999|2|5|0|1|200067292|
PE,202303,50073300,39585,200097947,372,4,528,991,INDIVIDUAL + ADICIONAL,INDIVIDUAL,1,369042,FIJO,369042,220,17.5,0,1,1,1,1,50,1,332,200097947,2023-02-13,991|1|1|0|1|200097947|
PE,202305,50073300,35677,200103448,1965,24,462,999,VOLUMEN,VOLUMEN,2,379953,VARIABLE,379953,15,7.38,0,1,1,1,5,422,1,1500,200095625,2023-03-31,999|2|5|0|1|200095625|
PE,202313,35545956,38367,200114937,1265,26,728,1,INDIVIDUAL,INDIVIDUAL,1,419348,FIJO,419348,0,0,1,1,1,1,1,77,4,1162,200114937,2023-08-21,1|1|1|1|1|200114937|
PE,202308,50020096,4329,200108169,2130,35,740,1,INDIVIDUAL,INDIVIDUAL,1,397219,FIJO,397219,122,10.9,0,1,1,1,1,45,2,1992,200108169,2023-05-24,1|1|1|0|1|200108169|
PE,202301,49946996,38775,400096762,334,4,1694,991,INDIVIDUAL + ADICIONAL,INDIVIDUAL,1,360179,FIJO,360179,253,0,1,0,1,1,1,57,6,315,XXXXXXXXX,2023-01-06,991|1|1|1|0|XXXXXXXXX|
PE,202301,10961556,39974,200111961,1394,26,689,1,INDIVIDUAL,INDIVIDUAL,1,361339,FIJO,361339,0,0,1,1,1,1,1,77,4,1285,200111961,2022-12-27,1|1|1|1|1|200111961|
PE,202301,49389205,39974,200111961,1394,26,689,1,INDIVIDUAL,INDIVIDUAL,1,361339,FIJO,361339,0,0,1,1,1,1,1,77,4,1285,200111961,2022-12-30,1|1|1|1|1|200111961|
PE,202313,35545956,109413,200103022,3460,45,107,993,993,OTRO,2,421604,VARIABLE,421604,1,11.65,0,1,1,6,1,422,1,2921,200017521,2023-08-21,993|2|1|0|1|200017521|
PE,202308,50379884,36182,210102506,1358,24,1321,1,INDIVIDUAL,INDIVIDUAL,1,396366,FIJO,396366,45,64.9,0,1,1,1,1,401,1,1293,XXXXXXXXX,2023-06-01,1|1|1|0|1|XXXXXXXXX|
PE,202301,35545956,35638,200091269,1250,24,342,999,VOLUMEN,VOLUMEN,1,361176,FIJO,361176,10,22.12,0,0,1,1,2,429,1,1141,200080229,2022-12-06,999|1|2|0|0|200080229|
PE,202309,50379884,39386,400097962,1291,26,1486,1,INDIVIDUAL,INDIVIDUAL,1,401788,FIJO,401788,0,0,1,1,1,1,1,57,6,1149,XXXXXXXXX,2023-06-20,1|1|1|1|1|XXXXXXXXX|
PE,202306,49946996,37548,200102351,1503,13,1748,3,SET VARIABLE,SET,1,385070,FIJO,385070,69,20.16,0,1,1,1,1,319,1,1091,P0210065001,2023-04-13,3|1|1|0|1|P0210065001|
PE,202307,49946996,39168,400097888,1660,26,2133,1,INDIVIDUAL,INDIVIDUAL,1,391503,FIJO,391503,0,0,1,1,1,1,1,57,6,1524,XXXXXXXXX,2023-04-29,1|1|1|1|1|XXXXXXXXX|
PE,202307,50020096,16350,200108505,23,4,14,999,VOLUMEN,VOLUMEN,2,390227,VARIABLE,390227,96,20.9,0,1,1,1,1,300,1,22,200080256,2023-04-26,999|2|1|0|1|200080256|
PE,202306,10961556,7265,200098664,2236,35,252,1,INDIVIDUAL,INDIVIDUAL,1,385874,FIJO,385874,142,4.9,0,1,1,1,1,45,2,1750,200058353,2023-04-22,1|1|1|0|1|200058353|
PE,202301,43985620,2644,200104938,819,13,382,1,INDIVIDUAL,INDIVIDUAL,1,360687,FIJO,360687,87,15.9,0,1,1,1,1,300,1,787,200092361,2022-12-20,1|1|1|0|1|200092361|
PE,202304,50180387,15535,200107347,709,10,1481,1,INDIVIDUAL,INDIVIDUAL,2,374393,VARIABLE,374393,40,13.9,0,1,1,1,1,300,1,658,P0216057005,2023-02-28,1|2|1|0|1|P0216057005|
PE,202304,49946996,878,200082678,765,13,229,1,INDIVIDUAL,INDIVIDUAL,1,374458,FIJO,374458,126,22.9,0,1,1,1,1,300,1,710,200056740,2023-02-28,1|1|1|0|1|200056740|
PE,202303,50180387,37992,210102012,779,10,1401,5,PROMOCIÓN INDIVIDUAL,PROMOCIÓN,1,369516,FIJO,369516,99,66.9,0,1,1,1,1,330,1,738,XXXXXXXXX,2023-02-10,5|1|1|0|1|XXXXXXXXX|
PE,202303,35545956,6983,200101086,474,9,590,1,INDIVIDUAL,INDIVIDUAL,1,369170,FIJO,369170,74,96,0,1,1,1,1,300,1,434,200101086,2023-01-24,1|1|1|0|1|200101086|
PE,202304,49946996,37792,210101986,643,10,1355,1,INDIVIDUAL,INDIVIDUAL,1,374325,FIJO,374325,71,99.9,0,1,1,1,1,4,1,592,XXXXXXXXX,2023-02-28,1|1|1|0|1|XXXXXXXXX|
PE,202302,50073300,18277,200109794,532,10,658,1,INDIVIDUAL,INDIVIDUAL,1,365183,FIJO,365183,44,1.9,0,1,1,1,1,72,4,507,200109794,2023-01-20,1|1|1|0|1|200109794|
PE,202302,50020096,35666,200107828,478,9,611,2,SET FIJO,SET,1,365123,FIJO,365123,95,24.5,0,1,1,1,1,311,1,458,200107828,2023-01-10,2|1|1|0|1|200107828|
PE,202302,49389205,17835,210100528,631,10,1040,1,INDIVIDUAL,INDIVIDUAL,2,365283,VARIABLE,365283,12,22.9,0,1,1,1,1,300,1,606,P0132050000,2023-01-20,1|2|1|0|1|P0132050000|
PE,202304,50020096,3925,200094840,39,13,19,999,VOLUMEN,VOLUMEN,2,374746,VARIABLE,374746,58,19.9,0,1,1,1,1,300,1,34,P0210111001,2023-02-21,999|2|1|0|1|P0210111001|
PE,202309,35545956,37851,200102371,1152,24,488,3,SET VARIABLE,SET,1,401597,FIJO,401597,41,10,0,1,1,1,1,429,1,1095,200099469,2023-05-29,3|1|1|0|1|200099469|
PE,202302,50180387,35521,210099696,662,10,153,2,SET FIJO,SET,1,365316,FIJO,365316,40,1.24,0,0,1,1,1,34,1,637,XXXXXXXXX,2023-01-17,2|1|1|0|0|XXXXXXXXX|
PE,202303,35545956,12178,200088035,549,9,1547,1,INDIVIDUAL,INDIVIDUAL,2,369248,VARIABLE,369248,62,46,0,1,1,1,1,300,1,509,P0280076000,2023-01-24,1|2|1|0|1|P0280076000|
PE,202301,10961556,9194,200100334,5,35,3,1,INDIVIDUAL,INDIVIDUAL,2,362604,VARIABLE,362604,155,7.5,0,1,1,1,1,45,2,5,P0292127008,2022-12-27,1|2|1|0|1|P0292127008|
PE,202305,43985620,121609,200095465,4550,45,461,993,993,OTRO,2,383191,VARIABLE,383191,1,5.1,0,1,1,7,1,422,1,3663,200092176,2023-03-14,993|2|1|0|1|200092176|
PE,202302,10961556,9861,210095652,512,10,1052,1,INDIVIDUAL,INDIVIDUAL,1,365163,FIJO,365163,10,18.9,0,1,1,1,1,300,1,487,P0132056004,2023-01-20,1|1|1|0|1|P0132056004|
PE,202302,49946996,9861,210095652,512,10,1052,1,INDIVIDUAL,INDIVIDUAL,1,365163,FIJO,365163,10,18.9,0,1,1,1,1,300,1,487,P0132056004,2023-01-24,1|1|1|0|1|P0132056004|
PE,202305,50180387,18119,200109677,149,10,328,1,INDIVIDUAL,INDIVIDUAL,2,379299,VARIABLE,379299,24,25.9,0,1,1,1,1,300,1,142,P0132059003,2023-03-21,1|2|1|0|1|P0132059003|
PE,202302,20541199,35239,210099079,761,13,883,1,INDIVIDUAL,INDIVIDUAL,1,365422,FIJO,365422,81,54.9,0,1,1,1,1,5,1,734,XXXXXXXXX,2023-01-26,1|1|1|0|1|XXXXXXXXX|
PE,202303,50180387,4745,200106556,643,10,295,1,INDIVIDUAL,INDIVIDUAL,1,369372,FIJO,369372,53,17.9,0,1,1,1,1,300,1,602,200054026,2023-02-10,1|1|1|0|1|200054026|
PE,202302,10961556,37531,200082678,1092,24,216,2,SET FIJO,SET,1,365782,FIJO,365782,18,9.95,0,1,1,1,1,425,1,1057,200056740,2023-01-20,2|1|1|0|1|200056740|
PE,202304,10961556,20465,200112295,712,10,1460,1,INDIVIDUAL,INDIVIDUAL,2,374397,VARIABLE,374397,28,10.5,0,1,1,1,1,300,1,661,P0197145001,2023-03-03,1|2|1|0|1|P0197145001|
PE,202303,50180387,37906,210101982,692,10,1400,1,INDIVIDUAL,INDIVIDUAL,1,369421,FIJO,369421,79,66.9,0,1,1,1,1,4,1,651,XXXXXXXXX,2023-02-10,1|1|1|0|1|XXXXXXXXX|
PE,202303,49389205,37914,210102043,714,10,1407,1,INDIVIDUAL,INDIVIDUAL,1,369443,FIJO,369443,93,46.9,0,1,1,1,1,4,1,673,XXXXXXXXX,2023-02-10,1|1|1|0|1|XXXXXXXXX|
PE,202307,50379884,35426,200105005,881,10,176,5,PROMOCIÓN INDIVIDUAL,PROMOCIÓN,1,390668,FIJO,390668,107,35.9,0,1,1,1,1,330,1,843,200044012,2023-05-13,5|1|1|0|1|200044012|
PE,202301,50180387,3056,200097947,582,10,443,1,INDIVIDUAL,INDIVIDUAL,1,360438,FIJO,360438,46,39.9,0,1,1,1,1,300,1,555,200097947,2023-01-06,1|1|1|0|1|200097947|
PE,202303,50073300,37709,210101503,812,13,1668,1,INDIVIDUAL,INDIVIDUAL,1,369552,FIJO,369552,25,4,0,1,1,1,1,42,1,768,XXXXXXXXX,2023-02-13,1|1|1|0|1|XXXXXXXXX|
PE,202302,50020096,35663,200107822,478,9,611,2,SET FIJO,SET,1,365123,FIJO,365123,95,24.5,0,0,1,1,1,319,1,458,200107822,2023-01-10,2|1|1|0|0|200107822|
PE,202305,45871533,18566,200092360,1208,4,404,999,VOLUMEN,VOLUMEN,2,378889,VARIABLE,378889,70,11.9,0,1,1,1,1,45,2,772,200092360,2023-03-20,999|2|1|0|1|200092360|
PE,202302,49946996,37629,200095170,1088,24,223,2,SET FIJO,SET,1,365778,FIJO,365778,6,5.77,0,0,1,1,1,419,1,1053,200058353,2023-01-24,2|1|1|0|0|200058353|
PE,202310,35545956,9422,200102092,727,10,1327,1,INDIVIDUAL,INDIVIDUAL,2,406049,VARIABLE,406049,18,14.9,0,1,1,1,1,303,1,695,P0132053000,2023-06-19,1|2|1|0|1|P0132053000|
PE,202307,50180387,13915,200106161,797,10,657,1,INDIVIDUAL,INDIVIDUAL,1,390581,FIJO,390581,106,25.9,0,1,1,1,1,300,1,759,200106161,2023-05-02,1|1|1|0|1|200106161|
PE,202303,45871533,38457,200106304,1218,24,660,2,SET FIJO,SET,1,370008,FIJO,370008,7,32.65,0,1,1,1,1,411,1,1171,200106304,2023-02-09,2|1|1|0|1|200106304|
PE,202305,43985620,15125,200106290,1208,4,404,999,VOLUMEN,VOLUMEN,2,378889,VARIABLE,378889,147,99.9,0,1,1,1,1,300,1,772,200106290,2023-03-14,999|2|1|0|1|200106290|
PE,202301,49389205,2622,210098492,985,13,1491,1,INDIVIDUAL,INDIVIDUAL,2,360859,VARIABLE,360859,9,30.9,0,1,1,1,1,300,1,953,P0292100000,2022-12-30,1|2|1|0|1|P0292100000|
PE,202303,10961556,8028,200099202,554,9,1541,1,INDIVIDUAL,INDIVIDUAL,2,369253,VARIABLE,369253,98,58,0,1,1,1,1,300,1,514,P0261097007,2023-02-10,1|2|1|0|1|P0261097007|
PE,202301,50180387,8029,200099203,505,9,1449,1,INDIVIDUAL,INDIVIDUAL,2,360352,VARIABLE,360352,35,82,0,1,1,1,1,321,1,483,P0261097007,2023-01-06,1|2|1|0|1|P0261097007|
PE,202303,50020096,202644,200112453,3362,45,767,2,SET FIJO,SET,1,372240,FIJO,372240,1,39,0,1,1,1,1,201,1,2870,200112453,2023-01-31,2|1|1|0|1|200112453|
PE,202302,35545956,37734,200102045,1172,24,294,999,VOLUMEN,VOLUMEN,1,365880,FIJO,365880,11,37.48,0,1,1,1,3,424,1,1110,200084602,2023-01-05,999|1|3|0|1|200084602|
PE,202307,49946996,35157,210097171,1056,13,1191,1,INDIVIDUAL,INDIVIDUAL,1,390852,FIJO,390852,107,54.9,0,1,1,1,1,300,1,1018,XXXXXXXXX,2023-04-29,1|1|1|0|1|XXXXXXXXX|
PE,202302,50073300,20463,200112293,659,10,1082,1,INDIVIDUAL,INDIVIDUAL,2,365313,VARIABLE,365313,31,9.5,0,1,1,1,1,300,1,634,P0197145001,2023-01-20,1|2|1|0|1|P0197145001|
PE,202302,49389205,35015,200093884,992,13,213,2,SET FIJO,SET,1,365661,FIJO,365661,147,24.39,0,0,1,1,1,319,1,965,200093884,2023-01-20,2|1|1|0|0|200093884|
PE,202308,50379884,74436,400096763,612,4,1824,991,INDIVIDUAL + ADICIONAL,INDIVIDUAL,1,395549,FIJO,395549,254,0,1,0,1,1,1,57,6,567,XXXXXXXXX,2023-06-01,991|1|1|1|0|XXXXXXXXX|
PE,202306,50180387,11878,200089168,998,10,369,1,INDIVIDUAL,INDIVIDUAL,1,384524,FIJO,384524,41,49.9,0,1,1,1,1,323,1,591,200089168,2023-04-11,1|1|1|0|1|200089168|
PE,202304,50180387,15898,200108094,1014,13,1544,1,INDIVIDUAL,INDIVIDUAL,2,374709,VARIABLE,374709,36,26.9,0,1,1,1,1,320,1,959,P0292139009,2023-02-28,1|2|1|0|1|P0292139009|
PE,202309,35545956,37204,200064341,1179,24,224,999,VOLUMEN,VOLUMEN,2,401637,VARIABLE,401637,28,14.97,0,1,1,1,4,422,1,1112,200064341,2023-05-29,999|2|4|0|1|200064341|
PE,202302,50073300,16660,200108788,952,13,1148,1,INDIVIDUAL,INDIVIDUAL,2,365618,VARIABLE,365618,64,26.9,0,1,1,1,1,300,1,925,P0289058009,2023-01-20,1|2|1|0|1|P0289058009|
PE,202306,49946996,15154,200107034,914,9,1789,1,INDIVIDUAL,INDIVIDUAL,2,384425,VARIABLE,384425,52,52,0,1,1,1,1,300,1,510,P0280082000,2023-04-13,1|2|1|0|1|P0280082000|
PE,202304,50180387,37729,200102104,735,10,1428,999,VOLUMEN,VOLUMEN,2,374427,VARIABLE,374427,16,19.96,0,1,1,1,3,320,1,683,P0132053000,2023-02-28,999|2|3|0|1|P0132053000|
PE,202301,10961556,13167,200088568,934,13,263,1,INDIVIDUAL,INDIVIDUAL,1,360807,FIJO,360807,131,17.9,0,1,1,1,1,300,1,902,200062879,2022-12-27,1|1|1|0|1|200062879|
PE,202301,43985620,13167,200088568,934,13,263,1,INDIVIDUAL,INDIVIDUAL,1,360807,FIJO,360807,131,17.9,0,1,1,1,1,300,1,902,200062879,2022-12-20,1|1|1|0|1|200062879|
PE,202306,50379884,40480,200105328,731,4,584,991,INDIVIDUAL + ADICIONAL,INDIVIDUAL,1,384235,FIJO,384235,226,24.9,0,1,1,1,1,50,1,327,200105328,2023-04-20,991|1|1|0|1|200105328|
PE,202304,43985620,16673,200108794,1004,13,1519,1,INDIVIDUAL,INDIVIDUAL,2,374699,VARIABLE,374699,13,28.9,0,1,1,1,1,300,1,949,P0289058009,2023-02-21,1|2|1|0|1|P0289058009|
PE,202304,49389205,129591,210097030,3889,45,919,999,VOLUMEN,VOLUMEN,1,377743,FIJO,377743,1,9.95,0,1,1,1,2,201,1,3391,210097030,2023-03-06,999|1|2|0|1|210097030|
PE,202313,35545956,38359,200105008,1257,26,543,1,INDIVIDUAL,INDIVIDUAL,1,419339,FIJO,419339,0,0,1,1,1,1,1,89,6,1154,200105008,2023-08-21,1|1|1|1|1|200105008|
PE,202309,35545956,36652,200106458,1012,13,1254,999,VOLUMEN,VOLUMEN,2,401454,VARIABLE,401454,58,18.45,0,1,1,1,2,320,1,962,P0210133000,2023-05-29,999|2|2|0|1|P0210133000|
PE,202307,50180387,35403,210097537,859,10,1229,2,SET FIJO,SET,1,390646,FIJO,390646,58,28.93,0,1,1,1,1,310,1,821,210097537,2023-05-02,2|1|1|0|1|210097537|
PE,202308,50379884,13237,200088593,1178,13,276,1,INDIVIDUAL,INDIVIDUAL,1,396169,FIJO,396169,120,20.9,0,1,1,1,1,300,1,1122,200062880,2023-06-01,1|1|1|0|1|200062880|
PE,202305,50073300,42192,200113464,1112,2,1024,2,SET FIJO,SET,1,378767,FIJO,378767,24,19.9,0,1,1,1,1,32,1,683,200113464,2023-03-31,2|1|1|0|1|200113464|
PE,202309,50379884,159484,200103354,4274,45,1307,999,VOLUMEN,VOLUMEN,1,405371,FIJO,405371,1,18.4,0,1,1,1,2,423,1,3574,P0292082007,2023-06-20,999|1|2|0|1|P0292082007|
PE,202303,50073300,37702,210100857,947,13,1361,1,INDIVIDUAL,INDIVIDUAL,1,369694,FIJO,369694,124,129.9,0,1,1,1,1,15,1,903,XXXXXXXXX,2023-02-13,1|1|1|0|1|XXXXXXXXX|
PE,202303,43985620,18592,200110005,857,13,742,1,INDIVIDUAL,INDIVIDUAL,1,369602,FIJO,369602,86,29.9,0,1,1,1,1,300,1,813,200110005,2023-01-31,1|1|1|0|1|200110005|
PE,202305,10961556,15221,200107078,1208,4,404,999,VOLUMEN,VOLUMEN,2,378889,VARIABLE,378889,57,42.9,0,1,1,1,1,300,1,772,P0292107001,2023-03-29,999|2|1|0|1|P0292107001|
PE,202306,49946996,41770,400095707,1820,26,2109,1,INDIVIDUAL,INDIVIDUAL,1,385452,FIJO,385452,0,0,1,1,1,1,1,57,6,1334,XXXXXXXXX,2023-04-13,1|1|1|1|1|XXXXXXXXX|
PE,202306,50180387,41770,400095707,1820,26,2109,1,INDIVIDUAL,INDIVIDUAL,1,385452,FIJO,385452,0,0,1,1,1,1,1,57,6,1334,XXXXXXXXX,2023-04-11,1|1|1|1|1|XXXXXXXXX|
PE,202306,50379884,41770,400095707,1820,26,2109,1,INDIVIDUAL,INDIVIDUAL,1,385452,FIJO,385452,0,0,1,1,1,1,1,57,6,1334,XXXXXXXXX,2023-04-20,1|1|1|1|1|XXXXXXXXX|
PE,202306,50020096,41770,400095707,1820,26,2109,1,INDIVIDUAL,INDIVIDUAL,1,385452,FIJO,385452,0,0,1,1,1,1,1,57,6,1334,XXXXXXXXX,2023-04-04,1|1|1|1|1|XXXXXXXXX|
PE,202305,50180387,35116,210100859,1208,4,404,999,VOLUMEN,VOLUMEN,2,378889,VARIABLE,378889,106,149.9,0,1,1,1,1,15,1,772,XXXXXXXXX,2023-03-21,999|2|1|0|1|XXXXXXXXX|
PE,202306,50379884,16351,200108506,1277,13,322,1,INDIVIDUAL,INDIVIDUAL,1,384819,FIJO,384819,90,15.9,0,1,1,1,1,300,1,865,200080255,2023-04-20,1|1|1|0|1|200080255|
PE,202303,43985620,40436,200105017,253,1,272,2,SET FIJO,SET,1,368889,FIJO,368889,14,14.9,0,0,1,1,1,425,1,218,200063985,2023-01-31,2|1|1|0|0|200063985|
PE,202304,50379884,40827,400095686,1237,26,1740,1,INDIVIDUAL,INDIVIDUAL,1,374995,FIJO,374995,0,0,1,1,1,1,1,57,6,1118,XXXXXXXXX,2023-03-09,1|1|1|1|1|XXXXXXXXX|
PE,202303,43985620,9737,200102348,2965,41,1578,1,INDIVIDUAL,INDIVIDUAL,1,371843,FIJO,371843,4,27.9,0,1,1,1,1,300,1,2473,P0292090009,2023-01-31,1|1|1|0|1|P0292090009|
PE,202307,45871533,102198,210102391,3532,45,1692,1,INDIVIDUAL,INDIVIDUAL,1,393377,FIJO,393377,1,29.9,0,1,1,1,1,201,1,3394,XXXXXXXXX,2023-05-04,1|1|1|0|1|XXXXXXXXX|
PE,202303,43985620,38269,210100298,1205,24,435,2,SET FIJO,SET,1,369993,FIJO,369993,9,0,1,0,1,1,1,26,1,1158,XXXXXXXXX,2023-01-31,2|1|1|1|0|XXXXXXXXX|
PE,202304,50180387,2957,200105041,1054,13,226,999,VOLUMEN,VOLUMEN,1,374757,FIJO,374757,145,49.9,0,1,1,1,1,320,1,995,200056636,2023-02-28,999|1|1|0|1|200056636|
PE,202301,50073300,35622,200088034,1238,24,1454,999,VOLUMEN,VOLUMEN,2,361161,VARIABLE,361161,27,39.9,0,1,1,1,1,421,1,1130,P0280076000,2022-12-28,999|2|1|0|1|P0280076000|
PE,202303,49389205,199776,210095249,4032,45,265,993,993,OTRO,2,373071,VARIABLE,373071,1,17.45,0,1,1,4,1,422,1,3540,210059944,2023-02-10,993|2|1|0|1|210059944|
PE,202312,35545956,39366,200104479,1327,26,620,1,INDIVIDUAL,INDIVIDUAL,1,415048,FIJO,415048,0,0,1,1,1,1,1,77,4,1203,200104479,2023-07-31,1|1|1|1|1|200104479|
PE,202305,49389205,41960,210101561,1208,4,404,999,VOLUMEN,VOLUMEN,2,378889,VARIABLE,378889,179,29.9,0,1,1,1,1,102,2,772,XXXXXXXXX,2023-03-29,999|2|1|0|1|XXXXXXXXX|
PE,202305,45871533,38164,200106441,319,24,351,1,INDIVIDUAL,INDIVIDUAL,2,379887,VARIABLE,379887,2,19.9,0,1,1,1,1,424,1,306,P0210133000,2023-03-20,1|2|1|0|1|P0210133000|
PE,202305,50020096,40902,400096764,1205,4,1850,991,INDIVIDUAL + ADICIONAL,INDIVIDUAL,1,378886,FIJO,378886,255,0,1,0,1,1,1,57,6,770,XXXXXXXXX,2023-03-17,991|1|1|1|0|XXXXXXXXX|
PE,202304,49389205,128220,210092742,3844,45,757,993,993,OTRO,2,377680,VARIABLE,377680,1,26.9,0,1,1,2,1,424,1,3353,210092742,2023-03-06,993|2|1|0|1|210092742|
PE,202304,45871533,7310,200098704,1732,35,452,1,INDIVIDUAL,INDIVIDUAL,1,375505,FIJO,375505,100,11.5,0,1,1,1,1,45,2,1613,200098704,2023-02-28,1|1|1|0|1|200098704|
PE,202303,43985620,38606,210099148,1236,24,307,2,SET FIJO,SET,1,370028,FIJO,370028,26,25.9,0,0,1,1,1,8,1,1189,XXXXXXXXX,2023-01-31,2|1|1|0|0|XXXXXXXXX|
PE,202302,50180387,35233,210098275,902,13,852,1,INDIVIDUAL,INDIVIDUAL,1,365563,FIJO,365563,132,69.9,0,1,1,1,1,5,1,875,XXXXXXXXX,2023-01-17,1|1|1|0|1|XXXXXXXXX|
PE,202305,43985620,121825,200064310,4172,45,559,3,SET VARIABLE,SET,2,382743,VARIABLE,382743,1,13.05,0,1,1,1,1,201,1,3285,200064310,2023-03-14,3|2|1|0|1|200064310|
PE,202306,50379884,605,200103919,1124,10,1680,1,INDIVIDUAL,INDIVIDUAL,2,384654,VARIABLE,384654,2,22.9,0,1,1,1,1,322,1,717,P0132053000,2023-04-20,1|2|1|0|1|P0132053000|
PE,202303,50020096,202645,210100298,3362,45,767,2,SET FIJO,SET,1,372240,FIJO,372240,1,0,1,0,1,1,1,215,1,2870,XXXXXXXXX,2023-01-31,2|1|1|1|0|XXXXXXXXX|
PE,202305,49946996,7861,200086139,1234,9,402,1,INDIVIDUAL,INDIVIDUAL,1,378915,FIJO,378915,14,65,0,1,1,1,1,300,1,788,200004616,2023-03-21,1|1|1|0|1|200004616|
PE,202301,50073300,38756,200113740,332,4,1692,991,INDIVIDUAL + ADICIONAL,INDIVIDUAL,1,360176,FIJO,360176,207,0,1,1,1,1,1,92,6,313,XXXXXXXXX,2022-12-28,991|1|1|1|1|XXXXXXXXX|
PE,202302,50180387,35530,210101851,669,10,310,2,SET FIJO,SET,1,365323,FIJO,365323,90,1.35,0,0,1,1,1,34,1,644,XXXXXXXXX,2023-01-17,2|1|1|0|0|XXXXXXXXX|
PE,202306,35545956,38740,200105017,1754,24,173,999,VOLUMEN,VOLUMEN,1,385361,FIJO,385361,213,13.73,0,1,1,1,2,429,1,1285,200063985,2023-03-29,999|1|2|0|1|200063985|
PE,202303,50180387,39649,400096761,392,4,1802,991,INDIVIDUAL + ADICIONAL,INDIVIDUAL,1,369072,FIJO,369072,252,0,1,0,1,1,1,57,6,352,XXXXXXXXX,2023-02-10,991|1|1|1|0|XXXXXXXXX|
PE,202301,10961556,35931,200108752,1155,24,129,999,VOLUMEN,VOLUMEN,2,361072,VARIABLE,361072,21,15.9,0,1,1,1,1,422,1,1110,200056621,2022-12-27,999|2|1|0|1|200056621|
PE,202307,50379884,38886,400095672,1551,26,2145,1,INDIVIDUAL,INDIVIDUAL,1,391393,FIJO,391393,0,0,1,1,1,1,1,57,6,1415,XXXXXXXXX,2023-05-13,1|1|1|1|1|XXXXXXXXX|
PE,202307,49946996,38886,400095672,1551,26,2145,1,INDIVIDUAL,INDIVIDUAL,1,391393,FIJO,391393,0,0,1,1,1,1,1,57,6,1415,XXXXXXXXX,2023-04-29,1|1|1|1|1|XXXXXXXXX|
PE,202307,35545956,38886,400095672,1551,26,2145,1,INDIVIDUAL,INDIVIDUAL,1,391393,FIJO,391393,0,0,1,1,1,1,1,57,6,1415,XXXXXXXXX,2023-04-19,1|1|1|1|1|XXXXXXXXX|
PE,202307,50180387,38886,400095672,1551,26,2145,1,INDIVIDUAL,INDIVIDUAL,1,391393,FIJO,391393,0,0,1,1,1,1,1,57,6,1415,XXXXXXXXX,2023-05-02,1|1|1|1|1|XXXXXXXXX|
PE,202307,45871533,38886,400095672,1551,26,2145,1,INDIVIDUAL,INDIVIDUAL,1,391393,FIJO,391393,0,0,1,1,1,1,1,57,6,1415,XXXXXXXXX,2023-05-04,1|1|1|1|1|XXXXXXXXX|
PE,202307,50020096,38886,400095672,1551,26,2145,1,INDIVIDUAL,INDIVIDUAL,1,391393,FIJO,391393,0,0,1,1,1,1,1,57,6,1415,XXXXXXXXX,2023-04-26,1|1|1|1|1|XXXXXXXXX|
PE,202307,50379884,39435,200106359,1694,26,680,1,INDIVIDUAL,INDIVIDUAL,1,391537,FIJO,391537,0,0,1,1,1,1,1,77,4,1558,200106359,2023-05-13,1|1|1|1|1|200106359|
PE,202304,45871533,38093,200102045,1158,24,300,999,VOLUMEN,VOLUMEN,1,374888,FIJO,374888,7,44.97,0,1,1,1,2,424,1,1082,200084602,2023-02-28,999|1|2|0|1|200084602|
PE,202304,49389205,102250,200105655,3920,45,216,999,VOLUMEN,VOLUMEN,1,377774,FIJO,377774,1,19.9,0,1,1,1,3,422,1,3419,200056155,2023-03-06,999|1|3|0|1|200056155|
PE,202303,50073300,39613,200106161,372,4,528,991,INDIVIDUAL + ADICIONAL,INDIVIDUAL,1,369042,FIJO,369042,220,0,1,0,1,1,1,50,1,332,200106161,2023-02-13,991|1|1|1|0|200106161|
PE,202301,50180387,38773,400096759,326,4,1686,991,INDIVIDUAL + ADICIONAL,INDIVIDUAL,1,360169,FIJO,360169,250,0,1,0,1,1,1,57,6,307,XXXXXXXXX,2023-01-06,991|1|1|1|0|XXXXXXXXX|
PE,202303,35545956,16350,200108505,893,13,394,1,INDIVIDUAL,INDIVIDUAL,1,369638,FIJO,369638,106,15.9,0,1,1,1,1,300,1,849,200080256,2023-01-24,1|1|1|0|1|200080256|
PE,202306,50180387,37705,210102132,1316,13,1606,1,INDIVIDUAL,INDIVIDUAL,1,384863,FIJO,384863,105,134.9,0,1,1,1,1,4,1,904,XXXXXXXXX,2023-04-11,1|1|1|0|1|XXXXXXXXX|
PE,202307,50020096,36132,210103548,1311,24,1737,1,INDIVIDUAL,INDIVIDUAL,1,391111,FIJO,391111,46,39.9,0,1,1,1,1,401,1,1270,XXXXXXXXX,2023-04-26,1|1|1|0|1|XXXXXXXXX|
PE,202314,35545956,37302,400098434,1675,26,1664,1,INDIVIDUAL,INDIVIDUAL,1,423651,FIJO,423651,0,0,1,1,1,1,1,57,6,1402,XXXXXXXXX,2023-09-04,1|1|1|1|1|XXXXXXXXX|
PE,202305,50020096,16387,200090337,1723,13,629,1,INDIVIDUAL,INDIVIDUAL,1,379605,FIJO,379605,122,24.9,0,1,1,1,1,321,1,1271,200084783,2023-03-17,1|1|1|0|1|200084783|
PE,202306,49946996,10573,210096239,1450,13,1755,1,INDIVIDUAL,INDIVIDUAL,2,385010,VARIABLE,385010,59,16.9,0,1,1,1,1,300,1,1038,P0210136000,2023-04-13,1|2|1|0|1|P0210136000|
PE,202301,49389205,39574,400095684,1288,26,1679,1,INDIVIDUAL,INDIVIDUAL,1,361225,FIJO,361225,0,0,1,1,1,1,1,57,6,1179,XXXXXXXXX,2022-12-30,1|1|1|1|1|XXXXXXXXX|
PE,202301,50020096,39574,400095684,1288,26,1679,1,INDIVIDUAL,INDIVIDUAL,1,361225,FIJO,361225,0,0,1,1,1,1,1,57,6,1179,XXXXXXXXX,2022-12-17,1|1|1|1|1|XXXXXXXXX|
PE,202301,35545956,39574,400095684,1288,26,1679,1,INDIVIDUAL,INDIVIDUAL,1,361225,FIJO,361225,0,0,1,1,1,1,1,57,6,1179,XXXXXXXXX,2022-12-06,1|1|1|1|1|XXXXXXXXX|
PE,202301,20541199,39574,400095684,1288,26,1679,1,INDIVIDUAL,INDIVIDUAL,1,361225,FIJO,361225,0,0,1,1,1,1,1,57,6,1179,XXXXXXXXX,2022-12-26,1|1|1|1|1|XXXXXXXXX|
PE,202301,50180387,39574,400095684,1288,26,1679,1,INDIVIDUAL,INDIVIDUAL,1,361225,FIJO,361225,0,0,1,1,1,1,1,57,6,1179,XXXXXXXXX,2023-01-06,1|1|1|1|1|XXXXXXXXX|
PE,202301,49946996,39574,400095684,1288,26,1679,1,INDIVIDUAL,INDIVIDUAL,1,361225,FIJO,361225,0,0,1,1,1,1,1,57,6,1179,XXXXXXXXX,2023-01-06,1|1|1|1|1|XXXXXXXXX|
PE,202301,43985620,39574,400095684,1288,26,1679,1,INDIVIDUAL,INDIVIDUAL,1,361225,FIJO,361225,0,0,1,1,1,1,1,57,6,1179,XXXXXXXXX,2022-12-20,1|1|1|1|1|XXXXXXXXX|
PE,202301,10961556,39574,400095684,1288,26,1679,1,INDIVIDUAL,INDIVIDUAL,1,361225,FIJO,361225,0,0,1,1,1,1,1,57,6,1179,XXXXXXXXX,2022-12-27,1|1|1|1|1|XXXXXXXXX|
PE,202301,50073300,39574,400095684,1288,26,1679,1,INDIVIDUAL,INDIVIDUAL,1,361225,FIJO,361225,0,0,1,1,1,1,1,57,6,1179,XXXXXXXXX,2022-12-28,1|1|1|1|1|XXXXXXXXX|
PE,202305,50180387,632,200103923,172,10,322,999,VOLUMEN,VOLUMEN,2,379365,VARIABLE,379365,16,24.9,0,1,1,1,1,320,1,165,P0132053000,2023-03-21,999|2|1|0|1|P0132053000|
PE,202302,50020096,38758,400096761,270,4,1305,991,INDIVIDUAL + ADICIONAL,INDIVIDUAL,1,364909,FIJO,364909,252,0,1,0,1,1,1,57,6,257,XXXXXXXXX,2023-01-10,991|1|1|1|0|XXXXXXXXX|
PE,202308,45871533,75815,400097963,1671,26,1791,1,INDIVIDUAL,INDIVIDUAL,1,396760,FIJO,396760,0,0,1,1,1,1,1,57,6,1533,XXXXXXXXX,2023-05-22,1|1|1|1|1|XXXXXXXXX|
PE,202303,50020096,39655,400096762,395,4,1805,991,INDIVIDUAL + ADICIONAL,INDIVIDUAL,1,369078,FIJO,369078,253,0,1,0,1,1,1,57,6,355,XXXXXXXXX,2023-01-31,991|1|1|1|0|XXXXXXXXX|
PE,202308,45871533,1814,200106435,3341,35,1451,1,INDIVIDUAL,INDIVIDUAL,2,398430,VARIABLE,398430,155,9.9,0,1,1,1,1,45,2,3203,P0210133000,2023-05-22,1|2|1|0|1|P0210133000|
PE,202305,35545956,42014,200106440,2162,26,1608,1,INDIVIDUAL,INDIVIDUAL,2,380207,VARIABLE,380207,,19.9,0,1,1,1,1,27,1,1635,P0210133000,2023-03-08,1|2|1|0|1|P0210133000|
PE,202305,10961556,6235,200085523,1354,9,1651,1,INDIVIDUAL,INDIVIDUAL,2,379053,VARIABLE,379053,68,55,0,1,1,1,1,300,1,908,P0285050000,2023-03-29,1|2|1|0|1|P0285050000|
PE,202307,50020096,35914,200103452,1420,24,172,999,VOLUMEN,VOLUMEN,2,391247,VARIABLE,391247,30,7.63,0,1,1,1,3,422,1,1372,200072404,2023-04-26,999|2|3|0|1|200072404|
PE,202305,10961556,15221,200107078,1834,13,1673,1,INDIVIDUAL,INDIVIDUAL,2,379748,VARIABLE,379748,57,42.9,0,1,1,1,1,300,1,1382,P0292107001,2023-03-29,1|2|1|0|1|P0292107001|
PE,202305,10961556,1213,210098462,1525,10,1589,1,INDIVIDUAL,INDIVIDUAL,2,379314,VARIABLE,379314,28,15.9,0,1,1,1,1,300,1,1076,P0197132000,2023-03-29,1|2|1|0|1|P0197132000|
PE,202305,50073300,3014,200082652,217,13,50,1,INDIVIDUAL,INDIVIDUAL,1,379459,FIJO,379459,123,43.9,0,1,1,1,1,322,1,206,200037734,2023-03-31,1|1|1|0|1|200037734|
PE,202305,49389205,41960,210101561,3030,35,1471,1,INDIVIDUAL,INDIVIDUAL,1,381086,FIJO,381086,179,29.9,0,1,1,1,1,102,2,2503,XXXXXXXXX,2023-03-29,1|1|1|0|1|XXXXXXXXX|
PE,202307,50180387,35332,210099634,758,10,1451,1,INDIVIDUAL,INDIVIDUAL,1,390542,FIJO,390542,85,99.9,0,1,1,1,1,301,1,720,XXXXXXXXX,2023-05-02,1|1|1|0|1|XXXXXXXXX|
PE,202304,43985620,41401,210101651,2226,35,1346,1,INDIVIDUAL,INDIVIDUAL,1,375999,FIJO,375999,165,55.5,0,1,1,1,1,45,2,2107,XXXXXXXXX,2023-02-21,1|1|1|0|1|XXXXXXXXX|
PE,202302,50180387,35474,200083615,667,10,314,2,SET FIJO,SET,1,365321,FIJO,365321,52,41.13,0,1,1,1,1,311,1,642,200083615,2023-01-17,2|1|1|0|1|200083615|
PE,202302,50073300,15554,200107366,656,10,1106,1,INDIVIDUAL,INDIVIDUAL,2,365309,VARIABLE,365309,36,13.9,0,1,1,1,1,300,1,631,P0216057005,2023-01-20,1|2|1|0|1|P0216057005|
PE,202305,43985620,121597,200095426,4550,45,461,993,993,OTRO,2,383191,VARIABLE,383191,1,5.1,0,1,1,7,1,422,1,3663,200067317,2023-03-14,993|2|1|0|1|200067317|
PE,202302,43985620,18041,200091875,725,13,366,1,INDIVIDUAL,INDIVIDUAL,1,365386,FIJO,365386,45,40.9,0,1,1,1,1,300,1,698,200091875,2023-01-10,1|1|1|0|1|200091875|
PE,202302,49389205,35327,200109119,1013,13,567,991,INDIVIDUAL + ADICIONAL,INDIVIDUAL,1,365700,FIJO,365700,17,0,1,0,1,1,1,309,1,986,200109119,2023-01-20,991|1|1|1|0|200109119|
PE,202308,45871533,15326,210098881,957,10,1411,1,INDIVIDUAL,INDIVIDUAL,2,395919,VARIABLE,395919,10,35.9,0,1,1,1,1,300,1,902,P0132058000,2023-05-22,1|2|1|0|1|P0132058000|
PE,202307,50180387,38752,210101851,809,10,1986,1,INDIVIDUAL,INDIVIDUAL,1,390593,FIJO,390593,58,2.54,0,1,1,1,1,34,1,771,XXXXXXXXX,2023-05-02,1|1|1|0|1|XXXXXXXXX|
PE,202302,49946996,35287,210100298,2509,41,293,2,SET FIJO,SET,1,367248,FIJO,367248,2,0,1,0,1,1,1,34,1,2057,XXXXXXXXX,2023-01-24,2|1|1|1|0|XXXXXXXXX|
PE,202301,43985620,2957,200105041,1033,13,226,5,PROMOCIÓN INDIVIDUAL,PROMOCIÓN,1,360927,FIJO,360927,159,31.9,0,1,1,1,1,330,1,1001,200056636,2022-12-20,5|1|1|0|1|200056636|
PE,202303,10961556,38036,210103726,1152,24,1449,1,INDIVIDUAL,INDIVIDUAL,1,369937,FIJO,369937,46,39.9,0,1,1,1,1,115,1,1105,XXXXXXXXX,2023-02-10,1|1|1|0|1|XXXXXXXXX|
PE,202307,50180387,35350,210102542,772,10,1699,1,INDIVIDUAL,INDIVIDUAL,1,390556,FIJO,390556,93,66.9,0,1,1,1,1,300,1,734,XXXXXXXXX,2023-05-02,1|1|1|0|1|XXXXXXXXX|
PE,202309,35545956,37854,210102116,1152,24,488,3,SET VARIABLE,SET,2,401598,VARIABLE,401598,39,19.9,0,0,0,1,1,411,1,1095,P0132131001,2023-05-29,3|2|1|0|0|P0132131001|
PE,202312,35545956,164307,200105195,3660,45,217,993,993,OTRO,2,417532,VARIABLE,417532,1,5.1,0,1,1,7,1,421,1,3110,200046331,2023-07-31,993|2|1|0|1|200046331|
PE,202304,50180387,37770,210098767,644,10,1092,1,INDIVIDUAL,INDIVIDUAL,1,374326,FIJO,374326,72,109.9,0,1,1,1,1,4,1,593,XXXXXXXXX,2023-02-28,1|1|1|0|1|XXXXXXXXX|
PE,202304,10961556,38577,200089168,1189,24,175,999,VOLUMEN,VOLUMEN,1,374923,FIJO,374923,11,22.48,0,1,1,1,2,429,1,1089,200089168,2023-03-03,999|1|2|0|1|200089168|
PE,202301,50020096,10505,200103025,924,13,155,1,INDIVIDUAL,INDIVIDUAL,1,360797,FIJO,360797,128,29.9,0,1,1,1,1,303,1,892,200039966,2022-12-17,1|1|1|0|1|200039966|
PE,202301,43985620,10505,200103025,924,13,155,1,INDIVIDUAL,INDIVIDUAL,1,360797,FIJO,360797,128,29.9,0,1,1,1,1,303,1,892,200039966,2022-12-20,1|1|1|0|1|200039966|
PE,202305,50073300,3014,200082652,1208,4,404,999,VOLUMEN,VOLUMEN,2,378889,VARIABLE,378889,139,30.9,0,1,1,1,1,331,1,772,200037734,2023-03-31,999|2|1|0|1|200037734|
PE,202304,49946996,5650,210098523,704,10,1452,1,INDIVIDUAL,INDIVIDUAL,2,374388,VARIABLE,374388,34,15.9,0,1,1,1,1,300,1,653,P0197106006,2023-02-28,1|2|1|0|1|P0197106006|
PE,202308,45871533,75578,220045035,232,1,1878,1,INDIVIDUAL,INDIVIDUAL,1,395151,FIJO,395151,25,0,1,1,1,1,1,89,6,192,XXXXXXXXX,2023-05-22,1|1|1|1|1|XXXXXXXXX|
PE,202311,35545956,2935,200105017,810,10,261,5,PROMOCIÓN INDIVIDUAL,PROMOCIÓN,2,410242,VARIABLE,410242,95,21.9,0,1,1,1,1,330,1,624,200063985,2023-07-17,5|2|1|0|1|200063985|
PE,202304,43985620,16072,210099426,689,10,1425,1,INDIVIDUAL,INDIVIDUAL,2,374372,VARIABLE,374372,10,31.9,0,1,1,1,1,300,1,638,P0132051000,2023-02-21,1|2|1|0|1|P0132051000|
PE,202305,49946996,35661,200103354,1208,4,404,999,VOLUMEN,VOLUMEN,2,378889,VARIABLE,378889,11,25.9,0,1,1,1,1,423,1,772,P0292082007,2023-03-21,999|2|1|0|1|P0292082007|
PE,202302,50180387,35079,200099262,998,13,471,2,SET FIJO,SET,1,365667,FIJO,365667,18,50.09,0,1,1,1,1,310,1,971,200099262,2023-01-17,2|1|1|0|1|200099262|
PE,202302,50180387,35203,200108752,979,13,95,2,SET FIJO,SET,1,365647,FIJO,365647,27,17.61,0,0,1,1,1,319,1,952,200056621,2023-01-17,2|1|1|0|0|200056621|
PE,202306,50180387,41084,400096764,756,4,2131,991,INDIVIDUAL + ADICIONAL,INDIVIDUAL,1,384266,FIJO,384266,255,0,1,0,1,1,1,57,6,352,XXXXXXXXX,2023-04-11,991|1|1|1|0|XXXXXXXXX|
PE,202308,50020096,117348,200083596,4802,45,254,999,VOLUMEN,VOLUMEN,1,399987,FIJO,399987,1,34.9,0,1,1,1,1,201,1,4205,200083596,2023-05-24,999|1|1|0|1|200083596|
PE,202308,50379884,20221,200111996,841,10,1461,1,INDIVIDUAL,INDIVIDUAL,1,395798,FIJO,395798,27,17.9,0,1,1,1,1,300,1,786,P0216059003,2023-06-01,1|1|1|0|1|P0216059003|
PE,202306,50180387,11272,200113722,1124,10,1680,1,INDIVIDUAL,INDIVIDUAL,2,384654,VARIABLE,384654,2,22.9,0,1,1,1,1,322,1,717,P0132053000,2023-04-11,1|2|1|0|1|P0132053000|
PE,202302,35545956,37648,200095464,1150,24,143,999,VOLUMEN,VOLUMEN,2,365858,VARIABLE,365858,19,7.38,0,1,1,1,5,422,1,1105,200092172,2023-01-05,999|2|5|0|1|200092172|
PE,202301,20541199,102094,200105017,4057,45,266,999,VOLUMEN,VOLUMEN,1,364152,FIJO,364152,1,13.99,0,1,1,1,10,422,1,3596,200063985,2022-12-26,999|1|10|0|1|200063985|
PE,202301,35545956,35998,210096995,1078,24,1058,1,INDIVIDUAL,INDIVIDUAL,1,360978,FIJO,360978,34,34.9,0,1,1,1,1,3,1,1037,XXXXXXXXX,2022-12-06,1|1|1|0|1|XXXXXXXXX|
PE,202302,49389205,37917,200106304,1160,24,204,999,VOLUMEN,VOLUMEN,1,365868,FIJO,365868,2,39.9,0,1,1,1,1,423,1,1109,200106304,2023-01-20,999|1|1|0|1|200106304|
PE,202305,50379884,40255,200105005,1186,4,466,991,INDIVIDUAL + ADICIONAL,INDIVIDUAL,1,378852,FIJO,378852,224,19.9,0,1,1,1,1,50,1,751,200044012,2023-03-27,991|1|1|0|1|200044012|
PE,202307,45871533,2644,200104938,982,13,424,1,INDIVIDUAL,INDIVIDUAL,1,390777,FIJO,390777,85,18.9,0,1,1,1,1,300,1,944,200092361,2023-05-04,1|1|1|0|1|200092361|
PE,202304,49946996,2060,200064310,769,13,267,1,INDIVIDUAL,INDIVIDUAL,1,374462,FIJO,374462,127,22.9,0,1,1,1,1,300,1,714,200064310,2023-02-28,1|1|1|0|1|200064310|
PE,202304,43985620,2060,200064310,769,13,267,1,INDIVIDUAL,INDIVIDUAL,1,374462,FIJO,374462,127,22.9,0,1,1,1,1,300,1,714,200064310,2023-02-21,1|1|1|0|1|200064310|
PE,202303,50180387,5933,200106604,746,10,1489,1,INDIVIDUAL,INDIVIDUAL,2,369479,VARIABLE,369479,48,16.9,0,1,1,1,1,300,1,705,P0197105003,2023-02-10,1|2|1|0|1|P0197105003|
PE,202304,43985620,2624,200093883,870,13,296,1,INDIVIDUAL,INDIVIDUAL,1,374563,FIJO,374563,153,30.9,0,1,1,1,1,300,1,815,200076632,2023-02-21,1|1|1|0|1|200076632|
PE,202308,50020096,16403,200090352,1161,13,311,1,INDIVIDUAL,INDIVIDUAL,1,396152,FIJO,396152,112,34.9,0,1,1,1,1,300,1,1105,200079482,2023-05-24,1|1|1|0|1|200079482|
PE,202304,50020096,7529,200085822,943,13,184,1,INDIVIDUAL,INDIVIDUAL,1,374638,FIJO,374638,49,69.9,0,1,1,1,1,300,1,888,200046830,2023-02-21,1|1|1|0|1|200046830|
PE,202301,10961556,35672,200095374,1154,24,168,999,VOLUMEN,VOLUMEN,2,361071,VARIABLE,361071,21,7.38,0,1,1,1,5,422,1,1109,200043493,2022-12-27,999|2|5|0|1|200043493|
PE,202302,43985620,16075,210099429,634,10,1041,1,INDIVIDUAL,INDIVIDUAL,2,365287,VARIABLE,365287,16,38.9,0,1,1,1,1,300,1,609,P0132051000,2023-01-10,1|2|1|0|1|P0132051000|
PE,202303,49946996,37891,210100664,790,10,1270,999,VOLUMEN,VOLUMEN,2,369530,VARIABLE,369530,80,46.9,0,1,1,1,1,106,1,747,XXXXXXXXX,2023-02-09,999|2|1|0|1|XXXXXXXXX|
PE,202304,50020096,16353,200108507,956,13,310,1,INDIVIDUAL,INDIVIDUAL,1,374651,FIJO,374651,105,14.9,0,1,1,1,1,300,1,901,200080259,2023-02-21,1|1|1|0|1|200080259|
PE,202304,43985620,5268,200095517,800,13,405,1,INDIVIDUAL,INDIVIDUAL,1,374493,FIJO,374493,120,19.9,0,1,1,1,1,300,1,745,200095517,2023-02-21,1|1|1|0|1|200095517|
PE,202307,45871533,37301,210092767,3273,35,538,2,SET FIJO,SET,1,393117,FIJO,393117,142,12.9,0,0,1,1,1,45,2,3137,P0292141004,2023-05-04,2|1|1|0|0|P0292141004|
PE,202303,43985620,1361,200084777,676,10,302,1,INDIVIDUAL,INDIVIDUAL,1,369405,FIJO,369405,75,15.9,0,1,1,1,1,300,1,635,200056331,2023-01-31,1|1|1|0|1|200056331|
PE,202301,43985620,35667,200095170,1124,24,235,2,SET FIJO,SET,1,361027,FIJO,361027,14,7.37,0,0,1,1,1,419,1,1083,200058353,2022-12-20,2|1|1|0|0|200058353|
PE,202302,50020096,39690,400095667,1237,26,1290,1,INDIVIDUAL,INDIVIDUAL,1,365946,FIJO,365946,0,0,1,1,1,1,1,57,6,1140,XXXXXXXXX,2023-01-10,1|1|1|1|1|XXXXXXXXX|
PE,202302,43985620,39690,400095667,1237,26,1290,1,INDIVIDUAL,INDIVIDUAL,1,365946,FIJO,365946,0,0,1,1,1,1,1,57,6,1140,XXXXXXXXX,2023-01-10,1|1|1|1|1|XXXXXXXXX|
PE,202302,49389205,39690,400095667,1237,26,1290,1,INDIVIDUAL,INDIVIDUAL,1,365946,FIJO,365946,0,0,1,1,1,1,1,57,6,1140,XXXXXXXXX,2023-01-20,1|1|1|1|1|XXXXXXXXX|
PE,202302,10961556,39690,400095667,1237,26,1290,1,INDIVIDUAL,INDIVIDUAL,1,365946,FIJO,365946,0,0,1,1,1,1,1,57,6,1140,XXXXXXXXX,2023-01-20,1|1|1|1|1|XXXXXXXXX|
PE,202302,35545956,39690,400095667,1237,26,1290,1,INDIVIDUAL,INDIVIDUAL,1,365946,FIJO,365946,0,0,1,1,1,1,1,57,6,1140,XXXXXXXXX,2023-01-05,1|1|1|1|1|XXXXXXXXX|
PE,202302,50073300,39690,400095667,1237,26,1290,1,INDIVIDUAL,INDIVIDUAL,1,365946,FIJO,365946,0,0,1,1,1,1,1,57,6,1140,XXXXXXXXX,2023-01-20,1|1|1|1|1|XXXXXXXXX|
PE,202302,20541199,39690,400095667,1237,26,1290,1,INDIVIDUAL,INDIVIDUAL,1,365946,FIJO,365946,0,0,1,1,1,1,1,57,6,1140,XXXXXXXXX,2023-01-26,1|1|1|1|1|XXXXXXXXX|
PE,202302,50180387,39690,400095667,1237,26,1290,1,INDIVIDUAL,INDIVIDUAL,1,365946,FIJO,365946,0,0,1,1,1,1,1,57,6,1140,XXXXXXXXX,2023-01-17,1|1|1|1|1|XXXXXXXXX|
PE,202302,49946996,39690,400095667,1237,26,1290,1,INDIVIDUAL,INDIVIDUAL,1,365946,FIJO,365946,0,0,1,1,1,1,1,57,6,1140,XXXXXXXXX,2023-01-24,1|1|1|1|1|XXXXXXXXX|
PE,202303,43985620,38458,200108409,1217,24,418,2,SET FIJO,SET,1,370007,FIJO,370007,7,18.34,0,0,1,1,1,419,1,1170,200011767,2023-01-31,2|1|1|0|0|200011767|
PE,202302,49389205,35051,200095374,992,13,213,2,SET FIJO,SET,1,365661,FIJO,365661,147,7.57,0,0,1,1,1,319,1,965,200043493,2023-01-20,2|1|1|0|0|200043493|
PE,202305,49389205,4520,200105655,1208,4,404,999,VOLUMEN,VOLUMEN,2,378889,VARIABLE,378889,120,24.9,0,1,1,1,1,300,1,772,200056155,2023-03-29,999|2|1|0|1|200056155|
PE,202301,50180387,15511,200107337,612,10,611,1,INDIVIDUAL,INDIVIDUAL,1,360468,FIJO,360468,65,25.9,0,1,1,1,1,300,1,585,200107337,2023-01-06,1|1|1|0|1|200107337|
PE,202304,49389205,129602,210095652,3329,45,664,2,SET FIJO,SET,1,377105,FIJO,377105,1,5,0,0,1,1,1,201,1,2838,P0132056004,2023-03-06,2|1|1|0|0|P0132056004|
PE,202304,35545956,104014,200100855,3278,45,483,2,SET FIJO,SET,1,377054,FIJO,377054,1,17.45,0,1,1,1,1,201,1,2787,200100855,2023-02-13,2|1|1|0|1|200100855|
PE,202304,43985620,15217,200089498,1039,13,214,5,PROMOCIÓN INDIVIDUAL,PROMOCIÓN,2,374738,VARIABLE,374738,115,35.9,0,1,1,1,1,331,1,984,200056090,2023-02-21,5|2|1|0|1|200056090|
PE,202306,50379884,6665,200096723,1339,13,459,1,INDIVIDUAL,INDIVIDUAL,1,384890,FIJO,384890,118,24.9,0,1,1,1,1,320,1,927,200096723,2023-04-20,1|1|1|0|1|200096723|
PE,202306,50020096,12648,200088271,3492,35,350,999,VOLUMEN,VOLUMEN,1,387505,FIJO,387505,201,1.4,0,1,1,1,1,126,4,2955,200088271,2023-04-04,999|1|1|0|1|200088271|
PE,202304,50020096,5038,200098244,1015,13,1472,1,INDIVIDUAL,INDIVIDUAL,2,374710,VARIABLE,374710,40,15.9,0,1,1,1,1,300,1,960,P0210111001,2023-02-21,1|2|1|0|1|P0210111001|
PE,202301,35545956,39570,200105329,1284,26,571,1,INDIVIDUAL,INDIVIDUAL,1,361220,FIJO,361220,0,0,1,1,1,1,1,89,6,1175,200105329,2022-12-06,1|1|1|1|1|200105329|
PE,202305,50180387,40908,400096763,1202,4,1847,991,INDIVIDUAL + ADICIONAL,INDIVIDUAL,1,378881,FIJO,378881,254,0,1,0,1,1,1,57,6,767,XXXXXXXXX,2023-03-21,991|1|1|1|0|XXXXXXXXX|
PE,202303,10961556,40853,200108516,2596,35,706,999,VOLUMEN,VOLUMEN,1,371474,FIJO,371474,197,19.95,0,1,1,1,2,45,2,2468,200108516,2023-02-10,999|1|2|0|1|200108516|
PE,202301,10961556,35665,200095170,1154,24,168,999,VOLUMEN,VOLUMEN,2,361071,VARIABLE,361071,21,7.38,0,1,1,1,5,422,1,1109,200058353,2022-12-27,999|2|5|0|1|200058353|
PE,202303,43985620,38467,210100298,1217,24,418,2,SET FIJO,SET,1,370007,FIJO,370007,7,0,1,0,1,1,1,26,1,1170,XXXXXXXXX,2023-01-31,2|1|1|1|0|XXXXXXXXX|
PE,202304,49946996,38344,200111301,539,9,1489,3,SET VARIABLE,SET,1,374206,FIJO,374206,541,39,0,0,0,1,1,319,1,500,P0486059000,2023-02-28,3|1|1|0|0|P0486059000|
PE,202311,35545956,39821,400098286,1363,26,1511,1,INDIVIDUAL,INDIVIDUAL,1,410896,FIJO,410896,0,0,1,1,1,1,1,57,6,1097,XXXXXXXXX,2023-07-17,1|1|1|1|1|XXXXXXXXX|
PE,202304,50020096,129418,200110090,3468,45,598,1,INDIVIDUAL,INDIVIDUAL,2,377281,VARIABLE,377281,1,16.9,0,1,1,1,1,201,1,2977,200110090,2023-02-21,1|2|1|0|1|200110090|
PE,202305,50020096,42041,200099047,972,1,409,1,INDIVIDUAL,INDIVIDUAL,1,378614,FIJO,378614,15,12.5,0,1,1,1,1,425,1,543,200012014,2023-03-17,1|1|1|0|1|200012014|
PE,202301,20541199,35769,200101481,1213,24,240,999,VOLUMEN,VOLUMEN,2,361136,VARIABLE,361136,9,16.23,0,1,1,1,8,425,1,1124,200101481,2022-12-26,999|2|8|0|1|200101481|
PE,202305,50180387,20814,200112951,1208,4,404,999,VOLUMEN,VOLUMEN,2,378889,VARIABLE,378889,8,21.9,0,1,1,1,1,303,1,772,P0210085000,2023-03-21,999|2|1|0|1|P0210085000|
PE,202307,50020096,18721,200110089,573,9,799,1,INDIVIDUAL,INDIVIDUAL,1,390349,FIJO,390349,77,23,0,1,1,1,1,300,1,537,200110089,2023-04-26,1|1|1|0|1|200110089|
PE,202303,49946996,7909,200099098,552,9,1539,1,INDIVIDUAL,INDIVIDUAL,2,369251,VARIABLE,369251,58,58,0,1,1,1,1,300,1,512,P0261096002,2023-02-09,1|2|1|0|1|P0261096002|
PE,202302,50073300,121831,200107144,2702,45,1104,1,INDIVIDUAL,INDIVIDUAL,1,367441,FIJO,367441,1,9.9,0,1,1,1,1,201,1,2250,P0216057000,2023-01-20,1|1|1|0|1|P0216057000|
PE,202312,35545956,39383,400098340,1341,26,1610,1,INDIVIDUAL,INDIVIDUAL,1,415068,FIJO,415068,0,0,1,1,1,1,1,57,6,1217,XXXXXXXXX,2023-07-31,1|1|1|1|1|XXXXXXXXX|
PE,202302,50020096,10895,200103452,406,9,276,1,INDIVIDUAL,INDIVIDUAL,1,365050,FIJO,365050,84,14,0,1,1,1,1,300,1,386,200072404,2023-01-10,1|1|1|0|1|200072404|
PE,202306,35545956,38805,200102109,1710,24,1680,999,VOLUMEN,VOLUMEN,2,385294,VARIABLE,385294,52,11.98,0,1,1,1,5,422,1,1275,P0132053000,2023-03-29,999|2|5|0|1|P0132053000|
PE,202301,49946996,38775,400096762,335,4,1695,991,INDIVIDUAL + ADICIONAL,INDIVIDUAL,1,360180,FIJO,360180,253,0,1,0,1,1,1,57,6,316,XXXXXXXXX,2023-01-06,991|1|1|1|0|XXXXXXXXX|
PE,202301,50180387,40159,400095683,1487,26,1678,1,INDIVIDUAL,INDIVIDUAL,1,361432,FIJO,361432,0,0,1,1,1,1,1,57,6,1378,XXXXXXXXX,2023-01-06,1|1|1|1|1|XXXXXXXXX|
PE,202305,50379884,40243,200102092,1186,4,466,991,INDIVIDUAL + ADICIONAL,INDIVIDUAL,1,378852,FIJO,378852,224,0,1,0,1,1,1,50,1,751,P0132053000,2023-03-27,991|1|1|1|0|P0132053000|
PE,202306,50020096,12648,200088271,201,35,69,999,VOLUMEN,VOLUMEN,1,387137,FIJO,387137,201,1.4,0,1,1,1,1,126,4,122,200088271,2023-04-04,999|1|1|0|1|200088271|
PE,202302,49946996,35053,200095464,2509,41,293,2,SET FIJO,SET,1,367248,FIJO,367248,2,8.11,0,0,1,1,1,319,1,2057,200092172,2023-01-24,2|1|1|0|0|200092172|
PE,202313,35545956,109396,200109537,3458,45,155,993,993,OTRO,2,421602,VARIABLE,421602,1,5.1,0,1,1,7,1,422,1,2919,200043496,2023-08-21,993|2|1|0|1|200043496|
PE,202303,20541199,199848,200113792,4035,45,1463,993,993,OTRO,2,373074,VARIABLE,373074,1,11.98,0,1,1,5,1,422,1,3543,P0132053000,2023-02-13,993|2|1|0|1|P0132053000|
PE,202307,50379884,38106,400096762,450,4,2166,991,INDIVIDUAL + ADICIONAL,INDIVIDUAL,1,390211,FIJO,390211,253,0,1,0,1,1,1,57,6,417,XXXXXXXXX,2023-05-13,991|1|1|1|0|XXXXXXXXX|
PE,202301,20541199,35925,200108409,1196,24,121,999,VOLUMEN,VOLUMEN,1,361113,FIJO,361113,17,16.54,0,1,1,1,2,429,1,1120,200011767,2022-12-26,999|1|2|0|1|200011767|
PE,202308,50379884,18694,200092456,1085,13,231,1,INDIVIDUAL,INDIVIDUAL,1,396076,FIJO,396076,82,24.9,0,1,1,1,1,300,1,1029,200056258,2023-06-01,1|1|1|0|1|200056258|
PE,202304,50073300,41130,400097575,1248,26,1720,1,INDIVIDUAL,INDIVIDUAL,1,375006,FIJO,375006,0,0,1,1,1,1,1,57,6,1129,XXXXXXXXX,2023-03-11,1|1|1|1|1|XXXXXXXXX|
PE,202304,10961556,41130,400097575,1248,26,1720,1,INDIVIDUAL,INDIVIDUAL,1,375006,FIJO,375006,0,0,1,1,1,1,1,57,6,1129,XXXXXXXXX,2023-03-03,1|1|1|1|1|XXXXXXXXX|
PE,202304,49946996,41130,400097575,1248,26,1720,1,INDIVIDUAL,INDIVIDUAL,1,375006,FIJO,375006,0,0,1,1,1,1,1,57,6,1129,XXXXXXXXX,2023-02-28,1|1|1|1|1|XXXXXXXXX|
PE,202302,50180387,38736,200113736,266,4,1301,991,INDIVIDUAL + ADICIONAL,INDIVIDUAL,1,364904,FIJO,364904,203,0,1,1,1,1,1,91,6,253,XXXXXXXXX,2023-01-17,991|1|1|1|1|XXXXXXXXX|
PE,202305,43985620,11214,200103721,1208,4,404,999,VOLUMEN,VOLUMEN,2,378889,VARIABLE,378889,50,34.9,0,1,1,1,1,300,1,772,P0292139009,2023-03-14,999|2|1|0|1|P0292139009|
PE,202303,50073300,16472,200108671,835,13,184,1,INDIVIDUAL,INDIVIDUAL,1,369575,FIJO,369575,43,52.9,0,1,1,1,1,303,1,791,200009812,2023-02-13,1|1|1|0|1|200009812|
PE,202302,49389205,35114,200103022,992,13,213,2,SET FIJO,SET,1,365661,FIJO,365661,147,15.14,0,0,1,1,1,319,1,965,200017521,2023-01-20,2|1|1|0|0|200017521|
PE,202301,10961556,35676,200095382,1154,24,168,999,VOLUMEN,VOLUMEN,2,361071,VARIABLE,361071,21,7.38,0,1,1,1,5,422,1,1109,200072538,2022-12-27,999|2|5|0|1|200072538|
PE,202305,50020096,38168,200106444,319,24,351,1,INDIVIDUAL,INDIVIDUAL,2,379887,VARIABLE,379887,2,19.9,0,1,1,1,1,424,1,306,P0210133000,2023-03-17,1|2|1|0|1|P0210133000|
PE,202309,35545956,37230,200082674,1179,24,224,999,VOLUMEN,VOLUMEN,2,401637,VARIABLE,401637,28,14.97,0,1,1,1,4,422,1,1112,200056741,2023-05-29,999|2|4|0|1|200056741|
PE,202303,45871533,37545,200099047,1090,13,188,2,SET FIJO,SET,1,369865,FIJO,369865,7,57.29,0,1,1,1,1,310,1,1046,200012014,2023-02-09,2|1|1|0|1|200012014|
PE,202311,35545956,103166,200088133,3364,45,206,3,SET VARIABLE,SET,2,413076,VARIABLE,413076,1,30,0,0,0,1,1,201,1,2832,200059514,2023-07-17,3|2|1|0|0|200059514|
PE,202301,50020096,38817,400097270,1260,26,1657,1,INDIVIDUAL,INDIVIDUAL,1,361189,FIJO,361189,0,0,1,1,1,1,1,57,6,1151,XXXXXXXXX,2022-12-17,1|1|1|1|1|XXXXXXXXX|
PE,202301,35545956,38817,400097270,1260,26,1657,1,INDIVIDUAL,INDIVIDUAL,1,361189,FIJO,361189,0,0,1,1,1,1,1,57,6,1151,XXXXXXXXX,2022-12-06,1|1|1|1|1|XXXXXXXXX|
PE,202301,49946996,38817,400097270,1260,26,1657,1,INDIVIDUAL,INDIVIDUAL,1,361189,FIJO,361189,0,0,1,1,1,1,1,57,6,1151,XXXXXXXXX,2023-01-06,1|1|1|1|1|XXXXXXXXX|
PE,202301,49389205,38817,400097270,1260,26,1657,1,INDIVIDUAL,INDIVIDUAL,1,361189,FIJO,361189,0,0,1,1,1,1,1,57,6,1151,XXXXXXXXX,2022-12-30,1|1|1|1|1|XXXXXXXXX|
PE,202301,50180387,38817,400097270,1260,26,1657,1,INDIVIDUAL,INDIVIDUAL,1,361189,FIJO,361189,0,0,1,1,1,1,1,57,6,1151,XXXXXXXXX,2023-01-06,1|1|1|1|1|XXXXXXXXX|
PE,202301,10961556,38817,400097270,1260,26,1657,1,INDIVIDUAL,INDIVIDUAL,1,361189,FIJO,361189,0,0,1,1,1,1,1,57,6,1151,XXXXXXXXX,2022-12-27,1|1|1|1|1|XXXXXXXXX|
PE,202301,50073300,38817,400097270,1260,26,1657,1,INDIVIDUAL,INDIVIDUAL,1,361189,FIJO,361189,0,0,1,1,1,1,1,57,6,1151,XXXXXXXXX,2022-12-28,1|1|1|1|1|XXXXXXXXX|
PE,202301,43985620,38817,400097270,1260,26,1657,1,INDIVIDUAL,INDIVIDUAL,1,361189,FIJO,361189,0,0,1,1,1,1,1,57,6,1151,XXXXXXXXX,2022-12-20,1|1|1|1|1|XXXXXXXXX|
PE,202301,20541199,38817,400097270,1260,26,1657,1,INDIVIDUAL,INDIVIDUAL,1,361189,FIJO,361189,0,0,1,1,1,1,1,57,6,1151,XXXXXXXXX,2022-12-26,1|1|1|1|1|XXXXXXXXX|
PE,202305,45871533,123342,200103025,4045,45,445,2,SET FIJO,SET,1,382543,FIJO,382543,1,23.8,0,1,1,1,1,201,1,3158,200039966,2023-03-20,2|1|1|0|1|200039966|
PE,202305,10961556,35652,200103020,1967,24,415,999,VOLUMEN,VOLUMEN,2,379955,VARIABLE,379955,15,13.3,0,1,1,1,3,422,1,1501,200045540,2023-03-29,999|2|3|0|1|200045540|
PE,202303,20541199,38689,200090452,1315,24,228,999,VOLUMEN,VOLUMEN,1,370144,FIJO,370144,18,29.97,0,1,1,1,1,411,1,1221,200040636,2023-02-13,999|1|1|0|1|200040636|
PE,202306,50379884,16350,200108505,1278,13,323,1,INDIVIDUAL,INDIVIDUAL,1,384820,FIJO,384820,90,15.9,0,1,1,1,1,300,1,866,200080256,2023-04-20,1|1|1|0|1|200080256|
PE,202301,49946996,40253,400095719,1499,26,1682,1,INDIVIDUAL,INDIVIDUAL,1,361444,FIJO,361444,0,0,1,1,1,1,1,57,6,1390,XXXXXXXXX,2023-01-06,1|1|1|1|1|XXXXXXXXX|
PE,202303,43985620,38571,210100408,1233,24,222,2,SET FIJO,SET,1,370025,FIJO,370025,40,15.79,0,0,1,1,1,419,1,1186,210047499,2023-01-31,2|1|1|0|0|210047499|
PE,202305,50180387,20814,200112951,1839,13,1603,1,INDIVIDUAL,INDIVIDUAL,2,379757,VARIABLE,379757,8,21.9,0,1,1,1,1,303,1,1387,P0210085000,2023-03-21,1|2|1|0|1|P0210085000|
PE,202304,50379884,40824,400095687,1234,26,1741,1,INDIVIDUAL,INDIVIDUAL,1,374992,FIJO,374992,0,0,1,1,1,1,1,57,6,1115,XXXXXXXXX,2023-03-09,1|1|1|1|1|XXXXXXXXX|
PE,202304,49946996,40824,400095687,1234,26,1741,1,INDIVIDUAL,INDIVIDUAL,1,374992,FIJO,374992,0,0,1,1,1,1,1,57,6,1115,XXXXXXXXX,2023-02-28,1|1|1|1|1|XXXXXXXXX|
PE,202304,43985620,40824,400095687,1234,26,1741,1,INDIVIDUAL,INDIVIDUAL,1,374992,FIJO,374992,0,0,1,1,1,1,1,57,6,1115,XXXXXXXXX,2023-02-21,1|1|1|1|1|XXXXXXXXX|
PE,202304,49389205,40824,400095687,1234,26,1741,1,INDIVIDUAL,INDIVIDUAL,1,374992,FIJO,374992,0,0,1,1,1,1,1,57,6,1115,XXXXXXXXX,2023-03-06,1|1|1|1|1|XXXXXXXXX|
PE,202304,10961556,40824,400095687,1234,26,1741,1,INDIVIDUAL,INDIVIDUAL,1,374992,FIJO,374992,0,0,1,1,1,1,1,57,6,1115,XXXXXXXXX,2023-03-03,1|1|1|1|1|XXXXXXXXX|
PE,202304,50020096,40824,400095687,1234,26,1741,1,INDIVIDUAL,INDIVIDUAL,1,374992,FIJO,374992,0,0,1,1,1,1,1,57,6,1115,XXXXXXXXX,2023-02-21,1|1|1|1|1|XXXXXXXXX|
PE,202304,45871533,40824,400095687,1234,26,1741,1,INDIVIDUAL,INDIVIDUAL,1,374992,FIJO,374992,0,0,1,1,1,1,1,57,6,1115,XXXXXXXXX,2023-02-28,1|1|1|1|1|XXXXXXXXX|
PE,202304,35545956,40824,400095687,1234,26,1741,1,INDIVIDUAL,INDIVIDUAL,1,374992,FIJO,374992,0,0,1,1,1,1,1,57,6,1115,XXXXXXXXX,2023-02-13,1|1|1|1|1|XXXXXXXXX|
PE,202304,50180387,40824,400095687,1234,26,1741,1,INDIVIDUAL,INDIVIDUAL,1,374992,FIJO,374992,0,0,1,1,1,1,1,57,6,1115,XXXXXXXXX,2023-02-28,1|1|1|1|1|XXXXXXXXX|
PE,202304,50073300,40824,400095687,1234,26,1741,1,INDIVIDUAL,INDIVIDUAL,1,374992,FIJO,374992,0,0,1,1,1,1,1,57,6,1115,XXXXXXXXX,2023-03-11,1|1|1|1|1|XXXXXXXXX|
PE,202311,35545956,39816,400097982,1358,26,1508,1,INDIVIDUAL,INDIVIDUAL,1,410891,FIJO,410891,0,0,1,1,1,1,1,57,6,1092,XXXXXXXXX,2023-07-17,1|1|1|1|1|XXXXXXXXX|
PE,202305,49389205,5063,200095465,1756,13,677,1,INDIVIDUAL,INDIVIDUAL,1,379646,FIJO,379646,135,11.9,0,1,1,1,1,322,1,1304,200092176,2023-03-29,1|1|1|0|1|200092176|
PE,202302,50020096,209,200104138,2083,35,1082,1,INDIVIDUAL,INDIVIDUAL,2,366818,VARIABLE,366818,119,6.9,0,1,1,1,1,45,2,1986,P0197145001,2023-01-10,1|2|1|0|1|P0197145001|
PE,202306,50020096,4450,200095159,1357,13,265,1,INDIVIDUAL,INDIVIDUAL,1,384908,FIJO,384908,122,11.9,0,1,1,1,1,322,1,945,200060302,2023-04-04,1|1|1|0|1|200060302|
PE,202311,35545956,39814,400095712,1356,26,1537,1,INDIVIDUAL,INDIVIDUAL,1,410889,FIJO,410889,0,0,1,1,1,1,1,57,6,1090,XXXXXXXXX,2023-07-17,1|1|1|1|1|XXXXXXXXX|
PE,202306,50180387,41743,400097717,1793,26,2091,1,INDIVIDUAL,INDIVIDUAL,1,385423,FIJO,385423,0,0,1,1,1,1,1,57,6,1307,XXXXXXXXX,2023-04-11,1|1|1|1|1|XXXXXXXXX|
PE,202306,35545956,41743,400097717,1793,26,2091,1,INDIVIDUAL,INDIVIDUAL,1,385423,FIJO,385423,0,0,1,1,1,1,1,57,6,1307,XXXXXXXXX,2023-03-29,1|1|1|1|1|XXXXXXXXX|
PE,202306,50020096,41743,400097717,1793,26,2091,1,INDIVIDUAL,INDIVIDUAL,1,385423,FIJO,385423,0,0,1,1,1,1,1,57,6,1307,XXXXXXXXX,2023-04-04,1|1|1|1|1|XXXXXXXXX|
PE,202306,50379884,41743,400097717,1793,26,2091,1,INDIVIDUAL,INDIVIDUAL,1,385423,FIJO,385423,0,0,1,1,1,1,1,57,6,1307,XXXXXXXXX,2023-04-20,1|1|1|1|1|XXXXXXXXX|
PE,202306,49946996,41743,400097717,1793,26,2091,1,INDIVIDUAL,INDIVIDUAL,1,385423,FIJO,385423,0,0,1,1,1,1,1,57,6,1307,XXXXXXXXX,2023-04-13,1|1|1|1|1|XXXXXXXXX|
PE,202306,45871533,41743,400097717,1793,26,2091,1,INDIVIDUAL,INDIVIDUAL,1,385423,FIJO,385423,0,0,1,1,1,1,1,57,6,1307,XXXXXXXXX,2023-04-10,1|1|1|1|1|XXXXXXXXX|
PE,202305,50073300,35734,200108807,1208,4,404,999,VOLUMEN,VOLUMEN,2,378889,VARIABLE,378889,15,0,1,1,1,1,1,422,1,772,200043487,2023-03-31,999|2|1|1|1|200043487|
PE,202302,49946996,40102,400068882,1312,26,1285,1,INDIVIDUAL,INDIVIDUAL,1,366036,FIJO,366036,0,0,1,1,1,1,1,57,6,1215,XXXXXXXXX,2023-01-24,1|1|1|1|1|XXXXXXXXX|
PE,202310,35545956,39272,400095729,1268,26,1630,1,INDIVIDUAL,INDIVIDUAL,1,406677,FIJO,406677,0,0,1,1,1,1,1,57,6,1144,XXXXXXXXX,2023-06-19,1|1|1|1|1|XXXXXXXXX|
PE,202309,35545956,39600,400097984,1338,26,1489,1,INDIVIDUAL,INDIVIDUAL,1,401839,FIJO,401839,0,0,1,1,1,1,1,57,6,1196,XXXXXXXXX,2023-05-29,1|1|1|1|1|XXXXXXXXX|
PE,202309,50379884,39600,400097984,1338,26,1489,1,INDIVIDUAL,INDIVIDUAL,1,401839,FIJO,401839,0,0,1,1,1,1,1,57,6,1196,XXXXXXXXX,2023-06-20,1|1|1|1|1|XXXXXXXXX|
PE,202304,45871533,4329,200108169,1728,35,619,1,INDIVIDUAL,INDIVIDUAL,1,375501,FIJO,375501,100,10.9,0,1,1,1,1,45,2,1609,200108169,2023-02-28,1|1|1|0|1|200108169|
PE,202302,50073300,38743,200113743,273,4,1308,991,INDIVIDUAL + ADICIONAL,INDIVIDUAL,1,364914,FIJO,364914,210,0,1,1,1,1,1,92,6,260,XXXXXXXXX,2023-01-20,991|1|1|1|1|XXXXXXXXX|
PE,202305,35545956,35591,200095159,1963,24,462,999,VOLUMEN,VOLUMEN,2,379951,VARIABLE,379951,15,8.9,0,1,1,1,1,422,1,1500,200060302,2023-03-08,999|2|1|0|1|200060302|
PE,202303,50180387,17444,200109258,909,13,716,1,INDIVIDUAL,INDIVIDUAL,1,369654,FIJO,369654,110,17.9,0,1,1,1,1,300,1,865,200109258,2023-02-10,1|1|1|0|1|200109258|
PE,202303,10961556,38824,210083802,1541,35,1610,1,INDIVIDUAL,INDIVIDUAL,1,370411,FIJO,370411,100,12.9,0,1,1,1,1,45,2,1418,XXXXXXXXX,2023-02-10,1|1|1|0|1|XXXXXXXXX|
PE,202307,50379884,118160,200105208,3701,45,642,2,SET FIJO,SET,1,393547,FIJO,393547,1,8.5,0,1,1,1,1,201,1,3563,200105208,2023-05-13,2|1|1|0|1|200105208|
PE,202313,35545956,37993,400095696,1231,26,1500,1,INDIVIDUAL,INDIVIDUAL,1,419308,FIJO,419308,0,0,1,1,1,1,1,57,6,1128,XXXXXXXXX,2023-08-21,1|1|1|1|1|XXXXXXXXX|
PE,202302,50020096,39695,200109795,1242,26,659,1,INDIVIDUAL,INDIVIDUAL,1,365952,FIJO,365952,0,0,1,1,1,1,1,77,4,1145,200109795,2023-01-10,1|1|1|1|1|200109795|
PE,202302,49389205,39695,200109795,1242,26,659,1,INDIVIDUAL,INDIVIDUAL,1,365952,FIJO,365952,0,0,1,1,1,1,1,77,4,1145,200109795,2023-01-20,1|1|1|1|1|200109795|
PE,202302,35545956,39695,200109795,1242,26,659,1,INDIVIDUAL,INDIVIDUAL,1,365952,FIJO,365952,0,0,1,1,1,1,1,77,4,1145,200109795,2023-01-05,1|1|1|1|1|200109795|
PE,202302,43985620,39695,200109795,1242,26,659,1,INDIVIDUAL,INDIVIDUAL,1,365952,FIJO,365952,0,0,1,1,1,1,1,77,4,1145,200109795,2023-01-10,1|1|1|1|1|200109795|
PE,202302,10961556,39695,200109795,1242,26,659,1,INDIVIDUAL,INDIVIDUAL,1,365952,FIJO,365952,0,0,1,1,1,1,1,77,4,1145,200109795,2023-01-20,1|1|1|1|1|200109795|
PE,202301,35545956,35617,200087691,1250,24,342,999,VOLUMEN,VOLUMEN,1,361176,FIJO,361176,10,25.13,0,1,1,1,3,423,1,1141,200087691,2022-12-06,999|1|3|0|1|200087691|
PE,202305,43985620,121823,200082687,4172,45,559,3,SET VARIABLE,SET,1,382742,FIJO,382742,1,10.79,0,0,0,1,1,201,1,3285,200056743,2023-03-14,3|1|1|0|0|200056743|
PE,202305,50073300,121823,200082687,4172,45,559,3,SET VARIABLE,SET,1,382742,FIJO,382742,1,10.79,0,0,0,1,1,201,1,3285,200056743,2023-03-31,3|1|1|0|0|200056743|
PE,202301,49389205,157865,200107828,4020,45,616,993,993,OTRO,2,364106,VARIABLE,364106,1,14.95,0,1,1,4,1,201,1,3559,200107828,2022-12-30,993|2|1|0|1|200107828|
PE,202306,50180387,41764,400095725,1814,26,2112,1,INDIVIDUAL,INDIVIDUAL,1,385446,FIJO,385446,0,0,1,1,1,1,1,57,6,1328,XXXXXXXXX,2023-04-11,1|1|1|1|1|XXXXXXXXX|
PE,202306,35545956,41764,400095725,1814,26,2112,1,INDIVIDUAL,INDIVIDUAL,1,385446,FIJO,385446,0,0,1,1,1,1,1,57,6,1328,XXXXXXXXX,2023-03-29,1|1|1|1|1|XXXXXXXXX|
PE,202306,45871533,41764,400095725,1814,26,2112,1,INDIVIDUAL,INDIVIDUAL,1,385446,FIJO,385446,0,0,1,1,1,1,1,57,6,1328,XXXXXXXXX,2023-04-10,1|1|1|1|1|XXXXXXXXX|
PE,202306,50379884,41764,400095725,1814,26,2112,1,INDIVIDUAL,INDIVIDUAL,1,385446,FIJO,385446,0,0,1,1,1,1,1,57,6,1328,XXXXXXXXX,2023-04-20,1|1|1|1|1|XXXXXXXXX|
PE,202306,49946996,41764,400095725,1814,26,2112,1,INDIVIDUAL,INDIVIDUAL,1,385446,FIJO,385446,0,0,1,1,1,1,1,57,6,1328,XXXXXXXXX,2023-04-13,1|1|1|1|1|XXXXXXXXX|
PE,202306,50020096,41764,400095725,1814,26,2112,1,INDIVIDUAL,INDIVIDUAL,1,385446,FIJO,385446,0,0,1,1,1,1,1,57,6,1328,XXXXXXXXX,2023-04-04,1|1|1|1|1|XXXXXXXXX|
PE,202303,20541199,199874,200103923,4035,45,1463,993,993,OTRO,2,373074,VARIABLE,373074,1,11.98,0,1,1,5,1,422,1,3543,P0132053000,2023-02-13,993|2|1|0|1|P0132053000|
PE,202307,50020096,39116,200103456,1614,26,603,1,INDIVIDUAL,INDIVIDUAL,1,391456,FIJO,391456,0,0,1,1,1,1,1,84,6,1478,200103456,2023-04-26,1|1|1|1|1|200103456|
PE,202303,49389205,40380,400097515,1385,26,1770,1,INDIVIDUAL,INDIVIDUAL,1,370227,FIJO,370227,0,0,1,1,1,1,1,57,6,1262,XXXXXXXXX,2023-02-10,1|1|1|1|1|XXXXXXXXX|
PE,202303,45871533,40380,400097515,1385,26,1770,1,INDIVIDUAL,INDIVIDUAL,1,370227,FIJO,370227,0,0,1,1,1,1,1,57,6,1262,XXXXXXXXX,2023-02-09,1|1|1|1|1|XXXXXXXXX|
PE,202303,10961556,40380,400097515,1385,26,1770,1,INDIVIDUAL,INDIVIDUAL,1,370227,FIJO,370227,0,0,1,1,1,1,1,57,6,1262,XXXXXXXXX,2023-02-10,1|1|1|1|1|XXXXXXXXX|
PE,202303,50073300,40380,400097515,1385,26,1770,1,INDIVIDUAL,INDIVIDUAL,1,370227,FIJO,370227,0,0,1,1,1,1,1,57,6,1262,XXXXXXXXX,2023-02-13,1|1|1|1|1|XXXXXXXXX|
PE,202303,20541199,40380,400097515,1385,26,1770,1,INDIVIDUAL,INDIVIDUAL,1,370227,FIJO,370227,0,0,1,1,1,1,1,57,6,1262,XXXXXXXXX,2023-02-13,1|1|1|1|1|XXXXXXXXX|
PE,202303,50020096,40380,400097515,1385,26,1770,1,INDIVIDUAL,INDIVIDUAL,1,370227,FIJO,370227,0,0,1,1,1,1,1,57,6,1262,XXXXXXXXX,2023-01-31,1|1|1|1|1|XXXXXXXXX|
PE,202303,43985620,40380,400097515,1385,26,1770,1,INDIVIDUAL,INDIVIDUAL,1,370227,FIJO,370227,0,0,1,1,1,1,1,57,6,1262,XXXXXXXXX,2023-01-31,1|1|1|1|1|XXXXXXXXX|
PE,202303,50180387,40380,400097515,1385,26,1770,1,INDIVIDUAL,INDIVIDUAL,1,370227,FIJO,370227,0,0,1,1,1,1,1,57,6,1262,XXXXXXXXX,2023-02-10,1|1|1|1|1|XXXXXXXXX|
PE,202303,35545956,40380,400097515,1385,26,1770,1,INDIVIDUAL,INDIVIDUAL,1,370227,FIJO,370227,0,0,1,1,1,1,1,57,6,1262,XXXXXXXXX,2023-01-24,1|1|1|1|1|XXXXXXXXX|
PE,202303,49946996,40380,400097515,1385,26,1770,1,INDIVIDUAL,INDIVIDUAL,1,370227,FIJO,370227,0,0,1,1,1,1,1,57,6,1262,XXXXXXXXX,2023-02-09,1|1|1|1|1|XXXXXXXXX|
PE,202301,10961556,40047,200103026,182,1,235,2,SET FIJO,SET,1,359996,FIJO,359996,300,18,0,0,1,1,1,32,1,168,200056759,2022-12-27,2|1|1|0|0|200056759|
PE,202305,50073300,35734,200108807,1908,24,460,1,INDIVIDUAL,INDIVIDUAL,1,379857,FIJO,379857,15,0,1,1,1,1,1,422,1,1450,200043487,2023-03-31,1|1|1|1|1|200043487|
PE,202312,35545956,39204,200083615,1237,24,238,999,VOLUMEN,VOLUMEN,1,414946,FIJO,414946,17,0,1,1,1,1,1,429,1,1149,200083615,2023-07-31,999|1|1|1|1|200083615|
PE,202305,45871533,35572,200089509,2027,24,437,999,VOLUMEN,VOLUMEN,1,380053,FIJO,380053,4,19.9,0,1,1,1,1,425,1,1515,200038319,2023-03-20,999|1|1|0|1|200038319|
PE,202305,43985620,35572,200089509,2027,24,437,999,VOLUMEN,VOLUMEN,1,380053,FIJO,380053,4,19.9,0,1,1,1,1,425,1,1515,200038319,2023-03-14,999|1|1|0|1|200038319|
PE,202304,50020096,40217,400096763,354,4,1761,991,INDIVIDUAL + ADICIONAL,INDIVIDUAL,1,373996,FIJO,373996,254,0,1,0,1,1,1,57,6,316,XXXXXXXXX,2023-02-21,991|1|1|1|0|XXXXXXXXX|
PE,202306,45871533,38444,210101386,1632,24,533,2,SET FIJO,SET,1,385207,FIJO,385207,12,26.16,0,0,1,1,1,3,1,1213,XXXXXXXXX,2023-04-10,2|1|1|0|0|XXXXXXXXX|
PE,202308,50020096,76121,200092457,1741,26,426,1,INDIVIDUAL,INDIVIDUAL,1,396830,FIJO,396830,0,0,1,1,1,1,1,77,4,1603,200092457,2023-05-24,1|1|1|1|1|200092457|
PE,202301,50020096,38753,200113737,329,4,1689,991,INDIVIDUAL + ADICIONAL,INDIVIDUAL,1,360172,FIJO,360172,204,0,1,1,1,1,1,91,6,310,XXXXXXXXX,2022-12-17,991|1|1|1|1|XXXXXXXXX|
PE,202302,50020096,38758,400096761,269,4,1304,991,INDIVIDUAL + ADICIONAL,INDIVIDUAL,1,364908,FIJO,364908,252,0,1,0,1,1,1,57,6,256,XXXXXXXXX,2023-01-10,991|1|1|1|0|XXXXXXXXX|
PE,202302,10961556,37596,200091269,1109,24,295,2,SET FIJO,SET,1,365799,FIJO,365799,18,29.9,0,1,1,1,1,425,1,1074,200080229,2023-01-20,2|1|1|0|1|200080229|
PE,202301,49389205,157862,200107822,4020,45,616,993,993,OTRO,2,364106,VARIABLE,364106,1,14.95,0,1,1,4,1,201,1,3559,200107822,2022-12-30,993|2|1|0|1|200107822|
PE,202301,50020096,38771,400096760,330,4,1690,991,INDIVIDUAL + ADICIONAL,INDIVIDUAL,1,360173,FIJO,360173,251,0,1,0,1,1,1,57,6,311,XXXXXXXXX,2022-12-17,991|1|1|1|0|XXXXXXXXX|
PE,202306,50379884,41763,400095689,1813,26,2106,1,INDIVIDUAL,INDIVIDUAL,1,385445,FIJO,385445,0,0,1,1,1,1,1,57,6,1327,XXXXXXXXX,2023-04-20,1|1|1|1|1|XXXXXXXXX|
PE,202306,49946996,41763,400095689,1813,26,2106,1,INDIVIDUAL,INDIVIDUAL,1,385445,FIJO,385445,0,0,1,1,1,1,1,57,6,1327,XXXXXXXXX,2023-04-13,1|1|1|1|1|XXXXXXXXX|
PE,202306,50180387,41763,400095689,1813,26,2106,1,INDIVIDUAL,INDIVIDUAL,1,385445,FIJO,385445,0,0,1,1,1,1,1,57,6,1327,XXXXXXXXX,2023-04-11,1|1|1|1|1|XXXXXXXXX|
PE,202306,35545956,41763,400095689,1813,26,2106,1,INDIVIDUAL,INDIVIDUAL,1,385445,FIJO,385445,0,0,1,1,1,1,1,57,6,1327,XXXXXXXXX,2023-03-29,1|1|1|1|1|XXXXXXXXX|
PE,202306,50020096,41763,400095689,1813,26,2106,1,INDIVIDUAL,INDIVIDUAL,1,385445,FIJO,385445,0,0,1,1,1,1,1,57,6,1327,XXXXXXXXX,2023-04-04,1|1|1|1|1|XXXXXXXXX|
PE,202306,45871533,41763,400095689,1813,26,2106,1,INDIVIDUAL,INDIVIDUAL,1,385445,FIJO,385445,0,0,1,1,1,1,1,57,6,1327,XXXXXXXXX,2023-04-10,1|1|1|1|1|XXXXXXXXX|
PE,202307,50379884,38901,400097842,1566,26,2128,1,INDIVIDUAL,INDIVIDUAL,1,391408,FIJO,391408,0,0,1,1,1,1,1,57,6,1430,XXXXXXXXX,2023-05-13,1|1|1|1|1|XXXXXXXXX|
PE,202307,45871533,38901,400097842,1566,26,2128,1,INDIVIDUAL,INDIVIDUAL,1,391408,FIJO,391408,0,0,1,1,1,1,1,57,6,1430,XXXXXXXXX,2023-05-04,1|1|1|1|1|XXXXXXXXX|
PE,202307,49946996,38901,400097842,1566,26,2128,1,INDIVIDUAL,INDIVIDUAL,1,391408,FIJO,391408,0,0,1,1,1,1,1,57,6,1430,XXXXXXXXX,2023-04-29,1|1|1|1|1|XXXXXXXXX|
PE,202307,50020096,38901,400097842,1566,26,2128,1,INDIVIDUAL,INDIVIDUAL,1,391408,FIJO,391408,0,0,1,1,1,1,1,57,6,1430,XXXXXXXXX,2023-04-26,1|1|1|1|1|XXXXXXXXX|
PE,202307,50180387,38901,400097842,1566,26,2128,1,INDIVIDUAL,INDIVIDUAL,1,391408,FIJO,391408,0,0,1,1,1,1,1,57,6,1430,XXXXXXXXX,2023-05-02,1|1|1|1|1|XXXXXXXXX|
PE,202307,35545956,38901,400097842,1566,26,2128,1,INDIVIDUAL,INDIVIDUAL,1,391408,FIJO,391408,0,0,1,1,1,1,1,57,6,1430,XXXXXXXXX,2023-04-19,1|1|1|1|1|XXXXXXXXX|
PE,202301,49389205,157863,200110089,4020,45,616,993,993,OTRO,2,364106,VARIABLE,364106,1,14.95,0,1,1,4,1,201,1,3559,200110089,2022-12-30,993|2|1|0|1|200110089|
PE,202308,50020096,75401,400095673,1638,26,1804,1,INDIVIDUAL,INDIVIDUAL,1,396725,FIJO,396725,0,0,1,1,1,1,1,57,6,1500,XXXXXXXXX,2023-05-24,1|1|1|1|1|XXXXXXXXX|
PE,202308,35545956,75401,400095673,1638,26,1804,1,INDIVIDUAL,INDIVIDUAL,1,396725,FIJO,396725,0,0,1,1,1,1,1,57,6,1500,XXXXXXXXX,2023-05-08,1|1|1|1|1|XXXXXXXXX|
PE,202308,45871533,75401,400095673,1638,26,1804,1,INDIVIDUAL,INDIVIDUAL,1,396725,FIJO,396725,0,0,1,1,1,1,1,57,6,1500,XXXXXXXXX,2023-05-22,1|1|1|1|1|XXXXXXXXX|
PE,202308,50379884,75401,400095673,1638,26,1804,1,INDIVIDUAL,INDIVIDUAL,1,396725,FIJO,396725,0,0,1,1,1,1,1,57,6,1500,XXXXXXXXX,2023-06-01,1|1|1|1|1|XXXXXXXXX|
PE,202314,35545956,37785,400098505,1691,26,1601,1,INDIVIDUAL,INDIVIDUAL,1,423672,FIJO,423672,0,0,1,1,1,1,1,57,6,1418,XXXXXXXXX,2023-09-04,1|1|1|1|1|XXXXXXXXX|
PE,202313,35545956,38360,200109793,1258,26,666,1,INDIVIDUAL,INDIVIDUAL,1,419340,FIJO,419340,0,0,1,1,1,1,1,77,4,1155,200109793,2023-08-21,1|1|1|1|1|200109793|
PE,202303,49946996,40599,400068882,1399,26,1781,1,INDIVIDUAL,INDIVIDUAL,1,370244,FIJO,370244,0,0,1,1,1,1,1,57,6,1276,XXXXXXXXX,2023-02-09,1|1|1|1|1|XXXXXXXXX|
PE,202314,35545956,37792,400098353,1697,26,1600,1,INDIVIDUAL,INDIVIDUAL,1,423679,FIJO,423679,0,0,1,1,1,1,1,57,6,1424,XXXXXXXXX,2023-09-04,1|1|1|1|1|XXXXXXXXX|
PE,202301,50180387,40160,400095665,1488,26,1676,1,INDIVIDUAL,INDIVIDUAL,1,361433,FIJO,361433,0,0,1,1,1,1,1,57,6,1379,XXXXXXXXX,2023-01-06,1|1|1|1|1|XXXXXXXXX|
PE,202304,50020096,40217,400096763,355,4,1762,991,INDIVIDUAL + ADICIONAL,INDIVIDUAL,1,373997,FIJO,373997,254,0,1,0,1,1,1,57,6,317,XXXXXXXXX,2023-02-21,991|1|1|1|0|XXXXXXXXX|
PE,202301,49389205,13,200103813,376,9,398,1,INDIVIDUAL,INDIVIDUAL,1,360223,FIJO,360223,18,53,0,1,1,1,1,300,1,354,200094945,2022-12-30,1|1|1|0|1|200094945|
PE,202304,35545956,41180,200095385,1274,26,399,1,INDIVIDUAL,INDIVIDUAL,1,375039,FIJO,375039,0,0,1,1,1,1,1,89,6,1155,200095385,2023-02-13,1|1|1|1|1|200095385|
PE,202302,10961556,10891,200087271,2071,35,1084,1,INDIVIDUAL,INDIVIDUAL,2,366806,VARIABLE,366806,107,8.5,0,1,1,1,1,45,2,1974,P0197150000,2023-01-20,1|2|1|0|1|P0197150000|
PE,202308,45871533,75382,400095709,1619,26,1808,1,INDIVIDUAL,INDIVIDUAL,1,396706,FIJO,396706,0,0,1,1,1,1,1,57,6,1481,XXXXXXXXX,2023-05-22,1|1|1|1|1|XXXXXXXXX|
PE,202308,50020096,75382,400095709,1619,26,1808,1,INDIVIDUAL,INDIVIDUAL,1,396706,FIJO,396706,0,0,1,1,1,1,1,57,6,1481,XXXXXXXXX,2023-05-24,1|1|1|1|1|XXXXXXXXX|
PE,202308,50379884,75382,400095709,1619,26,1808,1,INDIVIDUAL,INDIVIDUAL,1,396706,FIJO,396706,0,0,1,1,1,1,1,57,6,1481,XXXXXXXXX,2023-06-01,1|1|1|1|1|XXXXXXXXX|
PE,202308,35545956,75382,400095709,1619,26,1808,1,INDIVIDUAL,INDIVIDUAL,1,396706,FIJO,396706,0,0,1,1,1,1,1,57,6,1481,XXXXXXXXX,2023-05-08,1|1|1|1|1|XXXXXXXXX|
PE,202305,50073300,35546,200098800,1949,24,468,3,SET VARIABLE,SET,2,379918,VARIABLE,379918,30,10.9,0,0,0,1,1,419,1,1491,P0132057001,2023-03-31,3|2|1|0|0|P0132057001|
PE,202303,43985620,3014,200082652,1136,13,206,5,PROMOCIÓN INDIVIDUAL,PROMOCIÓN,2,369917,VARIABLE,369917,151,29.9,0,1,1,1,1,331,1,1092,200037734,2023-01-31,5|2|1|0|1|200037734|
PE,202303,49946996,39651,400096764,401,4,1811,991,INDIVIDUAL + ADICIONAL,INDIVIDUAL,1,369090,FIJO,369090,255,0,1,0,1,1,1,57,6,361,XXXXXXXXX,2023-02-09,991|1|1|1|0|XXXXXXXXX|
PE,202312,35545956,39381,400095713,1339,26,1629,1,INDIVIDUAL,INDIVIDUAL,1,415066,FIJO,415066,0,0,1,1,1,1,1,57,6,1215,XXXXXXXXX,2023-07-31,1|1|1|1|1|XXXXXXXXX|
PE,202303,10961556,40614,200105041,262,1,305,2,SET FIJO,SET,1,368898,FIJO,368898,201,23.02,0,1,1,1,1,32,1,227,200056636,2023-02-10,2|1|1|0|1|200056636|
PE,202305,49389205,4520,200105655,1720,13,508,1,INDIVIDUAL,INDIVIDUAL,1,379601,FIJO,379601,120,24.9,0,1,1,1,1,300,1,1268,200056155,2023-03-29,1|1|1|0|1|200056155|
PE,202303,43985620,40354,400095668,1359,26,1786,1,INDIVIDUAL,INDIVIDUAL,1,370190,FIJO,370190,0,0,1,1,1,1,1,57,6,1236,XXXXXXXXX,2023-01-31,1|1|1|1|1|XXXXXXXXX|
PE,202303,49389205,40354,400095668,1359,26,1786,1,INDIVIDUAL,INDIVIDUAL,1,370190,FIJO,370190,0,0,1,1,1,1,1,57,6,1236,XXXXXXXXX,2023-02-10,1|1|1|1|1|XXXXXXXXX|
PE,202303,20541199,40354,400095668,1359,26,1786,1,INDIVIDUAL,INDIVIDUAL,1,370190,FIJO,370190,0,0,1,1,1,1,1,57,6,1236,XXXXXXXXX,2023-02-13,1|1|1|1|1|XXXXXXXXX|
PE,202303,35545956,40354,400095668,1359,26,1786,1,INDIVIDUAL,INDIVIDUAL,1,370190,FIJO,370190,0,0,1,1,1,1,1,57,6,1236,XXXXXXXXX,2023-01-24,1|1|1|1|1|XXXXXXXXX|
PE,202303,45871533,40354,400095668,1359,26,1786,1,INDIVIDUAL,INDIVIDUAL,1,370190,FIJO,370190,0,0,1,1,1,1,1,57,6,1236,XXXXXXXXX,2023-02-09,1|1|1|1|1|XXXXXXXXX|
PE,202303,50020096,40354,400095668,1359,26,1786,1,INDIVIDUAL,INDIVIDUAL,1,370190,FIJO,370190,0,0,1,1,1,1,1,57,6,1236,XXXXXXXXX,2023-01-31,1|1|1|1|1|XXXXXXXXX|
PE,202303,49946996,40354,400095668,1359,26,1786,1,INDIVIDUAL,INDIVIDUAL,1,370190,FIJO,370190,0,0,1,1,1,1,1,57,6,1236,XXXXXXXXX,2023-02-09,1|1|1|1|1|XXXXXXXXX|
PE,202303,10961556,40354,400095668,1359,26,1786,1,INDIVIDUAL,INDIVIDUAL,1,370190,FIJO,370190,0,0,1,1,1,1,1,57,6,1236,XXXXXXXXX,2023-02-10,1|1|1|1|1|XXXXXXXXX|
PE,202303,50073300,40354,400095668,1359,26,1786,1,INDIVIDUAL,INDIVIDUAL,1,370190,FIJO,370190,0,0,1,1,1,1,1,57,6,1236,XXXXXXXXX,2023-02-13,1|1|1|1|1|XXXXXXXXX|
PE,202303,50180387,40354,400095668,1359,26,1786,1,INDIVIDUAL,INDIVIDUAL,1,370190,FIJO,370190,0,0,1,1,1,1,1,57,6,1236,XXXXXXXXX,2023-02-10,1|1|1|1|1|XXXXXXXXX|
PE,202305,45871533,35160,210102098,1820,13,1740,1,INDIVIDUAL,INDIVIDUAL,1,379726,FIJO,379726,153,64.9,0,1,1,1,1,24,1,1368,XXXXXXXXX,2023-03-20,1|1|1|0|1|XXXXXXXXX|
PE,202305,49389205,42006,400097694,2088,26,1813,1,INDIVIDUAL,INDIVIDUAL,1,380127,FIJO,380127,0,0,1,1,1,1,1,57,6,1561,XXXXXXXXX,2023-03-29,1|1|1|1|1|XXXXXXXXX|
PE,202305,10961556,42006,400097694,2088,26,1813,1,INDIVIDUAL,INDIVIDUAL,1,380127,FIJO,380127,0,0,1,1,1,1,1,57,6,1561,XXXXXXXXX,2023-03-29,1|1|1|1|1|XXXXXXXXX|
PE,202306,10961556,9249,210095246,2216,35,731,1,INDIVIDUAL,INDIVIDUAL,1,385854,FIJO,385854,142,13.9,0,1,1,1,1,45,2,1730,210047500,2023-04-22,1|1|1|0|1|210047500|
PE,202307,49946996,9681,200102292,23,4,14,999,VOLUMEN,VOLUMEN,2,390227,VARIABLE,390227,45,46.9,0,1,1,1,1,300,1,22,P0210055000,2023-04-29,999|2|1|0|1|P0210055000|
PE,202306,50180387,37812,210102060,1064,10,2009,1,INDIVIDUAL,INDIVIDUAL,1,384590,FIJO,384590,80,49.9,0,1,1,1,1,4,1,657,XXXXXXXXX,2023-04-11,1|1|1|0|1|XXXXXXXXX|
PE,202301,50180387,35468,210102008,660,10,1329,1,INDIVIDUAL,INDIVIDUAL,1,360516,FIJO,360516,85,79.9,0,1,1,1,1,4,1,633,XXXXXXXXX,2023-01-06,1|1|1|0|1|XXXXXXXXX|
PE,202301,50020096,35468,210102008,660,10,1329,1,INDIVIDUAL,INDIVIDUAL,1,360516,FIJO,360516,85,79.9,0,1,1,1,1,4,1,633,XXXXXXXXX,2022-12-17,1|1|1|0|1|XXXXXXXXX|
PE,202304,50020096,3925,200094840,1015,13,1472,1,INDIVIDUAL,INDIVIDUAL,2,374710,VARIABLE,374710,40,15.9,0,1,1,1,1,300,1,960,P0210111001,2023-02-21,1|2|1|0|1|P0210111001|
PE,202305,43985620,121618,200095159,4550,45,461,993,993,OTRO,2,383191,VARIABLE,383191,1,5.1,0,1,1,7,1,422,1,3663,200060302,2023-03-14,993|2|1|0|1|200060302|
PE,202304,43985620,37806,210102162,666,10,1376,1,INDIVIDUAL,INDIVIDUAL,1,374348,FIJO,374348,85,39.9,0,1,1,1,1,33,1,615,XXXXXXXXX,2023-02-21,1|1|1|0|1|XXXXXXXXX|
PE,202303,49946996,37963,210095652,754,10,740,2,SET FIJO,SET,1,369487,FIJO,369487,4,16.82,0,0,1,1,1,319,1,713,P0132056004,2023-02-09,2|1|1|0|0|P0132056004|
PE,202301,43985620,4745,200106556,565,10,214,1,INDIVIDUAL,INDIVIDUAL,1,360421,FIJO,360421,9,17.9,0,1,1,1,1,300,1,538,200054026,2022-12-20,1|1|1|0|1|200054026|
PE,202305,10961556,9669,200102282,1208,4,404,999,VOLUMEN,VOLUMEN,2,378889,VARIABLE,378889,49,20.9,0,1,1,1,1,300,1,772,P0210060001,2023-03-29,999|2|1|0|1|P0210060001|
PE,202303,43985620,38271,210100298,1207,24,299,2,SET FIJO,SET,1,369995,FIJO,369995,8,0,1,0,1,1,1,26,1,1160,XXXXXXXXX,2023-01-31,2|1|1|1|0|XXXXXXXXX|
PE,202302,35545956,37906,200105190,1148,24,143,999,VOLUMEN,VOLUMEN,2,365856,VARIABLE,365856,19,8.9,0,1,1,1,1,422,1,1105,200043495,2023-01-05,999|2|1|0|1|200043495|
PE,202302,50180387,35526,210099696,667,10,314,2,SET FIJO,SET,1,365321,FIJO,365321,52,1.29,0,0,1,1,1,34,1,642,XXXXXXXXX,2023-01-17,2|1|1|0|0|XXXXXXXXX|
PE,202303,50180387,15548,200107360,750,10,1523,1,INDIVIDUAL,INDIVIDUAL,2,369483,VARIABLE,369483,56,13.9,0,1,1,1,1,300,1,709,P0216057005,2023-02-10,1|2|1|0|1|P0216057005|
PE,202304,50180387,19151,200110332,1008,13,1469,1,INDIVIDUAL,INDIVIDUAL,2,374703,VARIABLE,374703,8,21.9,0,1,1,1,1,300,1,953,P0210085000,2023-02-28,1|2|1|0|1|P0210085000|
PE,202301,50073300,35868,200106354,1148,24,593,6,PROMOCIÓN SET FIJO,PROMOCIÓN,1,361060,FIJO,361060,5,24.95,0,1,1,1,1,425,1,1107,200106354,2022-12-28,6|1|1|0|1|200106354|
PE,202301,10961556,35929,200108674,1154,24,168,999,VOLUMEN,VOLUMEN,2,361071,VARIABLE,361071,21,7.38,0,1,1,1,5,422,1,1109,200059112,2022-12-27,999|2|5|0|1|200059112|
PE,202301,49389205,18942,200092792,510,9,1461,1,INDIVIDUAL,INDIVIDUAL,2,360357,VARIABLE,360357,46,33,0,1,1,1,1,300,1,488,P0280084002,2022-12-30,1|2|1|0|1|P0280084002|
PE,202302,50180387,35493,200106592,667,10,314,2,SET FIJO,SET,1,365321,FIJO,365321,52,17.48,0,0,1,1,1,319,1,642,P0216057002,2023-01-17,2|1|1|0|0|P0216057002|
PE,202303,50020096,99375,220045156,4723,,1463,2,SET FIJO,SET,1,373771,FIJO,373771,,,0,0,1,1,,0,,4225,XXXXXXXXX,2023-01-31,
PE,202308,50020096,16402,200090351,1160,13,291,1,INDIVIDUAL,INDIVIDUAL,1,396151,FIJO,396151,112,34.9,0,1,1,1,1,300,1,1104,200067147,2023-05-24,1|1|1|0|1|200067147|
PE,202303,20541199,199865,200102108,4035,45,1463,993,993,OTRO,2,373074,VARIABLE,373074,1,11.98,0,1,1,5,1,422,1,3543,P0132053000,2023-02-13,993|2|1|0|1|P0132053000|
PE,202306,50379884,41088,400096761,746,4,2121,991,INDIVIDUAL + ADICIONAL,INDIVIDUAL,1,384254,FIJO,384254,252,0,1,0,1,1,1,57,6,342,XXXXXXXXX,2023-04-20,991|1|1|1|0|XXXXXXXXX|
PE,202304,35545956,40831,200109790,1241,26,663,1,INDIVIDUAL,INDIVIDUAL,1,374999,FIJO,374999,0,0,1,1,1,1,1,77,4,1122,200109790,2023-02-13,1|1|1|1|1|200109790|
PE,202304,49389205,40831,200109790,1241,26,663,1,INDIVIDUAL,INDIVIDUAL,1,374999,FIJO,374999,0,0,1,1,1,1,1,77,4,1122,200109790,2023-03-06,1|1|1|1|1|200109790|
PE,202304,50020096,40831,200109790,1241,26,663,1,INDIVIDUAL,INDIVIDUAL,1,374999,FIJO,374999,0,0,1,1,1,1,1,77,4,1122,200109790,2023-02-21,1|1|1|1|1|200109790|
PE,202304,43985620,40831,200109790,1241,26,663,1,INDIVIDUAL,INDIVIDUAL,1,374999,FIJO,374999,0,0,1,1,1,1,1,77,4,1122,200109790,2023-02-21,1|1|1|1|1|200109790|
PE,202304,50180387,4745,200106556,587,10,213,1,INDIVIDUAL,INDIVIDUAL,1,374268,FIJO,374268,26,17.9,0,1,1,1,1,300,1,536,200054026,2023-02-28,1|1|1|0|1|200054026|
PE,202304,50073300,38516,200101245,1110,24,315,2,SET FIJO,SET,1,374816,FIJO,374816,26,27.75,0,0,1,1,1,419,1,1050,200090313,2023-03-11,2|1|1|0|0|200090313|
PE,202305,35545956,41983,200109465,1208,4,404,999,VOLUMEN,VOLUMEN,2,378889,VARIABLE,378889,0,0,1,1,1,1,1,77,4,772,200109465,2023-03-08,999|2|1|1|1|200109465|
PE,202305,43985620,41983,200109465,1208,4,404,999,VOLUMEN,VOLUMEN,2,378889,VARIABLE,378889,0,0,1,1,1,1,1,77,4,772,200109465,2023-03-14,999|2|1|1|1|200109465|
PE,202305,50180387,41983,200109465,1208,4,404,999,VOLUMEN,VOLUMEN,2,378889,VARIABLE,378889,0,0,1,1,1,1,1,77,4,772,200109465,2023-03-21,999|2|1|1|1|200109465|
PE,202305,49946996,41983,200109465,1208,4,404,999,VOLUMEN,VOLUMEN,2,378889,VARIABLE,378889,0,0,1,1,1,1,1,77,4,772,200109465,2023-03-21,999|2|1|1|1|200109465|
PE,202305,50020096,41983,200109465,1208,4,404,999,VOLUMEN,VOLUMEN,2,378889,VARIABLE,378889,0,0,1,1,1,1,1,77,4,772,200109465,2023-03-17,999|2|1|1|1|200109465|
PE,202305,50379884,41983,200109465,1208,4,404,999,VOLUMEN,VOLUMEN,2,378889,VARIABLE,378889,0,0,1,1,1,1,1,77,4,772,200109465,2023-03-27,999|2|1|1|1|200109465|
PE,202305,45871533,41983,200109465,1208,4,404,999,VOLUMEN,VOLUMEN,2,378889,VARIABLE,378889,0,0,1,1,1,1,1,77,4,772,200109465,2023-03-20,999|2|1|1|1|200109465|
PE,202307,50180387,103313,200102430,4469,45,248,999,VOLUMEN,VOLUMEN,1,394408,FIJO,394408,1,44.97,0,1,1,1,1,203,1,4148,200058349,2023-05-02,999|1|1|0|1|200058349|
PE,202304,43985620,2935,200105017,609,10,265,1,INDIVIDUAL,INDIVIDUAL,1,374290,FIJO,374290,55,39.9,0,1,1,1,1,323,1,558,200063985,2023-02-21,1|1|1|0|1|200063985|
PE,202305,50020096,41298,200106274,1208,4,404,999,VOLUMEN,VOLUMEN,2,378889,VARIABLE,378889,15,12.4,0,1,1,1,1,425,1,772,200106274,2023-03-17,999|2|1|0|1|200106274|
PE,202309,35545956,4143,200084840,1005,13,122,5,PROMOCIÓN INDIVIDUAL,PROMOCIÓN,2,401444,VARIABLE,401444,150,25.9,0,1,1,1,1,331,1,957,200060588,2023-05-29,5|2|1|0|1|200060588|
PE,202305,50073300,35604,200095374,1208,4,404,999,VOLUMEN,VOLUMEN,2,378889,VARIABLE,378889,15,0,1,1,1,1,1,422,1,772,200043493,2023-03-31,999|2|1|1|1|200043493|
PE,202305,50379884,40912,400097510,1192,4,1837,991,INDIVIDUAL + ADICIONAL,INDIVIDUAL,1,378864,FIJO,378864,251,0,1,0,1,1,1,57,6,757,XXXXXXXXX,2023-03-27,991|1|1|1|0|XXXXXXXXX|
PE,202304,49389205,41129,400097572,1247,26,1719,1,INDIVIDUAL,INDIVIDUAL,1,375005,FIJO,375005,0,0,1,1,1,1,1,57,6,1128,XXXXXXXXX,2023-03-06,1|1|1|1|1|XXXXXXXXX|
PE,202304,43985620,41129,400097572,1247,26,1719,1,INDIVIDUAL,INDIVIDUAL,1,375005,FIJO,375005,0,0,1,1,1,1,1,57,6,1128,XXXXXXXXX,2023-02-21,1|1|1|1|1|XXXXXXXXX|
PE,202310,35545956,39271,400095693,1267,26,1625,1,INDIVIDUAL,INDIVIDUAL,1,406676,FIJO,406676,0,0,1,1,1,1,1,57,6,1143,XXXXXXXXX,2023-06-19,1|1|1|1|1|XXXXXXXXX|
PE,202306,50379884,37713,210102322,1293,13,1619,1,INDIVIDUAL,INDIVIDUAL,1,384837,FIJO,384837,95,49.9,0,1,1,1,1,4,1,881,XXXXXXXXX,2023-04-20,1|1|1|0|1|XXXXXXXXX|
PE,202312,35545956,39379,400095677,1337,26,1624,1,INDIVIDUAL,INDIVIDUAL,1,415064,FIJO,415064,0,0,1,1,1,1,1,57,6,1213,XXXXXXXXX,2023-07-31,1|1|1|1|1|XXXXXXXXX|
PE,202305,45871533,35646,200102430,1208,4,404,999,VOLUMEN,VOLUMEN,2,378889,VARIABLE,378889,4,20,0,1,1,1,1,425,1,772,200058349,2023-03-20,999|2|1|0|1|200058349|
PE,202305,43985620,35646,200102430,1208,4,404,999,VOLUMEN,VOLUMEN,2,378889,VARIABLE,378889,4,20,0,1,1,1,1,425,1,772,200058349,2023-03-14,999|2|1|0|1|200058349|
PE,202305,43985620,102929,200072406,3966,45,1012,2,SET FIJO,SET,1,382464,FIJO,382464,1,17.41,0,0,1,1,1,419,1,3079,200072406,2023-03-14,2|1|1|0|0|200072406|
PE,202304,10961556,38605,200109874,1189,24,175,999,VOLUMEN,VOLUMEN,1,374923,FIJO,374923,11,22.48,0,1,1,1,2,424,1,1089,200109874,2023-03-03,999|1|2|0|1|200109874|
PE,202301,50180387,20642,200112635,995,13,1408,1,INDIVIDUAL,INDIVIDUAL,2,360870,VARIABLE,360870,17,18.9,0,1,1,1,1,300,1,963,P0210052000,2023-01-06,1|2|1|0|1|P0210052000|
PE,202303,20541199,18695,200092457,1164,24,470,1,INDIVIDUAL,INDIVIDUAL,1,369949,FIJO,369949,40,1.9,0,1,1,1,1,71,4,1117,200092457,2023-02-13,1|1|1|0|1|200092457|
PE,202302,50180387,221,200106305,1030,24,575,1,INDIVIDUAL,INDIVIDUAL,1,365719,FIJO,365719,2,1.9,0,1,1,1,1,71,4,995,200106305,2023-01-17,1|1|1|0|1|200106305|
PE,202303,43985620,38204,200100866,1205,24,435,2,SET FIJO,SET,1,369993,FIJO,369993,9,52.18,0,1,1,1,1,411,1,1158,200088336,2023-01-31,2|1|1|0|1|200088336|
PE,202304,50180387,37731,200102108,735,10,1428,999,VOLUMEN,VOLUMEN,2,374427,VARIABLE,374427,16,19.96,0,1,1,1,3,320,1,683,P0132053000,2023-02-28,999|2|3|0|1|P0132053000|
PE,202310,35545956,39351,210105870,1283,26,1593,1,INDIVIDUAL,INDIVIDUAL,1,406692,FIJO,406692,0,0,1,1,1,1,1,77,4,1159,XXXXXXXXX,2023-06-19,1|1|1|1|1|XXXXXXXXX|
PE,202305,35545956,35285,210102035,1479,10,1490,1,INDIVIDUAL,INDIVIDUAL,1,379256,FIJO,379256,81,39.9,0,1,1,1,1,33,1,1030,XXXXXXXXX,2023-03-08,1|1|1|0|1|XXXXXXXXX|
PE,202310,35545956,37296,200090452,1195,24,177,999,VOLUMEN,VOLUMEN,1,406597,FIJO,406597,17,22.3,0,1,1,1,4,424,1,1111,200040636,2023-06-19,999|1|4|0|1|200040636|
PE,202305,49389205,42263,200106449,2162,26,1608,1,INDIVIDUAL,INDIVIDUAL,2,380207,VARIABLE,380207,,19.9,0,1,1,1,1,27,1,1635,P0210133000,2023-03-29,1|2|1|0|1|P0210133000|
PE,202305,10961556,42263,200106449,2162,26,1608,1,INDIVIDUAL,INDIVIDUAL,2,380207,VARIABLE,380207,,19.9,0,1,1,1,1,27,1,1635,P0210133000,2023-03-29,1|2|1|0|1|P0210133000|
PE,202304,35545956,128502,200113793,3857,45,240,993,993,OTRO,2,377704,VARIABLE,377704,1,23.3,0,0,0,1,1,429,1,3366,P0132053000,2023-02-13,993|2|1|0|0|P0132053000|
PE,202307,50020096,16400,200090349,23,4,14,999,VOLUMEN,VOLUMEN,2,390227,VARIABLE,390227,121,28.9,0,1,1,1,1,321,1,22,200084815,2023-04-26,999|2|1|0|1|200084815|
PE,202302,50180387,15862,200108048,559,10,241,1,INDIVIDUAL,INDIVIDUAL,1,365210,FIJO,365210,58,23.9,0,1,1,1,1,300,1,534,200060357,2023-01-17,1|1|1|0|1|200060357|
PE,202307,49946996,35331,210099577,771,10,2057,1,INDIVIDUAL,INDIVIDUAL,1,390555,FIJO,390555,92,50.9,0,1,1,1,1,300,1,733,XXXXXXXXX,2023-04-29,1|1|1|0|1|XXXXXXXXX|
PE,202303,20541199,18755,200110160,836,13,751,1,INDIVIDUAL,INDIVIDUAL,1,369576,FIJO,369576,44,1.9,0,1,1,1,1,72,4,792,200110160,2023-02-13,1|1|1|0|1|200110160|
PE,202305,49389205,121802,210100407,4568,45,1034,993,993,OTRO,2,383212,VARIABLE,383212,1,17.45,0,1,1,4,1,422,1,3681,210047500,2023-03-29,993|2|1|0|1|210047500|
PE,202307,45871533,37142,200099262,3273,35,538,2,SET FIJO,SET,1,393117,FIJO,393117,142,22,0,1,1,1,1,102,2,3137,200099262,2023-05-04,2|1|1|0|1|200099262|
PE,202302,50180387,35204,200108807,979,13,95,2,SET FIJO,SET,1,365647,FIJO,365647,27,8.81,0,0,1,1,1,319,1,952,200043487,2023-01-17,2|1|1|0|0|200043487|
PE,202305,43985620,121615,200095170,4550,45,461,993,993,OTRO,2,383191,VARIABLE,383191,1,5.1,0,1,1,7,1,422,1,3663,200058353,2023-03-14,993|2|1|0|1|200058353|
PE,202301,43985620,16402,200090351,1056,13,278,999,VOLUMEN,VOLUMEN,2,360956,VARIABLE,360956,121,42.9,0,1,1,1,1,320,1,1017,200067147,2022-12-20,999|2|1|0|1|200067147|
PE,202301,50020096,16402,200090351,1056,13,278,999,VOLUMEN,VOLUMEN,2,360956,VARIABLE,360956,121,42.9,0,1,1,1,1,320,1,1017,200067147,2022-12-17,999|2|1|0|1|200067147|
PE,202306,50379884,41088,400096761,747,4,2122,991,INDIVIDUAL + ADICIONAL,INDIVIDUAL,1,384255,FIJO,384255,252,0,1,0,1,1,1,57,6,343,XXXXXXXXX,2023-04-20,991|1|1|1|0|XXXXXXXXX|
PE,202302,43985620,3808,200105218,744,13,308,1,INDIVIDUAL,INDIVIDUAL,1,365405,FIJO,365405,73,34.9,0,1,1,1,1,300,1,717,200082462,2023-01-10,1|1|1|0|1|200082462|
PE,202302,35545956,37668,200098673,1172,24,294,999,VOLUMEN,VOLUMEN,1,365880,FIJO,365880,11,37.48,0,1,1,1,3,424,1,1110,200091328,2023-01-05,999|1|3|0|1|200091328|
PE,202303,35545956,12178,200088035,99,9,150,1,INDIVIDUAL,INDIVIDUAL,2,369245,VARIABLE,369245,31,64,0,1,1,1,1,321,1,89,P0280076000,2023-01-24,1|2|1|0|1|P0280076000|
PE,202302,50073300,16637,200108768,808,13,325,1,INDIVIDUAL,INDIVIDUAL,1,365469,FIJO,365469,101,26.9,0,1,1,1,1,300,1,781,200084785,2023-01-20,1|1|1|0|1|200084785|
PE,202302,50180387,35513,210095971,662,10,153,2,SET FIJO,SET,1,365316,FIJO,365316,40,18.89,0,0,1,1,1,319,1,637,P0132051003,2023-01-17,2|1|1|0|0|P0132051003|
PE,202304,43985620,8975,200101074,736,10,491,999,VOLUMEN,VOLUMEN,2,374428,VARIABLE,374428,21,24.9,0,1,1,1,1,320,1,684,200101074,2023-02-21,999|2|1|0|1|200101074|
PE,202302,50180387,35473,200082481,669,10,310,2,SET FIJO,SET,1,365323,FIJO,365323,90,38.84,0,1,1,1,1,310,1,644,200082481,2023-01-17,2|1|1|0|1|200082481|
PE,202303,20541199,199866,200113791,4035,45,1463,993,993,OTRO,2,373074,VARIABLE,373074,1,11.98,0,1,1,5,1,422,1,3543,P0132053000,2023-02-13,993|2|1|0|1|P0132053000|
PE,202302,50020096,104011,200103025,3112,45,132,2,SET FIJO,SET,1,367851,FIJO,367851,1,23.8,0,1,1,1,1,201,1,2660,200039966,2023-01-10,2|1|1|0|1|200039966|
PE,202301,50073300,35820,200103717,1117,24,1499,1,INDIVIDUAL,INDIVIDUAL,2,361020,VARIABLE,361020,19,21.9,0,1,1,1,1,421,1,1076,P0292139009,2022-12-28,1|2|1|0|1|P0292139009|
PE,202301,50073300,35887,200106438,1144,24,1423,5,PROMOCIÓN INDIVIDUAL,PROMOCIÓN,1,361049,FIJO,361049,19,0,1,1,1,1,1,429,1,1103,P0210133000,2022-12-28,5|1|1|1|1|P0210133000|
PE,202303,10961556,5268,200095517,997,13,499,1,INDIVIDUAL,INDIVIDUAL,1,369744,FIJO,369744,148,19.9,0,1,1,1,1,300,1,953,200095517,2023-02-10,1|1|1|0|1|200095517|
PE,202303,43985620,5268,200095517,997,13,499,1,INDIVIDUAL,INDIVIDUAL,1,369744,FIJO,369744,148,19.9,0,1,1,1,1,300,1,953,200095517,2023-01-31,1|1|1|0|1|200095517|
PE,202301,49946996,36112,210102036,1094,24,1332,1,INDIVIDUAL,INDIVIDUAL,1,360994,FIJO,360994,33,33.9,0,1,1,1,1,115,1,1053,XXXXXXXXX,2023-01-06,1|1|1|0|1|XXXXXXXXX|
PE,202301,43985620,4466,200095170,908,13,237,1,INDIVIDUAL,INDIVIDUAL,1,360781,FIJO,360781,127,11.9,0,1,1,1,1,322,1,876,200058353,2022-12-20,1|1|1|0|1|200058353|
PE,202301,20541199,35876,200106397,1213,24,240,999,VOLUMEN,VOLUMEN,2,361136,VARIABLE,361136,9,16.23,0,1,1,1,8,425,1,1124,200106397,2022-12-26,999|2|8|0|1|200106397|
PE,202308,50379884,74436,400096763,613,4,1826,991,INDIVIDUAL + ADICIONAL,INDIVIDUAL,1,395551,FIJO,395551,254,0,1,0,1,1,1,57,6,568,XXXXXXXXX,2023-06-01,991|1|1|1|0|XXXXXXXXX|
PE,202301,50073300,36012,200104532,1143,24,192,5,PROMOCIÓN INDIVIDUAL,PROMOCIÓN,1,361047,FIJO,361047,27,0,1,1,1,1,1,409,1,1102,200050795,2022-12-28,5|1|1|1|1|200050795|
PE,202304,50379884,3056,200097947,593,10,435,1,INDIVIDUAL,INDIVIDUAL,1,374274,FIJO,374274,46,39.9,0,1,1,1,1,300,1,542,200097947,2023-03-09,1|1|1|0|1|200097947|
PE,202304,50180387,3056,200097947,593,10,435,1,INDIVIDUAL,INDIVIDUAL,1,374274,FIJO,374274,46,39.9,0,1,1,1,1,300,1,542,200097947,2023-02-28,1|1|1|0|1|200097947|
PE,202306,50180387,40506,200113748,754,4,2129,991,INDIVIDUAL + ADICIONAL,INDIVIDUAL,1,384263,FIJO,384263,215,0,1,1,1,1,1,92,6,350,XXXXXXXXX,2023-04-11,991|1|1|1|1|XXXXXXXXX|
PE,202304,50020096,1430,200104257,1038,13,122,5,PROMOCIÓN INDIVIDUAL,PROMOCIÓN,2,374737,VARIABLE,374737,151,39.9,0,1,1,1,1,330,1,983,200084604,2023-02-21,5|2|1|0|1|200084604|
PE,202302,20541199,35435,210098785,594,10,871,1,INDIVIDUAL,INDIVIDUAL,1,365245,FIJO,365245,72,29.9,0,1,1,1,1,5,1,569,XXXXXXXXX,2023-01-26,1|1|1|0|1|XXXXXXXXX|
PE,202303,43985620,40389,200085822,253,1,272,2,SET FIJO,SET,1,368889,FIJO,368889,14,15,0,0,1,1,1,425,1,218,200046830,2023-01-31,2|1|1|0|0|200046830|
PE,202303,50020096,104816,200089509,3338,45,214,2,SET FIJO,SET,1,372216,FIJO,372216,1,33.11,0,1,1,1,1,201,1,2846,200038319,2023-01-31,2|1|1|0|1|200038319|
PE,202302,50180387,35452,210101976,629,10,994,1,INDIVIDUAL,INDIVIDUAL,1,365280,FIJO,365280,100,69.9,0,1,1,1,1,4,1,604,XXXXXXXXX,2023-01-17,1|1|1|0|1|XXXXXXXXX|
PE,202305,50020096,42041,200099047,1208,4,404,999,VOLUMEN,VOLUMEN,2,378889,VARIABLE,378889,15,12.5,0,1,1,1,1,425,1,772,200012014,2023-03-17,999|2|1|0|1|200012014|
PE,202302,49389205,35121,200105041,992,13,213,2,SET FIJO,SET,1,365661,FIJO,365661,147,32.8,0,1,1,1,1,310,1,965,200056636,2023-01-20,2|1|1|0|1|200056636|
PE,202303,43985620,38525,200039855,1233,24,222,2,SET FIJO,SET,1,370025,FIJO,370025,40,29.11,0,1,1,1,1,411,1,1186,200039855,2023-01-31,2|1|1|0|1|200039855|
PE,202302,50020096,37626,200095170,1148,24,143,999,VOLUMEN,VOLUMEN,2,365856,VARIABLE,365856,19,8.9,0,1,1,1,1,422,1,1105,200058353,2023-01-10,999|2|1|0|1|200058353|
PE,202303,43985620,38203,200100617,1205,24,435,2,SET FIJO,SET,1,369993,FIJO,369993,9,17.19,0,0,1,1,1,419,1,1158,200100617,2023-01-31,2|1|1|0|0|200100617|
PE,202307,49946996,35427,200105011,880,10,178,5,PROMOCIÓN INDIVIDUAL,PROMOCIÓN,1,390667,FIJO,390667,107,35.9,0,1,1,1,1,330,1,842,200044715,2023-04-29,5|1|1|0|1|200044715|
PE,202302,50180387,35278,210100298,998,13,471,2,SET FIJO,SET,1,365667,FIJO,365667,18,0,1,0,1,1,1,34,1,971,XXXXXXXXX,2023-01-17,2|1|1|1|0|XXXXXXXXX|
PE,202306,35545956,38860,200107184,1710,24,1680,999,VOLUMEN,VOLUMEN,2,385294,VARIABLE,385294,52,11.98,0,1,1,1,5,422,1,1275,P0132053000,2023-03-29,999|2|5|0|1|P0132053000|
PE,202301,43985620,9737,200102348,1042,13,523,999,VOLUMEN,VOLUMEN,2,360940,VARIABLE,360940,2,35.9,0,1,1,1,1,320,1,1010,P0292090009,2022-12-20,999|2|1|0|1|P0292090009|
PE,202304,10961556,40867,200099047,162,1,142,2,SET FIJO,SET,1,373778,FIJO,373778,6,10,0,0,1,1,1,425,1,129,200012014,2023-03-03,2|1|1|0|0|200012014|
PE,202303,49946996,37956,200109874,754,10,740,2,SET FIJO,SET,1,369487,FIJO,369487,4,35.41,0,1,1,1,1,311,1,713,200109874,2023-02-09,2|1|1|0|1|200109874|
PE,202306,49946996,42328,200102292,1461,13,1745,1,INDIVIDUAL,INDIVIDUAL,2,385024,VARIABLE,385024,63,41.9,0,1,1,1,1,331,1,1049,P0210055000,2023-04-13,1|2|1|0|1|P0210055000|
PE,202301,10961556,35936,200108807,1154,24,168,999,VOLUMEN,VOLUMEN,2,361071,VARIABLE,361071,21,7.38,0,1,1,1,5,422,1,1109,200043487,2022-12-27,999|2|5|0|1|200043487|
PE,202305,50020096,42099,210096372,1208,4,404,999,VOLUMEN,VOLUMEN,2,378889,VARIABLE,378889,0,0,1,1,1,1,1,84,6,772,210096372,2023-03-17,999|2|1|1|1|210096372|
PE,202301,49389205,157866,200110090,4020,45,616,993,993,OTRO,2,364106,VARIABLE,364106,1,14.95,0,1,1,4,1,201,1,3559,200110090,2022-12-30,993|2|1|0|1|200110090|
PE,202302,50073300,35093,200102045,988,13,320,2,SET FIJO,SET,1,365657,FIJO,365657,137,75.15,0,1,1,1,1,311,1,961,200084602,2023-01-20,2|1|1|0|1|200084602|
PE,202313,35545956,109395,200095382,3458,45,155,993,993,OTRO,2,421602,VARIABLE,421602,1,5.1,0,1,1,7,1,422,1,2919,200072538,2023-08-21,993|2|1|0|1|200072538|
PE,202313,35545956,35258,200084840,950,13,116,5,PROMOCIÓN INDIVIDUAL,PROMOCIÓN,2,419000,VARIABLE,419000,150,25.9,0,1,1,1,1,331,1,933,200060588,2023-08-21,5|2|1|0|1|200060588|
PE,202301,10961556,36025,200095170,1146,24,237,5,PROMOCIÓN INDIVIDUAL,PROMOCIÓN,1,361054,FIJO,361054,21,0,1,1,1,1,1,422,1,1105,200058353,2022-12-27,5|1|1|1|1|200058353|
PE,202302,50073300,122057,210095652,2738,45,1052,1,INDIVIDUAL,INDIVIDUAL,1,367477,FIJO,367477,1,11.9,0,1,1,1,1,201,1,2286,P0132056004,2023-01-20,1|1|1|0|1|P0132056004|
PE,202302,43985620,878,200082678,896,13,216,1,INDIVIDUAL,INDIVIDUAL,1,365557,FIJO,365557,130,21.9,0,1,1,1,1,300,1,869,200056740,2023-01-10,1|1|1|0|1|200056740|
PE,202303,43985620,40417,200098264,253,1,272,2,SET FIJO,SET,1,368889,FIJO,368889,14,15,0,0,1,1,1,425,1,218,200098264,2023-01-31,2|1|1|0|0|200098264|
PE,202303,43985620,38537,200095157,1229,24,334,2,SET FIJO,SET,1,370021,FIJO,370021,13,12.25,0,0,1,1,1,419,1,1182,200095157,2023-01-31,2|1|1|0|0|200095157|
PE,202302,50020096,40038,200109795,1283,26,659,1,INDIVIDUAL,INDIVIDUAL,1,366006,FIJO,366006,0,0,1,1,1,1,1,77,4,1186,200109795,2023-01-10,1|1|1|1|1|200109795|
PE,202304,50073300,40822,400095723,1232,26,1746,1,INDIVIDUAL,INDIVIDUAL,1,374989,FIJO,374989,0,0,1,1,1,1,1,57,6,1113,XXXXXXXXX,2023-03-11,1|1|1|1|1|XXXXXXXXX|
PE,202304,35545956,40822,400095723,1232,26,1746,1,INDIVIDUAL,INDIVIDUAL,1,374989,FIJO,374989,0,0,1,1,1,1,1,57,6,1113,XXXXXXXXX,2023-02-13,1|1|1|1|1|XXXXXXXXX|
PE,202304,45871533,40822,400095723,1232,26,1746,1,INDIVIDUAL,INDIVIDUAL,1,374989,FIJO,374989,0,0,1,1,1,1,1,57,6,1113,XXXXXXXXX,2023-02-28,1|1|1|1|1|XXXXXXXXX|
PE,202304,43985620,40822,400095723,1232,26,1746,1,INDIVIDUAL,INDIVIDUAL,1,374989,FIJO,374989,0,0,1,1,1,1,1,57,6,1113,XXXXXXXXX,2023-02-21,1|1|1|1|1|XXXXXXXXX|
PE,202304,49946996,40822,400095723,1232,26,1746,1,INDIVIDUAL,INDIVIDUAL,1,374989,FIJO,374989,0,0,1,1,1,1,1,57,6,1113,XXXXXXXXX,2023-02-28,1|1|1|1|1|XXXXXXXXX|
PE,202304,50180387,40822,400095723,1232,26,1746,1,INDIVIDUAL,INDIVIDUAL,1,374989,FIJO,374989,0,0,1,1,1,1,1,57,6,1113,XXXXXXXXX,2023-02-28,1|1|1|1|1|XXXXXXXXX|
PE,202304,50379884,40822,400095723,1232,26,1746,1,INDIVIDUAL,INDIVIDUAL,1,374989,FIJO,374989,0,0,1,1,1,1,1,57,6,1113,XXXXXXXXX,2023-03-09,1|1|1|1|1|XXXXXXXXX|
PE,202304,50020096,40822,400095723,1232,26,1746,1,INDIVIDUAL,INDIVIDUAL,1,374989,FIJO,374989,0,0,1,1,1,1,1,57,6,1113,XXXXXXXXX,2023-02-21,1|1|1|1|1|XXXXXXXXX|
PE,202313,35545956,109677,200082688,3496,45,216,993,993,OTRO,2,421647,VARIABLE,421647,1,13.3,0,1,1,3,1,201,1,2957,200073712,2023-08-21,993|2|1|0|1|200073712|
PE,202301,50020096,38708,200097947,306,4,443,991,INDIVIDUAL + ADICIONAL,INDIVIDUAL,1,360147,FIJO,360147,220,17.5,0,1,1,1,1,50,1,287,200097947,2022-12-17,991|1|1|0|1|200097947|
PE,202306,50379884,41088,400096761,745,4,2120,991,INDIVIDUAL + ADICIONAL,INDIVIDUAL,1,384253,FIJO,384253,252,0,1,0,1,1,1,57,6,341,XXXXXXXXX,2023-04-20,991|1|1|1|0|XXXXXXXXX|
PE,202305,50073300,121822,200082674,4172,45,559,3,SET VARIABLE,SET,2,382744,VARIABLE,382744,1,13.06,0,0,0,1,1,201,1,3285,200056741,2023-03-31,3|2|1|0|0|200056741|
PE,202304,50379884,40821,400095668,1231,26,1737,1,INDIVIDUAL,INDIVIDUAL,1,374987,FIJO,374987,0,0,1,1,1,1,1,57,6,1112,XXXXXXXXX,2023-03-09,1|1|1|1|1|XXXXXXXXX|
PE,202305,10961556,5688,210098526,1528,10,1583,1,INDIVIDUAL,INDIVIDUAL,2,379320,VARIABLE,379320,34,12.9,0,1,1,1,1,303,1,1079,P0197106006,2023-03-29,1|2|1|0|1|P0197106006|
PE,202302,10961556,46932,400097509,1381,26,1278,1,INDIVIDUAL,INDIVIDUAL,1,366111,FIJO,366111,0,0,1,1,1,1,1,57,6,1284,XXXXXXXXX,2023-01-20,1|1|1|1|1|XXXXXXXXX|
PE,202302,49389205,46932,400097509,1381,26,1278,1,INDIVIDUAL,INDIVIDUAL,1,366111,FIJO,366111,0,0,1,1,1,1,1,57,6,1284,XXXXXXXXX,2023-01-20,1|1|1|1|1|XXXXXXXXX|
PE,202302,20541199,46932,400097509,1381,26,1278,1,INDIVIDUAL,INDIVIDUAL,1,366111,FIJO,366111,0,0,1,1,1,1,1,57,6,1284,XXXXXXXXX,2023-01-26,1|1|1|1|1|XXXXXXXXX|
PE,202302,10961556,39704,400097342,1251,26,1274,1,INDIVIDUAL,INDIVIDUAL,1,365962,FIJO,365962,0,0,1,1,1,1,1,57,6,1154,XXXXXXXXX,2023-01-20,1|1|1|1|1|XXXXXXXXX|
PE,202302,50020096,39704,400097342,1251,26,1274,1,INDIVIDUAL,INDIVIDUAL,1,365962,FIJO,365962,0,0,1,1,1,1,1,57,6,1154,XXXXXXXXX,2023-01-10,1|1|1|1|1|XXXXXXXXX|
PE,202302,20541199,39704,400097342,1251,26,1274,1,INDIVIDUAL,INDIVIDUAL,1,365962,FIJO,365962,0,0,1,1,1,1,1,57,6,1154,XXXXXXXXX,2023-01-26,1|1|1|1|1|XXXXXXXXX|
PE,202302,49946996,39704,400097342,1251,26,1274,1,INDIVIDUAL,INDIVIDUAL,1,365962,FIJO,365962,0,0,1,1,1,1,1,57,6,1154,XXXXXXXXX,2023-01-24,1|1|1|1|1|XXXXXXXXX|
PE,202302,50180387,39704,400097342,1251,26,1274,1,INDIVIDUAL,INDIVIDUAL,1,365962,FIJO,365962,0,0,1,1,1,1,1,57,6,1154,XXXXXXXXX,2023-01-17,1|1|1|1|1|XXXXXXXXX|
PE,202302,35545956,39704,400097342,1251,26,1274,1,INDIVIDUAL,INDIVIDUAL,1,365962,FIJO,365962,0,0,1,1,1,1,1,57,6,1154,XXXXXXXXX,2023-01-05,1|1|1|1|1|XXXXXXXXX|
PE,202302,49389205,39704,400097342,1251,26,1274,1,INDIVIDUAL,INDIVIDUAL,1,365962,FIJO,365962,0,0,1,1,1,1,1,57,6,1154,XXXXXXXXX,2023-01-20,1|1|1|1|1|XXXXXXXXX|
PE,202302,50073300,39704,400097342,1251,26,1274,1,INDIVIDUAL,INDIVIDUAL,1,365962,FIJO,365962,0,0,1,1,1,1,1,57,6,1154,XXXXXXXXX,2023-01-20,1|1|1|1|1|XXXXXXXXX|
PE,202302,43985620,39704,400097342,1251,26,1274,1,INDIVIDUAL,INDIVIDUAL,1,365962,FIJO,365962,0,0,1,1,1,1,1,57,6,1154,XXXXXXXXX,2023-01-10,1|1|1|1|1|XXXXXXXXX|
PE,202302,49389205,35331,210100298,1013,13,567,991,INDIVIDUAL + ADICIONAL,INDIVIDUAL,1,365700,FIJO,365700,17,0,1,0,1,1,1,24,1,986,XXXXXXXXX,2023-01-20,991|1|1|1|0|XXXXXXXXX|
PE,202306,50379884,40499,200113741,747,4,2122,991,INDIVIDUAL + ADICIONAL,INDIVIDUAL,1,384255,FIJO,384255,208,0,1,1,1,1,1,92,6,343,XXXXXXXXX,2023-04-20,991|1|1|1|1|XXXXXXXXX|
PE,202304,50020096,19144,200110328,1008,13,1469,1,INDIVIDUAL,INDIVIDUAL,2,374703,VARIABLE,374703,8,21.9,0,1,1,1,1,300,1,953,P0210085000,2023-02-21,1|2|1|0|1|P0210085000|
PE,202306,50020096,711,200103964,847,9,395,1,INDIVIDUAL,INDIVIDUAL,1,384358,FIJO,384358,81,44,0,1,1,1,1,300,1,443,200092164,2023-04-04,1|1|1|0|1|200092164|
PE,202304,49389205,3852,200105270,408,9,549,1,INDIVIDUAL,INDIVIDUAL,1,374059,FIJO,374059,18,82,0,1,1,1,1,300,1,369,200105270,2023-03-06,1|1|1|0|1|200105270|
PE,202305,43985620,9441,200102111,172,10,322,999,VOLUMEN,VOLUMEN,2,379365,VARIABLE,379365,16,24.9,0,1,1,1,1,320,1,165,P0132053000,2023-03-14,999|2|1|0|1|P0132053000|
PE,202305,50073300,39580,200107621,1951,24,1644,5,PROMOCIÓN INDIVIDUAL,PROMOCIÓN,1,379921,FIJO,379921,25,0,1,1,1,1,1,409,1,1493,P0280083000,2023-03-31,5|1|1|1|1|P0280083000|
PE,202302,10961556,37856,200104065,1207,24,305,999,VOLUMEN,VOLUMEN,1,365915,FIJO,365915,22,21.79,0,1,1,1,1,419,1,1118,200104065,2023-01-20,999|1|1|0|1|200104065|
PE,202307,49946996,35345,210101280,756,10,1591,1,INDIVIDUAL,INDIVIDUAL,1,390540,FIJO,390540,84,31.9,0,1,1,1,1,300,1,718,XXXXXXXXX,2023-04-29,1|1|1|0|1|XXXXXXXXX|
PE,202313,35545956,37996,400095732,1234,26,1506,1,INDIVIDUAL,INDIVIDUAL,1,419311,FIJO,419311,0,0,1,1,1,1,1,57,6,1131,XXXXXXXXX,2023-08-21,1|1|1|1|1|XXXXXXXXX|
PE,202305,50073300,35402,200109188,2048,24,1644,999,VOLUMEN,VOLUMEN,2,380080,VARIABLE,380080,25,19.95,0,1,1,1,2,421,1,1522,P0280083000,2023-03-31,999|2|2|0|1|P0280083000|
PE,202306,49946996,15327,210098882,1117,10,1696,1,INDIVIDUAL,INDIVIDUAL,2,384647,VARIABLE,384647,18,35.9,0,1,1,1,1,300,1,710,P0132058000,2023-04-13,1|2|1|0|1|P0132058000|
PE,202305,35545956,42014,200106440,1208,4,404,999,VOLUMEN,VOLUMEN,2,378889,VARIABLE,378889,0,19.9,0,1,1,1,1,27,1,772,P0210133000,2023-03-08,999|2|1|0|1|P0210133000|
PE,202304,50379884,40215,400096759,343,4,1750,991,INDIVIDUAL + ADICIONAL,INDIVIDUAL,1,373982,FIJO,373982,250,0,1,0,1,1,1,57,6,305,XXXXXXXXX,2023-03-09,991|1|1|1|0|XXXXXXXXX|
PE,202302,49946996,104019,200089168,3114,45,343,2,SET FIJO,SET,1,367853,FIJO,367853,1,25.42,0,1,1,1,1,201,1,2662,200089168,2023-01-24,2|1|1|0|1|200089168|
PE,202301,50020096,38735,200106161,306,4,443,991,INDIVIDUAL + ADICIONAL,INDIVIDUAL,1,360147,FIJO,360147,220,0,1,0,1,1,1,50,1,287,200106161,2022-12-17,991|1|1|1|0|200106161|
PE,202303,49946996,39651,400096764,399,4,1809,991,INDIVIDUAL + ADICIONAL,INDIVIDUAL,1,369087,FIJO,369087,255,0,1,0,1,1,1,57,6,359,XXXXXXXXX,2023-02-09,991|1|1|1|0|XXXXXXXXX|
PE,202304,50020096,39613,200102648,335,4,1474,991,INDIVIDUAL + ADICIONAL,INDIVIDUAL,1,373972,FIJO,373972,235,19.9,0,1,1,1,1,50,1,297,P0210133000,2023-02-21,991|1|1|0|1|P0210133000|
PE,202309,50379884,39409,400095674,1314,26,1506,1,INDIVIDUAL,INDIVIDUAL,1,401812,FIJO,401812,0,0,1,1,1,1,1,57,6,1172,XXXXXXXXX,2023-06-20,1|1|1|1|1|XXXXXXXXX|
PE,202309,35545956,39409,400095674,1314,26,1506,1,INDIVIDUAL,INDIVIDUAL,1,401812,FIJO,401812,0,0,1,1,1,1,1,57,6,1172,XXXXXXXXX,2023-05-29,1|1|1|1|1|XXXXXXXXX|
PE,202308,50020096,75819,400097955,1675,26,1790,1,INDIVIDUAL,INDIVIDUAL,1,396764,FIJO,396764,0,0,1,1,1,1,1,61,6,1537,XXXXXXXXX,2023-05-24,1|1|1|1|1|XXXXXXXXX|
PE,202305,45871533,123343,200103027,4045,45,445,2,SET FIJO,SET,1,382543,FIJO,382543,1,16.1,0,0,1,1,1,201,1,3158,200095771,2023-03-20,2|1|1|0|0|200095771|
PE,202303,43985620,38575,210101851,1233,24,222,2,SET FIJO,SET,1,370025,FIJO,370025,40,0,1,0,1,1,1,34,1,1186,XXXXXXXXX,2023-01-31,2|1|1|1|0|XXXXXXXXX|
PE,202302,50073300,38764,400096762,272,4,1307,991,INDIVIDUAL + ADICIONAL,INDIVIDUAL,1,364913,FIJO,364913,253,0,1,0,1,1,1,57,6,259,XXXXXXXXX,2023-01-20,991|1|1|1|0|XXXXXXXXX|
PE,202311,35545956,39815,400095730,1357,26,1540,1,INDIVIDUAL,INDIVIDUAL,1,410890,FIJO,410890,0,0,1,1,1,1,1,57,6,1091,XXXXXXXXX,2023-07-17,1|1|1|1|1|XXXXXXXXX|
PE,202302,49946996,35087,200100838,2509,41,293,2,SET FIJO,SET,1,367248,FIJO,367248,2,76.57,0,1,1,1,1,311,1,2057,200079595,2023-01-24,2|1|1|0|1|200079595|
PE,202305,50073300,35698,200105188,1965,24,462,999,VOLUMEN,VOLUMEN,2,379953,VARIABLE,379953,15,7.38,0,1,1,1,5,422,1,1500,200051355,2023-03-31,999|2|5|0|1|200051355|
PE,202304,50073300,40213,400096764,356,4,1763,991,INDIVIDUAL + ADICIONAL,INDIVIDUAL,1,373999,FIJO,373999,255,0,1,0,1,1,1,57,6,318,XXXXXXXXX,2023-03-11,991|1|1|1|0|XXXXXXXXX|
PE,202305,50073300,42193,210095656,1112,2,1024,2,SET FIJO,SET,1,378767,FIJO,378767,24,20,0,0,1,1,1,50,1,683,XXXXXXXXX,2023-03-31,2|1|1|0|0|XXXXXXXXX|
PE,202301,50180387,35208,200109632,1014,13,666,2,SET FIJO,SET,1,360892,FIJO,360892,73,22.88,0,0,1,1,1,319,1,982,200109632,2023-01-06,2|1|1|0|0|200109632|
PE,202304,35545956,41176,400097557,1270,26,1710,1,INDIVIDUAL,INDIVIDUAL,1,375035,FIJO,375035,0,0,1,1,1,1,1,57,6,1151,XXXXXXXXX,2023-02-13,1|1|1|1|1|XXXXXXXXX|
PE,202304,10961556,41176,400097557,1270,26,1710,1,INDIVIDUAL,INDIVIDUAL,1,375035,FIJO,375035,0,0,1,1,1,1,1,57,6,1151,XXXXXXXXX,2023-03-03,1|1|1|1|1|XXXXXXXXX|
PE,202304,49946996,41176,400097557,1270,26,1710,1,INDIVIDUAL,INDIVIDUAL,1,375035,FIJO,375035,0,0,1,1,1,1,1,57,6,1151,XXXXXXXXX,2023-02-28,1|1|1|1|1|XXXXXXXXX|
PE,202304,50073300,41176,400097557,1270,26,1710,1,INDIVIDUAL,INDIVIDUAL,1,375035,FIJO,375035,0,0,1,1,1,1,1,57,6,1151,XXXXXXXXX,2023-03-11,1|1|1|1|1|XXXXXXXXX|
PE,202304,45871533,41176,400097557,1270,26,1710,1,INDIVIDUAL,INDIVIDUAL,1,375035,FIJO,375035,0,0,1,1,1,1,1,57,6,1151,XXXXXXXXX,2023-02-28,1|1|1|1|1|XXXXXXXXX|
PE,202304,50180387,41176,400097557,1270,26,1710,1,INDIVIDUAL,INDIVIDUAL,1,375035,FIJO,375035,0,0,1,1,1,1,1,57,6,1151,XXXXXXXXX,2023-02-28,1|1|1|1|1|XXXXXXXXX|
PE,202304,43985620,41176,400097557,1270,26,1710,1,INDIVIDUAL,INDIVIDUAL,1,375035,FIJO,375035,0,0,1,1,1,1,1,57,6,1151,XXXXXXXXX,2023-02-21,1|1|1|1|1|XXXXXXXXX|
PE,202304,49389205,41176,400097557,1270,26,1710,1,INDIVIDUAL,INDIVIDUAL,1,375035,FIJO,375035,0,0,1,1,1,1,1,57,6,1151,XXXXXXXXX,2023-03-06,1|1|1|1|1|XXXXXXXXX|
PE,202304,50379884,41176,400097557,1270,26,1710,1,INDIVIDUAL,INDIVIDUAL,1,375035,FIJO,375035,0,0,1,1,1,1,1,57,6,1151,XXXXXXXXX,2023-03-09,1|1|1|1|1|XXXXXXXXX|
PE,202313,35545956,109388,200095162,3458,45,155,993,993,OTRO,2,421602,VARIABLE,421602,1,5.1,0,1,1,7,1,422,1,2919,200046326,2023-08-21,993|2|1|0|1|200046326|
PE,202305,50379884,41996,400097639,2079,26,1807,1,INDIVIDUAL,INDIVIDUAL,1,380118,FIJO,380118,0,0,1,1,1,1,1,77,4,1552,XXXXXXXXX,2023-03-27,1|1|1|1|1|XXXXXXXXX|
PE,202305,49389205,41996,400097639,2079,26,1807,1,INDIVIDUAL,INDIVIDUAL,1,380118,FIJO,380118,0,0,1,1,1,1,1,77,4,1552,XXXXXXXXX,2023-03-29,1|1|1|1|1|XXXXXXXXX|
PE,202305,35545956,41996,400097639,2079,26,1807,1,INDIVIDUAL,INDIVIDUAL,1,380118,FIJO,380118,0,0,1,1,1,1,1,77,4,1552,XXXXXXXXX,2023-03-08,1|1|1|1|1|XXXXXXXXX|
PE,202305,10961556,41996,400097639,2079,26,1807,1,INDIVIDUAL,INDIVIDUAL,1,380118,FIJO,380118,0,0,1,1,1,1,1,77,4,1552,XXXXXXXXX,2023-03-29,1|1|1|1|1|XXXXXXXXX|
PE,202305,43985620,41996,400097639,2079,26,1807,1,INDIVIDUAL,INDIVIDUAL,1,380118,FIJO,380118,0,0,1,1,1,1,1,77,4,1552,XXXXXXXXX,2023-03-14,1|1|1|1|1|XXXXXXXXX|
PE,202305,50020096,41996,400097639,2079,26,1807,1,INDIVIDUAL,INDIVIDUAL,1,380118,FIJO,380118,0,0,1,1,1,1,1,77,4,1552,XXXXXXXXX,2023-03-17,1|1|1|1|1|XXXXXXXXX|
PE,202305,45871533,41996,400097639,2079,26,1807,1,INDIVIDUAL,INDIVIDUAL,1,380118,FIJO,380118,0,0,1,1,1,1,1,77,4,1552,XXXXXXXXX,2023-03-20,1|1|1|1|1|XXXXXXXXX|
PE,202305,45871533,39578,200086106,1954,24,810,991,INDIVIDUAL + ADICIONAL,INDIVIDUAL,1,379929,FIJO,379929,22,0,1,0,1,1,1,409,1,1496,200067092,2023-03-20,991|1|1|1|0|200067092|
PE,202313,35545956,109681,200072913,3496,45,216,993,993,OTRO,2,421647,VARIABLE,421647,1,13.3,0,1,1,3,1,201,1,2957,200072913,2023-08-21,993|2|1|0|1|200072913|
PE,202301,50073300,35829,200103734,1117,24,1499,1,INDIVIDUAL,INDIVIDUAL,2,361020,VARIABLE,361020,19,21.9,0,1,1,1,1,421,1,1076,P0292139009,2022-12-28,1|2|1|0|1|P0292139009|
PE,202309,35545956,39483,400095728,1324,26,1513,1,INDIVIDUAL,INDIVIDUAL,1,401822,FIJO,401822,0,0,1,1,1,1,1,57,6,1182,XXXXXXXXX,2023-05-29,1|1|1|1|1|XXXXXXXXX|
PE,202309,50379884,39483,400095728,1324,26,1513,1,INDIVIDUAL,INDIVIDUAL,1,401822,FIJO,401822,0,0,1,1,1,1,1,57,6,1182,XXXXXXXXX,2023-06-20,1|1|1|1|1|XXXXXXXXX|
PE,202304,50020096,39615,200102708,335,4,1474,991,INDIVIDUAL + ADICIONAL,INDIVIDUAL,1,373972,FIJO,373972,235,0,1,0,1,1,1,50,1,297,P0210085000,2023-02-21,991|1|1|1|0|P0210085000|
PE,202312,35545956,39210,200109874,1237,24,238,999,VOLUMEN,VOLUMEN,1,414946,FIJO,414946,17,0,1,1,1,1,3,429,1,1149,200109874,2023-07-31,999|1|3|1|1|200109874|
PE,202314,35545956,37301,400098398,1674,26,1662,1,INDIVIDUAL,INDIVIDUAL,1,423649,FIJO,423649,0,0,1,1,1,1,1,57,6,1401,XXXXXXXXX,2023-09-04,1|1|1|1|1|XXXXXXXXX|
PE,202305,49946996,5686,210098525,1528,10,1583,1,INDIVIDUAL,INDIVIDUAL,2,379320,VARIABLE,379320,34,12.9,0,1,1,1,1,303,1,1079,P0197106006,2023-03-21,1|2|1|0|1|P0197106006|
PE,202312,35545956,39362,400098313,1323,26,1609,1,INDIVIDUAL,INDIVIDUAL,1,415043,FIJO,415043,0,0,1,1,1,1,1,57,6,1199,XXXXXXXXX,2023-07-31,1|1|1|1|1|XXXXXXXXX|
PE,202303,49946996,39651,400096764,400,4,1810,991,INDIVIDUAL + ADICIONAL,INDIVIDUAL,1,369089,FIJO,369089,255,0,1,0,1,1,1,57,6,360,XXXXXXXXX,2023-02-09,991|1|1|1|0|XXXXXXXXX|
PE,202311,35545956,39820,400095694,1362,26,1534,1,INDIVIDUAL,INDIVIDUAL,1,410895,FIJO,410895,0,0,1,1,1,1,1,57,6,1096,XXXXXXXXX,2023-07-17,1|1|1|1|1|XXXXXXXXX|
PE,202302,50073300,35611,200073558,458,9,195,2,SET FIJO,SET,1,365103,FIJO,365103,19,19,0,0,1,1,1,319,1,438,200051088,2023-01-20,2|1|1|0|0|200051088|
PE,202305,45871533,102016,200110157,3827,45,999,1,INDIVIDUAL,INDIVIDUAL,1,382316,FIJO,382316,1,72.9,0,1,1,1,1,424,1,2940,200110157,2023-03-20,1|1|1|0|1|200110157|
PE,202306,35545956,38715,200060760,1754,24,173,999,VOLUMEN,VOLUMEN,1,385361,FIJO,385361,213,30,0,1,1,1,3,423,1,1285,200060760,2023-03-29,999|1|3|0|1|200060760|
PE,202310,35545956,39286,200098674,1271,26,419,1,INDIVIDUAL,INDIVIDUAL,1,406680,FIJO,406680,0,0,1,1,1,1,1,77,4,1147,200091331,2023-06-19,1|1|1|1|1|200091331|
PE,202306,50379884,41766,400095671,1816,26,2103,1,INDIVIDUAL,INDIVIDUAL,1,385448,FIJO,385448,0,0,1,1,1,1,1,57,6,1330,XXXXXXXXX,2023-04-20,1|1|1|1|1|XXXXXXXXX|
PE,202306,50180387,41766,400095671,1816,26,2103,1,INDIVIDUAL,INDIVIDUAL,1,385448,FIJO,385448,0,0,1,1,1,1,1,57,6,1330,XXXXXXXXX,2023-04-11,1|1|1|1|1|XXXXXXXXX|
PE,202306,49946996,41766,400095671,1816,26,2103,1,INDIVIDUAL,INDIVIDUAL,1,385448,FIJO,385448,0,0,1,1,1,1,1,57,6,1330,XXXXXXXXX,2023-04-13,1|1|1|1|1|XXXXXXXXX|
PE,202306,35545956,41766,400095671,1816,26,2103,1,INDIVIDUAL,INDIVIDUAL,1,385448,FIJO,385448,0,0,1,1,1,1,1,57,6,1330,XXXXXXXXX,2023-03-29,1|1|1|1|1|XXXXXXXXX|
PE,202306,45871533,41766,400095671,1816,26,2103,1,INDIVIDUAL,INDIVIDUAL,1,385448,FIJO,385448,0,0,1,1,1,1,1,57,6,1330,XXXXXXXXX,2023-04-10,1|1|1|1|1|XXXXXXXXX|
PE,202306,50020096,41766,400095671,1816,26,2103,1,INDIVIDUAL,INDIVIDUAL,1,385448,FIJO,385448,0,0,1,1,1,1,1,57,6,1330,XXXXXXXXX,2023-04-04,1|1|1|1|1|XXXXXXXXX|
PE,202303,50020096,104709,200106346,3316,45,185,2,SET FIJO,SET,1,372194,FIJO,372194,1,24.49,0,1,1,1,1,201,1,2824,200010080,2023-01-31,2|1|1|0|1|200010080|
PE,202304,50180387,40223,400096762,352,4,1759,991,INDIVIDUAL + ADICIONAL,INDIVIDUAL,1,373992,FIJO,373992,253,0,1,0,1,1,1,57,6,314,XXXXXXXXX,2023-02-28,991|1|1|1|0|XXXXXXXXX|
PE,202304,50180387,39647,200113743,351,4,1758,991,INDIVIDUAL + ADICIONAL,INDIVIDUAL,1,373990,FIJO,373990,210,0,1,1,1,1,1,92,6,313,XXXXXXXXX,2023-02-28,991|1|1|1|1|XXXXXXXXX|
PE,202303,10961556,40848,400097531,1434,26,1775,1,INDIVIDUAL,INDIVIDUAL,1,370283,FIJO,370283,0,0,1,1,1,1,1,57,6,1311,XXXXXXXXX,2023-02-10,1|1|1|1|1|XXXXXXXXX|
PE,202303,49389205,40848,400097531,1434,26,1775,1,INDIVIDUAL,INDIVIDUAL,1,370283,FIJO,370283,0,0,1,1,1,1,1,57,6,1311,XXXXXXXXX,2023-02-10,1|1|1|1|1|XXXXXXXXX|
PE,202305,50180387,35278,210101485,1484,10,1467,1,INDIVIDUAL,INDIVIDUAL,1,379261,FIJO,379261,84,74.9,0,1,1,1,1,15,1,1035,XXXXXXXXX,2023-03-21,1|1|1|0|1|XXXXXXXXX|
PE,202303,50073300,40391,200085822,252,1,272,2,SET FIJO,SET,1,368888,FIJO,368888,13,15,0,0,1,1,1,425,1,217,200046830,2023-02-13,2|1|1|0|0|200046830|
PE,202305,49389205,5063,200095465,208,13,151,1,INDIVIDUAL,INDIVIDUAL,1,379449,FIJO,379449,120,11.9,0,1,1,1,1,322,1,197,200092176,2023-03-29,1|1|1|0|1|200092176|
PE,202306,45871533,37706,210102138,1320,13,1608,1,INDIVIDUAL,INDIVIDUAL,1,384870,FIJO,384870,107,144.9,0,1,1,1,1,4,1,908,XXXXXXXXX,2023-04-10,1|1|1|0|1|XXXXXXXXX|
PE,202308,45871533,75935,200102820,1702,26,599,1,INDIVIDUAL,INDIVIDUAL,1,396791,FIJO,396791,0,12.9,0,1,1,1,1,27,1,1564,200102820,2023-05-22,1|1|1|0|1|200102820|
PE,202305,50073300,35604,200095374,1907,24,463,1,INDIVIDUAL,INDIVIDUAL,1,379856,FIJO,379856,15,0,1,1,1,1,1,422,1,1449,200043493,2023-03-31,1|1|1|1|1|200043493|
PE,202302,43985620,39713,200106286,1260,26,571,1,INDIVIDUAL,INDIVIDUAL,1,365973,FIJO,365973,0,0,1,1,1,1,1,77,4,1163,200106286,2023-01-10,1|1|1|1|1|200106286|
PE,202302,49389205,120267,200085860,3511,45,218,993,993,OTRO,2,368323,VARIABLE,368323,1,13.3,0,1,1,3,1,201,1,3059,200064292,2023-01-20,993|2|1|0|1|200064292|
PE,202302,49946996,39688,400095703,1235,26,1294,1,INDIVIDUAL,INDIVIDUAL,1,365943,FIJO,365943,0,0,1,1,1,1,1,57,6,1138,XXXXXXXXX,2023-01-24,1|1|1|1|1|XXXXXXXXX|
PE,202302,10961556,39688,400095703,1235,26,1294,1,INDIVIDUAL,INDIVIDUAL,1,365943,FIJO,365943,0,0,1,1,1,1,1,57,6,1138,XXXXXXXXX,2023-01-20,1|1|1|1|1|XXXXXXXXX|
PE,202302,20541199,39688,400095703,1235,26,1294,1,INDIVIDUAL,INDIVIDUAL,1,365943,FIJO,365943,0,0,1,1,1,1,1,57,6,1138,XXXXXXXXX,2023-01-26,1|1|1|1|1|XXXXXXXXX|
PE,202302,49389205,39688,400095703,1235,26,1294,1,INDIVIDUAL,INDIVIDUAL,1,365943,FIJO,365943,0,0,1,1,1,1,1,57,6,1138,XXXXXXXXX,2023-01-20,1|1|1|1|1|XXXXXXXXX|
PE,202302,43985620,39688,400095703,1235,26,1294,1,INDIVIDUAL,INDIVIDUAL,1,365943,FIJO,365943,0,0,1,1,1,1,1,57,6,1138,XXXXXXXXX,2023-01-10,1|1|1|1|1|XXXXXXXXX|
PE,202307,50020096,35756,200082678,1416,24,240,999,VOLUMEN,VOLUMEN,2,391243,VARIABLE,391243,27,19.9,0,1,1,1,1,422,1,1371,200056740,2023-04-26,999|2|1|0|1|200056740|
PE,202306,45871533,41891,200103354,1829,26,1812,1,INDIVIDUAL,INDIVIDUAL,1,385465,FIJO,385465,0,14.9,0,1,1,1,1,27,1,1343,P0292082007,2023-04-10,1|1|1|0|1|P0292082007|
PE,202306,50379884,41891,200103354,1829,26,1812,1,INDIVIDUAL,INDIVIDUAL,1,385465,FIJO,385465,0,14.9,0,1,1,1,1,27,1,1343,P0292082007,2023-04-20,1|1|1|0|1|P0292082007|
PE,202314,35545956,37791,200115003,1774,26,1320,1,INDIVIDUAL,INDIVIDUAL,2,423765,VARIABLE,423765,0,0,1,1,1,1,1,77,4,1501,P0067154001,2023-09-04,1|2|1|1|1|P0067154001|
PE,202301,50073300,38777,400096761,333,4,1693,991,INDIVIDUAL + ADICIONAL,INDIVIDUAL,1,360178,FIJO,360178,252,0,1,0,1,1,1,57,6,314,XXXXXXXXX,2022-12-28,991|1|1|1|0|XXXXXXXXX|
PE,202304,50379884,40823,400095704,1233,26,1743,1,INDIVIDUAL,INDIVIDUAL,1,374991,FIJO,374991,0,0,1,1,1,1,1,57,6,1114,XXXXXXXXX,2023-03-09,1|1|1|1|1|XXXXXXXXX|
PE,202305,35545956,41983,200109465,2066,26,953,1,INDIVIDUAL,INDIVIDUAL,1,380104,FIJO,380104,,0,1,1,1,1,1,77,4,1539,200109465,2023-03-08,1|1|1|1|1|200109465|
PE,202305,43985620,41983,200109465,2066,26,953,1,INDIVIDUAL,INDIVIDUAL,1,380104,FIJO,380104,,0,1,1,1,1,1,77,4,1539,200109465,2023-03-14,1|1|1|1|1|200109465|
PE,202305,50180387,41983,200109465,2066,26,953,1,INDIVIDUAL,INDIVIDUAL,1,380104,FIJO,380104,,0,1,1,1,1,1,77,4,1539,200109465,2023-03-21,1|1|1|1|1|200109465|
PE,202305,49946996,41983,200109465,2066,26,953,1,INDIVIDUAL,INDIVIDUAL,1,380104,FIJO,380104,,0,1,1,1,1,1,77,4,1539,200109465,2023-03-21,1|1|1|1|1|200109465|
PE,202305,50020096,41983,200109465,2066,26,953,1,INDIVIDUAL,INDIVIDUAL,1,380104,FIJO,380104,,0,1,1,1,1,1,77,4,1539,200109465,2023-03-17,1|1|1|1|1|200109465|
PE,202305,50379884,41983,200109465,2066,26,953,1,INDIVIDUAL,INDIVIDUAL,1,380104,FIJO,380104,,0,1,1,1,1,1,77,4,1539,200109465,2023-03-27,1|1|1|1|1|200109465|
PE,202305,45871533,41983,200109465,2066,26,953,1,INDIVIDUAL,INDIVIDUAL,1,380104,FIJO,380104,,0,1,1,1,1,1,77,4,1539,200109465,2023-03-20,1|1|1|1|1|200109465|
PE,202311,35545956,39823,200112499,1365,26,733,1,INDIVIDUAL,INDIVIDUAL,1,410898,FIJO,410898,0,0,1,1,1,1,1,77,4,1099,200112499,2023-07-17,1|1|1|1|1|200112499|
PE,202303,43985620,38748,400097308,280,2,740,991,INDIVIDUAL + ADICIONAL,INDIVIDUAL,1,368936,FIJO,368936,103,0,1,0,1,1,1,65,1,245,XXXXXXXXX,2023-01-31,991|1|1|1|0|XXXXXXXXX|
PE,202303,49389205,38748,400097308,280,2,740,991,INDIVIDUAL + ADICIONAL,INDIVIDUAL,1,368936,FIJO,368936,103,0,1,0,1,1,1,65,1,245,XXXXXXXXX,2023-02-10,991|1|1|1|0|XXXXXXXXX|
PE,202303,10961556,38748,400097308,280,2,740,991,INDIVIDUAL + ADICIONAL,INDIVIDUAL,1,368936,FIJO,368936,103,0,1,0,1,1,1,65,1,245,XXXXXXXXX,2023-02-10,991|1|1|1|0|XXXXXXXXX|
PE,202305,50180387,42261,200106442,2162,26,1608,1,INDIVIDUAL,INDIVIDUAL,2,380207,VARIABLE,380207,,19.9,0,1,1,1,1,27,1,1635,P0210133000,2023-03-21,1|2|1|0|1|P0210133000|
PE,202302,10961556,8919,200099807,2093,35,1129,1,INDIVIDUAL,INDIVIDUAL,2,366828,VARIABLE,366828,129,11.9,0,1,1,1,1,102,2,1996,P0279074000,2023-01-20,1|2|1|0|1|P0279074000|
PE,202305,50379884,41974,400095706,2057,26,1829,1,INDIVIDUAL,INDIVIDUAL,1,380091,FIJO,380091,0,0,1,1,1,1,1,57,6,1530,XXXXXXXXX,2023-03-27,1|1|1|1|1|XXXXXXXXX|
PE,202305,43985620,41974,400095706,2057,26,1829,1,INDIVIDUAL,INDIVIDUAL,1,380091,FIJO,380091,0,0,1,1,1,1,1,57,6,1530,XXXXXXXXX,2023-03-14,1|1|1|1|1|XXXXXXXXX|
PE,202305,35545956,41974,400095706,2057,26,1829,1,INDIVIDUAL,INDIVIDUAL,1,380091,FIJO,380091,0,0,1,1,1,1,1,57,6,1530,XXXXXXXXX,2023-03-08,1|1|1|1|1|XXXXXXXXX|
PE,202305,10961556,41974,400095706,2057,26,1829,1,INDIVIDUAL,INDIVIDUAL,1,380091,FIJO,380091,0,0,1,1,1,1,1,57,6,1530,XXXXXXXXX,2023-03-29,1|1|1|1|1|XXXXXXXXX|
PE,202305,50020096,41974,400095706,2057,26,1829,1,INDIVIDUAL,INDIVIDUAL,1,380091,FIJO,380091,0,0,1,1,1,1,1,57,6,1530,XXXXXXXXX,2023-03-17,1|1|1|1|1|XXXXXXXXX|
PE,202305,49946996,41974,400095706,2057,26,1829,1,INDIVIDUAL,INDIVIDUAL,1,380091,FIJO,380091,0,0,1,1,1,1,1,57,6,1530,XXXXXXXXX,2023-03-21,1|1|1|1|1|XXXXXXXXX|
PE,202305,50180387,41974,400095706,2057,26,1829,1,INDIVIDUAL,INDIVIDUAL,1,380091,FIJO,380091,0,0,1,1,1,1,1,57,6,1530,XXXXXXXXX,2023-03-21,1|1|1|1|1|XXXXXXXXX|
PE,202305,50073300,41974,400095706,2057,26,1829,1,INDIVIDUAL,INDIVIDUAL,1,380091,FIJO,380091,0,0,1,1,1,1,1,57,6,1530,XXXXXXXXX,2023-03-31,1|1|1|1|1|XXXXXXXXX|
PE,202305,49389205,41974,400095706,2057,26,1829,1,INDIVIDUAL,INDIVIDUAL,1,380091,FIJO,380091,0,0,1,1,1,1,1,57,6,1530,XXXXXXXXX,2023-03-29,1|1|1|1|1|XXXXXXXXX|
PE,202304,50379884,40820,400095722,1230,26,1745,1,INDIVIDUAL,INDIVIDUAL,1,374985,FIJO,374985,0,0,1,1,1,1,1,57,6,1111,XXXXXXXXX,2023-03-09,1|1|1|1|1|XXXXXXXXX|
PE,202306,49946996,41746,400097715,1796,26,2090,1,INDIVIDUAL,INDIVIDUAL,1,385426,FIJO,385426,0,0,1,1,1,1,1,57,6,1310,XXXXXXXXX,2023-04-13,1|1|1|1|1|XXXXXXXXX|
PE,202306,35545956,41746,400097715,1796,26,2090,1,INDIVIDUAL,INDIVIDUAL,1,385426,FIJO,385426,0,0,1,1,1,1,1,57,6,1310,XXXXXXXXX,2023-03-29,1|1|1|1|1|XXXXXXXXX|
PE,202306,50020096,41746,400097715,1796,26,2090,1,INDIVIDUAL,INDIVIDUAL,1,385426,FIJO,385426,0,0,1,1,1,1,1,57,6,1310,XXXXXXXXX,2023-04-04,1|1|1|1|1|XXXXXXXXX|
PE,202306,45871533,41746,400097715,1796,26,2090,1,INDIVIDUAL,INDIVIDUAL,1,385426,FIJO,385426,0,0,1,1,1,1,1,57,6,1310,XXXXXXXXX,2023-04-10,1|1|1|1|1|XXXXXXXXX|
PE,202306,50180387,41746,400097715,1796,26,2090,1,INDIVIDUAL,INDIVIDUAL,1,385426,FIJO,385426,0,0,1,1,1,1,1,57,6,1310,XXXXXXXXX,2023-04-11,1|1|1|1|1|XXXXXXXXX|
PE,202305,10961556,5692,210098528,1528,10,1583,1,INDIVIDUAL,INDIVIDUAL,2,379320,VARIABLE,379320,34,12.9,0,1,1,1,1,303,1,1079,P0197106006,2023-03-29,1|2|1|0|1|P0197106006|
PE,202302,50020096,39712,210085428,1259,26,1078,1,INDIVIDUAL,INDIVIDUAL,1,365971,FIJO,365971,0,0,1,1,1,1,1,84,6,1162,P0197132000,2023-01-10,1|1|1|1|1|P0197132000|
PE,202304,50073300,40213,400096764,357,4,1764,991,INDIVIDUAL + ADICIONAL,INDIVIDUAL,1,374000,FIJO,374000,255,0,1,0,1,1,1,57,6,319,XXXXXXXXX,2023-03-11,991|1|1|1|0|XXXXXXXXX|
PE,202309,35545956,39385,400097961,1290,26,1485,1,INDIVIDUAL,INDIVIDUAL,1,401787,FIJO,401787,0,0,1,1,1,1,1,57,6,1148,XXXXXXXXX,2023-05-29,1|1|1|1|1|XXXXXXXXX|
PE,202304,50379884,39638,200113734,342,4,1749,991,INDIVIDUAL + ADICIONAL,INDIVIDUAL,1,373980,FIJO,373980,201,54.9,0,1,1,1,1,91,6,304,XXXXXXXXX,2023-03-09,991|1|1|0|1|XXXXXXXXX|
PE,202306,10961556,13282,200088617,1999,35,181,1,INDIVIDUAL,INDIVIDUAL,1,385637,FIJO,385637,142,3.9,0,1,1,1,1,45,2,1513,200043493,2023-04-22,1|1|1|0|1|200043493|
PE,202301,50020096,38771,400096760,329,4,1689,991,INDIVIDUAL + ADICIONAL,INDIVIDUAL,1,360172,FIJO,360172,251,0,1,0,1,1,1,57,6,310,XXXXXXXXX,2022-12-17,991|1|1|1|0|XXXXXXXXX|
PE,202303,49946996,632,200103923,121,10,136,1,INDIVIDUAL,INDIVIDUAL,2,369468,VARIABLE,369468,6,15.9,0,1,1,1,1,303,1,110,P0132053000,2023-02-09,1|2|1|0|1|P0132053000|
PE,202302,50073300,35648,200105070,458,9,195,2,SET FIJO,SET,1,365103,FIJO,365103,19,48,0,1,1,1,1,310,1,438,200053740,2023-01-20,2|1|1|0|1|200053740|
PE,202307,50180387,38904,200111354,1569,26,825,1,INDIVIDUAL,INDIVIDUAL,1,391411,FIJO,391411,0,0,1,1,1,1,1,77,4,1433,200111354,2023-05-02,1|1|1|1|1|200111354|
PE,202307,49946996,38904,200111354,1569,26,825,1,INDIVIDUAL,INDIVIDUAL,1,391411,FIJO,391411,0,0,1,1,1,1,1,77,4,1433,200111354,2023-04-29,1|1|1|1|1|200111354|
PE,202307,50379884,38904,200111354,1569,26,825,1,INDIVIDUAL,INDIVIDUAL,1,391411,FIJO,391411,0,0,1,1,1,1,1,77,4,1433,200111354,2023-05-13,1|1|1|1|1|200111354|
PE,202307,50020096,38904,200111354,1569,26,825,1,INDIVIDUAL,INDIVIDUAL,1,391411,FIJO,391411,0,0,1,1,1,1,1,77,4,1433,200111354,2023-04-26,1|1|1|1|1|200111354|
PE,202312,35545956,39365,200104467,1326,26,619,1,INDIVIDUAL,INDIVIDUAL,1,415046,FIJO,415046,0,0,1,1,1,1,1,77,4,1202,200104467,2023-07-31,1|1|1|1|1|200104467|
PE,202304,50379884,40215,400096759,341,4,1748,991,INDIVIDUAL + ADICIONAL,INDIVIDUAL,1,373979,FIJO,373979,250,0,1,0,1,1,1,57,6,303,XXXXXXXXX,2023-03-09,991|1|1|1|0|XXXXXXXXX|
PE,202305,43985620,42002,400097665,2085,26,1809,1,INDIVIDUAL,INDIVIDUAL,1,380124,FIJO,380124,0,0,1,1,1,1,1,57,6,1558,XXXXXXXXX,2023-03-14,1|1|1|1|1|XXXXXXXXX|
PE,202305,49389205,42002,400097665,2085,26,1809,1,INDIVIDUAL,INDIVIDUAL,1,380124,FIJO,380124,0,0,1,1,1,1,1,57,6,1558,XXXXXXXXX,2023-03-29,1|1|1|1|1|XXXXXXXXX|
PE,202305,50180387,35284,210102019,1486,10,1488,1,INDIVIDUAL,INDIVIDUAL,1,379263,FIJO,379263,85,82.9,0,1,1,1,1,4,1,1037,XXXXXXXXX,2023-03-21,1|1|1|0|1|XXXXXXXXX|
PE,202304,49946996,38182,200106461,1098,24,1474,1,INDIVIDUAL,INDIVIDUAL,2,374804,VARIABLE,374804,2,19.9,0,1,1,1,1,424,1,1038,P0210133000,2023-02-28,1|2|1|0|1|P0210133000|
PE,202305,50073300,41982,400097638,2065,26,1806,1,INDIVIDUAL,INDIVIDUAL,1,380102,FIJO,380102,0,0,1,1,1,1,1,57,6,1538,XXXXXXXXX,2023-03-31,1|1|1|1|1|XXXXXXXXX|
PE,202305,50180387,41982,400097638,2065,26,1806,1,INDIVIDUAL,INDIVIDUAL,1,380102,FIJO,380102,0,0,1,1,1,1,1,57,6,1538,XXXXXXXXX,2023-03-21,1|1|1|1|1|XXXXXXXXX|
PE,202305,49946996,41982,400097638,2065,26,1806,1,INDIVIDUAL,INDIVIDUAL,1,380102,FIJO,380102,0,0,1,1,1,1,1,57,6,1538,XXXXXXXXX,2023-03-21,1|1|1|1|1|XXXXXXXXX|
PE,202306,35545956,41771,200109796,1821,26,693,1,INDIVIDUAL,INDIVIDUAL,1,385454,FIJO,385454,0,0,1,1,1,1,1,77,4,1335,200109796,2023-03-29,1|1|1|1|1|200109796|
PE,202306,50020096,41771,200109796,1821,26,693,1,INDIVIDUAL,INDIVIDUAL,1,385454,FIJO,385454,0,0,1,1,1,1,1,77,4,1335,200109796,2023-04-04,1|1|1|1|1|200109796|
PE,202301,49946996,36111,210102025,1095,24,1331,1,INDIVIDUAL,INDIVIDUAL,1,360995,FIJO,360995,33,49.9,0,1,1,1,1,115,1,1054,XXXXXXXXX,2023-01-06,1|1|1|0|1|XXXXXXXXX|
PE,202303,50073300,40400,200086399,252,1,272,2,SET FIJO,SET,1,368888,FIJO,368888,13,15,0,1,1,1,1,425,1,217,200050979,2023-02-13,2|1|1|0|1|200050979|
PE,202302,50020096,38758,400096761,271,4,1306,991,INDIVIDUAL + ADICIONAL,INDIVIDUAL,1,364911,FIJO,364911,252,0,1,0,1,1,1,57,6,258,XXXXXXXXX,2023-01-10,991|1|1|1|0|XXXXXXXXX|
PE,202305,43985620,42035,400097667,2089,26,1810,1,INDIVIDUAL,INDIVIDUAL,1,380128,FIJO,380128,0,0,1,1,1,1,1,57,6,1562,XXXXXXXXX,2023-03-14,1|1|1|1|1|XXXXXXXXX|
PE,202305,50073300,42035,400097667,2089,26,1810,1,INDIVIDUAL,INDIVIDUAL,1,380128,FIJO,380128,0,0,1,1,1,1,1,57,6,1562,XXXXXXXXX,2023-03-31,1|1|1|1|1|XXXXXXXXX|
PE,202302,50020096,39705,210095212,1252,26,748,1,INDIVIDUAL,INDIVIDUAL,1,365963,FIJO,365963,0,0,1,1,1,1,1,84,6,1155,210095212,2023-01-10,1|1|1|1|1|210095212|
PE,202302,49946996,38768,400096763,277,4,1312,991,INDIVIDUAL + ADICIONAL,INDIVIDUAL,1,364919,FIJO,364919,254,0,1,0,1,1,1,57,6,264,XXXXXXXXX,2023-01-24,991|1|1|1|0|XXXXXXXXX|
PE,202304,43985620,41503,200111316,1297,26,686,1,INDIVIDUAL,INDIVIDUAL,1,375064,FIJO,375064,0,0,1,1,1,1,1,77,4,1178,200111316,2023-02-21,1|1|1|1|1|200111316|
PE,202304,49389205,41503,200111316,1297,26,686,1,INDIVIDUAL,INDIVIDUAL,1,375064,FIJO,375064,0,0,1,1,1,1,1,77,4,1178,200111316,2023-03-06,1|1|1|1|1|200111316|
PE,202305,50020096,121527,200097066,4156,45,426,1,INDIVIDUAL,INDIVIDUAL,2,382722,VARIABLE,382722,1,32.9,0,1,1,1,1,422,1,3269,200037125,2023-03-17,1|2|1|0|1|200037125|
PE,202305,49946996,41987,400095670,2070,26,1824,1,INDIVIDUAL,INDIVIDUAL,1,380108,FIJO,380108,0,0,1,1,1,1,1,57,6,1543,XXXXXXXXX,2023-03-21,1|1|1|1|1|XXXXXXXXX|
PE,202305,50180387,41987,400095670,2070,26,1824,1,INDIVIDUAL,INDIVIDUAL,1,380108,FIJO,380108,0,0,1,1,1,1,1,57,6,1543,XXXXXXXXX,2023-03-21,1|1|1|1|1|XXXXXXXXX|
PE,202305,43985620,41987,400095670,2070,26,1824,1,INDIVIDUAL,INDIVIDUAL,1,380108,FIJO,380108,0,0,1,1,1,1,1,57,6,1543,XXXXXXXXX,2023-03-14,1|1|1|1|1|XXXXXXXXX|
PE,202305,50073300,41987,400095670,2070,26,1824,1,INDIVIDUAL,INDIVIDUAL,1,380108,FIJO,380108,0,0,1,1,1,1,1,57,6,1543,XXXXXXXXX,2023-03-31,1|1|1|1|1|XXXXXXXXX|
PE,202305,49389205,41987,400095670,2070,26,1824,1,INDIVIDUAL,INDIVIDUAL,1,380108,FIJO,380108,0,0,1,1,1,1,1,57,6,1543,XXXXXXXXX,2023-03-29,1|1|1|1|1|XXXXXXXXX|
PE,202305,50020096,41987,400095670,2070,26,1824,1,INDIVIDUAL,INDIVIDUAL,1,380108,FIJO,380108,0,0,1,1,1,1,1,57,6,1543,XXXXXXXXX,2023-03-17,1|1|1|1|1|XXXXXXXXX|
PE,202305,50379884,41987,400095670,2070,26,1824,1,INDIVIDUAL,INDIVIDUAL,1,380108,FIJO,380108,0,0,1,1,1,1,1,57,6,1543,XXXXXXXXX,2023-03-27,1|1|1|1|1|XXXXXXXXX|
PE,202305,45871533,41987,400095670,2070,26,1824,1,INDIVIDUAL,INDIVIDUAL,1,380108,FIJO,380108,0,0,1,1,1,1,1,57,6,1543,XXXXXXXXX,2023-03-20,1|1|1|1|1|XXXXXXXXX|
PE,202305,10961556,41987,400095670,2070,26,1824,1,INDIVIDUAL,INDIVIDUAL,1,380108,FIJO,380108,0,0,1,1,1,1,1,57,6,1543,XXXXXXXXX,2023-03-29,1|1|1|1|1|XXXXXXXXX|
PE,202305,35545956,41987,400095670,2070,26,1824,1,INDIVIDUAL,INDIVIDUAL,1,380108,FIJO,380108,0,0,1,1,1,1,1,57,6,1543,XXXXXXXXX,2023-03-08,1|1|1|1|1|XXXXXXXXX|
PE,202305,49389205,123228,210101496,3919,45,1469,1,INDIVIDUAL,INDIVIDUAL,1,382408,FIJO,382408,1,39.9,0,1,1,1,1,201,1,3032,XXXXXXXXX,2023-03-29,1|1|1|0|1|XXXXXXXXX|
PE,202313,35545956,109417,200108752,3460,45,107,993,993,OTRO,2,421604,VARIABLE,421604,1,11.65,0,1,1,6,1,422,1,2921,200056621,2023-08-21,993|2|1|0|1|200056621|
PE,202312,35545956,39380,400095695,1338,26,1626,1,INDIVIDUAL,INDIVIDUAL,1,415065,FIJO,415065,0,0,1,1,1,1,1,57,6,1214,XXXXXXXXX,2023-07-31,1|1|1|1|1|XXXXXXXXX|
PE,202306,45871533,39442,210099114,5517,47,1391,1,INDIVIDUAL,INDIVIDUAL,1,389681,FIJO,389681,100,36.5,0,1,1,1,1,23,2,4598,XXXXXXXXX,2023-04-10,1|1|1|0|1|XXXXXXXXX|
PE,202303,20541199,38261,200090452,1315,24,228,999,VOLUMEN,VOLUMEN,1,370144,FIJO,370144,18,29.96,0,1,1,1,2,424,1,1221,200040636,2023-02-13,999|1|2|0|1|200040636|
PE,202307,35545956,36269,200084882,1499,24,121,999,VOLUMEN,VOLUMEN,2,391341,VARIABLE,391341,14,32.49,0,1,1,1,8,425,1,1390,200012707,2023-04-19,999|2|8|0|1|200012707|
PE,202308,50020096,75402,400095727,1639,26,1811,1,INDIVIDUAL,INDIVIDUAL,1,396726,FIJO,396726,0,0,1,1,1,1,1,57,6,1501,XXXXXXXXX,2023-05-24,1|1|1|1|1|XXXXXXXXX|
PE,202308,45871533,75402,400095727,1639,26,1811,1,INDIVIDUAL,INDIVIDUAL,1,396726,FIJO,396726,0,0,1,1,1,1,1,57,6,1501,XXXXXXXXX,2023-05-22,1|1|1|1|1|XXXXXXXXX|
PE,202308,35545956,75402,400095727,1639,26,1811,1,INDIVIDUAL,INDIVIDUAL,1,396726,FIJO,396726,0,0,1,1,1,1,1,57,6,1501,XXXXXXXXX,2023-05-08,1|1|1|1|1|XXXXXXXXX|
PE,202308,50379884,75402,400095727,1639,26,1811,1,INDIVIDUAL,INDIVIDUAL,1,396726,FIJO,396726,0,0,1,1,1,1,1,57,6,1501,XXXXXXXXX,2023-06-01,1|1|1|1|1|XXXXXXXXX|
PE,202303,10961556,40618,210100408,262,1,305,2,SET FIJO,SET,1,368898,FIJO,368898,201,14.17,0,0,1,1,1,32,1,227,210047499,2023-02-10,2|1|1|0|0|210047499|
PE,202301,10961556,39546,400097304,1270,26,1660,1,INDIVIDUAL,INDIVIDUAL,1,361203,FIJO,361203,0,0,1,1,1,1,1,57,6,1161,XXXXXXXXX,2022-12-27,1|1|1|1|1|XXXXXXXXX|
PE,202301,43985620,39546,400097304,1270,26,1660,1,INDIVIDUAL,INDIVIDUAL,1,361203,FIJO,361203,0,0,1,1,1,1,1,57,6,1161,XXXXXXXXX,2022-12-20,1|1|1|1|1|XXXXXXXXX|
PE,202301,35545956,39546,400097304,1270,26,1660,1,INDIVIDUAL,INDIVIDUAL,1,361203,FIJO,361203,0,0,1,1,1,1,1,57,6,1161,XXXXXXXXX,2022-12-06,1|1|1|1|1|XXXXXXXXX|
PE,202301,50073300,39546,400097304,1270,26,1660,1,INDIVIDUAL,INDIVIDUAL,1,361203,FIJO,361203,0,0,1,1,1,1,1,57,6,1161,XXXXXXXXX,2022-12-28,1|1|1|1|1|XXXXXXXXX|
PE,202301,50020096,39546,400097304,1270,26,1660,1,INDIVIDUAL,INDIVIDUAL,1,361203,FIJO,361203,0,0,1,1,1,1,1,57,6,1161,XXXXXXXXX,2022-12-17,1|1|1|1|1|XXXXXXXXX|
PE,202301,20541199,39546,400097304,1270,26,1660,1,INDIVIDUAL,INDIVIDUAL,1,361203,FIJO,361203,0,0,1,1,1,1,1,57,6,1161,XXXXXXXXX,2022-12-26,1|1|1|1|1|XXXXXXXXX|
PE,202301,50180387,39546,400097304,1270,26,1660,1,INDIVIDUAL,INDIVIDUAL,1,361203,FIJO,361203,0,0,1,1,1,1,1,57,6,1161,XXXXXXXXX,2023-01-06,1|1|1|1|1|XXXXXXXXX|
PE,202301,49946996,39546,400097304,1270,26,1660,1,INDIVIDUAL,INDIVIDUAL,1,361203,FIJO,361203,0,0,1,1,1,1,1,57,6,1161,XXXXXXXXX,2023-01-06,1|1|1|1|1|XXXXXXXXX|
PE,202301,49389205,39546,400097304,1270,26,1660,1,INDIVIDUAL,INDIVIDUAL,1,361203,FIJO,361203,0,0,1,1,1,1,1,57,6,1161,XXXXXXXXX,2022-12-30,1|1|1|1|1|XXXXXXXXX|
PE,202306,35545956,38810,200102111,1710,24,1680,999,VOLUMEN,VOLUMEN,2,385294,VARIABLE,385294,52,11.98,0,1,1,1,5,422,1,1275,P0132053000,2023-03-29,999|2|5|0|1|P0132053000|
PE,202312,35545956,39395,200114037,1353,26,261,1,INDIVIDUAL,INDIVIDUAL,1,415081,FIJO,415081,0,17.9,0,1,1,1,1,27,1,1229,200051086,2023-07-31,1|1|1|0|1|200051086|
PE,202303,50020096,39655,400096762,393,4,1803,991,INDIVIDUAL + ADICIONAL,INDIVIDUAL,1,369075,FIJO,369075,253,0,1,0,1,1,1,57,6,353,XXXXXXXXX,2023-01-31,991|1|1|1|0|XXXXXXXXX|
PE,202302,50180387,38762,400096760,268,4,1303,991,INDIVIDUAL + ADICIONAL,INDIVIDUAL,1,364906,FIJO,364906,251,0,1,0,1,1,1,57,6,255,XXXXXXXXX,2023-01-17,991|1|1|1|0|XXXXXXXXX|
PE,202310,35545956,39269,400095675,1265,26,1622,1,INDIVIDUAL,INDIVIDUAL,1,406674,FIJO,406674,0,0,1,1,1,1,1,57,6,1141,XXXXXXXXX,2023-06-19,1|1|1|1|1|XXXXXXXXX|
PE,202310,35545956,39372,200090031,1291,26,410,1,INDIVIDUAL,INDIVIDUAL,1,406707,FIJO,406707,0,0,1,1,1,1,1,77,4,1167,200090031,2023-06-19,1|1|1|1|1|200090031|
PE,202303,50073300,37639,210098197,954,13,1116,1,INDIVIDUAL,INDIVIDUAL,1,369701,FIJO,369701,129,49.9,0,1,1,1,1,13,1,910,XXXXXXXXX,2023-02-13,1|1|1|0|1|XXXXXXXXX|
PE,202303,35545956,37639,210098197,954,13,1116,1,INDIVIDUAL,INDIVIDUAL,1,369701,FIJO,369701,129,49.9,0,1,1,1,1,13,1,910,XXXXXXXXX,2023-01-24,1|1|1|0|1|XXXXXXXXX|
PE,202303,50073300,39647,400096763,397,4,1807,991,INDIVIDUAL + ADICIONAL,INDIVIDUAL,1,369083,FIJO,369083,254,0,1,0,1,1,1,57,6,357,XXXXXXXXX,2023-02-13,991|1|1|1|0|XXXXXXXXX|
PE,202301,49389205,17861,200091727,968,13,157,1,INDIVIDUAL,INDIVIDUAL,1,360841,FIJO,360841,155,43.9,0,1,1,1,1,300,1,936,200040880,2022-12-30,1|1|1|0|1|200040880|
PE,202302,50020096,2611,200082708,313,9,1131,1,INDIVIDUAL,INDIVIDUAL,1,364957,FIJO,364957,16,33,0,1,1,1,1,300,1,293,P0279092003,2023-01-10,1|1|1|0|1|P0279092003|
PE,202304,10961556,37604,210095421,932,13,847,1,INDIVIDUAL,INDIVIDUAL,1,374627,FIJO,374627,130,49.9,0,1,1,1,1,14,1,877,XXXXXXXXX,2023-03-03,1|1|1|0|1|XXXXXXXXX|
PE,202304,49946996,37604,210095421,932,13,847,1,INDIVIDUAL,INDIVIDUAL,1,374627,FIJO,374627,130,49.9,0,1,1,1,1,14,1,877,XXXXXXXXX,2023-02-28,1|1|1|0|1|XXXXXXXXX|
PE,202313,35545956,109415,200078924,3460,45,107,993,993,OTRO,2,421604,VARIABLE,421604,1,11.65,0,1,1,6,1,422,1,2921,200056617,2023-08-21,993|2|1|0|1|200056617|
PE,202308,50020096,103569,200105070,3712,45,223,2,SET FIJO,SET,1,398803,FIJO,398803,1,23.39,0,1,1,1,1,201,1,3564,200053740,2023-05-24,2|1|1|0|1|200053740|
PE,202303,10961556,38846,210090266,2046,35,820,1,INDIVIDUAL,INDIVIDUAL,1,370916,FIJO,370916,100,14.9,0,1,1,1,1,45,2,1923,XXXXXXXXX,2023-02-10,1|1|1|0|1|XXXXXXXXX|
PE,202307,45871533,37217,210089358,3274,35,603,2,SET FIJO,SET,1,393118,FIJO,393118,143,10,0,0,1,1,1,45,2,3138,P0292067005,2023-05-04,2|1|1|0|0|P0292067005|
PE,202301,20541199,35870,200106396,1213,24,240,999,VOLUMEN,VOLUMEN,2,361136,VARIABLE,361136,9,16.23,0,1,1,1,8,425,1,1124,200106396,2022-12-26,999|2|8|0|1|200106396|
PE,202303,43985620,38455,200104257,1217,24,418,2,SET FIJO,SET,1,370007,FIJO,370007,7,26.56,0,1,1,1,1,411,1,1170,200084604,2023-01-31,2|1|1|0|1|200084604|
PE,202305,50073300,3014,200082652,1868,13,429,1,INDIVIDUAL,INDIVIDUAL,2,379805,VARIABLE,379805,139,30.9,0,1,1,1,1,331,1,1416,200037734,2023-03-31,1|2|1|0|1|200037734|
PE,202303,10961556,40348,400097502,280,2,740,991,INDIVIDUAL + ADICIONAL,INDIVIDUAL,1,368936,FIJO,368936,0,0,1,0,1,1,1,57,6,245,XXXXXXXXX,2023-02-10,991|1|1|1|0|XXXXXXXXX|
PE,202303,49389205,40348,400097502,280,2,740,991,INDIVIDUAL + ADICIONAL,INDIVIDUAL,1,368936,FIJO,368936,0,0,1,0,1,1,1,57,6,245,XXXXXXXXX,2023-02-10,991|1|1|1|0|XXXXXXXXX|
PE,202303,43985620,40348,400097502,280,2,740,991,INDIVIDUAL + ADICIONAL,INDIVIDUAL,1,368936,FIJO,368936,0,0,1,0,1,1,1,57,6,245,XXXXXXXXX,2023-01-31,991|1|1|1|0|XXXXXXXXX|
PE,202305,10961556,35654,200103022,1967,24,415,999,VOLUMEN,VOLUMEN,2,379955,VARIABLE,379955,15,13.3,0,1,1,1,3,422,1,1501,200017521,2023-03-29,999|2|3|0|1|200017521|
PE,202305,50020096,4449,200095158,1208,4,404,999,VOLUMEN,VOLUMEN,2,378889,VARIABLE,378889,135,11.9,0,1,1,1,1,322,1,772,200056121,2023-03-17,999|2|1|0|1|200056121|
PE,202305,50180387,18119,200109677,1517,10,1569,1,INDIVIDUAL,INDIVIDUAL,2,379300,VARIABLE,379300,20,25.9,0,1,1,1,1,300,1,1068,P0132059003,2023-03-21,1|2|1|0|1|P0132059003|
PE,202303,50073300,203023,210102126,3229,45,1409,1,INDIVIDUAL,INDIVIDUAL,1,372107,FIJO,372107,1,74.9,0,1,1,1,1,201,1,2737,XXXXXXXXX,2023-02-13,1|1|1|0|1|XXXXXXXXX|
PE,202303,50180387,16008,200089989,740,10,1483,1,INDIVIDUAL,INDIVIDUAL,2,369471,VARIABLE,369471,58,16.9,0,1,1,1,1,300,1,699,P0197082000,2023-02-10,1|2|1|0|1|P0197082000|
PE,202301,20541199,35864,200106312,1213,24,240,999,VOLUMEN,VOLUMEN,2,361136,VARIABLE,361136,9,16.23,0,1,1,1,8,425,1,1124,200106312,2022-12-26,999|2|8|0|1|200106312|
PE,202305,50020096,42065,200102045,993,1,626,1,INDIVIDUAL,INDIVIDUAL,1,378635,FIJO,378635,15,12.5,0,1,1,1,1,425,1,564,200084602,2023-03-17,1|1|1|0|1|200084602|
PE,202305,50073300,35727,200108674,1965,24,462,999,VOLUMEN,VOLUMEN,2,379953,VARIABLE,379953,15,7.38,0,1,1,1,5,422,1,1500,200059112,2023-03-31,999|2|5|0|1|200059112|
PE,202302,50020096,16707,200090658,1672,35,352,1,INDIVIDUAL,INDIVIDUAL,1,366405,FIJO,366405,10,4.9,0,1,1,1,1,126,4,1575,200090658,2023-01-10,1|1|1|0|1|200090658|
PE,202302,50073300,46978,200109795,1382,26,659,1,INDIVIDUAL,INDIVIDUAL,1,366112,FIJO,366112,0,0,1,1,1,1,1,57,6,1285,200109795,2023-01-20,1|1|1|1|1|200109795|
PE,202302,49946996,46978,200109795,1382,26,659,1,INDIVIDUAL,INDIVIDUAL,1,366112,FIJO,366112,0,0,1,1,1,1,1,57,6,1285,200109795,2023-01-24,1|1|1|1|1|200109795|
PE,202302,20541199,46978,200109795,1382,26,659,1,INDIVIDUAL,INDIVIDUAL,1,366112,FIJO,366112,0,0,1,1,1,1,1,57,6,1285,200109795,2023-01-26,1|1|1|1|1|200109795|
PE,202301,50073300,39576,400095666,1290,26,1677,1,INDIVIDUAL,INDIVIDUAL,1,361227,FIJO,361227,0,0,1,1,1,1,1,57,6,1181,XXXXXXXXX,2022-12-28,1|1|1|1|1|XXXXXXXXX|
PE,202301,50180387,39576,400095666,1290,26,1677,1,INDIVIDUAL,INDIVIDUAL,1,361227,FIJO,361227,0,0,1,1,1,1,1,57,6,1181,XXXXXXXXX,2023-01-06,1|1|1|1|1|XXXXXXXXX|
PE,202301,10961556,39576,400095666,1290,26,1677,1,INDIVIDUAL,INDIVIDUAL,1,361227,FIJO,361227,0,0,1,1,1,1,1,57,6,1181,XXXXXXXXX,2022-12-27,1|1|1|1|1|XXXXXXXXX|
PE,202301,50020096,39576,400095666,1290,26,1677,1,INDIVIDUAL,INDIVIDUAL,1,361227,FIJO,361227,0,0,1,1,1,1,1,57,6,1181,XXXXXXXXX,2022-12-17,1|1|1|1|1|XXXXXXXXX|
PE,202301,43985620,39576,400095666,1290,26,1677,1,INDIVIDUAL,INDIVIDUAL,1,361227,FIJO,361227,0,0,1,1,1,1,1,57,6,1181,XXXXXXXXX,2022-12-20,1|1|1|1|1|XXXXXXXXX|
PE,202301,20541199,39576,400095666,1290,26,1677,1,INDIVIDUAL,INDIVIDUAL,1,361227,FIJO,361227,0,0,1,1,1,1,1,57,6,1181,XXXXXXXXX,2022-12-26,1|1|1|1|1|XXXXXXXXX|
PE,202301,35545956,39576,400095666,1290,26,1677,1,INDIVIDUAL,INDIVIDUAL,1,361227,FIJO,361227,0,0,1,1,1,1,1,57,6,1181,XXXXXXXXX,2022-12-06,1|1|1|1|1|XXXXXXXXX|
PE,202301,49389205,39576,400095666,1290,26,1677,1,INDIVIDUAL,INDIVIDUAL,1,361227,FIJO,361227,0,0,1,1,1,1,1,57,6,1181,XXXXXXXXX,2022-12-30,1|1|1|1|1|XXXXXXXXX|
PE,202301,49946996,39576,400095666,1290,26,1677,1,INDIVIDUAL,INDIVIDUAL,1,361227,FIJO,361227,0,0,1,1,1,1,1,57,6,1181,XXXXXXXXX,2023-01-06,1|1|1|1|1|XXXXXXXXX|
PE,202304,50020096,129421,200110089,3468,45,598,1,INDIVIDUAL,INDIVIDUAL,2,377281,VARIABLE,377281,1,16.9,0,1,1,1,1,201,1,2977,200110089,2023-02-21,1|2|1|0|1|200110089|
PE,202303,49389205,202653,200082481,3365,45,406,2,SET FIJO,SET,1,372243,FIJO,372243,1,25,0,1,1,1,1,201,1,2873,200082481,2023-02-10,2|1|1|0|1|200082481|
PE,202303,50020096,202653,200082481,3365,45,406,2,SET FIJO,SET,1,372243,FIJO,372243,1,25,0,1,1,1,1,201,1,2873,200082481,2023-01-31,2|1|1|0|1|200082481|
PE,202302,49946996,38768,400096763,275,4,1310,991,INDIVIDUAL + ADICIONAL,INDIVIDUAL,1,364916,FIJO,364916,254,0,1,0,1,1,1,57,6,262,XXXXXXXXX,2023-01-24,991|1|1|1|0|XXXXXXXXX|
PE,202306,10961556,7469,200098821,2069,35,495,1,INDIVIDUAL,INDIVIDUAL,1,385707,FIJO,385707,142,4.9,0,1,1,1,1,45,2,1583,200098821,2023-04-22,1|1|1|0|1|200098821|
PE,202302,49389205,40128,400097358,1337,26,1276,1,INDIVIDUAL,INDIVIDUAL,1,366065,FIJO,366065,0,0,1,1,1,1,1,57,6,1240,XXXXXXXXX,2023-01-20,1|1|1|1|1|XXXXXXXXX|
PE,202307,35545956,36299,200098555,1499,24,121,999,VOLUMEN,VOLUMEN,2,391341,VARIABLE,391341,14,32.49,0,1,1,1,8,425,1,1390,200098555,2023-04-19,999|2|8|0|1|200098555|
PE,202314,35545956,36407,200086432,1612,24,164,999,VOLUMEN,VOLUMEN,1,423581,FIJO,423581,17,25.99,0,1,1,1,2,429,1,1376,200056246,2023-09-04,999|1|2|0|1|200056246|
PE,202302,43985620,1213,210098462,648,10,1078,1,INDIVIDUAL,INDIVIDUAL,2,365301,VARIABLE,365301,26,13.9,0,1,1,1,1,300,1,623,P0197132000,2023-01-10,1|2|1|0|1|P0197132000|
PE,202306,50180387,16387,200090337,1333,13,346,1,INDIVIDUAL,INDIVIDUAL,1,384884,FIJO,384884,116,23.9,0,1,1,1,1,300,1,921,200084783,2023-04-11,1|1|1|0|1|200084783|
PE,202302,49389205,120266,200082687,3511,45,218,993,993,OTRO,2,368323,VARIABLE,368323,1,13.3,0,1,1,3,1,201,1,3059,200056743,2023-01-20,993|2|1|0|1|200056743|
PE,202305,10961556,1213,210098462,154,10,338,1,INDIVIDUAL,INDIVIDUAL,2,379309,VARIABLE,379309,28,19.9,0,1,1,1,1,300,1,147,P0197132000,2023-03-29,1|2|1|0|1|P0197132000|
PE,202313,35545956,109416,200078931,3460,45,107,993,993,OTRO,2,421604,VARIABLE,421604,1,11.65,0,1,1,6,1,422,1,2921,200063934,2023-08-21,993|2|1|0|1|200063934|
PE,202311,35545956,39805,400095676,1347,26,1531,1,INDIVIDUAL,INDIVIDUAL,1,410879,FIJO,410879,0,0,1,1,1,1,1,57,6,1081,XXXXXXXXX,2023-07-17,1|1|1|1|1|XXXXXXXXX|
PE,202302,35545956,37624,200088564,1133,24,157,5,PROMOCIÓN INDIVIDUAL,PROMOCIÓN,1,365825,FIJO,365825,19,0,1,1,1,1,1,422,1,1098,200046326,2023-01-05,5|1|1|1|1|200046326|
PE,202305,50379884,5709,210098530,1529,10,1578,1,INDIVIDUAL,INDIVIDUAL,2,379321,VARIABLE,379321,26,18.9,0,1,1,1,1,300,1,1080,P0197089001,2023-03-27,1|2|1|0|1|P0197089001|
PE,202306,50020096,42004,200102450,1831,26,543,1,INDIVIDUAL,INDIVIDUAL,1,385467,FIJO,385467,0,0,1,1,1,1,1,84,6,1345,200102450,2023-04-04,1|1|1|1|1|200102450|
PE,202305,50379884,42209,200108910,1825,13,1655,1,INDIVIDUAL,INDIVIDUAL,1,379731,FIJO,379731,68,35.9,0,1,1,1,1,322,1,1373,P0289058009,2023-03-27,1|1|1|0|1|P0289058009|
PE,202305,49389205,102037,200086172,3839,45,636,1,INDIVIDUAL,INDIVIDUAL,1,382328,FIJO,382328,1,37.9,0,1,1,1,1,423,1,2952,200086172,2023-03-29,1|1|1|0|1|200086172|
PE,202303,50020096,40697,200095911,1406,26,371,1,INDIVIDUAL,INDIVIDUAL,1,370251,FIJO,370251,0,0,1,1,1,1,1,84,6,1283,200072593,2023-01-31,1|1|1|1|1|200072593|
PE,202305,50180387,40908,400096763,1201,4,1846,991,INDIVIDUAL + ADICIONAL,INDIVIDUAL,1,378880,FIJO,378880,254,0,1,0,1,1,1,57,6,766,XXXXXXXXX,2023-03-21,991|1|1|1|0|XXXXXXXXX|
PE,202307,45871533,35497,210101278,3460,42,1590,1,INDIVIDUAL,INDIVIDUAL,1,393305,FIJO,393305,1,26.9,0,1,1,1,1,300,1,3322,XXXXXXXXX,2023-05-04,1|1|1|0|1|XXXXXXXXX|
PE,202307,50020096,4329,200108169,2713,35,734,1,INDIVIDUAL,INDIVIDUAL,1,392556,FIJO,392556,100,10.9,0,1,1,1,1,45,2,2577,200108169,2023-04-26,1|1|1|0|1|200108169|
PE,202307,49946996,4329,200108169,2713,35,734,1,INDIVIDUAL,INDIVIDUAL,1,392556,FIJO,392556,100,10.9,0,1,1,1,1,45,2,2577,200108169,2023-04-29,1|1|1|0|1|200108169|
PE,202305,49946996,9815,200102421,1253,9,825,1,INDIVIDUAL,INDIVIDUAL,1,378934,FIJO,378934,26,87,0,1,1,1,1,300,1,807,200102421,2023-03-21,1|1|1|0|1|200102421|
PE,202309,35545956,39413,400095692,1318,26,1509,1,INDIVIDUAL,INDIVIDUAL,1,401816,FIJO,401816,0,0,1,1,1,1,1,57,6,1176,XXXXXXXXX,2023-05-29,1|1|1|1|1|XXXXXXXXX|
PE,202309,50379884,39413,400095692,1318,26,1509,1,INDIVIDUAL,INDIVIDUAL,1,401816,FIJO,401816,0,0,1,1,1,1,1,57,6,1176,XXXXXXXXX,2023-06-20,1|1|1|1|1|XXXXXXXXX|
PE,202304,10961556,39676,210071133,1401,35,703,1,INDIVIDUAL,INDIVIDUAL,1,375174,FIJO,375174,100,8.9,0,1,1,1,1,45,2,1282,XXXXXXXXX,2023-03-03,1|1|1|0|1|XXXXXXXXX|
PE,202302,50073300,38703,200101110,191,4,304,1,INDIVIDUAL,INDIVIDUAL,1,364822,FIJO,364822,230,24.9,0,1,1,1,1,50,1,178,200082170,2023-01-20,1|1|1|0|1|200082170|
PE,202303,45871533,40349,400095667,1354,26,1785,1,INDIVIDUAL,INDIVIDUAL,1,370183,FIJO,370183,0,0,1,1,1,1,1,57,6,1231,XXXXXXXXX,2023-02-09,1|1|1|1|1|XXXXXXXXX|
PE,202302,49946996,38771,400097298,172,2,313,991,INDIVIDUAL + ADICIONAL,INDIVIDUAL,1,364799,FIJO,364799,106,0,1,0,1,1,1,65,1,164,XXXXXXXXX,2023-01-24,991|1|1|1|0|XXXXXXXXX|
PE,202302,10961556,38771,400097298,172,2,313,991,INDIVIDUAL + ADICIONAL,INDIVIDUAL,1,364799,FIJO,364799,106,0,1,0,1,1,1,65,1,164,XXXXXXXXX,2023-01-20,991|1|1|1|0|XXXXXXXXX|
PE,202302,49389205,38771,400097298,172,2,313,991,INDIVIDUAL + ADICIONAL,INDIVIDUAL,1,364799,FIJO,364799,106,0,1,0,1,1,1,65,1,164,XXXXXXXXX,2023-01-20,991|1|1|1|0|XXXXXXXXX|
PE,202301,10961556,40049,220044579,182,1,235,2,SET FIJO,SET,1,359996,FIJO,359996,300,0,1,0,1,1,1,89,6,168,XXXXXXXXX,2022-12-27,2|1|1|1|0|XXXXXXXXX|
PE,202314,35545956,36440,200114940,1612,24,164,999,VOLUMEN,VOLUMEN,1,423581,FIJO,423581,17,25.99,0,1,1,1,6,423,1,1376,200114940,2023-09-04,999|1|6|0|1|200114940|
PE,202302,50180387,38762,400096760,267,4,1302,991,INDIVIDUAL + ADICIONAL,INDIVIDUAL,1,364905,FIJO,364905,251,0,1,0,1,1,1,57,6,254,XXXXXXXXX,2023-01-17,991|1|1|1|0|XXXXXXXXX|
PE,202314,35545956,37800,400098616,1700,26,1610,1,INDIVIDUAL,INDIVIDUAL,1,423682,FIJO,423682,0,0,1,1,1,1,1,57,6,1427,XXXXXXXXX,2023-09-04,1|1|1|1|1|XXXXXXXXX|
PE,202304,10961556,40837,200083913,162,1,142,2,SET FIJO,SET,1,373778,FIJO,373778,6,29.9,0,1,1,1,1,425,1,129,200037781,2023-03-03,2|1|1|0|1|200037781|
PE,202305,35545956,41984,200113673,1208,4,404,999,VOLUMEN,VOLUMEN,2,378889,VARIABLE,378889,0,0,1,1,1,1,1,77,4,772,200113673,2023-03-08,999|2|1|1|1|200113673|
PE,202305,50020096,41984,200113673,1208,4,404,999,VOLUMEN,VOLUMEN,2,378889,VARIABLE,378889,0,0,1,1,1,1,1,77,4,772,200113673,2023-03-17,999|2|1|1|1|200113673|
PE,202305,43985620,41984,200113673,1208,4,404,999,VOLUMEN,VOLUMEN,2,378889,VARIABLE,378889,0,0,1,1,1,1,1,77,4,772,200113673,2023-03-14,999|2|1|1|1|200113673|
PE,202301,10961556,35670,200095177,1154,24,168,999,VOLUMEN,VOLUMEN,2,361071,VARIABLE,361071,21,7.38,0,1,1,1,5,422,1,1109,200067116,2022-12-27,999|2|5|0|1|200067116|
PE,202304,45871533,40087,210099100,1667,35,1123,1,INDIVIDUAL,INDIVIDUAL,1,375440,FIJO,375440,100,38.9,0,1,1,1,1,45,2,1548,XXXXXXXXX,2023-02-28,1|1|1|0|1|XXXXXXXXX|
PE,202308,45871533,35526,210099979,1330,13,885,999,VOLUMEN,VOLUMEN,2,396331,VARIABLE,396331,42,32.9,0,1,1,1,2,320,1,1271,210092742,2023-05-22,999|2|2|0|1|210092742|
PE,202311,35545956,37125,200076057,1332,24,1321,999,VOLUMEN,VOLUMEN,2,410864,VARIABLE,410864,33,34.95,0,1,1,1,2,421,1,1070,P0261050000,2023-07-17,999|2|2|0|1|P0261050000|
PE,202305,10961556,10965,200087327,2185,35,642,1,INDIVIDUAL,INDIVIDUAL,1,380230,FIJO,380230,70,9.9,0,1,1,1,1,45,2,1658,200087327,2023-03-29,1|1|1|0|1|200087327|
PE,202305,50073300,35551,210097536,1949,24,468,3,SET VARIABLE,SET,2,379917,VARIABLE,379917,30,16,0,0,0,1,1,419,1,1491,210097536,2023-03-31,3|2|1|0|0|210097536|
PE,202303,50020096,38042,200112474,1282,24,388,999,VOLUMEN,VOLUMEN,1,370087,FIJO,370087,38,34.95,0,1,1,1,2,422,1,1213,200083596,2023-01-31,999|1|2|0|1|200083596|
PE,202305,50020096,42099,210096372,2095,26,1118,1,INDIVIDUAL,INDIVIDUAL,1,380135,FIJO,380135,,0,1,1,1,1,1,84,6,1568,210096372,2023-03-17,1|1|1|1|1|210096372|
PE,202305,49946996,5708,210098529,1528,10,1583,1,INDIVIDUAL,INDIVIDUAL,2,379320,VARIABLE,379320,34,12.9,0,1,1,1,1,303,1,1079,P0197106006,2023-03-21,1|2|1|0|1|P0197106006|
PE,202304,10961556,41141,400097592,1258,26,1724,1,INDIVIDUAL,INDIVIDUAL,1,375021,FIJO,375021,0,0,1,1,1,1,1,57,6,1139,XXXXXXXXX,2023-03-03,1|1|1|1|1|XXXXXXXXX|
PE,202304,49389205,41141,400097592,1258,26,1724,1,INDIVIDUAL,INDIVIDUAL,1,375021,FIJO,375021,0,0,1,1,1,1,1,57,6,1139,XXXXXXXXX,2023-03-06,1|1|1|1|1|XXXXXXXXX|
PE,202305,35545956,35599,200095170,1964,24,462,999,VOLUMEN,VOLUMEN,2,379952,VARIABLE,379952,15,7.63,0,1,1,1,3,422,1,1500,200058353,2023-03-08,999|2|3|0|1|200058353|
PE,202305,50073300,42262,200106443,2162,26,1608,1,INDIVIDUAL,INDIVIDUAL,2,380207,VARIABLE,380207,,19.9,0,1,1,1,1,27,1,1635,P0210133000,2023-03-31,1|2|1|0|1|P0210133000|
PE,202301,50073300,38777,400096761,331,4,1691,991,INDIVIDUAL + ADICIONAL,INDIVIDUAL,1,360175,FIJO,360175,252,0,1,0,1,1,1,57,6,312,XXXXXXXXX,2022-12-28,991|1|1|1|0|XXXXXXXXX|
PE,202303,50180387,40356,400095722,1361,26,1792,1,INDIVIDUAL,INDIVIDUAL,1,370194,FIJO,370194,0,0,1,1,1,1,1,57,6,1238,XXXXXXXXX,2023-02-10,1|1|1|1|1|XXXXXXXXX|
PE,202303,50020096,40356,400095722,1361,26,1792,1,INDIVIDUAL,INDIVIDUAL,1,370194,FIJO,370194,0,0,1,1,1,1,1,57,6,1238,XXXXXXXXX,2023-01-31,1|1|1|1|1|XXXXXXXXX|
PE,202303,43985620,40356,400095722,1361,26,1792,1,INDIVIDUAL,INDIVIDUAL,1,370194,FIJO,370194,0,0,1,1,1,1,1,57,6,1238,XXXXXXXXX,2023-01-31,1|1|1|1|1|XXXXXXXXX|
PE,202303,35545956,40356,400095722,1361,26,1792,1,INDIVIDUAL,INDIVIDUAL,1,370194,FIJO,370194,0,0,1,1,1,1,1,57,6,1238,XXXXXXXXX,2023-01-24,1|1|1|1|1|XXXXXXXXX|
PE,202303,20541199,40356,400095722,1361,26,1792,1,INDIVIDUAL,INDIVIDUAL,1,370194,FIJO,370194,0,0,1,1,1,1,1,57,6,1238,XXXXXXXXX,2023-02-13,1|1|1|1|1|XXXXXXXXX|
PE,202303,45871533,40356,400095722,1361,26,1792,1,INDIVIDUAL,INDIVIDUAL,1,370194,FIJO,370194,0,0,1,1,1,1,1,57,6,1238,XXXXXXXXX,2023-02-09,1|1|1|1|1|XXXXXXXXX|
PE,202303,49946996,40356,400095722,1361,26,1792,1,INDIVIDUAL,INDIVIDUAL,1,370194,FIJO,370194,0,0,1,1,1,1,1,57,6,1238,XXXXXXXXX,2023-02-09,1|1|1|1|1|XXXXXXXXX|
PE,202303,50073300,40356,400095722,1361,26,1792,1,INDIVIDUAL,INDIVIDUAL,1,370194,FIJO,370194,0,0,1,1,1,1,1,57,6,1238,XXXXXXXXX,2023-02-13,1|1|1|1|1|XXXXXXXXX|
PE,202303,50020096,202646,200105188,3362,45,767,2,SET FIJO,SET,1,372240,FIJO,372240,1,4.9,0,0,1,1,1,201,1,2870,200051355,2023-01-31,2|1|1|0|0|200051355|
PE,202303,49389205,38114,200094946,1161,24,484,1,INDIVIDUAL,INDIVIDUAL,1,369946,FIJO,369946,35,45.9,0,1,1,1,1,422,1,1114,200094946,2023-02-10,1|1|1|0|1|200094946|
PE,202305,50073300,41995,400095724,2078,26,1832,1,INDIVIDUAL,INDIVIDUAL,1,380117,FIJO,380117,0,0,1,1,1,1,1,57,6,1551,XXXXXXXXX,2023-03-31,1|1|1|1|1|XXXXXXXXX|
PE,202305,35545956,41995,400095724,2078,26,1832,1,INDIVIDUAL,INDIVIDUAL,1,380117,FIJO,380117,0,0,1,1,1,1,1,57,6,1551,XXXXXXXXX,2023-03-08,1|1|1|1|1|XXXXXXXXX|
PE,202305,50020096,41995,400095724,2078,26,1832,1,INDIVIDUAL,INDIVIDUAL,1,380117,FIJO,380117,0,0,1,1,1,1,1,57,6,1551,XXXXXXXXX,2023-03-17,1|1|1|1|1|XXXXXXXXX|
PE,202305,43985620,41995,400095724,2078,26,1832,1,INDIVIDUAL,INDIVIDUAL,1,380117,FIJO,380117,0,0,1,1,1,1,1,57,6,1551,XXXXXXXXX,2023-03-14,1|1|1|1|1|XXXXXXXXX|
PE,202305,50180387,41995,400095724,2078,26,1832,1,INDIVIDUAL,INDIVIDUAL,1,380117,FIJO,380117,0,0,1,1,1,1,1,57,6,1551,XXXXXXXXX,2023-03-21,1|1|1|1|1|XXXXXXXXX|
PE,202305,49946996,41995,400095724,2078,26,1832,1,INDIVIDUAL,INDIVIDUAL,1,380117,FIJO,380117,0,0,1,1,1,1,1,57,6,1551,XXXXXXXXX,2023-03-21,1|1|1|1|1|XXXXXXXXX|
PE,202305,45871533,41995,400095724,2078,26,1832,1,INDIVIDUAL,INDIVIDUAL,1,380117,FIJO,380117,0,0,1,1,1,1,1,57,6,1551,XXXXXXXXX,2023-03-20,1|1|1|1|1|XXXXXXXXX|
PE,202305,50379884,41995,400095724,2078,26,1832,1,INDIVIDUAL,INDIVIDUAL,1,380117,FIJO,380117,0,0,1,1,1,1,1,57,6,1551,XXXXXXXXX,2023-03-27,1|1|1|1|1|XXXXXXXXX|
PE,202307,50020096,38885,400095726,1550,26,2154,1,INDIVIDUAL,INDIVIDUAL,1,391392,FIJO,391392,0,0,1,1,1,1,1,57,6,1414,XXXXXXXXX,2023-04-26,1|1|1|1|1|XXXXXXXXX|
PE,202307,35545956,38885,400095726,1550,26,2154,1,INDIVIDUAL,INDIVIDUAL,1,391392,FIJO,391392,0,0,1,1,1,1,1,57,6,1414,XXXXXXXXX,2023-04-19,1|1|1|1|1|XXXXXXXXX|
PE,202307,49946996,38885,400095726,1550,26,2154,1,INDIVIDUAL,INDIVIDUAL,1,391392,FIJO,391392,0,0,1,1,1,1,1,57,6,1414,XXXXXXXXX,2023-04-29,1|1|1|1|1|XXXXXXXXX|
PE,202307,50180387,38885,400095726,1550,26,2154,1,INDIVIDUAL,INDIVIDUAL,1,391392,FIJO,391392,0,0,1,1,1,1,1,57,6,1414,XXXXXXXXX,2023-05-02,1|1|1|1|1|XXXXXXXXX|
PE,202307,50379884,38885,400095726,1550,26,2154,1,INDIVIDUAL,INDIVIDUAL,1,391392,FIJO,391392,0,0,1,1,1,1,1,57,6,1414,XXXXXXXXX,2023-05-13,1|1|1|1|1|XXXXXXXXX|
PE,202307,45871533,38885,400095726,1550,26,2154,1,INDIVIDUAL,INDIVIDUAL,1,391392,FIJO,391392,0,0,1,1,1,1,1,57,6,1414,XXXXXXXXX,2023-05-04,1|1|1|1|1|XXXXXXXXX|
PE,202305,43985620,15125,200106290,1786,13,881,1,INDIVIDUAL,INDIVIDUAL,1,379679,FIJO,379679,147,99.9,0,1,1,1,1,300,1,1334,200106290,2023-03-14,1|1|1|0|1|200106290|