ID_OFERTA,Composite_key
6,INDIVIDUAL|FIJO|200059602|1|0|1.0|INDIVIDUAL|FIJO|200059602|1|0|1.0|INDIVIDUAL|FIJO|200059602|1|0|1.0|INDIVIDUAL|FIJO|200059602|1|0|1.0|INDIVIDUAL|FIJO|200059602|1|0|1.0|INDIVIDUAL|FIJO|200059602|1|0|1.0|INDIVIDUAL|FIJO|200059602|1|0|1.0|INDIVIDUAL|FIJO|200059602|1|0|1.0|INDIVIDUAL|FIJO|200059602|1|0|1.0|INDIVIDUAL|FIJO|200059602|1|0|1.0|INDIVIDUAL|FIJO|200059602|1|0|1.0|INDIVIDUAL|FIJO|200059602|1|0|1.0|INDIVIDUAL|FIJO|200059602|1|0|1.0
7,INDIVIDUAL|FIJO|200116159|1|0|1.0|INDIVIDUAL|FIJO|200116159|1|0|1.0|INDIVIDUAL|FIJO|200116159|1|0|1.0|INDIVIDUAL|FIJO|200116159|1|0|1.0|INDIVIDUAL|FIJO|200116159|1|0|1.0|INDIVIDUAL|FIJO|200116159|1|0|1.0|INDIVIDUAL|FIJO|200116159|1|0|1.0|INDIVIDUAL|FIJO|200116159|1|0|1.0|INDIVIDUAL|FIJO|200116159|1|0|1.0|INDIVIDUAL|FIJO|200116159|1|0|1.0|INDIVIDUAL|FIJO|200116159|1|0|1.0|INDIVIDUAL|FIJO|200116159|1|0|1.0|INDIVIDUAL|FIJO|200116159|1|0|1.0
8,INDIVIDUAL|FIJO|200113372|1|0|1.0|INDIVIDUAL|FIJO|200113372|1|0|1.0|INDIVIDUAL|FIJO|200113372|1|0|1.0|INDIVIDUAL|FIJO|200113372|1|0|1.0|INDIVIDUAL|FIJO|200113372|1|0|1.0|INDIVIDUAL|FIJO|200113372|1|0|1.0|INDIVIDUAL|FIJO|200113372|1|0|1.0|INDIVIDUAL|FIJO|200113372|1|0|1.0|INDIVIDUAL|FIJO|200113372|1|0|1.0|INDIVIDUAL|FIJO|200113372|1|0|1.0|INDIVIDUAL|FIJO|200113372|1|0|1.0
9,INDIVIDUAL|FIJO|210097810|1|0|1.0|INDIVIDUAL|FIJO|210097810|1|0|1.0|INDIVIDUAL|FIJO|210097810|1|0|1.0|INDIVIDUAL|FIJO|210097810|1|0|1.0|INDIVIDUAL|FIJO|210097810|1|0|1.0|INDIVIDUAL|FIJO|210097810|1|0|1.0|INDIVIDUAL|FIJO|210097810|1|0|1.0|INDIVIDUAL|FIJO|210097810|1|0|1.0|INDIVIDUAL|FIJO|210097810|1|0|1.0|INDIVIDUAL|FIJO|210097810|1|0|1.0|INDIVIDUAL|FIJO|210097810|1|0|1.0|INDIVIDUAL|FIJO|210097810|1|0|1.0|INDIVIDUAL|FIJO|210097810|1|0|1.0
10,INDIVIDUAL|FIJO|200109472|1|0|1.0|INDIVIDUAL|FIJO|200109472|1|0|1.0|INDIVIDUAL|FIJO|200109472|1|0|1.0|INDIVIDUAL|FIJO|200109472|1|0|1.0|INDIVIDUAL|FIJO|200109472|1|0|1.0|INDIVIDUAL|FIJO|200109472|1|0|1.0|INDIVIDUAL|FIJO|200109472|1|0|1.0|INDIVIDUAL|FIJO|200109472|1|0|1.0|INDIVIDUAL|FIJO|200109472|1|0|1.0|INDIVIDUAL|FIJO|200109472|1|0|1.0|INDIVIDUAL|FIJO|200109472|1|0|1.0|INDIVIDUAL|FIJO|200109472|1|0|1.0|INDIVIDUAL|FIJO|200109472|1|0|1.0
11,INDIVIDUAL|FIJO|200109489|1|0|1.0|INDIVIDUAL|FIJO|200109489|1|0|1.0|INDIVIDUAL|FIJO|200109489|1|0|1.0|INDIVIDUAL|FIJO|200109489|1|0|1.0|INDIVIDUAL|FIJO|200109489|1|0|1.0|INDIVIDUAL|FIJO|200109489|1|0|1.0|INDIVIDUAL|FIJO|200109489|1|0|1.0|INDIVIDUAL|FIJO|200109489|1|0|1.0|INDIVIDUAL|FIJO|200109489|1|0|1.0|INDIVIDUAL|FIJO|200109489|1|0|1.0|INDIVIDUAL|FIJO|200109489|1|0|1.0|INDIVIDUAL|FIJO|200109489|1|0|1.0|INDIVIDUAL|FIJO|200109489|1|0|1.0
12,INDIVIDUAL|FIJO|200109468|1|0|1.0|INDIVIDUAL|FIJO|200109468|1|0|1.0|INDIVIDUAL|FIJO|200109468|1|0|1.0|INDIVIDUAL|FIJO|200109468|1|0|1.0|INDIVIDUAL|FIJO|200109468|1|0|1.0|INDIVIDUAL|FIJO|200109468|1|0|1.0|INDIVIDUAL|FIJO|200109468|1|0|1.0|INDIVIDUAL|FIJO|200109468|1|0|1.0|INDIVIDUAL|FIJO|200109468|1|0|1.0|INDIVIDUAL|FIJO|200109468|1|0|1.0|INDIVIDUAL|FIJO|200109468|1|0|1.0|INDIVIDUAL|FIJO|200109468|1|0|1.0|INDIVIDUAL|FIJO|200109468|1|0|1.0
13,INDIVIDUAL|FIJO|200109470|1|0|1.0|INDIVIDUAL|FIJO|200109470|1|0|1.0|INDIVIDUAL|FIJO|200109470|1|0|1.0|INDIVIDUAL|FIJO|200109470|1|0|1.0|INDIVIDUAL|FIJO|200109470|1|0|1.0|INDIVIDUAL|FIJO|200109470|1|0|1.0|INDIVIDUAL|FIJO|200109470|1|0|1.0|INDIVIDUAL|FIJO|200109470|1|0|1.0|INDIVIDUAL|FIJO|200109470|1|0|1.0|INDIVIDUAL|FIJO|200109470|1|0|1.0|INDIVIDUAL|FIJO|200109470|1|0|1.0|INDIVIDUAL|FIJO|200109470|1|0|1.0|INDIVIDUAL|FIJO|200109470|1|0|1.0
14,INDIVIDUAL|FIJO|200109198|1|0|1.0|INDIVIDUAL|FIJO|200109198|1|0|1.0|INDIVIDUAL|FIJO|200109198|1|0|1.0|INDIVIDUAL|FIJO|200109198|1|0|1.0|INDIVIDUAL|FIJO|200109198|1|0|1.0|INDIVIDUAL|FIJO|200109198|1|0|1.0|INDIVIDUAL|FIJO|200109198|1|0|1.0|INDIVIDUAL|FIJO|200109198|1|0|1.0|INDIVIDUAL|FIJO|200109198|1|0|1.0|INDIVIDUAL|FIJO|200109198|1|0|1.0|INDIVIDUAL|FIJO|200109198|1|0|1.0|INDIVIDUAL|FIJO|200109198|1|0|1.0|INDIVIDUAL|FIJO|200109198|1|0|1.0
15,INDIVIDUAL|FIJO|200116343|1|0|1.0|INDIVIDUAL|FIJO|200116343|1|0|1.0|INDIVIDUAL|FIJO|200116343|1|0|1.0|INDIVIDUAL|FIJO|200116343|1|0|1.0|INDIVIDUAL|FIJO|200116343|1|0|1.0|INDIVIDUAL|FIJO|200116343|1|0|1.0|INDIVIDUAL|FIJO|200116343|1|0|1.0|INDIVIDUAL|FIJO|200116343|1|0|1.0|INDIVIDUAL|FIJO|200116343|1|0|1.0|INDIVIDUAL|FIJO|200116343|1|0|1.0|INDIVIDUAL|FIJO|200116343|1|0|1.0|INDIVIDUAL|FIJO|200116343|1|0|1.0
16,INDIVIDUAL|FIJO|200116310|1|0|1.0|INDIVIDUAL|FIJO|200116310|1|0|1.0|INDIVIDUAL|FIJO|200116310|1|0|1.0|INDIVIDUAL|FIJO|200116310|1|0|1.0|INDIVIDUAL|FIJO|200116310|1|0|1.0|INDIVIDUAL|FIJO|200116310|1|0|1.0|INDIVIDUAL|FIJO|200116310|1|0|1.0|INDIVIDUAL|FIJO|200116310|1|0|1.0|INDIVIDUAL|FIJO|200116310|1|0|1.0|INDIVIDUAL|FIJO|200116310|1|0|1.0|INDIVIDUAL|FIJO|200116310|1|0|1.0|INDIVIDUAL|FIJO|200116310|1|0|1.0
17,INDIVIDUAL|FIJO|200118717|1|0|1.0|INDIVIDUAL|FIJO|200118717|1|0|1.0|INDIVIDUAL|FIJO|200118717|1|0|1.0|INDIVIDUAL|FIJO|200118717|1|0|1.0|INDIVIDUAL|FIJO|200118717|1|0|1.0|INDIVIDUAL|FIJO|200118717|1|0|1.0|INDIVIDUAL|FIJO|200118717|1|0|1.0|INDIVIDUAL|FIJO|200118717|1|0|1.0|INDIVIDUAL|FIJO|200118717|1|0|1.0|INDIVIDUAL|FIJO|200118717|1|0|1.0|INDIVIDUAL|FIJO|200118717|1|0|1.0|INDIVIDUAL|FIJO|200118717|1|0|1.0|INDIVIDUAL|FIJO|200118717|1|0|1.0
18,INDIVIDUAL|FIJO|200116311|1|0|1.0|INDIVIDUAL|FIJO|200116311|1|0|1.0|INDIVIDUAL|FIJO|200116311|1|0|1.0|INDIVIDUAL|FIJO|200116311|1|0|1.0|INDIVIDUAL|FIJO|200116311|1|0|1.0|INDIVIDUAL|FIJO|200116311|1|0|1.0|INDIVIDUAL|FIJO|200116311|1|0|1.0|INDIVIDUAL|FIJO|200116311|1|0|1.0|INDIVIDUAL|FIJO|200116311|1|0|1.0|INDIVIDUAL|FIJO|200116311|1|0|1.0|INDIVIDUAL|FIJO|200116311|1|0|1.0|INDIVIDUAL|FIJO|200116311|1|0|1.0|INDIVIDUAL|FIJO|200116311|1|0|1.0
19,INDIVIDUAL|FIJO|200090313|1|0|1.0|INDIVIDUAL|FIJO|200090313|1|0|1.0|INDIVIDUAL|FIJO|200090313|1|0|1.0|INDIVIDUAL|FIJO|200090313|1|0|1.0|INDIVIDUAL|FIJO|200090313|1|0|1.0|INDIVIDUAL|FIJO|200090313|1|0|1.0|INDIVIDUAL|FIJO|200090313|1|0|1.0|INDIVIDUAL|FIJO|200090313|1|0|1.0|INDIVIDUAL|FIJO|200090313|1|0|1.0|INDIVIDUAL|FIJO|200090313|1|0|1.0|INDIVIDUAL|FIJO|200090313|1|0|1.0|INDIVIDUAL|FIJO|200090313|1|0|1.0|INDIVIDUAL|FIJO|200090313|1|0|1.0
20,INDIVIDUAL|FIJO|200104065|1|0|1.0|INDIVIDUAL|FIJO|200104065|1|0|1.0|INDIVIDUAL|FIJO|200104065|1|0|1.0|INDIVIDUAL|FIJO|200104065|1|0|1.0|INDIVIDUAL|FIJO|200104065|1|0|1.0|INDIVIDUAL|FIJO|200104065|1|0|1.0|INDIVIDUAL|FIJO|200104065|1|0|1.0|INDIVIDUAL|FIJO|200104065|1|0|1.0|INDIVIDUAL|FIJO|200104065|1|0|1.0|INDIVIDUAL|FIJO|200104065|1|0|1.0|INDIVIDUAL|FIJO|200104065|1|0|1.0|INDIVIDUAL|FIJO|200104065|1|0|1.0|INDIVIDUAL|FIJO|200104065|1|0|1.0
21,INDIVIDUAL|FIJO|200114571|1|0|1.0|INDIVIDUAL|FIJO|200114571|1|0|1.0|INDIVIDUAL|FIJO|200114571|1|0|1.0|INDIVIDUAL|FIJO|200114571|1|0|1.0|INDIVIDUAL|FIJO|200114571|1|0|1.0|INDIVIDUAL|FIJO|200114571|1|0|1.0|INDIVIDUAL|FIJO|200114571|1|0|1.0|INDIVIDUAL|FIJO|200114571|1|0|1.0|INDIVIDUAL|FIJO|200114571|1|0|1.0|INDIVIDUAL|FIJO|200114571|1|0|1.0|INDIVIDUAL|FIJO|200114571|1|0|1.0|INDIVIDUAL|FIJO|200114571|1|0|1.0|INDIVIDUAL|FIJO|200114571|1|0|1.0
22,INDIVIDUAL|FIJO|200115591|1|0|1.0|INDIVIDUAL|FIJO|200115591|1|0|1.0|INDIVIDUAL|FIJO|200115591|1|0|1.0|INDIVIDUAL|FIJO|200115591|1|0|1.0|INDIVIDUAL|FIJO|200115591|1|0|1.0|INDIVIDUAL|FIJO|200115591|1|0|1.0|INDIVIDUAL|FIJO|200115591|1|0|1.0|INDIVIDUAL|FIJO|200115591|1|0|1.0|INDIVIDUAL|FIJO|200115591|1|0|1.0|INDIVIDUAL|FIJO|200115591|1|0|1.0|INDIVIDUAL|FIJO|200115591|1|0|1.0|INDIVIDUAL|FIJO|200115591|1|0|1.0
23,INDIVIDUAL|FIJO|200113873|1|0|1.0|INDIVIDUAL|FIJO|200113873|1|0|1.0|INDIVIDUAL|FIJO|200113873|1|0|1.0|INDIVIDUAL|FIJO|200113873|1|0|1.0|INDIVIDUAL|FIJO|200113873|1|0|1.0|INDIVIDUAL|FIJO|200113873|1|0|1.0|INDIVIDUAL|FIJO|200113873|1|0|1.0|INDIVIDUAL|FIJO|200113873|1|0|1.0|INDIVIDUAL|FIJO|200113873|1|0|1.0|INDIVIDUAL|FIJO|200113873|1|0|1.0|INDIVIDUAL|FIJO|200113873|1|0|1.0|INDIVIDUAL|FIJO|200113873|1|0|1.0|INDIVIDUAL|FIJO|200113873|1|0|1.0
24,INDIVIDUAL|FIJO|200113874|1|0|1.0|INDIVIDUAL|FIJO|200113874|1|0|1.0|INDIVIDUAL|FIJO|200113874|1|0|1.0|INDIVIDUAL|FIJO|200113874|1|0|1.0|INDIVIDUAL|FIJO|200113874|1|0|1.0|INDIVIDUAL|FIJO|200113874|1|0|1.0|INDIVIDUAL|FIJO|200113874|1|0|1.0|INDIVIDUAL|FIJO|200113874|1|0|1.0|INDIVIDUAL|FIJO|200113874|1|0|1.0|INDIVIDUAL|FIJO|200113874|1|0|1.0|INDIVIDUAL|FIJO|200113874|1|0|1.0|INDIVIDUAL|FIJO|200113874|1|0|1.0|INDIVIDUAL|FIJO|200113874|1|0|1.0
25,INDIVIDUAL|FIJO|200114556|1|0|1.0|INDIVIDUAL|FIJO|200114556|1|0|1.0|INDIVIDUAL|FIJO|200114556|1|0|1.0|INDIVIDUAL|FIJO|200114556|1|0|1.0|INDIVIDUAL|FIJO|200114556|1|0|1.0|INDIVIDUAL|FIJO|200114556|1|0|1.0|INDIVIDUAL|FIJO|200114556|1|0|1.0|INDIVIDUAL|FIJO|200114556|1|0|1.0|INDIVIDUAL|FIJO|200114556|1|0|1.0|INDIVIDUAL|FIJO|200114556|1|0|1.0|INDIVIDUAL|FIJO|200114556|1|0|1.0|INDIVIDUAL|FIJO|200114556|1|0|1.0|INDIVIDUAL|FIJO|200114556|1|0|1.0
26,INDIVIDUAL|FIJO|200114567|1|0|1.0|INDIVIDUAL|FIJO|200114567|1|0|1.0|INDIVIDUAL|FIJO|200114567|1|0|1.0|INDIVIDUAL|FIJO|200114567|1|0|1.0|INDIVIDUAL|FIJO|200114567|1|0|1.0|INDIVIDUAL|FIJO|200114567|1|0|1.0|INDIVIDUAL|FIJO|200114567|1|0|1.0|INDIVIDUAL|FIJO|200114567|1|0|1.0|INDIVIDUAL|FIJO|200114567|1|0|1.0|INDIVIDUAL|FIJO|200114567|1|0|1.0|INDIVIDUAL|FIJO|200114567|1|0|1.0|INDIVIDUAL|FIJO|200114567|1|0|1.0|INDIVIDUAL|FIJO|200114567|1|0|1.0
27,INDIVIDUAL|FIJO|200066831|1|0|1.0|INDIVIDUAL|FIJO|200066831|1|0|1.0|INDIVIDUAL|FIJO|200066831|1|0|1.0|INDIVIDUAL|FIJO|200066831|1|0|1.0|INDIVIDUAL|FIJO|200066831|1|0|1.0|INDIVIDUAL|FIJO|200066831|1|0|1.0|INDIVIDUAL|FIJO|200066831|1|0|1.0|INDIVIDUAL|FIJO|200066831|1|0|1.0|INDIVIDUAL|FIJO|200066831|1|0|1.0|INDIVIDUAL|FIJO|200066831|1|0|1.0|INDIVIDUAL|FIJO|200066831|1|0|1.0|INDIVIDUAL|FIJO|200066831|1|0|1.0
28,INDIVIDUAL|FIJO|200083596|1|0|1.0|INDIVIDUAL|FIJO|200083596|1|0|1.0|INDIVIDUAL|FIJO|200083596|1|0|1.0|INDIVIDUAL|FIJO|200083596|1|0|1.0|INDIVIDUAL|FIJO|200083596|1|0|1.0|INDIVIDUAL|FIJO|200083596|1|0|1.0|INDIVIDUAL|FIJO|200083596|1|0|1.0|INDIVIDUAL|FIJO|200083596|1|0|1.0|INDIVIDUAL|FIJO|200083596|1|0|1.0|INDIVIDUAL|FIJO|200083596|1|0|1.0|INDIVIDUAL|FIJO|200083596|1|0|1.0
29,INDIVIDUAL|FIJO|200113540|1|0|1.0|INDIVIDUAL|FIJO|200113540|1|0|1.0|INDIVIDUAL|FIJO|200113540|1|0|1.0|INDIVIDUAL|FIJO|200113540|1|0|1.0|INDIVIDUAL|FIJO|200113540|1|0|1.0|INDIVIDUAL|FIJO|200113540|1|0|1.0|INDIVIDUAL|FIJO|200113540|1|0|1.0|INDIVIDUAL|FIJO|200113540|1|0|1.0|INDIVIDUAL|FIJO|200113540|1|0|1.0|INDIVIDUAL|FIJO|200113540|1|0|1.0|INDIVIDUAL|FIJO|200113540|1|0|1.0
30,INDIVIDUAL|FIJO|200073370|1|0|1.0|INDIVIDUAL|FIJO|200073370|1|0|1.0|INDIVIDUAL|FIJO|200073370|1|0|1.0|INDIVIDUAL|FIJO|200073370|1|0|1.0|INDIVIDUAL|FIJO|200073370|1|0|1.0|INDIVIDUAL|FIJO|200073370|1|0|1.0|INDIVIDUAL|FIJO|200073370|1|0|1.0|INDIVIDUAL|FIJO|200073370|1|0|1.0|INDIVIDUAL|FIJO|200073370|1|0|1.0|INDIVIDUAL|FIJO|200073370|1|0|1.0|INDIVIDUAL|FIJO|200073370|1|0|1.0
31,INDIVIDUAL|FIJO|200116799|1|0|1.0|INDIVIDUAL|FIJO|200116799|1|0|1.0|INDIVIDUAL|FIJO|200116799|1|0|1.0|INDIVIDUAL|FIJO|200116799|1|0|1.0|INDIVIDUAL|FIJO|200116799|1|0|1.0|INDIVIDUAL|FIJO|200116799|1|0|1.0|INDIVIDUAL|FIJO|200116799|1|0|1.0|INDIVIDUAL|FIJO|200116799|1|0|1.0|INDIVIDUAL|FIJO|200116799|1|0|1.0|INDIVIDUAL|FIJO|200116799|1|0|1.0|INDIVIDUAL|FIJO|200116799|1|0|1.0|INDIVIDUAL|FIJO|200116799|1|0|1.0|INDIVIDUAL|FIJO|200116799|1|0|1.0
32,INDIVIDUAL|FIJO|200115988|1|0|1.0|INDIVIDUAL|FIJO|200115988|1|0|1.0|INDIVIDUAL|FIJO|200115988|1|0|1.0|INDIVIDUAL|FIJO|200115988|1|0|1.0|INDIVIDUAL|FIJO|200115988|1|0|1.0|INDIVIDUAL|FIJO|200115988|1|0|1.0|INDIVIDUAL|FIJO|200115988|1|0|1.0|INDIVIDUAL|FIJO|200115988|1|0|1.0|INDIVIDUAL|FIJO|200115988|1|0|1.0|INDIVIDUAL|FIJO|200115988|1|0|1.0|INDIVIDUAL|FIJO|200115988|1|0|1.0|INDIVIDUAL|FIJO|200115988|1|0|1.0|INDIVIDUAL|FIJO|200115988|1|0|1.0
33,INDIVIDUAL|FIJO|200118093|1|0|1.0|INDIVIDUAL|FIJO|200118093|1|0|1.0|INDIVIDUAL|FIJO|200118093|1|0|1.0|INDIVIDUAL|FIJO|200118093|1|0|1.0|INDIVIDUAL|FIJO|200118093|1|0|1.0|INDIVIDUAL|FIJO|200118093|1|0|1.0|INDIVIDUAL|FIJO|200118093|1|0|1.0|INDIVIDUAL|FIJO|200118093|1|0|1.0|INDIVIDUAL|FIJO|200118093|1|0|1.0|INDIVIDUAL|FIJO|200118093|1|0|1.0|INDIVIDUAL|FIJO|200118093|1|0|1.0|INDIVIDUAL|FIJO|200118093|1|0|1.0|INDIVIDUAL|FIJO|200118093|1|0|1.0
34,INDIVIDUAL|FIJO|200109261|1|0|1.0|INDIVIDUAL|FIJO|200109261|1|0|1.0|INDIVIDUAL|FIJO|200109261|1|0|1.0|INDIVIDUAL|FIJO|200109261|1|0|1.0|INDIVIDUAL|FIJO|200109261|1|0|1.0|INDIVIDUAL|FIJO|200109261|1|0|1.0|INDIVIDUAL|FIJO|200109261|1|0|1.0|INDIVIDUAL|FIJO|200109261|1|0|1.0|INDIVIDUAL|FIJO|200109261|1|0|1.0|INDIVIDUAL|FIJO|200109261|1|0|1.0|INDIVIDUAL|FIJO|200109261|1|0|1.0|INDIVIDUAL|FIJO|200109261|1|0|1.0
35,INDIVIDUAL|FIJO|200080567|1|0|1.0|INDIVIDUAL|FIJO|200080567|1|0|1.0|INDIVIDUAL|FIJO|200080567|1|0|1.0|INDIVIDUAL|FIJO|200080567|1|0|1.0|INDIVIDUAL|FIJO|200080567|1|0|1.0|INDIVIDUAL|FIJO|200080567|1|0|1.0|INDIVIDUAL|FIJO|200080567|1|0|1.0|INDIVIDUAL|FIJO|200080567|1|0|1.0|INDIVIDUAL|FIJO|200080567|1|0|1.0|INDIVIDUAL|FIJO|200080567|1|0|1.0|INDIVIDUAL|FIJO|200080567|1|0|1.0|INDIVIDUAL|FIJO|200080567|1|0|1.0
36,INDIVIDUAL|FIJO|200050981|1|0|1.0|INDIVIDUAL|FIJO|200050981|1|0|1.0|INDIVIDUAL|FIJO|200050981|1|0|1.0|INDIVIDUAL|FIJO|200050981|1|0|1.0|INDIVIDUAL|FIJO|200050981|1|0|1.0|INDIVIDUAL|FIJO|200050981|1|0|1.0|INDIVIDUAL|FIJO|200050981|1|0|1.0|INDIVIDUAL|FIJO|200050981|1|0|1.0|INDIVIDUAL|FIJO|200050981|1|0|1.0|INDIVIDUAL|FIJO|200050981|1|0|1.0|INDIVIDUAL|FIJO|200050981|1|0|1.0|INDIVIDUAL|FIJO|200050981|1|0|1.0
37,INDIVIDUAL|FIJO|200012707|1|0|1.0|INDIVIDUAL|FIJO|200012707|1|0|1.0|INDIVIDUAL|FIJO|200012707|1|0|1.0|INDIVIDUAL|FIJO|200012707|1|0|1.0|INDIVIDUAL|FIJO|200012707|1|0|1.0|INDIVIDUAL|FIJO|200012707|1|0|1.0|INDIVIDUAL|FIJO|200012707|1|0|1.0|INDIVIDUAL|FIJO|200012707|1|0|1.0|INDIVIDUAL|FIJO|200012707|1|0|1.0|INDIVIDUAL|FIJO|200012707|1|0|1.0|INDIVIDUAL|FIJO|200012707|1|0|1.0|INDIVIDUAL|FIJO|200012707|1|0|1.0|INDIVIDUAL|FIJO|200012707|1|0|1.0
38,INDIVIDUAL|FIJO|200112559|1|0|1.0|INDIVIDUAL|FIJO|200112559|1|0|1.0|INDIVIDUAL|FIJO|200112559|1|0|1.0|INDIVIDUAL|FIJO|200112559|1|0|1.0|INDIVIDUAL|FIJO|200112559|1|0|1.0|INDIVIDUAL|FIJO|200112559|1|0|1.0|INDIVIDUAL|FIJO|200112559|1|0|1.0|INDIVIDUAL|FIJO|200112559|1|0|1.0|INDIVIDUAL|FIJO|200112559|1|0|1.0|INDIVIDUAL|FIJO|200112559|1|0|1.0|INDIVIDUAL|FIJO|200112559|1|0|1.0|INDIVIDUAL|FIJO|200112559|1|0|1.0
39,INDIVIDUAL|FIJO|200095864|1|0|1.0|INDIVIDUAL|FIJO|200095864|1|0|1.0|INDIVIDUAL|FIJO|200095864|1|0|1.0|INDIVIDUAL|FIJO|200095864|1|0|1.0|INDIVIDUAL|FIJO|200095864|1|0|1.0|INDIVIDUAL|FIJO|200095864|1|0|1.0|INDIVIDUAL|FIJO|200095864|1|0|1.0|INDIVIDUAL|FIJO|200095864|1|0|1.0|INDIVIDUAL|FIJO|200095864|1|0|1.0|INDIVIDUAL|FIJO|200095864|1|0|1.0|INDIVIDUAL|FIJO|200095864|1|0|1.0|INDIVIDUAL|FIJO|200095864|1|0|1.0|INDIVIDUAL|FIJO|200095864|1|0|1.0|INDIVIDUAL|FIJO|200095864|1|0|1.0
40,INDIVIDUAL|FIJO|200117191|1|0|1.0|INDIVIDUAL|FIJO|200117191|1|0|1.0|INDIVIDUAL|FIJO|200117191|1|0|1.0|INDIVIDUAL|FIJO|200117191|1|0|1.0|INDIVIDUAL|FIJO|200117191|1|0|1.0|INDIVIDUAL|FIJO|200117191|1|0|1.0|INDIVIDUAL|FIJO|200117191|1|0|1.0|INDIVIDUAL|FIJO|200117191|1|0|1.0|INDIVIDUAL|FIJO|200117191|1|0|1.0|INDIVIDUAL|FIJO|200117191|1|0|1.0|INDIVIDUAL|FIJO|200117191|1|0|1.0|INDIVIDUAL|FIJO|200117191|1|0|1.0|INDIVIDUAL|FIJO|200117191|1|0|1.0
41,INDIVIDUAL|FIJO|200099538|1|0|1.0|INDIVIDUAL|FIJO|200099538|1|0|1.0|INDIVIDUAL|FIJO|200099538|1|0|1.0|INDIVIDUAL|FIJO|200099538|1|0|1.0|INDIVIDUAL|FIJO|200099538|1|0|1.0|INDIVIDUAL|FIJO|200099538|1|0|1.0|INDIVIDUAL|FIJO|200099538|1|0|1.0|INDIVIDUAL|FIJO|200099538|1|0|1.0|INDIVIDUAL|FIJO|200099538|1|0|1.0|INDIVIDUAL|FIJO|200099538|1|0|1.0|INDIVIDUAL|FIJO|200099538|1|0|1.0|INDIVIDUAL|FIJO|200099538|1|0|1.0|INDIVIDUAL|FIJO|200099538|1|0|1.0|INDIVIDUAL|FIJO|200099538|1|0|1.0
42,INDIVIDUAL|FIJO|200102421|1|0|1.0|INDIVIDUAL|FIJO|200102421|1|0|1.0|INDIVIDUAL|FIJO|200102421|1|0|1.0|INDIVIDUAL|FIJO|200102421|1|0|1.0|INDIVIDUAL|FIJO|200102421|1|0|1.0|INDIVIDUAL|FIJO|200102421|1|0|1.0|INDIVIDUAL|FIJO|200102421|1|0|1.0|INDIVIDUAL|FIJO|200102421|1|0|1.0|INDIVIDUAL|FIJO|200102421|1|0|1.0|INDIVIDUAL|FIJO|200102421|1|0|1.0|INDIVIDUAL|FIJO|200102421|1|0|1.0|INDIVIDUAL|FIJO|200102421|1|0|1.0|INDIVIDUAL|FIJO|200102421|1|0|1.0
43,INDIVIDUAL|FIJO|200113790|1|0|1.0|INDIVIDUAL|FIJO|200113790|1|0|1.0|INDIVIDUAL|FIJO|200113790|1|0|1.0|INDIVIDUAL|FIJO|200113790|1|0|1.0|INDIVIDUAL|FIJO|200113790|1|0|1.0|INDIVIDUAL|FIJO|200113790|1|0|1.0|INDIVIDUAL|FIJO|200113790|1|0|1.0|INDIVIDUAL|FIJO|200113790|1|0|1.0|INDIVIDUAL|FIJO|200113790|1|0|1.0|INDIVIDUAL|FIJO|200113790|1|0|1.0|INDIVIDUAL|FIJO|200113790|1|0|1.0|INDIVIDUAL|FIJO|200113790|1|0|1.0|INDIVIDUAL|FIJO|200113790|1|0|1.0
44,INDIVIDUAL|FIJO|200109875|1|0|1.0|INDIVIDUAL|FIJO|200109875|1|0|1.0|INDIVIDUAL|FIJO|200109875|1|0|1.0|INDIVIDUAL|FIJO|200109875|1|0|1.0|INDIVIDUAL|FIJO|200109875|1|0|1.0|INDIVIDUAL|FIJO|200109875|1|0|1.0|INDIVIDUAL|FIJO|200109875|1|0|1.0|INDIVIDUAL|FIJO|200109875|1|0|1.0|INDIVIDUAL|FIJO|200109875|1|0|1.0|INDIVIDUAL|FIJO|200109875|1|0|1.0|INDIVIDUAL|FIJO|200109875|1|0|1.0|INDIVIDUAL|FIJO|200109875|1|0|1.0|INDIVIDUAL|FIJO|200109875|1|0|1.0
45,INDIVIDUAL|FIJO|200050957|1|0|1.0|INDIVIDUAL|FIJO|200050957|1|0|1.0|INDIVIDUAL|FIJO|200050957|1|0|1.0|INDIVIDUAL|FIJO|200050957|1|0|1.0|INDIVIDUAL|FIJO|200050957|1|0|1.0|INDIVIDUAL|FIJO|200050957|1|0|1.0|INDIVIDUAL|FIJO|200050957|1|0|1.0|INDIVIDUAL|FIJO|200050957|1|0|1.0|INDIVIDUAL|FIJO|200050957|1|0|1.0|INDIVIDUAL|FIJO|200050957|1|0|1.0|INDIVIDUAL|FIJO|200050957|1|0|1.0|INDIVIDUAL|FIJO|200050957|1|0|1.0|INDIVIDUAL|FIJO|200050957|1|0|1.0|INDIVIDUAL|FIJO|200050957|1|0|1.0
46,INDIVIDUAL|FIJO|200116560|1|0|1.0|INDIVIDUAL|FIJO|200116560|1|0|1.0|INDIVIDUAL|FIJO|200116560|1|0|1.0|INDIVIDUAL|FIJO|200116560|1|0|1.0|INDIVIDUAL|FIJO|200116560|1|0|1.0|INDIVIDUAL|FIJO|200116560|1|0|1.0|INDIVIDUAL|FIJO|200116560|1|0|1.0|INDIVIDUAL|FIJO|200116560|1|0|1.0|INDIVIDUAL|FIJO|200116560|1|0|1.0|INDIVIDUAL|FIJO|200116560|1|0|1.0|INDIVIDUAL|FIJO|200116560|1|0|1.0|INDIVIDUAL|FIJO|200116560|1|0|1.0|INDIVIDUAL|FIJO|200116560|1|0|1.0
47,INDIVIDUAL|FIJO|200116562|1|0|1.0|INDIVIDUAL|FIJO|200116562|1|0|1.0|INDIVIDUAL|FIJO|200116562|1|0|1.0|INDIVIDUAL|FIJO|200116562|1|0|1.0|INDIVIDUAL|FIJO|200116562|1|0|1.0|INDIVIDUAL|FIJO|200116562|1|0|1.0|INDIVIDUAL|FIJO|200116562|1|0|1.0|INDIVIDUAL|FIJO|200116562|1|0|1.0|INDIVIDUAL|FIJO|200116562|1|0|1.0|INDIVIDUAL|FIJO|200116562|1|0|1.0|INDIVIDUAL|FIJO|200116562|1|0|1.0|INDIVIDUAL|FIJO|200116562|1|0|1.0|INDIVIDUAL|FIJO|200116562|1|0|1.0
48,INDIVIDUAL|FIJO|200116561|1|0|1.0|INDIVIDUAL|FIJO|200116561|1|0|1.0|INDIVIDUAL|FIJO|200116561|1|0|1.0|INDIVIDUAL|FIJO|200116561|1|0|1.0|INDIVIDUAL|FIJO|200116561|1|0|1.0|INDIVIDUAL|FIJO|200116561|1|0|1.0|INDIVIDUAL|FIJO|200116561|1|0|1.0|INDIVIDUAL|FIJO|200116561|1|0|1.0|INDIVIDUAL|FIJO|200116561|1|0|1.0|INDIVIDUAL|FIJO|200116561|1|0|1.0|INDIVIDUAL|FIJO|200116561|1|0|1.0|INDIVIDUAL|FIJO|200116561|1|0|1.0|INDIVIDUAL|FIJO|200116561|1|0|1.0
49,INDIVIDUAL|FIJO|200043857|1|0|1.0|INDIVIDUAL|FIJO|200043857|1|0|1.0|INDIVIDUAL|FIJO|200043857|1|0|1.0|INDIVIDUAL|FIJO|200043857|1|0|1.0|INDIVIDUAL|FIJO|200043857|1|0|1.0|INDIVIDUAL|FIJO|200043857|1|0|1.0|INDIVIDUAL|FIJO|200043857|1|0|1.0|INDIVIDUAL|FIJO|200043857|1|0|1.0|INDIVIDUAL|FIJO|200043857|1|0|1.0|INDIVIDUAL|FIJO|200043857|1|0|1.0|INDIVIDUAL|FIJO|200043857|1|0|1.0|INDIVIDUAL|FIJO|200043857|1|0|1.0|INDIVIDUAL|FIJO|200043857|1|0|1.0|INDIVIDUAL|FIJO|200043857|1|0|1.0
50,INDIVIDUAL|FIJO|200106961|1|0|1.0|INDIVIDUAL|FIJO|200106961|1|0|1.0|INDIVIDUAL|FIJO|200106961|1|0|1.0|INDIVIDUAL|FIJO|200106961|1|0|1.0|INDIVIDUAL|FIJO|200106961|1|0|1.0|INDIVIDUAL|FIJO|200106961|1|0|1.0|INDIVIDUAL|FIJO|200106961|1|0|1.0|INDIVIDUAL|FIJO|200106961|1|0|1.0|INDIVIDUAL|FIJO|200106961|1|0|1.0|INDIVIDUAL|FIJO|200106961|1|0|1.0|INDIVIDUAL|FIJO|200106961|1|0|1.0
51,INDIVIDUAL|FIJO|200113419|1|0|1.0|INDIVIDUAL|FIJO|200113419|1|0|1.0|INDIVIDUAL|FIJO|200113419|1|0|1.0|INDIVIDUAL|FIJO|200113419|1|0|1.0|INDIVIDUAL|FIJO|200113419|1|0|1.0|INDIVIDUAL|FIJO|200113419|1|0|1.0|INDIVIDUAL|FIJO|200113419|1|0|1.0|INDIVIDUAL|FIJO|200113419|1|0|1.0|INDIVIDUAL|FIJO|200113419|1|0|1.0|INDIVIDUAL|FIJO|200113419|1|0|1.0|INDIVIDUAL|FIJO|200113419|1|0|1.0|INDIVIDUAL|FIJO|200113419|1|0|1.0|INDIVIDUAL|FIJO|200113419|1|0|1.0
52,INDIVIDUAL|FIJO|200113421|1|0|1.0|INDIVIDUAL|FIJO|200113421|1|0|1.0|INDIVIDUAL|FIJO|200113421|1|0|1.0|INDIVIDUAL|FIJO|200113421|1|0|1.0|INDIVIDUAL|FIJO|200113421|1|0|1.0|INDIVIDUAL|FIJO|200113421|1|0|1.0|INDIVIDUAL|FIJO|200113421|1|0|1.0|INDIVIDUAL|FIJO|200113421|1|0|1.0|INDIVIDUAL|FIJO|200113421|1|0|1.0|INDIVIDUAL|FIJO|200113421|1|0|1.0|INDIVIDUAL|FIJO|200113421|1|0|1.0|INDIVIDUAL|FIJO|200113421|1|0|1.0|INDIVIDUAL|FIJO|200113421|1|0|1.0
53,INDIVIDUAL|FIJO|200116549|1|0|1.0|INDIVIDUAL|FIJO|200116549|1|0|1.0|INDIVIDUAL|FIJO|200116549|1|0|1.0|INDIVIDUAL|FIJO|200116549|1|0|1.0|INDIVIDUAL|FIJO|200116549|1|0|1.0|INDIVIDUAL|FIJO|200116549|1|0|1.0|INDIVIDUAL|FIJO|200116549|1|0|1.0|INDIVIDUAL|FIJO|200116549|1|0|1.0|INDIVIDUAL|FIJO|200116549|1|0|1.0|INDIVIDUAL|FIJO|200116549|1|0|1.0|INDIVIDUAL|FIJO|200116549|1|0|1.0|INDIVIDUAL|FIJO|200116549|1|0|1.0|INDIVIDUAL|FIJO|200116549|1|0|1.0
54,INDIVIDUAL|FIJO|200072507|1|0|1.0|INDIVIDUAL|FIJO|200072507|1|0|1.0|INDIVIDUAL|FIJO|200072507|1|0|1.0|INDIVIDUAL|FIJO|200072507|1|0|1.0|INDIVIDUAL|FIJO|200072507|1|0|1.0|INDIVIDUAL|FIJO|200072507|1|0|1.0|INDIVIDUAL|FIJO|200072507|1|0|1.0|INDIVIDUAL|FIJO|200072507|1|0|1.0|INDIVIDUAL|FIJO|200072507|1|0|1.0|INDIVIDUAL|FIJO|200072507|1|0|1.0|INDIVIDUAL|FIJO|200072507|1|0|1.0|INDIVIDUAL|FIJO|200072507|1|0|1.0|INDIVIDUAL|FIJO|200072507|1|0|1.0
55,INDIVIDUAL|FIJO|200053740|1|0|1.0|INDIVIDUAL|FIJO|200053740|1|0|1.0|INDIVIDUAL|FIJO|200053740|1|0|1.0|INDIVIDUAL|FIJO|200053740|1|0|1.0|INDIVIDUAL|FIJO|200053740|1|0|1.0|INDIVIDUAL|FIJO|200053740|1|0|1.0|INDIVIDUAL|FIJO|200053740|1|0|1.0|INDIVIDUAL|FIJO|200053740|1|0|1.0|INDIVIDUAL|FIJO|200053740|1|0|1.0|INDIVIDUAL|FIJO|200053740|1|0|1.0|INDIVIDUAL|FIJO|200053740|1|0|1.0|INDIVIDUAL|FIJO|200053740|1|0|1.0|INDIVIDUAL|FIJO|200053740|1|0|1.0
56,INDIVIDUAL|FIJO|P0260154002|1|0|1.0|INDIVIDUAL|FIJO|P0260154002|1|0|1.0|INDIVIDUAL|FIJO|P0260154002|1|0|1.0|INDIVIDUAL|FIJO|P0260154002|1|0|1.0|INDIVIDUAL|FIJO|P0260154002|1|0|1.0|INDIVIDUAL|FIJO|P0260154002|1|0|1.0|INDIVIDUAL|FIJO|P0260154002|1|0|1.0|INDIVIDUAL|FIJO|P0260154002|1|0|1.0|INDIVIDUAL|FIJO|P0260154002|1|0|1.0|INDIVIDUAL|FIJO|P0260154002|1|0|1.0|INDIVIDUAL|FIJO|P0260154002|1|0|1.0
57,INDIVIDUAL|FIJO|P0279060007|1|0|1.0|INDIVIDUAL|FIJO|P0279060007|1|0|1.0|INDIVIDUAL|FIJO|P0279060007|1|0|1.0|INDIVIDUAL|FIJO|P0279060007|1|0|1.0|INDIVIDUAL|FIJO|P0279060007|1|0|1.0|INDIVIDUAL|FIJO|P0279060007|1|0|1.0|INDIVIDUAL|FIJO|P0279060007|1|0|1.0|INDIVIDUAL|FIJO|P0279060007|1|0|1.0|INDIVIDUAL|FIJO|P0279060007|1|0|1.0|INDIVIDUAL|FIJO|P0279060007|1|0|1.0|INDIVIDUAL|FIJO|P0279060007|1|0|1.0|INDIVIDUAL|FIJO|P0279060007|1|0|1.0|INDIVIDUAL|FIJO|P0279060007|1|0|1.0
58,INDIVIDUAL|FIJO|P0279086000|1|0|1.0|INDIVIDUAL|FIJO|P0279086000|1|0|1.0|INDIVIDUAL|FIJO|P0279086000|1|0|1.0|INDIVIDUAL|FIJO|P0279086000|1|0|1.0|INDIVIDUAL|FIJO|P0279086000|1|0|1.0|INDIVIDUAL|FIJO|P0279086000|1|0|1.0|INDIVIDUAL|FIJO|P0279086000|1|0|1.0|INDIVIDUAL|FIJO|P0279086000|1|0|1.0|INDIVIDUAL|FIJO|P0279086000|1|0|1.0|INDIVIDUAL|FIJO|P0279086000|1|0|1.0|INDIVIDUAL|FIJO|P0279086000|1|0|1.0|INDIVIDUAL|FIJO|P0279086000|1|0|1.0|INDIVIDUAL|FIJO|P0279086000|1|0|1.0|INDIVIDUAL|FIJO|P0279086000|1|0|1.0|INDIVIDUAL|FIJO|P0279086000|1|0|1.0
59,INDIVIDUAL|FIJO|200051088|1|0|1.0|INDIVIDUAL|FIJO|200051088|1|0|1.0|INDIVIDUAL|FIJO|200051088|1|0|1.0|INDIVIDUAL|FIJO|200051088|1|0|1.0|INDIVIDUAL|FIJO|200051088|1|0|1.0|INDIVIDUAL|FIJO|200051088|1|0|1.0|INDIVIDUAL|FIJO|200051088|1|0|1.0|INDIVIDUAL|FIJO|200051088|1|0|1.0|INDIVIDUAL|FIJO|200051088|1|0|1.0|INDIVIDUAL|FIJO|200051088|1|0|1.0|INDIVIDUAL|FIJO|200051088|1|0|1.0|INDIVIDUAL|FIJO|200051088|1|0|1.0
60,INDIVIDUAL|FIJO|200051088|1|0|1.0|INDIVIDUAL|FIJO|200051088|1|0|1.0|INDIVIDUAL|FIJO|200051088|1|0|1.0|INDIVIDUAL|FIJO|200051088|1|0|1.0|INDIVIDUAL|FIJO|200051088|1|0|1.0|INDIVIDUAL|FIJO|200051088|1|0|1.0|INDIVIDUAL|FIJO|200051088|1|0|1.0|INDIVIDUAL|FIJO|200051088|1|0|1.0|INDIVIDUAL|FIJO|200051088|1|0|1.0|INDIVIDUAL|FIJO|200051088|1|0|1.0|INDIVIDUAL|FIJO|200051088|1|0|1.0|INDIVIDUAL|FIJO|200051088|1|0|1.0
61,INDIVIDUAL|FIJO|200080229|1|0|1.0|INDIVIDUAL|FIJO|200080229|1|0|1.0|INDIVIDUAL|FIJO|200080229|1|0|1.0|INDIVIDUAL|FIJO|200080229|1|0|1.0|INDIVIDUAL|FIJO|200080229|1|0|1.0|INDIVIDUAL|FIJO|200080229|1|0|1.0|INDIVIDUAL|FIJO|200080229|1|0|1.0|INDIVIDUAL|FIJO|200080229|1|0|1.0|INDIVIDUAL|FIJO|200080229|1|0|1.0|INDIVIDUAL|FIJO|200080229|1|0|1.0|INDIVIDUAL|FIJO|200080229|1|0|1.0|INDIVIDUAL|FIJO|200080229|1|0|1.0|INDIVIDUAL|FIJO|200080229|1|0|1.0
62,INDIVIDUAL|FIJO|210066158|1|0|1.0|INDIVIDUAL|FIJO|210066158|1|0|1.0|INDIVIDUAL|FIJO|210066158|1|0|1.0|INDIVIDUAL|FIJO|210066158|1|0|1.0|INDIVIDUAL|FIJO|210066158|1|0|1.0|INDIVIDUAL|FIJO|210066158|1|0|1.0|INDIVIDUAL|FIJO|210066158|1|0|1.0|INDIVIDUAL|FIJO|210066158|1|0|1.0|INDIVIDUAL|FIJO|210066158|1|0|1.0|INDIVIDUAL|FIJO|210066158|1|0|1.0|INDIVIDUAL|FIJO|210066158|1|0|1.0|INDIVIDUAL|FIJO|210066158|1|0|1.0
63,INDIVIDUAL|FIJO|200072404|1|0|1.0|INDIVIDUAL|FIJO|200072404|1|0|1.0|INDIVIDUAL|FIJO|200072404|1|0|1.0|INDIVIDUAL|FIJO|200072404|1|0|1.0|INDIVIDUAL|FIJO|200072404|1|0|1.0|INDIVIDUAL|FIJO|200072404|1|0|1.0|INDIVIDUAL|FIJO|200072404|1|0|1.0|INDIVIDUAL|FIJO|200072404|1|0|1.0|INDIVIDUAL|FIJO|200072404|1|0|1.0|INDIVIDUAL|FIJO|200072404|1|0|1.0|INDIVIDUAL|FIJO|200072404|1|0|1.0|INDIVIDUAL|FIJO|200072404|1|0|1.0
64,INDIVIDUAL|FIJO|200110122|1|0|1.0|INDIVIDUAL|FIJO|200110122|1|0|1.0|INDIVIDUAL|FIJO|200110122|1|0|1.0|INDIVIDUAL|FIJO|200110122|1|0|1.0|INDIVIDUAL|FIJO|200110122|1|0|1.0|INDIVIDUAL|FIJO|200110122|1|0|1.0|INDIVIDUAL|FIJO|200110122|1|0|1.0|INDIVIDUAL|FIJO|200110122|1|0|1.0|INDIVIDUAL|FIJO|200110122|1|0|1.0|INDIVIDUAL|FIJO|200110122|1|0|1.0|INDIVIDUAL|FIJO|200110122|1|0|1.0|INDIVIDUAL|FIJO|200110122|1|0|1.0|INDIVIDUAL|FIJO|200110122|1|0|1.0
65,INDIVIDUAL|FIJO|200110090|1|0|1.0|INDIVIDUAL|FIJO|200110090|1|0|1.0|INDIVIDUAL|FIJO|200110090|1|0|1.0|INDIVIDUAL|FIJO|200110090|1|0|1.0|INDIVIDUAL|FIJO|200110090|1|0|1.0|INDIVIDUAL|FIJO|200110090|1|0|1.0|INDIVIDUAL|FIJO|200110090|1|0|1.0|INDIVIDUAL|FIJO|200110090|1|0|1.0|INDIVIDUAL|FIJO|200110090|1|0|1.0|INDIVIDUAL|FIJO|200110090|1|0|1.0|INDIVIDUAL|FIJO|200110090|1|0|1.0|INDIVIDUAL|FIJO|200110090|1|0|1.0|INDIVIDUAL|FIJO|200110090|1|0|1.0
66,INDIVIDUAL|FIJO|200110089|1|0|1.0|INDIVIDUAL|FIJO|200110089|1|0|1.0|INDIVIDUAL|FIJO|200110089|1|0|1.0|INDIVIDUAL|FIJO|200110089|1|0|1.0|INDIVIDUAL|FIJO|200110089|1|0|1.0|INDIVIDUAL|FIJO|200110089|1|0|1.0|INDIVIDUAL|FIJO|200110089|1|0|1.0|INDIVIDUAL|FIJO|200110089|1|0|1.0|INDIVIDUAL|FIJO|200110089|1|0|1.0|INDIVIDUAL|FIJO|200110089|1|0|1.0|INDIVIDUAL|FIJO|200110089|1|0|1.0|INDIVIDUAL|FIJO|200110089|1|0|1.0|INDIVIDUAL|FIJO|200110089|1|0|1.0
67,INDIVIDUAL|FIJO|200107825|1|0|1.0|INDIVIDUAL|FIJO|200107825|1|0|1.0|INDIVIDUAL|FIJO|200107825|1|0|1.0|INDIVIDUAL|FIJO|200107825|1|0|1.0|INDIVIDUAL|FIJO|200107825|1|0|1.0|INDIVIDUAL|FIJO|200107825|1|0|1.0|INDIVIDUAL|FIJO|200107825|1|0|1.0|INDIVIDUAL|FIJO|200107825|1|0|1.0|INDIVIDUAL|FIJO|200107825|1|0|1.0|INDIVIDUAL|FIJO|200107825|1|0|1.0|INDIVIDUAL|FIJO|200107825|1|0|1.0|INDIVIDUAL|FIJO|200107825|1|0|1.0|INDIVIDUAL|FIJO|200107825|1|0|1.0
68,INDIVIDUAL|FIJO|200107824|1|0|1.0|INDIVIDUAL|FIJO|200107824|1|0|1.0|INDIVIDUAL|FIJO|200107824|1|0|1.0|INDIVIDUAL|FIJO|200107824|1|0|1.0|INDIVIDUAL|FIJO|200107824|1|0|1.0|INDIVIDUAL|FIJO|200107824|1|0|1.0|INDIVIDUAL|FIJO|200107824|1|0|1.0|INDIVIDUAL|FIJO|200107824|1|0|1.0|INDIVIDUAL|FIJO|200107824|1|0|1.0|INDIVIDUAL|FIJO|200107824|1|0|1.0|INDIVIDUAL|FIJO|200107824|1|0|1.0|INDIVIDUAL|FIJO|200107824|1|0|1.0|INDIVIDUAL|FIJO|200107824|1|0|1.0
69,INDIVIDUAL|FIJO|200107828|1|0|1.0|INDIVIDUAL|FIJO|200107828|1|0|1.0|INDIVIDUAL|FIJO|200107828|1|0|1.0|INDIVIDUAL|FIJO|200107828|1|0|1.0|INDIVIDUAL|FIJO|200107828|1|0|1.0|INDIVIDUAL|FIJO|200107828|1|0|1.0|INDIVIDUAL|FIJO|200107828|1|0|1.0|INDIVIDUAL|FIJO|200107828|1|0|1.0|INDIVIDUAL|FIJO|200107828|1|0|1.0|INDIVIDUAL|FIJO|200107828|1|0|1.0|INDIVIDUAL|FIJO|200107828|1|0|1.0|INDIVIDUAL|FIJO|200107828|1|0|1.0|INDIVIDUAL|FIJO|200107828|1|0|1.0
70,INDIVIDUAL|FIJO|200107822|1|0|1.0|INDIVIDUAL|FIJO|200107822|1|0|1.0|INDIVIDUAL|FIJO|200107822|1|0|1.0|INDIVIDUAL|FIJO|200107822|1|0|1.0|INDIVIDUAL|FIJO|200107822|1|0|1.0|INDIVIDUAL|FIJO|200107822|1|0|1.0|INDIVIDUAL|FIJO|200107822|1|0|1.0|INDIVIDUAL|FIJO|200107822|1|0|1.0|INDIVIDUAL|FIJO|200107822|1|0|1.0|INDIVIDUAL|FIJO|200107822|1|0|1.0|INDIVIDUAL|FIJO|200107822|1|0|1.0|INDIVIDUAL|FIJO|200107822|1|0|1.0|INDIVIDUAL|FIJO|200107822|1|0|1.0
71,INDIVIDUAL|FIJO|200110088|1|0|1.0|INDIVIDUAL|FIJO|200110088|1|0|1.0|INDIVIDUAL|FIJO|200110088|1|0|1.0|INDIVIDUAL|FIJO|200110088|1|0|1.0|INDIVIDUAL|FIJO|200110088|1|0|1.0|INDIVIDUAL|FIJO|200110088|1|0|1.0|INDIVIDUAL|FIJO|200110088|1|0|1.0|INDIVIDUAL|FIJO|200110088|1|0|1.0|INDIVIDUAL|FIJO|200110088|1|0|1.0|INDIVIDUAL|FIJO|200110088|1|0|1.0|INDIVIDUAL|FIJO|200110088|1|0|1.0|INDIVIDUAL|FIJO|200110088|1|0|1.0|INDIVIDUAL|FIJO|200110088|1|0|1.0
72,INDIVIDUAL|FIJO|200107827|1|0|1.0|INDIVIDUAL|FIJO|200107827|1|0|1.0|INDIVIDUAL|FIJO|200107827|1|0|1.0|INDIVIDUAL|FIJO|200107827|1|0|1.0|INDIVIDUAL|FIJO|200107827|1|0|1.0|INDIVIDUAL|FIJO|200107827|1|0|1.0|INDIVIDUAL|FIJO|200107827|1|0|1.0|INDIVIDUAL|FIJO|200107827|1|0|1.0|INDIVIDUAL|FIJO|200107827|1|0|1.0|INDIVIDUAL|FIJO|200107827|1|0|1.0|INDIVIDUAL|FIJO|200107827|1|0|1.0|INDIVIDUAL|FIJO|200107827|1|0|1.0|INDIVIDUAL|FIJO|200107827|1|0|1.0
73,INDIVIDUAL|FIJO|200110113|1|0|1.0|INDIVIDUAL|FIJO|200110113|1|0|1.0|INDIVIDUAL|FIJO|200110113|1|0|1.0|INDIVIDUAL|FIJO|200110113|1|0|1.0|INDIVIDUAL|FIJO|200110113|1|0|1.0|INDIVIDUAL|FIJO|200110113|1|0|1.0|INDIVIDUAL|FIJO|200110113|1|0|1.0|INDIVIDUAL|FIJO|200110113|1|0|1.0|INDIVIDUAL|FIJO|200110113|1|0|1.0|INDIVIDUAL|FIJO|200110113|1|0|1.0|INDIVIDUAL|FIJO|200110113|1|0|1.0|INDIVIDUAL|FIJO|200110113|1|0|1.0|INDIVIDUAL|FIJO|200110113|1|0|1.0
74,INDIVIDUAL|FIJO|200110112|1|0|1.0|INDIVIDUAL|FIJO|200110112|1|0|1.0|INDIVIDUAL|FIJO|200110112|1|0|1.0|INDIVIDUAL|FIJO|200110112|1|0|1.0|INDIVIDUAL|FIJO|200110112|1|0|1.0|INDIVIDUAL|FIJO|200110112|1|0|1.0|INDIVIDUAL|FIJO|200110112|1|0|1.0|INDIVIDUAL|FIJO|200110112|1|0|1.0|INDIVIDUAL|FIJO|200110112|1|0|1.0|INDIVIDUAL|FIJO|200110112|1|0|1.0|INDIVIDUAL|FIJO|200110112|1|0|1.0|INDIVIDUAL|FIJO|200110112|1|0|1.0|INDIVIDUAL|FIJO|200110112|1|0|1.0
75,INDIVIDUAL|FIJO|200107823|1|0|1.0|INDIVIDUAL|FIJO|200107823|1|0|1.0|INDIVIDUAL|FIJO|200107823|1|0|1.0|INDIVIDUAL|FIJO|200107823|1|0|1.0|INDIVIDUAL|FIJO|200107823|1|0|1.0|INDIVIDUAL|FIJO|200107823|1|0|1.0|INDIVIDUAL|FIJO|200107823|1|0|1.0|INDIVIDUAL|FIJO|200107823|1|0|1.0|INDIVIDUAL|FIJO|200107823|1|0|1.0|INDIVIDUAL|FIJO|200107823|1|0|1.0|INDIVIDUAL|FIJO|200107823|1|0|1.0|INDIVIDUAL|FIJO|200107823|1|0|1.0|INDIVIDUAL|FIJO|200107823|1|0|1.0
76,INDIVIDUAL|FIJO|200098878|1|0|1.0|INDIVIDUAL|FIJO|200098878|1|0|1.0|INDIVIDUAL|FIJO|200098878|1|0|1.0|INDIVIDUAL|FIJO|200098878|1|0|1.0|INDIVIDUAL|FIJO|200098878|1|0|1.0|INDIVIDUAL|FIJO|200098878|1|0|1.0|INDIVIDUAL|FIJO|200098878|1|0|1.0|INDIVIDUAL|FIJO|200098878|1|0|1.0|INDIVIDUAL|FIJO|200098878|1|0|1.0|INDIVIDUAL|FIJO|200098878|1|0|1.0|INDIVIDUAL|FIJO|200098878|1|0|1.0|INDIVIDUAL|FIJO|200098878|1|0|1.0
77,INDIVIDUAL|FIJO|200103963|1|0|1.0|INDIVIDUAL|FIJO|200103963|1|0|1.0|INDIVIDUAL|FIJO|200103963|1|0|1.0|INDIVIDUAL|FIJO|200103963|1|0|1.0|INDIVIDUAL|FIJO|200103963|1|0|1.0|INDIVIDUAL|FIJO|200103963|1|0|1.0|INDIVIDUAL|FIJO|200103963|1|0|1.0|INDIVIDUAL|FIJO|200103963|1|0|1.0|INDIVIDUAL|FIJO|200103963|1|0|1.0|INDIVIDUAL|FIJO|200103963|1|0|1.0|INDIVIDUAL|FIJO|200103963|1|0|1.0|INDIVIDUAL|FIJO|200103963|1|0|1.0
78,INDIVIDUAL|FIJO|210097089|1|0|1.0|INDIVIDUAL|FIJO|210097089|1|0|1.0|INDIVIDUAL|FIJO|210097089|1|0|1.0|INDIVIDUAL|FIJO|210097089|1|0|1.0|INDIVIDUAL|FIJO|210097089|1|0|1.0|INDIVIDUAL|FIJO|210097089|1|0|1.0|INDIVIDUAL|FIJO|210097089|1|0|1.0|INDIVIDUAL|FIJO|210097089|1|0|1.0|INDIVIDUAL|FIJO|210097089|1|0|1.0|INDIVIDUAL|FIJO|210097089|1|0|1.0|INDIVIDUAL|FIJO|210097089|1|0|1.0|INDIVIDUAL|FIJO|210097089|1|0|1.0|INDIVIDUAL|FIJO|210097089|1|0|1.0
79,INDIVIDUAL|FIJO|200092164|1|0|1.0|INDIVIDUAL|FIJO|200092164|1|0|1.0|INDIVIDUAL|FIJO|200092164|1|0|1.0|INDIVIDUAL|FIJO|200092164|1|0|1.0|INDIVIDUAL|FIJO|200092164|1|0|1.0|INDIVIDUAL|FIJO|200092164|1|0|1.0|INDIVIDUAL|FIJO|200092164|1|0|1.0|INDIVIDUAL|FIJO|200092164|1|0|1.0|INDIVIDUAL|FIJO|200092164|1|0|1.0|INDIVIDUAL|FIJO|200092164|1|0|1.0|INDIVIDUAL|FIJO|200092164|1|0|1.0|INDIVIDUAL|FIJO|200092164|1|0|1.0
80,INDIVIDUAL|FIJO|210097030|1|0|1.0|INDIVIDUAL|FIJO|210097030|1|0|1.0|INDIVIDUAL|FIJO|210097030|1|0|1.0|INDIVIDUAL|FIJO|210097030|1|0|1.0|INDIVIDUAL|FIJO|210097030|1|0|1.0|INDIVIDUAL|FIJO|210097030|1|0|1.0|INDIVIDUAL|FIJO|210097030|1|0|1.0|INDIVIDUAL|FIJO|210097030|1|0|1.0|INDIVIDUAL|FIJO|210097030|1|0|1.0|INDIVIDUAL|FIJO|210097030|1|0|1.0|INDIVIDUAL|FIJO|210097030|1|0|1.0
81,INDIVIDUAL|FIJO|200103962|1|0|1.0|INDIVIDUAL|FIJO|200103962|1|0|1.0|INDIVIDUAL|FIJO|200103962|1|0|1.0|INDIVIDUAL|FIJO|200103962|1|0|1.0|INDIVIDUAL|FIJO|200103962|1|0|1.0|INDIVIDUAL|FIJO|200103962|1|0|1.0|INDIVIDUAL|FIJO|200103962|1|0|1.0|INDIVIDUAL|FIJO|200103962|1|0|1.0|INDIVIDUAL|FIJO|200103962|1|0|1.0|INDIVIDUAL|FIJO|200103962|1|0|1.0|INDIVIDUAL|FIJO|200103962|1|0|1.0|INDIVIDUAL|FIJO|200103962|1|0|1.0
82,INDIVIDUAL|FIJO|200116558|1|0|1.0|INDIVIDUAL|FIJO|200116558|1|0|1.0|INDIVIDUAL|FIJO|200116558|1|0|1.0|INDIVIDUAL|FIJO|200116558|1|0|1.0|INDIVIDUAL|FIJO|200116558|1|0|1.0|INDIVIDUAL|FIJO|200116558|1|0|1.0|INDIVIDUAL|FIJO|200116558|1|0|1.0|INDIVIDUAL|FIJO|200116558|1|0|1.0|INDIVIDUAL|FIJO|200116558|1|0|1.0|INDIVIDUAL|FIJO|200116558|1|0|1.0|INDIVIDUAL|FIJO|200116558|1|0|1.0|INDIVIDUAL|FIJO|200116558|1|0|1.0|INDIVIDUAL|FIJO|200116558|1|0|1.0
83,INDIVIDUAL|FIJO|200116555|1|0|1.0|INDIVIDUAL|FIJO|200116555|1|0|1.0|INDIVIDUAL|FIJO|200116555|1|0|1.0|INDIVIDUAL|FIJO|200116555|1|0|1.0|INDIVIDUAL|FIJO|200116555|1|0|1.0|INDIVIDUAL|FIJO|200116555|1|0|1.0|INDIVIDUAL|FIJO|200116555|1|0|1.0|INDIVIDUAL|FIJO|200116555|1|0|1.0|INDIVIDUAL|FIJO|200116555|1|0|1.0|INDIVIDUAL|FIJO|200116555|1|0|1.0|INDIVIDUAL|FIJO|200116555|1|0|1.0|INDIVIDUAL|FIJO|200116555|1|0|1.0|INDIVIDUAL|FIJO|200116555|1|0|1.0
84,INDIVIDUAL|FIJO|200082480|1|0|1.0|INDIVIDUAL|FIJO|200082480|1|0|1.0|INDIVIDUAL|FIJO|200082480|1|0|1.0|INDIVIDUAL|FIJO|200082480|1|0|1.0|INDIVIDUAL|FIJO|200082480|1|0|1.0|INDIVIDUAL|FIJO|200082480|1|0|1.0|INDIVIDUAL|FIJO|200082480|1|0|1.0|INDIVIDUAL|FIJO|200082480|1|0|1.0|INDIVIDUAL|FIJO|200082480|1|0|1.0|INDIVIDUAL|FIJO|200082480|1|0|1.0|INDIVIDUAL|FIJO|200082480|1|0|1.0|INDIVIDUAL|FIJO|200082480|1|0|1.0|INDIVIDUAL|FIJO|200082480|1|0|1.0
85,INDIVIDUAL|FIJO|200051254|1|0|1.0|INDIVIDUAL|FIJO|200051254|1|0|1.0|INDIVIDUAL|FIJO|200051254|1|0|1.0|INDIVIDUAL|FIJO|200051254|1|0|1.0|INDIVIDUAL|FIJO|200051254|1|0|1.0|INDIVIDUAL|FIJO|200051254|1|0|1.0|INDIVIDUAL|FIJO|200051254|1|0|1.0|INDIVIDUAL|FIJO|200051254|1|0|1.0|INDIVIDUAL|FIJO|200051254|1|0|1.0|INDIVIDUAL|FIJO|200051254|1|0|1.0|INDIVIDUAL|FIJO|200051254|1|0|1.0|INDIVIDUAL|FIJO|200051254|1|0|1.0|INDIVIDUAL|FIJO|200051254|1|0|1.0
86,INDIVIDUAL|FIJO|200051249|1|0|1.0|INDIVIDUAL|FIJO|200051249|1|0|1.0|INDIVIDUAL|FIJO|200051249|1|0|1.0|INDIVIDUAL|FIJO|200051249|1|0|1.0|INDIVIDUAL|FIJO|200051249|1|0|1.0|INDIVIDUAL|FIJO|200051249|1|0|1.0|INDIVIDUAL|FIJO|200051249|1|0|1.0|INDIVIDUAL|FIJO|200051249|1|0|1.0|INDIVIDUAL|FIJO|200051249|1|0|1.0|INDIVIDUAL|FIJO|200051249|1|0|1.0|INDIVIDUAL|FIJO|200051249|1|0|1.0|INDIVIDUAL|FIJO|200051249|1|0|1.0|INDIVIDUAL|FIJO|200051249|1|0|1.0
87,INDIVIDUAL|FIJO|200106354|1|0|1.0|INDIVIDUAL|FIJO|200106354|1|0|1.0|INDIVIDUAL|FIJO|200106354|1|0|1.0|INDIVIDUAL|FIJO|200106354|1|0|1.0|INDIVIDUAL|FIJO|200106354|1|0|1.0|INDIVIDUAL|FIJO|200106354|1|0|1.0|INDIVIDUAL|FIJO|200106354|1|0|1.0|INDIVIDUAL|FIJO|200106354|1|0|1.0|INDIVIDUAL|FIJO|200106354|1|0|1.0|INDIVIDUAL|FIJO|200106354|1|0|1.0|INDIVIDUAL|FIJO|200106354|1|0|1.0|INDIVIDUAL|FIJO|200106354|1|0|1.0|INDIVIDUAL|FIJO|200106354|1|0|1.0
88,INDIVIDUAL|FIJO|200107663|1|0|1.0|INDIVIDUAL|FIJO|200107663|1|0|1.0|INDIVIDUAL|FIJO|200107663|1|0|1.0|INDIVIDUAL|FIJO|200107663|1|0|1.0|INDIVIDUAL|FIJO|200107663|1|0|1.0|INDIVIDUAL|FIJO|200107663|1|0|1.0|INDIVIDUAL|FIJO|200107663|1|0|1.0|INDIVIDUAL|FIJO|200107663|1|0|1.0|INDIVIDUAL|FIJO|200107663|1|0|1.0|INDIVIDUAL|FIJO|200107663|1|0|1.0|INDIVIDUAL|FIJO|200107663|1|0|1.0|INDIVIDUAL|FIJO|200107663|1|0|1.0|INDIVIDUAL|FIJO|200107663|1|0|1.0
89,INDIVIDUAL|FIJO|200105335|1|0|1.0|INDIVIDUAL|FIJO|200105335|1|0|1.0|INDIVIDUAL|FIJO|200105335|1|0|1.0|INDIVIDUAL|FIJO|200105335|1|0|1.0|INDIVIDUAL|FIJO|200105335|1|0|1.0|INDIVIDUAL|FIJO|200105335|1|0|1.0|INDIVIDUAL|FIJO|200105335|1|0|1.0|INDIVIDUAL|FIJO|200105335|1|0|1.0|INDIVIDUAL|FIJO|200105335|1|0|1.0|INDIVIDUAL|FIJO|200105335|1|0|1.0|INDIVIDUAL|FIJO|200105335|1|0|1.0|INDIVIDUAL|FIJO|200105335|1|0|1.0|INDIVIDUAL|FIJO|200105335|1|0|1.0
90,INDIVIDUAL|FIJO|200088458|1|0|1.0|INDIVIDUAL|FIJO|200088458|1|0|1.0|INDIVIDUAL|FIJO|200088458|1|0|1.0|INDIVIDUAL|FIJO|200088458|1|0|1.0|INDIVIDUAL|FIJO|200088458|1|0|1.0|INDIVIDUAL|FIJO|200088458|1|0|1.0|INDIVIDUAL|FIJO|200088458|1|0|1.0|INDIVIDUAL|FIJO|200088458|1|0|1.0|INDIVIDUAL|FIJO|200088458|1|0|1.0|INDIVIDUAL|FIJO|200088458|1|0|1.0|INDIVIDUAL|FIJO|200088458|1|0|1.0|INDIVIDUAL|FIJO|200088458|1|0|1.0|INDIVIDUAL|FIJO|200088458|1|0|1.0
91,INDIVIDUAL|FIJO|200111318|1|0|1.0|INDIVIDUAL|FIJO|200111318|1|0|1.0|INDIVIDUAL|FIJO|200111318|1|0|1.0|INDIVIDUAL|FIJO|200111318|1|0|1.0|INDIVIDUAL|FIJO|200111318|1|0|1.0|INDIVIDUAL|FIJO|200111318|1|0|1.0|INDIVIDUAL|FIJO|200111318|1|0|1.0|INDIVIDUAL|FIJO|200111318|1|0|1.0|INDIVIDUAL|FIJO|200111318|1|0|1.0|INDIVIDUAL|FIJO|200111318|1|0|1.0|INDIVIDUAL|FIJO|200111318|1|0|1.0|INDIVIDUAL|FIJO|200111318|1|0|1.0|INDIVIDUAL|FIJO|200111318|1|0|1.0
92,INDIVIDUAL|FIJO|200113787|1|0|1.0|INDIVIDUAL|FIJO|200113787|1|0|1.0|INDIVIDUAL|FIJO|200113787|1|0|1.0|INDIVIDUAL|FIJO|200113787|1|0|1.0|INDIVIDUAL|FIJO|200113787|1|0|1.0|INDIVIDUAL|FIJO|200113787|1|0|1.0|INDIVIDUAL|FIJO|200113787|1|0|1.0|INDIVIDUAL|FIJO|200113787|1|0|1.0|INDIVIDUAL|FIJO|200113787|1|0|1.0|INDIVIDUAL|FIJO|200113787|1|0|1.0|INDIVIDUAL|FIJO|200113787|1|0|1.0|INDIVIDUAL|FIJO|200113787|1|0|1.0|INDIVIDUAL|FIJO|200113787|1|0|1.0
93,INDIVIDUAL|FIJO|200051255|1|0|1.0|INDIVIDUAL|FIJO|200051255|1|0|1.0|INDIVIDUAL|FIJO|200051255|1|0|1.0|INDIVIDUAL|FIJO|200051255|1|0|1.0|INDIVIDUAL|FIJO|200051255|1|0|1.0|INDIVIDUAL|FIJO|200051255|1|0|1.0|INDIVIDUAL|FIJO|200051255|1|0|1.0|INDIVIDUAL|FIJO|200051255|1|0|1.0|INDIVIDUAL|FIJO|200051255|1|0|1.0|INDIVIDUAL|FIJO|200051255|1|0|1.0|INDIVIDUAL|FIJO|200051255|1|0|1.0|INDIVIDUAL|FIJO|200051255|1|0|1.0|INDIVIDUAL|FIJO|200051255|1|0|1.0|INDIVIDUAL|FIJO|200051255|1|0|1.0
94,INDIVIDUAL|FIJO|200099198|1|0|1.0|INDIVIDUAL|FIJO|200099198|1|0|1.0|INDIVIDUAL|FIJO|200099198|1|0|1.0|INDIVIDUAL|FIJO|200099198|1|0|1.0|INDIVIDUAL|FIJO|200099198|1|0|1.0|INDIVIDUAL|FIJO|200099198|1|0|1.0|INDIVIDUAL|FIJO|200099198|1|0|1.0|INDIVIDUAL|FIJO|200099198|1|0|1.0|INDIVIDUAL|FIJO|200099198|1|0|1.0|INDIVIDUAL|FIJO|200099198|1|0|1.0|INDIVIDUAL|FIJO|200099198|1|0|1.0|INDIVIDUAL|FIJO|200099198|1|0|1.0|INDIVIDUAL|FIJO|200099198|1|0|1.0|INDIVIDUAL|FIJO|200099198|1|0|1.0
95,INDIVIDUAL|FIJO|200051243|1|0|1.0|INDIVIDUAL|FIJO|200051243|1|0|1.0|INDIVIDUAL|FIJO|200051243|1|0|1.0|INDIVIDUAL|FIJO|200051243|1|0|1.0|INDIVIDUAL|FIJO|200051243|1|0|1.0|INDIVIDUAL|FIJO|200051243|1|0|1.0|INDIVIDUAL|FIJO|200051243|1|0|1.0|INDIVIDUAL|FIJO|200051243|1|0|1.0|INDIVIDUAL|FIJO|200051243|1|0|1.0|INDIVIDUAL|FIJO|200051243|1|0|1.0|INDIVIDUAL|FIJO|200051243|1|0|1.0|INDIVIDUAL|FIJO|200051243|1|0|1.0|INDIVIDUAL|FIJO|200051243|1|0|1.0|INDIVIDUAL|FIJO|200051243|1|0|1.0
96,INDIVIDUAL|FIJO|200082974|1|0|1.0|INDIVIDUAL|FIJO|200082974|1|0|1.0|INDIVIDUAL|FIJO|200082974|1|0|1.0|INDIVIDUAL|FIJO|200082974|1|0|1.0|INDIVIDUAL|FIJO|200082974|1|0|1.0|INDIVIDUAL|FIJO|200082974|1|0|1.0|INDIVIDUAL|FIJO|200082974|1|0|1.0|INDIVIDUAL|FIJO|200082974|1|0|1.0|INDIVIDUAL|FIJO|200082974|1|0|1.0|INDIVIDUAL|FIJO|200082974|1|0|1.0|INDIVIDUAL|FIJO|200082974|1|0|1.0|INDIVIDUAL|FIJO|200082974|1|0|1.0|INDIVIDUAL|FIJO|200082974|1|0|1.0|INDIVIDUAL|FIJO|200082974|1|0|1.0|INDIVIDUAL|FIJO|200082974|1|0|1.0
97,INDIVIDUAL|FIJO|200115817|1|0|1.0|INDIVIDUAL|FIJO|200115817|1|0|1.0|INDIVIDUAL|FIJO|200115817|1|0|1.0|INDIVIDUAL|FIJO|200115817|1|0|1.0|INDIVIDUAL|FIJO|200115817|1|0|1.0|INDIVIDUAL|FIJO|200115817|1|0|1.0|INDIVIDUAL|FIJO|200115817|1|0|1.0|INDIVIDUAL|FIJO|200115817|1|0|1.0|INDIVIDUAL|FIJO|200115817|1|0|1.0|INDIVIDUAL|FIJO|200115817|1|0|1.0|INDIVIDUAL|FIJO|200115817|1|0|1.0|INDIVIDUAL|FIJO|200115817|1|0|1.0|INDIVIDUAL|FIJO|200115817|1|0|1.0
98,INDIVIDUAL|FIJO|200118180|1|0|1.0|INDIVIDUAL|FIJO|200118180|1|0|1.0|INDIVIDUAL|FIJO|200118180|1|0|1.0|INDIVIDUAL|FIJO|200118180|1|0|1.0|INDIVIDUAL|FIJO|200118180|1|0|1.0|INDIVIDUAL|FIJO|200118180|1|0|1.0|INDIVIDUAL|FIJO|200118180|1|0|1.0|INDIVIDUAL|FIJO|200118180|1|0|1.0|INDIVIDUAL|FIJO|200118180|1|0|1.0|INDIVIDUAL|FIJO|200118180|1|0|1.0|INDIVIDUAL|FIJO|200118180|1|0|1.0|INDIVIDUAL|FIJO|200118180|1|0|1.0|INDIVIDUAL|FIJO|200118180|1|0|1.0
100,INDIVIDUAL|VARIABLE|P0234055000|1|0|1.0|INDIVIDUAL|VARIABLE|P0234055000|1|0|1.0|INDIVIDUAL|VARIABLE|P0234055000|1|0|1.0|INDIVIDUAL|VARIABLE|P0234055000|1|0|1.0|INDIVIDUAL|VARIABLE|P0234055000|1|0|1.0|INDIVIDUAL|VARIABLE|P0234055000|1|0|1.0|INDIVIDUAL|VARIABLE|P0234055000|1|0|1.0|INDIVIDUAL|VARIABLE|P0234055000|1|0|1.0|INDIVIDUAL|VARIABLE|P0234055000|1|0|1.0|INDIVIDUAL|VARIABLE|P0234055000|1|0|1.0|INDIVIDUAL|VARIABLE|P0234055000|1|0|1.0|INDIVIDUAL|VARIABLE|P0234055000|1|0|1.0|INDIVIDUAL|VARIABLE|P0234055000|1|0|1.0|INDIVIDUAL|VARIABLE|P0234055000|1|0|1.0|INDIVIDUAL|VARIABLE|P0234055000|1|0|1.0|INDIVIDUAL|VARIABLE|P0234055000|1|0|1.0|INDIVIDUAL|VARIABLE|P0234055000|1|0|1.0|INDIVIDUAL|VARIABLE|P0234055000|1|0|1.0|INDIVIDUAL|VARIABLE|P0234055000|1|0|1.0|INDIVIDUAL|VARIABLE|P0234055000|1|0|1.0|INDIVIDUAL|VARIABLE|P0234055000|1|0|1.0|INDIVIDUAL|VARIABLE|P0234055000|1|0|1.0|INDIVIDUAL|VARIABLE|P0234055000|1|0|1.0|INDIVIDUAL|VARIABLE|P0234055000|1|0|1.0|INDIVIDUAL|VARIABLE|P0234055000|1|0|1.0|INDIVIDUAL|VARIABLE|P0234055000|1|0|1.0|INDIVIDUAL|VARIABLE|P0234055000|1|0|1.0|INDIVIDUAL|VARIABLE|P0234055000|1|0|1.0|INDIVIDUAL|VARIABLE|P0234055000|1|0|1.0|INDIVIDUAL|VARIABLE|P0234055000|1|0|1.0|INDIVIDUAL|VARIABLE|P0234055000|1|0|1.0|INDIVIDUAL|VARIABLE|P0234055000|1|0|1.0|INDIVIDUAL|VARIABLE|P0234055000|1|0|1.0|INDIVIDUAL|VARIABLE|P0234055000|1|0|1.0|INDIVIDUAL|VARIABLE|P0234055000|1|0|1.0|INDIVIDUAL|VARIABLE|P0234055000|1|0|1.0|INDIVIDUAL|VARIABLE|P0234055000|1|0|1.0|INDIVIDUAL|VARIABLE|P0234055000|1|0|1.0|INDIVIDUAL|VARIABLE|P0234055000|1|0|1.0|INDIVIDUAL|VARIABLE|P0234055000|1|0|1.0|INDIVIDUAL|VARIABLE|P0234055000|1|0|1.0|INDIVIDUAL|VARIABLE|P0234055000|1|0|1.0|INDIVIDUAL|VARIABLE|P0234055000|1|0|1.0|INDIVIDUAL|VARIABLE|P0234055000|1|0|1.0|INDIVIDUAL|VARIABLE|P0234055000|1|0|1.0|INDIVIDUAL|VARIABLE|P0234055000|1|0|1.0|INDIVIDUAL|VARIABLE|P0234055000|1|0|1.0|INDIVIDUAL|VARIABLE|P0234055000|1|0|1.0|INDIVIDUAL|VARIABLE|P0234055000|1|0|1.0|INDIVIDUAL|VARIABLE|P0234055000|1|0|1.0|INDIVIDUAL|VARIABLE|P0234055000|1|0|1.0|INDIVIDUAL|VARIABLE|P0234055000|1|0|1.0|INDIVIDUAL|VARIABLE|P0234055000|1|0|1.0|INDIVIDUAL|VARIABLE|P0234055000|1|0|1.0|INDIVIDUAL|VARIABLE|P0234055000|1|0|1.0|INDIVIDUAL|VARIABLE|P0234055000|1|0|1.0|INDIVIDUAL|VARIABLE|P0234055000|1|0|1.0|INDIVIDUAL|VARIABLE|P0234055000|1|0|1.0|INDIVIDUAL|VARIABLE|P0234055000|1|0|1.0|INDIVIDUAL|VARIABLE|P0234055000|1|0|1.0|INDIVIDUAL|VARIABLE|P0234055000|1|0|1.0|INDIVIDUAL|VARIABLE|P0234055000|1|0|1.0|INDIVIDUAL|VARIABLE|P0234055000|1|0|1.0|INDIVIDUAL|VARIABLE|P0234055000|1|0|1.0|INDIVIDUAL|VARIABLE|P0234055000|1|0|1.0|INDIVIDUAL|VARIABLE|P0234055000|1|0|1.0|INDIVIDUAL|VARIABLE|P0234055000|1|0|1.0|INDIVIDUAL|VARIABLE|P0234055000|1|0|1.0|INDIVIDUAL|VARIABLE|P0234055000|1|0|1.0|INDIVIDUAL|VARIABLE|P0234055000|1|0|1.0|INDIVIDUAL|VARIABLE|P0234055000|1|0|1.0|INDIVIDUAL|VARIABLE|P0234055000|1|0|1.0|INDIVIDUAL|VARIABLE|P0234055000|1|0|1.0|INDIVIDUAL|VARIABLE|P0234055000|1|0|1.0|INDIVIDUAL|VARIABLE|P0234055000|1|0|1.0|INDIVIDUAL|VARIABLE|P0234055000|1|0|1.0|INDIVIDUAL|VARIABLE|P0234055000|1|0|1.0|INDIVIDUAL|VARIABLE|P0234055000|1|0|1.0|INDIVIDUAL|VARIABLE|P0234055000|1|0|1.0|INDIVIDUAL|VARIABLE|P0234055000|1|0|1.0|INDIVIDUAL|VARIABLE|P0234055000|1|0|1.0|INDIVIDUAL|VARIABLE|P0234055000|1|0|1.0|INDIVIDUAL|VARIABLE|P0234055000|1|0|1.0|INDIVIDUAL|VARIABLE|P0234055000|1|0|1.0|INDIVIDUAL|VARIABLE|P0234055000|1|0|1.0|INDIVIDUAL|VARIABLE|P0234055000|1|0|1.0|INDIVIDUAL|VARIABLE|P0234055000|1|0|1.0|INDIVIDUAL|VARIABLE|P0234055000|1|0|1.0|INDIVIDUAL|VARIABLE|P0234055000|1|0|1.0|INDIVIDUAL|VARIABLE|P0234055000|1|0|1.0|INDIVIDUAL|VARIABLE|P0234055000|1|0|1.0|INDIVIDUAL|VARIABLE|P0234055000|1|0|1.0|INDIVIDUAL|VARIABLE|P0234055000|1|0|1.0|INDIVIDUAL|VARIABLE|P0234055000|1|0|1.0|INDIVIDUAL|VARIABLE|P0234055000|1|0|1.0|INDIVIDUAL|VARIABLE|P0234055000|1|0|1.0|INDIVIDUAL|VARIABLE|P0234055000|1|0|1.0|INDIVIDUAL|VARIABLE|P0234055000|1|0|1.0|INDIVIDUAL|VARIABLE|P0234055000|1|0|1.0|INDIVIDUAL|VARIABLE|P0234055000|1|0|1.0|INDIVIDUAL|VARIABLE|P0234055000|1|0|1.0|INDIVIDUAL|VARIABLE|P0234055000|1|0|1.0|INDIVIDUAL|VARIABLE|P0234055000|1|0|1.0|INDIVIDUAL|VARIABLE|P0234055000|1|0|1.0|INDIVIDUAL|VARIABLE|P0234055000|1|0|1.0|INDIVIDUAL|VARIABLE|P0234055000|1|0|1.0|INDIVIDUAL|VARIABLE|P0234055000|1|0|1.0|INDIVIDUAL|VARIABLE|P0234055000|1|0|1.0
101,INDIVIDUAL|VARIABLE|P0260059003|1|0|1.0|INDIVIDUAL|VARIABLE|P0260059003|1|0|1.0|INDIVIDUAL|VARIABLE|P0260059003|1|0|1.0|INDIVIDUAL|VARIABLE|P0260059003|1|0|1.0|INDIVIDUAL|VARIABLE|P0260059003|1|0|1.0|INDIVIDUAL|VARIABLE|P0260059003|1|0|1.0|INDIVIDUAL|VARIABLE|P0260059003|1|0|1.0|INDIVIDUAL|VARIABLE|P0260059003|1|0|1.0|INDIVIDUAL|VARIABLE|P0260059003|1|0|1.0|INDIVIDUAL|VARIABLE|P0260059003|1|0|1.0|INDIVIDUAL|VARIABLE|P0260059003|1|0|1.0|INDIVIDUAL|VARIABLE|P0260059003|1|0|1.0|INDIVIDUAL|VARIABLE|P0260059003|1|0|1.0|INDIVIDUAL|VARIABLE|P0260059003|1|0|1.0|INDIVIDUAL|VARIABLE|P0260059003|1|0|1.0|INDIVIDUAL|VARIABLE|P0260059003|1|0|1.0|INDIVIDUAL|VARIABLE|P0260059003|1|0|1.0|INDIVIDUAL|VARIABLE|P0260059003|1|0|1.0|INDIVIDUAL|VARIABLE|P0260059003|1|0|1.0|INDIVIDUAL|VARIABLE|P0260059003|1|0|1.0|INDIVIDUAL|VARIABLE|P0260059003|1|0|1.0|INDIVIDUAL|VARIABLE|P0260059003|1|0|1.0|INDIVIDUAL|VARIABLE|P0260059003|1|0|1.0|INDIVIDUAL|VARIABLE|P0260059003|1|0|1.0|INDIVIDUAL|VARIABLE|P0260059003|1|0|1.0|INDIVIDUAL|VARIABLE|P0260059003|1|0|1.0|INDIVIDUAL|VARIABLE|P0260059003|1|0|1.0|INDIVIDUAL|VARIABLE|P0260059003|1|0|1.0|INDIVIDUAL|VARIABLE|P0260059003|1|0|1.0|INDIVIDUAL|VARIABLE|P0260059003|1|0|1.0|INDIVIDUAL|VARIABLE|P0260059003|1|0|1.0|INDIVIDUAL|VARIABLE|P0260059003|1|0|1.0|INDIVIDUAL|VARIABLE|P0260059003|1|0|1.0|INDIVIDUAL|VARIABLE|P0260059003|1|0|1.0|INDIVIDUAL|VARIABLE|P0260059003|1|0|1.0|INDIVIDUAL|VARIABLE|P0260059003|1|0|1.0
102,INDIVIDUAL|VARIABLE|P0260059001|1|0|1.0|INDIVIDUAL|VARIABLE|P0260059001|1|0|1.0|INDIVIDUAL|VARIABLE|P0260059001|1|0|1.0|INDIVIDUAL|VARIABLE|P0260059001|1|0|1.0|INDIVIDUAL|VARIABLE|P0260059001|1|0|1.0|INDIVIDUAL|VARIABLE|P0260059001|1|0|1.0|INDIVIDUAL|VARIABLE|P0260059001|1|0|1.0|INDIVIDUAL|VARIABLE|P0260059001|1|0|1.0|INDIVIDUAL|VARIABLE|P0260059001|1|0|1.0|INDIVIDUAL|VARIABLE|P0260059001|1|0|1.0|INDIVIDUAL|VARIABLE|P0260059001|1|0|1.0|INDIVIDUAL|VARIABLE|P0260059001|1|0|1.0|INDIVIDUAL|VARIABLE|P0260059001|1|0|1.0|INDIVIDUAL|VARIABLE|P0260059001|1|0|1.0|INDIVIDUAL|VARIABLE|P0260059001|1|0|1.0|INDIVIDUAL|VARIABLE|P0260059001|1|0|1.0|INDIVIDUAL|VARIABLE|P0260059001|1|0|1.0|INDIVIDUAL|VARIABLE|P0260059001|1|0|1.0|INDIVIDUAL|VARIABLE|P0260059001|1|0|1.0|INDIVIDUAL|VARIABLE|P0260059001|1|0|1.0|INDIVIDUAL|VARIABLE|P0260059001|1|0|1.0|INDIVIDUAL|VARIABLE|P0260059001|1|0|1.0|INDIVIDUAL|VARIABLE|P0260059001|1|0|1.0|INDIVIDUAL|VARIABLE|P0260059001|1|0|1.0|INDIVIDUAL|VARIABLE|P0260059001|1|0|1.0|INDIVIDUAL|VARIABLE|P0260059001|1|0|1.0|INDIVIDUAL|VARIABLE|P0260059001|1|0|1.0|INDIVIDUAL|VARIABLE|P0260059001|1|0|1.0|INDIVIDUAL|VARIABLE|P0260059001|1|0|1.0|INDIVIDUAL|VARIABLE|P0260059001|1|0|1.0|INDIVIDUAL|VARIABLE|P0260059001|1|0|1.0|INDIVIDUAL|VARIABLE|P0260059001|1|0|1.0|INDIVIDUAL|VARIABLE|P0260059001|1|0|1.0|INDIVIDUAL|VARIABLE|P0260059001|1|0|1.0|INDIVIDUAL|VARIABLE|P0260059001|1|0|1.0|INDIVIDUAL|VARIABLE|P0260059001|1|0|1.0|INDIVIDUAL|VARIABLE|P0260059001|1|0|1.0|INDIVIDUAL|VARIABLE|P0260059001|1|0|1.0|INDIVIDUAL|VARIABLE|P0260059001|1|0|1.0|INDIVIDUAL|VARIABLE|P0260059001|1|0|1.0|INDIVIDUAL|VARIABLE|P0260059001|1|0|1.0|INDIVIDUAL|VARIABLE|P0260059001|1|0|1.0|INDIVIDUAL|VARIABLE|P0260059001|1|0|1.0|INDIVIDUAL|VARIABLE|P0260059001|1|0|1.0|INDIVIDUAL|VARIABLE|P0260059001|1|0|1.0|INDIVIDUAL|VARIABLE|P0260059001|1|0|1.0|INDIVIDUAL|VARIABLE|P0260059001|1|0|1.0|INDIVIDUAL|VARIABLE|P0260059001|1|0|1.0|INDIVIDUAL|VARIABLE|P0260059001|1|0|1.0|INDIVIDUAL|VARIABLE|P0260059001|1|0|1.0|INDIVIDUAL|VARIABLE|P0260059001|1|0|1.0|INDIVIDUAL|VARIABLE|P0260059001|1|0|1.0|INDIVIDUAL|VARIABLE|P0260059001|1|0|1.0|INDIVIDUAL|VARIABLE|P0260059001|1|0|1.0|INDIVIDUAL|VARIABLE|P0260059001|1|0|1.0|INDIVIDUAL|VARIABLE|P0260059001|1|0|1.0|INDIVIDUAL|VARIABLE|P0260059001|1|0|1.0|INDIVIDUAL|VARIABLE|P0260059001|1|0|1.0|INDIVIDUAL|VARIABLE|P0260059001|1|0|1.0|INDIVIDUAL|VARIABLE|P0260059001|1|0|1.0
103,INDIVIDUAL|VARIABLE|P0260150003|1|0|1.0|INDIVIDUAL|VARIABLE|P0260150003|1|0|1.0|INDIVIDUAL|VARIABLE|P0260150003|1|0|1.0|INDIVIDUAL|VARIABLE|P0260150003|1|0|1.0|INDIVIDUAL|VARIABLE|P0260150003|1|0|1.0|INDIVIDUAL|VARIABLE|P0260150003|1|0|1.0|INDIVIDUAL|VARIABLE|P0260150003|1|0|1.0|INDIVIDUAL|VARIABLE|P0260150003|1|0|1.0|INDIVIDUAL|VARIABLE|P0260150003|1|0|1.0|INDIVIDUAL|VARIABLE|P0260150003|1|0|1.0|INDIVIDUAL|VARIABLE|P0260150003|1|0|1.0|INDIVIDUAL|VARIABLE|P0260150003|1|0|1.0|INDIVIDUAL|VARIABLE|P0260150003|1|0|1.0|INDIVIDUAL|VARIABLE|P0260150003|1|0|1.0|INDIVIDUAL|VARIABLE|P0260150003|1|0|1.0|INDIVIDUAL|VARIABLE|P0260150003|1|0|1.0|INDIVIDUAL|VARIABLE|P0260150003|1|0|1.0|INDIVIDUAL|VARIABLE|P0260150003|1|0|1.0|INDIVIDUAL|VARIABLE|P0260150003|1|0|1.0|INDIVIDUAL|VARIABLE|P0260150003|1|0|1.0|INDIVIDUAL|VARIABLE|P0260150003|1|0|1.0|INDIVIDUAL|VARIABLE|P0260150003|1|0|1.0|INDIVIDUAL|VARIABLE|P0260150003|1|0|1.0|INDIVIDUAL|VARIABLE|P0260150003|1|0|1.0|INDIVIDUAL|VARIABLE|P0260150003|1|0|1.0|INDIVIDUAL|VARIABLE|P0260150003|1|0|1.0|INDIVIDUAL|VARIABLE|P0260150003|1|0|1.0|INDIVIDUAL|VARIABLE|P0260150003|1|0|1.0|INDIVIDUAL|VARIABLE|P0260150003|1|0|1.0|INDIVIDUAL|VARIABLE|P0260150003|1|0|1.0|INDIVIDUAL|VARIABLE|P0260150003|1|0|1.0|INDIVIDUAL|VARIABLE|P0260150003|1|0|1.0|INDIVIDUAL|VARIABLE|P0260150003|1|0|1.0|INDIVIDUAL|VARIABLE|P0260150003|1|0|1.0|INDIVIDUAL|VARIABLE|P0260150003|1|0|1.0|INDIVIDUAL|VARIABLE|P0260150003|1|0|1.0|INDIVIDUAL|VARIABLE|P0260150003|1|0|1.0|INDIVIDUAL|VARIABLE|P0260150003|1|0|1.0|INDIVIDUAL|VARIABLE|P0260150003|1|0|1.0|INDIVIDUAL|VARIABLE|P0260150003|1|0|1.0|INDIVIDUAL|VARIABLE|P0260150003|1|0|1.0|INDIVIDUAL|VARIABLE|P0260150003|1|0|1.0|INDIVIDUAL|VARIABLE|P0260150003|1|0|1.0|INDIVIDUAL|VARIABLE|P0260150003|1|0|1.0|INDIVIDUAL|VARIABLE|P0260150003|1|0|1.0|INDIVIDUAL|VARIABLE|P0260150003|1|0|1.0|INDIVIDUAL|VARIABLE|P0260150003|1|0|1.0|INDIVIDUAL|VARIABLE|P0260150003|1|0|1.0|INDIVIDUAL|VARIABLE|P0260150003|1|0|1.0|INDIVIDUAL|VARIABLE|P0260150003|1|0|1.0|INDIVIDUAL|VARIABLE|P0260150003|1|0|1.0|INDIVIDUAL|VARIABLE|P0260150003|1|0|1.0|INDIVIDUAL|VARIABLE|P0260150003|1|0|1.0|INDIVIDUAL|VARIABLE|P0260150003|1|0|1.0|INDIVIDUAL|VARIABLE|P0260150003|1|0|1.0|INDIVIDUAL|VARIABLE|P0260150003|1|0|1.0|INDIVIDUAL|VARIABLE|P0260150003|1|0|1.0|INDIVIDUAL|VARIABLE|P0260150003|1|0|1.0|INDIVIDUAL|VARIABLE|P0260150003|1|0|1.0|INDIVIDUAL|VARIABLE|P0260150003|1|0|1.0|INDIVIDUAL|VARIABLE|P0260150003|1|0|1.0|INDIVIDUAL|VARIABLE|P0260150003|1|0|1.0|INDIVIDUAL|VARIABLE|P0260150003|1|0|1.0|INDIVIDUAL|VARIABLE|P0260150003|1|0|1.0|INDIVIDUAL|VARIABLE|P0260150003|1|0|1.0|INDIVIDUAL|VARIABLE|P0260150003|1|0|1.0|INDIVIDUAL|VARIABLE|P0260150003|1|0|1.0|INDIVIDUAL|VARIABLE|P0260150003|1|0|1.0|INDIVIDUAL|VARIABLE|P0260150003|1|0|1.0|INDIVIDUAL|VARIABLE|P0260150003|1|0|1.0|INDIVIDUAL|VARIABLE|P0260150003|1|0|1.0|INDIVIDUAL|VARIABLE|P0260150003|1|0|1.0
104,INDIVIDUAL|VARIABLE|P0261097007|1|0|1.0|INDIVIDUAL|VARIABLE|P0261097007|1|0|1.0|INDIVIDUAL|VARIABLE|P0261097007|1|0|1.0|INDIVIDUAL|VARIABLE|P0261097007|1|0|1.0|INDIVIDUAL|VARIABLE|P0261097007|1|0|1.0|INDIVIDUAL|VARIABLE|P0261097007|1|0|1.0|INDIVIDUAL|VARIABLE|P0261097007|1|0|1.0|INDIVIDUAL|VARIABLE|P0261097007|1|0|1.0|INDIVIDUAL|VARIABLE|P0261097007|1|0|1.0|INDIVIDUAL|VARIABLE|P0261097007|1|0|1.0|INDIVIDUAL|VARIABLE|P0261097007|1|0|1.0|INDIVIDUAL|VARIABLE|P0261097007|1|0|1.0|INDIVIDUAL|VARIABLE|P0261097007|1|0|1.0|INDIVIDUAL|VARIABLE|P0261097007|1|0|1.0|INDIVIDUAL|VARIABLE|P0261097007|1|0|1.0|INDIVIDUAL|VARIABLE|P0261097007|1|0|1.0|INDIVIDUAL|VARIABLE|P0261097007|1|0|1.0|INDIVIDUAL|VARIABLE|P0261097007|1|0|1.0|INDIVIDUAL|VARIABLE|P0261097007|1|0|1.0|INDIVIDUAL|VARIABLE|P0261097007|1|0|1.0|INDIVIDUAL|VARIABLE|P0261097007|1|0|1.0|INDIVIDUAL|VARIABLE|P0261097007|1|0|1.0|INDIVIDUAL|VARIABLE|P0261097007|1|0|1.0|INDIVIDUAL|VARIABLE|P0261097007|1|0|1.0|INDIVIDUAL|VARIABLE|P0261097007|1|0|1.0|INDIVIDUAL|VARIABLE|P0261097007|1|0|1.0|INDIVIDUAL|VARIABLE|P0261097007|1|0|1.0|INDIVIDUAL|VARIABLE|P0261097007|1|0|1.0|INDIVIDUAL|VARIABLE|P0261097007|1|0|1.0|INDIVIDUAL|VARIABLE|P0261097007|1|0|1.0|INDIVIDUAL|VARIABLE|P0261097007|1|0|1.0|INDIVIDUAL|VARIABLE|P0261097007|1|0|1.0|INDIVIDUAL|VARIABLE|P0261097007|1|0|1.0|INDIVIDUAL|VARIABLE|P0261097007|1|0|1.0|INDIVIDUAL|VARIABLE|P0261097007|1|0|1.0|INDIVIDUAL|VARIABLE|P0261097007|1|0|1.0|INDIVIDUAL|VARIABLE|P0261097007|1|0|1.0|INDIVIDUAL|VARIABLE|P0261097007|1|0|1.0|INDIVIDUAL|VARIABLE|P0261097007|1|0|1.0|INDIVIDUAL|VARIABLE|P0261097007|1|0|1.0|INDIVIDUAL|VARIABLE|P0261097007|1|0|1.0|INDIVIDUAL|VARIABLE|P0261097007|1|0|1.0|INDIVIDUAL|VARIABLE|P0261097007|1|0|1.0|INDIVIDUAL|VARIABLE|P0261097007|1|0|1.0|INDIVIDUAL|VARIABLE|P0261097007|1|0|1.0|INDIVIDUAL|VARIABLE|P0261097007|1|0|1.0|INDIVIDUAL|VARIABLE|P0261097007|1|0|1.0|INDIVIDUAL|VARIABLE|P0261097007|1|0|1.0|INDIVIDUAL|VARIABLE|P0261097007|1|0|1.0|INDIVIDUAL|VARIABLE|P0261097007|1|0|1.0|INDIVIDUAL|VARIABLE|P0261097007|1|0|1.0|INDIVIDUAL|VARIABLE|P0261097007|1|0|1.0|INDIVIDUAL|VARIABLE|P0261097007|1|0|1.0|INDIVIDUAL|VARIABLE|P0261097007|1|0|1.0|INDIVIDUAL|VARIABLE|P0261097007|1|0|1.0|INDIVIDUAL|VARIABLE|P0261097007|1|0|1.0|INDIVIDUAL|VARIABLE|P0261097007|1|0|1.0|INDIVIDUAL|VARIABLE|P0261097007|1|0|1.0|INDIVIDUAL|VARIABLE|P0261097007|1|0|1.0|INDIVIDUAL|VARIABLE|P0261097007|1|0|1.0|INDIVIDUAL|VARIABLE|P0261097007|1|0|1.0|INDIVIDUAL|VARIABLE|P0261097007|1|0|1.0|INDIVIDUAL|VARIABLE|P0261097007|1|0|1.0|INDIVIDUAL|VARIABLE|P0261097007|1|0|1.0|INDIVIDUAL|VARIABLE|P0261097007|1|0|1.0|INDIVIDUAL|VARIABLE|P0261097007|1|0|1.0|INDIVIDUAL|VARIABLE|P0261097007|1|0|1.0|INDIVIDUAL|VARIABLE|P0261097007|1|0|1.0|INDIVIDUAL|VARIABLE|P0261097007|1|0|1.0|INDIVIDUAL|VARIABLE|P0261097007|1|0|1.0|INDIVIDUAL|VARIABLE|P0261097007|1|0|1.0|INDIVIDUAL|VARIABLE|P0261097007|1|0|1.0|INDIVIDUAL|VARIABLE|P0261097007|1|0|1.0|INDIVIDUAL|VARIABLE|P0261097007|1|0|1.0|INDIVIDUAL|VARIABLE|P0261097007|1|0|1.0|INDIVIDUAL|VARIABLE|P0261097007|1|0|1.0|INDIVIDUAL|VARIABLE|P0261097007|1|0|1.0|INDIVIDUAL|VARIABLE|P0261097007|1|0|1.0|INDIVIDUAL|VARIABLE|P0261097007|1|0|1.0|INDIVIDUAL|VARIABLE|P0261097007|1|0|1.0|INDIVIDUAL|VARIABLE|P0261097007|1|0|1.0|INDIVIDUAL|VARIABLE|P0261097007|1|0|1.0|INDIVIDUAL|VARIABLE|P0261097007|1|0|1.0|INDIVIDUAL|VARIABLE|P0261097007|1|0|1.0|INDIVIDUAL|VARIABLE|P0261097007|1|0|1.0|INDIVIDUAL|VARIABLE|P0261097007|1|0|1.0|INDIVIDUAL|VARIABLE|P0261097007|1|0|1.0|INDIVIDUAL|VARIABLE|P0261097007|1|0|1.0|INDIVIDUAL|VARIABLE|P0261097007|1|0|1.0|INDIVIDUAL|VARIABLE|P0261097007|1|0|1.0|INDIVIDUAL|VARIABLE|P0261097007|1|0|1.0|INDIVIDUAL|VARIABLE|P0261097007|1|0|1.0|INDIVIDUAL|VARIABLE|P0261097007|1|0|1.0|INDIVIDUAL|VARIABLE|P0261097007|1|0|1.0|INDIVIDUAL|VARIABLE|P0261097007|1|0|1.0|INDIVIDUAL|VARIABLE|P0261097007|1|0|1.0|INDIVIDUAL|VARIABLE|P0261097007|1|0|1.0|INDIVIDUAL|VARIABLE|P0261097007|1|0|1.0|INDIVIDUAL|VARIABLE|P0261097007|1|0|1.0
105,INDIVIDUAL|VARIABLE|P0261050000|1|0|1.0|INDIVIDUAL|VARIABLE|P0261050000|1|0|1.0|INDIVIDUAL|VARIABLE|P0261050000|1|0|1.0|INDIVIDUAL|VARIABLE|P0261050000|1|0|1.0|INDIVIDUAL|VARIABLE|P0261050000|1|0|1.0|INDIVIDUAL|VARIABLE|P0261050000|1|0|1.0|INDIVIDUAL|VARIABLE|P0261050000|1|0|1.0|INDIVIDUAL|VARIABLE|P0261050000|1|0|1.0|INDIVIDUAL|VARIABLE|P0261050000|1|0|1.0|INDIVIDUAL|VARIABLE|P0261050000|1|0|1.0|INDIVIDUAL|VARIABLE|P0261050000|1|0|1.0|INDIVIDUAL|VARIABLE|P0261050000|1|0|1.0|INDIVIDUAL|VARIABLE|P0261050000|1|0|1.0|INDIVIDUAL|VARIABLE|P0261050000|1|0|1.0|INDIVIDUAL|VARIABLE|P0261050000|1|0|1.0|INDIVIDUAL|VARIABLE|P0261050000|1|0|1.0|INDIVIDUAL|VARIABLE|P0261050000|1|0|1.0|INDIVIDUAL|VARIABLE|P0261050000|1|0|1.0|INDIVIDUAL|VARIABLE|P0261050000|1|0|1.0|INDIVIDUAL|VARIABLE|P0261050000|1|0|1.0|INDIVIDUAL|VARIABLE|P0261050000|1|0|1.0|INDIVIDUAL|VARIABLE|P0261050000|1|0|1.0|INDIVIDUAL|VARIABLE|P0261050000|1|0|1.0|INDIVIDUAL|VARIABLE|P0261050000|1|0|1.0|INDIVIDUAL|VARIABLE|P0261050000|1|0|1.0|INDIVIDUAL|VARIABLE|P0261050000|1|0|1.0|INDIVIDUAL|VARIABLE|P0261050000|1|0|1.0|INDIVIDUAL|VARIABLE|P0261050000|1|0|1.0|INDIVIDUAL|VARIABLE|P0261050000|1|0|1.0|INDIVIDUAL|VARIABLE|P0261050000|1|0|1.0|INDIVIDUAL|VARIABLE|P0261050000|1|0|1.0|INDIVIDUAL|VARIABLE|P0261050000|1|0|1.0|INDIVIDUAL|VARIABLE|P0261050000|1|0|1.0|INDIVIDUAL|VARIABLE|P0261050000|1|0|1.0|INDIVIDUAL|VARIABLE|P0261050000|1|0|1.0|INDIVIDUAL|VARIABLE|P0261050000|1|0|1.0|INDIVIDUAL|VARIABLE|P0261050000|1|0|1.0|INDIVIDUAL|VARIABLE|P0261050000|1|0|1.0|INDIVIDUAL|VARIABLE|P0261050000|1|0|1.0|INDIVIDUAL|VARIABLE|P0261050000|1|0|1.0|INDIVIDUAL|VARIABLE|P0261050000|1|0|1.0|INDIVIDUAL|VARIABLE|P0261050000|1|0|1.0|INDIVIDUAL|VARIABLE|P0261050000|1|0|1.0|INDIVIDUAL|VARIABLE|P0261050000|1|0|1.0|INDIVIDUAL|VARIABLE|P0261050000|1|0|1.0|INDIVIDUAL|VARIABLE|P0261050000|1|0|1.0|INDIVIDUAL|VARIABLE|P0261050000|1|0|1.0|INDIVIDUAL|VARIABLE|P0261050000|1|0|1.0|INDIVIDUAL|VARIABLE|P0261050000|1|0|1.0|INDIVIDUAL|VARIABLE|P0261050000|1|0|1.0|INDIVIDUAL|VARIABLE|P0261050000|1|0|1.0|INDIVIDUAL|VARIABLE|P0261050000|1|0|1.0|INDIVIDUAL|VARIABLE|P0261050000|1|0|1.0|INDIVIDUAL|VARIABLE|P0261050000|1|0|1.0|INDIVIDUAL|VARIABLE|P0261050000|1|0|1.0|INDIVIDUAL|VARIABLE|P0261050000|1|0|1.0|INDIVIDUAL|VARIABLE|P0261050000|1|0|1.0|INDIVIDUAL|VARIABLE|P0261050000|1|0|1.0|INDIVIDUAL|VARIABLE|P0261050000|1|0|1.0|INDIVIDUAL|VARIABLE|P0261050000|1|0|1.0|INDIVIDUAL|VARIABLE|P0261050000|1|0|1.0|INDIVIDUAL|VARIABLE|P0261050000|1|0|1.0|INDIVIDUAL|VARIABLE|P0261050000|1|0|1.0|INDIVIDUAL|VARIABLE|P0261050000|1|0|1.0|INDIVIDUAL|VARIABLE|P0261050000|1|0|1.0|INDIVIDUAL|VARIABLE|P0261050000|1|0|1.0|INDIVIDUAL|VARIABLE|P0261050000|1|0|1.0|INDIVIDUAL|VARIABLE|P0261050000|1|0|1.0|INDIVIDUAL|VARIABLE|P0261050000|1|0|1.0|INDIVIDUAL|VARIABLE|P0261050000|1|0|1.0|INDIVIDUAL|VARIABLE|P0261050000|1|0|1.0|INDIVIDUAL|VARIABLE|P0261050000|1|0|1.0|INDIVIDUAL|VARIABLE|P0261050000|1|0|1.0|INDIVIDUAL|VARIABLE|P0261050000|1|0|1.0|INDIVIDUAL|VARIABLE|P0261050000|1|0|1.0|INDIVIDUAL|VARIABLE|P0261050000|1|0|1.0|INDIVIDUAL|VARIABLE|P0261050000|1|0|1.0|INDIVIDUAL|VARIABLE|P0261050000|1|0|1.0
106,INDIVIDUAL|VARIABLE|P0280076005|1|0|1.0|INDIVIDUAL|VARIABLE|P0280076005|1|0|1.0|INDIVIDUAL|VARIABLE|P0280076005|1|0|1.0|INDIVIDUAL|VARIABLE|P0280076005|1|0|1.0|INDIVIDUAL|VARIABLE|P0280076005|1|0|1.0|INDIVIDUAL|VARIABLE|P0280076005|1|0|1.0|INDIVIDUAL|VARIABLE|P0280076005|1|0|1.0|INDIVIDUAL|VARIABLE|P0280076005|1|0|1.0|INDIVIDUAL|VARIABLE|P0280076005|1|0|1.0|INDIVIDUAL|VARIABLE|P0280076005|1|0|1.0|INDIVIDUAL|VARIABLE|P0280076005|1|0|1.0|INDIVIDUAL|VARIABLE|P0280076005|1|0|1.0|INDIVIDUAL|VARIABLE|P0280076005|1|0|1.0|INDIVIDUAL|VARIABLE|P0280076005|1|0|1.0|INDIVIDUAL|VARIABLE|P0280076005|1|0|1.0|INDIVIDUAL|VARIABLE|P0280076005|1|0|1.0|INDIVIDUAL|VARIABLE|P0280076005|1|0|1.0|INDIVIDUAL|VARIABLE|P0280076005|1|0|1.0|INDIVIDUAL|VARIABLE|P0280076005|1|0|1.0|INDIVIDUAL|VARIABLE|P0280076005|1|0|1.0|INDIVIDUAL|VARIABLE|P0280076005|1|0|1.0|INDIVIDUAL|VARIABLE|P0280076005|1|0|1.0|INDIVIDUAL|VARIABLE|P0280076005|1|0|1.0|INDIVIDUAL|VARIABLE|P0280076005|1|0|1.0
107,INDIVIDUAL|VARIABLE|P0261088003|1|0|1.0|INDIVIDUAL|VARIABLE|P0261088003|1|0|1.0|INDIVIDUAL|VARIABLE|P0261088003|1|0|1.0|INDIVIDUAL|VARIABLE|P0261088003|1|0|1.0|INDIVIDUAL|VARIABLE|P0261088003|1|0|1.0|INDIVIDUAL|VARIABLE|P0261088003|1|0|1.0|INDIVIDUAL|VARIABLE|P0261088003|1|0|1.0|INDIVIDUAL|VARIABLE|P0261088003|1|0|1.0|INDIVIDUAL|VARIABLE|P0261088003|1|0|1.0|INDIVIDUAL|VARIABLE|P0261088003|1|0|1.0|INDIVIDUAL|VARIABLE|P0261088003|1|0|1.0|INDIVIDUAL|VARIABLE|P0261088003|1|0|1.0|INDIVIDUAL|VARIABLE|P0261088003|1|0|1.0|INDIVIDUAL|VARIABLE|P0261088003|1|0|1.0|INDIVIDUAL|VARIABLE|P0261088003|1|0|1.0|INDIVIDUAL|VARIABLE|P0261088003|1|0|1.0|INDIVIDUAL|VARIABLE|P0261088003|1|0|1.0|INDIVIDUAL|VARIABLE|P0261088003|1|0|1.0|INDIVIDUAL|VARIABLE|P0261088003|1|0|1.0|INDIVIDUAL|VARIABLE|P0261088003|1|0|1.0|INDIVIDUAL|VARIABLE|P0261088003|1|0|1.0|INDIVIDUAL|VARIABLE|P0261088003|1|0|1.0|INDIVIDUAL|VARIABLE|P0261088003|1|0|1.0|INDIVIDUAL|VARIABLE|P0261088003|1|0|1.0|INDIVIDUAL|VARIABLE|P0261088003|1|0|1.0|INDIVIDUAL|VARIABLE|P0261088003|1|0|1.0|INDIVIDUAL|VARIABLE|P0261088003|1|0|1.0|INDIVIDUAL|VARIABLE|P0261088003|1|0|1.0|INDIVIDUAL|VARIABLE|P0261088003|1|0|1.0|INDIVIDUAL|VARIABLE|P0261088003|1|0|1.0|INDIVIDUAL|VARIABLE|P0261088003|1|0|1.0|INDIVIDUAL|VARIABLE|P0261088003|1|0|1.0|INDIVIDUAL|VARIABLE|P0261088003|1|0|1.0|INDIVIDUAL|VARIABLE|P0261088003|1|0|1.0|INDIVIDUAL|VARIABLE|P0261088003|1|0|1.0|INDIVIDUAL|VARIABLE|P0261088003|1|0|1.0|INDIVIDUAL|VARIABLE|P0261088003|1|0|1.0|INDIVIDUAL|VARIABLE|P0261088003|1|0|1.0|INDIVIDUAL|VARIABLE|P0261088003|1|0|1.0|INDIVIDUAL|VARIABLE|P0261088003|1|0|1.0|INDIVIDUAL|VARIABLE|P0261088003|1|0|1.0|INDIVIDUAL|VARIABLE|P0261088003|1|0|1.0|INDIVIDUAL|VARIABLE|P0261088003|1|0|1.0|INDIVIDUAL|VARIABLE|P0261088003|1|0|1.0
108,INDIVIDUAL|VARIABLE|P0279074000|1|0|1.0|INDIVIDUAL|VARIABLE|P0279074000|1|0|1.0|INDIVIDUAL|VARIABLE|P0279074000|1|0|1.0|INDIVIDUAL|VARIABLE|P0279074000|1|0|1.0|INDIVIDUAL|VARIABLE|P0279074000|1|0|1.0|INDIVIDUAL|VARIABLE|P0279074000|1|0|1.0|INDIVIDUAL|VARIABLE|P0279074000|1|0|1.0|INDIVIDUAL|VARIABLE|P0279074000|1|0|1.0|INDIVIDUAL|VARIABLE|P0279074000|1|0|1.0|INDIVIDUAL|VARIABLE|P0279074000|1|0|1.0|INDIVIDUAL|VARIABLE|P0279074000|1|0|1.0|INDIVIDUAL|VARIABLE|P0279074000|1|0|1.0|INDIVIDUAL|VARIABLE|P0279074000|1|0|1.0|INDIVIDUAL|VARIABLE|P0279074000|1|0|1.0|INDIVIDUAL|VARIABLE|P0279074000|1|0|1.0|INDIVIDUAL|VARIABLE|P0279074000|1|0|1.0|INDIVIDUAL|VARIABLE|P0279074000|1|0|1.0|INDIVIDUAL|VARIABLE|P0279074000|1|0|1.0|INDIVIDUAL|VARIABLE|P0279074000|1|0|1.0|INDIVIDUAL|VARIABLE|P0279074000|1|0|1.0|INDIVIDUAL|VARIABLE|P0279074000|1|0|1.0|INDIVIDUAL|VARIABLE|P0279074000|1|0|1.0|INDIVIDUAL|VARIABLE|P0279074000|1|0|1.0|INDIVIDUAL|VARIABLE|P0279074000|1|0|1.0|INDIVIDUAL|VARIABLE|P0279074000|1|0|1.0|INDIVIDUAL|VARIABLE|P0279074000|1|0|1.0|INDIVIDUAL|VARIABLE|P0279074000|1|0|1.0|INDIVIDUAL|VARIABLE|P0279074000|1|0|1.0|INDIVIDUAL|VARIABLE|P0279074000|1|0|1.0|INDIVIDUAL|VARIABLE|P0279074000|1|0|1.0|INDIVIDUAL|VARIABLE|P0279074000|1|0|1.0|INDIVIDUAL|VARIABLE|P0279074000|1|0|1.0|INDIVIDUAL|VARIABLE|P0279074000|1|0|1.0|INDIVIDUAL|VARIABLE|P0279074000|1|0|1.0|INDIVIDUAL|VARIABLE|P0279074000|1|0|1.0|INDIVIDUAL|VARIABLE|P0279074000|1|0|1.0|INDIVIDUAL|VARIABLE|P0279074000|1|0|1.0|INDIVIDUAL|VARIABLE|P0279074000|1|0|1.0|INDIVIDUAL|VARIABLE|P0279074000|1|0|1.0|INDIVIDUAL|VARIABLE|P0279074000|1|0|1.0|INDIVIDUAL|VARIABLE|P0279074000|1|0|1.0|INDIVIDUAL|VARIABLE|P0279074000|1|0|1.0|INDIVIDUAL|VARIABLE|P0279074000|1|0|1.0|INDIVIDUAL|VARIABLE|P0279074000|1|0|1.0|INDIVIDUAL|VARIABLE|P0279074000|1|0|1.0|INDIVIDUAL|VARIABLE|P0279074000|1|0|1.0|INDIVIDUAL|VARIABLE|P0279074000|1|0|1.0|INDIVIDUAL|VARIABLE|P0279074000|1|0|1.0|INDIVIDUAL|VARIABLE|P0279074000|1|0|1.0|INDIVIDUAL|VARIABLE|P0279074000|1|0|1.0|INDIVIDUAL|VARIABLE|P0279074000|1|0|1.0|INDIVIDUAL|VARIABLE|P0279074000|1|0|1.0|INDIVIDUAL|VARIABLE|P0279074000|1|0|1.0|INDIVIDUAL|VARIABLE|P0279074000|1|0|1.0|INDIVIDUAL|VARIABLE|P0279074000|1|0|1.0|INDIVIDUAL|VARIABLE|P0279074000|1|0|1.0|INDIVIDUAL|VARIABLE|P0279074000|1|0|1.0|INDIVIDUAL|VARIABLE|P0279074000|1|0|1.0|INDIVIDUAL|VARIABLE|P0279074000|1|0|1.0|INDIVIDUAL|VARIABLE|P0279074000|1|0|1.0|INDIVIDUAL|VARIABLE|P0279074000|1|0|1.0|INDIVIDUAL|VARIABLE|P0279074000|1|0|1.0|INDIVIDUAL|VARIABLE|P0279074000|1|0|1.0|INDIVIDUAL|VARIABLE|P0279074000|1|0|1.0|INDIVIDUAL|VARIABLE|P0279074000|1|0|1.0|INDIVIDUAL|VARIABLE|P0279074000|1|0|1.0|INDIVIDUAL|VARIABLE|P0279074000|1|0|1.0|INDIVIDUAL|VARIABLE|P0279074000|1|0|1.0|INDIVIDUAL|VARIABLE|P0279074000|1|0|1.0|INDIVIDUAL|VARIABLE|P0279074000|1|0|1.0|INDIVIDUAL|VARIABLE|P0279074000|1|0|1.0|INDIVIDUAL|VARIABLE|P0279074000|1|0|1.0|INDIVIDUAL|VARIABLE|P0279074000|1|0|1.0|INDIVIDUAL|VARIABLE|P0279074000|1|0|1.0|INDIVIDUAL|VARIABLE|P0279074000|1|0|1.0|INDIVIDUAL|VARIABLE|P0279074000|1|0|1.0|INDIVIDUAL|VARIABLE|P0279074000|1|0|1.0|INDIVIDUAL|VARIABLE|P0279074000|1|0|1.0|INDIVIDUAL|VARIABLE|P0279074000|1|0|1.0|INDIVIDUAL|VARIABLE|P0279074000|1|0|1.0|INDIVIDUAL|VARIABLE|P0279074000|1|0|1.0|INDIVIDUAL|VARIABLE|P0279074000|1|0|1.0|INDIVIDUAL|VARIABLE|P0279074000|1|0|1.0|INDIVIDUAL|VARIABLE|P0279074000|1|0|1.0|INDIVIDUAL|VARIABLE|P0279074000|1|0|1.0|INDIVIDUAL|VARIABLE|P0279074000|1|0|1.0|INDIVIDUAL|VARIABLE|P0279074000|1|0|1.0|INDIVIDUAL|VARIABLE|P0279074000|1|0|1.0|INDIVIDUAL|VARIABLE|P0279074000|1|0|1.0|INDIVIDUAL|VARIABLE|P0279074000|1|0|1.0|INDIVIDUAL|VARIABLE|P0279074000|1|0|1.0|INDIVIDUAL|VARIABLE|P0279074000|1|0|1.0|INDIVIDUAL|VARIABLE|P0279074000|1|0|1.0|INDIVIDUAL|VARIABLE|P0279074000|1|0|1.0|INDIVIDUAL|VARIABLE|P0279074000|1|0|1.0|INDIVIDUAL|VARIABLE|P0279074000|1|0|1.0|INDIVIDUAL|VARIABLE|P0279074000|1|0|1.0|INDIVIDUAL|VARIABLE|P0279074000|1|0|1.0|INDIVIDUAL|VARIABLE|P0279074000|1|0|1.0|INDIVIDUAL|VARIABLE|P0279074000|1|0|1.0|INDIVIDUAL|VARIABLE|P0279074000|1|0|1.0|INDIVIDUAL|VARIABLE|P0279074000|1|0|1.0|INDIVIDUAL|VARIABLE|P0279074000|1|0|1.0|INDIVIDUAL|VARIABLE|P0279074000|1|0|1.0|INDIVIDUAL|VARIABLE|P0279074000|1|0|1.0|INDIVIDUAL|VARIABLE|P0279074000|1|0|1.0|INDIVIDUAL|VARIABLE|P0279074000|1|0|1.0|INDIVIDUAL|VARIABLE|P0279074000|1|0|1.0|INDIVIDUAL|VARIABLE|P0279074000|1|0|1.0|INDIVIDUAL|VARIABLE|P0279074000|1|0|1.0|INDIVIDUAL|VARIABLE|P0279074000|1|0|1.0|INDIVIDUAL|VARIABLE|P0279074000|1|0|1.0|INDIVIDUAL|VARIABLE|P0279074000|1|0|1.0|INDIVIDUAL|VARIABLE|P0279074000|1|0|1.0|INDIVIDUAL|VARIABLE|P0279074000|1|0|1.0|INDIVIDUAL|VARIABLE|P0279074000|1|0|1.0|INDIVIDUAL|VARIABLE|P0279074000|1|0|1.0|INDIVIDUAL|VARIABLE|P0279074000|1|0|1.0|INDIVIDUAL|VARIABLE|P0279074000|1|0|1.0|INDIVIDUAL|VARIABLE|P0279074000|1|0|1.0|INDIVIDUAL|VARIABLE|P0279074000|1|0|1.0|INDIVIDUAL|VARIABLE|P0279074000|1|0|1.0|INDIVIDUAL|VARIABLE|P0279074000|1|0|1.0|INDIVIDUAL|VARIABLE|P0279074000|1|0|1.0|INDIVIDUAL|VARIABLE|P0279074000|1|0|1.0|INDIVIDUAL|VARIABLE|P0279074000|1|0|1.0|INDIVIDUAL|VARIABLE|P0279074000|1|0|1.0|INDIVIDUAL|VARIABLE|P0279074000|1|0|1.0|INDIVIDUAL|VARIABLE|P0279074000|1|0|1.0|INDIVIDUAL|VARIABLE|P0279074000|1|0|1.0|INDIVIDUAL|VARIABLE|P0279074000|1|0|1.0|INDIVIDUAL|VARIABLE|P0279074000|1|0|1.0|INDIVIDUAL|VARIABLE|P0279074000|1|0|1.0|INDIVIDUAL|VARIABLE|P0279074000|1|0|1.0|INDIVIDUAL|VARIABLE|P0279074000|1|0|1.0|INDIVIDUAL|VARIABLE|P0279074000|1|0|1.0|INDIVIDUAL|VARIABLE|P0279074000|1|0|1.0|INDIVIDUAL|VARIABLE|P0279074000|1|0|1.0|INDIVIDUAL|VARIABLE|P0279074000|1|0|1.0|INDIVIDUAL|VARIABLE|P0279074000|1|0|1.0|INDIVIDUAL|VARIABLE|P0279074000|1|0|1.0|INDIVIDUAL|VARIABLE|P0279074000|1|0|1.0|INDIVIDUAL|VARIABLE|P0279074000|1|0|1.0|INDIVIDUAL|VARIABLE|P0279074000|1|0|1.0|INDIVIDUAL|VARIABLE|P0279074000|1|0|1.0|INDIVIDUAL|VARIABLE|P0279074000|1|0|1.0|INDIVIDUAL|VARIABLE|P0279074000|1|0|1.0|INDIVIDUAL|VARIABLE|P0279074000|1|0|1.0|INDIVIDUAL|VARIABLE|P0279074000|1|0|1.0|INDIVIDUAL|VARIABLE|P0279074000|1|0|1.0|INDIVIDUAL|VARIABLE|P0279074000|1|0|1.0|INDIVIDUAL|VARIABLE|P0279074000|1|0|1.0|INDIVIDUAL|VARIABLE|P0279074000|1|0|1.0|INDIVIDUAL|VARIABLE|P0279074000|1|0|1.0|INDIVIDUAL|VARIABLE|P0279074000|1|0|1.0|INDIVIDUAL|VARIABLE|P0279074000|1|0|1.0
109,INDIVIDUAL|VARIABLE|P0280083009|1|0|1.0|INDIVIDUAL|VARIABLE|P0280083009|1|0|1.0|INDIVIDUAL|VARIABLE|P0280083009|1|0|1.0|INDIVIDUAL|VARIABLE|P0280083009|1|0|1.0|INDIVIDUAL|VARIABLE|P0280083009|1|0|1.0|INDIVIDUAL|VARIABLE|P0280083009|1|0|1.0|INDIVIDUAL|VARIABLE|P0280083009|1|0|1.0|INDIVIDUAL|VARIABLE|P0280083009|1|0|1.0|INDIVIDUAL|VARIABLE|P0280083009|1|0|1.0|INDIVIDUAL|VARIABLE|P0280083009|1|0|1.0|INDIVIDUAL|VARIABLE|P0280083009|1|0|1.0|INDIVIDUAL|VARIABLE|P0280083009|1|0|1.0|INDIVIDUAL|VARIABLE|P0280083009|1|0|1.0|INDIVIDUAL|VARIABLE|P0280083009|1|0|1.0|INDIVIDUAL|VARIABLE|P0280083009|1|0|1.0|INDIVIDUAL|VARIABLE|P0280083009|1|0|1.0|INDIVIDUAL|VARIABLE|P0280083009|1|0|1.0|INDIVIDUAL|VARIABLE|P0280083009|1|0|1.0|INDIVIDUAL|VARIABLE|P0280083009|1|0|1.0|INDIVIDUAL|VARIABLE|P0280083009|1|0|1.0|INDIVIDUAL|VARIABLE|P0280083009|1|0|1.0|INDIVIDUAL|VARIABLE|P0280083009|1|0|1.0|INDIVIDUAL|VARIABLE|P0280083009|1|0|1.0|INDIVIDUAL|VARIABLE|P0280083009|1|0|1.0|INDIVIDUAL|VARIABLE|P0280083009|1|0|1.0|INDIVIDUAL|VARIABLE|P0280083009|1|0|1.0|INDIVIDUAL|VARIABLE|P0280083009|1|0|1.0|INDIVIDUAL|VARIABLE|P0280083009|1|0|1.0|INDIVIDUAL|VARIABLE|P0280083009|1|0|1.0|INDIVIDUAL|VARIABLE|P0280083009|1|0|1.0|INDIVIDUAL|VARIABLE|P0280083009|1|0|1.0|INDIVIDUAL|VARIABLE|P0280083009|1|0|1.0|INDIVIDUAL|VARIABLE|P0280083009|1|0|1.0|INDIVIDUAL|VARIABLE|P0280083009|1|0|1.0|INDIVIDUAL|VARIABLE|P0280083009|1|0|1.0|INDIVIDUAL|VARIABLE|P0280083009|1|0|1.0|INDIVIDUAL|VARIABLE|P0280083009|1|0|1.0|INDIVIDUAL|VARIABLE|P0280083009|1|0|1.0|INDIVIDUAL|VARIABLE|P0280083009|1|0|1.0|INDIVIDUAL|VARIABLE|P0280083009|1|0|1.0|INDIVIDUAL|VARIABLE|P0280083009|1|0|1.0|INDIVIDUAL|VARIABLE|P0280083009|1|0|1.0|INDIVIDUAL|VARIABLE|P0280083009|1|0|1.0|INDIVIDUAL|VARIABLE|P0280083009|1|0|1.0|INDIVIDUAL|VARIABLE|P0280083009|1|0|1.0|INDIVIDUAL|VARIABLE|P0280083009|1|0|1.0|INDIVIDUAL|VARIABLE|P0280083009|1|0|1.0|INDIVIDUAL|VARIABLE|P0280083009|1|0|1.0|INDIVIDUAL|VARIABLE|P0280083009|1|0|1.0|INDIVIDUAL|VARIABLE|P0280083009|1|0|1.0|INDIVIDUAL|VARIABLE|P0280083009|1|0|1.0|INDIVIDUAL|VARIABLE|P0280083009|1|0|1.0|INDIVIDUAL|VARIABLE|P0280083009|1|0|1.0|INDIVIDUAL|VARIABLE|P0280083009|1|0|1.0|INDIVIDUAL|VARIABLE|P0280083009|1|0|1.0|INDIVIDUAL|VARIABLE|P0280083009|1|0|1.0|INDIVIDUAL|VARIABLE|P0280083009|1|0|1.0|INDIVIDUAL|VARIABLE|P0280083009|1|0|1.0|INDIVIDUAL|VARIABLE|P0280083009|1|0|1.0|INDIVIDUAL|VARIABLE|P0280083009|1|0|1.0|INDIVIDUAL|VARIABLE|P0280083009|1|0|1.0|INDIVIDUAL|VARIABLE|P0280083009|1|0|1.0|INDIVIDUAL|VARIABLE|P0280083009|1|0|1.0|INDIVIDUAL|VARIABLE|P0280083009|1|0|1.0|INDIVIDUAL|VARIABLE|P0280083009|1|0|1.0|INDIVIDUAL|VARIABLE|P0280083009|1|0|1.0|INDIVIDUAL|VARIABLE|P0280083009|1|0|1.0|INDIVIDUAL|VARIABLE|P0280083009|1|0|1.0|INDIVIDUAL|VARIABLE|P0280083009|1|0|1.0|INDIVIDUAL|VARIABLE|P0280083009|1|0|1.0|INDIVIDUAL|VARIABLE|P0280083009|1|0|1.0|INDIVIDUAL|VARIABLE|P0280083009|1|0|1.0|INDIVIDUAL|VARIABLE|P0280083009|1|0|1.0|INDIVIDUAL|VARIABLE|P0280083009|1|0|1.0|INDIVIDUAL|VARIABLE|P0280083009|1|0|1.0|INDIVIDUAL|VARIABLE|P0280083009|1|0|1.0|INDIVIDUAL|VARIABLE|P0280083009|1|0|1.0|INDIVIDUAL|VARIABLE|P0280083009|1|0|1.0|INDIVIDUAL|VARIABLE|P0280083009|1|0|1.0|INDIVIDUAL|VARIABLE|P0280083009|1|0|1.0|INDIVIDUAL|VARIABLE|P0280083009|1|0|1.0|INDIVIDUAL|VARIABLE|P0280083009|1|0|1.0|INDIVIDUAL|VARIABLE|P0280083009|1|0|1.0|INDIVIDUAL|VARIABLE|P0280083009|1|0|1.0|INDIVIDUAL|VARIABLE|P0280083009|1|0|1.0|INDIVIDUAL|VARIABLE|P0280083009|1|0|1.0|INDIVIDUAL|VARIABLE|P0280083009|1|0|1.0|INDIVIDUAL|VARIABLE|P0280083009|1|0|1.0|INDIVIDUAL|VARIABLE|P0280083009|1|0|1.0|INDIVIDUAL|VARIABLE|P0280083009|1|0|1.0
110,INDIVIDUAL|VARIABLE|P0280084002|1|0|1.0|INDIVIDUAL|VARIABLE|P0280084002|1|0|1.0|INDIVIDUAL|VARIABLE|P0280084002|1|0|1.0|INDIVIDUAL|VARIABLE|P0280084002|1|0|1.0|INDIVIDUAL|VARIABLE|P0280084002|1|0|1.0|INDIVIDUAL|VARIABLE|P0280084002|1|0|1.0|INDIVIDUAL|VARIABLE|P0280084002|1|0|1.0|INDIVIDUAL|VARIABLE|P0280084002|1|0|1.0|INDIVIDUAL|VARIABLE|P0280084002|1|0|1.0|INDIVIDUAL|VARIABLE|P0280084002|1|0|1.0|INDIVIDUAL|VARIABLE|P0280084002|1|0|1.0|INDIVIDUAL|VARIABLE|P0280084002|1|0|1.0|INDIVIDUAL|VARIABLE|P0280084002|1|0|1.0|INDIVIDUAL|VARIABLE|P0280084002|1|0|1.0|INDIVIDUAL|VARIABLE|P0280084002|1|0|1.0|INDIVIDUAL|VARIABLE|P0280084002|1|0|1.0|INDIVIDUAL|VARIABLE|P0280084002|1|0|1.0|INDIVIDUAL|VARIABLE|P0280084002|1|0|1.0|INDIVIDUAL|VARIABLE|P0280084002|1|0|1.0|INDIVIDUAL|VARIABLE|P0280084002|1|0|1.0|INDIVIDUAL|VARIABLE|P0280084002|1|0|1.0|INDIVIDUAL|VARIABLE|P0280084002|1|0|1.0|INDIVIDUAL|VARIABLE|P0280084002|1|0|1.0|INDIVIDUAL|VARIABLE|P0280084002|1|0|1.0|INDIVIDUAL|VARIABLE|P0280084002|1|0|1.0|INDIVIDUAL|VARIABLE|P0280084002|1|0|1.0|INDIVIDUAL|VARIABLE|P0280084002|1|0|1.0|INDIVIDUAL|VARIABLE|P0280084002|1|0|1.0|INDIVIDUAL|VARIABLE|P0280084002|1|0|1.0|INDIVIDUAL|VARIABLE|P0280084002|1|0|1.0|INDIVIDUAL|VARIABLE|P0280084002|1|0|1.0|INDIVIDUAL|VARIABLE|P0280084002|1|0|1.0|INDIVIDUAL|VARIABLE|P0280084002|1|0|1.0|INDIVIDUAL|VARIABLE|P0280084002|1|0|1.0|INDIVIDUAL|VARIABLE|P0280084002|1|0|1.0|INDIVIDUAL|VARIABLE|P0280084002|1|0|1.0|INDIVIDUAL|VARIABLE|P0280084002|1|0|1.0|INDIVIDUAL|VARIABLE|P0280084002|1|0|1.0|INDIVIDUAL|VARIABLE|P0280084002|1|0|1.0|INDIVIDUAL|VARIABLE|P0280084002|1|0|1.0|INDIVIDUAL|VARIABLE|P0280084002|1|0|1.0|INDIVIDUAL|VARIABLE|P0280084002|1|0|1.0
111,INDIVIDUAL|VARIABLE|P0280083000|1|0|1.0|INDIVIDUAL|VARIABLE|P0280083000|1|0|1.0|INDIVIDUAL|VARIABLE|P0280083000|1|0|1.0|INDIVIDUAL|VARIABLE|P0280083000|1|0|1.0|INDIVIDUAL|VARIABLE|P0280083000|1|0|1.0|INDIVIDUAL|VARIABLE|P0280083000|1|0|1.0|INDIVIDUAL|VARIABLE|P0280083000|1|0|1.0|INDIVIDUAL|VARIABLE|P0280083000|1|0|1.0|INDIVIDUAL|VARIABLE|P0280083000|1|0|1.0|INDIVIDUAL|VARIABLE|P0280083000|1|0|1.0|INDIVIDUAL|VARIABLE|P0280083000|1|0|1.0|INDIVIDUAL|VARIABLE|P0280083000|1|0|1.0|INDIVIDUAL|VARIABLE|P0280083000|1|0|1.0|INDIVIDUAL|VARIABLE|P0280083000|1|0|1.0|INDIVIDUAL|VARIABLE|P0280083000|1|0|1.0|INDIVIDUAL|VARIABLE|P0280083000|1|0|1.0|INDIVIDUAL|VARIABLE|P0280083000|1|0|1.0|INDIVIDUAL|VARIABLE|P0280083000|1|0|1.0|INDIVIDUAL|VARIABLE|P0280083000|1|0|1.0|INDIVIDUAL|VARIABLE|P0280083000|1|0|1.0|INDIVIDUAL|VARIABLE|P0280083000|1|0|1.0|INDIVIDUAL|VARIABLE|P0280083000|1|0|1.0|INDIVIDUAL|VARIABLE|P0280083000|1|0|1.0|INDIVIDUAL|VARIABLE|P0280083000|1|0|1.0|INDIVIDUAL|VARIABLE|P0280083000|1|0|1.0|INDIVIDUAL|VARIABLE|P0280083000|1|0|1.0|INDIVIDUAL|VARIABLE|P0280083000|1|0|1.0|INDIVIDUAL|VARIABLE|P0280083000|1|0|1.0|INDIVIDUAL|VARIABLE|P0280083000|1|0|1.0|INDIVIDUAL|VARIABLE|P0280083000|1|0|1.0|INDIVIDUAL|VARIABLE|P0280083000|1|0|1.0|INDIVIDUAL|VARIABLE|P0280083000|1|0|1.0|INDIVIDUAL|VARIABLE|P0280083000|1|0|1.0|INDIVIDUAL|VARIABLE|P0280083000|1|0|1.0|INDIVIDUAL|VARIABLE|P0280083000|1|0|1.0|INDIVIDUAL|VARIABLE|P0280083000|1|0|1.0|INDIVIDUAL|VARIABLE|P0280083000|1|0|1.0|INDIVIDUAL|VARIABLE|P0280083000|1|0|1.0|INDIVIDUAL|VARIABLE|P0280083000|1|0|1.0|INDIVIDUAL|VARIABLE|P0280083000|1|0|1.0|INDIVIDUAL|VARIABLE|P0280083000|1|0|1.0|INDIVIDUAL|VARIABLE|P0280083000|1|0|1.0|INDIVIDUAL|VARIABLE|P0280083000|1|0|1.0|INDIVIDUAL|VARIABLE|P0280083000|1|0|1.0|INDIVIDUAL|VARIABLE|P0280083000|1|0|1.0|INDIVIDUAL|VARIABLE|P0280083000|1|0|1.0|INDIVIDUAL|VARIABLE|P0280083000|1|0|1.0|INDIVIDUAL|VARIABLE|P0280083000|1|0|1.0|INDIVIDUAL|VARIABLE|P0280083000|1|0|1.0|INDIVIDUAL|VARIABLE|P0280083000|1|0|1.0|INDIVIDUAL|VARIABLE|P0280083000|1|0|1.0|INDIVIDUAL|VARIABLE|P0280083000|1|0|1.0|INDIVIDUAL|VARIABLE|P0280083000|1|0|1.0|INDIVIDUAL|VARIABLE|P0280083000|1|0|1.0|INDIVIDUAL|VARIABLE|P0280083000|1|0|1.0|INDIVIDUAL|VARIABLE|P0280083000|1|0|1.0|INDIVIDUAL|VARIABLE|P0280083000|1|0|1.0|INDIVIDUAL|VARIABLE|P0280083000|1|0|1.0|INDIVIDUAL|VARIABLE|P0280083000|1|0|1.0|INDIVIDUAL|VARIABLE|P0280083000|1|0|1.0|INDIVIDUAL|VARIABLE|P0280083000|1|0|1.0|INDIVIDUAL|VARIABLE|P0280083000|1|0|1.0|INDIVIDUAL|VARIABLE|P0280083000|1|0|1.0|INDIVIDUAL|VARIABLE|P0280083000|1|0|1.0|INDIVIDUAL|VARIABLE|P0280083000|1|0|1.0|INDIVIDUAL|VARIABLE|P0280083000|1|0|1.0|INDIVIDUAL|VARIABLE|P0280083000|1|0|1.0|INDIVIDUAL|VARIABLE|P0280083000|1|0|1.0|INDIVIDUAL|VARIABLE|P0280083000|1|0|1.0|INDIVIDUAL|VARIABLE|P0280083000|1|0|1.0|INDIVIDUAL|VARIABLE|P0280083000|1|0|1.0|INDIVIDUAL|VARIABLE|P0280083000|1|0|1.0|INDIVIDUAL|VARIABLE|P0280083000|1|0|1.0|INDIVIDUAL|VARIABLE|P0280083000|1|0|1.0|INDIVIDUAL|VARIABLE|P0280083000|1|0|1.0|INDIVIDUAL|VARIABLE|P0280083000|1|0|1.0|INDIVIDUAL|VARIABLE|P0280083000|1|0|1.0|INDIVIDUAL|VARIABLE|P0280083000|1|0|1.0|INDIVIDUAL|VARIABLE|P0280083000|1|0|1.0|INDIVIDUAL|VARIABLE|P0280083000|1|0|1.0|INDIVIDUAL|VARIABLE|P0280083000|1|0|1.0|INDIVIDUAL|VARIABLE|P0280083000|1|0|1.0|INDIVIDUAL|VARIABLE|P0280083000|1|0|1.0|INDIVIDUAL|VARIABLE|P0280083000|1|0|1.0|INDIVIDUAL|VARIABLE|P0280083000|1|0|1.0|INDIVIDUAL|VARIABLE|P0280083000|1|0|1.0|INDIVIDUAL|VARIABLE|P0280083000|1|0|1.0|INDIVIDUAL|VARIABLE|P0280083000|1|0|1.0|INDIVIDUAL|VARIABLE|P0280083000|1|0|1.0|INDIVIDUAL|VARIABLE|P0280083000|1|0|1.0|INDIVIDUAL|VARIABLE|P0280083000|1|0|1.0|INDIVIDUAL|VARIABLE|P0280083000|1|0|1.0|INDIVIDUAL|VARIABLE|P0280083000|1|0|1.0|INDIVIDUAL|VARIABLE|P0280083000|1|0|1.0|INDIVIDUAL|VARIABLE|P0280083000|1|0|1.0|INDIVIDUAL|VARIABLE|P0280083000|1|0|1.0|INDIVIDUAL|VARIABLE|P0280083000|1|0|1.0|INDIVIDUAL|VARIABLE|P0280083000|1|0|1.0|INDIVIDUAL|VARIABLE|P0280083000|1|0|1.0|INDIVIDUAL|VARIABLE|P0280083000|1|0|1.0|INDIVIDUAL|VARIABLE|P0280083000|1|0|1.0|INDIVIDUAL|VARIABLE|P0280083000|1|0|1.0|INDIVIDUAL|VARIABLE|P0280083000|1|0|1.0|INDIVIDUAL|VARIABLE|P0280083000|1|0|1.0|INDIVIDUAL|VARIABLE|P0280083000|1|0|1.0|INDIVIDUAL|VARIABLE|P0280083000|1|0|1.0|INDIVIDUAL|VARIABLE|P0280083000|1|0|1.0|INDIVIDUAL|VARIABLE|P0280083000|1|0|1.0|INDIVIDUAL|VARIABLE|P0280083000|1|0|1.0|INDIVIDUAL|VARIABLE|P0280083000|1|0|1.0|INDIVIDUAL|VARIABLE|P0280083000|1|0|1.0|INDIVIDUAL|VARIABLE|P0280083000|1|0|1.0|INDIVIDUAL|VARIABLE|P0280083000|1|0|1.0|INDIVIDUAL|VARIABLE|P0280083000|1|0|1.0|INDIVIDUAL|VARIABLE|P0280083000|1|0|1.0|INDIVIDUAL|VARIABLE|P0280083000|1|0|1.0|INDIVIDUAL|VARIABLE|P0280083000|1|0|1.0|INDIVIDUAL|VARIABLE|P0280083000|1|0|1.0|INDIVIDUAL|VARIABLE|P0280083000|1|0|1.0|INDIVIDUAL|VARIABLE|P0280083000|1|0|1.0|INDIVIDUAL|VARIABLE|P0280083000|1|0|1.0|INDIVIDUAL|VARIABLE|P0280083000|1|0|1.0|INDIVIDUAL|VARIABLE|P0280083000|1|0|1.0|INDIVIDUAL|VARIABLE|P0280083000|1|0|1.0|INDIVIDUAL|VARIABLE|P0280083000|1|0|1.0|INDIVIDUAL|VARIABLE|P0280083000|1|0|1.0|INDIVIDUAL|VARIABLE|P0280083000|1|0|1.0|INDIVIDUAL|VARIABLE|P0280083000|1|0|1.0|INDIVIDUAL|VARIABLE|P0280083000|1|0|1.0|INDIVIDUAL|VARIABLE|P0280083000|1|0|1.0|INDIVIDUAL|VARIABLE|P0280083000|1|0|1.0|INDIVIDUAL|VARIABLE|P0280083000|1|0|1.0|INDIVIDUAL|VARIABLE|P0280083000|1|0|1.0|INDIVIDUAL|VARIABLE|P0280083000|1|0|1.0|INDIVIDUAL|VARIABLE|P0280083000|1|0|1.0|INDIVIDUAL|VARIABLE|P0280083000|1|0|1.0|INDIVIDUAL|VARIABLE|P0280083000|1|0|1.0|INDIVIDUAL|VARIABLE|P0280083000|1|0|1.0|INDIVIDUAL|VARIABLE|P0280083000|1|0|1.0|INDIVIDUAL|VARIABLE|P0280083000|1|0|1.0|INDIVIDUAL|VARIABLE|P0280083000|1|0|1.0|INDIVIDUAL|VARIABLE|P0280083000|1|0|1.0|INDIVIDUAL|VARIABLE|P0280083000|1|0|1.0|INDIVIDUAL|VARIABLE|P0280083000|1|0|1.0|INDIVIDUAL|VARIABLE|P0280083000|1|0|1.0|INDIVIDUAL|VARIABLE|P0280083000|1|0|1.0|INDIVIDUAL|VARIABLE|P0280083000|1|0|1.0|INDIVIDUAL|VARIABLE|P0280083000|1|0|1.0|INDIVIDUAL|VARIABLE|P0280083000|1|0|1.0|INDIVIDUAL|VARIABLE|P0280083000|1|0|1.0|INDIVIDUAL|VARIABLE|P0280083000|1|0|1.0|INDIVIDUAL|VARIABLE|P0280083000|1|0|1.0|INDIVIDUAL|VARIABLE|P0280083000|1|0|1.0|INDIVIDUAL|VARIABLE|P0280083000|1|0|1.0|INDIVIDUAL|VARIABLE|P0280083000|1|0|1.0|INDIVIDUAL|VARIABLE|P0280083000|1|0|1.0|INDIVIDUAL|VARIABLE|P0280083000|1|0|1.0|INDIVIDUAL|VARIABLE|P0280083000|1|0|1.0|INDIVIDUAL|VARIABLE|P0280083000|1|0|1.0|INDIVIDUAL|VARIABLE|P0280083000|1|0|1.0|INDIVIDUAL|VARIABLE|P0280083000|1|0|1.0|INDIVIDUAL|VARIABLE|P0280083000|1|0|1.0|INDIVIDUAL|VARIABLE|P0280083000|1|0|1.0|INDIVIDUAL|VARIABLE|P0280083000|1|0|1.0|INDIVIDUAL|VARIABLE|P0280083000|1|0|1.0|INDIVIDUAL|VARIABLE|P0280083000|1|0|1.0|INDIVIDUAL|VARIABLE|P0280083000|1|0|1.0|INDIVIDUAL|VARIABLE|P0280083000|1|0|1.0|INDIVIDUAL|VARIABLE|P0280083000|1|0|1.0|INDIVIDUAL|VARIABLE|P0280083000|1|0|1.0|INDIVIDUAL|VARIABLE|P0280083000|1|0|1.0|INDIVIDUAL|VARIABLE|P0280083000|1|0|1.0|INDIVIDUAL|VARIABLE|P0280083000|1|0|1.0|INDIVIDUAL|VARIABLE|P0280083000|1|0|1.0|INDIVIDUAL|VARIABLE|P0280083000|1|0|1.0|INDIVIDUAL|VARIABLE|P0280083000|1|0|1.0|INDIVIDUAL|VARIABLE|P0280083000|1|0|1.0|INDIVIDUAL|VARIABLE|P0280083000|1|0|1.0|INDIVIDUAL|VARIABLE|P0280083000|1|0|1.0|INDIVIDUAL|VARIABLE|P0280083000|1|0|1.0|INDIVIDUAL|VARIABLE|P0280083000|1|0|1.0|INDIVIDUAL|VARIABLE|P0280083000|1|0|1.0|INDIVIDUAL|VARIABLE|P0280083000|1|0|1.0|INDIVIDUAL|VARIABLE|P0280083000|1|0|1.0|INDIVIDUAL|VARIABLE|P0280083000|1|0|1.0|INDIVIDUAL|VARIABLE|P0280083000|1|0|1.0|INDIVIDUAL|VARIABLE|P0280083000|1|0|1.0|INDIVIDUAL|VARIABLE|P0280083000|1|0|1.0|INDIVIDUAL|VARIABLE|P0280083000|1|0|1.0|INDIVIDUAL|VARIABLE|P0280083000|1|0|1.0|INDIVIDUAL|VARIABLE|P0280083000|1|0|1.0|INDIVIDUAL|VARIABLE|P0280083000|1|0|1.0|INDIVIDUAL|VARIABLE|P0280083000|1|0|1.0|INDIVIDUAL|VARIABLE|P0280083000|1|0|1.0|INDIVIDUAL|VARIABLE|P0280083000|1|0|1.0|INDIVIDUAL|VARIABLE|P0280083000|1|0|1.0|INDIVIDUAL|VARIABLE|P0280083000|1|0|1.0|INDIVIDUAL|VARIABLE|P0280083000|1|0|1.0|INDIVIDUAL|VARIABLE|P0280083000|1|0|1.0|INDIVIDUAL|VARIABLE|P0280083000|1|0|1.0|INDIVIDUAL|VARIABLE|P0280083000|1|0|1.0|INDIVIDUAL|VARIABLE|P0280083000|1|0|1.0|INDIVIDUAL|VARIABLE|P0280083000|1|0|1.0|INDIVIDUAL|VARIABLE|P0280083000|1|0|1.0|INDIVIDUAL|VARIABLE|P0280083000|1|0|1.0|INDIVIDUAL|VARIABLE|P0280083000|1|0|1.0|INDIVIDUAL|VARIABLE|P0280083000|1|0|1.0|INDIVIDUAL|VARIABLE|P0280083000|1|0|1.0|INDIVIDUAL|VARIABLE|P0280083000|1|0|1.0|INDIVIDUAL|VARIABLE|P0280083000|1|0|1.0|INDIVIDUAL|VARIABLE|P0280083000|1|0|1.0|INDIVIDUAL|VARIABLE|P0280083000|1|0|1.0|INDIVIDUAL|VARIABLE|P0280083000|1|0|1.0|INDIVIDUAL|VARIABLE|P0280083000|1|0|1.0|INDIVIDUAL|VARIABLE|P0280083000|1|0|1.0|INDIVIDUAL|VARIABLE|P0280083000|1|0|1.0|INDIVIDUAL|VARIABLE|P0280083000|1|0|1.0|INDIVIDUAL|VARIABLE|P0280083000|1|0|1.0|INDIVIDUAL|VARIABLE|P0280083000|1|0|1.0|INDIVIDUAL|VARIABLE|P0280083000|1|0|1.0|INDIVIDUAL|VARIABLE|P0280083000|1|0|1.0|INDIVIDUAL|VARIABLE|P0280083000|1|0|1.0|INDIVIDUAL|VARIABLE|P0280083000|1|0|1.0|INDIVIDUAL|VARIABLE|P0280083000|1|0|1.0|INDIVIDUAL|VARIABLE|P0280083000|1|0|1.0|INDIVIDUAL|VARIABLE|P0280083000|1|0|1.0|INDIVIDUAL|VARIABLE|P0280083000|1|0|1.0|INDIVIDUAL|VARIABLE|P0280083000|1|0|1.0|INDIVIDUAL|VARIABLE|P0280083000|1|0|1.0|INDIVIDUAL|VARIABLE|P0280083000|1|0|1.0|INDIVIDUAL|VARIABLE|P0280083000|1|0|1.0|INDIVIDUAL|VARIABLE|P0280083000|1|0|1.0|INDIVIDUAL|VARIABLE|P0280083000|1|0|1.0|INDIVIDUAL|VARIABLE|P0280083000|1|0|1.0|INDIVIDUAL|VARIABLE|P0280083000|1|0|1.0|INDIVIDUAL|VARIABLE|P0280083000|1|0|1.0|INDIVIDUAL|VARIABLE|P0280083000|1|0|1.0|INDIVIDUAL|VARIABLE|P0280083000|1|0|1.0|INDIVIDUAL|VARIABLE|P0280083000|1|0|1.0|INDIVIDUAL|VARIABLE|P0280083000|1|0|1.0|INDIVIDUAL|VARIABLE|P0280083000|1|0|1.0|INDIVIDUAL|VARIABLE|P0280083000|1|0|1.0|INDIVIDUAL|VARIABLE|P0280083000|1|0|1.0|INDIVIDUAL|VARIABLE|P0280083000|1|0|1.0|INDIVIDUAL|VARIABLE|P0280083000|1|0|1.0|INDIVIDUAL|VARIABLE|P0280083000|1|0|1.0|INDIVIDUAL|VARIABLE|P0280083000|1|0|1.0|INDIVIDUAL|VARIABLE|P0280083000|1|0|1.0|INDIVIDUAL|VARIABLE|P0280083000|1|0|1.0|INDIVIDUAL|VARIABLE|P0280083000|1|0|1.0|INDIVIDUAL|VARIABLE|P0280083000|1|0|1.0|INDIVIDUAL|VARIABLE|P0280083000|1|0|1.0|INDIVIDUAL|VARIABLE|P0280083000|1|0|1.0|INDIVIDUAL|VARIABLE|P0280083000|1|0|1.0|INDIVIDUAL|VARIABLE|P0280083000|1|0|1.0|INDIVIDUAL|VARIABLE|P0280083000|1|0|1.0|INDIVIDUAL|VARIABLE|P0280083000|1|0|1.0|INDIVIDUAL|VARIABLE|P0280083000|1|0|1.0|INDIVIDUAL|VARIABLE|P0280083000|1|0|1.0|INDIVIDUAL|VARIABLE|P0280083000|1|0|1.0
112,INDIVIDUAL|VARIABLE|P0285050000|1|0|1.0|INDIVIDUAL|VARIABLE|P0285050000|1|0|1.0|INDIVIDUAL|VARIABLE|P0285050000|1|0|1.0|INDIVIDUAL|VARIABLE|P0285050000|1|0|1.0|INDIVIDUAL|VARIABLE|P0285050000|1|0|1.0|INDIVIDUAL|VARIABLE|P0285050000|1|0|1.0|INDIVIDUAL|VARIABLE|P0285050000|1|0|1.0|INDIVIDUAL|VARIABLE|P0285050000|1|0|1.0|INDIVIDUAL|VARIABLE|P0285050000|1|0|1.0|INDIVIDUAL|VARIABLE|P0285050000|1|0|1.0|INDIVIDUAL|VARIABLE|P0285050000|1|0|1.0|INDIVIDUAL|VARIABLE|P0285050000|1|0|1.0|INDIVIDUAL|VARIABLE|P0285050000|1|0|1.0|INDIVIDUAL|VARIABLE|P0285050000|1|0|1.0|INDIVIDUAL|VARIABLE|P0285050000|1|0|1.0|INDIVIDUAL|VARIABLE|P0285050000|1|0|1.0|INDIVIDUAL|VARIABLE|P0285050000|1|0|1.0|INDIVIDUAL|VARIABLE|P0285050000|1|0|1.0|INDIVIDUAL|VARIABLE|P0285050000|1|0|1.0|INDIVIDUAL|VARIABLE|P0285050000|1|0|1.0|INDIVIDUAL|VARIABLE|P0285050000|1|0|1.0|INDIVIDUAL|VARIABLE|P0285050000|1|0|1.0
113,INDIVIDUAL|VARIABLE|P0261052003|1|0|1.0|INDIVIDUAL|VARIABLE|P0261052003|1|0|1.0|INDIVIDUAL|VARIABLE|P0261052003|1|0|1.0|INDIVIDUAL|VARIABLE|P0261052003|1|0|1.0|INDIVIDUAL|VARIABLE|P0261052003|1|0|1.0|INDIVIDUAL|VARIABLE|P0261052003|1|0|1.0|INDIVIDUAL|VARIABLE|P0261052003|1|0|1.0|INDIVIDUAL|VARIABLE|P0261052003|1|0|1.0|INDIVIDUAL|VARIABLE|P0261052003|1|0|1.0|INDIVIDUAL|VARIABLE|P0261052003|1|0|1.0|INDIVIDUAL|VARIABLE|P0261052003|1|0|1.0|INDIVIDUAL|VARIABLE|P0261052003|1|0|1.0|INDIVIDUAL|VARIABLE|P0261052003|1|0|1.0|INDIVIDUAL|VARIABLE|P0261052003|1|0|1.0|INDIVIDUAL|VARIABLE|P0261052003|1|0|1.0|INDIVIDUAL|VARIABLE|P0261052003|1|0|1.0|INDIVIDUAL|VARIABLE|P0261052003|1|0|1.0|INDIVIDUAL|VARIABLE|P0261052003|1|0|1.0|INDIVIDUAL|VARIABLE|P0261052003|1|0|1.0|INDIVIDUAL|VARIABLE|P0261052003|1|0|1.0|INDIVIDUAL|VARIABLE|P0261052003|1|0|1.0|INDIVIDUAL|VARIABLE|P0261052003|1|0|1.0|INDIVIDUAL|VARIABLE|P0261052003|1|0|1.0|INDIVIDUAL|VARIABLE|P0261052003|1|0|1.0|INDIVIDUAL|VARIABLE|P0261052003|1|0|1.0|INDIVIDUAL|VARIABLE|P0261052003|1|0|1.0|INDIVIDUAL|VARIABLE|P0261052003|1|0|1.0|INDIVIDUAL|VARIABLE|P0261052003|1|0|1.0|INDIVIDUAL|VARIABLE|P0261052003|1|0|1.0|INDIVIDUAL|VARIABLE|P0261052003|1|0|1.0|INDIVIDUAL|VARIABLE|P0261052003|1|0|1.0|INDIVIDUAL|VARIABLE|P0261052003|1|0|1.0|INDIVIDUAL|VARIABLE|P0261052003|1|0|1.0|INDIVIDUAL|VARIABLE|P0261052003|1|0|1.0|INDIVIDUAL|VARIABLE|P0261052003|1|0|1.0|INDIVIDUAL|VARIABLE|P0261052003|1|0|1.0|INDIVIDUAL|VARIABLE|P0261052003|1|0|1.0|INDIVIDUAL|VARIABLE|P0261052003|1|0|1.0|INDIVIDUAL|VARIABLE|P0261052003|1|0|1.0|INDIVIDUAL|VARIABLE|P0261052003|1|0|1.0|INDIVIDUAL|VARIABLE|P0261052003|1|0|1.0|INDIVIDUAL|VARIABLE|P0261052003|1|0|1.0|INDIVIDUAL|VARIABLE|P0261052003|1|0|1.0|INDIVIDUAL|VARIABLE|P0261052003|1|0|1.0|INDIVIDUAL|VARIABLE|P0261052003|1|0|1.0|INDIVIDUAL|VARIABLE|P0261052003|1|0|1.0|INDIVIDUAL|VARIABLE|P0261052003|1|0|1.0|INDIVIDUAL|VARIABLE|P0261052003|1|0|1.0|INDIVIDUAL|VARIABLE|P0261052003|1|0|1.0|INDIVIDUAL|VARIABLE|P0261052003|1|0|1.0|INDIVIDUAL|VARIABLE|P0261052003|1|0|1.0|INDIVIDUAL|VARIABLE|P0261052003|1|0|1.0|INDIVIDUAL|VARIABLE|P0261052003|1|0|1.0|INDIVIDUAL|VARIABLE|P0261052003|1|0|1.0|INDIVIDUAL|VARIABLE|P0261052003|1|0|1.0|INDIVIDUAL|VARIABLE|P0261052003|1|0|1.0|INDIVIDUAL|VARIABLE|P0261052003|1|0|1.0|INDIVIDUAL|VARIABLE|P0261052003|1|0|1.0|INDIVIDUAL|VARIABLE|P0261052003|1|0|1.0|INDIVIDUAL|VARIABLE|P0261052003|1|0|1.0|INDIVIDUAL|VARIABLE|P0261052003|1|0|1.0|INDIVIDUAL|VARIABLE|P0261052003|1|0|1.0|INDIVIDUAL|VARIABLE|P0261052003|1|0|1.0|INDIVIDUAL|VARIABLE|P0261052003|1|0|1.0|INDIVIDUAL|VARIABLE|P0261052003|1|0|1.0|INDIVIDUAL|VARIABLE|P0261052003|1|0|1.0|INDIVIDUAL|VARIABLE|P0261052003|1|0|1.0|INDIVIDUAL|VARIABLE|P0261052003|1|0|1.0|INDIVIDUAL|VARIABLE|P0261052003|1|0|1.0|INDIVIDUAL|VARIABLE|P0261052003|1|0|1.0|INDIVIDUAL|VARIABLE|P0261052003|1|0|1.0|INDIVIDUAL|VARIABLE|P0261052003|1|0|1.0|INDIVIDUAL|VARIABLE|P0261052003|1|0|1.0|INDIVIDUAL|VARIABLE|P0261052003|1|0|1.0|INDIVIDUAL|VARIABLE|P0261052003|1|0|1.0|INDIVIDUAL|VARIABLE|P0261052003|1|0|1.0|INDIVIDUAL|VARIABLE|P0261052003|1|0|1.0|INDIVIDUAL|VARIABLE|P0261052003|1|0|1.0|INDIVIDUAL|VARIABLE|P0261052003|1|0|1.0|INDIVIDUAL|VARIABLE|P0261052003|1|0|1.0|INDIVIDUAL|VARIABLE|P0261052003|1|0|1.0|INDIVIDUAL|VARIABLE|P0261052003|1|0|1.0|INDIVIDUAL|VARIABLE|P0261052003|1|0|1.0|INDIVIDUAL|VARIABLE|P0261052003|1|0|1.0|INDIVIDUAL|VARIABLE|P0261052003|1|0|1.0|INDIVIDUAL|VARIABLE|P0261052003|1|0|1.0|INDIVIDUAL|VARIABLE|P0261052003|1|0|1.0|INDIVIDUAL|VARIABLE|P0261052003|1|0|1.0|INDIVIDUAL|VARIABLE|P0261052003|1|0|1.0|INDIVIDUAL|VARIABLE|P0261052003|1|0|1.0|INDIVIDUAL|VARIABLE|P0261052003|1|0|1.0|INDIVIDUAL|VARIABLE|P0261052003|1|0|1.0|INDIVIDUAL|VARIABLE|P0261052003|1|0|1.0|INDIVIDUAL|VARIABLE|P0261052003|1|0|1.0|INDIVIDUAL|VARIABLE|P0261052003|1|0|1.0|INDIVIDUAL|VARIABLE|P0261052003|1|0|1.0|INDIVIDUAL|VARIABLE|P0261052003|1|0|1.0|INDIVIDUAL|VARIABLE|P0261052003|1|0|1.0|INDIVIDUAL|VARIABLE|P0261052003|1|0|1.0|INDIVIDUAL|VARIABLE|P0261052003|1|0|1.0|INDIVIDUAL|VARIABLE|P0261052003|1|0|1.0|INDIVIDUAL|VARIABLE|P0261052003|1|0|1.0|INDIVIDUAL|VARIABLE|P0261052003|1|0|1.0|INDIVIDUAL|VARIABLE|P0261052003|1|0|1.0|INDIVIDUAL|VARIABLE|P0261052003|1|0|1.0|INDIVIDUAL|VARIABLE|P0261052003|1|0|1.0|INDIVIDUAL|VARIABLE|P0261052003|1|0|1.0|INDIVIDUAL|VARIABLE|P0261052003|1|0|1.0|INDIVIDUAL|VARIABLE|P0261052003|1|0|1.0|INDIVIDUAL|VARIABLE|P0261052003|1|0|1.0|INDIVIDUAL|VARIABLE|P0261052003|1|0|1.0|INDIVIDUAL|VARIABLE|P0261052003|1|0|1.0|INDIVIDUAL|VARIABLE|P0261052003|1|0|1.0|INDIVIDUAL|VARIABLE|P0261052003|1|0|1.0|INDIVIDUAL|VARIABLE|P0261052003|1|0|1.0|INDIVIDUAL|VARIABLE|P0261052003|1|0|1.0|INDIVIDUAL|VARIABLE|P0261052003|1|0|1.0|INDIVIDUAL|VARIABLE|P0261052003|1|0|1.0|INDIVIDUAL|VARIABLE|P0261052003|1|0|1.0|INDIVIDUAL|VARIABLE|P0261052003|1|0|1.0|INDIVIDUAL|VARIABLE|P0261052003|1|0|1.0|INDIVIDUAL|VARIABLE|P0261052003|1|0|1.0|INDIVIDUAL|VARIABLE|P0261052003|1|0|1.0|INDIVIDUAL|VARIABLE|P0261052003|1|0|1.0|INDIVIDUAL|VARIABLE|P0261052003|1|0|1.0|INDIVIDUAL|VARIABLE|P0261052003|1|0|1.0|INDIVIDUAL|VARIABLE|P0261052003|1|0|1.0|INDIVIDUAL|VARIABLE|P0261052003|1|0|1.0|INDIVIDUAL|VARIABLE|P0261052003|1|0|1.0|INDIVIDUAL|VARIABLE|P0261052003|1|0|1.0|INDIVIDUAL|VARIABLE|P0261052003|1|0|1.0|INDIVIDUAL|VARIABLE|P0261052003|1|0|1.0|INDIVIDUAL|VARIABLE|P0261052003|1|0|1.0|INDIVIDUAL|VARIABLE|P0261052003|1|0|1.0|INDIVIDUAL|VARIABLE|P0261052003|1|0|1.0|INDIVIDUAL|VARIABLE|P0261052003|1|0|1.0|INDIVIDUAL|VARIABLE|P0261052003|1|0|1.0|INDIVIDUAL|VARIABLE|P0261052003|1|0|1.0|INDIVIDUAL|VARIABLE|P0261052003|1|0|1.0|INDIVIDUAL|VARIABLE|P0261052003|1|0|1.0|INDIVIDUAL|VARIABLE|P0261052003|1|0|1.0|INDIVIDUAL|VARIABLE|P0261052003|1|0|1.0|INDIVIDUAL|VARIABLE|P0261052003|1|0|1.0|INDIVIDUAL|VARIABLE|P0261052003|1|0|1.0|INDIVIDUAL|VARIABLE|P0261052003|1|0|1.0|INDIVIDUAL|VARIABLE|P0261052003|1|0|1.0|INDIVIDUAL|VARIABLE|P0261052003|1|0|1.0|INDIVIDUAL|VARIABLE|P0261052003|1|0|1.0|INDIVIDUAL|VARIABLE|P0261052003|1|0|1.0|INDIVIDUAL|VARIABLE|P0261052003|1|0|1.0|INDIVIDUAL|VARIABLE|P0261052003|1|0|1.0|INDIVIDUAL|VARIABLE|P0261052003|1|0|1.0|INDIVIDUAL|VARIABLE|P0261052003|1|0|1.0|INDIVIDUAL|VARIABLE|P0261052003|1|0|1.0|INDIVIDUAL|VARIABLE|P0261052003|1|0|1.0|INDIVIDUAL|VARIABLE|P0261052003|1|0|1.0|INDIVIDUAL|VARIABLE|P0261052003|1|0|1.0|INDIVIDUAL|VARIABLE|P0261052003|1|0|1.0|INDIVIDUAL|VARIABLE|P0261052003|1|0|1.0|INDIVIDUAL|VARIABLE|P0261052003|1|0|1.0|INDIVIDUAL|VARIABLE|P0261052003|1|0|1.0|INDIVIDUAL|VARIABLE|P0261052003|1|0|1.0|INDIVIDUAL|VARIABLE|P0261052003|1|0|1.0|INDIVIDUAL|VARIABLE|P0261052003|1|0|1.0|INDIVIDUAL|VARIABLE|P0261052003|1|0|1.0|INDIVIDUAL|VARIABLE|P0261052003|1|0|1.0|INDIVIDUAL|VARIABLE|P0261052003|1|0|1.0|INDIVIDUAL|VARIABLE|P0261052003|1|0|1.0|INDIVIDUAL|VARIABLE|P0261052003|1|0|1.0|INDIVIDUAL|VARIABLE|P0261052003|1|0|1.0|INDIVIDUAL|VARIABLE|P0261052003|1|0|1.0|INDIVIDUAL|VARIABLE|P0261052003|1|0|1.0|INDIVIDUAL|VARIABLE|P0261052003|1|0|1.0|INDIVIDUAL|VARIABLE|P0261052003|1|0|1.0|INDIVIDUAL|VARIABLE|P0261052003|1|0|1.0|INDIVIDUAL|VARIABLE|P0261052003|1|0|1.0|INDIVIDUAL|VARIABLE|P0261052003|1|0|1.0|INDIVIDUAL|VARIABLE|P0261052003|1|0|1.0|INDIVIDUAL|VARIABLE|P0261052003|1|0|1.0|INDIVIDUAL|VARIABLE|P0261052003|1|0|1.0|INDIVIDUAL|VARIABLE|P0261052003|1|0|1.0|INDIVIDUAL|VARIABLE|P0261052003|1|0|1.0|INDIVIDUAL|VARIABLE|P0261052003|1|0|1.0|INDIVIDUAL|VARIABLE|P0261052003|1|0|1.0|INDIVIDUAL|VARIABLE|P0261052003|1|0|1.0|INDIVIDUAL|VARIABLE|P0261052003|1|0|1.0|INDIVIDUAL|VARIABLE|P0261052003|1|0|1.0|INDIVIDUAL|VARIABLE|P0261052003|1|0|1.0|INDIVIDUAL|VARIABLE|P0261052003|1|0|1.0|INDIVIDUAL|VARIABLE|P0261052003|1|0|1.0|INDIVIDUAL|VARIABLE|P0261052003|1|0|1.0|INDIVIDUAL|VARIABLE|P0261052003|1|0|1.0|INDIVIDUAL|VARIABLE|P0261052003|1|0|1.0|INDIVIDUAL|VARIABLE|P0261052003|1|0|1.0|INDIVIDUAL|VARIABLE|P0261052003|1|0|1.0|INDIVIDUAL|VARIABLE|P0261052003|1|0|1.0|INDIVIDUAL|VARIABLE|P0261052003|1|0|1.0|INDIVIDUAL|VARIABLE|P0261052003|1|0|1.0|INDIVIDUAL|VARIABLE|P0261052003|1|0|1.0|INDIVIDUAL|VARIABLE|P0261052003|1|0|1.0|INDIVIDUAL|VARIABLE|P0261052003|1|0|1.0|INDIVIDUAL|VARIABLE|P0261052003|1|0|1.0|INDIVIDUAL|VARIABLE|P0261052003|1|0|1.0|INDIVIDUAL|VARIABLE|P0261052003|1|0|1.0|INDIVIDUAL|VARIABLE|P0261052003|1|0|1.0|INDIVIDUAL|VARIABLE|P0261052003|1|0|1.0|INDIVIDUAL|VARIABLE|P0261052003|1|0|1.0|INDIVIDUAL|VARIABLE|P0261052003|1|0|1.0|INDIVIDUAL|VARIABLE|P0261052003|1|0|1.0|INDIVIDUAL|VARIABLE|P0261052003|1|0|1.0|INDIVIDUAL|VARIABLE|P0261052003|1|0|1.0|INDIVIDUAL|VARIABLE|P0261052003|1|0|1.0|INDIVIDUAL|VARIABLE|P0261052003|1|0|1.0|INDIVIDUAL|VARIABLE|P0261052003|1|0|1.0|INDIVIDUAL|VARIABLE|P0261052003|1|0|1.0|INDIVIDUAL|VARIABLE|P0261052003|1|0|1.0|INDIVIDUAL|VARIABLE|P0261052003|1|0|1.0|INDIVIDUAL|VARIABLE|P0261052003|1|0|1.0|INDIVIDUAL|VARIABLE|P0261052003|1|0|1.0|INDIVIDUAL|VARIABLE|P0261052003|1|0|1.0|INDIVIDUAL|VARIABLE|P0261052003|1|0|1.0
114,INDIVIDUAL|VARIABLE|P0408051000|1|0|1.0|INDIVIDUAL|VARIABLE|P0408051000|1|0|1.0|INDIVIDUAL|VARIABLE|P0408051000|1|0|1.0|INDIVIDUAL|VARIABLE|P0408051000|1|0|1.0|INDIVIDUAL|VARIABLE|P0408051000|1|0|1.0|INDIVIDUAL|VARIABLE|P0408051000|1|0|1.0|INDIVIDUAL|VARIABLE|P0408051000|1|0|1.0|INDIVIDUAL|VARIABLE|P0408051000|1|0|1.0|INDIVIDUAL|VARIABLE|P0408051000|1|0|1.0|INDIVIDUAL|VARIABLE|P0408051000|1|0|1.0|INDIVIDUAL|VARIABLE|P0408051000|1|0|1.0|INDIVIDUAL|VARIABLE|P0408051000|1|0|1.0|INDIVIDUAL|VARIABLE|P0408051000|1|0|1.0|INDIVIDUAL|VARIABLE|P0408051000|1|0|1.0|INDIVIDUAL|VARIABLE|P0408051000|1|0|1.0|INDIVIDUAL|VARIABLE|P0408051000|1|0|1.0|INDIVIDUAL|VARIABLE|P0408051000|1|0|1.0|INDIVIDUAL|VARIABLE|P0408051000|1|0|1.0|INDIVIDUAL|VARIABLE|P0408051000|1|0|1.0|INDIVIDUAL|VARIABLE|P0408051000|1|0|1.0|INDIVIDUAL|VARIABLE|P0408051000|1|0|1.0|INDIVIDUAL|VARIABLE|P0408051000|1|0|1.0|INDIVIDUAL|VARIABLE|P0408051000|1|0|1.0|INDIVIDUAL|VARIABLE|P0408051000|1|0|1.0|INDIVIDUAL|VARIABLE|P0408051000|1|0|1.0|INDIVIDUAL|VARIABLE|P0408051000|1|0|1.0|INDIVIDUAL|VARIABLE|P0408051000|1|0|1.0|INDIVIDUAL|VARIABLE|P0408051000|1|0|1.0|INDIVIDUAL|VARIABLE|P0408051000|1|0|1.0|INDIVIDUAL|VARIABLE|P0408051000|1|0|1.0|INDIVIDUAL|VARIABLE|P0408051000|1|0|1.0|INDIVIDUAL|VARIABLE|P0408051000|1|0|1.0|INDIVIDUAL|VARIABLE|P0408051000|1|0|1.0|INDIVIDUAL|VARIABLE|P0408051000|1|0|1.0|INDIVIDUAL|VARIABLE|P0408051000|1|0|1.0|INDIVIDUAL|VARIABLE|P0408051000|1|0|1.0|INDIVIDUAL|VARIABLE|P0408051000|1|0|1.0|INDIVIDUAL|VARIABLE|P0408051000|1|0|1.0|INDIVIDUAL|VARIABLE|P0408051000|1|0|1.0|INDIVIDUAL|VARIABLE|P0408051000|1|0|1.0|INDIVIDUAL|VARIABLE|P0408051000|1|0|1.0|INDIVIDUAL|VARIABLE|P0408051000|1|0|1.0|INDIVIDUAL|VARIABLE|P0408051000|1|0|1.0|INDIVIDUAL|VARIABLE|P0408051000|1|0|1.0|INDIVIDUAL|VARIABLE|P0408051000|1|0|1.0|INDIVIDUAL|VARIABLE|P0408051000|1|0|1.0|INDIVIDUAL|VARIABLE|P0408051000|1|0|1.0|INDIVIDUAL|VARIABLE|P0408051000|1|0|1.0|INDIVIDUAL|VARIABLE|P0408051000|1|0|1.0|INDIVIDUAL|VARIABLE|P0408051000|1|0|1.0|INDIVIDUAL|VARIABLE|P0408051000|1|0|1.0|INDIVIDUAL|VARIABLE|P0408051000|1|0|1.0|INDIVIDUAL|VARIABLE|P0408051000|1|0|1.0|INDIVIDUAL|VARIABLE|P0408051000|1|0|1.0|INDIVIDUAL|VARIABLE|P0408051000|1|0|1.0|INDIVIDUAL|VARIABLE|P0408051000|1|0|1.0|INDIVIDUAL|VARIABLE|P0408051000|1|0|1.0|INDIVIDUAL|VARIABLE|P0408051000|1|0|1.0|INDIVIDUAL|VARIABLE|P0408051000|1|0|1.0|INDIVIDUAL|VARIABLE|P0408051000|1|0|1.0|INDIVIDUAL|VARIABLE|P0408051000|1|0|1.0|INDIVIDUAL|VARIABLE|P0408051000|1|0|1.0|INDIVIDUAL|VARIABLE|P0408051000|1|0|1.0|INDIVIDUAL|VARIABLE|P0408051000|1|0|1.0|INDIVIDUAL|VARIABLE|P0408051000|1|0|1.0|INDIVIDUAL|VARIABLE|P0408051000|1|0|1.0|INDIVIDUAL|VARIABLE|P0408051000|1|0|1.0|INDIVIDUAL|VARIABLE|P0408051000|1|0|1.0|INDIVIDUAL|VARIABLE|P0408051000|1|0|1.0|INDIVIDUAL|VARIABLE|P0408051000|1|0|1.0|INDIVIDUAL|VARIABLE|P0408051000|1|0|1.0|INDIVIDUAL|VARIABLE|P0408051000|1|0|1.0|INDIVIDUAL|VARIABLE|P0408051000|1|0|1.0|INDIVIDUAL|VARIABLE|P0408051000|1|0|1.0|INDIVIDUAL|VARIABLE|P0408051000|1|0|1.0|INDIVIDUAL|VARIABLE|P0408051000|1|0|1.0|INDIVIDUAL|VARIABLE|P0408051000|1|0|1.0|INDIVIDUAL|VARIABLE|P0408051000|1|0|1.0|INDIVIDUAL|VARIABLE|P0408051000|1|0|1.0|INDIVIDUAL|VARIABLE|P0408051000|1|0|1.0|INDIVIDUAL|VARIABLE|P0408051000|1|0|1.0|INDIVIDUAL|VARIABLE|P0408051000|1|0|1.0|INDIVIDUAL|VARIABLE|P0408051000|1|0|1.0|INDIVIDUAL|VARIABLE|P0408051000|1|0|1.0|INDIVIDUAL|VARIABLE|P0408051000|1|0|1.0|INDIVIDUAL|VARIABLE|P0408051000|1|0|1.0|INDIVIDUAL|VARIABLE|P0408051000|1|0|1.0|INDIVIDUAL|VARIABLE|P0408051000|1|0|1.0|INDIVIDUAL|VARIABLE|P0408051000|1|0|1.0|INDIVIDUAL|VARIABLE|P0408051000|1|0|1.0|INDIVIDUAL|VARIABLE|P0408051000|1|0|1.0|INDIVIDUAL|VARIABLE|P0408051000|1|0|1.0|INDIVIDUAL|VARIABLE|P0408051000|1|0|1.0|INDIVIDUAL|VARIABLE|P0408051000|1|0|1.0|INDIVIDUAL|VARIABLE|P0408051000|1|0|1.0|INDIVIDUAL|VARIABLE|P0408051000|1|0|1.0|INDIVIDUAL|VARIABLE|P0408051000|1|0|1.0|INDIVIDUAL|VARIABLE|P0408051000|1|0|1.0|INDIVIDUAL|VARIABLE|P0408051000|1|0|1.0
115,INDIVIDUAL|VARIABLE|P0408062000|1|0|1.0|INDIVIDUAL|VARIABLE|P0408062000|1|0|1.0|INDIVIDUAL|VARIABLE|P0408062000|1|0|1.0|INDIVIDUAL|VARIABLE|P0408062000|1|0|1.0|INDIVIDUAL|VARIABLE|P0408062000|1|0|1.0|INDIVIDUAL|VARIABLE|P0408062000|1|0|1.0|INDIVIDUAL|VARIABLE|P0408062000|1|0|1.0|INDIVIDUAL|VARIABLE|P0408062000|1|0|1.0|INDIVIDUAL|VARIABLE|P0408062000|1|0|1.0|INDIVIDUAL|VARIABLE|P0408062000|1|0|1.0|INDIVIDUAL|VARIABLE|P0408062000|1|0|1.0|INDIVIDUAL|VARIABLE|P0408062000|1|0|1.0|INDIVIDUAL|VARIABLE|P0408062000|1|0|1.0|INDIVIDUAL|VARIABLE|P0408062000|1|0|1.0|INDIVIDUAL|VARIABLE|P0408062000|1|0|1.0|INDIVIDUAL|VARIABLE|P0408062000|1|0|1.0|INDIVIDUAL|VARIABLE|P0408062000|1|0|1.0|INDIVIDUAL|VARIABLE|P0408062000|1|0|1.0|INDIVIDUAL|VARIABLE|P0408062000|1|0|1.0|INDIVIDUAL|VARIABLE|P0408062000|1|0|1.0|INDIVIDUAL|VARIABLE|P0408062000|1|0|1.0|INDIVIDUAL|VARIABLE|P0408062000|1|0|1.0|INDIVIDUAL|VARIABLE|P0408062000|1|0|1.0|INDIVIDUAL|VARIABLE|P0408062000|1|0|1.0|INDIVIDUAL|VARIABLE|P0408062000|1|0|1.0|INDIVIDUAL|VARIABLE|P0408062000|1|0|1.0|INDIVIDUAL|VARIABLE|P0408062000|1|0|1.0|INDIVIDUAL|VARIABLE|P0408062000|1|0|1.0|INDIVIDUAL|VARIABLE|P0408062000|1|0|1.0|INDIVIDUAL|VARIABLE|P0408062000|1|0|1.0|INDIVIDUAL|VARIABLE|P0408062000|1|0|1.0|INDIVIDUAL|VARIABLE|P0408062000|1|0|1.0|INDIVIDUAL|VARIABLE|P0408062000|1|0|1.0|INDIVIDUAL|VARIABLE|P0408062000|1|0|1.0|INDIVIDUAL|VARIABLE|P0408062000|1|0|1.0|INDIVIDUAL|VARIABLE|P0408062000|1|0|1.0|INDIVIDUAL|VARIABLE|P0408062000|1|0|1.0|INDIVIDUAL|VARIABLE|P0408062000|1|0|1.0|INDIVIDUAL|VARIABLE|P0408062000|1|0|1.0|INDIVIDUAL|VARIABLE|P0408062000|1|0|1.0|INDIVIDUAL|VARIABLE|P0408062000|1|0|1.0|INDIVIDUAL|VARIABLE|P0408062000|1|0|1.0|INDIVIDUAL|VARIABLE|P0408062000|1|0|1.0|INDIVIDUAL|VARIABLE|P0408062000|1|0|1.0|INDIVIDUAL|VARIABLE|P0408062000|1|0|1.0|INDIVIDUAL|VARIABLE|P0408062000|1|0|1.0|INDIVIDUAL|VARIABLE|P0408062000|1|0|1.0|INDIVIDUAL|VARIABLE|P0408062000|1|0|1.0|INDIVIDUAL|VARIABLE|P0408062000|1|0|1.0|INDIVIDUAL|VARIABLE|P0408062000|1|0|1.0|INDIVIDUAL|VARIABLE|P0408062000|1|0|1.0|INDIVIDUAL|VARIABLE|P0408062000|1|0|1.0|INDIVIDUAL|VARIABLE|P0408062000|1|0|1.0|INDIVIDUAL|VARIABLE|P0408062000|1|0|1.0|INDIVIDUAL|VARIABLE|P0408062000|1|0|1.0|INDIVIDUAL|VARIABLE|P0408062000|1|0|1.0|INDIVIDUAL|VARIABLE|P0408062000|1|0|1.0|INDIVIDUAL|VARIABLE|P0408062000|1|0|1.0|INDIVIDUAL|VARIABLE|P0408062000|1|0|1.0|INDIVIDUAL|VARIABLE|P0408062000|1|0|1.0|INDIVIDUAL|VARIABLE|P0408062000|1|0|1.0|INDIVIDUAL|VARIABLE|P0408062000|1|0|1.0|INDIVIDUAL|VARIABLE|P0408062000|1|0|1.0|INDIVIDUAL|VARIABLE|P0408062000|1|0|1.0|INDIVIDUAL|VARIABLE|P0408062000|1|0|1.0|INDIVIDUAL|VARIABLE|P0408062000|1|0|1.0|INDIVIDUAL|VARIABLE|P0408062000|1|0|1.0|INDIVIDUAL|VARIABLE|P0408062000|1|0|1.0|INDIVIDUAL|VARIABLE|P0408062000|1|0|1.0|INDIVIDUAL|VARIABLE|P0408062000|1|0|1.0|INDIVIDUAL|VARIABLE|P0408062000|1|0|1.0|INDIVIDUAL|VARIABLE|P0408062000|1|0|1.0|INDIVIDUAL|VARIABLE|P0408062000|1|0|1.0|INDIVIDUAL|VARIABLE|P0408062000|1|0|1.0|INDIVIDUAL|VARIABLE|P0408062000|1|0|1.0|INDIVIDUAL|VARIABLE|P0408062000|1|0|1.0|INDIVIDUAL|VARIABLE|P0408062000|1|0|1.0|INDIVIDUAL|VARIABLE|P0408062000|1|0|1.0|INDIVIDUAL|VARIABLE|P0408062000|1|0|1.0|INDIVIDUAL|VARIABLE|P0408062000|1|0|1.0|INDIVIDUAL|VARIABLE|P0408062000|1|0|1.0|INDIVIDUAL|VARIABLE|P0408062000|1|0|1.0|INDIVIDUAL|VARIABLE|P0408062000|1|0|1.0|INDIVIDUAL|VARIABLE|P0408062000|1|0|1.0|INDIVIDUAL|VARIABLE|P0408062000|1|0|1.0|INDIVIDUAL|VARIABLE|P0408062000|1|0|1.0|INDIVIDUAL|VARIABLE|P0408062000|1|0|1.0|INDIVIDUAL|VARIABLE|P0408062000|1|0|1.0|INDIVIDUAL|VARIABLE|P0408062000|1|0|1.0|INDIVIDUAL|VARIABLE|P0408062000|1|0|1.0|INDIVIDUAL|VARIABLE|P0408062000|1|0|1.0|INDIVIDUAL|VARIABLE|P0408062000|1|0|1.0|INDIVIDUAL|VARIABLE|P0408062000|1|0|1.0|INDIVIDUAL|VARIABLE|P0408062000|1|0|1.0|INDIVIDUAL|VARIABLE|P0408062000|1|0|1.0|INDIVIDUAL|VARIABLE|P0408062000|1|0|1.0|INDIVIDUAL|VARIABLE|P0408062000|1|0|1.0|INDIVIDUAL|VARIABLE|P0408062000|1|0|1.0|INDIVIDUAL|VARIABLE|P0408062000|1|0|1.0|INDIVIDUAL|VARIABLE|P0408062000|1|0|1.0|INDIVIDUAL|VARIABLE|P0408062000|1|0|1.0|INDIVIDUAL|VARIABLE|P0408062000|1|0|1.0|INDIVIDUAL|VARIABLE|P0408062000|1|0|1.0|INDIVIDUAL|VARIABLE|P0408062000|1|0|1.0|INDIVIDUAL|VARIABLE|P0408062000|1|0|1.0|INDIVIDUAL|VARIABLE|P0408062000|1|0|1.0|INDIVIDUAL|VARIABLE|P0408062000|1|0|1.0|INDIVIDUAL|VARIABLE|P0408062000|1|0|1.0|INDIVIDUAL|VARIABLE|P0408062000|1|0|1.0|INDIVIDUAL|VARIABLE|P0408062000|1|0|1.0|INDIVIDUAL|VARIABLE|P0408062000|1|0|1.0|INDIVIDUAL|VARIABLE|P0408062000|1|0|1.0|INDIVIDUAL|VARIABLE|P0408062000|1|0|1.0|INDIVIDUAL|VARIABLE|P0408062000|1|0|1.0|INDIVIDUAL|VARIABLE|P0408062000|1|0|1.0|INDIVIDUAL|VARIABLE|P0408062000|1|0|1.0|INDIVIDUAL|VARIABLE|P0408062000|1|0|1.0|INDIVIDUAL|VARIABLE|P0408062000|1|0|1.0|INDIVIDUAL|VARIABLE|P0408062000|1|0|1.0|INDIVIDUAL|VARIABLE|P0408062000|1|0|1.0|INDIVIDUAL|VARIABLE|P0408062000|1|0|1.0|INDIVIDUAL|VARIABLE|P0408062000|1|0|1.0|INDIVIDUAL|VARIABLE|P0408062000|1|0|1.0|INDIVIDUAL|VARIABLE|P0408062000|1|0|1.0|INDIVIDUAL|VARIABLE|P0408062000|1|0|1.0|INDIVIDUAL|VARIABLE|P0408062000|1|0|1.0|INDIVIDUAL|VARIABLE|P0408062000|1|0|1.0|INDIVIDUAL|VARIABLE|P0408062000|1|0|1.0|INDIVIDUAL|VARIABLE|P0408062000|1|0|1.0|INDIVIDUAL|VARIABLE|P0408062000|1|0|1.0
116,INDIVIDUAL|VARIABLE|P0261096002|1|0|1.0|INDIVIDUAL|VARIABLE|P0261096002|1|0|1.0|INDIVIDUAL|VARIABLE|P0261096002|1|0|1.0|INDIVIDUAL|VARIABLE|P0261096002|1|0|1.0|INDIVIDUAL|VARIABLE|P0261096002|1|0|1.0|INDIVIDUAL|VARIABLE|P0261096002|1|0|1.0|INDIVIDUAL|VARIABLE|P0261096002|1|0|1.0|INDIVIDUAL|VARIABLE|P0261096002|1|0|1.0|INDIVIDUAL|VARIABLE|P0261096002|1|0|1.0|INDIVIDUAL|VARIABLE|P0261096002|1|0|1.0|INDIVIDUAL|VARIABLE|P0261096002|1|0|1.0|INDIVIDUAL|VARIABLE|P0261096002|1|0|1.0|INDIVIDUAL|VARIABLE|P0261096002|1|0|1.0|INDIVIDUAL|VARIABLE|P0261096002|1|0|1.0|INDIVIDUAL|VARIABLE|P0261096002|1|0|1.0|INDIVIDUAL|VARIABLE|P0261096002|1|0|1.0|INDIVIDUAL|VARIABLE|P0261096002|1|0|1.0|INDIVIDUAL|VARIABLE|P0261096002|1|0|1.0|INDIVIDUAL|VARIABLE|P0261096002|1|0|1.0|INDIVIDUAL|VARIABLE|P0261096002|1|0|1.0|INDIVIDUAL|VARIABLE|P0261096002|1|0|1.0|INDIVIDUAL|VARIABLE|P0261096002|1|0|1.0|INDIVIDUAL|VARIABLE|P0261096002|1|0|1.0|INDIVIDUAL|VARIABLE|P0261096002|1|0|1.0|INDIVIDUAL|VARIABLE|P0261096002|1|0|1.0|INDIVIDUAL|VARIABLE|P0261096002|1|0|1.0|INDIVIDUAL|VARIABLE|P0261096002|1|0|1.0|INDIVIDUAL|VARIABLE|P0261096002|1|0|1.0|INDIVIDUAL|VARIABLE|P0261096002|1|0|1.0|INDIVIDUAL|VARIABLE|P0261096002|1|0|1.0|INDIVIDUAL|VARIABLE|P0261096002|1|0|1.0|INDIVIDUAL|VARIABLE|P0261096002|1|0|1.0|INDIVIDUAL|VARIABLE|P0261096002|1|0|1.0|INDIVIDUAL|VARIABLE|P0261096002|1|0|1.0|INDIVIDUAL|VARIABLE|P0261096002|1|0|1.0|INDIVIDUAL|VARIABLE|P0261096002|1|0|1.0|INDIVIDUAL|VARIABLE|P0261096002|1|0|1.0|INDIVIDUAL|VARIABLE|P0261096002|1|0|1.0|INDIVIDUAL|VARIABLE|P0261096002|1|0|1.0|INDIVIDUAL|VARIABLE|P0261096002|1|0|1.0|INDIVIDUAL|VARIABLE|P0261096002|1|0|1.0|INDIVIDUAL|VARIABLE|P0261096002|1|0|1.0|INDIVIDUAL|VARIABLE|P0261096002|1|0|1.0|INDIVIDUAL|VARIABLE|P0261096002|1|0|1.0|INDIVIDUAL|VARIABLE|P0261096002|1|0|1.0|INDIVIDUAL|VARIABLE|P0261096002|1|0|1.0|INDIVIDUAL|VARIABLE|P0261096002|1|0|1.0|INDIVIDUAL|VARIABLE|P0261096002|1|0|1.0|INDIVIDUAL|VARIABLE|P0261096002|1|0|1.0|INDIVIDUAL|VARIABLE|P0261096002|1|0|1.0|INDIVIDUAL|VARIABLE|P0261096002|1|0|1.0|INDIVIDUAL|VARIABLE|P0261096002|1|0|1.0|INDIVIDUAL|VARIABLE|P0261096002|1|0|1.0|INDIVIDUAL|VARIABLE|P0261096002|1|0|1.0|INDIVIDUAL|VARIABLE|P0261096002|1|0|1.0|INDIVIDUAL|VARIABLE|P0261096002|1|0|1.0|INDIVIDUAL|VARIABLE|P0261096002|1|0|1.0|INDIVIDUAL|VARIABLE|P0261096002|1|0|1.0|INDIVIDUAL|VARIABLE|P0261096002|1|0|1.0|INDIVIDUAL|VARIABLE|P0261096002|1|0|1.0|INDIVIDUAL|VARIABLE|P0261096002|1|0|1.0|INDIVIDUAL|VARIABLE|P0261096002|1|0|1.0|INDIVIDUAL|VARIABLE|P0261096002|1|0|1.0|INDIVIDUAL|VARIABLE|P0261096002|1|0|1.0|INDIVIDUAL|VARIABLE|P0261096002|1|0|1.0|INDIVIDUAL|VARIABLE|P0261096002|1|0|1.0|INDIVIDUAL|VARIABLE|P0261096002|1|0|1.0|INDIVIDUAL|VARIABLE|P0261096002|1|0|1.0|INDIVIDUAL|VARIABLE|P0261096002|1|0|1.0|INDIVIDUAL|VARIABLE|P0261096002|1|0|1.0|INDIVIDUAL|VARIABLE|P0261096002|1|0|1.0|INDIVIDUAL|VARIABLE|P0261096002|1|0|1.0|INDIVIDUAL|VARIABLE|P0261096002|1|0|1.0|INDIVIDUAL|VARIABLE|P0261096002|1|0|1.0|INDIVIDUAL|VARIABLE|P0261096002|1|0|1.0|INDIVIDUAL|VARIABLE|P0261096002|1|0|1.0|INDIVIDUAL|VARIABLE|P0261096002|1|0|1.0|INDIVIDUAL|VARIABLE|P0261096002|1|0|1.0|INDIVIDUAL|VARIABLE|P0261096002|1|0|1.0|INDIVIDUAL|VARIABLE|P0261096002|1|0|1.0|INDIVIDUAL|VARIABLE|P0261096002|1|0|1.0|INDIVIDUAL|VARIABLE|P0261096002|1|0|1.0|INDIVIDUAL|VARIABLE|P0261096002|1|0|1.0|INDIVIDUAL|VARIABLE|P0261096002|1|0|1.0|INDIVIDUAL|VARIABLE|P0261096002|1|0|1.0|INDIVIDUAL|VARIABLE|P0261096002|1|0|1.0|INDIVIDUAL|VARIABLE|P0261096002|1|0|1.0|INDIVIDUAL|VARIABLE|P0261096002|1|0|1.0|INDIVIDUAL|VARIABLE|P0261096002|1|0|1.0|INDIVIDUAL|VARIABLE|P0261096002|1|0|1.0|INDIVIDUAL|VARIABLE|P0261096002|1|0|1.0|INDIVIDUAL|VARIABLE|P0261096002|1|0|1.0|INDIVIDUAL|VARIABLE|P0261096002|1|0|1.0|INDIVIDUAL|VARIABLE|P0261096002|1|0|1.0|INDIVIDUAL|VARIABLE|P0261096002|1|0|1.0|INDIVIDUAL|VARIABLE|P0261096002|1|0|1.0|INDIVIDUAL|VARIABLE|P0261096002|1|0|1.0|INDIVIDUAL|VARIABLE|P0261096002|1|0|1.0|INDIVIDUAL|VARIABLE|P0261096002|1|0|1.0
117,INDIVIDUAL|VARIABLE|P0486050000|1|0|1.0|INDIVIDUAL|VARIABLE|P0486050000|1|0|1.0|INDIVIDUAL|VARIABLE|P0486050000|1|0|1.0|INDIVIDUAL|VARIABLE|P0486050000|1|0|1.0|INDIVIDUAL|VARIABLE|P0486050000|1|0|1.0|INDIVIDUAL|VARIABLE|P0486050000|1|0|1.0|INDIVIDUAL|VARIABLE|P0486050000|1|0|1.0|INDIVIDUAL|VARIABLE|P0486050000|1|0|1.0|INDIVIDUAL|VARIABLE|P0486050000|1|0|1.0|INDIVIDUAL|VARIABLE|P0486050000|1|0|1.0|INDIVIDUAL|VARIABLE|P0486050000|1|0|1.0|INDIVIDUAL|VARIABLE|P0486050000|1|0|1.0|INDIVIDUAL|VARIABLE|P0486050000|1|0|1.0|INDIVIDUAL|VARIABLE|P0486050000|1|0|1.0|INDIVIDUAL|VARIABLE|P0486050000|1|0|1.0|INDIVIDUAL|VARIABLE|P0486050000|1|0|1.0|INDIVIDUAL|VARIABLE|P0486050000|1|0|1.0|INDIVIDUAL|VARIABLE|P0486050000|1|0|1.0|INDIVIDUAL|VARIABLE|P0486050000|1|0|1.0|INDIVIDUAL|VARIABLE|P0486050000|1|0|1.0|INDIVIDUAL|VARIABLE|P0486050000|1|0|1.0|INDIVIDUAL|VARIABLE|P0486050000|1|0|1.0|INDIVIDUAL|VARIABLE|P0486050000|1|0|1.0|INDIVIDUAL|VARIABLE|P0486050000|1|0|1.0|INDIVIDUAL|VARIABLE|P0486050000|1|0|1.0|INDIVIDUAL|VARIABLE|P0486050000|1|0|1.0|INDIVIDUAL|VARIABLE|P0486050000|1|0|1.0|INDIVIDUAL|VARIABLE|P0486050000|1|0|1.0|INDIVIDUAL|VARIABLE|P0486050000|1|0|1.0|INDIVIDUAL|VARIABLE|P0486050000|1|0|1.0|INDIVIDUAL|VARIABLE|P0486050000|1|0|1.0|INDIVIDUAL|VARIABLE|P0486050000|1|0|1.0|INDIVIDUAL|VARIABLE|P0486050000|1|0|1.0|INDIVIDUAL|VARIABLE|P0486050000|1|0|1.0|INDIVIDUAL|VARIABLE|P0486050000|1|0|1.0|INDIVIDUAL|VARIABLE|P0486050000|1|0|1.0|INDIVIDUAL|VARIABLE|P0486050000|1|0|1.0|INDIVIDUAL|VARIABLE|P0486050000|1|0|1.0|INDIVIDUAL|VARIABLE|P0486050000|1|0|1.0|INDIVIDUAL|VARIABLE|P0486050000|1|0|1.0|INDIVIDUAL|VARIABLE|P0486050000|1|0|1.0|INDIVIDUAL|VARIABLE|P0486050000|1|0|1.0|INDIVIDUAL|VARIABLE|P0486050000|1|0|1.0|INDIVIDUAL|VARIABLE|P0486050000|1|0|1.0|INDIVIDUAL|VARIABLE|P0486050000|1|0|1.0|INDIVIDUAL|VARIABLE|P0486050000|1|0|1.0|INDIVIDUAL|VARIABLE|P0486050000|1|0|1.0|INDIVIDUAL|VARIABLE|P0486050000|1|0|1.0|INDIVIDUAL|VARIABLE|P0486050000|1|0|1.0|INDIVIDUAL|VARIABLE|P0486050000|1|0|1.0|INDIVIDUAL|VARIABLE|P0486050000|1|0|1.0|INDIVIDUAL|VARIABLE|P0486050000|1|0|1.0|INDIVIDUAL|VARIABLE|P0486050000|1|0|1.0|INDIVIDUAL|VARIABLE|P0486050000|1|0|1.0|INDIVIDUAL|VARIABLE|P0486050000|1|0|1.0|INDIVIDUAL|VARIABLE|P0486050000|1|0|1.0|INDIVIDUAL|VARIABLE|P0486050000|1|0|1.0|INDIVIDUAL|VARIABLE|P0486050000|1|0|1.0|INDIVIDUAL|VARIABLE|P0486050000|1|0|1.0|INDIVIDUAL|VARIABLE|P0486050000|1|0|1.0|INDIVIDUAL|VARIABLE|P0486050000|1|0|1.0|INDIVIDUAL|VARIABLE|P0486050000|1|0|1.0|INDIVIDUAL|VARIABLE|P0486050000|1|0|1.0|INDIVIDUAL|VARIABLE|P0486050000|1|0|1.0|INDIVIDUAL|VARIABLE|P0486050000|1|0|1.0|INDIVIDUAL|VARIABLE|P0486050000|1|0|1.0|INDIVIDUAL|VARIABLE|P0486050000|1|0|1.0|INDIVIDUAL|VARIABLE|P0486050000|1|0|1.0|INDIVIDUAL|VARIABLE|P0486050000|1|0|1.0|INDIVIDUAL|VARIABLE|P0486050000|1|0|1.0|INDIVIDUAL|VARIABLE|P0486050000|1|0|1.0|INDIVIDUAL|VARIABLE|P0486050000|1|0|1.0
118,INDIVIDUAL|VARIABLE|P0486059000|1|0|1.0|INDIVIDUAL|VARIABLE|P0486059000|1|0|1.0|INDIVIDUAL|VARIABLE|P0486059000|1|0|1.0|INDIVIDUAL|VARIABLE|P0486059000|1|0|1.0|INDIVIDUAL|VARIABLE|P0486059000|1|0|1.0|INDIVIDUAL|VARIABLE|P0486059000|1|0|1.0|INDIVIDUAL|VARIABLE|P0486059000|1|0|1.0|INDIVIDUAL|VARIABLE|P0486059000|1|0|1.0|INDIVIDUAL|VARIABLE|P0486059000|1|0|1.0|INDIVIDUAL|VARIABLE|P0486059000|1|0|1.0|INDIVIDUAL|VARIABLE|P0486059000|1|0|1.0|INDIVIDUAL|VARIABLE|P0486059000|1|0|1.0|INDIVIDUAL|VARIABLE|P0486059000|1|0|1.0|INDIVIDUAL|VARIABLE|P0486059000|1|0|1.0|INDIVIDUAL|VARIABLE|P0486059000|1|0|1.0|INDIVIDUAL|VARIABLE|P0486059000|1|0|1.0|INDIVIDUAL|VARIABLE|P0486059000|1|0|1.0|INDIVIDUAL|VARIABLE|P0486059000|1|0|1.0|INDIVIDUAL|VARIABLE|P0486059000|1|0|1.0|INDIVIDUAL|VARIABLE|P0486059000|1|0|1.0|INDIVIDUAL|VARIABLE|P0486059000|1|0|1.0|INDIVIDUAL|VARIABLE|P0486059000|1|0|1.0|INDIVIDUAL|VARIABLE|P0486059000|1|0|1.0|INDIVIDUAL|VARIABLE|P0486059000|1|0|1.0|INDIVIDUAL|VARIABLE|P0486059000|1|0|1.0|INDIVIDUAL|VARIABLE|P0486059000|1|0|1.0|INDIVIDUAL|VARIABLE|P0486059000|1|0|1.0|INDIVIDUAL|VARIABLE|P0486059000|1|0|1.0|INDIVIDUAL|VARIABLE|P0486059000|1|0|1.0|INDIVIDUAL|VARIABLE|P0486059000|1|0|1.0|INDIVIDUAL|VARIABLE|P0486059000|1|0|1.0|INDIVIDUAL|VARIABLE|P0486059000|1|0|1.0|INDIVIDUAL|VARIABLE|P0486059000|1|0|1.0|INDIVIDUAL|VARIABLE|P0486059000|1|0|1.0|INDIVIDUAL|VARIABLE|P0486059000|1|0|1.0|INDIVIDUAL|VARIABLE|P0486059000|1|0|1.0|INDIVIDUAL|VARIABLE|P0486059000|1|0|1.0|INDIVIDUAL|VARIABLE|P0486059000|1|0|1.0|INDIVIDUAL|VARIABLE|P0486059000|1|0|1.0|INDIVIDUAL|VARIABLE|P0486059000|1|0|1.0|INDIVIDUAL|VARIABLE|P0486059000|1|0|1.0|INDIVIDUAL|VARIABLE|P0486059000|1|0|1.0|INDIVIDUAL|VARIABLE|P0486059000|1|0|1.0|INDIVIDUAL|VARIABLE|P0486059000|1|0|1.0|INDIVIDUAL|VARIABLE|P0486059000|1|0|1.0|INDIVIDUAL|VARIABLE|P0486059000|1|0|1.0|INDIVIDUAL|VARIABLE|P0486059000|1|0|1.0|INDIVIDUAL|VARIABLE|P0486059000|1|0|1.0|INDIVIDUAL|VARIABLE|P0486059000|1|0|1.0|INDIVIDUAL|VARIABLE|P0486059000|1|0|1.0|INDIVIDUAL|VARIABLE|P0486059000|1|0|1.0|INDIVIDUAL|VARIABLE|P0486059000|1|0|1.0|INDIVIDUAL|VARIABLE|P0486059000|1|0|1.0|INDIVIDUAL|VARIABLE|P0486059000|1|0|1.0|INDIVIDUAL|VARIABLE|P0486059000|1|0|1.0
119,INDIVIDUAL|VARIABLE|P0261051003|1|0|1.0|INDIVIDUAL|VARIABLE|P0261051003|1|0|1.0|INDIVIDUAL|VARIABLE|P0261051003|1|0|1.0|INDIVIDUAL|VARIABLE|P0261051003|1|0|1.0|INDIVIDUAL|VARIABLE|P0261051003|1|0|1.0|INDIVIDUAL|VARIABLE|P0261051003|1|0|1.0|INDIVIDUAL|VARIABLE|P0261051003|1|0|1.0|INDIVIDUAL|VARIABLE|P0261051003|1|0|1.0|INDIVIDUAL|VARIABLE|P0261051003|1|0|1.0|INDIVIDUAL|VARIABLE|P0261051003|1|0|1.0|INDIVIDUAL|VARIABLE|P0261051003|1|0|1.0|INDIVIDUAL|VARIABLE|P0261051003|1|0|1.0|INDIVIDUAL|VARIABLE|P0261051003|1|0|1.0|INDIVIDUAL|VARIABLE|P0261051003|1|0|1.0|INDIVIDUAL|VARIABLE|P0261051003|1|0|1.0|INDIVIDUAL|VARIABLE|P0261051003|1|0|1.0|INDIVIDUAL|VARIABLE|P0261051003|1|0|1.0|INDIVIDUAL|VARIABLE|P0261051003|1|0|1.0|INDIVIDUAL|VARIABLE|P0261051003|1|0|1.0|INDIVIDUAL|VARIABLE|P0261051003|1|0|1.0|INDIVIDUAL|VARIABLE|P0261051003|1|0|1.0|INDIVIDUAL|VARIABLE|P0261051003|1|0|1.0|INDIVIDUAL|VARIABLE|P0261051003|1|0|1.0|INDIVIDUAL|VARIABLE|P0261051003|1|0|1.0|INDIVIDUAL|VARIABLE|P0261051003|1|0|1.0|INDIVIDUAL|VARIABLE|P0261051003|1|0|1.0|INDIVIDUAL|VARIABLE|P0261051003|1|0|1.0|INDIVIDUAL|VARIABLE|P0261051003|1|0|1.0|INDIVIDUAL|VARIABLE|P0261051003|1|0|1.0|INDIVIDUAL|VARIABLE|P0261051003|1|0|1.0|INDIVIDUAL|VARIABLE|P0261051003|1|0|1.0|INDIVIDUAL|VARIABLE|P0261051003|1|0|1.0|INDIVIDUAL|VARIABLE|P0261051003|1|0|1.0|INDIVIDUAL|VARIABLE|P0261051003|1|0|1.0|INDIVIDUAL|VARIABLE|P0261051003|1|0|1.0|INDIVIDUAL|VARIABLE|P0261051003|1|0|1.0|INDIVIDUAL|VARIABLE|P0261051003|1|0|1.0|INDIVIDUAL|VARIABLE|P0261051003|1|0|1.0|INDIVIDUAL|VARIABLE|P0261051003|1|0|1.0|INDIVIDUAL|VARIABLE|P0261051003|1|0|1.0|INDIVIDUAL|VARIABLE|P0261051003|1|0|1.0|INDIVIDUAL|VARIABLE|P0261051003|1|0|1.0|INDIVIDUAL|VARIABLE|P0261051003|1|0|1.0|INDIVIDUAL|VARIABLE|P0261051003|1|0|1.0|INDIVIDUAL|VARIABLE|P0261051003|1|0|1.0|INDIVIDUAL|VARIABLE|P0261051003|1|0|1.0|INDIVIDUAL|VARIABLE|P0261051003|1|0|1.0|INDIVIDUAL|VARIABLE|P0261051003|1|0|1.0|INDIVIDUAL|VARIABLE|P0261051003|1|0|1.0|INDIVIDUAL|VARIABLE|P0261051003|1|0|1.0|INDIVIDUAL|VARIABLE|P0261051003|1|0|1.0|INDIVIDUAL|VARIABLE|P0261051003|1|0|1.0|INDIVIDUAL|VARIABLE|P0261051003|1|0|1.0|INDIVIDUAL|VARIABLE|P0261051003|1|0|1.0|INDIVIDUAL|VARIABLE|P0261051003|1|0|1.0|INDIVIDUAL|VARIABLE|P0261051003|1|0|1.0|INDIVIDUAL|VARIABLE|P0261051003|1|0|1.0|INDIVIDUAL|VARIABLE|P0261051003|1|0|1.0|INDIVIDUAL|VARIABLE|P0261051003|1|0|1.0|INDIVIDUAL|VARIABLE|P0261051003|1|0|1.0|INDIVIDUAL|VARIABLE|P0261051003|1|0|1.0|INDIVIDUAL|VARIABLE|P0261051003|1|0|1.0|INDIVIDUAL|VARIABLE|P0261051003|1|0|1.0|INDIVIDUAL|VARIABLE|P0261051003|1|0|1.0|INDIVIDUAL|VARIABLE|P0261051003|1|0|1.0|INDIVIDUAL|VARIABLE|P0261051003|1|0|1.0|INDIVIDUAL|VARIABLE|P0261051003|1|0|1.0|INDIVIDUAL|VARIABLE|P0261051003|1|0|1.0|INDIVIDUAL|VARIABLE|P0261051003|1|0|1.0|INDIVIDUAL|VARIABLE|P0261051003|1|0|1.0|INDIVIDUAL|VARIABLE|P0261051003|1|0|1.0|INDIVIDUAL|VARIABLE|P0261051003|1|0|1.0|INDIVIDUAL|VARIABLE|P0261051003|1|0|1.0|INDIVIDUAL|VARIABLE|P0261051003|1|0|1.0|INDIVIDUAL|VARIABLE|P0261051003|1|0|1.0|INDIVIDUAL|VARIABLE|P0261051003|1|0|1.0|INDIVIDUAL|VARIABLE|P0261051003|1|0|1.0|INDIVIDUAL|VARIABLE|P0261051003|1|0|1.0|INDIVIDUAL|VARIABLE|P0261051003|1|0|1.0|INDIVIDUAL|VARIABLE|P0261051003|1|0|1.0|INDIVIDUAL|VARIABLE|P0261051003|1|0|1.0|INDIVIDUAL|VARIABLE|P0261051003|1|0|1.0|INDIVIDUAL|VARIABLE|P0261051003|1|0|1.0|INDIVIDUAL|VARIABLE|P0261051003|1|0|1.0|INDIVIDUAL|VARIABLE|P0261051003|1|0|1.0|INDIVIDUAL|VARIABLE|P0261051003|1|0|1.0|INDIVIDUAL|VARIABLE|P0261051003|1|0|1.0|INDIVIDUAL|VARIABLE|P0261051003|1|0|1.0|INDIVIDUAL|VARIABLE|P0261051003|1|0|1.0|INDIVIDUAL|VARIABLE|P0261051003|1|0|1.0|INDIVIDUAL|VARIABLE|P0261051003|1|0|1.0|INDIVIDUAL|VARIABLE|P0261051003|1|0|1.0|INDIVIDUAL|VARIABLE|P0261051003|1|0|1.0|INDIVIDUAL|VARIABLE|P0261051003|1|0|1.0|INDIVIDUAL|VARIABLE|P0261051003|1|0|1.0|INDIVIDUAL|VARIABLE|P0261051003|1|0|1.0|INDIVIDUAL|VARIABLE|P0261051003|1|0|1.0|INDIVIDUAL|VARIABLE|P0261051003|1|0|1.0|INDIVIDUAL|VARIABLE|P0261051003|1|0|1.0
120,INDIVIDUAL|VARIABLE|P0261076003|1|0|1.0|INDIVIDUAL|VARIABLE|P0261076003|1|0|1.0|INDIVIDUAL|VARIABLE|P0261076003|1|0|1.0|INDIVIDUAL|VARIABLE|P0261076003|1|0|1.0|INDIVIDUAL|VARIABLE|P0261076003|1|0|1.0|INDIVIDUAL|VARIABLE|P0261076003|1|0|1.0|INDIVIDUAL|VARIABLE|P0261076003|1|0|1.0|INDIVIDUAL|VARIABLE|P0261076003|1|0|1.0|INDIVIDUAL|VARIABLE|P0261076003|1|0|1.0|INDIVIDUAL|VARIABLE|P0261076003|1|0|1.0|INDIVIDUAL|VARIABLE|P0261076003|1|0|1.0|INDIVIDUAL|VARIABLE|P0261076003|1|0|1.0|INDIVIDUAL|VARIABLE|P0261076003|1|0|1.0|INDIVIDUAL|VARIABLE|P0261076003|1|0|1.0|INDIVIDUAL|VARIABLE|P0261076003|1|0|1.0|INDIVIDUAL|VARIABLE|P0261076003|1|0|1.0|INDIVIDUAL|VARIABLE|P0261076003|1|0|1.0|INDIVIDUAL|VARIABLE|P0261076003|1|0|1.0|INDIVIDUAL|VARIABLE|P0261076003|1|0|1.0|INDIVIDUAL|VARIABLE|P0261076003|1|0|1.0|INDIVIDUAL|VARIABLE|P0261076003|1|0|1.0|INDIVIDUAL|VARIABLE|P0261076003|1|0|1.0|INDIVIDUAL|VARIABLE|P0261076003|1|0|1.0|INDIVIDUAL|VARIABLE|P0261076003|1|0|1.0|INDIVIDUAL|VARIABLE|P0261076003|1|0|1.0|INDIVIDUAL|VARIABLE|P0261076003|1|0|1.0|INDIVIDUAL|VARIABLE|P0261076003|1|0|1.0|INDIVIDUAL|VARIABLE|P0261076003|1|0|1.0|INDIVIDUAL|VARIABLE|P0261076003|1|0|1.0|INDIVIDUAL|VARIABLE|P0261076003|1|0|1.0|INDIVIDUAL|VARIABLE|P0261076003|1|0|1.0|INDIVIDUAL|VARIABLE|P0261076003|1|0|1.0|INDIVIDUAL|VARIABLE|P0261076003|1|0|1.0|INDIVIDUAL|VARIABLE|P0261076003|1|0|1.0|INDIVIDUAL|VARIABLE|P0261076003|1|0|1.0|INDIVIDUAL|VARIABLE|P0261076003|1|0|1.0|INDIVIDUAL|VARIABLE|P0261076003|1|0|1.0|INDIVIDUAL|VARIABLE|P0261076003|1|0|1.0|INDIVIDUAL|VARIABLE|P0261076003|1|0|1.0|INDIVIDUAL|VARIABLE|P0261076003|1|0|1.0|INDIVIDUAL|VARIABLE|P0261076003|1|0|1.0|INDIVIDUAL|VARIABLE|P0261076003|1|0|1.0|INDIVIDUAL|VARIABLE|P0261076003|1|0|1.0|INDIVIDUAL|VARIABLE|P0261076003|1|0|1.0|INDIVIDUAL|VARIABLE|P0261076003|1|0|1.0|INDIVIDUAL|VARIABLE|P0261076003|1|0|1.0|INDIVIDUAL|VARIABLE|P0261076003|1|0|1.0|INDIVIDUAL|VARIABLE|P0261076003|1|0|1.0|INDIVIDUAL|VARIABLE|P0261076003|1|0|1.0|INDIVIDUAL|VARIABLE|P0261076003|1|0|1.0|INDIVIDUAL|VARIABLE|P0261076003|1|0|1.0|INDIVIDUAL|VARIABLE|P0261076003|1|0|1.0
121,INDIVIDUAL|VARIABLE|P0408051007|1|0|1.0|INDIVIDUAL|VARIABLE|P0408051007|1|0|1.0|INDIVIDUAL|VARIABLE|P0408051007|1|0|1.0|INDIVIDUAL|VARIABLE|P0408051007|1|0|1.0|INDIVIDUAL|VARIABLE|P0408051007|1|0|1.0|INDIVIDUAL|VARIABLE|P0408051007|1|0|1.0|INDIVIDUAL|VARIABLE|P0408051007|1|0|1.0|INDIVIDUAL|VARIABLE|P0408051007|1|0|1.0|INDIVIDUAL|VARIABLE|P0408051007|1|0|1.0|INDIVIDUAL|VARIABLE|P0408051007|1|0|1.0|INDIVIDUAL|VARIABLE|P0408051007|1|0|1.0|INDIVIDUAL|VARIABLE|P0408051007|1|0|1.0|INDIVIDUAL|VARIABLE|P0408051007|1|0|1.0|INDIVIDUAL|VARIABLE|P0408051007|1|0|1.0|INDIVIDUAL|VARIABLE|P0408051007|1|0|1.0|INDIVIDUAL|VARIABLE|P0408051007|1|0|1.0|INDIVIDUAL|VARIABLE|P0408051007|1|0|1.0|INDIVIDUAL|VARIABLE|P0408051007|1|0|1.0|INDIVIDUAL|VARIABLE|P0408051007|1|0|1.0|INDIVIDUAL|VARIABLE|P0408051007|1|0|1.0|INDIVIDUAL|VARIABLE|P0408051007|1|0|1.0|INDIVIDUAL|VARIABLE|P0408051007|1|0|1.0|INDIVIDUAL|VARIABLE|P0408051007|1|0|1.0|INDIVIDUAL|VARIABLE|P0408051007|1|0|1.0|INDIVIDUAL|VARIABLE|P0408051007|1|0|1.0|INDIVIDUAL|VARIABLE|P0408051007|1|0|1.0|INDIVIDUAL|VARIABLE|P0408051007|1|0|1.0|INDIVIDUAL|VARIABLE|P0408051007|1|0|1.0|INDIVIDUAL|VARIABLE|P0408051007|1|0|1.0|INDIVIDUAL|VARIABLE|P0408051007|1|0|1.0|INDIVIDUAL|VARIABLE|P0408051007|1|0|1.0|INDIVIDUAL|VARIABLE|P0408051007|1|0|1.0|INDIVIDUAL|VARIABLE|P0408051007|1|0|1.0|INDIVIDUAL|VARIABLE|P0408051007|1|0|1.0|INDIVIDUAL|VARIABLE|P0408051007|1|0|1.0|INDIVIDUAL|VARIABLE|P0408051007|1|0|1.0|INDIVIDUAL|VARIABLE|P0408051007|1|0|1.0|INDIVIDUAL|VARIABLE|P0408051007|1|0|1.0|INDIVIDUAL|VARIABLE|P0408051007|1|0|1.0|INDIVIDUAL|VARIABLE|P0408051007|1|0|1.0|INDIVIDUAL|VARIABLE|P0408051007|1|0|1.0|INDIVIDUAL|VARIABLE|P0408051007|1|0|1.0|INDIVIDUAL|VARIABLE|P0408051007|1|0|1.0|INDIVIDUAL|VARIABLE|P0408051007|1|0|1.0|INDIVIDUAL|VARIABLE|P0408051007|1|0|1.0|INDIVIDUAL|VARIABLE|P0408051007|1|0|1.0|INDIVIDUAL|VARIABLE|P0408051007|1|0|1.0|INDIVIDUAL|VARIABLE|P0408051007|1|0|1.0|INDIVIDUAL|VARIABLE|P0408051007|1|0|1.0|INDIVIDUAL|VARIABLE|P0408051007|1|0|1.0|INDIVIDUAL|VARIABLE|P0408051007|1|0|1.0|INDIVIDUAL|VARIABLE|P0408051007|1|0|1.0|INDIVIDUAL|VARIABLE|P0408051007|1|0|1.0|INDIVIDUAL|VARIABLE|P0408051007|1|0|1.0|INDIVIDUAL|VARIABLE|P0408051007|1|0|1.0|INDIVIDUAL|VARIABLE|P0408051007|1|0|1.0|INDIVIDUAL|VARIABLE|P0408051007|1|0|1.0|INDIVIDUAL|VARIABLE|P0408051007|1|0|1.0|INDIVIDUAL|VARIABLE|P0408051007|1|0|1.0|INDIVIDUAL|VARIABLE|P0408051007|1|0|1.0|INDIVIDUAL|VARIABLE|P0408051007|1|0|1.0|INDIVIDUAL|VARIABLE|P0408051007|1|0|1.0|INDIVIDUAL|VARIABLE|P0408051007|1|0|1.0|INDIVIDUAL|VARIABLE|P0408051007|1|0|1.0|INDIVIDUAL|VARIABLE|P0408051007|1|0|1.0|INDIVIDUAL|VARIABLE|P0408051007|1|0|1.0|INDIVIDUAL|VARIABLE|P0408051007|1|0|1.0|INDIVIDUAL|VARIABLE|P0408051007|1|0|1.0|INDIVIDUAL|VARIABLE|P0408051007|1|0|1.0|INDIVIDUAL|VARIABLE|P0408051007|1|0|1.0|INDIVIDUAL|VARIABLE|P0408051007|1|0|1.0|INDIVIDUAL|VARIABLE|P0408051007|1|0|1.0|INDIVIDUAL|VARIABLE|P0408051007|1|0|1.0|INDIVIDUAL|VARIABLE|P0408051007|1|0|1.0|INDIVIDUAL|VARIABLE|P0408051007|1|0|1.0|INDIVIDUAL|VARIABLE|P0408051007|1|0|1.0|INDIVIDUAL|VARIABLE|P0408051007|1|0|1.0|INDIVIDUAL|VARIABLE|P0408051007|1|0|1.0|INDIVIDUAL|VARIABLE|P0408051007|1|0|1.0|INDIVIDUAL|VARIABLE|P0408051007|1|0|1.0|INDIVIDUAL|VARIABLE|P0408051007|1|0|1.0|INDIVIDUAL|VARIABLE|P0408051007|1|0|1.0|INDIVIDUAL|VARIABLE|P0408051007|1|0|1.0|INDIVIDUAL|VARIABLE|P0408051007|1|0|1.0|INDIVIDUAL|VARIABLE|P0408051007|1|0|1.0|INDIVIDUAL|VARIABLE|P0408051007|1|0|1.0|INDIVIDUAL|VARIABLE|P0408051007|1|0|1.0|INDIVIDUAL|VARIABLE|P0408051007|1|0|1.0|INDIVIDUAL|VARIABLE|P0408051007|1|0|1.0|INDIVIDUAL|VARIABLE|P0408051007|1|0|1.0|INDIVIDUAL|VARIABLE|P0408051007|1|0|1.0|INDIVIDUAL|VARIABLE|P0408051007|1|0|1.0|INDIVIDUAL|VARIABLE|P0408051007|1|0|1.0|INDIVIDUAL|VARIABLE|P0408051007|1|0|1.0|INDIVIDUAL|VARIABLE|P0408051007|1|0|1.0|INDIVIDUAL|VARIABLE|P0408051007|1|0|1.0|INDIVIDUAL|VARIABLE|P0408051007|1|0|1.0|INDIVIDUAL|VARIABLE|P0408051007|1|0|1.0|INDIVIDUAL|VARIABLE|P0408051007|1|0|1.0
122,INDIVIDUAL|VARIABLE|P0510067002|1|0|1.0|INDIVIDUAL|VARIABLE|P0510067002|1|0|1.0|INDIVIDUAL|VARIABLE|P0510067002|1|0|1.0|INDIVIDUAL|VARIABLE|P0510067002|1|0|1.0|INDIVIDUAL|VARIABLE|P0510067002|1|0|1.0|INDIVIDUAL|VARIABLE|P0510067002|1|0|1.0|INDIVIDUAL|VARIABLE|P0510067002|1|0|1.0|INDIVIDUAL|VARIABLE|P0510067002|1|0|1.0|INDIVIDUAL|VARIABLE|P0510067002|1|0|1.0|INDIVIDUAL|VARIABLE|P0510067002|1|0|1.0|INDIVIDUAL|VARIABLE|P0510067002|1|0|1.0|INDIVIDUAL|VARIABLE|P0510067002|1|0|1.0|INDIVIDUAL|VARIABLE|P0510067002|1|0|1.0|INDIVIDUAL|VARIABLE|P0510067002|1|0|1.0|INDIVIDUAL|VARIABLE|P0510067002|1|0|1.0|INDIVIDUAL|VARIABLE|P0510067002|1|0|1.0|INDIVIDUAL|VARIABLE|P0510067002|1|0|1.0|INDIVIDUAL|VARIABLE|P0510067002|1|0|1.0|INDIVIDUAL|VARIABLE|P0510067002|1|0|1.0|INDIVIDUAL|VARIABLE|P0510067002|1|0|1.0|INDIVIDUAL|VARIABLE|P0510067002|1|0|1.0|INDIVIDUAL|VARIABLE|P0510067002|1|0|1.0|INDIVIDUAL|VARIABLE|P0510067002|1|0|1.0|INDIVIDUAL|VARIABLE|P0510067002|1|0|1.0|INDIVIDUAL|VARIABLE|P0510067002|1|0|1.0|INDIVIDUAL|VARIABLE|P0510067002|1|0|1.0|INDIVIDUAL|VARIABLE|P0510067002|1|0|1.0|INDIVIDUAL|VARIABLE|P0510067002|1|0|1.0|INDIVIDUAL|VARIABLE|P0510067002|1|0|1.0|INDIVIDUAL|VARIABLE|P0510067002|1|0|1.0|INDIVIDUAL|VARIABLE|P0510067002|1|0|1.0|INDIVIDUAL|VARIABLE|P0510067002|1|0|1.0|INDIVIDUAL|VARIABLE|P0510067002|1|0|1.0|INDIVIDUAL|VARIABLE|P0510067002|1|0|1.0|INDIVIDUAL|VARIABLE|P0510067002|1|0|1.0|INDIVIDUAL|VARIABLE|P0510067002|1|0|1.0|INDIVIDUAL|VARIABLE|P0510067002|1|0|1.0|INDIVIDUAL|VARIABLE|P0510067002|1|0|1.0|INDIVIDUAL|VARIABLE|P0510067002|1|0|1.0|INDIVIDUAL|VARIABLE|P0510067002|1|0|1.0|INDIVIDUAL|VARIABLE|P0510067002|1|0|1.0|INDIVIDUAL|VARIABLE|P0510067002|1|0|1.0|INDIVIDUAL|VARIABLE|P0510067002|1|0|1.0|INDIVIDUAL|VARIABLE|P0510067002|1|0|1.0|INDIVIDUAL|VARIABLE|P0510067002|1|0|1.0|INDIVIDUAL|VARIABLE|P0510067002|1|0|1.0|INDIVIDUAL|VARIABLE|P0510067002|1|0|1.0|INDIVIDUAL|VARIABLE|P0510067002|1|0|1.0|INDIVIDUAL|VARIABLE|P0510067002|1|0|1.0|INDIVIDUAL|VARIABLE|P0510067002|1|0|1.0|INDIVIDUAL|VARIABLE|P0510067002|1|0|1.0|INDIVIDUAL|VARIABLE|P0510067002|1|0|1.0|INDIVIDUAL|VARIABLE|P0510067002|1|0|1.0|INDIVIDUAL|VARIABLE|P0510067002|1|0|1.0|INDIVIDUAL|VARIABLE|P0510067002|1|0|1.0|INDIVIDUAL|VARIABLE|P0510067002|1|0|1.0|INDIVIDUAL|VARIABLE|P0510067002|1|0|1.0|INDIVIDUAL|VARIABLE|P0510067002|1|0|1.0|INDIVIDUAL|VARIABLE|P0510067002|1|0|1.0|INDIVIDUAL|VARIABLE|P0510067002|1|0|1.0|INDIVIDUAL|VARIABLE|P0510067002|1|0|1.0|INDIVIDUAL|VARIABLE|P0510067002|1|0|1.0|INDIVIDUAL|VARIABLE|P0510067002|1|0|1.0|INDIVIDUAL|VARIABLE|P0510067002|1|0|1.0|INDIVIDUAL|VARIABLE|P0510067002|1|0|1.0
123,INDIVIDUAL|VARIABLE|P0280076000|1|0|1.0|INDIVIDUAL|VARIABLE|P0280076000|1|0|1.0|INDIVIDUAL|VARIABLE|P0280076000|1|0|1.0|INDIVIDUAL|VARIABLE|P0280076000|1|0|1.0|INDIVIDUAL|VARIABLE|P0280076000|1|0|1.0|INDIVIDUAL|VARIABLE|P0280076000|1|0|1.0|INDIVIDUAL|VARIABLE|P0280076000|1|0|1.0|INDIVIDUAL|VARIABLE|P0280076000|1|0|1.0|INDIVIDUAL|VARIABLE|P0280076000|1|0|1.0|INDIVIDUAL|VARIABLE|P0280076000|1|0|1.0|INDIVIDUAL|VARIABLE|P0280076000|1|0|1.0|INDIVIDUAL|VARIABLE|P0280076000|1|0|1.0|INDIVIDUAL|VARIABLE|P0280076000|1|0|1.0|INDIVIDUAL|VARIABLE|P0280076000|1|0|1.0|INDIVIDUAL|VARIABLE|P0280076000|1|0|1.0|INDIVIDUAL|VARIABLE|P0280076000|1|0|1.0|INDIVIDUAL|VARIABLE|P0280076000|1|0|1.0|INDIVIDUAL|VARIABLE|P0280076000|1|0|1.0|INDIVIDUAL|VARIABLE|P0280076000|1|0|1.0|INDIVIDUAL|VARIABLE|P0280076000|1|0|1.0|INDIVIDUAL|VARIABLE|P0280076000|1|0|1.0|INDIVIDUAL|VARIABLE|P0280076000|1|0|1.0|INDIVIDUAL|VARIABLE|P0280076000|1|0|1.0|INDIVIDUAL|VARIABLE|P0280076000|1|0|1.0|INDIVIDUAL|VARIABLE|P0280076000|1|0|1.0|INDIVIDUAL|VARIABLE|P0280076000|1|0|1.0|INDIVIDUAL|VARIABLE|P0280076000|1|0|1.0|INDIVIDUAL|VARIABLE|P0280076000|1|0|1.0|INDIVIDUAL|VARIABLE|P0280076000|1|0|1.0|INDIVIDUAL|VARIABLE|P0280076000|1|0|1.0|INDIVIDUAL|VARIABLE|P0280076000|1|0|1.0|INDIVIDUAL|VARIABLE|P0280076000|1|0|1.0|INDIVIDUAL|VARIABLE|P0280076000|1|0|1.0|INDIVIDUAL|VARIABLE|P0280076000|1|0|1.0|INDIVIDUAL|VARIABLE|P0280076000|1|0|1.0|INDIVIDUAL|VARIABLE|P0280076000|1|0|1.0|INDIVIDUAL|VARIABLE|P0280076000|1|0|1.0|INDIVIDUAL|VARIABLE|P0280076000|1|0|1.0|INDIVIDUAL|VARIABLE|P0280076000|1|0|1.0|INDIVIDUAL|VARIABLE|P0280076000|1|0|1.0|INDIVIDUAL|VARIABLE|P0280076000|1|0|1.0|INDIVIDUAL|VARIABLE|P0280076000|1|0|1.0|INDIVIDUAL|VARIABLE|P0280076000|1|0|1.0|INDIVIDUAL|VARIABLE|P0280076000|1|0|1.0|INDIVIDUAL|VARIABLE|P0280076000|1|0|1.0|INDIVIDUAL|VARIABLE|P0280076000|1|0|1.0|INDIVIDUAL|VARIABLE|P0280076000|1|0|1.0|INDIVIDUAL|VARIABLE|P0280076000|1|0|1.0|INDIVIDUAL|VARIABLE|P0280076000|1|0|1.0|INDIVIDUAL|VARIABLE|P0280076000|1|0|1.0|INDIVIDUAL|VARIABLE|P0280076000|1|0|1.0|INDIVIDUAL|VARIABLE|P0280076000|1|0|1.0|INDIVIDUAL|VARIABLE|P0280076000|1|0|1.0|INDIVIDUAL|VARIABLE|P0280076000|1|0|1.0|INDIVIDUAL|VARIABLE|P0280076000|1|0|1.0|INDIVIDUAL|VARIABLE|P0280076000|1|0|1.0|INDIVIDUAL|VARIABLE|P0280076000|1|0|1.0|INDIVIDUAL|VARIABLE|P0280076000|1|0|1.0|INDIVIDUAL|VARIABLE|P0280076000|1|0|1.0|INDIVIDUAL|VARIABLE|P0280076000|1|0|1.0|INDIVIDUAL|VARIABLE|P0280076000|1|0|1.0|INDIVIDUAL|VARIABLE|P0280076000|1|0|1.0|INDIVIDUAL|VARIABLE|P0280076000|1|0|1.0|INDIVIDUAL|VARIABLE|P0280076000|1|0|1.0|INDIVIDUAL|VARIABLE|P0280076000|1|0|1.0|INDIVIDUAL|VARIABLE|P0280076000|1|0|1.0|INDIVIDUAL|VARIABLE|P0280076000|1|0|1.0|INDIVIDUAL|VARIABLE|P0280076000|1|0|1.0|INDIVIDUAL|VARIABLE|P0280076000|1|0|1.0|INDIVIDUAL|VARIABLE|P0280076000|1|0|1.0|INDIVIDUAL|VARIABLE|P0280076000|1|0|1.0|INDIVIDUAL|VARIABLE|P0280076000|1|0|1.0|INDIVIDUAL|VARIABLE|P0280076000|1|0|1.0|INDIVIDUAL|VARIABLE|P0280076000|1|0|1.0|INDIVIDUAL|VARIABLE|P0280076000|1|0|1.0|INDIVIDUAL|VARIABLE|P0280076000|1|0|1.0|INDIVIDUAL|VARIABLE|P0280076000|1|0|1.0
124,INDIVIDUAL|VARIABLE|P0510068000|1|0|1.0|INDIVIDUAL|VARIABLE|P0510068000|1|0|1.0|INDIVIDUAL|VARIABLE|P0510068000|1|0|1.0|INDIVIDUAL|VARIABLE|P0510068000|1|0|1.0|INDIVIDUAL|VARIABLE|P0510068000|1|0|1.0|INDIVIDUAL|VARIABLE|P0510068000|1|0|1.0|INDIVIDUAL|VARIABLE|P0510068000|1|0|1.0|INDIVIDUAL|VARIABLE|P0510068000|1|0|1.0|INDIVIDUAL|VARIABLE|P0510068000|1|0|1.0|INDIVIDUAL|VARIABLE|P0510068000|1|0|1.0|INDIVIDUAL|VARIABLE|P0510068000|1|0|1.0|INDIVIDUAL|VARIABLE|P0510068000|1|0|1.0|INDIVIDUAL|VARIABLE|P0510068000|1|0|1.0|INDIVIDUAL|VARIABLE|P0510068000|1|0|1.0|INDIVIDUAL|VARIABLE|P0510068000|1|0|1.0|INDIVIDUAL|VARIABLE|P0510068000|1|0|1.0|INDIVIDUAL|VARIABLE|P0510068000|1|0|1.0|INDIVIDUAL|VARIABLE|P0510068000|1|0|1.0|INDIVIDUAL|VARIABLE|P0510068000|1|0|1.0|INDIVIDUAL|VARIABLE|P0510068000|1|0|1.0|INDIVIDUAL|VARIABLE|P0510068000|1|0|1.0|INDIVIDUAL|VARIABLE|P0510068000|1|0|1.0|INDIVIDUAL|VARIABLE|P0510068000|1|0|1.0|INDIVIDUAL|VARIABLE|P0510068000|1|0|1.0|INDIVIDUAL|VARIABLE|P0510068000|1|0|1.0|INDIVIDUAL|VARIABLE|P0510068000|1|0|1.0|INDIVIDUAL|VARIABLE|P0510068000|1|0|1.0|INDIVIDUAL|VARIABLE|P0510068000|1|0|1.0|INDIVIDUAL|VARIABLE|P0510068000|1|0|1.0|INDIVIDUAL|VARIABLE|P0510068000|1|0|1.0|INDIVIDUAL|VARIABLE|P0510068000|1|0|1.0|INDIVIDUAL|VARIABLE|P0510068000|1|0|1.0|INDIVIDUAL|VARIABLE|P0510068000|1|0|1.0|INDIVIDUAL|VARIABLE|P0510068000|1|0|1.0|INDIVIDUAL|VARIABLE|P0510068000|1|0|1.0|INDIVIDUAL|VARIABLE|P0510068000|1|0|1.0|INDIVIDUAL|VARIABLE|P0510068000|1|0|1.0|INDIVIDUAL|VARIABLE|P0510068000|1|0|1.0|INDIVIDUAL|VARIABLE|P0510068000|1|0|1.0|INDIVIDUAL|VARIABLE|P0510068000|1|0|1.0|INDIVIDUAL|VARIABLE|P0510068000|1|0|1.0|INDIVIDUAL|VARIABLE|P0510068000|1|0|1.0|INDIVIDUAL|VARIABLE|P0510068000|1|0|1.0|INDIVIDUAL|VARIABLE|P0510068000|1|0|1.0|INDIVIDUAL|VARIABLE|P0510068000|1|0|1.0|INDIVIDUAL|VARIABLE|P0510068000|1|0|1.0|INDIVIDUAL|VARIABLE|P0510068000|1|0|1.0|INDIVIDUAL|VARIABLE|P0510068000|1|0|1.0|INDIVIDUAL|VARIABLE|P0510068000|1|0|1.0|INDIVIDUAL|VARIABLE|P0510068000|1|0|1.0|INDIVIDUAL|VARIABLE|P0510068000|1|0|1.0|INDIVIDUAL|VARIABLE|P0510068000|1|0|1.0|INDIVIDUAL|VARIABLE|P0510068000|1|0|1.0|INDIVIDUAL|VARIABLE|P0510068000|1|0|1.0|INDIVIDUAL|VARIABLE|P0510068000|1|0|1.0|INDIVIDUAL|VARIABLE|P0510068000|1|0|1.0|INDIVIDUAL|VARIABLE|P0510068000|1|0|1.0|INDIVIDUAL|VARIABLE|P0510068000|1|0|1.0|INDIVIDUAL|VARIABLE|P0510068000|1|0|1.0|INDIVIDUAL|VARIABLE|P0510068000|1|0|1.0|INDIVIDUAL|VARIABLE|P0510068000|1|0|1.0|INDIVIDUAL|VARIABLE|P0510068000|1|0|1.0|INDIVIDUAL|VARIABLE|P0510068000|1|0|1.0|INDIVIDUAL|VARIABLE|P0510068000|1|0|1.0|INDIVIDUAL|VARIABLE|P0510068000|1|0|1.0|INDIVIDUAL|VARIABLE|P0510068000|1|0|1.0|INDIVIDUAL|VARIABLE|P0510068000|1|0|1.0|INDIVIDUAL|VARIABLE|P0510068000|1|0|1.0|INDIVIDUAL|VARIABLE|P0510068000|1|0|1.0|INDIVIDUAL|VARIABLE|P0510068000|1|0|1.0|INDIVIDUAL|VARIABLE|P0510068000|1|0|1.0|INDIVIDUAL|VARIABLE|P0510068000|1|0|1.0|INDIVIDUAL|VARIABLE|P0510068000|1|0|1.0|INDIVIDUAL|VARIABLE|P0510068000|1|0|1.0|INDIVIDUAL|VARIABLE|P0510068000|1|0|1.0|INDIVIDUAL|VARIABLE|P0510068000|1|0|1.0|INDIVIDUAL|VARIABLE|P0510068000|1|0|1.0
125,INDIVIDUAL|VARIABLE|P0510071000|1|0|1.0|INDIVIDUAL|VARIABLE|P0510071000|1|0|1.0|INDIVIDUAL|VARIABLE|P0510071000|1|0|1.0|INDIVIDUAL|VARIABLE|P0510071000|1|0|1.0|INDIVIDUAL|VARIABLE|P0510071000|1|0|1.0|INDIVIDUAL|VARIABLE|P0510071000|1|0|1.0|INDIVIDUAL|VARIABLE|P0510071000|1|0|1.0|INDIVIDUAL|VARIABLE|P0510071000|1|0|1.0|INDIVIDUAL|VARIABLE|P0510071000|1|0|1.0|INDIVIDUAL|VARIABLE|P0510071000|1|0|1.0|INDIVIDUAL|VARIABLE|P0510071000|1|0|1.0|INDIVIDUAL|VARIABLE|P0510071000|1|0|1.0|INDIVIDUAL|VARIABLE|P0510071000|1|0|1.0|INDIVIDUAL|VARIABLE|P0510071000|1|0|1.0|INDIVIDUAL|VARIABLE|P0510071000|1|0|1.0|INDIVIDUAL|VARIABLE|P0510071000|1|0|1.0|INDIVIDUAL|VARIABLE|P0510071000|1|0|1.0|INDIVIDUAL|VARIABLE|P0510071000|1|0|1.0|INDIVIDUAL|VARIABLE|P0510071000|1|0|1.0|INDIVIDUAL|VARIABLE|P0510071000|1|0|1.0|INDIVIDUAL|VARIABLE|P0510071000|1|0|1.0|INDIVIDUAL|VARIABLE|P0510071000|1|0|1.0|INDIVIDUAL|VARIABLE|P0510071000|1|0|1.0|INDIVIDUAL|VARIABLE|P0510071000|1|0|1.0|INDIVIDUAL|VARIABLE|P0510071000|1|0|1.0|INDIVIDUAL|VARIABLE|P0510071000|1|0|1.0
126,SET FIJO|FIJO|200073521|1|0|1.0|SET FIJO|FIJO|200073521|1|0|1.0|SET FIJO|FIJO|200073521|1|0|1.0|SET FIJO|FIJO|210097810|0|0|1.0|SET FIJO|FIJO|210097810|0|0|1.0|SET FIJO|FIJO|210097810|0|0|1.0|SET FIJO|FIJO|210097810|0|0|1.0|SET FIJO|FIJO|200073521|1|0|1.0|SET FIJO|FIJO|200073521|1|0|1.0|SET FIJO|FIJO|200073521|1|0|1.0|SET FIJO|FIJO|200073521|1|0|1.0|SET FIJO|FIJO|200073521|1|0|1.0|SET FIJO|FIJO|210097810|0|0|1.0|SET FIJO|FIJO|210097810|0|0|1.0|SET FIJO|FIJO|210097810|0|0|1.0|SET FIJO|FIJO|210097810|0|0|1.0|SET FIJO|FIJO|210097810|0|0|1.0|SET FIJO|FIJO|210097810|0|0|1.0|SET FIJO|FIJO|210097810|0|0|1.0|SET FIJO|FIJO|210097810|0|0|1.0|SET FIJO|FIJO|210097810|0|0|1.0|SET FIJO|FIJO|200073521|1|0|1.0|SET FIJO|FIJO|200073521|1|0|1.0|SET FIJO|FIJO|200073521|1|0|1.0|SET FIJO|FIJO|200073521|1|0|1.0
127,SET FIJO|FIJO|200059602|1|0|1.0|SET FIJO|FIJO|200059602|1|0|1.0|SET FIJO|FIJO|200116159|0|0|1.0|SET FIJO|FIJO|200116159|0|0|1.0|SET FIJO|FIJO|200059602|1|0|1.0|SET FIJO|FIJO|200059602|1|0|1.0|SET FIJO|FIJO|200059602|1|0|1.0|SET FIJO|FIJO|200059602|1|0|1.0|SET FIJO|FIJO|200116159|0|0|1.0|SET FIJO|FIJO|200116159|0|0|1.0|SET FIJO|FIJO|200059602|1|0|1.0|SET FIJO|FIJO|200059602|1|0|1.0|SET FIJO|FIJO|200059602|1|0|1.0|SET FIJO|FIJO|200059602|1|0|1.0|SET FIJO|FIJO|200059602|1|0|1.0|SET FIJO|FIJO|200116159|0|0|1.0|SET FIJO|FIJO|200116159|0|0|1.0|SET FIJO|FIJO|200116159|0|0|1.0|SET FIJO|FIJO|200116159|0|0|1.0|SET FIJO|FIJO|200116159|0|0|1.0|SET FIJO|FIJO|200116159|0|0|1.0|SET FIJO|FIJO|200116159|0|0|1.0|SET FIJO|FIJO|200116159|0|0|1.0|SET FIJO|FIJO|200116159|0|0|1.0|SET FIJO|FIJO|200059602|1|0|1.0|SET FIJO|FIJO|200059602|1|0|1.0
128,SET FIJO|FIJO|200059602|1|0|1.0|SET FIJO|FIJO|200059602|1|0|1.0|SET FIJO|FIJO|200059602|1|0|1.0|SET FIJO|FIJO|200059602|1|0|1.0|SET FIJO|FIJO|200059602|1|0|1.0|SET FIJO|FIJO|200059602|1|0|1.0|SET FIJO|FIJO|200059602|1|0|1.0|SET FIJO|FIJO|200059602|1|0|1.0|SET FIJO|FIJO|200059602|1|0|1.0|SET FIJO|FIJO|200059602|1|0|1.0|SET FIJO|FIJO|200059602|1|0|1.0|SET FIJO|FIJO|200059602|1|0|1.0|SET FIJO|FIJO|200059602|1|0|1.0
129,SET FIJO|FIJO|200110734|1|0|1.0|SET FIJO|FIJO|200110734|1|0|1.0|SET FIJO|FIJO|200110734|1|0|1.0|SET FIJO|FIJO|200110734|1|0|1.0|SET FIJO|FIJO|200110734|1|0|1.0|SET FIJO|FIJO|200110734|1|0|1.0|SET FIJO|FIJO|200110734|1|0|1.0|SET FIJO|FIJO|200113372|0|0|1.0|SET FIJO|FIJO|200113372|0|0|1.0|SET FIJO|FIJO|200113372|0|0|1.0|SET FIJO|FIJO|200113372|0|0|1.0|SET FIJO|FIJO|200113372|0|0|1.0|SET FIJO|FIJO|200113372|0|0|1.0|SET FIJO|FIJO|200113372|0|0|1.0|SET FIJO|FIJO|200113372|0|0|1.0|SET FIJO|FIJO|200113372|0|0|1.0|SET FIJO|FIJO|200113372|0|0|1.0|SET FIJO|FIJO|200113372|0|0|1.0|SET FIJO|FIJO|200110734|1|0|1.0|SET FIJO|FIJO|200110734|1|0|1.0|SET FIJO|FIJO|200110734|1|0|1.0|SET FIJO|FIJO|200110734|1|0|1.0|SET FIJO|FIJO|200110734|1|0|1.0|SET FIJO|FIJO|200110734|1|0|1.0
130,SET FIJO|FIJO|200116343|0|0|1.0|SET FIJO|FIJO|200116343|0|0|1.0|SET FIJO|FIJO|200116343|0|0|1.0|SET FIJO|FIJO|200116343|0|0|1.0|SET FIJO|FIJO|200116343|0|0|1.0|SET FIJO|FIJO|200116343|0|0|1.0|SET FIJO|FIJO|200116343|0|0|1.0|SET FIJO|FIJO|200116343|0|0|1.0|SET FIJO|FIJO|200116343|0|0|1.0|SET FIJO|FIJO|200116343|0|0|1.0|SET FIJO|FIJO|200116343|0|0|1.0|SET FIJO|FIJO|200116343|0|0|1.0|SET FIJO|FIJO|200116310|1|0|1.0|SET FIJO|FIJO|200116310|1|0|1.0|SET FIJO|FIJO|200116310|1|0|1.0|SET FIJO|FIJO|200116310|1|0|1.0|SET FIJO|FIJO|200116310|1|0|1.0|SET FIJO|FIJO|200116310|1|0|1.0|SET FIJO|FIJO|200116310|1|0|1.0|SET FIJO|FIJO|200116310|1|0|1.0|SET FIJO|FIJO|200116310|1|0|1.0|SET FIJO|FIJO|200116310|1|0|1.0|SET FIJO|FIJO|200116310|1|0|1.0|SET FIJO|FIJO|200116310|1|0|1.0
131,SET FIJO|FIJO|200118717|0|0|1.0|SET FIJO|FIJO|200116311|0|0|1.0|SET FIJO|FIJO|200116311|0|0|1.0|SET FIJO|FIJO|200116311|0|0|1.0|SET FIJO|FIJO|200116311|0|0|1.0|SET FIJO|FIJO|200116311|0|0|1.0|SET FIJO|FIJO|200116311|0|0|1.0|SET FIJO|FIJO|200116311|0|0|1.0|SET FIJO|FIJO|200116311|0|0|1.0|SET FIJO|FIJO|200116311|0|0|1.0|SET FIJO|FIJO|200116311|0|0|1.0|SET FIJO|FIJO|200116311|0|0|1.0|SET FIJO|FIJO|200116310|1|0|1.0|SET FIJO|FIJO|200116310|1|0|1.0|SET FIJO|FIJO|200118717|0|0|1.0|SET FIJO|FIJO|200118717|0|0|1.0|SET FIJO|FIJO|200118717|0|0|1.0|SET FIJO|FIJO|200118717|0|0|1.0|SET FIJO|FIJO|200118717|0|0|1.0|SET FIJO|FIJO|200118717|0|0|1.0|SET FIJO|FIJO|200118717|0|0|1.0|SET FIJO|FIJO|200118717|0|0|1.0|SET FIJO|FIJO|200118717|0|0|1.0|SET FIJO|FIJO|200118717|0|0|1.0|SET FIJO|FIJO|200118717|0|0|1.0|SET FIJO|FIJO|200118717|0|0|1.0|SET FIJO|FIJO|200116310|1|0|1.0|SET FIJO|FIJO|200116310|1|0|1.0|SET FIJO|FIJO|200116310|1|0|1.0|SET FIJO|FIJO|200116310|1|0|1.0|SET FIJO|FIJO|200116310|1|0|1.0|SET FIJO|FIJO|200116310|1|0|1.0|SET FIJO|FIJO|200116310|1|0|1.0|SET FIJO|FIJO|200116310|1|0|1.0|SET FIJO|FIJO|200116310|1|0|1.0|SET FIJO|FIJO|200116310|1|0|1.0|SET FIJO|FIJO|200116311|0|0|1.0|SET FIJO|FIJO|200116311|0|0|1.0
132,SET FIJO|FIJO|200082170|1|0|1.0|SET FIJO|FIJO|200090313|0|0|1.0|SET FIJO|FIJO|200082170|1|0|1.0|SET FIJO|FIJO|200082170|1|0|1.0|SET FIJO|FIJO|200090313|0|0|1.0|SET FIJO|FIJO|200082170|1|0|1.0|SET FIJO|FIJO|200090313|0|0|1.0|SET FIJO|FIJO|200082170|1|0|1.0|SET FIJO|FIJO|200090313|0|0|1.0|SET FIJO|FIJO|200090313|0|0|1.0|SET FIJO|FIJO|200090313|0|0|1.0|SET FIJO|FIJO|200090313|0|0|1.0|SET FIJO|FIJO|200090313|0|0|1.0|SET FIJO|FIJO|200090313|0|0|1.0|SET FIJO|FIJO|200090313|0|0|1.0|SET FIJO|FIJO|200082170|1|0|1.0|SET FIJO|FIJO|200082170|1|0|1.0|SET FIJO|FIJO|200082170|1|0|1.0|SET FIJO|FIJO|200090313|0|0|1.0|SET FIJO|FIJO|200090313|0|0|1.0|SET FIJO|FIJO|200082170|1|0|1.0|SET FIJO|FIJO|200082170|1|0|1.0|SET FIJO|FIJO|200090313|0|0|1.0|SET FIJO|FIJO|200082170|1|0|1.0|SET FIJO|FIJO|200082170|1|0|1.0|SET FIJO|FIJO|200082170|1|0|1.0|SET FIJO|FIJO|200082170|1|0|1.0
133,SET FIJO|FIJO|200082170|1|0|1.0|SET FIJO|FIJO|200090313|0|0|1.0|SET FIJO|FIJO|200082170|1|0|1.0|SET FIJO|FIJO|200116308|0|0|1.0|SET FIJO|FIJO|200082170|1|0|1.0|SET FIJO|FIJO|200104065|0|0|1.0|SET FIJO|FIJO|200104065|0|0|1.0|SET FIJO|FIJO|200090313|0|0|1.0|SET FIJO|FIJO|200082170|1|0|1.0|SET FIJO|FIJO|200104065|0|0|1.0|SET FIJO|FIJO|200090313|0|0|1.0|SET FIJO|FIJO|200116308|0|0|1.0|SET FIJO|FIJO|200116308|0|0|1.0|SET FIJO|FIJO|200116308|0|0|1.0|SET FIJO|FIJO|200116308|0|0|1.0|SET FIJO|FIJO|200082170|1|0|1.0|SET FIJO|FIJO|200090313|0|0|1.0|SET FIJO|FIJO|200090313|0|0|1.0|SET FIJO|FIJO|200090313|0|0|1.0|SET FIJO|FIJO|200090313|0|0|1.0|SET FIJO|FIJO|200090313|0|0|1.0|SET FIJO|FIJO|200090313|0|0|1.0|SET FIJO|FIJO|200090313|0|0|1.0|SET FIJO|FIJO|200104065|0|0|1.0|SET FIJO|FIJO|200104065|0|0|1.0|SET FIJO|FIJO|200082170|1|0|1.0|SET FIJO|FIJO|200082170|1|0|1.0|SET FIJO|FIJO|200082170|1|0|1.0|SET FIJO|FIJO|200104065|0|0|1.0|SET FIJO|FIJO|200104065|0|0|1.0|SET FIJO|FIJO|200104065|0|0|1.0|SET FIJO|FIJO|200104065|0|0|1.0|SET FIJO|FIJO|200090313|0|0|1.0|SET FIJO|FIJO|200090313|0|0|1.0|SET FIJO|FIJO|200082170|1|0|1.0|SET FIJO|FIJO|200082170|1|0|1.0|SET FIJO|FIJO|200104065|0|0|1.0|SET FIJO|FIJO|200116308|0|0|1.0|SET FIJO|FIJO|200116308|0|0|1.0|SET FIJO|FIJO|200116308|0|0|1.0|SET FIJO|FIJO|200116308|0|0|1.0|SET FIJO|FIJO|200116308|0|0|1.0|SET FIJO|FIJO|200090313|0|0|1.0|SET FIJO|FIJO|200082170|1|0|1.0|SET FIJO|FIJO|200082170|1|0|1.0|SET FIJO|FIJO|200104065|0|0|1.0|SET FIJO|FIJO|200116308|0|0|1.0|SET FIJO|FIJO|200116308|0|0|1.0|SET FIJO|FIJO|200116308|0|0|1.0|SET FIJO|FIJO|200104065|0|0|1.0|SET FIJO|FIJO|200082170|1|0|1.0|SET FIJO|FIJO|200104065|0|0|1.0|SET FIJO|FIJO|200082170|1|0|1.0
134,SET FIJO|FIJO|200114571|0|0|1.0|SET FIJO|FIJO|200114571|0|0|1.0|SET FIJO|FIJO|200114571|0|0|1.0|SET FIJO|FIJO|200114571|0|0|1.0|SET FIJO|FIJO|200115591|1|0|1.0|SET FIJO|FIJO|200116312|0|0|1.0|SET FIJO|FIJO|200115591|1|0|1.0|SET FIJO|FIJO|200115591|1|0|1.0|SET FIJO|FIJO|200115591|1|0|1.0|SET FIJO|FIJO|200115591|1|0|1.0|SET FIJO|FIJO|200115591|1|0|1.0|SET FIJO|FIJO|200116312|0|0|1.0|SET FIJO|FIJO|200116312|0|0|1.0|SET FIJO|FIJO|200116312|0|0|1.0|SET FIJO|FIJO|200116312|0|0|1.0|SET FIJO|FIJO|200116312|0|0|1.0|SET FIJO|FIJO|200116312|0|0|1.0|SET FIJO|FIJO|200116312|0|0|1.0|SET FIJO|FIJO|200116312|0|0|1.0|SET FIJO|FIJO|200114571|0|0|1.0|SET FIJO|FIJO|200114571|0|0|1.0|SET FIJO|FIJO|200114571|0|0|1.0|SET FIJO|FIJO|200114571|0|0|1.0|SET FIJO|FIJO|200114571|0|0|1.0|SET FIJO|FIJO|200114571|0|0|1.0|SET FIJO|FIJO|200114571|0|0|1.0|SET FIJO|FIJO|200114571|0|0|1.0|SET FIJO|FIJO|200115591|1|0|1.0|SET FIJO|FIJO|200115591|1|0|1.0|SET FIJO|FIJO|200115591|1|0|1.0|SET FIJO|FIJO|200115591|1|0|1.0|SET FIJO|FIJO|200115591|1|0|1.0|SET FIJO|FIJO|200115591|1|0|1.0|SET FIJO|FIJO|200114571|0|0|1.0|SET FIJO|FIJO|200116312|0|0|1.0|SET FIJO|FIJO|200116312|0|0|1.0|SET FIJO|FIJO|200116312|0|0|1.0|SET FIJO|FIJO|200116312|0|0|1.0
135,SET FIJO|FIJO|200066831|0|0|1.0|SET FIJO|FIJO|200066831|0|0|1.0|SET FIJO|FIJO|200066831|0|0|1.0|SET FIJO|FIJO|200066831|0|0|1.0|SET FIJO|FIJO|200066831|0|0|1.0|SET FIJO|FIJO|200066831|0|0|1.0|SET FIJO|FIJO|200051086|1|0|1.0|SET FIJO|FIJO|200051086|1|0|1.0|SET FIJO|FIJO|200051086|1|0|1.0|SET FIJO|FIJO|200051086|1|0|1.0|SET FIJO|FIJO|200051086|1|0|1.0|SET FIJO|FIJO|200051086|1|0|1.0|SET FIJO|FIJO|200051086|1|0|1.0|SET FIJO|FIJO|200051086|1|0|1.0|SET FIJO|FIJO|200051086|1|0|1.0|SET FIJO|FIJO|200051086|1|0|1.0|SET FIJO|FIJO|200051086|1|0|1.0|SET FIJO|FIJO|200051086|1|0|1.0|SET FIJO|FIJO|200051086|1|0|1.0|SET FIJO|FIJO|200066831|0|0|1.0|SET FIJO|FIJO|200066831|0|0|1.0|SET FIJO|FIJO|200066831|0|0|1.0|SET FIJO|FIJO|200066831|0|0|1.0|SET FIJO|FIJO|200066831|0|0|1.0|SET FIJO|FIJO|200051086|1|0|1.0|SET FIJO|FIJO|200066831|0|0|1.0
136,SET FIJO|FIJO|200116799|0|0|1.0|SET FIJO|FIJO|200116799|0|0|1.0|SET FIJO|FIJO|200113633|1|0|1.0|SET FIJO|FIJO|200113633|1|0|1.0|SET FIJO|FIJO|200113633|1|0|1.0|SET FIJO|FIJO|200113633|1|0|1.0|SET FIJO|FIJO|200116799|0|0|1.0|SET FIJO|FIJO|200116799|0|0|1.0|SET FIJO|FIJO|200116799|0|0|1.0|SET FIJO|FIJO|200116799|0|0|1.0|SET FIJO|FIJO|200116799|0|0|1.0|SET FIJO|FIJO|200116799|0|0|1.0|SET FIJO|FIJO|200113633|1|0|1.0|SET FIJO|FIJO|200113633|1|0|1.0|SET FIJO|FIJO|200113633|1|0|1.0|SET FIJO|FIJO|200113633|1|0|1.0|SET FIJO|FIJO|200116799|0|0|1.0|SET FIJO|FIJO|200116799|0|0|1.0|SET FIJO|FIJO|200116799|0|0|1.0|SET FIJO|FIJO|200116799|0|0|1.0|SET FIJO|FIJO|200116799|0|0|1.0|SET FIJO|FIJO|200113633|1|0|1.0|SET FIJO|FIJO|200113633|1|0|1.0|SET FIJO|FIJO|200113633|1|0|1.0|SET FIJO|FIJO|200113633|1|0|1.0|SET FIJO|FIJO|200113633|1|0|1.0
137,SET FIJO|FIJO|200115988|0|0|1.0|SET FIJO|FIJO|200115988|0|0|1.0|SET FIJO|FIJO|200115988|0|0|1.0|SET FIJO|FIJO|200115988|0|0|1.0|SET FIJO|FIJO|200115988|0|0|1.0|SET FIJO|FIJO|200113651|1|0|1.0|SET FIJO|FIJO|200113651|1|0|1.0|SET FIJO|FIJO|200113651|1|0|1.0|SET FIJO|FIJO|200113651|1|0|1.0|SET FIJO|FIJO|200113651|1|0|1.0|SET FIJO|FIJO|200115988|0|0|1.0|SET FIJO|FIJO|200115988|0|0|1.0|SET FIJO|FIJO|200113651|1|0|1.0|SET FIJO|FIJO|200115988|0|0|1.0|SET FIJO|FIJO|200115988|0|0|1.0|SET FIJO|FIJO|200115988|0|0|1.0|SET FIJO|FIJO|200115988|0|0|1.0|SET FIJO|FIJO|200115988|0|0|1.0|SET FIJO|FIJO|200115988|0|0|1.0|SET FIJO|FIJO|200113651|1|0|1.0|SET FIJO|FIJO|200113651|1|0|1.0|SET FIJO|FIJO|200113651|1|0|1.0|SET FIJO|FIJO|200113651|1|0|1.0|SET FIJO|FIJO|200113651|1|0|1.0|SET FIJO|FIJO|200113651|1|0|1.0|SET FIJO|FIJO|200113651|1|0|1.0
138,SET FIJO|FIJO|200118093|0|0|1.0|SET FIJO|FIJO|200118093|0|0|1.0|SET FIJO|FIJO|200113646|1|0|1.0|SET FIJO|FIJO|200113646|1|0|1.0|SET FIJO|FIJO|200113646|1|0|1.0|SET FIJO|FIJO|200113646|1|0|1.0|SET FIJO|FIJO|200113646|1|0|1.0|SET FIJO|FIJO|200113646|1|0|1.0|SET FIJO|FIJO|200113646|1|0|1.0|SET FIJO|FIJO|200113646|1|0|1.0|SET FIJO|FIJO|200113646|1|0|1.0|SET FIJO|FIJO|200113646|1|0|1.0|SET FIJO|FIJO|200118093|0|0|1.0|SET FIJO|FIJO|200118093|0|0|1.0|SET FIJO|FIJO|200118093|0|0|1.0|SET FIJO|FIJO|200118093|0|0|1.0|SET FIJO|FIJO|200118093|0|0|1.0|SET FIJO|FIJO|200118093|0|0|1.0|SET FIJO|FIJO|200118093|0|0|1.0|SET FIJO|FIJO|200118093|0|0|1.0|SET FIJO|FIJO|200118093|0|0|1.0|SET FIJO|FIJO|200118093|0|0|1.0|SET FIJO|FIJO|200118093|0|0|1.0|SET FIJO|FIJO|200113646|1|0|1.0|SET FIJO|FIJO|200113646|1|0|1.0|SET FIJO|FIJO|200113646|1|0|1.0
139,SET FIJO|FIJO|200101369|1|0|1.0|SET FIJO|FIJO|200109261|0|0|1.0|SET FIJO|FIJO|200109261|0|0|1.0|SET FIJO|FIJO|200101369|1|0|1.0|SET FIJO|FIJO|200101369|1|0|1.0|SET FIJO|FIJO|200101369|1|0|1.0|SET FIJO|FIJO|200101369|1|0|1.0|SET FIJO|FIJO|200101369|1|0|1.0|SET FIJO|FIJO|200109261|0|0|1.0|SET FIJO|FIJO|200109261|0|0|1.0|SET FIJO|FIJO|200101369|1|0|1.0|SET FIJO|FIJO|200101369|1|0|1.0|SET FIJO|FIJO|200109261|0|0|1.0|SET FIJO|FIJO|200109261|0|0|1.0|SET FIJO|FIJO|200109261|0|0|1.0|SET FIJO|FIJO|200109261|0|0|1.0|SET FIJO|FIJO|200109261|0|0|1.0|SET FIJO|FIJO|200109261|0|0|1.0|SET FIJO|FIJO|200109261|0|0|1.0|SET FIJO|FIJO|200109261|0|0|1.0|SET FIJO|FIJO|200101369|1|0|1.0|SET FIJO|FIJO|200101369|1|0|1.0|SET FIJO|FIJO|200101369|1|0|1.0|SET FIJO|FIJO|200101369|1|0|1.0|SET FIJO|FIJO|200101369|1|0|1.0
140,SET FIJO|FIJO|200037781|1|0|1.0|SET FIJO|FIJO|200037781|1|0|1.0|SET FIJO|FIJO|200037781|1|0|1.0|SET FIJO|FIJO|200037781|1|0|1.0|SET FIJO|FIJO|200037781|1|0|1.0|SET FIJO|FIJO|200037781|1|0|1.0|SET FIJO|FIJO|200037781|1|0|1.0|SET FIJO|FIJO|200037781|1|0|1.0|SET FIJO|FIJO|200037781|1|0|1.0|SET FIJO|FIJO|200037781|1|0|1.0|SET FIJO|FIJO|200037781|1|0|1.0|SET FIJO|FIJO|200080567|0|0|1.0|SET FIJO|FIJO|200080567|0|0|1.0|SET FIJO|FIJO|200080567|0|0|1.0|SET FIJO|FIJO|200080567|0|0|1.0|SET FIJO|FIJO|200080567|0|0|1.0|SET FIJO|FIJO|200080567|0|0|1.0|SET FIJO|FIJO|200080567|0|0|1.0|SET FIJO|FIJO|200080567|0|0|1.0|SET FIJO|FIJO|200080567|0|0|1.0|SET FIJO|FIJO|200080567|0|0|1.0|SET FIJO|FIJO|200080567|0|0|1.0|SET FIJO|FIJO|200080567|0|0|1.0|SET FIJO|FIJO|200037781|1|0|1.0|SET FIJO|FIJO|200037781|1|0|1.0
141,SET FIJO|FIJO|200050979|1|0|1.0|SET FIJO|FIJO|200050979|1|0|1.0|SET FIJO|FIJO|200050981|0|0|1.0|SET FIJO|FIJO|200050981|0|0|1.0|SET FIJO|FIJO|200050979|1|0|1.0|SET FIJO|FIJO|200050979|1|0|1.0|SET FIJO|FIJO|200050979|1|0|1.0|SET FIJO|FIJO|200050979|1|0|1.0|SET FIJO|FIJO|200050979|1|0|1.0|SET FIJO|FIJO|200050979|1|0|1.0|SET FIJO|FIJO|200050979|1|0|1.0|SET FIJO|FIJO|200050979|1|0|1.0|SET FIJO|FIJO|200050981|0|0|1.0|SET FIJO|FIJO|200050981|0|0|1.0|SET FIJO|FIJO|200050981|0|0|1.0|SET FIJO|FIJO|200050981|0|0|1.0|SET FIJO|FIJO|200050981|0|0|1.0|SET FIJO|FIJO|200050981|0|0|1.0|SET FIJO|FIJO|200050981|0|0|1.0|SET FIJO|FIJO|200050981|0|0|1.0|SET FIJO|FIJO|200050981|0|0|1.0|SET FIJO|FIJO|200050981|0|0|1.0|SET FIJO|FIJO|200050979|1|0|1.0|SET FIJO|FIJO|200050979|1|0|1.0|SET FIJO|FIJO|200050979|1|0|1.0|SET FIJO|FIJO|200050979|1|0|1.0
142,SET FIJO|FIJO|200112559|0|0|1.0|SET FIJO|FIJO|200095864|1|0|1.0|SET FIJO|FIJO|200095864|1|0|1.0|SET FIJO|FIJO|200095864|1|0|1.0|SET FIJO|FIJO|200095864|1|0|1.0|SET FIJO|FIJO|200095864|1|0|1.0|SET FIJO|FIJO|200095864|1|0|1.0|SET FIJO|FIJO|200095864|1|0|1.0|SET FIJO|FIJO|200095864|1|0|1.0|SET FIJO|FIJO|200112559|0|0|1.0|SET FIJO|FIJO|200112559|0|0|1.0|SET FIJO|FIJO|200112559|0|0|1.0|SET FIJO|FIJO|200112559|0|0|1.0|SET FIJO|FIJO|200095864|1|0|1.0|SET FIJO|FIJO|200095864|1|0|1.0|SET FIJO|FIJO|200095864|1|0|1.0|SET FIJO|FIJO|200095864|1|0|1.0|SET FIJO|FIJO|200112559|0|0|1.0|SET FIJO|FIJO|200112559|0|0|1.0|SET FIJO|FIJO|200112559|0|0|1.0|SET FIJO|FIJO|200112559|0|0|1.0|SET FIJO|FIJO|200112559|0|0|1.0|SET FIJO|FIJO|200112559|0|0|1.0|SET FIJO|FIJO|200095864|1|0|1.0|SET FIJO|FIJO|200112559|0|0|1.0|SET FIJO|FIJO|200095864|1|0|1.0
143,SET FIJO|FIJO|200053122|1|0|1.0|SET FIJO|FIJO|200053122|1|0|1.0|SET FIJO|FIJO|200077095|0|0|1.0|SET FIJO|FIJO|200053122|1|0|1.0|SET FIJO|FIJO|200053122|1|0|1.0|SET FIJO|FIJO|200077095|0|0|1.0|SET FIJO|FIJO|200053122|1|0|1.0|SET FIJO|FIJO|200077095|0|0|1.0|SET FIJO|FIJO|200053122|1|0|1.0|SET FIJO|FIJO|200053122|1|0|1.0|SET FIJO|FIJO|200053122|1|0|1.0|SET FIJO|FIJO|200053122|1|0|1.0|SET FIJO|FIJO|200077095|0|0|1.0|SET FIJO|FIJO|200053122|1|0|1.0|SET FIJO|FIJO|200077095|0|0|1.0|SET FIJO|FIJO|200053122|1|0|1.0|SET FIJO|FIJO|200077095|0|0|1.0|SET FIJO|FIJO|200077095|0|0|1.0|SET FIJO|FIJO|200077095|0|0|1.0|SET FIJO|FIJO|200077095|0|0|1.0|SET FIJO|FIJO|200053122|1|0|1.0|SET FIJO|FIJO|200077095|0|0|1.0|SET FIJO|FIJO|200077095|0|0|1.0|SET FIJO|FIJO|200077095|0|0|1.0|SET FIJO|FIJO|200077095|0|0|1.0|SET FIJO|FIJO|200053122|1|0|1.0
144,SET FIJO|FIJO|200042358|1|0|1.0|SET FIJO|FIJO|200043857|0|0|1.0|SET FIJO|FIJO|200042358|1|0|1.0|SET FIJO|FIJO|200043857|0|0|1.0|SET FIJO|FIJO|200042358|1|0|1.0|SET FIJO|FIJO|200043857|0|0|1.0|SET FIJO|FIJO|200042358|1|0|1.0|SET FIJO|FIJO|200043857|0|0|1.0|SET FIJO|FIJO|200042358|1|0|1.0|SET FIJO|FIJO|200043857|0|0|1.0|SET FIJO|FIJO|200042358|1|0|1.0|SET FIJO|FIJO|200043857|0|0|1.0|SET FIJO|FIJO|200042358|1|0|1.0|SET FIJO|FIJO|200043857|0|0|1.0|SET FIJO|FIJO|200042358|1|0|1.0|SET FIJO|FIJO|200043857|0|0|1.0|SET FIJO|FIJO|200042358|1|0|1.0|SET FIJO|FIJO|200043857|0|0|1.0|SET FIJO|FIJO|200042358|1|0|1.0|SET FIJO|FIJO|200043857|0|0|1.0|SET FIJO|FIJO|200042358|1|0|1.0|SET FIJO|FIJO|200043857|0|0|1.0|SET FIJO|FIJO|200042358|1|0|1.0|SET FIJO|FIJO|200043857|0|0|1.0|SET FIJO|FIJO|200042358|1|0|1.0|SET FIJO|FIJO|200043857|0|0|1.0|SET FIJO|FIJO|200042358|1|0|1.0|SET FIJO|FIJO|200043857|0|0|1.0
145,SET FIJO|FIJO|P0260059001|0|0|1.0|SET FIJO|FIJO|P0260059001|0|0|1.0|SET FIJO|FIJO|P0260059001|0|0|1.0|SET FIJO|FIJO|P0260059001|0|0|1.0|SET FIJO|FIJO|P0260059001|0|0|1.0|SET FIJO|FIJO|P0260059001|0|0|1.0|SET FIJO|FIJO|P0260059001|0|0|1.0|SET FIJO|FIJO|P0260059001|0|0|1.0|SET FIJO|FIJO|P0261097007|1|0|1.0|SET FIJO|FIJO|P0261097007|1|0|1.0|SET FIJO|FIJO|P0261097007|1|0|1.0|SET FIJO|FIJO|P0261097007|1|0|1.0|SET FIJO|FIJO|P0261097007|1|0|1.0|SET FIJO|FIJO|P0261097007|1|0|1.0|SET FIJO|FIJO|P0261097007|1|0|1.0|SET FIJO|FIJO|P0261097007|1|0|1.0|SET FIJO|FIJO|P0261097007|1|0|1.0|SET FIJO|FIJO|P0261097007|1|0|1.0|SET FIJO|FIJO|P0260150003|0|0|1.0|SET FIJO|FIJO|P0260150003|0|0|1.0|SET FIJO|FIJO|P0260150003|0|0|1.0|SET FIJO|FIJO|P0260150003|0|0|1.0|SET FIJO|FIJO|P0260150003|0|0|1.0|SET FIJO|FIJO|P0260150003|0|0|1.0|SET FIJO|FIJO|P0260150003|0|0|1.0|SET FIJO|FIJO|P0260150003|0|0|1.0|SET FIJO|FIJO|P0260150003|0|0|1.0|SET FIJO|FIJO|P0260150003|0|0|1.0|SET FIJO|FIJO|P0260059001|0|0|1.0|SET FIJO|FIJO|P0260059001|0|0|1.0|SET FIJO|FIJO|P0260059001|0|0|1.0|SET FIJO|FIJO|P0260059001|0|0|1.0|SET FIJO|FIJO|P0261097007|1|0|1.0|SET FIJO|FIJO|P0260150003|0|0|1.0|SET FIJO|FIJO|P0260150003|0|0|1.0
146,SET FIJO|FIJO|200080229|0|0|1.0|SET FIJO|FIJO|200080229|0|0|1.0|SET FIJO|FIJO|200080229|0|0|1.0|SET FIJO|FIJO|200080229|0|0|1.0|SET FIJO|FIJO|200080229|0|0|1.0|SET FIJO|FIJO|200080229|0|0|1.0|SET FIJO|FIJO|200080229|0|0|1.0|SET FIJO|FIJO|200080229|0|0|1.0|SET FIJO|FIJO|200080229|0|0|1.0|SET FIJO|FIJO|200080229|0|0|1.0|SET FIJO|FIJO|200080229|0|0|1.0|SET FIJO|FIJO|200080229|0|0|1.0|SET FIJO|FIJO|200080229|0|0|1.0|SET FIJO|FIJO|200083596|1|0|1.0|SET FIJO|FIJO|200083596|1|0|1.0|SET FIJO|FIJO|200083596|1|0|1.0|SET FIJO|FIJO|200083596|1|0|1.0|SET FIJO|FIJO|200083596|1|0|1.0|SET FIJO|FIJO|200083596|1|0|1.0|SET FIJO|FIJO|200083596|1|0|1.0|SET FIJO|FIJO|200083596|1|0|1.0|SET FIJO|FIJO|200083596|1|0|1.0|SET FIJO|FIJO|200083596|1|0|1.0|SET FIJO|FIJO|200083596|1|0|1.0
147,SET FIJO|FIJO|200080229|0|0|1.0|SET FIJO|FIJO|200080229|0|0|1.0|SET FIJO|FIJO|200080229|0|0|1.0|SET FIJO|FIJO|200080229|0|0|1.0|SET FIJO|FIJO|200080229|0|0|1.0|SET FIJO|FIJO|P0261088003|0|0|1.0|SET FIJO|FIJO|200080229|0|0|1.0|SET FIJO|FIJO|200080229|0|0|1.0|SET FIJO|FIJO|200080229|0|0|1.0|SET FIJO|FIJO|200080229|0|0|1.0|SET FIJO|FIJO|200080229|0|0|1.0|SET FIJO|FIJO|200080229|0|0|1.0|SET FIJO|FIJO|200080229|0|0|1.0|SET FIJO|FIJO|200080229|0|0|1.0|SET FIJO|FIJO|P0261088003|0|0|1.0|SET FIJO|FIJO|P0261088003|0|0|1.0|SET FIJO|FIJO|P0261088003|0|0|1.0|SET FIJO|FIJO|P0261088003|0|0|1.0|SET FIJO|FIJO|200083596|1|0|1.0|SET FIJO|FIJO|200083596|1|0|1.0|SET FIJO|FIJO|200083596|1|0|1.0|SET FIJO|FIJO|200083596|1|0|1.0|SET FIJO|FIJO|200083596|1|0|1.0|SET FIJO|FIJO|200083596|1|0|1.0|SET FIJO|FIJO|200083596|1|0|1.0|SET FIJO|FIJO|200083596|1|0|1.0|SET FIJO|FIJO|200083596|1|0|1.0|SET FIJO|FIJO|200083596|1|0|1.0|SET FIJO|FIJO|200083596|1|0|1.0|SET FIJO|FIJO|P0261088003|0|0|1.0|SET FIJO|FIJO|P0261088003|0|0|1.0|SET FIJO|FIJO|P0261088003|0|0|1.0|SET FIJO|FIJO|P0261088003|0|0|1.0|SET FIJO|FIJO|P0261088003|0|0|1.0|SET FIJO|FIJO|P0261088003|0|0|1.0
148,SET FIJO|FIJO|200116558|0|0|1.0|SET FIJO|FIJO|200116558|0|0|1.0|SET FIJO|FIJO|200116558|0|0|1.0|SET FIJO|FIJO|200116558|0|0|1.0|SET FIJO|FIJO|200116558|0|0|1.0|SET FIJO|FIJO|200116558|0|0|1.0|SET FIJO|FIJO|200116558|0|0|1.0|SET FIJO|FIJO|200116555|1|0|1.0|SET FIJO|FIJO|200116555|1|0|1.0|SET FIJO|FIJO|200116555|1|0|1.0|SET FIJO|FIJO|200116555|1|0|1.0|SET FIJO|FIJO|200116558|0|0|1.0|SET FIJO|FIJO|200116558|0|0|1.0|SET FIJO|FIJO|200116558|0|0|1.0|SET FIJO|FIJO|200116555|1|0|1.0|SET FIJO|FIJO|200116555|1|0|1.0|SET FIJO|FIJO|200116555|1|0|1.0|SET FIJO|FIJO|200116555|1|0|1.0|SET FIJO|FIJO|200116555|1|0|1.0|SET FIJO|FIJO|200116555|1|0|1.0|SET FIJO|FIJO|200116555|1|0|1.0|SET FIJO|FIJO|200116555|1|0|1.0|SET FIJO|FIJO|200116555|1|0|1.0|SET FIJO|FIJO|200116558|0|0|1.0|SET FIJO|FIJO|200116558|0|0|1.0|SET FIJO|FIJO|200116558|0|0|1.0
149,SET FIJO|FIJO|200082480|1|0|1.0|SET FIJO|FIJO|200051254|0|0|1.0|SET FIJO|FIJO|200116558|0|0|1.0|SET FIJO|FIJO|200116558|0|0|1.0|SET FIJO|FIJO|200116558|0|0|1.0|SET FIJO|FIJO|200116558|0|0|1.0|SET FIJO|FIJO|200116558|0|0|1.0|SET FIJO|FIJO|200082480|1|0|1.0|SET FIJO|FIJO|200051254|0|0|1.0|SET FIJO|FIJO|200051254|0|0|1.0|SET FIJO|FIJO|200082480|1|0|1.0|SET FIJO|FIJO|200116558|0|0|1.0|SET FIJO|FIJO|200116558|0|0|1.0|SET FIJO|FIJO|200082480|1|0|1.0|SET FIJO|FIJO|200116558|0|0|1.0|SET FIJO|FIJO|200116558|0|0|1.0|SET FIJO|FIJO|200116558|0|0|1.0|SET FIJO|FIJO|200082480|1|0|1.0|SET FIJO|FIJO|200082480|1|0|1.0|SET FIJO|FIJO|200082480|1|0|1.0|SET FIJO|FIJO|200082480|1|0|1.0|SET FIJO|FIJO|200051254|0|0|1.0|SET FIJO|FIJO|200051254|0|0|1.0|SET FIJO|FIJO|200051254|0|0|1.0|SET FIJO|FIJO|200051254|0|0|1.0|SET FIJO|FIJO|200082480|1|0|1.0|SET FIJO|FIJO|200051254|0|0|1.0|SET FIJO|FIJO|200051254|0|0|1.0|SET FIJO|FIJO|200082480|1|0|1.0|SET FIJO|FIJO|200116558|0|0|1.0|SET FIJO|FIJO|200116558|0|0|1.0|SET FIJO|FIJO|200051254|0|0|1.0|SET FIJO|FIJO|200082480|1|0|1.0|SET FIJO|FIJO|200051254|0|0|1.0|SET FIJO|FIJO|200051254|0|0|1.0|SET FIJO|FIJO|200051254|0|0|1.0|SET FIJO|FIJO|200082480|1|0|1.0|SET FIJO|FIJO|200116558|0|0|1.0|SET FIJO|FIJO|200082480|1|0|1.0
150,SET FIJO|FIJO|200107663|0|0|1.0|SET FIJO|FIJO|200107663|0|0|1.0|SET FIJO|FIJO|200107663|0|0|1.0|SET FIJO|FIJO|200107663|0|0|1.0|SET FIJO|FIJO|200106354|1|0|1.0|SET FIJO|FIJO|200107663|0|0|1.0|SET FIJO|FIJO|200106354|1|0|1.0|SET FIJO|FIJO|200106354|1|0|1.0|SET FIJO|FIJO|200107663|0|0|1.0|SET FIJO|FIJO|200106354|1|0|1.0|SET FIJO|FIJO|200106354|1|0|1.0|SET FIJO|FIJO|200107663|0|0|1.0|SET FIJO|FIJO|200107663|0|0|1.0|SET FIJO|FIJO|200106354|1|0|1.0|SET FIJO|FIJO|200106354|1|0|1.0|SET FIJO|FIJO|200106354|1|0|1.0|SET FIJO|FIJO|200106354|1|0|1.0|SET FIJO|FIJO|200106354|1|0|1.0|SET FIJO|FIJO|200107663|0|0|1.0|SET FIJO|FIJO|200106354|1|0|1.0|SET FIJO|FIJO|200107663|0|0|1.0|SET FIJO|FIJO|200106354|1|0|1.0|SET FIJO|FIJO|200106354|1|0|1.0|SET FIJO|FIJO|200107663|0|0|1.0|SET FIJO|FIJO|200107663|0|0|1.0|SET FIJO|FIJO|200107663|0|0|1.0
151,SET FIJO|FIJO|200115817|1|0|1.0|SET FIJO|FIJO|200115817|1|0|1.0|SET FIJO|FIJO|200115817|1|0|1.0|SET FIJO|FIJO|200118180|0|0|1.0|SET FIJO|FIJO|200118180|0|0|1.0|SET FIJO|FIJO|200118180|0|0|1.0|SET FIJO|FIJO|200118180|0|0|1.0|SET FIJO|FIJO|200118180|0|0|1.0|SET FIJO|FIJO|200118180|0|0|1.0|SET FIJO|FIJO|200118180|0|0|1.0|SET FIJO|FIJO|200118180|0|0|1.0|SET FIJO|FIJO|200118180|0|0|1.0|SET FIJO|FIJO|200118180|0|0|1.0|SET FIJO|FIJO|200118180|0|0|1.0|SET FIJO|FIJO|200118180|0|0|1.0|SET FIJO|FIJO|200118180|0|0|1.0|SET FIJO|FIJO|200115817|1|0|1.0|SET FIJO|FIJO|200115817|1|0|1.0|SET FIJO|FIJO|200115817|1|0|1.0|SET FIJO|FIJO|200115817|1|0|1.0|SET FIJO|FIJO|200115817|1|0|1.0|SET FIJO|FIJO|200115817|1|0|1.0|SET FIJO|FIJO|200115817|1|0|1.0|SET FIJO|FIJO|200115817|1|0|1.0|SET FIJO|FIJO|200115817|1|0|1.0|SET FIJO|FIJO|200115817|1|0|1.0
152,SET FIJO|FIJO|200115817|1|0|1.0|SET FIJO|FIJO|200115817|1|0|1.0|SET FIJO|FIJO|200115817|1|0|1.0|SET FIJO|FIJO|200115817|1|0|1.0|SET FIJO|FIJO|200115817|1|0|1.0|SET FIJO|FIJO|200115817|1|0|1.0|SET FIJO|FIJO|200115817|1|0|1.0|SET FIJO|FIJO|200115817|1|0|1.0|SET FIJO|FIJO|200115817|1|0|1.0|SET FIJO|FIJO|200115817|1|0|1.0|SET FIJO|FIJO|200115817|1|0|1.0|SET FIJO|FIJO|200115817|1|0|1.0|SET FIJO|FIJO|200115817|1|0|1.0
153,SET FIJO|FIJO|200082480|0|0|1.0|SET FIJO|FIJO|200082480|0|0|1.0|SET FIJO|FIJO|200082480|0|0|1.0|SET FIJO|FIJO|200082480|0|0|1.0|SET FIJO|FIJO|200115817|1|0|1.0|SET FIJO|FIJO|200082480|0|0|1.0|SET FIJO|FIJO|200115817|1|0|1.0|SET FIJO|FIJO|200115817|1|0|1.0|SET FIJO|FIJO|200082480|0|0|1.0|SET FIJO|FIJO|200082480|0|0|1.0|SET FIJO|FIJO|200082480|0|0|1.0|SET FIJO|FIJO|200115817|1|0|1.0|SET FIJO|FIJO|200115817|1|0|1.0|SET FIJO|FIJO|200115817|1|0|1.0|SET FIJO|FIJO|200115817|1|0|1.0|SET FIJO|FIJO|200115817|1|0|1.0|SET FIJO|FIJO|200115817|1|0|1.0|SET FIJO|FIJO|200115817|1|0|1.0|SET FIJO|FIJO|200115817|1|0|1.0|SET FIJO|FIJO|200082480|0|0|1.0|SET FIJO|FIJO|200082480|0|0|1.0|SET FIJO|FIJO|200082480|0|0|1.0|SET FIJO|FIJO|200115817|1|0|1.0|SET FIJO|FIJO|200082480|0|0|1.0|SET FIJO|FIJO|200115817|1|0|1.0|SET FIJO|FIJO|200082480|0|0|1.0
154,SET FIJO|FIJO|200051481|0|0|1.0|SET FIJO|FIJO|200051475|1|0|1.0|SET FIJO|FIJO|200051475|1|0|1.0|SET FIJO|FIJO|200051481|0|0|1.0|SET FIJO|FIJO|200051475|1|0|1.0|SET FIJO|FIJO|200051475|1|0|1.0|SET FIJO|FIJO|200051481|0|0|1.0|SET FIJO|FIJO|200051481|0|0|1.0|SET FIJO|FIJO|200051481|0|0|1.0|SET FIJO|FIJO|200051481|0|0|1.0|SET FIJO|FIJO|200051475|1|0|1.0|SET FIJO|FIJO|200051475|1|0|1.0|SET FIJO|FIJO|200051475|1|0|1.0|SET FIJO|FIJO|200051475|1|0|1.0|SET FIJO|FIJO|200051475|1|0|1.0|SET FIJO|FIJO|200051481|0|0|1.0|SET FIJO|FIJO|200051475|1|0|1.0|SET FIJO|FIJO|200051481|0|0|1.0|SET FIJO|FIJO|200051481|0|0|1.0|SET FIJO|FIJO|200051475|1|0|1.0|SET FIJO|FIJO|200051481|0|0|1.0|SET FIJO|FIJO|200051481|0|0|1.0|SET FIJO|FIJO|200051481|0|0|1.0|SET FIJO|FIJO|200051481|0|0|1.0|SET FIJO|FIJO|200051475|1|0|1.0|SET FIJO|FIJO|200051475|1|0|1.0
155,SET FIJO|FIJO|P0261097007|1|0|1.0|SET FIJO|FIJO|P0261097007|1|0|1.0|SET FIJO|FIJO|P0261097007|1|0|1.0|SET FIJO|FIJO|P0261097007|1|0|1.0|SET FIJO|FIJO|P0260150003|0|0|1.0|SET FIJO|FIJO|P0260150003|0|0|1.0|SET FIJO|FIJO|P0260150003|0|0|1.0|SET FIJO|FIJO|P0260150003|0|0|1.0|SET FIJO|FIJO|P0260150003|0|0|1.0|SET FIJO|FIJO|P0260150003|0|0|1.0|SET FIJO|FIJO|P0260150003|0|0|1.0|SET FIJO|FIJO|P0260059001|0|0|1.0|SET FIJO|FIJO|P0260059001|0|0|1.0|SET FIJO|FIJO|P0260059001|0|0|1.0|SET FIJO|FIJO|P0261097007|1|0|1.0|SET FIJO|FIJO|P0261097007|1|0|1.0|SET FIJO|FIJO|P0261097007|1|0|1.0|SET FIJO|FIJO|P0261097007|1|0|1.0|SET FIJO|FIJO|P0261097007|1|0|1.0|SET FIJO|FIJO|P0260059001|0|0|1.0|SET FIJO|FIJO|P0260059001|0|0|1.0|SET FIJO|FIJO|P0260150003|0|0|1.0|SET FIJO|FIJO|P0260150003|0|0|1.0|SET FIJO|FIJO|P0260150003|0|0|1.0|SET FIJO|FIJO|P0260150003|0|0|1.0|SET FIJO|FIJO|P0260150003|0|0|1.0|SET FIJO|FIJO|P0260059001|0|0|1.0|SET FIJO|FIJO|P0260059001|0|0|1.0|SET FIJO|FIJO|P0260059001|0|0|1.0|SET FIJO|FIJO|P0260059001|0|0|1.0|SET FIJO|FIJO|P0260059001|0|0|1.0|SET FIJO|FIJO|P0260059001|0|0|1.0|SET FIJO|FIJO|P0260059001|0|0|1.0|SET FIJO|FIJO|P0261097007|1|0|1.0|SET FIJO|FIJO|P0261097007|1|0|1.0
156,SET FIJO|FIJO|P0261097007|1|0|1.0|SET FIJO|FIJO|P0261097007|1|0|1.0|SET FIJO|FIJO|P0261097007|1|0|1.0|SET FIJO|FIJO|P0261097007|1|0|1.0|SET FIJO|FIJO|P0261097007|1|0|1.0|SET FIJO|FIJO|P0261097007|1|0|1.0|SET FIJO|FIJO|P0261097007|1|0|1.0|SET FIJO|FIJO|P0261097007|1|0|1.0|SET FIJO|FIJO|P0260059001|0|0|1.0|SET FIJO|FIJO|P0260059001|0|0|1.0|SET FIJO|FIJO|P0260059001|0|0|1.0|SET FIJO|FIJO|P0261097007|1|0|1.0|SET FIJO|FIJO|P0261097007|1|0|1.0|SET FIJO|FIJO|P0261097007|1|0|1.0|SET FIJO|FIJO|P0260150003|0|0|1.0|SET FIJO|FIJO|P0260150003|0|0|1.0|SET FIJO|FIJO|P0260150003|0|0|1.0|SET FIJO|FIJO|P0260150003|0|0|1.0|SET FIJO|FIJO|P0260150003|0|0|1.0|SET FIJO|FIJO|P0260150003|0|0|1.0|SET FIJO|FIJO|P0260150003|0|0|1.0|SET FIJO|FIJO|P0260150003|0|0|1.0|SET FIJO|FIJO|P0260150003|0|0|1.0|SET FIJO|FIJO|P0260150003|0|0|1.0|SET FIJO|FIJO|P0260059001|0|0|1.0|SET FIJO|FIJO|P0260059001|0|0|1.0|SET FIJO|FIJO|P0260150003|0|0|1.0|SET FIJO|FIJO|P0260150003|0|0|1.0|SET FIJO|FIJO|P0260059001|0|0|1.0|SET FIJO|FIJO|P0260059001|0|0|1.0|SET FIJO|FIJO|P0260059001|0|0|1.0|SET FIJO|FIJO|P0260059001|0|0|1.0|SET FIJO|FIJO|P0260059001|0|0|1.0|SET FIJO|FIJO|P0260059001|0|0|1.0|SET FIJO|FIJO|P0260059001|0|0|1.0
158,SET VARIABLE|VARIABLE|P0260059003|0|0|1.0|SET VARIABLE|VARIABLE|P0260059003|0|0|1.0|SET VARIABLE|VARIABLE|P0260059003|0|0|1.0|SET VARIABLE|VARIABLE|P0260059003|0|0|1.0|SET VARIABLE|FIJO|200113419|1|0|1.0|SET VARIABLE|FIJO|200113419|1|0|1.0|SET VARIABLE|FIJO|200113419|1|0|1.0|SET VARIABLE|FIJO|200113419|1|0|1.0|SET VARIABLE|VARIABLE|P0260059003|0|0|1.0|SET VARIABLE|VARIABLE|P0260059003|0|0|1.0|SET VARIABLE|VARIABLE|P0260059003|0|0|1.0|SET VARIABLE|VARIABLE|P0260059003|0|0|1.0|SET VARIABLE|VARIABLE|P0260059003|0|0|1.0|SET VARIABLE|FIJO|200113419|1|0|1.0|SET VARIABLE|FIJO|200113419|1|0|1.0|SET VARIABLE|FIJO|200113419|1|0|1.0|SET VARIABLE|FIJO|200113419|1|0|1.0|SET VARIABLE|FIJO|200113419|1|0|1.0|SET VARIABLE|FIJO|200113419|1|0|1.0|SET VARIABLE|FIJO|200113419|1|0|1.0|SET VARIABLE|VARIABLE|P0260059003|0|0|1.0|SET VARIABLE|VARIABLE|P0260059003|0|0|1.0|SET VARIABLE|VARIABLE|P0260059003|0|0|1.0|SET VARIABLE|VARIABLE|P0260059003|0|0|1.0|SET VARIABLE|VARIABLE|P0260059003|0|0|1.0|SET VARIABLE|VARIABLE|P0260059003|0|0|1.0|SET VARIABLE|VARIABLE|P0260059003|0|0|1.0|SET VARIABLE|VARIABLE|P0260059003|0|0|1.0|SET VARIABLE|VARIABLE|P0260059003|0|0|1.0|SET VARIABLE|VARIABLE|P0260059003|0|0|1.0|SET VARIABLE|VARIABLE|P0260059003|0|0|1.0|SET VARIABLE|VARIABLE|P0260059003|0|0|1.0|SET VARIABLE|VARIABLE|P0260059003|0|0|1.0|SET VARIABLE|VARIABLE|P0260059003|0|0|1.0|SET VARIABLE|VARIABLE|P0260059003|0|0|1.0|SET VARIABLE|VARIABLE|P0260059003|0|0|1.0|SET VARIABLE|VARIABLE|P0260059003|0|0|1.0|SET VARIABLE|FIJO|200113419|1|0|1.0|SET VARIABLE|FIJO|200113419|1|0|1.0|SET VARIABLE|VARIABLE|P0260059003|0|0|1.0|SET VARIABLE|VARIABLE|P0260059003|0|0|1.0|SET VARIABLE|VARIABLE|P0260059003|0|0|1.0|SET VARIABLE|VARIABLE|P0260059003|0|0|1.0|SET VARIABLE|VARIABLE|P0260059003|0|0|1.0|SET VARIABLE|VARIABLE|P0260059003|0|0|1.0|SET VARIABLE|VARIABLE|P0260059003|0|0|1.0|SET VARIABLE|VARIABLE|P0260059003|0|0|1.0|SET VARIABLE|VARIABLE|P0260059003|0|0|1.0|SET VARIABLE|VARIABLE|P0260059003|0|0|1.0
159,SET VARIABLE|VARIABLE|P0261097007|1|0|1.0|SET VARIABLE|VARIABLE|P0261097007|1|0|1.0|SET VARIABLE|VARIABLE|P0261097007|1|0|1.0|SET VARIABLE|VARIABLE|P0261097007|1|0|1.0|SET VARIABLE|VARIABLE|P0261097007|1|0|1.0|SET VARIABLE|VARIABLE|P0261097007|1|0|1.0|SET VARIABLE|VARIABLE|P0261097007|1|0|1.0|SET VARIABLE|VARIABLE|P0261097007|1|0|1.0|SET VARIABLE|VARIABLE|P0261097007|1|0|1.0|SET VARIABLE|VARIABLE|P0261097007|1|0|1.0|SET VARIABLE|VARIABLE|P0261097007|1|0|1.0|SET VARIABLE|VARIABLE|P0261097007|1|0|1.0|SET VARIABLE|VARIABLE|P0261097007|1|0|1.0|SET VARIABLE|FIJO|P0260150003|0|0|1.0|SET VARIABLE|VARIABLE|P0261097007|1|0|1.0|SET VARIABLE|VARIABLE|P0261097007|1|0|1.0|SET VARIABLE|VARIABLE|P0261097007|1|0|1.0|SET VARIABLE|VARIABLE|P0261097007|1|0|1.0|SET VARIABLE|VARIABLE|P0261097007|1|0|1.0|SET VARIABLE|VARIABLE|P0261097007|1|0|1.0|SET VARIABLE|VARIABLE|P0261097007|1|0|1.0|SET VARIABLE|VARIABLE|P0261097007|1|0|1.0|SET VARIABLE|VARIABLE|P0261097007|1|0|1.0|SET VARIABLE|FIJO|P0260150003|0|0|1.0|SET VARIABLE|FIJO|P0260150003|0|0|1.0|SET VARIABLE|FIJO|P0260150003|0|0|1.0|SET VARIABLE|FIJO|P0260150003|0|0|1.0|SET VARIABLE|FIJO|P0260150003|0|0|1.0|SET VARIABLE|FIJO|P0260150003|0|0|1.0|SET VARIABLE|FIJO|P0260150003|0|0|1.0|SET VARIABLE|FIJO|P0260150003|0|0|1.0|SET VARIABLE|FIJO|P0260150003|0|0|1.0|SET VARIABLE|FIJO|P0260150003|0|0|1.0|SET VARIABLE|FIJO|P0260150003|0|0|1.0|SET VARIABLE|FIJO|P0260059001|0|0|1.0|SET VARIABLE|FIJO|P0260059001|0|0|1.0|SET VARIABLE|FIJO|P0260059001|0|0|1.0|SET VARIABLE|FIJO|P0260059001|0|0|1.0|SET VARIABLE|FIJO|P0260059001|0|0|1.0|SET VARIABLE|FIJO|P0260059001|0|0|1.0|SET VARIABLE|FIJO|P0260059001|0|0|1.0|SET VARIABLE|FIJO|P0260059001|0|0|1.0|SET VARIABLE|FIJO|P0260059001|0|0|1.0|SET VARIABLE|FIJO|P0260059001|0|0|1.0|SET VARIABLE|FIJO|P0260059001|0|0|1.0|SET VARIABLE|FIJO|P0260059001|0|0|1.0
160,SET VARIABLE|VARIABLE|P0261097007|1|0|1.0|SET VARIABLE|VARIABLE|P0261097007|1|0|1.0|SET VARIABLE|VARIABLE|P0261097007|1|0|1.0|SET VARIABLE|VARIABLE|P0261097007|1|0|1.0|SET VARIABLE|VARIABLE|P0261097007|1|0|1.0|SET VARIABLE|VARIABLE|P0261097007|1|0|1.0|SET VARIABLE|VARIABLE|P0261097007|1|0|1.0|SET VARIABLE|VARIABLE|P0261097007|1|0|1.0|SET VARIABLE|FIJO|P0260150003|0|0|1.0|SET VARIABLE|FIJO|P0260150003|0|0|1.0|SET VARIABLE|FIJO|P0260150003|0|0|1.0|SET VARIABLE|FIJO|P0260150003|0|0|1.0|SET VARIABLE|FIJO|P0260150003|0|0|1.0|SET VARIABLE|FIJO|P0260150003|0|0|1.0|SET VARIABLE|FIJO|P0260150003|0|0|1.0|SET VARIABLE|FIJO|P0260059001|0|0|1.0|SET VARIABLE|FIJO|P0260059001|0|0|1.0|SET VARIABLE|FIJO|P0260059001|0|0|1.0|SET VARIABLE|FIJO|P0260059001|0|0|1.0|SET VARIABLE|VARIABLE|P0261097007|1|0|1.0|SET VARIABLE|VARIABLE|P0261097007|1|0|1.0|SET VARIABLE|VARIABLE|P0261097007|1|0|1.0|SET VARIABLE|VARIABLE|P0261097007|1|0|1.0|SET VARIABLE|VARIABLE|P0261097007|1|0|1.0|SET VARIABLE|VARIABLE|P0261097007|1|0|1.0|SET VARIABLE|VARIABLE|P0261097007|1|0|1.0|SET VARIABLE|VARIABLE|P0261097007|1|0|1.0|SET VARIABLE|VARIABLE|P0261097007|1|0|1.0|SET VARIABLE|VARIABLE|P0261097007|1|0|1.0|SET VARIABLE|VARIABLE|P0261097007|1|0|1.0|SET VARIABLE|FIJO|P0260150003|0|0|1.0|SET VARIABLE|FIJO|P0260150003|0|0|1.0|SET VARIABLE|FIJO|P0260150003|0|0|1.0|SET VARIABLE|FIJO|P0260150003|0|0|1.0|SET VARIABLE|FIJO|P0260150003|0|0|1.0|SET VARIABLE|FIJO|P0260059001|0|0|1.0|SET VARIABLE|FIJO|P0260059001|0|0|1.0|SET VARIABLE|FIJO|P0260059001|0|0|1.0|SET VARIABLE|FIJO|P0260059001|0|0|1.0|SET VARIABLE|FIJO|P0260059001|0|0|1.0|SET VARIABLE|FIJO|P0260059001|0|0|1.0|SET VARIABLE|FIJO|P0260059001|0|0|1.0|SET VARIABLE|FIJO|P0260059001|0|0|1.0|SET VARIABLE|VARIABLE|P0261097007|1|0|1.0|SET VARIABLE|VARIABLE|P0261097007|1|0|1.0|SET VARIABLE|VARIABLE|P0261097007|1|0|1.0
161,SET VARIABLE|VARIABLE|P0261097007|1|0|1.0|SET VARIABLE|VARIABLE|P0261097007|1|0|1.0|SET VARIABLE|VARIABLE|P0261097007|1|0|1.0|SET VARIABLE|VARIABLE|P0261097007|1|0|1.0|SET VARIABLE|VARIABLE|P0261097007|1|0|1.0|SET VARIABLE|VARIABLE|P0261097007|1|0|1.0|SET VARIABLE|VARIABLE|P0261097007|1|0|1.0|SET VARIABLE|VARIABLE|P0261097007|1|0|1.0|SET VARIABLE|VARIABLE|P0261097007|1|0|1.0|SET VARIABLE|VARIABLE|P0261097007|1|0|1.0|SET VARIABLE|VARIABLE|P0261097007|1|0|1.0|SET VARIABLE|VARIABLE|P0261097007|1|0|1.0|SET VARIABLE|FIJO|P0260150003|0|0|1.0|SET VARIABLE|FIJO|P0260150003|0|0|1.0|SET VARIABLE|FIJO|P0260150003|0|0|1.0|SET VARIABLE|FIJO|P0260150003|0|0|1.0|SET VARIABLE|FIJO|P0260150003|0|0|1.0|SET VARIABLE|FIJO|P0260150003|0|0|1.0|SET VARIABLE|FIJO|P0260150003|0|0|1.0|SET VARIABLE|VARIABLE|P0261097007|1|0|1.0|SET VARIABLE|VARIABLE|P0261097007|1|0|1.0|SET VARIABLE|VARIABLE|P0261097007|1|0|1.0|SET VARIABLE|VARIABLE|P0261097007|1|0|1.0|SET VARIABLE|VARIABLE|P0261097007|1|0|1.0|SET VARIABLE|VARIABLE|P0261097007|1|0|1.0|SET VARIABLE|VARIABLE|P0261097007|1|0|1.0|SET VARIABLE|VARIABLE|P0261097007|1|0|1.0|SET VARIABLE|FIJO|P0260150003|0|0|1.0|SET VARIABLE|FIJO|P0260059001|0|0|1.0|SET VARIABLE|FIJO|P0260150003|0|0|1.0|SET VARIABLE|FIJO|P0260150003|0|0|1.0|SET VARIABLE|FIJO|P0260150003|0|0|1.0|SET VARIABLE|FIJO|P0260150003|0|0|1.0|SET VARIABLE|FIJO|P0260059001|0|0|1.0|SET VARIABLE|FIJO|P0260059001|0|0|1.0|SET VARIABLE|FIJO|P0260059001|0|0|1.0|SET VARIABLE|FIJO|P0260059001|0|0|1.0|SET VARIABLE|FIJO|P0260059001|0|0|1.0|SET VARIABLE|FIJO|P0260059001|0|0|1.0|SET VARIABLE|FIJO|P0260059001|0|0|1.0|SET VARIABLE|FIJO|P0260059001|0|0|1.0|SET VARIABLE|FIJO|P0260059001|0|0|1.0|SET VARIABLE|FIJO|P0260059001|0|0|1.0|SET VARIABLE|FIJO|P0260059001|0|0|1.0|SET VARIABLE|VARIABLE|P0261097007|1|0|1.0|SET VARIABLE|VARIABLE|P0261097007|1|0|1.0
162,PROMOCIÓN INDIVIDUAL|FIJO|200113615|1|0|1.0|PROMOCIÓN INDIVIDUAL|FIJO|200113615|1|0|1.0|PROMOCIÓN INDIVIDUAL|FIJO|200113615|1|0|1.0|PROMOCIÓN INDIVIDUAL|FIJO|200113615|1|0|1.0|PROMOCIÓN INDIVIDUAL|FIJO|200113615|1|0|1.0|PROMOCIÓN INDIVIDUAL|FIJO|200113615|1|0|1.0|PROMOCIÓN INDIVIDUAL|FIJO|200113615|1|0|1.0|PROMOCIÓN INDIVIDUAL|FIJO|200113615|1|0|1.0|PROMOCIÓN INDIVIDUAL|FIJO|200113615|1|0|1.0|PROMOCIÓN INDIVIDUAL|FIJO|200113615|1|0|1.0|PROMOCIÓN INDIVIDUAL|FIJO|200113615|1|0|1.0|PROMOCIÓN INDIVIDUAL|FIJO|200113615|1|0|1.0|PROMOCIÓN INDIVIDUAL|FIJO|200113615|1|0|1.0
163,VOLUMEN|VARIABLE|200114813|1|0|1.0|VOLUMEN|VARIABLE|200114813|1|0|1.0|VOLUMEN|VARIABLE|200114813|1|0|1.0|VOLUMEN|VARIABLE|200114813|1|0|1.0|VOLUMEN|VARIABLE|200114813|1|0|1.0|VOLUMEN|VARIABLE|200114813|1|0|1.0|VOLUMEN|VARIABLE|200114813|1|0|1.0|VOLUMEN|VARIABLE|200114813|1|0|1.0|VOLUMEN|VARIABLE|210099295|1|0|1.0|VOLUMEN|VARIABLE|210099295|1|0|1.0|VOLUMEN|VARIABLE|200114813|1|0|1.0|VOLUMEN|VARIABLE|200114813|1|0|1.0|VOLUMEN|VARIABLE|200114813|1|0|1.0|VOLUMEN|VARIABLE|200114813|1|0|1.0|VOLUMEN|VARIABLE|210099295|1|0|1.0|VOLUMEN|VARIABLE|210099295|1|0|1.0|VOLUMEN|VARIABLE|210099295|1|0|1.0|VOLUMEN|VARIABLE|210099295|1|0|1.0|VOLUMEN|VARIABLE|200114813|1|0|1.0|VOLUMEN|VARIABLE|210099295|1|0|1.0|VOLUMEN|VARIABLE|210099295|1|0|1.0|VOLUMEN|VARIABLE|210099295|1|0|1.0|VOLUMEN|VARIABLE|210099295|1|0|1.0|VOLUMEN|VARIABLE|210099295|1|0|1.0|VOLUMEN|VARIABLE|210099295|1|0|1.0|VOLUMEN|VARIABLE|210099295|1|0|1.0
164,VOLUMEN|VARIABLE|200114813|1|0|2.0|VOLUMEN|VARIABLE|200114813|1|0|2.0|VOLUMEN|VARIABLE|200114813|1|0|2.0|VOLUMEN|VARIABLE|200114813|1|0|2.0|VOLUMEN|VARIABLE|200114813|1|0|2.0|VOLUMEN|VARIABLE|200114813|1|0|2.0|VOLUMEN|VARIABLE|200114813|1|0|2.0|VOLUMEN|VARIABLE|200114813|1|0|2.0|VOLUMEN|VARIABLE|210099295|1|0|2.0|VOLUMEN|VARIABLE|210099295|1|0|2.0|VOLUMEN|VARIABLE|200114813|1|0|2.0|VOLUMEN|VARIABLE|200114813|1|0|2.0|VOLUMEN|VARIABLE|200114813|1|0|2.0|VOLUMEN|VARIABLE|200114813|1|0|2.0|VOLUMEN|VARIABLE|210099295|1|0|2.0|VOLUMEN|VARIABLE|210099295|1|0|2.0|VOLUMEN|VARIABLE|210099295|1|0|2.0|VOLUMEN|VARIABLE|210099295|1|0|2.0|VOLUMEN|VARIABLE|200114813|1|0|2.0|VOLUMEN|VARIABLE|210099295|1|0|2.0|VOLUMEN|VARIABLE|210099295|1|0|2.0|VOLUMEN|VARIABLE|210099295|1|0|2.0|VOLUMEN|VARIABLE|210099295|1|0|2.0|VOLUMEN|VARIABLE|210099295|1|0|2.0|VOLUMEN|VARIABLE|210099295|1|0|2.0|VOLUMEN|VARIABLE|210099295|1|0|2.0
165,VOLUMEN|VARIABLE|200116308|1|0|1.0|VOLUMEN|VARIABLE|200116227|1|0|1.0|VOLUMEN|VARIABLE|200116227|1|0|1.0|VOLUMEN|VARIABLE|200116227|1|0|1.0|VOLUMEN|VARIABLE|200116227|1|0|1.0|VOLUMEN|VARIABLE|200116227|1|0|1.0|VOLUMEN|VARIABLE|200067093|1|0|1.0|VOLUMEN|VARIABLE|200067093|1|0|1.0|VOLUMEN|VARIABLE|200067093|1|0|1.0|VOLUMEN|VARIABLE|200067093|1|0|1.0|VOLUMEN|VARIABLE|200067093|1|0|1.0|VOLUMEN|VARIABLE|200067093|1|0|1.0|VOLUMEN|VARIABLE|200067093|1|0|1.0|VOLUMEN|VARIABLE|200067093|1|0|1.0|VOLUMEN|VARIABLE|200067093|1|0|1.0|VOLUMEN|VARIABLE|200067093|1|0|1.0|VOLUMEN|VARIABLE|200116227|1|0|1.0|VOLUMEN|VARIABLE|200116227|1|0|1.0|VOLUMEN|VARIABLE|200116227|1|0|1.0|VOLUMEN|VARIABLE|200067093|1|0|1.0|VOLUMEN|VARIABLE|200067093|1|0|1.0|VOLUMEN|VARIABLE|200116312|1|0|1.0|VOLUMEN|VARIABLE|200116308|1|0|1.0|VOLUMEN|VARIABLE|200116308|1|0|1.0|VOLUMEN|VARIABLE|200116308|1|0|1.0|VOLUMEN|VARIABLE|200116308|1|0|1.0|VOLUMEN|VARIABLE|200116312|1|0|1.0|VOLUMEN|VARIABLE|200116312|1|0|1.0|VOLUMEN|VARIABLE|200116312|1|0|1.0|VOLUMEN|VARIABLE|200116312|1|0|1.0|VOLUMEN|VARIABLE|200116312|1|0|1.0|VOLUMEN|VARIABLE|200116312|1|0|1.0|VOLUMEN|VARIABLE|200116308|1|0|1.0|VOLUMEN|VARIABLE|200116308|1|0|1.0|VOLUMEN|VARIABLE|200116308|1|0|1.0|VOLUMEN|VARIABLE|200116308|1|0|1.0|VOLUMEN|VARIABLE|200116308|1|0|1.0|VOLUMEN|VARIABLE|200116227|1|0|1.0|VOLUMEN|VARIABLE|200116312|1|0|1.0|VOLUMEN|VARIABLE|200116312|1|0|1.0|VOLUMEN|VARIABLE|200116308|1|0|1.0|VOLUMEN|VARIABLE|200116308|1|0|1.0|VOLUMEN|VARIABLE|200116308|1|0|1.0|VOLUMEN|VARIABLE|200116227|1|0|1.0|VOLUMEN|VARIABLE|200116227|1|0|1.0|VOLUMEN|VARIABLE|200116227|1|0|1.0|VOLUMEN|VARIABLE|200116312|1|0|1.0|VOLUMEN|VARIABLE|200116312|1|0|1.0|VOLUMEN|VARIABLE|200116312|1|0|1.0|VOLUMEN|VARIABLE|200116312|1|0|1.0
166,VOLUMEN|VARIABLE|200116308|1|0|2.0|VOLUMEN|VARIABLE|200116227|1|0|2.0|VOLUMEN|VARIABLE|200116227|1|0|2.0|VOLUMEN|VARIABLE|200116227|1|0|2.0|VOLUMEN|VARIABLE|200116227|1|0|2.0|VOLUMEN|VARIABLE|200116227|1|0|2.0|VOLUMEN|VARIABLE|200067093|1|0|2.0|VOLUMEN|VARIABLE|200067093|1|0|2.0|VOLUMEN|VARIABLE|200067093|1|0|2.0|VOLUMEN|VARIABLE|200067093|1|0|2.0|VOLUMEN|VARIABLE|200067093|1|0|2.0|VOLUMEN|VARIABLE|200067093|1|0|2.0|VOLUMEN|VARIABLE|200067093|1|0|2.0|VOLUMEN|VARIABLE|200067093|1|0|2.0|VOLUMEN|VARIABLE|200067093|1|0|2.0|VOLUMEN|VARIABLE|200067093|1|0|2.0|VOLUMEN|VARIABLE|200116227|1|0|2.0|VOLUMEN|VARIABLE|200116227|1|0|2.0|VOLUMEN|VARIABLE|200116227|1|0|2.0|VOLUMEN|VARIABLE|200067093|1|0|2.0|VOLUMEN|VARIABLE|200067093|1|0|2.0|VOLUMEN|VARIABLE|200116312|1|0|2.0|VOLUMEN|VARIABLE|200116308|1|0|2.0|VOLUMEN|VARIABLE|200116308|1|0|2.0|VOLUMEN|VARIABLE|200116308|1|0|2.0|VOLUMEN|VARIABLE|200116308|1|0|2.0|VOLUMEN|VARIABLE|200116312|1|0|2.0|VOLUMEN|VARIABLE|200116312|1|0|2.0|VOLUMEN|VARIABLE|200116312|1|0|2.0|VOLUMEN|VARIABLE|200116312|1|0|2.0|VOLUMEN|VARIABLE|200116312|1|0|2.0|VOLUMEN|VARIABLE|200116312|1|0|2.0|VOLUMEN|VARIABLE|200116308|1|0|2.0|VOLUMEN|VARIABLE|200116308|1|0|2.0|VOLUMEN|VARIABLE|200116308|1|0|2.0|VOLUMEN|VARIABLE|200116308|1|0|2.0|VOLUMEN|VARIABLE|200116308|1|0|2.0|VOLUMEN|VARIABLE|200116227|1|0|2.0|VOLUMEN|VARIABLE|200116312|1|0|2.0|VOLUMEN|VARIABLE|200116312|1|0|2.0|VOLUMEN|VARIABLE|200116308|1|0|2.0|VOLUMEN|VARIABLE|200116308|1|0|2.0|VOLUMEN|VARIABLE|200116308|1|0|2.0|VOLUMEN|VARIABLE|200116227|1|0|2.0|VOLUMEN|VARIABLE|200116227|1|0|2.0|VOLUMEN|VARIABLE|200116227|1|0|2.0|VOLUMEN|VARIABLE|200116312|1|0|2.0|VOLUMEN|VARIABLE|200116312|1|0|2.0|VOLUMEN|VARIABLE|200116312|1|0|2.0|VOLUMEN|VARIABLE|200116312|1|0|2.0
167,VOLUMEN|FIJO|200111319|1|0|1.0|VOLUMEN|FIJO|200111319|1|0|1.0|VOLUMEN|FIJO|200111319|1|0|1.0|VOLUMEN|FIJO|200111319|1|0|1.0|VOLUMEN|FIJO|200111319|1|0|1.0|VOLUMEN|FIJO|200111319|1|0|1.0|VOLUMEN|FIJO|200111319|1|0|1.0|VOLUMEN|FIJO|200111319|1|0|1.0|VOLUMEN|FIJO|200111319|1|0|1.0|VOLUMEN|FIJO|200111319|1|0|1.0|VOLUMEN|FIJO|200111319|1|0|1.0|VOLUMEN|FIJO|200111319|1|0|1.0|VOLUMEN|FIJO|200111319|1|0|1.0
168,VOLUMEN|FIJO|200111319|1|0|2.0|VOLUMEN|FIJO|200111319|1|0|2.0|VOLUMEN|FIJO|200111319|1|0|2.0|VOLUMEN|FIJO|200111319|1|0|2.0|VOLUMEN|FIJO|200111319|1|0|2.0|VOLUMEN|FIJO|200111319|1|0|2.0|VOLUMEN|FIJO|200111319|1|0|2.0|VOLUMEN|FIJO|200111319|1|0|2.0|VOLUMEN|FIJO|200111319|1|0|2.0|VOLUMEN|FIJO|200111319|1|0|2.0|VOLUMEN|FIJO|200111319|1|0|2.0|VOLUMEN|FIJO|200111319|1|0|2.0|VOLUMEN|FIJO|200111319|1|0|2.0
169,VOLUMEN|VARIABLE|P0510067000|1|0|1.0|VOLUMEN|VARIABLE|P0510067000|1|0|1.0|VOLUMEN|VARIABLE|P0510067000|1|0|1.0|VOLUMEN|VARIABLE|P0510067000|1|0|1.0|VOLUMEN|VARIABLE|P0510067000|1|0|1.0|VOLUMEN|VARIABLE|P0510067000|1|0|1.0|VOLUMEN|VARIABLE|P0510067000|1|0|1.0|VOLUMEN|VARIABLE|P0510067000|1|0|1.0|VOLUMEN|VARIABLE|P0510067000|1|0|1.0|VOLUMEN|VARIABLE|P0510067000|1|0|1.0|VOLUMEN|VARIABLE|P0510067000|1|0|1.0|VOLUMEN|VARIABLE|P0510067000|1|0|1.0|VOLUMEN|VARIABLE|P0510067000|1|0|1.0|VOLUMEN|VARIABLE|P0510067000|1|0|1.0|VOLUMEN|VARIABLE|P0510067000|1|0|1.0|VOLUMEN|VARIABLE|P0510067000|1|0|1.0|VOLUMEN|VARIABLE|P0510067000|1|0|1.0|VOLUMEN|VARIABLE|P0510067000|1|0|1.0|VOLUMEN|VARIABLE|P0510067000|1|0|1.0|VOLUMEN|VARIABLE|P0510067000|1|0|1.0|VOLUMEN|VARIABLE|P0510067000|1|0|1.0|VOLUMEN|VARIABLE|P0510067000|1|0|1.0|VOLUMEN|VARIABLE|P0510067000|1|0|1.0|VOLUMEN|VARIABLE|P0510067000|1|0|1.0|VOLUMEN|VARIABLE|P0510067000|1|0|1.0|VOLUMEN|VARIABLE|P0510067000|1|0|1.0|VOLUMEN|VARIABLE|P0510067000|1|0|1.0|VOLUMEN|VARIABLE|P0510067000|1|0|1.0|VOLUMEN|VARIABLE|P0510067000|1|0|1.0|VOLUMEN|VARIABLE|P0510067000|1|0|1.0|VOLUMEN|VARIABLE|P0510067000|1|0|1.0|VOLUMEN|VARIABLE|P0510067000|1|0|1.0|VOLUMEN|VARIABLE|P0510067000|1|0|1.0|VOLUMEN|VARIABLE|P0510067000|1|0|1.0|VOLUMEN|VARIABLE|P0510067000|1|0|1.0|VOLUMEN|VARIABLE|P0510067000|1|0|1.0|VOLUMEN|VARIABLE|P0510067000|1|0|1.0|VOLUMEN|VARIABLE|P0510067000|1|0|1.0|VOLUMEN|VARIABLE|P0510067000|1|0|1.0|VOLUMEN|VARIABLE|P0510067000|1|0|1.0|VOLUMEN|VARIABLE|P0510067000|1|0|1.0|VOLUMEN|VARIABLE|P0510067000|1|0|1.0|VOLUMEN|VARIABLE|P0510067000|1|0|1.0|VOLUMEN|VARIABLE|P0510067000|1|0|1.0|VOLUMEN|VARIABLE|P0510067000|1|0|1.0|VOLUMEN|VARIABLE|P0510067000|1|0|1.0|VOLUMEN|VARIABLE|P0510067000|1|0|1.0|VOLUMEN|VARIABLE|P0510067000|1|0|1.0|VOLUMEN|VARIABLE|P0510067000|1|0|1.0|VOLUMEN|VARIABLE|P0510067000|1|0|1.0|VOLUMEN|VARIABLE|P0510067000|1|0|1.0|VOLUMEN|VARIABLE|P0510067000|1|0|1.0|VOLUMEN|VARIABLE|P0510067000|1|0|1.0|VOLUMEN|VARIABLE|P0510067000|1|0|1.0|VOLUMEN|VARIABLE|P0510067000|1|0|1.0|VOLUMEN|VARIABLE|P0510067000|1|0|1.0|VOLUMEN|VARIABLE|P0510067000|1|0|1.0|VOLUMEN|VARIABLE|P0510067000|1|0|1.0|VOLUMEN|VARIABLE|P0510067000|1|0|1.0|VOLUMEN|VARIABLE|P0408096001|1|0|1.0|VOLUMEN|VARIABLE|P0408096001|1|0|1.0|VOLUMEN|VARIABLE|P0408096001|1|0|1.0|VOLUMEN|VARIABLE|P0408096001|1|0|1.0|VOLUMEN|VARIABLE|P0408096001|1|0|1.0|VOLUMEN|VARIABLE|P0408096001|1|0|1.0|VOLUMEN|VARIABLE|P0408096001|1|0|1.0|VOLUMEN|VARIABLE|P0408096001|1|0|1.0|VOLUMEN|VARIABLE|P0408096001|1|0|1.0|VOLUMEN|VARIABLE|P0408096001|1|0|1.0|VOLUMEN|VARIABLE|P0408096001|1|0|1.0|VOLUMEN|VARIABLE|P0510067000|1|0|1.0|VOLUMEN|VARIABLE|P0510067000|1|0|1.0|VOLUMEN|VARIABLE|P0510067000|1|0|1.0|VOLUMEN|VARIABLE|P0510067000|1|0|1.0|VOLUMEN|VARIABLE|P0510067000|1|0|1.0|VOLUMEN|VARIABLE|P0510067000|1|0|1.0|VOLUMEN|VARIABLE|P0510067000|1|0|1.0|VOLUMEN|VARIABLE|P0408096001|1|0|1.0|VOLUMEN|VARIABLE|P0408096001|1|0|1.0|VOLUMEN|VARIABLE|P0408096001|1|0|1.0|VOLUMEN|VARIABLE|P0408096001|1|0|1.0|VOLUMEN|VARIABLE|P0408096001|1|0|1.0|VOLUMEN|VARIABLE|P0408096001|1|0|1.0|VOLUMEN|VARIABLE|P0408096001|1|0|1.0|VOLUMEN|VARIABLE|P0408096001|1|0|1.0|VOLUMEN|VARIABLE|P0408096001|1|0|1.0|VOLUMEN|VARIABLE|P0510067000|1|0|1.0|VOLUMEN|VARIABLE|P0510067000|1|0|1.0|VOLUMEN|VARIABLE|P0510067000|1|0|1.0|VOLUMEN|VARIABLE|P0510067000|1|0|1.0|VOLUMEN|VARIABLE|P0510067000|1|0|1.0|VOLUMEN|VARIABLE|P0510067000|1|0|1.0|VOLUMEN|VARIABLE|P0510067000|1|0|1.0|VOLUMEN|VARIABLE|P0510067000|1|0|1.0|VOLUMEN|VARIABLE|P0510067000|1|0|1.0|VOLUMEN|VARIABLE|P0510067000|1|0|1.0|VOLUMEN|VARIABLE|P0510067000|1|0|1.0|VOLUMEN|VARIABLE|P0510067000|1|0|1.0|VOLUMEN|VARIABLE|P0510067000|1|0|1.0|VOLUMEN|VARIABLE|P0510067000|1|0|1.0|VOLUMEN|VARIABLE|P0510067000|1|0|1.0|VOLUMEN|VARIABLE|P0510067000|1|0|1.0|VOLUMEN|VARIABLE|P0510067000|1|0|1.0|VOLUMEN|VARIABLE|P0510067000|1|0|1.0|VOLUMEN|VARIABLE|P0510067000|1|0|1.0|VOLUMEN|VARIABLE|P0510067000|1|0|1.0|VOLUMEN|VARIABLE|P0510067000|1|0|1.0|VOLUMEN|VARIABLE|P0510067000|1|0|1.0|VOLUMEN|VARIABLE|P0510067000|1|0|1.0|VOLUMEN|VARIABLE|P0510067000|1|0|1.0|VOLUMEN|VARIABLE|P0510067000|1|0|1.0|VOLUMEN|VARIABLE|P0510067000|1|0|1.0|VOLUMEN|VARIABLE|P0510067000|1|0|1.0|VOLUMEN|VARIABLE|P0408096001|1|0|1.0|VOLUMEN|VARIABLE|P0408096001|1|0|1.0|VOLUMEN|VARIABLE|P0408096001|1|0|1.0|VOLUMEN|VARIABLE|P0408096001|1|0|1.0|VOLUMEN|VARIABLE|P0408096001|1|0|1.0|VOLUMEN|VARIABLE|P0408096001|1|0|1.0|VOLUMEN|VARIABLE|P0408096001|1|0|1.0|VOLUMEN|VARIABLE|P0408096001|1|0|1.0|VOLUMEN|VARIABLE|P0408096001|1|0|1.0|VOLUMEN|VARIABLE|P0408096001|1|0|1.0|VOLUMEN|VARIABLE|P0408096001|1|0|1.0|VOLUMEN|VARIABLE|P0408096001|1|0|1.0|VOLUMEN|VARIABLE|P0408096001|1|0|1.0|VOLUMEN|VARIABLE|P0408096001|1|0|1.0|VOLUMEN|VARIABLE|P0408096001|1|0|1.0|VOLUMEN|VARIABLE|P0408096001|1|0|1.0|VOLUMEN|VARIABLE|P0510067000|1|0|1.0|VOLUMEN|VARIABLE|P0510067000|1|0|1.0|VOLUMEN|VARIABLE|P0510067000|1|0|1.0|VOLUMEN|VARIABLE|P0510067000|1|0|1.0|VOLUMEN|VARIABLE|P0510067000|1|0|1.0|VOLUMEN|VARIABLE|P0510067000|1|0|1.0|VOLUMEN|VARIABLE|P0510067000|1|0|1.0|VOLUMEN|VARIABLE|P0510067000|1|0|1.0|VOLUMEN|VARIABLE|P0510067000|1|0|1.0|VOLUMEN|VARIABLE|P0510067000|1|0|1.0|VOLUMEN|VARIABLE|P0510067000|1|0|1.0|VOLUMEN|VARIABLE|P0408096001|1|0|1.0|VOLUMEN|VARIABLE|P0408096001|1|0|1.0|VOLUMEN|VARIABLE|P0408096001|1|0|1.0|VOLUMEN|VARIABLE|P0408096001|1|0|1.0|VOLUMEN|VARIABLE|P0408096001|1|0|1.0|VOLUMEN|VARIABLE|P0408096001|1|0|1.0|VOLUMEN|VARIABLE|P0408096001|1|0|1.0|VOLUMEN|VARIABLE|P0408096001|1|0|1.0|VOLUMEN|VARIABLE|P0408096001|1|0|1.0|VOLUMEN|VARIABLE|P0408096001|1|0|1.0|VOLUMEN|VARIABLE|P0408096001|1|0|1.0|VOLUMEN|VARIABLE|P0408096001|1|0|1.0|VOLUMEN|VARIABLE|P0408096001|1|0|1.0|VOLUMEN|VARIABLE|P0408096001|1|0|1.0|VOLUMEN|VARIABLE|P0408096001|1|0|1.0|VOLUMEN|VARIABLE|P0408096001|1|0|1.0|VOLUMEN|VARIABLE|P0408096001|1|0|1.0|VOLUMEN|VARIABLE|P0408096001|1|0|1.0|VOLUMEN|VARIABLE|P0408096001|1|0|1.0|VOLUMEN|VARIABLE|P0408096001|1|0|1.0|VOLUMEN|VARIABLE|P0408096001|1|0|1.0|VOLUMEN|VARIABLE|P0408096001|1|0|1.0|VOLUMEN|VARIABLE|P0408096001|1|0|1.0|VOLUMEN|VARIABLE|P0408096001|1|0|1.0|VOLUMEN|VARIABLE|P0408096001|1|0|1.0|VOLUMEN|VARIABLE|P0408096001|1|0|1.0|VOLUMEN|VARIABLE|P0408096001|1|0|1.0|VOLUMEN|VARIABLE|P0408096001|1|0|1.0|VOLUMEN|VARIABLE|P0408096001|1|0|1.0|VOLUMEN|VARIABLE|P0408096001|1|0|1.0|VOLUMEN|VARIABLE|P0408096001|1|0|1.0|VOLUMEN|VARIABLE|P0408096001|1|0|1.0|VOLUMEN|VARIABLE|P0408096001|1|0|1.0|VOLUMEN|VARIABLE|P0408096001|1|0|1.0|VOLUMEN|VARIABLE|P0510067000|1|0|1.0|VOLUMEN|VARIABLE|P0510067000|1|0|1.0|VOLUMEN|VARIABLE|P0510067000|1|0|1.0|VOLUMEN|VARIABLE|P0510067000|1|0|1.0|VOLUMEN|VARIABLE|P0510067000|1|0|1.0|VOLUMEN|VARIABLE|P0510067000|1|0|1.0|VOLUMEN|VARIABLE|P0510067000|1|0|1.0|VOLUMEN|VARIABLE|P0510067000|1|0|1.0|VOLUMEN|VARIABLE|P0510067000|1|0|1.0|VOLUMEN|VARIABLE|P0510067000|1|0|1.0|VOLUMEN|VARIABLE|P0510067000|1|0|1.0|VOLUMEN|VARIABLE|P0510067000|1|0|1.0|VOLUMEN|VARIABLE|P0510067000|1|0|1.0|VOLUMEN|VARIABLE|P0510067000|1|0|1.0|VOLUMEN|VARIABLE|P0510067000|1|0|1.0|VOLUMEN|VARIABLE|P0510067000|1|0|1.0|VOLUMEN|VARIABLE|P0510067000|1|0|1.0|VOLUMEN|VARIABLE|P0510067000|1|0|1.0|VOLUMEN|VARIABLE|P0510067000|1|0|1.0|VOLUMEN|VARIABLE|P0510067000|1|0|1.0|VOLUMEN|VARIABLE|P0510067000|1|0|1.0|VOLUMEN|VARIABLE|P0510067000|1|0|1.0|VOLUMEN|VARIABLE|P0408096001|1|0|1.0|VOLUMEN|VARIABLE|P0408096001|1|0|1.0|VOLUMEN|VARIABLE|P0408096001|1|0|1.0|VOLUMEN|VARIABLE|P0510067000|1|0|1.0|VOLUMEN|VARIABLE|P0510067000|1|0|1.0|VOLUMEN|VARIABLE|P0510067000|1|0|1.0|VOLUMEN|VARIABLE|P0510067000|1|0|1.0|VOLUMEN|VARIABLE|P0510067000|1|0|1.0|VOLUMEN|VARIABLE|P0408096001|1|0|1.0|VOLUMEN|VARIABLE|P0408096001|1|0|1.0|VOLUMEN|VARIABLE|P0408096001|1|0|1.0|VOLUMEN|VARIABLE|P0510067000|1|0|1.0|VOLUMEN|VARIABLE|P0510067000|1|0|1.0|VOLUMEN|VARIABLE|P0510067000|1|0|1.0|VOLUMEN|VARIABLE|P0510067000|1|0|1.0|VOLUMEN|VARIABLE|P0510067000|1|0|1.0|VOLUMEN|VARIABLE|P0510067000|1|0|1.0|VOLUMEN|VARIABLE|P0510067000|1|0|1.0|VOLUMEN|VARIABLE|P0510067000|1|0|1.0|VOLUMEN|VARIABLE|P0510067000|1|0|1.0|VOLUMEN|VARIABLE|P0510067000|1|0|1.0|VOLUMEN|VARIABLE|P0510067000|1|0|1.0|VOLUMEN|VARIABLE|P0510067000|1|0|1.0|VOLUMEN|VARIABLE|P0510067000|1|0|1.0|VOLUMEN|VARIABLE|P0510067000|1|0|1.0|VOLUMEN|VARIABLE|P0510067000|1|0|1.0|VOLUMEN|VARIABLE|P0510067000|1|0|1.0|VOLUMEN|VARIABLE|P0510067000|1|0|1.0|VOLUMEN|VARIABLE|P0510067000|1|0|1.0|VOLUMEN|VARIABLE|P0510067000|1|0|1.0|VOLUMEN|VARIABLE|P0510067000|1|0|1.0|VOLUMEN|VARIABLE|P0510067000|1|0|1.0|VOLUMEN|VARIABLE|P0510067000|1|0|1.0|VOLUMEN|VARIABLE|P0510067000|1|0|1.0|VOLUMEN|VARIABLE|P0510067000|1|0|1.0|VOLUMEN|VARIABLE|P0510067000|1|0|1.0|VOLUMEN|VARIABLE|P0510067000|1|0|1.0|VOLUMEN|VARIABLE|P0510067000|1|0|1.0|VOLUMEN|VARIABLE|P0510067000|1|0|1.0|VOLUMEN|VARIABLE|P0510067000|1|0|1.0|VOLUMEN|VARIABLE|P0510067000|1|0|1.0|VOLUMEN|VARIABLE|P0510067000|1|0|1.0|VOLUMEN|VARIABLE|P0510067000|1|0|1.0|VOLUMEN|VARIABLE|P0510067000|1|0|1.0|VOLUMEN|VARIABLE|P0510067000|1|0|1.0|VOLUMEN|VARIABLE|P0510067000|1|0|1.0|VOLUMEN|VARIABLE|P0510067000|1|0|1.0|VOLUMEN|VARIABLE|P0510067000|1|0|1.0|VOLUMEN|VARIABLE|P0510067000|1|0|1.0|VOLUMEN|VARIABLE|P0510067000|1|0|1.0|VOLUMEN|VARIABLE|P0510067000|1|0|1.0|VOLUMEN|VARIABLE|P0510067000|1|0|1.0|VOLUMEN|VARIABLE|P0510067000|1|0|1.0|VOLUMEN|VARIABLE|P0510067000|1|0|1.0|VOLUMEN|VARIABLE|P0408096001|1|0|1.0|VOLUMEN|VARIABLE|P0408096001|1|0|1.0|VOLUMEN|VARIABLE|P0510067000|1|0|1.0|VOLUMEN|VARIABLE|P0510067000|1|0|1.0|VOLUMEN|VARIABLE|P0510067000|1|0|1.0|VOLUMEN|VARIABLE|P0510067000|1|0|1.0|VOLUMEN|VARIABLE|P0510067000|1|0|1.0|VOLUMEN|VARIABLE|P0510067000|1|0|1.0|VOLUMEN|VARIABLE|P0510067000|1|0|1.0|VOLUMEN|VARIABLE|P0510067000|1|0|1.0
170,VOLUMEN|VARIABLE|P0510067000|1|0|2.0|VOLUMEN|VARIABLE|P0510067000|1|0|2.0|VOLUMEN|VARIABLE|P0510067000|1|0|2.0|VOLUMEN|VARIABLE|P0510067000|1|0|2.0|VOLUMEN|VARIABLE|P0510067000|1|0|2.0|VOLUMEN|VARIABLE|P0510067000|1|0|2.0|VOLUMEN|VARIABLE|P0510067000|1|0|2.0|VOLUMEN|VARIABLE|P0510067000|1|0|2.0|VOLUMEN|VARIABLE|P0510067000|1|0|2.0|VOLUMEN|VARIABLE|P0510067000|1|0|2.0|VOLUMEN|VARIABLE|P0510067000|1|0|2.0|VOLUMEN|VARIABLE|P0510067000|1|0|2.0|VOLUMEN|VARIABLE|P0510067000|1|0|2.0|VOLUMEN|VARIABLE|P0510067000|1|0|2.0|VOLUMEN|VARIABLE|P0510067000|1|0|2.0|VOLUMEN|VARIABLE|P0510067000|1|0|2.0|VOLUMEN|VARIABLE|P0510067000|1|0|2.0|VOLUMEN|VARIABLE|P0510067000|1|0|2.0|VOLUMEN|VARIABLE|P0510067000|1|0|2.0|VOLUMEN|VARIABLE|P0510067000|1|0|2.0|VOLUMEN|VARIABLE|P0510067000|1|0|2.0|VOLUMEN|VARIABLE|P0510067000|1|0|2.0|VOLUMEN|VARIABLE|P0510067000|1|0|2.0|VOLUMEN|VARIABLE|P0510067000|1|0|2.0|VOLUMEN|VARIABLE|P0510067000|1|0|2.0|VOLUMEN|VARIABLE|P0510067000|1|0|2.0|VOLUMEN|VARIABLE|P0510067000|1|0|2.0|VOLUMEN|VARIABLE|P0510067000|1|0|2.0|VOLUMEN|VARIABLE|P0510067000|1|0|2.0|VOLUMEN|VARIABLE|P0510067000|1|0|2.0|VOLUMEN|VARIABLE|P0510067000|1|0|2.0|VOLUMEN|VARIABLE|P0510067000|1|0|2.0|VOLUMEN|VARIABLE|P0510067000|1|0|2.0|VOLUMEN|VARIABLE|P0510067000|1|0|2.0|VOLUMEN|VARIABLE|P0510067000|1|0|2.0|VOLUMEN|VARIABLE|P0510067000|1|0|2.0|VOLUMEN|VARIABLE|P0510067000|1|0|2.0|VOLUMEN|VARIABLE|P0510067000|1|0|2.0|VOLUMEN|VARIABLE|P0510067000|1|0|2.0|VOLUMEN|VARIABLE|P0510067000|1|0|2.0|VOLUMEN|VARIABLE|P0510067000|1|0|2.0|VOLUMEN|VARIABLE|P0510067000|1|0|2.0|VOLUMEN|VARIABLE|P0510067000|1|0|2.0|VOLUMEN|VARIABLE|P0510067000|1|0|2.0|VOLUMEN|VARIABLE|P0510067000|1|0|2.0|VOLUMEN|VARIABLE|P0510067000|1|0|2.0|VOLUMEN|VARIABLE|P0510067000|1|0|2.0|VOLUMEN|VARIABLE|P0510067000|1|0|2.0|VOLUMEN|VARIABLE|P0510067000|1|0|2.0|VOLUMEN|VARIABLE|P0510067000|1|0|2.0|VOLUMEN|VARIABLE|P0510067000|1|0|2.0|VOLUMEN|VARIABLE|P0510067000|1|0|2.0|VOLUMEN|VARIABLE|P0510067000|1|0|2.0|VOLUMEN|VARIABLE|P0510067000|1|0|2.0|VOLUMEN|VARIABLE|P0510067000|1|0|2.0|VOLUMEN|VARIABLE|P0510067000|1|0|2.0|VOLUMEN|VARIABLE|P0510067000|1|0|2.0|VOLUMEN|VARIABLE|P0510067000|1|0|2.0|VOLUMEN|VARIABLE|P0510067000|1|0|2.0|VOLUMEN|VARIABLE|P0408096001|1|0|2.0|VOLUMEN|VARIABLE|P0408096001|1|0|2.0|VOLUMEN|VARIABLE|P0408096001|1|0|2.0|VOLUMEN|VARIABLE|P0408096001|1|0|2.0|VOLUMEN|VARIABLE|P0408096001|1|0|2.0|VOLUMEN|VARIABLE|P0408096001|1|0|2.0|VOLUMEN|VARIABLE|P0408096001|1|0|2.0|VOLUMEN|VARIABLE|P0408096001|1|0|2.0|VOLUMEN|VARIABLE|P0408096001|1|0|2.0|VOLUMEN|VARIABLE|P0408096001|1|0|2.0|VOLUMEN|VARIABLE|P0408096001|1|0|2.0|VOLUMEN|VARIABLE|P0510067000|1|0|2.0|VOLUMEN|VARIABLE|P0510067000|1|0|2.0|VOLUMEN|VARIABLE|P0510067000|1|0|2.0|VOLUMEN|VARIABLE|P0510067000|1|0|2.0|VOLUMEN|VARIABLE|P0510067000|1|0|2.0|VOLUMEN|VARIABLE|P0510067000|1|0|2.0|VOLUMEN|VARIABLE|P0510067000|1|0|2.0|VOLUMEN|VARIABLE|P0408096001|1|0|2.0|VOLUMEN|VARIABLE|P0408096001|1|0|2.0|VOLUMEN|VARIABLE|P0408096001|1|0|2.0|VOLUMEN|VARIABLE|P0408096001|1|0|2.0|VOLUMEN|VARIABLE|P0408096001|1|0|2.0|VOLUMEN|VARIABLE|P0408096001|1|0|2.0|VOLUMEN|VARIABLE|P0408096001|1|0|2.0|VOLUMEN|VARIABLE|P0408096001|1|0|2.0|VOLUMEN|VARIABLE|P0408096001|1|0|2.0|VOLUMEN|VARIABLE|P0510067000|1|0|2.0|VOLUMEN|VARIABLE|P0510067000|1|0|2.0|VOLUMEN|VARIABLE|P0510067000|1|0|2.0|VOLUMEN|VARIABLE|P0510067000|1|0|2.0|VOLUMEN|VARIABLE|P0510067000|1|0|2.0|VOLUMEN|VARIABLE|P0510067000|1|0|2.0|VOLUMEN|VARIABLE|P0510067000|1|0|2.0|VOLUMEN|VARIABLE|P0510067000|1|0|2.0|VOLUMEN|VARIABLE|P0510067000|1|0|2.0|VOLUMEN|VARIABLE|P0510067000|1|0|2.0|VOLUMEN|VARIABLE|P0510067000|1|0|2.0|VOLUMEN|VARIABLE|P0510067000|1|0|2.0|VOLUMEN|VARIABLE|P0510067000|1|0|2.0|VOLUMEN|VARIABLE|P0510067000|1|0|2.0|VOLUMEN|VARIABLE|P0510067000|1|0|2.0|VOLUMEN|VARIABLE|P0510067000|1|0|2.0|VOLUMEN|VARIABLE|P0510067000|1|0|2.0|VOLUMEN|VARIABLE|P0510067000|1|0|2.0|VOLUMEN|VARIABLE|P0510067000|1|0|2.0|VOLUMEN|VARIABLE|P0510067000|1|0|2.0|VOLUMEN|VARIABLE|P0510067000|1|0|2.0|VOLUMEN|VARIABLE|P0510067000|1|0|2.0|VOLUMEN|VARIABLE|P0510067000|1|0|2.0|VOLUMEN|VARIABLE|P0510067000|1|0|2.0|VOLUMEN|VARIABLE|P0510067000|1|0|2.0|VOLUMEN|VARIABLE|P0510067000|1|0|2.0|VOLUMEN|VARIABLE|P0510067000|1|0|2.0|VOLUMEN|VARIABLE|P0408096001|1|0|2.0|VOLUMEN|VARIABLE|P0408096001|1|0|2.0|VOLUMEN|VARIABLE|P0408096001|1|0|2.0|VOLUMEN|VARIABLE|P0408096001|1|0|2.0|VOLUMEN|VARIABLE|P0408096001|1|0|2.0|VOLUMEN|VARIABLE|P0408096001|1|0|2.0|VOLUMEN|VARIABLE|P0408096001|1|0|2.0|VOLUMEN|VARIABLE|P0408096001|1|0|2.0|VOLUMEN|VARIABLE|P0408096001|1|0|2.0|VOLUMEN|VARIABLE|P0408096001|1|0|2.0|VOLUMEN|VARIABLE|P0408096001|1|0|2.0|VOLUMEN|VARIABLE|P0408096001|1|0|2.0|VOLUMEN|VARIABLE|P0408096001|1|0|2.0|VOLUMEN|VARIABLE|P0408096001|1|0|2.0|VOLUMEN|VARIABLE|P0408096001|1|0|2.0|VOLUMEN|VARIABLE|P0408096001|1|0|2.0|VOLUMEN|VARIABLE|P0510067000|1|0|2.0|VOLUMEN|VARIABLE|P0510067000|1|0|2.0|VOLUMEN|VARIABLE|P0510067000|1|0|2.0|VOLUMEN|VARIABLE|P0510067000|1|0|2.0|VOLUMEN|VARIABLE|P0510067000|1|0|2.0|VOLUMEN|VARIABLE|P0510067000|1|0|2.0|VOLUMEN|VARIABLE|P0510067000|1|0|2.0|VOLUMEN|VARIABLE|P0510067000|1|0|2.0|VOLUMEN|VARIABLE|P0510067000|1|0|2.0|VOLUMEN|VARIABLE|P0510067000|1|0|2.0|VOLUMEN|VARIABLE|P0510067000|1|0|2.0|VOLUMEN|VARIABLE|P0408096001|1|0|2.0|VOLUMEN|VARIABLE|P0408096001|1|0|2.0|VOLUMEN|VARIABLE|P0408096001|1|0|2.0|VOLUMEN|VARIABLE|P0408096001|1|0|2.0|VOLUMEN|VARIABLE|P0408096001|1|0|2.0|VOLUMEN|VARIABLE|P0408096001|1|0|2.0|VOLUMEN|VARIABLE|P0408096001|1|0|2.0|VOLUMEN|VARIABLE|P0408096001|1|0|2.0|VOLUMEN|VARIABLE|P0408096001|1|0|2.0|VOLUMEN|VARIABLE|P0408096001|1|0|2.0|VOLUMEN|VARIABLE|P0408096001|1|0|2.0|VOLUMEN|VARIABLE|P0408096001|1|0|2.0|VOLUMEN|VARIABLE|P0408096001|1|0|2.0|VOLUMEN|VARIABLE|P0408096001|1|0|2.0|VOLUMEN|VARIABLE|P0408096001|1|0|2.0|VOLUMEN|VARIABLE|P0408096001|1|0|2.0|VOLUMEN|VARIABLE|P0408096001|1|0|2.0|VOLUMEN|VARIABLE|P0408096001|1|0|2.0|VOLUMEN|VARIABLE|P0408096001|1|0|2.0|VOLUMEN|VARIABLE|P0408096001|1|0|2.0|VOLUMEN|VARIABLE|P0408096001|1|0|2.0|VOLUMEN|VARIABLE|P0408096001|1|0|2.0|VOLUMEN|VARIABLE|P0408096001|1|0|2.0|VOLUMEN|VARIABLE|P0408096001|1|0|2.0|VOLUMEN|VARIABLE|P0408096001|1|0|2.0|VOLUMEN|VARIABLE|P0408096001|1|0|2.0|VOLUMEN|VARIABLE|P0408096001|1|0|2.0|VOLUMEN|VARIABLE|P0408096001|1|0|2.0|VOLUMEN|VARIABLE|P0408096001|1|0|2.0|VOLUMEN|VARIABLE|P0408096001|1|0|2.0|VOLUMEN|VARIABLE|P0408096001|1|0|2.0|VOLUMEN|VARIABLE|P0408096001|1|0|2.0|VOLUMEN|VARIABLE|P0408096001|1|0|2.0|VOLUMEN|VARIABLE|P0408096001|1|0|2.0|VOLUMEN|VARIABLE|P0510067000|1|0|2.0|VOLUMEN|VARIABLE|P0510067000|1|0|2.0|VOLUMEN|VARIABLE|P0510067000|1|0|2.0|VOLUMEN|VARIABLE|P0510067000|1|0|2.0|VOLUMEN|VARIABLE|P0510067000|1|0|2.0|VOLUMEN|VARIABLE|P0510067000|1|0|2.0|VOLUMEN|VARIABLE|P0510067000|1|0|2.0|VOLUMEN|VARIABLE|P0510067000|1|0|2.0|VOLUMEN|VARIABLE|P0510067000|1|0|2.0|VOLUMEN|VARIABLE|P0510067000|1|0|2.0|VOLUMEN|VARIABLE|P0510067000|1|0|2.0|VOLUMEN|VARIABLE|P0510067000|1|0|2.0|VOLUMEN|VARIABLE|P0510067000|1|0|2.0|VOLUMEN|VARIABLE|P0510067000|1|0|2.0|VOLUMEN|VARIABLE|P0510067000|1|0|2.0|VOLUMEN|VARIABLE|P0510067000|1|0|2.0|VOLUMEN|VARIABLE|P0510067000|1|0|2.0|VOLUMEN|VARIABLE|P0510067000|1|0|2.0|VOLUMEN|VARIABLE|P0510067000|1|0|2.0|VOLUMEN|VARIABLE|P0510067000|1|0|2.0|VOLUMEN|VARIABLE|P0510067000|1|0|2.0|VOLUMEN|VARIABLE|P0510067000|1|0|2.0|VOLUMEN|VARIABLE|P0408096001|1|0|2.0|VOLUMEN|VARIABLE|P0408096001|1|0|2.0|VOLUMEN|VARIABLE|P0408096001|1|0|2.0|VOLUMEN|VARIABLE|P0510067000|1|0|2.0|VOLUMEN|VARIABLE|P0510067000|1|0|2.0|VOLUMEN|VARIABLE|P0510067000|1|0|2.0|VOLUMEN|VARIABLE|P0510067000|1|0|2.0|VOLUMEN|VARIABLE|P0510067000|1|0|2.0|VOLUMEN|VARIABLE|P0408096001|1|0|2.0|VOLUMEN|VARIABLE|P0408096001|1|0|2.0|VOLUMEN|VARIABLE|P0408096001|1|0|2.0|VOLUMEN|VARIABLE|P0510067000|1|0|2.0|VOLUMEN|VARIABLE|P0510067000|1|0|2.0|VOLUMEN|VARIABLE|P0510067000|1|0|2.0|VOLUMEN|VARIABLE|P0510067000|1|0|2.0|VOLUMEN|VARIABLE|P0510067000|1|0|2.0|VOLUMEN|VARIABLE|P0510067000|1|0|2.0|VOLUMEN|VARIABLE|P0510067000|1|0|2.0|VOLUMEN|VARIABLE|P0510067000|1|0|2.0|VOLUMEN|VARIABLE|P0510067000|1|0|2.0|VOLUMEN|VARIABLE|P0510067000|1|0|2.0|VOLUMEN|VARIABLE|P0510067000|1|0|2.0|VOLUMEN|VARIABLE|P0510067000|1|0|2.0|VOLUMEN|VARIABLE|P0510067000|1|0|2.0|VOLUMEN|VARIABLE|P0510067000|1|0|2.0|VOLUMEN|VARIABLE|P0510067000|1|0|2.0|VOLUMEN|VARIABLE|P0510067000|1|0|2.0|VOLUMEN|VARIABLE|P0510067000|1|0|2.0|VOLUMEN|VARIABLE|P0510067000|1|0|2.0|VOLUMEN|VARIABLE|P0510067000|1|0|2.0|VOLUMEN|VARIABLE|P0510067000|1|0|2.0|VOLUMEN|VARIABLE|P0510067000|1|0|2.0|VOLUMEN|VARIABLE|P0510067000|1|0|2.0|VOLUMEN|VARIABLE|P0510067000|1|0|2.0|VOLUMEN|VARIABLE|P0510067000|1|0|2.0|VOLUMEN|VARIABLE|P0510067000|1|0|2.0|VOLUMEN|VARIABLE|P0510067000|1|0|2.0|VOLUMEN|VARIABLE|P0510067000|1|0|2.0|VOLUMEN|VARIABLE|P0510067000|1|0|2.0|VOLUMEN|VARIABLE|P0510067000|1|0|2.0|VOLUMEN|VARIABLE|P0510067000|1|0|2.0|VOLUMEN|VARIABLE|P0510067000|1|0|2.0|VOLUMEN|VARIABLE|P0510067000|1|0|2.0|VOLUMEN|VARIABLE|P0510067000|1|0|2.0|VOLUMEN|VARIABLE|P0510067000|1|0|2.0|VOLUMEN|VARIABLE|P0510067000|1|0|2.0|VOLUMEN|VARIABLE|P0510067000|1|0|2.0|VOLUMEN|VARIABLE|P0510067000|1|0|2.0|VOLUMEN|VARIABLE|P0510067000|1|0|2.0|VOLUMEN|VARIABLE|P0510067000|1|0|2.0|VOLUMEN|VARIABLE|P0510067000|1|0|2.0|VOLUMEN|VARIABLE|P0510067000|1|0|2.0|VOLUMEN|VARIABLE|P0510067000|1|0|2.0|VOLUMEN|VARIABLE|P0510067000|1|0|2.0|VOLUMEN|VARIABLE|P0408096001|1|0|2.0|VOLUMEN|VARIABLE|P0408096001|1|0|2.0|VOLUMEN|VARIABLE|P0510067000|1|0|2.0|VOLUMEN|VARIABLE|P0510067000|1|0|2.0|VOLUMEN|VARIABLE|P0510067000|1|0|2.0|VOLUMEN|VARIABLE|P0510067000|1|0|2.0|VOLUMEN|VARIABLE|P0510067000|1|0|2.0|VOLUMEN|VARIABLE|P0510067000|1|0|2.0|VOLUMEN|VARIABLE|P0510067000|1|0|2.0|VOLUMEN|VARIABLE|P0510067000|1|0|2.0
171,VOLUMEN|VARIABLE|P0408050000|1|0|1.0|VOLUMEN|VARIABLE|P0408050000|1|0|1.0|VOLUMEN|VARIABLE|P0408050000|1|0|1.0|VOLUMEN|VARIABLE|P0408050000|1|0|1.0|VOLUMEN|VARIABLE|P0408050000|1|0|1.0|VOLUMEN|VARIABLE|P0408050000|1|0|1.0|VOLUMEN|VARIABLE|P0408050000|1|0|1.0|VOLUMEN|VARIABLE|P0408050000|1|0|1.0|VOLUMEN|VARIABLE|P0408050000|1|0|1.0|VOLUMEN|VARIABLE|P0408050000|1|0|1.0|VOLUMEN|VARIABLE|P0408050000|1|0|1.0|VOLUMEN|VARIABLE|P0408050000|1|0|1.0|VOLUMEN|VARIABLE|P0408050000|1|0|1.0|VOLUMEN|VARIABLE|P0408050000|1|0|1.0|VOLUMEN|VARIABLE|P0408050000|1|0|1.0|VOLUMEN|VARIABLE|P0408050000|1|0|1.0|VOLUMEN|VARIABLE|P0408050000|1|0|1.0|VOLUMEN|VARIABLE|P0408050000|1|0|1.0|VOLUMEN|VARIABLE|P0408050000|1|0|1.0|VOLUMEN|VARIABLE|P0408050000|1|0|1.0|VOLUMEN|VARIABLE|P0408050000|1|0|1.0|VOLUMEN|VARIABLE|P0408050000|1|0|1.0|VOLUMEN|VARIABLE|P0408050000|1|0|1.0|VOLUMEN|VARIABLE|P0408050000|1|0|1.0|VOLUMEN|VARIABLE|P0408050000|1|0|1.0|VOLUMEN|VARIABLE|P0408050000|1|0|1.0|VOLUMEN|VARIABLE|P0408050000|1|0|1.0|VOLUMEN|VARIABLE|P0408050000|1|0|1.0|VOLUMEN|VARIABLE|P0408050000|1|0|1.0|VOLUMEN|VARIABLE|P0408050000|1|0|1.0|VOLUMEN|VARIABLE|P0408050000|1|0|1.0|VOLUMEN|VARIABLE|P0408050000|1|0|1.0|VOLUMEN|VARIABLE|P0408050000|1|0|1.0|VOLUMEN|VARIABLE|P0408050000|1|0|1.0|VOLUMEN|VARIABLE|P0408050000|1|0|1.0|VOLUMEN|VARIABLE|P0408050000|1|0|1.0|VOLUMEN|VARIABLE|P0408050000|1|0|1.0|VOLUMEN|VARIABLE|P0408050000|1|0|1.0|VOLUMEN|VARIABLE|P0408050000|1|0|1.0|VOLUMEN|VARIABLE|P0408050000|1|0|1.0|VOLUMEN|VARIABLE|P0408050000|1|0|1.0|VOLUMEN|VARIABLE|P0408050000|1|0|1.0|VOLUMEN|VARIABLE|P0408050000|1|0|1.0|VOLUMEN|VARIABLE|P0408050000|1|0|1.0|VOLUMEN|VARIABLE|P0408050000|1|0|1.0|VOLUMEN|VARIABLE|P0408050000|1|0|1.0|VOLUMEN|VARIABLE|P0408050000|1|0|1.0|VOLUMEN|VARIABLE|P0408050000|1|0|1.0|VOLUMEN|VARIABLE|P0408050000|1|0|1.0|VOLUMEN|VARIABLE|P0408050000|1|0|1.0|VOLUMEN|VARIABLE|P0408050000|1|0|1.0|VOLUMEN|VARIABLE|P0408050000|1|0|1.0|VOLUMEN|VARIABLE|P0408050000|1|0|1.0|VOLUMEN|VARIABLE|P0408050000|1|0|1.0|VOLUMEN|VARIABLE|P0408050000|1|0|1.0|VOLUMEN|VARIABLE|P0408050000|1|0|1.0|VOLUMEN|VARIABLE|P0408050000|1|0|1.0|VOLUMEN|VARIABLE|P0408050000|1|0|1.0|VOLUMEN|VARIABLE|P0408050000|1|0|1.0|VOLUMEN|VARIABLE|P0408050000|1|0|1.0|VOLUMEN|VARIABLE|P0408050000|1|0|1.0|VOLUMEN|VARIABLE|P0408050000|1|0|1.0|VOLUMEN|VARIABLE|P0408050000|1|0|1.0|VOLUMEN|VARIABLE|P0408050000|1|0|1.0|VOLUMEN|VARIABLE|P0408050000|1|0|1.0|VOLUMEN|VARIABLE|P0408050000|1|0|1.0|VOLUMEN|VARIABLE|P0408050000|1|0|1.0|VOLUMEN|VARIABLE|P0408050000|1|0|1.0|VOLUMEN|VARIABLE|P0408050000|1|0|1.0|VOLUMEN|VARIABLE|P0408050000|1|0|1.0|VOLUMEN|VARIABLE|P0408050000|1|0|1.0|VOLUMEN|VARIABLE|P0408050000|1|0|1.0|VOLUMEN|VARIABLE|P0408050000|1|0|1.0|VOLUMEN|VARIABLE|P0408050000|1|0|1.0|VOLUMEN|VARIABLE|P0408050000|1|0|1.0|VOLUMEN|VARIABLE|P0408050000|1|0|1.0|VOLUMEN|VARIABLE|P0408050000|1|0|1.0|VOLUMEN|VARIABLE|P0408050000|1|0|1.0|VOLUMEN|VARIABLE|P0408050000|1|0|1.0|VOLUMEN|VARIABLE|P0408050000|1|0|1.0|VOLUMEN|VARIABLE|P0408050000|1|0|1.0|VOLUMEN|VARIABLE|P0408050000|1|0|1.0|VOLUMEN|VARIABLE|P0408050000|1|0|1.0|VOLUMEN|VARIABLE|P0408050000|1|0|1.0|VOLUMEN|VARIABLE|P0408050000|1|0|1.0|VOLUMEN|VARIABLE|P0408050000|1|0|1.0|VOLUMEN|VARIABLE|P0408050000|1|0|1.0|VOLUMEN|VARIABLE|P0408050000|1|0|1.0|VOLUMEN|VARIABLE|P0408050000|1|0|1.0|VOLUMEN|VARIABLE|P0408050000|1|0|1.0|VOLUMEN|VARIABLE|P0408050000|1|0|1.0|VOLUMEN|VARIABLE|P0408050000|1|0|1.0|VOLUMEN|VARIABLE|P0408050000|1|0|1.0|VOLUMEN|VARIABLE|P0408050000|1|0|1.0|VOLUMEN|VARIABLE|P0408050000|1|0|1.0|VOLUMEN|VARIABLE|P0408050000|1|0|1.0|VOLUMEN|VARIABLE|P0408050000|1|0|1.0|VOLUMEN|VARIABLE|P0408050000|1|0|1.0|VOLUMEN|VARIABLE|P0408050000|1|0|1.0|VOLUMEN|VARIABLE|P0408050000|1|0|1.0|VOLUMEN|VARIABLE|P0408050000|1|0|1.0|VOLUMEN|VARIABLE|P0408050000|1|0|1.0|VOLUMEN|VARIABLE|P0408050000|1|0|1.0|VOLUMEN|VARIABLE|P0408050000|1|0|1.0|VOLUMEN|VARIABLE|P0408050000|1|0|1.0|VOLUMEN|VARIABLE|P0408050000|1|0|1.0|VOLUMEN|VARIABLE|P0408050000|1|0|1.0|VOLUMEN|VARIABLE|P0408050000|1|0|1.0|VOLUMEN|VARIABLE|P0408050000|1|0|1.0|VOLUMEN|VARIABLE|P0408050000|1|0|1.0|VOLUMEN|VARIABLE|P0408050000|1|0|1.0|VOLUMEN|VARIABLE|P0408050000|1|0|1.0|VOLUMEN|VARIABLE|P0408050000|1|0|1.0|VOLUMEN|VARIABLE|P0408050000|1|0|1.0|VOLUMEN|VARIABLE|P0408050000|1|0|1.0|VOLUMEN|VARIABLE|P0408050000|1|0|1.0|VOLUMEN|VARIABLE|P0408050000|1|0|1.0|VOLUMEN|VARIABLE|P0408050000|1|0|1.0|VOLUMEN|VARIABLE|P0408050000|1|0|1.0|VOLUMEN|VARIABLE|P0408050000|1|0|1.0|VOLUMEN|VARIABLE|P0408050000|1|0|1.0|VOLUMEN|VARIABLE|P0408050000|1|0|1.0|VOLUMEN|VARIABLE|P0408050000|1|0|1.0|VOLUMEN|VARIABLE|P0408050000|1|0|1.0|VOLUMEN|VARIABLE|P0408050000|1|0|1.0|VOLUMEN|VARIABLE|P0408050000|1|0|1.0|VOLUMEN|VARIABLE|P0408050000|1|0|1.0|VOLUMEN|VARIABLE|P0408050000|1|0|1.0|VOLUMEN|VARIABLE|P0408050000|1|0|1.0|VOLUMEN|VARIABLE|P0408050000|1|0|1.0|VOLUMEN|VARIABLE|P0408050000|1|0|1.0|VOLUMEN|VARIABLE|P0408050000|1|0|1.0|VOLUMEN|VARIABLE|P0408050000|1|0|1.0|VOLUMEN|VARIABLE|P0408050000|1|0|1.0|VOLUMEN|VARIABLE|P0408050000|1|0|1.0|VOLUMEN|VARIABLE|P0408050000|1|0|1.0|VOLUMEN|VARIABLE|P0408050000|1|0|1.0|VOLUMEN|VARIABLE|P0408050000|1|0|1.0|VOLUMEN|VARIABLE|P0408050000|1|0|1.0|VOLUMEN|VARIABLE|P0408050000|1|0|1.0|VOLUMEN|VARIABLE|P0408050000|1|0|1.0|VOLUMEN|VARIABLE|P0408050000|1|0|1.0|VOLUMEN|VARIABLE|P0408050000|1|0|1.0|VOLUMEN|VARIABLE|P0408050000|1|0|1.0|VOLUMEN|VARIABLE|P0408050000|1|0|1.0|VOLUMEN|VARIABLE|P0408050000|1|0|1.0|VOLUMEN|VARIABLE|P0408050000|1|0|1.0|VOLUMEN|VARIABLE|P0408050000|1|0|1.0|VOLUMEN|VARIABLE|P0408050000|1|0|1.0|VOLUMEN|VARIABLE|P0408050000|1|0|1.0|VOLUMEN|VARIABLE|P0408050000|1|0|1.0|VOLUMEN|VARIABLE|P0408050000|1|0|1.0|VOLUMEN|VARIABLE|P0408050000|1|0|1.0|VOLUMEN|VARIABLE|P0408050000|1|0|1.0|VOLUMEN|VARIABLE|P0408050000|1|0|1.0|VOLUMEN|VARIABLE|P0408050000|1|0|1.0|VOLUMEN|VARIABLE|P0408050000|1|0|1.0|VOLUMEN|VARIABLE|P0408050000|1|0|1.0|VOLUMEN|VARIABLE|P0408050000|1|0|1.0|VOLUMEN|VARIABLE|P0408050000|1|0|1.0|VOLUMEN|VARIABLE|P0408050000|1|0|1.0|VOLUMEN|VARIABLE|P0408050000|1|0|1.0|VOLUMEN|VARIABLE|P0408050000|1|0|1.0|VOLUMEN|VARIABLE|P0408050000|1|0|1.0|VOLUMEN|VARIABLE|P0408050000|1|0|1.0|VOLUMEN|VARIABLE|P0408050000|1|0|1.0|VOLUMEN|VARIABLE|P0408050000|1|0|1.0|VOLUMEN|VARIABLE|P0408050000|1|0|1.0|VOLUMEN|VARIABLE|P0408050000|1|0|1.0|VOLUMEN|VARIABLE|P0408050000|1|0|1.0|VOLUMEN|VARIABLE|P0408050000|1|0|1.0|VOLUMEN|VARIABLE|P0408050000|1|0|1.0|VOLUMEN|VARIABLE|P0408050000|1|0|1.0|VOLUMEN|VARIABLE|P0408050000|1|0|1.0|VOLUMEN|VARIABLE|P0408050000|1|0|1.0|VOLUMEN|VARIABLE|P0408050000|1|0|1.0|VOLUMEN|VARIABLE|P0408050000|1|0|1.0|VOLUMEN|VARIABLE|P0408050000|1|0|1.0|VOLUMEN|VARIABLE|P0408050000|1|0|1.0|VOLUMEN|VARIABLE|P0408050000|1|0|1.0|VOLUMEN|VARIABLE|P0408050000|1|0|1.0|VOLUMEN|VARIABLE|P0408050000|1|0|1.0|VOLUMEN|VARIABLE|P0408050000|1|0|1.0|VOLUMEN|VARIABLE|P0408050000|1|0|1.0|VOLUMEN|VARIABLE|P0408050000|1|0|1.0|VOLUMEN|VARIABLE|P0408050000|1|0|1.0|VOLUMEN|VARIABLE|P0408050000|1|0|1.0|VOLUMEN|VARIABLE|P0408050000|1|0|1.0|VOLUMEN|VARIABLE|P0408050000|1|0|1.0|VOLUMEN|VARIABLE|P0408050000|1|0|1.0|VOLUMEN|VARIABLE|P0408050000|1|0|1.0|VOLUMEN|VARIABLE|P0408050000|1|0|1.0|VOLUMEN|VARIABLE|P0408050000|1|0|1.0|VOLUMEN|VARIABLE|P0408050000|1|0|1.0|VOLUMEN|VARIABLE|P0408050000|1|0|1.0|VOLUMEN|VARIABLE|P0408050000|1|0|1.0|VOLUMEN|VARIABLE|P0408050000|1|0|1.0|VOLUMEN|VARIABLE|P0408050000|1|0|1.0|VOLUMEN|VARIABLE|P0408050000|1|0|1.0|VOLUMEN|VARIABLE|P0408050000|1|0|1.0|VOLUMEN|VARIABLE|P0408050000|1|0|1.0|VOLUMEN|VARIABLE|P0408050000|1|0|1.0|VOLUMEN|VARIABLE|P0408050000|1|0|1.0|VOLUMEN|VARIABLE|P0408050000|1|0|1.0|VOLUMEN|VARIABLE|P0408050000|1|0|1.0|VOLUMEN|VARIABLE|P0408050000|1|0|1.0|VOLUMEN|VARIABLE|P0408050000|1|0|1.0|VOLUMEN|VARIABLE|P0408050000|1|0|1.0|VOLUMEN|VARIABLE|P0408050000|1|0|1.0|VOLUMEN|VARIABLE|P0408050000|1|0|1.0|VOLUMEN|VARIABLE|P0408050000|1|0|1.0|VOLUMEN|VARIABLE|P0408050000|1|0|1.0|VOLUMEN|VARIABLE|P0408050000|1|0|1.0|VOLUMEN|VARIABLE|P0408050000|1|0|1.0|VOLUMEN|VARIABLE|P0408050000|1|0|1.0|VOLUMEN|VARIABLE|P0408050000|1|0|1.0|VOLUMEN|VARIABLE|P0408050000|1|0|1.0|VOLUMEN|VARIABLE|P0408050000|1|0|1.0|VOLUMEN|VARIABLE|P0408050000|1|0|1.0|VOLUMEN|VARIABLE|P0408050000|1|0|1.0|VOLUMEN|VARIABLE|P0408050000|1|0|1.0|VOLUMEN|VARIABLE|P0408050000|1|0|1.0|VOLUMEN|VARIABLE|P0408050000|1|0|1.0|VOLUMEN|VARIABLE|P0408050000|1|0|1.0|VOLUMEN|VARIABLE|P0408050000|1|0|1.0|VOLUMEN|VARIABLE|P0408050000|1|0|1.0|VOLUMEN|VARIABLE|P0408050000|1|0|1.0|VOLUMEN|VARIABLE|P0408050000|1|0|1.0|VOLUMEN|VARIABLE|P0408050000|1|0|1.0|VOLUMEN|VARIABLE|P0408050000|1|0|1.0|VOLUMEN|VARIABLE|P0408050000|1|0|1.0|VOLUMEN|VARIABLE|P0408050000|1|0|1.0|VOLUMEN|VARIABLE|P0408050000|1|0|1.0|VOLUMEN|VARIABLE|P0408050000|1|0|1.0|VOLUMEN|VARIABLE|P0408050000|1|0|1.0|VOLUMEN|VARIABLE|P0408050000|1|0|1.0|VOLUMEN|VARIABLE|P0408050000|1|0|1.0|VOLUMEN|VARIABLE|P0408050000|1|0|1.0|VOLUMEN|VARIABLE|P0408050000|1|0|1.0|VOLUMEN|VARIABLE|P0408050000|1|0|1.0|VOLUMEN|VARIABLE|P0408050000|1|0|1.0|VOLUMEN|VARIABLE|P0408050000|1|0|1.0|VOLUMEN|VARIABLE|P0408050000|1|0|1.0|VOLUMEN|VARIABLE|P0408050000|1|0|1.0|VOLUMEN|VARIABLE|P0408050000|1|0|1.0|VOLUMEN|VARIABLE|P0408050000|1|0|1.0|VOLUMEN|VARIABLE|P0408050000|1|0|1.0
172,VOLUMEN|VARIABLE|P0408050000|1|0|2.0|VOLUMEN|VARIABLE|P0408050000|1|0|2.0|VOLUMEN|VARIABLE|P0408050000|1|0|2.0|VOLUMEN|VARIABLE|P0408050000|1|0|2.0|VOLUMEN|VARIABLE|P0408050000|1|0|2.0|VOLUMEN|VARIABLE|P0408050000|1|0|2.0|VOLUMEN|VARIABLE|P0408050000|1|0|2.0|VOLUMEN|VARIABLE|P0408050000|1|0|2.0|VOLUMEN|VARIABLE|P0408050000|1|0|2.0|VOLUMEN|VARIABLE|P0408050000|1|0|2.0|VOLUMEN|VARIABLE|P0408050000|1|0|2.0|VOLUMEN|VARIABLE|P0408050000|1|0|2.0|VOLUMEN|VARIABLE|P0408050000|1|0|2.0|VOLUMEN|VARIABLE|P0408050000|1|0|2.0|VOLUMEN|VARIABLE|P0408050000|1|0|2.0|VOLUMEN|VARIABLE|P0408050000|1|0|2.0|VOLUMEN|VARIABLE|P0408050000|1|0|2.0|VOLUMEN|VARIABLE|P0408050000|1|0|2.0|VOLUMEN|VARIABLE|P0408050000|1|0|2.0|VOLUMEN|VARIABLE|P0408050000|1|0|2.0|VOLUMEN|VARIABLE|P0408050000|1|0|2.0|VOLUMEN|VARIABLE|P0408050000|1|0|2.0|VOLUMEN|VARIABLE|P0408050000|1|0|2.0|VOLUMEN|VARIABLE|P0408050000|1|0|2.0|VOLUMEN|VARIABLE|P0408050000|1|0|2.0|VOLUMEN|VARIABLE|P0408050000|1|0|2.0|VOLUMEN|VARIABLE|P0408050000|1|0|2.0|VOLUMEN|VARIABLE|P0408050000|1|0|2.0|VOLUMEN|VARIABLE|P0408050000|1|0|2.0|VOLUMEN|VARIABLE|P0408050000|1|0|2.0|VOLUMEN|VARIABLE|P0408050000|1|0|2.0|VOLUMEN|VARIABLE|P0408050000|1|0|2.0|VOLUMEN|VARIABLE|P0408050000|1|0|2.0|VOLUMEN|VARIABLE|P0408050000|1|0|2.0|VOLUMEN|VARIABLE|P0408050000|1|0|2.0|VOLUMEN|VARIABLE|P0408050000|1|0|2.0|VOLUMEN|VARIABLE|P0408050000|1|0|2.0|VOLUMEN|VARIABLE|P0408050000|1|0|2.0|VOLUMEN|VARIABLE|P0408050000|1|0|2.0|VOLUMEN|VARIABLE|P0408050000|1|0|2.0|VOLUMEN|VARIABLE|P0408050000|1|0|2.0|VOLUMEN|VARIABLE|P0408050000|1|0|2.0|VOLUMEN|VARIABLE|P0408050000|1|0|2.0|VOLUMEN|VARIABLE|P0408050000|1|0|2.0|VOLUMEN|VARIABLE|P0408050000|1|0|2.0|VOLUMEN|VARIABLE|P0408050000|1|0|2.0|VOLUMEN|VARIABLE|P0408050000|1|0|2.0|VOLUMEN|VARIABLE|P0408050000|1|0|2.0|VOLUMEN|VARIABLE|P0408050000|1|0|2.0|VOLUMEN|VARIABLE|P0408050000|1|0|2.0|VOLUMEN|VARIABLE|P0408050000|1|0|2.0|VOLUMEN|VARIABLE|P0408050000|1|0|2.0|VOLUMEN|VARIABLE|P0408050000|1|0|2.0|VOLUMEN|VARIABLE|P0408050000|1|0|2.0|VOLUMEN|VARIABLE|P0408050000|1|0|2.0|VOLUMEN|VARIABLE|P0408050000|1|0|2.0|VOLUMEN|VARIABLE|P0408050000|1|0|2.0|VOLUMEN|VARIABLE|P0408050000|1|0|2.0|VOLUMEN|VARIABLE|P0408050000|1|0|2.0|VOLUMEN|VARIABLE|P0408050000|1|0|2.0|VOLUMEN|VARIABLE|P0408050000|1|0|2.0|VOLUMEN|VARIABLE|P0408050000|1|0|2.0|VOLUMEN|VARIABLE|P0408050000|1|0|2.0|VOLUMEN|VARIABLE|P0408050000|1|0|2.0|VOLUMEN|VARIABLE|P0408050000|1|0|2.0|VOLUMEN|VARIABLE|P0408050000|1|0|2.0|VOLUMEN|VARIABLE|P0408050000|1|0|2.0|VOLUMEN|VARIABLE|P0408050000|1|0|2.0|VOLUMEN|VARIABLE|P0408050000|1|0|2.0|VOLUMEN|VARIABLE|P0408050000|1|0|2.0|VOLUMEN|VARIABLE|P0408050000|1|0|2.0|VOLUMEN|VARIABLE|P0408050000|1|0|2.0|VOLUMEN|VARIABLE|P0408050000|1|0|2.0|VOLUMEN|VARIABLE|P0408050000|1|0|2.0|VOLUMEN|VARIABLE|P0408050000|1|0|2.0|VOLUMEN|VARIABLE|P0408050000|1|0|2.0|VOLUMEN|VARIABLE|P0408050000|1|0|2.0|VOLUMEN|VARIABLE|P0408050000|1|0|2.0|VOLUMEN|VARIABLE|P0408050000|1|0|2.0|VOLUMEN|VARIABLE|P0408050000|1|0|2.0|VOLUMEN|VARIABLE|P0408050000|1|0|2.0|VOLUMEN|VARIABLE|P0408050000|1|0|2.0|VOLUMEN|VARIABLE|P0408050000|1|0|2.0|VOLUMEN|VARIABLE|P0408050000|1|0|2.0|VOLUMEN|VARIABLE|P0408050000|1|0|2.0|VOLUMEN|VARIABLE|P0408050000|1|0|2.0|VOLUMEN|VARIABLE|P0408050000|1|0|2.0|VOLUMEN|VARIABLE|P0408050000|1|0|2.0|VOLUMEN|VARIABLE|P0408050000|1|0|2.0|VOLUMEN|VARIABLE|P0408050000|1|0|2.0|VOLUMEN|VARIABLE|P0408050000|1|0|2.0|VOLUMEN|VARIABLE|P0408050000|1|0|2.0|VOLUMEN|VARIABLE|P0408050000|1|0|2.0|VOLUMEN|VARIABLE|P0408050000|1|0|2.0|VOLUMEN|VARIABLE|P0408050000|1|0|2.0|VOLUMEN|VARIABLE|P0408050000|1|0|2.0|VOLUMEN|VARIABLE|P0408050000|1|0|2.0|VOLUMEN|VARIABLE|P0408050000|1|0|2.0|VOLUMEN|VARIABLE|P0408050000|1|0|2.0|VOLUMEN|VARIABLE|P0408050000|1|0|2.0|VOLUMEN|VARIABLE|P0408050000|1|0|2.0|VOLUMEN|VARIABLE|P0408050000|1|0|2.0|VOLUMEN|VARIABLE|P0408050000|1|0|2.0|VOLUMEN|VARIABLE|P0408050000|1|0|2.0|VOLUMEN|VARIABLE|P0408050000|1|0|2.0|VOLUMEN|VARIABLE|P0408050000|1|0|2.0|VOLUMEN|VARIABLE|P0408050000|1|0|2.0|VOLUMEN|VARIABLE|P0408050000|1|0|2.0|VOLUMEN|VARIABLE|P0408050000|1|0|2.0|VOLUMEN|VARIABLE|P0408050000|1|0|2.0|VOLUMEN|VARIABLE|P0408050000|1|0|2.0|VOLUMEN|VARIABLE|P0408050000|1|0|2.0|VOLUMEN|VARIABLE|P0408050000|1|0|2.0|VOLUMEN|VARIABLE|P0408050000|1|0|2.0|VOLUMEN|VARIABLE|P0408050000|1|0|2.0|VOLUMEN|VARIABLE|P0408050000|1|0|2.0|VOLUMEN|VARIABLE|P0408050000|1|0|2.0|VOLUMEN|VARIABLE|P0408050000|1|0|2.0|VOLUMEN|VARIABLE|P0408050000|1|0|2.0|VOLUMEN|VARIABLE|P0408050000|1|0|2.0|VOLUMEN|VARIABLE|P0408050000|1|0|2.0|VOLUMEN|VARIABLE|P0408050000|1|0|2.0|VOLUMEN|VARIABLE|P0408050000|1|0|2.0|VOLUMEN|VARIABLE|P0408050000|1|0|2.0|VOLUMEN|VARIABLE|P0408050000|1|0|2.0|VOLUMEN|VARIABLE|P0408050000|1|0|2.0|VOLUMEN|VARIABLE|P0408050000|1|0|2.0|VOLUMEN|VARIABLE|P0408050000|1|0|2.0|VOLUMEN|VARIABLE|P0408050000|1|0|2.0|VOLUMEN|VARIABLE|P0408050000|1|0|2.0|VOLUMEN|VARIABLE|P0408050000|1|0|2.0|VOLUMEN|VARIABLE|P0408050000|1|0|2.0|VOLUMEN|VARIABLE|P0408050000|1|0|2.0|VOLUMEN|VARIABLE|P0408050000|1|0|2.0|VOLUMEN|VARIABLE|P0408050000|1|0|2.0|VOLUMEN|VARIABLE|P0408050000|1|0|2.0|VOLUMEN|VARIABLE|P0408050000|1|0|2.0|VOLUMEN|VARIABLE|P0408050000|1|0|2.0|VOLUMEN|VARIABLE|P0408050000|1|0|2.0|VOLUMEN|VARIABLE|P0408050000|1|0|2.0|VOLUMEN|VARIABLE|P0408050000|1|0|2.0|VOLUMEN|VARIABLE|P0408050000|1|0|2.0|VOLUMEN|VARIABLE|P0408050000|1|0|2.0|VOLUMEN|VARIABLE|P0408050000|1|0|2.0|VOLUMEN|VARIABLE|P0408050000|1|0|2.0|VOLUMEN|VARIABLE|P0408050000|1|0|2.0|VOLUMEN|VARIABLE|P0408050000|1|0|2.0|VOLUMEN|VARIABLE|P0408050000|1|0|2.0|VOLUMEN|VARIABLE|P0408050000|1|0|2.0|VOLUMEN|VARIABLE|P0408050000|1|0|2.0|VOLUMEN|VARIABLE|P0408050000|1|0|2.0|VOLUMEN|VARIABLE|P0408050000|1|0|2.0|VOLUMEN|VARIABLE|P0408050000|1|0|2.0|VOLUMEN|VARIABLE|P0408050000|1|0|2.0|VOLUMEN|VARIABLE|P0408050000|1|0|2.0|VOLUMEN|VARIABLE|P0408050000|1|0|2.0|VOLUMEN|VARIABLE|P0408050000|1|0|2.0|VOLUMEN|VARIABLE|P0408050000|1|0|2.0|VOLUMEN|VARIABLE|P0408050000|1|0|2.0|VOLUMEN|VARIABLE|P0408050000|1|0|2.0|VOLUMEN|VARIABLE|P0408050000|1|0|2.0|VOLUMEN|VARIABLE|P0408050000|1|0|2.0|VOLUMEN|VARIABLE|P0408050000|1|0|2.0|VOLUMEN|VARIABLE|P0408050000|1|0|2.0|VOLUMEN|VARIABLE|P0408050000|1|0|2.0|VOLUMEN|VARIABLE|P0408050000|1|0|2.0|VOLUMEN|VARIABLE|P0408050000|1|0|2.0|VOLUMEN|VARIABLE|P0408050000|1|0|2.0|VOLUMEN|VARIABLE|P0408050000|1|0|2.0|VOLUMEN|VARIABLE|P0408050000|1|0|2.0|VOLUMEN|VARIABLE|P0408050000|1|0|2.0|VOLUMEN|VARIABLE|P0408050000|1|0|2.0|VOLUMEN|VARIABLE|P0408050000|1|0|2.0|VOLUMEN|VARIABLE|P0408050000|1|0|2.0|VOLUMEN|VARIABLE|P0408050000|1|0|2.0|VOLUMEN|VARIABLE|P0408050000|1|0|2.0|VOLUMEN|VARIABLE|P0408050000|1|0|2.0|VOLUMEN|VARIABLE|P0408050000|1|0|2.0|VOLUMEN|VARIABLE|P0408050000|1|0|2.0|VOLUMEN|VARIABLE|P0408050000|1|0|2.0|VOLUMEN|VARIABLE|P0408050000|1|0|2.0|VOLUMEN|VARIABLE|P0408050000|1|0|2.0|VOLUMEN|VARIABLE|P0408050000|1|0|2.0|VOLUMEN|VARIABLE|P0408050000|1|0|2.0|VOLUMEN|VARIABLE|P0408050000|1|0|2.0|VOLUMEN|VARIABLE|P0408050000|1|0|2.0|VOLUMEN|VARIABLE|P0408050000|1|0|2.0|VOLUMEN|VARIABLE|P0408050000|1|0|2.0|VOLUMEN|VARIABLE|P0408050000|1|0|2.0|VOLUMEN|VARIABLE|P0408050000|1|0|2.0|VOLUMEN|VARIABLE|P0408050000|1|0|2.0|VOLUMEN|VARIABLE|P0408050000|1|0|2.0|VOLUMEN|VARIABLE|P0408050000|1|0|2.0|VOLUMEN|VARIABLE|P0408050000|1|0|2.0|VOLUMEN|VARIABLE|P0408050000|1|0|2.0|VOLUMEN|VARIABLE|P0408050000|1|0|2.0|VOLUMEN|VARIABLE|P0408050000|1|0|2.0|VOLUMEN|VARIABLE|P0408050000|1|0|2.0|VOLUMEN|VARIABLE|P0408050000|1|0|2.0|VOLUMEN|VARIABLE|P0408050000|1|0|2.0|VOLUMEN|VARIABLE|P0408050000|1|0|2.0|VOLUMEN|VARIABLE|P0408050000|1|0|2.0|VOLUMEN|VARIABLE|P0408050000|1|0|2.0|VOLUMEN|VARIABLE|P0408050000|1|0|2.0|VOLUMEN|VARIABLE|P0408050000|1|0|2.0|VOLUMEN|VARIABLE|P0408050000|1|0|2.0|VOLUMEN|VARIABLE|P0408050000|1|0|2.0|VOLUMEN|VARIABLE|P0408050000|1|0|2.0|VOLUMEN|VARIABLE|P0408050000|1|0|2.0|VOLUMEN|VARIABLE|P0408050000|1|0|2.0|VOLUMEN|VARIABLE|P0408050000|1|0|2.0|VOLUMEN|VARIABLE|P0408050000|1|0|2.0|VOLUMEN|VARIABLE|P0408050000|1|0|2.0|VOLUMEN|VARIABLE|P0408050000|1|0|2.0|VOLUMEN|VARIABLE|P0408050000|1|0|2.0|VOLUMEN|VARIABLE|P0408050000|1|0|2.0|VOLUMEN|VARIABLE|P0408050000|1|0|2.0|VOLUMEN|VARIABLE|P0408050000|1|0|2.0|VOLUMEN|VARIABLE|P0408050000|1|0|2.0|VOLUMEN|VARIABLE|P0408050000|1|0|2.0|VOLUMEN|VARIABLE|P0408050000|1|0|2.0|VOLUMEN|VARIABLE|P0408050000|1|0|2.0|VOLUMEN|VARIABLE|P0408050000|1|0|2.0|VOLUMEN|VARIABLE|P0408050000|1|0|2.0|VOLUMEN|VARIABLE|P0408050000|1|0|2.0|VOLUMEN|VARIABLE|P0408050000|1|0|2.0|VOLUMEN|VARIABLE|P0408050000|1|0|2.0|VOLUMEN|VARIABLE|P0408050000|1|0|2.0|VOLUMEN|VARIABLE|P0408050000|1|0|2.0|VOLUMEN|VARIABLE|P0408050000|1|0|2.0|VOLUMEN|VARIABLE|P0408050000|1|0|2.0|VOLUMEN|VARIABLE|P0408050000|1|0|2.0|VOLUMEN|VARIABLE|P0408050000|1|0|2.0|VOLUMEN|VARIABLE|P0408050000|1|0|2.0|VOLUMEN|VARIABLE|P0408050000|1|0|2.0|VOLUMEN|VARIABLE|P0408050000|1|0|2.0|VOLUMEN|VARIABLE|P0408050000|1|0|2.0|VOLUMEN|VARIABLE|P0408050000|1|0|2.0|VOLUMEN|VARIABLE|P0408050000|1|0|2.0|VOLUMEN|VARIABLE|P0408050000|1|0|2.0|VOLUMEN|VARIABLE|P0408050000|1|0|2.0|VOLUMEN|VARIABLE|P0408050000|1|0|2.0|VOLUMEN|VARIABLE|P0408050000|1|0|2.0|VOLUMEN|VARIABLE|P0408050000|1|0|2.0|VOLUMEN|VARIABLE|P0408050000|1|0|2.0|VOLUMEN|VARIABLE|P0408050000|1|0|2.0|VOLUMEN|VARIABLE|P0408050000|1|0|2.0
173,VOLUMEN|FIJO|200105335|1|0|2.0|VOLUMEN|FIJO|200105335|1|0|2.0|VOLUMEN|FIJO|200105335|1|0|2.0|VOLUMEN|FIJO|200105335|1|0|2.0|VOLUMEN|FIJO|200105335|1|0|2.0|VOLUMEN|FIJO|200105335|1|0|2.0|VOLUMEN|FIJO|200105335|1|0|2.0|VOLUMEN|FIJO|200105335|1|0|2.0|VOLUMEN|FIJO|200105335|1|0|2.0|VOLUMEN|FIJO|200105335|1|0|2.0|VOLUMEN|FIJO|200105335|1|0|2.0|VOLUMEN|FIJO|200105335|1|0|2.0|VOLUMEN|FIJO|200105335|1|0|2.0
174,INDIVIDUAL|FIJO|200118925|1|0|1.0|INDIVIDUAL|FIJO|200118925|1|0|1.0|INDIVIDUAL|FIJO|200118925|1|0|1.0|INDIVIDUAL|FIJO|200118925|1|0|1.0|INDIVIDUAL|FIJO|200118925|1|0|1.0|INDIVIDUAL|FIJO|200118925|1|0|1.0|INDIVIDUAL|FIJO|200118925|1|0|1.0|INDIVIDUAL|FIJO|200118925|1|0|1.0|INDIVIDUAL|FIJO|200118925|1|0|1.0|INDIVIDUAL|FIJO|200118925|1|0|1.0|INDIVIDUAL|FIJO|200118925|1|0|1.0|INDIVIDUAL|FIJO|200118925|1|0|1.0
176,INDIVIDUAL|FIJO|200044715|1|0|1.0|INDIVIDUAL|FIJO|200044715|1|0|1.0|INDIVIDUAL|FIJO|200044715|1|0|1.0|INDIVIDUAL|FIJO|200044715|1|0|1.0|INDIVIDUAL|FIJO|200044715|1|0|1.0|INDIVIDUAL|FIJO|200044715|1|0|1.0|INDIVIDUAL|FIJO|200044715|1|0|1.0|INDIVIDUAL|FIJO|200044715|1|0|1.0|INDIVIDUAL|FIJO|200044715|1|0|1.0|INDIVIDUAL|FIJO|200044715|1|0|1.0|INDIVIDUAL|FIJO|200044715|1|0|1.0|INDIVIDUAL|FIJO|200044715|1|0|1.0
177,INDIVIDUAL|FIJO|200115826|1|0|1.0|INDIVIDUAL|FIJO|200115826|1|0|1.0|INDIVIDUAL|FIJO|200115826|1|0|1.0|INDIVIDUAL|FIJO|200115826|1|0|1.0|INDIVIDUAL|FIJO|200115826|1|0|1.0|INDIVIDUAL|FIJO|200115826|1|0|1.0|INDIVIDUAL|FIJO|200115826|1|0|1.0|INDIVIDUAL|FIJO|200115826|1|0|1.0|INDIVIDUAL|FIJO|200115826|1|0|1.0|INDIVIDUAL|FIJO|200115826|1|0|1.0|INDIVIDUAL|FIJO|200115826|1|0|1.0|INDIVIDUAL|FIJO|200115826|1|0|1.0
178,INDIVIDUAL|FIJO|200044012|1|0|1.0|INDIVIDUAL|FIJO|200044012|1|0|1.0|INDIVIDUAL|FIJO|200044012|1|0|1.0|INDIVIDUAL|FIJO|200044012|1|0|1.0|INDIVIDUAL|FIJO|200044012|1|0|1.0|INDIVIDUAL|FIJO|200044012|1|0|1.0|INDIVIDUAL|FIJO|200044012|1|0|1.0|INDIVIDUAL|FIJO|200044012|1|0|1.0|INDIVIDUAL|FIJO|200044012|1|0|1.0|INDIVIDUAL|FIJO|200044012|1|0|1.0|INDIVIDUAL|FIJO|200044012|1|0|1.0|INDIVIDUAL|FIJO|200044012|1|0|1.0
179,INDIVIDUAL|FIJO|200105008|1|0|1.0|INDIVIDUAL|FIJO|200105008|1|0|1.0|INDIVIDUAL|FIJO|200105008|1|0|1.0|INDIVIDUAL|FIJO|200105008|1|0|1.0|INDIVIDUAL|FIJO|200105008|1|0|1.0|INDIVIDUAL|FIJO|200105008|1|0|1.0|INDIVIDUAL|FIJO|200105008|1|0|1.0|INDIVIDUAL|FIJO|200105008|1|0|1.0|INDIVIDUAL|FIJO|200105008|1|0|1.0|INDIVIDUAL|FIJO|200105008|1|0|1.0|INDIVIDUAL|FIJO|200105008|1|0|1.0|INDIVIDUAL|FIJO|200105008|1|0|1.0
180,INDIVIDUAL|FIJO|200111155|1|0|1.0|INDIVIDUAL|FIJO|200111155|1|0|1.0|INDIVIDUAL|FIJO|200111155|1|0|1.0|INDIVIDUAL|FIJO|200111155|1|0|1.0|INDIVIDUAL|FIJO|200111155|1|0|1.0|INDIVIDUAL|FIJO|200111155|1|0|1.0|INDIVIDUAL|FIJO|200111155|1|0|1.0|INDIVIDUAL|FIJO|200111155|1|0|1.0|INDIVIDUAL|FIJO|200111155|1|0|1.0|INDIVIDUAL|FIJO|200111155|1|0|1.0|INDIVIDUAL|FIJO|200111155|1|0|1.0|INDIVIDUAL|FIJO|200111155|1|0|1.0
181,INDIVIDUAL|FIJO|200048978|1|0|1.0|INDIVIDUAL|FIJO|200048978|1|0|1.0|INDIVIDUAL|FIJO|200048978|1|0|1.0|INDIVIDUAL|FIJO|200048978|1|0|1.0|INDIVIDUAL|FIJO|200048978|1|0|1.0|INDIVIDUAL|FIJO|200048978|1|0|1.0|INDIVIDUAL|FIJO|200048978|1|0|1.0|INDIVIDUAL|FIJO|200048978|1|0|1.0|INDIVIDUAL|FIJO|200048978|1|0|1.0|INDIVIDUAL|FIJO|200048978|1|0|1.0|INDIVIDUAL|FIJO|200048978|1|0|1.0|INDIVIDUAL|FIJO|200048978|1|0|1.0
182,INDIVIDUAL|FIJO|200114935|1|0|1.0|INDIVIDUAL|FIJO|200114935|1|0|1.0|INDIVIDUAL|FIJO|200114935|1|0|1.0|INDIVIDUAL|FIJO|200114935|1|0|1.0|INDIVIDUAL|FIJO|200114935|1|0|1.0|INDIVIDUAL|FIJO|200114935|1|0|1.0|INDIVIDUAL|FIJO|200114935|1|0|1.0|INDIVIDUAL|FIJO|200114935|1|0|1.0|INDIVIDUAL|FIJO|200114935|1|0|1.0|INDIVIDUAL|FIJO|200114935|1|0|1.0|INDIVIDUAL|FIJO|200114935|1|0|1.0|INDIVIDUAL|FIJO|200114935|1|0|1.0
183,INDIVIDUAL|FIJO|200063985|1|0|1.0|INDIVIDUAL|FIJO|200063985|1|0|1.0|INDIVIDUAL|FIJO|200063985|1|0|1.0|INDIVIDUAL|FIJO|200063985|1|0|1.0|INDIVIDUAL|FIJO|200063985|1|0|1.0|INDIVIDUAL|FIJO|200063985|1|0|1.0|INDIVIDUAL|FIJO|200063985|1|0|1.0|INDIVIDUAL|FIJO|200063985|1|0|1.0|INDIVIDUAL|FIJO|200063985|1|0|1.0|INDIVIDUAL|FIJO|200063985|1|0|1.0|INDIVIDUAL|FIJO|200063985|1|0|1.0|INDIVIDUAL|FIJO|200063985|1|0|1.0
184,INDIVIDUAL|FIJO|200113781|1|0|1.0|INDIVIDUAL|FIJO|200113781|1|0|1.0|INDIVIDUAL|FIJO|200113781|1|0|1.0|INDIVIDUAL|FIJO|200113781|1|0|1.0|INDIVIDUAL|FIJO|200113781|1|0|1.0|INDIVIDUAL|FIJO|200113781|1|0|1.0|INDIVIDUAL|FIJO|200113781|1|0|1.0|INDIVIDUAL|FIJO|200113781|1|0|1.0|INDIVIDUAL|FIJO|200113781|1|0|1.0|INDIVIDUAL|FIJO|200113781|1|0|1.0|INDIVIDUAL|FIJO|200113781|1|0|1.0|INDIVIDUAL|FIJO|200113781|1|0|1.0
185,INDIVIDUAL|FIJO|200113639|1|0|1.0|INDIVIDUAL|FIJO|200113639|1|0|1.0|INDIVIDUAL|FIJO|200113639|1|0|1.0|INDIVIDUAL|FIJO|200113639|1|0|1.0|INDIVIDUAL|FIJO|200113639|1|0|1.0|INDIVIDUAL|FIJO|200113639|1|0|1.0|INDIVIDUAL|FIJO|200113639|1|0|1.0|INDIVIDUAL|FIJO|200113639|1|0|1.0|INDIVIDUAL|FIJO|200113639|1|0|1.0|INDIVIDUAL|FIJO|200113639|1|0|1.0|INDIVIDUAL|FIJO|200113639|1|0|1.0|INDIVIDUAL|FIJO|200113639|1|0|1.0
186,INDIVIDUAL|FIJO|200042737|1|0|1.0|INDIVIDUAL|FIJO|200042737|1|0|1.0|INDIVIDUAL|FIJO|200042737|1|0|1.0|INDIVIDUAL|FIJO|200042737|1|0|1.0|INDIVIDUAL|FIJO|200042737|1|0|1.0|INDIVIDUAL|FIJO|200042737|1|0|1.0|INDIVIDUAL|FIJO|200042737|1|0|1.0|INDIVIDUAL|FIJO|200042737|1|0|1.0|INDIVIDUAL|FIJO|200042737|1|0|1.0|INDIVIDUAL|FIJO|200042737|1|0|1.0|INDIVIDUAL|FIJO|200042737|1|0|1.0|INDIVIDUAL|FIJO|200042737|1|0|1.0
189,INDIVIDUAL|FIJO|200106161|1|0|1.0|INDIVIDUAL|FIJO|200106161|1|0|1.0|INDIVIDUAL|FIJO|200106161|1|0|1.0|INDIVIDUAL|FIJO|200106161|1|0|1.0|INDIVIDUAL|FIJO|200106161|1|0|1.0|INDIVIDUAL|FIJO|200106161|1|0|1.0|INDIVIDUAL|FIJO|200106161|1|0|1.0|INDIVIDUAL|FIJO|200106161|1|0|1.0|INDIVIDUAL|FIJO|200106161|1|0|1.0|INDIVIDUAL|FIJO|200106161|1|0|1.0|INDIVIDUAL|FIJO|200106161|1|0|1.0|INDIVIDUAL|FIJO|200106161|1|0|1.0
190,INDIVIDUAL|FIJO|200089168|1|0|1.0|INDIVIDUAL|FIJO|200089168|1|0|1.0|INDIVIDUAL|FIJO|200089168|1|0|1.0|INDIVIDUAL|FIJO|200089168|1|0|1.0|INDIVIDUAL|FIJO|200089168|1|0|1.0|INDIVIDUAL|FIJO|200089168|1|0|1.0|INDIVIDUAL|FIJO|200089168|1|0|1.0|INDIVIDUAL|FIJO|200089168|1|0|1.0|INDIVIDUAL|FIJO|200089168|1|0|1.0|INDIVIDUAL|FIJO|200089168|1|0|1.0|INDIVIDUAL|FIJO|200089168|1|0|1.0|INDIVIDUAL|FIJO|200089168|1|0|1.0|INDIVIDUAL|FIJO|200089168|1|0|1.0
191,INDIVIDUAL|FIJO|200109874|1|0|1.0|INDIVIDUAL|FIJO|200109874|1|0|1.0|INDIVIDUAL|FIJO|200109874|1|0|1.0|INDIVIDUAL|FIJO|200109874|1|0|1.0|INDIVIDUAL|FIJO|200109874|1|0|1.0|INDIVIDUAL|FIJO|200109874|1|0|1.0|INDIVIDUAL|FIJO|200109874|1|0|1.0|INDIVIDUAL|FIJO|200109874|1|0|1.0|INDIVIDUAL|FIJO|200109874|1|0|1.0|INDIVIDUAL|FIJO|200109874|1|0|1.0|INDIVIDUAL|FIJO|200109874|1|0|1.0|INDIVIDUAL|FIJO|200109874|1|0|1.0
192,INDIVIDUAL|FIJO|200118605|1|0|1.0|INDIVIDUAL|FIJO|200118605|1|0|1.0|INDIVIDUAL|FIJO|200118605|1|0|1.0|INDIVIDUAL|FIJO|200118605|1|0|1.0|INDIVIDUAL|FIJO|200118605|1|0|1.0|INDIVIDUAL|FIJO|200118605|1|0|1.0|INDIVIDUAL|FIJO|200118605|1|0|1.0|INDIVIDUAL|FIJO|200118605|1|0|1.0|INDIVIDUAL|FIJO|200118605|1|0|1.0|INDIVIDUAL|FIJO|200118605|1|0|1.0|INDIVIDUAL|FIJO|200118605|1|0|1.0|INDIVIDUAL|FIJO|200118605|1|0|1.0
193,INDIVIDUAL|FIJO|200116807|1|0|1.0|INDIVIDUAL|FIJO|200116807|1|0|1.0|INDIVIDUAL|FIJO|200116807|1|0|1.0|INDIVIDUAL|FIJO|200116807|1|0|1.0|INDIVIDUAL|FIJO|200116807|1|0|1.0|INDIVIDUAL|FIJO|200116807|1|0|1.0|INDIVIDUAL|FIJO|200116807|1|0|1.0|INDIVIDUAL|FIJO|200116807|1|0|1.0|INDIVIDUAL|FIJO|200116807|1|0|1.0|INDIVIDUAL|FIJO|200116807|1|0|1.0|INDIVIDUAL|FIJO|200116807|1|0|1.0|INDIVIDUAL|FIJO|200116807|1|0|1.0
194,INDIVIDUAL|FIJO|200097947|1|0|1.0|INDIVIDUAL|FIJO|200097947|1|0|1.0|INDIVIDUAL|FIJO|200097947|1|0|1.0|INDIVIDUAL|FIJO|200097947|1|0|1.0|INDIVIDUAL|FIJO|200097947|1|0|1.0|INDIVIDUAL|FIJO|200097947|1|0|1.0|INDIVIDUAL|FIJO|200097947|1|0|1.0|INDIVIDUAL|FIJO|200097947|1|0|1.0|INDIVIDUAL|FIJO|200097947|1|0|1.0|INDIVIDUAL|FIJO|200097947|1|0|1.0|INDIVIDUAL|FIJO|200097947|1|0|1.0|INDIVIDUAL|FIJO|200097947|1|0|1.0
195,INDIVIDUAL|FIJO|200117130|1|0|1.0|INDIVIDUAL|FIJO|200117130|1|0|1.0|INDIVIDUAL|FIJO|200117130|1|0|1.0|INDIVIDUAL|FIJO|200117130|1|0|1.0|INDIVIDUAL|FIJO|200117130|1|0|1.0|INDIVIDUAL|FIJO|200117130|1|0|1.0|INDIVIDUAL|FIJO|200117130|1|0|1.0|INDIVIDUAL|FIJO|200117130|1|0|1.0|INDIVIDUAL|FIJO|200117130|1|0|1.0|INDIVIDUAL|FIJO|200117130|1|0|1.0|INDIVIDUAL|FIJO|200117130|1|0|1.0|INDIVIDUAL|FIJO|200117130|1|0|1.0
196,INDIVIDUAL|FIJO|200116798|1|0|1.0|INDIVIDUAL|FIJO|200116798|1|0|1.0|INDIVIDUAL|FIJO|200116798|1|0|1.0|INDIVIDUAL|FIJO|200116798|1|0|1.0|INDIVIDUAL|FIJO|200116798|1|0|1.0|INDIVIDUAL|FIJO|200116798|1|0|1.0|INDIVIDUAL|FIJO|200116798|1|0|1.0|INDIVIDUAL|FIJO|200116798|1|0|1.0|INDIVIDUAL|FIJO|200116798|1|0|1.0|INDIVIDUAL|FIJO|200116798|1|0|1.0|INDIVIDUAL|FIJO|200116798|1|0|1.0|INDIVIDUAL|FIJO|200116798|1|0|1.0
197,INDIVIDUAL|FIJO|200088457|1|0|1.0|INDIVIDUAL|FIJO|200088457|1|0|1.0|INDIVIDUAL|FIJO|200088457|1|0|1.0|INDIVIDUAL|FIJO|200088457|1|0|1.0|INDIVIDUAL|FIJO|200088457|1|0|1.0|INDIVIDUAL|FIJO|200088457|1|0|1.0|INDIVIDUAL|FIJO|200088457|1|0|1.0|INDIVIDUAL|FIJO|200088457|1|0|1.0|INDIVIDUAL|FIJO|200088457|1|0|1.0|INDIVIDUAL|FIJO|200088457|1|0|1.0|INDIVIDUAL|FIJO|200088457|1|0|1.0|INDIVIDUAL|FIJO|200088457|1|0|1.0
198,INDIVIDUAL|FIJO|200109872|1|0|1.0|INDIVIDUAL|FIJO|200109872|1|0|1.0|INDIVIDUAL|FIJO|200109872|1|0|1.0|INDIVIDUAL|FIJO|200109872|1|0|1.0|INDIVIDUAL|FIJO|200109872|1|0|1.0|INDIVIDUAL|FIJO|200109872|1|0|1.0|INDIVIDUAL|FIJO|200109872|1|0|1.0|INDIVIDUAL|FIJO|200109872|1|0|1.0|INDIVIDUAL|FIJO|200109872|1|0|1.0|INDIVIDUAL|FIJO|200109872|1|0|1.0|INDIVIDUAL|FIJO|200109872|1|0|1.0|INDIVIDUAL|FIJO|200109872|1|0|1.0
199,INDIVIDUAL|FIJO|200106357|1|0|1.0|INDIVIDUAL|FIJO|200106357|1|0|1.0|INDIVIDUAL|FIJO|200106357|1|0|1.0|INDIVIDUAL|FIJO|200106357|1|0|1.0|INDIVIDUAL|FIJO|200106357|1|0|1.0|INDIVIDUAL|FIJO|200106357|1|0|1.0|INDIVIDUAL|FIJO|200106357|1|0|1.0|INDIVIDUAL|FIJO|200106357|1|0|1.0|INDIVIDUAL|FIJO|200106357|1|0|1.0|INDIVIDUAL|FIJO|200106357|1|0|1.0|INDIVIDUAL|FIJO|200106357|1|0|1.0|INDIVIDUAL|FIJO|200106357|1|0|1.0
200,INDIVIDUAL|FIJO|P0132059001|1|0|1.0|INDIVIDUAL|FIJO|P0132059001|1|0|1.0|INDIVIDUAL|FIJO|P0132059001|1|0|1.0|INDIVIDUAL|FIJO|P0132059001|1|0|1.0|INDIVIDUAL|FIJO|P0132059001|1|0|1.0|INDIVIDUAL|FIJO|P0132059001|1|0|1.0|INDIVIDUAL|FIJO|P0132059001|1|0|1.0|INDIVIDUAL|FIJO|P0132059001|1|0|1.0|INDIVIDUAL|FIJO|P0132059001|1|0|1.0|INDIVIDUAL|FIJO|P0132059001|1|0|1.0|INDIVIDUAL|FIJO|P0132059001|1|0|1.0|INDIVIDUAL|FIJO|P0132059001|1|0|1.0
201,INDIVIDUAL|FIJO|P0132060007|1|0|1.0|INDIVIDUAL|FIJO|P0132060007|1|0|1.0|INDIVIDUAL|FIJO|P0132060007|1|0|1.0|INDIVIDUAL|FIJO|P0132060007|1|0|1.0|INDIVIDUAL|FIJO|P0132060007|1|0|1.0|INDIVIDUAL|FIJO|P0132060007|1|0|1.0|INDIVIDUAL|FIJO|P0132060007|1|0|1.0|INDIVIDUAL|FIJO|P0132060007|1|0|1.0|INDIVIDUAL|FIJO|P0132060007|1|0|1.0|INDIVIDUAL|FIJO|P0132060007|1|0|1.0|INDIVIDUAL|FIJO|P0132060007|1|0|1.0|INDIVIDUAL|FIJO|P0132060007|1|0|1.0
202,INDIVIDUAL|FIJO|200115274|1|0|1.0|INDIVIDUAL|FIJO|200115274|1|0|1.0|INDIVIDUAL|FIJO|200115274|1|0|1.0|INDIVIDUAL|FIJO|200115274|1|0|1.0|INDIVIDUAL|FIJO|200115274|1|0|1.0|INDIVIDUAL|FIJO|200115274|1|0|1.0|INDIVIDUAL|FIJO|200115274|1|0|1.0|INDIVIDUAL|FIJO|200115274|1|0|1.0|INDIVIDUAL|FIJO|200115274|1|0|1.0|INDIVIDUAL|FIJO|200115274|1|0|1.0|INDIVIDUAL|FIJO|200115274|1|0|1.0|INDIVIDUAL|FIJO|200115274|1|0|1.0
203,INDIVIDUAL|FIJO|200099469|1|0|1.0|INDIVIDUAL|FIJO|200099469|1|0|1.0|INDIVIDUAL|FIJO|200099469|1|0|1.0|INDIVIDUAL|FIJO|200099469|1|0|1.0|INDIVIDUAL|FIJO|200099469|1|0|1.0|INDIVIDUAL|FIJO|200099469|1|0|1.0|INDIVIDUAL|FIJO|200099469|1|0|1.0|INDIVIDUAL|FIJO|200099469|1|0|1.0|INDIVIDUAL|FIJO|200099469|1|0|1.0|INDIVIDUAL|FIJO|200099469|1|0|1.0|INDIVIDUAL|FIJO|200099469|1|0|1.0|INDIVIDUAL|FIJO|200099469|1|0|1.0
204,INDIVIDUAL|FIJO|200054026|1|0|1.0|INDIVIDUAL|FIJO|200054026|1|0|1.0|INDIVIDUAL|FIJO|200054026|1|0|1.0|INDIVIDUAL|FIJO|200054026|1|0|1.0|INDIVIDUAL|FIJO|200054026|1|0|1.0|INDIVIDUAL|FIJO|200054026|1|0|1.0|INDIVIDUAL|FIJO|200054026|1|0|1.0|INDIVIDUAL|FIJO|200054026|1|0|1.0|INDIVIDUAL|FIJO|200054026|1|0|1.0|INDIVIDUAL|FIJO|200054026|1|0|1.0|INDIVIDUAL|FIJO|200054026|1|0|1.0
205,INDIVIDUAL|FIJO|P0197105003|1|0|1.0|INDIVIDUAL|FIJO|P0197105003|1|0|1.0|INDIVIDUAL|FIJO|P0197105003|1|0|1.0|INDIVIDUAL|FIJO|P0197105003|1|0|1.0|INDIVIDUAL|FIJO|P0197105003|1|0|1.0|INDIVIDUAL|FIJO|P0197105003|1|0|1.0|INDIVIDUAL|FIJO|P0197105003|1|0|1.0|INDIVIDUAL|FIJO|P0197105003|1|0|1.0|INDIVIDUAL|FIJO|P0197105003|1|0|1.0|INDIVIDUAL|FIJO|P0197105003|1|0|1.0|INDIVIDUAL|FIJO|P0197105003|1|0|1.0
206,INDIVIDUAL|FIJO|200108161|1|0|1.0|INDIVIDUAL|FIJO|200108161|1|0|1.0|INDIVIDUAL|FIJO|200108161|1|0|1.0|INDIVIDUAL|FIJO|200108161|1|0|1.0|INDIVIDUAL|FIJO|200108161|1|0|1.0|INDIVIDUAL|FIJO|200108161|1|0|1.0|INDIVIDUAL|FIJO|200108161|1|0|1.0|INDIVIDUAL|FIJO|200108161|1|0|1.0|INDIVIDUAL|FIJO|200108161|1|0|1.0|INDIVIDUAL|FIJO|200108161|1|0|1.0|INDIVIDUAL|FIJO|200108161|1|0|1.0|INDIVIDUAL|FIJO|200108161|1|0|1.0
208,INDIVIDUAL|FIJO|200097895|1|0|1.0|INDIVIDUAL|FIJO|200097895|1|0|1.0|INDIVIDUAL|FIJO|200097895|1|0|1.0|INDIVIDUAL|FIJO|200097895|1|0|1.0|INDIVIDUAL|FIJO|200097895|1|0|1.0|INDIVIDUAL|FIJO|200097895|1|0|1.0|INDIVIDUAL|FIJO|200097895|1|0|1.0|INDIVIDUAL|FIJO|200097895|1|0|1.0|INDIVIDUAL|FIJO|200097895|1|0|1.0|INDIVIDUAL|FIJO|200097895|1|0|1.0|INDIVIDUAL|FIJO|200097895|1|0|1.0|INDIVIDUAL|FIJO|200097895|1|0|1.0
209,INDIVIDUAL|FIJO|200105035|1|0|1.0|INDIVIDUAL|FIJO|200105035|1|0|1.0|INDIVIDUAL|FIJO|200105035|1|0|1.0|INDIVIDUAL|FIJO|200105035|1|0|1.0|INDIVIDUAL|FIJO|200105035|1|0|1.0|INDIVIDUAL|FIJO|200105035|1|0|1.0|INDIVIDUAL|FIJO|200105035|1|0|1.0|INDIVIDUAL|FIJO|200105035|1|0|1.0|INDIVIDUAL|FIJO|200105035|1|0|1.0|INDIVIDUAL|FIJO|200105035|1|0|1.0|INDIVIDUAL|FIJO|200105035|1|0|1.0|INDIVIDUAL|FIJO|200105035|1|0|1.0
210,INDIVIDUAL|FIJO|200097894|1|0|1.0|INDIVIDUAL|FIJO|200097894|1|0|1.0|INDIVIDUAL|FIJO|200097894|1|0|1.0|INDIVIDUAL|FIJO|200097894|1|0|1.0|INDIVIDUAL|FIJO|200097894|1|0|1.0|INDIVIDUAL|FIJO|200097894|1|0|1.0|INDIVIDUAL|FIJO|200097894|1|0|1.0|INDIVIDUAL|FIJO|200097894|1|0|1.0|INDIVIDUAL|FIJO|200097894|1|0|1.0|INDIVIDUAL|FIJO|200097894|1|0|1.0|INDIVIDUAL|FIJO|200097894|1|0|1.0|INDIVIDUAL|FIJO|200097894|1|0|1.0
211,INDIVIDUAL|FIJO|200105033|1|0|1.0|INDIVIDUAL|FIJO|200105033|1|0|1.0|INDIVIDUAL|FIJO|200105033|1|0|1.0|INDIVIDUAL|FIJO|200105033|1|0|1.0|INDIVIDUAL|FIJO|200105033|1|0|1.0|INDIVIDUAL|FIJO|200105033|1|0|1.0|INDIVIDUAL|FIJO|200105033|1|0|1.0|INDIVIDUAL|FIJO|200105033|1|0|1.0|INDIVIDUAL|FIJO|200105033|1|0|1.0|INDIVIDUAL|FIJO|200105033|1|0|1.0|INDIVIDUAL|FIJO|200105033|1|0|1.0|INDIVIDUAL|FIJO|200105033|1|0|1.0
212,INDIVIDUAL|FIJO|200105034|1|0|1.0|INDIVIDUAL|FIJO|200105034|1|0|1.0|INDIVIDUAL|FIJO|200105034|1|0|1.0|INDIVIDUAL|FIJO|200105034|1|0|1.0|INDIVIDUAL|FIJO|200105034|1|0|1.0|INDIVIDUAL|FIJO|200105034|1|0|1.0|INDIVIDUAL|FIJO|200105034|1|0|1.0|INDIVIDUAL|FIJO|200105034|1|0|1.0|INDIVIDUAL|FIJO|200105034|1|0|1.0|INDIVIDUAL|FIJO|200105034|1|0|1.0|INDIVIDUAL|FIJO|200105034|1|0|1.0|INDIVIDUAL|FIJO|200105034|1|0|1.0
213,INDIVIDUAL|FIJO|200103338|1|0|1.0|INDIVIDUAL|FIJO|200103338|1|0|1.0|INDIVIDUAL|FIJO|200103338|1|0|1.0|INDIVIDUAL|FIJO|200103338|1|0|1.0|INDIVIDUAL|FIJO|200103338|1|0|1.0|INDIVIDUAL|FIJO|200103338|1|0|1.0|INDIVIDUAL|FIJO|200103338|1|0|1.0|INDIVIDUAL|FIJO|200103338|1|0|1.0|INDIVIDUAL|FIJO|200103338|1|0|1.0|INDIVIDUAL|FIJO|200103338|1|0|1.0|INDIVIDUAL|FIJO|200103338|1|0|1.0|INDIVIDUAL|FIJO|200103338|1|0|1.0
214,INDIVIDUAL|FIJO|200111416|1|0|1.0|INDIVIDUAL|FIJO|200111416|1|0|1.0|INDIVIDUAL|FIJO|200111416|1|0|1.0|INDIVIDUAL|FIJO|200111416|1|0|1.0|INDIVIDUAL|FIJO|200111416|1|0|1.0|INDIVIDUAL|FIJO|200111416|1|0|1.0|INDIVIDUAL|FIJO|200111416|1|0|1.0|INDIVIDUAL|FIJO|200111416|1|0|1.0|INDIVIDUAL|FIJO|200111416|1|0|1.0|INDIVIDUAL|FIJO|200111416|1|0|1.0|INDIVIDUAL|FIJO|200111416|1|0|1.0|INDIVIDUAL|FIJO|200111416|1|0|1.0
215,INDIVIDUAL|FIJO|200114784|1|0|1.0|INDIVIDUAL|FIJO|200114784|1|0|1.0|INDIVIDUAL|FIJO|200114784|1|0|1.0|INDIVIDUAL|FIJO|200114784|1|0|1.0|INDIVIDUAL|FIJO|200114784|1|0|1.0|INDIVIDUAL|FIJO|200114784|1|0|1.0|INDIVIDUAL|FIJO|200114784|1|0|1.0|INDIVIDUAL|FIJO|200114784|1|0|1.0|INDIVIDUAL|FIJO|200114784|1|0|1.0|INDIVIDUAL|FIJO|200114784|1|0|1.0|INDIVIDUAL|FIJO|200114784|1|0|1.0|INDIVIDUAL|FIJO|200114784|1|0|1.0
216,INDIVIDUAL|FIJO|200100855|1|0|1.0|INDIVIDUAL|FIJO|200100855|1|0|1.0|INDIVIDUAL|FIJO|200100855|1|0|1.0|INDIVIDUAL|FIJO|200100855|1|0|1.0|INDIVIDUAL|FIJO|200100855|1|0|1.0|INDIVIDUAL|FIJO|200100855|1|0|1.0|INDIVIDUAL|FIJO|200100855|1|0|1.0|INDIVIDUAL|FIJO|200100855|1|0|1.0|INDIVIDUAL|FIJO|200100855|1|0|1.0|INDIVIDUAL|FIJO|200100855|1|0|1.0|INDIVIDUAL|FIJO|200100855|1|0|1.0
217,INDIVIDUAL|FIJO|200106488|1|0|1.0|INDIVIDUAL|FIJO|200106488|1|0|1.0|INDIVIDUAL|FIJO|200106488|1|0|1.0|INDIVIDUAL|FIJO|200106488|1|0|1.0|INDIVIDUAL|FIJO|200106488|1|0|1.0|INDIVIDUAL|FIJO|200106488|1|0|1.0|INDIVIDUAL|FIJO|200106488|1|0|1.0|INDIVIDUAL|FIJO|200106488|1|0|1.0|INDIVIDUAL|FIJO|200106488|1|0|1.0|INDIVIDUAL|FIJO|200106488|1|0|1.0|INDIVIDUAL|FIJO|200106488|1|0|1.0|INDIVIDUAL|FIJO|200106488|1|0|1.0
218,INDIVIDUAL|FIJO|200115254|1|0|1.0|INDIVIDUAL|FIJO|200115254|1|0|1.0|INDIVIDUAL|FIJO|200115254|1|0|1.0|INDIVIDUAL|FIJO|200115254|1|0|1.0|INDIVIDUAL|FIJO|200115254|1|0|1.0|INDIVIDUAL|FIJO|200115254|1|0|1.0|INDIVIDUAL|FIJO|200115254|1|0|1.0|INDIVIDUAL|FIJO|200115254|1|0|1.0|INDIVIDUAL|FIJO|200115254|1|0|1.0|INDIVIDUAL|FIJO|200115254|1|0|1.0|INDIVIDUAL|FIJO|200115254|1|0|1.0|INDIVIDUAL|FIJO|200115254|1|0|1.0
219,INDIVIDUAL|FIJO|200111393|1|0|1.0|INDIVIDUAL|FIJO|200111393|1|0|1.0|INDIVIDUAL|FIJO|200111393|1|0|1.0|INDIVIDUAL|FIJO|200111393|1|0|1.0|INDIVIDUAL|FIJO|200111393|1|0|1.0|INDIVIDUAL|FIJO|200111393|1|0|1.0|INDIVIDUAL|FIJO|200111393|1|0|1.0|INDIVIDUAL|FIJO|200111393|1|0|1.0|INDIVIDUAL|FIJO|200111393|1|0|1.0|INDIVIDUAL|FIJO|200111393|1|0|1.0|INDIVIDUAL|FIJO|200111393|1|0|1.0|INDIVIDUAL|FIJO|200111393|1|0|1.0
221,INDIVIDUAL|FIJO|200111412|1|0|1.0|INDIVIDUAL|FIJO|200111412|1|0|1.0|INDIVIDUAL|FIJO|200111412|1|0|1.0|INDIVIDUAL|FIJO|200111412|1|0|1.0|INDIVIDUAL|FIJO|200111412|1|0|1.0|INDIVIDUAL|FIJO|200111412|1|0|1.0|INDIVIDUAL|FIJO|200111412|1|0|1.0|INDIVIDUAL|FIJO|200111412|1|0|1.0|INDIVIDUAL|FIJO|200111412|1|0|1.0|INDIVIDUAL|FIJO|200111412|1|0|1.0|INDIVIDUAL|FIJO|200111412|1|0|1.0|INDIVIDUAL|FIJO|200111412|1|0|1.0
222,INDIVIDUAL|FIJO|200111391|1|0|1.0|INDIVIDUAL|FIJO|200111391|1|0|1.0|INDIVIDUAL|FIJO|200111391|1|0|1.0|INDIVIDUAL|FIJO|200111391|1|0|1.0|INDIVIDUAL|FIJO|200111391|1|0|1.0|INDIVIDUAL|FIJO|200111391|1|0|1.0|INDIVIDUAL|FIJO|200111391|1|0|1.0|INDIVIDUAL|FIJO|200111391|1|0|1.0|INDIVIDUAL|FIJO|200111391|1|0|1.0|INDIVIDUAL|FIJO|200111391|1|0|1.0|INDIVIDUAL|FIJO|200111391|1|0|1.0|INDIVIDUAL|FIJO|200111391|1|0|1.0
223,INDIVIDUAL|FIJO|200108908|1|0|1.0|INDIVIDUAL|FIJO|200108908|1|0|1.0|INDIVIDUAL|FIJO|200108908|1|0|1.0|INDIVIDUAL|FIJO|200108908|1|0|1.0|INDIVIDUAL|FIJO|200108908|1|0|1.0|INDIVIDUAL|FIJO|200108908|1|0|1.0|INDIVIDUAL|FIJO|200108908|1|0|1.0|INDIVIDUAL|FIJO|200108908|1|0|1.0|INDIVIDUAL|FIJO|200108908|1|0|1.0|INDIVIDUAL|FIJO|200108908|1|0|1.0|INDIVIDUAL|FIJO|200108908|1|0|1.0|INDIVIDUAL|FIJO|200108908|1|0|1.0
224,INDIVIDUAL|FIJO|200114529|1|0|1.0|INDIVIDUAL|FIJO|200114529|1|0|1.0|INDIVIDUAL|FIJO|200114529|1|0|1.0|INDIVIDUAL|FIJO|200114529|1|0|1.0|INDIVIDUAL|FIJO|200114529|1|0|1.0|INDIVIDUAL|FIJO|200114529|1|0|1.0|INDIVIDUAL|FIJO|200114529|1|0|1.0|INDIVIDUAL|FIJO|200114529|1|0|1.0|INDIVIDUAL|FIJO|200114529|1|0|1.0|INDIVIDUAL|FIJO|200114529|1|0|1.0|INDIVIDUAL|FIJO|200114529|1|0|1.0|INDIVIDUAL|FIJO|200114529|1|0|1.0
225,INDIVIDUAL|FIJO|210097537|1|0|1.0|INDIVIDUAL|FIJO|210097537|1|0|1.0|INDIVIDUAL|FIJO|210097537|1|0|1.0|INDIVIDUAL|FIJO|210097537|1|0|1.0|INDIVIDUAL|FIJO|210097537|1|0|1.0|INDIVIDUAL|FIJO|210097537|1|0|1.0|INDIVIDUAL|FIJO|210097537|1|0|1.0|INDIVIDUAL|FIJO|210097537|1|0|1.0|INDIVIDUAL|FIJO|210097537|1|0|1.0|INDIVIDUAL|FIJO|210097537|1|0|1.0|INDIVIDUAL|FIJO|210097537|1|0|1.0
226,INDIVIDUAL|FIJO|210097536|1|0|1.0|INDIVIDUAL|FIJO|210097536|1|0|1.0|INDIVIDUAL|FIJO|210097536|1|0|1.0|INDIVIDUAL|FIJO|210097536|1|0|1.0|INDIVIDUAL|FIJO|210097536|1|0|1.0|INDIVIDUAL|FIJO|210097536|1|0|1.0|INDIVIDUAL|FIJO|210097536|1|0|1.0|INDIVIDUAL|FIJO|210097536|1|0|1.0|INDIVIDUAL|FIJO|210097536|1|0|1.0|INDIVIDUAL|FIJO|210097536|1|0|1.0|INDIVIDUAL|FIJO|210097536|1|0|1.0
227,INDIVIDUAL|FIJO|200114150|1|0|1.0|INDIVIDUAL|FIJO|200114150|1|0|1.0|INDIVIDUAL|FIJO|200114150|1|0|1.0|INDIVIDUAL|FIJO|200114150|1|0|1.0|INDIVIDUAL|FIJO|200114150|1|0|1.0|INDIVIDUAL|FIJO|200114150|1|0|1.0|INDIVIDUAL|FIJO|200114150|1|0|1.0|INDIVIDUAL|FIJO|200114150|1|0|1.0|INDIVIDUAL|FIJO|200114150|1|0|1.0|INDIVIDUAL|FIJO|200114150|1|0|1.0|INDIVIDUAL|FIJO|200114150|1|0|1.0
228,INDIVIDUAL|FIJO|200114148|1|0|1.0|INDIVIDUAL|FIJO|200114148|1|0|1.0|INDIVIDUAL|FIJO|200114148|1|0|1.0|INDIVIDUAL|FIJO|200114148|1|0|1.0|INDIVIDUAL|FIJO|200114148|1|0|1.0|INDIVIDUAL|FIJO|200114148|1|0|1.0|INDIVIDUAL|FIJO|200114148|1|0|1.0|INDIVIDUAL|FIJO|200114148|1|0|1.0|INDIVIDUAL|FIJO|200114148|1|0|1.0|INDIVIDUAL|FIJO|200114148|1|0|1.0|INDIVIDUAL|FIJO|200114148|1|0|1.0
229,INDIVIDUAL|FIJO|200109649|1|0|1.0|INDIVIDUAL|FIJO|200109649|1|0|1.0|INDIVIDUAL|FIJO|200109649|1|0|1.0|INDIVIDUAL|FIJO|200109649|1|0|1.0|INDIVIDUAL|FIJO|200109649|1|0|1.0|INDIVIDUAL|FIJO|200109649|1|0|1.0|INDIVIDUAL|FIJO|200109649|1|0|1.0|INDIVIDUAL|FIJO|200109649|1|0|1.0|INDIVIDUAL|FIJO|200109649|1|0|1.0|INDIVIDUAL|FIJO|200109649|1|0|1.0
255,INDIVIDUAL|FIJO|210047500|1|0|1.0|INDIVIDUAL|FIJO|210047500|1|0|1.0|INDIVIDUAL|FIJO|210047500|1|0|1.0|INDIVIDUAL|FIJO|210047500|1|0|1.0|INDIVIDUAL|FIJO|210047500|1|0|1.0|INDIVIDUAL|FIJO|210047500|1|0|1.0|INDIVIDUAL|FIJO|210047500|1|0|1.0|INDIVIDUAL|FIJO|210047500|1|0|1.0|INDIVIDUAL|FIJO|210047500|1|0|1.0|INDIVIDUAL|FIJO|210047500|1|0|1.0|INDIVIDUAL|FIJO|210047500|1|0|1.0|INDIVIDUAL|FIJO|210047500|1|0|1.0
256,INDIVIDUAL|FIJO|210059944|1|0|1.0|INDIVIDUAL|FIJO|210059944|1|0|1.0|INDIVIDUAL|FIJO|210059944|1|0|1.0|INDIVIDUAL|FIJO|210059944|1|0|1.0|INDIVIDUAL|FIJO|210059944|1|0|1.0|INDIVIDUAL|FIJO|210059944|1|0|1.0|INDIVIDUAL|FIJO|210059944|1|0|1.0|INDIVIDUAL|FIJO|210059944|1|0|1.0|INDIVIDUAL|FIJO|210059944|1|0|1.0|INDIVIDUAL|FIJO|210059944|1|0|1.0|INDIVIDUAL|FIJO|210059944|1|0|1.0|INDIVIDUAL|FIJO|210059944|1|0|1.0
257,INDIVIDUAL|FIJO|200067317|1|0|1.0|INDIVIDUAL|FIJO|200067317|1|0|1.0|INDIVIDUAL|FIJO|200067317|1|0|1.0|INDIVIDUAL|FIJO|200067317|1|0|1.0|INDIVIDUAL|FIJO|200067317|1|0|1.0|INDIVIDUAL|FIJO|200067317|1|0|1.0|INDIVIDUAL|FIJO|200067317|1|0|1.0|INDIVIDUAL|FIJO|200067317|1|0|1.0|INDIVIDUAL|FIJO|200067317|1|0|1.0|INDIVIDUAL|FIJO|200067317|1|0|1.0|INDIVIDUAL|FIJO|200067317|1|0|1.0
258,INDIVIDUAL|FIJO|200095922|1|0|1.0|INDIVIDUAL|FIJO|200095922|1|0|1.0|INDIVIDUAL|FIJO|200095922|1|0|1.0|INDIVIDUAL|FIJO|200095922|1|0|1.0|INDIVIDUAL|FIJO|200095922|1|0|1.0|INDIVIDUAL|FIJO|200095922|1|0|1.0|INDIVIDUAL|FIJO|200095922|1|0|1.0|INDIVIDUAL|FIJO|200095922|1|0|1.0|INDIVIDUAL|FIJO|200095922|1|0|1.0|INDIVIDUAL|FIJO|200095922|1|0|1.0|INDIVIDUAL|FIJO|200095922|1|0|1.0
259,INDIVIDUAL|FIJO|200099582|1|0|1.0|INDIVIDUAL|FIJO|200099582|1|0|1.0|INDIVIDUAL|FIJO|200099582|1|0|1.0|INDIVIDUAL|FIJO|200099582|1|0|1.0|INDIVIDUAL|FIJO|200099582|1|0|1.0|INDIVIDUAL|FIJO|200099582|1|0|1.0|INDIVIDUAL|FIJO|200099582|1|0|1.0|INDIVIDUAL|FIJO|200099582|1|0|1.0|INDIVIDUAL|FIJO|200099582|1|0|1.0|INDIVIDUAL|FIJO|200099582|1|0|1.0|INDIVIDUAL|FIJO|200099582|1|0|1.0
260,INDIVIDUAL|FIJO|200095669|1|0|1.0|INDIVIDUAL|FIJO|200095669|1|0|1.0|INDIVIDUAL|FIJO|200095669|1|0|1.0|INDIVIDUAL|FIJO|200095669|1|0|1.0|INDIVIDUAL|FIJO|200095669|1|0|1.0|INDIVIDUAL|FIJO|200095669|1|0|1.0|INDIVIDUAL|FIJO|200095669|1|0|1.0|INDIVIDUAL|FIJO|200095669|1|0|1.0|INDIVIDUAL|FIJO|200095669|1|0|1.0|INDIVIDUAL|FIJO|200095669|1|0|1.0|INDIVIDUAL|FIJO|200095669|1|0|1.0
261,INDIVIDUAL|FIJO|200067292|1|0|1.0|INDIVIDUAL|FIJO|200067292|1|0|1.0|INDIVIDUAL|FIJO|200067292|1|0|1.0|INDIVIDUAL|FIJO|200067292|1|0|1.0|INDIVIDUAL|FIJO|200067292|1|0|1.0|INDIVIDUAL|FIJO|200067292|1|0|1.0|INDIVIDUAL|FIJO|200067292|1|0|1.0|INDIVIDUAL|FIJO|200067292|1|0|1.0|INDIVIDUAL|FIJO|200067292|1|0|1.0|INDIVIDUAL|FIJO|200067292|1|0|1.0|INDIVIDUAL|FIJO|200067292|1|0|1.0
262,INDIVIDUAL|FIJO|200060612|1|0|1.0|INDIVIDUAL|FIJO|200060612|1|0|1.0|INDIVIDUAL|FIJO|200060612|1|0|1.0|INDIVIDUAL|FIJO|200060612|1|0|1.0|INDIVIDUAL|FIJO|200060612|1|0|1.0|INDIVIDUAL|FIJO|200060612|1|0|1.0|INDIVIDUAL|FIJO|200060612|1|0|1.0|INDIVIDUAL|FIJO|200060612|1|0|1.0|INDIVIDUAL|FIJO|200060612|1|0|1.0|INDIVIDUAL|FIJO|200060612|1|0|1.0|INDIVIDUAL|FIJO|200060612|1|0|1.0|INDIVIDUAL|FIJO|200060612|1|0|1.0
263,INDIVIDUAL|FIJO|210047499|1|0|1.0|INDIVIDUAL|FIJO|210047499|1|0|1.0|INDIVIDUAL|FIJO|210047499|1|0|1.0|INDIVIDUAL|FIJO|210047499|1|0|1.0|INDIVIDUAL|FIJO|210047499|1|0|1.0|INDIVIDUAL|FIJO|210047499|1|0|1.0|INDIVIDUAL|FIJO|210047499|1|0|1.0|INDIVIDUAL|FIJO|210047499|1|0|1.0|INDIVIDUAL|FIJO|210047499|1|0|1.0|INDIVIDUAL|FIJO|210047499|1|0|1.0|INDIVIDUAL|FIJO|210047499|1|0|1.0|INDIVIDUAL|FIJO|210047499|1|0|1.0
264,INDIVIDUAL|FIJO|200099083|1|0|1.0|INDIVIDUAL|FIJO|200099083|1|0|1.0|INDIVIDUAL|FIJO|200099083|1|0|1.0|INDIVIDUAL|FIJO|200099083|1|0|1.0|INDIVIDUAL|FIJO|200099083|1|0|1.0|INDIVIDUAL|FIJO|200099083|1|0|1.0|INDIVIDUAL|FIJO|200099083|1|0|1.0|INDIVIDUAL|FIJO|200099083|1|0|1.0|INDIVIDUAL|FIJO|200099083|1|0|1.0|INDIVIDUAL|FIJO|200099083|1|0|1.0|INDIVIDUAL|FIJO|200099083|1|0|1.0
265,INDIVIDUAL|FIJO|200109873|1|0|1.0|INDIVIDUAL|FIJO|200109873|1|0|1.0|INDIVIDUAL|FIJO|200109873|1|0|1.0|INDIVIDUAL|FIJO|200109873|1|0|1.0|INDIVIDUAL|FIJO|200109873|1|0|1.0|INDIVIDUAL|FIJO|200109873|1|0|1.0|INDIVIDUAL|FIJO|200109873|1|0|1.0|INDIVIDUAL|FIJO|200109873|1|0|1.0|INDIVIDUAL|FIJO|200109873|1|0|1.0|INDIVIDUAL|FIJO|200109873|1|0|1.0|INDIVIDUAL|FIJO|200109873|1|0|1.0|INDIVIDUAL|FIJO|200109873|1|0|1.0
266,INDIVIDUAL|FIJO|200114933|1|0|1.0|INDIVIDUAL|FIJO|200114933|1|0|1.0|INDIVIDUAL|FIJO|200114933|1|0|1.0|INDIVIDUAL|FIJO|200114933|1|0|1.0|INDIVIDUAL|FIJO|200114933|1|0|1.0|INDIVIDUAL|FIJO|200114933|1|0|1.0|INDIVIDUAL|FIJO|200114933|1|0|1.0|INDIVIDUAL|FIJO|200114933|1|0|1.0|INDIVIDUAL|FIJO|200114933|1|0|1.0|INDIVIDUAL|FIJO|200114933|1|0|1.0|INDIVIDUAL|FIJO|200114933|1|0|1.0|INDIVIDUAL|FIJO|200114933|1|0|1.0
267,INDIVIDUAL|FIJO|200114911|1|0|1.0|INDIVIDUAL|FIJO|200114911|1|0|1.0|INDIVIDUAL|FIJO|200114911|1|0|1.0|INDIVIDUAL|FIJO|200114911|1|0|1.0|INDIVIDUAL|FIJO|200114911|1|0|1.0|INDIVIDUAL|FIJO|200114911|1|0|1.0|INDIVIDUAL|FIJO|200114911|1|0|1.0|INDIVIDUAL|FIJO|200114911|1|0|1.0|INDIVIDUAL|FIJO|200114911|1|0|1.0|INDIVIDUAL|FIJO|200114911|1|0|1.0|INDIVIDUAL|FIJO|200114911|1|0|1.0|INDIVIDUAL|FIJO|200114911|1|0|1.0
268,INDIVIDUAL|FIJO|200039855|1|0|1.0|INDIVIDUAL|FIJO|200039855|1|0|1.0|INDIVIDUAL|FIJO|200039855|1|0|1.0|INDIVIDUAL|FIJO|200039855|1|0|1.0|INDIVIDUAL|FIJO|200039855|1|0|1.0|INDIVIDUAL|FIJO|200039855|1|0|1.0|INDIVIDUAL|FIJO|200039855|1|0|1.0|INDIVIDUAL|FIJO|200039855|1|0|1.0|INDIVIDUAL|FIJO|200039855|1|0|1.0|INDIVIDUAL|FIJO|200039855|1|0|1.0|INDIVIDUAL|FIJO|200039855|1|0|1.0|INDIVIDUAL|FIJO|200039855|1|0|1.0|INDIVIDUAL|FIJO|200039855|1|0|1.0
269,INDIVIDUAL|FIJO|200060760|1|0|1.0|INDIVIDUAL|FIJO|200060760|1|0|1.0|INDIVIDUAL|FIJO|200060760|1|0|1.0|INDIVIDUAL|FIJO|200060760|1|0|1.0|INDIVIDUAL|FIJO|200060760|1|0|1.0|INDIVIDUAL|FIJO|200060760|1|0|1.0|INDIVIDUAL|FIJO|200060760|1|0|1.0|INDIVIDUAL|FIJO|200060760|1|0|1.0|INDIVIDUAL|FIJO|200060760|1|0|1.0|INDIVIDUAL|FIJO|200060760|1|0|1.0|INDIVIDUAL|FIJO|200060760|1|0|1.0|INDIVIDUAL|FIJO|200060760|1|0|1.0|INDIVIDUAL|FIJO|200060760|1|0|1.0|INDIVIDUAL|FIJO|200060760|1|0|1.0
270,INDIVIDUAL|FIJO|200086172|1|0|1.0|INDIVIDUAL|FIJO|200086172|1|0|1.0|INDIVIDUAL|FIJO|200086172|1|0|1.0|INDIVIDUAL|FIJO|200086172|1|0|1.0|INDIVIDUAL|FIJO|200086172|1|0|1.0|INDIVIDUAL|FIJO|200086172|1|0|1.0|INDIVIDUAL|FIJO|200086172|1|0|1.0|INDIVIDUAL|FIJO|200086172|1|0|1.0|INDIVIDUAL|FIJO|200086172|1|0|1.0|INDIVIDUAL|FIJO|200086172|1|0|1.0|INDIVIDUAL|FIJO|200086172|1|0|1.0|INDIVIDUAL|FIJO|200086172|1|0|1.0|INDIVIDUAL|FIJO|200086172|1|0|1.0
271,INDIVIDUAL|FIJO|200111162|1|0|1.0|INDIVIDUAL|FIJO|200111162|1|0|1.0|INDIVIDUAL|FIJO|200111162|1|0|1.0|INDIVIDUAL|FIJO|200111162|1|0|1.0|INDIVIDUAL|FIJO|200111162|1|0|1.0|INDIVIDUAL|FIJO|200111162|1|0|1.0|INDIVIDUAL|FIJO|200111162|1|0|1.0|INDIVIDUAL|FIJO|200111162|1|0|1.0|INDIVIDUAL|FIJO|200111162|1|0|1.0|INDIVIDUAL|FIJO|200111162|1|0|1.0|INDIVIDUAL|FIJO|200111162|1|0|1.0|INDIVIDUAL|FIJO|200111162|1|0|1.0
272,INDIVIDUAL|FIJO|200115540|1|0|1.0|INDIVIDUAL|FIJO|200115540|1|0|1.0|INDIVIDUAL|FIJO|200115540|1|0|1.0|INDIVIDUAL|FIJO|200115540|1|0|1.0|INDIVIDUAL|FIJO|200115540|1|0|1.0|INDIVIDUAL|FIJO|200115540|1|0|1.0|INDIVIDUAL|FIJO|200115540|1|0|1.0|INDIVIDUAL|FIJO|200115540|1|0|1.0|INDIVIDUAL|FIJO|200115540|1|0|1.0|INDIVIDUAL|FIJO|200115540|1|0|1.0|INDIVIDUAL|FIJO|200115540|1|0|1.0|INDIVIDUAL|FIJO|200115540|1|0|1.0
273,INDIVIDUAL|FIJO|200106360|1|0|1.0|INDIVIDUAL|FIJO|200106360|1|0|1.0|INDIVIDUAL|FIJO|200106360|1|0|1.0|INDIVIDUAL|FIJO|200106360|1|0|1.0|INDIVIDUAL|FIJO|200106360|1|0|1.0|INDIVIDUAL|FIJO|200106360|1|0|1.0|INDIVIDUAL|FIJO|200106360|1|0|1.0|INDIVIDUAL|FIJO|200106360|1|0|1.0|INDIVIDUAL|FIJO|200106360|1|0|1.0|INDIVIDUAL|FIJO|200106360|1|0|1.0|INDIVIDUAL|FIJO|200106360|1|0|1.0|INDIVIDUAL|FIJO|200106360|1|0|1.0
274,INDIVIDUAL|FIJO|200041664|1|0|1.0|INDIVIDUAL|FIJO|200041664|1|0|1.0|INDIVIDUAL|FIJO|200041664|1|0|1.0|INDIVIDUAL|FIJO|200041664|1|0|1.0|INDIVIDUAL|FIJO|200041664|1|0|1.0|INDIVIDUAL|FIJO|200041664|1|0|1.0|INDIVIDUAL|FIJO|200041664|1|0|1.0|INDIVIDUAL|FIJO|200041664|1|0|1.0|INDIVIDUAL|FIJO|200041664|1|0|1.0|INDIVIDUAL|FIJO|200041664|1|0|1.0|INDIVIDUAL|FIJO|200041664|1|0|1.0|INDIVIDUAL|FIJO|200041664|1|0|1.0
275,INDIVIDUAL|FIJO|200041665|1|0|1.0|INDIVIDUAL|FIJO|200041665|1|0|1.0|INDIVIDUAL|FIJO|200041665|1|0|1.0|INDIVIDUAL|FIJO|200041665|1|0|1.0|INDIVIDUAL|FIJO|200041665|1|0|1.0|INDIVIDUAL|FIJO|200041665|1|0|1.0|INDIVIDUAL|FIJO|200041665|1|0|1.0|INDIVIDUAL|FIJO|200041665|1|0|1.0|INDIVIDUAL|FIJO|200041665|1|0|1.0|INDIVIDUAL|FIJO|200041665|1|0|1.0|INDIVIDUAL|FIJO|200041665|1|0|1.0|INDIVIDUAL|FIJO|200041665|1|0|1.0
276,INDIVIDUAL|FIJO|200092025|1|0|1.0|INDIVIDUAL|FIJO|200092025|1|0|1.0|INDIVIDUAL|FIJO|200092025|1|0|1.0|INDIVIDUAL|FIJO|200092025|1|0|1.0|INDIVIDUAL|FIJO|200092025|1|0|1.0|INDIVIDUAL|FIJO|200092025|1|0|1.0|INDIVIDUAL|FIJO|200092025|1|0|1.0|INDIVIDUAL|FIJO|200092025|1|0|1.0|INDIVIDUAL|FIJO|200092025|1|0|1.0|INDIVIDUAL|FIJO|200092025|1|0|1.0|INDIVIDUAL|FIJO|200092025|1|0|1.0|INDIVIDUAL|FIJO|200092025|1|0|1.0
277,INDIVIDUAL|FIJO|200095182|1|0|1.0|INDIVIDUAL|FIJO|200095182|1|0|1.0|INDIVIDUAL|FIJO|200095182|1|0|1.0|INDIVIDUAL|FIJO|200095182|1|0|1.0|INDIVIDUAL|FIJO|200095182|1|0|1.0|INDIVIDUAL|FIJO|200095182|1|0|1.0|INDIVIDUAL|FIJO|200095182|1|0|1.0|INDIVIDUAL|FIJO|200095182|1|0|1.0|INDIVIDUAL|FIJO|200095182|1|0|1.0|INDIVIDUAL|FIJO|200095182|1|0|1.0|INDIVIDUAL|FIJO|200095182|1|0|1.0|INDIVIDUAL|FIJO|200095182|1|0|1.0
278,INDIVIDUAL|FIJO|200095157|1|0|1.0|INDIVIDUAL|FIJO|200095157|1|0|1.0|INDIVIDUAL|FIJO|200095157|1|0|1.0|INDIVIDUAL|FIJO|200095157|1|0|1.0|INDIVIDUAL|FIJO|200095157|1|0|1.0|INDIVIDUAL|FIJO|200095157|1|0|1.0|INDIVIDUAL|FIJO|200095157|1|0|1.0|INDIVIDUAL|FIJO|200095157|1|0|1.0|INDIVIDUAL|FIJO|200095157|1|0|1.0|INDIVIDUAL|FIJO|200095157|1|0|1.0|INDIVIDUAL|FIJO|200095157|1|0|1.0|INDIVIDUAL|FIJO|200095157|1|0|1.0
279,INDIVIDUAL|FIJO|200060872|1|0|1.0|INDIVIDUAL|FIJO|200060872|1|0|1.0|INDIVIDUAL|FIJO|200060872|1|0|1.0|INDIVIDUAL|FIJO|200060872|1|0|1.0|INDIVIDUAL|FIJO|200060872|1|0|1.0|INDIVIDUAL|FIJO|200060872|1|0|1.0|INDIVIDUAL|FIJO|200060872|1|0|1.0|INDIVIDUAL|FIJO|200060872|1|0|1.0|INDIVIDUAL|FIJO|200060872|1|0|1.0|INDIVIDUAL|FIJO|200060872|1|0|1.0|INDIVIDUAL|FIJO|200060872|1|0|1.0|INDIVIDUAL|FIJO|200060872|1|0|1.0
280,INDIVIDUAL|FIJO|200116590|1|0|1.0|INDIVIDUAL|FIJO|200116590|1|0|1.0|INDIVIDUAL|FIJO|200116590|1|0|1.0|INDIVIDUAL|FIJO|200116590|1|0|1.0|INDIVIDUAL|FIJO|200116590|1|0|1.0|INDIVIDUAL|FIJO|200116590|1|0|1.0|INDIVIDUAL|FIJO|200116590|1|0|1.0|INDIVIDUAL|FIJO|200116590|1|0|1.0|INDIVIDUAL|FIJO|200116590|1|0|1.0|INDIVIDUAL|FIJO|200116590|1|0|1.0|INDIVIDUAL|FIJO|200116590|1|0|1.0|INDIVIDUAL|FIJO|200116590|1|0|1.0
281,INDIVIDUAL|FIJO|200101481|1|0|1.0|INDIVIDUAL|FIJO|200101481|1|0|1.0|INDIVIDUAL|FIJO|200101481|1|0|1.0|INDIVIDUAL|FIJO|200101481|1|0|1.0|INDIVIDUAL|FIJO|200101481|1|0|1.0|INDIVIDUAL|FIJO|200101481|1|0|1.0|INDIVIDUAL|FIJO|200101481|1|0|1.0|INDIVIDUAL|FIJO|200101481|1|0|1.0|INDIVIDUAL|FIJO|200101481|1|0|1.0|INDIVIDUAL|FIJO|200101481|1|0|1.0|INDIVIDUAL|FIJO|200101481|1|0|1.0|INDIVIDUAL|FIJO|200101481|1|0|1.0
282,INDIVIDUAL|FIJO|200058607|1|0|1.0|INDIVIDUAL|FIJO|200058607|1|0|1.0|INDIVIDUAL|FIJO|200058607|1|0|1.0|INDIVIDUAL|FIJO|200058607|1|0|1.0|INDIVIDUAL|FIJO|200058607|1|0|1.0|INDIVIDUAL|FIJO|200058607|1|0|1.0|INDIVIDUAL|FIJO|200058607|1|0|1.0|INDIVIDUAL|FIJO|200058607|1|0|1.0|INDIVIDUAL|FIJO|200058607|1|0|1.0|INDIVIDUAL|FIJO|200058607|1|0|1.0|INDIVIDUAL|FIJO|200058607|1|0|1.0|INDIVIDUAL|FIJO|200058607|1|0|1.0
283,INDIVIDUAL|FIJO|200060357|1|0|1.0|INDIVIDUAL|FIJO|200060357|1|0|1.0|INDIVIDUAL|FIJO|200060357|1|0|1.0|INDIVIDUAL|FIJO|200060357|1|0|1.0|INDIVIDUAL|FIJO|200060357|1|0|1.0|INDIVIDUAL|FIJO|200060357|1|0|1.0|INDIVIDUAL|FIJO|200060357|1|0|1.0|INDIVIDUAL|FIJO|200060357|1|0|1.0|INDIVIDUAL|FIJO|200060357|1|0|1.0|INDIVIDUAL|FIJO|200060357|1|0|1.0|INDIVIDUAL|FIJO|200060357|1|0|1.0|INDIVIDUAL|FIJO|200060357|1|0|1.0
284,INDIVIDUAL|FIJO|200072593|1|0|1.0|INDIVIDUAL|FIJO|200072593|1|0|1.0|INDIVIDUAL|FIJO|200072593|1|0|1.0|INDIVIDUAL|FIJO|200072593|1|0|1.0|INDIVIDUAL|FIJO|200072593|1|0|1.0|INDIVIDUAL|FIJO|200072593|1|0|1.0|INDIVIDUAL|FIJO|200072593|1|0|1.0|INDIVIDUAL|FIJO|200072593|1|0|1.0|INDIVIDUAL|FIJO|200072593|1|0|1.0|INDIVIDUAL|FIJO|200072593|1|0|1.0|INDIVIDUAL|FIJO|200072593|1|0|1.0|INDIVIDUAL|FIJO|200072593|1|0|1.0
285,INDIVIDUAL|FIJO|200049918|1|0|1.0|INDIVIDUAL|FIJO|200049918|1|0|1.0|INDIVIDUAL|FIJO|200049918|1|0|1.0|INDIVIDUAL|FIJO|200049918|1|0|1.0|INDIVIDUAL|FIJO|200049918|1|0|1.0|INDIVIDUAL|FIJO|200049918|1|0|1.0|INDIVIDUAL|FIJO|200049918|1|0|1.0|INDIVIDUAL|FIJO|200049918|1|0|1.0|INDIVIDUAL|FIJO|200049918|1|0|1.0|INDIVIDUAL|FIJO|200049918|1|0|1.0|INDIVIDUAL|FIJO|200049918|1|0|1.0|INDIVIDUAL|FIJO|200049918|1|0|1.0
286,INDIVIDUAL|FIJO|200094936|1|0|1.0|INDIVIDUAL|FIJO|200094936|1|0|1.0|INDIVIDUAL|FIJO|200094936|1|0|1.0|INDIVIDUAL|FIJO|200094936|1|0|1.0|INDIVIDUAL|FIJO|200094936|1|0|1.0|INDIVIDUAL|FIJO|200094936|1|0|1.0|INDIVIDUAL|FIJO|200094936|1|0|1.0|INDIVIDUAL|FIJO|200094936|1|0|1.0|INDIVIDUAL|FIJO|200094936|1|0|1.0|INDIVIDUAL|FIJO|200094936|1|0|1.0|INDIVIDUAL|FIJO|200094936|1|0|1.0|INDIVIDUAL|FIJO|200094936|1|0|1.0|INDIVIDUAL|FIJO|200094936|1|0|1.0
287,INDIVIDUAL|FIJO|200099686|1|0|1.0|INDIVIDUAL|FIJO|200099686|1|0|1.0|INDIVIDUAL|FIJO|200099686|1|0|1.0|INDIVIDUAL|FIJO|200099686|1|0|1.0|INDIVIDUAL|FIJO|200099686|1|0|1.0|INDIVIDUAL|FIJO|200099686|1|0|1.0|INDIVIDUAL|FIJO|200099686|1|0|1.0|INDIVIDUAL|FIJO|200099686|1|0|1.0|INDIVIDUAL|FIJO|200099686|1|0|1.0|INDIVIDUAL|FIJO|200099686|1|0|1.0|INDIVIDUAL|FIJO|200099686|1|0|1.0|INDIVIDUAL|FIJO|200099686|1|0|1.0
288,INDIVIDUAL|FIJO|200094937|1|0|1.0|INDIVIDUAL|FIJO|200094937|1|0|1.0|INDIVIDUAL|FIJO|200094937|1|0|1.0|INDIVIDUAL|FIJO|200094937|1|0|1.0|INDIVIDUAL|FIJO|200094937|1|0|1.0|INDIVIDUAL|FIJO|200094937|1|0|1.0|INDIVIDUAL|FIJO|200094937|1|0|1.0|INDIVIDUAL|FIJO|200094937|1|0|1.0|INDIVIDUAL|FIJO|200094937|1|0|1.0|INDIVIDUAL|FIJO|200094937|1|0|1.0|INDIVIDUAL|FIJO|200094937|1|0|1.0|INDIVIDUAL|FIJO|200094937|1|0|1.0
289,INDIVIDUAL|FIJO|200094941|1|0|1.0|INDIVIDUAL|FIJO|200094941|1|0|1.0|INDIVIDUAL|FIJO|200094941|1|0|1.0|INDIVIDUAL|FIJO|200094941|1|0|1.0|INDIVIDUAL|FIJO|200094941|1|0|1.0|INDIVIDUAL|FIJO|200094941|1|0|1.0|INDIVIDUAL|FIJO|200094941|1|0|1.0|INDIVIDUAL|FIJO|200094941|1|0|1.0|INDIVIDUAL|FIJO|200094941|1|0|1.0|INDIVIDUAL|FIJO|200094941|1|0|1.0|INDIVIDUAL|FIJO|200094941|1|0|1.0|INDIVIDUAL|FIJO|200094941|1|0|1.0|INDIVIDUAL|FIJO|200094941|1|0|1.0
290,INDIVIDUAL|FIJO|200099688|1|0|1.0|INDIVIDUAL|FIJO|200099688|1|0|1.0|INDIVIDUAL|FIJO|200099688|1|0|1.0|INDIVIDUAL|FIJO|200099688|1|0|1.0|INDIVIDUAL|FIJO|200099688|1|0|1.0|INDIVIDUAL|FIJO|200099688|1|0|1.0|INDIVIDUAL|FIJO|200099688|1|0|1.0|INDIVIDUAL|FIJO|200099688|1|0|1.0|INDIVIDUAL|FIJO|200099688|1|0|1.0|INDIVIDUAL|FIJO|200099688|1|0|1.0|INDIVIDUAL|FIJO|200099688|1|0|1.0|INDIVIDUAL|FIJO|200099688|1|0|1.0
291,INDIVIDUAL|VARIABLE|P0132060000|1|0|1.0|INDIVIDUAL|VARIABLE|P0132060000|1|0|1.0|INDIVIDUAL|VARIABLE|P0132060000|1|0|1.0|INDIVIDUAL|VARIABLE|P0132060000|1|0|1.0|INDIVIDUAL|VARIABLE|P0132060000|1|0|1.0|INDIVIDUAL|VARIABLE|P0132060000|1|0|1.0|INDIVIDUAL|VARIABLE|P0132060000|1|0|1.0|INDIVIDUAL|VARIABLE|P0132060000|1|0|1.0|INDIVIDUAL|VARIABLE|P0132060000|1|0|1.0|INDIVIDUAL|VARIABLE|P0132060000|1|0|1.0|INDIVIDUAL|VARIABLE|P0132060000|1|0|1.0|INDIVIDUAL|VARIABLE|P0132060000|1|0|1.0|INDIVIDUAL|VARIABLE|P0132060000|1|0|1.0|INDIVIDUAL|VARIABLE|P0132060000|1|0|1.0|INDIVIDUAL|VARIABLE|P0132060000|1|0|1.0|INDIVIDUAL|VARIABLE|P0132060000|1|0|1.0|INDIVIDUAL|VARIABLE|P0132060000|1|0|1.0|INDIVIDUAL|VARIABLE|P0132060000|1|0|1.0|INDIVIDUAL|VARIABLE|P0132060000|1|0|1.0|INDIVIDUAL|VARIABLE|P0132060000|1|0|1.0|INDIVIDUAL|VARIABLE|P0132060000|1|0|1.0|INDIVIDUAL|VARIABLE|P0132060000|1|0|1.0|INDIVIDUAL|VARIABLE|P0132060000|1|0|1.0|INDIVIDUAL|VARIABLE|P0132060000|1|0|1.0
292,INDIVIDUAL|VARIABLE|P0132061007|1|0|1.0|INDIVIDUAL|VARIABLE|P0132061007|1|0|1.0|INDIVIDUAL|VARIABLE|P0132061007|1|0|1.0|INDIVIDUAL|VARIABLE|P0132061007|1|0|1.0|INDIVIDUAL|VARIABLE|P0132061007|1|0|1.0|INDIVIDUAL|VARIABLE|P0132061007|1|0|1.0|INDIVIDUAL|VARIABLE|P0132061007|1|0|1.0|INDIVIDUAL|VARIABLE|P0132061007|1|0|1.0|INDIVIDUAL|VARIABLE|P0132061007|1|0|1.0|INDIVIDUAL|VARIABLE|P0132061007|1|0|1.0|INDIVIDUAL|VARIABLE|P0132061007|1|0|1.0|INDIVIDUAL|VARIABLE|P0132061007|1|0|1.0|INDIVIDUAL|VARIABLE|P0132061007|1|0|1.0|INDIVIDUAL|VARIABLE|P0132061007|1|0|1.0|INDIVIDUAL|VARIABLE|P0132061007|1|0|1.0|INDIVIDUAL|VARIABLE|P0132061007|1|0|1.0|INDIVIDUAL|VARIABLE|P0132061007|1|0|1.0|INDIVIDUAL|VARIABLE|P0132061007|1|0|1.0|INDIVIDUAL|VARIABLE|P0132061007|1|0|1.0|INDIVIDUAL|VARIABLE|P0132061007|1|0|1.0|INDIVIDUAL|VARIABLE|P0132061007|1|0|1.0|INDIVIDUAL|VARIABLE|P0132061007|1|0|1.0|INDIVIDUAL|VARIABLE|P0132061007|1|0|1.0|INDIVIDUAL|VARIABLE|P0132061007|1|0|1.0|INDIVIDUAL|VARIABLE|P0132061007|1|0|1.0|INDIVIDUAL|VARIABLE|P0132061007|1|0|1.0|INDIVIDUAL|VARIABLE|P0132061007|1|0|1.0|INDIVIDUAL|VARIABLE|P0132061007|1|0|1.0|INDIVIDUAL|VARIABLE|P0132061007|1|0|1.0|INDIVIDUAL|VARIABLE|P0132061007|1|0|1.0|INDIVIDUAL|VARIABLE|P0132061007|1|0|1.0|INDIVIDUAL|VARIABLE|P0132061007|1|0|1.0|INDIVIDUAL|VARIABLE|P0132061007|1|0|1.0|INDIVIDUAL|VARIABLE|P0132061007|1|0|1.0|INDIVIDUAL|VARIABLE|P0132061007|1|0|1.0|INDIVIDUAL|VARIABLE|P0132061007|1|0|1.0
293,INDIVIDUAL|VARIABLE|P0132062000|1|0|1.0|INDIVIDUAL|VARIABLE|P0132062000|1|0|1.0|INDIVIDUAL|VARIABLE|P0132062000|1|0|1.0|INDIVIDUAL|VARIABLE|P0132062000|1|0|1.0|INDIVIDUAL|VARIABLE|P0132062000|1|0|1.0|INDIVIDUAL|VARIABLE|P0132062000|1|0|1.0|INDIVIDUAL|VARIABLE|P0132062000|1|0|1.0|INDIVIDUAL|VARIABLE|P0132062000|1|0|1.0|INDIVIDUAL|VARIABLE|P0132062000|1|0|1.0|INDIVIDUAL|VARIABLE|P0132062000|1|0|1.0|INDIVIDUAL|VARIABLE|P0132062000|1|0|1.0|INDIVIDUAL|VARIABLE|P0132062000|1|0|1.0|INDIVIDUAL|VARIABLE|P0132062000|1|0|1.0|INDIVIDUAL|VARIABLE|P0132062000|1|0|1.0|INDIVIDUAL|VARIABLE|P0132062000|1|0|1.0|INDIVIDUAL|VARIABLE|P0132062000|1|0|1.0|INDIVIDUAL|VARIABLE|P0132062000|1|0|1.0|INDIVIDUAL|VARIABLE|P0132062000|1|0|1.0|INDIVIDUAL|VARIABLE|P0132062000|1|0|1.0|INDIVIDUAL|VARIABLE|P0132062000|1|0|1.0|INDIVIDUAL|VARIABLE|P0132062000|1|0|1.0|INDIVIDUAL|VARIABLE|P0132062000|1|0|1.0|INDIVIDUAL|VARIABLE|P0132062000|1|0|1.0|INDIVIDUAL|VARIABLE|P0132062000|1|0|1.0|INDIVIDUAL|VARIABLE|P0132062000|1|0|1.0|INDIVIDUAL|VARIABLE|P0132062000|1|0|1.0|INDIVIDUAL|VARIABLE|P0132062000|1|0|1.0|INDIVIDUAL|VARIABLE|P0132062000|1|0|1.0|INDIVIDUAL|VARIABLE|P0132062000|1|0|1.0|INDIVIDUAL|VARIABLE|P0132062000|1|0|1.0|INDIVIDUAL|VARIABLE|P0132062000|1|0|1.0|INDIVIDUAL|VARIABLE|P0132062000|1|0|1.0|INDIVIDUAL|VARIABLE|P0132062000|1|0|1.0|INDIVIDUAL|VARIABLE|P0132062000|1|0|1.0|INDIVIDUAL|VARIABLE|P0132062000|1|0|1.0|INDIVIDUAL|VARIABLE|P0132062000|1|0|1.0|INDIVIDUAL|VARIABLE|P0132062000|1|0|1.0|INDIVIDUAL|VARIABLE|P0132062000|1|0|1.0|INDIVIDUAL|VARIABLE|P0132062000|1|0|1.0|INDIVIDUAL|VARIABLE|P0132062000|1|0|1.0|INDIVIDUAL|VARIABLE|P0132062000|1|0|1.0|INDIVIDUAL|VARIABLE|P0132062000|1|0|1.0|INDIVIDUAL|VARIABLE|P0132062000|1|0|1.0|INDIVIDUAL|VARIABLE|P0132062000|1|0|1.0|INDIVIDUAL|VARIABLE|P0132062000|1|0|1.0|INDIVIDUAL|VARIABLE|P0132062000|1|0|1.0|INDIVIDUAL|VARIABLE|P0132062000|1|0|1.0|INDIVIDUAL|VARIABLE|P0132062000|1|0|1.0|INDIVIDUAL|VARIABLE|P0132062000|1|0|1.0|INDIVIDUAL|VARIABLE|P0132062000|1|0|1.0|INDIVIDUAL|VARIABLE|P0132062000|1|0|1.0|INDIVIDUAL|VARIABLE|P0132062000|1|0|1.0|INDIVIDUAL|VARIABLE|P0132062000|1|0|1.0|INDIVIDUAL|VARIABLE|P0132062000|1|0|1.0|INDIVIDUAL|VARIABLE|P0132062000|1|0|1.0|INDIVIDUAL|VARIABLE|P0132062000|1|0|1.0|INDIVIDUAL|VARIABLE|P0132062000|1|0|1.0|INDIVIDUAL|VARIABLE|P0132062000|1|0|1.0|INDIVIDUAL|VARIABLE|P0132062000|1|0|1.0|INDIVIDUAL|VARIABLE|P0132062000|1|0|1.0|INDIVIDUAL|VARIABLE|P0132062000|1|0|1.0|INDIVIDUAL|VARIABLE|P0132062000|1|0|1.0|INDIVIDUAL|VARIABLE|P0132062000|1|0|1.0|INDIVIDUAL|VARIABLE|P0132062000|1|0|1.0|INDIVIDUAL|VARIABLE|P0132062000|1|0|1.0|INDIVIDUAL|VARIABLE|P0132062000|1|0|1.0|INDIVIDUAL|VARIABLE|P0132062000|1|0|1.0|INDIVIDUAL|VARIABLE|P0132062000|1|0|1.0|INDIVIDUAL|VARIABLE|P0132062000|1|0|1.0|INDIVIDUAL|VARIABLE|P0132062000|1|0|1.0|INDIVIDUAL|VARIABLE|P0132062000|1|0|1.0|INDIVIDUAL|VARIABLE|P0132062000|1|0|1.0|INDIVIDUAL|VARIABLE|P0132062000|1|0|1.0|INDIVIDUAL|VARIABLE|P0132062000|1|0|1.0|INDIVIDUAL|VARIABLE|P0132062000|1|0|1.0|INDIVIDUAL|VARIABLE|P0132062000|1|0|1.0|INDIVIDUAL|VARIABLE|P0132062000|1|0|1.0|INDIVIDUAL|VARIABLE|P0132062000|1|0|1.0|INDIVIDUAL|VARIABLE|P0132062000|1|0|1.0|INDIVIDUAL|VARIABLE|P0132062000|1|0|1.0|INDIVIDUAL|VARIABLE|P0132062000|1|0|1.0|INDIVIDUAL|VARIABLE|P0132062000|1|0|1.0|INDIVIDUAL|VARIABLE|P0132062000|1|0|1.0|INDIVIDUAL|VARIABLE|P0132062000|1|0|1.0|INDIVIDUAL|VARIABLE|P0132062000|1|0|1.0|INDIVIDUAL|VARIABLE|P0132062000|1|0|1.0|INDIVIDUAL|VARIABLE|P0132062000|1|0|1.0|INDIVIDUAL|VARIABLE|P0132062000|1|0|1.0|INDIVIDUAL|VARIABLE|P0132062000|1|0|1.0|INDIVIDUAL|VARIABLE|P0132062000|1|0|1.0|INDIVIDUAL|VARIABLE|P0132062000|1|0|1.0|INDIVIDUAL|VARIABLE|P0132062000|1|0|1.0|INDIVIDUAL|VARIABLE|P0132062000|1|0|1.0|INDIVIDUAL|VARIABLE|P0132062000|1|0|1.0|INDIVIDUAL|VARIABLE|P0132062000|1|0|1.0|INDIVIDUAL|VARIABLE|P0132062000|1|0|1.0|INDIVIDUAL|VARIABLE|P0132062000|1|0|1.0|INDIVIDUAL|VARIABLE|P0132062000|1|0|1.0|INDIVIDUAL|VARIABLE|P0132062000|1|0|1.0|INDIVIDUAL|VARIABLE|P0132062000|1|0|1.0|INDIVIDUAL|VARIABLE|P0132062000|1|0|1.0|INDIVIDUAL|VARIABLE|P0132062000|1|0|1.0|INDIVIDUAL|VARIABLE|P0132062000|1|0|1.0|INDIVIDUAL|VARIABLE|P0132062000|1|0|1.0|INDIVIDUAL|VARIABLE|P0132062000|1|0|1.0|INDIVIDUAL|VARIABLE|P0132062000|1|0|1.0|INDIVIDUAL|VARIABLE|P0132062000|1|0|1.0|INDIVIDUAL|VARIABLE|P0132062000|1|0|1.0|INDIVIDUAL|VARIABLE|P0132062000|1|0|1.0|INDIVIDUAL|VARIABLE|P0132062000|1|0|1.0|INDIVIDUAL|VARIABLE|P0132062000|1|0|1.0|INDIVIDUAL|VARIABLE|P0132062000|1|0|1.0|INDIVIDUAL|VARIABLE|P0132062000|1|0|1.0|INDIVIDUAL|VARIABLE|P0132062000|1|0|1.0|INDIVIDUAL|VARIABLE|P0132062000|1|0|1.0|INDIVIDUAL|VARIABLE|P0132062000|1|0|1.0|INDIVIDUAL|VARIABLE|P0132062000|1|0|1.0|INDIVIDUAL|VARIABLE|P0132062000|1|0|1.0|INDIVIDUAL|VARIABLE|P0132062000|1|0|1.0|INDIVIDUAL|VARIABLE|P0132062000|1|0|1.0|INDIVIDUAL|VARIABLE|P0132062000|1|0|1.0|INDIVIDUAL|VARIABLE|P0132062000|1|0|1.0|INDIVIDUAL|VARIABLE|P0132062000|1|0|1.0|INDIVIDUAL|VARIABLE|P0132062000|1|0|1.0|INDIVIDUAL|VARIABLE|P0132062000|1|0|1.0|INDIVIDUAL|VARIABLE|P0132062000|1|0|1.0|INDIVIDUAL|VARIABLE|P0132062000|1|0|1.0|INDIVIDUAL|VARIABLE|P0132062000|1|0|1.0|INDIVIDUAL|VARIABLE|P0132062000|1|0|1.0|INDIVIDUAL|VARIABLE|P0132062000|1|0|1.0|INDIVIDUAL|VARIABLE|P0132062000|1|0|1.0|INDIVIDUAL|VARIABLE|P0132062000|1|0|1.0|INDIVIDUAL|VARIABLE|P0132062000|1|0|1.0|INDIVIDUAL|VARIABLE|P0132062000|1|0|1.0|INDIVIDUAL|VARIABLE|P0132062000|1|0|1.0|INDIVIDUAL|VARIABLE|P0132062000|1|0|1.0|INDIVIDUAL|VARIABLE|P0132062000|1|0|1.0|INDIVIDUAL|VARIABLE|P0132062000|1|0|1.0|INDIVIDUAL|VARIABLE|P0132062000|1|0|1.0|INDIVIDUAL|VARIABLE|P0132062000|1|0|1.0|INDIVIDUAL|VARIABLE|P0132062000|1|0|1.0|INDIVIDUAL|VARIABLE|P0132062000|1|0|1.0|INDIVIDUAL|VARIABLE|P0132062000|1|0|1.0|INDIVIDUAL|VARIABLE|P0132062000|1|0|1.0|INDIVIDUAL|VARIABLE|P0132062000|1|0|1.0|INDIVIDUAL|VARIABLE|P0132062000|1|0|1.0|INDIVIDUAL|VARIABLE|P0132062000|1|0|1.0|INDIVIDUAL|VARIABLE|P0132062000|1|0|1.0|INDIVIDUAL|VARIABLE|P0132062000|1|0|1.0|INDIVIDUAL|VARIABLE|P0132062000|1|0|1.0|INDIVIDUAL|VARIABLE|P0132062000|1|0|1.0|INDIVIDUAL|VARIABLE|P0132062000|1|0|1.0|INDIVIDUAL|VARIABLE|P0132062000|1|0|1.0|INDIVIDUAL|VARIABLE|P0132062000|1|0|1.0|INDIVIDUAL|VARIABLE|P0132062000|1|0|1.0|INDIVIDUAL|VARIABLE|P0132062000|1|0|1.0|INDIVIDUAL|VARIABLE|P0132062000|1|0|1.0|INDIVIDUAL|VARIABLE|P0132062000|1|0|1.0|INDIVIDUAL|VARIABLE|P0132062000|1|0|1.0|INDIVIDUAL|VARIABLE|P0132062000|1|0|1.0|INDIVIDUAL|VARIABLE|P0132062000|1|0|1.0|INDIVIDUAL|VARIABLE|P0132062000|1|0|1.0|INDIVIDUAL|VARIABLE|P0132062000|1|0|1.0|INDIVIDUAL|VARIABLE|P0132062000|1|0|1.0|INDIVIDUAL|VARIABLE|P0132062000|1|0|1.0|INDIVIDUAL|VARIABLE|P0132062000|1|0|1.0|INDIVIDUAL|VARIABLE|P0132062000|1|0|1.0|INDIVIDUAL|VARIABLE|P0132062000|1|0|1.0
294,INDIVIDUAL|VARIABLE|P0132066002|1|0|1.0|INDIVIDUAL|VARIABLE|P0132066002|1|0|1.0|INDIVIDUAL|VARIABLE|P0132066002|1|0|1.0|INDIVIDUAL|VARIABLE|P0132066002|1|0|1.0|INDIVIDUAL|VARIABLE|P0132066002|1|0|1.0|INDIVIDUAL|VARIABLE|P0132066002|1|0|1.0|INDIVIDUAL|VARIABLE|P0132066002|1|0|1.0|INDIVIDUAL|VARIABLE|P0132066002|1|0|1.0|INDIVIDUAL|VARIABLE|P0132066002|1|0|1.0|INDIVIDUAL|VARIABLE|P0132066002|1|0|1.0|INDIVIDUAL|VARIABLE|P0132066002|1|0|1.0|INDIVIDUAL|VARIABLE|P0132066002|1|0|1.0|INDIVIDUAL|VARIABLE|P0132066002|1|0|1.0|INDIVIDUAL|VARIABLE|P0132066002|1|0|1.0|INDIVIDUAL|VARIABLE|P0132066002|1|0|1.0|INDIVIDUAL|VARIABLE|P0132066002|1|0|1.0|INDIVIDUAL|VARIABLE|P0132066002|1|0|1.0|INDIVIDUAL|VARIABLE|P0132066002|1|0|1.0|INDIVIDUAL|VARIABLE|P0132066002|1|0|1.0|INDIVIDUAL|VARIABLE|P0132066002|1|0|1.0|INDIVIDUAL|VARIABLE|P0132066002|1|0|1.0|INDIVIDUAL|VARIABLE|P0132066002|1|0|1.0|INDIVIDUAL|VARIABLE|P0132066002|1|0|1.0|INDIVIDUAL|VARIABLE|P0132066002|1|0|1.0|INDIVIDUAL|VARIABLE|P0132066002|1|0|1.0|INDIVIDUAL|VARIABLE|P0132066002|1|0|1.0|INDIVIDUAL|VARIABLE|P0132066002|1|0|1.0|INDIVIDUAL|VARIABLE|P0132066002|1|0|1.0|INDIVIDUAL|VARIABLE|P0132066002|1|0|1.0|INDIVIDUAL|VARIABLE|P0132066002|1|0|1.0|INDIVIDUAL|VARIABLE|P0132066002|1|0|1.0|INDIVIDUAL|VARIABLE|P0132066002|1|0|1.0|INDIVIDUAL|VARIABLE|P0132066002|1|0|1.0|INDIVIDUAL|VARIABLE|P0132066002|1|0|1.0|INDIVIDUAL|VARIABLE|P0132066002|1|0|1.0|INDIVIDUAL|VARIABLE|P0132066002|1|0|1.0|INDIVIDUAL|VARIABLE|P0132066002|1|0|1.0|INDIVIDUAL|VARIABLE|P0132066002|1|0|1.0|INDIVIDUAL|VARIABLE|P0132066002|1|0|1.0|INDIVIDUAL|VARIABLE|P0132066002|1|0|1.0|INDIVIDUAL|VARIABLE|P0132066002|1|0|1.0|INDIVIDUAL|VARIABLE|P0132066002|1|0|1.0|INDIVIDUAL|VARIABLE|P0132066002|1|0|1.0|INDIVIDUAL|VARIABLE|P0132066002|1|0|1.0|INDIVIDUAL|VARIABLE|P0132066002|1|0|1.0|INDIVIDUAL|VARIABLE|P0132066002|1|0|1.0|INDIVIDUAL|VARIABLE|P0132066002|1|0|1.0|INDIVIDUAL|VARIABLE|P0132066002|1|0|1.0
295,INDIVIDUAL|VARIABLE|P0132060007|1|0|1.0|INDIVIDUAL|VARIABLE|P0132060007|1|0|1.0|INDIVIDUAL|VARIABLE|P0132060007|1|0|1.0|INDIVIDUAL|VARIABLE|P0132060007|1|0|1.0|INDIVIDUAL|VARIABLE|P0132060007|1|0|1.0|INDIVIDUAL|VARIABLE|P0132060007|1|0|1.0|INDIVIDUAL|VARIABLE|P0132060007|1|0|1.0|INDIVIDUAL|VARIABLE|P0132060007|1|0|1.0|INDIVIDUAL|VARIABLE|P0132060007|1|0|1.0|INDIVIDUAL|VARIABLE|P0132060007|1|0|1.0|INDIVIDUAL|VARIABLE|P0132060007|1|0|1.0|INDIVIDUAL|VARIABLE|P0132060007|1|0|1.0|INDIVIDUAL|VARIABLE|P0132060007|1|0|1.0|INDIVIDUAL|VARIABLE|P0132060007|1|0|1.0|INDIVIDUAL|VARIABLE|P0132060007|1|0|1.0|INDIVIDUAL|VARIABLE|P0132060007|1|0|1.0|INDIVIDUAL|VARIABLE|P0132060007|1|0|1.0|INDIVIDUAL|VARIABLE|P0132060007|1|0|1.0|INDIVIDUAL|VARIABLE|P0132060007|1|0|1.0|INDIVIDUAL|VARIABLE|P0132060007|1|0|1.0|INDIVIDUAL|VARIABLE|P0132060007|1|0|1.0|INDIVIDUAL|VARIABLE|P0132060007|1|0|1.0|INDIVIDUAL|VARIABLE|P0132060007|1|0|1.0|INDIVIDUAL|VARIABLE|P0132060007|1|0|1.0
296,INDIVIDUAL|VARIABLE|P0132053000|1|0|1.0|INDIVIDUAL|VARIABLE|P0132053000|1|0|1.0|INDIVIDUAL|VARIABLE|P0132053000|1|0|1.0|INDIVIDUAL|VARIABLE|P0132053000|1|0|1.0|INDIVIDUAL|VARIABLE|P0132053000|1|0|1.0|INDIVIDUAL|VARIABLE|P0132053000|1|0|1.0|INDIVIDUAL|VARIABLE|P0132053000|1|0|1.0|INDIVIDUAL|VARIABLE|P0132053000|1|0|1.0|INDIVIDUAL|VARIABLE|P0132053000|1|0|1.0|INDIVIDUAL|VARIABLE|P0132053000|1|0|1.0|INDIVIDUAL|VARIABLE|P0132053000|1|0|1.0|INDIVIDUAL|VARIABLE|P0132053000|1|0|1.0|INDIVIDUAL|VARIABLE|P0132053000|1|0|1.0|INDIVIDUAL|VARIABLE|P0132053000|1|0|1.0|INDIVIDUAL|VARIABLE|P0132053000|1|0|1.0|INDIVIDUAL|VARIABLE|P0132053000|1|0|1.0|INDIVIDUAL|VARIABLE|P0132053000|1|0|1.0|INDIVIDUAL|VARIABLE|P0132053000|1|0|1.0|INDIVIDUAL|VARIABLE|P0132053000|1|0|1.0|INDIVIDUAL|VARIABLE|P0132053000|1|0|1.0|INDIVIDUAL|VARIABLE|P0132053000|1|0|1.0|INDIVIDUAL|VARIABLE|P0132053000|1|0|1.0|INDIVIDUAL|VARIABLE|P0132053000|1|0|1.0|INDIVIDUAL|VARIABLE|P0132053000|1|0|1.0|INDIVIDUAL|VARIABLE|P0132053000|1|0|1.0|INDIVIDUAL|VARIABLE|P0132053000|1|0|1.0|INDIVIDUAL|VARIABLE|P0132053000|1|0|1.0|INDIVIDUAL|VARIABLE|P0132053000|1|0|1.0|INDIVIDUAL|VARIABLE|P0132053000|1|0|1.0|INDIVIDUAL|VARIABLE|P0132053000|1|0|1.0|INDIVIDUAL|VARIABLE|P0132053000|1|0|1.0|INDIVIDUAL|VARIABLE|P0132053000|1|0|1.0|INDIVIDUAL|VARIABLE|P0132053000|1|0|1.0|INDIVIDUAL|VARIABLE|P0132053000|1|0|1.0|INDIVIDUAL|VARIABLE|P0132053000|1|0|1.0|INDIVIDUAL|VARIABLE|P0132053000|1|0|1.0
297,INDIVIDUAL|VARIABLE|P0132070000|1|0|1.0|INDIVIDUAL|VARIABLE|P0132070000|1|0|1.0|INDIVIDUAL|VARIABLE|P0132070000|1|0|1.0|INDIVIDUAL|VARIABLE|P0132070000|1|0|1.0|INDIVIDUAL|VARIABLE|P0132070000|1|0|1.0|INDIVIDUAL|VARIABLE|P0132070000|1|0|1.0|INDIVIDUAL|VARIABLE|P0132070000|1|0|1.0|INDIVIDUAL|VARIABLE|P0132070000|1|0|1.0|INDIVIDUAL|VARIABLE|P0132070000|1|0|1.0|INDIVIDUAL|VARIABLE|P0132070000|1|0|1.0|INDIVIDUAL|VARIABLE|P0132070000|1|0|1.0|INDIVIDUAL|VARIABLE|P0132070000|1|0|1.0|INDIVIDUAL|VARIABLE|P0132070000|1|0|1.0|INDIVIDUAL|VARIABLE|P0132070000|1|0|1.0|INDIVIDUAL|VARIABLE|P0132070000|1|0|1.0|INDIVIDUAL|VARIABLE|P0132070000|1|0|1.0|INDIVIDUAL|VARIABLE|P0132070000|1|0|1.0|INDIVIDUAL|VARIABLE|P0132070000|1|0|1.0|INDIVIDUAL|VARIABLE|P0132070000|1|0|1.0|INDIVIDUAL|VARIABLE|P0132070000|1|0|1.0|INDIVIDUAL|VARIABLE|P0132070000|1|0|1.0|INDIVIDUAL|VARIABLE|P0132070000|1|0|1.0|INDIVIDUAL|VARIABLE|P0132070000|1|0|1.0|INDIVIDUAL|VARIABLE|P0132070000|1|0|1.0|INDIVIDUAL|VARIABLE|P0132070000|1|0|1.0|INDIVIDUAL|VARIABLE|P0132070000|1|0|1.0|INDIVIDUAL|VARIABLE|P0132070000|1|0|1.0|INDIVIDUAL|VARIABLE|P0132070000|1|0|1.0|INDIVIDUAL|VARIABLE|P0132070000|1|0|1.0|INDIVIDUAL|VARIABLE|P0132070000|1|0|1.0|INDIVIDUAL|VARIABLE|P0132070000|1|0|1.0|INDIVIDUAL|VARIABLE|P0132070000|1|0|1.0|INDIVIDUAL|VARIABLE|P0132070000|1|0|1.0|INDIVIDUAL|VARIABLE|P0132070000|1|0|1.0|INDIVIDUAL|VARIABLE|P0132070000|1|0|1.0|INDIVIDUAL|VARIABLE|P0132070000|1|0|1.0|INDIVIDUAL|VARIABLE|P0132070000|1|0|1.0|INDIVIDUAL|VARIABLE|P0132070000|1|0|1.0|INDIVIDUAL|VARIABLE|P0132070000|1|0|1.0|INDIVIDUAL|VARIABLE|P0132070000|1|0|1.0|INDIVIDUAL|VARIABLE|P0132070000|1|0|1.0|INDIVIDUAL|VARIABLE|P0132070000|1|0|1.0|INDIVIDUAL|VARIABLE|P0132070000|1|0|1.0|INDIVIDUAL|VARIABLE|P0132070000|1|0|1.0|INDIVIDUAL|VARIABLE|P0132070000|1|0|1.0|INDIVIDUAL|VARIABLE|P0132070000|1|0|1.0|INDIVIDUAL|VARIABLE|P0132070000|1|0|1.0|INDIVIDUAL|VARIABLE|P0132070000|1|0|1.0
298,INDIVIDUAL|VARIABLE|P0132051003|1|0|1.0|INDIVIDUAL|VARIABLE|P0132051003|1|0|1.0|INDIVIDUAL|VARIABLE|P0132051003|1|0|1.0|INDIVIDUAL|VARIABLE|P0132051003|1|0|1.0|INDIVIDUAL|VARIABLE|P0132051003|1|0|1.0|INDIVIDUAL|VARIABLE|P0132051003|1|0|1.0|INDIVIDUAL|VARIABLE|P0132051003|1|0|1.0|INDIVIDUAL|VARIABLE|P0132051003|1|0|1.0|INDIVIDUAL|VARIABLE|P0132051003|1|0|1.0|INDIVIDUAL|VARIABLE|P0132051003|1|0|1.0|INDIVIDUAL|VARIABLE|P0132051003|1|0|1.0|INDIVIDUAL|VARIABLE|P0132051003|1|0|1.0|INDIVIDUAL|VARIABLE|P0132051003|1|0|1.0|INDIVIDUAL|VARIABLE|P0132051003|1|0|1.0|INDIVIDUAL|VARIABLE|P0132051003|1|0|1.0|INDIVIDUAL|VARIABLE|P0132051003|1|0|1.0|INDIVIDUAL|VARIABLE|P0132051003|1|0|1.0|INDIVIDUAL|VARIABLE|P0132051003|1|0|1.0|INDIVIDUAL|VARIABLE|P0132051003|1|0|1.0|INDIVIDUAL|VARIABLE|P0132051003|1|0|1.0|INDIVIDUAL|VARIABLE|P0132051003|1|0|1.0|INDIVIDUAL|VARIABLE|P0132051003|1|0|1.0|INDIVIDUAL|VARIABLE|P0132051003|1|0|1.0|INDIVIDUAL|VARIABLE|P0132051003|1|0|1.0|INDIVIDUAL|VARIABLE|P0132051003|1|0|1.0|INDIVIDUAL|VARIABLE|P0132051003|1|0|1.0|INDIVIDUAL|VARIABLE|P0132051003|1|0|1.0|INDIVIDUAL|VARIABLE|P0132051003|1|0|1.0|INDIVIDUAL|VARIABLE|P0132051003|1|0|1.0|INDIVIDUAL|VARIABLE|P0132051003|1|0|1.0|INDIVIDUAL|VARIABLE|P0132051003|1|0|1.0|INDIVIDUAL|VARIABLE|P0132051003|1|0|1.0|INDIVIDUAL|VARIABLE|P0132051003|1|0|1.0|INDIVIDUAL|VARIABLE|P0132051003|1|0|1.0|INDIVIDUAL|VARIABLE|P0132051003|1|0|1.0|INDIVIDUAL|VARIABLE|P0132051003|1|0|1.0|INDIVIDUAL|VARIABLE|P0132051003|1|0|1.0|INDIVIDUAL|VARIABLE|P0132051003|1|0|1.0|INDIVIDUAL|VARIABLE|P0132051003|1|0|1.0|INDIVIDUAL|VARIABLE|P0132051003|1|0|1.0|INDIVIDUAL|VARIABLE|P0132051003|1|0|1.0|INDIVIDUAL|VARIABLE|P0132051003|1|0|1.0|INDIVIDUAL|VARIABLE|P0132051003|1|0|1.0|INDIVIDUAL|VARIABLE|P0132051003|1|0|1.0|INDIVIDUAL|VARIABLE|P0132051003|1|0|1.0|INDIVIDUAL|VARIABLE|P0132051003|1|0|1.0|INDIVIDUAL|VARIABLE|P0132051003|1|0|1.0|INDIVIDUAL|VARIABLE|P0132051003|1|0|1.0
299,INDIVIDUAL|VARIABLE|P0132056000|1|0|1.0|INDIVIDUAL|VARIABLE|P0132056000|1|0|1.0|INDIVIDUAL|VARIABLE|P0132056000|1|0|1.0|INDIVIDUAL|VARIABLE|P0132056000|1|0|1.0|INDIVIDUAL|VARIABLE|P0132056000|1|0|1.0|INDIVIDUAL|VARIABLE|P0132056000|1|0|1.0|INDIVIDUAL|VARIABLE|P0132056000|1|0|1.0|INDIVIDUAL|VARIABLE|P0132056000|1|0|1.0|INDIVIDUAL|VARIABLE|P0132056000|1|0|1.0|INDIVIDUAL|VARIABLE|P0132056000|1|0|1.0|INDIVIDUAL|VARIABLE|P0132056000|1|0|1.0|INDIVIDUAL|VARIABLE|P0132056000|1|0|1.0|INDIVIDUAL|VARIABLE|P0132056000|1|0|1.0|INDIVIDUAL|VARIABLE|P0132056000|1|0|1.0|INDIVIDUAL|VARIABLE|P0132056000|1|0|1.0|INDIVIDUAL|VARIABLE|P0132056000|1|0|1.0|INDIVIDUAL|VARIABLE|P0132056000|1|0|1.0|INDIVIDUAL|VARIABLE|P0132056000|1|0|1.0|INDIVIDUAL|VARIABLE|P0132056000|1|0|1.0|INDIVIDUAL|VARIABLE|P0132056000|1|0|1.0|INDIVIDUAL|VARIABLE|P0132056000|1|0|1.0|INDIVIDUAL|VARIABLE|P0132056000|1|0|1.0|INDIVIDUAL|VARIABLE|P0132056000|1|0|1.0|INDIVIDUAL|VARIABLE|P0132056000|1|0|1.0|INDIVIDUAL|VARIABLE|P0132056000|1|0|1.0|INDIVIDUAL|VARIABLE|P0132056000|1|0|1.0|INDIVIDUAL|VARIABLE|P0132056000|1|0|1.0|INDIVIDUAL|VARIABLE|P0132056000|1|0|1.0|INDIVIDUAL|VARIABLE|P0132056000|1|0|1.0|INDIVIDUAL|VARIABLE|P0132056000|1|0|1.0|INDIVIDUAL|VARIABLE|P0132056000|1|0|1.0|INDIVIDUAL|VARIABLE|P0132056000|1|0|1.0|INDIVIDUAL|VARIABLE|P0132056000|1|0|1.0|INDIVIDUAL|VARIABLE|P0132056000|1|0|1.0|INDIVIDUAL|VARIABLE|P0132056000|1|0|1.0|INDIVIDUAL|VARIABLE|P0132056000|1|0|1.0|INDIVIDUAL|VARIABLE|P0132056000|1|0|1.0|INDIVIDUAL|VARIABLE|P0132056000|1|0|1.0|INDIVIDUAL|VARIABLE|P0132056000|1|0|1.0|INDIVIDUAL|VARIABLE|P0132056000|1|0|1.0|INDIVIDUAL|VARIABLE|P0132056000|1|0|1.0|INDIVIDUAL|VARIABLE|P0132056000|1|0|1.0|INDIVIDUAL|VARIABLE|P0132056000|1|0|1.0|INDIVIDUAL|VARIABLE|P0132056000|1|0|1.0|INDIVIDUAL|VARIABLE|P0132056000|1|0|1.0|INDIVIDUAL|VARIABLE|P0132056000|1|0|1.0|INDIVIDUAL|VARIABLE|P0132056000|1|0|1.0|INDIVIDUAL|VARIABLE|P0132056000|1|0|1.0
300,INDIVIDUAL|VARIABLE|P0132058000|1|0|1.0|INDIVIDUAL|VARIABLE|P0132058000|1|0|1.0|INDIVIDUAL|VARIABLE|P0132058000|1|0|1.0|INDIVIDUAL|VARIABLE|P0132058000|1|0|1.0|INDIVIDUAL|VARIABLE|P0132058000|1|0|1.0|INDIVIDUAL|VARIABLE|P0132058000|1|0|1.0|INDIVIDUAL|VARIABLE|P0132058000|1|0|1.0|INDIVIDUAL|VARIABLE|P0132058000|1|0|1.0|INDIVIDUAL|VARIABLE|P0132058000|1|0|1.0|INDIVIDUAL|VARIABLE|P0132058000|1|0|1.0|INDIVIDUAL|VARIABLE|P0132058000|1|0|1.0|INDIVIDUAL|VARIABLE|P0132058000|1|0|1.0|INDIVIDUAL|VARIABLE|P0132058000|1|0|1.0|INDIVIDUAL|VARIABLE|P0132058000|1|0|1.0|INDIVIDUAL|VARIABLE|P0132058000|1|0|1.0|INDIVIDUAL|VARIABLE|P0132058000|1|0|1.0|INDIVIDUAL|VARIABLE|P0132058000|1|0|1.0|INDIVIDUAL|VARIABLE|P0132058000|1|0|1.0|INDIVIDUAL|VARIABLE|P0132058000|1|0|1.0|INDIVIDUAL|VARIABLE|P0132058000|1|0|1.0|INDIVIDUAL|VARIABLE|P0132058000|1|0|1.0|INDIVIDUAL|VARIABLE|P0132058000|1|0|1.0|INDIVIDUAL|VARIABLE|P0132058000|1|0|1.0|INDIVIDUAL|VARIABLE|P0132058000|1|0|1.0|INDIVIDUAL|VARIABLE|P0132058000|1|0|1.0|INDIVIDUAL|VARIABLE|P0132058000|1|0|1.0|INDIVIDUAL|VARIABLE|P0132058000|1|0|1.0|INDIVIDUAL|VARIABLE|P0132058000|1|0|1.0|INDIVIDUAL|VARIABLE|P0132058000|1|0|1.0|INDIVIDUAL|VARIABLE|P0132058000|1|0|1.0|INDIVIDUAL|VARIABLE|P0132058000|1|0|1.0|INDIVIDUAL|VARIABLE|P0132058000|1|0|1.0|INDIVIDUAL|VARIABLE|P0132058000|1|0|1.0|INDIVIDUAL|VARIABLE|P0132058000|1|0|1.0|INDIVIDUAL|VARIABLE|P0132058000|1|0|1.0|INDIVIDUAL|VARIABLE|P0132058000|1|0|1.0|INDIVIDUAL|VARIABLE|P0132058000|1|0|1.0|INDIVIDUAL|VARIABLE|P0132058000|1|0|1.0|INDIVIDUAL|VARIABLE|P0132058000|1|0|1.0|INDIVIDUAL|VARIABLE|P0132058000|1|0|1.0|INDIVIDUAL|VARIABLE|P0132058000|1|0|1.0|INDIVIDUAL|VARIABLE|P0132058000|1|0|1.0|INDIVIDUAL|VARIABLE|P0132058000|1|0|1.0|INDIVIDUAL|VARIABLE|P0132058000|1|0|1.0|INDIVIDUAL|VARIABLE|P0132058000|1|0|1.0|INDIVIDUAL|VARIABLE|P0132058000|1|0|1.0|INDIVIDUAL|VARIABLE|P0132058000|1|0|1.0|INDIVIDUAL|VARIABLE|P0132058000|1|0|1.0
301,INDIVIDUAL|VARIABLE|P0132056004|1|0|1.0|INDIVIDUAL|VARIABLE|P0132056004|1|0|1.0|INDIVIDUAL|VARIABLE|P0132056004|1|0|1.0|INDIVIDUAL|VARIABLE|P0132056004|1|0|1.0|INDIVIDUAL|VARIABLE|P0132056004|1|0|1.0|INDIVIDUAL|VARIABLE|P0132056004|1|0|1.0|INDIVIDUAL|VARIABLE|P0132056004|1|0|1.0|INDIVIDUAL|VARIABLE|P0132056004|1|0|1.0|INDIVIDUAL|VARIABLE|P0132056004|1|0|1.0|INDIVIDUAL|VARIABLE|P0132056004|1|0|1.0|INDIVIDUAL|VARIABLE|P0132056004|1|0|1.0|INDIVIDUAL|VARIABLE|P0132056004|1|0|1.0|INDIVIDUAL|VARIABLE|P0132056004|1|0|1.0|INDIVIDUAL|VARIABLE|P0132056004|1|0|1.0|INDIVIDUAL|VARIABLE|P0132056004|1|0|1.0|INDIVIDUAL|VARIABLE|P0132056004|1|0|1.0|INDIVIDUAL|VARIABLE|P0132056004|1|0|1.0|INDIVIDUAL|VARIABLE|P0132056004|1|0|1.0|INDIVIDUAL|VARIABLE|P0132056004|1|0|1.0|INDIVIDUAL|VARIABLE|P0132056004|1|0|1.0|INDIVIDUAL|VARIABLE|P0132056004|1|0|1.0|INDIVIDUAL|VARIABLE|P0132056004|1|0|1.0|INDIVIDUAL|VARIABLE|P0132056004|1|0|1.0|INDIVIDUAL|VARIABLE|P0132056004|1|0|1.0|INDIVIDUAL|VARIABLE|P0132056004|1|0|1.0|INDIVIDUAL|VARIABLE|P0132056004|1|0|1.0|INDIVIDUAL|VARIABLE|P0132056004|1|0|1.0|INDIVIDUAL|VARIABLE|P0132056004|1|0|1.0|INDIVIDUAL|VARIABLE|P0132056004|1|0|1.0|INDIVIDUAL|VARIABLE|P0132056004|1|0|1.0|INDIVIDUAL|VARIABLE|P0132056004|1|0|1.0|INDIVIDUAL|VARIABLE|P0132056004|1|0|1.0|INDIVIDUAL|VARIABLE|P0132056004|1|0|1.0|INDIVIDUAL|VARIABLE|P0132056004|1|0|1.0|INDIVIDUAL|VARIABLE|P0132056004|1|0|1.0|INDIVIDUAL|VARIABLE|P0132056004|1|0|1.0|INDIVIDUAL|VARIABLE|P0132056004|1|0|1.0|INDIVIDUAL|VARIABLE|P0132056004|1|0|1.0|INDIVIDUAL|VARIABLE|P0132056004|1|0|1.0|INDIVIDUAL|VARIABLE|P0132056004|1|0|1.0|INDIVIDUAL|VARIABLE|P0132056004|1|0|1.0|INDIVIDUAL|VARIABLE|P0132056004|1|0|1.0|INDIVIDUAL|VARIABLE|P0132056004|1|0|1.0|INDIVIDUAL|VARIABLE|P0132056004|1|0|1.0|INDIVIDUAL|VARIABLE|P0132056004|1|0|1.0|INDIVIDUAL|VARIABLE|P0132056004|1|0|1.0|INDIVIDUAL|VARIABLE|P0132056004|1|0|1.0|INDIVIDUAL|VARIABLE|P0132056004|1|0|1.0|INDIVIDUAL|VARIABLE|P0132056004|1|0|1.0|INDIVIDUAL|VARIABLE|P0132056004|1|0|1.0|INDIVIDUAL|VARIABLE|P0132056004|1|0|1.0|INDIVIDUAL|VARIABLE|P0132056004|1|0|1.0|INDIVIDUAL|VARIABLE|P0132056004|1|0|1.0|INDIVIDUAL|VARIABLE|P0132056004|1|0|1.0|INDIVIDUAL|VARIABLE|P0132056004|1|0|1.0|INDIVIDUAL|VARIABLE|P0132056004|1|0|1.0|INDIVIDUAL|VARIABLE|P0132056004|1|0|1.0|INDIVIDUAL|VARIABLE|P0132056004|1|0|1.0|INDIVIDUAL|VARIABLE|P0132056004|1|0|1.0|INDIVIDUAL|VARIABLE|P0132056004|1|0|1.0
302,INDIVIDUAL|VARIABLE|P0132051000|1|0|1.0|INDIVIDUAL|VARIABLE|P0132051000|1|0|1.0|INDIVIDUAL|VARIABLE|P0132051000|1|0|1.0|INDIVIDUAL|VARIABLE|P0132051000|1|0|1.0|INDIVIDUAL|VARIABLE|P0132051000|1|0|1.0|INDIVIDUAL|VARIABLE|P0132051000|1|0|1.0|INDIVIDUAL|VARIABLE|P0132051000|1|0|1.0|INDIVIDUAL|VARIABLE|P0132051000|1|0|1.0|INDIVIDUAL|VARIABLE|P0132051000|1|0|1.0|INDIVIDUAL|VARIABLE|P0132051000|1|0|1.0|INDIVIDUAL|VARIABLE|P0132051000|1|0|1.0|INDIVIDUAL|VARIABLE|P0132051000|1|0|1.0|INDIVIDUAL|VARIABLE|P0132051000|1|0|1.0|INDIVIDUAL|VARIABLE|P0132051000|1|0|1.0|INDIVIDUAL|VARIABLE|P0132051000|1|0|1.0|INDIVIDUAL|VARIABLE|P0132051000|1|0|1.0|INDIVIDUAL|VARIABLE|P0132051000|1|0|1.0|INDIVIDUAL|VARIABLE|P0132051000|1|0|1.0|INDIVIDUAL|VARIABLE|P0132051000|1|0|1.0|INDIVIDUAL|VARIABLE|P0132051000|1|0|1.0|INDIVIDUAL|VARIABLE|P0132051000|1|0|1.0|INDIVIDUAL|VARIABLE|P0132051000|1|0|1.0|INDIVIDUAL|VARIABLE|P0132051000|1|0|1.0|INDIVIDUAL|VARIABLE|P0132051000|1|0|1.0|INDIVIDUAL|VARIABLE|P0132051000|1|0|1.0|INDIVIDUAL|VARIABLE|P0132051000|1|0|1.0|INDIVIDUAL|VARIABLE|P0132051000|1|0|1.0|INDIVIDUAL|VARIABLE|P0132051000|1|0|1.0|INDIVIDUAL|VARIABLE|P0132051000|1|0|1.0|INDIVIDUAL|VARIABLE|P0132051000|1|0|1.0|INDIVIDUAL|VARIABLE|P0132051000|1|0|1.0|INDIVIDUAL|VARIABLE|P0132051000|1|0|1.0|INDIVIDUAL|VARIABLE|P0132051000|1|0|1.0|INDIVIDUAL|VARIABLE|P0132051000|1|0|1.0|INDIVIDUAL|VARIABLE|P0132051000|1|0|1.0|INDIVIDUAL|VARIABLE|P0132051000|1|0|1.0|INDIVIDUAL|VARIABLE|P0132051000|1|0|1.0|INDIVIDUAL|VARIABLE|P0132051000|1|0|1.0|INDIVIDUAL|VARIABLE|P0132051000|1|0|1.0|INDIVIDUAL|VARIABLE|P0132051000|1|0|1.0|INDIVIDUAL|VARIABLE|P0132051000|1|0|1.0|INDIVIDUAL|VARIABLE|P0132051000|1|0|1.0|INDIVIDUAL|VARIABLE|P0132051000|1|0|1.0|INDIVIDUAL|VARIABLE|P0132051000|1|0|1.0|INDIVIDUAL|VARIABLE|P0132051000|1|0|1.0|INDIVIDUAL|VARIABLE|P0132051000|1|0|1.0|INDIVIDUAL|VARIABLE|P0132051000|1|0|1.0|INDIVIDUAL|VARIABLE|P0132051000|1|0|1.0|INDIVIDUAL|VARIABLE|P0132051000|1|0|1.0|INDIVIDUAL|VARIABLE|P0132051000|1|0|1.0|INDIVIDUAL|VARIABLE|P0132051000|1|0|1.0|INDIVIDUAL|VARIABLE|P0132051000|1|0|1.0|INDIVIDUAL|VARIABLE|P0132051000|1|0|1.0|INDIVIDUAL|VARIABLE|P0132051000|1|0|1.0|INDIVIDUAL|VARIABLE|P0132051000|1|0|1.0|INDIVIDUAL|VARIABLE|P0132051000|1|0|1.0|INDIVIDUAL|VARIABLE|P0132051000|1|0|1.0|INDIVIDUAL|VARIABLE|P0132051000|1|0|1.0|INDIVIDUAL|VARIABLE|P0132051000|1|0|1.0|INDIVIDUAL|VARIABLE|P0132051000|1|0|1.0|INDIVIDUAL|VARIABLE|P0132051000|1|0|1.0|INDIVIDUAL|VARIABLE|P0132051000|1|0|1.0|INDIVIDUAL|VARIABLE|P0132051000|1|0|1.0|INDIVIDUAL|VARIABLE|P0132051000|1|0|1.0|INDIVIDUAL|VARIABLE|P0132051000|1|0|1.0|INDIVIDUAL|VARIABLE|P0132051000|1|0|1.0|INDIVIDUAL|VARIABLE|P0132051000|1|0|1.0|INDIVIDUAL|VARIABLE|P0132051000|1|0|1.0|INDIVIDUAL|VARIABLE|P0132051000|1|0|1.0|INDIVIDUAL|VARIABLE|P0132051000|1|0|1.0|INDIVIDUAL|VARIABLE|P0132051000|1|0|1.0|INDIVIDUAL|VARIABLE|P0132051000|1|0|1.0|INDIVIDUAL|VARIABLE|P0132051000|1|0|1.0|INDIVIDUAL|VARIABLE|P0132051000|1|0|1.0|INDIVIDUAL|VARIABLE|P0132051000|1|0|1.0|INDIVIDUAL|VARIABLE|P0132051000|1|0|1.0|INDIVIDUAL|VARIABLE|P0132051000|1|0|1.0|INDIVIDUAL|VARIABLE|P0132051000|1|0|1.0|INDIVIDUAL|VARIABLE|P0132051000|1|0|1.0|INDIVIDUAL|VARIABLE|P0132051000|1|0|1.0|INDIVIDUAL|VARIABLE|P0132051000|1|0|1.0|INDIVIDUAL|VARIABLE|P0132051000|1|0|1.0|INDIVIDUAL|VARIABLE|P0132051000|1|0|1.0|INDIVIDUAL|VARIABLE|P0132051000|1|0|1.0|INDIVIDUAL|VARIABLE|P0132051000|1|0|1.0|INDIVIDUAL|VARIABLE|P0132051000|1|0|1.0|INDIVIDUAL|VARIABLE|P0132051000|1|0|1.0|INDIVIDUAL|VARIABLE|P0132051000|1|0|1.0
303,INDIVIDUAL|VARIABLE|P0132052000|1|0|1.0|INDIVIDUAL|VARIABLE|P0132052000|1|0|1.0|INDIVIDUAL|VARIABLE|P0132052000|1|0|1.0|INDIVIDUAL|VARIABLE|P0132052000|1|0|1.0|INDIVIDUAL|VARIABLE|P0132052000|1|0|1.0|INDIVIDUAL|VARIABLE|P0132052000|1|0|1.0|INDIVIDUAL|VARIABLE|P0132052000|1|0|1.0|INDIVIDUAL|VARIABLE|P0132052000|1|0|1.0|INDIVIDUAL|VARIABLE|P0132052000|1|0|1.0|INDIVIDUAL|VARIABLE|P0132052000|1|0|1.0|INDIVIDUAL|VARIABLE|P0132052000|1|0|1.0|INDIVIDUAL|VARIABLE|P0132052000|1|0|1.0|INDIVIDUAL|VARIABLE|P0132052000|1|0|1.0|INDIVIDUAL|VARIABLE|P0132052000|1|0|1.0|INDIVIDUAL|VARIABLE|P0132052000|1|0|1.0|INDIVIDUAL|VARIABLE|P0132052000|1|0|1.0|INDIVIDUAL|VARIABLE|P0132052000|1|0|1.0|INDIVIDUAL|VARIABLE|P0132052000|1|0|1.0|INDIVIDUAL|VARIABLE|P0132052000|1|0|1.0|INDIVIDUAL|VARIABLE|P0132052000|1|0|1.0|INDIVIDUAL|VARIABLE|P0132052000|1|0|1.0|INDIVIDUAL|VARIABLE|P0132052000|1|0|1.0|INDIVIDUAL|VARIABLE|P0132052000|1|0|1.0|INDIVIDUAL|VARIABLE|P0132052000|1|0|1.0|INDIVIDUAL|VARIABLE|P0132052000|1|0|1.0|INDIVIDUAL|VARIABLE|P0132052000|1|0|1.0|INDIVIDUAL|VARIABLE|P0132052000|1|0|1.0|INDIVIDUAL|VARIABLE|P0132052000|1|0|1.0|INDIVIDUAL|VARIABLE|P0132052000|1|0|1.0|INDIVIDUAL|VARIABLE|P0132052000|1|0|1.0|INDIVIDUAL|VARIABLE|P0132052000|1|0|1.0|INDIVIDUAL|VARIABLE|P0132052000|1|0|1.0|INDIVIDUAL|VARIABLE|P0132052000|1|0|1.0|INDIVIDUAL|VARIABLE|P0132052000|1|0|1.0|INDIVIDUAL|VARIABLE|P0132052000|1|0|1.0|INDIVIDUAL|VARIABLE|P0132052000|1|0|1.0|INDIVIDUAL|VARIABLE|P0132052000|1|0|1.0|INDIVIDUAL|VARIABLE|P0132052000|1|0|1.0|INDIVIDUAL|VARIABLE|P0132052000|1|0|1.0|INDIVIDUAL|VARIABLE|P0132052000|1|0|1.0|INDIVIDUAL|VARIABLE|P0132052000|1|0|1.0|INDIVIDUAL|VARIABLE|P0132052000|1|0|1.0|INDIVIDUAL|VARIABLE|P0132052000|1|0|1.0|INDIVIDUAL|VARIABLE|P0132052000|1|0|1.0|INDIVIDUAL|VARIABLE|P0132052000|1|0|1.0|INDIVIDUAL|VARIABLE|P0132052000|1|0|1.0|INDIVIDUAL|VARIABLE|P0132052000|1|0|1.0|INDIVIDUAL|VARIABLE|P0132052000|1|0|1.0|INDIVIDUAL|VARIABLE|P0132052000|1|0|1.0|INDIVIDUAL|VARIABLE|P0132052000|1|0|1.0|INDIVIDUAL|VARIABLE|P0132052000|1|0|1.0|INDIVIDUAL|VARIABLE|P0132052000|1|0|1.0|INDIVIDUAL|VARIABLE|P0132052000|1|0|1.0|INDIVIDUAL|VARIABLE|P0132052000|1|0|1.0|INDIVIDUAL|VARIABLE|P0132052000|1|0|1.0|INDIVIDUAL|VARIABLE|P0132052000|1|0|1.0|INDIVIDUAL|VARIABLE|P0132052000|1|0|1.0|INDIVIDUAL|VARIABLE|P0132052000|1|0|1.0|INDIVIDUAL|VARIABLE|P0132052000|1|0|1.0|INDIVIDUAL|VARIABLE|P0132052000|1|0|1.0|INDIVIDUAL|VARIABLE|P0132052000|1|0|1.0|INDIVIDUAL|VARIABLE|P0132052000|1|0|1.0|INDIVIDUAL|VARIABLE|P0132052000|1|0|1.0|INDIVIDUAL|VARIABLE|P0132052000|1|0|1.0|INDIVIDUAL|VARIABLE|P0132052000|1|0|1.0|INDIVIDUAL|VARIABLE|P0132052000|1|0|1.0|INDIVIDUAL|VARIABLE|P0132052000|1|0|1.0|INDIVIDUAL|VARIABLE|P0132052000|1|0|1.0|INDIVIDUAL|VARIABLE|P0132052000|1|0|1.0|INDIVIDUAL|VARIABLE|P0132052000|1|0|1.0|INDIVIDUAL|VARIABLE|P0132052000|1|0|1.0|INDIVIDUAL|VARIABLE|P0132052000|1|0|1.0|INDIVIDUAL|VARIABLE|P0132052000|1|0|1.0|INDIVIDUAL|VARIABLE|P0132052000|1|0|1.0|INDIVIDUAL|VARIABLE|P0132052000|1|0|1.0|INDIVIDUAL|VARIABLE|P0132052000|1|0|1.0|INDIVIDUAL|VARIABLE|P0132052000|1|0|1.0|INDIVIDUAL|VARIABLE|P0132052000|1|0|1.0|INDIVIDUAL|VARIABLE|P0132052000|1|0|1.0|INDIVIDUAL|VARIABLE|P0132052000|1|0|1.0|INDIVIDUAL|VARIABLE|P0132052000|1|0|1.0|INDIVIDUAL|VARIABLE|P0132052000|1|0|1.0|INDIVIDUAL|VARIABLE|P0132052000|1|0|1.0|INDIVIDUAL|VARIABLE|P0132052000|1|0|1.0|INDIVIDUAL|VARIABLE|P0132052000|1|0|1.0|INDIVIDUAL|VARIABLE|P0132052000|1|0|1.0|INDIVIDUAL|VARIABLE|P0132052000|1|0|1.0|INDIVIDUAL|VARIABLE|P0132052000|1|0|1.0|INDIVIDUAL|VARIABLE|P0132052000|1|0|1.0|INDIVIDUAL|VARIABLE|P0132052000|1|0|1.0|INDIVIDUAL|VARIABLE|P0132052000|1|0|1.0|INDIVIDUAL|VARIABLE|P0132052000|1|0|1.0|INDIVIDUAL|VARIABLE|P0132052000|1|0|1.0|INDIVIDUAL|VARIABLE|P0132052000|1|0|1.0|INDIVIDUAL|VARIABLE|P0132052000|1|0|1.0|INDIVIDUAL|VARIABLE|P0132052000|1|0|1.0|INDIVIDUAL|VARIABLE|P0132052000|1|0|1.0|INDIVIDUAL|VARIABLE|P0132052000|1|0|1.0|INDIVIDUAL|VARIABLE|P0132052000|1|0|1.0|INDIVIDUAL|VARIABLE|P0132052000|1|0|1.0|INDIVIDUAL|VARIABLE|P0132052000|1|0|1.0|INDIVIDUAL|VARIABLE|P0132052000|1|0|1.0|INDIVIDUAL|VARIABLE|P0132052000|1|0|1.0|INDIVIDUAL|VARIABLE|P0132052000|1|0|1.0|INDIVIDUAL|VARIABLE|P0132052000|1|0|1.0|INDIVIDUAL|VARIABLE|P0132052000|1|0|1.0|INDIVIDUAL|VARIABLE|P0132052000|1|0|1.0|INDIVIDUAL|VARIABLE|P0132052000|1|0|1.0|INDIVIDUAL|VARIABLE|P0132052000|1|0|1.0|INDIVIDUAL|VARIABLE|P0132052000|1|0|1.0|INDIVIDUAL|VARIABLE|P0132052000|1|0|1.0|INDIVIDUAL|VARIABLE|P0132052000|1|0|1.0|INDIVIDUAL|VARIABLE|P0132052000|1|0|1.0|INDIVIDUAL|VARIABLE|P0132052000|1|0|1.0|INDIVIDUAL|VARIABLE|P0132052000|1|0|1.0|INDIVIDUAL|VARIABLE|P0132052000|1|0|1.0|INDIVIDUAL|VARIABLE|P0132052000|1|0|1.0|INDIVIDUAL|VARIABLE|P0132052000|1|0|1.0|INDIVIDUAL|VARIABLE|P0132052000|1|0|1.0|INDIVIDUAL|VARIABLE|P0132052000|1|0|1.0|INDIVIDUAL|VARIABLE|P0132052000|1|0|1.0|INDIVIDUAL|VARIABLE|P0132052000|1|0|1.0|INDIVIDUAL|VARIABLE|P0132052000|1|0|1.0|INDIVIDUAL|VARIABLE|P0132052000|1|0|1.0|INDIVIDUAL|VARIABLE|P0132052000|1|0|1.0|INDIVIDUAL|VARIABLE|P0132052000|1|0|1.0|INDIVIDUAL|VARIABLE|P0132052000|1|0|1.0|INDIVIDUAL|VARIABLE|P0132052000|1|0|1.0|INDIVIDUAL|VARIABLE|P0132052000|1|0|1.0|INDIVIDUAL|VARIABLE|P0132052000|1|0|1.0|INDIVIDUAL|VARIABLE|P0132052000|1|0|1.0|INDIVIDUAL|VARIABLE|P0132052000|1|0|1.0|INDIVIDUAL|VARIABLE|P0132052000|1|0|1.0|INDIVIDUAL|VARIABLE|P0132052000|1|0|1.0|INDIVIDUAL|VARIABLE|P0132052000|1|0|1.0|INDIVIDUAL|VARIABLE|P0132052000|1|0|1.0|INDIVIDUAL|VARIABLE|P0132052000|1|0|1.0|INDIVIDUAL|VARIABLE|P0132052000|1|0|1.0|INDIVIDUAL|VARIABLE|P0132052000|1|0|1.0|INDIVIDUAL|VARIABLE|P0132052000|1|0|1.0|INDIVIDUAL|VARIABLE|P0132052000|1|0|1.0|INDIVIDUAL|VARIABLE|P0132052000|1|0|1.0|INDIVIDUAL|VARIABLE|P0132052000|1|0|1.0|INDIVIDUAL|VARIABLE|P0132052000|1|0|1.0|INDIVIDUAL|VARIABLE|P0132052000|1|0|1.0|INDIVIDUAL|VARIABLE|P0132052000|1|0|1.0|INDIVIDUAL|VARIABLE|P0132052000|1|0|1.0|INDIVIDUAL|VARIABLE|P0132052000|1|0|1.0|INDIVIDUAL|VARIABLE|P0132052000|1|0|1.0|INDIVIDUAL|VARIABLE|P0132052000|1|0|1.0|INDIVIDUAL|VARIABLE|P0132052000|1|0|1.0|INDIVIDUAL|VARIABLE|P0132052000|1|0|1.0|INDIVIDUAL|VARIABLE|P0132052000|1|0|1.0|INDIVIDUAL|VARIABLE|P0132052000|1|0|1.0|INDIVIDUAL|VARIABLE|P0132052000|1|0|1.0|INDIVIDUAL|VARIABLE|P0132052000|1|0|1.0|INDIVIDUAL|VARIABLE|P0132052000|1|0|1.0|INDIVIDUAL|VARIABLE|P0132052000|1|0|1.0|INDIVIDUAL|VARIABLE|P0132052000|1|0|1.0|INDIVIDUAL|VARIABLE|P0132052000|1|0|1.0|INDIVIDUAL|VARIABLE|P0132052000|1|0|1.0|INDIVIDUAL|VARIABLE|P0132052000|1|0|1.0|INDIVIDUAL|VARIABLE|P0132052000|1|0|1.0|INDIVIDUAL|VARIABLE|P0132052000|1|0|1.0|INDIVIDUAL|VARIABLE|P0132052000|1|0|1.0
304,INDIVIDUAL|VARIABLE|P0132053000|1|0|1.0|INDIVIDUAL|VARIABLE|P0132053000|1|0|1.0|INDIVIDUAL|VARIABLE|P0132053000|1|0|1.0|INDIVIDUAL|VARIABLE|P0132053000|1|0|1.0|INDIVIDUAL|VARIABLE|P0132053000|1|0|1.0|INDIVIDUAL|VARIABLE|P0132053000|1|0|1.0|INDIVIDUAL|VARIABLE|P0132053000|1|0|1.0|INDIVIDUAL|VARIABLE|P0132053000|1|0|1.0|INDIVIDUAL|VARIABLE|P0132053000|1|0|1.0|INDIVIDUAL|VARIABLE|P0132053000|1|0|1.0|INDIVIDUAL|VARIABLE|P0132053000|1|0|1.0|INDIVIDUAL|VARIABLE|P0132053000|1|0|1.0|INDIVIDUAL|VARIABLE|P0132053000|1|0|1.0|INDIVIDUAL|VARIABLE|P0132053000|1|0|1.0|INDIVIDUAL|VARIABLE|P0132053000|1|0|1.0|INDIVIDUAL|VARIABLE|P0132053000|1|0|1.0|INDIVIDUAL|VARIABLE|P0132053000|1|0|1.0|INDIVIDUAL|VARIABLE|P0132053000|1|0|1.0|INDIVIDUAL|VARIABLE|P0132053000|1|0|1.0|INDIVIDUAL|VARIABLE|P0132053000|1|0|1.0|INDIVIDUAL|VARIABLE|P0132053000|1|0|1.0|INDIVIDUAL|VARIABLE|P0132053000|1|0|1.0|INDIVIDUAL|VARIABLE|P0132053000|1|0|1.0|INDIVIDUAL|VARIABLE|P0132053000|1|0|1.0|INDIVIDUAL|VARIABLE|P0132053000|1|0|1.0|INDIVIDUAL|VARIABLE|P0132053000|1|0|1.0|INDIVIDUAL|VARIABLE|P0132053000|1|0|1.0|INDIVIDUAL|VARIABLE|P0132053000|1|0|1.0|INDIVIDUAL|VARIABLE|P0132053000|1|0|1.0|INDIVIDUAL|VARIABLE|P0132053000|1|0|1.0|INDIVIDUAL|VARIABLE|P0132053000|1|0|1.0|INDIVIDUAL|VARIABLE|P0132053000|1|0|1.0|INDIVIDUAL|VARIABLE|P0132053000|1|0|1.0|INDIVIDUAL|VARIABLE|P0132053000|1|0|1.0|INDIVIDUAL|VARIABLE|P0132053000|1|0|1.0|INDIVIDUAL|VARIABLE|P0132053000|1|0|1.0|INDIVIDUAL|VARIABLE|P0132053000|1|0|1.0|INDIVIDUAL|VARIABLE|P0132053000|1|0|1.0|INDIVIDUAL|VARIABLE|P0132053000|1|0|1.0|INDIVIDUAL|VARIABLE|P0132053000|1|0|1.0|INDIVIDUAL|VARIABLE|P0132053000|1|0|1.0|INDIVIDUAL|VARIABLE|P0132053000|1|0|1.0|INDIVIDUAL|VARIABLE|P0132053000|1|0|1.0|INDIVIDUAL|VARIABLE|P0132053000|1|0|1.0|INDIVIDUAL|VARIABLE|P0132053000|1|0|1.0|INDIVIDUAL|VARIABLE|P0132053000|1|0|1.0|INDIVIDUAL|VARIABLE|P0132053000|1|0|1.0|INDIVIDUAL|VARIABLE|P0132053000|1|0|1.0|INDIVIDUAL|VARIABLE|P0132053000|1|0|1.0|INDIVIDUAL|VARIABLE|P0132053000|1|0|1.0|INDIVIDUAL|VARIABLE|P0132053000|1|0|1.0|INDIVIDUAL|VARIABLE|P0132053000|1|0|1.0|INDIVIDUAL|VARIABLE|P0132053000|1|0|1.0|INDIVIDUAL|VARIABLE|P0132053000|1|0|1.0|INDIVIDUAL|VARIABLE|P0132053000|1|0|1.0|INDIVIDUAL|VARIABLE|P0132053000|1|0|1.0|INDIVIDUAL|VARIABLE|P0132053000|1|0|1.0|INDIVIDUAL|VARIABLE|P0132053000|1|0|1.0|INDIVIDUAL|VARIABLE|P0132053000|1|0|1.0|INDIVIDUAL|VARIABLE|P0132053000|1|0|1.0|INDIVIDUAL|VARIABLE|P0132053000|1|0|1.0|INDIVIDUAL|VARIABLE|P0132053000|1|0|1.0|INDIVIDUAL|VARIABLE|P0132053000|1|0|1.0|INDIVIDUAL|VARIABLE|P0132053000|1|0|1.0|INDIVIDUAL|VARIABLE|P0132053000|1|0|1.0|INDIVIDUAL|VARIABLE|P0132053000|1|0|1.0|INDIVIDUAL|VARIABLE|P0132053000|1|0|1.0|INDIVIDUAL|VARIABLE|P0132053000|1|0|1.0|INDIVIDUAL|VARIABLE|P0132053000|1|0|1.0|INDIVIDUAL|VARIABLE|P0132053000|1|0|1.0|INDIVIDUAL|VARIABLE|P0132053000|1|0|1.0|INDIVIDUAL|VARIABLE|P0132053000|1|0|1.0|INDIVIDUAL|VARIABLE|P0132053000|1|0|1.0|INDIVIDUAL|VARIABLE|P0132053000|1|0|1.0|INDIVIDUAL|VARIABLE|P0132053000|1|0|1.0|INDIVIDUAL|VARIABLE|P0132053000|1|0|1.0|INDIVIDUAL|VARIABLE|P0132053000|1|0|1.0|INDIVIDUAL|VARIABLE|P0132053000|1|0|1.0|INDIVIDUAL|VARIABLE|P0132053000|1|0|1.0|INDIVIDUAL|VARIABLE|P0132053000|1|0|1.0|INDIVIDUAL|VARIABLE|P0132053000|1|0|1.0|INDIVIDUAL|VARIABLE|P0132053000|1|0|1.0|INDIVIDUAL|VARIABLE|P0132053000|1|0|1.0|INDIVIDUAL|VARIABLE|P0132053000|1|0|1.0|INDIVIDUAL|VARIABLE|P0132053000|1|0|1.0|INDIVIDUAL|VARIABLE|P0132053000|1|0|1.0|INDIVIDUAL|VARIABLE|P0132053000|1|0|1.0|INDIVIDUAL|VARIABLE|P0132053000|1|0|1.0|INDIVIDUAL|VARIABLE|P0132053000|1|0|1.0|INDIVIDUAL|VARIABLE|P0132053000|1|0|1.0|INDIVIDUAL|VARIABLE|P0132053000|1|0|1.0|INDIVIDUAL|VARIABLE|P0132053000|1|0|1.0|INDIVIDUAL|VARIABLE|P0132053000|1|0|1.0|INDIVIDUAL|VARIABLE|P0132053000|1|0|1.0|INDIVIDUAL|VARIABLE|P0132053000|1|0|1.0|INDIVIDUAL|VARIABLE|P0132053000|1|0|1.0|INDIVIDUAL|VARIABLE|P0132053000|1|0|1.0|INDIVIDUAL|VARIABLE|P0132053000|1|0|1.0|INDIVIDUAL|VARIABLE|P0132053000|1|0|1.0|INDIVIDUAL|VARIABLE|P0132053000|1|0|1.0|INDIVIDUAL|VARIABLE|P0132053000|1|0|1.0|INDIVIDUAL|VARIABLE|P0132053000|1|0|1.0|INDIVIDUAL|VARIABLE|P0132053000|1|0|1.0|INDIVIDUAL|VARIABLE|P0132053000|1|0|1.0|INDIVIDUAL|VARIABLE|P0132053000|1|0|1.0|INDIVIDUAL|VARIABLE|P0132053000|1|0|1.0|INDIVIDUAL|VARIABLE|P0132053000|1|0|1.0|INDIVIDUAL|VARIABLE|P0132053000|1|0|1.0|INDIVIDUAL|VARIABLE|P0132053000|1|0|1.0|INDIVIDUAL|VARIABLE|P0132053000|1|0|1.0|INDIVIDUAL|VARIABLE|P0132053000|1|0|1.0|INDIVIDUAL|VARIABLE|P0132053000|1|0|1.0|INDIVIDUAL|VARIABLE|P0132053000|1|0|1.0|INDIVIDUAL|VARIABLE|P0132053000|1|0|1.0|INDIVIDUAL|VARIABLE|P0132053000|1|0|1.0|INDIVIDUAL|VARIABLE|P0132053000|1|0|1.0|INDIVIDUAL|VARIABLE|P0132053000|1|0|1.0|INDIVIDUAL|VARIABLE|P0132053000|1|0|1.0|INDIVIDUAL|VARIABLE|P0132053000|1|0|1.0|INDIVIDUAL|VARIABLE|P0132053000|1|0|1.0|INDIVIDUAL|VARIABLE|P0132053000|1|0|1.0|INDIVIDUAL|VARIABLE|P0132053000|1|0|1.0|INDIVIDUAL|VARIABLE|P0132053000|1|0|1.0|INDIVIDUAL|VARIABLE|P0132053000|1|0|1.0|INDIVIDUAL|VARIABLE|P0132053000|1|0|1.0|INDIVIDUAL|VARIABLE|P0132053000|1|0|1.0|INDIVIDUAL|VARIABLE|P0132053000|1|0|1.0|INDIVIDUAL|VARIABLE|P0132053000|1|0|1.0|INDIVIDUAL|VARIABLE|P0132053000|1|0|1.0|INDIVIDUAL|VARIABLE|P0132053000|1|0|1.0|INDIVIDUAL|VARIABLE|P0132053000|1|0|1.0|INDIVIDUAL|VARIABLE|P0132053000|1|0|1.0|INDIVIDUAL|VARIABLE|P0132053000|1|0|1.0|INDIVIDUAL|VARIABLE|P0132053000|1|0|1.0|INDIVIDUAL|VARIABLE|P0132053000|1|0|1.0|INDIVIDUAL|VARIABLE|P0132053000|1|0|1.0|INDIVIDUAL|VARIABLE|P0132053000|1|0|1.0|INDIVIDUAL|VARIABLE|P0132053000|1|0|1.0|INDIVIDUAL|VARIABLE|P0132053000|1|0|1.0|INDIVIDUAL|VARIABLE|P0132053000|1|0|1.0|INDIVIDUAL|VARIABLE|P0132053000|1|0|1.0|INDIVIDUAL|VARIABLE|P0132053000|1|0|1.0|INDIVIDUAL|VARIABLE|P0132053000|1|0|1.0|INDIVIDUAL|VARIABLE|P0132053000|1|0|1.0|INDIVIDUAL|VARIABLE|P0132053000|1|0|1.0|INDIVIDUAL|VARIABLE|P0132053000|1|0|1.0|INDIVIDUAL|VARIABLE|P0132053000|1|0|1.0|INDIVIDUAL|VARIABLE|P0132053000|1|0|1.0|INDIVIDUAL|VARIABLE|P0132053000|1|0|1.0|INDIVIDUAL|VARIABLE|P0132053000|1|0|1.0|INDIVIDUAL|VARIABLE|P0132053000|1|0|1.0|INDIVIDUAL|VARIABLE|P0132053000|1|0|1.0|INDIVIDUAL|VARIABLE|P0132053000|1|0|1.0|INDIVIDUAL|VARIABLE|P0132053000|1|0|1.0|INDIVIDUAL|VARIABLE|P0132053000|1|0|1.0|INDIVIDUAL|VARIABLE|P0132053000|1|0|1.0|INDIVIDUAL|VARIABLE|P0132053000|1|0|1.0|INDIVIDUAL|VARIABLE|P0132053000|1|0|1.0|INDIVIDUAL|VARIABLE|P0132053000|1|0|1.0|INDIVIDUAL|VARIABLE|P0132053000|1|0|1.0|INDIVIDUAL|VARIABLE|P0132053000|1|0|1.0|INDIVIDUAL|VARIABLE|P0132053000|1|0|1.0|INDIVIDUAL|VARIABLE|P0132053000|1|0|1.0|INDIVIDUAL|VARIABLE|P0132053000|1|0|1.0|INDIVIDUAL|VARIABLE|P0132053000|1|0|1.0|INDIVIDUAL|VARIABLE|P0132053000|1|0|1.0|INDIVIDUAL|VARIABLE|P0132053000|1|0|1.0|INDIVIDUAL|VARIABLE|P0132053000|1|0|1.0|INDIVIDUAL|VARIABLE|P0132053000|1|0|1.0|INDIVIDUAL|VARIABLE|P0132053000|1|0|1.0|INDIVIDUAL|VARIABLE|P0132053000|1|0|1.0|INDIVIDUAL|VARIABLE|P0132053000|1|0|1.0|INDIVIDUAL|VARIABLE|P0132053000|1|0|1.0|INDIVIDUAL|VARIABLE|P0132053000|1|0|1.0|INDIVIDUAL|VARIABLE|P0132053000|1|0|1.0|INDIVIDUAL|VARIABLE|P0132053000|1|0|1.0|INDIVIDUAL|VARIABLE|P0132053000|1|0|1.0|INDIVIDUAL|VARIABLE|P0132053000|1|0|1.0|INDIVIDUAL|VARIABLE|P0132053000|1|0|1.0|INDIVIDUAL|VARIABLE|P0132053000|1|0|1.0|INDIVIDUAL|VARIABLE|P0132053000|1|0|1.0|INDIVIDUAL|VARIABLE|P0132053000|1|0|1.0|INDIVIDUAL|VARIABLE|P0132053000|1|0|1.0|INDIVIDUAL|VARIABLE|P0132053000|1|0|1.0|INDIVIDUAL|VARIABLE|P0132053000|1|0|1.0|INDIVIDUAL|VARIABLE|P0132053000|1|0|1.0|INDIVIDUAL|VARIABLE|P0132053000|1|0|1.0|INDIVIDUAL|VARIABLE|P0132053000|1|0|1.0|INDIVIDUAL|VARIABLE|P0132053000|1|0|1.0|INDIVIDUAL|VARIABLE|P0132053000|1|0|1.0|INDIVIDUAL|VARIABLE|P0132053000|1|0|1.0|INDIVIDUAL|VARIABLE|P0132053000|1|0|1.0|INDIVIDUAL|VARIABLE|P0132053000|1|0|1.0|INDIVIDUAL|VARIABLE|P0132053000|1|0|1.0|INDIVIDUAL|VARIABLE|P0132053000|1|0|1.0|INDIVIDUAL|VARIABLE|P0132053000|1|0|1.0|INDIVIDUAL|VARIABLE|P0132053000|1|0|1.0|INDIVIDUAL|VARIABLE|P0132053000|1|0|1.0|INDIVIDUAL|VARIABLE|P0132053000|1|0|1.0|INDIVIDUAL|VARIABLE|P0132053000|1|0|1.0|INDIVIDUAL|VARIABLE|P0132053000|1|0|1.0|INDIVIDUAL|VARIABLE|P0132053000|1|0|1.0|INDIVIDUAL|VARIABLE|P0132053000|1|0|1.0|INDIVIDUAL|VARIABLE|P0132053000|1|0|1.0|INDIVIDUAL|VARIABLE|P0132053000|1|0|1.0|INDIVIDUAL|VARIABLE|P0132053000|1|0|1.0|INDIVIDUAL|VARIABLE|P0132053000|1|0|1.0|INDIVIDUAL|VARIABLE|P0132053000|1|0|1.0|INDIVIDUAL|VARIABLE|P0132053000|1|0|1.0|INDIVIDUAL|VARIABLE|P0132053000|1|0|1.0|INDIVIDUAL|VARIABLE|P0132053000|1|0|1.0|INDIVIDUAL|VARIABLE|P0132053000|1|0|1.0|INDIVIDUAL|VARIABLE|P0132053000|1|0|1.0|INDIVIDUAL|VARIABLE|P0132053000|1|0|1.0|INDIVIDUAL|VARIABLE|P0132053000|1|0|1.0|INDIVIDUAL|VARIABLE|P0132053000|1|0|1.0|INDIVIDUAL|VARIABLE|P0132053000|1|0|1.0|INDIVIDUAL|VARIABLE|P0132053000|1|0|1.0|INDIVIDUAL|VARIABLE|P0132053000|1|0|1.0|INDIVIDUAL|VARIABLE|P0132053000|1|0|1.0|INDIVIDUAL|VARIABLE|P0132053000|1|0|1.0|INDIVIDUAL|VARIABLE|P0132053000|1|0|1.0|INDIVIDUAL|VARIABLE|P0132053000|1|0|1.0|INDIVIDUAL|VARIABLE|P0132053000|1|0|1.0|INDIVIDUAL|VARIABLE|P0132053000|1|0|1.0|INDIVIDUAL|VARIABLE|P0132053000|1|0|1.0|INDIVIDUAL|VARIABLE|P0132053000|1|0|1.0|INDIVIDUAL|VARIABLE|P0132053000|1|0|1.0|INDIVIDUAL|VARIABLE|P0132053000|1|0|1.0|INDIVIDUAL|VARIABLE|P0132053000|1|0|1.0|INDIVIDUAL|VARIABLE|P0132053000|1|0|1.0|INDIVIDUAL|VARIABLE|P0132053000|1|0|1.0|INDIVIDUAL|VARIABLE|P0132053000|1|0|1.0|INDIVIDUAL|VARIABLE|P0132053000|1|0|1.0|INDIVIDUAL|VARIABLE|P0132053000|1|0|1.0|INDIVIDUAL|VARIABLE|P0132053000|1|0|1.0|INDIVIDUAL|VARIABLE|P0132053000|1|0|1.0|INDIVIDUAL|VARIABLE|P0132053000|1|0|1.0|INDIVIDUAL|VARIABLE|P0132053000|1|0|1.0|INDIVIDUAL|VARIABLE|P0132053000|1|0|1.0|INDIVIDUAL|VARIABLE|P0132053000|1|0|1.0|INDIVIDUAL|VARIABLE|P0132053000|1|0|1.0|INDIVIDUAL|VARIABLE|P0132053000|1|0|1.0|INDIVIDUAL|VARIABLE|P0132053000|1|0|1.0|INDIVIDUAL|VARIABLE|P0132053000|1|0|1.0|INDIVIDUAL|VARIABLE|P0132053000|1|0|1.0|INDIVIDUAL|VARIABLE|P0132053000|1|0|1.0|INDIVIDUAL|VARIABLE|P0132053000|1|0|1.0|INDIVIDUAL|VARIABLE|P0132053000|1|0|1.0|INDIVIDUAL|VARIABLE|P0132053000|1|0|1.0|INDIVIDUAL|VARIABLE|P0132053000|1|0|1.0|INDIVIDUAL|VARIABLE|P0132053000|1|0|1.0|INDIVIDUAL|VARIABLE|P0132053000|1|0|1.0|INDIVIDUAL|VARIABLE|P0132053000|1|0|1.0|INDIVIDUAL|VARIABLE|P0132053000|1|0|1.0|INDIVIDUAL|VARIABLE|P0132053000|1|0|1.0|INDIVIDUAL|VARIABLE|P0132053000|1|0|1.0|INDIVIDUAL|VARIABLE|P0132053000|1|0|1.0|INDIVIDUAL|VARIABLE|P0132053000|1|0|1.0|INDIVIDUAL|VARIABLE|P0132053000|1|0|1.0|INDIVIDUAL|VARIABLE|P0132053000|1|0|1.0|INDIVIDUAL|VARIABLE|P0132053000|1|0|1.0|INDIVIDUAL|VARIABLE|P0132053000|1|0|1.0|INDIVIDUAL|VARIABLE|P0132053000|1|0|1.0|INDIVIDUAL|VARIABLE|P0132053000|1|0|1.0|INDIVIDUAL|VARIABLE|P0132053000|1|0|1.0|INDIVIDUAL|VARIABLE|P0132053000|1|0|1.0|INDIVIDUAL|VARIABLE|P0132053000|1|0|1.0|INDIVIDUAL|VARIABLE|P0132053000|1|0|1.0|INDIVIDUAL|VARIABLE|P0132053000|1|0|1.0|INDIVIDUAL|VARIABLE|P0132053000|1|0|1.0|INDIVIDUAL|VARIABLE|P0132053000|1|0|1.0|INDIVIDUAL|VARIABLE|P0132053000|1|0|1.0|INDIVIDUAL|VARIABLE|P0132053000|1|0|1.0|INDIVIDUAL|VARIABLE|P0132053000|1|0|1.0|INDIVIDUAL|VARIABLE|P0132053000|1|0|1.0|INDIVIDUAL|VARIABLE|P0132053000|1|0|1.0|INDIVIDUAL|VARIABLE|P0132053000|1|0|1.0|INDIVIDUAL|VARIABLE|P0132053000|1|0|1.0|INDIVIDUAL|VARIABLE|P0132053000|1|0|1.0|INDIVIDUAL|VARIABLE|P0132053000|1|0|1.0|INDIVIDUAL|VARIABLE|P0132053000|1|0|1.0|INDIVIDUAL|VARIABLE|P0132053000|1|0|1.0|INDIVIDUAL|VARIABLE|P0132053000|1|0|1.0|INDIVIDUAL|VARIABLE|P0132053000|1|0|1.0|INDIVIDUAL|VARIABLE|P0132053000|1|0|1.0|INDIVIDUAL|VARIABLE|P0132053000|1|0|1.0|INDIVIDUAL|VARIABLE|P0132053000|1|0|1.0|INDIVIDUAL|VARIABLE|P0132053000|1|0|1.0|INDIVIDUAL|VARIABLE|P0132053000|1|0|1.0|INDIVIDUAL|VARIABLE|P0132053000|1|0|1.0|INDIVIDUAL|VARIABLE|P0132053000|1|0|1.0|INDIVIDUAL|VARIABLE|P0132053000|1|0|1.0|INDIVIDUAL|VARIABLE|P0132053000|1|0|1.0|INDIVIDUAL|VARIABLE|P0132053000|1|0|1.0|INDIVIDUAL|VARIABLE|P0132053000|1|0|1.0|INDIVIDUAL|VARIABLE|P0132053000|1|0|1.0|INDIVIDUAL|VARIABLE|P0132053000|1|0|1.0|INDIVIDUAL|VARIABLE|P0132053000|1|0|1.0|INDIVIDUAL|VARIABLE|P0132053000|1|0|1.0|INDIVIDUAL|VARIABLE|P0132053000|1|0|1.0|INDIVIDUAL|VARIABLE|P0132053000|1|0|1.0|INDIVIDUAL|VARIABLE|P0132053000|1|0|1.0|INDIVIDUAL|VARIABLE|P0132053000|1|0|1.0|INDIVIDUAL|VARIABLE|P0132053000|1|0|1.0|INDIVIDUAL|VARIABLE|P0132053000|1|0|1.0|INDIVIDUAL|VARIABLE|P0132053000|1|0|1.0|INDIVIDUAL|VARIABLE|P0132053000|1|0|1.0|INDIVIDUAL|VARIABLE|P0132053000|1|0|1.0|INDIVIDUAL|VARIABLE|P0132053000|1|0|1.0|INDIVIDUAL|VARIABLE|P0132053000|1|0|1.0|INDIVIDUAL|VARIABLE|P0132053000|1|0|1.0
305,INDIVIDUAL|VARIABLE|P0132059003|1|0|1.0|INDIVIDUAL|VARIABLE|P0132059003|1|0|1.0|INDIVIDUAL|VARIABLE|P0132059003|1|0|1.0|INDIVIDUAL|VARIABLE|P0132059003|1|0|1.0|INDIVIDUAL|VARIABLE|P0132059003|1|0|1.0|INDIVIDUAL|VARIABLE|P0132059003|1|0|1.0|INDIVIDUAL|VARIABLE|P0132059003|1|0|1.0|INDIVIDUAL|VARIABLE|P0132059003|1|0|1.0|INDIVIDUAL|VARIABLE|P0132059003|1|0|1.0|INDIVIDUAL|VARIABLE|P0132059003|1|0|1.0|INDIVIDUAL|VARIABLE|P0132059003|1|0|1.0|INDIVIDUAL|VARIABLE|P0132059003|1|0|1.0|INDIVIDUAL|VARIABLE|P0132059003|1|0|1.0|INDIVIDUAL|VARIABLE|P0132059003|1|0|1.0|INDIVIDUAL|VARIABLE|P0132059003|1|0|1.0|INDIVIDUAL|VARIABLE|P0132059003|1|0|1.0|INDIVIDUAL|VARIABLE|P0132059003|1|0|1.0|INDIVIDUAL|VARIABLE|P0132059003|1|0|1.0|INDIVIDUAL|VARIABLE|P0132059003|1|0|1.0|INDIVIDUAL|VARIABLE|P0132059003|1|0|1.0|INDIVIDUAL|VARIABLE|P0132059003|1|0|1.0|INDIVIDUAL|VARIABLE|P0132059003|1|0|1.0|INDIVIDUAL|VARIABLE|P0132059003|1|0|1.0|INDIVIDUAL|VARIABLE|P0132059003|1|0|1.0|INDIVIDUAL|VARIABLE|P0132059003|1|0|1.0|INDIVIDUAL|VARIABLE|P0132059003|1|0|1.0|INDIVIDUAL|VARIABLE|P0132059003|1|0|1.0|INDIVIDUAL|VARIABLE|P0132059003|1|0|1.0|INDIVIDUAL|VARIABLE|P0132059003|1|0|1.0|INDIVIDUAL|VARIABLE|P0132059003|1|0|1.0|INDIVIDUAL|VARIABLE|P0132059003|1|0|1.0|INDIVIDUAL|VARIABLE|P0132059003|1|0|1.0|INDIVIDUAL|VARIABLE|P0132059003|1|0|1.0|INDIVIDUAL|VARIABLE|P0132059003|1|0|1.0|INDIVIDUAL|VARIABLE|P0132059003|1|0|1.0|INDIVIDUAL|VARIABLE|P0132059003|1|0|1.0|INDIVIDUAL|VARIABLE|P0132059003|1|0|1.0|INDIVIDUAL|VARIABLE|P0132059003|1|0|1.0|INDIVIDUAL|VARIABLE|P0132059003|1|0|1.0|INDIVIDUAL|VARIABLE|P0132059003|1|0|1.0|INDIVIDUAL|VARIABLE|P0132059003|1|0|1.0|INDIVIDUAL|VARIABLE|P0132059003|1|0|1.0|INDIVIDUAL|VARIABLE|P0132059003|1|0|1.0|INDIVIDUAL|VARIABLE|P0132059003|1|0|1.0|INDIVIDUAL|VARIABLE|P0132059003|1|0|1.0|INDIVIDUAL|VARIABLE|P0132059003|1|0|1.0|INDIVIDUAL|VARIABLE|P0132059003|1|0|1.0|INDIVIDUAL|VARIABLE|P0132059003|1|0|1.0|INDIVIDUAL|VARIABLE|P0132059003|1|0|1.0|INDIVIDUAL|VARIABLE|P0132059003|1|0|1.0|INDIVIDUAL|VARIABLE|P0132059003|1|0|1.0|INDIVIDUAL|VARIABLE|P0132059003|1|0|1.0|INDIVIDUAL|VARIABLE|P0132059003|1|0|1.0|INDIVIDUAL|VARIABLE|P0132059003|1|0|1.0|INDIVIDUAL|VARIABLE|P0132059003|1|0|1.0|INDIVIDUAL|VARIABLE|P0132059003|1|0|1.0|INDIVIDUAL|VARIABLE|P0132059003|1|0|1.0|INDIVIDUAL|VARIABLE|P0132059003|1|0|1.0|INDIVIDUAL|VARIABLE|P0132059003|1|0|1.0|INDIVIDUAL|VARIABLE|P0132059003|1|0|1.0
306,INDIVIDUAL|VARIABLE|P0132059007|1|0|1.0|INDIVIDUAL|VARIABLE|P0132059007|1|0|1.0|INDIVIDUAL|VARIABLE|P0132059007|1|0|1.0|INDIVIDUAL|VARIABLE|P0132059007|1|0|1.0|INDIVIDUAL|VARIABLE|P0132059007|1|0|1.0|INDIVIDUAL|VARIABLE|P0132059007|1|0|1.0|INDIVIDUAL|VARIABLE|P0132059007|1|0|1.0|INDIVIDUAL|VARIABLE|P0132059007|1|0|1.0|INDIVIDUAL|VARIABLE|P0132059007|1|0|1.0|INDIVIDUAL|VARIABLE|P0132059007|1|0|1.0|INDIVIDUAL|VARIABLE|P0132059007|1|0|1.0|INDIVIDUAL|VARIABLE|P0132059007|1|0|1.0|INDIVIDUAL|VARIABLE|P0132059007|1|0|1.0|INDIVIDUAL|VARIABLE|P0132059007|1|0|1.0|INDIVIDUAL|VARIABLE|P0132059007|1|0|1.0|INDIVIDUAL|VARIABLE|P0132059007|1|0|1.0|INDIVIDUAL|VARIABLE|P0132059007|1|0|1.0|INDIVIDUAL|VARIABLE|P0132059007|1|0|1.0|INDIVIDUAL|VARIABLE|P0132059007|1|0|1.0|INDIVIDUAL|VARIABLE|P0132059007|1|0|1.0|INDIVIDUAL|VARIABLE|P0132059007|1|0|1.0|INDIVIDUAL|VARIABLE|P0132059007|1|0|1.0|INDIVIDUAL|VARIABLE|P0132059007|1|0|1.0|INDIVIDUAL|VARIABLE|P0132059007|1|0|1.0|INDIVIDUAL|VARIABLE|P0132059007|1|0|1.0|INDIVIDUAL|VARIABLE|P0132059007|1|0|1.0|INDIVIDUAL|VARIABLE|P0132059007|1|0|1.0|INDIVIDUAL|VARIABLE|P0132059007|1|0|1.0|INDIVIDUAL|VARIABLE|P0132059007|1|0|1.0|INDIVIDUAL|VARIABLE|P0132059007|1|0|1.0|INDIVIDUAL|VARIABLE|P0132059007|1|0|1.0|INDIVIDUAL|VARIABLE|P0132059007|1|0|1.0|INDIVIDUAL|VARIABLE|P0132059007|1|0|1.0|INDIVIDUAL|VARIABLE|P0132059007|1|0|1.0|INDIVIDUAL|VARIABLE|P0132059007|1|0|1.0|INDIVIDUAL|VARIABLE|P0132059007|1|0|1.0
307,INDIVIDUAL|VARIABLE|P0132058006|1|0|1.0|INDIVIDUAL|VARIABLE|P0132058006|1|0|1.0|INDIVIDUAL|VARIABLE|P0132058006|1|0|1.0|INDIVIDUAL|VARIABLE|P0132058006|1|0|1.0|INDIVIDUAL|VARIABLE|P0132058006|1|0|1.0|INDIVIDUAL|VARIABLE|P0132058006|1|0|1.0|INDIVIDUAL|VARIABLE|P0132058006|1|0|1.0|INDIVIDUAL|VARIABLE|P0132058006|1|0|1.0|INDIVIDUAL|VARIABLE|P0132058006|1|0|1.0|INDIVIDUAL|VARIABLE|P0132058006|1|0|1.0|INDIVIDUAL|VARIABLE|P0132058006|1|0|1.0|INDIVIDUAL|VARIABLE|P0132058006|1|0|1.0|INDIVIDUAL|VARIABLE|P0132058006|1|0|1.0|INDIVIDUAL|VARIABLE|P0132058006|1|0|1.0|INDIVIDUAL|VARIABLE|P0132058006|1|0|1.0|INDIVIDUAL|VARIABLE|P0132058006|1|0|1.0|INDIVIDUAL|VARIABLE|P0132058006|1|0|1.0|INDIVIDUAL|VARIABLE|P0132058006|1|0|1.0|INDIVIDUAL|VARIABLE|P0132058006|1|0|1.0|INDIVIDUAL|VARIABLE|P0132058006|1|0|1.0|INDIVIDUAL|VARIABLE|P0132058006|1|0|1.0|INDIVIDUAL|VARIABLE|P0132058006|1|0|1.0|INDIVIDUAL|VARIABLE|P0132058006|1|0|1.0|INDIVIDUAL|VARIABLE|P0132058006|1|0|1.0|INDIVIDUAL|VARIABLE|P0132058006|1|0|1.0|INDIVIDUAL|VARIABLE|P0132058006|1|0|1.0|INDIVIDUAL|VARIABLE|P0132058006|1|0|1.0|INDIVIDUAL|VARIABLE|P0132058006|1|0|1.0|INDIVIDUAL|VARIABLE|P0132058006|1|0|1.0|INDIVIDUAL|VARIABLE|P0132058006|1|0|1.0|INDIVIDUAL|VARIABLE|P0132058006|1|0|1.0|INDIVIDUAL|VARIABLE|P0132058006|1|0|1.0|INDIVIDUAL|VARIABLE|P0132058006|1|0|1.0|INDIVIDUAL|VARIABLE|P0132058006|1|0|1.0|INDIVIDUAL|VARIABLE|P0132058006|1|0|1.0|INDIVIDUAL|VARIABLE|P0132058006|1|0|1.0|INDIVIDUAL|VARIABLE|P0132058006|1|0|1.0|INDIVIDUAL|VARIABLE|P0132058006|1|0|1.0|INDIVIDUAL|VARIABLE|P0132058006|1|0|1.0|INDIVIDUAL|VARIABLE|P0132058006|1|0|1.0|INDIVIDUAL|VARIABLE|P0132058006|1|0|1.0|INDIVIDUAL|VARIABLE|P0132058006|1|0|1.0|INDIVIDUAL|VARIABLE|P0132058006|1|0|1.0|INDIVIDUAL|VARIABLE|P0132058006|1|0|1.0|INDIVIDUAL|VARIABLE|P0132058006|1|0|1.0|INDIVIDUAL|VARIABLE|P0132058006|1|0|1.0|INDIVIDUAL|VARIABLE|P0132058006|1|0|1.0|INDIVIDUAL|VARIABLE|P0132058006|1|0|1.0|INDIVIDUAL|VARIABLE|P0132058006|1|0|1.0|INDIVIDUAL|VARIABLE|P0132058006|1|0|1.0|INDIVIDUAL|VARIABLE|P0132058006|1|0|1.0|INDIVIDUAL|VARIABLE|P0132058006|1|0|1.0|INDIVIDUAL|VARIABLE|P0132058006|1|0|1.0|INDIVIDUAL|VARIABLE|P0132058006|1|0|1.0|INDIVIDUAL|VARIABLE|P0132058006|1|0|1.0|INDIVIDUAL|VARIABLE|P0132058006|1|0|1.0|INDIVIDUAL|VARIABLE|P0132058006|1|0|1.0|INDIVIDUAL|VARIABLE|P0132058006|1|0|1.0|INDIVIDUAL|VARIABLE|P0132058006|1|0|1.0|INDIVIDUAL|VARIABLE|P0132058006|1|0|1.0
308,INDIVIDUAL|VARIABLE|P0132060002|1|0|1.0|INDIVIDUAL|VARIABLE|P0132060002|1|0|1.0|INDIVIDUAL|VARIABLE|P0132060002|1|0|1.0|INDIVIDUAL|VARIABLE|P0132060002|1|0|1.0|INDIVIDUAL|VARIABLE|P0132060002|1|0|1.0|INDIVIDUAL|VARIABLE|P0132060002|1|0|1.0|INDIVIDUAL|VARIABLE|P0132060002|1|0|1.0|INDIVIDUAL|VARIABLE|P0132060002|1|0|1.0|INDIVIDUAL|VARIABLE|P0132060002|1|0|1.0|INDIVIDUAL|VARIABLE|P0132060002|1|0|1.0|INDIVIDUAL|VARIABLE|P0132060002|1|0|1.0|INDIVIDUAL|VARIABLE|P0132060002|1|0|1.0|INDIVIDUAL|VARIABLE|P0132060002|1|0|1.0|INDIVIDUAL|VARIABLE|P0132060002|1|0|1.0|INDIVIDUAL|VARIABLE|P0132060002|1|0|1.0|INDIVIDUAL|VARIABLE|P0132060002|1|0|1.0|INDIVIDUAL|VARIABLE|P0132060002|1|0|1.0|INDIVIDUAL|VARIABLE|P0132060002|1|0|1.0|INDIVIDUAL|VARIABLE|P0132060002|1|0|1.0|INDIVIDUAL|VARIABLE|P0132060002|1|0|1.0|INDIVIDUAL|VARIABLE|P0132060002|1|0|1.0|INDIVIDUAL|VARIABLE|P0132060002|1|0|1.0|INDIVIDUAL|VARIABLE|P0132060002|1|0|1.0|INDIVIDUAL|VARIABLE|P0132060002|1|0|1.0|INDIVIDUAL|VARIABLE|P0132060002|1|0|1.0|INDIVIDUAL|VARIABLE|P0132060002|1|0|1.0|INDIVIDUAL|VARIABLE|P0132060002|1|0|1.0|INDIVIDUAL|VARIABLE|P0132060002|1|0|1.0|INDIVIDUAL|VARIABLE|P0132060002|1|0|1.0|INDIVIDUAL|VARIABLE|P0132060002|1|0|1.0|INDIVIDUAL|VARIABLE|P0132060002|1|0|1.0|INDIVIDUAL|VARIABLE|P0132060002|1|0|1.0|INDIVIDUAL|VARIABLE|P0132060002|1|0|1.0|INDIVIDUAL|VARIABLE|P0132060002|1|0|1.0|INDIVIDUAL|VARIABLE|P0132060002|1|0|1.0|INDIVIDUAL|VARIABLE|P0132060002|1|0|1.0
309,INDIVIDUAL|VARIABLE|P0132050000|1|0|1.0|INDIVIDUAL|VARIABLE|P0132050000|1|0|1.0|INDIVIDUAL|VARIABLE|P0132050000|1|0|1.0|INDIVIDUAL|VARIABLE|P0132050000|1|0|1.0|INDIVIDUAL|VARIABLE|P0132050000|1|0|1.0|INDIVIDUAL|VARIABLE|P0132050000|1|0|1.0|INDIVIDUAL|VARIABLE|P0132050000|1|0|1.0|INDIVIDUAL|VARIABLE|P0132050000|1|0|1.0|INDIVIDUAL|VARIABLE|P0132050000|1|0|1.0|INDIVIDUAL|VARIABLE|P0132050000|1|0|1.0|INDIVIDUAL|VARIABLE|P0132050000|1|0|1.0|INDIVIDUAL|VARIABLE|P0132050000|1|0|1.0|INDIVIDUAL|VARIABLE|P0132050000|1|0|1.0|INDIVIDUAL|VARIABLE|P0132050000|1|0|1.0|INDIVIDUAL|VARIABLE|P0132050000|1|0|1.0|INDIVIDUAL|VARIABLE|P0132050000|1|0|1.0|INDIVIDUAL|VARIABLE|P0132050000|1|0|1.0|INDIVIDUAL|VARIABLE|P0132050000|1|0|1.0|INDIVIDUAL|VARIABLE|P0132050000|1|0|1.0|INDIVIDUAL|VARIABLE|P0132050000|1|0|1.0|INDIVIDUAL|VARIABLE|P0132050000|1|0|1.0|INDIVIDUAL|VARIABLE|P0132050000|1|0|1.0|INDIVIDUAL|VARIABLE|P0132050000|1|0|1.0|INDIVIDUAL|VARIABLE|P0132050000|1|0|1.0|INDIVIDUAL|VARIABLE|P0132050000|1|0|1.0|INDIVIDUAL|VARIABLE|P0132050000|1|0|1.0|INDIVIDUAL|VARIABLE|P0132050000|1|0|1.0|INDIVIDUAL|VARIABLE|P0132050000|1|0|1.0|INDIVIDUAL|VARIABLE|P0132050000|1|0|1.0|INDIVIDUAL|VARIABLE|P0132050000|1|0|1.0|INDIVIDUAL|VARIABLE|P0132050000|1|0|1.0|INDIVIDUAL|VARIABLE|P0132050000|1|0|1.0|INDIVIDUAL|VARIABLE|P0132050000|1|0|1.0|INDIVIDUAL|VARIABLE|P0132050000|1|0|1.0|INDIVIDUAL|VARIABLE|P0132050000|1|0|1.0|INDIVIDUAL|VARIABLE|P0132050000|1|0|1.0|INDIVIDUAL|VARIABLE|P0132050000|1|0|1.0|INDIVIDUAL|VARIABLE|P0132050000|1|0|1.0|INDIVIDUAL|VARIABLE|P0132050000|1|0|1.0|INDIVIDUAL|VARIABLE|P0132050000|1|0|1.0|INDIVIDUAL|VARIABLE|P0132050000|1|0|1.0|INDIVIDUAL|VARIABLE|P0132050000|1|0|1.0|INDIVIDUAL|VARIABLE|P0132050000|1|0|1.0|INDIVIDUAL|VARIABLE|P0132050000|1|0|1.0|INDIVIDUAL|VARIABLE|P0132050000|1|0|1.0|INDIVIDUAL|VARIABLE|P0132050000|1|0|1.0|INDIVIDUAL|VARIABLE|P0132050000|1|0|1.0|INDIVIDUAL|VARIABLE|P0132050000|1|0|1.0|INDIVIDUAL|VARIABLE|P0132050000|1|0|1.0|INDIVIDUAL|VARIABLE|P0132050000|1|0|1.0|INDIVIDUAL|VARIABLE|P0132050000|1|0|1.0|INDIVIDUAL|VARIABLE|P0132050000|1|0|1.0|INDIVIDUAL|VARIABLE|P0132050000|1|0|1.0|INDIVIDUAL|VARIABLE|P0132050000|1|0|1.0|INDIVIDUAL|VARIABLE|P0132050000|1|0|1.0|INDIVIDUAL|VARIABLE|P0132050000|1|0|1.0|INDIVIDUAL|VARIABLE|P0132050000|1|0|1.0|INDIVIDUAL|VARIABLE|P0132050000|1|0|1.0|INDIVIDUAL|VARIABLE|P0132050000|1|0|1.0|INDIVIDUAL|VARIABLE|P0132050000|1|0|1.0|INDIVIDUAL|VARIABLE|P0132050000|1|0|1.0|INDIVIDUAL|VARIABLE|P0132050000|1|0|1.0|INDIVIDUAL|VARIABLE|P0132050000|1|0|1.0|INDIVIDUAL|VARIABLE|P0132050000|1|0|1.0|INDIVIDUAL|VARIABLE|P0132050000|1|0|1.0|INDIVIDUAL|VARIABLE|P0132050000|1|0|1.0|INDIVIDUAL|VARIABLE|P0132050000|1|0|1.0|INDIVIDUAL|VARIABLE|P0132050000|1|0|1.0|INDIVIDUAL|VARIABLE|P0132050000|1|0|1.0|INDIVIDUAL|VARIABLE|P0132050000|1|0|1.0|INDIVIDUAL|VARIABLE|P0132050000|1|0|1.0|INDIVIDUAL|VARIABLE|P0132050000|1|0|1.0|INDIVIDUAL|VARIABLE|P0132050000|1|0|1.0|INDIVIDUAL|VARIABLE|P0132050000|1|0|1.0|INDIVIDUAL|VARIABLE|P0132050000|1|0|1.0|INDIVIDUAL|VARIABLE|P0132050000|1|0|1.0|INDIVIDUAL|VARIABLE|P0132050000|1|0|1.0|INDIVIDUAL|VARIABLE|P0132050000|1|0|1.0|INDIVIDUAL|VARIABLE|P0132050000|1|0|1.0|INDIVIDUAL|VARIABLE|P0132050000|1|0|1.0|INDIVIDUAL|VARIABLE|P0132050000|1|0|1.0|INDIVIDUAL|VARIABLE|P0132050000|1|0|1.0|INDIVIDUAL|VARIABLE|P0132050000|1|0|1.0|INDIVIDUAL|VARIABLE|P0132050000|1|0|1.0
310,INDIVIDUAL|VARIABLE|P0216050000|1|0|1.0|INDIVIDUAL|VARIABLE|P0216050000|1|0|1.0|INDIVIDUAL|VARIABLE|P0216050000|1|0|1.0|INDIVIDUAL|VARIABLE|P0216050000|1|0|1.0|INDIVIDUAL|VARIABLE|P0216050000|1|0|1.0|INDIVIDUAL|VARIABLE|P0216050000|1|0|1.0|INDIVIDUAL|VARIABLE|P0216050000|1|0|1.0|INDIVIDUAL|VARIABLE|P0216050000|1|0|1.0|INDIVIDUAL|VARIABLE|P0216050000|1|0|1.0|INDIVIDUAL|VARIABLE|P0216050000|1|0|1.0|INDIVIDUAL|VARIABLE|P0216050000|1|0|1.0|INDIVIDUAL|VARIABLE|P0216050000|1|0|1.0|INDIVIDUAL|VARIABLE|P0216050000|1|0|1.0|INDIVIDUAL|VARIABLE|P0216050000|1|0|1.0|INDIVIDUAL|VARIABLE|P0216050000|1|0|1.0|INDIVIDUAL|VARIABLE|P0216050000|1|0|1.0|INDIVIDUAL|VARIABLE|P0216050000|1|0|1.0|INDIVIDUAL|VARIABLE|P0216050000|1|0|1.0|INDIVIDUAL|VARIABLE|P0216050000|1|0|1.0|INDIVIDUAL|VARIABLE|P0216050000|1|0|1.0|INDIVIDUAL|VARIABLE|P0216050000|1|0|1.0|INDIVIDUAL|VARIABLE|P0216050000|1|0|1.0|INDIVIDUAL|VARIABLE|P0216050000|1|0|1.0|INDIVIDUAL|VARIABLE|P0216050000|1|0|1.0|INDIVIDUAL|VARIABLE|P0216050000|1|0|1.0|INDIVIDUAL|VARIABLE|P0216050000|1|0|1.0|INDIVIDUAL|VARIABLE|P0216050000|1|0|1.0|INDIVIDUAL|VARIABLE|P0216050000|1|0|1.0|INDIVIDUAL|VARIABLE|P0216050000|1|0|1.0|INDIVIDUAL|VARIABLE|P0216050000|1|0|1.0|INDIVIDUAL|VARIABLE|P0216050000|1|0|1.0|INDIVIDUAL|VARIABLE|P0216050000|1|0|1.0|INDIVIDUAL|VARIABLE|P0216050000|1|0|1.0|INDIVIDUAL|VARIABLE|P0216050000|1|0|1.0|INDIVIDUAL|VARIABLE|P0216050000|1|0|1.0|INDIVIDUAL|VARIABLE|P0216050000|1|0|1.0|INDIVIDUAL|VARIABLE|P0216050000|1|0|1.0|INDIVIDUAL|VARIABLE|P0216050000|1|0|1.0|INDIVIDUAL|VARIABLE|P0216050000|1|0|1.0|INDIVIDUAL|VARIABLE|P0216050000|1|0|1.0|INDIVIDUAL|VARIABLE|P0216050000|1|0|1.0|INDIVIDUAL|VARIABLE|P0216050000|1|0|1.0|INDIVIDUAL|VARIABLE|P0216050000|1|0|1.0|INDIVIDUAL|VARIABLE|P0216050000|1|0|1.0|INDIVIDUAL|VARIABLE|P0216050000|1|0|1.0|INDIVIDUAL|VARIABLE|P0216050000|1|0|1.0|INDIVIDUAL|VARIABLE|P0216050000|1|0|1.0|INDIVIDUAL|VARIABLE|P0216050000|1|0|1.0|INDIVIDUAL|VARIABLE|P0216050000|1|0|1.0|INDIVIDUAL|VARIABLE|P0216050000|1|0|1.0|INDIVIDUAL|VARIABLE|P0216050000|1|0|1.0|INDIVIDUAL|VARIABLE|P0216050000|1|0|1.0|INDIVIDUAL|VARIABLE|P0216050000|1|0|1.0|INDIVIDUAL|VARIABLE|P0216050000|1|0|1.0|INDIVIDUAL|VARIABLE|P0216050000|1|0|1.0|INDIVIDUAL|VARIABLE|P0216050000|1|0|1.0|INDIVIDUAL|VARIABLE|P0216050000|1|0|1.0|INDIVIDUAL|VARIABLE|P0216050000|1|0|1.0|INDIVIDUAL|VARIABLE|P0216050000|1|0|1.0|INDIVIDUAL|VARIABLE|P0216050000|1|0|1.0|INDIVIDUAL|VARIABLE|P0216050000|1|0|1.0|INDIVIDUAL|VARIABLE|P0216050000|1|0|1.0|INDIVIDUAL|VARIABLE|P0216050000|1|0|1.0|INDIVIDUAL|VARIABLE|P0216050000|1|0|1.0|INDIVIDUAL|VARIABLE|P0216050000|1|0|1.0|INDIVIDUAL|VARIABLE|P0216050000|1|0|1.0
311,INDIVIDUAL|VARIABLE|P0194056000|1|0|1.0|INDIVIDUAL|VARIABLE|P0194056000|1|0|1.0|INDIVIDUAL|VARIABLE|P0194056000|1|0|1.0|INDIVIDUAL|VARIABLE|P0194056000|1|0|1.0|INDIVIDUAL|VARIABLE|P0194056000|1|0|1.0|INDIVIDUAL|VARIABLE|P0194056000|1|0|1.0|INDIVIDUAL|VARIABLE|P0194056000|1|0|1.0|INDIVIDUAL|VARIABLE|P0194056000|1|0|1.0|INDIVIDUAL|VARIABLE|P0194056000|1|0|1.0|INDIVIDUAL|VARIABLE|P0194056000|1|0|1.0|INDIVIDUAL|VARIABLE|P0194056000|1|0|1.0|INDIVIDUAL|VARIABLE|P0194056000|1|0|1.0|INDIVIDUAL|VARIABLE|P0194056000|1|0|1.0|INDIVIDUAL|VARIABLE|P0194056000|1|0|1.0|INDIVIDUAL|VARIABLE|P0194056000|1|0|1.0|INDIVIDUAL|VARIABLE|P0194056000|1|0|1.0|INDIVIDUAL|VARIABLE|P0194056000|1|0|1.0|INDIVIDUAL|VARIABLE|P0194056000|1|0|1.0|INDIVIDUAL|VARIABLE|P0194056000|1|0|1.0|INDIVIDUAL|VARIABLE|P0194056000|1|0|1.0|INDIVIDUAL|VARIABLE|P0194056000|1|0|1.0|INDIVIDUAL|VARIABLE|P0194056000|1|0|1.0|INDIVIDUAL|VARIABLE|P0194056000|1|0|1.0|INDIVIDUAL|VARIABLE|P0194056000|1|0|1.0|INDIVIDUAL|VARIABLE|P0194056000|1|0|1.0|INDIVIDUAL|VARIABLE|P0194056000|1|0|1.0|INDIVIDUAL|VARIABLE|P0194056000|1|0|1.0|INDIVIDUAL|VARIABLE|P0194056000|1|0|1.0|INDIVIDUAL|VARIABLE|P0194056000|1|0|1.0|INDIVIDUAL|VARIABLE|P0194056000|1|0|1.0|INDIVIDUAL|VARIABLE|P0194056000|1|0|1.0|INDIVIDUAL|VARIABLE|P0194056000|1|0|1.0|INDIVIDUAL|VARIABLE|P0194056000|1|0|1.0|INDIVIDUAL|VARIABLE|P0194056000|1|0|1.0|INDIVIDUAL|VARIABLE|P0194056000|1|0|1.0|INDIVIDUAL|VARIABLE|P0194056000|1|0|1.0|INDIVIDUAL|VARIABLE|P0194056000|1|0|1.0|INDIVIDUAL|VARIABLE|P0194056000|1|0|1.0|INDIVIDUAL|VARIABLE|P0194056000|1|0|1.0|INDIVIDUAL|VARIABLE|P0194056000|1|0|1.0|INDIVIDUAL|VARIABLE|P0194056000|1|0|1.0|INDIVIDUAL|VARIABLE|P0194056000|1|0|1.0|INDIVIDUAL|VARIABLE|P0194056000|1|0|1.0|INDIVIDUAL|VARIABLE|P0194056000|1|0|1.0|INDIVIDUAL|VARIABLE|P0194056000|1|0|1.0|INDIVIDUAL|VARIABLE|P0194056000|1|0|1.0|INDIVIDUAL|VARIABLE|P0194056000|1|0|1.0|INDIVIDUAL|VARIABLE|P0194056000|1|0|1.0
312,INDIVIDUAL|VARIABLE|P0197132000|1|0|1.0|INDIVIDUAL|VARIABLE|P0197132000|1|0|1.0|INDIVIDUAL|VARIABLE|P0197132000|1|0|1.0|INDIVIDUAL|VARIABLE|P0197132000|1|0|1.0|INDIVIDUAL|VARIABLE|P0197132000|1|0|1.0|INDIVIDUAL|VARIABLE|P0197132000|1|0|1.0|INDIVIDUAL|VARIABLE|P0197132000|1|0|1.0|INDIVIDUAL|VARIABLE|P0197132000|1|0|1.0|INDIVIDUAL|VARIABLE|P0197132000|1|0|1.0|INDIVIDUAL|VARIABLE|P0197132000|1|0|1.0|INDIVIDUAL|VARIABLE|P0197132000|1|0|1.0|INDIVIDUAL|VARIABLE|P0197132000|1|0|1.0|INDIVIDUAL|VARIABLE|P0197132000|1|0|1.0|INDIVIDUAL|VARIABLE|P0197132000|1|0|1.0|INDIVIDUAL|VARIABLE|P0197132000|1|0|1.0|INDIVIDUAL|VARIABLE|P0197132000|1|0|1.0|INDIVIDUAL|VARIABLE|P0197132000|1|0|1.0|INDIVIDUAL|VARIABLE|P0197132000|1|0|1.0|INDIVIDUAL|VARIABLE|P0197132000|1|0|1.0|INDIVIDUAL|VARIABLE|P0197132000|1|0|1.0|INDIVIDUAL|VARIABLE|P0197132000|1|0|1.0|INDIVIDUAL|VARIABLE|P0197132000|1|0|1.0|INDIVIDUAL|VARIABLE|P0197132000|1|0|1.0|INDIVIDUAL|VARIABLE|P0197132000|1|0|1.0|INDIVIDUAL|VARIABLE|P0197132000|1|0|1.0|INDIVIDUAL|VARIABLE|P0197132000|1|0|1.0|INDIVIDUAL|VARIABLE|P0197132000|1|0|1.0|INDIVIDUAL|VARIABLE|P0197132000|1|0|1.0|INDIVIDUAL|VARIABLE|P0197132000|1|0|1.0|INDIVIDUAL|VARIABLE|P0197132000|1|0|1.0|INDIVIDUAL|VARIABLE|P0197132000|1|0|1.0|INDIVIDUAL|VARIABLE|P0197132000|1|0|1.0|INDIVIDUAL|VARIABLE|P0197132000|1|0|1.0|INDIVIDUAL|VARIABLE|P0197132000|1|0|1.0|INDIVIDUAL|VARIABLE|P0197132000|1|0|1.0|INDIVIDUAL|VARIABLE|P0197132000|1|0|1.0|INDIVIDUAL|VARIABLE|P0197132000|1|0|1.0|INDIVIDUAL|VARIABLE|P0197132000|1|0|1.0|INDIVIDUAL|VARIABLE|P0197132000|1|0|1.0|INDIVIDUAL|VARIABLE|P0197132000|1|0|1.0|INDIVIDUAL|VARIABLE|P0197132000|1|0|1.0|INDIVIDUAL|VARIABLE|P0197132000|1|0|1.0|INDIVIDUAL|VARIABLE|P0197132000|1|0|1.0|INDIVIDUAL|VARIABLE|P0197132000|1|0|1.0|INDIVIDUAL|VARIABLE|P0197132000|1|0|1.0|INDIVIDUAL|VARIABLE|P0197132000|1|0|1.0|INDIVIDUAL|VARIABLE|P0197132000|1|0|1.0|INDIVIDUAL|VARIABLE|P0197132000|1|0|1.0|INDIVIDUAL|VARIABLE|P0197132000|1|0|1.0|INDIVIDUAL|VARIABLE|P0197132000|1|0|1.0|INDIVIDUAL|VARIABLE|P0197132000|1|0|1.0|INDIVIDUAL|VARIABLE|P0197132000|1|0|1.0|INDIVIDUAL|VARIABLE|P0197132000|1|0|1.0|INDIVIDUAL|VARIABLE|P0197132000|1|0|1.0|INDIVIDUAL|VARIABLE|P0197132000|1|0|1.0|INDIVIDUAL|VARIABLE|P0197132000|1|0|1.0|INDIVIDUAL|VARIABLE|P0197132000|1|0|1.0|INDIVIDUAL|VARIABLE|P0197132000|1|0|1.0|INDIVIDUAL|VARIABLE|P0197132000|1|0|1.0|INDIVIDUAL|VARIABLE|P0197132000|1|0|1.0|INDIVIDUAL|VARIABLE|P0197132000|1|0|1.0|INDIVIDUAL|VARIABLE|P0197132000|1|0|1.0|INDIVIDUAL|VARIABLE|P0197132000|1|0|1.0|INDIVIDUAL|VARIABLE|P0197132000|1|0|1.0|INDIVIDUAL|VARIABLE|P0197132000|1|0|1.0|INDIVIDUAL|VARIABLE|P0197132000|1|0|1.0|INDIVIDUAL|VARIABLE|P0197132000|1|0|1.0|INDIVIDUAL|VARIABLE|P0197132000|1|0|1.0|INDIVIDUAL|VARIABLE|P0197132000|1|0|1.0|INDIVIDUAL|VARIABLE|P0197132000|1|0|1.0|INDIVIDUAL|VARIABLE|P0197132000|1|0|1.0|INDIVIDUAL|VARIABLE|P0197132000|1|0|1.0|INDIVIDUAL|VARIABLE|P0197132000|1|0|1.0|INDIVIDUAL|VARIABLE|P0197132000|1|0|1.0|INDIVIDUAL|VARIABLE|P0197132000|1|0|1.0|INDIVIDUAL|VARIABLE|P0197132000|1|0|1.0|INDIVIDUAL|VARIABLE|P0197132000|1|0|1.0|INDIVIDUAL|VARIABLE|P0197132000|1|0|1.0|INDIVIDUAL|VARIABLE|P0197132000|1|0|1.0|INDIVIDUAL|VARIABLE|P0197132000|1|0|1.0|INDIVIDUAL|VARIABLE|P0197132000|1|0|1.0|INDIVIDUAL|VARIABLE|P0197132000|1|0|1.0|INDIVIDUAL|VARIABLE|P0197132000|1|0|1.0|INDIVIDUAL|VARIABLE|P0197132000|1|0|1.0|INDIVIDUAL|VARIABLE|P0197132000|1|0|1.0|INDIVIDUAL|VARIABLE|P0197132000|1|0|1.0|INDIVIDUAL|VARIABLE|P0197132000|1|0|1.0|INDIVIDUAL|VARIABLE|P0197132000|1|0|1.0|INDIVIDUAL|VARIABLE|P0197132000|1|0|1.0|INDIVIDUAL|VARIABLE|P0197132000|1|0|1.0|INDIVIDUAL|VARIABLE|P0197132000|1|0|1.0|INDIVIDUAL|VARIABLE|P0197132000|1|0|1.0|INDIVIDUAL|VARIABLE|P0197132000|1|0|1.0|INDIVIDUAL|VARIABLE|P0197132000|1|0|1.0|INDIVIDUAL|VARIABLE|P0197132000|1|0|1.0|INDIVIDUAL|VARIABLE|P0197132000|1|0|1.0
313,INDIVIDUAL|VARIABLE|P0216055002|1|0|1.0|INDIVIDUAL|VARIABLE|P0216055002|1|0|1.0|INDIVIDUAL|VARIABLE|P0216055002|1|0|1.0|INDIVIDUAL|VARIABLE|P0216055002|1|0|1.0|INDIVIDUAL|VARIABLE|P0216055002|1|0|1.0|INDIVIDUAL|VARIABLE|P0216055002|1|0|1.0|INDIVIDUAL|VARIABLE|P0216055002|1|0|1.0|INDIVIDUAL|VARIABLE|P0216055002|1|0|1.0|INDIVIDUAL|VARIABLE|P0216055002|1|0|1.0|INDIVIDUAL|VARIABLE|P0216055002|1|0|1.0|INDIVIDUAL|VARIABLE|P0216055002|1|0|1.0|INDIVIDUAL|VARIABLE|P0216055002|1|0|1.0|INDIVIDUAL|VARIABLE|P0216055002|1|0|1.0|INDIVIDUAL|VARIABLE|P0216055002|1|0|1.0|INDIVIDUAL|VARIABLE|P0216055002|1|0|1.0|INDIVIDUAL|VARIABLE|P0216055002|1|0|1.0|INDIVIDUAL|VARIABLE|P0216055002|1|0|1.0|INDIVIDUAL|VARIABLE|P0216055002|1|0|1.0|INDIVIDUAL|VARIABLE|P0216055002|1|0|1.0|INDIVIDUAL|VARIABLE|P0216055002|1|0|1.0|INDIVIDUAL|VARIABLE|P0216055002|1|0|1.0|INDIVIDUAL|VARIABLE|P0216055002|1|0|1.0|INDIVIDUAL|VARIABLE|P0216055002|1|0|1.0|INDIVIDUAL|VARIABLE|P0216055002|1|0|1.0|INDIVIDUAL|VARIABLE|P0216055002|1|0|1.0|INDIVIDUAL|VARIABLE|P0216055002|1|0|1.0|INDIVIDUAL|VARIABLE|P0216055002|1|0|1.0|INDIVIDUAL|VARIABLE|P0216055002|1|0|1.0|INDIVIDUAL|VARIABLE|P0216055002|1|0|1.0|INDIVIDUAL|VARIABLE|P0216055002|1|0|1.0|INDIVIDUAL|VARIABLE|P0216055002|1|0|1.0|INDIVIDUAL|VARIABLE|P0216055002|1|0|1.0|INDIVIDUAL|VARIABLE|P0216055002|1|0|1.0|INDIVIDUAL|VARIABLE|P0216055002|1|0|1.0|INDIVIDUAL|VARIABLE|P0216055002|1|0|1.0|INDIVIDUAL|VARIABLE|P0216055002|1|0|1.0|INDIVIDUAL|VARIABLE|P0216055002|1|0|1.0|INDIVIDUAL|VARIABLE|P0216055002|1|0|1.0|INDIVIDUAL|VARIABLE|P0216055002|1|0|1.0|INDIVIDUAL|VARIABLE|P0216055002|1|0|1.0|INDIVIDUAL|VARIABLE|P0216055002|1|0|1.0|INDIVIDUAL|VARIABLE|P0216055002|1|0|1.0|INDIVIDUAL|VARIABLE|P0216055002|1|0|1.0|INDIVIDUAL|VARIABLE|P0216055002|1|0|1.0|INDIVIDUAL|VARIABLE|P0216055002|1|0|1.0|INDIVIDUAL|VARIABLE|P0216055002|1|0|1.0|INDIVIDUAL|VARIABLE|P0216055002|1|0|1.0|INDIVIDUAL|VARIABLE|P0216055002|1|0|1.0|INDIVIDUAL|VARIABLE|P0216055002|1|0|1.0|INDIVIDUAL|VARIABLE|P0216055002|1|0|1.0|INDIVIDUAL|VARIABLE|P0216055002|1|0|1.0|INDIVIDUAL|VARIABLE|P0216055002|1|0|1.0|INDIVIDUAL|VARIABLE|P0216055002|1|0|1.0|INDIVIDUAL|VARIABLE|P0216055002|1|0|1.0|INDIVIDUAL|VARIABLE|P0216055002|1|0|1.0|INDIVIDUAL|VARIABLE|P0216055002|1|0|1.0|INDIVIDUAL|VARIABLE|P0216055002|1|0|1.0|INDIVIDUAL|VARIABLE|P0216055002|1|0|1.0|INDIVIDUAL|VARIABLE|P0216055002|1|0|1.0|INDIVIDUAL|VARIABLE|P0216055002|1|0|1.0|INDIVIDUAL|VARIABLE|P0216055002|1|0|1.0|INDIVIDUAL|VARIABLE|P0216055002|1|0|1.0|INDIVIDUAL|VARIABLE|P0216055002|1|0|1.0|INDIVIDUAL|VARIABLE|P0216055002|1|0|1.0|INDIVIDUAL|VARIABLE|P0216055002|1|0|1.0|INDIVIDUAL|VARIABLE|P0216055002|1|0|1.0|INDIVIDUAL|VARIABLE|P0216055002|1|0|1.0|INDIVIDUAL|VARIABLE|P0216055002|1|0|1.0|INDIVIDUAL|VARIABLE|P0216055002|1|0|1.0|INDIVIDUAL|VARIABLE|P0216055002|1|0|1.0|INDIVIDUAL|VARIABLE|P0216055002|1|0|1.0|INDIVIDUAL|VARIABLE|P0216055002|1|0|1.0
314,INDIVIDUAL|VARIABLE|P0197101008|1|0|1.0|INDIVIDUAL|VARIABLE|P0197101008|1|0|1.0|INDIVIDUAL|VARIABLE|P0197101008|1|0|1.0|INDIVIDUAL|VARIABLE|P0197101008|1|0|1.0|INDIVIDUAL|VARIABLE|P0197101008|1|0|1.0|INDIVIDUAL|VARIABLE|P0197101008|1|0|1.0|INDIVIDUAL|VARIABLE|P0197101008|1|0|1.0|INDIVIDUAL|VARIABLE|P0197101008|1|0|1.0|INDIVIDUAL|VARIABLE|P0197101008|1|0|1.0|INDIVIDUAL|VARIABLE|P0197101008|1|0|1.0|INDIVIDUAL|VARIABLE|P0197101008|1|0|1.0|INDIVIDUAL|VARIABLE|P0197101008|1|0|1.0|INDIVIDUAL|VARIABLE|P0197101008|1|0|1.0|INDIVIDUAL|VARIABLE|P0197101008|1|0|1.0|INDIVIDUAL|VARIABLE|P0197101008|1|0|1.0|INDIVIDUAL|VARIABLE|P0197101008|1|0|1.0|INDIVIDUAL|VARIABLE|P0197101008|1|0|1.0|INDIVIDUAL|VARIABLE|P0197101008|1|0|1.0|INDIVIDUAL|VARIABLE|P0197101008|1|0|1.0|INDIVIDUAL|VARIABLE|P0197101008|1|0|1.0|INDIVIDUAL|VARIABLE|P0197101008|1|0|1.0|INDIVIDUAL|VARIABLE|P0197101008|1|0|1.0|INDIVIDUAL|VARIABLE|P0197101008|1|0|1.0|INDIVIDUAL|VARIABLE|P0197101008|1|0|1.0|INDIVIDUAL|VARIABLE|P0197101008|1|0|1.0|INDIVIDUAL|VARIABLE|P0197101008|1|0|1.0|INDIVIDUAL|VARIABLE|P0197101008|1|0|1.0|INDIVIDUAL|VARIABLE|P0197101008|1|0|1.0|INDIVIDUAL|VARIABLE|P0197101008|1|0|1.0|INDIVIDUAL|VARIABLE|P0197101008|1|0|1.0|INDIVIDUAL|VARIABLE|P0197101008|1|0|1.0|INDIVIDUAL|VARIABLE|P0197101008|1|0|1.0|INDIVIDUAL|VARIABLE|P0197101008|1|0|1.0|INDIVIDUAL|VARIABLE|P0197101008|1|0|1.0|INDIVIDUAL|VARIABLE|P0197101008|1|0|1.0|INDIVIDUAL|VARIABLE|P0197101008|1|0|1.0|INDIVIDUAL|VARIABLE|P0197101008|1|0|1.0|INDIVIDUAL|VARIABLE|P0197101008|1|0|1.0|INDIVIDUAL|VARIABLE|P0197101008|1|0|1.0|INDIVIDUAL|VARIABLE|P0197101008|1|0|1.0|INDIVIDUAL|VARIABLE|P0197101008|1|0|1.0|INDIVIDUAL|VARIABLE|P0197101008|1|0|1.0|INDIVIDUAL|VARIABLE|P0197101008|1|0|1.0|INDIVIDUAL|VARIABLE|P0197101008|1|0|1.0|INDIVIDUAL|VARIABLE|P0197101008|1|0|1.0|INDIVIDUAL|VARIABLE|P0197101008|1|0|1.0|INDIVIDUAL|VARIABLE|P0197101008|1|0|1.0|INDIVIDUAL|VARIABLE|P0197101008|1|0|1.0|INDIVIDUAL|VARIABLE|P0197101008|1|0|1.0|INDIVIDUAL|VARIABLE|P0197101008|1|0|1.0|INDIVIDUAL|VARIABLE|P0197101008|1|0|1.0|INDIVIDUAL|VARIABLE|P0197101008|1|0|1.0|INDIVIDUAL|VARIABLE|P0197101008|1|0|1.0|INDIVIDUAL|VARIABLE|P0197101008|1|0|1.0|INDIVIDUAL|VARIABLE|P0197101008|1|0|1.0|INDIVIDUAL|VARIABLE|P0197101008|1|0|1.0|INDIVIDUAL|VARIABLE|P0197101008|1|0|1.0|INDIVIDUAL|VARIABLE|P0197101008|1|0|1.0|INDIVIDUAL|VARIABLE|P0197101008|1|0|1.0|INDIVIDUAL|VARIABLE|P0197101008|1|0|1.0|INDIVIDUAL|VARIABLE|P0197101008|1|0|1.0|INDIVIDUAL|VARIABLE|P0197101008|1|0|1.0|INDIVIDUAL|VARIABLE|P0197101008|1|0|1.0|INDIVIDUAL|VARIABLE|P0197101008|1|0|1.0|INDIVIDUAL|VARIABLE|P0197101008|1|0|1.0|INDIVIDUAL|VARIABLE|P0197101008|1|0|1.0|INDIVIDUAL|VARIABLE|P0197101008|1|0|1.0|INDIVIDUAL|VARIABLE|P0197101008|1|0|1.0|INDIVIDUAL|VARIABLE|P0197101008|1|0|1.0|INDIVIDUAL|VARIABLE|P0197101008|1|0|1.0|INDIVIDUAL|VARIABLE|P0197101008|1|0|1.0|INDIVIDUAL|VARIABLE|P0197101008|1|0|1.0|INDIVIDUAL|VARIABLE|P0197101008|1|0|1.0|INDIVIDUAL|VARIABLE|P0197101008|1|0|1.0|INDIVIDUAL|VARIABLE|P0197101008|1|0|1.0|INDIVIDUAL|VARIABLE|P0197101008|1|0|1.0|INDIVIDUAL|VARIABLE|P0197101008|1|0|1.0|INDIVIDUAL|VARIABLE|P0197101008|1|0|1.0|INDIVIDUAL|VARIABLE|P0197101008|1|0|1.0|INDIVIDUAL|VARIABLE|P0197101008|1|0|1.0|INDIVIDUAL|VARIABLE|P0197101008|1|0|1.0|INDIVIDUAL|VARIABLE|P0197101008|1|0|1.0|INDIVIDUAL|VARIABLE|P0197101008|1|0|1.0|INDIVIDUAL|VARIABLE|P0197101008|1|0|1.0|INDIVIDUAL|VARIABLE|P0197101008|1|0|1.0|INDIVIDUAL|VARIABLE|P0197101008|1|0|1.0|INDIVIDUAL|VARIABLE|P0197101008|1|0|1.0|INDIVIDUAL|VARIABLE|P0197101008|1|0|1.0|INDIVIDUAL|VARIABLE|P0197101008|1|0|1.0|INDIVIDUAL|VARIABLE|P0197101008|1|0|1.0|INDIVIDUAL|VARIABLE|P0197101008|1|0|1.0|INDIVIDUAL|VARIABLE|P0197101008|1|0|1.0|INDIVIDUAL|VARIABLE|P0197101008|1|0|1.0|INDIVIDUAL|VARIABLE|P0197101008|1|0|1.0|INDIVIDUAL|VARIABLE|P0197101008|1|0|1.0|INDIVIDUAL|VARIABLE|P0197101008|1|0|1.0|INDIVIDUAL|VARIABLE|P0197101008|1|0|1.0|INDIVIDUAL|VARIABLE|P0197101008|1|0|1.0|INDIVIDUAL|VARIABLE|P0197101008|1|0|1.0|INDIVIDUAL|VARIABLE|P0197101008|1|0|1.0|INDIVIDUAL|VARIABLE|P0197101008|1|0|1.0|INDIVIDUAL|VARIABLE|P0197101008|1|0|1.0|INDIVIDUAL|VARIABLE|P0197101008|1|0|1.0|INDIVIDUAL|VARIABLE|P0197101008|1|0|1.0|INDIVIDUAL|VARIABLE|P0197101008|1|0|1.0|INDIVIDUAL|VARIABLE|P0197101008|1|0|1.0|INDIVIDUAL|VARIABLE|P0197101008|1|0|1.0|INDIVIDUAL|VARIABLE|P0197101008|1|0|1.0|INDIVIDUAL|VARIABLE|P0197101008|1|0|1.0|INDIVIDUAL|VARIABLE|P0197101008|1|0|1.0|INDIVIDUAL|VARIABLE|P0197101008|1|0|1.0|INDIVIDUAL|VARIABLE|P0197101008|1|0|1.0|INDIVIDUAL|VARIABLE|P0197101008|1|0|1.0|INDIVIDUAL|VARIABLE|P0197101008|1|0|1.0|INDIVIDUAL|VARIABLE|P0197101008|1|0|1.0|INDIVIDUAL|VARIABLE|P0197101008|1|0|1.0|INDIVIDUAL|VARIABLE|P0197101008|1|0|1.0|INDIVIDUAL|VARIABLE|P0197101008|1|0|1.0|INDIVIDUAL|VARIABLE|P0197101008|1|0|1.0|INDIVIDUAL|VARIABLE|P0197101008|1|0|1.0|INDIVIDUAL|VARIABLE|P0197101008|1|0|1.0
315,INDIVIDUAL|VARIABLE|P0197106006|1|0|1.0|INDIVIDUAL|VARIABLE|P0197106006|1|0|1.0|INDIVIDUAL|VARIABLE|P0197106006|1|0|1.0|INDIVIDUAL|VARIABLE|P0197106006|1|0|1.0|INDIVIDUAL|VARIABLE|P0197106006|1|0|1.0|INDIVIDUAL|VARIABLE|P0197106006|1|0|1.0|INDIVIDUAL|VARIABLE|P0197106006|1|0|1.0|INDIVIDUAL|VARIABLE|P0197106006|1|0|1.0|INDIVIDUAL|VARIABLE|P0197106006|1|0|1.0|INDIVIDUAL|VARIABLE|P0197106006|1|0|1.0|INDIVIDUAL|VARIABLE|P0197106006|1|0|1.0|INDIVIDUAL|VARIABLE|P0197106006|1|0|1.0|INDIVIDUAL|VARIABLE|P0197106006|1|0|1.0|INDIVIDUAL|VARIABLE|P0197106006|1|0|1.0|INDIVIDUAL|VARIABLE|P0197106006|1|0|1.0|INDIVIDUAL|VARIABLE|P0197106006|1|0|1.0|INDIVIDUAL|VARIABLE|P0197106006|1|0|1.0|INDIVIDUAL|VARIABLE|P0197106006|1|0|1.0|INDIVIDUAL|VARIABLE|P0197106006|1|0|1.0|INDIVIDUAL|VARIABLE|P0197106006|1|0|1.0|INDIVIDUAL|VARIABLE|P0197106006|1|0|1.0|INDIVIDUAL|VARIABLE|P0197106006|1|0|1.0|INDIVIDUAL|VARIABLE|P0197106006|1|0|1.0|INDIVIDUAL|VARIABLE|P0197106006|1|0|1.0|INDIVIDUAL|VARIABLE|P0197106006|1|0|1.0|INDIVIDUAL|VARIABLE|P0197106006|1|0|1.0|INDIVIDUAL|VARIABLE|P0197106006|1|0|1.0|INDIVIDUAL|VARIABLE|P0197106006|1|0|1.0|INDIVIDUAL|VARIABLE|P0197106006|1|0|1.0|INDIVIDUAL|VARIABLE|P0197106006|1|0|1.0|INDIVIDUAL|VARIABLE|P0197106006|1|0|1.0|INDIVIDUAL|VARIABLE|P0197106006|1|0|1.0|INDIVIDUAL|VARIABLE|P0197106006|1|0|1.0|INDIVIDUAL|VARIABLE|P0197106006|1|0|1.0|INDIVIDUAL|VARIABLE|P0197106006|1|0|1.0|INDIVIDUAL|VARIABLE|P0197106006|1|0|1.0|INDIVIDUAL|VARIABLE|P0197106006|1|0|1.0|INDIVIDUAL|VARIABLE|P0197106006|1|0|1.0|INDIVIDUAL|VARIABLE|P0197106006|1|0|1.0|INDIVIDUAL|VARIABLE|P0197106006|1|0|1.0|INDIVIDUAL|VARIABLE|P0197106006|1|0|1.0|INDIVIDUAL|VARIABLE|P0197106006|1|0|1.0|INDIVIDUAL|VARIABLE|P0197106006|1|0|1.0|INDIVIDUAL|VARIABLE|P0197106006|1|0|1.0|INDIVIDUAL|VARIABLE|P0197106006|1|0|1.0|INDIVIDUAL|VARIABLE|P0197106006|1|0|1.0|INDIVIDUAL|VARIABLE|P0197106006|1|0|1.0|INDIVIDUAL|VARIABLE|P0197106006|1|0|1.0|INDIVIDUAL|VARIABLE|P0197106006|1|0|1.0|INDIVIDUAL|VARIABLE|P0197106006|1|0|1.0|INDIVIDUAL|VARIABLE|P0197106006|1|0|1.0|INDIVIDUAL|VARIABLE|P0197106006|1|0|1.0|INDIVIDUAL|VARIABLE|P0197106006|1|0|1.0|INDIVIDUAL|VARIABLE|P0197106006|1|0|1.0|INDIVIDUAL|VARIABLE|P0197106006|1|0|1.0|INDIVIDUAL|VARIABLE|P0197106006|1|0|1.0|INDIVIDUAL|VARIABLE|P0197106006|1|0|1.0|INDIVIDUAL|VARIABLE|P0197106006|1|0|1.0|INDIVIDUAL|VARIABLE|P0197106006|1|0|1.0|INDIVIDUAL|VARIABLE|P0197106006|1|0|1.0|INDIVIDUAL|VARIABLE|P0197106006|1|0|1.0|INDIVIDUAL|VARIABLE|P0197106006|1|0|1.0|INDIVIDUAL|VARIABLE|P0197106006|1|0|1.0|INDIVIDUAL|VARIABLE|P0197106006|1|0|1.0|INDIVIDUAL|VARIABLE|P0197106006|1|0|1.0|INDIVIDUAL|VARIABLE|P0197106006|1|0|1.0|INDIVIDUAL|VARIABLE|P0197106006|1|0|1.0|INDIVIDUAL|VARIABLE|P0197106006|1|0|1.0|INDIVIDUAL|VARIABLE|P0197106006|1|0|1.0|INDIVIDUAL|VARIABLE|P0197106006|1|0|1.0|INDIVIDUAL|VARIABLE|P0197106006|1|0|1.0|INDIVIDUAL|VARIABLE|P0197106006|1|0|1.0|INDIVIDUAL|VARIABLE|P0197106006|1|0|1.0|INDIVIDUAL|VARIABLE|P0197106006|1|0|1.0|INDIVIDUAL|VARIABLE|P0197106006|1|0|1.0|INDIVIDUAL|VARIABLE|P0197106006|1|0|1.0|INDIVIDUAL|VARIABLE|P0197106006|1|0|1.0|INDIVIDUAL|VARIABLE|P0197106006|1|0|1.0|INDIVIDUAL|VARIABLE|P0197106006|1|0|1.0|INDIVIDUAL|VARIABLE|P0197106006|1|0|1.0|INDIVIDUAL|VARIABLE|P0197106006|1|0|1.0|INDIVIDUAL|VARIABLE|P0197106006|1|0|1.0|INDIVIDUAL|VARIABLE|P0197106006|1|0|1.0|INDIVIDUAL|VARIABLE|P0197106006|1|0|1.0|INDIVIDUAL|VARIABLE|P0197106006|1|0|1.0|INDIVIDUAL|VARIABLE|P0197106006|1|0|1.0|INDIVIDUAL|VARIABLE|P0197106006|1|0|1.0|INDIVIDUAL|VARIABLE|P0197106006|1|0|1.0|INDIVIDUAL|VARIABLE|P0197106006|1|0|1.0|INDIVIDUAL|VARIABLE|P0197106006|1|0|1.0|INDIVIDUAL|VARIABLE|P0197106006|1|0|1.0|INDIVIDUAL|VARIABLE|P0197106006|1|0|1.0|INDIVIDUAL|VARIABLE|P0197106006|1|0|1.0|INDIVIDUAL|VARIABLE|P0197106006|1|0|1.0|INDIVIDUAL|VARIABLE|P0197106006|1|0|1.0|INDIVIDUAL|VARIABLE|P0197106006|1|0|1.0|INDIVIDUAL|VARIABLE|P0197106006|1|0|1.0|INDIVIDUAL|VARIABLE|P0197106006|1|0|1.0|INDIVIDUAL|VARIABLE|P0197106006|1|0|1.0|INDIVIDUAL|VARIABLE|P0197106006|1|0|1.0|INDIVIDUAL|VARIABLE|P0197106006|1|0|1.0|INDIVIDUAL|VARIABLE|P0197106006|1|0|1.0|INDIVIDUAL|VARIABLE|P0197106006|1|0|1.0|INDIVIDUAL|VARIABLE|P0197106006|1|0|1.0|INDIVIDUAL|VARIABLE|P0197106006|1|0|1.0|INDIVIDUAL|VARIABLE|P0197106006|1|0|1.0|INDIVIDUAL|VARIABLE|P0197106006|1|0|1.0|INDIVIDUAL|VARIABLE|P0197106006|1|0|1.0|INDIVIDUAL|VARIABLE|P0197106006|1|0|1.0|INDIVIDUAL|VARIABLE|P0197106006|1|0|1.0
316,INDIVIDUAL|VARIABLE|P0197089001|1|0|1.0|INDIVIDUAL|VARIABLE|P0197089001|1|0|1.0|INDIVIDUAL|VARIABLE|P0197089001|1|0|1.0|INDIVIDUAL|VARIABLE|P0197089001|1|0|1.0|INDIVIDUAL|VARIABLE|P0197089001|1|0|1.0|INDIVIDUAL|VARIABLE|P0197089001|1|0|1.0|INDIVIDUAL|VARIABLE|P0197089001|1|0|1.0|INDIVIDUAL|VARIABLE|P0197089001|1|0|1.0|INDIVIDUAL|VARIABLE|P0197089001|1|0|1.0|INDIVIDUAL|VARIABLE|P0197089001|1|0|1.0|INDIVIDUAL|VARIABLE|P0197089001|1|0|1.0|INDIVIDUAL|VARIABLE|P0197089001|1|0|1.0|INDIVIDUAL|VARIABLE|P0197089001|1|0|1.0|INDIVIDUAL|VARIABLE|P0197089001|1|0|1.0|INDIVIDUAL|VARIABLE|P0197089001|1|0|1.0|INDIVIDUAL|VARIABLE|P0197089001|1|0|1.0|INDIVIDUAL|VARIABLE|P0197089001|1|0|1.0|INDIVIDUAL|VARIABLE|P0197089001|1|0|1.0|INDIVIDUAL|VARIABLE|P0197089001|1|0|1.0|INDIVIDUAL|VARIABLE|P0197089001|1|0|1.0|INDIVIDUAL|VARIABLE|P0197089001|1|0|1.0|INDIVIDUAL|VARIABLE|P0197089001|1|0|1.0|INDIVIDUAL|VARIABLE|P0197089001|1|0|1.0|INDIVIDUAL|VARIABLE|P0197089001|1|0|1.0|INDIVIDUAL|VARIABLE|P0197089001|1|0|1.0|INDIVIDUAL|VARIABLE|P0197089001|1|0|1.0|INDIVIDUAL|VARIABLE|P0197089001|1|0|1.0|INDIVIDUAL|VARIABLE|P0197089001|1|0|1.0|INDIVIDUAL|VARIABLE|P0197089001|1|0|1.0|INDIVIDUAL|VARIABLE|P0197089001|1|0|1.0|INDIVIDUAL|VARIABLE|P0197089001|1|0|1.0|INDIVIDUAL|VARIABLE|P0197089001|1|0|1.0|INDIVIDUAL|VARIABLE|P0197089001|1|0|1.0|INDIVIDUAL|VARIABLE|P0197089001|1|0|1.0|INDIVIDUAL|VARIABLE|P0197089001|1|0|1.0|INDIVIDUAL|VARIABLE|P0197089001|1|0|1.0|INDIVIDUAL|VARIABLE|P0197089001|1|0|1.0|INDIVIDUAL|VARIABLE|P0197089001|1|0|1.0|INDIVIDUAL|VARIABLE|P0197089001|1|0|1.0|INDIVIDUAL|VARIABLE|P0197089001|1|0|1.0|INDIVIDUAL|VARIABLE|P0197089001|1|0|1.0|INDIVIDUAL|VARIABLE|P0197089001|1|0|1.0|INDIVIDUAL|VARIABLE|P0197089001|1|0|1.0|INDIVIDUAL|VARIABLE|P0197089001|1|0|1.0
317,INDIVIDUAL|VARIABLE|P0197143004|1|0|1.0|INDIVIDUAL|VARIABLE|P0197143004|1|0|1.0|INDIVIDUAL|VARIABLE|P0197143004|1|0|1.0|INDIVIDUAL|VARIABLE|P0197143004|1|0|1.0|INDIVIDUAL|VARIABLE|P0197143004|1|0|1.0|INDIVIDUAL|VARIABLE|P0197143004|1|0|1.0|INDIVIDUAL|VARIABLE|P0197143004|1|0|1.0|INDIVIDUAL|VARIABLE|P0197143004|1|0|1.0|INDIVIDUAL|VARIABLE|P0197143004|1|0|1.0|INDIVIDUAL|VARIABLE|P0197143004|1|0|1.0|INDIVIDUAL|VARIABLE|P0197143004|1|0|1.0|INDIVIDUAL|VARIABLE|P0197143004|1|0|1.0|INDIVIDUAL|VARIABLE|P0197143004|1|0|1.0|INDIVIDUAL|VARIABLE|P0197143004|1|0|1.0|INDIVIDUAL|VARIABLE|P0197143004|1|0|1.0|INDIVIDUAL|VARIABLE|P0197143004|1|0|1.0|INDIVIDUAL|VARIABLE|P0197143004|1|0|1.0|INDIVIDUAL|VARIABLE|P0197143004|1|0|1.0|INDIVIDUAL|VARIABLE|P0197143004|1|0|1.0|INDIVIDUAL|VARIABLE|P0197143004|1|0|1.0|INDIVIDUAL|VARIABLE|P0197143004|1|0|1.0|INDIVIDUAL|VARIABLE|P0197143004|1|0|1.0|INDIVIDUAL|VARIABLE|P0197143004|1|0|1.0|INDIVIDUAL|VARIABLE|P0197143004|1|0|1.0|INDIVIDUAL|VARIABLE|P0197143004|1|0|1.0|INDIVIDUAL|VARIABLE|P0197143004|1|0|1.0|INDIVIDUAL|VARIABLE|P0197143004|1|0|1.0|INDIVIDUAL|VARIABLE|P0197143004|1|0|1.0|INDIVIDUAL|VARIABLE|P0197143004|1|0|1.0|INDIVIDUAL|VARIABLE|P0197143004|1|0|1.0|INDIVIDUAL|VARIABLE|P0197143004|1|0|1.0|INDIVIDUAL|VARIABLE|P0197143004|1|0|1.0|INDIVIDUAL|VARIABLE|P0197143004|1|0|1.0|INDIVIDUAL|VARIABLE|P0197143004|1|0|1.0|INDIVIDUAL|VARIABLE|P0197143004|1|0|1.0|INDIVIDUAL|VARIABLE|P0197143004|1|0|1.0|INDIVIDUAL|VARIABLE|P0197143004|1|0|1.0|INDIVIDUAL|VARIABLE|P0197143004|1|0|1.0|INDIVIDUAL|VARIABLE|P0197143004|1|0|1.0|INDIVIDUAL|VARIABLE|P0197143004|1|0|1.0|INDIVIDUAL|VARIABLE|P0197143004|1|0|1.0|INDIVIDUAL|VARIABLE|P0197143004|1|0|1.0|INDIVIDUAL|VARIABLE|P0197143004|1|0|1.0|INDIVIDUAL|VARIABLE|P0197143004|1|0|1.0|INDIVIDUAL|VARIABLE|P0197143004|1|0|1.0|INDIVIDUAL|VARIABLE|P0197143004|1|0|1.0|INDIVIDUAL|VARIABLE|P0197143004|1|0|1.0|INDIVIDUAL|VARIABLE|P0197143004|1|0|1.0|INDIVIDUAL|VARIABLE|P0197143004|1|0|1.0|INDIVIDUAL|VARIABLE|P0197143004|1|0|1.0|INDIVIDUAL|VARIABLE|P0197143004|1|0|1.0|INDIVIDUAL|VARIABLE|P0197143004|1|0|1.0|INDIVIDUAL|VARIABLE|P0197143004|1|0|1.0|INDIVIDUAL|VARIABLE|P0197143004|1|0|1.0|INDIVIDUAL|VARIABLE|P0197143004|1|0|1.0|INDIVIDUAL|VARIABLE|P0197143004|1|0|1.0|INDIVIDUAL|VARIABLE|P0197143004|1|0|1.0|INDIVIDUAL|VARIABLE|P0197143004|1|0|1.0|INDIVIDUAL|VARIABLE|P0197143004|1|0|1.0|INDIVIDUAL|VARIABLE|P0197143004|1|0|1.0|INDIVIDUAL|VARIABLE|P0197143004|1|0|1.0|INDIVIDUAL|VARIABLE|P0197143004|1|0|1.0|INDIVIDUAL|VARIABLE|P0197143004|1|0|1.0|INDIVIDUAL|VARIABLE|P0197143004|1|0|1.0|INDIVIDUAL|VARIABLE|P0197143004|1|0|1.0|INDIVIDUAL|VARIABLE|P0197143004|1|0|1.0|INDIVIDUAL|VARIABLE|P0197143004|1|0|1.0|INDIVIDUAL|VARIABLE|P0197143004|1|0|1.0|INDIVIDUAL|VARIABLE|P0197143004|1|0|1.0|INDIVIDUAL|VARIABLE|P0197143004|1|0|1.0|INDIVIDUAL|VARIABLE|P0197143004|1|0|1.0|INDIVIDUAL|VARIABLE|P0197143004|1|0|1.0|INDIVIDUAL|VARIABLE|P0197143004|1|0|1.0|INDIVIDUAL|VARIABLE|P0197143004|1|0|1.0|INDIVIDUAL|VARIABLE|P0197143004|1|0|1.0|INDIVIDUAL|VARIABLE|P0197143004|1|0|1.0|INDIVIDUAL|VARIABLE|P0197143004|1|0|1.0
318,INDIVIDUAL|VARIABLE|P0216057000|1|0|1.0|INDIVIDUAL|VARIABLE|P0216057000|1|0|1.0|INDIVIDUAL|VARIABLE|P0216057000|1|0|1.0|INDIVIDUAL|VARIABLE|P0216057000|1|0|1.0|INDIVIDUAL|VARIABLE|P0216057000|1|0|1.0|INDIVIDUAL|VARIABLE|P0216057000|1|0|1.0|INDIVIDUAL|VARIABLE|P0216057000|1|0|1.0|INDIVIDUAL|VARIABLE|P0216057000|1|0|1.0|INDIVIDUAL|VARIABLE|P0216057000|1|0|1.0|INDIVIDUAL|VARIABLE|P0216057000|1|0|1.0|INDIVIDUAL|VARIABLE|P0216057000|1|0|1.0|INDIVIDUAL|VARIABLE|P0216057000|1|0|1.0|INDIVIDUAL|VARIABLE|P0216057000|1|0|1.0|INDIVIDUAL|VARIABLE|P0216057000|1|0|1.0|INDIVIDUAL|VARIABLE|P0216057000|1|0|1.0|INDIVIDUAL|VARIABLE|P0216057000|1|0|1.0|INDIVIDUAL|VARIABLE|P0216057000|1|0|1.0|INDIVIDUAL|VARIABLE|P0216057000|1|0|1.0|INDIVIDUAL|VARIABLE|P0216057000|1|0|1.0|INDIVIDUAL|VARIABLE|P0216057000|1|0|1.0|INDIVIDUAL|VARIABLE|P0216057000|1|0|1.0|INDIVIDUAL|VARIABLE|P0216057000|1|0|1.0|INDIVIDUAL|VARIABLE|P0216057000|1|0|1.0|INDIVIDUAL|VARIABLE|P0216057000|1|0|1.0|INDIVIDUAL|VARIABLE|P0216057000|1|0|1.0|INDIVIDUAL|VARIABLE|P0216057000|1|0|1.0|INDIVIDUAL|VARIABLE|P0216057000|1|0|1.0|INDIVIDUAL|VARIABLE|P0216057000|1|0|1.0|INDIVIDUAL|VARIABLE|P0216057000|1|0|1.0|INDIVIDUAL|VARIABLE|P0216057000|1|0|1.0|INDIVIDUAL|VARIABLE|P0216057000|1|0|1.0|INDIVIDUAL|VARIABLE|P0216057000|1|0|1.0|INDIVIDUAL|VARIABLE|P0216057000|1|0|1.0|INDIVIDUAL|VARIABLE|P0216057000|1|0|1.0|INDIVIDUAL|VARIABLE|P0216057000|1|0|1.0|INDIVIDUAL|VARIABLE|P0216057000|1|0|1.0|INDIVIDUAL|VARIABLE|P0216057000|1|0|1.0|INDIVIDUAL|VARIABLE|P0216057000|1|0|1.0|INDIVIDUAL|VARIABLE|P0216057000|1|0|1.0|INDIVIDUAL|VARIABLE|P0216057000|1|0|1.0|INDIVIDUAL|VARIABLE|P0216057000|1|0|1.0|INDIVIDUAL|VARIABLE|P0216057000|1|0|1.0|INDIVIDUAL|VARIABLE|P0216057000|1|0|1.0|INDIVIDUAL|VARIABLE|P0216057000|1|0|1.0
319,INDIVIDUAL|VARIABLE|P0194067000|1|0|1.0|INDIVIDUAL|VARIABLE|P0194067000|1|0|1.0|INDIVIDUAL|VARIABLE|P0194067000|1|0|1.0|INDIVIDUAL|VARIABLE|P0194067000|1|0|1.0|INDIVIDUAL|VARIABLE|P0194067000|1|0|1.0|INDIVIDUAL|VARIABLE|P0194067000|1|0|1.0|INDIVIDUAL|VARIABLE|P0194067000|1|0|1.0|INDIVIDUAL|VARIABLE|P0194067000|1|0|1.0|INDIVIDUAL|VARIABLE|P0194067000|1|0|1.0|INDIVIDUAL|VARIABLE|P0194067000|1|0|1.0|INDIVIDUAL|VARIABLE|P0194067000|1|0|1.0|INDIVIDUAL|VARIABLE|P0194067000|1|0|1.0|INDIVIDUAL|VARIABLE|P0194067000|1|0|1.0|INDIVIDUAL|VARIABLE|P0194067000|1|0|1.0|INDIVIDUAL|VARIABLE|P0194067000|1|0|1.0|INDIVIDUAL|VARIABLE|P0194067000|1|0|1.0|INDIVIDUAL|VARIABLE|P0194067000|1|0|1.0|INDIVIDUAL|VARIABLE|P0194067000|1|0|1.0|INDIVIDUAL|VARIABLE|P0194067000|1|0|1.0|INDIVIDUAL|VARIABLE|P0194067000|1|0|1.0|INDIVIDUAL|VARIABLE|P0194067000|1|0|1.0|INDIVIDUAL|VARIABLE|P0194067000|1|0|1.0|INDIVIDUAL|VARIABLE|P0194067000|1|0|1.0|INDIVIDUAL|VARIABLE|P0194067000|1|0|1.0|INDIVIDUAL|VARIABLE|P0194067000|1|0|1.0|INDIVIDUAL|VARIABLE|P0194067000|1|0|1.0|INDIVIDUAL|VARIABLE|P0194067000|1|0|1.0|INDIVIDUAL|VARIABLE|P0194067000|1|0|1.0|INDIVIDUAL|VARIABLE|P0194067000|1|0|1.0|INDIVIDUAL|VARIABLE|P0194067000|1|0|1.0|INDIVIDUAL|VARIABLE|P0194067000|1|0|1.0|INDIVIDUAL|VARIABLE|P0194067000|1|0|1.0|INDIVIDUAL|VARIABLE|P0194067000|1|0|1.0|INDIVIDUAL|VARIABLE|P0194067000|1|0|1.0|INDIVIDUAL|VARIABLE|P0194067000|1|0|1.0|INDIVIDUAL|VARIABLE|P0194067000|1|0|1.0
320,INDIVIDUAL|VARIABLE|P0216058003|1|0|1.0|INDIVIDUAL|VARIABLE|P0216058003|1|0|1.0|INDIVIDUAL|VARIABLE|P0216058003|1|0|1.0|INDIVIDUAL|VARIABLE|P0216058003|1|0|1.0|INDIVIDUAL|VARIABLE|P0216058003|1|0|1.0|INDIVIDUAL|VARIABLE|P0216058003|1|0|1.0|INDIVIDUAL|VARIABLE|P0216058003|1|0|1.0|INDIVIDUAL|VARIABLE|P0216058003|1|0|1.0|INDIVIDUAL|VARIABLE|P0216058003|1|0|1.0|INDIVIDUAL|VARIABLE|P0216058003|1|0|1.0|INDIVIDUAL|VARIABLE|P0216058003|1|0|1.0|INDIVIDUAL|VARIABLE|P0216058003|1|0|1.0|INDIVIDUAL|VARIABLE|P0216058003|1|0|1.0|INDIVIDUAL|VARIABLE|P0216058003|1|0|1.0|INDIVIDUAL|VARIABLE|P0216058003|1|0|1.0|INDIVIDUAL|VARIABLE|P0216058003|1|0|1.0|INDIVIDUAL|VARIABLE|P0216058003|1|0|1.0|INDIVIDUAL|VARIABLE|P0216058003|1|0|1.0|INDIVIDUAL|VARIABLE|P0216058003|1|0|1.0|INDIVIDUAL|VARIABLE|P0216058003|1|0|1.0|INDIVIDUAL|VARIABLE|P0216058003|1|0|1.0|INDIVIDUAL|VARIABLE|P0216058003|1|0|1.0|INDIVIDUAL|VARIABLE|P0216058003|1|0|1.0|INDIVIDUAL|VARIABLE|P0216058003|1|0|1.0|INDIVIDUAL|VARIABLE|P0216058003|1|0|1.0|INDIVIDUAL|VARIABLE|P0216058003|1|0|1.0|INDIVIDUAL|VARIABLE|P0216058003|1|0|1.0|INDIVIDUAL|VARIABLE|P0216058003|1|0|1.0|INDIVIDUAL|VARIABLE|P0216058003|1|0|1.0|INDIVIDUAL|VARIABLE|P0216058003|1|0|1.0|INDIVIDUAL|VARIABLE|P0216058003|1|0|1.0|INDIVIDUAL|VARIABLE|P0216058003|1|0|1.0|INDIVIDUAL|VARIABLE|P0216058003|1|0|1.0|INDIVIDUAL|VARIABLE|P0216058003|1|0|1.0|INDIVIDUAL|VARIABLE|P0216058003|1|0|1.0|INDIVIDUAL|VARIABLE|P0216058003|1|0|1.0|INDIVIDUAL|VARIABLE|P0216058003|1|0|1.0|INDIVIDUAL|VARIABLE|P0216058003|1|0|1.0|INDIVIDUAL|VARIABLE|P0216058003|1|0|1.0|INDIVIDUAL|VARIABLE|P0216058003|1|0|1.0|INDIVIDUAL|VARIABLE|P0216058003|1|0|1.0|INDIVIDUAL|VARIABLE|P0216058003|1|0|1.0|INDIVIDUAL|VARIABLE|P0216058003|1|0|1.0|INDIVIDUAL|VARIABLE|P0216058003|1|0|1.0
321,INDIVIDUAL|VARIABLE|P0216058008|1|0|1.0|INDIVIDUAL|VARIABLE|P0216058008|1|0|1.0|INDIVIDUAL|VARIABLE|P0216058008|1|0|1.0|INDIVIDUAL|VARIABLE|P0216058008|1|0|1.0|INDIVIDUAL|VARIABLE|P0216058008|1|0|1.0|INDIVIDUAL|VARIABLE|P0216058008|1|0|1.0|INDIVIDUAL|VARIABLE|P0216058008|1|0|1.0|INDIVIDUAL|VARIABLE|P0216058008|1|0|1.0|INDIVIDUAL|VARIABLE|P0216058008|1|0|1.0|INDIVIDUAL|VARIABLE|P0216058008|1|0|1.0|INDIVIDUAL|VARIABLE|P0216058008|1|0|1.0|INDIVIDUAL|VARIABLE|P0216058008|1|0|1.0|INDIVIDUAL|VARIABLE|P0216058008|1|0|1.0|INDIVIDUAL|VARIABLE|P0216058008|1|0|1.0|INDIVIDUAL|VARIABLE|P0216058008|1|0|1.0|INDIVIDUAL|VARIABLE|P0216058008|1|0|1.0|INDIVIDUAL|VARIABLE|P0216058008|1|0|1.0|INDIVIDUAL|VARIABLE|P0216058008|1|0|1.0|INDIVIDUAL|VARIABLE|P0216058008|1|0|1.0|INDIVIDUAL|VARIABLE|P0216058008|1|0|1.0|INDIVIDUAL|VARIABLE|P0216058008|1|0|1.0|INDIVIDUAL|VARIABLE|P0216058008|1|0|1.0|INDIVIDUAL|VARIABLE|P0216058008|1|0|1.0|INDIVIDUAL|VARIABLE|P0216058008|1|0|1.0|INDIVIDUAL|VARIABLE|P0216058008|1|0|1.0|INDIVIDUAL|VARIABLE|P0216058008|1|0|1.0|INDIVIDUAL|VARIABLE|P0216058008|1|0|1.0|INDIVIDUAL|VARIABLE|P0216058008|1|0|1.0|INDIVIDUAL|VARIABLE|P0216058008|1|0|1.0|INDIVIDUAL|VARIABLE|P0216058008|1|0|1.0|INDIVIDUAL|VARIABLE|P0216058008|1|0|1.0|INDIVIDUAL|VARIABLE|P0216058008|1|0|1.0|INDIVIDUAL|VARIABLE|P0216058008|1|0|1.0|INDIVIDUAL|VARIABLE|P0216058008|1|0|1.0|INDIVIDUAL|VARIABLE|P0216058008|1|0|1.0|INDIVIDUAL|VARIABLE|P0216058008|1|0|1.0|INDIVIDUAL|VARIABLE|P0216058008|1|0|1.0|INDIVIDUAL|VARIABLE|P0216058008|1|0|1.0|INDIVIDUAL|VARIABLE|P0216058008|1|0|1.0|INDIVIDUAL|VARIABLE|P0216058008|1|0|1.0|INDIVIDUAL|VARIABLE|P0216058008|1|0|1.0|INDIVIDUAL|VARIABLE|P0216058008|1|0|1.0|INDIVIDUAL|VARIABLE|P0216058008|1|0|1.0|INDIVIDUAL|VARIABLE|P0216058008|1|0|1.0|INDIVIDUAL|VARIABLE|P0216058008|1|0|1.0|INDIVIDUAL|VARIABLE|P0216058008|1|0|1.0|INDIVIDUAL|VARIABLE|P0216058008|1|0|1.0|INDIVIDUAL|VARIABLE|P0216058008|1|0|1.0|INDIVIDUAL|VARIABLE|P0216058008|1|0|1.0|INDIVIDUAL|VARIABLE|P0216058008|1|0|1.0|INDIVIDUAL|VARIABLE|P0216058008|1|0|1.0|INDIVIDUAL|VARIABLE|P0216058008|1|0|1.0|INDIVIDUAL|VARIABLE|P0216058008|1|0|1.0|INDIVIDUAL|VARIABLE|P0216058008|1|0|1.0|INDIVIDUAL|VARIABLE|P0216058008|1|0|1.0
322,INDIVIDUAL|VARIABLE|P0197145001|1|0|1.0|INDIVIDUAL|VARIABLE|P0197145001|1|0|1.0|INDIVIDUAL|VARIABLE|P0197145001|1|0|1.0|INDIVIDUAL|VARIABLE|P0197145001|1|0|1.0|INDIVIDUAL|VARIABLE|P0197145001|1|0|1.0|INDIVIDUAL|VARIABLE|P0197145001|1|0|1.0|INDIVIDUAL|VARIABLE|P0197145001|1|0|1.0|INDIVIDUAL|VARIABLE|P0197145001|1|0|1.0|INDIVIDUAL|VARIABLE|P0197145001|1|0|1.0|INDIVIDUAL|VARIABLE|P0197145001|1|0|1.0|INDIVIDUAL|VARIABLE|P0197145001|1|0|1.0|INDIVIDUAL|VARIABLE|P0197145001|1|0|1.0|INDIVIDUAL|VARIABLE|P0197145001|1|0|1.0|INDIVIDUAL|VARIABLE|P0197145001|1|0|1.0|INDIVIDUAL|VARIABLE|P0197145001|1|0|1.0|INDIVIDUAL|VARIABLE|P0197145001|1|0|1.0|INDIVIDUAL|VARIABLE|P0197145001|1|0|1.0|INDIVIDUAL|VARIABLE|P0197145001|1|0|1.0|INDIVIDUAL|VARIABLE|P0197145001|1|0|1.0|INDIVIDUAL|VARIABLE|P0197145001|1|0|1.0|INDIVIDUAL|VARIABLE|P0197145001|1|0|1.0|INDIVIDUAL|VARIABLE|P0197145001|1|0|1.0|INDIVIDUAL|VARIABLE|P0197145001|1|0|1.0|INDIVIDUAL|VARIABLE|P0197145001|1|0|1.0|INDIVIDUAL|VARIABLE|P0197145001|1|0|1.0|INDIVIDUAL|VARIABLE|P0197145001|1|0|1.0|INDIVIDUAL|VARIABLE|P0197145001|1|0|1.0|INDIVIDUAL|VARIABLE|P0197145001|1|0|1.0|INDIVIDUAL|VARIABLE|P0197145001|1|0|1.0|INDIVIDUAL|VARIABLE|P0197145001|1|0|1.0|INDIVIDUAL|VARIABLE|P0197145001|1|0|1.0|INDIVIDUAL|VARIABLE|P0197145001|1|0|1.0|INDIVIDUAL|VARIABLE|P0197145001|1|0|1.0|INDIVIDUAL|VARIABLE|P0197145001|1|0|1.0|INDIVIDUAL|VARIABLE|P0197145001|1|0|1.0|INDIVIDUAL|VARIABLE|P0197145001|1|0|1.0|INDIVIDUAL|VARIABLE|P0197145001|1|0|1.0|INDIVIDUAL|VARIABLE|P0197145001|1|0|1.0|INDIVIDUAL|VARIABLE|P0197145001|1|0|1.0|INDIVIDUAL|VARIABLE|P0197145001|1|0|1.0|INDIVIDUAL|VARIABLE|P0197145001|1|0|1.0|INDIVIDUAL|VARIABLE|P0197145001|1|0|1.0|INDIVIDUAL|VARIABLE|P0197145001|1|0|1.0|INDIVIDUAL|VARIABLE|P0197145001|1|0|1.0|INDIVIDUAL|VARIABLE|P0197145001|1|0|1.0|INDIVIDUAL|VARIABLE|P0197145001|1|0|1.0|INDIVIDUAL|VARIABLE|P0197145001|1|0|1.0|INDIVIDUAL|VARIABLE|P0197145001|1|0|1.0|INDIVIDUAL|VARIABLE|P0197145001|1|0|1.0|INDIVIDUAL|VARIABLE|P0197145001|1|0|1.0|INDIVIDUAL|VARIABLE|P0197145001|1|0|1.0|INDIVIDUAL|VARIABLE|P0197145001|1|0|1.0|INDIVIDUAL|VARIABLE|P0197145001|1|0|1.0|INDIVIDUAL|VARIABLE|P0197145001|1|0|1.0|INDIVIDUAL|VARIABLE|P0197145001|1|0|1.0|INDIVIDUAL|VARIABLE|P0197145001|1|0|1.0|INDIVIDUAL|VARIABLE|P0197145001|1|0|1.0|INDIVIDUAL|VARIABLE|P0197145001|1|0|1.0|INDIVIDUAL|VARIABLE|P0197145001|1|0|1.0|INDIVIDUAL|VARIABLE|P0197145001|1|0|1.0|INDIVIDUAL|VARIABLE|P0197145001|1|0|1.0|INDIVIDUAL|VARIABLE|P0197145001|1|0|1.0|INDIVIDUAL|VARIABLE|P0197145001|1|0|1.0|INDIVIDUAL|VARIABLE|P0197145001|1|0|1.0|INDIVIDUAL|VARIABLE|P0197145001|1|0|1.0|INDIVIDUAL|VARIABLE|P0197145001|1|0|1.0|INDIVIDUAL|VARIABLE|P0197145001|1|0|1.0|INDIVIDUAL|VARIABLE|P0197145001|1|0|1.0|INDIVIDUAL|VARIABLE|P0197145001|1|0|1.0|INDIVIDUAL|VARIABLE|P0197145001|1|0|1.0|INDIVIDUAL|VARIABLE|P0197145001|1|0|1.0|INDIVIDUAL|VARIABLE|P0197145001|1|0|1.0|INDIVIDUAL|VARIABLE|P0197145001|1|0|1.0|INDIVIDUAL|VARIABLE|P0197145001|1|0|1.0|INDIVIDUAL|VARIABLE|P0197145001|1|0|1.0|INDIVIDUAL|VARIABLE|P0197145001|1|0|1.0|INDIVIDUAL|VARIABLE|P0197145001|1|0|1.0|INDIVIDUAL|VARIABLE|P0197145001|1|0|1.0|INDIVIDUAL|VARIABLE|P0197145001|1|0|1.0|INDIVIDUAL|VARIABLE|P0197145001|1|0|1.0|INDIVIDUAL|VARIABLE|P0197145001|1|0|1.0|INDIVIDUAL|VARIABLE|P0197145001|1|0|1.0|INDIVIDUAL|VARIABLE|P0197145001|1|0|1.0|INDIVIDUAL|VARIABLE|P0197145001|1|0|1.0|INDIVIDUAL|VARIABLE|P0197145001|1|0|1.0|INDIVIDUAL|VARIABLE|P0197145001|1|0|1.0|INDIVIDUAL|VARIABLE|P0197145001|1|0|1.0|INDIVIDUAL|VARIABLE|P0197145001|1|0|1.0|INDIVIDUAL|VARIABLE|P0197145001|1|0|1.0|INDIVIDUAL|VARIABLE|P0197145001|1|0|1.0|INDIVIDUAL|VARIABLE|P0197145001|1|0|1.0|INDIVIDUAL|VARIABLE|P0197145001|1|0|1.0|INDIVIDUAL|VARIABLE|P0197145001|1|0|1.0|INDIVIDUAL|VARIABLE|P0197145001|1|0|1.0|INDIVIDUAL|VARIABLE|P0197145001|1|0|1.0|INDIVIDUAL|VARIABLE|P0197145001|1|0|1.0|INDIVIDUAL|VARIABLE|P0197145001|1|0|1.0|INDIVIDUAL|VARIABLE|P0197145001|1|0|1.0|INDIVIDUAL|VARIABLE|P0197145001|1|0|1.0|INDIVIDUAL|VARIABLE|P0197145001|1|0|1.0|INDIVIDUAL|VARIABLE|P0197145001|1|0|1.0|INDIVIDUAL|VARIABLE|P0197145001|1|0|1.0|INDIVIDUAL|VARIABLE|P0197145001|1|0|1.0|INDIVIDUAL|VARIABLE|P0197145001|1|0|1.0|INDIVIDUAL|VARIABLE|P0197145001|1|0|1.0|INDIVIDUAL|VARIABLE|P0197145001|1|0|1.0|INDIVIDUAL|VARIABLE|P0197145001|1|0|1.0|INDIVIDUAL|VARIABLE|P0197145001|1|0|1.0
323,INDIVIDUAL|VARIABLE|P0216059008|1|0|1.0|INDIVIDUAL|VARIABLE|P0216059008|1|0|1.0|INDIVIDUAL|VARIABLE|P0216059008|1|0|1.0|INDIVIDUAL|VARIABLE|P0216059008|1|0|1.0|INDIVIDUAL|VARIABLE|P0216059008|1|0|1.0|INDIVIDUAL|VARIABLE|P0216059008|1|0|1.0|INDIVIDUAL|VARIABLE|P0216059008|1|0|1.0|INDIVIDUAL|VARIABLE|P0216059008|1|0|1.0|INDIVIDUAL|VARIABLE|P0216059008|1|0|1.0|INDIVIDUAL|VARIABLE|P0216059008|1|0|1.0|INDIVIDUAL|VARIABLE|P0216059008|1|0|1.0|INDIVIDUAL|VARIABLE|P0216059008|1|0|1.0|INDIVIDUAL|VARIABLE|P0216059008|1|0|1.0|INDIVIDUAL|VARIABLE|P0216059008|1|0|1.0|INDIVIDUAL|VARIABLE|P0216059008|1|0|1.0|INDIVIDUAL|VARIABLE|P0216059008|1|0|1.0|INDIVIDUAL|VARIABLE|P0216059008|1|0|1.0|INDIVIDUAL|VARIABLE|P0216059008|1|0|1.0|INDIVIDUAL|VARIABLE|P0216059008|1|0|1.0|INDIVIDUAL|VARIABLE|P0216059008|1|0|1.0|INDIVIDUAL|VARIABLE|P0216059008|1|0|1.0|INDIVIDUAL|VARIABLE|P0216059008|1|0|1.0
324,INDIVIDUAL|VARIABLE|P0216057005|1|0|1.0|INDIVIDUAL|VARIABLE|P0216057005|1|0|1.0|INDIVIDUAL|VARIABLE|P0216057005|1|0|1.0|INDIVIDUAL|VARIABLE|P0216057005|1|0|1.0|INDIVIDUAL|VARIABLE|P0216057005|1|0|1.0|INDIVIDUAL|VARIABLE|P0216057005|1|0|1.0|INDIVIDUAL|VARIABLE|P0216057005|1|0|1.0|INDIVIDUAL|VARIABLE|P0216057005|1|0|1.0|INDIVIDUAL|VARIABLE|P0216057005|1|0|1.0|INDIVIDUAL|VARIABLE|P0216057005|1|0|1.0|INDIVIDUAL|VARIABLE|P0216057005|1|0|1.0|INDIVIDUAL|VARIABLE|P0216057005|1|0|1.0|INDIVIDUAL|VARIABLE|P0216057005|1|0|1.0|INDIVIDUAL|VARIABLE|P0216057005|1|0|1.0|INDIVIDUAL|VARIABLE|P0216057005|1|0|1.0|INDIVIDUAL|VARIABLE|P0216057005|1|0|1.0|INDIVIDUAL|VARIABLE|P0216057005|1|0|1.0|INDIVIDUAL|VARIABLE|P0216057005|1|0|1.0|INDIVIDUAL|VARIABLE|P0216057005|1|0|1.0|INDIVIDUAL|VARIABLE|P0216057005|1|0|1.0|INDIVIDUAL|VARIABLE|P0216057005|1|0|1.0|INDIVIDUAL|VARIABLE|P0216057005|1|0|1.0|INDIVIDUAL|VARIABLE|P0216057005|1|0|1.0|INDIVIDUAL|VARIABLE|P0216057005|1|0|1.0|INDIVIDUAL|VARIABLE|P0216057005|1|0|1.0|INDIVIDUAL|VARIABLE|P0216057005|1|0|1.0|INDIVIDUAL|VARIABLE|P0216057005|1|0|1.0|INDIVIDUAL|VARIABLE|P0216057005|1|0|1.0|INDIVIDUAL|VARIABLE|P0216057005|1|0|1.0|INDIVIDUAL|VARIABLE|P0216057005|1|0|1.0|INDIVIDUAL|VARIABLE|P0216057005|1|0|1.0|INDIVIDUAL|VARIABLE|P0216057005|1|0|1.0|INDIVIDUAL|VARIABLE|P0216057005|1|0|1.0|INDIVIDUAL|VARIABLE|P0216057005|1|0|1.0|INDIVIDUAL|VARIABLE|P0216057005|1|0|1.0|INDIVIDUAL|VARIABLE|P0216057005|1|0|1.0|INDIVIDUAL|VARIABLE|P0216057005|1|0|1.0|INDIVIDUAL|VARIABLE|P0216057005|1|0|1.0|INDIVIDUAL|VARIABLE|P0216057005|1|0|1.0|INDIVIDUAL|VARIABLE|P0216057005|1|0|1.0|INDIVIDUAL|VARIABLE|P0216057005|1|0|1.0|INDIVIDUAL|VARIABLE|P0216057005|1|0|1.0|INDIVIDUAL|VARIABLE|P0216057005|1|0|1.0|INDIVIDUAL|VARIABLE|P0216057005|1|0|1.0|INDIVIDUAL|VARIABLE|P0216057005|1|0|1.0|INDIVIDUAL|VARIABLE|P0216057005|1|0|1.0|INDIVIDUAL|VARIABLE|P0216057005|1|0|1.0|INDIVIDUAL|VARIABLE|P0216057005|1|0|1.0|INDIVIDUAL|VARIABLE|P0216057005|1|0|1.0|INDIVIDUAL|VARIABLE|P0216057005|1|0|1.0|INDIVIDUAL|VARIABLE|P0216057005|1|0|1.0|INDIVIDUAL|VARIABLE|P0216057005|1|0|1.0|INDIVIDUAL|VARIABLE|P0216057005|1|0|1.0|INDIVIDUAL|VARIABLE|P0216057005|1|0|1.0|INDIVIDUAL|VARIABLE|P0216057005|1|0|1.0|INDIVIDUAL|VARIABLE|P0216057005|1|0|1.0|INDIVIDUAL|VARIABLE|P0216057005|1|0|1.0|INDIVIDUAL|VARIABLE|P0216057005|1|0|1.0|INDIVIDUAL|VARIABLE|P0216057005|1|0|1.0|INDIVIDUAL|VARIABLE|P0216057005|1|0|1.0|INDIVIDUAL|VARIABLE|P0216057005|1|0|1.0|INDIVIDUAL|VARIABLE|P0216057005|1|0|1.0|INDIVIDUAL|VARIABLE|P0216057005|1|0|1.0|INDIVIDUAL|VARIABLE|P0216057005|1|0|1.0|INDIVIDUAL|VARIABLE|P0216057005|1|0|1.0|INDIVIDUAL|VARIABLE|P0216057005|1|0|1.0|INDIVIDUAL|VARIABLE|P0216057005|1|0|1.0|INDIVIDUAL|VARIABLE|P0216057005|1|0|1.0|INDIVIDUAL|VARIABLE|P0216057005|1|0|1.0|INDIVIDUAL|VARIABLE|P0216057005|1|0|1.0|INDIVIDUAL|VARIABLE|P0216057005|1|0|1.0|INDIVIDUAL|VARIABLE|P0216057005|1|0|1.0|INDIVIDUAL|VARIABLE|P0216057005|1|0|1.0|INDIVIDUAL|VARIABLE|P0216057005|1|0|1.0|INDIVIDUAL|VARIABLE|P0216057005|1|0|1.0|INDIVIDUAL|VARIABLE|P0216057005|1|0|1.0|INDIVIDUAL|VARIABLE|P0216057005|1|0|1.0|INDIVIDUAL|VARIABLE|P0216057005|1|0|1.0|INDIVIDUAL|VARIABLE|P0216057005|1|0|1.0|INDIVIDUAL|VARIABLE|P0216057005|1|0|1.0|INDIVIDUAL|VARIABLE|P0216057005|1|0|1.0|INDIVIDUAL|VARIABLE|P0216057005|1|0|1.0|INDIVIDUAL|VARIABLE|P0216057005|1|0|1.0|INDIVIDUAL|VARIABLE|P0216057005|1|0|1.0|INDIVIDUAL|VARIABLE|P0216057005|1|0|1.0|INDIVIDUAL|VARIABLE|P0216057005|1|0|1.0|INDIVIDUAL|VARIABLE|P0216057005|1|0|1.0|INDIVIDUAL|VARIABLE|P0216057005|1|0|1.0|INDIVIDUAL|VARIABLE|P0216057005|1|0|1.0|INDIVIDUAL|VARIABLE|P0216057005|1|0|1.0|INDIVIDUAL|VARIABLE|P0216057005|1|0|1.0|INDIVIDUAL|VARIABLE|P0216057005|1|0|1.0|INDIVIDUAL|VARIABLE|P0216057005|1|0|1.0|INDIVIDUAL|VARIABLE|P0216057005|1|0|1.0|INDIVIDUAL|VARIABLE|P0216057005|1|0|1.0|INDIVIDUAL|VARIABLE|P0216057005|1|0|1.0|INDIVIDUAL|VARIABLE|P0216057005|1|0|1.0|INDIVIDUAL|VARIABLE|P0216057005|1|0|1.0|INDIVIDUAL|VARIABLE|P0216057005|1|0|1.0|INDIVIDUAL|VARIABLE|P0216057005|1|0|1.0|INDIVIDUAL|VARIABLE|P0216057005|1|0|1.0|INDIVIDUAL|VARIABLE|P0216057005|1|0|1.0|INDIVIDUAL|VARIABLE|P0216057005|1|0|1.0|INDIVIDUAL|VARIABLE|P0216057005|1|0|1.0|INDIVIDUAL|VARIABLE|P0216057005|1|0|1.0|INDIVIDUAL|VARIABLE|P0216057005|1|0|1.0|INDIVIDUAL|VARIABLE|P0216057005|1|0|1.0|INDIVIDUAL|VARIABLE|P0216057005|1|0|1.0|INDIVIDUAL|VARIABLE|P0216057005|1|0|1.0|INDIVIDUAL|VARIABLE|P0216057005|1|0|1.0|INDIVIDUAL|VARIABLE|P0216057005|1|0|1.0|INDIVIDUAL|VARIABLE|P0216057005|1|0|1.0|INDIVIDUAL|VARIABLE|P0216057005|1|0|1.0|INDIVIDUAL|VARIABLE|P0216057005|1|0|1.0|INDIVIDUAL|VARIABLE|P0216057005|1|0|1.0|INDIVIDUAL|VARIABLE|P0216057005|1|0|1.0|INDIVIDUAL|VARIABLE|P0216057005|1|0|1.0|INDIVIDUAL|VARIABLE|P0216057005|1|0|1.0|INDIVIDUAL|VARIABLE|P0216057005|1|0|1.0|INDIVIDUAL|VARIABLE|P0216057005|1|0|1.0|INDIVIDUAL|VARIABLE|P0216057005|1|0|1.0|INDIVIDUAL|VARIABLE|P0216057005|1|0|1.0|INDIVIDUAL|VARIABLE|P0216057005|1|0|1.0|INDIVIDUAL|VARIABLE|P0216057005|1|0|1.0|INDIVIDUAL|VARIABLE|P0216057005|1|0|1.0|INDIVIDUAL|VARIABLE|P0216057005|1|0|1.0|INDIVIDUAL|VARIABLE|P0216057005|1|0|1.0|INDIVIDUAL|VARIABLE|P0216057005|1|0|1.0|INDIVIDUAL|VARIABLE|P0216057005|1|0|1.0|INDIVIDUAL|VARIABLE|P0216057005|1|0|1.0|INDIVIDUAL|VARIABLE|P0216057005|1|0|1.0|INDIVIDUAL|VARIABLE|P0216057005|1|0|1.0|INDIVIDUAL|VARIABLE|P0216057005|1|0|1.0|INDIVIDUAL|VARIABLE|P0216057005|1|0|1.0|INDIVIDUAL|VARIABLE|P0216057005|1|0|1.0|INDIVIDUAL|VARIABLE|P0216057005|1|0|1.0|INDIVIDUAL|VARIABLE|P0216057005|1|0|1.0|INDIVIDUAL|VARIABLE|P0216057005|1|0|1.0|INDIVIDUAL|VARIABLE|P0216057005|1|0|1.0|INDIVIDUAL|VARIABLE|P0216057005|1|0|1.0|INDIVIDUAL|VARIABLE|P0216057005|1|0|1.0|INDIVIDUAL|VARIABLE|P0216057005|1|0|1.0|INDIVIDUAL|VARIABLE|P0216057005|1|0|1.0|INDIVIDUAL|VARIABLE|P0216057005|1|0|1.0|INDIVIDUAL|VARIABLE|P0216057005|1|0|1.0|INDIVIDUAL|VARIABLE|P0216057005|1|0|1.0|INDIVIDUAL|VARIABLE|P0216057005|1|0|1.0|INDIVIDUAL|VARIABLE|P0216057005|1|0|1.0|INDIVIDUAL|VARIABLE|P0216057005|1|0|1.0|INDIVIDUAL|VARIABLE|P0216057005|1|0|1.0|INDIVIDUAL|VARIABLE|P0216057005|1|0|1.0|INDIVIDUAL|VARIABLE|P0216057005|1|0|1.0|INDIVIDUAL|VARIABLE|P0216057005|1|0|1.0|INDIVIDUAL|VARIABLE|P0216057005|1|0|1.0|INDIVIDUAL|VARIABLE|P0216057005|1|0|1.0|INDIVIDUAL|VARIABLE|P0216057005|1|0|1.0|INDIVIDUAL|VARIABLE|P0216057005|1|0|1.0|INDIVIDUAL|VARIABLE|P0216057005|1|0|1.0|INDIVIDUAL|VARIABLE|P0216057005|1|0|1.0|INDIVIDUAL|VARIABLE|P0216057005|1|0|1.0|INDIVIDUAL|VARIABLE|P0216057005|1|0|1.0|INDIVIDUAL|VARIABLE|P0216057005|1|0|1.0|INDIVIDUAL|VARIABLE|P0216057005|1|0|1.0|INDIVIDUAL|VARIABLE|P0216057005|1|0|1.0|INDIVIDUAL|VARIABLE|P0216057005|1|0|1.0|INDIVIDUAL|VARIABLE|P0216057005|1|0|1.0|INDIVIDUAL|VARIABLE|P0216057005|1|0|1.0|INDIVIDUAL|VARIABLE|P0216057005|1|0|1.0|INDIVIDUAL|VARIABLE|P0216057005|1|0|1.0|INDIVIDUAL|VARIABLE|P0216057005|1|0|1.0|INDIVIDUAL|VARIABLE|P0216057005|1|0|1.0|INDIVIDUAL|VARIABLE|P0216057005|1|0|1.0|INDIVIDUAL|VARIABLE|P0216057005|1|0|1.0|INDIVIDUAL|VARIABLE|P0216057005|1|0|1.0|INDIVIDUAL|VARIABLE|P0216057005|1|0|1.0|INDIVIDUAL|VARIABLE|P0216057005|1|0|1.0|INDIVIDUAL|VARIABLE|P0216057005|1|0|1.0|INDIVIDUAL|VARIABLE|P0216057005|1|0|1.0|INDIVIDUAL|VARIABLE|P0216057005|1|0|1.0|INDIVIDUAL|VARIABLE|P0216057005|1|0|1.0|INDIVIDUAL|VARIABLE|P0216057005|1|0|1.0|INDIVIDUAL|VARIABLE|P0216057005|1|0|1.0|INDIVIDUAL|VARIABLE|P0216057005|1|0|1.0|INDIVIDUAL|VARIABLE|P0216057005|1|0|1.0|INDIVIDUAL|VARIABLE|P0216057005|1|0|1.0|INDIVIDUAL|VARIABLE|P0216057005|1|0|1.0|INDIVIDUAL|VARIABLE|P0216057005|1|0|1.0|INDIVIDUAL|VARIABLE|P0216057005|1|0|1.0|INDIVIDUAL|VARIABLE|P0216057005|1|0|1.0|INDIVIDUAL|VARIABLE|P0216057005|1|0|1.0|INDIVIDUAL|VARIABLE|P0216057005|1|0|1.0|INDIVIDUAL|VARIABLE|P0216057005|1|0|1.0|INDIVIDUAL|VARIABLE|P0216057005|1|0|1.0|INDIVIDUAL|VARIABLE|P0216057005|1|0|1.0|INDIVIDUAL|VARIABLE|P0216057005|1|0|1.0|INDIVIDUAL|VARIABLE|P0216057005|1|0|1.0|INDIVIDUAL|VARIABLE|P0216057005|1|0|1.0|INDIVIDUAL|VARIABLE|P0216057005|1|0|1.0|INDIVIDUAL|VARIABLE|P0216057005|1|0|1.0|INDIVIDUAL|VARIABLE|P0216057005|1|0|1.0|INDIVIDUAL|VARIABLE|P0216057005|1|0|1.0|INDIVIDUAL|VARIABLE|P0216057005|1|0|1.0|INDIVIDUAL|VARIABLE|P0216057005|1|0|1.0|INDIVIDUAL|VARIABLE|P0216057005|1|0|1.0|INDIVIDUAL|VARIABLE|P0216057005|1|0|1.0|INDIVIDUAL|VARIABLE|P0216057005|1|0|1.0|INDIVIDUAL|VARIABLE|P0216057005|1|0|1.0|INDIVIDUAL|VARIABLE|P0216057005|1|0|1.0|INDIVIDUAL|VARIABLE|P0216057005|1|0|1.0|INDIVIDUAL|VARIABLE|P0216057005|1|0|1.0|INDIVIDUAL|VARIABLE|P0216057005|1|0|1.0|INDIVIDUAL|VARIABLE|P0216057005|1|0|1.0|INDIVIDUAL|VARIABLE|P0216057005|1|0|1.0|INDIVIDUAL|VARIABLE|P0216057005|1|0|1.0|INDIVIDUAL|VARIABLE|P0216057005|1|0|1.0|INDIVIDUAL|VARIABLE|P0216057005|1|0|1.0|INDIVIDUAL|VARIABLE|P0216057005|1|0|1.0|INDIVIDUAL|VARIABLE|P0216057005|1|0|1.0|INDIVIDUAL|VARIABLE|P0216057005|1|0|1.0|INDIVIDUAL|VARIABLE|P0216057005|1|0|1.0|INDIVIDUAL|VARIABLE|P0216057005|1|0|1.0|INDIVIDUAL|VARIABLE|P0216057005|1|0|1.0|INDIVIDUAL|VARIABLE|P0216057005|1|0|1.0|INDIVIDUAL|VARIABLE|P0216057005|1|0|1.0|INDIVIDUAL|VARIABLE|P0216057005|1|0|1.0|INDIVIDUAL|VARIABLE|P0216057005|1|0|1.0|INDIVIDUAL|VARIABLE|P0216057005|1|0|1.0|INDIVIDUAL|VARIABLE|P0216057005|1|0|1.0
325,SET FIJO|FIJO|200118925|0|0|1.0|SET FIJO|FIJO|200118925|0|0|1.0|SET FIJO|FIJO|200118925|0|0|1.0|SET FIJO|FIJO|200118925|0|0|1.0|SET FIJO|FIJO|200118925|0|0|1.0|SET FIJO|FIJO|200118925|0|0|1.0|SET FIJO|FIJO|200118925|0|0|1.0|SET FIJO|FIJO|200115826|1|0|1.0|SET FIJO|FIJO|200115826|1|0|1.0|SET FIJO|FIJO|200115826|1|0|1.0|SET FIJO|FIJO|200115826|1|0|1.0|SET FIJO|FIJO|200115826|1|0|1.0|SET FIJO|FIJO|200118925|0|0|1.0|SET FIJO|FIJO|200115826|1|0|1.0|SET FIJO|FIJO|200118925|0|0|1.0|SET FIJO|FIJO|200118925|0|0|1.0|SET FIJO|FIJO|200115826|1|0|1.0|SET FIJO|FIJO|200115826|1|0|1.0|SET FIJO|FIJO|200115826|1|0|1.0|SET FIJO|FIJO|200115826|1|0|1.0|SET FIJO|FIJO|200115826|1|0|1.0|SET FIJO|FIJO|200118925|0|0|1.0|SET FIJO|FIJO|200118925|0|0|1.0|SET FIJO|FIJO|200115826|1|0|1.0
326,SET FIJO|FIJO|200044715|0|0|1.0|SET FIJO|FIJO|200044715|0|0|1.0|SET FIJO|FIJO|200044715|0|0|1.0|SET FIJO|FIJO|200115826|1|0|1.0|SET FIJO|FIJO|200115826|1|0|1.0|SET FIJO|FIJO|200115826|1|0|1.0|SET FIJO|FIJO|200115826|1|0|1.0|SET FIJO|FIJO|200115826|1|0|1.0|SET FIJO|FIJO|200115826|1|0|1.0|SET FIJO|FIJO|200044715|0|0|1.0|SET FIJO|FIJO|200044715|0|0|1.0|SET FIJO|FIJO|200044715|0|0|1.0|SET FIJO|FIJO|200044715|0|0|1.0|SET FIJO|FIJO|200044715|0|0|1.0|SET FIJO|FIJO|200044715|0|0|1.0|SET FIJO|FIJO|200115826|1|0|1.0|SET FIJO|FIJO|200115826|1|0|1.0|SET FIJO|FIJO|200115826|1|0|1.0|SET FIJO|FIJO|200115826|1|0|1.0|SET FIJO|FIJO|200115826|1|0|1.0|SET FIJO|FIJO|200044715|0|0|1.0|SET FIJO|FIJO|200044715|0|0|1.0|SET FIJO|FIJO|200044715|0|0|1.0|SET FIJO|FIJO|200115826|1|0|1.0
327,SET FIJO|FIJO|200113781|0|0|1.0|SET FIJO|FIJO|200113781|0|0|1.0|SET FIJO|FIJO|200113781|0|0|1.0|SET FIJO|FIJO|200113781|0|0|1.0|SET FIJO|FIJO|200113781|0|0|1.0|SET FIJO|FIJO|200113781|0|0|1.0|SET FIJO|FIJO|200063985|1|0|1.0|SET FIJO|FIJO|200063985|1|0|1.0|SET FIJO|FIJO|200063985|1|0|1.0|SET FIJO|FIJO|200063985|1|0|1.0|SET FIJO|FIJO|200113781|0|0|1.0|SET FIJO|FIJO|200113781|0|0|1.0|SET FIJO|FIJO|200063985|1|0|1.0|SET FIJO|FIJO|200063985|1|0|1.0|SET FIJO|FIJO|200063985|1|0|1.0|SET FIJO|FIJO|200063985|1|0|1.0|SET FIJO|FIJO|200063985|1|0|1.0|SET FIJO|FIJO|200113781|0|0|1.0|SET FIJO|FIJO|200113781|0|0|1.0|SET FIJO|FIJO|200113781|0|0|1.0|SET FIJO|FIJO|200113781|0|0|1.0|SET FIJO|FIJO|200063985|1|0|1.0|SET FIJO|FIJO|200063985|1|0|1.0|SET FIJO|FIJO|200063985|1|0|1.0
328,SET FIJO|FIJO|200109874|1|0|1.0|SET FIJO|FIJO|200109874|1|0|1.0|SET FIJO|FIJO|200109874|1|0|1.0|SET FIJO|FIJO|200109874|1|0|1.0|SET FIJO|FIJO|200109874|1|0|1.0|SET FIJO|FIJO|200109874|1|0|1.0|SET FIJO|FIJO|200109874|1|0|1.0|SET FIJO|FIJO|200109874|1|0|1.0|SET FIJO|FIJO|200109874|1|0|1.0|SET FIJO|FIJO|200109874|1|0|1.0|SET FIJO|FIJO|200118605|0|0|1.0|SET FIJO|FIJO|200118605|0|0|1.0|SET FIJO|FIJO|200118605|0|0|1.0|SET FIJO|FIJO|200118605|0|0|1.0|SET FIJO|FIJO|200109874|1|0|1.0|SET FIJO|FIJO|200109874|1|0|1.0|SET FIJO|FIJO|200118605|0|0|1.0|SET FIJO|FIJO|200118605|0|0|1.0|SET FIJO|FIJO|200118605|0|0|1.0|SET FIJO|FIJO|200118605|0|0|1.0|SET FIJO|FIJO|200118605|0|0|1.0|SET FIJO|FIJO|200118605|0|0|1.0|SET FIJO|FIJO|200118605|0|0|1.0|SET FIJO|FIJO|200118605|0|0|1.0
329,SET FIJO|FIJO|P0132059001|1|0|1.0|SET FIJO|FIJO|P0132059001|1|0|1.0|SET FIJO|FIJO|P0132059001|1|0|1.0|SET FIJO|FIJO|P0132059001|1|0|1.0|SET FIJO|FIJO|P0132059001|1|0|1.0|SET FIJO|FIJO|P0132059001|1|0|1.0|SET FIJO|FIJO|P0132059001|1|0|1.0|SET FIJO|FIJO|P0132059001|1|0|1.0|SET FIJO|FIJO|P0132062000|0|0|1.0|SET FIJO|FIJO|P0132062000|0|0|1.0|SET FIJO|FIJO|P0132062000|0|0|1.0|SET FIJO|FIJO|P0132062000|0|0|1.0|SET FIJO|FIJO|P0132062000|0|0|1.0|SET FIJO|FIJO|P0132062000|0|0|1.0|SET FIJO|FIJO|P0132062000|0|0|1.0|SET FIJO|FIJO|P0132062000|0|0|1.0|SET FIJO|FIJO|P0132062000|0|0|1.0|SET FIJO|FIJO|P0132062000|0|0|1.0|SET FIJO|FIJO|P0132062000|0|0|1.0|SET FIJO|FIJO|P0132062000|0|0|1.0|SET FIJO|FIJO|P0132059001|1|0|1.0|SET FIJO|FIJO|P0132059001|1|0|1.0|SET FIJO|FIJO|P0132059001|1|0|1.0|SET FIJO|FIJO|P0132059001|1|0|1.0
330,SET FIJO|FIJO|P0132059001|1|0|1.0|SET FIJO|FIJO|P0132059001|1|0|1.0|SET FIJO|FIJO|P0132059001|1|0|1.0|SET FIJO|FIJO|P0132059001|1|0|1.0|SET FIJO|FIJO|P0132059001|1|0|1.0|SET FIJO|FIJO|P0132059001|1|0|1.0|SET FIJO|FIJO|P0132059001|1|0|1.0|SET FIJO|FIJO|P0132059001|1|0|1.0|SET FIJO|FIJO|P0132062000|0|0|1.0|SET FIJO|FIJO|P0132062000|0|0|1.0|SET FIJO|FIJO|P0132062000|0|0|1.0|SET FIJO|FIJO|P0132062000|0|0|1.0|SET FIJO|FIJO|P0132062000|0|0|1.0|SET FIJO|FIJO|P0132062000|0|0|1.0|SET FIJO|FIJO|P0132062000|0|0|1.0|SET FIJO|FIJO|P0132062000|0|0|1.0|SET FIJO|FIJO|P0132062000|0|0|1.0|SET FIJO|FIJO|P0132062000|0|0|1.0|SET FIJO|FIJO|P0132062000|0|0|1.0|SET FIJO|FIJO|P0132062000|0|0|1.0|SET FIJO|FIJO|P0132059001|1|0|1.0|SET FIJO|FIJO|P0132059001|1|0|1.0|SET FIJO|FIJO|P0132059001|1|0|1.0|SET FIJO|FIJO|P0132059001|1|0|1.0
331,SET FIJO|FIJO|200114784|0|0|1.0|SET FIJO|FIJO|200114784|0|0|1.0|SET FIJO|FIJO|200114784|0|0|1.0|SET FIJO|FIJO|200114784|0|0|1.0|SET FIJO|FIJO|200114784|0|0|1.0|SET FIJO|FIJO|200114784|0|0|1.0|SET FIJO|FIJO|200114784|0|0|1.0|SET FIJO|FIJO|200114784|0|0|1.0|SET FIJO|FIJO|200114784|0|0|1.0|SET FIJO|FIJO|200111416|1|0|1.0|SET FIJO|FIJO|200111416|1|0|1.0|SET FIJO|FIJO|200111416|1|0|1.0|SET FIJO|FIJO|200111416|1|0|1.0|SET FIJO|FIJO|200111416|1|0|1.0|SET FIJO|FIJO|200111416|1|0|1.0|SET FIJO|FIJO|200114784|0|0|1.0|SET FIJO|FIJO|200114784|0|0|1.0|SET FIJO|FIJO|200114784|0|0|1.0|SET FIJO|FIJO|200111416|1|0|1.0|SET FIJO|FIJO|200111416|1|0|1.0|SET FIJO|FIJO|200111416|1|0|1.0|SET FIJO|FIJO|200111416|1|0|1.0|SET FIJO|FIJO|200111416|1|0|1.0|SET FIJO|FIJO|200111416|1|0|1.0
334,SET FIJO|FIJO|210047500|0|0|1.0|SET FIJO|FIJO|210047500|0|0|1.0|SET FIJO|FIJO|210047500|0|0|1.0|SET FIJO|FIJO|210047500|0|0|1.0|SET FIJO|FIJO|210047500|0|0|1.0|SET FIJO|FIJO|210047500|0|0|1.0|SET FIJO|FIJO|210047500|0|0|1.0|SET FIJO|FIJO|200114911|1|0|1.0|SET FIJO|FIJO|200114911|1|0|1.0|SET FIJO|FIJO|200114911|1|0|1.0|SET FIJO|FIJO|200114911|1|0|1.0|SET FIJO|FIJO|200114911|1|0|1.0|SET FIJO|FIJO|200114911|1|0|1.0|SET FIJO|FIJO|200114911|1|0|1.0|SET FIJO|FIJO|200114911|1|0|1.0|SET FIJO|FIJO|200114911|1|0|1.0|SET FIJO|FIJO|200114911|1|0|1.0|SET FIJO|FIJO|200114911|1|0|1.0|SET FIJO|FIJO|200114911|1|0|1.0|SET FIJO|FIJO|210047500|0|0|1.0|SET FIJO|FIJO|210047500|0|0|1.0|SET FIJO|FIJO|210047500|0|0|1.0|SET FIJO|FIJO|210047500|0|0|1.0|SET FIJO|FIJO|210047500|0|0|1.0
335,SET FIJO|FIJO|200060760|1|0|1.0|SET FIJO|FIJO|200060760|1|0|1.0|SET FIJO|FIJO|200099083|0|0|1.0|SET FIJO|FIJO|200060760|1|0|1.0|SET FIJO|FIJO|200060760|1|0|1.0|SET FIJO|FIJO|200060760|1|0|1.0|SET FIJO|FIJO|200060760|1|0|1.0|SET FIJO|FIJO|200060760|1|0|1.0|SET FIJO|FIJO|200060760|1|0|1.0|SET FIJO|FIJO|200099083|0|0|1.0|SET FIJO|FIJO|200099083|0|0|1.0|SET FIJO|FIJO|200099083|0|0|1.0|SET FIJO|FIJO|200060760|1|0|1.0|SET FIJO|FIJO|200060760|1|0|1.0|SET FIJO|FIJO|200060760|1|0|1.0|SET FIJO|FIJO|200060760|1|0|1.0|SET FIJO|FIJO|200099083|0|0|1.0|SET FIJO|FIJO|200099083|0|0|1.0|SET FIJO|FIJO|200099083|0|0|1.0|SET FIJO|FIJO|200099083|0|0|1.0|SET FIJO|FIJO|200060760|1|0|1.0|SET FIJO|FIJO|200099083|0|0|1.0|SET FIJO|FIJO|200060760|1|0|1.0|SET FIJO|FIJO|200099083|0|0|1.0|SET FIJO|FIJO|200099083|0|0|1.0
336,SET FIJO|FIJO|200111162|1|0|1.0|SET FIJO|FIJO|200111162|1|0|1.0|SET FIJO|FIJO|200111162|1|0|1.0|SET FIJO|FIJO|200067292|0|0|1.0|SET FIJO|FIJO|200111162|1|0|1.0|SET FIJO|FIJO|200111162|1|0|1.0|SET FIJO|FIJO|200111162|1|0|1.0|SET FIJO|FIJO|200111162|1|0|1.0|SET FIJO|FIJO|200111162|1|0|1.0|SET FIJO|FIJO|200111162|1|0|1.0|SET FIJO|FIJO|200067292|0|0|1.0|SET FIJO|FIJO|200067292|0|0|1.0|SET FIJO|FIJO|200067292|0|0|1.0|SET FIJO|FIJO|200111162|1|0|1.0|SET FIJO|FIJO|200111162|1|0|1.0|SET FIJO|FIJO|200111162|1|0|1.0|SET FIJO|FIJO|200067292|0|0|1.0|SET FIJO|FIJO|200067292|0|0|1.0|SET FIJO|FIJO|200067292|0|0|1.0|SET FIJO|FIJO|200067292|0|0|1.0|SET FIJO|FIJO|200067292|0|0|1.0|SET FIJO|FIJO|200067292|0|0|1.0|SET FIJO|FIJO|200067292|0|0|1.0
337,SET FIJO|FIJO|P0132059001|1|0|1.0|SET FIJO|FIJO|P0132059001|1|0|1.0|SET FIJO|FIJO|P0132059001|1|0|1.0|SET FIJO|FIJO|P0132059001|1|0|1.0|SET FIJO|FIJO|P0132059001|1|0|1.0|SET FIJO|FIJO|P0132059001|1|0|1.0|SET FIJO|FIJO|P0132059001|1|0|1.0|SET FIJO|FIJO|P0132059001|1|0|1.0|SET FIJO|FIJO|P0132062000|0|0|1.0|SET FIJO|FIJO|P0132062000|0|0|1.0|SET FIJO|FIJO|P0132062000|0|0|1.0|SET FIJO|FIJO|P0132062000|0|0|1.0|SET FIJO|FIJO|P0132062000|0|0|1.0|SET FIJO|FIJO|P0132062000|0|0|1.0|SET FIJO|FIJO|P0132062000|0|0|1.0|SET FIJO|FIJO|P0132062000|0|0|1.0|SET FIJO|FIJO|P0132062000|0|0|1.0|SET FIJO|FIJO|P0132062000|0|0|1.0|SET FIJO|FIJO|P0132062000|0|0|1.0|SET FIJO|FIJO|P0132062000|0|0|1.0|SET FIJO|FIJO|P0132059001|1|0|1.0|SET FIJO|FIJO|P0132059001|1|0|1.0|SET FIJO|FIJO|P0132059001|1|0|1.0|SET FIJO|FIJO|P0132059001|1|0|1.0
338,SET FIJO|FIJO|P0132059001|1|0|1.0|SET FIJO|FIJO|P0132059001|1|0|1.0|SET FIJO|FIJO|P0132059001|1|0|1.0|SET FIJO|FIJO|P0132059001|1|0|1.0|SET FIJO|FIJO|P0132059001|1|0|1.0|SET FIJO|FIJO|P0132059001|1|0|1.0|SET FIJO|FIJO|P0132059001|1|0|1.0|SET FIJO|FIJO|P0132059001|1|0|1.0|SET FIJO|FIJO|P0132062000|0|0|1.0|SET FIJO|FIJO|P0132062000|0|0|1.0|SET FIJO|FIJO|P0132062000|0|0|1.0|SET FIJO|FIJO|P0132062000|0|0|1.0|SET FIJO|FIJO|P0132062000|0|0|1.0|SET FIJO|FIJO|P0132062000|0|0|1.0|SET FIJO|FIJO|P0132062000|0|0|1.0|SET FIJO|FIJO|P0132062000|0|0|1.0|SET FIJO|FIJO|P0132062000|0|0|1.0|SET FIJO|FIJO|P0132062000|0|0|1.0|SET FIJO|FIJO|P0132062000|0|0|1.0|SET FIJO|FIJO|P0132062000|0|0|1.0|SET FIJO|FIJO|P0132059001|1|0|1.0|SET FIJO|FIJO|P0132059001|1|0|1.0|SET FIJO|FIJO|P0132059001|1|0|1.0|SET FIJO|FIJO|P0132059001|1|0|1.0
339,SET FIJO|FIJO|200086172|1|0|1.0|SET FIJO|FIJO|200067292|0|0|1.0|SET FIJO|FIJO|200086172|1|0|1.0|SET FIJO|FIJO|200086172|1|0|1.0|SET FIJO|FIJO|200086172|1|0|1.0|SET FIJO|FIJO|200086172|1|0|1.0|SET FIJO|FIJO|200086172|1|0|1.0|SET FIJO|FIJO|200067292|0|0|1.0|SET FIJO|FIJO|200067292|0|0|1.0|SET FIJO|FIJO|200067292|0|0|1.0|SET FIJO|FIJO|200086172|1|0|1.0|SET FIJO|FIJO|200086172|1|0|1.0|SET FIJO|FIJO|200067292|0|0|1.0|SET FIJO|FIJO|200067292|0|0|1.0|SET FIJO|FIJO|200067292|0|0|1.0|SET FIJO|FIJO|200086172|1|0|1.0|SET FIJO|FIJO|200086172|1|0|1.0|SET FIJO|FIJO|200086172|1|0|1.0|SET FIJO|FIJO|200086172|1|0|1.0|SET FIJO|FIJO|200067292|0|0|1.0|SET FIJO|FIJO|200086172|1|0|1.0|SET FIJO|FIJO|200067292|0|0|1.0|SET FIJO|FIJO|200067292|0|0|1.0|SET FIJO|FIJO|200067292|0|0|1.0
344,PROMOCIÓN INDIVIDUAL|FIJO|200106488|1|0|1.0|PROMOCIÓN INDIVIDUAL|FIJO|200106488|1|0|1.0|PROMOCIÓN INDIVIDUAL|FIJO|200106488|1|0|1.0|PROMOCIÓN INDIVIDUAL|FIJO|200106488|1|0|1.0|PROMOCIÓN INDIVIDUAL|FIJO|200106488|1|0|1.0|PROMOCIÓN INDIVIDUAL|FIJO|200106488|1|0|1.0|PROMOCIÓN INDIVIDUAL|FIJO|200106488|1|0|1.0|PROMOCIÓN INDIVIDUAL|FIJO|200106488|1|0|1.0|PROMOCIÓN INDIVIDUAL|FIJO|200106488|1|0|1.0|PROMOCIÓN INDIVIDUAL|FIJO|200106488|1|0|1.0|PROMOCIÓN INDIVIDUAL|FIJO|200106488|1|0|1.0|PROMOCIÓN INDIVIDUAL|FIJO|200106488|1|0|1.0
347,PROMOCIÓN INDIVIDUAL|VARIABLE|200041665|1|0|1.0|PROMOCIÓN INDIVIDUAL|VARIABLE|200041664|1|0|1.0|PROMOCIÓN INDIVIDUAL|VARIABLE|200041665|1|0|1.0|PROMOCIÓN INDIVIDUAL|VARIABLE|200041664|1|0|1.0|PROMOCIÓN INDIVIDUAL|VARIABLE|200041665|1|0|1.0|PROMOCIÓN INDIVIDUAL|VARIABLE|200041664|1|0|1.0|PROMOCIÓN INDIVIDUAL|VARIABLE|200041665|1|0|1.0|PROMOCIÓN INDIVIDUAL|VARIABLE|200041664|1|0|1.0|PROMOCIÓN INDIVIDUAL|VARIABLE|200041665|1|0|1.0|PROMOCIÓN INDIVIDUAL|VARIABLE|200041664|1|0|1.0|PROMOCIÓN INDIVIDUAL|VARIABLE|200041665|1|0|1.0|PROMOCIÓN INDIVIDUAL|VARIABLE|200041664|1|0|1.0|PROMOCIÓN INDIVIDUAL|VARIABLE|200041665|1|0|1.0|PROMOCIÓN INDIVIDUAL|VARIABLE|200041664|1|0|1.0|PROMOCIÓN INDIVIDUAL|VARIABLE|200041665|1|0|1.0|PROMOCIÓN INDIVIDUAL|VARIABLE|200041664|1|0|1.0|PROMOCIÓN INDIVIDUAL|VARIABLE|200041665|1|0|1.0|PROMOCIÓN INDIVIDUAL|VARIABLE|200041664|1|0|1.0|PROMOCIÓN INDIVIDUAL|VARIABLE|200041665|1|0|1.0|PROMOCIÓN INDIVIDUAL|VARIABLE|200041664|1|0|1.0|PROMOCIÓN INDIVIDUAL|VARIABLE|200041665|1|0|1.0|PROMOCIÓN INDIVIDUAL|VARIABLE|200041664|1|0|1.0|PROMOCIÓN INDIVIDUAL|VARIABLE|200041665|1|0|1.0|PROMOCIÓN INDIVIDUAL|VARIABLE|200041664|1|0|1.0
348,VOLUMEN|VARIABLE|200116963|1|0|1.0|VOLUMEN|VARIABLE|200116963|1|0|1.0|VOLUMEN|VARIABLE|200116963|1|0|1.0|VOLUMEN|VARIABLE|200107324|1|0|1.0|VOLUMEN|VARIABLE|200107324|1|0|1.0|VOLUMEN|VARIABLE|200107324|1|0|1.0|VOLUMEN|VARIABLE|200107324|1|0|1.0|VOLUMEN|VARIABLE|200107337|1|0|1.0|VOLUMEN|VARIABLE|200107337|1|0|1.0|VOLUMEN|VARIABLE|200107324|1|0|1.0|VOLUMEN|VARIABLE|200107324|1|0|1.0|VOLUMEN|VARIABLE|200107324|1|0|1.0|VOLUMEN|VARIABLE|200107324|1|0|1.0|VOLUMEN|VARIABLE|200107324|1|0|1.0|VOLUMEN|VARIABLE|200107324|1|0|1.0|VOLUMEN|VARIABLE|200107324|1|0|1.0|VOLUMEN|VARIABLE|200107324|1|0|1.0|VOLUMEN|VARIABLE|200116963|1|0|1.0|VOLUMEN|VARIABLE|200116963|1|0|1.0|VOLUMEN|VARIABLE|200107337|1|0|1.0|VOLUMEN|VARIABLE|200107337|1|0|1.0|VOLUMEN|VARIABLE|200107337|1|0|1.0|VOLUMEN|VARIABLE|200107337|1|0|1.0|VOLUMEN|VARIABLE|200107337|1|0|1.0|VOLUMEN|VARIABLE|200107337|1|0|1.0|VOLUMEN|VARIABLE|200107337|1|0|1.0|VOLUMEN|VARIABLE|200107337|1|0|1.0|VOLUMEN|VARIABLE|200116963|1|0|1.0|VOLUMEN|VARIABLE|200116963|1|0|1.0|VOLUMEN|VARIABLE|200116963|1|0|1.0|VOLUMEN|VARIABLE|200116963|1|0|1.0|VOLUMEN|VARIABLE|200107337|1|0|1.0|VOLUMEN|VARIABLE|200107337|1|0|1.0|VOLUMEN|VARIABLE|200116963|1|0|1.0|VOLUMEN|VARIABLE|200116963|1|0|1.0|VOLUMEN|VARIABLE|200116963|1|0|1.0
349,VOLUMEN|VARIABLE|200116963|1|0|2.0|VOLUMEN|VARIABLE|200116963|1|0|2.0|VOLUMEN|VARIABLE|200116963|1|0|2.0|VOLUMEN|VARIABLE|200107324|1|0|2.0|VOLUMEN|VARIABLE|200107324|1|0|2.0|VOLUMEN|VARIABLE|200107324|1|0|2.0|VOLUMEN|VARIABLE|200107324|1|0|2.0|VOLUMEN|VARIABLE|200107337|1|0|2.0|VOLUMEN|VARIABLE|200107337|1|0|2.0|VOLUMEN|VARIABLE|200107324|1|0|2.0|VOLUMEN|VARIABLE|200107324|1|0|2.0|VOLUMEN|VARIABLE|200107324|1|0|2.0|VOLUMEN|VARIABLE|200107324|1|0|2.0|VOLUMEN|VARIABLE|200107324|1|0|2.0|VOLUMEN|VARIABLE|200107324|1|0|2.0|VOLUMEN|VARIABLE|200107324|1|0|2.0|VOLUMEN|VARIABLE|200107324|1|0|2.0|VOLUMEN|VARIABLE|200116963|1|0|2.0|VOLUMEN|VARIABLE|200116963|1|0|2.0|VOLUMEN|VARIABLE|200107337|1|0|2.0|VOLUMEN|VARIABLE|200107337|1|0|2.0|VOLUMEN|VARIABLE|200107337|1|0|2.0|VOLUMEN|VARIABLE|200107337|1|0|2.0|VOLUMEN|VARIABLE|200107337|1|0|2.0|VOLUMEN|VARIABLE|200107337|1|0|2.0|VOLUMEN|VARIABLE|200107337|1|0|2.0|VOLUMEN|VARIABLE|200107337|1|0|2.0|VOLUMEN|VARIABLE|200116963|1|0|2.0|VOLUMEN|VARIABLE|200116963|1|0|2.0|VOLUMEN|VARIABLE|200116963|1|0|2.0|VOLUMEN|VARIABLE|200116963|1|0|2.0|VOLUMEN|VARIABLE|200107337|1|0|2.0|VOLUMEN|VARIABLE|200107337|1|0|2.0|VOLUMEN|VARIABLE|200116963|1|0|2.0|VOLUMEN|VARIABLE|200116963|1|0|2.0|VOLUMEN|VARIABLE|200116963|1|0|2.0
350,INDIVIDUAL|FIJO|200113548|1|0|1.0|INDIVIDUAL|FIJO|200113548|1|0|1.0|INDIVIDUAL|FIJO|200113548|1|0|1.0|INDIVIDUAL|FIJO|200113548|1|0|1.0|INDIVIDUAL|FIJO|200113548|1|0|1.0|INDIVIDUAL|FIJO|200113548|1|0|1.0|INDIVIDUAL|FIJO|200113548|1|0|1.0|INDIVIDUAL|FIJO|200113548|1|0|1.0|INDIVIDUAL|FIJO|200113548|1|0|1.0|INDIVIDUAL|FIJO|200113548|1|0|1.0|INDIVIDUAL|FIJO|200113548|1|0|1.0
351,INDIVIDUAL|FIJO|200118363|1|0|1.0|INDIVIDUAL|FIJO|200118363|1|0|1.0|INDIVIDUAL|FIJO|200118363|1|0|1.0|INDIVIDUAL|FIJO|200118363|1|0|1.0|INDIVIDUAL|FIJO|200118363|1|0|1.0|INDIVIDUAL|FIJO|200118363|1|0|1.0|INDIVIDUAL|FIJO|200118363|1|0|1.0|INDIVIDUAL|FIJO|200118363|1|0|1.0|INDIVIDUAL|FIJO|200118363|1|0|1.0|INDIVIDUAL|FIJO|200118363|1|0|1.0
352,INDIVIDUAL|FIJO|200109443|1|0|1.0|INDIVIDUAL|FIJO|200109443|1|0|1.0|INDIVIDUAL|FIJO|200109443|1|0|1.0|INDIVIDUAL|FIJO|200109443|1|0|1.0|INDIVIDUAL|FIJO|200109443|1|0|1.0|INDIVIDUAL|FIJO|200109443|1|0|1.0|INDIVIDUAL|FIJO|200109443|1|0|1.0|INDIVIDUAL|FIJO|200109443|1|0|1.0|INDIVIDUAL|FIJO|200109443|1|0|1.0|INDIVIDUAL|FIJO|200109443|1|0|1.0|INDIVIDUAL|FIJO|200109443|1|0|1.0
353,INDIVIDUAL|FIJO|200040636|1|0|1.0|INDIVIDUAL|FIJO|200040636|1|0|1.0
354,INDIVIDUAL|FIJO|200058349|1|0|1.0|INDIVIDUAL|FIJO|200058349|1|0|1.0|INDIVIDUAL|FIJO|200058349|1|0|1.0|INDIVIDUAL|FIJO|200058349|1|0|1.0|INDIVIDUAL|FIJO|200058349|1|0|1.0|INDIVIDUAL|FIJO|200058349|1|0|1.0|INDIVIDUAL|FIJO|200058349|1|0|1.0|INDIVIDUAL|FIJO|200058349|1|0|1.0|INDIVIDUAL|FIJO|200058349|1|0|1.0|INDIVIDUAL|FIJO|200058349|1|0|1.0|INDIVIDUAL|FIJO|200058349|1|0|1.0|INDIVIDUAL|FIJO|200058349|1|0|1.0
355,INDIVIDUAL|FIJO|200084602|1|0|1.0|INDIVIDUAL|FIJO|200084602|1|0|1.0|INDIVIDUAL|FIJO|200084602|1|0|1.0|INDIVIDUAL|FIJO|200084602|1|0|1.0|INDIVIDUAL|FIJO|200084602|1|0|1.0|INDIVIDUAL|FIJO|200084602|1|0|1.0|INDIVIDUAL|FIJO|200084602|1|0|1.0|INDIVIDUAL|FIJO|200084602|1|0|1.0|INDIVIDUAL|FIJO|200084602|1|0|1.0|INDIVIDUAL|FIJO|200084602|1|0|1.0|INDIVIDUAL|FIJO|200084602|1|0|1.0
356,INDIVIDUAL|FIJO|200051360|1|0|1.0|INDIVIDUAL|FIJO|200051360|1|0|1.0|INDIVIDUAL|FIJO|200051360|1|0|1.0|INDIVIDUAL|FIJO|200051360|1|0|1.0|INDIVIDUAL|FIJO|200051360|1|0|1.0|INDIVIDUAL|FIJO|200051360|1|0|1.0|INDIVIDUAL|FIJO|200051360|1|0|1.0|INDIVIDUAL|FIJO|200051360|1|0|1.0|INDIVIDUAL|FIJO|200051360|1|0|1.0
357,INDIVIDUAL|FIJO|200012014|1|0|1.0|INDIVIDUAL|FIJO|200012014|1|0|1.0|INDIVIDUAL|FIJO|200012014|1|0|1.0|INDIVIDUAL|FIJO|200012014|1|0|1.0|INDIVIDUAL|FIJO|200012014|1|0|1.0|INDIVIDUAL|FIJO|200012014|1|0|1.0|INDIVIDUAL|FIJO|200012014|1|0|1.0|INDIVIDUAL|FIJO|200012014|1|0|1.0|INDIVIDUAL|FIJO|200012014|1|0|1.0|INDIVIDUAL|FIJO|200012014|1|0|1.0|INDIVIDUAL|FIJO|200012014|1|0|1.0
358,INDIVIDUAL|FIJO|200069875|1|0|1.0|INDIVIDUAL|FIJO|200069875|1|0|1.0|INDIVIDUAL|FIJO|200069875|1|0|1.0|INDIVIDUAL|FIJO|200069875|1|0|1.0|INDIVIDUAL|FIJO|200069875|1|0|1.0|INDIVIDUAL|FIJO|200069875|1|0|1.0|INDIVIDUAL|FIJO|200069875|1|0|1.0|INDIVIDUAL|FIJO|200069875|1|0|1.0|INDIVIDUAL|FIJO|200069875|1|0|1.0|INDIVIDUAL|FIJO|200069875|1|0|1.0|INDIVIDUAL|FIJO|200069875|1|0|1.0
359,INDIVIDUAL|FIJO|200113547|1|0|1.0|INDIVIDUAL|FIJO|200113547|1|0|1.0|INDIVIDUAL|FIJO|200113547|1|0|1.0|INDIVIDUAL|FIJO|200113547|1|0|1.0|INDIVIDUAL|FIJO|200113547|1|0|1.0|INDIVIDUAL|FIJO|200113547|1|0|1.0|INDIVIDUAL|FIJO|200113547|1|0|1.0|INDIVIDUAL|FIJO|200113547|1|0|1.0|INDIVIDUAL|FIJO|200113547|1|0|1.0|INDIVIDUAL|FIJO|200113547|1|0|1.0|INDIVIDUAL|FIJO|200113547|1|0|1.0
360,INDIVIDUAL|FIJO|200084604|1|0|1.0|INDIVIDUAL|FIJO|200084604|1|0|1.0|INDIVIDUAL|FIJO|200084604|1|0|1.0|INDIVIDUAL|FIJO|200084604|1|0|1.0|INDIVIDUAL|FIJO|200084604|1|0|1.0|INDIVIDUAL|FIJO|200084604|1|0|1.0|INDIVIDUAL|FIJO|200084604|1|0|1.0|INDIVIDUAL|FIJO|200084604|1|0|1.0|INDIVIDUAL|FIJO|200084604|1|0|1.0|INDIVIDUAL|FIJO|200084604|1|0|1.0|INDIVIDUAL|FIJO|200084604|1|0|1.0
361,INDIVIDUAL|FIJO|200011773|1|0|1.0|INDIVIDUAL|FIJO|200011773|1|0|1.0|INDIVIDUAL|FIJO|200011773|1|0|1.0|INDIVIDUAL|FIJO|200011773|1|0|1.0|INDIVIDUAL|FIJO|200011773|1|0|1.0|INDIVIDUAL|FIJO|200011773|1|0|1.0|INDIVIDUAL|FIJO|200011773|1|0|1.0|INDIVIDUAL|FIJO|200011773|1|0|1.0|INDIVIDUAL|FIJO|200011773|1|0|1.0|INDIVIDUAL|FIJO|200011773|1|0|1.0
362,INDIVIDUAL|FIJO|200096723|1|0|1.0|INDIVIDUAL|FIJO|200096723|1|0|1.0|INDIVIDUAL|FIJO|200096723|1|0|1.0|INDIVIDUAL|FIJO|200096723|1|0|1.0|INDIVIDUAL|FIJO|200096723|1|0|1.0|INDIVIDUAL|FIJO|200096723|1|0|1.0|INDIVIDUAL|FIJO|200096723|1|0|1.0|INDIVIDUAL|FIJO|200096723|1|0|1.0|INDIVIDUAL|FIJO|200096723|1|0|1.0|INDIVIDUAL|FIJO|200096723|1|0|1.0
363,INDIVIDUAL|FIJO|200095903|1|0|1.0|INDIVIDUAL|FIJO|200095903|1|0|1.0|INDIVIDUAL|FIJO|200095903|1|0|1.0|INDIVIDUAL|FIJO|200095903|1|0|1.0|INDIVIDUAL|FIJO|200095903|1|0|1.0|INDIVIDUAL|FIJO|200095903|1|0|1.0|INDIVIDUAL|FIJO|200095903|1|0|1.0|INDIVIDUAL|FIJO|200095903|1|0|1.0|INDIVIDUAL|FIJO|200095903|1|0|1.0|INDIVIDUAL|FIJO|200095903|1|0|1.0|INDIVIDUAL|FIJO|200095903|1|0|1.0|INDIVIDUAL|FIJO|200095903|1|0|1.0
364,INDIVIDUAL|FIJO|200117168|1|0|1.0|INDIVIDUAL|FIJO|200117168|1|0|1.0|INDIVIDUAL|FIJO|200117168|1|0|1.0|INDIVIDUAL|FIJO|200117168|1|0|1.0|INDIVIDUAL|FIJO|200117168|1|0|1.0|INDIVIDUAL|FIJO|200117168|1|0|1.0|INDIVIDUAL|FIJO|200117168|1|0|1.0|INDIVIDUAL|FIJO|200117168|1|0|1.0|INDIVIDUAL|FIJO|200117168|1|0|1.0|INDIVIDUAL|FIJO|200117168|1|0|1.0|INDIVIDUAL|FIJO|200117168|1|0|1.0
365,INDIVIDUAL|FIJO|200109258|1|0|1.0|INDIVIDUAL|FIJO|200109258|1|0|1.0|INDIVIDUAL|FIJO|200109258|1|0|1.0|INDIVIDUAL|FIJO|200109258|1|0|1.0|INDIVIDUAL|FIJO|200109258|1|0|1.0|INDIVIDUAL|FIJO|200109258|1|0|1.0|INDIVIDUAL|FIJO|200109258|1|0|1.0|INDIVIDUAL|FIJO|200109258|1|0|1.0|INDIVIDUAL|FIJO|200109258|1|0|1.0|INDIVIDUAL|FIJO|200109258|1|0|1.0
366,INDIVIDUAL|FIJO|200106295|1|0|1.0|INDIVIDUAL|FIJO|200106295|1|0|1.0|INDIVIDUAL|FIJO|200106295|1|0|1.0|INDIVIDUAL|FIJO|200106295|1|0|1.0|INDIVIDUAL|FIJO|200106295|1|0|1.0|INDIVIDUAL|FIJO|200106295|1|0|1.0|INDIVIDUAL|FIJO|200106295|1|0|1.0|INDIVIDUAL|FIJO|200106295|1|0|1.0|INDIVIDUAL|FIJO|200106295|1|0|1.0|INDIVIDUAL|FIJO|200106295|1|0|1.0
367,INDIVIDUAL|FIJO|200046830|1|0|1.0|INDIVIDUAL|FIJO|200046830|1|0|1.0|INDIVIDUAL|FIJO|200046830|1|0|1.0|INDIVIDUAL|FIJO|200046830|1|0|1.0|INDIVIDUAL|FIJO|200046830|1|0|1.0|INDIVIDUAL|FIJO|200046830|1|0|1.0|INDIVIDUAL|FIJO|200046830|1|0|1.0|INDIVIDUAL|FIJO|200046830|1|0|1.0|INDIVIDUAL|FIJO|200046830|1|0|1.0|INDIVIDUAL|FIJO|200046830|1|0|1.0
368,INDIVIDUAL|FIJO|200058661|1|0|1.0
369,INDIVIDUAL|FIJO|200059514|1|0|1.0|INDIVIDUAL|FIJO|200059514|1|0|1.0|INDIVIDUAL|FIJO|200059514|1|0|1.0|INDIVIDUAL|FIJO|200059514|1|0|1.0|INDIVIDUAL|FIJO|200059514|1|0|1.0|INDIVIDUAL|FIJO|200059514|1|0|1.0|INDIVIDUAL|FIJO|200059514|1|0|1.0|INDIVIDUAL|FIJO|200059514|1|0|1.0|INDIVIDUAL|FIJO|200059514|1|0|1.0|INDIVIDUAL|FIJO|200059514|1|0|1.0|INDIVIDUAL|FIJO|200059514|1|0|1.0|INDIVIDUAL|FIJO|200059514|1|0|1.0
370,INDIVIDUAL|FIJO|200029044|1|0|1.0|INDIVIDUAL|FIJO|200029044|1|0|1.0|INDIVIDUAL|FIJO|200029044|1|0|1.0|INDIVIDUAL|FIJO|200029044|1|0|1.0|INDIVIDUAL|FIJO|200029044|1|0|1.0|INDIVIDUAL|FIJO|200029044|1|0|1.0|INDIVIDUAL|FIJO|200029044|1|0|1.0|INDIVIDUAL|FIJO|200029044|1|0|1.0|INDIVIDUAL|FIJO|200029044|1|0|1.0|INDIVIDUAL|FIJO|200029044|1|0|1.0
371,INDIVIDUAL|FIJO|200010080|1|0|1.0|INDIVIDUAL|FIJO|200010080|1|0|1.0|INDIVIDUAL|FIJO|200010080|1|0|1.0|INDIVIDUAL|FIJO|200010080|1|0|1.0|INDIVIDUAL|FIJO|200010080|1|0|1.0|INDIVIDUAL|FIJO|200010080|1|0|1.0|INDIVIDUAL|FIJO|200010080|1|0|1.0|INDIVIDUAL|FIJO|200010080|1|0|1.0|INDIVIDUAL|FIJO|200010080|1|0|1.0|INDIVIDUAL|FIJO|200010080|1|0|1.0
372,INDIVIDUAL|FIJO|200056246|1|0|1.0|INDIVIDUAL|FIJO|200056246|1|0|1.0|INDIVIDUAL|FIJO|200056246|1|0|1.0|INDIVIDUAL|FIJO|200056246|1|0|1.0|INDIVIDUAL|FIJO|200056246|1|0|1.0|INDIVIDUAL|FIJO|200056246|1|0|1.0|INDIVIDUAL|FIJO|200056246|1|0|1.0|INDIVIDUAL|FIJO|200056246|1|0|1.0|INDIVIDUAL|FIJO|200056246|1|0|1.0|INDIVIDUAL|FIJO|200056246|1|0|1.0|INDIVIDUAL|FIJO|200056246|1|0|1.0|INDIVIDUAL|FIJO|200056246|1|0|1.0
373,INDIVIDUAL|FIJO|200115976|1|0|1.0|INDIVIDUAL|FIJO|200115976|1|0|1.0|INDIVIDUAL|FIJO|200115976|1|0|1.0|INDIVIDUAL|FIJO|200115976|1|0|1.0|INDIVIDUAL|FIJO|200115976|1|0|1.0|INDIVIDUAL|FIJO|200115976|1|0|1.0|INDIVIDUAL|FIJO|200115976|1|0|1.0|INDIVIDUAL|FIJO|200115976|1|0|1.0|INDIVIDUAL|FIJO|200115976|1|0|1.0|INDIVIDUAL|FIJO|200115976|1|0|1.0
374,INDIVIDUAL|FIJO|200088259|1|0|1.0|INDIVIDUAL|FIJO|200088259|1|0|1.0|INDIVIDUAL|FIJO|200088259|1|0|1.0|INDIVIDUAL|FIJO|200088259|1|0|1.0|INDIVIDUAL|FIJO|200088259|1|0|1.0|INDIVIDUAL|FIJO|200088259|1|0|1.0|INDIVIDUAL|FIJO|200088259|1|0|1.0|INDIVIDUAL|FIJO|200088259|1|0|1.0|INDIVIDUAL|FIJO|200088259|1|0|1.0|INDIVIDUAL|FIJO|200088259|1|0|1.0|INDIVIDUAL|FIJO|200088259|1|0|1.0
375,INDIVIDUAL|FIJO|200114940|1|0|1.0|INDIVIDUAL|FIJO|200114940|1|0|1.0|INDIVIDUAL|FIJO|200114940|1|0|1.0|INDIVIDUAL|FIJO|200114940|1|0|1.0|INDIVIDUAL|FIJO|200114940|1|0|1.0|INDIVIDUAL|FIJO|200114940|1|0|1.0|INDIVIDUAL|FIJO|200114940|1|0|1.0|INDIVIDUAL|FIJO|200114940|1|0|1.0|INDIVIDUAL|FIJO|200114940|1|0|1.0|INDIVIDUAL|FIJO|200114940|1|0|1.0
376,INDIVIDUAL|FIJO|200056623|1|0|1.0|INDIVIDUAL|FIJO|200056623|1|0|1.0|INDIVIDUAL|FIJO|200056623|1|0|1.0|INDIVIDUAL|FIJO|200056623|1|0|1.0|INDIVIDUAL|FIJO|200056623|1|0|1.0|INDIVIDUAL|FIJO|200056623|1|0|1.0|INDIVIDUAL|FIJO|200056623|1|0|1.0|INDIVIDUAL|FIJO|200056623|1|0|1.0|INDIVIDUAL|FIJO|200056623|1|0|1.0|INDIVIDUAL|FIJO|200056623|1|0|1.0
377,INDIVIDUAL|FIJO|P0289058008|1|0|1.0|INDIVIDUAL|FIJO|P0289058008|1|0|1.0|INDIVIDUAL|FIJO|P0289058008|1|0|1.0|INDIVIDUAL|FIJO|P0289058008|1|0|1.0|INDIVIDUAL|FIJO|P0289058008|1|0|1.0|INDIVIDUAL|FIJO|P0289058008|1|0|1.0|INDIVIDUAL|FIJO|P0289058008|1|0|1.0|INDIVIDUAL|FIJO|P0289058008|1|0|1.0|INDIVIDUAL|FIJO|P0289058008|1|0|1.0|INDIVIDUAL|FIJO|P0289058008|1|0|1.0
378,INDIVIDUAL|FIJO|210092742|1|0|1.0|INDIVIDUAL|FIJO|210092742|1|0|1.0|INDIVIDUAL|FIJO|210092742|1|0|1.0|INDIVIDUAL|FIJO|210092742|1|0|1.0|INDIVIDUAL|FIJO|210092742|1|0|1.0|INDIVIDUAL|FIJO|210092742|1|0|1.0|INDIVIDUAL|FIJO|210092742|1|0|1.0|INDIVIDUAL|FIJO|210092742|1|0|1.0|INDIVIDUAL|FIJO|210092742|1|0|1.0|INDIVIDUAL|FIJO|210092742|1|0|1.0
379,INDIVIDUAL|FIJO|P0292060005|1|0|1.0|INDIVIDUAL|FIJO|P0292060005|1|0|1.0|INDIVIDUAL|FIJO|P0292060005|1|0|1.0|INDIVIDUAL|FIJO|P0292060005|1|0|1.0|INDIVIDUAL|FIJO|P0292060005|1|0|1.0|INDIVIDUAL|FIJO|P0292060005|1|0|1.0|INDIVIDUAL|FIJO|P0292060005|1|0|1.0|INDIVIDUAL|FIJO|P0292060005|1|0|1.0|INDIVIDUAL|FIJO|P0292060005|1|0|1.0|INDIVIDUAL|FIJO|P0292060005|1|0|1.0
380,INDIVIDUAL|FIJO|P0067077007|1|0|1.0|INDIVIDUAL|FIJO|P0067077007|1|0|1.0|INDIVIDUAL|FIJO|P0067077007|1|0|1.0|INDIVIDUAL|FIJO|P0067077007|1|0|1.0|INDIVIDUAL|FIJO|P0067077007|1|0|1.0|INDIVIDUAL|FIJO|P0067077007|1|0|1.0|INDIVIDUAL|FIJO|P0067077007|1|0|1.0|INDIVIDUAL|FIJO|P0067077007|1|0|1.0|INDIVIDUAL|FIJO|P0067077007|1|0|1.0|INDIVIDUAL|FIJO|P0067077007|1|0|1.0|INDIVIDUAL|FIJO|P0067077007|1|0|1.0
381,INDIVIDUAL|FIJO|200103327|1|0|1.0|INDIVIDUAL|FIJO|200103327|1|0|1.0|INDIVIDUAL|FIJO|200103327|1|0|1.0|INDIVIDUAL|FIJO|200103327|1|0|1.0|INDIVIDUAL|FIJO|200103327|1|0|1.0|INDIVIDUAL|FIJO|200103327|1|0|1.0|INDIVIDUAL|FIJO|200103327|1|0|1.0|INDIVIDUAL|FIJO|200103327|1|0|1.0|INDIVIDUAL|FIJO|200103327|1|0|1.0|INDIVIDUAL|FIJO|200103327|1|0|1.0|INDIVIDUAL|FIJO|200103327|1|0|1.0|INDIVIDUAL|FIJO|200103327|1|0|1.0
382,INDIVIDUAL|FIJO|P0067077006|1|0|1.0|INDIVIDUAL|FIJO|P0067077006|1|0|1.0|INDIVIDUAL|FIJO|P0067077006|1|0|1.0|INDIVIDUAL|FIJO|P0067077006|1|0|1.0|INDIVIDUAL|FIJO|P0067077006|1|0|1.0|INDIVIDUAL|FIJO|P0067077006|1|0|1.0|INDIVIDUAL|FIJO|P0067077006|1|0|1.0|INDIVIDUAL|FIJO|P0067077006|1|0|1.0|INDIVIDUAL|FIJO|P0067077006|1|0|1.0|INDIVIDUAL|FIJO|P0067077006|1|0|1.0|INDIVIDUAL|FIJO|P0067077006|1|0|1.0
383,INDIVIDUAL|FIJO|P0210065001|1|0|1.0|INDIVIDUAL|FIJO|P0210065001|1|0|1.0|INDIVIDUAL|FIJO|P0210065001|1|0|1.0|INDIVIDUAL|FIJO|P0210065001|1|0|1.0|INDIVIDUAL|FIJO|P0210065001|1|0|1.0|INDIVIDUAL|FIJO|P0210065001|1|0|1.0|INDIVIDUAL|FIJO|P0210065001|1|0|1.0|INDIVIDUAL|FIJO|P0210065001|1|0|1.0|INDIVIDUAL|FIJO|P0210065001|1|0|1.0|INDIVIDUAL|FIJO|P0210065001|1|0|1.0|INDIVIDUAL|FIJO|P0210065001|1|0|1.0
384,INDIVIDUAL|FIJO|200061196|1|0|1.0|INDIVIDUAL|FIJO|200061196|1|0|1.0|INDIVIDUAL|FIJO|200061196|1|0|1.0|INDIVIDUAL|FIJO|200061196|1|0|1.0|INDIVIDUAL|FIJO|200061196|1|0|1.0|INDIVIDUAL|FIJO|200061196|1|0|1.0|INDIVIDUAL|FIJO|200061196|1|0|1.0|INDIVIDUAL|FIJO|200061196|1|0|1.0|INDIVIDUAL|FIJO|200061196|1|0|1.0|INDIVIDUAL|FIJO|200061196|1|0|1.0
385,INDIVIDUAL|FIJO|200091875|1|0|1.0|INDIVIDUAL|FIJO|200091875|1|0|1.0|INDIVIDUAL|FIJO|200091875|1|0|1.0|INDIVIDUAL|FIJO|200091875|1|0|1.0|INDIVIDUAL|FIJO|200091875|1|0|1.0|INDIVIDUAL|FIJO|200091875|1|0|1.0|INDIVIDUAL|FIJO|200091875|1|0|1.0|INDIVIDUAL|FIJO|200091875|1|0|1.0|INDIVIDUAL|FIJO|200091875|1|0|1.0|INDIVIDUAL|FIJO|200091875|1|0|1.0|INDIVIDUAL|FIJO|200091875|1|0|1.0|INDIVIDUAL|FIJO|200091875|1|0|1.0
386,INDIVIDUAL|FIJO|200064824|1|0|1.0|INDIVIDUAL|FIJO|200064824|1|0|1.0|INDIVIDUAL|FIJO|200064824|1|0|1.0|INDIVIDUAL|FIJO|200064824|1|0|1.0|INDIVIDUAL|FIJO|200064824|1|0|1.0|INDIVIDUAL|FIJO|200064824|1|0|1.0|INDIVIDUAL|FIJO|200064824|1|0|1.0|INDIVIDUAL|FIJO|200064824|1|0|1.0|INDIVIDUAL|FIJO|200064824|1|0|1.0|INDIVIDUAL|FIJO|200064824|1|0|1.0|INDIVIDUAL|FIJO|200064824|1|0|1.0
387,INDIVIDUAL|FIJO|200064826|1|0|1.0|INDIVIDUAL|FIJO|200064826|1|0|1.0|INDIVIDUAL|FIJO|200064826|1|0|1.0|INDIVIDUAL|FIJO|200064826|1|0|1.0|INDIVIDUAL|FIJO|200064826|1|0|1.0|INDIVIDUAL|FIJO|200064826|1|0|1.0|INDIVIDUAL|FIJO|200064826|1|0|1.0|INDIVIDUAL|FIJO|200064826|1|0|1.0|INDIVIDUAL|FIJO|200064826|1|0|1.0|INDIVIDUAL|FIJO|200064826|1|0|1.0|INDIVIDUAL|FIJO|200064826|1|0|1.0
388,INDIVIDUAL|FIJO|200082461|1|0|1.0|INDIVIDUAL|FIJO|200082461|1|0|1.0|INDIVIDUAL|FIJO|200082461|1|0|1.0|INDIVIDUAL|FIJO|200082461|1|0|1.0|INDIVIDUAL|FIJO|200082461|1|0|1.0|INDIVIDUAL|FIJO|200082461|1|0|1.0|INDIVIDUAL|FIJO|200082461|1|0|1.0|INDIVIDUAL|FIJO|200082461|1|0|1.0|INDIVIDUAL|FIJO|200082461|1|0|1.0|INDIVIDUAL|FIJO|200082461|1|0|1.0|INDIVIDUAL|FIJO|200082461|1|0|1.0
389,INDIVIDUAL|FIJO|200064823|1|0|1.0|INDIVIDUAL|FIJO|200064823|1|0|1.0|INDIVIDUAL|FIJO|200064823|1|0|1.0|INDIVIDUAL|FIJO|200064823|1|0|1.0|INDIVIDUAL|FIJO|200064823|1|0|1.0|INDIVIDUAL|FIJO|200064823|1|0|1.0|INDIVIDUAL|FIJO|200064823|1|0|1.0|INDIVIDUAL|FIJO|200064823|1|0|1.0|INDIVIDUAL|FIJO|200064823|1|0|1.0|INDIVIDUAL|FIJO|200064823|1|0|1.0|INDIVIDUAL|FIJO|200064823|1|0|1.0
390,INDIVIDUAL|FIJO|200064825|1|0|1.0|INDIVIDUAL|FIJO|200064825|1|0|1.0|INDIVIDUAL|FIJO|200064825|1|0|1.0|INDIVIDUAL|FIJO|200064825|1|0|1.0|INDIVIDUAL|FIJO|200064825|1|0|1.0|INDIVIDUAL|FIJO|200064825|1|0|1.0|INDIVIDUAL|FIJO|200064825|1|0|1.0|INDIVIDUAL|FIJO|200064825|1|0|1.0|INDIVIDUAL|FIJO|200064825|1|0|1.0|INDIVIDUAL|FIJO|200064825|1|0|1.0|INDIVIDUAL|FIJO|200064825|1|0|1.0
391,INDIVIDUAL|FIJO|200082462|1|0|1.0|INDIVIDUAL|FIJO|200082462|1|0|1.0|INDIVIDUAL|FIJO|200082462|1|0|1.0|INDIVIDUAL|FIJO|200082462|1|0|1.0|INDIVIDUAL|FIJO|200082462|1|0|1.0|INDIVIDUAL|FIJO|200082462|1|0|1.0|INDIVIDUAL|FIJO|200082462|1|0|1.0|INDIVIDUAL|FIJO|200082462|1|0|1.0|INDIVIDUAL|FIJO|200082462|1|0|1.0|INDIVIDUAL|FIJO|200082462|1|0|1.0|INDIVIDUAL|FIJO|200082462|1|0|1.0
392,INDIVIDUAL|FIJO|200089499|1|0|1.0|INDIVIDUAL|FIJO|200089499|1|0|1.0|INDIVIDUAL|FIJO|200089499|1|0|1.0|INDIVIDUAL|FIJO|200089499|1|0|1.0|INDIVIDUAL|FIJO|200089499|1|0|1.0|INDIVIDUAL|FIJO|200089499|1|0|1.0|INDIVIDUAL|FIJO|200089499|1|0|1.0|INDIVIDUAL|FIJO|200089499|1|0|1.0|INDIVIDUAL|FIJO|200089499|1|0|1.0|INDIVIDUAL|FIJO|200089499|1|0|1.0|INDIVIDUAL|FIJO|200089499|1|0|1.0
393,INDIVIDUAL|FIJO|200111234|1|0|1.0|INDIVIDUAL|FIJO|200111234|1|0|1.0|INDIVIDUAL|FIJO|200111234|1|0|1.0|INDIVIDUAL|FIJO|200111234|1|0|1.0|INDIVIDUAL|FIJO|200111234|1|0|1.0|INDIVIDUAL|FIJO|200111234|1|0|1.0|INDIVIDUAL|FIJO|200111234|1|0|1.0|INDIVIDUAL|FIJO|200111234|1|0|1.0|INDIVIDUAL|FIJO|200111234|1|0|1.0|INDIVIDUAL|FIJO|200111234|1|0|1.0
394,INDIVIDUAL|FIJO|200116339|1|0|1.0|INDIVIDUAL|FIJO|200116339|1|0|1.0|INDIVIDUAL|FIJO|200116339|1|0|1.0|INDIVIDUAL|FIJO|200116339|1|0|1.0|INDIVIDUAL|FIJO|200116339|1|0|1.0|INDIVIDUAL|FIJO|200116339|1|0|1.0|INDIVIDUAL|FIJO|200116339|1|0|1.0|INDIVIDUAL|FIJO|200116339|1|0|1.0|INDIVIDUAL|FIJO|200116339|1|0|1.0|INDIVIDUAL|FIJO|200116339|1|0|1.0|INDIVIDUAL|FIJO|200116339|1|0|1.0|INDIVIDUAL|FIJO|200116339|1|0|1.0
395,INDIVIDUAL|FIJO|200115589|1|0|1.0|INDIVIDUAL|FIJO|200115589|1|0|1.0|INDIVIDUAL|FIJO|200115589|1|0|1.0|INDIVIDUAL|FIJO|200115589|1|0|1.0|INDIVIDUAL|FIJO|200115589|1|0|1.0|INDIVIDUAL|FIJO|200115589|1|0|1.0|INDIVIDUAL|FIJO|200115589|1|0|1.0|INDIVIDUAL|FIJO|200115589|1|0|1.0|INDIVIDUAL|FIJO|200115589|1|0|1.0|INDIVIDUAL|FIJO|200115589|1|0|1.0
396,INDIVIDUAL|FIJO|200115300|1|0|1.0|INDIVIDUAL|FIJO|200115300|1|0|1.0|INDIVIDUAL|FIJO|200115300|1|0|1.0|INDIVIDUAL|FIJO|200115300|1|0|1.0|INDIVIDUAL|FIJO|200115300|1|0|1.0|INDIVIDUAL|FIJO|200115300|1|0|1.0|INDIVIDUAL|FIJO|200115300|1|0|1.0|INDIVIDUAL|FIJO|200115300|1|0|1.0|INDIVIDUAL|FIJO|200115300|1|0|1.0|INDIVIDUAL|FIJO|200115300|1|0|1.0|INDIVIDUAL|FIJO|200115300|1|0|1.0
397,INDIVIDUAL|FIJO|200098698|1|0|1.0|INDIVIDUAL|FIJO|200098698|1|0|1.0|INDIVIDUAL|FIJO|200098698|1|0|1.0|INDIVIDUAL|FIJO|200098698|1|0|1.0|INDIVIDUAL|FIJO|200098698|1|0|1.0|INDIVIDUAL|FIJO|200098698|1|0|1.0|INDIVIDUAL|FIJO|200098698|1|0|1.0|INDIVIDUAL|FIJO|200098698|1|0|1.0|INDIVIDUAL|FIJO|200098698|1|0|1.0|INDIVIDUAL|FIJO|200098698|1|0|1.0
398,INDIVIDUAL|FIJO|200115934|1|0|1.0|INDIVIDUAL|FIJO|200115934|1|0|1.0|INDIVIDUAL|FIJO|200115934|1|0|1.0|INDIVIDUAL|FIJO|200115934|1|0|1.0|INDIVIDUAL|FIJO|200115934|1|0|1.0|INDIVIDUAL|FIJO|200115934|1|0|1.0|INDIVIDUAL|FIJO|200115934|1|0|1.0|INDIVIDUAL|FIJO|200115934|1|0|1.0|INDIVIDUAL|FIJO|200115934|1|0|1.0|INDIVIDUAL|FIJO|200115934|1|0|1.0|INDIVIDUAL|FIJO|200115934|1|0|1.0|INDIVIDUAL|FIJO|200115934|1|0|1.0
399,INDIVIDUAL|FIJO|200101061|1|0|1.0|INDIVIDUAL|FIJO|200101061|1|0|1.0|INDIVIDUAL|FIJO|200101061|1|0|1.0|INDIVIDUAL|FIJO|200101061|1|0|1.0|INDIVIDUAL|FIJO|200101061|1|0|1.0|INDIVIDUAL|FIJO|200101061|1|0|1.0|INDIVIDUAL|FIJO|200101061|1|0|1.0|INDIVIDUAL|FIJO|200101061|1|0|1.0|INDIVIDUAL|FIJO|200101061|1|0|1.0|INDIVIDUAL|FIJO|200101061|1|0|1.0
400,INDIVIDUAL|FIJO|200064580|1|0|1.0|INDIVIDUAL|FIJO|200064580|1|0|1.0|INDIVIDUAL|FIJO|200064580|1|0|1.0|INDIVIDUAL|FIJO|200064580|1|0|1.0|INDIVIDUAL|FIJO|200064580|1|0|1.0|INDIVIDUAL|FIJO|200064580|1|0|1.0|INDIVIDUAL|FIJO|200064580|1|0|1.0|INDIVIDUAL|FIJO|200064580|1|0|1.0|INDIVIDUAL|FIJO|200064580|1|0|1.0|INDIVIDUAL|FIJO|200064580|1|0|1.0
401,INDIVIDUAL|FIJO|200076945|1|0|1.0|INDIVIDUAL|FIJO|200076945|1|0|1.0|INDIVIDUAL|FIJO|200076945|1|0|1.0|INDIVIDUAL|FIJO|200076945|1|0|1.0|INDIVIDUAL|FIJO|200076945|1|0|1.0|INDIVIDUAL|FIJO|200076945|1|0|1.0|INDIVIDUAL|FIJO|200076945|1|0|1.0|INDIVIDUAL|FIJO|200076945|1|0|1.0|INDIVIDUAL|FIJO|200076945|1|0|1.0|INDIVIDUAL|FIJO|200076945|1|0|1.0
402,INDIVIDUAL|FIJO|200118523|1|0|1.0|INDIVIDUAL|FIJO|200118523|1|0|1.0|INDIVIDUAL|FIJO|200118523|1|0|1.0|INDIVIDUAL|FIJO|200118523|1|0|1.0|INDIVIDUAL|FIJO|200118523|1|0|1.0|INDIVIDUAL|FIJO|200118523|1|0|1.0|INDIVIDUAL|FIJO|200118523|1|0|1.0|INDIVIDUAL|FIJO|200118523|1|0|1.0|INDIVIDUAL|FIJO|200118523|1|0|1.0|INDIVIDUAL|FIJO|200118523|1|0|1.0|INDIVIDUAL|FIJO|200118523|1|0|1.0
403,INDIVIDUAL|FIJO|200116108|1|0|1.0|INDIVIDUAL|FIJO|200116108|1|0|1.0|INDIVIDUAL|FIJO|200116108|1|0|1.0|INDIVIDUAL|FIJO|200116108|1|0|1.0|INDIVIDUAL|FIJO|200116108|1|0|1.0|INDIVIDUAL|FIJO|200116108|1|0|1.0|INDIVIDUAL|FIJO|200116108|1|0|1.0|INDIVIDUAL|FIJO|200116108|1|0|1.0
404,INDIVIDUAL|FIJO|200106396|1|0|1.0|INDIVIDUAL|FIJO|200106396|1|0|1.0|INDIVIDUAL|FIJO|200106396|1|0|1.0|INDIVIDUAL|FIJO|200106396|1|0|1.0|INDIVIDUAL|FIJO|200106396|1|0|1.0|INDIVIDUAL|FIJO|200106396|1|0|1.0|INDIVIDUAL|FIJO|200106396|1|0|1.0|INDIVIDUAL|FIJO|200106396|1|0|1.0|INDIVIDUAL|FIJO|200106396|1|0|1.0|INDIVIDUAL|FIJO|200106396|1|0|1.0
405,INDIVIDUAL|FIJO|200106312|1|0|1.0|INDIVIDUAL|FIJO|200106312|1|0|1.0|INDIVIDUAL|FIJO|200106312|1|0|1.0|INDIVIDUAL|FIJO|200106312|1|0|1.0|INDIVIDUAL|FIJO|200106312|1|0|1.0|INDIVIDUAL|FIJO|200106312|1|0|1.0|INDIVIDUAL|FIJO|200106312|1|0|1.0|INDIVIDUAL|FIJO|200106312|1|0|1.0|INDIVIDUAL|FIJO|200106312|1|0|1.0|INDIVIDUAL|FIJO|200106312|1|0|1.0
406,INDIVIDUAL|FIJO|200106397|1|0|1.0|INDIVIDUAL|FIJO|200106397|1|0|1.0|INDIVIDUAL|FIJO|200106397|1|0|1.0|INDIVIDUAL|FIJO|200106397|1|0|1.0|INDIVIDUAL|FIJO|200106397|1|0|1.0|INDIVIDUAL|FIJO|200106397|1|0|1.0|INDIVIDUAL|FIJO|200106397|1|0|1.0|INDIVIDUAL|FIJO|200106397|1|0|1.0|INDIVIDUAL|FIJO|200106397|1|0|1.0|INDIVIDUAL|FIJO|200106397|1|0|1.0
407,INDIVIDUAL|FIJO|200111379|1|0|1.0|INDIVIDUAL|FIJO|200111379|1|0|1.0|INDIVIDUAL|FIJO|200111379|1|0|1.0|INDIVIDUAL|FIJO|200111379|1|0|1.0|INDIVIDUAL|FIJO|200111379|1|0|1.0|INDIVIDUAL|FIJO|200111379|1|0|1.0|INDIVIDUAL|FIJO|200111379|1|0|1.0|INDIVIDUAL|FIJO|200111379|1|0|1.0|INDIVIDUAL|FIJO|200111379|1|0|1.0|INDIVIDUAL|FIJO|200111379|1|0|1.0|INDIVIDUAL|FIJO|200111379|1|0|1.0
408,INDIVIDUAL|FIJO|200106279|1|0|1.0|INDIVIDUAL|FIJO|200106279|1|0|1.0|INDIVIDUAL|FIJO|200106279|1|0|1.0|INDIVIDUAL|FIJO|200106279|1|0|1.0|INDIVIDUAL|FIJO|200106279|1|0|1.0|INDIVIDUAL|FIJO|200106279|1|0|1.0|INDIVIDUAL|FIJO|200106279|1|0|1.0|INDIVIDUAL|FIJO|200106279|1|0|1.0|INDIVIDUAL|FIJO|200106279|1|0|1.0|INDIVIDUAL|FIJO|200106279|1|0|1.0
409,INDIVIDUAL|FIJO|200106398|1|0|1.0|INDIVIDUAL|FIJO|200106398|1|0|1.0|INDIVIDUAL|FIJO|200106398|1|0|1.0|INDIVIDUAL|FIJO|200106398|1|0|1.0|INDIVIDUAL|FIJO|200106398|1|0|1.0|INDIVIDUAL|FIJO|200106398|1|0|1.0|INDIVIDUAL|FIJO|200106398|1|0|1.0|INDIVIDUAL|FIJO|200106398|1|0|1.0|INDIVIDUAL|FIJO|200106398|1|0|1.0|INDIVIDUAL|FIJO|200106398|1|0|1.0
410,INDIVIDUAL|FIJO|200109532|1|0|1.0|INDIVIDUAL|FIJO|200109532|1|0|1.0|INDIVIDUAL|FIJO|200109532|1|0|1.0|INDIVIDUAL|FIJO|200109532|1|0|1.0|INDIVIDUAL|FIJO|200109532|1|0|1.0|INDIVIDUAL|FIJO|200109532|1|0|1.0|INDIVIDUAL|FIJO|200109532|1|0|1.0|INDIVIDUAL|FIJO|200109532|1|0|1.0|INDIVIDUAL|FIJO|200109532|1|0|1.0|INDIVIDUAL|FIJO|200109532|1|0|1.0
411,INDIVIDUAL|FIJO|200098638|1|0|1.0|INDIVIDUAL|FIJO|200098638|1|0|1.0|INDIVIDUAL|FIJO|200098638|1|0|1.0|INDIVIDUAL|FIJO|200098638|1|0|1.0|INDIVIDUAL|FIJO|200098638|1|0|1.0|INDIVIDUAL|FIJO|200098638|1|0|1.0|INDIVIDUAL|FIJO|200098638|1|0|1.0|INDIVIDUAL|FIJO|200098638|1|0|1.0|INDIVIDUAL|FIJO|200098638|1|0|1.0|INDIVIDUAL|FIJO|200098638|1|0|1.0|INDIVIDUAL|FIJO|200098638|1|0|1.0
412,INDIVIDUAL|FIJO|200116050|1|0|1.0|INDIVIDUAL|FIJO|200116050|1|0|1.0|INDIVIDUAL|FIJO|200116050|1|0|1.0|INDIVIDUAL|FIJO|200116050|1|0|1.0|INDIVIDUAL|FIJO|200116050|1|0|1.0|INDIVIDUAL|FIJO|200116050|1|0|1.0|INDIVIDUAL|FIJO|200116050|1|0|1.0|INDIVIDUAL|FIJO|200116050|1|0|1.0|INDIVIDUAL|FIJO|200116050|1|0|1.0|INDIVIDUAL|FIJO|200116050|1|0|1.0
413,INDIVIDUAL|FIJO|200116049|1|0|1.0|INDIVIDUAL|FIJO|200116049|1|0|1.0|INDIVIDUAL|FIJO|200116049|1|0|1.0|INDIVIDUAL|FIJO|200116049|1|0|1.0|INDIVIDUAL|FIJO|200116049|1|0|1.0|INDIVIDUAL|FIJO|200116049|1|0|1.0|INDIVIDUAL|FIJO|200116049|1|0|1.0|INDIVIDUAL|FIJO|200116049|1|0|1.0|INDIVIDUAL|FIJO|200116049|1|0|1.0|INDIVIDUAL|FIJO|200116049|1|0|1.0
414,INDIVIDUAL|FIJO|200116051|1|0|1.0|INDIVIDUAL|FIJO|200116051|1|0|1.0|INDIVIDUAL|FIJO|200116051|1|0|1.0|INDIVIDUAL|FIJO|200116051|1|0|1.0|INDIVIDUAL|FIJO|200116051|1|0|1.0|INDIVIDUAL|FIJO|200116051|1|0|1.0|INDIVIDUAL|FIJO|200116051|1|0|1.0|INDIVIDUAL|FIJO|200116051|1|0|1.0|INDIVIDUAL|FIJO|200116051|1|0|1.0|INDIVIDUAL|FIJO|200116051|1|0|1.0
415,INDIVIDUAL|FIJO|200098648|1|0|1.0|INDIVIDUAL|FIJO|200098648|1|0|1.0|INDIVIDUAL|FIJO|200098648|1|0|1.0|INDIVIDUAL|FIJO|200098648|1|0|1.0|INDIVIDUAL|FIJO|200098648|1|0|1.0|INDIVIDUAL|FIJO|200098648|1|0|1.0|INDIVIDUAL|FIJO|200098648|1|0|1.0|INDIVIDUAL|FIJO|200098648|1|0|1.0|INDIVIDUAL|FIJO|200098648|1|0|1.0|INDIVIDUAL|FIJO|200098648|1|0|1.0
416,INDIVIDUAL|FIJO|200087691|1|0|1.0|INDIVIDUAL|FIJO|200087691|1|0|1.0|INDIVIDUAL|FIJO|200087691|1|0|1.0|INDIVIDUAL|FIJO|200087691|1|0|1.0|INDIVIDUAL|FIJO|200087691|1|0|1.0|INDIVIDUAL|FIJO|200087691|1|0|1.0|INDIVIDUAL|FIJO|200087691|1|0|1.0|INDIVIDUAL|FIJO|200087691|1|0|1.0|INDIVIDUAL|FIJO|200087691|1|0|1.0|INDIVIDUAL|FIJO|200087691|1|0|1.0|INDIVIDUAL|FIJO|200087691|1|0|1.0
417,INDIVIDUAL|FIJO|200063934|1|0|1.0|INDIVIDUAL|FIJO|200063934|1|0|1.0|INDIVIDUAL|FIJO|200063934|1|0|1.0|INDIVIDUAL|FIJO|200063934|1|0|1.0|INDIVIDUAL|FIJO|200063934|1|0|1.0|INDIVIDUAL|FIJO|200063934|1|0|1.0|INDIVIDUAL|FIJO|200063934|1|0|1.0|INDIVIDUAL|FIJO|200063934|1|0|1.0|INDIVIDUAL|FIJO|200063934|1|0|1.0
418,INDIVIDUAL|FIJO|200056617|1|0|1.0|INDIVIDUAL|FIJO|200056617|1|0|1.0|INDIVIDUAL|FIJO|200056617|1|0|1.0|INDIVIDUAL|FIJO|200056617|1|0|1.0|INDIVIDUAL|FIJO|200056617|1|0|1.0|INDIVIDUAL|FIJO|200056617|1|0|1.0|INDIVIDUAL|FIJO|200056617|1|0|1.0|INDIVIDUAL|FIJO|200056617|1|0|1.0|INDIVIDUAL|FIJO|200056617|1|0|1.0|INDIVIDUAL|FIJO|200056617|1|0|1.0|INDIVIDUAL|FIJO|200056617|1|0|1.0|INDIVIDUAL|FIJO|200056617|1|0|1.0
419,INDIVIDUAL|FIJO|200056621|1|0|1.0|INDIVIDUAL|FIJO|200056621|1|0|1.0|INDIVIDUAL|FIJO|200056621|1|0|1.0|INDIVIDUAL|FIJO|200056621|1|0|1.0
420,INDIVIDUAL|FIJO|200045540|1|0|1.0|INDIVIDUAL|FIJO|200045540|1|0|1.0|INDIVIDUAL|FIJO|200045540|1|0|1.0|INDIVIDUAL|FIJO|200045540|1|0|1.0|INDIVIDUAL|FIJO|200045540|1|0|1.0|INDIVIDUAL|FIJO|200045540|1|0|1.0
421,INDIVIDUAL|FIJO|200056815|1|0|1.0|INDIVIDUAL|FIJO|200056815|1|0|1.0|INDIVIDUAL|FIJO|200056815|1|0|1.0|INDIVIDUAL|FIJO|200056815|1|0|1.0|INDIVIDUAL|FIJO|200056815|1|0|1.0|INDIVIDUAL|FIJO|200056815|1|0|1.0|INDIVIDUAL|FIJO|200056815|1|0|1.0|INDIVIDUAL|FIJO|200056815|1|0|1.0|INDIVIDUAL|FIJO|200056815|1|0|1.0|INDIVIDUAL|FIJO|200056815|1|0|1.0|INDIVIDUAL|FIJO|200056815|1|0|1.0|INDIVIDUAL|FIJO|200056815|1|0|1.0
422,INDIVIDUAL|FIJO|200017521|1|0|1.0|INDIVIDUAL|FIJO|200017521|1|0|1.0|INDIVIDUAL|FIJO|200017521|1|0|1.0|INDIVIDUAL|FIJO|200017521|1|0|1.0|INDIVIDUAL|FIJO|200017521|1|0|1.0
423,INDIVIDUAL|FIJO|200102820|1|0|1.0|INDIVIDUAL|FIJO|200102820|1|0|1.0|INDIVIDUAL|FIJO|200102820|1|0|1.0|INDIVIDUAL|FIJO|200102820|1|0|1.0|INDIVIDUAL|FIJO|200102820|1|0|1.0|INDIVIDUAL|FIJO|200102820|1|0|1.0|INDIVIDUAL|FIJO|200102820|1|0|1.0|INDIVIDUAL|FIJO|200102820|1|0|1.0|INDIVIDUAL|FIJO|200102820|1|0|1.0
424,INDIVIDUAL|FIJO|200084785|1|0|1.0|INDIVIDUAL|FIJO|200084785|1|0|1.0|INDIVIDUAL|FIJO|200084785|1|0|1.0|INDIVIDUAL|FIJO|200084785|1|0|1.0|INDIVIDUAL|FIJO|200084785|1|0|1.0|INDIVIDUAL|FIJO|200084785|1|0|1.0|INDIVIDUAL|FIJO|200084785|1|0|1.0|INDIVIDUAL|FIJO|200084785|1|0|1.0|INDIVIDUAL|FIJO|200084785|1|0|1.0|INDIVIDUAL|FIJO|200084785|1|0|1.0
425,INDIVIDUAL|FIJO|200092280|1|0|1.0|INDIVIDUAL|FIJO|200092280|1|0|1.0|INDIVIDUAL|FIJO|200092280|1|0|1.0|INDIVIDUAL|FIJO|200092280|1|0|1.0|INDIVIDUAL|FIJO|200092280|1|0|1.0|INDIVIDUAL|FIJO|200092280|1|0|1.0|INDIVIDUAL|FIJO|200092280|1|0|1.0|INDIVIDUAL|FIJO|200092280|1|0|1.0|INDIVIDUAL|FIJO|200092280|1|0|1.0|INDIVIDUAL|FIJO|200092280|1|0|1.0|INDIVIDUAL|FIJO|200092280|1|0|1.0
426,INDIVIDUAL|FIJO|200092361|1|0|1.0|INDIVIDUAL|FIJO|200092361|1|0|1.0|INDIVIDUAL|FIJO|200092361|1|0|1.0|INDIVIDUAL|FIJO|200092361|1|0|1.0|INDIVIDUAL|FIJO|200092361|1|0|1.0|INDIVIDUAL|FIJO|200092361|1|0|1.0|INDIVIDUAL|FIJO|200092361|1|0|1.0|INDIVIDUAL|FIJO|200092361|1|0|1.0|INDIVIDUAL|FIJO|200092361|1|0|1.0|INDIVIDUAL|FIJO|200092361|1|0|1.0|INDIVIDUAL|FIJO|200092361|1|0|1.0
427,INDIVIDUAL|FIJO|200092360|1|0|1.0|INDIVIDUAL|FIJO|200092360|1|0|1.0|INDIVIDUAL|FIJO|200092360|1|0|1.0|INDIVIDUAL|FIJO|200092360|1|0|1.0|INDIVIDUAL|FIJO|200092360|1|0|1.0|INDIVIDUAL|FIJO|200092360|1|0|1.0|INDIVIDUAL|FIJO|200092360|1|0|1.0|INDIVIDUAL|FIJO|200092360|1|0|1.0|INDIVIDUAL|FIJO|200092360|1|0|1.0|INDIVIDUAL|FIJO|200092360|1|0|1.0|INDIVIDUAL|FIJO|200092360|1|0|1.0
474,INDIVIDUAL|FIJO|200067147|1|0|1.0|INDIVIDUAL|FIJO|200067147|1|0|1.0|INDIVIDUAL|FIJO|200067147|1|0|1.0|INDIVIDUAL|FIJO|200067147|1|0|1.0|INDIVIDUAL|FIJO|200067147|1|0|1.0|INDIVIDUAL|FIJO|200067147|1|0|1.0|INDIVIDUAL|FIJO|200067147|1|0|1.0|INDIVIDUAL|FIJO|200067147|1|0|1.0|INDIVIDUAL|FIJO|200067147|1|0|1.0|INDIVIDUAL|FIJO|200067147|1|0|1.0
475,INDIVIDUAL|FIJO|200069656|1|0|1.0|INDIVIDUAL|FIJO|200069656|1|0|1.0|INDIVIDUAL|FIJO|200069656|1|0|1.0|INDIVIDUAL|FIJO|200069656|1|0|1.0|INDIVIDUAL|FIJO|200069656|1|0|1.0|INDIVIDUAL|FIJO|200069656|1|0|1.0|INDIVIDUAL|FIJO|200069656|1|0|1.0|INDIVIDUAL|FIJO|200069656|1|0|1.0|INDIVIDUAL|FIJO|200069656|1|0|1.0|INDIVIDUAL|FIJO|200069656|1|0|1.0
476,INDIVIDUAL|FIJO|200073399|1|0|1.0|INDIVIDUAL|FIJO|200073399|1|0|1.0|INDIVIDUAL|FIJO|200073399|1|0|1.0|INDIVIDUAL|FIJO|200073399|1|0|1.0|INDIVIDUAL|FIJO|200073399|1|0|1.0|INDIVIDUAL|FIJO|200073399|1|0|1.0|INDIVIDUAL|FIJO|200073399|1|0|1.0|INDIVIDUAL|FIJO|200073399|1|0|1.0|INDIVIDUAL|FIJO|200073399|1|0|1.0|INDIVIDUAL|FIJO|200073399|1|0|1.0
477,INDIVIDUAL|FIJO|200079482|1|0|1.0|INDIVIDUAL|FIJO|200079482|1|0|1.0|INDIVIDUAL|FIJO|200079482|1|0|1.0|INDIVIDUAL|FIJO|200079482|1|0|1.0|INDIVIDUAL|FIJO|200079482|1|0|1.0|INDIVIDUAL|FIJO|200079482|1|0|1.0|INDIVIDUAL|FIJO|200079482|1|0|1.0|INDIVIDUAL|FIJO|200079482|1|0|1.0|INDIVIDUAL|FIJO|200079482|1|0|1.0|INDIVIDUAL|FIJO|200079482|1|0|1.0
478,INDIVIDUAL|FIJO|200116535|1|0|1.0|INDIVIDUAL|FIJO|200116535|1|0|1.0|INDIVIDUAL|FIJO|200116535|1|0|1.0|INDIVIDUAL|FIJO|200116535|1|0|1.0|INDIVIDUAL|FIJO|200116535|1|0|1.0|INDIVIDUAL|FIJO|200116535|1|0|1.0|INDIVIDUAL|FIJO|200116535|1|0|1.0|INDIVIDUAL|FIJO|200116535|1|0|1.0|INDIVIDUAL|FIJO|200116535|1|0|1.0|INDIVIDUAL|FIJO|200116535|1|0|1.0
479,INDIVIDUAL|FIJO|200047325|1|0|1.0|INDIVIDUAL|FIJO|200047325|1|0|1.0|INDIVIDUAL|FIJO|200047325|1|0|1.0|INDIVIDUAL|FIJO|200047325|1|0|1.0|INDIVIDUAL|FIJO|200047325|1|0|1.0|INDIVIDUAL|FIJO|200047325|1|0|1.0|INDIVIDUAL|FIJO|200047325|1|0|1.0|INDIVIDUAL|FIJO|200047325|1|0|1.0|INDIVIDUAL|FIJO|200047325|1|0|1.0|INDIVIDUAL|FIJO|200047325|1|0|1.0|INDIVIDUAL|FIJO|200047325|1|0|1.0
480,INDIVIDUAL|FIJO|200050748|1|0|1.0|INDIVIDUAL|FIJO|200050748|1|0|1.0|INDIVIDUAL|FIJO|200050748|1|0|1.0|INDIVIDUAL|FIJO|200050748|1|0|1.0|INDIVIDUAL|FIJO|200050748|1|0|1.0|INDIVIDUAL|FIJO|200050748|1|0|1.0|INDIVIDUAL|FIJO|200050748|1|0|1.0|INDIVIDUAL|FIJO|200050748|1|0|1.0|INDIVIDUAL|FIJO|200050748|1|0|1.0|INDIVIDUAL|FIJO|200050748|1|0|1.0|INDIVIDUAL|FIJO|200050748|1|0|1.0
481,INDIVIDUAL|FIJO|200056090|1|0|1.0|INDIVIDUAL|FIJO|200056090|1|0|1.0|INDIVIDUAL|FIJO|200056090|1|0|1.0|INDIVIDUAL|FIJO|200056090|1|0|1.0|INDIVIDUAL|FIJO|200056090|1|0|1.0|INDIVIDUAL|FIJO|200056090|1|0|1.0|INDIVIDUAL|FIJO|200056090|1|0|1.0|INDIVIDUAL|FIJO|200056090|1|0|1.0|INDIVIDUAL|FIJO|200056090|1|0|1.0|INDIVIDUAL|FIJO|200056090|1|0|1.0|INDIVIDUAL|FIJO|200056090|1|0|1.0
482,INDIVIDUAL|FIJO|200056155|1|0|1.0|INDIVIDUAL|FIJO|200056155|1|0|1.0|INDIVIDUAL|FIJO|200056155|1|0|1.0|INDIVIDUAL|FIJO|200056155|1|0|1.0|INDIVIDUAL|FIJO|200056155|1|0|1.0|INDIVIDUAL|FIJO|200056155|1|0|1.0|INDIVIDUAL|FIJO|200056155|1|0|1.0|INDIVIDUAL|FIJO|200056155|1|0|1.0|INDIVIDUAL|FIJO|200056155|1|0|1.0
483,INDIVIDUAL|FIJO|200038324|1|0|1.0|INDIVIDUAL|FIJO|200038324|1|0|1.0|INDIVIDUAL|FIJO|200038324|1|0|1.0|INDIVIDUAL|FIJO|200038324|1|0|1.0|INDIVIDUAL|FIJO|200038324|1|0|1.0|INDIVIDUAL|FIJO|200038324|1|0|1.0|INDIVIDUAL|FIJO|200038324|1|0|1.0
484,INDIVIDUAL|FIJO|200038319|1|0|1.0|INDIVIDUAL|FIJO|200038319|1|0|1.0|INDIVIDUAL|FIJO|200038319|1|0|1.0|INDIVIDUAL|FIJO|200038319|1|0|1.0|INDIVIDUAL|FIJO|200038319|1|0|1.0|INDIVIDUAL|FIJO|200038319|1|0|1.0|INDIVIDUAL|FIJO|200038319|1|0|1.0
485,INDIVIDUAL|FIJO|200035116|1|0|1.0|INDIVIDUAL|FIJO|200035116|1|0|1.0|INDIVIDUAL|FIJO|200035116|1|0|1.0|INDIVIDUAL|FIJO|200035116|1|0|1.0|INDIVIDUAL|FIJO|200035116|1|0|1.0|INDIVIDUAL|FIJO|200035116|1|0|1.0
486,INDIVIDUAL|FIJO|200060588|1|0|1.0|INDIVIDUAL|FIJO|200060588|1|0|1.0|INDIVIDUAL|FIJO|200060588|1|0|1.0|INDIVIDUAL|FIJO|200060588|1|0|1.0|INDIVIDUAL|FIJO|200060588|1|0|1.0|INDIVIDUAL|FIJO|200060588|1|0|1.0
487,INDIVIDUAL|FIJO|200058967|1|0|1.0|INDIVIDUAL|FIJO|200058967|1|0|1.0|INDIVIDUAL|FIJO|200058967|1|0|1.0|INDIVIDUAL|FIJO|200058967|1|0|1.0|INDIVIDUAL|FIJO|200058967|1|0|1.0
488,INDIVIDUAL|FIJO|200035113|1|0|1.0|INDIVIDUAL|FIJO|200035113|1|0|1.0|INDIVIDUAL|FIJO|200035113|1|0|1.0|INDIVIDUAL|FIJO|200035113|1|0|1.0|INDIVIDUAL|FIJO|200035113|1|0|1.0
489,INDIVIDUAL|FIJO|200037093|1|0|1.0|INDIVIDUAL|FIJO|200037093|1|0|1.0|INDIVIDUAL|FIJO|200037093|1|0|1.0|INDIVIDUAL|FIJO|200037093|1|0|1.0|INDIVIDUAL|FIJO|200037093|1|0|1.0
490,INDIVIDUAL|FIJO|200037734|1|0|1.0|INDIVIDUAL|FIJO|200037734|1|0|1.0|INDIVIDUAL|FIJO|200037734|1|0|1.0|INDIVIDUAL|FIJO|200037734|1|0|1.0|INDIVIDUAL|FIJO|200037734|1|0|1.0
491,INDIVIDUAL|FIJO|200037125|1|0|1.0|INDIVIDUAL|FIJO|200037125|1|0|1.0|INDIVIDUAL|FIJO|200037125|1|0|1.0|INDIVIDUAL|FIJO|200037125|1|0|1.0|INDIVIDUAL|FIJO|200037125|1|0|1.0
492,INDIVIDUAL|FIJO|200041010|1|0|1.0|INDIVIDUAL|FIJO|200041010|1|0|1.0|INDIVIDUAL|FIJO|200041010|1|0|1.0|INDIVIDUAL|FIJO|200041010|1|0|1.0|INDIVIDUAL|FIJO|200041010|1|0|1.0
493,INDIVIDUAL|FIJO|200039966|1|0|1.0|INDIVIDUAL|FIJO|200039966|1|0|1.0|INDIVIDUAL|FIJO|200039966|1|0|1.0|INDIVIDUAL|FIJO|200039966|1|0|1.0|INDIVIDUAL|FIJO|200039966|1|0|1.0|INDIVIDUAL|FIJO|200039966|1|0|1.0|INDIVIDUAL|FIJO|200039966|1|0|1.0|INDIVIDUAL|FIJO|200039966|1|0|1.0|INDIVIDUAL|FIJO|200039966|1|0|1.0|INDIVIDUAL|FIJO|200039966|1|0|1.0|INDIVIDUAL|FIJO|200039966|1|0|1.0
494,INDIVIDUAL|FIJO|200056759|1|0|1.0|INDIVIDUAL|FIJO|200056759|1|0|1.0|INDIVIDUAL|FIJO|200056759|1|0|1.0|INDIVIDUAL|FIJO|200056759|1|0|1.0|INDIVIDUAL|FIJO|200056759|1|0|1.0|INDIVIDUAL|FIJO|200056759|1|0|1.0|INDIVIDUAL|FIJO|200056759|1|0|1.0|INDIVIDUAL|FIJO|200056759|1|0|1.0|INDIVIDUAL|FIJO|200056759|1|0|1.0|INDIVIDUAL|FIJO|200056759|1|0|1.0|INDIVIDUAL|FIJO|200056759|1|0|1.0
495,INDIVIDUAL|FIJO|200084784|1|0|1.0|INDIVIDUAL|FIJO|200084784|1|0|1.0|INDIVIDUAL|FIJO|200084784|1|0|1.0|INDIVIDUAL|FIJO|200084784|1|0|1.0|INDIVIDUAL|FIJO|200084784|1|0|1.0|INDIVIDUAL|FIJO|200084784|1|0|1.0|INDIVIDUAL|FIJO|200084784|1|0|1.0|INDIVIDUAL|FIJO|200084784|1|0|1.0|INDIVIDUAL|FIJO|200084784|1|0|1.0|INDIVIDUAL|FIJO|200084784|1|0|1.0|INDIVIDUAL|FIJO|200084784|1|0|1.0
496,INDIVIDUAL|FIJO|200084815|1|0|1.0|INDIVIDUAL|FIJO|200084815|1|0|1.0|INDIVIDUAL|FIJO|200084815|1|0|1.0|INDIVIDUAL|FIJO|200084815|1|0|1.0|INDIVIDUAL|FIJO|200084815|1|0|1.0|INDIVIDUAL|FIJO|200084815|1|0|1.0|INDIVIDUAL|FIJO|200084815|1|0|1.0|INDIVIDUAL|FIJO|200084815|1|0|1.0|INDIVIDUAL|FIJO|200084815|1|0|1.0|INDIVIDUAL|FIJO|200084815|1|0|1.0|INDIVIDUAL|FIJO|200084815|1|0|1.0
497,INDIVIDUAL|FIJO|200084783|1|0|1.0|INDIVIDUAL|FIJO|200084783|1|0|1.0|INDIVIDUAL|FIJO|200084783|1|0|1.0|INDIVIDUAL|FIJO|200084783|1|0|1.0|INDIVIDUAL|FIJO|200084783|1|0|1.0|INDIVIDUAL|FIJO|200084783|1|0|1.0|INDIVIDUAL|FIJO|200084783|1|0|1.0|INDIVIDUAL|FIJO|200084783|1|0|1.0|INDIVIDUAL|FIJO|200084783|1|0|1.0|INDIVIDUAL|FIJO|200084783|1|0|1.0|INDIVIDUAL|FIJO|200084783|1|0|1.0
498,INDIVIDUAL|FIJO|200096703|1|0|1.0|INDIVIDUAL|FIJO|200096703|1|0|1.0|INDIVIDUAL|FIJO|200096703|1|0|1.0|INDIVIDUAL|FIJO|200096703|1|0|1.0|INDIVIDUAL|FIJO|200096703|1|0|1.0|INDIVIDUAL|FIJO|200096703|1|0|1.0|INDIVIDUAL|FIJO|200096703|1|0|1.0|INDIVIDUAL|FIJO|200096703|1|0|1.0
499,INDIVIDUAL|FIJO|200062878|1|0|1.0|INDIVIDUAL|FIJO|200062878|1|0|1.0|INDIVIDUAL|FIJO|200062878|1|0|1.0|INDIVIDUAL|FIJO|200062878|1|0|1.0|INDIVIDUAL|FIJO|200062878|1|0|1.0|INDIVIDUAL|FIJO|200062878|1|0|1.0|INDIVIDUAL|FIJO|200062878|1|0|1.0|INDIVIDUAL|FIJO|200062878|1|0|1.0|INDIVIDUAL|FIJO|200062878|1|0|1.0|INDIVIDUAL|FIJO|200062878|1|0|1.0|INDIVIDUAL|FIJO|200062878|1|0|1.0
500,INDIVIDUAL|FIJO|200062880|1|0|1.0|INDIVIDUAL|FIJO|200062880|1|0|1.0|INDIVIDUAL|FIJO|200062880|1|0|1.0|INDIVIDUAL|FIJO|200062880|1|0|1.0|INDIVIDUAL|FIJO|200062880|1|0|1.0|INDIVIDUAL|FIJO|200062880|1|0|1.0|INDIVIDUAL|FIJO|200062880|1|0|1.0|INDIVIDUAL|FIJO|200062880|1|0|1.0|INDIVIDUAL|FIJO|200062880|1|0|1.0|INDIVIDUAL|FIJO|200062880|1|0|1.0|INDIVIDUAL|FIJO|200062880|1|0|1.0
501,INDIVIDUAL|FIJO|200095771|1|0|1.0|INDIVIDUAL|FIJO|200095771|1|0|1.0|INDIVIDUAL|FIJO|200095771|1|0|1.0|INDIVIDUAL|FIJO|200095771|1|0|1.0|INDIVIDUAL|FIJO|200095771|1|0|1.0|INDIVIDUAL|FIJO|200095771|1|0|1.0|INDIVIDUAL|FIJO|200095771|1|0|1.0|INDIVIDUAL|FIJO|200095771|1|0|1.0
502,INDIVIDUAL|FIJO|210069985|1|0|1.0|INDIVIDUAL|FIJO|210069985|1|0|1.0|INDIVIDUAL|FIJO|210069985|1|0|1.0|INDIVIDUAL|FIJO|210069985|1|0|1.0|INDIVIDUAL|FIJO|210069985|1|0|1.0|INDIVIDUAL|FIJO|210069985|1|0|1.0|INDIVIDUAL|FIJO|210069985|1|0|1.0|INDIVIDUAL|FIJO|210069985|1|0|1.0|INDIVIDUAL|FIJO|210069985|1|0|1.0|INDIVIDUAL|FIJO|210069985|1|0|1.0
503,INDIVIDUAL|FIJO|210086712|1|0|1.0|INDIVIDUAL|FIJO|210086712|1|0|1.0|INDIVIDUAL|FIJO|210086712|1|0|1.0|INDIVIDUAL|FIJO|210086712|1|0|1.0|INDIVIDUAL|FIJO|210086712|1|0|1.0|INDIVIDUAL|FIJO|210086712|1|0|1.0|INDIVIDUAL|FIJO|210086712|1|0|1.0|INDIVIDUAL|FIJO|210086712|1|0|1.0|INDIVIDUAL|FIJO|210086712|1|0|1.0|INDIVIDUAL|FIJO|210086712|1|0|1.0
504,INDIVIDUAL|FIJO|200046331|1|0|1.0|INDIVIDUAL|FIJO|200046331|1|0|1.0|INDIVIDUAL|FIJO|200046331|1|0|1.0|INDIVIDUAL|FIJO|200046331|1|0|1.0|INDIVIDUAL|FIJO|200046331|1|0|1.0|INDIVIDUAL|FIJO|200046331|1|0|1.0|INDIVIDUAL|FIJO|200046331|1|0|1.0|INDIVIDUAL|FIJO|200046331|1|0|1.0|INDIVIDUAL|FIJO|200046331|1|0|1.0
505,INDIVIDUAL|FIJO|200072538|1|0|1.0|INDIVIDUAL|FIJO|200072538|1|0|1.0|INDIVIDUAL|FIJO|200072538|1|0|1.0|INDIVIDUAL|FIJO|200072538|1|0|1.0|INDIVIDUAL|FIJO|200072538|1|0|1.0|INDIVIDUAL|FIJO|200072538|1|0|1.0|INDIVIDUAL|FIJO|200072538|1|0|1.0|INDIVIDUAL|FIJO|200072538|1|0|1.0|INDIVIDUAL|FIJO|200072538|1|0|1.0|INDIVIDUAL|FIJO|200072538|1|0|1.0
506,INDIVIDUAL|FIJO|200046332|1|0|1.0|INDIVIDUAL|FIJO|200046332|1|0|1.0
507,INDIVIDUAL|FIJO|200098820|1|0|1.0|INDIVIDUAL|FIJO|200098820|1|0|1.0|INDIVIDUAL|FIJO|200098820|1|0|1.0|INDIVIDUAL|FIJO|200098820|1|0|1.0|INDIVIDUAL|FIJO|200098820|1|0|1.0|INDIVIDUAL|FIJO|200098820|1|0|1.0|INDIVIDUAL|FIJO|200098820|1|0|1.0|INDIVIDUAL|FIJO|200098820|1|0|1.0|INDIVIDUAL|FIJO|200098820|1|0|1.0|INDIVIDUAL|FIJO|200098820|1|0|1.0
508,INDIVIDUAL|FIJO|200046326|1|0|1.0|INDIVIDUAL|FIJO|200046326|1|0|1.0|INDIVIDUAL|FIJO|200046326|1|0|1.0|INDIVIDUAL|FIJO|200046326|1|0|1.0|INDIVIDUAL|FIJO|200046326|1|0|1.0|INDIVIDUAL|FIJO|200046326|1|0|1.0|INDIVIDUAL|FIJO|200046326|1|0|1.0|INDIVIDUAL|FIJO|200046326|1|0|1.0|INDIVIDUAL|FIJO|200046326|1|0|1.0
509,INDIVIDUAL|FIJO|200095625|1|0|1.0|INDIVIDUAL|FIJO|200095625|1|0|1.0|INDIVIDUAL|FIJO|200095625|1|0|1.0|INDIVIDUAL|FIJO|200095625|1|0|1.0|INDIVIDUAL|FIJO|200095625|1|0|1.0|INDIVIDUAL|FIJO|200095625|1|0|1.0|INDIVIDUAL|FIJO|200095625|1|0|1.0|INDIVIDUAL|FIJO|200095625|1|0|1.0|INDIVIDUAL|FIJO|200095625|1|0|1.0
510,INDIVIDUAL|FIJO|200043487|1|0|1.0|INDIVIDUAL|FIJO|200043487|1|0|1.0|INDIVIDUAL|FIJO|200043487|1|0|1.0|INDIVIDUAL|FIJO|200043487|1|0|1.0
511,INDIVIDUAL|FIJO|200098821|1|0|1.0|INDIVIDUAL|FIJO|200098821|1|0|1.0|INDIVIDUAL|FIJO|200098821|1|0|1.0|INDIVIDUAL|FIJO|200098821|1|0|1.0|INDIVIDUAL|FIJO|200098821|1|0|1.0|INDIVIDUAL|FIJO|200098821|1|0|1.0|INDIVIDUAL|FIJO|200098821|1|0|1.0|INDIVIDUAL|FIJO|200098821|1|0|1.0|INDIVIDUAL|FIJO|200098821|1|0|1.0|INDIVIDUAL|FIJO|200098821|1|0|1.0
512,INDIVIDUAL|FIJO|200043493|1|0|1.0|INDIVIDUAL|FIJO|200043493|1|0|1.0|INDIVIDUAL|FIJO|200043493|1|0|1.0|INDIVIDUAL|FIJO|200043493|1|0|1.0|INDIVIDUAL|FIJO|200043493|1|0|1.0|INDIVIDUAL|FIJO|200043493|1|0|1.0|INDIVIDUAL|FIJO|200043493|1|0|1.0|INDIVIDUAL|FIJO|200043493|1|0|1.0|INDIVIDUAL|FIJO|200043493|1|0|1.0
513,INDIVIDUAL|FIJO|200060302|1|0|1.0|INDIVIDUAL|FIJO|200060302|1|0|1.0|INDIVIDUAL|FIJO|200060302|1|0|1.0|INDIVIDUAL|FIJO|200060302|1|0|1.0|INDIVIDUAL|FIJO|200060302|1|0|1.0
514,INDIVIDUAL|FIJO|200093863|1|0|1.0|INDIVIDUAL|FIJO|200093863|1|0|1.0|INDIVIDUAL|FIJO|200093863|1|0|1.0|INDIVIDUAL|FIJO|200093863|1|0|1.0|INDIVIDUAL|FIJO|200093863|1|0|1.0|INDIVIDUAL|FIJO|200093863|1|0|1.0|INDIVIDUAL|FIJO|200093863|1|0|1.0|INDIVIDUAL|FIJO|200093863|1|0|1.0|INDIVIDUAL|FIJO|200093863|1|0|1.0
515,INDIVIDUAL|FIJO|200059112|1|0|1.0
516,INDIVIDUAL|FIJO|200056121|1|0|1.0|INDIVIDUAL|FIJO|200056121|1|0|1.0|INDIVIDUAL|FIJO|200056121|1|0|1.0|INDIVIDUAL|FIJO|200056121|1|0|1.0|INDIVIDUAL|FIJO|200056121|1|0|1.0
517,INDIVIDUAL|FIJO|200058353|1|0|1.0|INDIVIDUAL|FIJO|200058353|1|0|1.0|INDIVIDUAL|FIJO|200058353|1|0|1.0|INDIVIDUAL|FIJO|200058353|1|0|1.0|INDIVIDUAL|FIJO|200058353|1|0|1.0|INDIVIDUAL|FIJO|200058353|1|0|1.0|INDIVIDUAL|FIJO|200058353|1|0|1.0|INDIVIDUAL|FIJO|200058353|1|0|1.0|INDIVIDUAL|FIJO|200058353|1|0|1.0
518,INDIVIDUAL|FIJO|200051355|1|0|1.0|INDIVIDUAL|FIJO|200051355|1|0|1.0|INDIVIDUAL|FIJO|200051355|1|0|1.0|INDIVIDUAL|FIJO|200051355|1|0|1.0|INDIVIDUAL|FIJO|200051355|1|0|1.0|INDIVIDUAL|FIJO|200051355|1|0|1.0|INDIVIDUAL|FIJO|200051355|1|0|1.0
519,INDIVIDUAL|FIJO|200092176|1|0|1.0|INDIVIDUAL|FIJO|200092176|1|0|1.0|INDIVIDUAL|FIJO|200092176|1|0|1.0|INDIVIDUAL|FIJO|200092176|1|0|1.0|INDIVIDUAL|FIJO|200092176|1|0|1.0|INDIVIDUAL|FIJO|200092176|1|0|1.0|INDIVIDUAL|FIJO|200092176|1|0|1.0|INDIVIDUAL|FIJO|200092176|1|0|1.0|INDIVIDUAL|FIJO|200092176|1|0|1.0
520,INDIVIDUAL|FIJO|200075012|1|0|1.0|INDIVIDUAL|FIJO|200075012|1|0|1.0|INDIVIDUAL|FIJO|200075012|1|0|1.0|INDIVIDUAL|FIJO|200075012|1|0|1.0
521,INDIVIDUAL|FIJO|200092172|1|0|1.0|INDIVIDUAL|FIJO|200092172|1|0|1.0|INDIVIDUAL|FIJO|200092172|1|0|1.0|INDIVIDUAL|FIJO|200092172|1|0|1.0|INDIVIDUAL|FIJO|200092172|1|0|1.0|INDIVIDUAL|FIJO|200092172|1|0|1.0|INDIVIDUAL|FIJO|200092172|1|0|1.0|INDIVIDUAL|FIJO|200092172|1|0|1.0|INDIVIDUAL|FIJO|200092172|1|0|1.0
522,INDIVIDUAL|FIJO|200056639|1|0|1.0|INDIVIDUAL|FIJO|200056639|1|0|1.0|INDIVIDUAL|FIJO|200056639|1|0|1.0|INDIVIDUAL|FIJO|200056639|1|0|1.0|INDIVIDUAL|FIJO|200056639|1|0|1.0|INDIVIDUAL|FIJO|200056639|1|0|1.0|INDIVIDUAL|FIJO|200056639|1|0|1.0|INDIVIDUAL|FIJO|200056639|1|0|1.0|INDIVIDUAL|FIJO|200056639|1|0|1.0
523,INDIVIDUAL|FIJO|200067116|1|0|1.0|INDIVIDUAL|FIJO|200067116|1|0|1.0|INDIVIDUAL|FIJO|200067116|1|0|1.0|INDIVIDUAL|FIJO|200067116|1|0|1.0|INDIVIDUAL|FIJO|200067116|1|0|1.0|INDIVIDUAL|FIJO|200067116|1|0|1.0|INDIVIDUAL|FIJO|200067116|1|0|1.0|INDIVIDUAL|FIJO|200067116|1|0|1.0|INDIVIDUAL|FIJO|200067116|1|0|1.0
524,INDIVIDUAL|FIJO|200043496|1|0|1.0|INDIVIDUAL|FIJO|200043496|1|0|1.0|INDIVIDUAL|FIJO|200043496|1|0|1.0|INDIVIDUAL|FIJO|200043496|1|0|1.0|INDIVIDUAL|FIJO|200043496|1|0|1.0|INDIVIDUAL|FIJO|200043496|1|0|1.0|INDIVIDUAL|FIJO|200043496|1|0|1.0|INDIVIDUAL|FIJO|200043496|1|0|1.0|INDIVIDUAL|FIJO|200043496|1|0|1.0|INDIVIDUAL|FIJO|200043496|1|0|1.0
525,INDIVIDUAL|FIJO|200056740|1|0|1.0|INDIVIDUAL|FIJO|200056740|1|0|1.0|INDIVIDUAL|FIJO|200056740|1|0|1.0|INDIVIDUAL|FIJO|200056740|1|0|1.0|INDIVIDUAL|FIJO|200056740|1|0|1.0|INDIVIDUAL|FIJO|200056740|1|0|1.0|INDIVIDUAL|FIJO|200056740|1|0|1.0|INDIVIDUAL|FIJO|200056740|1|0|1.0|INDIVIDUAL|FIJO|200056740|1|0|1.0|INDIVIDUAL|FIJO|200056740|1|0|1.0|INDIVIDUAL|FIJO|200056740|1|0|1.0|INDIVIDUAL|FIJO|200056740|1|0|1.0
526,INDIVIDUAL|FIJO|200056741|1|0|1.0|INDIVIDUAL|FIJO|200056741|1|0|1.0|INDIVIDUAL|FIJO|200056741|1|0|1.0|INDIVIDUAL|FIJO|200056741|1|0|1.0|INDIVIDUAL|FIJO|200056741|1|0|1.0|INDIVIDUAL|FIJO|200056741|1|0|1.0|INDIVIDUAL|FIJO|200056741|1|0|1.0|INDIVIDUAL|FIJO|200056741|1|0|1.0|INDIVIDUAL|FIJO|200056741|1|0|1.0|INDIVIDUAL|FIJO|200056741|1|0|1.0|INDIVIDUAL|FIJO|200056741|1|0|1.0|INDIVIDUAL|FIJO|200056741|1|0|1.0
527,INDIVIDUAL|FIJO|200056743|1|0|1.0|INDIVIDUAL|FIJO|200056743|1|0|1.0|INDIVIDUAL|FIJO|200056743|1|0|1.0|INDIVIDUAL|FIJO|200056743|1|0|1.0|INDIVIDUAL|FIJO|200056743|1|0|1.0|INDIVIDUAL|FIJO|200056743|1|0|1.0|INDIVIDUAL|FIJO|200056743|1|0|1.0|INDIVIDUAL|FIJO|200056743|1|0|1.0|INDIVIDUAL|FIJO|200056743|1|0|1.0|INDIVIDUAL|FIJO|200056743|1|0|1.0|INDIVIDUAL|FIJO|200056743|1|0|1.0|INDIVIDUAL|FIJO|200056743|1|0|1.0
528,INDIVIDUAL|FIJO|200073712|1|0|1.0|INDIVIDUAL|FIJO|200073712|1|0|1.0|INDIVIDUAL|FIJO|200073712|1|0|1.0|INDIVIDUAL|FIJO|200073712|1|0|1.0|INDIVIDUAL|FIJO|200073712|1|0|1.0|INDIVIDUAL|FIJO|200073712|1|0|1.0|INDIVIDUAL|FIJO|200073712|1|0|1.0|INDIVIDUAL|FIJO|200073712|1|0|1.0|INDIVIDUAL|FIJO|200073712|1|0|1.0|INDIVIDUAL|FIJO|200073712|1|0|1.0|INDIVIDUAL|FIJO|200073712|1|0|1.0|INDIVIDUAL|FIJO|200073712|1|0|1.0
529,INDIVIDUAL|FIJO|200064341|1|0|1.0|INDIVIDUAL|FIJO|200064341|1|0|1.0|INDIVIDUAL|FIJO|200064341|1|0|1.0|INDIVIDUAL|FIJO|200064341|1|0|1.0|INDIVIDUAL|FIJO|200064341|1|0|1.0|INDIVIDUAL|FIJO|200064341|1|0|1.0|INDIVIDUAL|FIJO|200064341|1|0|1.0|INDIVIDUAL|FIJO|200064341|1|0|1.0|INDIVIDUAL|FIJO|200064341|1|0|1.0|INDIVIDUAL|FIJO|200064341|1|0|1.0|INDIVIDUAL|FIJO|200064341|1|0|1.0|INDIVIDUAL|FIJO|200064341|1|0|1.0|INDIVIDUAL|FIJO|200064341|1|0|1.0
530,INDIVIDUAL|FIJO|200064310|1|0|1.0|INDIVIDUAL|FIJO|200064310|1|0|1.0|INDIVIDUAL|FIJO|200064310|1|0|1.0|INDIVIDUAL|FIJO|200064310|1|0|1.0|INDIVIDUAL|FIJO|200064310|1|0|1.0|INDIVIDUAL|FIJO|200064310|1|0|1.0|INDIVIDUAL|FIJO|200064310|1|0|1.0|INDIVIDUAL|FIJO|200064310|1|0|1.0|INDIVIDUAL|FIJO|200064310|1|0|1.0|INDIVIDUAL|FIJO|200064310|1|0|1.0|INDIVIDUAL|FIJO|200064310|1|0|1.0|INDIVIDUAL|FIJO|200064310|1|0|1.0|INDIVIDUAL|FIJO|200064310|1|0|1.0
531,INDIVIDUAL|FIJO|200064292|1|0|1.0|INDIVIDUAL|FIJO|200064292|1|0|1.0|INDIVIDUAL|FIJO|200064292|1|0|1.0|INDIVIDUAL|FIJO|200064292|1|0|1.0|INDIVIDUAL|FIJO|200064292|1|0|1.0|INDIVIDUAL|FIJO|200064292|1|0|1.0|INDIVIDUAL|FIJO|200064292|1|0|1.0|INDIVIDUAL|FIJO|200064292|1|0|1.0|INDIVIDUAL|FIJO|200064292|1|0|1.0|INDIVIDUAL|FIJO|200064292|1|0|1.0|INDIVIDUAL|FIJO|200064292|1|0|1.0
532,INDIVIDUAL|FIJO|200072913|1|0|1.0|INDIVIDUAL|FIJO|200072913|1|0|1.0|INDIVIDUAL|FIJO|200072913|1|0|1.0|INDIVIDUAL|FIJO|200072913|1|0|1.0|INDIVIDUAL|FIJO|200072913|1|0|1.0|INDIVIDUAL|FIJO|200072913|1|0|1.0|INDIVIDUAL|FIJO|200072913|1|0|1.0|INDIVIDUAL|FIJO|200072913|1|0|1.0|INDIVIDUAL|FIJO|200072913|1|0|1.0|INDIVIDUAL|FIJO|200072913|1|0|1.0|INDIVIDUAL|FIJO|200072913|1|0|1.0|INDIVIDUAL|FIJO|200072913|1|0|1.0|INDIVIDUAL|FIJO|200072913|1|0|1.0
537,INDIVIDUAL|FIJO|200079595|1|0|1.0|INDIVIDUAL|FIJO|200079595|1|0|1.0|INDIVIDUAL|FIJO|200079595|1|0|1.0|INDIVIDUAL|FIJO|200079595|1|0|1.0|INDIVIDUAL|FIJO|200079595|1|0|1.0|INDIVIDUAL|FIJO|200079595|1|0|1.0|INDIVIDUAL|FIJO|200079595|1|0|1.0|INDIVIDUAL|FIJO|200079595|1|0|1.0|INDIVIDUAL|FIJO|200079595|1|0|1.0|INDIVIDUAL|FIJO|200079595|1|0|1.0
538,INDIVIDUAL|FIJO|200099704|1|0|1.0|INDIVIDUAL|FIJO|200099704|1|0|1.0|INDIVIDUAL|FIJO|200099704|1|0|1.0|INDIVIDUAL|FIJO|200099704|1|0|1.0|INDIVIDUAL|FIJO|200099704|1|0|1.0|INDIVIDUAL|FIJO|200099704|1|0|1.0|INDIVIDUAL|FIJO|200099704|1|0|1.0|INDIVIDUAL|FIJO|200099704|1|0|1.0|INDIVIDUAL|FIJO|200099704|1|0|1.0|INDIVIDUAL|FIJO|200099704|1|0|1.0
539,INDIVIDUAL|FIJO|200110157|1|0|1.0|INDIVIDUAL|FIJO|200110157|1|0|1.0|INDIVIDUAL|FIJO|200110157|1|0|1.0|INDIVIDUAL|FIJO|200110157|1|0|1.0|INDIVIDUAL|FIJO|200110157|1|0|1.0|INDIVIDUAL|FIJO|200110157|1|0|1.0|INDIVIDUAL|FIJO|200110157|1|0|1.0|INDIVIDUAL|FIJO|200110157|1|0|1.0|INDIVIDUAL|FIJO|200110157|1|0|1.0|INDIVIDUAL|FIJO|200110157|1|0|1.0|INDIVIDUAL|FIJO|200110157|1|0|1.0
540,INDIVIDUAL|FIJO|200088336|1|0|1.0|INDIVIDUAL|FIJO|200088336|1|0|1.0|INDIVIDUAL|FIJO|200088336|1|0|1.0|INDIVIDUAL|FIJO|200088336|1|0|1.0|INDIVIDUAL|FIJO|200088336|1|0|1.0|INDIVIDUAL|FIJO|200088336|1|0|1.0|INDIVIDUAL|FIJO|200088336|1|0|1.0|INDIVIDUAL|FIJO|200088336|1|0|1.0|INDIVIDUAL|FIJO|200088336|1|0|1.0|INDIVIDUAL|FIJO|200088336|1|0|1.0|INDIVIDUAL|FIJO|200088336|1|0|1.0
541,INDIVIDUAL|FIJO|200098377|1|0|1.0|INDIVIDUAL|FIJO|200098377|1|0|1.0|INDIVIDUAL|FIJO|200098377|1|0|1.0|INDIVIDUAL|FIJO|200098377|1|0|1.0|INDIVIDUAL|FIJO|200098377|1|0|1.0|INDIVIDUAL|FIJO|200098377|1|0|1.0|INDIVIDUAL|FIJO|200098377|1|0|1.0|INDIVIDUAL|FIJO|200098377|1|0|1.0|INDIVIDUAL|FIJO|200098377|1|0|1.0|INDIVIDUAL|FIJO|200098377|1|0|1.0|INDIVIDUAL|FIJO|200098377|1|0|1.0
542,INDIVIDUAL|FIJO|200111352|1|0|1.0|INDIVIDUAL|FIJO|200111352|1|0|1.0|INDIVIDUAL|FIJO|200111352|1|0|1.0|INDIVIDUAL|FIJO|200111352|1|0|1.0|INDIVIDUAL|FIJO|200111352|1|0|1.0|INDIVIDUAL|FIJO|200111352|1|0|1.0|INDIVIDUAL|FIJO|200111352|1|0|1.0|INDIVIDUAL|FIJO|200111352|1|0|1.0|INDIVIDUAL|FIJO|200111352|1|0|1.0|INDIVIDUAL|FIJO|200111352|1|0|1.0|INDIVIDUAL|FIJO|200111352|1|0|1.0
543,INDIVIDUAL|FIJO|200106290|1|0|1.0|INDIVIDUAL|FIJO|200106290|1|0|1.0|INDIVIDUAL|FIJO|200106290|1|0|1.0|INDIVIDUAL|FIJO|200106290|1|0|1.0|INDIVIDUAL|FIJO|200106290|1|0|1.0|INDIVIDUAL|FIJO|200106290|1|0|1.0|INDIVIDUAL|FIJO|200106290|1|0|1.0|INDIVIDUAL|FIJO|200106290|1|0|1.0|INDIVIDUAL|FIJO|200106290|1|0|1.0|INDIVIDUAL|FIJO|200106290|1|0|1.0
544,INDIVIDUAL|FIJO|200051232|1|0|1.0|INDIVIDUAL|FIJO|200051232|1|0|1.0|INDIVIDUAL|FIJO|200051232|1|0|1.0|INDIVIDUAL|FIJO|200051232|1|0|1.0|INDIVIDUAL|FIJO|200051232|1|0|1.0|INDIVIDUAL|FIJO|200051232|1|0|1.0|INDIVIDUAL|FIJO|200051232|1|0|1.0|INDIVIDUAL|FIJO|200051232|1|0|1.0|INDIVIDUAL|FIJO|200051232|1|0|1.0|INDIVIDUAL|FIJO|200051232|1|0|1.0
545,INDIVIDUAL|FIJO|200116502|1|0|1.0|INDIVIDUAL|FIJO|200116502|1|0|1.0|INDIVIDUAL|FIJO|200116502|1|0|1.0|INDIVIDUAL|FIJO|200116502|1|0|1.0|INDIVIDUAL|FIJO|200116502|1|0|1.0|INDIVIDUAL|FIJO|200116502|1|0|1.0|INDIVIDUAL|FIJO|200116502|1|0|1.0|INDIVIDUAL|FIJO|200116502|1|0|1.0|INDIVIDUAL|FIJO|200116502|1|0|1.0|INDIVIDUAL|FIJO|200116502|1|0|1.0|INDIVIDUAL|FIJO|200116502|1|0|1.0
546,INDIVIDUAL|FIJO|200040880|1|0|1.0|INDIVIDUAL|FIJO|200040880|1|0|1.0|INDIVIDUAL|FIJO|200040880|1|0|1.0
547,INDIVIDUAL|FIJO|200113553|1|0|1.0|INDIVIDUAL|FIJO|200113553|1|0|1.0|INDIVIDUAL|FIJO|200113553|1|0|1.0|INDIVIDUAL|FIJO|200113553|1|0|1.0|INDIVIDUAL|FIJO|200113553|1|0|1.0|INDIVIDUAL|FIJO|200113553|1|0|1.0|INDIVIDUAL|FIJO|200113553|1|0|1.0|INDIVIDUAL|FIJO|200113553|1|0|1.0|INDIVIDUAL|FIJO|200113553|1|0|1.0|INDIVIDUAL|FIJO|200113553|1|0|1.0|INDIVIDUAL|FIJO|200113553|1|0|1.0
548,INDIVIDUAL|FIJO|200056638|1|0|1.0|INDIVIDUAL|FIJO|200056638|1|0|1.0|INDIVIDUAL|FIJO|200056638|1|0|1.0|INDIVIDUAL|FIJO|200056638|1|0|1.0|INDIVIDUAL|FIJO|200056638|1|0|1.0|INDIVIDUAL|FIJO|200056638|1|0|1.0|INDIVIDUAL|FIJO|200056638|1|0|1.0|INDIVIDUAL|FIJO|200056638|1|0|1.0|INDIVIDUAL|FIJO|200056638|1|0|1.0|INDIVIDUAL|FIJO|200056638|1|0|1.0|INDIVIDUAL|FIJO|200056638|1|0|1.0|INDIVIDUAL|FIJO|200056638|1|0|1.0
549,INDIVIDUAL|FIJO|200009812|1|0|1.0|INDIVIDUAL|FIJO|200009812|1|0|1.0
550,INDIVIDUAL|FIJO|200113544|1|0|1.0|INDIVIDUAL|FIJO|200113544|1|0|1.0|INDIVIDUAL|FIJO|200113544|1|0|1.0|INDIVIDUAL|FIJO|200113544|1|0|1.0|INDIVIDUAL|FIJO|200113544|1|0|1.0|INDIVIDUAL|FIJO|200113544|1|0|1.0|INDIVIDUAL|FIJO|200113544|1|0|1.0|INDIVIDUAL|FIJO|200113544|1|0|1.0|INDIVIDUAL|FIJO|200113544|1|0|1.0|INDIVIDUAL|FIJO|200113544|1|0|1.0|INDIVIDUAL|FIJO|200113544|1|0|1.0
551,INDIVIDUAL|FIJO|200076632|1|0|1.0|INDIVIDUAL|FIJO|200076632|1|0|1.0|INDIVIDUAL|FIJO|200076632|1|0|1.0|INDIVIDUAL|FIJO|200076632|1|0|1.0|INDIVIDUAL|FIJO|200076632|1|0|1.0|INDIVIDUAL|FIJO|200076632|1|0|1.0|INDIVIDUAL|FIJO|200076632|1|0|1.0|INDIVIDUAL|FIJO|200076632|1|0|1.0|INDIVIDUAL|FIJO|200076632|1|0|1.0|INDIVIDUAL|FIJO|200076632|1|0|1.0|INDIVIDUAL|FIJO|200076632|1|0|1.0|INDIVIDUAL|FIJO|200076632|1|0|1.0
552,INDIVIDUAL|FIJO|200099310|1|0|1.0|INDIVIDUAL|FIJO|200099310|1|0|1.0|INDIVIDUAL|FIJO|200099310|1|0|1.0|INDIVIDUAL|FIJO|200099310|1|0|1.0|INDIVIDUAL|FIJO|200099310|1|0|1.0|INDIVIDUAL|FIJO|200099310|1|0|1.0|INDIVIDUAL|FIJO|200099310|1|0|1.0|INDIVIDUAL|FIJO|200099310|1|0|1.0|INDIVIDUAL|FIJO|200099310|1|0|1.0|INDIVIDUAL|FIJO|200099310|1|0|1.0|INDIVIDUAL|FIJO|200099310|1|0|1.0
553,INDIVIDUAL|FIJO|200093884|1|0|1.0|INDIVIDUAL|FIJO|200093884|1|0|1.0|INDIVIDUAL|FIJO|200093884|1|0|1.0|INDIVIDUAL|FIJO|200093884|1|0|1.0|INDIVIDUAL|FIJO|200093884|1|0|1.0|INDIVIDUAL|FIJO|200093884|1|0|1.0|INDIVIDUAL|FIJO|200093884|1|0|1.0|INDIVIDUAL|FIJO|200093884|1|0|1.0|INDIVIDUAL|FIJO|200093884|1|0|1.0|INDIVIDUAL|FIJO|200093884|1|0|1.0|INDIVIDUAL|FIJO|200093884|1|0|1.0|INDIVIDUAL|FIJO|200093884|1|0|1.0
554,INDIVIDUAL|FIJO|200117382|1|0|1.0|INDIVIDUAL|FIJO|200117382|1|0|1.0|INDIVIDUAL|FIJO|200117382|1|0|1.0
555,INDIVIDUAL|FIJO|200111130|1|0|1.0|INDIVIDUAL|FIJO|200111130|1|0|1.0|INDIVIDUAL|FIJO|200111130|1|0|1.0|INDIVIDUAL|FIJO|200111130|1|0|1.0|INDIVIDUAL|FIJO|200111130|1|0|1.0|INDIVIDUAL|FIJO|200111130|1|0|1.0|INDIVIDUAL|FIJO|200111130|1|0|1.0|INDIVIDUAL|FIJO|200111130|1|0|1.0|INDIVIDUAL|FIJO|200111130|1|0|1.0|INDIVIDUAL|FIJO|200111130|1|0|1.0|INDIVIDUAL|FIJO|200111130|1|0|1.0
556,INDIVIDUAL|FIJO|P0292082007|1|0|1.0|INDIVIDUAL|FIJO|P0292082007|1|0|1.0|INDIVIDUAL|FIJO|P0292082007|1|0|1.0|INDIVIDUAL|FIJO|P0292082007|1|0|1.0|INDIVIDUAL|FIJO|P0292082007|1|0|1.0|INDIVIDUAL|FIJO|P0292082007|1|0|1.0|INDIVIDUAL|FIJO|P0292082007|1|0|1.0|INDIVIDUAL|FIJO|P0292082007|1|0|1.0|INDIVIDUAL|FIJO|P0292082007|1|0|1.0|INDIVIDUAL|FIJO|P0292082007|1|0|1.0
557,INDIVIDUAL|VARIABLE|P0210060001|1|0|1.0|INDIVIDUAL|VARIABLE|P0210060001|1|0|1.0|INDIVIDUAL|VARIABLE|P0210060001|1|0|1.0|INDIVIDUAL|VARIABLE|P0210060001|1|0|1.0|INDIVIDUAL|VARIABLE|P0210060001|1|0|1.0|INDIVIDUAL|VARIABLE|P0210060001|1|0|1.0|INDIVIDUAL|VARIABLE|P0210060001|1|0|1.0|INDIVIDUAL|VARIABLE|P0210060001|1|0|1.0|INDIVIDUAL|VARIABLE|P0210060001|1|0|1.0|INDIVIDUAL|VARIABLE|P0210060001|1|0|1.0|INDIVIDUAL|VARIABLE|P0210060001|1|0|1.0|INDIVIDUAL|VARIABLE|P0210060001|1|0|1.0|INDIVIDUAL|VARIABLE|P0210060001|1|0|1.0|INDIVIDUAL|VARIABLE|P0210060001|1|0|1.0|INDIVIDUAL|VARIABLE|P0210060001|1|0|1.0|INDIVIDUAL|VARIABLE|P0210060001|1|0|1.0|INDIVIDUAL|VARIABLE|P0210060001|1|0|1.0|INDIVIDUAL|VARIABLE|P0210060001|1|0|1.0|INDIVIDUAL|VARIABLE|P0210060001|1|0|1.0|INDIVIDUAL|VARIABLE|P0210060001|1|0|1.0|INDIVIDUAL|VARIABLE|P0210060001|1|0|1.0|INDIVIDUAL|VARIABLE|P0210060001|1|0|1.0|INDIVIDUAL|VARIABLE|P0210060001|1|0|1.0|INDIVIDUAL|VARIABLE|P0210060001|1|0|1.0|INDIVIDUAL|VARIABLE|P0210060001|1|0|1.0|INDIVIDUAL|VARIABLE|P0210060001|1|0|1.0|INDIVIDUAL|VARIABLE|P0210060001|1|0|1.0|INDIVIDUAL|VARIABLE|P0210060001|1|0|1.0|INDIVIDUAL|VARIABLE|P0210060001|1|0|1.0|INDIVIDUAL|VARIABLE|P0210060001|1|0|1.0|INDIVIDUAL|VARIABLE|P0210060001|1|0|1.0|INDIVIDUAL|VARIABLE|P0210060001|1|0|1.0|INDIVIDUAL|VARIABLE|P0210060001|1|0|1.0|INDIVIDUAL|VARIABLE|P0210060001|1|0|1.0|INDIVIDUAL|VARIABLE|P0210060001|1|0|1.0|INDIVIDUAL|VARIABLE|P0210060001|1|0|1.0|INDIVIDUAL|VARIABLE|P0210060001|1|0|1.0|INDIVIDUAL|VARIABLE|P0210060001|1|0|1.0|INDIVIDUAL|VARIABLE|P0210060001|1|0|1.0|INDIVIDUAL|VARIABLE|P0210060001|1|0|1.0|INDIVIDUAL|VARIABLE|P0210060001|1|0|1.0|INDIVIDUAL|VARIABLE|P0210060001|1|0|1.0|INDIVIDUAL|VARIABLE|P0210060001|1|0|1.0|INDIVIDUAL|VARIABLE|P0210060001|1|0|1.0|INDIVIDUAL|VARIABLE|P0210060001|1|0|1.0|INDIVIDUAL|VARIABLE|P0210060001|1|0|1.0|INDIVIDUAL|VARIABLE|P0210060001|1|0|1.0|INDIVIDUAL|VARIABLE|P0210060001|1|0|1.0|INDIVIDUAL|VARIABLE|P0210060001|1|0|1.0|INDIVIDUAL|VARIABLE|P0210060001|1|0|1.0|INDIVIDUAL|VARIABLE|P0210060001|1|0|1.0|INDIVIDUAL|VARIABLE|P0210060001|1|0|1.0|INDIVIDUAL|VARIABLE|P0210060001|1|0|1.0|INDIVIDUAL|VARIABLE|P0210060001|1|0|1.0|INDIVIDUAL|VARIABLE|P0210060001|1|0|1.0|INDIVIDUAL|VARIABLE|P0210060001|1|0|1.0|INDIVIDUAL|VARIABLE|P0210060001|1|0|1.0|INDIVIDUAL|VARIABLE|P0210060001|1|0|1.0|INDIVIDUAL|VARIABLE|P0210060001|1|0|1.0|INDIVIDUAL|VARIABLE|P0210060001|1|0|1.0|INDIVIDUAL|VARIABLE|P0210060001|1|0|1.0|INDIVIDUAL|VARIABLE|P0210060001|1|0|1.0|INDIVIDUAL|VARIABLE|P0210060001|1|0|1.0|INDIVIDUAL|VARIABLE|P0210060001|1|0|1.0|INDIVIDUAL|VARIABLE|P0210060001|1|0|1.0|INDIVIDUAL|VARIABLE|P0210060001|1|0|1.0|INDIVIDUAL|VARIABLE|P0210060001|1|0|1.0|INDIVIDUAL|VARIABLE|P0210060001|1|0|1.0|INDIVIDUAL|VARIABLE|P0210060001|1|0|1.0|INDIVIDUAL|VARIABLE|P0210060001|1|0|1.0|INDIVIDUAL|VARIABLE|P0210060001|1|0|1.0|INDIVIDUAL|VARIABLE|P0210060001|1|0|1.0|INDIVIDUAL|VARIABLE|P0210060001|1|0|1.0|INDIVIDUAL|VARIABLE|P0210060001|1|0|1.0|INDIVIDUAL|VARIABLE|P0210060001|1|0|1.0|INDIVIDUAL|VARIABLE|P0210060001|1|0|1.0|INDIVIDUAL|VARIABLE|P0210060001|1|0|1.0|INDIVIDUAL|VARIABLE|P0210060001|1|0|1.0|INDIVIDUAL|VARIABLE|P0210060001|1|0|1.0|INDIVIDUAL|VARIABLE|P0210060001|1|0|1.0|INDIVIDUAL|VARIABLE|P0210060001|1|0|1.0|INDIVIDUAL|VARIABLE|P0210060001|1|0|1.0|INDIVIDUAL|VARIABLE|P0210060001|1|0|1.0|INDIVIDUAL|VARIABLE|P0210060001|1|0|1.0|INDIVIDUAL|VARIABLE|P0210060001|1|0|1.0|INDIVIDUAL|VARIABLE|P0210060001|1|0|1.0|INDIVIDUAL|VARIABLE|P0210060001|1|0|1.0|INDIVIDUAL|VARIABLE|P0210060001|1|0|1.0|INDIVIDUAL|VARIABLE|P0210060001|1|0|1.0|INDIVIDUAL|VARIABLE|P0210060001|1|0|1.0
558,INDIVIDUAL|VARIABLE|P0067054008|1|0|1.0|INDIVIDUAL|VARIABLE|P0067054008|1|0|1.0|INDIVIDUAL|VARIABLE|P0067054008|1|0|1.0|INDIVIDUAL|VARIABLE|P0067054008|1|0|1.0|INDIVIDUAL|VARIABLE|P0067054008|1|0|1.0|INDIVIDUAL|VARIABLE|P0067054008|1|0|1.0|INDIVIDUAL|VARIABLE|P0067054008|1|0|1.0|INDIVIDUAL|VARIABLE|P0067054008|1|0|1.0|INDIVIDUAL|VARIABLE|P0067054008|1|0|1.0|INDIVIDUAL|VARIABLE|P0067054008|1|0|1.0|INDIVIDUAL|VARIABLE|P0067054008|1|0|1.0|INDIVIDUAL|VARIABLE|P0067054008|1|0|1.0|INDIVIDUAL|VARIABLE|P0067054008|1|0|1.0|INDIVIDUAL|VARIABLE|P0067054008|1|0|1.0|INDIVIDUAL|VARIABLE|P0067054008|1|0|1.0|INDIVIDUAL|VARIABLE|P0067054008|1|0|1.0|INDIVIDUAL|VARIABLE|P0067054008|1|0|1.0|INDIVIDUAL|VARIABLE|P0067054008|1|0|1.0|INDIVIDUAL|VARIABLE|P0067054008|1|0|1.0|INDIVIDUAL|VARIABLE|P0067054008|1|0|1.0|INDIVIDUAL|VARIABLE|P0067054008|1|0|1.0|INDIVIDUAL|VARIABLE|P0067054008|1|0|1.0|INDIVIDUAL|VARIABLE|P0067054008|1|0|1.0|INDIVIDUAL|VARIABLE|P0067054008|1|0|1.0|INDIVIDUAL|VARIABLE|P0067054008|1|0|1.0|INDIVIDUAL|VARIABLE|P0067054008|1|0|1.0|INDIVIDUAL|VARIABLE|P0067054008|1|0|1.0|INDIVIDUAL|VARIABLE|P0067054008|1|0|1.0|INDIVIDUAL|VARIABLE|P0067054008|1|0|1.0|INDIVIDUAL|VARIABLE|P0067054008|1|0|1.0|INDIVIDUAL|VARIABLE|P0067054008|1|0|1.0|INDIVIDUAL|VARIABLE|P0067054008|1|0|1.0|INDIVIDUAL|VARIABLE|P0067054008|1|0|1.0|INDIVIDUAL|VARIABLE|P0067054008|1|0|1.0|INDIVIDUAL|VARIABLE|P0067054008|1|0|1.0|INDIVIDUAL|VARIABLE|P0067054008|1|0|1.0|INDIVIDUAL|VARIABLE|P0067054008|1|0|1.0|INDIVIDUAL|VARIABLE|P0067054008|1|0|1.0|INDIVIDUAL|VARIABLE|P0067054008|1|0|1.0|INDIVIDUAL|VARIABLE|P0067054008|1|0|1.0|INDIVIDUAL|VARIABLE|P0067054008|1|0|1.0|INDIVIDUAL|VARIABLE|P0067054008|1|0|1.0|INDIVIDUAL|VARIABLE|P0067054008|1|0|1.0
559,INDIVIDUAL|VARIABLE|P0210065001|1|0|1.0|INDIVIDUAL|VARIABLE|P0210065001|1|0|1.0|INDIVIDUAL|VARIABLE|P0210065001|1|0|1.0|INDIVIDUAL|VARIABLE|P0210065001|1|0|1.0|INDIVIDUAL|VARIABLE|P0210065001|1|0|1.0|INDIVIDUAL|VARIABLE|P0210065001|1|0|1.0|INDIVIDUAL|VARIABLE|P0210065001|1|0|1.0|INDIVIDUAL|VARIABLE|P0210065001|1|0|1.0|INDIVIDUAL|VARIABLE|P0210065001|1|0|1.0|INDIVIDUAL|VARIABLE|P0210065001|1|0|1.0|INDIVIDUAL|VARIABLE|P0210065001|1|0|1.0|INDIVIDUAL|VARIABLE|P0210065001|1|0|1.0|INDIVIDUAL|VARIABLE|P0210065001|1|0|1.0|INDIVIDUAL|VARIABLE|P0210065001|1|0|1.0|INDIVIDUAL|VARIABLE|P0210065001|1|0|1.0|INDIVIDUAL|VARIABLE|P0210065001|1|0|1.0|INDIVIDUAL|VARIABLE|P0210065001|1|0|1.0|INDIVIDUAL|VARIABLE|P0210065001|1|0|1.0|INDIVIDUAL|VARIABLE|P0210065001|1|0|1.0|INDIVIDUAL|VARIABLE|P0210065001|1|0|1.0
560,INDIVIDUAL|VARIABLE|P0210060001|1|0|1.0|INDIVIDUAL|VARIABLE|P0210060001|1|0|1.0|INDIVIDUAL|VARIABLE|P0210060001|1|0|1.0|INDIVIDUAL|VARIABLE|P0210060001|1|0|1.0|INDIVIDUAL|VARIABLE|P0210060001|1|0|1.0|INDIVIDUAL|VARIABLE|P0210060001|1|0|1.0|INDIVIDUAL|VARIABLE|P0210060001|1|0|1.0|INDIVIDUAL|VARIABLE|P0210060001|1|0|1.0|INDIVIDUAL|VARIABLE|P0210060001|1|0|1.0|INDIVIDUAL|VARIABLE|P0210060001|1|0|1.0|INDIVIDUAL|VARIABLE|P0210060001|1|0|1.0|INDIVIDUAL|VARIABLE|P0210060001|1|0|1.0|INDIVIDUAL|VARIABLE|P0210060001|1|0|1.0|INDIVIDUAL|VARIABLE|P0210060001|1|0|1.0|INDIVIDUAL|VARIABLE|P0210060001|1|0|1.0|INDIVIDUAL|VARIABLE|P0210060001|1|0|1.0|INDIVIDUAL|VARIABLE|P0210060001|1|0|1.0|INDIVIDUAL|VARIABLE|P0210060001|1|0|1.0|INDIVIDUAL|VARIABLE|P0210060001|1|0|1.0|INDIVIDUAL|VARIABLE|P0210060001|1|0|1.0
561,INDIVIDUAL|VARIABLE|P0210065001|1|0|1.0|INDIVIDUAL|VARIABLE|P0210065001|1|0|1.0|INDIVIDUAL|VARIABLE|P0210065001|1|0|1.0|INDIVIDUAL|VARIABLE|P0210065001|1|0|1.0|INDIVIDUAL|VARIABLE|P0210065001|1|0|1.0|INDIVIDUAL|VARIABLE|P0210065001|1|0|1.0|INDIVIDUAL|VARIABLE|P0210065001|1|0|1.0|INDIVIDUAL|VARIABLE|P0210065001|1|0|1.0|INDIVIDUAL|VARIABLE|P0210065001|1|0|1.0|INDIVIDUAL|VARIABLE|P0210065001|1|0|1.0|INDIVIDUAL|VARIABLE|P0210065001|1|0|1.0|INDIVIDUAL|VARIABLE|P0210065001|1|0|1.0|INDIVIDUAL|VARIABLE|P0210065001|1|0|1.0|INDIVIDUAL|VARIABLE|P0210065001|1|0|1.0|INDIVIDUAL|VARIABLE|P0210065001|1|0|1.0|INDIVIDUAL|VARIABLE|P0210065001|1|0|1.0|INDIVIDUAL|VARIABLE|P0210065001|1|0|1.0|INDIVIDUAL|VARIABLE|P0210065001|1|0|1.0|INDIVIDUAL|VARIABLE|P0210065001|1|0|1.0|INDIVIDUAL|VARIABLE|P0210065001|1|0|1.0|INDIVIDUAL|VARIABLE|P0210065001|1|0|1.0|INDIVIDUAL|VARIABLE|P0210065001|1|0|1.0|INDIVIDUAL|VARIABLE|P0210065001|1|0|1.0|INDIVIDUAL|VARIABLE|P0210065001|1|0|1.0|INDIVIDUAL|VARIABLE|P0210065001|1|0|1.0|INDIVIDUAL|VARIABLE|P0210065001|1|0|1.0|INDIVIDUAL|VARIABLE|P0210065001|1|0|1.0|INDIVIDUAL|VARIABLE|P0210065001|1|0|1.0|INDIVIDUAL|VARIABLE|P0210065001|1|0|1.0|INDIVIDUAL|VARIABLE|P0210065001|1|0|1.0|INDIVIDUAL|VARIABLE|P0210065001|1|0|1.0|INDIVIDUAL|VARIABLE|P0210065001|1|0|1.0|INDIVIDUAL|VARIABLE|P0210065001|1|0|1.0|INDIVIDUAL|VARIABLE|P0210065001|1|0|1.0|INDIVIDUAL|VARIABLE|P0210065001|1|0|1.0|INDIVIDUAL|VARIABLE|P0210065001|1|0|1.0|INDIVIDUAL|VARIABLE|P0210065001|1|0|1.0|INDIVIDUAL|VARIABLE|P0210065001|1|0|1.0|INDIVIDUAL|VARIABLE|P0210065001|1|0|1.0|INDIVIDUAL|VARIABLE|P0210065001|1|0|1.0|INDIVIDUAL|VARIABLE|P0210065001|1|0|1.0|INDIVIDUAL|VARIABLE|P0210065001|1|0|1.0|INDIVIDUAL|VARIABLE|P0210065001|1|0|1.0|INDIVIDUAL|VARIABLE|P0210065001|1|0|1.0|INDIVIDUAL|VARIABLE|P0210065001|1|0|1.0|INDIVIDUAL|VARIABLE|P0210065001|1|0|1.0|INDIVIDUAL|VARIABLE|P0210065001|1|0|1.0|INDIVIDUAL|VARIABLE|P0210065001|1|0|1.0|INDIVIDUAL|VARIABLE|P0210065001|1|0|1.0|INDIVIDUAL|VARIABLE|P0210065001|1|0|1.0|INDIVIDUAL|VARIABLE|P0210065001|1|0|1.0|INDIVIDUAL|VARIABLE|P0210065001|1|0|1.0|INDIVIDUAL|VARIABLE|P0210065001|1|0|1.0|INDIVIDUAL|VARIABLE|P0210065001|1|0|1.0|INDIVIDUAL|VARIABLE|P0210065001|1|0|1.0|INDIVIDUAL|VARIABLE|P0210065001|1|0|1.0|INDIVIDUAL|VARIABLE|P0210065001|1|0|1.0|INDIVIDUAL|VARIABLE|P0210065001|1|0|1.0|INDIVIDUAL|VARIABLE|P0210065001|1|0|1.0|INDIVIDUAL|VARIABLE|P0210065001|1|0|1.0|INDIVIDUAL|VARIABLE|P0210065001|1|0|1.0|INDIVIDUAL|VARIABLE|P0210065001|1|0|1.0|INDIVIDUAL|VARIABLE|P0210065001|1|0|1.0|INDIVIDUAL|VARIABLE|P0210065001|1|0|1.0|INDIVIDUAL|VARIABLE|P0210065001|1|0|1.0|INDIVIDUAL|VARIABLE|P0210065001|1|0|1.0|INDIVIDUAL|VARIABLE|P0210065001|1|0|1.0|INDIVIDUAL|VARIABLE|P0210065001|1|0|1.0|INDIVIDUAL|VARIABLE|P0210065001|1|0|1.0|INDIVIDUAL|VARIABLE|P0210065001|1|0|1.0|INDIVIDUAL|VARIABLE|P0210065001|1|0|1.0|INDIVIDUAL|VARIABLE|P0210065001|1|0|1.0|INDIVIDUAL|VARIABLE|P0210065001|1|0|1.0|INDIVIDUAL|VARIABLE|P0210065001|1|0|1.0|INDIVIDUAL|VARIABLE|P0210065001|1|0|1.0|INDIVIDUAL|VARIABLE|P0210065001|1|0|1.0|INDIVIDUAL|VARIABLE|P0210065001|1|0|1.0
562,INDIVIDUAL|VARIABLE|P0292133004|1|0|1.0|INDIVIDUAL|VARIABLE|P0292133004|1|0|1.0|INDIVIDUAL|VARIABLE|P0292133004|1|0|1.0|INDIVIDUAL|VARIABLE|P0292133004|1|0|1.0|INDIVIDUAL|VARIABLE|P0292133004|1|0|1.0|INDIVIDUAL|VARIABLE|P0292133004|1|0|1.0|INDIVIDUAL|VARIABLE|P0292133004|1|0|1.0|INDIVIDUAL|VARIABLE|P0292133004|1|0|1.0|INDIVIDUAL|VARIABLE|P0292133004|1|0|1.0|INDIVIDUAL|VARIABLE|P0292133004|1|0|1.0|INDIVIDUAL|VARIABLE|P0292133004|1|0|1.0|INDIVIDUAL|VARIABLE|P0292133004|1|0|1.0|INDIVIDUAL|VARIABLE|P0292133004|1|0|1.0|INDIVIDUAL|VARIABLE|P0292133004|1|0|1.0|INDIVIDUAL|VARIABLE|P0292133004|1|0|1.0|INDIVIDUAL|VARIABLE|P0292133004|1|0|1.0|INDIVIDUAL|VARIABLE|P0292133004|1|0|1.0|INDIVIDUAL|VARIABLE|P0292133004|1|0|1.0|INDIVIDUAL|VARIABLE|P0292133004|1|0|1.0|INDIVIDUAL|VARIABLE|P0292133004|1|0|1.0|INDIVIDUAL|VARIABLE|P0292133004|1|0|1.0|INDIVIDUAL|VARIABLE|P0292133004|1|0|1.0|INDIVIDUAL|VARIABLE|P0292133004|1|0|1.0|INDIVIDUAL|VARIABLE|P0292133004|1|0|1.0|INDIVIDUAL|VARIABLE|P0292133004|1|0|1.0|INDIVIDUAL|VARIABLE|P0292133004|1|0|1.0|INDIVIDUAL|VARIABLE|P0292133004|1|0|1.0|INDIVIDUAL|VARIABLE|P0292133004|1|0|1.0|INDIVIDUAL|VARIABLE|P0292133004|1|0|1.0|INDIVIDUAL|VARIABLE|P0292133004|1|0|1.0|INDIVIDUAL|VARIABLE|P0292133004|1|0|1.0|INDIVIDUAL|VARIABLE|P0292133004|1|0|1.0|INDIVIDUAL|VARIABLE|P0292133004|1|0|1.0|INDIVIDUAL|VARIABLE|P0292133004|1|0|1.0|INDIVIDUAL|VARIABLE|P0292133004|1|0|1.0|INDIVIDUAL|VARIABLE|P0292133004|1|0|1.0|INDIVIDUAL|VARIABLE|P0292133004|1|0|1.0|INDIVIDUAL|VARIABLE|P0292133004|1|0|1.0|INDIVIDUAL|VARIABLE|P0292133004|1|0|1.0|INDIVIDUAL|VARIABLE|P0292133004|1|0|1.0|INDIVIDUAL|VARIABLE|P0292133004|1|0|1.0|INDIVIDUAL|VARIABLE|P0292133004|1|0|1.0|INDIVIDUAL|VARIABLE|P0292133004|1|0|1.0|INDIVIDUAL|VARIABLE|P0292133004|1|0|1.0|INDIVIDUAL|VARIABLE|P0292133004|1|0|1.0|INDIVIDUAL|VARIABLE|P0292133004|1|0|1.0|INDIVIDUAL|VARIABLE|P0292133004|1|0|1.0|INDIVIDUAL|VARIABLE|P0292133004|1|0|1.0|INDIVIDUAL|VARIABLE|P0292133004|1|0|1.0|INDIVIDUAL|VARIABLE|P0292133004|1|0|1.0|INDIVIDUAL|VARIABLE|P0292133004|1|0|1.0|INDIVIDUAL|VARIABLE|P0292133004|1|0|1.0|INDIVIDUAL|VARIABLE|P0292133004|1|0|1.0|INDIVIDUAL|VARIABLE|P0292133004|1|0|1.0|INDIVIDUAL|VARIABLE|P0292133004|1|0|1.0|INDIVIDUAL|VARIABLE|P0292133004|1|0|1.0|INDIVIDUAL|VARIABLE|P0292133004|1|0|1.0|INDIVIDUAL|VARIABLE|P0292133004|1|0|1.0|INDIVIDUAL|VARIABLE|P0292133004|1|0|1.0|INDIVIDUAL|VARIABLE|P0292133004|1|0|1.0|INDIVIDUAL|VARIABLE|P0292133004|1|0|1.0|INDIVIDUAL|VARIABLE|P0292133004|1|0|1.0|INDIVIDUAL|VARIABLE|P0292133004|1|0|1.0|INDIVIDUAL|VARIABLE|P0292133004|1|0|1.0|INDIVIDUAL|VARIABLE|P0292133004|1|0|1.0|INDIVIDUAL|VARIABLE|P0292133004|1|0|1.0|INDIVIDUAL|VARIABLE|P0292133004|1|0|1.0|INDIVIDUAL|VARIABLE|P0292133004|1|0|1.0|INDIVIDUAL|VARIABLE|P0292133004|1|0|1.0|INDIVIDUAL|VARIABLE|P0292133004|1|0|1.0|INDIVIDUAL|VARIABLE|P0292133004|1|0|1.0|INDIVIDUAL|VARIABLE|P0292133004|1|0|1.0|INDIVIDUAL|VARIABLE|P0292133004|1|0|1.0|INDIVIDUAL|VARIABLE|P0292133004|1|0|1.0|INDIVIDUAL|VARIABLE|P0292133004|1|0|1.0|INDIVIDUAL|VARIABLE|P0292133004|1|0|1.0|INDIVIDUAL|VARIABLE|P0292133004|1|0|1.0|INDIVIDUAL|VARIABLE|P0292133004|1|0|1.0|INDIVIDUAL|VARIABLE|P0292133004|1|0|1.0|INDIVIDUAL|VARIABLE|P0292133004|1|0|1.0|INDIVIDUAL|VARIABLE|P0292133004|1|0|1.0|INDIVIDUAL|VARIABLE|P0292133004|1|0|1.0|INDIVIDUAL|VARIABLE|P0292133004|1|0|1.0|INDIVIDUAL|VARIABLE|P0292133004|1|0|1.0|INDIVIDUAL|VARIABLE|P0292133004|1|0|1.0|INDIVIDUAL|VARIABLE|P0292133004|1|0|1.0|INDIVIDUAL|VARIABLE|P0292133004|1|0|1.0|INDIVIDUAL|VARIABLE|P0292133004|1|0|1.0|INDIVIDUAL|VARIABLE|P0292133004|1|0|1.0|INDIVIDUAL|VARIABLE|P0292133004|1|0|1.0|INDIVIDUAL|VARIABLE|P0292133004|1|0|1.0|INDIVIDUAL|VARIABLE|P0292133004|1|0|1.0|INDIVIDUAL|VARIABLE|P0292133004|1|0|1.0|INDIVIDUAL|VARIABLE|P0292133004|1|0|1.0|INDIVIDUAL|VARIABLE|P0292133004|1|0|1.0|INDIVIDUAL|VARIABLE|P0292133004|1|0|1.0|INDIVIDUAL|VARIABLE|P0292133004|1|0|1.0|INDIVIDUAL|VARIABLE|P0292133004|1|0|1.0|INDIVIDUAL|VARIABLE|P0292133004|1|0|1.0|INDIVIDUAL|VARIABLE|P0292133004|1|0|1.0|INDIVIDUAL|VARIABLE|P0292133004|1|0|1.0|INDIVIDUAL|VARIABLE|P0292133004|1|0|1.0|INDIVIDUAL|VARIABLE|P0292133004|1|0|1.0|INDIVIDUAL|VARIABLE|P0292133004|1|0|1.0|INDIVIDUAL|VARIABLE|P0292133004|1|0|1.0|INDIVIDUAL|VARIABLE|P0292133004|1|0|1.0|INDIVIDUAL|VARIABLE|P0292133004|1|0|1.0|INDIVIDUAL|VARIABLE|P0292133004|1|0|1.0|INDIVIDUAL|VARIABLE|P0292133004|1|0|1.0|INDIVIDUAL|VARIABLE|P0292133004|1|0|1.0|INDIVIDUAL|VARIABLE|P0292133004|1|0|1.0|INDIVIDUAL|VARIABLE|P0292133004|1|0|1.0|INDIVIDUAL|VARIABLE|P0292133004|1|0|1.0|INDIVIDUAL|VARIABLE|P0292133004|1|0|1.0|INDIVIDUAL|VARIABLE|P0292133004|1|0|1.0|INDIVIDUAL|VARIABLE|P0292133004|1|0|1.0|INDIVIDUAL|VARIABLE|P0292133004|1|0|1.0|INDIVIDUAL|VARIABLE|P0292133004|1|0|1.0|INDIVIDUAL|VARIABLE|P0292133004|1|0|1.0|INDIVIDUAL|VARIABLE|P0292133004|1|0|1.0|INDIVIDUAL|VARIABLE|P0292133004|1|0|1.0|INDIVIDUAL|VARIABLE|P0292133004|1|0|1.0|INDIVIDUAL|VARIABLE|P0292133004|1|0|1.0|INDIVIDUAL|VARIABLE|P0292133004|1|0|1.0|INDIVIDUAL|VARIABLE|P0292133004|1|0|1.0|INDIVIDUAL|VARIABLE|P0292133004|1|0|1.0|INDIVIDUAL|VARIABLE|P0292133004|1|0|1.0|INDIVIDUAL|VARIABLE|P0292133004|1|0|1.0|INDIVIDUAL|VARIABLE|P0292133004|1|0|1.0|INDIVIDUAL|VARIABLE|P0292133004|1|0|1.0|INDIVIDUAL|VARIABLE|P0292133004|1|0|1.0|INDIVIDUAL|VARIABLE|P0292133004|1|0|1.0|INDIVIDUAL|VARIABLE|P0292133004|1|0|1.0|INDIVIDUAL|VARIABLE|P0292133004|1|0|1.0|INDIVIDUAL|VARIABLE|P0292133004|1|0|1.0|INDIVIDUAL|VARIABLE|P0292133004|1|0|1.0|INDIVIDUAL|VARIABLE|P0292133004|1|0|1.0|INDIVIDUAL|VARIABLE|P0292133004|1|0|1.0|INDIVIDUAL|VARIABLE|P0292133004|1|0|1.0|INDIVIDUAL|VARIABLE|P0292133004|1|0|1.0|INDIVIDUAL|VARIABLE|P0292133004|1|0|1.0|INDIVIDUAL|VARIABLE|P0292133004|1|0|1.0|INDIVIDUAL|VARIABLE|P0292133004|1|0|1.0|INDIVIDUAL|VARIABLE|P0292133004|1|0|1.0|INDIVIDUAL|VARIABLE|P0292133004|1|0|1.0|INDIVIDUAL|VARIABLE|P0292133004|1|0|1.0|INDIVIDUAL|VARIABLE|P0292133004|1|0|1.0|INDIVIDUAL|VARIABLE|P0292133004|1|0|1.0|INDIVIDUAL|VARIABLE|P0292133004|1|0|1.0|INDIVIDUAL|VARIABLE|P0292133004|1|0|1.0|INDIVIDUAL|VARIABLE|P0292133004|1|0|1.0|INDIVIDUAL|VARIABLE|P0292133004|1|0|1.0|INDIVIDUAL|VARIABLE|P0292133004|1|0|1.0|INDIVIDUAL|VARIABLE|P0292133004|1|0|1.0
563,INDIVIDUAL|VARIABLE|P0067057006|1|0|1.0|INDIVIDUAL|VARIABLE|P0067057006|1|0|1.0|INDIVIDUAL|VARIABLE|P0067057006|1|0|1.0|INDIVIDUAL|VARIABLE|P0067057006|1|0|1.0|INDIVIDUAL|VARIABLE|P0067057006|1|0|1.0|INDIVIDUAL|VARIABLE|P0067057006|1|0|1.0|INDIVIDUAL|VARIABLE|P0067057006|1|0|1.0|INDIVIDUAL|VARIABLE|P0067057006|1|0|1.0|INDIVIDUAL|VARIABLE|P0067057006|1|0|1.0|INDIVIDUAL|VARIABLE|P0067057006|1|0|1.0|INDIVIDUAL|VARIABLE|P0067057006|1|0|1.0|INDIVIDUAL|VARIABLE|P0067057006|1|0|1.0|INDIVIDUAL|VARIABLE|P0067057006|1|0|1.0|INDIVIDUAL|VARIABLE|P0067057006|1|0|1.0|INDIVIDUAL|VARIABLE|P0067057006|1|0|1.0|INDIVIDUAL|VARIABLE|P0067057006|1|0|1.0|INDIVIDUAL|VARIABLE|P0067057006|1|0|1.0|INDIVIDUAL|VARIABLE|P0067057006|1|0|1.0|INDIVIDUAL|VARIABLE|P0067057006|1|0|1.0|INDIVIDUAL|VARIABLE|P0067057006|1|0|1.0|INDIVIDUAL|VARIABLE|P0067057006|1|0|1.0|INDIVIDUAL|VARIABLE|P0067057006|1|0|1.0|INDIVIDUAL|VARIABLE|P0067057006|1|0|1.0|INDIVIDUAL|VARIABLE|P0067057006|1|0|1.0|INDIVIDUAL|VARIABLE|P0067057006|1|0|1.0|INDIVIDUAL|VARIABLE|P0067057006|1|0|1.0|INDIVIDUAL|VARIABLE|P0067057006|1|0|1.0|INDIVIDUAL|VARIABLE|P0067057006|1|0|1.0|INDIVIDUAL|VARIABLE|P0067057006|1|0|1.0|INDIVIDUAL|VARIABLE|P0067057006|1|0|1.0|INDIVIDUAL|VARIABLE|P0067057006|1|0|1.0|INDIVIDUAL|VARIABLE|P0067057006|1|0|1.0|INDIVIDUAL|VARIABLE|P0067057006|1|0|1.0|INDIVIDUAL|VARIABLE|P0067057006|1|0|1.0|INDIVIDUAL|VARIABLE|P0067057006|1|0|1.0|INDIVIDUAL|VARIABLE|P0067057006|1|0|1.0|INDIVIDUAL|VARIABLE|P0067057006|1|0|1.0|INDIVIDUAL|VARIABLE|P0067057006|1|0|1.0|INDIVIDUAL|VARIABLE|P0067057006|1|0|1.0|INDIVIDUAL|VARIABLE|P0067057006|1|0|1.0|INDIVIDUAL|VARIABLE|P0067057006|1|0|1.0|INDIVIDUAL|VARIABLE|P0067057006|1|0|1.0|INDIVIDUAL|VARIABLE|P0067057006|1|0|1.0|INDIVIDUAL|VARIABLE|P0067057006|1|0|1.0|INDIVIDUAL|VARIABLE|P0067057006|1|0|1.0|INDIVIDUAL|VARIABLE|P0067057006|1|0|1.0|INDIVIDUAL|VARIABLE|P0067057006|1|0|1.0|INDIVIDUAL|VARIABLE|P0067057006|1|0|1.0|INDIVIDUAL|VARIABLE|P0067057006|1|0|1.0|INDIVIDUAL|VARIABLE|P0067057006|1|0|1.0|INDIVIDUAL|VARIABLE|P0067057006|1|0|1.0|INDIVIDUAL|VARIABLE|P0067057006|1|0|1.0|INDIVIDUAL|VARIABLE|P0067057006|1|0|1.0|INDIVIDUAL|VARIABLE|P0067057006|1|0|1.0|INDIVIDUAL|VARIABLE|P0067057006|1|0|1.0|INDIVIDUAL|VARIABLE|P0067057006|1|0|1.0|INDIVIDUAL|VARIABLE|P0067057006|1|0|1.0|INDIVIDUAL|VARIABLE|P0067057006|1|0|1.0|INDIVIDUAL|VARIABLE|P0067057006|1|0|1.0|INDIVIDUAL|VARIABLE|P0067057006|1|0|1.0|INDIVIDUAL|VARIABLE|P0067057006|1|0|1.0|INDIVIDUAL|VARIABLE|P0067057006|1|0|1.0|INDIVIDUAL|VARIABLE|P0067057006|1|0|1.0|INDIVIDUAL|VARIABLE|P0067057006|1|0|1.0|INDIVIDUAL|VARIABLE|P0067057006|1|0|1.0|INDIVIDUAL|VARIABLE|P0067057006|1|0|1.0|INDIVIDUAL|VARIABLE|P0067057006|1|0|1.0|INDIVIDUAL|VARIABLE|P0067057006|1|0|1.0|INDIVIDUAL|VARIABLE|P0067057006|1|0|1.0|INDIVIDUAL|VARIABLE|P0067057006|1|0|1.0|INDIVIDUAL|VARIABLE|P0067057006|1|0|1.0|INDIVIDUAL|VARIABLE|P0067057006|1|0|1.0|INDIVIDUAL|VARIABLE|P0067057006|1|0|1.0|INDIVIDUAL|VARIABLE|P0067057006|1|0|1.0|INDIVIDUAL|VARIABLE|P0067057006|1|0|1.0|INDIVIDUAL|VARIABLE|P0067057006|1|0|1.0|INDIVIDUAL|VARIABLE|P0067057006|1|0|1.0|INDIVIDUAL|VARIABLE|P0067057006|1|0|1.0|INDIVIDUAL|VARIABLE|P0067057006|1|0|1.0|INDIVIDUAL|VARIABLE|P0067057006|1|0|1.0|INDIVIDUAL|VARIABLE|P0067057006|1|0|1.0|INDIVIDUAL|VARIABLE|P0067057006|1|0|1.0|INDIVIDUAL|VARIABLE|P0067057006|1|0|1.0|INDIVIDUAL|VARIABLE|P0067057006|1|0|1.0|INDIVIDUAL|VARIABLE|P0067057006|1|0|1.0|INDIVIDUAL|VARIABLE|P0067057006|1|0|1.0|INDIVIDUAL|VARIABLE|P0067057006|1|0|1.0|INDIVIDUAL|VARIABLE|P0067057006|1|0|1.0|INDIVIDUAL|VARIABLE|P0067057006|1|0|1.0|INDIVIDUAL|VARIABLE|P0067057006|1|0|1.0|INDIVIDUAL|VARIABLE|P0067057006|1|0|1.0|INDIVIDUAL|VARIABLE|P0067057006|1|0|1.0|INDIVIDUAL|VARIABLE|P0067057006|1|0|1.0|INDIVIDUAL|VARIABLE|P0067057006|1|0|1.0|INDIVIDUAL|VARIABLE|P0067057006|1|0|1.0|INDIVIDUAL|VARIABLE|P0067057006|1|0|1.0|INDIVIDUAL|VARIABLE|P0067057006|1|0|1.0|INDIVIDUAL|VARIABLE|P0067057006|1|0|1.0|INDIVIDUAL|VARIABLE|P0067057006|1|0|1.0|INDIVIDUAL|VARIABLE|P0067057006|1|0|1.0|INDIVIDUAL|VARIABLE|P0067057006|1|0|1.0|INDIVIDUAL|VARIABLE|P0067057006|1|0|1.0|INDIVIDUAL|VARIABLE|P0067057006|1|0|1.0|INDIVIDUAL|VARIABLE|P0067057006|1|0|1.0|INDIVIDUAL|VARIABLE|P0067057006|1|0|1.0|INDIVIDUAL|VARIABLE|P0067057006|1|0|1.0|INDIVIDUAL|VARIABLE|P0067057006|1|0|1.0|INDIVIDUAL|VARIABLE|P0067057006|1|0|1.0|INDIVIDUAL|VARIABLE|P0067057006|1|0|1.0|INDIVIDUAL|VARIABLE|P0067057006|1|0|1.0|INDIVIDUAL|VARIABLE|P0067057006|1|0|1.0|INDIVIDUAL|VARIABLE|P0067057006|1|0|1.0|INDIVIDUAL|VARIABLE|P0067057006|1|0|1.0|INDIVIDUAL|VARIABLE|P0067057006|1|0|1.0|INDIVIDUAL|VARIABLE|P0067057006|1|0|1.0|INDIVIDUAL|VARIABLE|P0067057006|1|0|1.0|INDIVIDUAL|VARIABLE|P0067057006|1|0|1.0|INDIVIDUAL|VARIABLE|P0067057006|1|0|1.0|INDIVIDUAL|VARIABLE|P0067057006|1|0|1.0|INDIVIDUAL|VARIABLE|P0067057006|1|0|1.0
564,INDIVIDUAL|VARIABLE|P0067058007|1|0|1.0|INDIVIDUAL|VARIABLE|P0067058007|1|0|1.0|INDIVIDUAL|VARIABLE|P0067058007|1|0|1.0|INDIVIDUAL|VARIABLE|P0067058007|1|0|1.0|INDIVIDUAL|VARIABLE|P0067058007|1|0|1.0|INDIVIDUAL|VARIABLE|P0067058007|1|0|1.0|INDIVIDUAL|VARIABLE|P0067058007|1|0|1.0|INDIVIDUAL|VARIABLE|P0067058007|1|0|1.0|INDIVIDUAL|VARIABLE|P0067058007|1|0|1.0|INDIVIDUAL|VARIABLE|P0067058007|1|0|1.0|INDIVIDUAL|VARIABLE|P0067058007|1|0|1.0|INDIVIDUAL|VARIABLE|P0067058007|1|0|1.0|INDIVIDUAL|VARIABLE|P0067058007|1|0|1.0|INDIVIDUAL|VARIABLE|P0067058007|1|0|1.0|INDIVIDUAL|VARIABLE|P0067058007|1|0|1.0|INDIVIDUAL|VARIABLE|P0067058007|1|0|1.0|INDIVIDUAL|VARIABLE|P0067058007|1|0|1.0|INDIVIDUAL|VARIABLE|P0067058007|1|0|1.0|INDIVIDUAL|VARIABLE|P0067058007|1|0|1.0|INDIVIDUAL|VARIABLE|P0067058007|1|0|1.0|INDIVIDUAL|VARIABLE|P0067058007|1|0|1.0|INDIVIDUAL|VARIABLE|P0067058007|1|0|1.0|INDIVIDUAL|VARIABLE|P0067058007|1|0|1.0|INDIVIDUAL|VARIABLE|P0067058007|1|0|1.0|INDIVIDUAL|VARIABLE|P0067058007|1|0|1.0|INDIVIDUAL|VARIABLE|P0067058007|1|0|1.0|INDIVIDUAL|VARIABLE|P0067058007|1|0|1.0|INDIVIDUAL|VARIABLE|P0067058007|1|0|1.0|INDIVIDUAL|VARIABLE|P0067058007|1|0|1.0|INDIVIDUAL|VARIABLE|P0067058007|1|0|1.0|INDIVIDUAL|VARIABLE|P0067058007|1|0|1.0|INDIVIDUAL|VARIABLE|P0067058007|1|0|1.0|INDIVIDUAL|VARIABLE|P0067058007|1|0|1.0|INDIVIDUAL|VARIABLE|P0067058007|1|0|1.0|INDIVIDUAL|VARIABLE|P0067058007|1|0|1.0|INDIVIDUAL|VARIABLE|P0067058007|1|0|1.0|INDIVIDUAL|VARIABLE|P0067058007|1|0|1.0|INDIVIDUAL|VARIABLE|P0067058007|1|0|1.0|INDIVIDUAL|VARIABLE|P0067058007|1|0|1.0|INDIVIDUAL|VARIABLE|P0067058007|1|0|1.0
565,INDIVIDUAL|VARIABLE|P0292060001|1|0|1.0|INDIVIDUAL|VARIABLE|P0292060001|1|0|1.0|INDIVIDUAL|VARIABLE|P0292060001|1|0|1.0|INDIVIDUAL|VARIABLE|P0292060001|1|0|1.0|INDIVIDUAL|VARIABLE|P0292060001|1|0|1.0|INDIVIDUAL|VARIABLE|P0292060001|1|0|1.0|INDIVIDUAL|VARIABLE|P0292060001|1|0|1.0|INDIVIDUAL|VARIABLE|P0292060001|1|0|1.0|INDIVIDUAL|VARIABLE|P0292060001|1|0|1.0|INDIVIDUAL|VARIABLE|P0292060001|1|0|1.0|INDIVIDUAL|VARIABLE|P0292060001|1|0|1.0|INDIVIDUAL|VARIABLE|P0292060001|1|0|1.0|INDIVIDUAL|VARIABLE|P0292060001|1|0|1.0|INDIVIDUAL|VARIABLE|P0292060001|1|0|1.0|INDIVIDUAL|VARIABLE|P0292060001|1|0|1.0|INDIVIDUAL|VARIABLE|P0292060001|1|0|1.0|INDIVIDUAL|VARIABLE|P0292060001|1|0|1.0|INDIVIDUAL|VARIABLE|P0292060001|1|0|1.0|INDIVIDUAL|VARIABLE|P0292060001|1|0|1.0|INDIVIDUAL|VARIABLE|P0292060001|1|0|1.0|INDIVIDUAL|VARIABLE|P0292060001|1|0|1.0|INDIVIDUAL|VARIABLE|P0292060001|1|0|1.0|INDIVIDUAL|VARIABLE|P0292060001|1|0|1.0|INDIVIDUAL|VARIABLE|P0292060001|1|0|1.0|INDIVIDUAL|VARIABLE|P0292060001|1|0|1.0|INDIVIDUAL|VARIABLE|P0292060001|1|0|1.0|INDIVIDUAL|VARIABLE|P0292060001|1|0|1.0|INDIVIDUAL|VARIABLE|P0292060001|1|0|1.0|INDIVIDUAL|VARIABLE|P0292060001|1|0|1.0|INDIVIDUAL|VARIABLE|P0292060001|1|0|1.0|INDIVIDUAL|VARIABLE|P0292060001|1|0|1.0|INDIVIDUAL|VARIABLE|P0292060001|1|0|1.0|INDIVIDUAL|VARIABLE|P0292060001|1|0|1.0|INDIVIDUAL|VARIABLE|P0292060001|1|0|1.0|INDIVIDUAL|VARIABLE|P0292060001|1|0|1.0|INDIVIDUAL|VARIABLE|P0292060001|1|0|1.0|INDIVIDUAL|VARIABLE|P0292060001|1|0|1.0|INDIVIDUAL|VARIABLE|P0292060001|1|0|1.0|INDIVIDUAL|VARIABLE|P0292060001|1|0|1.0|INDIVIDUAL|VARIABLE|P0292060001|1|0|1.0|INDIVIDUAL|VARIABLE|P0292060001|1|0|1.0|INDIVIDUAL|VARIABLE|P0292060001|1|0|1.0|INDIVIDUAL|VARIABLE|P0292060001|1|0|1.0|INDIVIDUAL|VARIABLE|P0292060001|1|0|1.0|INDIVIDUAL|VARIABLE|P0292060001|1|0|1.0|INDIVIDUAL|VARIABLE|P0292060001|1|0|1.0|INDIVIDUAL|VARIABLE|P0292060001|1|0|1.0|INDIVIDUAL|VARIABLE|P0292060001|1|0|1.0|INDIVIDUAL|VARIABLE|P0292060001|1|0|1.0|INDIVIDUAL|VARIABLE|P0292060001|1|0|1.0|INDIVIDUAL|VARIABLE|P0292060001|1|0|1.0|INDIVIDUAL|VARIABLE|P0292060001|1|0|1.0|INDIVIDUAL|VARIABLE|P0292060001|1|0|1.0|INDIVIDUAL|VARIABLE|P0292060001|1|0|1.0|INDIVIDUAL|VARIABLE|P0292060001|1|0|1.0|INDIVIDUAL|VARIABLE|P0292060001|1|0|1.0|INDIVIDUAL|VARIABLE|P0292060001|1|0|1.0|INDIVIDUAL|VARIABLE|P0292060001|1|0|1.0|INDIVIDUAL|VARIABLE|P0292060001|1|0|1.0|INDIVIDUAL|VARIABLE|P0292060001|1|0|1.0
566,INDIVIDUAL|VARIABLE|P0292092008|1|0|1.0|INDIVIDUAL|VARIABLE|P0292092008|1|0|1.0|INDIVIDUAL|VARIABLE|P0292092008|1|0|1.0|INDIVIDUAL|VARIABLE|P0292092008|1|0|1.0|INDIVIDUAL|VARIABLE|P0292092008|1|0|1.0|INDIVIDUAL|VARIABLE|P0292092008|1|0|1.0|INDIVIDUAL|VARIABLE|P0292092008|1|0|1.0|INDIVIDUAL|VARIABLE|P0292092008|1|0|1.0|INDIVIDUAL|VARIABLE|P0292092008|1|0|1.0|INDIVIDUAL|VARIABLE|P0292092008|1|0|1.0|INDIVIDUAL|VARIABLE|P0292092008|1|0|1.0|INDIVIDUAL|VARIABLE|P0292092008|1|0|1.0|INDIVIDUAL|VARIABLE|P0292092008|1|0|1.0|INDIVIDUAL|VARIABLE|P0292092008|1|0|1.0|INDIVIDUAL|VARIABLE|P0292092008|1|0|1.0|INDIVIDUAL|VARIABLE|P0292092008|1|0|1.0|INDIVIDUAL|VARIABLE|P0292092008|1|0|1.0|INDIVIDUAL|VARIABLE|P0292092008|1|0|1.0|INDIVIDUAL|VARIABLE|P0292092008|1|0|1.0|INDIVIDUAL|VARIABLE|P0292092008|1|0|1.0|INDIVIDUAL|VARIABLE|P0292092008|1|0|1.0|INDIVIDUAL|VARIABLE|P0292092008|1|0|1.0|INDIVIDUAL|VARIABLE|P0292092008|1|0|1.0|INDIVIDUAL|VARIABLE|P0292092008|1|0|1.0
567,INDIVIDUAL|VARIABLE|P0292139009|1|0|1.0|INDIVIDUAL|VARIABLE|P0292139009|1|0|1.0|INDIVIDUAL|VARIABLE|P0292139009|1|0|1.0|INDIVIDUAL|VARIABLE|P0292139009|1|0|1.0|INDIVIDUAL|VARIABLE|P0292139009|1|0|1.0|INDIVIDUAL|VARIABLE|P0292139009|1|0|1.0|INDIVIDUAL|VARIABLE|P0292139009|1|0|1.0|INDIVIDUAL|VARIABLE|P0292139009|1|0|1.0|INDIVIDUAL|VARIABLE|P0292139009|1|0|1.0|INDIVIDUAL|VARIABLE|P0292139009|1|0|1.0|INDIVIDUAL|VARIABLE|P0292139009|1|0|1.0|INDIVIDUAL|VARIABLE|P0292139009|1|0|1.0|INDIVIDUAL|VARIABLE|P0292139009|1|0|1.0|INDIVIDUAL|VARIABLE|P0292139009|1|0|1.0|INDIVIDUAL|VARIABLE|P0292139009|1|0|1.0|INDIVIDUAL|VARIABLE|P0292139009|1|0|1.0|INDIVIDUAL|VARIABLE|P0292139009|1|0|1.0|INDIVIDUAL|VARIABLE|P0292139009|1|0|1.0|INDIVIDUAL|VARIABLE|P0292139009|1|0|1.0|INDIVIDUAL|VARIABLE|P0292139009|1|0|1.0|INDIVIDUAL|VARIABLE|P0292139009|1|0|1.0|INDIVIDUAL|VARIABLE|P0292139009|1|0|1.0|INDIVIDUAL|VARIABLE|P0292139009|1|0|1.0|INDIVIDUAL|VARIABLE|P0292139009|1|0|1.0|INDIVIDUAL|VARIABLE|P0292139009|1|0|1.0|INDIVIDUAL|VARIABLE|P0292139009|1|0|1.0|INDIVIDUAL|VARIABLE|P0292139009|1|0|1.0|INDIVIDUAL|VARIABLE|P0292139009|1|0|1.0|INDIVIDUAL|VARIABLE|P0292139009|1|0|1.0|INDIVIDUAL|VARIABLE|P0292139009|1|0|1.0|INDIVIDUAL|VARIABLE|P0292139009|1|0|1.0|INDIVIDUAL|VARIABLE|P0292139009|1|0|1.0|INDIVIDUAL|VARIABLE|P0292139009|1|0|1.0|INDIVIDUAL|VARIABLE|P0292139009|1|0|1.0|INDIVIDUAL|VARIABLE|P0292139009|1|0|1.0|INDIVIDUAL|VARIABLE|P0292139009|1|0|1.0|INDIVIDUAL|VARIABLE|P0292139009|1|0|1.0|INDIVIDUAL|VARIABLE|P0292139009|1|0|1.0|INDIVIDUAL|VARIABLE|P0292139009|1|0|1.0|INDIVIDUAL|VARIABLE|P0292139009|1|0|1.0|INDIVIDUAL|VARIABLE|P0292139009|1|0|1.0|INDIVIDUAL|VARIABLE|P0292139009|1|0|1.0|INDIVIDUAL|VARIABLE|P0292139009|1|0|1.0|INDIVIDUAL|VARIABLE|P0292139009|1|0|1.0|INDIVIDUAL|VARIABLE|P0292139009|1|0|1.0|INDIVIDUAL|VARIABLE|P0292139009|1|0|1.0|INDIVIDUAL|VARIABLE|P0292139009|1|0|1.0|INDIVIDUAL|VARIABLE|P0292139009|1|0|1.0|INDIVIDUAL|VARIABLE|P0292139009|1|0|1.0|INDIVIDUAL|VARIABLE|P0292139009|1|0|1.0|INDIVIDUAL|VARIABLE|P0292139009|1|0|1.0|INDIVIDUAL|VARIABLE|P0292139009|1|0|1.0|INDIVIDUAL|VARIABLE|P0292139009|1|0|1.0|INDIVIDUAL|VARIABLE|P0292139009|1|0|1.0|INDIVIDUAL|VARIABLE|P0292139009|1|0|1.0|INDIVIDUAL|VARIABLE|P0292139009|1|0|1.0|INDIVIDUAL|VARIABLE|P0292139009|1|0|1.0|INDIVIDUAL|VARIABLE|P0292139009|1|0|1.0|INDIVIDUAL|VARIABLE|P0292139009|1|0|1.0|INDIVIDUAL|VARIABLE|P0292139009|1|0|1.0|INDIVIDUAL|VARIABLE|P0292139009|1|0|1.0|INDIVIDUAL|VARIABLE|P0292139009|1|0|1.0|INDIVIDUAL|VARIABLE|P0292139009|1|0|1.0|INDIVIDUAL|VARIABLE|P0292139009|1|0|1.0|INDIVIDUAL|VARIABLE|P0292139009|1|0|1.0|INDIVIDUAL|VARIABLE|P0292139009|1|0|1.0|INDIVIDUAL|VARIABLE|P0292139009|1|0|1.0|INDIVIDUAL|VARIABLE|P0292139009|1|0|1.0|INDIVIDUAL|VARIABLE|P0292139009|1|0|1.0|INDIVIDUAL|VARIABLE|P0292139009|1|0|1.0|INDIVIDUAL|VARIABLE|P0292139009|1|0|1.0|INDIVIDUAL|VARIABLE|P0292139009|1|0|1.0|INDIVIDUAL|VARIABLE|P0292139009|1|0|1.0|INDIVIDUAL|VARIABLE|P0292139009|1|0|1.0|INDIVIDUAL|VARIABLE|P0292139009|1|0|1.0|INDIVIDUAL|VARIABLE|P0292139009|1|0|1.0|INDIVIDUAL|VARIABLE|P0292139009|1|0|1.0|INDIVIDUAL|VARIABLE|P0292139009|1|0|1.0|INDIVIDUAL|VARIABLE|P0292139009|1|0|1.0|INDIVIDUAL|VARIABLE|P0292139009|1|0|1.0|INDIVIDUAL|VARIABLE|P0292139009|1|0|1.0|INDIVIDUAL|VARIABLE|P0292139009|1|0|1.0|INDIVIDUAL|VARIABLE|P0292139009|1|0|1.0|INDIVIDUAL|VARIABLE|P0292139009|1|0|1.0|INDIVIDUAL|VARIABLE|P0292139009|1|0|1.0|INDIVIDUAL|VARIABLE|P0292139009|1|0|1.0|INDIVIDUAL|VARIABLE|P0292139009|1|0|1.0|INDIVIDUAL|VARIABLE|P0292139009|1|0|1.0|INDIVIDUAL|VARIABLE|P0292139009|1|0|1.0|INDIVIDUAL|VARIABLE|P0292139009|1|0|1.0|INDIVIDUAL|VARIABLE|P0292139009|1|0|1.0|INDIVIDUAL|VARIABLE|P0292139009|1|0|1.0|INDIVIDUAL|VARIABLE|P0292139009|1|0|1.0|INDIVIDUAL|VARIABLE|P0292139009|1|0|1.0|INDIVIDUAL|VARIABLE|P0292139009|1|0|1.0|INDIVIDUAL|VARIABLE|P0292139009|1|0|1.0|INDIVIDUAL|VARIABLE|P0292139009|1|0|1.0|INDIVIDUAL|VARIABLE|P0292139009|1|0|1.0|INDIVIDUAL|VARIABLE|P0292139009|1|0|1.0|INDIVIDUAL|VARIABLE|P0292139009|1|0|1.0|INDIVIDUAL|VARIABLE|P0292139009|1|0|1.0|INDIVIDUAL|VARIABLE|P0292139009|1|0|1.0|INDIVIDUAL|VARIABLE|P0292139009|1|0|1.0|INDIVIDUAL|VARIABLE|P0292139009|1|0|1.0|INDIVIDUAL|VARIABLE|P0292139009|1|0|1.0|INDIVIDUAL|VARIABLE|P0292139009|1|0|1.0|INDIVIDUAL|VARIABLE|P0292139009|1|0|1.0|INDIVIDUAL|VARIABLE|P0292139009|1|0|1.0|INDIVIDUAL|VARIABLE|P0292139009|1|0|1.0|INDIVIDUAL|VARIABLE|P0292139009|1|0|1.0|INDIVIDUAL|VARIABLE|P0292139009|1|0|1.0|INDIVIDUAL|VARIABLE|P0292139009|1|0|1.0|INDIVIDUAL|VARIABLE|P0292139009|1|0|1.0|INDIVIDUAL|VARIABLE|P0292139009|1|0|1.0|INDIVIDUAL|VARIABLE|P0292139009|1|0|1.0|INDIVIDUAL|VARIABLE|P0292139009|1|0|1.0|INDIVIDUAL|VARIABLE|P0292139009|1|0|1.0|INDIVIDUAL|VARIABLE|P0292139009|1|0|1.0|INDIVIDUAL|VARIABLE|P0292139009|1|0|1.0|INDIVIDUAL|VARIABLE|P0292139009|1|0|1.0|INDIVIDUAL|VARIABLE|P0292139009|1|0|1.0|INDIVIDUAL|VARIABLE|P0292139009|1|0|1.0|INDIVIDUAL|VARIABLE|P0292139009|1|0|1.0|INDIVIDUAL|VARIABLE|P0292139009|1|0|1.0|INDIVIDUAL|VARIABLE|P0292139009|1|0|1.0|INDIVIDUAL|VARIABLE|P0292139009|1|0|1.0|INDIVIDUAL|VARIABLE|P0292139009|1|0|1.0|INDIVIDUAL|VARIABLE|P0292139009|1|0|1.0|INDIVIDUAL|VARIABLE|P0292139009|1|0|1.0|INDIVIDUAL|VARIABLE|P0292139009|1|0|1.0|INDIVIDUAL|VARIABLE|P0292139009|1|0|1.0|INDIVIDUAL|VARIABLE|P0292139009|1|0|1.0|INDIVIDUAL|VARIABLE|P0292139009|1|0|1.0|INDIVIDUAL|VARIABLE|P0292139009|1|0|1.0|INDIVIDUAL|VARIABLE|P0292139009|1|0|1.0|INDIVIDUAL|VARIABLE|P0292139009|1|0|1.0|INDIVIDUAL|VARIABLE|P0292139009|1|0|1.0|INDIVIDUAL|VARIABLE|P0292139009|1|0|1.0|INDIVIDUAL|VARIABLE|P0292139009|1|0|1.0|INDIVIDUAL|VARIABLE|P0292139009|1|0|1.0|INDIVIDUAL|VARIABLE|P0292139009|1|0|1.0|INDIVIDUAL|VARIABLE|P0292139009|1|0|1.0|INDIVIDUAL|VARIABLE|P0292139009|1|0|1.0|INDIVIDUAL|VARIABLE|P0292139009|1|0|1.0|INDIVIDUAL|VARIABLE|P0292139009|1|0|1.0|INDIVIDUAL|VARIABLE|P0292139009|1|0|1.0|INDIVIDUAL|VARIABLE|P0292139009|1|0|1.0|INDIVIDUAL|VARIABLE|P0292139009|1|0|1.0|INDIVIDUAL|VARIABLE|P0292139009|1|0|1.0|INDIVIDUAL|VARIABLE|P0292139009|1|0|1.0|INDIVIDUAL|VARIABLE|P0292139009|1|0|1.0|INDIVIDUAL|VARIABLE|P0292139009|1|0|1.0|INDIVIDUAL|VARIABLE|P0292139009|1|0|1.0|INDIVIDUAL|VARIABLE|P0292139009|1|0|1.0|INDIVIDUAL|VARIABLE|P0292139009|1|0|1.0|INDIVIDUAL|VARIABLE|P0292139009|1|0|1.0|INDIVIDUAL|VARIABLE|P0292139009|1|0|1.0|INDIVIDUAL|VARIABLE|P0292139009|1|0|1.0|INDIVIDUAL|VARIABLE|P0292139009|1|0|1.0|INDIVIDUAL|VARIABLE|P0292139009|1|0|1.0|INDIVIDUAL|VARIABLE|P0292139009|1|0|1.0|INDIVIDUAL|VARIABLE|P0292139009|1|0|1.0|INDIVIDUAL|VARIABLE|P0292139009|1|0|1.0|INDIVIDUAL|VARIABLE|P0292139009|1|0|1.0|INDIVIDUAL|VARIABLE|P0292139009|1|0|1.0|INDIVIDUAL|VARIABLE|P0292139009|1|0|1.0|INDIVIDUAL|VARIABLE|P0292139009|1|0|1.0|INDIVIDUAL|VARIABLE|P0292139009|1|0|1.0|INDIVIDUAL|VARIABLE|P0292139009|1|0|1.0|INDIVIDUAL|VARIABLE|P0292139009|1|0|1.0|INDIVIDUAL|VARIABLE|P0292139009|1|0|1.0|INDIVIDUAL|VARIABLE|P0292139009|1|0|1.0|INDIVIDUAL|VARIABLE|P0292139009|1|0|1.0|INDIVIDUAL|VARIABLE|P0292139009|1|0|1.0|INDIVIDUAL|VARIABLE|P0292139009|1|0|1.0|INDIVIDUAL|VARIABLE|P0292139009|1|0|1.0|INDIVIDUAL|VARIABLE|P0292139009|1|0|1.0|INDIVIDUAL|VARIABLE|P0292139009|1|0|1.0|INDIVIDUAL|VARIABLE|P0292139009|1|0|1.0|INDIVIDUAL|VARIABLE|P0292139009|1|0|1.0|INDIVIDUAL|VARIABLE|P0292139009|1|0|1.0|INDIVIDUAL|VARIABLE|P0292139009|1|0|1.0|INDIVIDUAL|VARIABLE|P0292139009|1|0|1.0|INDIVIDUAL|VARIABLE|P0292139009|1|0|1.0|INDIVIDUAL|VARIABLE|P0292139009|1|0|1.0|INDIVIDUAL|VARIABLE|P0292139009|1|0|1.0|INDIVIDUAL|VARIABLE|P0292139009|1|0|1.0|INDIVIDUAL|VARIABLE|P0292139009|1|0|1.0|INDIVIDUAL|VARIABLE|P0292139009|1|0|1.0|INDIVIDUAL|VARIABLE|P0292139009|1|0|1.0
568,INDIVIDUAL|VARIABLE|P0067055006|1|0|1.0|INDIVIDUAL|VARIABLE|P0067055006|1|0|1.0|INDIVIDUAL|VARIABLE|P0067055006|1|0|1.0|INDIVIDUAL|VARIABLE|P0067055006|1|0|1.0|INDIVIDUAL|VARIABLE|P0067055006|1|0|1.0|INDIVIDUAL|VARIABLE|P0067055006|1|0|1.0|INDIVIDUAL|VARIABLE|P0067055006|1|0|1.0|INDIVIDUAL|VARIABLE|P0067055006|1|0|1.0|INDIVIDUAL|VARIABLE|P0067055006|1|0|1.0|INDIVIDUAL|VARIABLE|P0067055006|1|0|1.0|INDIVIDUAL|VARIABLE|P0067055006|1|0|1.0|INDIVIDUAL|VARIABLE|P0067055006|1|0|1.0|INDIVIDUAL|VARIABLE|P0067055006|1|0|1.0|INDIVIDUAL|VARIABLE|P0067055006|1|0|1.0|INDIVIDUAL|VARIABLE|P0067055006|1|0|1.0|INDIVIDUAL|VARIABLE|P0067055006|1|0|1.0|INDIVIDUAL|VARIABLE|P0067055006|1|0|1.0|INDIVIDUAL|VARIABLE|P0067055006|1|0|1.0|INDIVIDUAL|VARIABLE|P0067055006|1|0|1.0|INDIVIDUAL|VARIABLE|P0067055006|1|0|1.0|INDIVIDUAL|VARIABLE|P0067055006|1|0|1.0|INDIVIDUAL|VARIABLE|P0067055006|1|0|1.0|INDIVIDUAL|VARIABLE|P0067055006|1|0|1.0|INDIVIDUAL|VARIABLE|P0067055006|1|0|1.0|INDIVIDUAL|VARIABLE|P0067055006|1|0|1.0|INDIVIDUAL|VARIABLE|P0067055006|1|0|1.0|INDIVIDUAL|VARIABLE|P0067055006|1|0|1.0|INDIVIDUAL|VARIABLE|P0067055006|1|0|1.0|INDIVIDUAL|VARIABLE|P0067055006|1|0|1.0|INDIVIDUAL|VARIABLE|P0067055006|1|0|1.0|INDIVIDUAL|VARIABLE|P0067055006|1|0|1.0|INDIVIDUAL|VARIABLE|P0067055006|1|0|1.0|INDIVIDUAL|VARIABLE|P0067055006|1|0|1.0|INDIVIDUAL|VARIABLE|P0067055006|1|0|1.0|INDIVIDUAL|VARIABLE|P0067055006|1|0|1.0|INDIVIDUAL|VARIABLE|P0067055006|1|0|1.0|INDIVIDUAL|VARIABLE|P0067055006|1|0|1.0|INDIVIDUAL|VARIABLE|P0067055006|1|0|1.0|INDIVIDUAL|VARIABLE|P0067055006|1|0|1.0|INDIVIDUAL|VARIABLE|P0067055006|1|0|1.0|INDIVIDUAL|VARIABLE|P0067055006|1|0|1.0|INDIVIDUAL|VARIABLE|P0067055006|1|0|1.0|INDIVIDUAL|VARIABLE|P0067055006|1|0|1.0|INDIVIDUAL|VARIABLE|P0067055006|1|0|1.0|INDIVIDUAL|VARIABLE|P0067055006|1|0|1.0|INDIVIDUAL|VARIABLE|P0067055006|1|0|1.0|INDIVIDUAL|VARIABLE|P0067055006|1|0|1.0|INDIVIDUAL|VARIABLE|P0067055006|1|0|1.0|INDIVIDUAL|VARIABLE|P0067055006|1|0|1.0|INDIVIDUAL|VARIABLE|P0067055006|1|0|1.0|INDIVIDUAL|VARIABLE|P0067055006|1|0|1.0|INDIVIDUAL|VARIABLE|P0067055006|1|0|1.0|INDIVIDUAL|VARIABLE|P0067055006|1|0|1.0|INDIVIDUAL|VARIABLE|P0067055006|1|0|1.0|INDIVIDUAL|VARIABLE|P0067055006|1|0|1.0|INDIVIDUAL|VARIABLE|P0067055006|1|0|1.0|INDIVIDUAL|VARIABLE|P0067055006|1|0|1.0|INDIVIDUAL|VARIABLE|P0067055006|1|0|1.0|INDIVIDUAL|VARIABLE|P0067055006|1|0|1.0|INDIVIDUAL|VARIABLE|P0067055006|1|0|1.0|INDIVIDUAL|VARIABLE|P0067055006|1|0|1.0|INDIVIDUAL|VARIABLE|P0067055006|1|0|1.0|INDIVIDUAL|VARIABLE|P0067055006|1|0|1.0|INDIVIDUAL|VARIABLE|P0067055006|1|0|1.0|INDIVIDUAL|VARIABLE|P0067055006|1|0|1.0|INDIVIDUAL|VARIABLE|P0067055006|1|0|1.0|INDIVIDUAL|VARIABLE|P0067055006|1|0|1.0|INDIVIDUAL|VARIABLE|P0067055006|1|0|1.0|INDIVIDUAL|VARIABLE|P0067055006|1|0|1.0|INDIVIDUAL|VARIABLE|P0067055006|1|0|1.0
569,INDIVIDUAL|VARIABLE|P0067080000|1|0|1.0|INDIVIDUAL|VARIABLE|P0067080000|1|0|1.0|INDIVIDUAL|VARIABLE|P0067080000|1|0|1.0|INDIVIDUAL|VARIABLE|P0067080000|1|0|1.0|INDIVIDUAL|VARIABLE|P0067080000|1|0|1.0|INDIVIDUAL|VARIABLE|P0067080000|1|0|1.0|INDIVIDUAL|VARIABLE|P0067080000|1|0|1.0|INDIVIDUAL|VARIABLE|P0067080000|1|0|1.0|INDIVIDUAL|VARIABLE|P0067080000|1|0|1.0|INDIVIDUAL|VARIABLE|P0067080000|1|0|1.0|INDIVIDUAL|VARIABLE|P0067080000|1|0|1.0|INDIVIDUAL|VARIABLE|P0067080000|1|0|1.0|INDIVIDUAL|VARIABLE|P0067080000|1|0|1.0|INDIVIDUAL|VARIABLE|P0067080000|1|0|1.0|INDIVIDUAL|VARIABLE|P0067080000|1|0|1.0|INDIVIDUAL|VARIABLE|P0067080000|1|0|1.0|INDIVIDUAL|VARIABLE|P0067080000|1|0|1.0|INDIVIDUAL|VARIABLE|P0067080000|1|0|1.0|INDIVIDUAL|VARIABLE|P0067080000|1|0|1.0|INDIVIDUAL|VARIABLE|P0067080000|1|0|1.0|INDIVIDUAL|VARIABLE|P0067080000|1|0|1.0|INDIVIDUAL|VARIABLE|P0067080000|1|0|1.0|INDIVIDUAL|VARIABLE|P0067080000|1|0|1.0|INDIVIDUAL|VARIABLE|P0067080000|1|0|1.0|INDIVIDUAL|VARIABLE|P0067080000|1|0|1.0|INDIVIDUAL|VARIABLE|P0067080000|1|0|1.0|INDIVIDUAL|VARIABLE|P0067080000|1|0|1.0|INDIVIDUAL|VARIABLE|P0067080000|1|0|1.0|INDIVIDUAL|VARIABLE|P0067080000|1|0|1.0|INDIVIDUAL|VARIABLE|P0067080000|1|0|1.0
570,INDIVIDUAL|VARIABLE|P0210106001|1|0|1.0|INDIVIDUAL|VARIABLE|P0210106001|1|0|1.0|INDIVIDUAL|VARIABLE|P0210106001|1|0|1.0|INDIVIDUAL|VARIABLE|P0210106001|1|0|1.0|INDIVIDUAL|VARIABLE|P0210106001|1|0|1.0|INDIVIDUAL|VARIABLE|P0210106001|1|0|1.0|INDIVIDUAL|VARIABLE|P0210106001|1|0|1.0|INDIVIDUAL|VARIABLE|P0210106001|1|0|1.0|INDIVIDUAL|VARIABLE|P0210106001|1|0|1.0|INDIVIDUAL|VARIABLE|P0210106001|1|0|1.0|INDIVIDUAL|VARIABLE|P0210106001|1|0|1.0|INDIVIDUAL|VARIABLE|P0210106001|1|0|1.0|INDIVIDUAL|VARIABLE|P0210106001|1|0|1.0|INDIVIDUAL|VARIABLE|P0210106001|1|0|1.0|INDIVIDUAL|VARIABLE|P0210106001|1|0|1.0|INDIVIDUAL|VARIABLE|P0210106001|1|0|1.0|INDIVIDUAL|VARIABLE|P0210106001|1|0|1.0|INDIVIDUAL|VARIABLE|P0210106001|1|0|1.0|INDIVIDUAL|VARIABLE|P0210106001|1|0|1.0|INDIVIDUAL|VARIABLE|P0210106001|1|0|1.0|INDIVIDUAL|VARIABLE|P0210106001|1|0|1.0|INDIVIDUAL|VARIABLE|P0210106001|1|0|1.0|INDIVIDUAL|VARIABLE|P0210106001|1|0|1.0|INDIVIDUAL|VARIABLE|P0210106001|1|0|1.0|INDIVIDUAL|VARIABLE|P0210106001|1|0|1.0|INDIVIDUAL|VARIABLE|P0210106001|1|0|1.0|INDIVIDUAL|VARIABLE|P0210106001|1|0|1.0|INDIVIDUAL|VARIABLE|P0210106001|1|0|1.0|INDIVIDUAL|VARIABLE|P0210106001|1|0|1.0|INDIVIDUAL|VARIABLE|P0210106001|1|0|1.0|INDIVIDUAL|VARIABLE|P0210106001|1|0|1.0|INDIVIDUAL|VARIABLE|P0210106001|1|0|1.0|INDIVIDUAL|VARIABLE|P0210106001|1|0|1.0|INDIVIDUAL|VARIABLE|P0210106001|1|0|1.0|INDIVIDUAL|VARIABLE|P0210106001|1|0|1.0|INDIVIDUAL|VARIABLE|P0210106001|1|0|1.0|INDIVIDUAL|VARIABLE|P0210106001|1|0|1.0|INDIVIDUAL|VARIABLE|P0210106001|1|0|1.0|INDIVIDUAL|VARIABLE|P0210106001|1|0|1.0|INDIVIDUAL|VARIABLE|P0210106001|1|0|1.0|INDIVIDUAL|VARIABLE|P0210106001|1|0|1.0|INDIVIDUAL|VARIABLE|P0210106001|1|0|1.0|INDIVIDUAL|VARIABLE|P0210106001|1|0|1.0|INDIVIDUAL|VARIABLE|P0210106001|1|0|1.0|INDIVIDUAL|VARIABLE|P0210106001|1|0|1.0|INDIVIDUAL|VARIABLE|P0210106001|1|0|1.0|INDIVIDUAL|VARIABLE|P0210106001|1|0|1.0|INDIVIDUAL|VARIABLE|P0210106001|1|0|1.0|INDIVIDUAL|VARIABLE|P0210106001|1|0|1.0|INDIVIDUAL|VARIABLE|P0210106001|1|0|1.0|INDIVIDUAL|VARIABLE|P0210106001|1|0|1.0|INDIVIDUAL|VARIABLE|P0210106001|1|0|1.0|INDIVIDUAL|VARIABLE|P0210106001|1|0|1.0|INDIVIDUAL|VARIABLE|P0210106001|1|0|1.0|INDIVIDUAL|VARIABLE|P0210106001|1|0|1.0|INDIVIDUAL|VARIABLE|P0210106001|1|0|1.0|INDIVIDUAL|VARIABLE|P0210106001|1|0|1.0|INDIVIDUAL|VARIABLE|P0210106001|1|0|1.0|INDIVIDUAL|VARIABLE|P0210106001|1|0|1.0|INDIVIDUAL|VARIABLE|P0210106001|1|0|1.0|INDIVIDUAL|VARIABLE|P0210106001|1|0|1.0|INDIVIDUAL|VARIABLE|P0210106001|1|0|1.0|INDIVIDUAL|VARIABLE|P0210106001|1|0|1.0|INDIVIDUAL|VARIABLE|P0210106001|1|0|1.0|INDIVIDUAL|VARIABLE|P0210106001|1|0|1.0|INDIVIDUAL|VARIABLE|P0210106001|1|0|1.0|INDIVIDUAL|VARIABLE|P0210106001|1|0|1.0|INDIVIDUAL|VARIABLE|P0210106001|1|0|1.0|INDIVIDUAL|VARIABLE|P0210106001|1|0|1.0|INDIVIDUAL|VARIABLE|P0210106001|1|0|1.0|INDIVIDUAL|VARIABLE|P0210106001|1|0|1.0|INDIVIDUAL|VARIABLE|P0210106001|1|0|1.0|INDIVIDUAL|VARIABLE|P0210106001|1|0|1.0|INDIVIDUAL|VARIABLE|P0210106001|1|0|1.0|INDIVIDUAL|VARIABLE|P0210106001|1|0|1.0|INDIVIDUAL|VARIABLE|P0210106001|1|0|1.0|INDIVIDUAL|VARIABLE|P0210106001|1|0|1.0|INDIVIDUAL|VARIABLE|P0210106001|1|0|1.0|INDIVIDUAL|VARIABLE|P0210106001|1|0|1.0|INDIVIDUAL|VARIABLE|P0210106001|1|0|1.0|INDIVIDUAL|VARIABLE|P0210106001|1|0|1.0|INDIVIDUAL|VARIABLE|P0210106001|1|0|1.0|INDIVIDUAL|VARIABLE|P0210106001|1|0|1.0|INDIVIDUAL|VARIABLE|P0210106001|1|0|1.0|INDIVIDUAL|VARIABLE|P0210106001|1|0|1.0|INDIVIDUAL|VARIABLE|P0210106001|1|0|1.0|INDIVIDUAL|VARIABLE|P0210106001|1|0|1.0|INDIVIDUAL|VARIABLE|P0210106001|1|0|1.0|INDIVIDUAL|VARIABLE|P0210106001|1|0|1.0|INDIVIDUAL|VARIABLE|P0210106001|1|0|1.0|INDIVIDUAL|VARIABLE|P0210106001|1|0|1.0|INDIVIDUAL|VARIABLE|P0210106001|1|0|1.0|INDIVIDUAL|VARIABLE|P0210106001|1|0|1.0|INDIVIDUAL|VARIABLE|P0210106001|1|0|1.0|INDIVIDUAL|VARIABLE|P0210106001|1|0|1.0|INDIVIDUAL|VARIABLE|P0210106001|1|0|1.0|INDIVIDUAL|VARIABLE|P0210106001|1|0|1.0|INDIVIDUAL|VARIABLE|P0210106001|1|0|1.0|INDIVIDUAL|VARIABLE|P0210106001|1|0|1.0|INDIVIDUAL|VARIABLE|P0210106001|1|0|1.0|INDIVIDUAL|VARIABLE|P0210106001|1|0|1.0|INDIVIDUAL|VARIABLE|P0210106001|1|0|1.0|INDIVIDUAL|VARIABLE|P0210106001|1|0|1.0|INDIVIDUAL|VARIABLE|P0210106001|1|0|1.0|INDIVIDUAL|VARIABLE|P0210106001|1|0|1.0|INDIVIDUAL|VARIABLE|P0210106001|1|0|1.0|INDIVIDUAL|VARIABLE|P0210106001|1|0|1.0|INDIVIDUAL|VARIABLE|P0210106001|1|0|1.0|INDIVIDUAL|VARIABLE|P0210106001|1|0|1.0|INDIVIDUAL|VARIABLE|P0210106001|1|0|1.0|INDIVIDUAL|VARIABLE|P0210106001|1|0|1.0|INDIVIDUAL|VARIABLE|P0210106001|1|0|1.0|INDIVIDUAL|VARIABLE|P0210106001|1|0|1.0|INDIVIDUAL|VARIABLE|P0210106001|1|0|1.0|INDIVIDUAL|VARIABLE|P0210106001|1|0|1.0|INDIVIDUAL|VARIABLE|P0210106001|1|0|1.0|INDIVIDUAL|VARIABLE|P0210106001|1|0|1.0|INDIVIDUAL|VARIABLE|P0210106001|1|0|1.0|INDIVIDUAL|VARIABLE|P0210106001|1|0|1.0|INDIVIDUAL|VARIABLE|P0210106001|1|0|1.0
571,INDIVIDUAL|VARIABLE|P0067101000|1|0|1.0|INDIVIDUAL|VARIABLE|P0067101000|1|0|1.0|INDIVIDUAL|VARIABLE|P0067101000|1|0|1.0|INDIVIDUAL|VARIABLE|P0067101000|1|0|1.0|INDIVIDUAL|VARIABLE|P0067101000|1|0|1.0|INDIVIDUAL|VARIABLE|P0067101000|1|0|1.0|INDIVIDUAL|VARIABLE|P0067101000|1|0|1.0|INDIVIDUAL|VARIABLE|P0067101000|1|0|1.0|INDIVIDUAL|VARIABLE|P0067101000|1|0|1.0|INDIVIDUAL|VARIABLE|P0067101000|1|0|1.0|INDIVIDUAL|VARIABLE|P0067101000|1|0|1.0|INDIVIDUAL|VARIABLE|P0067101000|1|0|1.0|INDIVIDUAL|VARIABLE|P0067101000|1|0|1.0|INDIVIDUAL|VARIABLE|P0067101000|1|0|1.0|INDIVIDUAL|VARIABLE|P0067101000|1|0|1.0|INDIVIDUAL|VARIABLE|P0067101000|1|0|1.0|INDIVIDUAL|VARIABLE|P0067101000|1|0|1.0|INDIVIDUAL|VARIABLE|P0067101000|1|0|1.0|INDIVIDUAL|VARIABLE|P0067101000|1|0|1.0|INDIVIDUAL|VARIABLE|P0067101000|1|0|1.0|INDIVIDUAL|VARIABLE|P0067101000|1|0|1.0|INDIVIDUAL|VARIABLE|P0067101000|1|0|1.0|INDIVIDUAL|VARIABLE|P0067101000|1|0|1.0|INDIVIDUAL|VARIABLE|P0067101000|1|0|1.0|INDIVIDUAL|VARIABLE|P0067101000|1|0|1.0|INDIVIDUAL|VARIABLE|P0067101000|1|0|1.0|INDIVIDUAL|VARIABLE|P0067101000|1|0|1.0|INDIVIDUAL|VARIABLE|P0067101000|1|0|1.0|INDIVIDUAL|VARIABLE|P0067101000|1|0|1.0|INDIVIDUAL|VARIABLE|P0067101000|1|0|1.0|INDIVIDUAL|VARIABLE|P0067101000|1|0|1.0|INDIVIDUAL|VARIABLE|P0067101000|1|0|1.0|INDIVIDUAL|VARIABLE|P0067101000|1|0|1.0|INDIVIDUAL|VARIABLE|P0067101000|1|0|1.0|INDIVIDUAL|VARIABLE|P0067101000|1|0|1.0|INDIVIDUAL|VARIABLE|P0067101000|1|0|1.0|INDIVIDUAL|VARIABLE|P0067101000|1|0|1.0|INDIVIDUAL|VARIABLE|P0067101000|1|0|1.0|INDIVIDUAL|VARIABLE|P0067101000|1|0|1.0|INDIVIDUAL|VARIABLE|P0067101000|1|0|1.0|INDIVIDUAL|VARIABLE|P0067101000|1|0|1.0|INDIVIDUAL|VARIABLE|P0067101000|1|0|1.0|INDIVIDUAL|VARIABLE|P0067101000|1|0|1.0|INDIVIDUAL|VARIABLE|P0067101000|1|0|1.0|INDIVIDUAL|VARIABLE|P0067101000|1|0|1.0|INDIVIDUAL|VARIABLE|P0067101000|1|0|1.0|INDIVIDUAL|VARIABLE|P0067101000|1|0|1.0|INDIVIDUAL|VARIABLE|P0067101000|1|0|1.0|INDIVIDUAL|VARIABLE|P0067101000|1|0|1.0|INDIVIDUAL|VARIABLE|P0067101000|1|0|1.0|INDIVIDUAL|VARIABLE|P0067101000|1|0|1.0|INDIVIDUAL|VARIABLE|P0067101000|1|0|1.0|INDIVIDUAL|VARIABLE|P0067101000|1|0|1.0|INDIVIDUAL|VARIABLE|P0067101000|1|0|1.0|INDIVIDUAL|VARIABLE|P0067101000|1|0|1.0|INDIVIDUAL|VARIABLE|P0067101000|1|0|1.0|INDIVIDUAL|VARIABLE|P0067101000|1|0|1.0|INDIVIDUAL|VARIABLE|P0067101000|1|0|1.0|INDIVIDUAL|VARIABLE|P0067101000|1|0|1.0|INDIVIDUAL|VARIABLE|P0067101000|1|0|1.0|INDIVIDUAL|VARIABLE|P0067101000|1|0|1.0|INDIVIDUAL|VARIABLE|P0067101000|1|0|1.0|INDIVIDUAL|VARIABLE|P0067101000|1|0|1.0|INDIVIDUAL|VARIABLE|P0067101000|1|0|1.0|INDIVIDUAL|VARIABLE|P0067101000|1|0|1.0|INDIVIDUAL|VARIABLE|P0067101000|1|0|1.0
572,INDIVIDUAL|VARIABLE|P0210111001|1|0|1.0|INDIVIDUAL|VARIABLE|P0210111001|1|0|1.0|INDIVIDUAL|VARIABLE|P0210111001|1|0|1.0|INDIVIDUAL|VARIABLE|P0210111001|1|0|1.0|INDIVIDUAL|VARIABLE|P0210111001|1|0|1.0|INDIVIDUAL|VARIABLE|P0210111001|1|0|1.0|INDIVIDUAL|VARIABLE|P0210111001|1|0|1.0|INDIVIDUAL|VARIABLE|P0210111001|1|0|1.0|INDIVIDUAL|VARIABLE|P0210111001|1|0|1.0|INDIVIDUAL|VARIABLE|P0210111001|1|0|1.0|INDIVIDUAL|VARIABLE|P0210111001|1|0|1.0|INDIVIDUAL|VARIABLE|P0210111001|1|0|1.0|INDIVIDUAL|VARIABLE|P0210111001|1|0|1.0|INDIVIDUAL|VARIABLE|P0210111001|1|0|1.0|INDIVIDUAL|VARIABLE|P0210111001|1|0|1.0|INDIVIDUAL|VARIABLE|P0210111001|1|0|1.0|INDIVIDUAL|VARIABLE|P0210111001|1|0|1.0|INDIVIDUAL|VARIABLE|P0210111001|1|0|1.0|INDIVIDUAL|VARIABLE|P0210111001|1|0|1.0|INDIVIDUAL|VARIABLE|P0210111001|1|0|1.0|INDIVIDUAL|VARIABLE|P0210111001|1|0|1.0|INDIVIDUAL|VARIABLE|P0210111001|1|0|1.0|INDIVIDUAL|VARIABLE|P0210111001|1|0|1.0|INDIVIDUAL|VARIABLE|P0210111001|1|0|1.0|INDIVIDUAL|VARIABLE|P0210111001|1|0|1.0|INDIVIDUAL|VARIABLE|P0210111001|1|0|1.0|INDIVIDUAL|VARIABLE|P0210111001|1|0|1.0|INDIVIDUAL|VARIABLE|P0210111001|1|0|1.0|INDIVIDUAL|VARIABLE|P0210111001|1|0|1.0|INDIVIDUAL|VARIABLE|P0210111001|1|0|1.0|INDIVIDUAL|VARIABLE|P0210111001|1|0|1.0|INDIVIDUAL|VARIABLE|P0210111001|1|0|1.0|INDIVIDUAL|VARIABLE|P0210111001|1|0|1.0|INDIVIDUAL|VARIABLE|P0210111001|1|0|1.0|INDIVIDUAL|VARIABLE|P0210111001|1|0|1.0|INDIVIDUAL|VARIABLE|P0210111001|1|0|1.0|INDIVIDUAL|VARIABLE|P0210111001|1|0|1.0|INDIVIDUAL|VARIABLE|P0210111001|1|0|1.0|INDIVIDUAL|VARIABLE|P0210111001|1|0|1.0|INDIVIDUAL|VARIABLE|P0210111001|1|0|1.0|INDIVIDUAL|VARIABLE|P0210111001|1|0|1.0|INDIVIDUAL|VARIABLE|P0210111001|1|0|1.0|INDIVIDUAL|VARIABLE|P0210111001|1|0|1.0|INDIVIDUAL|VARIABLE|P0210111001|1|0|1.0|INDIVIDUAL|VARIABLE|P0210111001|1|0|1.0|INDIVIDUAL|VARIABLE|P0210111001|1|0|1.0|INDIVIDUAL|VARIABLE|P0210111001|1|0|1.0|INDIVIDUAL|VARIABLE|P0210111001|1|0|1.0|INDIVIDUAL|VARIABLE|P0210111001|1|0|1.0|INDIVIDUAL|VARIABLE|P0210111001|1|0|1.0|INDIVIDUAL|VARIABLE|P0210111001|1|0|1.0|INDIVIDUAL|VARIABLE|P0210111001|1|0|1.0|INDIVIDUAL|VARIABLE|P0210111001|1|0|1.0|INDIVIDUAL|VARIABLE|P0210111001|1|0|1.0|INDIVIDUAL|VARIABLE|P0210111001|1|0|1.0|INDIVIDUAL|VARIABLE|P0210111001|1|0|1.0|INDIVIDUAL|VARIABLE|P0210111001|1|0|1.0|INDIVIDUAL|VARIABLE|P0210111001|1|0|1.0|INDIVIDUAL|VARIABLE|P0210111001|1|0|1.0|INDIVIDUAL|VARIABLE|P0210111001|1|0|1.0|INDIVIDUAL|VARIABLE|P0210111001|1|0|1.0|INDIVIDUAL|VARIABLE|P0210111001|1|0|1.0|INDIVIDUAL|VARIABLE|P0210111001|1|0|1.0|INDIVIDUAL|VARIABLE|P0210111001|1|0|1.0|INDIVIDUAL|VARIABLE|P0210111001|1|0|1.0|INDIVIDUAL|VARIABLE|P0210111001|1|0|1.0|INDIVIDUAL|VARIABLE|P0210111001|1|0|1.0|INDIVIDUAL|VARIABLE|P0210111001|1|0|1.0|INDIVIDUAL|VARIABLE|P0210111001|1|0|1.0|INDIVIDUAL|VARIABLE|P0210111001|1|0|1.0|INDIVIDUAL|VARIABLE|P0210111001|1|0|1.0|INDIVIDUAL|VARIABLE|P0210111001|1|0|1.0|INDIVIDUAL|VARIABLE|P0210111001|1|0|1.0|INDIVIDUAL|VARIABLE|P0210111001|1|0|1.0|INDIVIDUAL|VARIABLE|P0210111001|1|0|1.0|INDIVIDUAL|VARIABLE|P0210111001|1|0|1.0|INDIVIDUAL|VARIABLE|P0210111001|1|0|1.0|INDIVIDUAL|VARIABLE|P0210111001|1|0|1.0|INDIVIDUAL|VARIABLE|P0210111001|1|0|1.0|INDIVIDUAL|VARIABLE|P0210111001|1|0|1.0|INDIVIDUAL|VARIABLE|P0210111001|1|0|1.0|INDIVIDUAL|VARIABLE|P0210111001|1|0|1.0|INDIVIDUAL|VARIABLE|P0210111001|1|0|1.0|INDIVIDUAL|VARIABLE|P0210111001|1|0|1.0|INDIVIDUAL|VARIABLE|P0210111001|1|0|1.0|INDIVIDUAL|VARIABLE|P0210111001|1|0|1.0|INDIVIDUAL|VARIABLE|P0210111001|1|0|1.0|INDIVIDUAL|VARIABLE|P0210111001|1|0|1.0|INDIVIDUAL|VARIABLE|P0210111001|1|0|1.0|INDIVIDUAL|VARIABLE|P0210111001|1|0|1.0|INDIVIDUAL|VARIABLE|P0210111001|1|0|1.0|INDIVIDUAL|VARIABLE|P0210111001|1|0|1.0|INDIVIDUAL|VARIABLE|P0210111001|1|0|1.0|INDIVIDUAL|VARIABLE|P0210111001|1|0|1.0|INDIVIDUAL|VARIABLE|P0210111001|1|0|1.0|INDIVIDUAL|VARIABLE|P0210111001|1|0|1.0|INDIVIDUAL|VARIABLE|P0210111001|1|0|1.0|INDIVIDUAL|VARIABLE|P0210111001|1|0|1.0|INDIVIDUAL|VARIABLE|P0210111001|1|0|1.0|INDIVIDUAL|VARIABLE|P0210111001|1|0|1.0
573,INDIVIDUAL|VARIABLE|P0292107001|1|0|1.0|INDIVIDUAL|VARIABLE|P0292107001|1|0|1.0|INDIVIDUAL|VARIABLE|P0292107001|1|0|1.0|INDIVIDUAL|VARIABLE|P0292107001|1|0|1.0|INDIVIDUAL|VARIABLE|P0292107001|1|0|1.0|INDIVIDUAL|VARIABLE|P0292107001|1|0|1.0|INDIVIDUAL|VARIABLE|P0292107001|1|0|1.0|INDIVIDUAL|VARIABLE|P0292107001|1|0|1.0|INDIVIDUAL|VARIABLE|P0292107001|1|0|1.0|INDIVIDUAL|VARIABLE|P0292107001|1|0|1.0|INDIVIDUAL|VARIABLE|P0292107001|1|0|1.0|INDIVIDUAL|VARIABLE|P0292107001|1|0|1.0|INDIVIDUAL|VARIABLE|P0292107001|1|0|1.0|INDIVIDUAL|VARIABLE|P0292107001|1|0|1.0|INDIVIDUAL|VARIABLE|P0292107001|1|0|1.0|INDIVIDUAL|VARIABLE|P0292107001|1|0|1.0|INDIVIDUAL|VARIABLE|P0292107001|1|0|1.0|INDIVIDUAL|VARIABLE|P0292107001|1|0|1.0|INDIVIDUAL|VARIABLE|P0292107001|1|0|1.0|INDIVIDUAL|VARIABLE|P0292107001|1|0|1.0|INDIVIDUAL|VARIABLE|P0292107001|1|0|1.0|INDIVIDUAL|VARIABLE|P0292107001|1|0|1.0|INDIVIDUAL|VARIABLE|P0292107001|1|0|1.0|INDIVIDUAL|VARIABLE|P0292107001|1|0|1.0|INDIVIDUAL|VARIABLE|P0292107001|1|0|1.0|INDIVIDUAL|VARIABLE|P0292107001|1|0|1.0|INDIVIDUAL|VARIABLE|P0292107001|1|0|1.0|INDIVIDUAL|VARIABLE|P0292107001|1|0|1.0|INDIVIDUAL|VARIABLE|P0292107001|1|0|1.0|INDIVIDUAL|VARIABLE|P0292107001|1|0|1.0|INDIVIDUAL|VARIABLE|P0292107001|1|0|1.0|INDIVIDUAL|VARIABLE|P0292107001|1|0|1.0|INDIVIDUAL|VARIABLE|P0292107001|1|0|1.0|INDIVIDUAL|VARIABLE|P0292107001|1|0|1.0|INDIVIDUAL|VARIABLE|P0292107001|1|0|1.0|INDIVIDUAL|VARIABLE|P0292107001|1|0|1.0|INDIVIDUAL|VARIABLE|P0292107001|1|0|1.0|INDIVIDUAL|VARIABLE|P0292107001|1|0|1.0|INDIVIDUAL|VARIABLE|P0292107001|1|0|1.0|INDIVIDUAL|VARIABLE|P0292107001|1|0|1.0|INDIVIDUAL|VARIABLE|P0292107001|1|0|1.0|INDIVIDUAL|VARIABLE|P0292107001|1|0|1.0|INDIVIDUAL|VARIABLE|P0292107001|1|0|1.0|INDIVIDUAL|VARIABLE|P0292107001|1|0|1.0|INDIVIDUAL|VARIABLE|P0292107001|1|0|1.0|INDIVIDUAL|VARIABLE|P0292107001|1|0|1.0|INDIVIDUAL|VARIABLE|P0292107001|1|0|1.0|INDIVIDUAL|VARIABLE|P0292107001|1|0|1.0|INDIVIDUAL|VARIABLE|P0292107001|1|0|1.0|INDIVIDUAL|VARIABLE|P0292107001|1|0|1.0|INDIVIDUAL|VARIABLE|P0292107001|1|0|1.0|INDIVIDUAL|VARIABLE|P0292107001|1|0|1.0|INDIVIDUAL|VARIABLE|P0292107001|1|0|1.0|INDIVIDUAL|VARIABLE|P0292107001|1|0|1.0|INDIVIDUAL|VARIABLE|P0292107001|1|0|1.0|INDIVIDUAL|VARIABLE|P0292107001|1|0|1.0|INDIVIDUAL|VARIABLE|P0292107001|1|0|1.0|INDIVIDUAL|VARIABLE|P0292107001|1|0|1.0|INDIVIDUAL|VARIABLE|P0292107001|1|0|1.0|INDIVIDUAL|VARIABLE|P0292107001|1|0|1.0|INDIVIDUAL|VARIABLE|P0292107001|1|0|1.0|INDIVIDUAL|VARIABLE|P0292107001|1|0|1.0|INDIVIDUAL|VARIABLE|P0292107001|1|0|1.0|INDIVIDUAL|VARIABLE|P0292107001|1|0|1.0|INDIVIDUAL|VARIABLE|P0292107001|1|0|1.0|INDIVIDUAL|VARIABLE|P0292107001|1|0|1.0|INDIVIDUAL|VARIABLE|P0292107001|1|0|1.0|INDIVIDUAL|VARIABLE|P0292107001|1|0|1.0|INDIVIDUAL|VARIABLE|P0292107001|1|0|1.0|INDIVIDUAL|VARIABLE|P0292107001|1|0|1.0|INDIVIDUAL|VARIABLE|P0292107001|1|0|1.0|INDIVIDUAL|VARIABLE|P0292107001|1|0|1.0|INDIVIDUAL|VARIABLE|P0292107001|1|0|1.0|INDIVIDUAL|VARIABLE|P0292107001|1|0|1.0|INDIVIDUAL|VARIABLE|P0292107001|1|0|1.0|INDIVIDUAL|VARIABLE|P0292107001|1|0|1.0|INDIVIDUAL|VARIABLE|P0292107001|1|0|1.0|INDIVIDUAL|VARIABLE|P0292107001|1|0|1.0|INDIVIDUAL|VARIABLE|P0292107001|1|0|1.0|INDIVIDUAL|VARIABLE|P0292107001|1|0|1.0|INDIVIDUAL|VARIABLE|P0292107001|1|0|1.0|INDIVIDUAL|VARIABLE|P0292107001|1|0|1.0|INDIVIDUAL|VARIABLE|P0292107001|1|0|1.0|INDIVIDUAL|VARIABLE|P0292107001|1|0|1.0|INDIVIDUAL|VARIABLE|P0292107001|1|0|1.0|INDIVIDUAL|VARIABLE|P0292107001|1|0|1.0|INDIVIDUAL|VARIABLE|P0292107001|1|0|1.0|INDIVIDUAL|VARIABLE|P0292107001|1|0|1.0|INDIVIDUAL|VARIABLE|P0292107001|1|0|1.0|INDIVIDUAL|VARIABLE|P0292107001|1|0|1.0|INDIVIDUAL|VARIABLE|P0292107001|1|0|1.0|INDIVIDUAL|VARIABLE|P0292107001|1|0|1.0|INDIVIDUAL|VARIABLE|P0292107001|1|0|1.0|INDIVIDUAL|VARIABLE|P0292107001|1|0|1.0|INDIVIDUAL|VARIABLE|P0292107001|1|0|1.0|INDIVIDUAL|VARIABLE|P0292107001|1|0|1.0|INDIVIDUAL|VARIABLE|P0292107001|1|0|1.0|INDIVIDUAL|VARIABLE|P0292107001|1|0|1.0|INDIVIDUAL|VARIABLE|P0292107001|1|0|1.0|INDIVIDUAL|VARIABLE|P0292107001|1|0|1.0|INDIVIDUAL|VARIABLE|P0292107001|1|0|1.0|INDIVIDUAL|VARIABLE|P0292107001|1|0|1.0|INDIVIDUAL|VARIABLE|P0292107001|1|0|1.0|INDIVIDUAL|VARIABLE|P0292107001|1|0|1.0|INDIVIDUAL|VARIABLE|P0292107001|1|0|1.0|INDIVIDUAL|VARIABLE|P0292107001|1|0|1.0|INDIVIDUAL|VARIABLE|P0292107001|1|0|1.0|INDIVIDUAL|VARIABLE|P0292107001|1|0|1.0|INDIVIDUAL|VARIABLE|P0292107001|1|0|1.0|INDIVIDUAL|VARIABLE|P0292107001|1|0|1.0|INDIVIDUAL|VARIABLE|P0292107001|1|0|1.0|INDIVIDUAL|VARIABLE|P0292107001|1|0|1.0|INDIVIDUAL|VARIABLE|P0292107001|1|0|1.0|INDIVIDUAL|VARIABLE|P0292107001|1|0|1.0|INDIVIDUAL|VARIABLE|P0292107001|1|0|1.0|INDIVIDUAL|VARIABLE|P0292107001|1|0|1.0|INDIVIDUAL|VARIABLE|P0292107001|1|0|1.0|INDIVIDUAL|VARIABLE|P0292107001|1|0|1.0|INDIVIDUAL|VARIABLE|P0292107001|1|0|1.0|INDIVIDUAL|VARIABLE|P0292107001|1|0|1.0|INDIVIDUAL|VARIABLE|P0292107001|1|0|1.0|INDIVIDUAL|VARIABLE|P0292107001|1|0|1.0|INDIVIDUAL|VARIABLE|P0292107001|1|0|1.0|INDIVIDUAL|VARIABLE|P0292107001|1|0|1.0|INDIVIDUAL|VARIABLE|P0292107001|1|0|1.0|INDIVIDUAL|VARIABLE|P0292107001|1|0|1.0|INDIVIDUAL|VARIABLE|P0292107001|1|0|1.0|INDIVIDUAL|VARIABLE|P0292107001|1|0|1.0|INDIVIDUAL|VARIABLE|P0292107001|1|0|1.0|INDIVIDUAL|VARIABLE|P0292107001|1|0|1.0|INDIVIDUAL|VARIABLE|P0292107001|1|0|1.0|INDIVIDUAL|VARIABLE|P0292107001|1|0|1.0
574,INDIVIDUAL|VARIABLE|P0292094005|1|0|1.0|INDIVIDUAL|VARIABLE|P0292094005|1|0|1.0|INDIVIDUAL|VARIABLE|P0292094005|1|0|1.0|INDIVIDUAL|VARIABLE|P0292094005|1|0|1.0|INDIVIDUAL|VARIABLE|P0292094005|1|0|1.0|INDIVIDUAL|VARIABLE|P0292094005|1|0|1.0|INDIVIDUAL|VARIABLE|P0292094005|1|0|1.0|INDIVIDUAL|VARIABLE|P0292094005|1|0|1.0|INDIVIDUAL|VARIABLE|P0292094005|1|0|1.0|INDIVIDUAL|VARIABLE|P0292094005|1|0|1.0|INDIVIDUAL|VARIABLE|P0292094005|1|0|1.0|INDIVIDUAL|VARIABLE|P0292094005|1|0|1.0|INDIVIDUAL|VARIABLE|P0292094005|1|0|1.0|INDIVIDUAL|VARIABLE|P0292094005|1|0|1.0|INDIVIDUAL|VARIABLE|P0292094005|1|0|1.0|INDIVIDUAL|VARIABLE|P0292094005|1|0|1.0|INDIVIDUAL|VARIABLE|P0292094005|1|0|1.0|INDIVIDUAL|VARIABLE|P0292094005|1|0|1.0|INDIVIDUAL|VARIABLE|P0292094005|1|0|1.0|INDIVIDUAL|VARIABLE|P0292094005|1|0|1.0|INDIVIDUAL|VARIABLE|P0292094005|1|0|1.0|INDIVIDUAL|VARIABLE|P0292094005|1|0|1.0|INDIVIDUAL|VARIABLE|P0292094005|1|0|1.0|INDIVIDUAL|VARIABLE|P0292094005|1|0|1.0|INDIVIDUAL|VARIABLE|P0292094005|1|0|1.0|INDIVIDUAL|VARIABLE|P0292094005|1|0|1.0|INDIVIDUAL|VARIABLE|P0292094005|1|0|1.0|INDIVIDUAL|VARIABLE|P0292094005|1|0|1.0|INDIVIDUAL|VARIABLE|P0292094005|1|0|1.0|INDIVIDUAL|VARIABLE|P0292094005|1|0|1.0|INDIVIDUAL|VARIABLE|P0292094005|1|0|1.0|INDIVIDUAL|VARIABLE|P0292094005|1|0|1.0|INDIVIDUAL|VARIABLE|P0292094005|1|0|1.0|INDIVIDUAL|VARIABLE|P0292094005|1|0|1.0|INDIVIDUAL|VARIABLE|P0292094005|1|0|1.0|INDIVIDUAL|VARIABLE|P0292094005|1|0|1.0|INDIVIDUAL|VARIABLE|P0292094005|1|0|1.0|INDIVIDUAL|VARIABLE|P0292094005|1|0|1.0|INDIVIDUAL|VARIABLE|P0292094005|1|0|1.0|INDIVIDUAL|VARIABLE|P0292094005|1|0|1.0
575,INDIVIDUAL|VARIABLE|P0210061000|1|0|1.0|INDIVIDUAL|VARIABLE|P0210061000|1|0|1.0|INDIVIDUAL|VARIABLE|P0210061000|1|0|1.0|INDIVIDUAL|VARIABLE|P0210061000|1|0|1.0|INDIVIDUAL|VARIABLE|P0210061000|1|0|1.0|INDIVIDUAL|VARIABLE|P0210061000|1|0|1.0|INDIVIDUAL|VARIABLE|P0210061000|1|0|1.0|INDIVIDUAL|VARIABLE|P0210061000|1|0|1.0|INDIVIDUAL|VARIABLE|P0210061000|1|0|1.0|INDIVIDUAL|VARIABLE|P0210061000|1|0|1.0|INDIVIDUAL|VARIABLE|P0210061000|1|0|1.0|INDIVIDUAL|VARIABLE|P0210061000|1|0|1.0|INDIVIDUAL|VARIABLE|P0210061000|1|0|1.0|INDIVIDUAL|VARIABLE|P0210061000|1|0|1.0|INDIVIDUAL|VARIABLE|P0210061000|1|0|1.0|INDIVIDUAL|VARIABLE|P0210061000|1|0|1.0|INDIVIDUAL|VARIABLE|P0210061000|1|0|1.0|INDIVIDUAL|VARIABLE|P0210061000|1|0|1.0|INDIVIDUAL|VARIABLE|P0210061000|1|0|1.0|INDIVIDUAL|VARIABLE|P0210061000|1|0|1.0|INDIVIDUAL|VARIABLE|P0210061000|1|0|1.0|INDIVIDUAL|VARIABLE|P0210061000|1|0|1.0|INDIVIDUAL|VARIABLE|P0210061000|1|0|1.0|INDIVIDUAL|VARIABLE|P0210061000|1|0|1.0|INDIVIDUAL|VARIABLE|P0210061000|1|0|1.0|INDIVIDUAL|VARIABLE|P0210061000|1|0|1.0|INDIVIDUAL|VARIABLE|P0210061000|1|0|1.0|INDIVIDUAL|VARIABLE|P0210061000|1|0|1.0|INDIVIDUAL|VARIABLE|P0210061000|1|0|1.0|INDIVIDUAL|VARIABLE|P0210061000|1|0|1.0
576,INDIVIDUAL|VARIABLE|P0210072000|1|0|1.0|INDIVIDUAL|VARIABLE|P0210072000|1|0|1.0|INDIVIDUAL|VARIABLE|P0210072000|1|0|1.0|INDIVIDUAL|VARIABLE|P0210072000|1|0|1.0|INDIVIDUAL|VARIABLE|P0210072000|1|0|1.0|INDIVIDUAL|VARIABLE|P0210072000|1|0|1.0|INDIVIDUAL|VARIABLE|P0210072000|1|0|1.0|INDIVIDUAL|VARIABLE|P0210072000|1|0|1.0|INDIVIDUAL|VARIABLE|P0210072000|1|0|1.0|INDIVIDUAL|VARIABLE|P0210072000|1|0|1.0|INDIVIDUAL|VARIABLE|P0210072000|1|0|1.0|INDIVIDUAL|VARIABLE|P0210072000|1|0|1.0|INDIVIDUAL|VARIABLE|P0210072000|1|0|1.0|INDIVIDUAL|VARIABLE|P0210072000|1|0|1.0|INDIVIDUAL|VARIABLE|P0210072000|1|0|1.0|INDIVIDUAL|VARIABLE|P0210072000|1|0|1.0|INDIVIDUAL|VARIABLE|P0210072000|1|0|1.0|INDIVIDUAL|VARIABLE|P0210072000|1|0|1.0|INDIVIDUAL|VARIABLE|P0210072000|1|0|1.0|INDIVIDUAL|VARIABLE|P0210072000|1|0|1.0|INDIVIDUAL|VARIABLE|P0210072000|1|0|1.0|INDIVIDUAL|VARIABLE|P0210072000|1|0|1.0|INDIVIDUAL|VARIABLE|P0210072000|1|0|1.0|INDIVIDUAL|VARIABLE|P0210072000|1|0|1.0|INDIVIDUAL|VARIABLE|P0210072000|1|0|1.0|INDIVIDUAL|VARIABLE|P0210072000|1|0|1.0|INDIVIDUAL|VARIABLE|P0210072000|1|0|1.0|INDIVIDUAL|VARIABLE|P0210072000|1|0|1.0|INDIVIDUAL|VARIABLE|P0210072000|1|0|1.0|INDIVIDUAL|VARIABLE|P0210072000|1|0|1.0|INDIVIDUAL|VARIABLE|P0210072000|1|0|1.0|INDIVIDUAL|VARIABLE|P0210072000|1|0|1.0|INDIVIDUAL|VARIABLE|P0210072000|1|0|1.0|INDIVIDUAL|VARIABLE|P0210072000|1|0|1.0|INDIVIDUAL|VARIABLE|P0210072000|1|0|1.0|INDIVIDUAL|VARIABLE|P0210072000|1|0|1.0|INDIVIDUAL|VARIABLE|P0210072000|1|0|1.0|INDIVIDUAL|VARIABLE|P0210072000|1|0|1.0|INDIVIDUAL|VARIABLE|P0210072000|1|0|1.0|INDIVIDUAL|VARIABLE|P0210072000|1|0|1.0|INDIVIDUAL|VARIABLE|P0210072000|1|0|1.0|INDIVIDUAL|VARIABLE|P0210072000|1|0|1.0|INDIVIDUAL|VARIABLE|P0210072000|1|0|1.0|INDIVIDUAL|VARIABLE|P0210072000|1|0|1.0|INDIVIDUAL|VARIABLE|P0210072000|1|0|1.0|INDIVIDUAL|VARIABLE|P0210072000|1|0|1.0|INDIVIDUAL|VARIABLE|P0210072000|1|0|1.0|INDIVIDUAL|VARIABLE|P0210072000|1|0|1.0|INDIVIDUAL|VARIABLE|P0210072000|1|0|1.0|INDIVIDUAL|VARIABLE|P0210072000|1|0|1.0|INDIVIDUAL|VARIABLE|P0210072000|1|0|1.0|INDIVIDUAL|VARIABLE|P0210072000|1|0|1.0|INDIVIDUAL|VARIABLE|P0210072000|1|0|1.0|INDIVIDUAL|VARIABLE|P0210072000|1|0|1.0|INDIVIDUAL|VARIABLE|P0210072000|1|0|1.0|INDIVIDUAL|VARIABLE|P0210072000|1|0|1.0|INDIVIDUAL|VARIABLE|P0210072000|1|0|1.0|INDIVIDUAL|VARIABLE|P0210072000|1|0|1.0|INDIVIDUAL|VARIABLE|P0210072000|1|0|1.0|INDIVIDUAL|VARIABLE|P0210072000|1|0|1.0|INDIVIDUAL|VARIABLE|P0210072000|1|0|1.0|INDIVIDUAL|VARIABLE|P0210072000|1|0|1.0|INDIVIDUAL|VARIABLE|P0210072000|1|0|1.0|INDIVIDUAL|VARIABLE|P0210072000|1|0|1.0|INDIVIDUAL|VARIABLE|P0210072000|1|0|1.0|INDIVIDUAL|VARIABLE|P0210072000|1|0|1.0|INDIVIDUAL|VARIABLE|P0210072000|1|0|1.0|INDIVIDUAL|VARIABLE|P0210072000|1|0|1.0|INDIVIDUAL|VARIABLE|P0210072000|1|0|1.0|INDIVIDUAL|VARIABLE|P0210072000|1|0|1.0|INDIVIDUAL|VARIABLE|P0210072000|1|0|1.0|INDIVIDUAL|VARIABLE|P0210072000|1|0|1.0|INDIVIDUAL|VARIABLE|P0210072000|1|0|1.0|INDIVIDUAL|VARIABLE|P0210072000|1|0|1.0|INDIVIDUAL|VARIABLE|P0210072000|1|0|1.0|INDIVIDUAL|VARIABLE|P0210072000|1|0|1.0|INDIVIDUAL|VARIABLE|P0210072000|1|0|1.0|INDIVIDUAL|VARIABLE|P0210072000|1|0|1.0|INDIVIDUAL|VARIABLE|P0210072000|1|0|1.0|INDIVIDUAL|VARIABLE|P0210072000|1|0|1.0
577,INDIVIDUAL|VARIABLE|P0210136000|1|0|1.0|INDIVIDUAL|VARIABLE|P0210136000|1|0|1.0|INDIVIDUAL|VARIABLE|P0210136000|1|0|1.0|INDIVIDUAL|VARIABLE|P0210136000|1|0|1.0|INDIVIDUAL|VARIABLE|P0210136000|1|0|1.0|INDIVIDUAL|VARIABLE|P0210136000|1|0|1.0|INDIVIDUAL|VARIABLE|P0210136000|1|0|1.0|INDIVIDUAL|VARIABLE|P0210136000|1|0|1.0|INDIVIDUAL|VARIABLE|P0210136000|1|0|1.0|INDIVIDUAL|VARIABLE|P0210136000|1|0|1.0|INDIVIDUAL|VARIABLE|P0210136000|1|0|1.0|INDIVIDUAL|VARIABLE|P0210136000|1|0|1.0|INDIVIDUAL|VARIABLE|P0210136000|1|0|1.0|INDIVIDUAL|VARIABLE|P0210136000|1|0|1.0|INDIVIDUAL|VARIABLE|P0210136000|1|0|1.0|INDIVIDUAL|VARIABLE|P0210136000|1|0|1.0|INDIVIDUAL|VARIABLE|P0210136000|1|0|1.0|INDIVIDUAL|VARIABLE|P0210136000|1|0|1.0|INDIVIDUAL|VARIABLE|P0210136000|1|0|1.0|INDIVIDUAL|VARIABLE|P0210136000|1|0|1.0|INDIVIDUAL|VARIABLE|P0210136000|1|0|1.0|INDIVIDUAL|VARIABLE|P0210136000|1|0|1.0|INDIVIDUAL|VARIABLE|P0210136000|1|0|1.0|INDIVIDUAL|VARIABLE|P0210136000|1|0|1.0|INDIVIDUAL|VARIABLE|P0210136000|1|0|1.0|INDIVIDUAL|VARIABLE|P0210136000|1|0|1.0|INDIVIDUAL|VARIABLE|P0210136000|1|0|1.0|INDIVIDUAL|VARIABLE|P0210136000|1|0|1.0|INDIVIDUAL|VARIABLE|P0210136000|1|0|1.0|INDIVIDUAL|VARIABLE|P0210136000|1|0|1.0|INDIVIDUAL|VARIABLE|P0210136000|1|0|1.0|INDIVIDUAL|VARIABLE|P0210136000|1|0|1.0|INDIVIDUAL|VARIABLE|P0210136000|1|0|1.0|INDIVIDUAL|VARIABLE|P0210136000|1|0|1.0|INDIVIDUAL|VARIABLE|P0210136000|1|0|1.0|INDIVIDUAL|VARIABLE|P0210136000|1|0|1.0|INDIVIDUAL|VARIABLE|P0210136000|1|0|1.0|INDIVIDUAL|VARIABLE|P0210136000|1|0|1.0|INDIVIDUAL|VARIABLE|P0210136000|1|0|1.0|INDIVIDUAL|VARIABLE|P0210136000|1|0|1.0|INDIVIDUAL|VARIABLE|P0210136000|1|0|1.0|INDIVIDUAL|VARIABLE|P0210136000|1|0|1.0|INDIVIDUAL|VARIABLE|P0210136000|1|0|1.0|INDIVIDUAL|VARIABLE|P0210136000|1|0|1.0|INDIVIDUAL|VARIABLE|P0210136000|1|0|1.0|INDIVIDUAL|VARIABLE|P0210136000|1|0|1.0|INDIVIDUAL|VARIABLE|P0210136000|1|0|1.0|INDIVIDUAL|VARIABLE|P0210136000|1|0|1.0|INDIVIDUAL|VARIABLE|P0210136000|1|0|1.0|INDIVIDUAL|VARIABLE|P0210136000|1|0|1.0|INDIVIDUAL|VARIABLE|P0210136000|1|0|1.0|INDIVIDUAL|VARIABLE|P0210136000|1|0|1.0|INDIVIDUAL|VARIABLE|P0210136000|1|0|1.0|INDIVIDUAL|VARIABLE|P0210136000|1|0|1.0|INDIVIDUAL|VARIABLE|P0210136000|1|0|1.0|INDIVIDUAL|VARIABLE|P0210136000|1|0|1.0|INDIVIDUAL|VARIABLE|P0210136000|1|0|1.0|INDIVIDUAL|VARIABLE|P0210136000|1|0|1.0|INDIVIDUAL|VARIABLE|P0210136000|1|0|1.0|INDIVIDUAL|VARIABLE|P0210136000|1|0|1.0|INDIVIDUAL|VARIABLE|P0210136000|1|0|1.0|INDIVIDUAL|VARIABLE|P0210136000|1|0|1.0|INDIVIDUAL|VARIABLE|P0210136000|1|0|1.0|INDIVIDUAL|VARIABLE|P0210136000|1|0|1.0|INDIVIDUAL|VARIABLE|P0210136000|1|0|1.0|INDIVIDUAL|VARIABLE|P0210136000|1|0|1.0|INDIVIDUAL|VARIABLE|P0210136000|1|0|1.0|INDIVIDUAL|VARIABLE|P0210136000|1|0|1.0|INDIVIDUAL|VARIABLE|P0210136000|1|0|1.0|INDIVIDUAL|VARIABLE|P0210136000|1|0|1.0
578,INDIVIDUAL|VARIABLE|P0292063000|1|0|1.0|INDIVIDUAL|VARIABLE|P0292063000|1|0|1.0|INDIVIDUAL|VARIABLE|P0292063000|1|0|1.0|INDIVIDUAL|VARIABLE|P0292063000|1|0|1.0|INDIVIDUAL|VARIABLE|P0292063000|1|0|1.0|INDIVIDUAL|VARIABLE|P0292063000|1|0|1.0|INDIVIDUAL|VARIABLE|P0292063000|1|0|1.0|INDIVIDUAL|VARIABLE|P0292063000|1|0|1.0|INDIVIDUAL|VARIABLE|P0292063000|1|0|1.0|INDIVIDUAL|VARIABLE|P0292063000|1|0|1.0|INDIVIDUAL|VARIABLE|P0292063000|1|0|1.0|INDIVIDUAL|VARIABLE|P0292063000|1|0|1.0|INDIVIDUAL|VARIABLE|P0292063000|1|0|1.0|INDIVIDUAL|VARIABLE|P0292063000|1|0|1.0|INDIVIDUAL|VARIABLE|P0292063000|1|0|1.0|INDIVIDUAL|VARIABLE|P0292063000|1|0|1.0|INDIVIDUAL|VARIABLE|P0292063000|1|0|1.0|INDIVIDUAL|VARIABLE|P0292063000|1|0|1.0|INDIVIDUAL|VARIABLE|P0292063000|1|0|1.0|INDIVIDUAL|VARIABLE|P0292063000|1|0|1.0|INDIVIDUAL|VARIABLE|P0292063000|1|0|1.0|INDIVIDUAL|VARIABLE|P0292063000|1|0|1.0|INDIVIDUAL|VARIABLE|P0292063000|1|0|1.0|INDIVIDUAL|VARIABLE|P0292063000|1|0|1.0|INDIVIDUAL|VARIABLE|P0292063000|1|0|1.0|INDIVIDUAL|VARIABLE|P0292063000|1|0|1.0|INDIVIDUAL|VARIABLE|P0292063000|1|0|1.0|INDIVIDUAL|VARIABLE|P0292063000|1|0|1.0|INDIVIDUAL|VARIABLE|P0292063000|1|0|1.0|INDIVIDUAL|VARIABLE|P0292063000|1|0|1.0|INDIVIDUAL|VARIABLE|P0292063000|1|0|1.0|INDIVIDUAL|VARIABLE|P0292063000|1|0|1.0|INDIVIDUAL|VARIABLE|P0292063000|1|0|1.0|INDIVIDUAL|VARIABLE|P0292063000|1|0|1.0|INDIVIDUAL|VARIABLE|P0292063000|1|0|1.0|INDIVIDUAL|VARIABLE|P0292063000|1|0|1.0|INDIVIDUAL|VARIABLE|P0292063000|1|0|1.0|INDIVIDUAL|VARIABLE|P0292063000|1|0|1.0|INDIVIDUAL|VARIABLE|P0292063000|1|0|1.0|INDIVIDUAL|VARIABLE|P0292063000|1|0|1.0|INDIVIDUAL|VARIABLE|P0292063000|1|0|1.0|INDIVIDUAL|VARIABLE|P0292063000|1|0|1.0|INDIVIDUAL|VARIABLE|P0292063000|1|0|1.0|INDIVIDUAL|VARIABLE|P0292063000|1|0|1.0|INDIVIDUAL|VARIABLE|P0292063000|1|0|1.0|INDIVIDUAL|VARIABLE|P0292063000|1|0|1.0|INDIVIDUAL|VARIABLE|P0292063000|1|0|1.0|INDIVIDUAL|VARIABLE|P0292063000|1|0|1.0|INDIVIDUAL|VARIABLE|P0292063000|1|0|1.0|INDIVIDUAL|VARIABLE|P0292063000|1|0|1.0|INDIVIDUAL|VARIABLE|P0292063000|1|0|1.0|INDIVIDUAL|VARIABLE|P0292063000|1|0|1.0|INDIVIDUAL|VARIABLE|P0292063000|1|0|1.0|INDIVIDUAL|VARIABLE|P0292063000|1|0|1.0|INDIVIDUAL|VARIABLE|P0292063000|1|0|1.0|INDIVIDUAL|VARIABLE|P0292063000|1|0|1.0|INDIVIDUAL|VARIABLE|P0292063000|1|0|1.0|INDIVIDUAL|VARIABLE|P0292063000|1|0|1.0|INDIVIDUAL|VARIABLE|P0292063000|1|0|1.0|INDIVIDUAL|VARIABLE|P0292063000|1|0|1.0|INDIVIDUAL|VARIABLE|P0292063000|1|0|1.0|INDIVIDUAL|VARIABLE|P0292063000|1|0|1.0|INDIVIDUAL|VARIABLE|P0292063000|1|0|1.0|INDIVIDUAL|VARIABLE|P0292063000|1|0|1.0|INDIVIDUAL|VARIABLE|P0292063000|1|0|1.0|INDIVIDUAL|VARIABLE|P0292063000|1|0|1.0|INDIVIDUAL|VARIABLE|P0292063000|1|0|1.0|INDIVIDUAL|VARIABLE|P0292063000|1|0|1.0|INDIVIDUAL|VARIABLE|P0292063000|1|0|1.0|INDIVIDUAL|VARIABLE|P0292063000|1|0|1.0
579,INDIVIDUAL|VARIABLE|P0210052000|1|0|1.0|INDIVIDUAL|VARIABLE|P0210052000|1|0|1.0|INDIVIDUAL|VARIABLE|P0210052000|1|0|1.0|INDIVIDUAL|VARIABLE|P0210052000|1|0|1.0|INDIVIDUAL|VARIABLE|P0210052000|1|0|1.0|INDIVIDUAL|VARIABLE|P0210052000|1|0|1.0|INDIVIDUAL|VARIABLE|P0210052000|1|0|1.0|INDIVIDUAL|VARIABLE|P0210052000|1|0|1.0|INDIVIDUAL|VARIABLE|P0210052000|1|0|1.0|INDIVIDUAL|VARIABLE|P0210052000|1|0|1.0|INDIVIDUAL|VARIABLE|P0210052000|1|0|1.0|INDIVIDUAL|VARIABLE|P0210052000|1|0|1.0|INDIVIDUAL|VARIABLE|P0210052000|1|0|1.0|INDIVIDUAL|VARIABLE|P0210052000|1|0|1.0|INDIVIDUAL|VARIABLE|P0210052000|1|0|1.0|INDIVIDUAL|VARIABLE|P0210052000|1|0|1.0|INDIVIDUAL|VARIABLE|P0210052000|1|0|1.0|INDIVIDUAL|VARIABLE|P0210052000|1|0|1.0|INDIVIDUAL|VARIABLE|P0210052000|1|0|1.0|INDIVIDUAL|VARIABLE|P0210052000|1|0|1.0|INDIVIDUAL|VARIABLE|P0210052000|1|0|1.0|INDIVIDUAL|VARIABLE|P0210052000|1|0|1.0|INDIVIDUAL|VARIABLE|P0210052000|1|0|1.0|INDIVIDUAL|VARIABLE|P0210052000|1|0|1.0|INDIVIDUAL|VARIABLE|P0210052000|1|0|1.0|INDIVIDUAL|VARIABLE|P0210052000|1|0|1.0|INDIVIDUAL|VARIABLE|P0210052000|1|0|1.0|INDIVIDUAL|VARIABLE|P0210052000|1|0|1.0|INDIVIDUAL|VARIABLE|P0210052000|1|0|1.0|INDIVIDUAL|VARIABLE|P0210052000|1|0|1.0|INDIVIDUAL|VARIABLE|P0210052000|1|0|1.0|INDIVIDUAL|VARIABLE|P0210052000|1|0|1.0|INDIVIDUAL|VARIABLE|P0210052000|1|0|1.0|INDIVIDUAL|VARIABLE|P0210052000|1|0|1.0|INDIVIDUAL|VARIABLE|P0210052000|1|0|1.0|INDIVIDUAL|VARIABLE|P0210052000|1|0|1.0|INDIVIDUAL|VARIABLE|P0210052000|1|0|1.0|INDIVIDUAL|VARIABLE|P0210052000|1|0|1.0|INDIVIDUAL|VARIABLE|P0210052000|1|0|1.0|INDIVIDUAL|VARIABLE|P0210052000|1|0|1.0|INDIVIDUAL|VARIABLE|P0210052000|1|0|1.0|INDIVIDUAL|VARIABLE|P0210052000|1|0|1.0|INDIVIDUAL|VARIABLE|P0210052000|1|0|1.0|INDIVIDUAL|VARIABLE|P0210052000|1|0|1.0
580,INDIVIDUAL|VARIABLE|P0289058003|1|0|1.0|INDIVIDUAL|VARIABLE|P0289058003|1|0|1.0|INDIVIDUAL|VARIABLE|P0289058003|1|0|1.0|INDIVIDUAL|VARIABLE|P0289058003|1|0|1.0|INDIVIDUAL|VARIABLE|P0289058003|1|0|1.0|INDIVIDUAL|VARIABLE|P0289058003|1|0|1.0|INDIVIDUAL|VARIABLE|P0289058003|1|0|1.0|INDIVIDUAL|VARIABLE|P0289058003|1|0|1.0|INDIVIDUAL|VARIABLE|P0289058003|1|0|1.0|INDIVIDUAL|VARIABLE|P0289058003|1|0|1.0|INDIVIDUAL|VARIABLE|P0289058003|1|0|1.0|INDIVIDUAL|VARIABLE|P0289058003|1|0|1.0|INDIVIDUAL|VARIABLE|P0289058003|1|0|1.0|INDIVIDUAL|VARIABLE|P0289058003|1|0|1.0|INDIVIDUAL|VARIABLE|P0289058003|1|0|1.0|INDIVIDUAL|VARIABLE|P0289058003|1|0|1.0|INDIVIDUAL|VARIABLE|P0289058003|1|0|1.0|INDIVIDUAL|VARIABLE|P0289058003|1|0|1.0|INDIVIDUAL|VARIABLE|P0289058003|1|0|1.0|INDIVIDUAL|VARIABLE|P0289058003|1|0|1.0|INDIVIDUAL|VARIABLE|P0289058003|1|0|1.0|INDIVIDUAL|VARIABLE|P0289058003|1|0|1.0|INDIVIDUAL|VARIABLE|P0289058003|1|0|1.0|INDIVIDUAL|VARIABLE|P0289058003|1|0|1.0|INDIVIDUAL|VARIABLE|P0289058003|1|0|1.0|INDIVIDUAL|VARIABLE|P0289058003|1|0|1.0|INDIVIDUAL|VARIABLE|P0289058003|1|0|1.0|INDIVIDUAL|VARIABLE|P0289058003|1|0|1.0|INDIVIDUAL|VARIABLE|P0289058003|1|0|1.0|INDIVIDUAL|VARIABLE|P0289058003|1|0|1.0|INDIVIDUAL|VARIABLE|P0289058003|1|0|1.0|INDIVIDUAL|VARIABLE|P0289058003|1|0|1.0|INDIVIDUAL|VARIABLE|P0289058003|1|0|1.0|INDIVIDUAL|VARIABLE|P0289058003|1|0|1.0|INDIVIDUAL|VARIABLE|P0289058003|1|0|1.0|INDIVIDUAL|VARIABLE|P0289058003|1|0|1.0|INDIVIDUAL|VARIABLE|P0289058003|1|0|1.0|INDIVIDUAL|VARIABLE|P0289058003|1|0|1.0|INDIVIDUAL|VARIABLE|P0289058003|1|0|1.0|INDIVIDUAL|VARIABLE|P0289058003|1|0|1.0|INDIVIDUAL|VARIABLE|P0289058003|1|0|1.0|INDIVIDUAL|VARIABLE|P0289058003|1|0|1.0|INDIVIDUAL|VARIABLE|P0289058003|1|0|1.0|INDIVIDUAL|VARIABLE|P0289058003|1|0|1.0|INDIVIDUAL|VARIABLE|P0289058003|1|0|1.0|INDIVIDUAL|VARIABLE|P0289058003|1|0|1.0|INDIVIDUAL|VARIABLE|P0289058003|1|0|1.0|INDIVIDUAL|VARIABLE|P0289058003|1|0|1.0|INDIVIDUAL|VARIABLE|P0289058003|1|0|1.0|INDIVIDUAL|VARIABLE|P0289058003|1|0|1.0|INDIVIDUAL|VARIABLE|P0289058003|1|0|1.0|INDIVIDUAL|VARIABLE|P0289058003|1|0|1.0|INDIVIDUAL|VARIABLE|P0289058003|1|0|1.0|INDIVIDUAL|VARIABLE|P0289058003|1|0|1.0|INDIVIDUAL|VARIABLE|P0289058003|1|0|1.0|INDIVIDUAL|VARIABLE|P0289058003|1|0|1.0|INDIVIDUAL|VARIABLE|P0289058003|1|0|1.0|INDIVIDUAL|VARIABLE|P0289058003|1|0|1.0|INDIVIDUAL|VARIABLE|P0289058003|1|0|1.0|INDIVIDUAL|VARIABLE|P0289058003|1|0|1.0|INDIVIDUAL|VARIABLE|P0289058003|1|0|1.0|INDIVIDUAL|VARIABLE|P0289058003|1|0|1.0|INDIVIDUAL|VARIABLE|P0289058003|1|0|1.0|INDIVIDUAL|VARIABLE|P0289058003|1|0|1.0|INDIVIDUAL|VARIABLE|P0289058003|1|0|1.0|INDIVIDUAL|VARIABLE|P0289058003|1|0|1.0|INDIVIDUAL|VARIABLE|P0289058003|1|0|1.0|INDIVIDUAL|VARIABLE|P0289058003|1|0|1.0|INDIVIDUAL|VARIABLE|P0289058003|1|0|1.0|INDIVIDUAL|VARIABLE|P0289058003|1|0|1.0|INDIVIDUAL|VARIABLE|P0289058003|1|0|1.0|INDIVIDUAL|VARIABLE|P0289058003|1|0|1.0|INDIVIDUAL|VARIABLE|P0289058003|1|0|1.0|INDIVIDUAL|VARIABLE|P0289058003|1|0|1.0|INDIVIDUAL|VARIABLE|P0289058003|1|0|1.0|INDIVIDUAL|VARIABLE|P0289058003|1|0|1.0|INDIVIDUAL|VARIABLE|P0289058003|1|0|1.0
581,INDIVIDUAL|VARIABLE|P0210133000|1|0|1.0|INDIVIDUAL|VARIABLE|P0210133000|1|0|1.0|INDIVIDUAL|VARIABLE|P0210133000|1|0|1.0|INDIVIDUAL|VARIABLE|P0210133000|1|0|1.0|INDIVIDUAL|VARIABLE|P0210133000|1|0|1.0|INDIVIDUAL|VARIABLE|P0210133000|1|0|1.0|INDIVIDUAL|VARIABLE|P0210133000|1|0|1.0|INDIVIDUAL|VARIABLE|P0210133000|1|0|1.0|INDIVIDUAL|VARIABLE|P0210133000|1|0|1.0|INDIVIDUAL|VARIABLE|P0210133000|1|0|1.0|INDIVIDUAL|VARIABLE|P0210133000|1|0|1.0|INDIVIDUAL|VARIABLE|P0210133000|1|0|1.0|INDIVIDUAL|VARIABLE|P0210133000|1|0|1.0|INDIVIDUAL|VARIABLE|P0210133000|1|0|1.0|INDIVIDUAL|VARIABLE|P0210133000|1|0|1.0|INDIVIDUAL|VARIABLE|P0210133000|1|0|1.0|INDIVIDUAL|VARIABLE|P0210133000|1|0|1.0|INDIVIDUAL|VARIABLE|P0210133000|1|0|1.0|INDIVIDUAL|VARIABLE|P0210133000|1|0|1.0|INDIVIDUAL|VARIABLE|P0210133000|1|0|1.0|INDIVIDUAL|VARIABLE|P0210133000|1|0|1.0|INDIVIDUAL|VARIABLE|P0210133000|1|0|1.0|INDIVIDUAL|VARIABLE|P0210133000|1|0|1.0|INDIVIDUAL|VARIABLE|P0210133000|1|0|1.0|INDIVIDUAL|VARIABLE|P0210133000|1|0|1.0|INDIVIDUAL|VARIABLE|P0210133000|1|0|1.0|INDIVIDUAL|VARIABLE|P0210133000|1|0|1.0|INDIVIDUAL|VARIABLE|P0210133000|1|0|1.0|INDIVIDUAL|VARIABLE|P0210133000|1|0|1.0|INDIVIDUAL|VARIABLE|P0210133000|1|0|1.0|INDIVIDUAL|VARIABLE|P0210133000|1|0|1.0|INDIVIDUAL|VARIABLE|P0210133000|1|0|1.0|INDIVIDUAL|VARIABLE|P0210133000|1|0|1.0|INDIVIDUAL|VARIABLE|P0210133000|1|0|1.0|INDIVIDUAL|VARIABLE|P0210133000|1|0|1.0|INDIVIDUAL|VARIABLE|P0210133000|1|0|1.0|INDIVIDUAL|VARIABLE|P0210133000|1|0|1.0|INDIVIDUAL|VARIABLE|P0210133000|1|0|1.0|INDIVIDUAL|VARIABLE|P0210133000|1|0|1.0|INDIVIDUAL|VARIABLE|P0210133000|1|0|1.0|INDIVIDUAL|VARIABLE|P0210133000|1|0|1.0|INDIVIDUAL|VARIABLE|P0210133000|1|0|1.0|INDIVIDUAL|VARIABLE|P0210133000|1|0|1.0|INDIVIDUAL|VARIABLE|P0210133000|1|0|1.0|INDIVIDUAL|VARIABLE|P0210133000|1|0|1.0|INDIVIDUAL|VARIABLE|P0210133000|1|0|1.0|INDIVIDUAL|VARIABLE|P0210133000|1|0|1.0|INDIVIDUAL|VARIABLE|P0210133000|1|0|1.0|INDIVIDUAL|VARIABLE|P0210133000|1|0|1.0|INDIVIDUAL|VARIABLE|P0210133000|1|0|1.0|INDIVIDUAL|VARIABLE|P0210133000|1|0|1.0|INDIVIDUAL|VARIABLE|P0210133000|1|0|1.0|INDIVIDUAL|VARIABLE|P0210133000|1|0|1.0|INDIVIDUAL|VARIABLE|P0210133000|1|0|1.0|INDIVIDUAL|VARIABLE|P0210133000|1|0|1.0|INDIVIDUAL|VARIABLE|P0210133000|1|0|1.0|INDIVIDUAL|VARIABLE|P0210133000|1|0|1.0|INDIVIDUAL|VARIABLE|P0210133000|1|0|1.0|INDIVIDUAL|VARIABLE|P0210133000|1|0|1.0|INDIVIDUAL|VARIABLE|P0210133000|1|0|1.0|INDIVIDUAL|VARIABLE|P0210133000|1|0|1.0|INDIVIDUAL|VARIABLE|P0210133000|1|0|1.0|INDIVIDUAL|VARIABLE|P0210133000|1|0|1.0|INDIVIDUAL|VARIABLE|P0210133000|1|0|1.0|INDIVIDUAL|VARIABLE|P0210133000|1|0|1.0|INDIVIDUAL|VARIABLE|P0210133000|1|0|1.0|INDIVIDUAL|VARIABLE|P0210133000|1|0|1.0|INDIVIDUAL|VARIABLE|P0210133000|1|0|1.0|INDIVIDUAL|VARIABLE|P0210133000|1|0|1.0|INDIVIDUAL|VARIABLE|P0210133000|1|0|1.0|INDIVIDUAL|VARIABLE|P0210133000|1|0|1.0|INDIVIDUAL|VARIABLE|P0210133000|1|0|1.0|INDIVIDUAL|VARIABLE|P0210133000|1|0|1.0|INDIVIDUAL|VARIABLE|P0210133000|1|0|1.0|INDIVIDUAL|VARIABLE|P0210133000|1|0|1.0|INDIVIDUAL|VARIABLE|P0210133000|1|0|1.0|INDIVIDUAL|VARIABLE|P0210133000|1|0|1.0|INDIVIDUAL|VARIABLE|P0210133000|1|0|1.0|INDIVIDUAL|VARIABLE|P0210133000|1|0|1.0|INDIVIDUAL|VARIABLE|P0210133000|1|0|1.0|INDIVIDUAL|VARIABLE|P0210133000|1|0|1.0|INDIVIDUAL|VARIABLE|P0210133000|1|0|1.0|INDIVIDUAL|VARIABLE|P0210133000|1|0|1.0|INDIVIDUAL|VARIABLE|P0210133000|1|0|1.0|INDIVIDUAL|VARIABLE|P0210133000|1|0|1.0|INDIVIDUAL|VARIABLE|P0210133000|1|0|1.0|INDIVIDUAL|VARIABLE|P0210133000|1|0|1.0|INDIVIDUAL|VARIABLE|P0210133000|1|0|1.0|INDIVIDUAL|VARIABLE|P0210133000|1|0|1.0|INDIVIDUAL|VARIABLE|P0210133000|1|0|1.0|INDIVIDUAL|VARIABLE|P0210133000|1|0|1.0|INDIVIDUAL|VARIABLE|P0210133000|1|0|1.0|INDIVIDUAL|VARIABLE|P0210133000|1|0|1.0|INDIVIDUAL|VARIABLE|P0210133000|1|0|1.0|INDIVIDUAL|VARIABLE|P0210133000|1|0|1.0|INDIVIDUAL|VARIABLE|P0210133000|1|0|1.0|INDIVIDUAL|VARIABLE|P0210133000|1|0|1.0|INDIVIDUAL|VARIABLE|P0210133000|1|0|1.0|INDIVIDUAL|VARIABLE|P0210133000|1|0|1.0|INDIVIDUAL|VARIABLE|P0210133000|1|0|1.0|INDIVIDUAL|VARIABLE|P0210133000|1|0|1.0|INDIVIDUAL|VARIABLE|P0210133000|1|0|1.0|INDIVIDUAL|VARIABLE|P0210133000|1|0|1.0|INDIVIDUAL|VARIABLE|P0210133000|1|0|1.0|INDIVIDUAL|VARIABLE|P0210133000|1|0|1.0|INDIVIDUAL|VARIABLE|P0210133000|1|0|1.0|INDIVIDUAL|VARIABLE|P0210133000|1|0|1.0|INDIVIDUAL|VARIABLE|P0210133000|1|0|1.0|INDIVIDUAL|VARIABLE|P0210133000|1|0|1.0|INDIVIDUAL|VARIABLE|P0210133000|1|0|1.0|INDIVIDUAL|VARIABLE|P0210133000|1|0|1.0|INDIVIDUAL|VARIABLE|P0210133000|1|0|1.0|INDIVIDUAL|VARIABLE|P0210133000|1|0|1.0|INDIVIDUAL|VARIABLE|P0210133000|1|0|1.0|INDIVIDUAL|VARIABLE|P0210133000|1|0|1.0|INDIVIDUAL|VARIABLE|P0210133000|1|0|1.0|INDIVIDUAL|VARIABLE|P0210133000|1|0|1.0|INDIVIDUAL|VARIABLE|P0210133000|1|0|1.0|INDIVIDUAL|VARIABLE|P0210133000|1|0|1.0|INDIVIDUAL|VARIABLE|P0210133000|1|0|1.0|INDIVIDUAL|VARIABLE|P0210133000|1|0|1.0|INDIVIDUAL|VARIABLE|P0210133000|1|0|1.0|INDIVIDUAL|VARIABLE|P0210133000|1|0|1.0|INDIVIDUAL|VARIABLE|P0210133000|1|0|1.0|INDIVIDUAL|VARIABLE|P0210133000|1|0|1.0|INDIVIDUAL|VARIABLE|P0210133000|1|0|1.0|INDIVIDUAL|VARIABLE|P0210133000|1|0|1.0|INDIVIDUAL|VARIABLE|P0210133000|1|0|1.0|INDIVIDUAL|VARIABLE|P0210133000|1|0|1.0|INDIVIDUAL|VARIABLE|P0210133000|1|0|1.0|INDIVIDUAL|VARIABLE|P0210133000|1|0|1.0|INDIVIDUAL|VARIABLE|P0210133000|1|0|1.0|INDIVIDUAL|VARIABLE|P0210133000|1|0|1.0|INDIVIDUAL|VARIABLE|P0210133000|1|0|1.0|INDIVIDUAL|VARIABLE|P0210133000|1|0|1.0|INDIVIDUAL|VARIABLE|P0210133000|1|0|1.0|INDIVIDUAL|VARIABLE|P0210133000|1|0|1.0|INDIVIDUAL|VARIABLE|P0210133000|1|0|1.0|INDIVIDUAL|VARIABLE|P0210133000|1|0|1.0|INDIVIDUAL|VARIABLE|P0210133000|1|0|1.0|INDIVIDUAL|VARIABLE|P0210133000|1|0|1.0|INDIVIDUAL|VARIABLE|P0210133000|1|0|1.0|INDIVIDUAL|VARIABLE|P0210133000|1|0|1.0|INDIVIDUAL|VARIABLE|P0210133000|1|0|1.0|INDIVIDUAL|VARIABLE|P0210133000|1|0|1.0|INDIVIDUAL|VARIABLE|P0210133000|1|0|1.0|INDIVIDUAL|VARIABLE|P0210133000|1|0|1.0|INDIVIDUAL|VARIABLE|P0210133000|1|0|1.0|INDIVIDUAL|VARIABLE|P0210133000|1|0|1.0|INDIVIDUAL|VARIABLE|P0210133000|1|0|1.0|INDIVIDUAL|VARIABLE|P0210133000|1|0|1.0|INDIVIDUAL|VARIABLE|P0210133000|1|0|1.0|INDIVIDUAL|VARIABLE|P0210133000|1|0|1.0
582,INDIVIDUAL|VARIABLE|P0289071002|1|0|1.0|INDIVIDUAL|VARIABLE|P0289071002|1|0|1.0|INDIVIDUAL|VARIABLE|P0289071002|1|0|1.0|INDIVIDUAL|VARIABLE|P0289071002|1|0|1.0|INDIVIDUAL|VARIABLE|P0289071002|1|0|1.0|INDIVIDUAL|VARIABLE|P0289071002|1|0|1.0|INDIVIDUAL|VARIABLE|P0289071002|1|0|1.0|INDIVIDUAL|VARIABLE|P0289071002|1|0|1.0|INDIVIDUAL|VARIABLE|P0289071002|1|0|1.0|INDIVIDUAL|VARIABLE|P0289071002|1|0|1.0|INDIVIDUAL|VARIABLE|P0289071002|1|0|1.0|INDIVIDUAL|VARIABLE|P0289071002|1|0|1.0|INDIVIDUAL|VARIABLE|P0289071002|1|0|1.0|INDIVIDUAL|VARIABLE|P0289071002|1|0|1.0|INDIVIDUAL|VARIABLE|P0289071002|1|0|1.0|INDIVIDUAL|VARIABLE|P0289071002|1|0|1.0|INDIVIDUAL|VARIABLE|P0289071002|1|0|1.0|INDIVIDUAL|VARIABLE|P0289071002|1|0|1.0|INDIVIDUAL|VARIABLE|P0289071002|1|0|1.0|INDIVIDUAL|VARIABLE|P0289071002|1|0|1.0|INDIVIDUAL|VARIABLE|P0289071002|1|0|1.0|INDIVIDUAL|VARIABLE|P0289071002|1|0|1.0|INDIVIDUAL|VARIABLE|P0289071002|1|0|1.0|INDIVIDUAL|VARIABLE|P0289071002|1|0|1.0|INDIVIDUAL|VARIABLE|P0289071002|1|0|1.0|INDIVIDUAL|VARIABLE|P0289071002|1|0|1.0|INDIVIDUAL|VARIABLE|P0289071002|1|0|1.0|INDIVIDUAL|VARIABLE|P0289071002|1|0|1.0|INDIVIDUAL|VARIABLE|P0289071002|1|0|1.0|INDIVIDUAL|VARIABLE|P0289071002|1|0|1.0|INDIVIDUAL|VARIABLE|P0289071002|1|0|1.0|INDIVIDUAL|VARIABLE|P0289071002|1|0|1.0|INDIVIDUAL|VARIABLE|P0289071002|1|0|1.0|INDIVIDUAL|VARIABLE|P0289071002|1|0|1.0|INDIVIDUAL|VARIABLE|P0289071002|1|0|1.0|INDIVIDUAL|VARIABLE|P0289071002|1|0|1.0|INDIVIDUAL|VARIABLE|P0289071002|1|0|1.0|INDIVIDUAL|VARIABLE|P0289071002|1|0|1.0|INDIVIDUAL|VARIABLE|P0289071002|1|0|1.0|INDIVIDUAL|VARIABLE|P0289071002|1|0|1.0|INDIVIDUAL|VARIABLE|P0289071002|1|0|1.0|INDIVIDUAL|VARIABLE|P0289071002|1|0|1.0|INDIVIDUAL|VARIABLE|P0289071002|1|0|1.0|INDIVIDUAL|VARIABLE|P0289071002|1|0|1.0|INDIVIDUAL|VARIABLE|P0289071002|1|0|1.0|INDIVIDUAL|VARIABLE|P0289071002|1|0|1.0|INDIVIDUAL|VARIABLE|P0289071002|1|0|1.0|INDIVIDUAL|VARIABLE|P0289071002|1|0|1.0|INDIVIDUAL|VARIABLE|P0289071002|1|0|1.0|INDIVIDUAL|VARIABLE|P0289071002|1|0|1.0|INDIVIDUAL|VARIABLE|P0289071002|1|0|1.0|INDIVIDUAL|VARIABLE|P0289071002|1|0|1.0|INDIVIDUAL|VARIABLE|P0289071002|1|0|1.0|INDIVIDUAL|VARIABLE|P0289071002|1|0|1.0|INDIVIDUAL|VARIABLE|P0289071002|1|0|1.0
583,INDIVIDUAL|VARIABLE|P0289071003|1|0|1.0|INDIVIDUAL|VARIABLE|P0289071003|1|0|1.0|INDIVIDUAL|VARIABLE|P0289071003|1|0|1.0|INDIVIDUAL|VARIABLE|P0289071003|1|0|1.0|INDIVIDUAL|VARIABLE|P0289071003|1|0|1.0|INDIVIDUAL|VARIABLE|P0289071003|1|0|1.0|INDIVIDUAL|VARIABLE|P0289071003|1|0|1.0|INDIVIDUAL|VARIABLE|P0289071003|1|0|1.0|INDIVIDUAL|VARIABLE|P0289071003|1|0|1.0|INDIVIDUAL|VARIABLE|P0289071003|1|0|1.0|INDIVIDUAL|VARIABLE|P0289071003|1|0|1.0|INDIVIDUAL|VARIABLE|P0289071003|1|0|1.0|INDIVIDUAL|VARIABLE|P0289071003|1|0|1.0|INDIVIDUAL|VARIABLE|P0289071003|1|0|1.0|INDIVIDUAL|VARIABLE|P0289071003|1|0|1.0|INDIVIDUAL|VARIABLE|P0289071003|1|0|1.0|INDIVIDUAL|VARIABLE|P0289071003|1|0|1.0|INDIVIDUAL|VARIABLE|P0289071003|1|0|1.0|INDIVIDUAL|VARIABLE|P0289071003|1|0|1.0|INDIVIDUAL|VARIABLE|P0289071003|1|0|1.0|INDIVIDUAL|VARIABLE|P0289071003|1|0|1.0|INDIVIDUAL|VARIABLE|P0289071003|1|0|1.0|INDIVIDUAL|VARIABLE|P0289071003|1|0|1.0|INDIVIDUAL|VARIABLE|P0289071003|1|0|1.0|INDIVIDUAL|VARIABLE|P0289071003|1|0|1.0|INDIVIDUAL|VARIABLE|P0289071003|1|0|1.0|INDIVIDUAL|VARIABLE|P0289071003|1|0|1.0|INDIVIDUAL|VARIABLE|P0289071003|1|0|1.0|INDIVIDUAL|VARIABLE|P0289071003|1|0|1.0|INDIVIDUAL|VARIABLE|P0289071003|1|0|1.0|INDIVIDUAL|VARIABLE|P0289071003|1|0|1.0|INDIVIDUAL|VARIABLE|P0289071003|1|0|1.0|INDIVIDUAL|VARIABLE|P0289071003|1|0|1.0|INDIVIDUAL|VARIABLE|P0289071003|1|0|1.0|INDIVIDUAL|VARIABLE|P0289071003|1|0|1.0|INDIVIDUAL|VARIABLE|P0289071003|1|0|1.0|INDIVIDUAL|VARIABLE|P0289071003|1|0|1.0|INDIVIDUAL|VARIABLE|P0289071003|1|0|1.0|INDIVIDUAL|VARIABLE|P0289071003|1|0|1.0|INDIVIDUAL|VARIABLE|P0289071003|1|0|1.0|INDIVIDUAL|VARIABLE|P0289071003|1|0|1.0|INDIVIDUAL|VARIABLE|P0289071003|1|0|1.0|INDIVIDUAL|VARIABLE|P0289071003|1|0|1.0|INDIVIDUAL|VARIABLE|P0289071003|1|0|1.0|INDIVIDUAL|VARIABLE|P0289071003|1|0|1.0|INDIVIDUAL|VARIABLE|P0289071003|1|0|1.0|INDIVIDUAL|VARIABLE|P0289071003|1|0|1.0|INDIVIDUAL|VARIABLE|P0289071003|1|0|1.0|INDIVIDUAL|VARIABLE|P0289071003|1|0|1.0|INDIVIDUAL|VARIABLE|P0289071003|1|0|1.0|INDIVIDUAL|VARIABLE|P0289071003|1|0|1.0|INDIVIDUAL|VARIABLE|P0289071003|1|0|1.0|INDIVIDUAL|VARIABLE|P0289071003|1|0|1.0|INDIVIDUAL|VARIABLE|P0289071003|1|0|1.0|INDIVIDUAL|VARIABLE|P0289071003|1|0|1.0|INDIVIDUAL|VARIABLE|P0289071003|1|0|1.0|INDIVIDUAL|VARIABLE|P0289071003|1|0|1.0|INDIVIDUAL|VARIABLE|P0289071003|1|0|1.0|INDIVIDUAL|VARIABLE|P0289071003|1|0|1.0|INDIVIDUAL|VARIABLE|P0289071003|1|0|1.0|INDIVIDUAL|VARIABLE|P0289071003|1|0|1.0|INDIVIDUAL|VARIABLE|P0289071003|1|0|1.0|INDIVIDUAL|VARIABLE|P0289071003|1|0|1.0|INDIVIDUAL|VARIABLE|P0289071003|1|0|1.0|INDIVIDUAL|VARIABLE|P0289071003|1|0|1.0|INDIVIDUAL|VARIABLE|P0289071003|1|0|1.0|INDIVIDUAL|VARIABLE|P0289071003|1|0|1.0|INDIVIDUAL|VARIABLE|P0289071003|1|0|1.0|INDIVIDUAL|VARIABLE|P0289071003|1|0|1.0|INDIVIDUAL|VARIABLE|P0289071003|1|0|1.0|INDIVIDUAL|VARIABLE|P0289071003|1|0|1.0|INDIVIDUAL|VARIABLE|P0289071003|1|0|1.0|INDIVIDUAL|VARIABLE|P0289071003|1|0|1.0|INDIVIDUAL|VARIABLE|P0289071003|1|0|1.0|INDIVIDUAL|VARIABLE|P0289071003|1|0|1.0|INDIVIDUAL|VARIABLE|P0289071003|1|0|1.0|INDIVIDUAL|VARIABLE|P0289071003|1|0|1.0|INDIVIDUAL|VARIABLE|P0289071003|1|0|1.0|INDIVIDUAL|VARIABLE|P0289071003|1|0|1.0|INDIVIDUAL|VARIABLE|P0289071003|1|0|1.0|INDIVIDUAL|VARIABLE|P0289071003|1|0|1.0|INDIVIDUAL|VARIABLE|P0289071003|1|0|1.0|INDIVIDUAL|VARIABLE|P0289071003|1|0|1.0|INDIVIDUAL|VARIABLE|P0289071003|1|0|1.0|INDIVIDUAL|VARIABLE|P0289071003|1|0|1.0|INDIVIDUAL|VARIABLE|P0289071003|1|0|1.0|INDIVIDUAL|VARIABLE|P0289071003|1|0|1.0|INDIVIDUAL|VARIABLE|P0289071003|1|0|1.0
584,INDIVIDUAL|VARIABLE|P0289058009|1|0|1.0|INDIVIDUAL|VARIABLE|P0289058009|1|0|1.0|INDIVIDUAL|VARIABLE|P0289058009|1|0|1.0|INDIVIDUAL|VARIABLE|P0289058009|1|0|1.0|INDIVIDUAL|VARIABLE|P0289058009|1|0|1.0|INDIVIDUAL|VARIABLE|P0289058009|1|0|1.0|INDIVIDUAL|VARIABLE|P0289058009|1|0|1.0|INDIVIDUAL|VARIABLE|P0289058009|1|0|1.0|INDIVIDUAL|VARIABLE|P0289058009|1|0|1.0|INDIVIDUAL|VARIABLE|P0289058009|1|0|1.0|INDIVIDUAL|VARIABLE|P0289058009|1|0|1.0|INDIVIDUAL|VARIABLE|P0289058009|1|0|1.0|INDIVIDUAL|VARIABLE|P0289058009|1|0|1.0|INDIVIDUAL|VARIABLE|P0289058009|1|0|1.0|INDIVIDUAL|VARIABLE|P0289058009|1|0|1.0|INDIVIDUAL|VARIABLE|P0289058009|1|0|1.0|INDIVIDUAL|VARIABLE|P0289058009|1|0|1.0|INDIVIDUAL|VARIABLE|P0289058009|1|0|1.0|INDIVIDUAL|VARIABLE|P0289058009|1|0|1.0|INDIVIDUAL|VARIABLE|P0289058009|1|0|1.0|INDIVIDUAL|VARIABLE|P0289058009|1|0|1.0|INDIVIDUAL|VARIABLE|P0289058009|1|0|1.0|INDIVIDUAL|VARIABLE|P0289058009|1|0|1.0|INDIVIDUAL|VARIABLE|P0289058009|1|0|1.0|INDIVIDUAL|VARIABLE|P0289058009|1|0|1.0|INDIVIDUAL|VARIABLE|P0289058009|1|0|1.0|INDIVIDUAL|VARIABLE|P0289058009|1|0|1.0|INDIVIDUAL|VARIABLE|P0289058009|1|0|1.0|INDIVIDUAL|VARIABLE|P0289058009|1|0|1.0|INDIVIDUAL|VARIABLE|P0289058009|1|0|1.0|INDIVIDUAL|VARIABLE|P0289058009|1|0|1.0|INDIVIDUAL|VARIABLE|P0289058009|1|0|1.0|INDIVIDUAL|VARIABLE|P0289058009|1|0|1.0|INDIVIDUAL|VARIABLE|P0289058009|1|0|1.0|INDIVIDUAL|VARIABLE|P0289058009|1|0|1.0|INDIVIDUAL|VARIABLE|P0289058009|1|0|1.0|INDIVIDUAL|VARIABLE|P0289058009|1|0|1.0|INDIVIDUAL|VARIABLE|P0289058009|1|0|1.0|INDIVIDUAL|VARIABLE|P0289058009|1|0|1.0|INDIVIDUAL|VARIABLE|P0289058009|1|0|1.0|INDIVIDUAL|VARIABLE|P0289058009|1|0|1.0|INDIVIDUAL|VARIABLE|P0289058009|1|0|1.0|INDIVIDUAL|VARIABLE|P0289058009|1|0|1.0|INDIVIDUAL|VARIABLE|P0289058009|1|0|1.0|INDIVIDUAL|VARIABLE|P0289058009|1|0|1.0|INDIVIDUAL|VARIABLE|P0289058009|1|0|1.0|INDIVIDUAL|VARIABLE|P0289058009|1|0|1.0|INDIVIDUAL|VARIABLE|P0289058009|1|0|1.0|INDIVIDUAL|VARIABLE|P0289058009|1|0|1.0|INDIVIDUAL|VARIABLE|P0289058009|1|0|1.0|INDIVIDUAL|VARIABLE|P0289058009|1|0|1.0|INDIVIDUAL|VARIABLE|P0289058009|1|0|1.0|INDIVIDUAL|VARIABLE|P0289058009|1|0|1.0|INDIVIDUAL|VARIABLE|P0289058009|1|0|1.0|INDIVIDUAL|VARIABLE|P0289058009|1|0|1.0|INDIVIDUAL|VARIABLE|P0289058009|1|0|1.0|INDIVIDUAL|VARIABLE|P0289058009|1|0|1.0|INDIVIDUAL|VARIABLE|P0289058009|1|0|1.0|INDIVIDUAL|VARIABLE|P0289058009|1|0|1.0|INDIVIDUAL|VARIABLE|P0289058009|1|0|1.0|INDIVIDUAL|VARIABLE|P0289058009|1|0|1.0|INDIVIDUAL|VARIABLE|P0289058009|1|0|1.0|INDIVIDUAL|VARIABLE|P0289058009|1|0|1.0|INDIVIDUAL|VARIABLE|P0289058009|1|0|1.0|INDIVIDUAL|VARIABLE|P0289058009|1|0|1.0|INDIVIDUAL|VARIABLE|P0289058009|1|0|1.0|INDIVIDUAL|VARIABLE|P0289058009|1|0|1.0|INDIVIDUAL|VARIABLE|P0289058009|1|0|1.0|INDIVIDUAL|VARIABLE|P0289058009|1|0|1.0|INDIVIDUAL|VARIABLE|P0289058009|1|0|1.0|INDIVIDUAL|VARIABLE|P0289058009|1|0|1.0|INDIVIDUAL|VARIABLE|P0289058009|1|0|1.0|INDIVIDUAL|VARIABLE|P0289058009|1|0|1.0|INDIVIDUAL|VARIABLE|P0289058009|1|0|1.0|INDIVIDUAL|VARIABLE|P0289058009|1|0|1.0|INDIVIDUAL|VARIABLE|P0289058009|1|0|1.0|INDIVIDUAL|VARIABLE|P0289058009|1|0|1.0|INDIVIDUAL|VARIABLE|P0289058009|1|0|1.0|INDIVIDUAL|VARIABLE|P0289058009|1|0|1.0|INDIVIDUAL|VARIABLE|P0289058009|1|0|1.0|INDIVIDUAL|VARIABLE|P0289058009|1|0|1.0|INDIVIDUAL|VARIABLE|P0289058009|1|0|1.0|INDIVIDUAL|VARIABLE|P0289058009|1|0|1.0|INDIVIDUAL|VARIABLE|P0289058009|1|0|1.0|INDIVIDUAL|VARIABLE|P0289058009|1|0|1.0|INDIVIDUAL|VARIABLE|P0289058009|1|0|1.0|INDIVIDUAL|VARIABLE|P0289058009|1|0|1.0|INDIVIDUAL|VARIABLE|P0289058009|1|0|1.0|INDIVIDUAL|VARIABLE|P0289058009|1|0|1.0|INDIVIDUAL|VARIABLE|P0289058009|1|0|1.0|INDIVIDUAL|VARIABLE|P0289058009|1|0|1.0|INDIVIDUAL|VARIABLE|P0289058009|1|0|1.0|INDIVIDUAL|VARIABLE|P0289058009|1|0|1.0|INDIVIDUAL|VARIABLE|P0289058009|1|0|1.0|INDIVIDUAL|VARIABLE|P0289058009|1|0|1.0|INDIVIDUAL|VARIABLE|P0289058009|1|0|1.0|INDIVIDUAL|VARIABLE|P0289058009|1|0|1.0|INDIVIDUAL|VARIABLE|P0289058009|1|0|1.0|INDIVIDUAL|VARIABLE|P0289058009|1|0|1.0|INDIVIDUAL|VARIABLE|P0289058009|1|0|1.0|INDIVIDUAL|VARIABLE|P0289058009|1|0|1.0|INDIVIDUAL|VARIABLE|P0289058009|1|0|1.0|INDIVIDUAL|VARIABLE|P0289058009|1|0|1.0|INDIVIDUAL|VARIABLE|P0289058009|1|0|1.0|INDIVIDUAL|VARIABLE|P0289058009|1|0|1.0|INDIVIDUAL|VARIABLE|P0289058009|1|0|1.0|INDIVIDUAL|VARIABLE|P0289058009|1|0|1.0|INDIVIDUAL|VARIABLE|P0289058009|1|0|1.0|INDIVIDUAL|VARIABLE|P0289058009|1|0|1.0|INDIVIDUAL|VARIABLE|P0289058009|1|0|1.0|INDIVIDUAL|VARIABLE|P0289058009|1|0|1.0|INDIVIDUAL|VARIABLE|P0289058009|1|0|1.0|INDIVIDUAL|VARIABLE|P0289058009|1|0|1.0|INDIVIDUAL|VARIABLE|P0289058009|1|0|1.0|INDIVIDUAL|VARIABLE|P0289058009|1|0|1.0|INDIVIDUAL|VARIABLE|P0289058009|1|0|1.0|INDIVIDUAL|VARIABLE|P0289058009|1|0|1.0|INDIVIDUAL|VARIABLE|P0289058009|1|0|1.0|INDIVIDUAL|VARIABLE|P0289058009|1|0|1.0|INDIVIDUAL|VARIABLE|P0289058009|1|0|1.0|INDIVIDUAL|VARIABLE|P0289058009|1|0|1.0|INDIVIDUAL|VARIABLE|P0289058009|1|0|1.0|INDIVIDUAL|VARIABLE|P0289058009|1|0|1.0|INDIVIDUAL|VARIABLE|P0289058009|1|0|1.0|INDIVIDUAL|VARIABLE|P0289058009|1|0|1.0|INDIVIDUAL|VARIABLE|P0289058009|1|0|1.0|INDIVIDUAL|VARIABLE|P0289058009|1|0|1.0|INDIVIDUAL|VARIABLE|P0289058009|1|0|1.0|INDIVIDUAL|VARIABLE|P0289058009|1|0|1.0|INDIVIDUAL|VARIABLE|P0289058009|1|0|1.0|INDIVIDUAL|VARIABLE|P0289058009|1|0|1.0|INDIVIDUAL|VARIABLE|P0289058009|1|0|1.0
585,INDIVIDUAL|VARIABLE|P0210133000|1|0|1.0|INDIVIDUAL|VARIABLE|P0210133000|1|0|1.0|INDIVIDUAL|VARIABLE|P0210133000|1|0|1.0|INDIVIDUAL|VARIABLE|P0210133000|1|0|1.0|INDIVIDUAL|VARIABLE|P0210133000|1|0|1.0|INDIVIDUAL|VARIABLE|P0210133000|1|0|1.0|INDIVIDUAL|VARIABLE|P0210133000|1|0|1.0|INDIVIDUAL|VARIABLE|P0210133000|1|0|1.0|INDIVIDUAL|VARIABLE|P0210133000|1|0|1.0|INDIVIDUAL|VARIABLE|P0210133000|1|0|1.0|INDIVIDUAL|VARIABLE|P0210133000|1|0|1.0|INDIVIDUAL|VARIABLE|P0210133000|1|0|1.0|INDIVIDUAL|VARIABLE|P0210133000|1|0|1.0|INDIVIDUAL|VARIABLE|P0210133000|1|0|1.0|INDIVIDUAL|VARIABLE|P0210133000|1|0|1.0|INDIVIDUAL|VARIABLE|P0210133000|1|0|1.0|INDIVIDUAL|VARIABLE|P0210133000|1|0|1.0|INDIVIDUAL|VARIABLE|P0210133000|1|0|1.0|INDIVIDUAL|VARIABLE|P0210133000|1|0|1.0|INDIVIDUAL|VARIABLE|P0210133000|1|0|1.0|INDIVIDUAL|VARIABLE|P0210133000|1|0|1.0|INDIVIDUAL|VARIABLE|P0210133000|1|0|1.0|INDIVIDUAL|VARIABLE|P0210133000|1|0|1.0|INDIVIDUAL|VARIABLE|P0210133000|1|0|1.0|INDIVIDUAL|VARIABLE|P0210133000|1|0|1.0|INDIVIDUAL|VARIABLE|P0210133000|1|0|1.0|INDIVIDUAL|VARIABLE|P0210133000|1|0|1.0|INDIVIDUAL|VARIABLE|P0210133000|1|0|1.0|INDIVIDUAL|VARIABLE|P0210133000|1|0|1.0|INDIVIDUAL|VARIABLE|P0210133000|1|0|1.0|INDIVIDUAL|VARIABLE|P0210133000|1|0|1.0|INDIVIDUAL|VARIABLE|P0210133000|1|0|1.0|INDIVIDUAL|VARIABLE|P0210133000|1|0|1.0|INDIVIDUAL|VARIABLE|P0210133000|1|0|1.0|INDIVIDUAL|VARIABLE|P0210133000|1|0|1.0|INDIVIDUAL|VARIABLE|P0210133000|1|0|1.0|INDIVIDUAL|VARIABLE|P0210133000|1|0|1.0|INDIVIDUAL|VARIABLE|P0210133000|1|0|1.0|INDIVIDUAL|VARIABLE|P0210133000|1|0|1.0|INDIVIDUAL|VARIABLE|P0210133000|1|0|1.0|INDIVIDUAL|VARIABLE|P0210133000|1|0|1.0|INDIVIDUAL|VARIABLE|P0210133000|1|0|1.0|INDIVIDUAL|VARIABLE|P0210133000|1|0|1.0|INDIVIDUAL|VARIABLE|P0210133000|1|0|1.0|INDIVIDUAL|VARIABLE|P0210133000|1|0|1.0|INDIVIDUAL|VARIABLE|P0210133000|1|0|1.0|INDIVIDUAL|VARIABLE|P0210133000|1|0|1.0|INDIVIDUAL|VARIABLE|P0210133000|1|0|1.0|INDIVIDUAL|VARIABLE|P0210133000|1|0|1.0|INDIVIDUAL|VARIABLE|P0210133000|1|0|1.0|INDIVIDUAL|VARIABLE|P0210133000|1|0|1.0|INDIVIDUAL|VARIABLE|P0210133000|1|0|1.0|INDIVIDUAL|VARIABLE|P0210133000|1|0|1.0|INDIVIDUAL|VARIABLE|P0210133000|1|0|1.0|INDIVIDUAL|VARIABLE|P0210133000|1|0|1.0|INDIVIDUAL|VARIABLE|P0210133000|1|0|1.0|INDIVIDUAL|VARIABLE|P0210133000|1|0|1.0|INDIVIDUAL|VARIABLE|P0210133000|1|0|1.0|INDIVIDUAL|VARIABLE|P0210133000|1|0|1.0|INDIVIDUAL|VARIABLE|P0210133000|1|0|1.0
586,INDIVIDUAL|VARIABLE|P0210085000|1|0|1.0|INDIVIDUAL|VARIABLE|P0210085000|1|0|1.0|INDIVIDUAL|VARIABLE|P0210085000|1|0|1.0|INDIVIDUAL|VARIABLE|P0210085000|1|0|1.0|INDIVIDUAL|VARIABLE|P0210085000|1|0|1.0|INDIVIDUAL|VARIABLE|P0210085000|1|0|1.0|INDIVIDUAL|VARIABLE|P0210085000|1|0|1.0|INDIVIDUAL|VARIABLE|P0210085000|1|0|1.0|INDIVIDUAL|VARIABLE|P0210085000|1|0|1.0|INDIVIDUAL|VARIABLE|P0210085000|1|0|1.0|INDIVIDUAL|VARIABLE|P0210085000|1|0|1.0|INDIVIDUAL|VARIABLE|P0210085000|1|0|1.0|INDIVIDUAL|VARIABLE|P0210085000|1|0|1.0|INDIVIDUAL|VARIABLE|P0210085000|1|0|1.0|INDIVIDUAL|VARIABLE|P0210085000|1|0|1.0|INDIVIDUAL|VARIABLE|P0210085000|1|0|1.0|INDIVIDUAL|VARIABLE|P0210085000|1|0|1.0|INDIVIDUAL|VARIABLE|P0210085000|1|0|1.0|INDIVIDUAL|VARIABLE|P0210085000|1|0|1.0|INDIVIDUAL|VARIABLE|P0210085000|1|0|1.0|INDIVIDUAL|VARIABLE|P0210085000|1|0|1.0|INDIVIDUAL|VARIABLE|P0210085000|1|0|1.0|INDIVIDUAL|VARIABLE|P0210085000|1|0|1.0|INDIVIDUAL|VARIABLE|P0210085000|1|0|1.0|INDIVIDUAL|VARIABLE|P0210085000|1|0|1.0|INDIVIDUAL|VARIABLE|P0210085000|1|0|1.0|INDIVIDUAL|VARIABLE|P0210085000|1|0|1.0|INDIVIDUAL|VARIABLE|P0210085000|1|0|1.0|INDIVIDUAL|VARIABLE|P0210085000|1|0|1.0|INDIVIDUAL|VARIABLE|P0210085000|1|0|1.0|INDIVIDUAL|VARIABLE|P0210085000|1|0|1.0|INDIVIDUAL|VARIABLE|P0210085000|1|0|1.0|INDIVIDUAL|VARIABLE|P0210085000|1|0|1.0|INDIVIDUAL|VARIABLE|P0210085000|1|0|1.0|INDIVIDUAL|VARIABLE|P0210085000|1|0|1.0|INDIVIDUAL|VARIABLE|P0210085000|1|0|1.0|INDIVIDUAL|VARIABLE|P0210085000|1|0|1.0|INDIVIDUAL|VARIABLE|P0210085000|1|0|1.0|INDIVIDUAL|VARIABLE|P0210085000|1|0|1.0|INDIVIDUAL|VARIABLE|P0210085000|1|0|1.0|INDIVIDUAL|VARIABLE|P0210085000|1|0|1.0|INDIVIDUAL|VARIABLE|P0210085000|1|0|1.0|INDIVIDUAL|VARIABLE|P0210085000|1|0|1.0|INDIVIDUAL|VARIABLE|P0210085000|1|0|1.0|INDIVIDUAL|VARIABLE|P0210085000|1|0|1.0|INDIVIDUAL|VARIABLE|P0210085000|1|0|1.0|INDIVIDUAL|VARIABLE|P0210085000|1|0|1.0|INDIVIDUAL|VARIABLE|P0210085000|1|0|1.0|INDIVIDUAL|VARIABLE|P0210085000|1|0|1.0|INDIVIDUAL|VARIABLE|P0210085000|1|0|1.0|INDIVIDUAL|VARIABLE|P0210085000|1|0|1.0|INDIVIDUAL|VARIABLE|P0210085000|1|0|1.0|INDIVIDUAL|VARIABLE|P0210085000|1|0|1.0|INDIVIDUAL|VARIABLE|P0210085000|1|0|1.0|INDIVIDUAL|VARIABLE|P0210085000|1|0|1.0|INDIVIDUAL|VARIABLE|P0210085000|1|0|1.0|INDIVIDUAL|VARIABLE|P0210085000|1|0|1.0|INDIVIDUAL|VARIABLE|P0210085000|1|0|1.0|INDIVIDUAL|VARIABLE|P0210085000|1|0|1.0|INDIVIDUAL|VARIABLE|P0210085000|1|0|1.0|INDIVIDUAL|VARIABLE|P0210085000|1|0|1.0|INDIVIDUAL|VARIABLE|P0210085000|1|0|1.0|INDIVIDUAL|VARIABLE|P0210085000|1|0|1.0|INDIVIDUAL|VARIABLE|P0210085000|1|0|1.0|INDIVIDUAL|VARIABLE|P0210085000|1|0|1.0|INDIVIDUAL|VARIABLE|P0210085000|1|0|1.0|INDIVIDUAL|VARIABLE|P0210085000|1|0|1.0|INDIVIDUAL|VARIABLE|P0210085000|1|0|1.0|INDIVIDUAL|VARIABLE|P0210085000|1|0|1.0|INDIVIDUAL|VARIABLE|P0210085000|1|0|1.0|INDIVIDUAL|VARIABLE|P0210085000|1|0|1.0|INDIVIDUAL|VARIABLE|P0210085000|1|0|1.0|INDIVIDUAL|VARIABLE|P0210085000|1|0|1.0|INDIVIDUAL|VARIABLE|P0210085000|1|0|1.0|INDIVIDUAL|VARIABLE|P0210085000|1|0|1.0|INDIVIDUAL|VARIABLE|P0210085000|1|0|1.0|INDIVIDUAL|VARIABLE|P0210085000|1|0|1.0|INDIVIDUAL|VARIABLE|P0210085000|1|0|1.0|INDIVIDUAL|VARIABLE|P0210085000|1|0|1.0|INDIVIDUAL|VARIABLE|P0210085000|1|0|1.0|INDIVIDUAL|VARIABLE|P0210085000|1|0|1.0|INDIVIDUAL|VARIABLE|P0210085000|1|0|1.0|INDIVIDUAL|VARIABLE|P0210085000|1|0|1.0|INDIVIDUAL|VARIABLE|P0210085000|1|0|1.0|INDIVIDUAL|VARIABLE|P0210085000|1|0|1.0|INDIVIDUAL|VARIABLE|P0210085000|1|0|1.0|INDIVIDUAL|VARIABLE|P0210085000|1|0|1.0|INDIVIDUAL|VARIABLE|P0210085000|1|0|1.0|INDIVIDUAL|VARIABLE|P0210085000|1|0|1.0|INDIVIDUAL|VARIABLE|P0210085000|1|0|1.0|INDIVIDUAL|VARIABLE|P0210085000|1|0|1.0|INDIVIDUAL|VARIABLE|P0210085000|1|0|1.0|INDIVIDUAL|VARIABLE|P0210085000|1|0|1.0|INDIVIDUAL|VARIABLE|P0210085000|1|0|1.0|INDIVIDUAL|VARIABLE|P0210085000|1|0|1.0|INDIVIDUAL|VARIABLE|P0210085000|1|0|1.0|INDIVIDUAL|VARIABLE|P0210085000|1|0|1.0|INDIVIDUAL|VARIABLE|P0210085000|1|0|1.0|INDIVIDUAL|VARIABLE|P0210085000|1|0|1.0|INDIVIDUAL|VARIABLE|P0210085000|1|0|1.0|INDIVIDUAL|VARIABLE|P0210085000|1|0|1.0|INDIVIDUAL|VARIABLE|P0210085000|1|0|1.0|INDIVIDUAL|VARIABLE|P0210085000|1|0|1.0|INDIVIDUAL|VARIABLE|P0210085000|1|0|1.0|INDIVIDUAL|VARIABLE|P0210085000|1|0|1.0|INDIVIDUAL|VARIABLE|P0210085000|1|0|1.0|INDIVIDUAL|VARIABLE|P0210085000|1|0|1.0|INDIVIDUAL|VARIABLE|P0210085000|1|0|1.0|INDIVIDUAL|VARIABLE|P0210085000|1|0|1.0|INDIVIDUAL|VARIABLE|P0210085000|1|0|1.0|INDIVIDUAL|VARIABLE|P0210085000|1|0|1.0|INDIVIDUAL|VARIABLE|P0210085000|1|0|1.0|INDIVIDUAL|VARIABLE|P0210085000|1|0|1.0|INDIVIDUAL|VARIABLE|P0210085000|1|0|1.0|INDIVIDUAL|VARIABLE|P0210085000|1|0|1.0|INDIVIDUAL|VARIABLE|P0210085000|1|0|1.0|INDIVIDUAL|VARIABLE|P0210085000|1|0|1.0|INDIVIDUAL|VARIABLE|P0210085000|1|0|1.0|INDIVIDUAL|VARIABLE|P0210085000|1|0|1.0|INDIVIDUAL|VARIABLE|P0210085000|1|0|1.0|INDIVIDUAL|VARIABLE|P0210085000|1|0|1.0|INDIVIDUAL|VARIABLE|P0210085000|1|0|1.0|INDIVIDUAL|VARIABLE|P0210085000|1|0|1.0|INDIVIDUAL|VARIABLE|P0210085000|1|0|1.0|INDIVIDUAL|VARIABLE|P0210085000|1|0|1.0|INDIVIDUAL|VARIABLE|P0210085000|1|0|1.0|INDIVIDUAL|VARIABLE|P0210085000|1|0|1.0|INDIVIDUAL|VARIABLE|P0210085000|1|0|1.0|INDIVIDUAL|VARIABLE|P0210085000|1|0|1.0|INDIVIDUAL|VARIABLE|P0210085000|1|0|1.0|INDIVIDUAL|VARIABLE|P0210085000|1|0|1.0|INDIVIDUAL|VARIABLE|P0210085000|1|0|1.0|INDIVIDUAL|VARIABLE|P0210085000|1|0|1.0|INDIVIDUAL|VARIABLE|P0210085000|1|0|1.0|INDIVIDUAL|VARIABLE|P0210085000|1|0|1.0|INDIVIDUAL|VARIABLE|P0210085000|1|0|1.0|INDIVIDUAL|VARIABLE|P0210085000|1|0|1.0|INDIVIDUAL|VARIABLE|P0210085000|1|0|1.0|INDIVIDUAL|VARIABLE|P0210085000|1|0|1.0|INDIVIDUAL|VARIABLE|P0210085000|1|0|1.0|INDIVIDUAL|VARIABLE|P0210085000|1|0|1.0|INDIVIDUAL|VARIABLE|P0210085000|1|0|1.0|INDIVIDUAL|VARIABLE|P0210085000|1|0|1.0|INDIVIDUAL|VARIABLE|P0210085000|1|0|1.0|INDIVIDUAL|VARIABLE|P0210085000|1|0|1.0|INDIVIDUAL|VARIABLE|P0210085000|1|0|1.0|INDIVIDUAL|VARIABLE|P0210085000|1|0|1.0|INDIVIDUAL|VARIABLE|P0210085000|1|0|1.0|INDIVIDUAL|VARIABLE|P0210085000|1|0|1.0|INDIVIDUAL|VARIABLE|P0210085000|1|0|1.0|INDIVIDUAL|VARIABLE|P0210085000|1|0|1.0|INDIVIDUAL|VARIABLE|P0210085000|1|0|1.0|INDIVIDUAL|VARIABLE|P0210085000|1|0|1.0|INDIVIDUAL|VARIABLE|P0210085000|1|0|1.0|INDIVIDUAL|VARIABLE|P0210085000|1|0|1.0|INDIVIDUAL|VARIABLE|P0210085000|1|0|1.0|INDIVIDUAL|VARIABLE|P0210085000|1|0|1.0|INDIVIDUAL|VARIABLE|P0210085000|1|0|1.0|INDIVIDUAL|VARIABLE|P0210085000|1|0|1.0|INDIVIDUAL|VARIABLE|P0210085000|1|0|1.0|INDIVIDUAL|VARIABLE|P0210085000|1|0|1.0|INDIVIDUAL|VARIABLE|P0210085000|1|0|1.0|INDIVIDUAL|VARIABLE|P0210085000|1|0|1.0|INDIVIDUAL|VARIABLE|P0210085000|1|0|1.0|INDIVIDUAL|VARIABLE|P0210085000|1|0|1.0|INDIVIDUAL|VARIABLE|P0210085000|1|0|1.0|INDIVIDUAL|VARIABLE|P0210085000|1|0|1.0|INDIVIDUAL|VARIABLE|P0210085000|1|0|1.0|INDIVIDUAL|VARIABLE|P0210085000|1|0|1.0|INDIVIDUAL|VARIABLE|P0210085000|1|0|1.0|INDIVIDUAL|VARIABLE|P0210085000|1|0|1.0|INDIVIDUAL|VARIABLE|P0210085000|1|0|1.0|INDIVIDUAL|VARIABLE|P0210085000|1|0|1.0|INDIVIDUAL|VARIABLE|P0210085000|1|0|1.0|INDIVIDUAL|VARIABLE|P0210085000|1|0|1.0|INDIVIDUAL|VARIABLE|P0210085000|1|0|1.0|INDIVIDUAL|VARIABLE|P0210085000|1|0|1.0|INDIVIDUAL|VARIABLE|P0210085000|1|0|1.0|INDIVIDUAL|VARIABLE|P0210085000|1|0|1.0|INDIVIDUAL|VARIABLE|P0210085000|1|0|1.0|INDIVIDUAL|VARIABLE|P0210085000|1|0|1.0|INDIVIDUAL|VARIABLE|P0210085000|1|0|1.0|INDIVIDUAL|VARIABLE|P0210085000|1|0|1.0|INDIVIDUAL|VARIABLE|P0210085000|1|0|1.0|INDIVIDUAL|VARIABLE|P0210085000|1|0|1.0|INDIVIDUAL|VARIABLE|P0210085000|1|0|1.0|INDIVIDUAL|VARIABLE|P0210085000|1|0|1.0|INDIVIDUAL|VARIABLE|P0210085000|1|0|1.0|INDIVIDUAL|VARIABLE|P0210085000|1|0|1.0|INDIVIDUAL|VARIABLE|P0210085000|1|0|1.0|INDIVIDUAL|VARIABLE|P0210085000|1|0|1.0|INDIVIDUAL|VARIABLE|P0210085000|1|0|1.0|INDIVIDUAL|VARIABLE|P0210085000|1|0|1.0|INDIVIDUAL|VARIABLE|P0210085000|1|0|1.0|INDIVIDUAL|VARIABLE|P0210085000|1|0|1.0|INDIVIDUAL|VARIABLE|P0210085000|1|0|1.0|INDIVIDUAL|VARIABLE|P0210085000|1|0|1.0|INDIVIDUAL|VARIABLE|P0210085000|1|0|1.0|INDIVIDUAL|VARIABLE|P0210085000|1|0|1.0|INDIVIDUAL|VARIABLE|P0210085000|1|0|1.0|INDIVIDUAL|VARIABLE|P0210085000|1|0|1.0|INDIVIDUAL|VARIABLE|P0210085000|1|0|1.0|INDIVIDUAL|VARIABLE|P0210085000|1|0|1.0|INDIVIDUAL|VARIABLE|P0210085000|1|0|1.0|INDIVIDUAL|VARIABLE|P0210085000|1|0|1.0|INDIVIDUAL|VARIABLE|P0210085000|1|0|1.0|INDIVIDUAL|VARIABLE|P0210085000|1|0|1.0|INDIVIDUAL|VARIABLE|P0210085000|1|0|1.0|INDIVIDUAL|VARIABLE|P0210085000|1|0|1.0|INDIVIDUAL|VARIABLE|P0210085000|1|0|1.0|INDIVIDUAL|VARIABLE|P0210085000|1|0|1.0|INDIVIDUAL|VARIABLE|P0210085000|1|0|1.0|INDIVIDUAL|VARIABLE|P0210085000|1|0|1.0|INDIVIDUAL|VARIABLE|P0210085000|1|0|1.0|INDIVIDUAL|VARIABLE|P0210085000|1|0|1.0|INDIVIDUAL|VARIABLE|P0210085000|1|0|1.0|INDIVIDUAL|VARIABLE|P0210085000|1|0|1.0|INDIVIDUAL|VARIABLE|P0210085000|1|0|1.0|INDIVIDUAL|VARIABLE|P0210085000|1|0|1.0|INDIVIDUAL|VARIABLE|P0210085000|1|0|1.0|INDIVIDUAL|VARIABLE|P0210085000|1|0|1.0|INDIVIDUAL|VARIABLE|P0210085000|1|0|1.0|INDIVIDUAL|VARIABLE|P0210085000|1|0|1.0|INDIVIDUAL|VARIABLE|P0210085000|1|0|1.0|INDIVIDUAL|VARIABLE|P0210085000|1|0|1.0|INDIVIDUAL|VARIABLE|P0210085000|1|0|1.0|INDIVIDUAL|VARIABLE|P0210085000|1|0|1.0|INDIVIDUAL|VARIABLE|P0210085000|1|0|1.0|INDIVIDUAL|VARIABLE|P0210085000|1|0|1.0|INDIVIDUAL|VARIABLE|P0210085000|1|0|1.0|INDIVIDUAL|VARIABLE|P0210085000|1|0|1.0
587,INDIVIDUAL|VARIABLE|P0210085000|1|0|1.0|INDIVIDUAL|VARIABLE|P0210085000|1|0|1.0|INDIVIDUAL|VARIABLE|P0210085000|1|0|1.0|INDIVIDUAL|VARIABLE|P0210085000|1|0|1.0|INDIVIDUAL|VARIABLE|P0210085000|1|0|1.0|INDIVIDUAL|VARIABLE|P0210085000|1|0|1.0|INDIVIDUAL|VARIABLE|P0210085000|1|0|1.0|INDIVIDUAL|VARIABLE|P0210085000|1|0|1.0|INDIVIDUAL|VARIABLE|P0210085000|1|0|1.0|INDIVIDUAL|VARIABLE|P0210085000|1|0|1.0|INDIVIDUAL|VARIABLE|P0210085000|1|0|1.0|INDIVIDUAL|VARIABLE|P0210085000|1|0|1.0|INDIVIDUAL|VARIABLE|P0210085000|1|0|1.0|INDIVIDUAL|VARIABLE|P0210085000|1|0|1.0|INDIVIDUAL|VARIABLE|P0210085000|1|0|1.0|INDIVIDUAL|VARIABLE|P0210085000|1|0|1.0|INDIVIDUAL|VARIABLE|P0210085000|1|0|1.0|INDIVIDUAL|VARIABLE|P0210085000|1|0|1.0|INDIVIDUAL|VARIABLE|P0210085000|1|0|1.0|INDIVIDUAL|VARIABLE|P0210085000|1|0|1.0|INDIVIDUAL|VARIABLE|P0210085000|1|0|1.0|INDIVIDUAL|VARIABLE|P0210085000|1|0|1.0|INDIVIDUAL|VARIABLE|P0210085000|1|0|1.0|INDIVIDUAL|VARIABLE|P0210085000|1|0|1.0|INDIVIDUAL|VARIABLE|P0210085000|1|0|1.0|INDIVIDUAL|VARIABLE|P0210085000|1|0|1.0|INDIVIDUAL|VARIABLE|P0210085000|1|0|1.0|INDIVIDUAL|VARIABLE|P0210085000|1|0|1.0|INDIVIDUAL|VARIABLE|P0210085000|1|0|1.0|INDIVIDUAL|VARIABLE|P0210085000|1|0|1.0|INDIVIDUAL|VARIABLE|P0210085000|1|0|1.0|INDIVIDUAL|VARIABLE|P0210085000|1|0|1.0|INDIVIDUAL|VARIABLE|P0210085000|1|0|1.0|INDIVIDUAL|VARIABLE|P0210085000|1|0|1.0|INDIVIDUAL|VARIABLE|P0210085000|1|0|1.0|INDIVIDUAL|VARIABLE|P0210085000|1|0|1.0|INDIVIDUAL|VARIABLE|P0210085000|1|0|1.0|INDIVIDUAL|VARIABLE|P0210085000|1|0|1.0|INDIVIDUAL|VARIABLE|P0210085000|1|0|1.0|INDIVIDUAL|VARIABLE|P0210085000|1|0|1.0|INDIVIDUAL|VARIABLE|P0210085000|1|0|1.0|INDIVIDUAL|VARIABLE|P0210085000|1|0|1.0|INDIVIDUAL|VARIABLE|P0210085000|1|0|1.0|INDIVIDUAL|VARIABLE|P0210085000|1|0|1.0|INDIVIDUAL|VARIABLE|P0210085000|1|0|1.0|INDIVIDUAL|VARIABLE|P0210085000|1|0|1.0|INDIVIDUAL|VARIABLE|P0210085000|1|0|1.0|INDIVIDUAL|VARIABLE|P0210085000|1|0|1.0|INDIVIDUAL|VARIABLE|P0210085000|1|0|1.0|INDIVIDUAL|VARIABLE|P0210085000|1|0|1.0|INDIVIDUAL|VARIABLE|P0210085000|1|0|1.0|INDIVIDUAL|VARIABLE|P0210085000|1|0|1.0|INDIVIDUAL|VARIABLE|P0210085000|1|0|1.0|INDIVIDUAL|VARIABLE|P0210085000|1|0|1.0|INDIVIDUAL|VARIABLE|P0210085000|1|0|1.0|INDIVIDUAL|VARIABLE|P0210085000|1|0|1.0|INDIVIDUAL|VARIABLE|P0210085000|1|0|1.0|INDIVIDUAL|VARIABLE|P0210085000|1|0|1.0|INDIVIDUAL|VARIABLE|P0210085000|1|0|1.0|INDIVIDUAL|VARIABLE|P0210085000|1|0|1.0|INDIVIDUAL|VARIABLE|P0210085000|1|0|1.0|INDIVIDUAL|VARIABLE|P0210085000|1|0|1.0|INDIVIDUAL|VARIABLE|P0210085000|1|0|1.0|INDIVIDUAL|VARIABLE|P0210085000|1|0|1.0|INDIVIDUAL|VARIABLE|P0210085000|1|0|1.0|INDIVIDUAL|VARIABLE|P0210085000|1|0|1.0|INDIVIDUAL|VARIABLE|P0210085000|1|0|1.0|INDIVIDUAL|VARIABLE|P0210085000|1|0|1.0|INDIVIDUAL|VARIABLE|P0210085000|1|0|1.0|INDIVIDUAL|VARIABLE|P0210085000|1|0|1.0|INDIVIDUAL|VARIABLE|P0210085000|1|0|1.0|INDIVIDUAL|VARIABLE|P0210085000|1|0|1.0|INDIVIDUAL|VARIABLE|P0210085000|1|0|1.0|INDIVIDUAL|VARIABLE|P0210085000|1|0|1.0|INDIVIDUAL|VARIABLE|P0210085000|1|0|1.0|INDIVIDUAL|VARIABLE|P0210085000|1|0|1.0|INDIVIDUAL|VARIABLE|P0210085000|1|0|1.0|INDIVIDUAL|VARIABLE|P0210085000|1|0|1.0|INDIVIDUAL|VARIABLE|P0210085000|1|0|1.0|INDIVIDUAL|VARIABLE|P0210085000|1|0|1.0|INDIVIDUAL|VARIABLE|P0210085000|1|0|1.0|INDIVIDUAL|VARIABLE|P0210085000|1|0|1.0|INDIVIDUAL|VARIABLE|P0210085000|1|0|1.0|INDIVIDUAL|VARIABLE|P0210085000|1|0|1.0|INDIVIDUAL|VARIABLE|P0210085000|1|0|1.0|INDIVIDUAL|VARIABLE|P0210085000|1|0|1.0|INDIVIDUAL|VARIABLE|P0210085000|1|0|1.0|INDIVIDUAL|VARIABLE|P0210085000|1|0|1.0|INDIVIDUAL|VARIABLE|P0210085000|1|0|1.0|INDIVIDUAL|VARIABLE|P0210085000|1|0|1.0|INDIVIDUAL|VARIABLE|P0210085000|1|0|1.0|INDIVIDUAL|VARIABLE|P0210085000|1|0|1.0|INDIVIDUAL|VARIABLE|P0210085000|1|0|1.0|INDIVIDUAL|VARIABLE|P0210085000|1|0|1.0|INDIVIDUAL|VARIABLE|P0210085000|1|0|1.0|INDIVIDUAL|VARIABLE|P0210085000|1|0|1.0|INDIVIDUAL|VARIABLE|P0210085000|1|0|1.0|INDIVIDUAL|VARIABLE|P0210085000|1|0|1.0|INDIVIDUAL|VARIABLE|P0210085000|1|0|1.0|INDIVIDUAL|VARIABLE|P0210085000|1|0|1.0
588,INDIVIDUAL|VARIABLE|P0292082007|1|0|1.0|INDIVIDUAL|VARIABLE|P0292082007|1|0|1.0|INDIVIDUAL|VARIABLE|P0292082007|1|0|1.0|INDIVIDUAL|VARIABLE|P0292082007|1|0|1.0|INDIVIDUAL|VARIABLE|P0292082007|1|0|1.0|INDIVIDUAL|VARIABLE|P0292082007|1|0|1.0|INDIVIDUAL|VARIABLE|P0292082007|1|0|1.0|INDIVIDUAL|VARIABLE|P0292082007|1|0|1.0|INDIVIDUAL|VARIABLE|P0292082007|1|0|1.0|INDIVIDUAL|VARIABLE|P0292082007|1|0|1.0|INDIVIDUAL|VARIABLE|P0292082007|1|0|1.0|INDIVIDUAL|VARIABLE|P0292082007|1|0|1.0|INDIVIDUAL|VARIABLE|P0292082007|1|0|1.0|INDIVIDUAL|VARIABLE|P0292082007|1|0|1.0|INDIVIDUAL|VARIABLE|P0292082007|1|0|1.0|INDIVIDUAL|VARIABLE|P0292082007|1|0|1.0|INDIVIDUAL|VARIABLE|P0292082007|1|0|1.0|INDIVIDUAL|VARIABLE|P0292082007|1|0|1.0|INDIVIDUAL|VARIABLE|P0292082007|1|0|1.0|INDIVIDUAL|VARIABLE|P0292082007|1|0|1.0|INDIVIDUAL|VARIABLE|P0292082007|1|0|1.0|INDIVIDUAL|VARIABLE|P0292082007|1|0|1.0|INDIVIDUAL|VARIABLE|P0292082007|1|0|1.0|INDIVIDUAL|VARIABLE|P0292082007|1|0|1.0|INDIVIDUAL|VARIABLE|P0292082007|1|0|1.0|INDIVIDUAL|VARIABLE|P0292082007|1|0|1.0|INDIVIDUAL|VARIABLE|P0292082007|1|0|1.0|INDIVIDUAL|VARIABLE|P0292082007|1|0|1.0|INDIVIDUAL|VARIABLE|P0292082007|1|0|1.0|INDIVIDUAL|VARIABLE|P0292082007|1|0|1.0|INDIVIDUAL|VARIABLE|P0292082007|1|0|1.0|INDIVIDUAL|VARIABLE|P0292082007|1|0|1.0|INDIVIDUAL|VARIABLE|P0292082007|1|0|1.0
589,INDIVIDUAL|VARIABLE|P0210055000|1|0|1.0|INDIVIDUAL|VARIABLE|P0210055000|1|0|1.0|INDIVIDUAL|VARIABLE|P0210055000|1|0|1.0|INDIVIDUAL|VARIABLE|P0210055000|1|0|1.0|INDIVIDUAL|VARIABLE|P0210055000|1|0|1.0|INDIVIDUAL|VARIABLE|P0210055000|1|0|1.0|INDIVIDUAL|VARIABLE|P0210055000|1|0|1.0|INDIVIDUAL|VARIABLE|P0210055000|1|0|1.0|INDIVIDUAL|VARIABLE|P0210055000|1|0|1.0|INDIVIDUAL|VARIABLE|P0210055000|1|0|1.0|INDIVIDUAL|VARIABLE|P0210055000|1|0|1.0|INDIVIDUAL|VARIABLE|P0210055000|1|0|1.0|INDIVIDUAL|VARIABLE|P0210055000|1|0|1.0|INDIVIDUAL|VARIABLE|P0210055000|1|0|1.0|INDIVIDUAL|VARIABLE|P0210055000|1|0|1.0|INDIVIDUAL|VARIABLE|P0210055000|1|0|1.0|INDIVIDUAL|VARIABLE|P0210055000|1|0|1.0|INDIVIDUAL|VARIABLE|P0210055000|1|0|1.0|INDIVIDUAL|VARIABLE|P0210055000|1|0|1.0|INDIVIDUAL|VARIABLE|P0210055000|1|0|1.0|INDIVIDUAL|VARIABLE|P0210055000|1|0|1.0|INDIVIDUAL|VARIABLE|P0210055000|1|0|1.0|INDIVIDUAL|VARIABLE|P0210055000|1|0|1.0|INDIVIDUAL|VARIABLE|P0210055000|1|0|1.0|INDIVIDUAL|VARIABLE|P0210055000|1|0|1.0|INDIVIDUAL|VARIABLE|P0210055000|1|0|1.0|INDIVIDUAL|VARIABLE|P0210055000|1|0|1.0|INDIVIDUAL|VARIABLE|P0210055000|1|0|1.0|INDIVIDUAL|VARIABLE|P0210055000|1|0|1.0|INDIVIDUAL|VARIABLE|P0210055000|1|0|1.0|INDIVIDUAL|VARIABLE|P0210055000|1|0|1.0|INDIVIDUAL|VARIABLE|P0210055000|1|0|1.0|INDIVIDUAL|VARIABLE|P0210055000|1|0|1.0|INDIVIDUAL|VARIABLE|P0210055000|1|0|1.0|INDIVIDUAL|VARIABLE|P0210055000|1|0|1.0|INDIVIDUAL|VARIABLE|P0210055000|1|0|1.0|INDIVIDUAL|VARIABLE|P0210055000|1|0|1.0|INDIVIDUAL|VARIABLE|P0210055000|1|0|1.0|INDIVIDUAL|VARIABLE|P0210055000|1|0|1.0|INDIVIDUAL|VARIABLE|P0210055000|1|0|1.0
591,SET FIJO|FIJO|200100407|0|0|1.0|SET FIJO|FIJO|200100407|0|0|1.0|SET FIJO|FIJO|200100407|0|0|1.0|SET FIJO|FIJO|200091328|1|0|1.0|SET FIJO|FIJO|200091328|1|0|1.0|SET FIJO|FIJO|200091328|1|0|1.0|SET FIJO|FIJO|200091328|1|0|1.0|SET FIJO|FIJO|200091328|1|0|1.0|SET FIJO|FIJO|200100407|0|0|1.0|SET FIJO|FIJO|200091328|1|0|1.0|SET FIJO|FIJO|200091328|1|0|1.0|SET FIJO|FIJO|200091328|1|0|1.0|SET FIJO|FIJO|200091328|1|0|1.0|SET FIJO|FIJO|200091328|1|0|1.0|SET FIJO|FIJO|200091328|1|0|1.0|SET FIJO|FIJO|200100407|0|0|1.0|SET FIJO|FIJO|200100407|0|0|1.0|SET FIJO|FIJO|200100407|0|0|1.0|SET FIJO|FIJO|200100407|0|0|1.0|SET FIJO|FIJO|200100407|0|0|1.0|SET FIJO|FIJO|200100407|0|0|1.0
592,SET FIJO|FIJO|200108044|0|0|1.0|SET FIJO|FIJO|200108044|0|0|1.0|SET FIJO|FIJO|200108044|0|0|1.0|SET FIJO|FIJO|200108044|0|0|1.0|SET FIJO|FIJO|200108044|0|0|1.0|SET FIJO|FIJO|200108044|0|0|1.0|SET FIJO|FIJO|200108044|0|0|1.0|SET FIJO|FIJO|200098555|1|0|1.0|SET FIJO|FIJO|200098555|1|0|1.0|SET FIJO|FIJO|200098555|1|0|1.0|SET FIJO|FIJO|200098555|1|0|1.0|SET FIJO|FIJO|200098555|1|0|1.0|SET FIJO|FIJO|200098555|1|0|1.0|SET FIJO|FIJO|200098555|1|0|1.0|SET FIJO|FIJO|200098555|1|0|1.0|SET FIJO|FIJO|200108044|0|0|1.0|SET FIJO|FIJO|200108044|0|0|1.0|SET FIJO|FIJO|200098555|1|0|1.0|SET FIJO|FIJO|200098555|1|0|1.0|SET FIJO|FIJO|200098555|1|0|1.0|SET FIJO|FIJO|200108044|0|0|1.0
593,SET FIJO|FIJO|P0210060001|0|0|1.0|SET FIJO|FIJO|P0210060001|0|0|1.0|SET FIJO|FIJO|P0210060001|0|0|1.0|SET FIJO|FIJO|P0210060001|0|0|1.0|SET FIJO|FIJO|P0210060001|0|0|1.0|SET FIJO|FIJO|P0210060001|0|0|1.0|SET FIJO|FIJO|P0292082007|0|0|1.0|SET FIJO|FIJO|P0210060001|0|0|1.0|SET FIJO|FIJO|P0292082007|0|0|1.0|SET FIJO|FIJO|P0292082007|0|0|1.0|SET FIJO|FIJO|P0210060001|0|0|1.0|SET FIJO|FIJO|P0210060001|0|0|1.0|SET FIJO|FIJO|P0210060001|0|0|1.0|SET FIJO|FIJO|200113548|1|0|1.0|SET FIJO|FIJO|P0292082007|0|0|1.0|SET FIJO|FIJO|P0292082007|0|0|1.0|SET FIJO|FIJO|P0292082007|0|0|1.0|SET FIJO|FIJO|P0292082007|0|0|1.0|SET FIJO|FIJO|P0292082007|0|0|1.0|SET FIJO|FIJO|P0292082007|0|0|1.0|SET FIJO|FIJO|P0292082007|0|0|1.0|SET FIJO|FIJO|P0292082007|0|0|1.0|SET FIJO|FIJO|200113548|1|0|1.0|SET FIJO|FIJO|200113548|1|0|1.0|SET FIJO|FIJO|200113548|1|0|1.0|SET FIJO|FIJO|200113548|1|0|1.0|SET FIJO|FIJO|200113548|1|0|1.0|SET FIJO|FIJO|200113548|1|0|1.0|SET FIJO|FIJO|200113548|1|0|1.0|SET FIJO|FIJO|200113548|1|0|1.0|SET FIJO|FIJO|200113548|1|0|1.0|SET FIJO|FIJO|200113548|1|0|1.0
594,SET FIJO|FIJO|200099702|0|0|1.0|SET FIJO|FIJO|200099702|0|0|1.0|SET FIJO|FIJO|200099702|0|0|1.0|SET FIJO|FIJO|200118363|1|0|1.0|SET FIJO|FIJO|200118363|1|0|1.0|SET FIJO|FIJO|200118363|1|0|1.0|SET FIJO|FIJO|200118363|1|0|1.0|SET FIJO|FIJO|200118363|1|0|1.0|SET FIJO|FIJO|200118363|1|0|1.0|SET FIJO|FIJO|200118363|1|0|1.0|SET FIJO|FIJO|200118363|1|0|1.0|SET FIJO|FIJO|200118363|1|0|1.0|SET FIJO|FIJO|200118363|1|0|1.0|SET FIJO|FIJO|200099702|0|0|1.0|SET FIJO|FIJO|200099702|0|0|1.0|SET FIJO|FIJO|200099702|0|0|1.0|SET FIJO|FIJO|200099702|0|0|1.0|SET FIJO|FIJO|200099702|0|0|1.0|SET FIJO|FIJO|200099702|0|0|1.0|SET FIJO|FIJO|200099702|0|0|1.0
595,SET FIJO|FIJO|200109443|1|0|1.0|SET FIJO|FIJO|200118307|0|0|1.0|SET FIJO|FIJO|200118307|0|0|1.0|SET FIJO|FIJO|200118307|0|0|1.0|SET FIJO|FIJO|200118307|0|0|1.0|SET FIJO|FIJO|200118307|0|0|1.0|SET FIJO|FIJO|200118307|0|0|1.0|SET FIJO|FIJO|200118307|0|0|1.0|SET FIJO|FIJO|200118307|0|0|1.0|SET FIJO|FIJO|200109443|1|0|1.0|SET FIJO|FIJO|200109443|1|0|1.0|SET FIJO|FIJO|200109443|1|0|1.0|SET FIJO|FIJO|200109443|1|0|1.0|SET FIJO|FIJO|200109443|1|0|1.0|SET FIJO|FIJO|200109443|1|0|1.0|SET FIJO|FIJO|200109443|1|0|1.0|SET FIJO|FIJO|200118307|0|0|1.0|SET FIJO|FIJO|200118307|0|0|1.0|SET FIJO|FIJO|200109443|1|0|1.0|SET FIJO|FIJO|200109443|1|0|1.0|SET FIJO|FIJO|200109443|1|0|1.0
596,SET FIJO|FIJO|200059276|0|0|1.0|SET FIJO|FIJO|200059276|0|0|1.0|SET FIJO|FIJO|200059276|0|0|1.0|SET FIJO|FIJO|200058349|1|0|1.0|SET FIJO|FIJO|200058349|1|0|1.0|SET FIJO|FIJO|200058349|1|0|1.0|SET FIJO|FIJO|200058349|1|0|1.0|SET FIJO|FIJO|200059276|0|0|1.0|SET FIJO|FIJO|200058349|1|0|1.0|SET FIJO|FIJO|200059276|0|0|1.0|SET FIJO|FIJO|200059276|0|0|1.0|SET FIJO|FIJO|200059276|0|0|1.0|SET FIJO|FIJO|200059276|0|0|1.0|SET FIJO|FIJO|200058349|1|0|1.0|SET FIJO|FIJO|200058349|1|0|1.0|SET FIJO|FIJO|200058349|1|0|1.0|SET FIJO|FIJO|200059276|0|0|1.0|SET FIJO|FIJO|200059276|0|0|1.0|SET FIJO|FIJO|200059276|0|0|1.0|SET FIJO|FIJO|200058349|1|0|1.0|SET FIJO|FIJO|200058349|1|0|1.0|SET FIJO|FIJO|200058349|1|0|1.0|SET FIJO|FIJO|200058349|1|0|1.0
597,SET FIJO|FIJO|200051360|0|0|1.0|SET FIJO|FIJO|200051355|0|0|1.0|SET FIJO|FIJO|200051360|0|0|1.0|SET FIJO|FIJO|200051360|0|0|1.0|SET FIJO|FIJO|200051355|0|0|1.0|SET FIJO|FIJO|200012014|1|0|1.0|SET FIJO|FIJO|200012014|1|0|1.0|SET FIJO|FIJO|200012014|1|0|1.0|SET FIJO|FIJO|200012014|1|0|1.0|SET FIJO|FIJO|200012014|1|0|1.0|SET FIJO|FIJO|200012014|1|0|1.0|SET FIJO|FIJO|200051360|0|0|1.0|SET FIJO|FIJO|200051355|0|0|1.0|SET FIJO|FIJO|200051360|0|0|1.0|SET FIJO|FIJO|200012014|1|0|1.0|SET FIJO|FIJO|200012014|1|0|1.0|SET FIJO|FIJO|200012014|1|0|1.0|SET FIJO|FIJO|200051360|0|0|1.0|SET FIJO|FIJO|200012014|1|0|1.0|SET FIJO|FIJO|200012014|1|0|1.0|SET FIJO|FIJO|200051355|0|0|1.0|SET FIJO|FIJO|200051360|0|0|1.0|SET FIJO|FIJO|200051360|0|0|1.0|SET FIJO|FIJO|200051355|0|0|1.0|SET FIJO|FIJO|200051355|0|0|1.0|SET FIJO|FIJO|200051355|0|0|1.0|SET FIJO|FIJO|200051360|0|0|1.0
598,SET FIJO|FIJO|200046830|1|0|1.0|SET FIJO|FIJO|200046830|1|0|1.0|SET FIJO|FIJO|200046830|1|0|1.0|SET FIJO|FIJO|200046830|1|0|1.0|SET FIJO|FIJO|200046830|1|0|1.0|SET FIJO|FIJO|200046830|1|0|1.0|SET FIJO|FIJO|200046830|1|0|1.0|SET FIJO|FIJO|200046830|1|0|1.0|SET FIJO|FIJO|200058661|0|0|1.0|SET FIJO|FIJO|200046830|1|0|1.0|SET FIJO|FIJO|200046830|1|0|1.0
599,SET FIJO|FIJO|200108045|0|0|1.0|SET FIJO|FIJO|200108045|0|0|1.0|SET FIJO|FIJO|200108045|0|0|1.0|SET FIJO|FIJO|200095931|1|0|1.0|SET FIJO|FIJO|200095931|1|0|1.0|SET FIJO|FIJO|200095931|1|0|1.0|SET FIJO|FIJO|200108045|0|0|1.0|SET FIJO|FIJO|200108045|0|0|1.0|SET FIJO|FIJO|200108045|0|0|1.0|SET FIJO|FIJO|200108045|0|0|1.0|SET FIJO|FIJO|200095931|1|0|1.0|SET FIJO|FIJO|200095931|1|0|1.0|SET FIJO|FIJO|200095931|1|0|1.0|SET FIJO|FIJO|200108045|0|0|1.0|SET FIJO|FIJO|200108045|0|0|1.0|SET FIJO|FIJO|200108045|0|0|1.0|SET FIJO|FIJO|200095931|1|0|1.0|SET FIJO|FIJO|200095931|1|0|1.0|SET FIJO|FIJO|200095931|1|0|1.0|SET FIJO|FIJO|200095931|1|0|1.0
600,SET FIJO|FIJO|200111145|1|0|1.0|SET FIJO|FIJO|200111145|1|0|1.0|SET FIJO|FIJO|200111145|1|0|1.0|SET FIJO|FIJO|200111145|1|0|1.0|SET FIJO|FIJO|200111145|1|0|1.0|SET FIJO|FIJO|200111145|1|0|1.0|SET FIJO|FIJO|200116347|0|0|1.0|SET FIJO|FIJO|200116347|0|0|1.0|SET FIJO|FIJO|200116347|0|0|1.0|SET FIJO|FIJO|200116347|0|0|1.0|SET FIJO|FIJO|200116347|0|0|1.0|SET FIJO|FIJO|200116347|0|0|1.0|SET FIJO|FIJO|200116347|0|0|1.0|SET FIJO|FIJO|200116347|0|0|1.0|SET FIJO|FIJO|200116347|0|0|1.0|SET FIJO|FIJO|200116347|0|0|1.0|SET FIJO|FIJO|200111145|1|0|1.0|SET FIJO|FIJO|200111145|1|0|1.0|SET FIJO|FIJO|200111145|1|0|1.0|SET FIJO|FIJO|200111145|1|0|1.0|SET FIJO|FIJO|200111145|1|0|1.0
601,SET FIJO|FIJO|200111145|1|0|1.0|SET FIJO|FIJO|200111145|1|0|1.0|SET FIJO|FIJO|200111145|1|0|1.0|SET FIJO|FIJO|200111145|1|0|1.0|SET FIJO|FIJO|200111145|1|0|1.0|SET FIJO|FIJO|200111145|1|0|1.0|SET FIJO|FIJO|200116347|0|0|1.0|SET FIJO|FIJO|200116347|0|0|1.0|SET FIJO|FIJO|200116347|0|0|1.0|SET FIJO|FIJO|200116347|0|0|1.0|SET FIJO|FIJO|200116347|0|0|1.0|SET FIJO|FIJO|200116347|0|0|1.0|SET FIJO|FIJO|200116347|0|0|1.0|SET FIJO|FIJO|P0292082007|0|0|1.0|SET FIJO|FIJO|200116347|0|0|1.0|SET FIJO|FIJO|200116347|0|0|1.0|SET FIJO|FIJO|200116347|0|0|1.0|SET FIJO|FIJO|200111145|1|0|1.0|SET FIJO|FIJO|200111145|1|0|1.0|SET FIJO|FIJO|P0292082007|0|0|1.0|SET FIJO|FIJO|P0292082007|0|0|1.0|SET FIJO|FIJO|200111145|1|0|1.0|SET FIJO|FIJO|200111145|1|0|1.0|SET FIJO|FIJO|200111145|1|0|1.0|SET FIJO|FIJO|P0292082007|0|0|1.0|SET FIJO|FIJO|P0292082007|0|0|1.0|SET FIJO|FIJO|P0292082007|0|0|1.0|SET FIJO|FIJO|P0292082007|0|0|1.0|SET FIJO|FIJO|P0292082007|0|0|1.0|SET FIJO|FIJO|P0292082007|0|0|1.0|SET FIJO|FIJO|P0292082007|0|0|1.0|SET FIJO|FIJO|P0292082007|0|0|1.0
602,SET FIJO|FIJO|200111145|1|0|1.0|SET FIJO|FIJO|200106397|0|0|1.0|SET FIJO|FIJO|200111145|1|0|1.0|SET FIJO|FIJO|200111145|1|0|1.0|SET FIJO|FIJO|200111145|1|0|1.0|SET FIJO|FIJO|200111145|1|0|1.0|SET FIJO|FIJO|200111145|1|0|1.0|SET FIJO|FIJO|200106397|0|0|1.0|SET FIJO|FIJO|200116347|0|0|1.0|SET FIJO|FIJO|200116347|0|0|1.0|SET FIJO|FIJO|200116347|0|0|1.0|SET FIJO|FIJO|200116347|0|0|1.0|SET FIJO|FIJO|200116347|0|0|1.0|SET FIJO|FIJO|200116347|0|0|1.0|SET FIJO|FIJO|200116347|0|0|1.0|SET FIJO|FIJO|200106397|0|0|1.0|SET FIJO|FIJO|200116347|0|0|1.0|SET FIJO|FIJO|200116347|0|0|1.0|SET FIJO|FIJO|200116347|0|0|1.0|SET FIJO|FIJO|200111145|1|0|1.0|SET FIJO|FIJO|200111145|1|0|1.0|SET FIJO|FIJO|200106397|0|0|1.0|SET FIJO|FIJO|200111145|1|0|1.0|SET FIJO|FIJO|200111145|1|0|1.0|SET FIJO|FIJO|200111145|1|0|1.0|SET FIJO|FIJO|200106397|0|0|1.0|SET FIJO|FIJO|200106397|0|0|1.0|SET FIJO|FIJO|200106397|0|0|1.0|SET FIJO|FIJO|200106397|0|0|1.0|SET FIJO|FIJO|200106397|0|0|1.0|SET FIJO|FIJO|200106397|0|0|1.0
603,SET FIJO|FIJO|200056621|0|0|1.0|SET FIJO|FIJO|200043487|0|0|1.0|SET FIJO|FIJO|200056621|0|0|1.0|SET FIJO|FIJO|200043487|0|0|1.0|SET FIJO|FIJO|200010080|1|0|1.0|SET FIJO|FIJO|200056621|0|0|1.0|SET FIJO|FIJO|200043487|0|0|1.0|SET FIJO|FIJO|200010080|1|0|1.0|SET FIJO|FIJO|200056621|0|0|1.0|SET FIJO|FIJO|200043487|0|0|1.0|SET FIJO|FIJO|200010080|1|0|1.0|SET FIJO|FIJO|200010080|1|0|1.0|SET FIJO|FIJO|200010080|1|0|1.0|SET FIJO|FIJO|200010080|1|0|1.0|SET FIJO|FIJO|200010080|1|0|1.0|SET FIJO|FIJO|200010080|1|0|1.0|SET FIJO|FIJO|200010080|1|0|1.0|SET FIJO|FIJO|200010080|1|0|1.0
604,SET FIJO|FIJO|200056246|1|0|1.0|SET FIJO|FIJO|200046326|0|0|1.0|SET FIJO|FIJO|200056246|1|0|1.0|SET FIJO|FIJO|200046326|0|0|1.0|SET FIJO|FIJO|200056246|1|0|1.0|SET FIJO|FIJO|200056246|1|0|1.0|SET FIJO|FIJO|200056246|1|0|1.0|SET FIJO|FIJO|200056246|1|0|1.0|SET FIJO|FIJO|200056246|1|0|1.0|SET FIJO|FIJO|200046326|0|0|1.0|SET FIJO|FIJO|200056246|1|0|1.0|SET FIJO|FIJO|200056258|0|0|1.0|SET FIJO|FIJO|200056246|1|0|1.0|SET FIJO|FIJO|200056246|1|0|1.0|SET FIJO|FIJO|200046326|0|0|1.0|SET FIJO|FIJO|200056258|0|0|1.0|SET FIJO|FIJO|200046326|0|0|1.0|SET FIJO|FIJO|200046326|0|0|1.0|SET FIJO|FIJO|200056246|1|0|1.0|SET FIJO|FIJO|200056258|0|0|1.0|SET FIJO|FIJO|200056258|0|0|1.0|SET FIJO|FIJO|200056258|0|0|1.0|SET FIJO|FIJO|200056258|0|0|1.0|SET FIJO|FIJO|200056258|0|0|1.0|SET FIJO|FIJO|200056258|0|0|1.0|SET FIJO|FIJO|200056258|0|0|1.0|SET FIJO|FIJO|200056258|0|0|1.0|SET FIJO|FIJO|200046326|0|0|1.0|SET FIJO|FIJO|200056246|1|0|1.0|SET FIJO|FIJO|200046326|0|0|1.0|SET FIJO|FIJO|200046326|0|0|1.0
605,SET FIJO|FIJO|200099704|0|0|1.0|SET FIJO|FIJO|200099704|0|0|1.0|SET FIJO|FIJO|200092172|0|0|1.0|SET FIJO|FIJO|200079595|1|0|1.0|SET FIJO|FIJO|200079595|1|0|1.0|SET FIJO|FIJO|200092172|0|0|1.0|SET FIJO|FIJO|200092172|0|0|1.0|SET FIJO|FIJO|200099704|0|0|1.0|SET FIJO|FIJO|200079595|1|0|1.0|SET FIJO|FIJO|200079595|1|0|1.0|SET FIJO|FIJO|200079595|1|0|1.0|SET FIJO|FIJO|200079595|1|0|1.0|SET FIJO|FIJO|200079595|1|0|1.0|SET FIJO|FIJO|200092172|0|0|1.0|SET FIJO|FIJO|200079595|1|0|1.0|SET FIJO|FIJO|200092172|0|0|1.0|SET FIJO|FIJO|200079595|1|0|1.0|SET FIJO|FIJO|200099704|0|0|1.0|SET FIJO|FIJO|200099704|0|0|1.0|SET FIJO|FIJO|200099704|0|0|1.0|SET FIJO|FIJO|200092172|0|0|1.0|SET FIJO|FIJO|200092172|0|0|1.0|SET FIJO|FIJO|200099704|0|0|1.0|SET FIJO|FIJO|200092172|0|0|1.0|SET FIJO|FIJO|200079595|1|0|1.0|SET FIJO|FIJO|200099704|0|0|1.0|SET FIJO|FIJO|200092172|0|0|1.0|SET FIJO|FIJO|200099704|0|0|1.0|SET FIJO|FIJO|200099704|0|0|1.0
606,SET FIJO|FIJO|200111352|1|0|1.0|SET FIJO|FIJO|200099704|0|0|1.0|SET FIJO|FIJO|200099704|0|0|1.0|SET FIJO|FIJO|200099704|0|0|1.0|SET FIJO|FIJO|200111352|1|0|1.0|SET FIJO|FIJO|200111352|1|0|1.0|SET FIJO|FIJO|200111352|1|0|1.0|SET FIJO|FIJO|200111352|1|0|1.0|SET FIJO|FIJO|200111352|1|0|1.0|SET FIJO|FIJO|200111352|1|0|1.0|SET FIJO|FIJO|200111352|1|0|1.0|SET FIJO|FIJO|200111352|1|0|1.0|SET FIJO|FIJO|200111352|1|0|1.0|SET FIJO|FIJO|200111352|1|0|1.0|SET FIJO|FIJO|200099704|0|0|1.0|SET FIJO|FIJO|200099704|0|0|1.0|SET FIJO|FIJO|200099704|0|0|1.0|SET FIJO|FIJO|200099704|0|0|1.0|SET FIJO|FIJO|200099704|0|0|1.0|SET FIJO|FIJO|200099704|0|0|1.0|SET FIJO|FIJO|200099704|0|0|1.0
607,SET FIJO|FIJO|200093884|0|0|1.0|SET FIJO|FIJO|200093884|0|0|1.0|SET FIJO|FIJO|200114924|1|0|1.0|SET FIJO|FIJO|200093884|0|0|1.0|SET FIJO|FIJO|200093884|0|0|1.0|SET FIJO|FIJO|200114924|1|0|1.0|SET FIJO|FIJO|200093884|0|0|1.0|SET FIJO|FIJO|200093884|0|0|1.0|SET FIJO|FIJO|200114924|1|0|1.0|SET FIJO|FIJO|200114924|1|0|1.0|SET FIJO|FIJO|200114924|1|0|1.0|SET FIJO|FIJO|200114924|1|0|1.0|SET FIJO|FIJO|200114924|1|0|1.0|SET FIJO|FIJO|200114924|1|0|1.0|SET FIJO|FIJO|200114924|1|0|1.0|SET FIJO|FIJO|200114924|1|0|1.0|SET FIJO|FIJO|200093884|0|0|1.0|SET FIJO|FIJO|200093884|0|0|1.0|SET FIJO|FIJO|200093884|0|0|1.0|SET FIJO|FIJO|200093884|0|0|1.0|SET FIJO|FIJO|200093884|0|0|1.0|SET FIJO|FIJO|200093884|0|0|1.0
608,SET FIJO|FIJO|200116502|1|0|1.0|SET FIJO|FIJO|200116502|1|0|1.0|SET FIJO|FIJO|200116502|1|0|1.0|SET FIJO|FIJO|200116502|1|0|1.0|SET FIJO|FIJO|200116502|1|0|1.0|SET FIJO|FIJO|200076632|0|0|1.0|SET FIJO|FIJO|200076632|0|0|1.0|SET FIJO|FIJO|200076632|0|0|1.0|SET FIJO|FIJO|200076632|0|0|1.0|SET FIJO|FIJO|200076632|0|0|1.0|SET FIJO|FIJO|200076632|0|0|1.0|SET FIJO|FIJO|200076632|0|0|1.0|SET FIJO|FIJO|200076632|0|0|1.0|SET FIJO|FIJO|200076632|0|0|1.0|SET FIJO|FIJO|200076632|0|0|1.0|SET FIJO|FIJO|200076632|0|0|1.0|SET FIJO|FIJO|200116502|1|0|1.0|SET FIJO|FIJO|200116502|1|0|1.0|SET FIJO|FIJO|200116502|1|0|1.0|SET FIJO|FIJO|200116502|1|0|1.0|SET FIJO|FIJO|200116502|1|0|1.0|SET FIJO|FIJO|200116502|1|0|1.0|SET FIJO|FIJO|200076632|0|0|1.0
609,SET FIJO|FIJO|200056246|0|0|1.0|SET FIJO|FIJO|200116502|1|0|1.0|SET FIJO|FIJO|200116502|1|0|1.0|SET FIJO|FIJO|200116502|1|0|1.0|SET FIJO|FIJO|200116502|1|0|1.0|SET FIJO|FIJO|200116502|1|0|1.0|SET FIJO|FIJO|200056246|0|0|1.0|SET FIJO|FIJO|200056246|0|0|1.0|SET FIJO|FIJO|200056246|0|0|1.0|SET FIJO|FIJO|200056246|0|0|1.0|SET FIJO|FIJO|200056246|0|0|1.0|SET FIJO|FIJO|200056246|0|0|1.0|SET FIJO|FIJO|200056246|0|0|1.0|SET FIJO|FIJO|200056246|0|0|1.0|SET FIJO|FIJO|200116502|1|0|1.0|SET FIJO|FIJO|200056246|0|0|1.0|SET FIJO|FIJO|200116502|1|0|1.0|SET FIJO|FIJO|200056246|0|0|1.0|SET FIJO|FIJO|200116502|1|0|1.0|SET FIJO|FIJO|200116502|1|0|1.0|SET FIJO|FIJO|200116502|1|0|1.0|SET FIJO|FIJO|200056246|0|0|1.0|SET FIJO|FIJO|200116502|1|0|1.0
610,SET FIJO|FIJO|200009812|1|0|1.0|SET FIJO|FIJO|200059112|0|0|1.0|SET FIJO|FIJO|200113544|0|0|1.0|SET FIJO|FIJO|200113544|0|0|1.0|SET FIJO|FIJO|200009812|1|0|1.0|SET FIJO|FIJO|200113544|0|0|1.0|SET FIJO|FIJO|200113544|0|0|1.0|SET FIJO|FIJO|200113544|0|0|1.0|SET FIJO|FIJO|200113544|0|0|1.0|SET FIJO|FIJO|200113544|0|0|1.0|SET FIJO|FIJO|200113544|0|0|1.0|SET FIJO|FIJO|200113544|0|0|1.0|SET FIJO|FIJO|200113544|0|0|1.0|SET FIJO|FIJO|200113544|0|0|1.0
611,SET FIJO|FIJO|P0210106001|1|0|1.0|SET FIJO|FIJO|P0210106001|1|0|1.0|SET FIJO|FIJO|P0210106001|1|0|1.0|SET FIJO|FIJO|P0292060001|0|0|1.0|SET FIJO|FIJO|P0292060001|0|0|1.0|SET FIJO|FIJO|P0292060001|0|0|1.0|SET FIJO|FIJO|P0210106001|1|0|1.0|SET FIJO|FIJO|P0210106001|1|0|1.0|SET FIJO|FIJO|P0292060001|0|0|1.0|SET FIJO|FIJO|P0292060001|0|0|1.0|SET FIJO|FIJO|P0292060001|0|0|1.0|SET FIJO|FIJO|P0292060001|0|0|1.0|SET FIJO|FIJO|P0292060001|0|0|1.0|SET FIJO|FIJO|P0292060001|0|0|1.0|SET FIJO|FIJO|P0292060001|0|0|1.0|SET FIJO|FIJO|P0210106001|1|0|1.0|SET FIJO|FIJO|P0210106001|1|0|1.0|SET FIJO|FIJO|P0210106001|1|0|1.0|SET FIJO|FIJO|P0210106001|1|0|1.0|SET FIJO|FIJO|P0210106001|1|0|1.0
612,SET FIJO|FIJO|P0210052000|0|0|1.0|SET FIJO|FIJO|P0292107001|1|0|1.0|SET FIJO|FIJO|P0210052000|0|0|1.0|SET FIJO|FIJO|P0210052000|0|0|1.0|SET FIJO|FIJO|P0210052000|0|0|1.0|SET FIJO|FIJO|P0210052000|0|0|1.0|SET FIJO|FIJO|P0210052000|0|0|1.0|SET FIJO|FIJO|P0210052000|0|0|1.0|SET FIJO|FIJO|P0210052000|0|0|1.0|SET FIJO|FIJO|P0292107001|1|0|1.0|SET FIJO|FIJO|P0292107001|1|0|1.0|SET FIJO|FIJO|P0292107001|1|0|1.0|SET FIJO|FIJO|P0210052000|0|0|1.0|SET FIJO|FIJO|P0292107001|1|0|1.0|SET FIJO|FIJO|P0210052000|0|0|1.0|SET FIJO|FIJO|P0292107001|1|0|1.0|SET FIJO|FIJO|P0292107001|1|0|1.0|SET FIJO|FIJO|P0292107001|1|0|1.0|SET FIJO|FIJO|P0292107001|1|0|1.0|SET FIJO|FIJO|P0210052000|0|0|1.0|SET FIJO|FIJO|P0292107001|1|0|1.0|SET FIJO|FIJO|P0292107001|1|0|1.0
613,SET FIJO|FIJO|P0067077006|0|0|1.0|SET FIJO|FIJO|P0067077006|0|0|1.0|SET FIJO|FIJO|P0067077006|0|0|1.0|SET FIJO|FIJO|P0067077006|0|0|1.0|SET FIJO|FIJO|P0292139009|1|0|1.0|SET FIJO|FIJO|P0292139009|1|0|1.0|SET FIJO|FIJO|P0292139009|1|0|1.0|SET FIJO|FIJO|P0292139009|1|0|1.0|SET FIJO|FIJO|P0292139009|1|0|1.0|SET FIJO|FIJO|P0292139009|1|0|1.0|SET FIJO|FIJO|P0292139009|1|0|1.0|SET FIJO|FIJO|P0292139009|1|0|1.0|SET FIJO|FIJO|P0292139009|1|0|1.0|SET FIJO|FIJO|P0067077006|0|0|1.0|SET FIJO|FIJO|P0292139009|1|0|1.0|SET FIJO|FIJO|P0067077006|0|0|1.0|SET FIJO|FIJO|P0067077006|0|0|1.0|SET FIJO|FIJO|P0067077006|0|0|1.0|SET FIJO|FIJO|P0067077006|0|0|1.0|SET FIJO|FIJO|P0067077006|0|0|1.0|SET FIJO|FIJO|P0067077006|0|0|1.0
615,SET VARIABLE|FIJO|P0210060001|1|0|1.0|SET VARIABLE|FIJO|P0210060001|1|0|1.0|SET VARIABLE|FIJO|P0210060001|1|0|1.0|SET VARIABLE|FIJO|P0210060001|1|0|1.0|SET VARIABLE|FIJO|P0210060001|1|0|1.0|SET VARIABLE|FIJO|P0210060001|1|0|1.0|SET VARIABLE|VARIABLE|P0292082007|0|0|1.0|SET VARIABLE|VARIABLE|P0292082007|0|0|1.0|SET VARIABLE|VARIABLE|P0292082007|0|0|1.0|SET VARIABLE|VARIABLE|P0292082007|0|0|1.0|SET VARIABLE|VARIABLE|P0292060005|0|0|1.0|SET VARIABLE|VARIABLE|P0292060005|0|0|1.0|SET VARIABLE|VARIABLE|P0292060005|0|0|1.0|SET VARIABLE|VARIABLE|P0292082007|0|0|1.0|SET VARIABLE|VARIABLE|P0292082007|0|0|1.0|SET VARIABLE|VARIABLE|P0292082007|0|0|1.0|SET VARIABLE|VARIABLE|P0292082007|0|0|1.0|SET VARIABLE|VARIABLE|P0292082007|0|0|1.0|SET VARIABLE|VARIABLE|P0292082007|0|0|1.0|SET VARIABLE|VARIABLE|P0292082007|0|0|1.0|SET VARIABLE|VARIABLE|P0292082007|0|0|1.0|SET VARIABLE|VARIABLE|P0292082007|0|0|1.0|SET VARIABLE|VARIABLE|P0292082007|0|0|1.0|SET VARIABLE|VARIABLE|P0292060005|0|0|1.0|SET VARIABLE|VARIABLE|P0292060005|0|0|1.0|SET VARIABLE|VARIABLE|P0292060005|0|0|1.0|SET VARIABLE|VARIABLE|P0292060005|0|0|1.0|SET VARIABLE|VARIABLE|P0292060005|0|0|1.0|SET VARIABLE|VARIABLE|P0292060005|0|0|1.0|SET VARIABLE|VARIABLE|P0292060005|0|0|1.0|SET VARIABLE|VARIABLE|P0292082007|0|0|1.0|SET VARIABLE|VARIABLE|P0292082007|0|0|1.0|SET VARIABLE|FIJO|P0210060001|1|0|1.0|SET VARIABLE|VARIABLE|P0292082007|0|0|1.0|SET VARIABLE|VARIABLE|P0292082007|0|0|1.0|SET VARIABLE|FIJO|P0210060001|1|0|1.0|SET VARIABLE|FIJO|P0210060001|1|0|1.0|SET VARIABLE|FIJO|P0210060001|1|0|1.0|SET VARIABLE|VARIABLE|P0292082007|0|0|1.0|SET VARIABLE|VARIABLE|P0292082007|0|0|1.0|SET VARIABLE|VARIABLE|P0292082007|0|0|1.0|SET VARIABLE|VARIABLE|P0292082007|0|0|1.0|SET VARIABLE|VARIABLE|P0292082007|0|0|1.0|SET VARIABLE|VARIABLE|P0292082007|0|0|1.0|SET VARIABLE|VARIABLE|P0292082007|0|0|1.0|SET VARIABLE|VARIABLE|P0292082007|0|0|1.0|SET VARIABLE|VARIABLE|P0292082007|0|0|1.0|SET VARIABLE|VARIABLE|P0292082007|0|0|1.0|SET VARIABLE|VARIABLE|P0292082007|0|0|1.0|SET VARIABLE|VARIABLE|P0292082007|0|0|1.0|SET VARIABLE|VARIABLE|P0292082007|0|0|1.0|SET VARIABLE|VARIABLE|P0292082007|0|0|1.0|SET VARIABLE|VARIABLE|P0292082007|0|0|1.0
616,SET VARIABLE|VARIABLE|P0210106001|1|0|1.0|SET VARIABLE|VARIABLE|P0210106001|1|0|1.0|SET VARIABLE|FIJO|P0292060001|0|0|1.0|SET VARIABLE|FIJO|P0292060001|0|0|1.0|SET VARIABLE|FIJO|P0292060001|0|0|1.0|SET VARIABLE|VARIABLE|P0210106001|1|0|1.0|SET VARIABLE|VARIABLE|P0210106001|1|0|1.0|SET VARIABLE|VARIABLE|P0210106001|1|0|1.0|SET VARIABLE|VARIABLE|P0210106001|1|0|1.0|SET VARIABLE|VARIABLE|P0210106001|1|0|1.0|SET VARIABLE|VARIABLE|P0210106001|1|0|1.0|SET VARIABLE|VARIABLE|P0210106001|1|0|1.0|SET VARIABLE|VARIABLE|P0210106001|1|0|1.0|SET VARIABLE|VARIABLE|P0210106001|1|0|1.0|SET VARIABLE|VARIABLE|P0210106001|1|0|1.0|SET VARIABLE|VARIABLE|P0210106001|1|0|1.0|SET VARIABLE|VARIABLE|P0210106001|1|0|1.0|SET VARIABLE|VARIABLE|P0210106001|1|0|1.0|SET VARIABLE|FIJO|P0292060001|0|0|1.0|SET VARIABLE|VARIABLE|P0210106001|1|0|1.0|SET VARIABLE|VARIABLE|P0210106001|1|0|1.0|SET VARIABLE|VARIABLE|P0210106001|1|0|1.0|SET VARIABLE|FIJO|P0292060001|0|0|1.0|SET VARIABLE|FIJO|P0292060001|0|0|1.0|SET VARIABLE|FIJO|P0292060001|0|0|1.0|SET VARIABLE|FIJO|P0292060001|0|0|1.0|SET VARIABLE|FIJO|P0292060001|0|0|1.0|SET VARIABLE|FIJO|P0292060001|0|0|1.0|SET VARIABLE|VARIABLE|P0210106001|1|0|1.0|SET VARIABLE|VARIABLE|P0210106001|1|0|1.0
617,SET VARIABLE|VARIABLE|P0292107001|1|0|1.0|SET VARIABLE|VARIABLE|P0292107001|1|0|1.0|SET VARIABLE|VARIABLE|P0292107001|1|0|1.0|SET VARIABLE|VARIABLE|P0292107001|1|0|1.0|SET VARIABLE|FIJO|P0210052000|0|0|1.0|SET VARIABLE|FIJO|P0210052000|0|0|1.0|SET VARIABLE|FIJO|P0210052000|0|0|1.0|SET VARIABLE|FIJO|P0210052000|0|0|1.0|SET VARIABLE|FIJO|P0210052000|0|0|1.0|SET VARIABLE|VARIABLE|P0292107001|1|0|1.0|SET VARIABLE|VARIABLE|P0292107001|1|0|1.0|SET VARIABLE|VARIABLE|P0292107001|1|0|1.0|SET VARIABLE|VARIABLE|P0292107001|1|0|1.0|SET VARIABLE|VARIABLE|P0292107001|1|0|1.0|SET VARIABLE|VARIABLE|P0292107001|1|0|1.0|SET VARIABLE|VARIABLE|P0292107001|1|0|1.0|SET VARIABLE|VARIABLE|P0292107001|1|0|1.0|SET VARIABLE|FIJO|P0210052000|0|0|1.0|SET VARIABLE|FIJO|P0210052000|0|0|1.0|SET VARIABLE|FIJO|P0210052000|0|0|1.0|SET VARIABLE|VARIABLE|P0292107001|1|0|1.0|SET VARIABLE|VARIABLE|P0292107001|1|0|1.0|SET VARIABLE|FIJO|P0210052000|0|0|1.0|SET VARIABLE|FIJO|P0210052000|0|0|1.0|SET VARIABLE|VARIABLE|P0292107001|1|0|1.0|SET VARIABLE|VARIABLE|P0292107001|1|0|1.0|SET VARIABLE|FIJO|P0210052000|0|0|1.0|SET VARIABLE|VARIABLE|P0292107001|1|0|1.0|SET VARIABLE|VARIABLE|P0292107001|1|0|1.0|SET VARIABLE|VARIABLE|P0292107001|1|0|1.0|SET VARIABLE|VARIABLE|P0292107001|1|0|1.0|SET VARIABLE|VARIABLE|P0292107001|1|0|1.0|SET VARIABLE|VARIABLE|P0292107001|1|0|1.0
618,SET VARIABLE|VARIABLE|P0210106001|1|0|1.0|SET VARIABLE|FIJO|P0292060001|0|0|1.0|SET VARIABLE|VARIABLE|P0210106001|1|0|1.0|SET VARIABLE|VARIABLE|P0210106001|1|0|1.0|SET VARIABLE|VARIABLE|P0210106001|1|0|1.0|SET VARIABLE|VARIABLE|P0210106001|1|0|1.0|SET VARIABLE|VARIABLE|P0210106001|1|0|1.0|SET VARIABLE|VARIABLE|P0210106001|1|0|1.0|SET VARIABLE|VARIABLE|P0210106001|1|0|1.0|SET VARIABLE|VARIABLE|P0210106001|1|0|1.0|SET VARIABLE|VARIABLE|P0210106001|1|0|1.0|SET VARIABLE|VARIABLE|P0210106001|1|0|1.0|SET VARIABLE|VARIABLE|P0210106001|1|0|1.0|SET VARIABLE|VARIABLE|P0210106001|1|0|1.0|SET VARIABLE|VARIABLE|P0210106001|1|0|1.0|SET VARIABLE|VARIABLE|P0210106001|1|0|1.0|SET VARIABLE|VARIABLE|P0210106001|1|0|1.0|SET VARIABLE|VARIABLE|P0210106001|1|0|1.0|SET VARIABLE|VARIABLE|P0210106001|1|0|1.0|SET VARIABLE|FIJO|P0292060001|0|0|1.0|SET VARIABLE|VARIABLE|P0210106001|1|0|1.0|SET VARIABLE|VARIABLE|P0210106001|1|0|1.0|SET VARIABLE|FIJO|P0292060001|0|0|1.0|SET VARIABLE|FIJO|P0292060001|0|0|1.0|SET VARIABLE|FIJO|P0292060001|0|0|1.0|SET VARIABLE|FIJO|P0292060001|0|0|1.0|SET VARIABLE|FIJO|P0292060001|0|0|1.0|SET VARIABLE|FIJO|P0292060001|0|0|1.0|SET VARIABLE|FIJO|P0292060001|0|0|1.0|SET VARIABLE|FIJO|P0292060001|0|0|1.0
619,SET VARIABLE|VARIABLE|P0210106001|1|0|1.0|SET VARIABLE|FIJO|P0292060001|0|0|1.0|SET VARIABLE|VARIABLE|P0210106001|1|0|1.0|SET VARIABLE|VARIABLE|P0210106001|1|0|1.0|SET VARIABLE|VARIABLE|P0210106001|1|0|1.0|SET VARIABLE|VARIABLE|P0210106001|1|0|1.0|SET VARIABLE|VARIABLE|P0210106001|1|0|1.0|SET VARIABLE|VARIABLE|P0210106001|1|0|1.0|SET VARIABLE|VARIABLE|P0210106001|1|0|1.0|SET VARIABLE|VARIABLE|P0210106001|1|0|1.0|SET VARIABLE|VARIABLE|P0210106001|1|0|1.0|SET VARIABLE|VARIABLE|P0210106001|1|0|1.0|SET VARIABLE|VARIABLE|P0210106001|1|0|1.0|SET VARIABLE|VARIABLE|P0210106001|1|0|1.0|SET VARIABLE|VARIABLE|P0210106001|1|0|1.0|SET VARIABLE|VARIABLE|P0210106001|1|0|1.0|SET VARIABLE|VARIABLE|P0210106001|1|0|1.0|SET VARIABLE|VARIABLE|P0210106001|1|0|1.0|SET VARIABLE|VARIABLE|P0210106001|1|0|1.0|SET VARIABLE|FIJO|P0292060001|0|0|1.0|SET VARIABLE|FIJO|P0292060001|0|0|1.0|SET VARIABLE|VARIABLE|P0210106001|1|0|1.0|SET VARIABLE|VARIABLE|P0210106001|1|0|1.0|SET VARIABLE|FIJO|P0292060001|0|0|1.0|SET VARIABLE|FIJO|P0292060001|0|0|1.0|SET VARIABLE|FIJO|P0292060001|0|0|1.0|SET VARIABLE|FIJO|P0292060001|0|0|1.0|SET VARIABLE|FIJO|P0292060001|0|0|1.0|SET VARIABLE|FIJO|P0292060001|0|0|1.0|SET VARIABLE|FIJO|P0292060001|0|0|1.0
620,SET VARIABLE|VARIABLE|P0210106001|1|0|1.0|SET VARIABLE|VARIABLE|P0210106001|1|0|1.0|SET VARIABLE|VARIABLE|P0210106001|1|0|1.0|SET VARIABLE|VARIABLE|P0210106001|1|0|1.0|SET VARIABLE|FIJO|P0292060001|0|0|1.0|SET VARIABLE|FIJO|P0292060001|0|0|1.0|SET VARIABLE|VARIABLE|P0210106001|1|0|1.0|SET VARIABLE|VARIABLE|P0210106001|1|0|1.0|SET VARIABLE|VARIABLE|P0210106001|1|0|1.0|SET VARIABLE|VARIABLE|P0210106001|1|0|1.0|SET VARIABLE|VARIABLE|P0210106001|1|0|1.0|SET VARIABLE|VARIABLE|P0210106001|1|0|1.0|SET VARIABLE|FIJO|P0292060001|0|0|1.0|SET VARIABLE|FIJO|P0292060001|0|0|1.0|SET VARIABLE|FIJO|P0292060001|0|0|1.0|SET VARIABLE|FIJO|P0292060001|0|0|1.0|SET VARIABLE|FIJO|P0292060001|0|0|1.0|SET VARIABLE|FIJO|P0292060001|0|0|1.0|SET VARIABLE|FIJO|P0292060001|0|0|1.0|SET VARIABLE|FIJO|P0292060001|0|0|1.0|SET VARIABLE|VARIABLE|P0210106001|1|0|1.0|SET VARIABLE|VARIABLE|P0210106001|1|0|1.0|SET VARIABLE|VARIABLE|P0210106001|1|0|1.0|SET VARIABLE|VARIABLE|P0210106001|1|0|1.0|SET VARIABLE|VARIABLE|P0210106001|1|0|1.0|SET VARIABLE|VARIABLE|P0210106001|1|0|1.0|SET VARIABLE|VARIABLE|P0210106001|1|0|1.0|SET VARIABLE|VARIABLE|P0210106001|1|0|1.0|SET VARIABLE|VARIABLE|P0210106001|1|0|1.0|SET VARIABLE|VARIABLE|P0210106001|1|0|1.0
621,SET VARIABLE|VARIABLE|P0210106001|1|0|1.0|SET VARIABLE|VARIABLE|P0210106001|1|0|1.0|SET VARIABLE|VARIABLE|P0210106001|1|0|1.0|SET VARIABLE|VARIABLE|P0210106001|1|0|1.0|SET VARIABLE|VARIABLE|P0210106001|1|0|1.0|SET VARIABLE|VARIABLE|P0210106001|1|0|1.0|SET VARIABLE|FIJO|P0292060001|0|0|1.0|SET VARIABLE|FIJO|P0292060001|0|0|1.0|SET VARIABLE|FIJO|P0292060001|0|0|1.0|SET VARIABLE|VARIABLE|P0210106001|1|0|1.0|SET VARIABLE|VARIABLE|P0210106001|1|0|1.0|SET VARIABLE|VARIABLE|P0210106001|1|0|1.0|SET VARIABLE|FIJO|P0292060001|0|0|1.0|SET VARIABLE|VARIABLE|P0210106001|1|0|1.0|SET VARIABLE|VARIABLE|P0210106001|1|0|1.0|SET VARIABLE|VARIABLE|P0210106001|1|0|1.0|SET VARIABLE|VARIABLE|P0210106001|1|0|1.0|SET VARIABLE|VARIABLE|P0210106001|1|0|1.0|SET VARIABLE|VARIABLE|P0210106001|1|0|1.0|SET VARIABLE|FIJO|P0292060001|0|0|1.0|SET VARIABLE|FIJO|P0292060001|0|0|1.0|SET VARIABLE|FIJO|P0292060001|0|0|1.0|SET VARIABLE|FIJO|P0292060001|0|0|1.0|SET VARIABLE|FIJO|P0292060001|0|0|1.0|SET VARIABLE|FIJO|P0292060001|0|0|1.0|SET VARIABLE|VARIABLE|P0210106001|1|0|1.0|SET VARIABLE|VARIABLE|P0210106001|1|0|1.0|SET VARIABLE|VARIABLE|P0210106001|1|0|1.0|SET VARIABLE|VARIABLE|P0210106001|1|0|1.0|SET VARIABLE|VARIABLE|P0210106001|1|0|1.0|SET VARIABLE|VARIABLE|P0210106001|1|0|1.0|SET VARIABLE|VARIABLE|P0210106001|1|0|1.0|SET VARIABLE|VARIABLE|P0210106001|1|0|1.0|SET VARIABLE|VARIABLE|P0210106001|1|0|1.0|SET VARIABLE|VARIABLE|P0210106001|1|0|1.0|SET VARIABLE|VARIABLE|P0210106001|1|0|1.0|SET VARIABLE|VARIABLE|P0210106001|1|0|1.0|SET VARIABLE|VARIABLE|P0210106001|1|0|1.0|SET VARIABLE|VARIABLE|P0210106001|1|0|1.0|SET VARIABLE|VARIABLE|P0210106001|1|0|1.0
622,SET VARIABLE|VARIABLE|P0292107001|1|0|1.0|SET VARIABLE|VARIABLE|P0292107001|1|0|1.0|SET VARIABLE|VARIABLE|P0292107001|1|0|1.0|SET VARIABLE|VARIABLE|P0292107001|1|0|1.0|SET VARIABLE|VARIABLE|P0292107001|1|0|1.0|SET VARIABLE|FIJO|P0210052000|0|0|1.0|SET VARIABLE|FIJO|P0210052000|0|0|1.0|SET VARIABLE|VARIABLE|P0292107001|1|0|1.0|SET VARIABLE|VARIABLE|P0292107001|1|0|1.0|SET VARIABLE|VARIABLE|P0292107001|1|0|1.0|SET VARIABLE|VARIABLE|P0292107001|1|0|1.0|SET VARIABLE|VARIABLE|P0292107001|1|0|1.0|SET VARIABLE|VARIABLE|P0292107001|1|0|1.0|SET VARIABLE|VARIABLE|P0292107001|1|0|1.0|SET VARIABLE|VARIABLE|P0292107001|1|0|1.0|SET VARIABLE|VARIABLE|P0292107001|1|0|1.0|SET VARIABLE|VARIABLE|P0292107001|1|0|1.0|SET VARIABLE|VARIABLE|P0292107001|1|0|1.0|SET VARIABLE|FIJO|P0210052000|0|0|1.0|SET VARIABLE|VARIABLE|P0292107001|1|0|1.0|SET VARIABLE|VARIABLE|P0292107001|1|0|1.0|SET VARIABLE|VARIABLE|P0292107001|1|0|1.0|SET VARIABLE|VARIABLE|P0292107001|1|0|1.0|SET VARIABLE|VARIABLE|P0292107001|1|0|1.0|SET VARIABLE|VARIABLE|P0292107001|1|0|1.0|SET VARIABLE|VARIABLE|P0292107001|1|0|1.0|SET VARIABLE|VARIABLE|P0292107001|1|0|1.0|SET VARIABLE|VARIABLE|P0292107001|1|0|1.0|SET VARIABLE|FIJO|P0210052000|0|0|1.0|SET VARIABLE|FIJO|P0210052000|0|0|1.0|SET VARIABLE|FIJO|P0210052000|0|0|1.0|SET VARIABLE|FIJO|P0210052000|0|0|1.0|SET VARIABLE|FIJO|P0210052000|0|0|1.0|SET VARIABLE|FIJO|P0210052000|0|0|1.0|SET VARIABLE|VARIABLE|P0292107001|1|0|1.0|SET VARIABLE|VARIABLE|P0292107001|1|0|1.0|SET VARIABLE|VARIABLE|P0292107001|1|0|1.0|SET VARIABLE|VARIABLE|P0292107001|1|0|1.0|SET VARIABLE|VARIABLE|P0292107001|1|0|1.0|SET VARIABLE|VARIABLE|P0292107001|1|0|1.0|SET VARIABLE|VARIABLE|P0292107001|1|0|1.0|SET VARIABLE|FIJO|P0210052000|0|0|1.0|SET VARIABLE|VARIABLE|P0292107001|1|0|1.0|SET VARIABLE|VARIABLE|P0292107001|1|0|1.0|SET VARIABLE|VARIABLE|P0292107001|1|0|1.0|SET VARIABLE|VARIABLE|P0292107001|1|0|1.0|SET VARIABLE|VARIABLE|P0292107001|1|0|1.0|SET VARIABLE|VARIABLE|P0292107001|1|0|1.0|SET VARIABLE|VARIABLE|P0292107001|1|0|1.0|SET VARIABLE|VARIABLE|P0292107001|1|0|1.0|SET VARIABLE|VARIABLE|P0292107001|1|0|1.0|SET VARIABLE|FIJO|P0210052000|0|0|1.0|SET VARIABLE|VARIABLE|P0292107001|1|0|1.0|SET VARIABLE|VARIABLE|P0292107001|1|0|1.0|SET VARIABLE|VARIABLE|P0292107001|1|0|1.0
623,SET VARIABLE|VARIABLE|P0292107001|1|0|1.0|SET VARIABLE|VARIABLE|P0292107001|1|0|1.0|SET VARIABLE|VARIABLE|P0292107001|1|0|1.0|SET VARIABLE|VARIABLE|P0292107001|1|0|1.0|SET VARIABLE|VARIABLE|P0292107001|1|0|1.0|SET VARIABLE|VARIABLE|P0292107001|1|0|1.0|SET VARIABLE|VARIABLE|P0292107001|1|0|1.0|SET VARIABLE|VARIABLE|P0292107001|1|0|1.0|SET VARIABLE|VARIABLE|P0292107001|1|0|1.0|SET VARIABLE|VARIABLE|P0292107001|1|0|1.0|SET VARIABLE|FIJO|P0210052000|0|0|1.0|SET VARIABLE|VARIABLE|P0292107001|1|0|1.0|SET VARIABLE|VARIABLE|P0292107001|1|0|1.0|SET VARIABLE|VARIABLE|P0292107001|1|0|1.0|SET VARIABLE|VARIABLE|P0292107001|1|0|1.0|SET VARIABLE|VARIABLE|P0292107001|1|0|1.0|SET VARIABLE|FIJO|P0210052000|0|0|1.0|SET VARIABLE|FIJO|P0210052000|0|0|1.0|SET VARIABLE|FIJO|P0210052000|0|0|1.0|SET VARIABLE|FIJO|P0210052000|0|0|1.0|SET VARIABLE|VARIABLE|P0292107001|1|0|1.0|SET VARIABLE|VARIABLE|P0292107001|1|0|1.0|SET VARIABLE|VARIABLE|P0292107001|1|0|1.0|SET VARIABLE|VARIABLE|P0292107001|1|0|1.0|SET VARIABLE|VARIABLE|P0292107001|1|0|1.0|SET VARIABLE|VARIABLE|P0292107001|1|0|1.0|SET VARIABLE|VARIABLE|P0292107001|1|0|1.0|SET VARIABLE|FIJO|P0210052000|0|0|1.0|SET VARIABLE|FIJO|P0210052000|0|0|1.0|SET VARIABLE|FIJO|P0210052000|0|0|1.0|SET VARIABLE|VARIABLE|P0292107001|1|0|1.0|SET VARIABLE|VARIABLE|P0292107001|1|0|1.0|SET VARIABLE|VARIABLE|P0292107001|1|0|1.0|SET VARIABLE|FIJO|P0210052000|0|0|1.0|SET VARIABLE|VARIABLE|P0292107001|1|0|1.0|SET VARIABLE|VARIABLE|P0292107001|1|0|1.0|SET VARIABLE|VARIABLE|P0292107001|1|0|1.0|SET VARIABLE|VARIABLE|P0292107001|1|0|1.0|SET VARIABLE|VARIABLE|P0292107001|1|0|1.0|SET VARIABLE|VARIABLE|P0292107001|1|0|1.0|SET VARIABLE|FIJO|P0210052000|0|0|1.0|SET VARIABLE|VARIABLE|P0292107001|1|0|1.0|SET VARIABLE|VARIABLE|P0292107001|1|0|1.0|SET VARIABLE|VARIABLE|P0292107001|1|0|1.0|SET VARIABLE|VARIABLE|P0292107001|1|0|1.0|SET VARIABLE|VARIABLE|P0292107001|1|0|1.0|SET VARIABLE|VARIABLE|P0292107001|1|0|1.0|SET VARIABLE|VARIABLE|P0292107001|1|0|1.0|SET VARIABLE|VARIABLE|P0292107001|1|0|1.0|SET VARIABLE|VARIABLE|P0292107001|1|0|1.0|SET VARIABLE|VARIABLE|P0292107001|1|0|1.0|SET VARIABLE|VARIABLE|P0292107001|1|0|1.0|SET VARIABLE|VARIABLE|P0292107001|1|0|1.0|SET VARIABLE|VARIABLE|P0292107001|1|0|1.0|SET VARIABLE|VARIABLE|P0292107001|1|0|1.0|SET VARIABLE|VARIABLE|P0292107001|1|0|1.0|SET VARIABLE|VARIABLE|P0292107001|1|0|1.0|SET VARIABLE|VARIABLE|P0292107001|1|0|1.0|SET VARIABLE|VARIABLE|P0292107001|1|0|1.0|SET VARIABLE|VARIABLE|P0292107001|1|0|1.0|SET VARIABLE|FIJO|P0210052000|0|0|1.0|SET VARIABLE|VARIABLE|P0292107001|1|0|1.0|SET VARIABLE|VARIABLE|P0292107001|1|0|1.0|SET VARIABLE|VARIABLE|P0292107001|1|0|1.0|SET VARIABLE|VARIABLE|P0292107001|1|0|1.0|SET VARIABLE|VARIABLE|P0292107001|1|0|1.0
624,PROMOCIÓN INDIVIDUAL|FIJO|200056636|1|0|1.0|PROMOCIÓN INDIVIDUAL|FIJO|200056636|1|0|1.0|PROMOCIÓN INDIVIDUAL|FIJO|200056636|1|0|1.0|PROMOCIÓN INDIVIDUAL|FIJO|200056636|1|0|1.0|PROMOCIÓN INDIVIDUAL|FIJO|200056636|1|0|1.0
625,PROMOCIÓN INDIVIDUAL|FIJO|200102820|1|0|1.0|PROMOCIÓN INDIVIDUAL|FIJO|200102820|1|0|1.0|PROMOCIÓN INDIVIDUAL|FIJO|200102820|1|0|1.0|PROMOCIÓN INDIVIDUAL|FIJO|200102820|1|0|1.0|PROMOCIÓN INDIVIDUAL|FIJO|200102820|1|0|1.0|PROMOCIÓN INDIVIDUAL|FIJO|200102820|1|0|1.0|PROMOCIÓN INDIVIDUAL|FIJO|200102820|1|0|1.0|PROMOCIÓN INDIVIDUAL|FIJO|200102820|1|0|1.0|PROMOCIÓN INDIVIDUAL|FIJO|200102820|1|0|1.0
626,PROMOCIÓN SET FIJO|FIJO|200099702|1|0|1.0|PROMOCIÓN SET FIJO|FIJO|P0210133000|0|0|1.0|PROMOCIÓN SET FIJO|FIJO|200099702|1|0|1.0|PROMOCIÓN SET FIJO|FIJO|200100407|0|0|1.0|PROMOCIÓN SET FIJO|FIJO|P0210133000|0|0|1.0|PROMOCIÓN SET FIJO|FIJO|200100407|0|0|1.0|PROMOCIÓN SET FIJO|FIJO|200100407|0|0|1.0|PROMOCIÓN SET FIJO|FIJO|P0210133000|0|0|1.0|PROMOCIÓN SET FIJO|FIJO|P0210133000|0|0|1.0|PROMOCIÓN SET FIJO|FIJO|P0210133000|0|0|1.0|PROMOCIÓN SET FIJO|FIJO|P0210065001|0|0|1.0|PROMOCIÓN SET FIJO|FIJO|P0210065001|0|0|1.0|PROMOCIÓN SET FIJO|FIJO|P0210065001|0|0|1.0|PROMOCIÓN SET FIJO|FIJO|P0210065001|0|0|1.0|PROMOCIÓN SET FIJO|FIJO|P0210065001|0|0|1.0|PROMOCIÓN SET FIJO|FIJO|P0210065001|0|0|1.0|PROMOCIÓN SET FIJO|FIJO|P0210065001|0|0|1.0|PROMOCIÓN SET FIJO|FIJO|P0292092008|0|0|1.0|PROMOCIÓN SET FIJO|FIJO|P0210065001|0|0|1.0|PROMOCIÓN SET FIJO|FIJO|P0210065001|0|0|1.0|PROMOCIÓN SET FIJO|FIJO|P0210065001|0|0|1.0|PROMOCIÓN SET FIJO|FIJO|P0292092008|0|0|1.0|PROMOCIÓN SET FIJO|FIJO|P0292092008|0|0|1.0|PROMOCIÓN SET FIJO|FIJO|P0292092008|0|0|1.0|PROMOCIÓN SET FIJO|FIJO|P0292092008|0|0|1.0|PROMOCIÓN SET FIJO|FIJO|P0292092008|0|0|1.0|PROMOCIÓN SET FIJO|FIJO|P0292092008|0|0|1.0|PROMOCIÓN SET FIJO|FIJO|200099702|1|0|1.0|PROMOCIÓN SET FIJO|FIJO|P0292092008|0|0|1.0|PROMOCIÓN SET FIJO|FIJO|P0292092008|0|0|1.0|PROMOCIÓN SET FIJO|FIJO|P0292092008|0|0|1.0|PROMOCIÓN SET FIJO|FIJO|P0292092008|0|0|1.0|PROMOCIÓN SET FIJO|FIJO|P0292092008|0|0|1.0|PROMOCIÓN SET FIJO|FIJO|P0210065001|0|0|1.0|PROMOCIÓN SET FIJO|FIJO|P0210133000|0|0|1.0|PROMOCIÓN SET FIJO|FIJO|P0210133000|0|0|1.0|PROMOCIÓN SET FIJO|FIJO|P0210133000|0|0|1.0|PROMOCIÓN SET FIJO|FIJO|200100407|0|0|1.0|PROMOCIÓN SET FIJO|FIJO|P0210133000|0|0|1.0|PROMOCIÓN SET FIJO|FIJO|200099702|1|0|1.0|PROMOCIÓN SET FIJO|FIJO|200099702|1|0|1.0|PROMOCIÓN SET FIJO|FIJO|P0210133000|0|0|1.0|PROMOCIÓN SET FIJO|FIJO|200100407|0|0|1.0|PROMOCIÓN SET FIJO|FIJO|200100407|0|0|1.0|PROMOCIÓN SET FIJO|FIJO|200100407|0|0|1.0|PROMOCIÓN SET FIJO|FIJO|200100407|0|0|1.0|PROMOCIÓN SET FIJO|FIJO|200100407|0|0|1.0|PROMOCIÓN SET FIJO|FIJO|200100407|0|0|1.0|PROMOCIÓN SET FIJO|FIJO|200099702|1|0|1.0|PROMOCIÓN SET FIJO|FIJO|200099702|1|0|1.0|PROMOCIÓN SET FIJO|FIJO|200099702|1|0|1.0|PROMOCIÓN SET FIJO|FIJO|200099702|1|0|1.0|PROMOCIÓN SET FIJO|FIJO|200099702|1|0|1.0
627,PROMOCIÓN INDIVIDUAL|VARIABLE|200109258|1|0|1.0|PROMOCIÓN INDIVIDUAL|VARIABLE|200109258|1|0|1.0|PROMOCIÓN INDIVIDUAL|VARIABLE|200096723|1|0|1.0|PROMOCIÓN INDIVIDUAL|VARIABLE|200096723|1|0|1.0|PROMOCIÓN INDIVIDUAL|VARIABLE|200096723|1|0|1.0|PROMOCIÓN INDIVIDUAL|VARIABLE|200096723|1|0|1.0|PROMOCIÓN INDIVIDUAL|VARIABLE|200109258|1|0|1.0|PROMOCIÓN INDIVIDUAL|VARIABLE|200109258|1|0|1.0|PROMOCIÓN INDIVIDUAL|VARIABLE|200109258|1|0|1.0|PROMOCIÓN INDIVIDUAL|VARIABLE|200096723|1|0|1.0|PROMOCIÓN INDIVIDUAL|VARIABLE|200109258|1|0|1.0|PROMOCIÓN INDIVIDUAL|VARIABLE|200109258|1|0|1.0|PROMOCIÓN INDIVIDUAL|VARIABLE|200096723|1|0|1.0|PROMOCIÓN INDIVIDUAL|VARIABLE|200109258|1|0|1.0|PROMOCIÓN INDIVIDUAL|VARIABLE|200109258|1|0|1.0|PROMOCIÓN INDIVIDUAL|VARIABLE|200096723|1|0|1.0|PROMOCIÓN INDIVIDUAL|VARIABLE|200109258|1|0|1.0|PROMOCIÓN INDIVIDUAL|VARIABLE|200096723|1|0|1.0|PROMOCIÓN INDIVIDUAL|VARIABLE|200096723|1|0|1.0|PROMOCIÓN INDIVIDUAL|VARIABLE|200096723|1|0|1.0
628,PROMOCIÓN INDIVIDUAL|VARIABLE|P0067080000|1|0|1.0|PROMOCIÓN INDIVIDUAL|VARIABLE|P0067080000|1|0|1.0|PROMOCIÓN INDIVIDUAL|VARIABLE|P0067080000|1|0|1.0|PROMOCIÓN INDIVIDUAL|VARIABLE|200091875|1|0|1.0|PROMOCIÓN INDIVIDUAL|VARIABLE|P0067080000|1|0|1.0|PROMOCIÓN INDIVIDUAL|VARIABLE|P0067080000|1|0|1.0|PROMOCIÓN INDIVIDUAL|VARIABLE|P0067080000|1|0|1.0|PROMOCIÓN INDIVIDUAL|VARIABLE|P0067080000|1|0|1.0|PROMOCIÓN INDIVIDUAL|VARIABLE|P0067080000|1|0|1.0|PROMOCIÓN INDIVIDUAL|VARIABLE|P0067080000|1|0|1.0|PROMOCIÓN INDIVIDUAL|VARIABLE|P0067080000|1|0|1.0|PROMOCIÓN INDIVIDUAL|VARIABLE|P0067080000|1|0|1.0|PROMOCIÓN INDIVIDUAL|VARIABLE|200091875|1|0|1.0|PROMOCIÓN INDIVIDUAL|VARIABLE|P0067080000|1|0|1.0|PROMOCIÓN INDIVIDUAL|VARIABLE|P0067080000|1|0|1.0|PROMOCIÓN INDIVIDUAL|VARIABLE|P0067080000|1|0|1.0|PROMOCIÓN INDIVIDUAL|VARIABLE|P0067080000|1|0|1.0|PROMOCIÓN INDIVIDUAL|VARIABLE|P0067080000|1|0|1.0|PROMOCIÓN INDIVIDUAL|VARIABLE|P0067080000|1|0|1.0|PROMOCIÓN INDIVIDUAL|VARIABLE|P0067080000|1|0|1.0|PROMOCIÓN INDIVIDUAL|VARIABLE|200091875|1|0|1.0|PROMOCIÓN INDIVIDUAL|VARIABLE|200091875|1|0|1.0|PROMOCIÓN INDIVIDUAL|VARIABLE|200091875|1|0|1.0|PROMOCIÓN INDIVIDUAL|VARIABLE|200091875|1|0|1.0|PROMOCIÓN INDIVIDUAL|VARIABLE|200091875|1|0|1.0|PROMOCIÓN INDIVIDUAL|VARIABLE|200091875|1|0|1.0|PROMOCIÓN INDIVIDUAL|VARIABLE|200091875|1|0|1.0|PROMOCIÓN INDIVIDUAL|VARIABLE|200091875|1|0|1.0|PROMOCIÓN INDIVIDUAL|VARIABLE|P0067080000|1|0|1.0|PROMOCIÓN INDIVIDUAL|VARIABLE|P0067080000|1|0|1.0|PROMOCIÓN INDIVIDUAL|VARIABLE|P0067080000|1|0|1.0|PROMOCIÓN INDIVIDUAL|VARIABLE|P0067080000|1|0|1.0|PROMOCIÓN INDIVIDUAL|VARIABLE|P0067080000|1|0|1.0|PROMOCIÓN INDIVIDUAL|VARIABLE|P0067080000|1|0|1.0|PROMOCIÓN INDIVIDUAL|VARIABLE|200091875|1|0|1.0|PROMOCIÓN INDIVIDUAL|VARIABLE|200091875|1|0|1.0|PROMOCIÓN INDIVIDUAL|VARIABLE|P0067080000|1|0|1.0|PROMOCIÓN INDIVIDUAL|VARIABLE|P0067080000|1|0|1.0|PROMOCIÓN INDIVIDUAL|VARIABLE|P0067080000|1|0|1.0|PROMOCIÓN INDIVIDUAL|VARIABLE|P0067080000|1|0|1.0|PROMOCIÓN INDIVIDUAL|VARIABLE|P0067080000|1|0|1.0|PROMOCIÓN INDIVIDUAL|VARIABLE|P0067080000|1|0|1.0
630,VOLUMEN|FIJO|200115300|1|0|2.0|VOLUMEN|FIJO|200115300|1|0|2.0|VOLUMEN|FIJO|200115300|1|0|2.0|VOLUMEN|FIJO|200115300|1|0|2.0|VOLUMEN|FIJO|200115300|1|0|2.0|VOLUMEN|FIJO|200115300|1|0|2.0|VOLUMEN|FIJO|200115300|1|0|2.0|VOLUMEN|FIJO|200115300|1|0|2.0|VOLUMEN|FIJO|200115300|1|0|2.0|VOLUMEN|FIJO|200115300|1|0|2.0|VOLUMEN|FIJO|200115300|1|0|2.0
631,VOLUMEN|FIJO|200115589|1|0|2.0|VOLUMEN|FIJO|200115589|1|0|2.0|VOLUMEN|FIJO|200115589|1|0|2.0|VOLUMEN|FIJO|200115589|1|0|2.0|VOLUMEN|FIJO|200115589|1|0|2.0|VOLUMEN|FIJO|200115589|1|0|2.0|VOLUMEN|FIJO|200115589|1|0|2.0|VOLUMEN|FIJO|200115589|1|0|2.0|VOLUMEN|FIJO|200115589|1|0|2.0|VOLUMEN|FIJO|200115589|1|0|2.0
632,VOLUMEN|FIJO|200116339|1|0|2.0|VOLUMEN|FIJO|200116339|1|0|2.0|VOLUMEN|FIJO|200116339|1|0|2.0|VOLUMEN|FIJO|200116339|1|0|2.0|VOLUMEN|FIJO|200116339|1|0|2.0|VOLUMEN|FIJO|200116339|1|0|2.0|VOLUMEN|FIJO|200116339|1|0|2.0|VOLUMEN|FIJO|200116339|1|0|2.0|VOLUMEN|FIJO|200116339|1|0|2.0|VOLUMEN|FIJO|200116339|1|0|2.0|VOLUMEN|FIJO|200116339|1|0|2.0|VOLUMEN|FIJO|200116339|1|0|2.0
633,VOLUMEN|FIJO|200111234|1|0|2.0|VOLUMEN|FIJO|200111234|1|0|2.0|VOLUMEN|FIJO|200111234|1|0|2.0|VOLUMEN|FIJO|200111234|1|0|2.0|VOLUMEN|FIJO|200111234|1|0|2.0|VOLUMEN|FIJO|200111234|1|0|2.0|VOLUMEN|FIJO|200111234|1|0|2.0|VOLUMEN|FIJO|200111234|1|0|2.0|VOLUMEN|FIJO|200111234|1|0|2.0|VOLUMEN|FIJO|200111234|1|0|2.0
634,INDIVIDUAL|FIJO|200118925|1|0|1.0|INDIVIDUAL|FIJO|200118925|1|0|1.0|INDIVIDUAL|FIJO|200118925|1|0|1.0|INDIVIDUAL|FIJO|200118925|1|0|1.0|INDIVIDUAL|FIJO|200118925|1|0|1.0|INDIVIDUAL|FIJO|200118925|1|0|1.0|INDIVIDUAL|FIJO|200118925|1|0|1.0|INDIVIDUAL|FIJO|200118925|1|0|1.0|INDIVIDUAL|FIJO|200118925|1|0|1.0|INDIVIDUAL|FIJO|200118925|1|0|1.0|INDIVIDUAL|FIJO|200118925|1|0|1.0|INDIVIDUAL|FIJO|200118925|1|0|1.0
635,INDIVIDUAL|FIJO|200115809|1|0|1.0|INDIVIDUAL|FIJO|200115809|1|0|1.0|INDIVIDUAL|FIJO|200115809|1|0|1.0|INDIVIDUAL|FIJO|200115809|1|0|1.0|INDIVIDUAL|FIJO|200115809|1|0|1.0|INDIVIDUAL|FIJO|200115809|1|0|1.0|INDIVIDUAL|FIJO|200115809|1|0|1.0|INDIVIDUAL|FIJO|200115809|1|0|1.0|INDIVIDUAL|FIJO|200115809|1|0|1.0|INDIVIDUAL|FIJO|200115809|1|0|1.0|INDIVIDUAL|FIJO|200115809|1|0|1.0|INDIVIDUAL|FIJO|200115809|1|0|1.0
636,INDIVIDUAL|FIJO|200089621|1|0|1.0|INDIVIDUAL|FIJO|200089621|1|0|1.0|INDIVIDUAL|FIJO|200089621|1|0|1.0|INDIVIDUAL|FIJO|200089621|1|0|1.0|INDIVIDUAL|FIJO|200089621|1|0|1.0|INDIVIDUAL|FIJO|200089621|1|0|1.0|INDIVIDUAL|FIJO|200089621|1|0|1.0|INDIVIDUAL|FIJO|200089621|1|0|1.0|INDIVIDUAL|FIJO|200089621|1|0|1.0|INDIVIDUAL|FIJO|200089621|1|0|1.0|INDIVIDUAL|FIJO|200089621|1|0|1.0|INDIVIDUAL|FIJO|200089621|1|0|1.0|INDIVIDUAL|FIJO|200089621|1|0|1.0|INDIVIDUAL|FIJO|200089621|1|0|1.0
637,INDIVIDUAL|FIJO|200091328|1|0|1.0|INDIVIDUAL|FIJO|200091328|1|0|1.0|INDIVIDUAL|FIJO|200091328|1|0|1.0|INDIVIDUAL|FIJO|200091328|1|0|1.0|INDIVIDUAL|FIJO|200091328|1|0|1.0|INDIVIDUAL|FIJO|200091328|1|0|1.0|INDIVIDUAL|FIJO|200091328|1|0|1.0|INDIVIDUAL|FIJO|200091328|1|0|1.0|INDIVIDUAL|FIJO|200091328|1|0|1.0|INDIVIDUAL|FIJO|200091328|1|0|1.0|INDIVIDUAL|FIJO|200091328|1|0|1.0
638,INDIVIDUAL|FIJO|200048978|1|0|1.0|INDIVIDUAL|FIJO|200048978|1|0|1.0|INDIVIDUAL|FIJO|200048978|1|0|1.0|INDIVIDUAL|FIJO|200048978|1|0|1.0|INDIVIDUAL|FIJO|200048978|1|0|1.0|INDIVIDUAL|FIJO|200048978|1|0|1.0|INDIVIDUAL|FIJO|200048978|1|0|1.0|INDIVIDUAL|FIJO|200048978|1|0|1.0|INDIVIDUAL|FIJO|200048978|1|0|1.0|INDIVIDUAL|FIJO|200048978|1|0|1.0|INDIVIDUAL|FIJO|200048978|1|0|1.0|INDIVIDUAL|FIJO|200048978|1|0|1.0
639,INDIVIDUAL|FIJO|200109874|1|0|1.0|INDIVIDUAL|FIJO|200109874|1|0|1.0|INDIVIDUAL|FIJO|200109874|1|0|1.0|INDIVIDUAL|FIJO|200109874|1|0|1.0|INDIVIDUAL|FIJO|200109874|1|0|1.0|INDIVIDUAL|FIJO|200109874|1|0|1.0|INDIVIDUAL|FIJO|200109874|1|0|1.0|INDIVIDUAL|FIJO|200109874|1|0|1.0|INDIVIDUAL|FIJO|200109874|1|0|1.0|INDIVIDUAL|FIJO|200109874|1|0|1.0|INDIVIDUAL|FIJO|200109874|1|0|1.0|INDIVIDUAL|FIJO|200109874|1|0|1.0
640,INDIVIDUAL|FIJO|200053122|1|0|1.0|INDIVIDUAL|FIJO|200053122|1|0|1.0|INDIVIDUAL|FIJO|200053122|1|0|1.0|INDIVIDUAL|FIJO|200053122|1|0|1.0|INDIVIDUAL|FIJO|200053122|1|0|1.0|INDIVIDUAL|FIJO|200053122|1|0|1.0|INDIVIDUAL|FIJO|200053122|1|0|1.0|INDIVIDUAL|FIJO|200053122|1|0|1.0|INDIVIDUAL|FIJO|200053122|1|0|1.0|INDIVIDUAL|FIJO|200053122|1|0|1.0|INDIVIDUAL|FIJO|200053122|1|0|1.0|INDIVIDUAL|FIJO|200053122|1|0|1.0|INDIVIDUAL|FIJO|200053122|1|0|1.0
641,INDIVIDUAL|FIJO|200113553|1|0|1.0|INDIVIDUAL|FIJO|200113553|1|0|1.0|INDIVIDUAL|FIJO|200113553|1|0|1.0|INDIVIDUAL|FIJO|200113553|1|0|1.0|INDIVIDUAL|FIJO|200113553|1|0|1.0|INDIVIDUAL|FIJO|200113553|1|0|1.0|INDIVIDUAL|FIJO|200113553|1|0|1.0|INDIVIDUAL|FIJO|200113553|1|0|1.0|INDIVIDUAL|FIJO|200113553|1|0|1.0|INDIVIDUAL|FIJO|200113553|1|0|1.0|INDIVIDUAL|FIJO|200113553|1|0|1.0
642,INDIVIDUAL|FIJO|200106284|1|0|1.0|INDIVIDUAL|FIJO|200106284|1|0|1.0|INDIVIDUAL|FIJO|200106284|1|0|1.0|INDIVIDUAL|FIJO|200106284|1|0|1.0|INDIVIDUAL|FIJO|200106284|1|0|1.0|INDIVIDUAL|FIJO|200106284|1|0|1.0|INDIVIDUAL|FIJO|200106284|1|0|1.0|INDIVIDUAL|FIJO|200106284|1|0|1.0|INDIVIDUAL|FIJO|200106284|1|0|1.0|INDIVIDUAL|FIJO|200106284|1|0|1.0
643,INDIVIDUAL|FIJO|200069875|1|0|1.0|INDIVIDUAL|FIJO|200069875|1|0|1.0|INDIVIDUAL|FIJO|200069875|1|0|1.0|INDIVIDUAL|FIJO|200069875|1|0|1.0|INDIVIDUAL|FIJO|200069875|1|0|1.0|INDIVIDUAL|FIJO|200069875|1|0|1.0|INDIVIDUAL|FIJO|200069875|1|0|1.0|INDIVIDUAL|FIJO|200069875|1|0|1.0|INDIVIDUAL|FIJO|200069875|1|0|1.0|INDIVIDUAL|FIJO|200069875|1|0|1.0|INDIVIDUAL|FIJO|200069875|1|0|1.0
644,INDIVIDUAL|FIJO|200095903|1|0|1.0|INDIVIDUAL|FIJO|200095903|1|0|1.0|INDIVIDUAL|FIJO|200095903|1|0|1.0|INDIVIDUAL|FIJO|200095903|1|0|1.0|INDIVIDUAL|FIJO|200095903|1|0|1.0|INDIVIDUAL|FIJO|200095903|1|0|1.0|INDIVIDUAL|FIJO|200095903|1|0|1.0|INDIVIDUAL|FIJO|200095903|1|0|1.0|INDIVIDUAL|FIJO|200095903|1|0|1.0|INDIVIDUAL|FIJO|200095903|1|0|1.0|INDIVIDUAL|FIJO|200095903|1|0|1.0|INDIVIDUAL|FIJO|200095903|1|0|1.0
645,INDIVIDUAL|FIJO|200046830|1|0|1.0|INDIVIDUAL|FIJO|200046830|1|0|1.0|INDIVIDUAL|FIJO|200046830|1|0|1.0|INDIVIDUAL|FIJO|200046830|1|0|1.0|INDIVIDUAL|FIJO|200046830|1|0|1.0|INDIVIDUAL|FIJO|200046830|1|0|1.0|INDIVIDUAL|FIJO|200046830|1|0|1.0|INDIVIDUAL|FIJO|200046830|1|0|1.0|INDIVIDUAL|FIJO|200046830|1|0|1.0|INDIVIDUAL|FIJO|200046830|1|0|1.0
646,INDIVIDUAL|FIJO|200106354|1|0|1.0|INDIVIDUAL|FIJO|200106354|1|0|1.0|INDIVIDUAL|FIJO|200106354|1|0|1.0|INDIVIDUAL|FIJO|200106354|1|0|1.0|INDIVIDUAL|FIJO|200106354|1|0|1.0|INDIVIDUAL|FIJO|200106354|1|0|1.0|INDIVIDUAL|FIJO|200106354|1|0|1.0|INDIVIDUAL|FIJO|200106354|1|0|1.0|INDIVIDUAL|FIJO|200106354|1|0|1.0|INDIVIDUAL|FIJO|200106354|1|0|1.0|INDIVIDUAL|FIJO|200106354|1|0|1.0|INDIVIDUAL|FIJO|200106354|1|0|1.0|INDIVIDUAL|FIJO|200106354|1|0|1.0
647,INDIVIDUAL|FIJO|200105335|1|0|1.0|INDIVIDUAL|FIJO|200105335|1|0|1.0|INDIVIDUAL|FIJO|200105335|1|0|1.0|INDIVIDUAL|FIJO|200105335|1|0|1.0|INDIVIDUAL|FIJO|200105335|1|0|1.0|INDIVIDUAL|FIJO|200105335|1|0|1.0|INDIVIDUAL|FIJO|200105335|1|0|1.0|INDIVIDUAL|FIJO|200105335|1|0|1.0|INDIVIDUAL|FIJO|200105335|1|0|1.0|INDIVIDUAL|FIJO|200105335|1|0|1.0|INDIVIDUAL|FIJO|200105335|1|0|1.0|INDIVIDUAL|FIJO|200105335|1|0|1.0|INDIVIDUAL|FIJO|200105335|1|0|1.0
648,INDIVIDUAL|FIJO|200095864|1|0|1.0|INDIVIDUAL|FIJO|200095864|1|0|1.0|INDIVIDUAL|FIJO|200095864|1|0|1.0|INDIVIDUAL|FIJO|200095864|1|0|1.0|INDIVIDUAL|FIJO|200095864|1|0|1.0|INDIVIDUAL|FIJO|200095864|1|0|1.0|INDIVIDUAL|FIJO|200095864|1|0|1.0|INDIVIDUAL|FIJO|200095864|1|0|1.0|INDIVIDUAL|FIJO|200095864|1|0|1.0|INDIVIDUAL|FIJO|200095864|1|0|1.0|INDIVIDUAL|FIJO|200095864|1|0|1.0|INDIVIDUAL|FIJO|200095864|1|0|1.0|INDIVIDUAL|FIJO|200095864|1|0|1.0|INDIVIDUAL|FIJO|200095864|1|0|1.0
649,INDIVIDUAL|FIJO|200106274|1|0|1.0|INDIVIDUAL|FIJO|200106274|1|0|1.0|INDIVIDUAL|FIJO|200106274|1|0|1.0|INDIVIDUAL|FIJO|200106274|1|0|1.0|INDIVIDUAL|FIJO|200106274|1|0|1.0|INDIVIDUAL|FIJO|200106274|1|0|1.0|INDIVIDUAL|FIJO|200106274|1|0|1.0|INDIVIDUAL|FIJO|200106274|1|0|1.0|INDIVIDUAL|FIJO|200106274|1|0|1.0|INDIVIDUAL|FIJO|200106274|1|0|1.0
650,INDIVIDUAL|FIJO|200095864|1|0|1.0|INDIVIDUAL|FIJO|200095864|1|0|1.0|INDIVIDUAL|FIJO|200095864|1|0|1.0|INDIVIDUAL|FIJO|200095864|1|0|1.0|INDIVIDUAL|FIJO|200095864|1|0|1.0|INDIVIDUAL|FIJO|200095864|1|0|1.0|INDIVIDUAL|FIJO|200095864|1|0|1.0|INDIVIDUAL|FIJO|200095864|1|0|1.0|INDIVIDUAL|FIJO|200095864|1|0|1.0|INDIVIDUAL|FIJO|200095864|1|0|1.0|INDIVIDUAL|FIJO|200095864|1|0|1.0|INDIVIDUAL|FIJO|200095864|1|0|1.0|INDIVIDUAL|FIJO|200095864|1|0|1.0|INDIVIDUAL|FIJO|200095864|1|0|1.0
651,INDIVIDUAL|FIJO|200042737|1|0|1.0|INDIVIDUAL|FIJO|200042737|1|0|1.0|INDIVIDUAL|FIJO|200042737|1|0|1.0|INDIVIDUAL|FIJO|200042737|1|0|1.0|INDIVIDUAL|FIJO|200042737|1|0|1.0|INDIVIDUAL|FIJO|200042737|1|0|1.0|INDIVIDUAL|FIJO|200042737|1|0|1.0|INDIVIDUAL|FIJO|200042737|1|0|1.0|INDIVIDUAL|FIJO|200042737|1|0|1.0|INDIVIDUAL|FIJO|200042737|1|0|1.0|INDIVIDUAL|FIJO|200042737|1|0|1.0|INDIVIDUAL|FIJO|200042737|1|0|1.0
652,INDIVIDUAL|FIJO|200095903|1|0|1.0|INDIVIDUAL|FIJO|200095903|1|0|1.0|INDIVIDUAL|FIJO|200095903|1|0|1.0|INDIVIDUAL|FIJO|200095903|1|0|1.0|INDIVIDUAL|FIJO|200095903|1|0|1.0|INDIVIDUAL|FIJO|200095903|1|0|1.0|INDIVIDUAL|FIJO|200095903|1|0|1.0|INDIVIDUAL|FIJO|200095903|1|0|1.0|INDIVIDUAL|FIJO|200095903|1|0|1.0|INDIVIDUAL|FIJO|200095903|1|0|1.0|INDIVIDUAL|FIJO|200095903|1|0|1.0|INDIVIDUAL|FIJO|200095903|1|0|1.0
653,INDIVIDUAL|FIJO|200113553|1|0|1.0|INDIVIDUAL|FIJO|200113553|1|0|1.0|INDIVIDUAL|FIJO|200113553|1|0|1.0|INDIVIDUAL|FIJO|200113553|1|0|1.0|INDIVIDUAL|FIJO|200113553|1|0|1.0|INDIVIDUAL|FIJO|200113553|1|0|1.0|INDIVIDUAL|FIJO|200113553|1|0|1.0|INDIVIDUAL|FIJO|200113553|1|0|1.0|INDIVIDUAL|FIJO|200113553|1|0|1.0|INDIVIDUAL|FIJO|200113553|1|0|1.0|INDIVIDUAL|FIJO|200113553|1|0|1.0
654,INDIVIDUAL|FIJO|200117169|1|0|1.0|INDIVIDUAL|FIJO|200117169|1|0|1.0|INDIVIDUAL|FIJO|200117169|1|0|1.0|INDIVIDUAL|FIJO|200117169|1|0|1.0|INDIVIDUAL|FIJO|200117169|1|0|1.0|INDIVIDUAL|FIJO|200117169|1|0|1.0|INDIVIDUAL|FIJO|200117169|1|0|1.0|INDIVIDUAL|FIJO|200117169|1|0|1.0|INDIVIDUAL|FIJO|200117169|1|0|1.0|INDIVIDUAL|FIJO|200117169|1|0|1.0|INDIVIDUAL|FIJO|200117169|1|0|1.0
655,INDIVIDUAL|FIJO|200110157|1|0|1.0|INDIVIDUAL|FIJO|200110157|1|0|1.0|INDIVIDUAL|FIJO|200110157|1|0|1.0|INDIVIDUAL|FIJO|200110157|1|0|1.0|INDIVIDUAL|FIJO|200110157|1|0|1.0|INDIVIDUAL|FIJO|200110157|1|0|1.0|INDIVIDUAL|FIJO|200110157|1|0|1.0|INDIVIDUAL|FIJO|200110157|1|0|1.0|INDIVIDUAL|FIJO|200110157|1|0|1.0|INDIVIDUAL|FIJO|200110157|1|0|1.0|INDIVIDUAL|FIJO|200110157|1|0|1.0
656,INDIVIDUAL|FIJO|200098377|1|0|1.0|INDIVIDUAL|FIJO|200098377|1|0|1.0|INDIVIDUAL|FIJO|200098377|1|0|1.0|INDIVIDUAL|FIJO|200098377|1|0|1.0|INDIVIDUAL|FIJO|200098377|1|0|1.0|INDIVIDUAL|FIJO|200098377|1|0|1.0|INDIVIDUAL|FIJO|200098377|1|0|1.0|INDIVIDUAL|FIJO|200098377|1|0|1.0|INDIVIDUAL|FIJO|200098377|1|0|1.0|INDIVIDUAL|FIJO|200098377|1|0|1.0|INDIVIDUAL|FIJO|200098377|1|0|1.0
657,INDIVIDUAL|FIJO|200064292|1|0|1.0|INDIVIDUAL|FIJO|200064292|1|0|1.0|INDIVIDUAL|FIJO|200064292|1|0|1.0|INDIVIDUAL|FIJO|200064292|1|0|1.0|INDIVIDUAL|FIJO|200064292|1|0|1.0|INDIVIDUAL|FIJO|200064292|1|0|1.0|INDIVIDUAL|FIJO|200064292|1|0|1.0|INDIVIDUAL|FIJO|200064292|1|0|1.0|INDIVIDUAL|FIJO|200064292|1|0|1.0|INDIVIDUAL|FIJO|200064292|1|0|1.0|INDIVIDUAL|FIJO|200064292|1|0|1.0
658,INDIVIDUAL|FIJO|200064310|1|0|1.0|INDIVIDUAL|FIJO|200064310|1|0|1.0|INDIVIDUAL|FIJO|200064310|1|0|1.0|INDIVIDUAL|FIJO|200064310|1|0|1.0|INDIVIDUAL|FIJO|200064310|1|0|1.0|INDIVIDUAL|FIJO|200064310|1|0|1.0|INDIVIDUAL|FIJO|200064310|1|0|1.0|INDIVIDUAL|FIJO|200064310|1|0|1.0|INDIVIDUAL|FIJO|200064310|1|0|1.0|INDIVIDUAL|FIJO|200064310|1|0|1.0|INDIVIDUAL|FIJO|200064310|1|0|1.0|INDIVIDUAL|FIJO|200064310|1|0|1.0|INDIVIDUAL|FIJO|200064310|1|0|1.0
659,INDIVIDUAL|FIJO|200056740|1|0|1.0|INDIVIDUAL|FIJO|200056740|1|0|1.0|INDIVIDUAL|FIJO|200056740|1|0|1.0|INDIVIDUAL|FIJO|200056740|1|0|1.0|INDIVIDUAL|FIJO|200056740|1|0|1.0|INDIVIDUAL|FIJO|200056740|1|0|1.0|INDIVIDUAL|FIJO|200056740|1|0|1.0|INDIVIDUAL|FIJO|200056740|1|0|1.0|INDIVIDUAL|FIJO|200056740|1|0|1.0|INDIVIDUAL|FIJO|200056740|1|0|1.0|INDIVIDUAL|FIJO|200056740|1|0|1.0|INDIVIDUAL|FIJO|200056740|1|0|1.0
660,INDIVIDUAL|FIJO|200072913|1|0|1.0|INDIVIDUAL|FIJO|200072913|1|0|1.0|INDIVIDUAL|FIJO|200072913|1|0|1.0|INDIVIDUAL|FIJO|200072913|1|0|1.0|INDIVIDUAL|FIJO|200072913|1|0|1.0|INDIVIDUAL|FIJO|200072913|1|0|1.0|INDIVIDUAL|FIJO|200072913|1|0|1.0|INDIVIDUAL|FIJO|200072913|1|0|1.0|INDIVIDUAL|FIJO|200072913|1|0|1.0|INDIVIDUAL|FIJO|200072913|1|0|1.0|INDIVIDUAL|FIJO|200072913|1|0|1.0|INDIVIDUAL|FIJO|200072913|1|0|1.0|INDIVIDUAL|FIJO|200072913|1|0|1.0
661,INDIVIDUAL|FIJO|200056741|1|0|1.0|INDIVIDUAL|FIJO|200056741|1|0|1.0|INDIVIDUAL|FIJO|200056741|1|0|1.0|INDIVIDUAL|FIJO|200056741|1|0|1.0|INDIVIDUAL|FIJO|200056741|1|0|1.0|INDIVIDUAL|FIJO|200056741|1|0|1.0|INDIVIDUAL|FIJO|200056741|1|0|1.0|INDIVIDUAL|FIJO|200056741|1|0|1.0|INDIVIDUAL|FIJO|200056741|1|0|1.0|INDIVIDUAL|FIJO|200056741|1|0|1.0|INDIVIDUAL|FIJO|200056741|1|0|1.0|INDIVIDUAL|FIJO|200056741|1|0|1.0
662,INDIVIDUAL|FIJO|200073712|1|0|1.0|INDIVIDUAL|FIJO|200073712|1|0|1.0|INDIVIDUAL|FIJO|200073712|1|0|1.0|INDIVIDUAL|FIJO|200073712|1|0|1.0|INDIVIDUAL|FIJO|200073712|1|0|1.0|INDIVIDUAL|FIJO|200073712|1|0|1.0|INDIVIDUAL|FIJO|200073712|1|0|1.0|INDIVIDUAL|FIJO|200073712|1|0|1.0|INDIVIDUAL|FIJO|200073712|1|0|1.0|INDIVIDUAL|FIJO|200073712|1|0|1.0|INDIVIDUAL|FIJO|200073712|1|0|1.0|INDIVIDUAL|FIJO|200073712|1|0|1.0
663,INDIVIDUAL|FIJO|200106397|1|0|1.0|INDIVIDUAL|FIJO|200106397|1|0|1.0|INDIVIDUAL|FIJO|200106397|1|0|1.0|INDIVIDUAL|FIJO|200106397|1|0|1.0|INDIVIDUAL|FIJO|200106397|1|0|1.0|INDIVIDUAL|FIJO|200106397|1|0|1.0|INDIVIDUAL|FIJO|200106397|1|0|1.0|INDIVIDUAL|FIJO|200106397|1|0|1.0|INDIVIDUAL|FIJO|200106397|1|0|1.0|INDIVIDUAL|FIJO|200106397|1|0|1.0
664,INDIVIDUAL|FIJO|200056743|1|0|1.0|INDIVIDUAL|FIJO|200056743|1|0|1.0|INDIVIDUAL|FIJO|200056743|1|0|1.0|INDIVIDUAL|FIJO|200056743|1|0|1.0|INDIVIDUAL|FIJO|200056743|1|0|1.0|INDIVIDUAL|FIJO|200056743|1|0|1.0|INDIVIDUAL|FIJO|200056743|1|0|1.0|INDIVIDUAL|FIJO|200056743|1|0|1.0|INDIVIDUAL|FIJO|200056743|1|0|1.0|INDIVIDUAL|FIJO|200056743|1|0|1.0|INDIVIDUAL|FIJO|200056743|1|0|1.0|INDIVIDUAL|FIJO|200056743|1|0|1.0
665,INDIVIDUAL|FIJO|200106279|1|0|1.0|INDIVIDUAL|FIJO|200106279|1|0|1.0|INDIVIDUAL|FIJO|200106279|1|0|1.0|INDIVIDUAL|FIJO|200106279|1|0|1.0|INDIVIDUAL|FIJO|200106279|1|0|1.0|INDIVIDUAL|FIJO|200106279|1|0|1.0|INDIVIDUAL|FIJO|200106279|1|0|1.0|INDIVIDUAL|FIJO|200106279|1|0|1.0|INDIVIDUAL|FIJO|200106279|1|0|1.0|INDIVIDUAL|FIJO|200106279|1|0|1.0
666,INDIVIDUAL|FIJO|200106396|1|0|1.0|INDIVIDUAL|FIJO|200106396|1|0|1.0|INDIVIDUAL|FIJO|200106396|1|0|1.0|INDIVIDUAL|FIJO|200106396|1|0|1.0|INDIVIDUAL|FIJO|200106396|1|0|1.0|INDIVIDUAL|FIJO|200106396|1|0|1.0|INDIVIDUAL|FIJO|200106396|1|0|1.0|INDIVIDUAL|FIJO|200106396|1|0|1.0|INDIVIDUAL|FIJO|200106396|1|0|1.0|INDIVIDUAL|FIJO|200106396|1|0|1.0
667,INDIVIDUAL|FIJO|200111379|1|0|1.0|INDIVIDUAL|FIJO|200111379|1|0|1.0|INDIVIDUAL|FIJO|200111379|1|0|1.0|INDIVIDUAL|FIJO|200111379|1|0|1.0|INDIVIDUAL|FIJO|200111379|1|0|1.0|INDIVIDUAL|FIJO|200111379|1|0|1.0|INDIVIDUAL|FIJO|200111379|1|0|1.0|INDIVIDUAL|FIJO|200111379|1|0|1.0|INDIVIDUAL|FIJO|200111379|1|0|1.0|INDIVIDUAL|FIJO|200111379|1|0|1.0|INDIVIDUAL|FIJO|200111379|1|0|1.0
668,INDIVIDUAL|FIJO|200106398|1|0|1.0|INDIVIDUAL|FIJO|200106398|1|0|1.0|INDIVIDUAL|FIJO|200106398|1|0|1.0|INDIVIDUAL|FIJO|200106398|1|0|1.0|INDIVIDUAL|FIJO|200106398|1|0|1.0|INDIVIDUAL|FIJO|200106398|1|0|1.0|INDIVIDUAL|FIJO|200106398|1|0|1.0|INDIVIDUAL|FIJO|200106398|1|0|1.0|INDIVIDUAL|FIJO|200106398|1|0|1.0|INDIVIDUAL|FIJO|200106398|1|0|1.0
669,INDIVIDUAL|FIJO|200106312|1|0|1.0|INDIVIDUAL|FIJO|200106312|1|0|1.0|INDIVIDUAL|FIJO|200106312|1|0|1.0|INDIVIDUAL|FIJO|200106312|1|0|1.0|INDIVIDUAL|FIJO|200106312|1|0|1.0|INDIVIDUAL|FIJO|200106312|1|0|1.0|INDIVIDUAL|FIJO|200106312|1|0|1.0|INDIVIDUAL|FIJO|200106312|1|0|1.0|INDIVIDUAL|FIJO|200106312|1|0|1.0|INDIVIDUAL|FIJO|200106312|1|0|1.0
670,INDIVIDUAL|FIJO|200064341|1|0|1.0|INDIVIDUAL|FIJO|200064341|1|0|1.0|INDIVIDUAL|FIJO|200064341|1|0|1.0|INDIVIDUAL|FIJO|200064341|1|0|1.0|INDIVIDUAL|FIJO|200064341|1|0|1.0|INDIVIDUAL|FIJO|200064341|1|0|1.0|INDIVIDUAL|FIJO|200064341|1|0|1.0|INDIVIDUAL|FIJO|200064341|1|0|1.0|INDIVIDUAL|FIJO|200064341|1|0|1.0|INDIVIDUAL|FIJO|200064341|1|0|1.0|INDIVIDUAL|FIJO|200064341|1|0|1.0|INDIVIDUAL|FIJO|200064341|1|0|1.0|INDIVIDUAL|FIJO|200064341|1|0|1.0
671,INDIVIDUAL|FIJO|P0292060005|1|0|1.0|INDIVIDUAL|FIJO|P0292060005|1|0|1.0|INDIVIDUAL|FIJO|P0292060005|1|0|1.0|INDIVIDUAL|FIJO|P0292060005|1|0|1.0|INDIVIDUAL|FIJO|P0292060005|1|0|1.0|INDIVIDUAL|FIJO|P0292060005|1|0|1.0|INDIVIDUAL|FIJO|P0292060005|1|0|1.0|INDIVIDUAL|FIJO|P0292060005|1|0|1.0|INDIVIDUAL|FIJO|P0292060005|1|0|1.0|INDIVIDUAL|FIJO|P0292060005|1|0|1.0
672,INDIVIDUAL|FIJO|200115300|1|0|1.0|INDIVIDUAL|FIJO|200115300|1|0|1.0|INDIVIDUAL|FIJO|200115300|1|0|1.0|INDIVIDUAL|FIJO|200115300|1|0|1.0|INDIVIDUAL|FIJO|200115300|1|0|1.0|INDIVIDUAL|FIJO|200115300|1|0|1.0|INDIVIDUAL|FIJO|200115300|1|0|1.0|INDIVIDUAL|FIJO|200115300|1|0|1.0|INDIVIDUAL|FIJO|200115300|1|0|1.0|INDIVIDUAL|FIJO|200115300|1|0|1.0|INDIVIDUAL|FIJO|200115300|1|0|1.0
673,INDIVIDUAL|FIJO|200116108|1|0|1.0|INDIVIDUAL|FIJO|200116108|1|0|1.0|INDIVIDUAL|FIJO|200116108|1|0|1.0|INDIVIDUAL|FIJO|200116108|1|0|1.0|INDIVIDUAL|FIJO|200116108|1|0|1.0|INDIVIDUAL|FIJO|200116108|1|0|1.0|INDIVIDUAL|FIJO|200116108|1|0|1.0|INDIVIDUAL|FIJO|200116108|1|0|1.0
674,INDIVIDUAL|FIJO|200082462|1|0|1.0|INDIVIDUAL|FIJO|200082462|1|0|1.0|INDIVIDUAL|FIJO|200082462|1|0|1.0|INDIVIDUAL|FIJO|200082462|1|0|1.0|INDIVIDUAL|FIJO|200082462|1|0|1.0|INDIVIDUAL|FIJO|200082462|1|0|1.0|INDIVIDUAL|FIJO|200082462|1|0|1.0|INDIVIDUAL|FIJO|200082462|1|0|1.0|INDIVIDUAL|FIJO|200082462|1|0|1.0|INDIVIDUAL|FIJO|200082462|1|0|1.0|INDIVIDUAL|FIJO|200082462|1|0|1.0
675,INDIVIDUAL|FIJO|200064823|1|0|1.0|INDIVIDUAL|FIJO|200064823|1|0|1.0|INDIVIDUAL|FIJO|200064823|1|0|1.0|INDIVIDUAL|FIJO|200064823|1|0|1.0|INDIVIDUAL|FIJO|200064823|1|0|1.0|INDIVIDUAL|FIJO|200064823|1|0|1.0|INDIVIDUAL|FIJO|200064823|1|0|1.0|INDIVIDUAL|FIJO|200064823|1|0|1.0|INDIVIDUAL|FIJO|200064823|1|0|1.0|INDIVIDUAL|FIJO|200064823|1|0|1.0|INDIVIDUAL|FIJO|200064823|1|0|1.0
676,INDIVIDUAL|FIJO|200064825|1|0|1.0|INDIVIDUAL|FIJO|200064825|1|0|1.0|INDIVIDUAL|FIJO|200064825|1|0|1.0|INDIVIDUAL|FIJO|200064825|1|0|1.0|INDIVIDUAL|FIJO|200064825|1|0|1.0|INDIVIDUAL|FIJO|200064825|1|0|1.0|INDIVIDUAL|FIJO|200064825|1|0|1.0|INDIVIDUAL|FIJO|200064825|1|0|1.0|INDIVIDUAL|FIJO|200064825|1|0|1.0|INDIVIDUAL|FIJO|200064825|1|0|1.0|INDIVIDUAL|FIJO|200064825|1|0|1.0
677,INDIVIDUAL|FIJO|200067147|1|0|1.0|INDIVIDUAL|FIJO|200067147|1|0|1.0|INDIVIDUAL|FIJO|200067147|1|0|1.0|INDIVIDUAL|FIJO|200067147|1|0|1.0|INDIVIDUAL|FIJO|200067147|1|0|1.0|INDIVIDUAL|FIJO|200067147|1|0|1.0|INDIVIDUAL|FIJO|200067147|1|0|1.0|INDIVIDUAL|FIJO|200067147|1|0|1.0|INDIVIDUAL|FIJO|200067147|1|0|1.0|INDIVIDUAL|FIJO|200067147|1|0|1.0
678,INDIVIDUAL|FIJO|200069656|1|0|1.0|INDIVIDUAL|FIJO|200069656|1|0|1.0|INDIVIDUAL|FIJO|200069656|1|0|1.0|INDIVIDUAL|FIJO|200069656|1|0|1.0|INDIVIDUAL|FIJO|200069656|1|0|1.0|INDIVIDUAL|FIJO|200069656|1|0|1.0|INDIVIDUAL|FIJO|200069656|1|0|1.0|INDIVIDUAL|FIJO|200069656|1|0|1.0|INDIVIDUAL|FIJO|200069656|1|0|1.0|INDIVIDUAL|FIJO|200069656|1|0|1.0
679,INDIVIDUAL|FIJO|200073399|1|0|1.0|INDIVIDUAL|FIJO|200073399|1|0|1.0|INDIVIDUAL|FIJO|200073399|1|0|1.0|INDIVIDUAL|FIJO|200073399|1|0|1.0|INDIVIDUAL|FIJO|200073399|1|0|1.0|INDIVIDUAL|FIJO|200073399|1|0|1.0|INDIVIDUAL|FIJO|200073399|1|0|1.0|INDIVIDUAL|FIJO|200073399|1|0|1.0|INDIVIDUAL|FIJO|200073399|1|0|1.0|INDIVIDUAL|FIJO|200073399|1|0|1.0
680,INDIVIDUAL|FIJO|200079482|1|0|1.0|INDIVIDUAL|FIJO|200079482|1|0|1.0|INDIVIDUAL|FIJO|200079482|1|0|1.0|INDIVIDUAL|FIJO|200079482|1|0|1.0|INDIVIDUAL|FIJO|200079482|1|0|1.0|INDIVIDUAL|FIJO|200079482|1|0|1.0|INDIVIDUAL|FIJO|200079482|1|0|1.0|INDIVIDUAL|FIJO|200079482|1|0|1.0|INDIVIDUAL|FIJO|200079482|1|0|1.0|INDIVIDUAL|FIJO|200079482|1|0|1.0
681,INDIVIDUAL|FIJO|200084783|1|0|1.0|INDIVIDUAL|FIJO|200084783|1|0|1.0|INDIVIDUAL|FIJO|200084783|1|0|1.0|INDIVIDUAL|FIJO|200084783|1|0|1.0|INDIVIDUAL|FIJO|200084783|1|0|1.0|INDIVIDUAL|FIJO|200084783|1|0|1.0|INDIVIDUAL|FIJO|200084783|1|0|1.0|INDIVIDUAL|FIJO|200084783|1|0|1.0|INDIVIDUAL|FIJO|200084783|1|0|1.0|INDIVIDUAL|FIJO|200084783|1|0|1.0|INDIVIDUAL|FIJO|200084783|1|0|1.0
682,INDIVIDUAL|FIJO|200084815|1|0|1.0|INDIVIDUAL|FIJO|200084815|1|0|1.0|INDIVIDUAL|FIJO|200084815|1|0|1.0|INDIVIDUAL|FIJO|200084815|1|0|1.0|INDIVIDUAL|FIJO|200084815|1|0|1.0|INDIVIDUAL|FIJO|200084815|1|0|1.0|INDIVIDUAL|FIJO|200084815|1|0|1.0|INDIVIDUAL|FIJO|200084815|1|0|1.0|INDIVIDUAL|FIJO|200084815|1|0|1.0|INDIVIDUAL|FIJO|200084815|1|0|1.0|INDIVIDUAL|FIJO|200084815|1|0|1.0
683,INDIVIDUAL|FIJO|200084784|1|0|1.0|INDIVIDUAL|FIJO|200084784|1|0|1.0|INDIVIDUAL|FIJO|200084784|1|0|1.0|INDIVIDUAL|FIJO|200084784|1|0|1.0|INDIVIDUAL|FIJO|200084784|1|0|1.0|INDIVIDUAL|FIJO|200084784|1|0|1.0|INDIVIDUAL|FIJO|200084784|1|0|1.0|INDIVIDUAL|FIJO|200084784|1|0|1.0|INDIVIDUAL|FIJO|200084784|1|0|1.0|INDIVIDUAL|FIJO|200084784|1|0|1.0|INDIVIDUAL|FIJO|200084784|1|0|1.0
684,INDIVIDUAL|FIJO|200037093|1|0|1.0|INDIVIDUAL|FIJO|200037093|1|0|1.0|INDIVIDUAL|FIJO|200037093|1|0|1.0|INDIVIDUAL|FIJO|200037093|1|0|1.0|INDIVIDUAL|FIJO|200037093|1|0|1.0
685,INDIVIDUAL|FIJO|200041010|1|0|1.0|INDIVIDUAL|FIJO|200041010|1|0|1.0|INDIVIDUAL|FIJO|200041010|1|0|1.0|INDIVIDUAL|FIJO|200041010|1|0|1.0|INDIVIDUAL|FIJO|200041010|1|0|1.0
686,INDIVIDUAL|FIJO|200037734|1|0|1.0|INDIVIDUAL|FIJO|200037734|1|0|1.0|INDIVIDUAL|FIJO|200037734|1|0|1.0|INDIVIDUAL|FIJO|200037734|1|0|1.0|INDIVIDUAL|FIJO|200037734|1|0|1.0
687,INDIVIDUAL|FIJO|200043493|1|1|1.0|INDIVIDUAL|FIJO|200043493|1|1|1.0|INDIVIDUAL|FIJO|200043493|1|1|1.0|INDIVIDUAL|FIJO|200043493|1|1|1.0|INDIVIDUAL|FIJO|200043493|1|1|1.0|INDIVIDUAL|FIJO|200043493|1|1|1.0|INDIVIDUAL|FIJO|200043493|1|1|1.0|INDIVIDUAL|FIJO|200043493|1|1|1.0|INDIVIDUAL|FIJO|200043493|1|1|1.0
688,INDIVIDUAL|FIJO|200072404|1|1|1.0|INDIVIDUAL|FIJO|200072404|1|1|1.0|INDIVIDUAL|FIJO|200072404|1|1|1.0|INDIVIDUAL|FIJO|200072404|1|1|1.0|INDIVIDUAL|FIJO|200072404|1|1|1.0|INDIVIDUAL|FIJO|200072404|1|1|1.0|INDIVIDUAL|FIJO|200072404|1|1|1.0|INDIVIDUAL|FIJO|200072404|1|1|1.0|INDIVIDUAL|FIJO|200072404|1|1|1.0|INDIVIDUAL|FIJO|200072404|1|1|1.0|INDIVIDUAL|FIJO|200072404|1|1|1.0|INDIVIDUAL|FIJO|200072404|1|1|1.0
689,INDIVIDUAL|FIJO|200072404|1|0|1.0|INDIVIDUAL|FIJO|200072404|1|0|1.0|INDIVIDUAL|FIJO|200072404|1|0|1.0|INDIVIDUAL|FIJO|200072404|1|0|1.0|INDIVIDUAL|FIJO|200072404|1|0|1.0|INDIVIDUAL|FIJO|200072404|1|0|1.0|INDIVIDUAL|FIJO|200072404|1|0|1.0|INDIVIDUAL|FIJO|200072404|1|0|1.0|INDIVIDUAL|FIJO|200072404|1|0|1.0|INDIVIDUAL|FIJO|200072404|1|0|1.0|INDIVIDUAL|FIJO|200072404|1|0|1.0|INDIVIDUAL|FIJO|200072404|1|0|1.0
690,INDIVIDUAL|FIJO|200046331|1|0|1.0|INDIVIDUAL|FIJO|200046331|1|0|1.0|INDIVIDUAL|FIJO|200046331|1|0|1.0|INDIVIDUAL|FIJO|200046331|1|0|1.0|INDIVIDUAL|FIJO|200046331|1|0|1.0|INDIVIDUAL|FIJO|200046331|1|0|1.0|INDIVIDUAL|FIJO|200046331|1|0|1.0|INDIVIDUAL|FIJO|200046331|1|0|1.0|INDIVIDUAL|FIJO|200046331|1|0|1.0
691,INDIVIDUAL|FIJO|200072538|1|0|1.0|INDIVIDUAL|FIJO|200072538|1|0|1.0|INDIVIDUAL|FIJO|200072538|1|0|1.0|INDIVIDUAL|FIJO|200072538|1|0|1.0|INDIVIDUAL|FIJO|200072538|1|0|1.0|INDIVIDUAL|FIJO|200072538|1|0|1.0|INDIVIDUAL|FIJO|200072538|1|0|1.0|INDIVIDUAL|FIJO|200072538|1|0|1.0|INDIVIDUAL|FIJO|200072538|1|0|1.0|INDIVIDUAL|FIJO|200072538|1|0|1.0
692,INDIVIDUAL|FIJO|200046332|1|0|1.0|INDIVIDUAL|FIJO|200046332|1|0|1.0
693,INDIVIDUAL|FIJO|200098820|1|0|1.0|INDIVIDUAL|FIJO|200098820|1|0|1.0|INDIVIDUAL|FIJO|200098820|1|0|1.0|INDIVIDUAL|FIJO|200098820|1|0|1.0|INDIVIDUAL|FIJO|200098820|1|0|1.0|INDIVIDUAL|FIJO|200098820|1|0|1.0|INDIVIDUAL|FIJO|200098820|1|0|1.0|INDIVIDUAL|FIJO|200098820|1|0|1.0|INDIVIDUAL|FIJO|200098820|1|0|1.0|INDIVIDUAL|FIJO|200098820|1|0|1.0
694,INDIVIDUAL|FIJO|200046326|1|0|1.0|INDIVIDUAL|FIJO|200046326|1|0|1.0|INDIVIDUAL|FIJO|200046326|1|0|1.0|INDIVIDUAL|FIJO|200046326|1|0|1.0|INDIVIDUAL|FIJO|200046326|1|0|1.0|INDIVIDUAL|FIJO|200046326|1|0|1.0|INDIVIDUAL|FIJO|200046326|1|0|1.0|INDIVIDUAL|FIJO|200046326|1|0|1.0|INDIVIDUAL|FIJO|200046326|1|0|1.0
695,INDIVIDUAL|FIJO|200095625|1|0|1.0|INDIVIDUAL|FIJO|200095625|1|0|1.0|INDIVIDUAL|FIJO|200095625|1|0|1.0|INDIVIDUAL|FIJO|200095625|1|0|1.0|INDIVIDUAL|FIJO|200095625|1|0|1.0|INDIVIDUAL|FIJO|200095625|1|0|1.0|INDIVIDUAL|FIJO|200095625|1|0|1.0|INDIVIDUAL|FIJO|200095625|1|0|1.0|INDIVIDUAL|FIJO|200095625|1|0|1.0
696,INDIVIDUAL|FIJO|200043487|1|0|1.0|INDIVIDUAL|FIJO|200043487|1|0|1.0|INDIVIDUAL|FIJO|200043487|1|0|1.0|INDIVIDUAL|FIJO|200043487|1|0|1.0
697,INDIVIDUAL|FIJO|200098821|1|0|1.0|INDIVIDUAL|FIJO|200098821|1|0|1.0|INDIVIDUAL|FIJO|200098821|1|0|1.0|INDIVIDUAL|FIJO|200098821|1|0|1.0|INDIVIDUAL|FIJO|200098821|1|0|1.0|INDIVIDUAL|FIJO|200098821|1|0|1.0|INDIVIDUAL|FIJO|200098821|1|0|1.0|INDIVIDUAL|FIJO|200098821|1|0|1.0|INDIVIDUAL|FIJO|200098821|1|0|1.0|INDIVIDUAL|FIJO|200098821|1|0|1.0
698,INDIVIDUAL|FIJO|200043493|1|0|1.0|INDIVIDUAL|FIJO|200043493|1|0|1.0|INDIVIDUAL|FIJO|200043493|1|0|1.0|INDIVIDUAL|FIJO|200043493|1|0|1.0|INDIVIDUAL|FIJO|200043493|1|0|1.0|INDIVIDUAL|FIJO|200043493|1|0|1.0|INDIVIDUAL|FIJO|200043493|1|0|1.0|INDIVIDUAL|FIJO|200043493|1|0|1.0|INDIVIDUAL|FIJO|200043493|1|0|1.0
699,INDIVIDUAL|FIJO|200060302|1|0|1.0|INDIVIDUAL|FIJO|200060302|1|0|1.0|INDIVIDUAL|FIJO|200060302|1|0|1.0|INDIVIDUAL|FIJO|200060302|1|0|1.0|INDIVIDUAL|FIJO|200060302|1|0|1.0
700,INDIVIDUAL|FIJO|200093863|1|0|1.0|INDIVIDUAL|FIJO|200093863|1|0|1.0|INDIVIDUAL|FIJO|200093863|1|0|1.0|INDIVIDUAL|FIJO|200093863|1|0|1.0|INDIVIDUAL|FIJO|200093863|1|0|1.0|INDIVIDUAL|FIJO|200093863|1|0|1.0|INDIVIDUAL|FIJO|200093863|1|0|1.0|INDIVIDUAL|FIJO|200093863|1|0|1.0|INDIVIDUAL|FIJO|200093863|1|0|1.0
701,INDIVIDUAL|FIJO|200059112|1|0|1.0
702,INDIVIDUAL|FIJO|200056121|1|0|1.0|INDIVIDUAL|FIJO|200056121|1|0|1.0|INDIVIDUAL|FIJO|200056121|1|0|1.0|INDIVIDUAL|FIJO|200056121|1|0|1.0|INDIVIDUAL|FIJO|200056121|1|0|1.0
703,INDIVIDUAL|FIJO|200058353|1|0|1.0|INDIVIDUAL|FIJO|200058353|1|0|1.0|INDIVIDUAL|FIJO|200058353|1|0|1.0|INDIVIDUAL|FIJO|200058353|1|0|1.0|INDIVIDUAL|FIJO|200058353|1|0|1.0|INDIVIDUAL|FIJO|200058353|1|0|1.0|INDIVIDUAL|FIJO|200058353|1|0|1.0|INDIVIDUAL|FIJO|200058353|1|0|1.0|INDIVIDUAL|FIJO|200058353|1|0|1.0
704,INDIVIDUAL|FIJO|200051355|1|0|1.0|INDIVIDUAL|FIJO|200051355|1|0|1.0|INDIVIDUAL|FIJO|200051355|1|0|1.0|INDIVIDUAL|FIJO|200051355|1|0|1.0|INDIVIDUAL|FIJO|200051355|1|0|1.0|INDIVIDUAL|FIJO|200051355|1|0|1.0|INDIVIDUAL|FIJO|200051355|1|0|1.0
705,INDIVIDUAL|FIJO|200092176|1|0|1.0|INDIVIDUAL|FIJO|200092176|1|0|1.0|INDIVIDUAL|FIJO|200092176|1|0|1.0|INDIVIDUAL|FIJO|200092176|1|0|1.0|INDIVIDUAL|FIJO|200092176|1|0|1.0|INDIVIDUAL|FIJO|200092176|1|0|1.0|INDIVIDUAL|FIJO|200092176|1|0|1.0|INDIVIDUAL|FIJO|200092176|1|0|1.0|INDIVIDUAL|FIJO|200092176|1|0|1.0
706,INDIVIDUAL|FIJO|200075012|1|0|1.0|INDIVIDUAL|FIJO|200075012|1|0|1.0|INDIVIDUAL|FIJO|200075012|1|0|1.0|INDIVIDUAL|FIJO|200075012|1|0|1.0
707,INDIVIDUAL|FIJO|200092172|1|0|1.0|INDIVIDUAL|FIJO|200092172|1|0|1.0|INDIVIDUAL|FIJO|200092172|1|0|1.0|INDIVIDUAL|FIJO|200092172|1|0|1.0|INDIVIDUAL|FIJO|200092172|1|0|1.0|INDIVIDUAL|FIJO|200092172|1|0|1.0|INDIVIDUAL|FIJO|200092172|1|0|1.0|INDIVIDUAL|FIJO|200092172|1|0|1.0|INDIVIDUAL|FIJO|200092172|1|0|1.0
708,INDIVIDUAL|FIJO|200056639|1|0|1.0|INDIVIDUAL|FIJO|200056639|1|0|1.0|INDIVIDUAL|FIJO|200056639|1|0|1.0|INDIVIDUAL|FIJO|200056639|1|0|1.0|INDIVIDUAL|FIJO|200056639|1|0|1.0|INDIVIDUAL|FIJO|200056639|1|0|1.0|INDIVIDUAL|FIJO|200056639|1|0|1.0|INDIVIDUAL|FIJO|200056639|1|0|1.0|INDIVIDUAL|FIJO|200056639|1|0|1.0
709,INDIVIDUAL|FIJO|200067116|1|0|1.0|INDIVIDUAL|FIJO|200067116|1|0|1.0|INDIVIDUAL|FIJO|200067116|1|0|1.0|INDIVIDUAL|FIJO|200067116|1|0|1.0|INDIVIDUAL|FIJO|200067116|1|0|1.0|INDIVIDUAL|FIJO|200067116|1|0|1.0|INDIVIDUAL|FIJO|200067116|1|0|1.0|INDIVIDUAL|FIJO|200067116|1|0|1.0|INDIVIDUAL|FIJO|200067116|1|0|1.0
710,INDIVIDUAL|FIJO|200043496|1|0|1.0|INDIVIDUAL|FIJO|200043496|1|0|1.0|INDIVIDUAL|FIJO|200043496|1|0|1.0|INDIVIDUAL|FIJO|200043496|1|0|1.0|INDIVIDUAL|FIJO|200043496|1|0|1.0|INDIVIDUAL|FIJO|200043496|1|0|1.0|INDIVIDUAL|FIJO|200043496|1|0|1.0|INDIVIDUAL|FIJO|200043496|1|0|1.0|INDIVIDUAL|FIJO|200043496|1|0|1.0|INDIVIDUAL|FIJO|200043496|1|0|1.0
711,INDIVIDUAL|FIJO|200113540|1|0|1.0|INDIVIDUAL|FIJO|200113540|1|0|1.0|INDIVIDUAL|FIJO|200113540|1|0|1.0|INDIVIDUAL|FIJO|200113540|1|0|1.0|INDIVIDUAL|FIJO|200113540|1|0|1.0|INDIVIDUAL|FIJO|200113540|1|0|1.0|INDIVIDUAL|FIJO|200113540|1|0|1.0|INDIVIDUAL|FIJO|200113540|1|0|1.0|INDIVIDUAL|FIJO|200113540|1|0|1.0|INDIVIDUAL|FIJO|200113540|1|0|1.0|INDIVIDUAL|FIJO|200113540|1|0|1.0
712,INDIVIDUAL|FIJO|200073370|1|0|1.0|INDIVIDUAL|FIJO|200073370|1|0|1.0|INDIVIDUAL|FIJO|200073370|1|0|1.0|INDIVIDUAL|FIJO|200073370|1|0|1.0|INDIVIDUAL|FIJO|200073370|1|0|1.0|INDIVIDUAL|FIJO|200073370|1|0|1.0|INDIVIDUAL|FIJO|200073370|1|0|1.0|INDIVIDUAL|FIJO|200073370|1|0|1.0|INDIVIDUAL|FIJO|200073370|1|0|1.0|INDIVIDUAL|FIJO|200073370|1|0|1.0|INDIVIDUAL|FIJO|200073370|1|0|1.0
713,INDIVIDUAL|FIJO|200113372|1|0|1.0|INDIVIDUAL|FIJO|200113372|1|0|1.0|INDIVIDUAL|FIJO|200113372|1|0|1.0|INDIVIDUAL|FIJO|200113372|1|0|1.0|INDIVIDUAL|FIJO|200113372|1|0|1.0|INDIVIDUAL|FIJO|200113372|1|0|1.0|INDIVIDUAL|FIJO|200113372|1|0|1.0|INDIVIDUAL|FIJO|200113372|1|0|1.0|INDIVIDUAL|FIJO|200113372|1|0|1.0|INDIVIDUAL|FIJO|200113372|1|0|1.0|INDIVIDUAL|FIJO|200113372|1|0|1.0
714,INDIVIDUAL|FIJO|200080229|1|0|1.0|INDIVIDUAL|FIJO|200080229|1|0|1.0|INDIVIDUAL|FIJO|200080229|1|0|1.0|INDIVIDUAL|FIJO|200080229|1|0|1.0|INDIVIDUAL|FIJO|200080229|1|0|1.0|INDIVIDUAL|FIJO|200080229|1|0|1.0|INDIVIDUAL|FIJO|200080229|1|0|1.0|INDIVIDUAL|FIJO|200080229|1|0|1.0|INDIVIDUAL|FIJO|200080229|1|0|1.0|INDIVIDUAL|FIJO|200080229|1|0|1.0|INDIVIDUAL|FIJO|200080229|1|0|1.0|INDIVIDUAL|FIJO|200080229|1|0|1.0|INDIVIDUAL|FIJO|200080229|1|0|1.0
715,INDIVIDUAL|FIJO|200066831|1|0|1.0|INDIVIDUAL|FIJO|200066831|1|0|1.0|INDIVIDUAL|FIJO|200066831|1|0|1.0|INDIVIDUAL|FIJO|200066831|1|0|1.0|INDIVIDUAL|FIJO|200066831|1|0|1.0|INDIVIDUAL|FIJO|200066831|1|0|1.0|INDIVIDUAL|FIJO|200066831|1|0|1.0|INDIVIDUAL|FIJO|200066831|1|0|1.0|INDIVIDUAL|FIJO|200066831|1|0|1.0|INDIVIDUAL|FIJO|200066831|1|0|1.0|INDIVIDUAL|FIJO|200066831|1|0|1.0|INDIVIDUAL|FIJO|200066831|1|0|1.0
716,INDIVIDUAL|FIJO|200042358|1|1|1.0|INDIVIDUAL|FIJO|200042358|1|1|1.0|INDIVIDUAL|FIJO|200042358|1|1|1.0|INDIVIDUAL|FIJO|200042358|1|1|1.0|INDIVIDUAL|FIJO|200042358|1|1|1.0|INDIVIDUAL|FIJO|200042358|1|1|1.0|INDIVIDUAL|FIJO|200042358|1|1|1.0|INDIVIDUAL|FIJO|200042358|1|1|1.0|INDIVIDUAL|FIJO|200042358|1|1|1.0|INDIVIDUAL|FIJO|200042358|1|1|1.0|INDIVIDUAL|FIJO|200042358|1|1|1.0|INDIVIDUAL|FIJO|200042358|1|1|1.0|INDIVIDUAL|FIJO|200042358|1|1|1.0|INDIVIDUAL|FIJO|200042358|1|1|1.0
717,INDIVIDUAL|FIJO|200114784|1|0|1.0|INDIVIDUAL|FIJO|200114784|1|0|1.0|INDIVIDUAL|FIJO|200114784|1|0|1.0|INDIVIDUAL|FIJO|200114784|1|0|1.0|INDIVIDUAL|FIJO|200114784|1|0|1.0|INDIVIDUAL|FIJO|200114784|1|0|1.0|INDIVIDUAL|FIJO|200114784|1|0|1.0|INDIVIDUAL|FIJO|200114784|1|0|1.0|INDIVIDUAL|FIJO|200114784|1|0|1.0|INDIVIDUAL|FIJO|200114784|1|0|1.0|INDIVIDUAL|FIJO|200114784|1|0|1.0|INDIVIDUAL|FIJO|200114784|1|0|1.0
718,INDIVIDUAL|FIJO|200111416|1|0|1.0|INDIVIDUAL|FIJO|200111416|1|0|1.0|INDIVIDUAL|FIJO|200111416|1|0|1.0|INDIVIDUAL|FIJO|200111416|1|0|1.0|INDIVIDUAL|FIJO|200111416|1|0|1.0|INDIVIDUAL|FIJO|200111416|1|0|1.0|INDIVIDUAL|FIJO|200111416|1|0|1.0|INDIVIDUAL|FIJO|200111416|1|0|1.0|INDIVIDUAL|FIJO|200111416|1|0|1.0|INDIVIDUAL|FIJO|200111416|1|0|1.0|INDIVIDUAL|FIJO|200111416|1|0|1.0|INDIVIDUAL|FIJO|200111416|1|0|1.0
719,INDIVIDUAL|FIJO|210066158|1|0|1.0|INDIVIDUAL|FIJO|210066158|1|0|1.0|INDIVIDUAL|FIJO|210066158|1|0|1.0|INDIVIDUAL|FIJO|210066158|1|0|1.0|INDIVIDUAL|FIJO|210066158|1|0|1.0|INDIVIDUAL|FIJO|210066158|1|0|1.0|INDIVIDUAL|FIJO|210066158|1|0|1.0|INDIVIDUAL|FIJO|210066158|1|0|1.0|INDIVIDUAL|FIJO|210066158|1|0|1.0|INDIVIDUAL|FIJO|210066158|1|0|1.0|INDIVIDUAL|FIJO|210066158|1|0|1.0|INDIVIDUAL|FIJO|210066158|1|0|1.0
720,INDIVIDUAL|FIJO|200116590|1|0|1.0|INDIVIDUAL|FIJO|200116590|1|0|1.0|INDIVIDUAL|FIJO|200116590|1|0|1.0|INDIVIDUAL|FIJO|200116590|1|0|1.0|INDIVIDUAL|FIJO|200116590|1|0|1.0|INDIVIDUAL|FIJO|200116590|1|0|1.0|INDIVIDUAL|FIJO|200116590|1|0|1.0|INDIVIDUAL|FIJO|200116590|1|0|1.0|INDIVIDUAL|FIJO|200116590|1|0|1.0|INDIVIDUAL|FIJO|200116590|1|0|1.0|INDIVIDUAL|FIJO|200116590|1|0|1.0|INDIVIDUAL|FIJO|200116590|1|0|1.0
721,INDIVIDUAL|FIJO|200060357|1|0|1.0|INDIVIDUAL|FIJO|200060357|1|0|1.0|INDIVIDUAL|FIJO|200060357|1|0|1.0|INDIVIDUAL|FIJO|200060357|1|0|1.0|INDIVIDUAL|FIJO|200060357|1|0|1.0|INDIVIDUAL|FIJO|200060357|1|0|1.0|INDIVIDUAL|FIJO|200060357|1|0|1.0|INDIVIDUAL|FIJO|200060357|1|0|1.0|INDIVIDUAL|FIJO|200060357|1|0|1.0|INDIVIDUAL|FIJO|200060357|1|0|1.0|INDIVIDUAL|FIJO|200060357|1|0|1.0|INDIVIDUAL|FIJO|200060357|1|0|1.0
722,INDIVIDUAL|FIJO|200058607|1|0|1.0|INDIVIDUAL|FIJO|200058607|1|0|1.0|INDIVIDUAL|FIJO|200058607|1|0|1.0|INDIVIDUAL|FIJO|200058607|1|0|1.0|INDIVIDUAL|FIJO|200058607|1|0|1.0|INDIVIDUAL|FIJO|200058607|1|0|1.0|INDIVIDUAL|FIJO|200058607|1|0|1.0|INDIVIDUAL|FIJO|200058607|1|0|1.0|INDIVIDUAL|FIJO|200058607|1|0|1.0|INDIVIDUAL|FIJO|200058607|1|0|1.0|INDIVIDUAL|FIJO|200058607|1|0|1.0|INDIVIDUAL|FIJO|200058607|1|0|1.0
723,INDIVIDUAL|FIJO|200101481|1|0|1.0|INDIVIDUAL|FIJO|200101481|1|0|1.0|INDIVIDUAL|FIJO|200101481|1|0|1.0|INDIVIDUAL|FIJO|200101481|1|0|1.0|INDIVIDUAL|FIJO|200101481|1|0|1.0|INDIVIDUAL|FIJO|200101481|1|0|1.0|INDIVIDUAL|FIJO|200101481|1|0|1.0|INDIVIDUAL|FIJO|200101481|1|0|1.0|INDIVIDUAL|FIJO|200101481|1|0|1.0|INDIVIDUAL|FIJO|200101481|1|0|1.0|INDIVIDUAL|FIJO|200101481|1|0|1.0|INDIVIDUAL|FIJO|200101481|1|0|1.0
724,INDIVIDUAL|FIJO|200049918|1|0|1.0|INDIVIDUAL|FIJO|200049918|1|0|1.0|INDIVIDUAL|FIJO|200049918|1|0|1.0|INDIVIDUAL|FIJO|200049918|1|0|1.0|INDIVIDUAL|FIJO|200049918|1|0|1.0|INDIVIDUAL|FIJO|200049918|1|0|1.0|INDIVIDUAL|FIJO|200049918|1|0|1.0|INDIVIDUAL|FIJO|200049918|1|0|1.0|INDIVIDUAL|FIJO|200049918|1|0|1.0|INDIVIDUAL|FIJO|200049918|1|0|1.0|INDIVIDUAL|FIJO|200049918|1|0|1.0|INDIVIDUAL|FIJO|200049918|1|0|1.0
725,INDIVIDUAL|FIJO|210059944|1|0|1.0|INDIVIDUAL|FIJO|210059944|1|0|1.0|INDIVIDUAL|FIJO|210059944|1|0|1.0|INDIVIDUAL|FIJO|210059944|1|0|1.0|INDIVIDUAL|FIJO|210059944|1|0|1.0|INDIVIDUAL|FIJO|210059944|1|0|1.0|INDIVIDUAL|FIJO|210059944|1|0|1.0|INDIVIDUAL|FIJO|210059944|1|0|1.0|INDIVIDUAL|FIJO|210059944|1|0|1.0|INDIVIDUAL|FIJO|210059944|1|0|1.0|INDIVIDUAL|FIJO|210059944|1|0|1.0|INDIVIDUAL|FIJO|210059944|1|0|1.0
726,INDIVIDUAL|FIJO|210047500|1|0|1.0|INDIVIDUAL|FIJO|210047500|1|0|1.0|INDIVIDUAL|FIJO|210047500|1|0|1.0|INDIVIDUAL|FIJO|210047500|1|0|1.0|INDIVIDUAL|FIJO|210047500|1|0|1.0|INDIVIDUAL|FIJO|210047500|1|0|1.0|INDIVIDUAL|FIJO|210047500|1|0|1.0|INDIVIDUAL|FIJO|210047500|1|0|1.0|INDIVIDUAL|FIJO|210047500|1|0|1.0|INDIVIDUAL|FIJO|210047500|1|0|1.0|INDIVIDUAL|FIJO|210047500|1|0|1.0|INDIVIDUAL|FIJO|210047500|1|0|1.0
727,INDIVIDUAL|FIJO|210047499|1|0|1.0|INDIVIDUAL|FIJO|210047499|1|0|1.0|INDIVIDUAL|FIJO|210047499|1|0|1.0|INDIVIDUAL|FIJO|210047499|1|0|1.0|INDIVIDUAL|FIJO|210047499|1|0|1.0|INDIVIDUAL|FIJO|210047499|1|0|1.0|INDIVIDUAL|FIJO|210047499|1|0|1.0|INDIVIDUAL|FIJO|210047499|1|0|1.0|INDIVIDUAL|FIJO|210047499|1|0|1.0|INDIVIDUAL|FIJO|210047499|1|0|1.0|INDIVIDUAL|FIJO|210047499|1|0|1.0|INDIVIDUAL|FIJO|210047499|1|0|1.0
728,INDIVIDUAL|FIJO|P0132059001|1|0|1.0|INDIVIDUAL|FIJO|P0132059001|1|0|1.0|INDIVIDUAL|FIJO|P0132059001|1|0|1.0|INDIVIDUAL|FIJO|P0132059001|1|0|1.0|INDIVIDUAL|FIJO|P0132059001|1|0|1.0|INDIVIDUAL|FIJO|P0132059001|1|0|1.0|INDIVIDUAL|FIJO|P0132059001|1|0|1.0|INDIVIDUAL|FIJO|P0132059001|1|0|1.0|INDIVIDUAL|FIJO|P0132059001|1|0|1.0|INDIVIDUAL|FIJO|P0132059001|1|0|1.0|INDIVIDUAL|FIJO|P0132059001|1|0|1.0|INDIVIDUAL|FIJO|P0132059001|1|0|1.0
729,INDIVIDUAL|FIJO|200072593|1|0|1.0|INDIVIDUAL|FIJO|200072593|1|0|1.0|INDIVIDUAL|FIJO|200072593|1|0|1.0|INDIVIDUAL|FIJO|200072593|1|0|1.0|INDIVIDUAL|FIJO|200072593|1|0|1.0|INDIVIDUAL|FIJO|200072593|1|0|1.0|INDIVIDUAL|FIJO|200072593|1|0|1.0|INDIVIDUAL|FIJO|200072593|1|0|1.0|INDIVIDUAL|FIJO|200072593|1|0|1.0|INDIVIDUAL|FIJO|200072593|1|0|1.0|INDIVIDUAL|FIJO|200072593|1|0|1.0|INDIVIDUAL|FIJO|200072593|1|0|1.0
747,INDIVIDUAL|FIJO|200048978|1|0|1.0|INDIVIDUAL|FIJO|200048978|1|0|1.0|INDIVIDUAL|FIJO|200048978|1|0|1.0|INDIVIDUAL|FIJO|200048978|1|0|1.0|INDIVIDUAL|FIJO|200048978|1|0|1.0|INDIVIDUAL|FIJO|200048978|1|0|1.0|INDIVIDUAL|FIJO|200048978|1|0|1.0|INDIVIDUAL|FIJO|200048978|1|0|1.0|INDIVIDUAL|FIJO|200048978|1|0|1.0|INDIVIDUAL|FIJO|200048978|1|0|1.0|INDIVIDUAL|FIJO|200048978|1|0|1.0|INDIVIDUAL|FIJO|200048978|1|0|1.0
748,INDIVIDUAL|FIJO|200115540|1|0|1.0|INDIVIDUAL|FIJO|200115540|1|0|1.0|INDIVIDUAL|FIJO|200115540|1|0|1.0|INDIVIDUAL|FIJO|200115540|1|0|1.0|INDIVIDUAL|FIJO|200115540|1|0|1.0|INDIVIDUAL|FIJO|200115540|1|0|1.0|INDIVIDUAL|FIJO|200115540|1|0|1.0|INDIVIDUAL|FIJO|200115540|1|0|1.0|INDIVIDUAL|FIJO|200115540|1|0|1.0|INDIVIDUAL|FIJO|200115540|1|0|1.0|INDIVIDUAL|FIJO|200115540|1|0|1.0|INDIVIDUAL|FIJO|200115540|1|0|1.0
749,INDIVIDUAL|FIJO|200113639|1|0|1.0|INDIVIDUAL|FIJO|200113639|1|0|1.0|INDIVIDUAL|FIJO|200113639|1|0|1.0|INDIVIDUAL|FIJO|200113639|1|0|1.0|INDIVIDUAL|FIJO|200113639|1|0|1.0|INDIVIDUAL|FIJO|200113639|1|0|1.0|INDIVIDUAL|FIJO|200113639|1|0|1.0|INDIVIDUAL|FIJO|200113639|1|0|1.0|INDIVIDUAL|FIJO|200113639|1|0|1.0|INDIVIDUAL|FIJO|200113639|1|0|1.0|INDIVIDUAL|FIJO|200113639|1|0|1.0|INDIVIDUAL|FIJO|200113639|1|0|1.0
750,INDIVIDUAL|VARIABLE|P0067057006|1|0|1.0|INDIVIDUAL|VARIABLE|P0067057006|1|0|1.0|INDIVIDUAL|VARIABLE|P0067057006|1|0|1.0|INDIVIDUAL|VARIABLE|P0067057006|1|0|1.0|INDIVIDUAL|VARIABLE|P0067057006|1|0|1.0|INDIVIDUAL|VARIABLE|P0067057006|1|0|1.0|INDIVIDUAL|VARIABLE|P0067057006|1|0|1.0|INDIVIDUAL|VARIABLE|P0067057006|1|0|1.0|INDIVIDUAL|VARIABLE|P0067057006|1|0|1.0|INDIVIDUAL|VARIABLE|P0067057006|1|0|1.0|INDIVIDUAL|VARIABLE|P0067057006|1|0|1.0|INDIVIDUAL|VARIABLE|P0067057006|1|0|1.0|INDIVIDUAL|VARIABLE|P0067057006|1|0|1.0|INDIVIDUAL|VARIABLE|P0067057006|1|0|1.0|INDIVIDUAL|VARIABLE|P0067057006|1|0|1.0|INDIVIDUAL|VARIABLE|P0067057006|1|0|1.0|INDIVIDUAL|VARIABLE|P0067057006|1|0|1.0|INDIVIDUAL|VARIABLE|P0067057006|1|0|1.0|INDIVIDUAL|VARIABLE|P0067057006|1|0|1.0|INDIVIDUAL|VARIABLE|P0067057006|1|0|1.0|INDIVIDUAL|VARIABLE|P0067057006|1|0|1.0|INDIVIDUAL|VARIABLE|P0067057006|1|0|1.0|INDIVIDUAL|VARIABLE|P0067057006|1|0|1.0|INDIVIDUAL|VARIABLE|P0067057006|1|0|1.0|INDIVIDUAL|VARIABLE|P0067057006|1|0|1.0|INDIVIDUAL|VARIABLE|P0067057006|1|0|1.0|INDIVIDUAL|VARIABLE|P0067057006|1|0|1.0|INDIVIDUAL|VARIABLE|P0067057006|1|0|1.0|INDIVIDUAL|VARIABLE|P0067057006|1|0|1.0|INDIVIDUAL|VARIABLE|P0067057006|1|0|1.0|INDIVIDUAL|VARIABLE|P0067057006|1|0|1.0|INDIVIDUAL|VARIABLE|P0067057006|1|0|1.0|INDIVIDUAL|VARIABLE|P0067057006|1|0|1.0|INDIVIDUAL|VARIABLE|P0067057006|1|0|1.0|INDIVIDUAL|VARIABLE|P0067057006|1|0|1.0|INDIVIDUAL|VARIABLE|P0067057006|1|0|1.0|INDIVIDUAL|VARIABLE|P0067057006|1|0|1.0|INDIVIDUAL|VARIABLE|P0067057006|1|0|1.0|INDIVIDUAL|VARIABLE|P0067057006|1|0|1.0|INDIVIDUAL|VARIABLE|P0067057006|1|0|1.0|INDIVIDUAL|VARIABLE|P0067057006|1|0|1.0|INDIVIDUAL|VARIABLE|P0067057006|1|0|1.0|INDIVIDUAL|VARIABLE|P0067057006|1|0|1.0|INDIVIDUAL|VARIABLE|P0067057006|1|0|1.0|INDIVIDUAL|VARIABLE|P0067057006|1|0|1.0|INDIVIDUAL|VARIABLE|P0067057006|1|0|1.0|INDIVIDUAL|VARIABLE|P0067057006|1|0|1.0|INDIVIDUAL|VARIABLE|P0067057006|1|0|1.0|INDIVIDUAL|VARIABLE|P0067057006|1|0|1.0|INDIVIDUAL|VARIABLE|P0067057006|1|0|1.0|INDIVIDUAL|VARIABLE|P0067057006|1|0|1.0|INDIVIDUAL|VARIABLE|P0067057006|1|0|1.0|INDIVIDUAL|VARIABLE|P0067057006|1|0|1.0|INDIVIDUAL|VARIABLE|P0067057006|1|0|1.0|INDIVIDUAL|VARIABLE|P0067057006|1|0|1.0|INDIVIDUAL|VARIABLE|P0067057006|1|0|1.0|INDIVIDUAL|VARIABLE|P0067057006|1|0|1.0|INDIVIDUAL|VARIABLE|P0067057006|1|0|1.0|INDIVIDUAL|VARIABLE|P0067057006|1|0|1.0|INDIVIDUAL|VARIABLE|P0067057006|1|0|1.0|INDIVIDUAL|VARIABLE|P0067057006|1|0|1.0|INDIVIDUAL|VARIABLE|P0067057006|1|0|1.0|INDIVIDUAL|VARIABLE|P0067057006|1|0|1.0|INDIVIDUAL|VARIABLE|P0067057006|1|0|1.0|INDIVIDUAL|VARIABLE|P0067057006|1|0|1.0|INDIVIDUAL|VARIABLE|P0067057006|1|0|1.0|INDIVIDUAL|VARIABLE|P0067057006|1|0|1.0|INDIVIDUAL|VARIABLE|P0067057006|1|0|1.0|INDIVIDUAL|VARIABLE|P0067057006|1|0|1.0|INDIVIDUAL|VARIABLE|P0067057006|1|0|1.0|INDIVIDUAL|VARIABLE|P0067057006|1|0|1.0|INDIVIDUAL|VARIABLE|P0067057006|1|0|1.0|INDIVIDUAL|VARIABLE|P0067057006|1|0|1.0|INDIVIDUAL|VARIABLE|P0067057006|1|0|1.0|INDIVIDUAL|VARIABLE|P0067057006|1|0|1.0|INDIVIDUAL|VARIABLE|P0067057006|1|0|1.0|INDIVIDUAL|VARIABLE|P0067057006|1|0|1.0|INDIVIDUAL|VARIABLE|P0067057006|1|0|1.0|INDIVIDUAL|VARIABLE|P0067057006|1|0|1.0|INDIVIDUAL|VARIABLE|P0067057006|1|0|1.0|INDIVIDUAL|VARIABLE|P0067057006|1|0|1.0|INDIVIDUAL|VARIABLE|P0067057006|1|0|1.0|INDIVIDUAL|VARIABLE|P0067057006|1|0|1.0|INDIVIDUAL|VARIABLE|P0067057006|1|0|1.0|INDIVIDUAL|VARIABLE|P0067057006|1|0|1.0|INDIVIDUAL|VARIABLE|P0067057006|1|0|1.0|INDIVIDUAL|VARIABLE|P0067057006|1|0|1.0|INDIVIDUAL|VARIABLE|P0067057006|1|0|1.0|INDIVIDUAL|VARIABLE|P0067057006|1|0|1.0|INDIVIDUAL|VARIABLE|P0067057006|1|0|1.0|INDIVIDUAL|VARIABLE|P0067057006|1|0|1.0|INDIVIDUAL|VARIABLE|P0067057006|1|0|1.0|INDIVIDUAL|VARIABLE|P0067057006|1|0|1.0|INDIVIDUAL|VARIABLE|P0067057006|1|0|1.0|INDIVIDUAL|VARIABLE|P0067057006|1|0|1.0|INDIVIDUAL|VARIABLE|P0067057006|1|0|1.0|INDIVIDUAL|VARIABLE|P0067057006|1|0|1.0|INDIVIDUAL|VARIABLE|P0067057006|1|0|1.0|INDIVIDUAL|VARIABLE|P0067057006|1|0|1.0|INDIVIDUAL|VARIABLE|P0067057006|1|0|1.0|INDIVIDUAL|VARIABLE|P0067057006|1|0|1.0|INDIVIDUAL|VARIABLE|P0067057006|1|0|1.0|INDIVIDUAL|VARIABLE|P0067057006|1|0|1.0|INDIVIDUAL|VARIABLE|P0067057006|1|0|1.0|INDIVIDUAL|VARIABLE|P0067057006|1|0|1.0|INDIVIDUAL|VARIABLE|P0067057006|1|0|1.0|INDIVIDUAL|VARIABLE|P0067057006|1|0|1.0|INDIVIDUAL|VARIABLE|P0067057006|1|0|1.0|INDIVIDUAL|VARIABLE|P0067057006|1|0|1.0|INDIVIDUAL|VARIABLE|P0067057006|1|0|1.0|INDIVIDUAL|VARIABLE|P0067057006|1|0|1.0|INDIVIDUAL|VARIABLE|P0067057006|1|0|1.0|INDIVIDUAL|VARIABLE|P0067057006|1|0|1.0|INDIVIDUAL|VARIABLE|P0067057006|1|0|1.0|INDIVIDUAL|VARIABLE|P0067057006|1|0|1.0|INDIVIDUAL|VARIABLE|P0067057006|1|0|1.0|INDIVIDUAL|VARIABLE|P0067057006|1|0|1.0|INDIVIDUAL|VARIABLE|P0067057006|1|0|1.0|INDIVIDUAL|VARIABLE|P0067057006|1|0|1.0|INDIVIDUAL|VARIABLE|P0067057006|1|0|1.0
751,INDIVIDUAL|VARIABLE|P0132062000|1|0|1.0|INDIVIDUAL|VARIABLE|P0132062000|1|0|1.0|INDIVIDUAL|VARIABLE|P0132062000|1|0|1.0|INDIVIDUAL|VARIABLE|P0132062000|1|0|1.0|INDIVIDUAL|VARIABLE|P0132062000|1|0|1.0|INDIVIDUAL|VARIABLE|P0132062000|1|0|1.0|INDIVIDUAL|VARIABLE|P0132062000|1|0|1.0|INDIVIDUAL|VARIABLE|P0132062000|1|0|1.0|INDIVIDUAL|VARIABLE|P0132062000|1|0|1.0|INDIVIDUAL|VARIABLE|P0132062000|1|0|1.0|INDIVIDUAL|VARIABLE|P0132062000|1|0|1.0|INDIVIDUAL|VARIABLE|P0132062000|1|0|1.0|INDIVIDUAL|VARIABLE|P0132062000|1|0|1.0|INDIVIDUAL|VARIABLE|P0132062000|1|0|1.0|INDIVIDUAL|VARIABLE|P0132062000|1|0|1.0|INDIVIDUAL|VARIABLE|P0132062000|1|0|1.0|INDIVIDUAL|VARIABLE|P0132062000|1|0|1.0|INDIVIDUAL|VARIABLE|P0132062000|1|0|1.0|INDIVIDUAL|VARIABLE|P0132062000|1|0|1.0|INDIVIDUAL|VARIABLE|P0132062000|1|0|1.0|INDIVIDUAL|VARIABLE|P0132062000|1|0|1.0|INDIVIDUAL|VARIABLE|P0132062000|1|0|1.0|INDIVIDUAL|VARIABLE|P0132062000|1|0|1.0|INDIVIDUAL|VARIABLE|P0132062000|1|0|1.0|INDIVIDUAL|VARIABLE|P0132062000|1|0|1.0|INDIVIDUAL|VARIABLE|P0132062000|1|0|1.0|INDIVIDUAL|VARIABLE|P0132062000|1|0|1.0|INDIVIDUAL|VARIABLE|P0132062000|1|0|1.0|INDIVIDUAL|VARIABLE|P0132062000|1|0|1.0|INDIVIDUAL|VARIABLE|P0132062000|1|0|1.0|INDIVIDUAL|VARIABLE|P0132062000|1|0|1.0|INDIVIDUAL|VARIABLE|P0132062000|1|0|1.0|INDIVIDUAL|VARIABLE|P0132062000|1|0|1.0|INDIVIDUAL|VARIABLE|P0132062000|1|0|1.0|INDIVIDUAL|VARIABLE|P0132062000|1|0|1.0|INDIVIDUAL|VARIABLE|P0132062000|1|0|1.0|INDIVIDUAL|VARIABLE|P0132062000|1|0|1.0|INDIVIDUAL|VARIABLE|P0132062000|1|0|1.0|INDIVIDUAL|VARIABLE|P0132062000|1|0|1.0|INDIVIDUAL|VARIABLE|P0132062000|1|0|1.0|INDIVIDUAL|VARIABLE|P0132062000|1|0|1.0|INDIVIDUAL|VARIABLE|P0132062000|1|0|1.0|INDIVIDUAL|VARIABLE|P0132062000|1|0|1.0|INDIVIDUAL|VARIABLE|P0132062000|1|0|1.0|INDIVIDUAL|VARIABLE|P0132062000|1|0|1.0|INDIVIDUAL|VARIABLE|P0132062000|1|0|1.0|INDIVIDUAL|VARIABLE|P0132062000|1|0|1.0|INDIVIDUAL|VARIABLE|P0132062000|1|0|1.0|INDIVIDUAL|VARIABLE|P0132062000|1|0|1.0|INDIVIDUAL|VARIABLE|P0132062000|1|0|1.0|INDIVIDUAL|VARIABLE|P0132062000|1|0|1.0|INDIVIDUAL|VARIABLE|P0132062000|1|0|1.0|INDIVIDUAL|VARIABLE|P0132062000|1|0|1.0|INDIVIDUAL|VARIABLE|P0132062000|1|0|1.0|INDIVIDUAL|VARIABLE|P0132062000|1|0|1.0|INDIVIDUAL|VARIABLE|P0132062000|1|0|1.0|INDIVIDUAL|VARIABLE|P0132062000|1|0|1.0|INDIVIDUAL|VARIABLE|P0132062000|1|0|1.0|INDIVIDUAL|VARIABLE|P0132062000|1|0|1.0|INDIVIDUAL|VARIABLE|P0132062000|1|0|1.0|INDIVIDUAL|VARIABLE|P0132062000|1|0|1.0|INDIVIDUAL|VARIABLE|P0132062000|1|0|1.0|INDIVIDUAL|VARIABLE|P0132062000|1|0|1.0|INDIVIDUAL|VARIABLE|P0132062000|1|0|1.0|INDIVIDUAL|VARIABLE|P0132062000|1|0|1.0|INDIVIDUAL|VARIABLE|P0132062000|1|0|1.0|INDIVIDUAL|VARIABLE|P0132062000|1|0|1.0|INDIVIDUAL|VARIABLE|P0132062000|1|0|1.0|INDIVIDUAL|VARIABLE|P0132062000|1|0|1.0|INDIVIDUAL|VARIABLE|P0132062000|1|0|1.0|INDIVIDUAL|VARIABLE|P0132062000|1|0|1.0|INDIVIDUAL|VARIABLE|P0132062000|1|0|1.0|INDIVIDUAL|VARIABLE|P0132062000|1|0|1.0|INDIVIDUAL|VARIABLE|P0132062000|1|0|1.0|INDIVIDUAL|VARIABLE|P0132062000|1|0|1.0|INDIVIDUAL|VARIABLE|P0132062000|1|0|1.0|INDIVIDUAL|VARIABLE|P0132062000|1|0|1.0|INDIVIDUAL|VARIABLE|P0132062000|1|0|1.0|INDIVIDUAL|VARIABLE|P0132062000|1|0|1.0|INDIVIDUAL|VARIABLE|P0132062000|1|0|1.0|INDIVIDUAL|VARIABLE|P0132062000|1|0|1.0|INDIVIDUAL|VARIABLE|P0132062000|1|0|1.0|INDIVIDUAL|VARIABLE|P0132062000|1|0|1.0|INDIVIDUAL|VARIABLE|P0132062000|1|0|1.0|INDIVIDUAL|VARIABLE|P0132062000|1|0|1.0|INDIVIDUAL|VARIABLE|P0132062000|1|0|1.0|INDIVIDUAL|VARIABLE|P0132062000|1|0|1.0|INDIVIDUAL|VARIABLE|P0132062000|1|0|1.0|INDIVIDUAL|VARIABLE|P0132062000|1|0|1.0|INDIVIDUAL|VARIABLE|P0132062000|1|0|1.0|INDIVIDUAL|VARIABLE|P0132062000|1|0|1.0|INDIVIDUAL|VARIABLE|P0132062000|1|0|1.0|INDIVIDUAL|VARIABLE|P0132062000|1|0|1.0|INDIVIDUAL|VARIABLE|P0132062000|1|0|1.0|INDIVIDUAL|VARIABLE|P0132062000|1|0|1.0|INDIVIDUAL|VARIABLE|P0132062000|1|0|1.0|INDIVIDUAL|VARIABLE|P0132062000|1|0|1.0|INDIVIDUAL|VARIABLE|P0132062000|1|0|1.0|INDIVIDUAL|VARIABLE|P0132062000|1|0|1.0|INDIVIDUAL|VARIABLE|P0132062000|1|0|1.0|INDIVIDUAL|VARIABLE|P0132062000|1|0|1.0|INDIVIDUAL|VARIABLE|P0132062000|1|0|1.0|INDIVIDUAL|VARIABLE|P0132062000|1|0|1.0|INDIVIDUAL|VARIABLE|P0132062000|1|0|1.0|INDIVIDUAL|VARIABLE|P0132062000|1|0|1.0|INDIVIDUAL|VARIABLE|P0132062000|1|0|1.0|INDIVIDUAL|VARIABLE|P0132062000|1|0|1.0|INDIVIDUAL|VARIABLE|P0132062000|1|0|1.0|INDIVIDUAL|VARIABLE|P0132062000|1|0|1.0|INDIVIDUAL|VARIABLE|P0132062000|1|0|1.0|INDIVIDUAL|VARIABLE|P0132062000|1|0|1.0|INDIVIDUAL|VARIABLE|P0132062000|1|0|1.0|INDIVIDUAL|VARIABLE|P0132062000|1|0|1.0|INDIVIDUAL|VARIABLE|P0132062000|1|0|1.0|INDIVIDUAL|VARIABLE|P0132062000|1|0|1.0|INDIVIDUAL|VARIABLE|P0132062000|1|0|1.0|INDIVIDUAL|VARIABLE|P0132062000|1|0|1.0|INDIVIDUAL|VARIABLE|P0132062000|1|0|1.0|INDIVIDUAL|VARIABLE|P0132062000|1|0|1.0|INDIVIDUAL|VARIABLE|P0132062000|1|0|1.0|INDIVIDUAL|VARIABLE|P0132062000|1|0|1.0|INDIVIDUAL|VARIABLE|P0132062000|1|0|1.0|INDIVIDUAL|VARIABLE|P0132062000|1|0|1.0|INDIVIDUAL|VARIABLE|P0132062000|1|0|1.0|INDIVIDUAL|VARIABLE|P0132062000|1|0|1.0|INDIVIDUAL|VARIABLE|P0132062000|1|0|1.0|INDIVIDUAL|VARIABLE|P0132062000|1|0|1.0|INDIVIDUAL|VARIABLE|P0132062000|1|0|1.0|INDIVIDUAL|VARIABLE|P0132062000|1|0|1.0|INDIVIDUAL|VARIABLE|P0132062000|1|0|1.0|INDIVIDUAL|VARIABLE|P0132062000|1|0|1.0|INDIVIDUAL|VARIABLE|P0132062000|1|0|1.0|INDIVIDUAL|VARIABLE|P0132062000|1|0|1.0|INDIVIDUAL|VARIABLE|P0132062000|1|0|1.0|INDIVIDUAL|VARIABLE|P0132062000|1|0|1.0|INDIVIDUAL|VARIABLE|P0132062000|1|0|1.0|INDIVIDUAL|VARIABLE|P0132062000|1|0|1.0|INDIVIDUAL|VARIABLE|P0132062000|1|0|1.0|INDIVIDUAL|VARIABLE|P0132062000|1|0|1.0|INDIVIDUAL|VARIABLE|P0132062000|1|0|1.0|INDIVIDUAL|VARIABLE|P0132062000|1|0|1.0|INDIVIDUAL|VARIABLE|P0132062000|1|0|1.0|INDIVIDUAL|VARIABLE|P0132062000|1|0|1.0|INDIVIDUAL|VARIABLE|P0132062000|1|0|1.0|INDIVIDUAL|VARIABLE|P0132062000|1|0|1.0|INDIVIDUAL|VARIABLE|P0132062000|1|0|1.0|INDIVIDUAL|VARIABLE|P0132062000|1|0|1.0|INDIVIDUAL|VARIABLE|P0132062000|1|0|1.0|INDIVIDUAL|VARIABLE|P0132062000|1|0|1.0|INDIVIDUAL|VARIABLE|P0132062000|1|0|1.0|INDIVIDUAL|VARIABLE|P0132062000|1|0|1.0|INDIVIDUAL|VARIABLE|P0132062000|1|0|1.0|INDIVIDUAL|VARIABLE|P0132062000|1|0|1.0|INDIVIDUAL|VARIABLE|P0132062000|1|0|1.0|INDIVIDUAL|VARIABLE|P0132062000|1|0|1.0|INDIVIDUAL|VARIABLE|P0132062000|1|0|1.0|INDIVIDUAL|VARIABLE|P0132062000|1|0|1.0|INDIVIDUAL|VARIABLE|P0132062000|1|0|1.0|INDIVIDUAL|VARIABLE|P0132062000|1|0|1.0|INDIVIDUAL|VARIABLE|P0132062000|1|0|1.0|INDIVIDUAL|VARIABLE|P0132062000|1|0|1.0|INDIVIDUAL|VARIABLE|P0132062000|1|0|1.0|INDIVIDUAL|VARIABLE|P0132062000|1|0|1.0|INDIVIDUAL|VARIABLE|P0132062000|1|0|1.0|INDIVIDUAL|VARIABLE|P0132062000|1|0|1.0|INDIVIDUAL|VARIABLE|P0132062000|1|0|1.0|INDIVIDUAL|VARIABLE|P0132062000|1|0|1.0|INDIVIDUAL|VARIABLE|P0132062000|1|0|1.0
752,INDIVIDUAL|VARIABLE|P0260150003|1|0|1.0|INDIVIDUAL|VARIABLE|P0260150003|1|0|1.0|INDIVIDUAL|VARIABLE|P0260150003|1|0|1.0|INDIVIDUAL|VARIABLE|P0260150003|1|0|1.0|INDIVIDUAL|VARIABLE|P0260150003|1|0|1.0|INDIVIDUAL|VARIABLE|P0260150003|1|0|1.0|INDIVIDUAL|VARIABLE|P0260150003|1|0|1.0|INDIVIDUAL|VARIABLE|P0260150003|1|0|1.0|INDIVIDUAL|VARIABLE|P0260150003|1|0|1.0|INDIVIDUAL|VARIABLE|P0260150003|1|0|1.0|INDIVIDUAL|VARIABLE|P0260150003|1|0|1.0|INDIVIDUAL|VARIABLE|P0260150003|1|0|1.0|INDIVIDUAL|VARIABLE|P0260150003|1|0|1.0|INDIVIDUAL|VARIABLE|P0260150003|1|0|1.0|INDIVIDUAL|VARIABLE|P0260150003|1|0|1.0|INDIVIDUAL|VARIABLE|P0260150003|1|0|1.0|INDIVIDUAL|VARIABLE|P0260150003|1|0|1.0|INDIVIDUAL|VARIABLE|P0260150003|1|0|1.0|INDIVIDUAL|VARIABLE|P0260150003|1|0|1.0|INDIVIDUAL|VARIABLE|P0260150003|1|0|1.0|INDIVIDUAL|VARIABLE|P0260150003|1|0|1.0|INDIVIDUAL|VARIABLE|P0260150003|1|0|1.0|INDIVIDUAL|VARIABLE|P0260150003|1|0|1.0|INDIVIDUAL|VARIABLE|P0260150003|1|0|1.0|INDIVIDUAL|VARIABLE|P0260150003|1|0|1.0|INDIVIDUAL|VARIABLE|P0260150003|1|0|1.0|INDIVIDUAL|VARIABLE|P0260150003|1|0|1.0|INDIVIDUAL|VARIABLE|P0260150003|1|0|1.0|INDIVIDUAL|VARIABLE|P0260150003|1|0|1.0|INDIVIDUAL|VARIABLE|P0260150003|1|0|1.0|INDIVIDUAL|VARIABLE|P0260150003|1|0|1.0|INDIVIDUAL|VARIABLE|P0260150003|1|0|1.0|INDIVIDUAL|VARIABLE|P0260150003|1|0|1.0|INDIVIDUAL|VARIABLE|P0260150003|1|0|1.0|INDIVIDUAL|VARIABLE|P0260150003|1|0|1.0|INDIVIDUAL|VARIABLE|P0260150003|1|0|1.0|INDIVIDUAL|VARIABLE|P0260150003|1|0|1.0|INDIVIDUAL|VARIABLE|P0260150003|1|0|1.0|INDIVIDUAL|VARIABLE|P0260150003|1|0|1.0|INDIVIDUAL|VARIABLE|P0260150003|1|0|1.0|INDIVIDUAL|VARIABLE|P0260150003|1|0|1.0|INDIVIDUAL|VARIABLE|P0260150003|1|0|1.0|INDIVIDUAL|VARIABLE|P0260150003|1|0|1.0|INDIVIDUAL|VARIABLE|P0260150003|1|0|1.0|INDIVIDUAL|VARIABLE|P0260150003|1|0|1.0|INDIVIDUAL|VARIABLE|P0260150003|1|0|1.0|INDIVIDUAL|VARIABLE|P0260150003|1|0|1.0|INDIVIDUAL|VARIABLE|P0260150003|1|0|1.0|INDIVIDUAL|VARIABLE|P0260150003|1|0|1.0|INDIVIDUAL|VARIABLE|P0260150003|1|0|1.0|INDIVIDUAL|VARIABLE|P0260150003|1|0|1.0|INDIVIDUAL|VARIABLE|P0260150003|1|0|1.0|INDIVIDUAL|VARIABLE|P0260150003|1|0|1.0|INDIVIDUAL|VARIABLE|P0260150003|1|0|1.0|INDIVIDUAL|VARIABLE|P0260150003|1|0|1.0|INDIVIDUAL|VARIABLE|P0260150003|1|0|1.0|INDIVIDUAL|VARIABLE|P0260150003|1|0|1.0|INDIVIDUAL|VARIABLE|P0260150003|1|0|1.0|INDIVIDUAL|VARIABLE|P0260150003|1|0|1.0|INDIVIDUAL|VARIABLE|P0260150003|1|0|1.0|INDIVIDUAL|VARIABLE|P0260150003|1|0|1.0|INDIVIDUAL|VARIABLE|P0260150003|1|0|1.0|INDIVIDUAL|VARIABLE|P0260150003|1|0|1.0|INDIVIDUAL|VARIABLE|P0260150003|1|0|1.0|INDIVIDUAL|VARIABLE|P0260150003|1|0|1.0|INDIVIDUAL|VARIABLE|P0260150003|1|0|1.0|INDIVIDUAL|VARIABLE|P0260150003|1|0|1.0|INDIVIDUAL|VARIABLE|P0260150003|1|0|1.0|INDIVIDUAL|VARIABLE|P0260150003|1|0|1.0|INDIVIDUAL|VARIABLE|P0260150003|1|0|1.0|INDIVIDUAL|VARIABLE|P0260150003|1|0|1.0|INDIVIDUAL|VARIABLE|P0260150003|1|0|1.0
753,INDIVIDUAL|VARIABLE|P0261050000|1|0|1.0|INDIVIDUAL|VARIABLE|P0261050000|1|0|1.0|INDIVIDUAL|VARIABLE|P0261050000|1|0|1.0|INDIVIDUAL|VARIABLE|P0261050000|1|0|1.0|INDIVIDUAL|VARIABLE|P0261050000|1|0|1.0|INDIVIDUAL|VARIABLE|P0261050000|1|0|1.0|INDIVIDUAL|VARIABLE|P0261050000|1|0|1.0|INDIVIDUAL|VARIABLE|P0261050000|1|0|1.0|INDIVIDUAL|VARIABLE|P0261050000|1|0|1.0|INDIVIDUAL|VARIABLE|P0261050000|1|0|1.0|INDIVIDUAL|VARIABLE|P0261050000|1|0|1.0|INDIVIDUAL|VARIABLE|P0261050000|1|0|1.0|INDIVIDUAL|VARIABLE|P0261050000|1|0|1.0|INDIVIDUAL|VARIABLE|P0261050000|1|0|1.0|INDIVIDUAL|VARIABLE|P0261050000|1|0|1.0|INDIVIDUAL|VARIABLE|P0261050000|1|0|1.0|INDIVIDUAL|VARIABLE|P0261050000|1|0|1.0|INDIVIDUAL|VARIABLE|P0261050000|1|0|1.0|INDIVIDUAL|VARIABLE|P0261050000|1|0|1.0|INDIVIDUAL|VARIABLE|P0261050000|1|0|1.0|INDIVIDUAL|VARIABLE|P0261050000|1|0|1.0|INDIVIDUAL|VARIABLE|P0261050000|1|0|1.0|INDIVIDUAL|VARIABLE|P0261050000|1|0|1.0|INDIVIDUAL|VARIABLE|P0261050000|1|0|1.0|INDIVIDUAL|VARIABLE|P0261050000|1|0|1.0|INDIVIDUAL|VARIABLE|P0261050000|1|0|1.0|INDIVIDUAL|VARIABLE|P0261050000|1|0|1.0|INDIVIDUAL|VARIABLE|P0261050000|1|0|1.0|INDIVIDUAL|VARIABLE|P0261050000|1|0|1.0|INDIVIDUAL|VARIABLE|P0261050000|1|0|1.0|INDIVIDUAL|VARIABLE|P0261050000|1|0|1.0|INDIVIDUAL|VARIABLE|P0261050000|1|0|1.0|INDIVIDUAL|VARIABLE|P0261050000|1|0|1.0|INDIVIDUAL|VARIABLE|P0261050000|1|0|1.0|INDIVIDUAL|VARIABLE|P0261050000|1|0|1.0|INDIVIDUAL|VARIABLE|P0261050000|1|0|1.0|INDIVIDUAL|VARIABLE|P0261050000|1|0|1.0|INDIVIDUAL|VARIABLE|P0261050000|1|0|1.0|INDIVIDUAL|VARIABLE|P0261050000|1|0|1.0|INDIVIDUAL|VARIABLE|P0261050000|1|0|1.0|INDIVIDUAL|VARIABLE|P0261050000|1|0|1.0|INDIVIDUAL|VARIABLE|P0261050000|1|0|1.0|INDIVIDUAL|VARIABLE|P0261050000|1|0|1.0|INDIVIDUAL|VARIABLE|P0261050000|1|0|1.0|INDIVIDUAL|VARIABLE|P0261050000|1|0|1.0|INDIVIDUAL|VARIABLE|P0261050000|1|0|1.0|INDIVIDUAL|VARIABLE|P0261050000|1|0|1.0|INDIVIDUAL|VARIABLE|P0261050000|1|0|1.0|INDIVIDUAL|VARIABLE|P0261050000|1|0|1.0|INDIVIDUAL|VARIABLE|P0261050000|1|0|1.0|INDIVIDUAL|VARIABLE|P0261050000|1|0|1.0|INDIVIDUAL|VARIABLE|P0261050000|1|0|1.0|INDIVIDUAL|VARIABLE|P0261050000|1|0|1.0|INDIVIDUAL|VARIABLE|P0261050000|1|0|1.0|INDIVIDUAL|VARIABLE|P0261050000|1|0|1.0|INDIVIDUAL|VARIABLE|P0261050000|1|0|1.0|INDIVIDUAL|VARIABLE|P0261050000|1|0|1.0|INDIVIDUAL|VARIABLE|P0261050000|1|0|1.0|INDIVIDUAL|VARIABLE|P0261050000|1|0|1.0|INDIVIDUAL|VARIABLE|P0261050000|1|0|1.0|INDIVIDUAL|VARIABLE|P0261050000|1|0|1.0|INDIVIDUAL|VARIABLE|P0261050000|1|0|1.0|INDIVIDUAL|VARIABLE|P0261050000|1|0|1.0|INDIVIDUAL|VARIABLE|P0261050000|1|0|1.0|INDIVIDUAL|VARIABLE|P0261050000|1|0|1.0|INDIVIDUAL|VARIABLE|P0261050000|1|0|1.0|INDIVIDUAL|VARIABLE|P0261050000|1|0|1.0|INDIVIDUAL|VARIABLE|P0261050000|1|0|1.0|INDIVIDUAL|VARIABLE|P0261050000|1|0|1.0|INDIVIDUAL|VARIABLE|P0261050000|1|0|1.0|INDIVIDUAL|VARIABLE|P0261050000|1|0|1.0|INDIVIDUAL|VARIABLE|P0261050000|1|0|1.0|INDIVIDUAL|VARIABLE|P0261050000|1|0|1.0|INDIVIDUAL|VARIABLE|P0261050000|1|0|1.0|INDIVIDUAL|VARIABLE|P0261050000|1|0|1.0|INDIVIDUAL|VARIABLE|P0261050000|1|0|1.0|INDIVIDUAL|VARIABLE|P0261050000|1|0|1.0|INDIVIDUAL|VARIABLE|P0261050000|1|0|1.0
754,INDIVIDUAL|VARIABLE|P0285050000|1|0|1.0|INDIVIDUAL|VARIABLE|P0285050000|1|0|1.0|INDIVIDUAL|VARIABLE|P0285050000|1|0|1.0|INDIVIDUAL|VARIABLE|P0285050000|1|0|1.0|INDIVIDUAL|VARIABLE|P0285050000|1|0|1.0|INDIVIDUAL|VARIABLE|P0285050000|1|0|1.0|INDIVIDUAL|VARIABLE|P0285050000|1|0|1.0|INDIVIDUAL|VARIABLE|P0285050000|1|0|1.0|INDIVIDUAL|VARIABLE|P0285050000|1|0|1.0|INDIVIDUAL|VARIABLE|P0285050000|1|0|1.0|INDIVIDUAL|VARIABLE|P0285050000|1|0|1.0|INDIVIDUAL|VARIABLE|P0285050000|1|0|1.0|INDIVIDUAL|VARIABLE|P0285050000|1|0|1.0|INDIVIDUAL|VARIABLE|P0285050000|1|0|1.0|INDIVIDUAL|VARIABLE|P0285050000|1|0|1.0|INDIVIDUAL|VARIABLE|P0285050000|1|0|1.0|INDIVIDUAL|VARIABLE|P0285050000|1|0|1.0|INDIVIDUAL|VARIABLE|P0285050000|1|0|1.0|INDIVIDUAL|VARIABLE|P0285050000|1|0|1.0|INDIVIDUAL|VARIABLE|P0285050000|1|0|1.0|INDIVIDUAL|VARIABLE|P0285050000|1|0|1.0|INDIVIDUAL|VARIABLE|P0285050000|1|0|1.0
755,INDIVIDUAL|VARIABLE|P0210085000|1|0|1.0|INDIVIDUAL|VARIABLE|P0210085000|1|0|1.0|INDIVIDUAL|VARIABLE|P0210085000|1|0|1.0|INDIVIDUAL|VARIABLE|P0210085000|1|0|1.0|INDIVIDUAL|VARIABLE|P0210085000|1|0|1.0|INDIVIDUAL|VARIABLE|P0210085000|1|0|1.0|INDIVIDUAL|VARIABLE|P0210085000|1|0|1.0|INDIVIDUAL|VARIABLE|P0210085000|1|0|1.0|INDIVIDUAL|VARIABLE|P0210085000|1|0|1.0|INDIVIDUAL|VARIABLE|P0210085000|1|0|1.0|INDIVIDUAL|VARIABLE|P0210085000|1|0|1.0|INDIVIDUAL|VARIABLE|P0210085000|1|0|1.0|INDIVIDUAL|VARIABLE|P0210085000|1|0|1.0|INDIVIDUAL|VARIABLE|P0210085000|1|0|1.0|INDIVIDUAL|VARIABLE|P0210085000|1|0|1.0|INDIVIDUAL|VARIABLE|P0210085000|1|0|1.0|INDIVIDUAL|VARIABLE|P0210085000|1|0|1.0|INDIVIDUAL|VARIABLE|P0210085000|1|0|1.0|INDIVIDUAL|VARIABLE|P0210085000|1|0|1.0|INDIVIDUAL|VARIABLE|P0210085000|1|0|1.0|INDIVIDUAL|VARIABLE|P0210085000|1|0|1.0|INDIVIDUAL|VARIABLE|P0210085000|1|0|1.0|INDIVIDUAL|VARIABLE|P0210085000|1|0|1.0|INDIVIDUAL|VARIABLE|P0210085000|1|0|1.0|INDIVIDUAL|VARIABLE|P0210085000|1|0|1.0|INDIVIDUAL|VARIABLE|P0210085000|1|0|1.0|INDIVIDUAL|VARIABLE|P0210085000|1|0|1.0|INDIVIDUAL|VARIABLE|P0210085000|1|0|1.0|INDIVIDUAL|VARIABLE|P0210085000|1|0|1.0|INDIVIDUAL|VARIABLE|P0210085000|1|0|1.0|INDIVIDUAL|VARIABLE|P0210085000|1|0|1.0|INDIVIDUAL|VARIABLE|P0210085000|1|0|1.0|INDIVIDUAL|VARIABLE|P0210085000|1|0|1.0|INDIVIDUAL|VARIABLE|P0210085000|1|0|1.0|INDIVIDUAL|VARIABLE|P0210085000|1|0|1.0|INDIVIDUAL|VARIABLE|P0210085000|1|0|1.0|INDIVIDUAL|VARIABLE|P0210085000|1|0|1.0|INDIVIDUAL|VARIABLE|P0210085000|1|0|1.0|INDIVIDUAL|VARIABLE|P0210085000|1|0|1.0|INDIVIDUAL|VARIABLE|P0210085000|1|0|1.0|INDIVIDUAL|VARIABLE|P0210085000|1|0|1.0|INDIVIDUAL|VARIABLE|P0210085000|1|0|1.0|INDIVIDUAL|VARIABLE|P0210085000|1|0|1.0|INDIVIDUAL|VARIABLE|P0210085000|1|0|1.0|INDIVIDUAL|VARIABLE|P0210085000|1|0|1.0|INDIVIDUAL|VARIABLE|P0210085000|1|0|1.0|INDIVIDUAL|VARIABLE|P0210085000|1|0|1.0|INDIVIDUAL|VARIABLE|P0210085000|1|0|1.0|INDIVIDUAL|VARIABLE|P0210085000|1|0|1.0|INDIVIDUAL|VARIABLE|P0210085000|1|0|1.0|INDIVIDUAL|VARIABLE|P0210085000|1|0|1.0|INDIVIDUAL|VARIABLE|P0210085000|1|0|1.0|INDIVIDUAL|VARIABLE|P0210085000|1|0|1.0|INDIVIDUAL|VARIABLE|P0210085000|1|0|1.0|INDIVIDUAL|VARIABLE|P0210085000|1|0|1.0|INDIVIDUAL|VARIABLE|P0210085000|1|0|1.0|INDIVIDUAL|VARIABLE|P0210085000|1|0|1.0|INDIVIDUAL|VARIABLE|P0210085000|1|0|1.0|INDIVIDUAL|VARIABLE|P0210085000|1|0|1.0|INDIVIDUAL|VARIABLE|P0210085000|1|0|1.0|INDIVIDUAL|VARIABLE|P0210085000|1|0|1.0|INDIVIDUAL|VARIABLE|P0210085000|1|0|1.0|INDIVIDUAL|VARIABLE|P0210085000|1|0|1.0|INDIVIDUAL|VARIABLE|P0210085000|1|0|1.0|INDIVIDUAL|VARIABLE|P0210085000|1|0|1.0|INDIVIDUAL|VARIABLE|P0210085000|1|0|1.0|INDIVIDUAL|VARIABLE|P0210085000|1|0|1.0|INDIVIDUAL|VARIABLE|P0210085000|1|0|1.0|INDIVIDUAL|VARIABLE|P0210085000|1|0|1.0|INDIVIDUAL|VARIABLE|P0210085000|1|0|1.0|INDIVIDUAL|VARIABLE|P0210085000|1|0|1.0|INDIVIDUAL|VARIABLE|P0210085000|1|0|1.0|INDIVIDUAL|VARIABLE|P0210085000|1|0|1.0|INDIVIDUAL|VARIABLE|P0210085000|1|0|1.0|INDIVIDUAL|VARIABLE|P0210085000|1|0|1.0|INDIVIDUAL|VARIABLE|P0210085000|1|0|1.0|INDIVIDUAL|VARIABLE|P0210085000|1|0|1.0|INDIVIDUAL|VARIABLE|P0210085000|1|0|1.0|INDIVIDUAL|VARIABLE|P0210085000|1|0|1.0|INDIVIDUAL|VARIABLE|P0210085000|1|0|1.0|INDIVIDUAL|VARIABLE|P0210085000|1|0|1.0|INDIVIDUAL|VARIABLE|P0210085000|1|0|1.0|INDIVIDUAL|VARIABLE|P0210085000|1|0|1.0|INDIVIDUAL|VARIABLE|P0210085000|1|0|1.0|INDIVIDUAL|VARIABLE|P0210085000|1|0|1.0|INDIVIDUAL|VARIABLE|P0210085000|1|0|1.0|INDIVIDUAL|VARIABLE|P0210085000|1|0|1.0|INDIVIDUAL|VARIABLE|P0210085000|1|0|1.0|INDIVIDUAL|VARIABLE|P0210085000|1|0|1.0|INDIVIDUAL|VARIABLE|P0210085000|1|0|1.0|INDIVIDUAL|VARIABLE|P0210085000|1|0|1.0|INDIVIDUAL|VARIABLE|P0210085000|1|0|1.0|INDIVIDUAL|VARIABLE|P0210085000|1|0|1.0|INDIVIDUAL|VARIABLE|P0210085000|1|0|1.0|INDIVIDUAL|VARIABLE|P0210085000|1|0|1.0|INDIVIDUAL|VARIABLE|P0210085000|1|0|1.0|INDIVIDUAL|VARIABLE|P0210085000|1|0|1.0|INDIVIDUAL|VARIABLE|P0210085000|1|0|1.0|INDIVIDUAL|VARIABLE|P0210085000|1|0|1.0|INDIVIDUAL|VARIABLE|P0210085000|1|0|1.0|INDIVIDUAL|VARIABLE|P0210085000|1|0|1.0|INDIVIDUAL|VARIABLE|P0210085000|1|0|1.0|INDIVIDUAL|VARIABLE|P0210085000|1|0|1.0|INDIVIDUAL|VARIABLE|P0210085000|1|0|1.0|INDIVIDUAL|VARIABLE|P0210085000|1|0|1.0|INDIVIDUAL|VARIABLE|P0210085000|1|0|1.0|INDIVIDUAL|VARIABLE|P0210085000|1|0|1.0|INDIVIDUAL|VARIABLE|P0210085000|1|0|1.0|INDIVIDUAL|VARIABLE|P0210085000|1|0|1.0|INDIVIDUAL|VARIABLE|P0210085000|1|0|1.0|INDIVIDUAL|VARIABLE|P0210085000|1|0|1.0|INDIVIDUAL|VARIABLE|P0210085000|1|0|1.0|INDIVIDUAL|VARIABLE|P0210085000|1|0|1.0|INDIVIDUAL|VARIABLE|P0210085000|1|0|1.0|INDIVIDUAL|VARIABLE|P0210085000|1|0|1.0|INDIVIDUAL|VARIABLE|P0210085000|1|0|1.0|INDIVIDUAL|VARIABLE|P0210085000|1|0|1.0|INDIVIDUAL|VARIABLE|P0210085000|1|0|1.0|INDIVIDUAL|VARIABLE|P0210085000|1|0|1.0|INDIVIDUAL|VARIABLE|P0210085000|1|0|1.0|INDIVIDUAL|VARIABLE|P0210085000|1|0|1.0|INDIVIDUAL|VARIABLE|P0210085000|1|0|1.0|INDIVIDUAL|VARIABLE|P0210085000|1|0|1.0|INDIVIDUAL|VARIABLE|P0210085000|1|0|1.0|INDIVIDUAL|VARIABLE|P0210085000|1|0|1.0|INDIVIDUAL|VARIABLE|P0210085000|1|0|1.0|INDIVIDUAL|VARIABLE|P0210085000|1|0|1.0|INDIVIDUAL|VARIABLE|P0210085000|1|0|1.0|INDIVIDUAL|VARIABLE|P0210085000|1|0|1.0|INDIVIDUAL|VARIABLE|P0210085000|1|0|1.0|INDIVIDUAL|VARIABLE|P0210085000|1|0|1.0|INDIVIDUAL|VARIABLE|P0210085000|1|0|1.0|INDIVIDUAL|VARIABLE|P0210085000|1|0|1.0|INDIVIDUAL|VARIABLE|P0210085000|1|0|1.0|INDIVIDUAL|VARIABLE|P0210085000|1|0|1.0|INDIVIDUAL|VARIABLE|P0210085000|1|0|1.0|INDIVIDUAL|VARIABLE|P0210085000|1|0|1.0|INDIVIDUAL|VARIABLE|P0210085000|1|0|1.0|INDIVIDUAL|VARIABLE|P0210085000|1|0|1.0|INDIVIDUAL|VARIABLE|P0210085000|1|0|1.0|INDIVIDUAL|VARIABLE|P0210085000|1|0|1.0|INDIVIDUAL|VARIABLE|P0210085000|1|0|1.0|INDIVIDUAL|VARIABLE|P0210085000|1|0|1.0|INDIVIDUAL|VARIABLE|P0210085000|1|0|1.0|INDIVIDUAL|VARIABLE|P0210085000|1|0|1.0|INDIVIDUAL|VARIABLE|P0210085000|1|0|1.0|INDIVIDUAL|VARIABLE|P0210085000|1|0|1.0|INDIVIDUAL|VARIABLE|P0210085000|1|0|1.0|INDIVIDUAL|VARIABLE|P0210085000|1|0|1.0|INDIVIDUAL|VARIABLE|P0210085000|1|0|1.0|INDIVIDUAL|VARIABLE|P0210085000|1|0|1.0|INDIVIDUAL|VARIABLE|P0210085000|1|0|1.0|INDIVIDUAL|VARIABLE|P0210085000|1|0|1.0|INDIVIDUAL|VARIABLE|P0210085000|1|0|1.0|INDIVIDUAL|VARIABLE|P0210085000|1|0|1.0|INDIVIDUAL|VARIABLE|P0210085000|1|0|1.0|INDIVIDUAL|VARIABLE|P0210085000|1|0|1.0|INDIVIDUAL|VARIABLE|P0210085000|1|0|1.0|INDIVIDUAL|VARIABLE|P0210085000|1|0|1.0|INDIVIDUAL|VARIABLE|P0210085000|1|0|1.0|INDIVIDUAL|VARIABLE|P0210085000|1|0|1.0|INDIVIDUAL|VARIABLE|P0210085000|1|0|1.0|INDIVIDUAL|VARIABLE|P0210085000|1|0|1.0|INDIVIDUAL|VARIABLE|P0210085000|1|0|1.0|INDIVIDUAL|VARIABLE|P0210085000|1|0|1.0|INDIVIDUAL|VARIABLE|P0210085000|1|0|1.0|INDIVIDUAL|VARIABLE|P0210085000|1|0|1.0|INDIVIDUAL|VARIABLE|P0210085000|1|0|1.0|INDIVIDUAL|VARIABLE|P0210085000|1|0|1.0|INDIVIDUAL|VARIABLE|P0210085000|1|0|1.0|INDIVIDUAL|VARIABLE|P0210085000|1|0|1.0|INDIVIDUAL|VARIABLE|P0210085000|1|0|1.0|INDIVIDUAL|VARIABLE|P0210085000|1|0|1.0|INDIVIDUAL|VARIABLE|P0210085000|1|0|1.0|INDIVIDUAL|VARIABLE|P0210085000|1|0|1.0|INDIVIDUAL|VARIABLE|P0210085000|1|0|1.0|INDIVIDUAL|VARIABLE|P0210085000|1|0|1.0|INDIVIDUAL|VARIABLE|P0210085000|1|0|1.0|INDIVIDUAL|VARIABLE|P0210085000|1|0|1.0|INDIVIDUAL|VARIABLE|P0210085000|1|0|1.0|INDIVIDUAL|VARIABLE|P0210085000|1|0|1.0|INDIVIDUAL|VARIABLE|P0210085000|1|0|1.0|INDIVIDUAL|VARIABLE|P0210085000|1|0|1.0|INDIVIDUAL|VARIABLE|P0210085000|1|0|1.0|INDIVIDUAL|VARIABLE|P0210085000|1|0|1.0|INDIVIDUAL|VARIABLE|P0210085000|1|0|1.0|INDIVIDUAL|VARIABLE|P0210085000|1|0|1.0|INDIVIDUAL|VARIABLE|P0210085000|1|0|1.0|INDIVIDUAL|VARIABLE|P0210085000|1|0|1.0|INDIVIDUAL|VARIABLE|P0210085000|1|0|1.0|INDIVIDUAL|VARIABLE|P0210085000|1|0|1.0|INDIVIDUAL|VARIABLE|P0210085000|1|0|1.0|INDIVIDUAL|VARIABLE|P0210085000|1|0|1.0|INDIVIDUAL|VARIABLE|P0210085000|1|0|1.0|INDIVIDUAL|VARIABLE|P0210085000|1|0|1.0|INDIVIDUAL|VARIABLE|P0210085000|1|0|1.0|INDIVIDUAL|VARIABLE|P0210085000|1|0|1.0|INDIVIDUAL|VARIABLE|P0210085000|1|0|1.0|INDIVIDUAL|VARIABLE|P0210085000|1|0|1.0|INDIVIDUAL|VARIABLE|P0210085000|1|0|1.0|INDIVIDUAL|VARIABLE|P0210085000|1|0|1.0|INDIVIDUAL|VARIABLE|P0210085000|1|0|1.0|INDIVIDUAL|VARIABLE|P0210085000|1|0|1.0|INDIVIDUAL|VARIABLE|P0210085000|1|0|1.0|INDIVIDUAL|VARIABLE|P0210085000|1|0|1.0|INDIVIDUAL|VARIABLE|P0210085000|1|0|1.0|INDIVIDUAL|VARIABLE|P0210085000|1|0|1.0|INDIVIDUAL|VARIABLE|P0210085000|1|0|1.0|INDIVIDUAL|VARIABLE|P0210085000|1|0|1.0|INDIVIDUAL|VARIABLE|P0210085000|1|0|1.0|INDIVIDUAL|VARIABLE|P0210085000|1|0|1.0|INDIVIDUAL|VARIABLE|P0210085000|1|0|1.0|INDIVIDUAL|VARIABLE|P0210085000|1|0|1.0|INDIVIDUAL|VARIABLE|P0210085000|1|0|1.0|INDIVIDUAL|VARIABLE|P0210085000|1|0|1.0|INDIVIDUAL|VARIABLE|P0210085000|1|0|1.0|INDIVIDUAL|VARIABLE|P0210085000|1|0|1.0|INDIVIDUAL|VARIABLE|P0210085000|1|0|1.0|INDIVIDUAL|VARIABLE|P0210085000|1|0|1.0|INDIVIDUAL|VARIABLE|P0210085000|1|0|1.0|INDIVIDUAL|VARIABLE|P0210085000|1|0|1.0|INDIVIDUAL|VARIABLE|P0210085000|1|0|1.0|INDIVIDUAL|VARIABLE|P0210085000|1|0|1.0|INDIVIDUAL|VARIABLE|P0210085000|1|0|1.0|INDIVIDUAL|VARIABLE|P0210085000|1|0|1.0|INDIVIDUAL|VARIABLE|P0210085000|1|0|1.0|INDIVIDUAL|VARIABLE|P0210085000|1|0|1.0|INDIVIDUAL|VARIABLE|P0210085000|1|0|1.0|INDIVIDUAL|VARIABLE|P0210085000|1|0|1.0|INDIVIDUAL|VARIABLE|P0210085000|1|0|1.0|INDIVIDUAL|VARIABLE|P0210085000|1|0|1.0
756,INDIVIDUAL|VARIABLE|P0408051000|1|0|1.0|INDIVIDUAL|VARIABLE|P0408051000|1|0|1.0|INDIVIDUAL|VARIABLE|P0408051000|1|0|1.0|INDIVIDUAL|VARIABLE|P0408051000|1|0|1.0|INDIVIDUAL|VARIABLE|P0408051000|1|0|1.0|INDIVIDUAL|VARIABLE|P0408051000|1|0|1.0|INDIVIDUAL|VARIABLE|P0408051000|1|0|1.0|INDIVIDUAL|VARIABLE|P0408051000|1|0|1.0|INDIVIDUAL|VARIABLE|P0408051000|1|0|1.0|INDIVIDUAL|VARIABLE|P0408051000|1|0|1.0|INDIVIDUAL|VARIABLE|P0408051000|1|0|1.0|INDIVIDUAL|VARIABLE|P0408051000|1|0|1.0|INDIVIDUAL|VARIABLE|P0408051000|1|0|1.0|INDIVIDUAL|VARIABLE|P0408051000|1|0|1.0|INDIVIDUAL|VARIABLE|P0408051000|1|0|1.0|INDIVIDUAL|VARIABLE|P0408051000|1|0|1.0|INDIVIDUAL|VARIABLE|P0408051000|1|0|1.0|INDIVIDUAL|VARIABLE|P0408051000|1|0|1.0|INDIVIDUAL|VARIABLE|P0408051000|1|0|1.0|INDIVIDUAL|VARIABLE|P0408051000|1|0|1.0|INDIVIDUAL|VARIABLE|P0408051000|1|0|1.0|INDIVIDUAL|VARIABLE|P0408051000|1|0|1.0|INDIVIDUAL|VARIABLE|P0408051000|1|0|1.0|INDIVIDUAL|VARIABLE|P0408051000|1|0|1.0|INDIVIDUAL|VARIABLE|P0408051000|1|0|1.0|INDIVIDUAL|VARIABLE|P0408051000|1|0|1.0|INDIVIDUAL|VARIABLE|P0408051000|1|0|1.0|INDIVIDUAL|VARIABLE|P0408051000|1|0|1.0|INDIVIDUAL|VARIABLE|P0408051000|1|0|1.0|INDIVIDUAL|VARIABLE|P0408051000|1|0|1.0|INDIVIDUAL|VARIABLE|P0408051000|1|0|1.0|INDIVIDUAL|VARIABLE|P0408051000|1|0|1.0|INDIVIDUAL|VARIABLE|P0408051000|1|0|1.0|INDIVIDUAL|VARIABLE|P0408051000|1|0|1.0|INDIVIDUAL|VARIABLE|P0408051000|1|0|1.0|INDIVIDUAL|VARIABLE|P0408051000|1|0|1.0|INDIVIDUAL|VARIABLE|P0408051000|1|0|1.0|INDIVIDUAL|VARIABLE|P0408051000|1|0|1.0|INDIVIDUAL|VARIABLE|P0408051000|1|0|1.0|INDIVIDUAL|VARIABLE|P0408051000|1|0|1.0|INDIVIDUAL|VARIABLE|P0408051000|1|0|1.0|INDIVIDUAL|VARIABLE|P0408051000|1|0|1.0|INDIVIDUAL|VARIABLE|P0408051000|1|0|1.0|INDIVIDUAL|VARIABLE|P0408051000|1|0|1.0|INDIVIDUAL|VARIABLE|P0408051000|1|0|1.0|INDIVIDUAL|VARIABLE|P0408051000|1|0|1.0|INDIVIDUAL|VARIABLE|P0408051000|1|0|1.0|INDIVIDUAL|VARIABLE|P0408051000|1|0|1.0|INDIVIDUAL|VARIABLE|P0408051000|1|0|1.0|INDIVIDUAL|VARIABLE|P0408051000|1|0|1.0|INDIVIDUAL|VARIABLE|P0408051000|1|0|1.0|INDIVIDUAL|VARIABLE|P0408051000|1|0|1.0|INDIVIDUAL|VARIABLE|P0408051000|1|0|1.0|INDIVIDUAL|VARIABLE|P0408051000|1|0|1.0|INDIVIDUAL|VARIABLE|P0408051000|1|0|1.0|INDIVIDUAL|VARIABLE|P0408051000|1|0|1.0|INDIVIDUAL|VARIABLE|P0408051000|1|0|1.0|INDIVIDUAL|VARIABLE|P0408051000|1|0|1.0|INDIVIDUAL|VARIABLE|P0408051000|1|0|1.0|INDIVIDUAL|VARIABLE|P0408051000|1|0|1.0|INDIVIDUAL|VARIABLE|P0408051000|1|0|1.0|INDIVIDUAL|VARIABLE|P0408051000|1|0|1.0|INDIVIDUAL|VARIABLE|P0408051000|1|0|1.0|INDIVIDUAL|VARIABLE|P0408051000|1|0|1.0|INDIVIDUAL|VARIABLE|P0408051000|1|0|1.0|INDIVIDUAL|VARIABLE|P0408051000|1|0|1.0|INDIVIDUAL|VARIABLE|P0408051000|1|0|1.0|INDIVIDUAL|VARIABLE|P0408051000|1|0|1.0|INDIVIDUAL|VARIABLE|P0408051000|1|0|1.0|INDIVIDUAL|VARIABLE|P0408051000|1|0|1.0|INDIVIDUAL|VARIABLE|P0408051000|1|0|1.0|INDIVIDUAL|VARIABLE|P0408051000|1|0|1.0|INDIVIDUAL|VARIABLE|P0408051000|1|0|1.0|INDIVIDUAL|VARIABLE|P0408051000|1|0|1.0|INDIVIDUAL|VARIABLE|P0408051000|1|0|1.0|INDIVIDUAL|VARIABLE|P0408051000|1|0|1.0|INDIVIDUAL|VARIABLE|P0408051000|1|0|1.0|INDIVIDUAL|VARIABLE|P0408051000|1|0|1.0|INDIVIDUAL|VARIABLE|P0408051000|1|0|1.0|INDIVIDUAL|VARIABLE|P0408051000|1|0|1.0|INDIVIDUAL|VARIABLE|P0408051000|1|0|1.0|INDIVIDUAL|VARIABLE|P0408051000|1|0|1.0|INDIVIDUAL|VARIABLE|P0408051000|1|0|1.0|INDIVIDUAL|VARIABLE|P0408051000|1|0|1.0|INDIVIDUAL|VARIABLE|P0408051000|1|0|1.0|INDIVIDUAL|VARIABLE|P0408051000|1|0|1.0|INDIVIDUAL|VARIABLE|P0408051000|1|0|1.0|INDIVIDUAL|VARIABLE|P0408051000|1|0|1.0|INDIVIDUAL|VARIABLE|P0408051000|1|0|1.0|INDIVIDUAL|VARIABLE|P0408051000|1|0|1.0|INDIVIDUAL|VARIABLE|P0408051000|1|0|1.0|INDIVIDUAL|VARIABLE|P0408051000|1|0|1.0|INDIVIDUAL|VARIABLE|P0408051000|1|0|1.0|INDIVIDUAL|VARIABLE|P0408051000|1|0|1.0|INDIVIDUAL|VARIABLE|P0408051000|1|0|1.0|INDIVIDUAL|VARIABLE|P0408051000|1|0|1.0|INDIVIDUAL|VARIABLE|P0408051000|1|0|1.0|INDIVIDUAL|VARIABLE|P0408051000|1|0|1.0|INDIVIDUAL|VARIABLE|P0408051000|1|0|1.0
757,INDIVIDUAL|VARIABLE|P0510067000|1|0|1.0|INDIVIDUAL|VARIABLE|P0510067000|1|0|1.0|INDIVIDUAL|VARIABLE|P0510067000|1|0|1.0|INDIVIDUAL|VARIABLE|P0510067000|1|0|1.0|INDIVIDUAL|VARIABLE|P0510067000|1|0|1.0|INDIVIDUAL|VARIABLE|P0510067000|1|0|1.0|INDIVIDUAL|VARIABLE|P0510067000|1|0|1.0|INDIVIDUAL|VARIABLE|P0510067000|1|0|1.0|INDIVIDUAL|VARIABLE|P0510067000|1|0|1.0|INDIVIDUAL|VARIABLE|P0510067000|1|0|1.0|INDIVIDUAL|VARIABLE|P0510067000|1|0|1.0|INDIVIDUAL|VARIABLE|P0510067000|1|0|1.0|INDIVIDUAL|VARIABLE|P0510067000|1|0|1.0|INDIVIDUAL|VARIABLE|P0510067000|1|0|1.0|INDIVIDUAL|VARIABLE|P0510067000|1|0|1.0|INDIVIDUAL|VARIABLE|P0510067000|1|0|1.0|INDIVIDUAL|VARIABLE|P0510067000|1|0|1.0|INDIVIDUAL|VARIABLE|P0510067000|1|0|1.0|INDIVIDUAL|VARIABLE|P0510067000|1|0|1.0|INDIVIDUAL|VARIABLE|P0510067000|1|0|1.0|INDIVIDUAL|VARIABLE|P0510067000|1|0|1.0|INDIVIDUAL|VARIABLE|P0510067000|1|0|1.0|INDIVIDUAL|VARIABLE|P0510067000|1|0|1.0|INDIVIDUAL|VARIABLE|P0510067000|1|0|1.0|INDIVIDUAL|VARIABLE|P0510067000|1|0|1.0|INDIVIDUAL|VARIABLE|P0510067000|1|0|1.0|INDIVIDUAL|VARIABLE|P0510067000|1|0|1.0|INDIVIDUAL|VARIABLE|P0510067000|1|0|1.0|INDIVIDUAL|VARIABLE|P0510067000|1|0|1.0|INDIVIDUAL|VARIABLE|P0510067000|1|0|1.0|INDIVIDUAL|VARIABLE|P0510067000|1|0|1.0|INDIVIDUAL|VARIABLE|P0510067000|1|0|1.0|INDIVIDUAL|VARIABLE|P0510067000|1|0|1.0|INDIVIDUAL|VARIABLE|P0510067000|1|0|1.0|INDIVIDUAL|VARIABLE|P0510067000|1|0|1.0|INDIVIDUAL|VARIABLE|P0510067000|1|0|1.0|INDIVIDUAL|VARIABLE|P0510067000|1|0|1.0|INDIVIDUAL|VARIABLE|P0510067000|1|0|1.0|INDIVIDUAL|VARIABLE|P0510067000|1|0|1.0|INDIVIDUAL|VARIABLE|P0510067000|1|0|1.0|INDIVIDUAL|VARIABLE|P0510067000|1|0|1.0|INDIVIDUAL|VARIABLE|P0510067000|1|0|1.0|INDIVIDUAL|VARIABLE|P0510067000|1|0|1.0|INDIVIDUAL|VARIABLE|P0510067000|1|0|1.0|INDIVIDUAL|VARIABLE|P0510067000|1|0|1.0|INDIVIDUAL|VARIABLE|P0510067000|1|0|1.0|INDIVIDUAL|VARIABLE|P0510067000|1|0|1.0|INDIVIDUAL|VARIABLE|P0510067000|1|0|1.0|INDIVIDUAL|VARIABLE|P0510067000|1|0|1.0|INDIVIDUAL|VARIABLE|P0510067000|1|0|1.0|INDIVIDUAL|VARIABLE|P0510067000|1|0|1.0|INDIVIDUAL|VARIABLE|P0510067000|1|0|1.0|INDIVIDUAL|VARIABLE|P0510067000|1|0|1.0|INDIVIDUAL|VARIABLE|P0510067000|1|0|1.0|INDIVIDUAL|VARIABLE|P0510067000|1|0|1.0|INDIVIDUAL|VARIABLE|P0510067000|1|0|1.0|INDIVIDUAL|VARIABLE|P0510067000|1|0|1.0|INDIVIDUAL|VARIABLE|P0510067000|1|0|1.0|INDIVIDUAL|VARIABLE|P0510067000|1|0|1.0|INDIVIDUAL|VARIABLE|P0510067000|1|0|1.0|INDIVIDUAL|VARIABLE|P0510067000|1|0|1.0|INDIVIDUAL|VARIABLE|P0510067000|1|0|1.0|INDIVIDUAL|VARIABLE|P0510067000|1|0|1.0|INDIVIDUAL|VARIABLE|P0510067000|1|0|1.0|INDIVIDUAL|VARIABLE|P0510067000|1|0|1.0|INDIVIDUAL|VARIABLE|P0510067000|1|0|1.0|INDIVIDUAL|VARIABLE|P0510067000|1|0|1.0|INDIVIDUAL|VARIABLE|P0510067000|1|0|1.0|INDIVIDUAL|VARIABLE|P0510067000|1|0|1.0|INDIVIDUAL|VARIABLE|P0510067000|1|0|1.0|INDIVIDUAL|VARIABLE|P0510067000|1|0|1.0|INDIVIDUAL|VARIABLE|P0510067000|1|0|1.0|INDIVIDUAL|VARIABLE|P0510067000|1|0|1.0|INDIVIDUAL|VARIABLE|P0510067000|1|0|1.0|INDIVIDUAL|VARIABLE|P0510067000|1|0|1.0|INDIVIDUAL|VARIABLE|P0510067000|1|0|1.0|INDIVIDUAL|VARIABLE|P0510067000|1|0|1.0|INDIVIDUAL|VARIABLE|P0510067000|1|0|1.0|INDIVIDUAL|VARIABLE|P0510067000|1|0|1.0|INDIVIDUAL|VARIABLE|P0510067000|1|0|1.0|INDIVIDUAL|VARIABLE|P0510067000|1|0|1.0|INDIVIDUAL|VARIABLE|P0510067000|1|0|1.0|INDIVIDUAL|VARIABLE|P0510067000|1|0|1.0|INDIVIDUAL|VARIABLE|P0510067000|1|0|1.0|INDIVIDUAL|VARIABLE|P0510067000|1|0|1.0|INDIVIDUAL|VARIABLE|P0510067000|1|0|1.0|INDIVIDUAL|VARIABLE|P0510067000|1|0|1.0|INDIVIDUAL|VARIABLE|P0510067000|1|0|1.0|INDIVIDUAL|VARIABLE|P0510067000|1|0|1.0|INDIVIDUAL|VARIABLE|P0510067000|1|0|1.0|INDIVIDUAL|VARIABLE|P0510067000|1|0|1.0|INDIVIDUAL|VARIABLE|P0510067000|1|0|1.0|INDIVIDUAL|VARIABLE|P0510067000|1|0|1.0|INDIVIDUAL|VARIABLE|P0510067000|1|0|1.0|INDIVIDUAL|VARIABLE|P0510067000|1|0|1.0|INDIVIDUAL|VARIABLE|P0510067000|1|0|1.0|INDIVIDUAL|VARIABLE|P0510067000|1|0|1.0|INDIVIDUAL|VARIABLE|P0510067000|1|0|1.0|INDIVIDUAL|VARIABLE|P0510067000|1|0|1.0|INDIVIDUAL|VARIABLE|P0510067000|1|0|1.0|INDIVIDUAL|VARIABLE|P0510067000|1|0|1.0|INDIVIDUAL|VARIABLE|P0510067000|1|0|1.0|INDIVIDUAL|VARIABLE|P0510067000|1|0|1.0|INDIVIDUAL|VARIABLE|P0510067000|1|0|1.0|INDIVIDUAL|VARIABLE|P0510067000|1|0|1.0|INDIVIDUAL|VARIABLE|P0510067000|1|0|1.0|INDIVIDUAL|VARIABLE|P0510067000|1|0|1.0|INDIVIDUAL|VARIABLE|P0510067000|1|0|1.0|INDIVIDUAL|VARIABLE|P0510067000|1|0|1.0|INDIVIDUAL|VARIABLE|P0510067000|1|0|1.0|INDIVIDUAL|VARIABLE|P0510067000|1|0|1.0|INDIVIDUAL|VARIABLE|P0510067000|1|0|1.0|INDIVIDUAL|VARIABLE|P0510067000|1|0|1.0|INDIVIDUAL|VARIABLE|P0510067000|1|0|1.0|INDIVIDUAL|VARIABLE|P0510067000|1|0|1.0|INDIVIDUAL|VARIABLE|P0510067000|1|0|1.0|INDIVIDUAL|VARIABLE|P0510067000|1|0|1.0|INDIVIDUAL|VARIABLE|P0510067000|1|0|1.0|INDIVIDUAL|VARIABLE|P0510067000|1|0|1.0|INDIVIDUAL|VARIABLE|P0510067000|1|0|1.0|INDIVIDUAL|VARIABLE|P0510067000|1|0|1.0|INDIVIDUAL|VARIABLE|P0510067000|1|0|1.0|INDIVIDUAL|VARIABLE|P0510067000|1|0|1.0|INDIVIDUAL|VARIABLE|P0510067000|1|0|1.0|INDIVIDUAL|VARIABLE|P0510067000|1|0|1.0|INDIVIDUAL|VARIABLE|P0510067000|1|0|1.0|INDIVIDUAL|VARIABLE|P0510067000|1|0|1.0|INDIVIDUAL|VARIABLE|P0510067000|1|0|1.0|INDIVIDUAL|VARIABLE|P0510067000|1|0|1.0|INDIVIDUAL|VARIABLE|P0510067000|1|0|1.0|INDIVIDUAL|VARIABLE|P0510067000|1|0|1.0|INDIVIDUAL|VARIABLE|P0510067000|1|0|1.0|INDIVIDUAL|VARIABLE|P0510067000|1|0|1.0|INDIVIDUAL|VARIABLE|P0510067000|1|0|1.0|INDIVIDUAL|VARIABLE|P0510067000|1|0|1.0|INDIVIDUAL|VARIABLE|P0510067000|1|0|1.0|INDIVIDUAL|VARIABLE|P0510067000|1|0|1.0|INDIVIDUAL|VARIABLE|P0510067000|1|0|1.0|INDIVIDUAL|VARIABLE|P0510067000|1|0|1.0|INDIVIDUAL|VARIABLE|P0510067000|1|0|1.0|INDIVIDUAL|VARIABLE|P0510067000|1|0|1.0|INDIVIDUAL|VARIABLE|P0510067000|1|0|1.0|INDIVIDUAL|VARIABLE|P0510067000|1|0|1.0|INDIVIDUAL|VARIABLE|P0510067000|1|0|1.0|INDIVIDUAL|VARIABLE|P0510067000|1|0|1.0|INDIVIDUAL|VARIABLE|P0510067000|1|0|1.0|INDIVIDUAL|VARIABLE|P0510067000|1|0|1.0|INDIVIDUAL|VARIABLE|P0510067000|1|0|1.0|INDIVIDUAL|VARIABLE|P0510067000|1|0|1.0|INDIVIDUAL|VARIABLE|P0510067000|1|0|1.0|INDIVIDUAL|VARIABLE|P0510067000|1|0|1.0|INDIVIDUAL|VARIABLE|P0510067000|1|0|1.0|INDIVIDUAL|VARIABLE|P0510067000|1|0|1.0|INDIVIDUAL|VARIABLE|P0510067000|1|0|1.0|INDIVIDUAL|VARIABLE|P0510067000|1|0|1.0|INDIVIDUAL|VARIABLE|P0510067000|1|0|1.0|INDIVIDUAL|VARIABLE|P0510067000|1|0|1.0|INDIVIDUAL|VARIABLE|P0510067000|1|0|1.0|INDIVIDUAL|VARIABLE|P0510067000|1|0|1.0|INDIVIDUAL|VARIABLE|P0510067000|1|0|1.0|INDIVIDUAL|VARIABLE|P0510067000|1|0|1.0|INDIVIDUAL|VARIABLE|P0510067000|1|0|1.0|INDIVIDUAL|VARIABLE|P0510067000|1|0|1.0|INDIVIDUAL|VARIABLE|P0510067000|1|0|1.0|INDIVIDUAL|VARIABLE|P0510067000|1|0|1.0|INDIVIDUAL|VARIABLE|P0510067000|1|0|1.0|INDIVIDUAL|VARIABLE|P0510067000|1|0|1.0|INDIVIDUAL|VARIABLE|P0510067000|1|0|1.0|INDIVIDUAL|VARIABLE|P0510067000|1|0|1.0|INDIVIDUAL|VARIABLE|P0510067000|1|0|1.0|INDIVIDUAL|VARIABLE|P0510067000|1|0|1.0|INDIVIDUAL|VARIABLE|P0510067000|1|0|1.0|INDIVIDUAL|VARIABLE|P0510067000|1|0|1.0|INDIVIDUAL|VARIABLE|P0510067000|1|0|1.0|INDIVIDUAL|VARIABLE|P0510067000|1|0|1.0|INDIVIDUAL|VARIABLE|P0510067000|1|0|1.0|INDIVIDUAL|VARIABLE|P0510067000|1|0|1.0|INDIVIDUAL|VARIABLE|P0510067000|1|0|1.0|INDIVIDUAL|VARIABLE|P0510067000|1|0|1.0|INDIVIDUAL|VARIABLE|P0510067000|1|0|1.0|INDIVIDUAL|VARIABLE|P0510067000|1|0|1.0|INDIVIDUAL|VARIABLE|P0510067000|1|0|1.0|INDIVIDUAL|VARIABLE|P0510067000|1|0|1.0|INDIVIDUAL|VARIABLE|P0510067000|1|0|1.0|INDIVIDUAL|VARIABLE|P0510067000|1|0|1.0|INDIVIDUAL|VARIABLE|P0510067000|1|0|1.0|INDIVIDUAL|VARIABLE|P0510067000|1|0|1.0|INDIVIDUAL|VARIABLE|P0510067000|1|0|1.0|INDIVIDUAL|VARIABLE|P0510067000|1|0|1.0|INDIVIDUAL|VARIABLE|P0510067000|1|0|1.0|INDIVIDUAL|VARIABLE|P0510067000|1|0|1.0|INDIVIDUAL|VARIABLE|P0510067000|1|0|1.0|INDIVIDUAL|VARIABLE|P0510067000|1|0|1.0|INDIVIDUAL|VARIABLE|P0510067000|1|0|1.0|INDIVIDUAL|VARIABLE|P0510067000|1|0|1.0|INDIVIDUAL|VARIABLE|P0510067000|1|0|1.0|INDIVIDUAL|VARIABLE|P0510067000|1|0|1.0|INDIVIDUAL|VARIABLE|P0510067000|1|0|1.0|INDIVIDUAL|VARIABLE|P0510067000|1|0|1.0|INDIVIDUAL|VARIABLE|P0510067000|1|0|1.0|INDIVIDUAL|VARIABLE|P0510067000|1|0|1.0|INDIVIDUAL|VARIABLE|P0510067000|1|0|1.0|INDIVIDUAL|VARIABLE|P0510067000|1|0|1.0|INDIVIDUAL|VARIABLE|P0510067000|1|0|1.0|INDIVIDUAL|VARIABLE|P0510067000|1|0|1.0|INDIVIDUAL|VARIABLE|P0510067000|1|0|1.0|INDIVIDUAL|VARIABLE|P0510067000|1|0|1.0|INDIVIDUAL|VARIABLE|P0510067000|1|0|1.0|INDIVIDUAL|VARIABLE|P0510067000|1|0|1.0|INDIVIDUAL|VARIABLE|P0510067000|1|0|1.0|INDIVIDUAL|VARIABLE|P0510067000|1|0|1.0|INDIVIDUAL|VARIABLE|P0510067000|1|0|1.0|INDIVIDUAL|VARIABLE|P0510067000|1|0|1.0|INDIVIDUAL|VARIABLE|P0510067000|1|0|1.0|INDIVIDUAL|VARIABLE|P0510067000|1|0|1.0|INDIVIDUAL|VARIABLE|P0510067000|1|0|1.0|INDIVIDUAL|VARIABLE|P0510067000|1|0|1.0|INDIVIDUAL|VARIABLE|P0510067000|1|0|1.0|INDIVIDUAL|VARIABLE|P0510067000|1|0|1.0|INDIVIDUAL|VARIABLE|P0510067000|1|0|1.0|INDIVIDUAL|VARIABLE|P0510067000|1|0|1.0|INDIVIDUAL|VARIABLE|P0510067000|1|0|1.0|INDIVIDUAL|VARIABLE|P0510067000|1|0|1.0|INDIVIDUAL|VARIABLE|P0510067000|1|0|1.0|INDIVIDUAL|VARIABLE|P0510067000|1|0|1.0|INDIVIDUAL|VARIABLE|P0510067000|1|0|1.0|INDIVIDUAL|VARIABLE|P0510067000|1|0|1.0|INDIVIDUAL|VARIABLE|P0510067000|1|0|1.0|INDIVIDUAL|VARIABLE|P0510067000|1|0|1.0|INDIVIDUAL|VARIABLE|P0510067000|1|0|1.0|INDIVIDUAL|VARIABLE|P0510067000|1|0|1.0|INDIVIDUAL|VARIABLE|P0510067000|1|0|1.0|INDIVIDUAL|VARIABLE|P0510067000|1|0|1.0|INDIVIDUAL|VARIABLE|P0510067000|1|0|1.0
758,SET FIJO|FIJO|200115817|1|0|1.0|SET FIJO|FIJO|200115817|1|0|1.0|SET FIJO|FIJO|200115817|1|0|1.0|SET FIJO|FIJO|200118180|0|0|1.0|SET FIJO|FIJO|200118180|0|0|1.0|SET FIJO|FIJO|200118180|0|0|1.0|SET FIJO|FIJO|200118180|0|0|1.0|SET FIJO|FIJO|200118180|0|0|1.0|SET FIJO|FIJO|200118180|0|0|1.0|SET FIJO|FIJO|200118180|0|0|1.0|SET FIJO|FIJO|200118180|0|0|1.0|SET FIJO|FIJO|200118180|0|0|1.0|SET FIJO|FIJO|200118180|0|0|1.0|SET FIJO|FIJO|200118180|0|0|1.0|SET FIJO|FIJO|200118180|0|0|1.0|SET FIJO|FIJO|200118180|0|0|1.0|SET FIJO|FIJO|200115817|1|0|1.0|SET FIJO|FIJO|200115817|1|0|1.0|SET FIJO|FIJO|200115817|1|0|1.0|SET FIJO|FIJO|200115817|1|0|1.0|SET FIJO|FIJO|200115817|1|0|1.0|SET FIJO|FIJO|200115817|1|0|1.0|SET FIJO|FIJO|200115817|1|0|1.0|SET FIJO|FIJO|200115817|1|0|1.0|SET FIJO|FIJO|200115817|1|0|1.0|SET FIJO|FIJO|200115817|1|0|1.0
759,SET FIJO|FIJO|200113646|1|0|1.0|SET FIJO|FIJO|200113646|1|0|1.0|SET FIJO|FIJO|200113646|1|0|1.0|SET FIJO|FIJO|200113646|1|0|1.0|SET FIJO|FIJO|200113646|1|0|1.0|SET FIJO|FIJO|200113646|1|0|1.0|SET FIJO|FIJO|200113646|1|0|1.0|SET FIJO|FIJO|200113646|1|0|1.0|SET FIJO|FIJO|200113646|1|0|1.0|SET FIJO|FIJO|200113646|1|0|1.0|SET FIJO|FIJO|200091328|0|0|1.0|SET FIJO|FIJO|200091328|0|0|1.0|SET FIJO|FIJO|200091328|0|0|1.0|SET FIJO|FIJO|200091328|0|0|1.0|SET FIJO|FIJO|200091328|0|0|1.0|SET FIJO|FIJO|200113646|1|0|1.0|SET FIJO|FIJO|200113646|1|0|1.0|SET FIJO|FIJO|200113646|1|0|1.0|SET FIJO|FIJO|200091328|0|0|1.0|SET FIJO|FIJO|200091328|0|0|1.0|SET FIJO|FIJO|200091328|0|0|1.0|SET FIJO|FIJO|200091328|0|0|1.0|SET FIJO|FIJO|200091328|0|0|1.0|SET FIJO|FIJO|200091328|0|0|1.0
760,SET FIJO|FIJO|200082481|1|0|1.0|SET FIJO|FIJO|200082481|1|0|1.0|SET FIJO|FIJO|200082481|1|0|1.0|SET FIJO|FIJO|200082481|1|0|1.0|SET FIJO|FIJO|200082481|1|0|1.0|SET FIJO|FIJO|200082481|1|0|1.0|SET FIJO|FIJO|200113419|0|0|1.0|SET FIJO|FIJO|200113419|0|0|1.0|SET FIJO|FIJO|200113419|0|0|1.0|SET FIJO|FIJO|200113419|0|0|1.0|SET FIJO|FIJO|200076632|0|0|1.0|SET FIJO|FIJO|200076632|0|0|1.0|SET FIJO|FIJO|200076632|0|0|1.0|SET FIJO|FIJO|200076632|0|0|1.0|SET FIJO|FIJO|200076632|0|0|1.0|SET FIJO|FIJO|200076632|0|0|1.0|SET FIJO|FIJO|200076632|0|0|1.0|SET FIJO|FIJO|200082481|1|0|1.0|SET FIJO|FIJO|200082481|1|0|1.0|SET FIJO|FIJO|200082481|1|0|1.0|SET FIJO|FIJO|200082481|1|0|1.0|SET FIJO|FIJO|200113419|0|0|1.0|SET FIJO|FIJO|200113419|0|0|1.0|SET FIJO|FIJO|200113419|0|0|1.0|SET FIJO|FIJO|200113419|0|0|1.0|SET FIJO|FIJO|200113419|0|0|1.0|SET FIJO|FIJO|200113419|0|0|1.0|SET FIJO|FIJO|200113419|0|0|1.0|SET FIJO|FIJO|200076632|0|0|1.0|SET FIJO|FIJO|200113419|0|0|1.0|SET FIJO|FIJO|200113419|0|0|1.0|SET FIJO|FIJO|200076632|0|0|1.0|SET FIJO|FIJO|200076632|0|0|1.0|SET FIJO|FIJO|200076632|0|0|1.0|SET FIJO|FIJO|200082481|1|0|1.0|SET FIJO|FIJO|200082481|1|0|1.0|SET FIJO|FIJO|200082481|1|0|1.0|SET FIJO|FIJO|200082481|1|0|1.0|SET FIJO|FIJO|200076632|0|0|1.0
761,SET FIJO|FIJO|200095903|0|0|1.0|SET FIJO|FIJO|200095903|0|0|1.0|SET FIJO|FIJO|200095903|0|0|1.0|SET FIJO|FIJO|200095864|1|0|1.0|SET FIJO|FIJO|200042737|0|0|1.0|SET FIJO|FIJO|200042737|0|0|1.0|SET FIJO|FIJO|200042737|0|0|1.0|SET FIJO|FIJO|200042737|0|0|1.0|SET FIJO|FIJO|200042737|0|0|1.0|SET FIJO|FIJO|200042737|0|0|1.0|SET FIJO|FIJO|200042737|0|0|1.0|SET FIJO|FIJO|200042737|0|0|1.0|SET FIJO|FIJO|200042737|0|0|1.0|SET FIJO|FIJO|200095864|1|0|1.0|SET FIJO|FIJO|200095864|1|0|1.0|SET FIJO|FIJO|200095864|1|0|1.0|SET FIJO|FIJO|200095864|1|0|1.0|SET FIJO|FIJO|200095864|1|0|1.0|SET FIJO|FIJO|200095864|1|0|1.0|SET FIJO|FIJO|200042737|0|0|1.0|SET FIJO|FIJO|200095903|0|0|1.0|SET FIJO|FIJO|200095864|1|0|1.0|SET FIJO|FIJO|200095864|1|0|1.0|SET FIJO|FIJO|200095864|1|0|1.0|SET FIJO|FIJO|200095864|1|0|1.0|SET FIJO|FIJO|200095864|1|0|1.0|SET FIJO|FIJO|200113553|0|0|1.0|SET FIJO|FIJO|200113553|0|0|1.0|SET FIJO|FIJO|200095903|0|0|1.0|SET FIJO|FIJO|200042737|0|0|1.0|SET FIJO|FIJO|200042737|0|0|1.0|SET FIJO|FIJO|200095903|0|0|1.0|SET FIJO|FIJO|200095864|1|0|1.0|SET FIJO|FIJO|200095903|0|0|1.0|SET FIJO|FIJO|200095903|0|0|1.0|SET FIJO|FIJO|200095903|0|0|1.0|SET FIJO|FIJO|200113553|0|0|1.0|SET FIJO|FIJO|200113553|0|0|1.0|SET FIJO|FIJO|200113553|0|0|1.0|SET FIJO|FIJO|200113553|0|0|1.0|SET FIJO|FIJO|200113553|0|0|1.0|SET FIJO|FIJO|200113553|0|0|1.0|SET FIJO|FIJO|200113553|0|0|1.0|SET FIJO|FIJO|200113553|0|0|1.0|SET FIJO|FIJO|200113553|0|0|1.0|SET FIJO|FIJO|200095903|0|0|1.0|SET FIJO|FIJO|200095903|0|0|1.0|SET FIJO|FIJO|200095864|1|0|1.0|SET FIJO|FIJO|200095903|0|0|1.0
762,SET FIJO|FIJO|200111145|1|0|1.0|SET FIJO|FIJO|200111145|1|0|1.0|SET FIJO|FIJO|200111145|1|0|1.0|SET FIJO|FIJO|200111145|1|0|1.0|SET FIJO|FIJO|200111145|1|0|1.0|SET FIJO|FIJO|200111145|1|0|1.0|SET FIJO|FIJO|200116347|0|0|1.0|SET FIJO|FIJO|200116347|0|0|1.0|SET FIJO|FIJO|200116347|0|0|1.0|SET FIJO|FIJO|200116347|0|0|1.0|SET FIJO|FIJO|200116347|0|0|1.0|SET FIJO|FIJO|200116347|0|0|1.0|SET FIJO|FIJO|200116347|0|0|1.0|SET FIJO|FIJO|200116347|0|0|1.0|SET FIJO|FIJO|200116347|0|0|1.0|SET FIJO|FIJO|200116347|0|0|1.0|SET FIJO|FIJO|200111145|1|0|1.0|SET FIJO|FIJO|200111145|1|0|1.0|SET FIJO|FIJO|200111145|1|0|1.0|SET FIJO|FIJO|200111145|1|0|1.0|SET FIJO|FIJO|200111145|1|0|1.0
763,SET FIJO|FIJO|P0210060001|0|0|1.0|SET FIJO|FIJO|P0210060001|0|0|1.0|SET FIJO|FIJO|P0210060001|0|0|1.0|SET FIJO|FIJO|P0210060001|0|0|1.0|SET FIJO|FIJO|P0210060001|0|0|1.0|SET FIJO|FIJO|P0210060001|0|0|1.0|SET FIJO|FIJO|P0292082007|1|0|1.0|SET FIJO|FIJO|P0210060001|0|0|1.0|SET FIJO|FIJO|P0292082007|1|0|1.0|SET FIJO|FIJO|P0292082007|1|0|1.0|SET FIJO|FIJO|P0210060001|0|0|1.0|SET FIJO|FIJO|P0210060001|0|0|1.0|SET FIJO|FIJO|P0210060001|0|0|1.0|SET FIJO|FIJO|P0292082007|1|0|1.0|SET FIJO|FIJO|P0292082007|1|0|1.0|SET FIJO|FIJO|P0292082007|1|0|1.0|SET FIJO|FIJO|P0292082007|1|0|1.0|SET FIJO|FIJO|P0292082007|1|0|1.0|SET FIJO|FIJO|P0292082007|1|0|1.0|SET FIJO|FIJO|P0292082007|1|0|1.0|SET FIJO|FIJO|P0292082007|1|0|1.0
764,SET FIJO|FIJO|200041010|1|0|1.0|SET FIJO|FIJO|200041010|1|0|1.0|SET FIJO|FIJO|200041010|1|0|1.0|SET FIJO|FIJO|200041010|1|0|1.0|SET FIJO|FIJO|200037125|0|0|1.0|SET FIJO|FIJO|200037125|0|0|1.0|SET FIJO|FIJO|200037125|0|0|1.0|SET FIJO|FIJO|200037125|0|0|1.0|SET FIJO|FIJO|200037125|0|0|1.0|SET FIJO|FIJO|200041010|1|0|1.0
765,SET FIJO|FIJO|200116558|0|0|1.0|SET FIJO|FIJO|200116558|0|0|1.0|SET FIJO|FIJO|200116558|0|0|1.0|SET FIJO|FIJO|200116558|0|0|1.0|SET FIJO|FIJO|200116558|0|0|1.0|SET FIJO|FIJO|200116558|0|0|1.0|SET FIJO|FIJO|200116558|0|0|1.0|SET FIJO|FIJO|200116555|1|0|1.0|SET FIJO|FIJO|200116555|1|0|1.0|SET FIJO|FIJO|200116555|1|0|1.0|SET FIJO|FIJO|200116555|1|0|1.0|SET FIJO|FIJO|200116558|0|0|1.0|SET FIJO|FIJO|200116558|0|0|1.0|SET FIJO|FIJO|200116558|0|0|1.0|SET FIJO|FIJO|200116555|1|0|1.0|SET FIJO|FIJO|200116555|1|0|1.0|SET FIJO|FIJO|200116555|1|0|1.0|SET FIJO|FIJO|200116555|1|0|1.0|SET FIJO|FIJO|200116555|1|0|1.0|SET FIJO|FIJO|200116555|1|0|1.0|SET FIJO|FIJO|200116555|1|0|1.0|SET FIJO|FIJO|200116555|1|0|1.0|SET FIJO|FIJO|200116555|1|0|1.0|SET FIJO|FIJO|200116558|0|0|1.0|SET FIJO|FIJO|200116558|0|0|1.0|SET FIJO|FIJO|200116558|0|0|1.0
766,SET FIJO|FIJO|200050979|1|0|1.0|SET FIJO|FIJO|200050979|1|0|1.0|SET FIJO|FIJO|200050981|0|0|1.0|SET FIJO|FIJO|200050981|0|0|1.0|SET FIJO|FIJO|200050981|0|0|1.0|SET FIJO|FIJO|200050981|0|0|1.0|SET FIJO|FIJO|200050979|1|0|1.0|SET FIJO|FIJO|200050979|1|0|1.0|SET FIJO|FIJO|200050979|1|0|1.0|SET FIJO|FIJO|200050979|1|0|1.0|SET FIJO|FIJO|200050979|1|0|1.0|SET FIJO|FIJO|200050979|1|0|1.0|SET FIJO|FIJO|200050979|1|0|1.0|SET FIJO|FIJO|200050981|0|0|1.0|SET FIJO|FIJO|200050979|1|0|1.0|SET FIJO|FIJO|200050979|1|0|1.0|SET FIJO|FIJO|200050979|1|0|1.0|SET FIJO|FIJO|200050979|1|0|1.0|SET FIJO|FIJO|200050981|0|0|1.0|SET FIJO|FIJO|200050981|0|0|1.0|SET FIJO|FIJO|200050981|0|0|1.0|SET FIJO|FIJO|200050981|0|0|1.0|SET FIJO|FIJO|200050981|0|0|1.0|SET FIJO|FIJO|200050981|0|0|1.0|SET FIJO|FIJO|200050981|0|0|1.0|SET FIJO|FIJO|200050981|0|0|1.0|SET FIJO|FIJO|200050979|1|0|1.0
767,SET FIJO|FIJO|200059602|1|0|1.0|SET FIJO|FIJO|200059602|1|0|1.0|SET FIJO|FIJO|200059602|1|0|1.0|SET FIJO|FIJO|200059602|1|0|1.0|SET FIJO|FIJO|200059602|1|0|1.0|SET FIJO|FIJO|200059602|1|0|1.0|SET FIJO|FIJO|210097810|0|0|1.0|SET FIJO|FIJO|210097810|0|0|1.0|SET FIJO|FIJO|210097810|0|0|1.0|SET FIJO|FIJO|210097810|0|0|1.0|SET FIJO|FIJO|200059602|1|0|1.0|SET FIJO|FIJO|200059602|1|0|1.0|SET FIJO|FIJO|200059602|1|0|1.0|SET FIJO|FIJO|200059602|1|0|1.0|SET FIJO|FIJO|200059602|1|0|1.0|SET FIJO|FIJO|210097810|0|0|1.0|SET FIJO|FIJO|210097810|0|0|1.0|SET FIJO|FIJO|210097810|0|0|1.0|SET FIJO|FIJO|210097810|0|0|1.0|SET FIJO|FIJO|210097810|0|0|1.0|SET FIJO|FIJO|210097810|0|0|1.0|SET FIJO|FIJO|210097810|0|0|1.0|SET FIJO|FIJO|210097810|0|0|1.0|SET FIJO|FIJO|210097810|0|0|1.0|SET FIJO|FIJO|200059602|1|0|1.0|SET FIJO|FIJO|200059602|1|0|1.0
768,SET FIJO|FIJO|200073521|1|0|1.0|SET FIJO|FIJO|200073521|1|0|1.0|SET FIJO|FIJO|200073521|1|0|1.0|SET FIJO|FIJO|210097810|0|0|1.0|SET FIJO|FIJO|210097810|0|0|1.0|SET FIJO|FIJO|210097810|0|0|1.0|SET FIJO|FIJO|210097810|0|0|1.0|SET FIJO|FIJO|200073521|1|0|1.0|SET FIJO|FIJO|200073521|1|0|1.0|SET FIJO|FIJO|200073521|1|0|1.0|SET FIJO|FIJO|200073521|1|0|1.0|SET FIJO|FIJO|200073521|1|0|1.0|SET FIJO|FIJO|210097810|0|0|1.0|SET FIJO|FIJO|210097810|0|0|1.0|SET FIJO|FIJO|210097810|0|0|1.0|SET FIJO|FIJO|210097810|0|0|1.0|SET FIJO|FIJO|210097810|0|0|1.0|SET FIJO|FIJO|210097810|0|0|1.0|SET FIJO|FIJO|210097810|0|0|1.0|SET FIJO|FIJO|210097810|0|0|1.0|SET FIJO|FIJO|210097810|0|0|1.0|SET FIJO|FIJO|200073521|1|0|1.0|SET FIJO|FIJO|200073521|1|0|1.0|SET FIJO|FIJO|200073521|1|0|1.0|SET FIJO|FIJO|200073521|1|0|1.0
769,SET FIJO|FIJO|200082170|1|0|1.0|SET FIJO|FIJO|200090313|0|0|1.0|SET FIJO|FIJO|200082170|1|0|1.0|SET FIJO|FIJO|200082170|1|0|1.0|SET FIJO|FIJO|200090313|0|0|1.0|SET FIJO|FIJO|200082170|1|0|1.0|SET FIJO|FIJO|200090313|0|0|1.0|SET FIJO|FIJO|200082170|1|0|1.0|SET FIJO|FIJO|200090313|0|0|1.0|SET FIJO|FIJO|200090313|0|0|1.0|SET FIJO|FIJO|200090313|0|0|1.0|SET FIJO|FIJO|200090313|0|0|1.0|SET FIJO|FIJO|200090313|0|0|1.0|SET FIJO|FIJO|200090313|0|0|1.0|SET FIJO|FIJO|200090313|0|0|1.0|SET FIJO|FIJO|200082170|1|0|1.0|SET FIJO|FIJO|200082170|1|0|1.0|SET FIJO|FIJO|200082170|1|0|1.0|SET FIJO|FIJO|200090313|0|0|1.0|SET FIJO|FIJO|200090313|0|0|1.0|SET FIJO|FIJO|200082170|1|0|1.0|SET FIJO|FIJO|200082170|1|0|1.0|SET FIJO|FIJO|200090313|0|0|1.0|SET FIJO|FIJO|200082170|1|0|1.0|SET FIJO|FIJO|200082170|1|0|1.0|SET FIJO|FIJO|200082170|1|0|1.0|SET FIJO|FIJO|200082170|1|0|1.0
770,SET FIJO|FIJO|200080229|0|0|1.0|SET FIJO|FIJO|200080229|0|0|1.0|SET FIJO|FIJO|200080229|0|0|1.0|SET FIJO|FIJO|200080229|0|0|1.0|SET FIJO|FIJO|200080229|0|0|1.0|SET FIJO|FIJO|200080229|0|0|1.0|SET FIJO|FIJO|200080229|0|0|1.0|SET FIJO|FIJO|200080229|0|0|1.0|SET FIJO|FIJO|200080229|0|0|1.0|SET FIJO|FIJO|200080229|0|0|1.0|SET FIJO|FIJO|200080229|0|0|1.0|SET FIJO|FIJO|200080229|0|0|1.0|SET FIJO|FIJO|200080229|0|0|1.0|SET FIJO|FIJO|200083596|1|0|1.0|SET FIJO|FIJO|200083596|1|0|1.0|SET FIJO|FIJO|200083596|1|0|1.0|SET FIJO|FIJO|200083596|1|0|1.0|SET FIJO|FIJO|200083596|1|0|1.0|SET FIJO|FIJO|200083596|1|0|1.0|SET FIJO|FIJO|200083596|1|0|1.0|SET FIJO|FIJO|200083596|1|0|1.0|SET FIJO|FIJO|200083596|1|0|1.0|SET FIJO|FIJO|200083596|1|0|1.0|SET FIJO|FIJO|200083596|1|0|1.0
771,SET FIJO|FIJO|200114784|0|0|1.0|SET FIJO|FIJO|200114784|0|0|1.0|SET FIJO|FIJO|200114784|0|0|1.0|SET FIJO|FIJO|200114784|0|0|1.0|SET FIJO|FIJO|200114784|0|0|1.0|SET FIJO|FIJO|200114784|0|0|1.0|SET FIJO|FIJO|200114784|0|0|1.0|SET FIJO|FIJO|200114784|0|0|1.0|SET FIJO|FIJO|200114784|0|0|1.0|SET FIJO|FIJO|200111416|1|0|1.0|SET FIJO|FIJO|200111416|1|0|1.0|SET FIJO|FIJO|200111416|1|0|1.0|SET FIJO|FIJO|200111416|1|0|1.0|SET FIJO|FIJO|200111416|1|0|1.0|SET FIJO|FIJO|200111416|1|0|1.0|SET FIJO|FIJO|200114784|0|0|1.0|SET FIJO|FIJO|200114784|0|0|1.0|SET FIJO|FIJO|200114784|0|0|1.0|SET FIJO|FIJO|200111416|1|0|1.0|SET FIJO|FIJO|200111416|1|0|1.0|SET FIJO|FIJO|200111416|1|0|1.0|SET FIJO|FIJO|200111416|1|0|1.0|SET FIJO|FIJO|200111416|1|0|1.0|SET FIJO|FIJO|200111416|1|0|1.0
772,SET FIJO|FIJO|200111162|1|0|1.0|SET FIJO|FIJO|200111162|1|0|1.0|SET FIJO|FIJO|200111162|1|0|1.0|SET FIJO|FIJO|200067292|0|0|1.0|SET FIJO|FIJO|200111162|1|0|1.0|SET FIJO|FIJO|200111162|1|0|1.0|SET FIJO|FIJO|200111162|1|0|1.0|SET FIJO|FIJO|200111162|1|0|1.0|SET FIJO|FIJO|200111162|1|0|1.0|SET FIJO|FIJO|200111162|1|0|1.0|SET FIJO|FIJO|200067292|0|0|1.0|SET FIJO|FIJO|200067292|0|0|1.0|SET FIJO|FIJO|200067292|0|0|1.0|SET FIJO|FIJO|200111162|1|0|1.0|SET FIJO|FIJO|200111162|1|0|1.0|SET FIJO|FIJO|200111162|1|0|1.0|SET FIJO|FIJO|200067292|0|0|1.0|SET FIJO|FIJO|200067292|0|0|1.0|SET FIJO|FIJO|200067292|0|0|1.0|SET FIJO|FIJO|200067292|0|0|1.0|SET FIJO|FIJO|200067292|0|0|1.0|SET FIJO|FIJO|200067292|0|0|1.0|SET FIJO|FIJO|200067292|0|0|1.0
773,SET FIJO|FIJO|200051360|0|0|1.0|SET FIJO|FIJO|200051355|0|0|1.0|SET FIJO|FIJO|200051360|0|0|1.0|SET FIJO|FIJO|200051360|0|0|1.0|SET FIJO|FIJO|200051355|0|0|1.0|SET FIJO|FIJO|200012014|1|0|1.0|SET FIJO|FIJO|200012014|1|0|1.0|SET FIJO|FIJO|200012014|1|0|1.0|SET FIJO|FIJO|200012014|1|0|1.0|SET FIJO|FIJO|200012014|1|0|1.0|SET FIJO|FIJO|200012014|1|0|1.0|SET FIJO|FIJO|200051360|0|0|1.0|SET FIJO|FIJO|200051355|0|0|1.0|SET FIJO|FIJO|200051360|0|0|1.0|SET FIJO|FIJO|200012014|1|0|1.0|SET FIJO|FIJO|200012014|1|0|1.0|SET FIJO|FIJO|200012014|1|0|1.0|SET FIJO|FIJO|200051360|0|0|1.0|SET FIJO|FIJO|200012014|1|0|1.0|SET FIJO|FIJO|200012014|1|0|1.0|SET FIJO|FIJO|200051355|0|0|1.0|SET FIJO|FIJO|200051360|0|0|1.0|SET FIJO|FIJO|200051360|0|0|1.0|SET FIJO|FIJO|200051355|0|0|1.0|SET FIJO|FIJO|200051355|0|0|1.0|SET FIJO|FIJO|200051355|0|0|1.0|SET FIJO|FIJO|200051360|0|0|1.0
774,SET FIJO|FIJO|200056740|1|0|1.0|SET FIJO|FIJO|210047499|0|0|1.0|SET FIJO|FIJO|210047499|0|0|1.0|SET FIJO|FIJO|210047499|0|0|1.0|SET FIJO|FIJO|200056740|1|0|1.0|SET FIJO|FIJO|200056740|1|0|1.0|SET FIJO|FIJO|200056740|1|0|1.0|SET FIJO|FIJO|200056740|1|0|1.0|SET FIJO|FIJO|200056740|1|0|1.0|SET FIJO|FIJO|210047499|0|0|1.0|SET FIJO|FIJO|200056740|1|0|1.0|SET FIJO|FIJO|200056740|1|0|1.0|SET FIJO|FIJO|200056740|1|0|1.0|SET FIJO|FIJO|210047499|0|0|1.0|SET FIJO|FIJO|210047499|0|0|1.0|SET FIJO|FIJO|210047499|0|0|1.0|SET FIJO|FIJO|210047499|0|0|1.0|SET FIJO|FIJO|200056740|1|0|1.0|SET FIJO|FIJO|210047499|0|0|1.0|SET FIJO|FIJO|210047499|0|0|1.0|SET FIJO|FIJO|210047499|0|0|1.0|SET FIJO|FIJO|200056740|1|0|1.0|SET FIJO|FIJO|200056740|1|0|1.0|SET FIJO|FIJO|210047499|0|0|1.0
775,SET FIJO|FIJO|200050979|0|0|1.0|SET FIJO|FIJO|200050979|0|0|1.0|SET FIJO|FIJO|200050981|0|0|1.0|SET FIJO|FIJO|200050981|0|0|1.0|SET FIJO|FIJO|200050979|0|0|1.0|SET FIJO|FIJO|200050979|0|0|1.0|SET FIJO|FIJO|200050979|0|0|1.0|SET FIJO|FIJO|200050979|0|0|1.0|SET FIJO|FIJO|200050979|0|0|1.0|SET FIJO|FIJO|200115817|1|0|1.0|SET FIJO|FIJO|200050979|0|0|1.0|SET FIJO|FIJO|200050979|0|0|1.0|SET FIJO|FIJO|200050979|0|0|1.0|SET FIJO|FIJO|200115817|1|0|1.0|SET FIJO|FIJO|200115817|1|0|1.0|SET FIJO|FIJO|200050981|0|0|1.0|SET FIJO|FIJO|200050981|0|0|1.0|SET FIJO|FIJO|200115817|1|0|1.0|SET FIJO|FIJO|200115817|1|0|1.0|SET FIJO|FIJO|200115817|1|0|1.0|SET FIJO|FIJO|200115817|1|0|1.0|SET FIJO|FIJO|200115817|1|0|1.0|SET FIJO|FIJO|200115817|1|0|1.0|SET FIJO|FIJO|200115817|1|0|1.0|SET FIJO|FIJO|200115817|1|0|1.0|SET FIJO|FIJO|200050981|0|0|1.0|SET FIJO|FIJO|200050981|0|0|1.0|SET FIJO|FIJO|200050981|0|0|1.0|SET FIJO|FIJO|200050981|0|0|1.0|SET FIJO|FIJO|200050981|0|0|1.0|SET FIJO|FIJO|200050981|0|0|1.0|SET FIJO|FIJO|200050981|0|0|1.0|SET FIJO|FIJO|200050981|0|0|1.0|SET FIJO|FIJO|200050979|0|0|1.0|SET FIJO|FIJO|200050979|0|0|1.0|SET FIJO|FIJO|200050979|0|0|1.0|SET FIJO|FIJO|200115817|1|0|1.0|SET FIJO|FIJO|200115817|1|0|1.0|SET FIJO|FIJO|200050979|0|0|1.0
776,SET FIJO|FIJO|200113781|0|0|1.0|SET FIJO|FIJO|200113781|0|0|1.0|SET FIJO|FIJO|200113781|0|0|1.0|SET FIJO|FIJO|200113781|0|0|1.0|SET FIJO|FIJO|200113372|1|0|1.0|SET FIJO|FIJO|200113781|0|0|1.0|SET FIJO|FIJO|200113781|0|0|1.0|SET FIJO|FIJO|200113372|1|0|1.0|SET FIJO|FIJO|200113372|1|0|1.0|SET FIJO|FIJO|200113372|1|0|1.0|SET FIJO|FIJO|200113372|1|0|1.0|SET FIJO|FIJO|200113372|1|0|1.0|SET FIJO|FIJO|200113372|1|0|1.0|SET FIJO|FIJO|200113781|0|0|1.0|SET FIJO|FIJO|200113781|0|0|1.0|SET FIJO|FIJO|P0261088003|0|0|1.0|SET FIJO|FIJO|P0261088003|0|0|1.0|SET FIJO|FIJO|200113372|1|0|1.0|SET FIJO|FIJO|200113372|1|0|1.0|SET FIJO|FIJO|200113372|1|0|1.0|SET FIJO|FIJO|200113372|1|0|1.0|SET FIJO|FIJO|P0261088003|0|0|1.0|SET FIJO|FIJO|P0261088003|0|0|1.0|SET FIJO|FIJO|P0261088003|0|0|1.0|SET FIJO|FIJO|P0261088003|0|0|1.0|SET FIJO|FIJO|P0261088003|0|0|1.0|SET FIJO|FIJO|P0261088003|0|0|1.0|SET FIJO|FIJO|P0261088003|0|0|1.0|SET FIJO|FIJO|P0261088003|0|0|1.0|SET FIJO|FIJO|P0261088003|0|0|1.0|SET FIJO|FIJO|200113781|0|0|1.0|SET FIJO|FIJO|200113781|0|0|1.0|SET FIJO|FIJO|200113781|0|0|1.0|SET FIJO|FIJO|200113781|0|0|1.0
777,SET FIJO|FIJO|200064310|0|0|1.0|SET FIJO|FIJO|200064310|0|0|1.0|SET FIJO|FIJO|200064310|0|0|1.0|SET FIJO|FIJO|200064310|0|0|1.0|SET FIJO|FIJO|200061196|1|0|1.0|SET FIJO|FIJO|200061196|1|0|1.0|SET FIJO|FIJO|200061196|1|0|1.0|SET FIJO|FIJO|200061196|1|0|1.0|SET FIJO|FIJO|200061196|1|0|1.0|SET FIJO|FIJO|200061196|1|0|1.0|SET FIJO|FIJO|200061196|1|0|1.0|SET FIJO|FIJO|200061196|1|0|1.0|SET FIJO|FIJO|200064310|0|0|1.0|SET FIJO|FIJO|200061196|1|0|1.0|SET FIJO|FIJO|200064310|0|0|1.0|SET FIJO|FIJO|200064310|0|0|1.0|SET FIJO|FIJO|200061196|1|0|1.0|SET FIJO|FIJO|200064310|0|0|1.0|SET FIJO|FIJO|200064310|0|0|1.0|SET FIJO|FIJO|200064310|0|0|1.0|SET FIJO|FIJO|200064310|0|0|1.0|SET FIJO|FIJO|200064310|0|0|1.0|SET FIJO|FIJO|200064310|0|0|1.0
778,SET FIJO|FIJO|P0210085000|0|0|1.0|SET FIJO|FIJO|P0210085000|0|0|1.0|SET FIJO|FIJO|P0210085000|0|0|1.0|SET FIJO|FIJO|P0210085000|0|0|1.0|SET FIJO|FIJO|P0210085000|0|0|1.0|SET FIJO|FIJO|P0210085000|0|0|1.0|SET FIJO|FIJO|200113548|1|0|1.0|SET FIJO|FIJO|P0210085000|0|0|1.0|SET FIJO|FIJO|P0210085000|0|0|1.0|SET FIJO|FIJO|P0210085000|0|0|1.0|SET FIJO|FIJO|200113548|1|0|1.0|SET FIJO|FIJO|200113548|1|0|1.0|SET FIJO|FIJO|200113548|1|0|1.0|SET FIJO|FIJO|200113548|1|0|1.0|SET FIJO|FIJO|200113548|1|0|1.0|SET FIJO|FIJO|200113548|1|0|1.0|SET FIJO|FIJO|200113548|1|0|1.0|SET FIJO|FIJO|200113548|1|0|1.0|SET FIJO|FIJO|200113548|1|0|1.0|SET FIJO|FIJO|200113548|1|0|1.0|SET FIJO|FIJO|P0210085000|0|0|1.0|SET FIJO|FIJO|P0210085000|0|0|1.0
779,SET FIJO|FIJO|200080229|1|0|1.0|SET FIJO|FIJO|200080229|1|0|1.0|SET FIJO|FIJO|200080229|1|0|1.0|SET FIJO|FIJO|P0292082007|0|0|1.0|SET FIJO|FIJO|200051086|0|0|1.0|SET FIJO|FIJO|200051086|0|0|1.0|SET FIJO|FIJO|200051086|0|0|1.0|SET FIJO|FIJO|200051086|0|0|1.0|SET FIJO|FIJO|200051086|0|0|1.0|SET FIJO|FIJO|200051086|0|0|1.0|SET FIJO|FIJO|200051086|0|0|1.0|SET FIJO|FIJO|200051086|0|0|1.0|SET FIJO|FIJO|200051086|0|0|1.0|SET FIJO|FIJO|200051086|0|0|1.0|SET FIJO|FIJO|200051086|0|0|1.0|SET FIJO|FIJO|200051086|0|0|1.0|SET FIJO|FIJO|200051086|0|0|1.0|SET FIJO|FIJO|200080229|1|0|1.0|SET FIJO|FIJO|200080229|1|0|1.0|SET FIJO|FIJO|P0292082007|0|0|1.0|SET FIJO|FIJO|P0292082007|0|0|1.0|SET FIJO|FIJO|P0292082007|0|0|1.0|SET FIJO|FIJO|P0292082007|0|0|1.0|SET FIJO|FIJO|P0292082007|0|0|1.0|SET FIJO|FIJO|P0292082007|0|0|1.0|SET FIJO|FIJO|P0292082007|0|0|1.0|SET FIJO|FIJO|P0292082007|0|0|1.0|SET FIJO|FIJO|P0292082007|0|0|1.0|SET FIJO|FIJO|200080229|1|0|1.0|SET FIJO|FIJO|200080229|1|0|1.0|SET FIJO|FIJO|200080229|1|0|1.0|SET FIJO|FIJO|200080229|1|0|1.0|SET FIJO|FIJO|200080229|1|0|1.0|SET FIJO|FIJO|200080229|1|0|1.0|SET FIJO|FIJO|200080229|1|0|1.0|SET FIJO|FIJO|200080229|1|0|1.0|SET FIJO|FIJO|200051086|0|0|1.0
780,SET FIJO|FIJO|210097030|0|0|1.0|SET FIJO|FIJO|210097030|0|0|1.0|SET FIJO|FIJO|210097030|0|0|1.0|SET FIJO|FIJO|210097030|0|0|1.0|SET FIJO|FIJO|210097030|0|0|1.0|SET FIJO|FIJO|210097089|1|0|1.0|SET FIJO|FIJO|210097089|1|0|1.0|SET FIJO|FIJO|210097089|1|0|1.0|SET FIJO|FIJO|210097089|1|0|1.0|SET FIJO|FIJO|210097030|0|0|1.0|SET FIJO|FIJO|210097030|0|0|1.0|SET FIJO|FIJO|210097089|1|0|1.0|SET FIJO|FIJO|210097030|0|0|1.0|SET FIJO|FIJO|210097030|0|0|1.0|SET FIJO|FIJO|210097089|1|0|1.0|SET FIJO|FIJO|210097089|1|0|1.0|SET FIJO|FIJO|210097089|1|0|1.0|SET FIJO|FIJO|210097089|1|0|1.0|SET FIJO|FIJO|210097089|1|0|1.0|SET FIJO|FIJO|210097089|1|0|1.0|SET FIJO|FIJO|210097089|1|0|1.0|SET FIJO|FIJO|210097030|0|0|1.0|SET FIJO|FIJO|210097030|0|0|1.0|SET FIJO|FIJO|210097089|1|0|1.0
781,SET FIJO|FIJO|200109538|1|0|1.0|SET FIJO|FIJO|200109538|1|0|1.0|SET FIJO|FIJO|200109538|1|0|1.0|SET FIJO|FIJO|P0132060000|0|0|1.0|SET FIJO|FIJO|P0132060000|0|0|1.0|SET FIJO|FIJO|P0132060000|0|0|1.0|SET FIJO|FIJO|200109538|1|0|1.0|SET FIJO|FIJO|200109538|1|0|1.0|SET FIJO|FIJO|P0132060000|0|0|1.0|SET FIJO|FIJO|P0132060000|0|0|1.0|SET FIJO|FIJO|200109538|1|0|1.0|SET FIJO|FIJO|P0132060000|0|0|1.0|SET FIJO|FIJO|200109538|1|0|1.0|SET FIJO|FIJO|200109538|1|0|1.0|SET FIJO|FIJO|200109538|1|0|1.0|SET FIJO|FIJO|200109538|1|0|1.0|SET FIJO|FIJO|200109538|1|0|1.0|SET FIJO|FIJO|200109538|1|0|1.0|SET FIJO|FIJO|200109538|1|0|1.0|SET FIJO|FIJO|P0132060000|0|0|1.0|SET FIJO|FIJO|P0132060000|0|0|1.0|SET FIJO|FIJO|P0132060000|0|0|1.0|SET FIJO|FIJO|P0132060000|0|0|1.0|SET FIJO|FIJO|P0132060000|0|0|1.0|SET FIJO|FIJO|P0132060000|0|0|1.0
782,SET FIJO|FIJO|200109443|1|0|1.0|SET FIJO|FIJO|200118307|0|0|1.0|SET FIJO|FIJO|200118307|0|0|1.0|SET FIJO|FIJO|200118307|0|0|1.0|SET FIJO|FIJO|200118307|0|0|1.0|SET FIJO|FIJO|200118307|0|0|1.0|SET FIJO|FIJO|200118307|0|0|1.0|SET FIJO|FIJO|200118307|0|0|1.0|SET FIJO|FIJO|200118307|0|0|1.0|SET FIJO|FIJO|200109443|1|0|1.0|SET FIJO|FIJO|200109443|1|0|1.0|SET FIJO|FIJO|200109443|1|0|1.0|SET FIJO|FIJO|200109443|1|0|1.0|SET FIJO|FIJO|200109443|1|0|1.0|SET FIJO|FIJO|200109443|1|0|1.0|SET FIJO|FIJO|200109443|1|0|1.0|SET FIJO|FIJO|200118307|0|0|1.0|SET FIJO|FIJO|200118307|0|0|1.0|SET FIJO|FIJO|200109443|1|0|1.0|SET FIJO|FIJO|200109443|1|0|1.0|SET FIJO|FIJO|200109443|1|0|1.0
783,SET FIJO|FIJO|200116502|1|0|1.0|SET FIJO|FIJO|200116502|1|0|1.0|SET FIJO|FIJO|200116502|1|0|1.0|SET FIJO|FIJO|200116502|1|0|1.0|SET FIJO|FIJO|200116502|1|0|1.0|SET FIJO|FIJO|200076632|0|0|1.0|SET FIJO|FIJO|200076632|0|0|1.0|SET FIJO|FIJO|200076632|0|0|1.0|SET FIJO|FIJO|200076632|0|0|1.0|SET FIJO|FIJO|200076632|0|0|1.0|SET FIJO|FIJO|200076632|0|0|1.0|SET FIJO|FIJO|200076632|0|0|1.0|SET FIJO|FIJO|200076632|0|0|1.0|SET FIJO|FIJO|200076632|0|0|1.0|SET FIJO|FIJO|200076632|0|0|1.0|SET FIJO|FIJO|200076632|0|0|1.0|SET FIJO|FIJO|200116502|1|0|1.0|SET FIJO|FIJO|200116502|1|0|1.0|SET FIJO|FIJO|200116502|1|0|1.0|SET FIJO|FIJO|200116502|1|0|1.0|SET FIJO|FIJO|200116502|1|0|1.0|SET FIJO|FIJO|200116502|1|0|1.0|SET FIJO|FIJO|200076632|0|0|1.0
784,SET FIJO|FIJO|200056246|1|0|1.0|SET FIJO|FIJO|200046326|0|0|1.0|SET FIJO|FIJO|200056246|1|0|1.0|SET FIJO|FIJO|200046326|0|0|1.0|SET FIJO|FIJO|200056246|1|0|1.0|SET FIJO|FIJO|200056246|1|0|1.0|SET FIJO|FIJO|200056246|1|0|1.0|SET FIJO|FIJO|200056246|1|0|1.0|SET FIJO|FIJO|200056246|1|0|1.0|SET FIJO|FIJO|200046326|0|0|1.0|SET FIJO|FIJO|200056246|1|0|1.0|SET FIJO|FIJO|200056258|0|0|1.0|SET FIJO|FIJO|200056246|1|0|1.0|SET FIJO|FIJO|200056246|1|0|1.0|SET FIJO|FIJO|200046326|0|0|1.0|SET FIJO|FIJO|200056258|0|0|1.0|SET FIJO|FIJO|200046326|0|0|1.0|SET FIJO|FIJO|200046326|0|0|1.0|SET FIJO|FIJO|200056246|1|0|1.0|SET FIJO|FIJO|200056258|0|0|1.0|SET FIJO|FIJO|200056258|0|0|1.0|SET FIJO|FIJO|200056258|0|0|1.0|SET FIJO|FIJO|200056258|0|0|1.0|SET FIJO|FIJO|200056258|0|0|1.0|SET FIJO|FIJO|200056258|0|0|1.0|SET FIJO|FIJO|200056258|0|0|1.0|SET FIJO|FIJO|200056258|0|0|1.0|SET FIJO|FIJO|200046326|0|0|1.0|SET FIJO|FIJO|200056246|1|0|1.0|SET FIJO|FIJO|200046326|0|0|1.0|SET FIJO|FIJO|200046326|0|0|1.0
785,SET FIJO|FIJO|200037734|0|0|1.0|SET FIJO|FIJO|200037734|0|0|1.0|SET FIJO|FIJO|200037734|0|0|1.0|SET FIJO|FIJO|200037734|0|0|1.0|SET FIJO|FIJO|200037093|1|0|1.0|SET FIJO|FIJO|200037734|0|0|1.0|SET FIJO|FIJO|200037093|1|0|1.0|SET FIJO|FIJO|200037093|1|0|1.0|SET FIJO|FIJO|200037093|1|0|1.0|SET FIJO|FIJO|200037093|1|0|1.0
786,SET FIJO|FIJO|200059602|1|0|1.0|SET FIJO|FIJO|200059602|1|0|1.0|SET FIJO|FIJO|200059602|1|0|1.0|SET FIJO|FIJO|200059602|1|0|1.0|SET FIJO|FIJO|200059602|1|0|1.0|SET FIJO|FIJO|200059602|1|0|1.0|SET FIJO|FIJO|200059602|1|0|1.0|SET FIJO|FIJO|200059602|1|0|1.0|SET FIJO|FIJO|200059602|1|0|1.0|SET FIJO|FIJO|200059602|1|0|1.0|SET FIJO|FIJO|200059602|1|0|1.0|SET FIJO|FIJO|200059602|1|0|1.0|SET FIJO|FIJO|200059602|1|0|1.0
787,SET FIJO|FIJO|200082170|1|0|1.0|SET FIJO|FIJO|200090313|0|0|1.0|SET FIJO|FIJO|200082170|1|0|1.0|SET FIJO|FIJO|200116308|0|0|1.0|SET FIJO|FIJO|200082170|1|0|1.0|SET FIJO|FIJO|200104065|0|0|1.0|SET FIJO|FIJO|200104065|0|0|1.0|SET FIJO|FIJO|200090313|0|0|1.0|SET FIJO|FIJO|200082170|1|0|1.0|SET FIJO|FIJO|200104065|0|0|1.0|SET FIJO|FIJO|200090313|0|0|1.0|SET FIJO|FIJO|200116308|0|0|1.0|SET FIJO|FIJO|200116308|0|0|1.0|SET FIJO|FIJO|200116308|0|0|1.0|SET FIJO|FIJO|200116308|0|0|1.0|SET FIJO|FIJO|200082170|1|0|1.0|SET FIJO|FIJO|200090313|0|0|1.0|SET FIJO|FIJO|200090313|0|0|1.0|SET FIJO|FIJO|200090313|0|0|1.0|SET FIJO|FIJO|200090313|0|0|1.0|SET FIJO|FIJO|200090313|0|0|1.0|SET FIJO|FIJO|200090313|0|0|1.0|SET FIJO|FIJO|200090313|0|0|1.0|SET FIJO|FIJO|200104065|0|0|1.0|SET FIJO|FIJO|200104065|0|0|1.0|SET FIJO|FIJO|200082170|1|0|1.0|SET FIJO|FIJO|200082170|1|0|1.0|SET FIJO|FIJO|200082170|1|0|1.0|SET FIJO|FIJO|200104065|0|0|1.0|SET FIJO|FIJO|200104065|0|0|1.0|SET FIJO|FIJO|200104065|0|0|1.0|SET FIJO|FIJO|200104065|0|0|1.0|SET FIJO|FIJO|200090313|0|0|1.0|SET FIJO|FIJO|200090313|0|0|1.0|SET FIJO|FIJO|200082170|1|0|1.0|SET FIJO|FIJO|200082170|1|0|1.0|SET FIJO|FIJO|200104065|0|0|1.0|SET FIJO|FIJO|200116308|0|0|1.0|SET FIJO|FIJO|200116308|0|0|1.0|SET FIJO|FIJO|200116308|0|0|1.0|SET FIJO|FIJO|200116308|0|0|1.0|SET FIJO|FIJO|200116308|0|0|1.0|SET FIJO|FIJO|200090313|0|0|1.0|SET FIJO|FIJO|200082170|1|0|1.0|SET FIJO|FIJO|200082170|1|0|1.0|SET FIJO|FIJO|200104065|0|0|1.0|SET FIJO|FIJO|200116308|0|0|1.0|SET FIJO|FIJO|200116308|0|0|1.0|SET FIJO|FIJO|200116308|0|0|1.0|SET FIJO|FIJO|200104065|0|0|1.0|SET FIJO|FIJO|200082170|1|0|1.0|SET FIJO|FIJO|200104065|0|0|1.0|SET FIJO|FIJO|200082170|1|0|1.0
788,SET FIJO|FIJO|200115817|1|0|1.0|SET FIJO|FIJO|200115817|1|0|1.0|SET FIJO|FIJO|200115817|1|0|1.0|SET FIJO|FIJO|200115817|1|0|1.0|SET FIJO|FIJO|200115817|1|0|1.0|SET FIJO|FIJO|200115817|1|0|1.0|SET FIJO|FIJO|200115817|1|0|1.0|SET FIJO|FIJO|200115817|1|0|1.0|SET FIJO|FIJO|200115817|1|0|1.0|SET FIJO|FIJO|200115817|1|0|1.0|SET FIJO|FIJO|200115817|1|0|1.0|SET FIJO|FIJO|200115817|1|0|1.0|SET FIJO|FIJO|200115817|1|0|1.0
790,VOLUMEN|FIJO|200115817|1|0|1.0|VOLUMEN|FIJO|200115817|1|0|1.0|VOLUMEN|FIJO|200115817|1|0|1.0|VOLUMEN|FIJO|200115817|1|0|1.0|VOLUMEN|FIJO|200115817|1|0|1.0|VOLUMEN|FIJO|200115817|1|0|1.0|VOLUMEN|FIJO|200115817|1|0|1.0|VOLUMEN|FIJO|200115817|1|0|1.0|VOLUMEN|FIJO|200115817|1|0|1.0|VOLUMEN|FIJO|200115817|1|0|1.0|VOLUMEN|FIJO|200115817|1|0|1.0|VOLUMEN|FIJO|200115817|1|0|1.0|VOLUMEN|FIJO|200115817|1|0|1.0
791,VOLUMEN|FIJO|200101369|1|0|1.0|VOLUMEN|FIJO|200101369|1|0|1.0|VOLUMEN|FIJO|200101369|1|0|1.0|VOLUMEN|FIJO|200101369|1|0|1.0|VOLUMEN|FIJO|200101369|1|0|1.0|VOLUMEN|FIJO|200101369|1|0|1.0|VOLUMEN|FIJO|200101369|1|0|1.0|VOLUMEN|FIJO|200101369|1|0|1.0|VOLUMEN|FIJO|200101369|1|0|1.0|VOLUMEN|FIJO|200101369|1|0|1.0|VOLUMEN|FIJO|200101369|1|0|1.0|VOLUMEN|FIJO|200101369|1|0|1.0|VOLUMEN|FIJO|200101369|1|0|1.0
792,VOLUMEN|FIJO|200115817|1|0|3.0|VOLUMEN|FIJO|200115817|1|0|3.0|VOLUMEN|FIJO|200115817|1|0|3.0|VOLUMEN|FIJO|200115817|1|0|3.0|VOLUMEN|FIJO|200115817|1|0|3.0|VOLUMEN|FIJO|200115817|1|0|3.0|VOLUMEN|FIJO|200115817|1|0|3.0|VOLUMEN|FIJO|200115817|1|0|3.0|VOLUMEN|FIJO|200115817|1|0|3.0|VOLUMEN|FIJO|200115817|1|0|3.0|VOLUMEN|FIJO|200115817|1|0|3.0|VOLUMEN|FIJO|200115817|1|0|3.0|VOLUMEN|FIJO|200115817|1|0|3.0
793,VOLUMEN|FIJO|200051249|1|0|1.0|VOLUMEN|FIJO|200051249|1|0|1.0|VOLUMEN|FIJO|200051249|1|0|1.0|VOLUMEN|FIJO|200051249|1|0|1.0|VOLUMEN|FIJO|200115817|1|0|2.0|VOLUMEN|FIJO|200115817|1|0|2.0|VOLUMEN|FIJO|200115817|1|0|2.0|VOLUMEN|FIJO|200051249|1|0|1.0|VOLUMEN|FIJO|200051249|1|0|1.0|VOLUMEN|FIJO|200051249|1|0|1.0|VOLUMEN|FIJO|200115817|1|0|2.0|VOLUMEN|FIJO|200115817|1|0|2.0|VOLUMEN|FIJO|200115817|1|0|2.0|VOLUMEN|FIJO|200115817|1|0|2.0|VOLUMEN|FIJO|200115817|1|0|2.0|VOLUMEN|FIJO|200115817|1|0|2.0|VOLUMEN|FIJO|200115817|1|0|2.0|VOLUMEN|FIJO|200115817|1|0|2.0|VOLUMEN|FIJO|200115817|1|0|2.0|VOLUMEN|FIJO|200115817|1|0|2.0|VOLUMEN|FIJO|200051249|1|0|1.0|VOLUMEN|FIJO|200051249|1|0|1.0|VOLUMEN|FIJO|200051249|1|0|1.0|VOLUMEN|FIJO|200051249|1|0|1.0|VOLUMEN|FIJO|200051249|1|0|1.0|VOLUMEN|FIJO|200051249|1|0|1.0
794,VOLUMEN|FIJO|200101369|1|0|1.0|VOLUMEN|FIJO|200101369|1|0|1.0|VOLUMEN|FIJO|200101369|1|0|1.0|VOLUMEN|FIJO|200101369|1|0|1.0|VOLUMEN|FIJO|200101369|1|0|1.0|VOLUMEN|FIJO|200115817|1|0|4.0|VOLUMEN|FIJO|200101369|1|0|1.0|VOLUMEN|FIJO|200101369|1|0|1.0|VOLUMEN|FIJO|200101369|1|0|1.0|VOLUMEN|FIJO|200115817|1|0|4.0|VOLUMEN|FIJO|200115817|1|0|4.0|VOLUMEN|FIJO|200115817|1|0|4.0|VOLUMEN|FIJO|200115817|1|0|4.0|VOLUMEN|FIJO|200115817|1|0|4.0|VOLUMEN|FIJO|200115817|1|0|4.0|VOLUMEN|FIJO|200115817|1|0|4.0|VOLUMEN|FIJO|200115817|1|0|4.0|VOLUMEN|FIJO|200115817|1|0|4.0|VOLUMEN|FIJO|200115817|1|0|4.0|VOLUMEN|FIJO|200101369|1|0|1.0|VOLUMEN|FIJO|200101369|1|0|1.0|VOLUMEN|FIJO|200101369|1|0|1.0|VOLUMEN|FIJO|200101369|1|0|1.0|VOLUMEN|FIJO|200115817|1|0|4.0|VOLUMEN|FIJO|200101369|1|0|1.0|VOLUMEN|FIJO|200115817|1|0|4.0
795,VOLUMEN|FIJO|200101369|1|0|2.0|VOLUMEN|FIJO|200051249|1|0|1.0|VOLUMEN|FIJO|200101369|1|0|2.0|VOLUMEN|FIJO|200101369|1|0|2.0|VOLUMEN|FIJO|200101369|1|0|2.0|VOLUMEN|FIJO|200051249|1|0|1.0|VOLUMEN|FIJO|200051249|1|0|1.0|VOLUMEN|FIJO|200051249|1|0|1.0|VOLUMEN|FIJO|200101369|1|0|2.0|VOLUMEN|FIJO|200115817|1|0|5.0|VOLUMEN|FIJO|200101369|1|0|2.0|VOLUMEN|FIJO|200101369|1|0|2.0|VOLUMEN|FIJO|200101369|1|0|2.0|VOLUMEN|FIJO|200115817|1|0|5.0|VOLUMEN|FIJO|200115817|1|0|5.0|VOLUMEN|FIJO|200051249|1|0|1.0|VOLUMEN|FIJO|200051249|1|0|1.0|VOLUMEN|FIJO|200051249|1|0|1.0|VOLUMEN|FIJO|200115817|1|0|5.0|VOLUMEN|FIJO|200115817|1|0|5.0|VOLUMEN|FIJO|200115817|1|0|5.0|VOLUMEN|FIJO|200115817|1|0|5.0|VOLUMEN|FIJO|200115817|1|0|5.0|VOLUMEN|FIJO|200115817|1|0|5.0|VOLUMEN|FIJO|200115817|1|0|5.0|VOLUMEN|FIJO|200115817|1|0|5.0|VOLUMEN|FIJO|200101369|1|0|2.0|VOLUMEN|FIJO|200101369|1|0|2.0|VOLUMEN|FIJO|200101369|1|0|2.0|VOLUMEN|FIJO|200101369|1|0|2.0|VOLUMEN|FIJO|200115817|1|0|5.0|VOLUMEN|FIJO|200101369|1|0|2.0|VOLUMEN|FIJO|200115817|1|0|5.0|VOLUMEN|FIJO|200051249|1|0|1.0|VOLUMEN|FIJO|200051249|1|0|1.0|VOLUMEN|FIJO|200051249|1|0|1.0|VOLUMEN|FIJO|200051249|1|0|1.0|VOLUMEN|FIJO|200051249|1|0|1.0|VOLUMEN|FIJO|200051249|1|0|1.0
796,VOLUMEN|FIJO|200010080|1|0|1.0|VOLUMEN|FIJO|200010080|1|0|1.0|VOLUMEN|FIJO|200010080|1|0|1.0|VOLUMEN|FIJO|200010080|1|0|1.0|VOLUMEN|FIJO|200010080|1|0|1.0|VOLUMEN|FIJO|200010080|1|0|1.0|VOLUMEN|FIJO|200010080|1|0|1.0|VOLUMEN|FIJO|200010080|1|0|1.0|VOLUMEN|FIJO|200010080|1|0|1.0|VOLUMEN|FIJO|200010080|1|0|1.0
797,VOLUMEN|FIJO|200010080|1|0|3.0|VOLUMEN|FIJO|200010080|1|0|3.0|VOLUMEN|FIJO|200010080|1|0|3.0|VOLUMEN|FIJO|200010080|1|0|3.0|VOLUMEN|FIJO|200010080|1|0|3.0|VOLUMEN|FIJO|200010080|1|0|3.0|VOLUMEN|FIJO|200010080|1|0|3.0|VOLUMEN|FIJO|200010080|1|0|3.0|VOLUMEN|FIJO|200010080|1|0|3.0|VOLUMEN|FIJO|200010080|1|0|3.0
798,VOLUMEN|FIJO|200111145|1|0|1.0|VOLUMEN|FIJO|200111145|1|0|1.0|VOLUMEN|FIJO|200111145|1|0|1.0|VOLUMEN|FIJO|200111145|1|0|1.0|VOLUMEN|FIJO|200111145|1|0|1.0|VOLUMEN|FIJO|200111145|1|0|1.0|VOLUMEN|FIJO|200010080|1|0|2.0|VOLUMEN|FIJO|200116347|1|0|1.0|VOLUMEN|FIJO|200116347|1|0|1.0|VOLUMEN|FIJO|200116347|1|0|1.0|VOLUMEN|FIJO|200010080|1|0|2.0|VOLUMEN|FIJO|200010080|1|0|2.0|VOLUMEN|FIJO|200116347|1|0|1.0|VOLUMEN|FIJO|200116347|1|0|1.0|VOLUMEN|FIJO|200116347|1|0|1.0|VOLUMEN|FIJO|200116347|1|0|1.0|VOLUMEN|FIJO|200010080|1|0|2.0|VOLUMEN|FIJO|200116347|1|0|1.0|VOLUMEN|FIJO|200116347|1|0|1.0|VOLUMEN|FIJO|200116347|1|0|1.0|VOLUMEN|FIJO|200111145|1|0|1.0|VOLUMEN|FIJO|200111145|1|0|1.0|VOLUMEN|FIJO|200010080|1|0|2.0|VOLUMEN|FIJO|200010080|1|0|2.0|VOLUMEN|FIJO|200111145|1|0|1.0|VOLUMEN|FIJO|200010080|1|0|2.0|VOLUMEN|FIJO|200111145|1|0|1.0|VOLUMEN|FIJO|200111145|1|0|1.0|VOLUMEN|FIJO|200010080|1|0|2.0|VOLUMEN|FIJO|200010080|1|0|2.0|VOLUMEN|FIJO|200010080|1|0|2.0
799,VOLUMEN|FIJO|200111145|1|0|1.0|VOLUMEN|FIJO|200111145|1|0|1.0|VOLUMEN|FIJO|200111145|1|0|1.0|VOLUMEN|FIJO|200111145|1|0|1.0|VOLUMEN|FIJO|200111145|1|0|1.0|VOLUMEN|FIJO|200111145|1|0|1.0|VOLUMEN|FIJO|200010080|1|0|3.0|VOLUMEN|FIJO|200116347|1|0|1.0|VOLUMEN|FIJO|200116347|1|0|1.0|VOLUMEN|FIJO|200116347|1|0|1.0|VOLUMEN|FIJO|200010080|1|0|3.0|VOLUMEN|FIJO|200010080|1|0|3.0|VOLUMEN|FIJO|200116347|1|0|1.0|VOLUMEN|FIJO|200116347|1|0|1.0|VOLUMEN|FIJO|200116347|1|0|1.0|VOLUMEN|FIJO|200116347|1|0|1.0|VOLUMEN|FIJO|200010080|1|0|3.0|VOLUMEN|FIJO|200116347|1|0|1.0|VOLUMEN|FIJO|200116347|1|0|1.0|VOLUMEN|FIJO|200116347|1|0|1.0|VOLUMEN|FIJO|200111145|1|0|1.0|VOLUMEN|FIJO|200111145|1|0|1.0|VOLUMEN|FIJO|200010080|1|0|3.0|VOLUMEN|FIJO|200010080|1|0|3.0|VOLUMEN|FIJO|200111145|1|0|1.0|VOLUMEN|FIJO|200010080|1|0|3.0|VOLUMEN|FIJO|200111145|1|0|1.0|VOLUMEN|FIJO|200111145|1|0|1.0|VOLUMEN|FIJO|200010080|1|0|3.0|VOLUMEN|FIJO|200010080|1|0|3.0|VOLUMEN|FIJO|200010080|1|0|3.0
800,VOLUMEN|FIJO|200111145|1|0|3.0|VOLUMEN|FIJO|200111145|1|0|3.0|VOLUMEN|FIJO|200111145|1|0|3.0|VOLUMEN|FIJO|200111145|1|0|3.0|VOLUMEN|FIJO|200111145|1|0|3.0|VOLUMEN|FIJO|200111145|1|0|3.0|VOLUMEN|FIJO|200010080|1|0|5.0|VOLUMEN|FIJO|200116347|1|0|3.0|VOLUMEN|FIJO|200116347|1|0|3.0|VOLUMEN|FIJO|200116347|1|0|3.0|VOLUMEN|FIJO|200010080|1|0|5.0|VOLUMEN|FIJO|200010080|1|0|5.0|VOLUMEN|FIJO|200116347|1|0|3.0|VOLUMEN|FIJO|200116347|1|0|3.0|VOLUMEN|FIJO|200116347|1|0|3.0|VOLUMEN|FIJO|200116347|1|0|3.0|VOLUMEN|FIJO|200010080|1|0|5.0|VOLUMEN|FIJO|200116347|1|0|3.0|VOLUMEN|FIJO|200116347|1|0|3.0|VOLUMEN|FIJO|200116347|1|0|3.0|VOLUMEN|FIJO|200111145|1|0|3.0|VOLUMEN|FIJO|200111145|1|0|3.0|VOLUMEN|FIJO|200010080|1|0|5.0|VOLUMEN|FIJO|200010080|1|0|5.0|VOLUMEN|FIJO|200111145|1|0|3.0|VOLUMEN|FIJO|200010080|1|0|5.0|VOLUMEN|FIJO|200111145|1|0|3.0|VOLUMEN|FIJO|200111145|1|0|3.0|VOLUMEN|FIJO|200010080|1|0|5.0|VOLUMEN|FIJO|200010080|1|0|5.0|VOLUMEN|FIJO|200010080|1|0|5.0
801,VOLUMEN|FIJO|200009812|1|0|1.0|VOLUMEN|FIJO|200009812|1|0|1.0
802,VOLUMEN|FIJO|200009812|1|0|3.0|VOLUMEN|FIJO|200009812|1|0|3.0|VOLUMEN|FIJO|200117167|1|0|1.0|VOLUMEN|FIJO|200119017|1|0|1.0|VOLUMEN|FIJO|200119017|1|0|1.0|VOLUMEN|FIJO|200119017|1|0|1.0|VOLUMEN|FIJO|200117167|1|0|1.0|VOLUMEN|FIJO|200117167|1|0|1.0|VOLUMEN|FIJO|200117167|1|0|1.0|VOLUMEN|FIJO|200117167|1|0|1.0|VOLUMEN|FIJO|200117167|1|0|1.0|VOLUMEN|FIJO|200117167|1|0|1.0|VOLUMEN|FIJO|200117167|1|0|1.0|VOLUMEN|FIJO|200119017|1|0|1.0|VOLUMEN|FIJO|200119017|1|0|1.0|VOLUMEN|FIJO|200119017|1|0|1.0|VOLUMEN|FIJO|200119017|1|0|1.0|VOLUMEN|FIJO|200119017|1|0|1.0|VOLUMEN|FIJO|200119017|1|0|1.0|VOLUMEN|FIJO|200119017|1|0|1.0|VOLUMEN|FIJO|200119017|1|0|1.0|VOLUMEN|FIJO|200117167|1|0|1.0|VOLUMEN|FIJO|200117167|1|0|1.0|VOLUMEN|FIJO|200117167|1|0|1.0
803,VOLUMEN|FIJO|200056246|1|0|1.0|VOLUMEN|FIJO|200056246|1|0|1.0|VOLUMEN|FIJO|200056246|1|0|1.0|VOLUMEN|FIJO|200056246|1|0|1.0|VOLUMEN|FIJO|200056246|1|0|1.0|VOLUMEN|FIJO|200056246|1|0|1.0|VOLUMEN|FIJO|200056246|1|0|1.0|VOLUMEN|FIJO|200056246|1|0|1.0|VOLUMEN|FIJO|200056246|1|0|1.0|VOLUMEN|FIJO|200056246|1|0|1.0|VOLUMEN|FIJO|200056246|1|0|1.0|VOLUMEN|FIJO|200056246|1|0|1.0
804,VOLUMEN|FIJO|200056246|1|0|3.0|VOLUMEN|FIJO|200056246|1|0|3.0|VOLUMEN|FIJO|200056246|1|0|3.0|VOLUMEN|FIJO|200056246|1|0|3.0|VOLUMEN|FIJO|200056246|1|0|3.0|VOLUMEN|FIJO|200056246|1|0|3.0|VOLUMEN|FIJO|200056246|1|0|3.0|VOLUMEN|FIJO|200056246|1|0|3.0|VOLUMEN|FIJO|200056246|1|0|3.0|VOLUMEN|FIJO|200056246|1|0|3.0|VOLUMEN|FIJO|200056246|1|0|3.0|VOLUMEN|FIJO|200056246|1|0|3.0
805,VOLUMEN|FIJO|200116502|1|0|1.0|VOLUMEN|FIJO|200116502|1|0|1.0|VOLUMEN|FIJO|200116502|1|0|1.0|VOLUMEN|FIJO|200116502|1|0|1.0|VOLUMEN|FIJO|200116502|1|0|1.0|VOLUMEN|FIJO|200116502|1|0|1.0|VOLUMEN|FIJO|200116502|1|0|1.0|VOLUMEN|FIJO|200116502|1|0|1.0|VOLUMEN|FIJO|200116502|1|0|1.0|VOLUMEN|FIJO|200116502|1|0|1.0|VOLUMEN|FIJO|200116502|1|0|1.0
806,VOLUMEN|FIJO|200116502|1|0|3.0|VOLUMEN|FIJO|200116502|1|0|3.0|VOLUMEN|FIJO|200116502|1|0|3.0|VOLUMEN|FIJO|200116502|1|0|3.0|VOLUMEN|FIJO|200116502|1|0|3.0|VOLUMEN|FIJO|200116502|1|0|3.0|VOLUMEN|FIJO|200116502|1|0|3.0|VOLUMEN|FIJO|200116502|1|0|3.0|VOLUMEN|FIJO|200116502|1|0|3.0|VOLUMEN|FIJO|200116502|1|0|3.0|VOLUMEN|FIJO|200116502|1|0|3.0
807,VOLUMEN|FIJO|200095771|1|0|1.0|VOLUMEN|FIJO|200095771|1|0|1.0|VOLUMEN|FIJO|200095771|1|0|1.0|VOLUMEN|FIJO|200095771|1|0|1.0|VOLUMEN|FIJO|200095771|1|0|1.0|VOLUMEN|FIJO|200095771|1|0|1.0|VOLUMEN|FIJO|200095771|1|0|1.0|VOLUMEN|FIJO|200095771|1|0|1.0
808,VOLUMEN|FIJO|200096703|1|0|1.0|VOLUMEN|FIJO|200096703|1|0|1.0|VOLUMEN|FIJO|200096703|1|0|1.0|VOLUMEN|FIJO|200096703|1|0|1.0|VOLUMEN|FIJO|200096703|1|0|1.0|VOLUMEN|FIJO|200096703|1|0|1.0|VOLUMEN|FIJO|200096703|1|0|1.0|VOLUMEN|FIJO|200096703|1|0|1.0
809,VOLUMEN|FIJO|200095771|1|0|2.0|VOLUMEN|FIJO|200096703|1|0|1.0|VOLUMEN|FIJO|200095771|1|0|2.0|VOLUMEN|FIJO|200096703|1|0|1.0|VOLUMEN|FIJO|200095771|1|0|2.0|VOLUMEN|FIJO|200096703|1|0|1.0|VOLUMEN|FIJO|200095771|1|0|2.0|VOLUMEN|FIJO|200096703|1|0|1.0|VOLUMEN|FIJO|200095771|1|0|2.0|VOLUMEN|FIJO|200096703|1|0|1.0|VOLUMEN|FIJO|200095771|1|0|2.0|VOLUMEN|FIJO|200096703|1|0|1.0|VOLUMEN|FIJO|200095771|1|0|2.0|VOLUMEN|FIJO|200096703|1|0|1.0|VOLUMEN|FIJO|200095771|1|0|2.0|VOLUMEN|FIJO|200096703|1|0|1.0
810,VOLUMEN|FIJO|200095771|1|0|3.0|VOLUMEN|FIJO|200096703|1|0|2.0|VOLUMEN|FIJO|200095771|1|0|3.0|VOLUMEN|FIJO|200096703|1|0|2.0|VOLUMEN|FIJO|200095771|1|0|3.0|VOLUMEN|FIJO|200096703|1|0|2.0|VOLUMEN|FIJO|200095771|1|0|3.0|VOLUMEN|FIJO|200096703|1|0|2.0|VOLUMEN|FIJO|200095771|1|0|3.0|VOLUMEN|FIJO|200096703|1|0|2.0|VOLUMEN|FIJO|200095771|1|0|3.0|VOLUMEN|FIJO|200096703|1|0|2.0|VOLUMEN|FIJO|200095771|1|0|3.0|VOLUMEN|FIJO|200096703|1|0|2.0|VOLUMEN|FIJO|200095771|1|0|3.0|VOLUMEN|FIJO|200096703|1|0|2.0
811,VOLUMEN|FIJO|200095771|1|0|5.0|VOLUMEN|FIJO|200096703|1|0|3.0|VOLUMEN|FIJO|200095771|1|0|5.0|VOLUMEN|FIJO|200096703|1|0|3.0|VOLUMEN|FIJO|200095771|1|0|5.0|VOLUMEN|FIJO|200096703|1|0|3.0|VOLUMEN|FIJO|200095771|1|0|5.0|VOLUMEN|FIJO|200096703|1|0|3.0|VOLUMEN|FIJO|200095771|1|0|5.0|VOLUMEN|FIJO|200096703|1|0|3.0|VOLUMEN|FIJO|200095771|1|0|5.0|VOLUMEN|FIJO|200096703|1|0|3.0|VOLUMEN|FIJO|200095771|1|0|5.0|VOLUMEN|FIJO|200096703|1|0|3.0|VOLUMEN|FIJO|200095771|1|0|5.0|VOLUMEN|FIJO|200096703|1|0|3.0
812,VOLUMEN|FIJO|200037125|1|0|1.0|VOLUMEN|FIJO|200037125|1|0|1.0|VOLUMEN|FIJO|200037125|1|0|1.0|VOLUMEN|FIJO|200037125|1|0|1.0|VOLUMEN|FIJO|200037125|1|0|1.0
813,VOLUMEN|FIJO|200037734|1|0|1.0|VOLUMEN|FIJO|200037734|1|0|1.0|VOLUMEN|FIJO|200037734|1|0|1.0|VOLUMEN|FIJO|200037734|1|0|1.0|VOLUMEN|FIJO|200041010|1|0|1.0|VOLUMEN|FIJO|200037734|1|0|1.0|VOLUMEN|FIJO|200041010|1|0|1.0|VOLUMEN|FIJO|200041010|1|0|1.0|VOLUMEN|FIJO|200041010|1|0|1.0|VOLUMEN|FIJO|200037125|1|0|2.0|VOLUMEN|FIJO|200037125|1|0|2.0|VOLUMEN|FIJO|200037125|1|0|2.0|VOLUMEN|FIJO|200037125|1|0|2.0|VOLUMEN|FIJO|200037125|1|0|2.0|VOLUMEN|FIJO|200041010|1|0|1.0
814,VOLUMEN|FIJO|200056617|1|0|1.0|VOLUMEN|FIJO|200056617|1|0|1.0|VOLUMEN|FIJO|200056617|1|0|1.0|VOLUMEN|FIJO|200056617|1|0|1.0|VOLUMEN|FIJO|200056617|1|0|1.0|VOLUMEN|FIJO|200056617|1|0|1.0|VOLUMEN|FIJO|200056617|1|0|1.0|VOLUMEN|FIJO|200056617|1|0|1.0|VOLUMEN|FIJO|200056617|1|0|1.0|VOLUMEN|FIJO|200056617|1|0|1.0|VOLUMEN|FIJO|200056617|1|0|1.0|VOLUMEN|FIJO|200056617|1|0|1.0
815,VOLUMEN|FIJO|200056617|1|0|3.0|VOLUMEN|FIJO|200056617|1|0|3.0|VOLUMEN|FIJO|200056617|1|0|3.0|VOLUMEN|FIJO|200056617|1|0|3.0|VOLUMEN|FIJO|200056617|1|0|3.0|VOLUMEN|FIJO|200056617|1|0|3.0|VOLUMEN|FIJO|200056617|1|0|3.0|VOLUMEN|FIJO|200056617|1|0|3.0|VOLUMEN|FIJO|200056617|1|0|3.0|VOLUMEN|FIJO|200056617|1|0|3.0|VOLUMEN|FIJO|200056617|1|0|3.0|VOLUMEN|FIJO|200056617|1|0|3.0
816,VOLUMEN|FIJO|200056617|1|0|6.0|VOLUMEN|FIJO|200056617|1|0|6.0|VOLUMEN|FIJO|200056617|1|0|6.0|VOLUMEN|FIJO|200056617|1|0|6.0|VOLUMEN|FIJO|200056617|1|0|6.0|VOLUMEN|FIJO|200056617|1|0|6.0|VOLUMEN|FIJO|200056617|1|0|6.0|VOLUMEN|FIJO|200056617|1|0|6.0|VOLUMEN|FIJO|200056617|1|0|6.0|VOLUMEN|FIJO|200056617|1|0|6.0|VOLUMEN|FIJO|200056617|1|0|6.0|VOLUMEN|FIJO|200056617|1|0|6.0
817,VOLUMEN|FIJO|200063934|1|0|1.0|VOLUMEN|FIJO|200063934|1|0|1.0|VOLUMEN|FIJO|200063934|1|0|1.0|VOLUMEN|FIJO|200063934|1|0|1.0|VOLUMEN|FIJO|200063934|1|0|1.0|VOLUMEN|FIJO|200063934|1|0|1.0|VOLUMEN|FIJO|200063934|1|0|1.0|VOLUMEN|FIJO|200063934|1|0|1.0|VOLUMEN|FIJO|200063934|1|0|1.0
818,VOLUMEN|FIJO|200063934|1|0|3.0|VOLUMEN|FIJO|200063934|1|0|3.0|VOLUMEN|FIJO|200063934|1|0|3.0|VOLUMEN|FIJO|200063934|1|0|3.0|VOLUMEN|FIJO|200063934|1|0|3.0|VOLUMEN|FIJO|200063934|1|0|3.0|VOLUMEN|FIJO|200063934|1|0|3.0|VOLUMEN|FIJO|200063934|1|0|3.0|VOLUMEN|FIJO|200063934|1|0|3.0
819,VOLUMEN|FIJO|200063934|1|0|6.0|VOLUMEN|FIJO|200063934|1|0|6.0|VOLUMEN|FIJO|200063934|1|0|6.0|VOLUMEN|FIJO|200063934|1|0|6.0|VOLUMEN|FIJO|200063934|1|0|6.0|VOLUMEN|FIJO|200063934|1|0|6.0|VOLUMEN|FIJO|200063934|1|0|6.0|VOLUMEN|FIJO|200063934|1|0|6.0|VOLUMEN|FIJO|200063934|1|0|6.0
820,VOLUMEN|FIJO|200056621|1|0|1.0|VOLUMEN|FIJO|200056621|1|0|1.0|VOLUMEN|FIJO|200056621|1|0|1.0|VOLUMEN|FIJO|200056621|1|0|1.0
821,VOLUMEN|FIJO|200056621|1|0|3.0|VOLUMEN|FIJO|200056621|1|0|3.0|VOLUMEN|FIJO|200056621|1|0|3.0|VOLUMEN|FIJO|200056621|1|0|3.0
822,VOLUMEN|FIJO|200056621|1|0|6.0|VOLUMEN|FIJO|200056621|1|0|6.0|VOLUMEN|FIJO|200056621|1|0|6.0|VOLUMEN|FIJO|200056621|1|0|6.0
823,VOLUMEN|FIJO|200045540|1|0|1.0|VOLUMEN|FIJO|200045540|1|0|1.0|VOLUMEN|FIJO|200045540|1|0|1.0|VOLUMEN|FIJO|200045540|1|0|1.0|VOLUMEN|FIJO|200045540|1|0|1.0|VOLUMEN|FIJO|200045540|1|0|1.0
824,VOLUMEN|FIJO|200045540|1|0|3.0|VOLUMEN|FIJO|200045540|1|0|3.0|VOLUMEN|FIJO|200045540|1|0|3.0|VOLUMEN|FIJO|200045540|1|0|3.0|VOLUMEN|FIJO|200045540|1|0|3.0|VOLUMEN|FIJO|200045540|1|0|3.0
825,VOLUMEN|FIJO|200045540|1|0|6.0|VOLUMEN|FIJO|200045540|1|0|6.0|VOLUMEN|FIJO|200045540|1|0|6.0|VOLUMEN|FIJO|200045540|1|0|6.0|VOLUMEN|FIJO|200045540|1|0|6.0|VOLUMEN|FIJO|200045540|1|0|6.0
826,VOLUMEN|FIJO|200014172|1|0|1.0|VOLUMEN|FIJO|200014172|1|0|1.0|VOLUMEN|FIJO|200014172|1|0|1.0|VOLUMEN|FIJO|200014172|1|0|1.0|VOLUMEN|FIJO|200014172|1|0|1.0|VOLUMEN|FIJO|200014172|1|0|1.0|VOLUMEN|FIJO|200014172|1|0|1.0|VOLUMEN|FIJO|200014172|1|0|1.0|VOLUMEN|FIJO|200014172|1|0|1.0|VOLUMEN|FIJO|200014172|1|0|1.0|VOLUMEN|FIJO|200014172|1|0|1.0|VOLUMEN|FIJO|200014172|1|0|1.0
827,VOLUMEN|FIJO|200014172|1|0|3.0|VOLUMEN|FIJO|200014172|1|0|3.0|VOLUMEN|FIJO|200014172|1|0|3.0|VOLUMEN|FIJO|200014172|1|0|3.0|VOLUMEN|FIJO|200014172|1|0|3.0|VOLUMEN|FIJO|200014172|1|0|3.0|VOLUMEN|FIJO|200014172|1|0|3.0|VOLUMEN|FIJO|200014172|1|0|3.0|VOLUMEN|FIJO|200014172|1|0|3.0|VOLUMEN|FIJO|200014172|1|0|3.0|VOLUMEN|FIJO|200014172|1|0|3.0|VOLUMEN|FIJO|200014172|1|0|3.0
828,VOLUMEN|FIJO|200014172|1|0|6.0|VOLUMEN|FIJO|200014172|1|0|6.0|VOLUMEN|FIJO|200014172|1|0|6.0|VOLUMEN|FIJO|200014172|1|0|6.0|VOLUMEN|FIJO|200014172|1|0|6.0|VOLUMEN|FIJO|200014172|1|0|6.0|VOLUMEN|FIJO|200014172|1|0|6.0|VOLUMEN|FIJO|200014172|1|0|6.0|VOLUMEN|FIJO|200014172|1|0|6.0|VOLUMEN|FIJO|200014172|1|0|6.0|VOLUMEN|FIJO|200014172|1|0|6.0|VOLUMEN|FIJO|200014172|1|0|6.0
829,VOLUMEN|FIJO|200017521|1|0|1.0|VOLUMEN|FIJO|200017521|1|0|1.0|VOLUMEN|FIJO|200017521|1|0|1.0|VOLUMEN|FIJO|200017521|1|0|1.0|VOLUMEN|FIJO|200017521|1|0|1.0
830,VOLUMEN|FIJO|200017521|1|0|3.0|VOLUMEN|FIJO|200017521|1|0|3.0|VOLUMEN|FIJO|200017521|1|0|3.0|VOLUMEN|FIJO|200017521|1|0|3.0|VOLUMEN|FIJO|200017521|1|0|3.0
831,VOLUMEN|FIJO|200017521|1|0|6.0|VOLUMEN|FIJO|200017521|1|0|6.0|VOLUMEN|FIJO|200017521|1|0|6.0|VOLUMEN|FIJO|200017521|1|0|6.0|VOLUMEN|FIJO|200017521|1|0|6.0
832,VOLUMEN|FIJO|200116555|1|0|1.0|VOLUMEN|FIJO|200116555|1|0|1.0|VOLUMEN|FIJO|200116555|1|0|1.0|VOLUMEN|FIJO|200116555|1|0|1.0|VOLUMEN|FIJO|200116555|1|0|1.0|VOLUMEN|FIJO|200116555|1|0|1.0|VOLUMEN|FIJO|200116555|1|0|1.0|VOLUMEN|FIJO|200116555|1|0|1.0|VOLUMEN|FIJO|200116555|1|0|1.0|VOLUMEN|FIJO|200116555|1|0|1.0|VOLUMEN|FIJO|200116555|1|0|1.0|VOLUMEN|FIJO|200116555|1|0|1.0|VOLUMEN|FIJO|200116555|1|0|1.0
833,VOLUMEN|FIJO|200082480|1|0|1.0|VOLUMEN|FIJO|200082480|1|0|1.0|VOLUMEN|FIJO|200082480|1|0|1.0|VOLUMEN|FIJO|200082480|1|0|1.0|VOLUMEN|FIJO|200082480|1|0|1.0|VOLUMEN|FIJO|200082480|1|0|1.0|VOLUMEN|FIJO|200082480|1|0|1.0|VOLUMEN|FIJO|200082480|1|0|1.0|VOLUMEN|FIJO|200082480|1|0|1.0|VOLUMEN|FIJO|200082480|1|0|1.0|VOLUMEN|FIJO|200082480|1|0|1.0|VOLUMEN|FIJO|200082480|1|0|1.0|VOLUMEN|FIJO|200082480|1|0|1.0
834,VOLUMEN|FIJO|200082480|1|0|3.0|VOLUMEN|FIJO|200082480|1|0|3.0|VOLUMEN|FIJO|200082480|1|0|3.0|VOLUMEN|FIJO|200082480|1|0|3.0|VOLUMEN|FIJO|200082480|1|0|3.0|VOLUMEN|FIJO|200082480|1|0|3.0|VOLUMEN|FIJO|200082480|1|0|3.0|VOLUMEN|FIJO|200082480|1|0|3.0|VOLUMEN|FIJO|200082480|1|0|3.0|VOLUMEN|FIJO|200082480|1|0|3.0|VOLUMEN|FIJO|200082480|1|0|3.0|VOLUMEN|FIJO|200082480|1|0|3.0|VOLUMEN|FIJO|200082480|1|0|3.0
835,VOLUMEN|FIJO|200116555|1|0|3.0|VOLUMEN|FIJO|200116555|1|0|3.0|VOLUMEN|FIJO|200116555|1|0|3.0|VOLUMEN|FIJO|200116555|1|0|3.0|VOLUMEN|FIJO|200116555|1|0|3.0|VOLUMEN|FIJO|200116555|1|0|3.0|VOLUMEN|FIJO|200116555|1|0|3.0|VOLUMEN|FIJO|200116555|1|0|3.0|VOLUMEN|FIJO|200116555|1|0|3.0|VOLUMEN|FIJO|200116555|1|0|3.0|VOLUMEN|FIJO|200116555|1|0|3.0|VOLUMEN|FIJO|200116555|1|0|3.0|VOLUMEN|FIJO|200116555|1|0|3.0
836,VOLUMEN|FIJO|200109875|1|0|1.0|VOLUMEN|FIJO|200109875|1|0|1.0|VOLUMEN|FIJO|200109875|1|0|1.0|VOLUMEN|FIJO|200109875|1|0|1.0|VOLUMEN|FIJO|200109875|1|0|1.0|VOLUMEN|FIJO|200109875|1|0|1.0|VOLUMEN|FIJO|200109875|1|0|1.0|VOLUMEN|FIJO|200109875|1|0|1.0|VOLUMEN|FIJO|200082480|1|0|4.0|VOLUMEN|FIJO|200082480|1|0|4.0|VOLUMEN|FIJO|200082480|1|0|4.0|VOLUMEN|FIJO|200116555|1|0|3.0|VOLUMEN|FIJO|200116555|1|0|3.0|VOLUMEN|FIJO|200116555|1|0|3.0|VOLUMEN|FIJO|200116555|1|0|3.0|VOLUMEN|FIJO|200109875|1|0|1.0|VOLUMEN|FIJO|200082480|1|0|4.0|VOLUMEN|FIJO|200116555|1|0|3.0|VOLUMEN|FIJO|200082480|1|0|4.0|VOLUMEN|FIJO|200082480|1|0|4.0|VOLUMEN|FIJO|200082480|1|0|4.0|VOLUMEN|FIJO|200082480|1|0|4.0|VOLUMEN|FIJO|200082480|1|0|4.0|VOLUMEN|FIJO|200109875|1|0|1.0|VOLUMEN|FIJO|200109875|1|0|1.0|VOLUMEN|FIJO|200109875|1|0|1.0|VOLUMEN|FIJO|200109875|1|0|1.0|VOLUMEN|FIJO|200082480|1|0|4.0|VOLUMEN|FIJO|200116555|1|0|3.0|VOLUMEN|FIJO|200116555|1|0|3.0|VOLUMEN|FIJO|200116555|1|0|3.0|VOLUMEN|FIJO|200116555|1|0|3.0|VOLUMEN|FIJO|200116555|1|0|3.0|VOLUMEN|FIJO|200116555|1|0|3.0|VOLUMEN|FIJO|200116555|1|0|3.0|VOLUMEN|FIJO|200116555|1|0|3.0|VOLUMEN|FIJO|200082480|1|0|4.0|VOLUMEN|FIJO|200082480|1|0|4.0|VOLUMEN|FIJO|200082480|1|0|4.0
837,VOLUMEN|FIJO|200059602|1|0|1.0|VOLUMEN|FIJO|200059602|1|0|1.0|VOLUMEN|FIJO|200059602|1|0|1.0|VOLUMEN|FIJO|200059602|1|0|1.0|VOLUMEN|FIJO|200059602|1|0|1.0|VOLUMEN|FIJO|200059602|1|0|1.0|VOLUMEN|FIJO|200059602|1|0|1.0|VOLUMEN|FIJO|200059602|1|0|1.0|VOLUMEN|FIJO|200059602|1|0|1.0|VOLUMEN|FIJO|200059602|1|0|1.0|VOLUMEN|FIJO|200059602|1|0|1.0|VOLUMEN|FIJO|200059602|1|0|1.0|VOLUMEN|FIJO|200059602|1|0|1.0
838,VOLUMEN|FIJO|200050957|1|0|1.0|VOLUMEN|FIJO|200059602|1|0|2.0|VOLUMEN|FIJO|200059602|1|0|2.0|VOLUMEN|FIJO|200050957|1|0|1.0|VOLUMEN|FIJO|200050957|1|0|1.0|VOLUMEN|FIJO|200050957|1|0|1.0|VOLUMEN|FIJO|200050957|1|0|1.0|VOLUMEN|FIJO|200073521|1|0|1.0|VOLUMEN|FIJO|200073521|1|0|1.0|VOLUMEN|FIJO|200116159|1|0|1.0|VOLUMEN|FIJO|200116159|1|0|1.0|VOLUMEN|FIJO|200059602|1|0|2.0|VOLUMEN|FIJO|200059602|1|0|2.0|VOLUMEN|FIJO|200059602|1|0|2.0|VOLUMEN|FIJO|200059602|1|0|2.0|VOLUMEN|FIJO|200073521|1|0|1.0|VOLUMEN|FIJO|200116159|1|0|1.0|VOLUMEN|FIJO|200116159|1|0|1.0|VOLUMEN|FIJO|200059602|1|0|2.0|VOLUMEN|FIJO|200059602|1|0|2.0|VOLUMEN|FIJO|200059602|1|0|2.0|VOLUMEN|FIJO|200059602|1|0|2.0|VOLUMEN|FIJO|200059602|1|0|2.0|VOLUMEN|FIJO|200116159|1|0|1.0|VOLUMEN|FIJO|200116159|1|0|1.0|VOLUMEN|FIJO|200116159|1|0|1.0|VOLUMEN|FIJO|200116159|1|0|1.0|VOLUMEN|FIJO|200116159|1|0|1.0|VOLUMEN|FIJO|200116159|1|0|1.0|VOLUMEN|FIJO|200116159|1|0|1.0|VOLUMEN|FIJO|200116159|1|0|1.0|VOLUMEN|FIJO|200116159|1|0|1.0|VOLUMEN|FIJO|200050957|1|0|1.0|VOLUMEN|FIJO|200050957|1|0|1.0|VOLUMEN|FIJO|200050957|1|0|1.0|VOLUMEN|FIJO|200050957|1|0|1.0|VOLUMEN|FIJO|200050957|1|0|1.0|VOLUMEN|FIJO|200073521|1|0|1.0|VOLUMEN|FIJO|200073521|1|0|1.0|VOLUMEN|FIJO|200073521|1|0|1.0|VOLUMEN|FIJO|200073521|1|0|1.0|VOLUMEN|FIJO|200073521|1|0|1.0|VOLUMEN|FIJO|200050957|1|0|1.0|VOLUMEN|FIJO|200050957|1|0|1.0|VOLUMEN|FIJO|200050957|1|0|1.0|VOLUMEN|FIJO|200059602|1|0|2.0|VOLUMEN|FIJO|200059602|1|0|2.0|VOLUMEN|FIJO|200050957|1|0|1.0|VOLUMEN|FIJO|200073521|1|0|1.0|VOLUMEN|FIJO|200073521|1|0|1.0|VOLUMEN|FIJO|200073521|1|0|1.0|VOLUMEN|FIJO|200073521|1|0|1.0
839,VOLUMEN|FIJO|200116561|1|0|1.0|VOLUMEN|FIJO|200116561|1|0|1.0|VOLUMEN|FIJO|200116561|1|0|1.0|VOLUMEN|FIJO|200116561|1|0|1.0|VOLUMEN|FIJO|200116561|1|0|1.0|VOLUMEN|FIJO|200116561|1|0|1.0|VOLUMEN|FIJO|200116561|1|0|1.0|VOLUMEN|FIJO|200116561|1|0|1.0|VOLUMEN|FIJO|200116561|1|0|1.0|VOLUMEN|FIJO|200116561|1|0|1.0|VOLUMEN|FIJO|200116561|1|0|1.0|VOLUMEN|FIJO|200116561|1|0|1.0|VOLUMEN|FIJO|200116561|1|0|1.0
840,VOLUMEN|FIJO|200116561|1|0|3.0|VOLUMEN|FIJO|200116561|1|0|3.0|VOLUMEN|FIJO|200116561|1|0|3.0|VOLUMEN|FIJO|200116561|1|0|3.0|VOLUMEN|FIJO|200116561|1|0|3.0|VOLUMEN|FIJO|200116561|1|0|3.0|VOLUMEN|FIJO|200116561|1|0|3.0|VOLUMEN|FIJO|200116561|1|0|3.0|VOLUMEN|FIJO|200116561|1|0|3.0|VOLUMEN|FIJO|200116561|1|0|3.0|VOLUMEN|FIJO|200116561|1|0|3.0|VOLUMEN|FIJO|200116561|1|0|3.0|VOLUMEN|FIJO|200116561|1|0|3.0
841,VOLUMEN|FIJO|200116560|1|0|1.0|VOLUMEN|FIJO|200116560|1|0|1.0|VOLUMEN|FIJO|200116560|1|0|1.0|VOLUMEN|FIJO|200116560|1|0|1.0|VOLUMEN|FIJO|200116560|1|0|1.0|VOLUMEN|FIJO|200116560|1|0|1.0|VOLUMEN|FIJO|200116560|1|0|1.0|VOLUMEN|FIJO|200116560|1|0|1.0|VOLUMEN|FIJO|200116560|1|0|1.0|VOLUMEN|FIJO|200116560|1|0|1.0|VOLUMEN|FIJO|200116560|1|0|1.0|VOLUMEN|FIJO|200116560|1|0|1.0|VOLUMEN|FIJO|200116560|1|0|1.0
842,VOLUMEN|FIJO|200116560|1|0|3.0|VOLUMEN|FIJO|200116560|1|0|3.0|VOLUMEN|FIJO|200116560|1|0|3.0|VOLUMEN|FIJO|200116560|1|0|3.0|VOLUMEN|FIJO|200116560|1|0|3.0|VOLUMEN|FIJO|200116560|1|0|3.0|VOLUMEN|FIJO|200116560|1|0|3.0|VOLUMEN|FIJO|200116560|1|0|3.0|VOLUMEN|FIJO|200116560|1|0|3.0|VOLUMEN|FIJO|200116560|1|0|3.0|VOLUMEN|FIJO|200116560|1|0|3.0|VOLUMEN|FIJO|200116560|1|0|3.0|VOLUMEN|FIJO|200116560|1|0|3.0
843,VOLUMEN|FIJO|200116562|1|0|1.0|VOLUMEN|FIJO|200116562|1|0|1.0|VOLUMEN|FIJO|200116562|1|0|1.0|VOLUMEN|FIJO|200116562|1|0|1.0|VOLUMEN|FIJO|200116562|1|0|1.0|VOLUMEN|FIJO|200116562|1|0|1.0|VOLUMEN|FIJO|200116562|1|0|1.0|VOLUMEN|FIJO|200116562|1|0|1.0|VOLUMEN|FIJO|200116562|1|0|1.0|VOLUMEN|FIJO|200116562|1|0|1.0|VOLUMEN|FIJO|200116562|1|0|1.0|VOLUMEN|FIJO|200116562|1|0|1.0|VOLUMEN|FIJO|200116562|1|0|1.0
844,VOLUMEN|FIJO|200116562|1|0|3.0|VOLUMEN|FIJO|200116562|1|0|3.0|VOLUMEN|FIJO|200116562|1|0|3.0|VOLUMEN|FIJO|200116562|1|0|3.0|VOLUMEN|FIJO|200116562|1|0|3.0|VOLUMEN|FIJO|200116562|1|0|3.0|VOLUMEN|FIJO|200116562|1|0|3.0|VOLUMEN|FIJO|200116562|1|0|3.0|VOLUMEN|FIJO|200116562|1|0|3.0|VOLUMEN|FIJO|200116562|1|0|3.0|VOLUMEN|FIJO|200116562|1|0|3.0|VOLUMEN|FIJO|200116562|1|0|3.0|VOLUMEN|FIJO|200116562|1|0|3.0
845,VOLUMEN|FIJO|200115826|1|0|1.0|VOLUMEN|FIJO|200115826|1|0|1.0|VOLUMEN|FIJO|200115826|1|0|1.0|VOLUMEN|FIJO|200115826|1|0|1.0|VOLUMEN|FIJO|200115826|1|0|1.0|VOLUMEN|FIJO|200115826|1|0|1.0|VOLUMEN|FIJO|200115826|1|0|1.0|VOLUMEN|FIJO|200115826|1|0|1.0|VOLUMEN|FIJO|200115826|1|0|1.0|VOLUMEN|FIJO|200115826|1|0|1.0|VOLUMEN|FIJO|200115826|1|0|1.0|VOLUMEN|FIJO|200115826|1|0|1.0
846,VOLUMEN|FIJO|200115826|1|0|1.0|VOLUMEN|FIJO|200115826|1|0|1.0|VOLUMEN|FIJO|200115826|1|0|1.0|VOLUMEN|FIJO|200115826|1|0|1.0|VOLUMEN|FIJO|200115826|1|0|1.0|VOLUMEN|FIJO|200115826|1|0|1.0|VOLUMEN|FIJO|200115826|1|0|1.0|VOLUMEN|FIJO|200115826|1|0|1.0|VOLUMEN|FIJO|200115826|1|0|1.0|VOLUMEN|FIJO|200115826|1|0|1.0|VOLUMEN|FIJO|200115826|1|0|1.0|VOLUMEN|FIJO|200115826|1|0|1.0
847,VOLUMEN|FIJO|200114935|1|0|1.0|VOLUMEN|FIJO|200114935|1|0|1.0|VOLUMEN|FIJO|200114935|1|0|1.0|VOLUMEN|FIJO|200114935|1|0|1.0|VOLUMEN|FIJO|200114935|1|0|1.0|VOLUMEN|FIJO|200114935|1|0|1.0|VOLUMEN|FIJO|200114935|1|0|1.0|VOLUMEN|FIJO|200114935|1|0|1.0|VOLUMEN|FIJO|200114935|1|0|1.0|VOLUMEN|FIJO|200114935|1|0|1.0|VOLUMEN|FIJO|200114935|1|0|1.0|VOLUMEN|FIJO|200114935|1|0|1.0
848,VOLUMEN|FIJO|200063985|1|0|1.0|VOLUMEN|FIJO|200063985|1|0|1.0|VOLUMEN|FIJO|200063985|1|0|1.0|VOLUMEN|FIJO|200063985|1|0|1.0|VOLUMEN|FIJO|200063985|1|0|1.0|VOLUMEN|FIJO|200063985|1|0|1.0|VOLUMEN|FIJO|200063985|1|0|1.0|VOLUMEN|FIJO|200063985|1|0|1.0|VOLUMEN|FIJO|200063985|1|0|1.0|VOLUMEN|FIJO|200063985|1|0|1.0|VOLUMEN|FIJO|200063985|1|0|1.0|VOLUMEN|FIJO|200063985|1|0|1.0
849,VOLUMEN|FIJO|200044715|1|0|1.0|VOLUMEN|FIJO|200044715|1|0|1.0|VOLUMEN|FIJO|200044715|1|0|1.0|VOLUMEN|FIJO|200115826|1|0|2.0|VOLUMEN|FIJO|200115826|1|0|2.0|VOLUMEN|FIJO|200115826|1|0|2.0|VOLUMEN|FIJO|200115826|1|0|2.0|VOLUMEN|FIJO|200115826|1|0|2.0|VOLUMEN|FIJO|200115826|1|0|2.0|VOLUMEN|FIJO|200044715|1|0|1.0|VOLUMEN|FIJO|200044715|1|0|1.0|VOLUMEN|FIJO|200044715|1|0|1.0|VOLUMEN|FIJO|200044715|1|0|1.0|VOLUMEN|FIJO|200044715|1|0|1.0|VOLUMEN|FIJO|200044715|1|0|1.0|VOLUMEN|FIJO|200115826|1|0|2.0|VOLUMEN|FIJO|200115826|1|0|2.0|VOLUMEN|FIJO|200115826|1|0|2.0|VOLUMEN|FIJO|200115826|1|0|2.0|VOLUMEN|FIJO|200115826|1|0|2.0|VOLUMEN|FIJO|200044715|1|0|1.0|VOLUMEN|FIJO|200044715|1|0|1.0|VOLUMEN|FIJO|200044715|1|0|1.0|VOLUMEN|FIJO|200115826|1|0|2.0
850,VOLUMEN|FIJO|200063985|1|0|2.0|VOLUMEN|FIJO|200114935|1|0|2.0|VOLUMEN|FIJO|200063985|1|0|2.0|VOLUMEN|FIJO|200063985|1|0|2.0|VOLUMEN|FIJO|200063985|1|0|2.0|VOLUMEN|FIJO|200114935|1|0|2.0|VOLUMEN|FIJO|200114935|1|0|2.0|VOLUMEN|FIJO|200114935|1|0|2.0|VOLUMEN|FIJO|200114935|1|0|2.0|VOLUMEN|FIJO|200114935|1|0|2.0|VOLUMEN|FIJO|200114935|1|0|2.0|VOLUMEN|FIJO|200114935|1|0|2.0|VOLUMEN|FIJO|200114935|1|0|2.0|VOLUMEN|FIJO|200114935|1|0|2.0|VOLUMEN|FIJO|200114935|1|0|2.0|VOLUMEN|FIJO|200114935|1|0|2.0|VOLUMEN|FIJO|200063985|1|0|2.0|VOLUMEN|FIJO|200063985|1|0|2.0|VOLUMEN|FIJO|200063985|1|0|2.0|VOLUMEN|FIJO|200063985|1|0|2.0|VOLUMEN|FIJO|200063985|1|0|2.0|VOLUMEN|FIJO|200063985|1|0|2.0|VOLUMEN|FIJO|200063985|1|0|2.0|VOLUMEN|FIJO|200063985|1|0|2.0
851,VOLUMEN|FIJO|200063985|1|0|6.0|VOLUMEN|FIJO|200063985|1|0|6.0|VOLUMEN|FIJO|200063985|1|0|6.0|VOLUMEN|FIJO|200063985|1|0|6.0|VOLUMEN|FIJO|200063985|1|0|6.0|VOLUMEN|FIJO|200063985|1|0|6.0|VOLUMEN|FIJO|200063985|1|0|6.0|VOLUMEN|FIJO|200063985|1|0|6.0|VOLUMEN|FIJO|200063985|1|0|6.0|VOLUMEN|FIJO|200063985|1|0|6.0|VOLUMEN|FIJO|200063985|1|0|6.0|VOLUMEN|FIJO|200063985|1|0|6.0
852,VOLUMEN|FIJO|200063985|1|0|10.0|VOLUMEN|FIJO|200063985|1|0|10.0|VOLUMEN|FIJO|200063985|1|0|10.0|VOLUMEN|FIJO|200063985|1|0|10.0|VOLUMEN|FIJO|200063985|1|0|10.0|VOLUMEN|FIJO|200063985|1|0|10.0|VOLUMEN|FIJO|200063985|1|0|10.0|VOLUMEN|FIJO|200063985|1|0|10.0|VOLUMEN|FIJO|200063985|1|0|10.0|VOLUMEN|FIJO|200063985|1|0|10.0|VOLUMEN|FIJO|200063985|1|0|10.0|VOLUMEN|FIJO|200063985|1|0|10.0
853,VOLUMEN|FIJO|200044715|1|0|2.0|VOLUMEN|FIJO|200044715|1|0|2.0|VOLUMEN|FIJO|200044715|1|0|2.0|VOLUMEN|FIJO|200115826|1|0|2.0|VOLUMEN|FIJO|200115826|1|0|2.0|VOLUMEN|FIJO|200115826|1|0|2.0|VOLUMEN|FIJO|200115826|1|0|2.0|VOLUMEN|FIJO|200115826|1|0|2.0|VOLUMEN|FIJO|200115826|1|0|2.0|VOLUMEN|FIJO|200044715|1|0|2.0|VOLUMEN|FIJO|200044715|1|0|2.0|VOLUMEN|FIJO|200044715|1|0|2.0|VOLUMEN|FIJO|200044715|1|0|2.0|VOLUMEN|FIJO|200044715|1|0|2.0|VOLUMEN|FIJO|200044715|1|0|2.0|VOLUMEN|FIJO|200115826|1|0|2.0|VOLUMEN|FIJO|200115826|1|0|2.0|VOLUMEN|FIJO|200115826|1|0|2.0|VOLUMEN|FIJO|200115826|1|0|2.0|VOLUMEN|FIJO|200115826|1|0|2.0|VOLUMEN|FIJO|200044715|1|0|2.0|VOLUMEN|FIJO|200044715|1|0|2.0|VOLUMEN|FIJO|200044715|1|0|2.0|VOLUMEN|FIJO|200115826|1|0|2.0
854,VOLUMEN|FIJO|200044715|1|0|2.0|VOLUMEN|FIJO|200044715|1|0|2.0|VOLUMEN|FIJO|200044715|1|0|2.0|VOLUMEN|FIJO|200115826|1|0|4.0|VOLUMEN|FIJO|200115826|1|0|4.0|VOLUMEN|FIJO|200115826|1|0|4.0|VOLUMEN|FIJO|200115826|1|0|4.0|VOLUMEN|FIJO|200115826|1|0|4.0|VOLUMEN|FIJO|200115826|1|0|4.0|VOLUMEN|FIJO|200044715|1|0|2.0|VOLUMEN|FIJO|200044715|1|0|2.0|VOLUMEN|FIJO|200044715|1|0|2.0|VOLUMEN|FIJO|200044715|1|0|2.0|VOLUMEN|FIJO|200044715|1|0|2.0|VOLUMEN|FIJO|200044715|1|0|2.0|VOLUMEN|FIJO|200115826|1|0|4.0|VOLUMEN|FIJO|200115826|1|0|4.0|VOLUMEN|FIJO|200115826|1|0|4.0|VOLUMEN|FIJO|200115826|1|0|4.0|VOLUMEN|FIJO|200115826|1|0|4.0|VOLUMEN|FIJO|200044715|1|0|2.0|VOLUMEN|FIJO|200044715|1|0|2.0|VOLUMEN|FIJO|200044715|1|0|2.0|VOLUMEN|FIJO|200115826|1|0|4.0
855,VOLUMEN|FIJO|200063985|1|0|1.0|VOLUMEN|FIJO|200044715|1|0|3.0|VOLUMEN|FIJO|200044715|1|0|3.0|VOLUMEN|FIJO|200044715|1|0|3.0|VOLUMEN|FIJO|200063985|1|0|1.0|VOLUMEN|FIJO|200063985|1|0|1.0|VOLUMEN|FIJO|200063985|1|0|1.0|VOLUMEN|FIJO|200115826|1|0|5.0|VOLUMEN|FIJO|200115826|1|0|5.0|VOLUMEN|FIJO|200115826|1|0|5.0|VOLUMEN|FIJO|200115826|1|0|5.0|VOLUMEN|FIJO|200115826|1|0|5.0|VOLUMEN|FIJO|200115826|1|0|5.0|VOLUMEN|FIJO|200044715|1|0|3.0|VOLUMEN|FIJO|200044715|1|0|3.0|VOLUMEN|FIJO|200063985|1|0|1.0|VOLUMEN|FIJO|200063985|1|0|1.0|VOLUMEN|FIJO|200044715|1|0|3.0|VOLUMEN|FIJO|200044715|1|0|3.0|VOLUMEN|FIJO|200044715|1|0|3.0|VOLUMEN|FIJO|200044715|1|0|3.0|VOLUMEN|FIJO|200115826|1|0|5.0|VOLUMEN|FIJO|200115826|1|0|5.0|VOLUMEN|FIJO|200115826|1|0|5.0|VOLUMEN|FIJO|200115826|1|0|5.0|VOLUMEN|FIJO|200115826|1|0|5.0|VOLUMEN|FIJO|200044715|1|0|3.0|VOLUMEN|FIJO|200044715|1|0|3.0|VOLUMEN|FIJO|200063985|1|0|1.0|VOLUMEN|FIJO|200063985|1|0|1.0|VOLUMEN|FIJO|200063985|1|0|1.0|VOLUMEN|FIJO|200044715|1|0|3.0|VOLUMEN|FIJO|200115826|1|0|5.0|VOLUMEN|FIJO|200063985|1|0|1.0|VOLUMEN|FIJO|200063985|1|0|1.0|VOLUMEN|FIJO|200063985|1|0|1.0
856,VOLUMEN|FIJO|200060760|1|0|1.0|VOLUMEN|FIJO|200060760|1|0|1.0|VOLUMEN|FIJO|200060760|1|0|1.0|VOLUMEN|FIJO|200060760|1|0|1.0|VOLUMEN|FIJO|200060760|1|0|1.0|VOLUMEN|FIJO|200060760|1|0|1.0|VOLUMEN|FIJO|200060760|1|0|1.0|VOLUMEN|FIJO|200060760|1|0|1.0|VOLUMEN|FIJO|200060760|1|0|1.0|VOLUMEN|FIJO|200060760|1|0|1.0|VOLUMEN|FIJO|200060760|1|0|1.0|VOLUMEN|FIJO|200060760|1|0|1.0|VOLUMEN|FIJO|200060760|1|0|1.0|VOLUMEN|FIJO|200060760|1|0|1.0
857,VOLUMEN|FIJO|200111162|1|0|1.0|VOLUMEN|FIJO|200111162|1|0|1.0|VOLUMEN|FIJO|200111162|1|0|1.0|VOLUMEN|FIJO|200111162|1|0|1.0|VOLUMEN|FIJO|200111162|1|0|1.0|VOLUMEN|FIJO|200111162|1|0|1.0|VOLUMEN|FIJO|200111162|1|0|1.0|VOLUMEN|FIJO|200111162|1|0|1.0|VOLUMEN|FIJO|200111162|1|0|1.0|VOLUMEN|FIJO|200111162|1|0|1.0|VOLUMEN|FIJO|200111162|1|0|1.0|VOLUMEN|FIJO|200111162|1|0|1.0
858,VOLUMEN|FIJO|200111162|1|0|2.0|VOLUMEN|FIJO|200060760|1|0|1.0|VOLUMEN|FIJO|200111162|1|0|2.0|VOLUMEN|FIJO|200060760|1|0|1.0|VOLUMEN|FIJO|200111162|1|0|2.0|VOLUMEN|FIJO|200060760|1|0|1.0|VOLUMEN|FIJO|200060760|1|0|1.0|VOLUMEN|FIJO|200060760|1|0|1.0|VOLUMEN|FIJO|200060760|1|0|1.0|VOLUMEN|FIJO|200060760|1|0|1.0|VOLUMEN|FIJO|200060760|1|0|1.0|VOLUMEN|FIJO|200111162|1|0|2.0|VOLUMEN|FIJO|200111162|1|0|2.0|VOLUMEN|FIJO|200111162|1|0|2.0|VOLUMEN|FIJO|200111162|1|0|2.0|VOLUMEN|FIJO|200111162|1|0|2.0|VOLUMEN|FIJO|200111162|1|0|2.0|VOLUMEN|FIJO|200060760|1|0|1.0|VOLUMEN|FIJO|200111162|1|0|2.0|VOLUMEN|FIJO|200060760|1|0|1.0|VOLUMEN|FIJO|200060760|1|0|1.0|VOLUMEN|FIJO|200111162|1|0|2.0|VOLUMEN|FIJO|200111162|1|0|2.0|VOLUMEN|FIJO|200060760|1|0|1.0|VOLUMEN|FIJO|200060760|1|0|1.0|VOLUMEN|FIJO|200060760|1|0|1.0
859,VOLUMEN|FIJO|200111162|1|0|4.0|VOLUMEN|FIJO|200060760|1|0|2.0|VOLUMEN|FIJO|200111162|1|0|4.0|VOLUMEN|FIJO|200060760|1|0|2.0|VOLUMEN|FIJO|200111162|1|0|4.0|VOLUMEN|FIJO|200060760|1|0|2.0|VOLUMEN|FIJO|200060760|1|0|2.0|VOLUMEN|FIJO|200060760|1|0|2.0|VOLUMEN|FIJO|200060760|1|0|2.0|VOLUMEN|FIJO|200060760|1|0|2.0|VOLUMEN|FIJO|200060760|1|0|2.0|VOLUMEN|FIJO|200111162|1|0|4.0|VOLUMEN|FIJO|200111162|1|0|4.0|VOLUMEN|FIJO|200111162|1|0|4.0|VOLUMEN|FIJO|200111162|1|0|4.0|VOLUMEN|FIJO|200111162|1|0|4.0|VOLUMEN|FIJO|200111162|1|0|4.0|VOLUMEN|FIJO|200060760|1|0|2.0|VOLUMEN|FIJO|200111162|1|0|4.0|VOLUMEN|FIJO|200060760|1|0|2.0|VOLUMEN|FIJO|200060760|1|0|2.0|VOLUMEN|FIJO|200111162|1|0|4.0|VOLUMEN|FIJO|200111162|1|0|4.0|VOLUMEN|FIJO|200060760|1|0|2.0|VOLUMEN|FIJO|200060760|1|0|2.0|VOLUMEN|FIJO|200060760|1|0|2.0
860,VOLUMEN|FIJO|200111162|1|0|5.0|VOLUMEN|FIJO|200060760|1|0|3.0|VOLUMEN|FIJO|200111162|1|0|5.0|VOLUMEN|FIJO|200060760|1|0|3.0|VOLUMEN|FIJO|200111162|1|0|5.0|VOLUMEN|FIJO|200060760|1|0|3.0|VOLUMEN|FIJO|200060760|1|0|3.0|VOLUMEN|FIJO|200060760|1|0|3.0|VOLUMEN|FIJO|200060760|1|0|3.0|VOLUMEN|FIJO|200060760|1|0|3.0|VOLUMEN|FIJO|200060760|1|0|3.0|VOLUMEN|FIJO|200111162|1|0|5.0|VOLUMEN|FIJO|200111162|1|0|5.0|VOLUMEN|FIJO|200111162|1|0|5.0|VOLUMEN|FIJO|200111162|1|0|5.0|VOLUMEN|FIJO|200111162|1|0|5.0|VOLUMEN|FIJO|200111162|1|0|5.0|VOLUMEN|FIJO|200109874|1|0|1.0|VOLUMEN|FIJO|200109874|1|0|1.0|VOLUMEN|FIJO|200109874|1|0|1.0|VOLUMEN|FIJO|200109874|1|0|1.0|VOLUMEN|FIJO|200109874|1|0|1.0|VOLUMEN|FIJO|200109874|1|0|1.0|VOLUMEN|FIJO|200109874|1|0|1.0|VOLUMEN|FIJO|200060760|1|0|3.0|VOLUMEN|FIJO|200111162|1|0|5.0|VOLUMEN|FIJO|200060760|1|0|3.0|VOLUMEN|FIJO|200060760|1|0|3.0|VOLUMEN|FIJO|200111162|1|0|5.0|VOLUMEN|FIJO|200111162|1|0|5.0|VOLUMEN|FIJO|200060760|1|0|3.0|VOLUMEN|FIJO|200109874|1|0|1.0|VOLUMEN|FIJO|200109874|1|0|1.0|VOLUMEN|FIJO|200109874|1|0|1.0|VOLUMEN|FIJO|200109874|1|0|1.0|VOLUMEN|FIJO|200109874|1|0|1.0|VOLUMEN|FIJO|200060760|1|0|3.0|VOLUMEN|FIJO|200060760|1|0|3.0
861,VOLUMEN|FIJO|200012014|1|0|1.0|VOLUMEN|FIJO|200012014|1|0|1.0|VOLUMEN|FIJO|200012014|1|0|1.0|VOLUMEN|FIJO|200012014|1|0|1.0|VOLUMEN|FIJO|200012014|1|0|1.0|VOLUMEN|FIJO|200012014|1|0|1.0|VOLUMEN|FIJO|200012014|1|0|1.0|VOLUMEN|FIJO|200012014|1|0|1.0|VOLUMEN|FIJO|200012014|1|0|1.0|VOLUMEN|FIJO|200012014|1|0|1.0|VOLUMEN|FIJO|200012014|1|0|1.0
862,VOLUMEN|FIJO|200012014|1|0|3.0|VOLUMEN|FIJO|200012014|1|0|3.0|VOLUMEN|FIJO|200012014|1|0|3.0|VOLUMEN|FIJO|200012014|1|0|3.0|VOLUMEN|FIJO|200012014|1|0|3.0|VOLUMEN|FIJO|200012014|1|0|3.0|VOLUMEN|FIJO|200012014|1|0|3.0|VOLUMEN|FIJO|200012014|1|0|3.0|VOLUMEN|FIJO|200012014|1|0|3.0|VOLUMEN|FIJO|200012014|1|0|3.0|VOLUMEN|FIJO|200012014|1|0|3.0
863,VOLUMEN|FIJO|200012014|1|0|4.0|VOLUMEN|FIJO|200012014|1|0|4.0|VOLUMEN|FIJO|200012014|1|0|4.0|VOLUMEN|FIJO|200012014|1|0|4.0|VOLUMEN|FIJO|200012014|1|0|4.0|VOLUMEN|FIJO|200012014|1|0|4.0|VOLUMEN|FIJO|200012014|1|0|4.0|VOLUMEN|FIJO|200012014|1|0|4.0|VOLUMEN|FIJO|200012014|1|0|4.0|VOLUMEN|FIJO|200012014|1|0|4.0|VOLUMEN|FIJO|200012014|1|0|4.0
864,VOLUMEN|FIJO|200012014|1|0|10.0|VOLUMEN|FIJO|200012014|1|0|10.0|VOLUMEN|FIJO|200012014|1|0|10.0|VOLUMEN|FIJO|200012014|1|0|10.0|VOLUMEN|FIJO|200012014|1|0|10.0|VOLUMEN|FIJO|200012014|1|0|10.0|VOLUMEN|FIJO|200012014|1|0|10.0|VOLUMEN|FIJO|200012014|1|0|10.0|VOLUMEN|FIJO|200012014|1|0|10.0|VOLUMEN|FIJO|200012014|1|0|10.0|VOLUMEN|FIJO|200012014|1|0|10.0
865,VOLUMEN|FIJO|200079595|1|0|1.0|VOLUMEN|FIJO|200079595|1|0|1.0|VOLUMEN|FIJO|200079595|1|0|1.0|VOLUMEN|FIJO|200079595|1|0|1.0|VOLUMEN|FIJO|200079595|1|0|1.0|VOLUMEN|FIJO|200079595|1|0|1.0|VOLUMEN|FIJO|200079595|1|0|1.0|VOLUMEN|FIJO|200079595|1|0|1.0|VOLUMEN|FIJO|200079595|1|0|1.0|VOLUMEN|FIJO|200079595|1|0|1.0
866,VOLUMEN|FIJO|200058349|1|0|1.0|VOLUMEN|FIJO|200058349|1|0|1.0|VOLUMEN|FIJO|200058349|1|0|1.0|VOLUMEN|FIJO|200058349|1|0|1.0|VOLUMEN|FIJO|200058349|1|0|1.0|VOLUMEN|FIJO|200058349|1|0|1.0|VOLUMEN|FIJO|200058349|1|0|1.0|VOLUMEN|FIJO|200058349|1|0|1.0|VOLUMEN|FIJO|200058349|1|0|1.0|VOLUMEN|FIJO|200058349|1|0|1.0|VOLUMEN|FIJO|200058349|1|0|1.0|VOLUMEN|FIJO|200058349|1|0|1.0
867,VOLUMEN|FIJO|200109443|1|0|1.0|VOLUMEN|FIJO|200109443|1|0|1.0|VOLUMEN|FIJO|200109443|1|0|1.0|VOLUMEN|FIJO|200109443|1|0|1.0|VOLUMEN|FIJO|200109443|1|0|1.0|VOLUMEN|FIJO|200109443|1|0|1.0|VOLUMEN|FIJO|200109443|1|0|1.0|VOLUMEN|FIJO|200109443|1|0|1.0|VOLUMEN|FIJO|200109443|1|0|1.0|VOLUMEN|FIJO|200109443|1|0|1.0|VOLUMEN|FIJO|200109443|1|0|1.0
868,VOLUMEN|FIJO|200079595|1|0|1.0|VOLUMEN|FIJO|200079595|1|0|1.0|VOLUMEN|FIJO|200079595|1|0|1.0|VOLUMEN|FIJO|200079595|1|0|1.0|VOLUMEN|FIJO|200079595|1|0|1.0|VOLUMEN|FIJO|200079595|1|0|1.0|VOLUMEN|FIJO|200079595|1|0|1.0|VOLUMEN|FIJO|200079595|1|0|1.0|VOLUMEN|FIJO|200079595|1|0|1.0|VOLUMEN|FIJO|200079595|1|0|1.0
869,VOLUMEN|FIJO|200058349|1|0|1.0|VOLUMEN|FIJO|200058349|1|0|1.0|VOLUMEN|FIJO|200058349|1|0|1.0|VOLUMEN|FIJO|200058349|1|0|1.0|VOLUMEN|FIJO|200058349|1|0|1.0|VOLUMEN|FIJO|200058349|1|0|1.0|VOLUMEN|FIJO|200058349|1|0|1.0|VOLUMEN|FIJO|200058349|1|0|1.0|VOLUMEN|FIJO|200058349|1|0|1.0|VOLUMEN|FIJO|200058349|1|0|1.0|VOLUMEN|FIJO|200058349|1|0|1.0|VOLUMEN|FIJO|200058349|1|0|1.0
870,VOLUMEN|FIJO|200059276|1|0|1.0|VOLUMEN|FIJO|200059276|1|0|1.0|VOLUMEN|FIJO|200059276|1|0|1.0|VOLUMEN|FIJO|200058349|1|0|1.0|VOLUMEN|FIJO|200058349|1|0|1.0|VOLUMEN|FIJO|200058349|1|0|1.0|VOLUMEN|FIJO|200058349|1|0|1.0|VOLUMEN|FIJO|200059276|1|0|1.0|VOLUMEN|FIJO|200058349|1|0|1.0|VOLUMEN|FIJO|200059276|1|0|1.0|VOLUMEN|FIJO|200059276|1|0|1.0|VOLUMEN|FIJO|200059276|1|0|1.0|VOLUMEN|FIJO|200059276|1|0|1.0|VOLUMEN|FIJO|200058349|1|0|1.0|VOLUMEN|FIJO|200058349|1|0|1.0|VOLUMEN|FIJO|200058349|1|0|1.0|VOLUMEN|FIJO|200059276|1|0|1.0|VOLUMEN|FIJO|200059276|1|0|1.0|VOLUMEN|FIJO|200059276|1|0|1.0|VOLUMEN|FIJO|200058349|1|0|1.0|VOLUMEN|FIJO|200058349|1|0|1.0|VOLUMEN|FIJO|200058349|1|0|1.0|VOLUMEN|FIJO|200058349|1|0|1.0
871,VOLUMEN|FIJO|200099704|1|0|1.0|VOLUMEN|FIJO|200099704|1|0|1.0|VOLUMEN|FIJO|200092172|1|0|1.0|VOLUMEN|FIJO|200079595|1|0|1.0|VOLUMEN|FIJO|200079595|1|0|1.0|VOLUMEN|FIJO|200092172|1|0|1.0|VOLUMEN|FIJO|200092172|1|0|1.0|VOLUMEN|FIJO|200099704|1|0|1.0|VOLUMEN|FIJO|200079595|1|0|1.0|VOLUMEN|FIJO|200079595|1|0|1.0|VOLUMEN|FIJO|200079595|1|0|1.0|VOLUMEN|FIJO|200079595|1|0|1.0|VOLUMEN|FIJO|200079595|1|0|1.0|VOLUMEN|FIJO|200092172|1|0|1.0|VOLUMEN|FIJO|200079595|1|0|1.0|VOLUMEN|FIJO|200092172|1|0|1.0|VOLUMEN|FIJO|200079595|1|0|1.0|VOLUMEN|FIJO|200099704|1|0|1.0|VOLUMEN|FIJO|200099704|1|0|1.0|VOLUMEN|FIJO|200099704|1|0|1.0|VOLUMEN|FIJO|200092172|1|0|1.0|VOLUMEN|FIJO|200092172|1|0|1.0|VOLUMEN|FIJO|200099704|1|0|1.0|VOLUMEN|FIJO|200092172|1|0|1.0|VOLUMEN|FIJO|200079595|1|0|1.0|VOLUMEN|FIJO|200099704|1|0|1.0|VOLUMEN|FIJO|200092172|1|0|1.0|VOLUMEN|FIJO|200099704|1|0|1.0|VOLUMEN|FIJO|200099704|1|0|1.0
872,VOLUMEN|FIJO|200079595|1|0|1.0|VOLUMEN|FIJO|200079595|1|0|1.0|VOLUMEN|FIJO|200109443|1|0|1.0|VOLUMEN|FIJO|200058349|1|0|1.0|VOLUMEN|FIJO|200058349|1|0|1.0|VOLUMEN|FIJO|200058349|1|0|1.0|VOLUMEN|FIJO|200058349|1|0|1.0|VOLUMEN|FIJO|200079595|1|0|1.0|VOLUMEN|FIJO|200079595|1|0|1.0|VOLUMEN|FIJO|200079595|1|0|1.0|VOLUMEN|FIJO|200079595|1|0|1.0|VOLUMEN|FIJO|200079595|1|0|1.0|VOLUMEN|FIJO|200058349|1|0|1.0|VOLUMEN|FIJO|200079595|1|0|1.0|VOLUMEN|FIJO|200079595|1|0|1.0|VOLUMEN|FIJO|200109443|1|0|1.0|VOLUMEN|FIJO|200109443|1|0|1.0|VOLUMEN|FIJO|200109443|1|0|1.0|VOLUMEN|FIJO|200109443|1|0|1.0|VOLUMEN|FIJO|200109443|1|0|1.0|VOLUMEN|FIJO|200109443|1|0|1.0|VOLUMEN|FIJO|200109443|1|0|1.0|VOLUMEN|FIJO|200058349|1|0|1.0|VOLUMEN|FIJO|200058349|1|0|1.0|VOLUMEN|FIJO|200058349|1|0|1.0|VOLUMEN|FIJO|200079595|1|0|1.0|VOLUMEN|FIJO|200109443|1|0|1.0|VOLUMEN|FIJO|200109443|1|0|1.0|VOLUMEN|FIJO|200109443|1|0|1.0|VOLUMEN|FIJO|200058349|1|0|1.0|VOLUMEN|FIJO|200058349|1|0|1.0|VOLUMEN|FIJO|200058349|1|0|1.0|VOLUMEN|FIJO|200058349|1|0|1.0
873,VOLUMEN|FIJO|200079595|1|0|2.0|VOLUMEN|FIJO|200079595|1|0|2.0|VOLUMEN|FIJO|200109443|1|0|1.0|VOLUMEN|FIJO|200079595|1|0|2.0|VOLUMEN|FIJO|200079595|1|0|2.0|VOLUMEN|FIJO|200079595|1|0|2.0|VOLUMEN|FIJO|200079595|1|0|2.0|VOLUMEN|FIJO|200079595|1|0|2.0|VOLUMEN|FIJO|200079595|1|0|2.0|VOLUMEN|FIJO|200079595|1|0|2.0|VOLUMEN|FIJO|200109443|1|0|1.0|VOLUMEN|FIJO|200109443|1|0|1.0|VOLUMEN|FIJO|200109443|1|0|1.0|VOLUMEN|FIJO|200109443|1|0|1.0|VOLUMEN|FIJO|200109443|1|0|1.0|VOLUMEN|FIJO|200109443|1|0|1.0|VOLUMEN|FIJO|200109443|1|0|1.0|VOLUMEN|FIJO|200079595|1|0|2.0|VOLUMEN|FIJO|200109443|1|0|1.0|VOLUMEN|FIJO|200109443|1|0|1.0|VOLUMEN|FIJO|200109443|1|0|1.0
874,VOLUMEN|FIJO|200079595|1|0|3.0|VOLUMEN|FIJO|200079595|1|0|3.0|VOLUMEN|FIJO|200109443|1|0|2.0|VOLUMEN|FIJO|200058349|1|0|3.0|VOLUMEN|FIJO|200058349|1|0|3.0|VOLUMEN|FIJO|200058349|1|0|3.0|VOLUMEN|FIJO|200058349|1|0|3.0|VOLUMEN|FIJO|200079595|1|0|3.0|VOLUMEN|FIJO|200079595|1|0|3.0|VOLUMEN|FIJO|200079595|1|0|3.0|VOLUMEN|FIJO|200079595|1|0|3.0|VOLUMEN|FIJO|200079595|1|0|3.0|VOLUMEN|FIJO|200058349|1|0|3.0|VOLUMEN|FIJO|200079595|1|0|3.0|VOLUMEN|FIJO|200079595|1|0|3.0|VOLUMEN|FIJO|200109443|1|0|2.0|VOLUMEN|FIJO|200109443|1|0|2.0|VOLUMEN|FIJO|200109443|1|0|2.0|VOLUMEN|FIJO|200109443|1|0|2.0|VOLUMEN|FIJO|200109443|1|0|2.0|VOLUMEN|FIJO|200109443|1|0|2.0|VOLUMEN|FIJO|200109443|1|0|2.0|VOLUMEN|FIJO|200058349|1|0|3.0|VOLUMEN|FIJO|200058349|1|0|3.0|VOLUMEN|FIJO|200058349|1|0|3.0|VOLUMEN|FIJO|200079595|1|0|3.0|VOLUMEN|FIJO|200109443|1|0|2.0|VOLUMEN|FIJO|200109443|1|0|2.0|VOLUMEN|FIJO|200109443|1|0|2.0|VOLUMEN|FIJO|200058349|1|0|3.0|VOLUMEN|FIJO|200058349|1|0|3.0|VOLUMEN|FIJO|200058349|1|0|3.0|VOLUMEN|FIJO|200058349|1|0|3.0
875,VOLUMEN|VARIABLE|P0292082007|1|0|1.0|VOLUMEN|VARIABLE|P0292082007|1|0|1.0|VOLUMEN|VARIABLE|P0292082007|1|0|1.0|VOLUMEN|VARIABLE|P0292082007|1|0|1.0|VOLUMEN|VARIABLE|P0292082007|1|0|1.0|VOLUMEN|VARIABLE|P0292082007|1|0|1.0|VOLUMEN|VARIABLE|P0292082007|1|0|1.0|VOLUMEN|VARIABLE|P0292082007|1|0|1.0|VOLUMEN|VARIABLE|P0292082007|1|0|1.0|VOLUMEN|VARIABLE|P0292082007|1|0|1.0|VOLUMEN|VARIABLE|P0292082007|1|0|1.0|VOLUMEN|VARIABLE|P0292082007|1|0|1.0|VOLUMEN|VARIABLE|P0292082007|1|0|1.0|VOLUMEN|VARIABLE|P0292082007|1|0|1.0|VOLUMEN|VARIABLE|P0292082007|1|0|1.0|VOLUMEN|VARIABLE|P0292082007|1|0|1.0|VOLUMEN|VARIABLE|P0292082007|1|0|1.0|VOLUMEN|VARIABLE|P0292082007|1|0|1.0|VOLUMEN|VARIABLE|P0292082007|1|0|1.0|VOLUMEN|VARIABLE|P0292082007|1|0|1.0|VOLUMEN|VARIABLE|P0292082007|1|0|1.0|VOLUMEN|VARIABLE|P0292082007|1|0|1.0|VOLUMEN|VARIABLE|P0292082007|1|0|1.0|VOLUMEN|VARIABLE|P0292082007|1|0|1.0|VOLUMEN|VARIABLE|P0292082007|1|0|1.0|VOLUMEN|VARIABLE|P0292082007|1|0|1.0|VOLUMEN|VARIABLE|P0292082007|1|0|1.0|VOLUMEN|VARIABLE|P0292082007|1|0|1.0|VOLUMEN|VARIABLE|P0292082007|1|0|1.0|VOLUMEN|VARIABLE|P0292082007|1|0|1.0|VOLUMEN|VARIABLE|P0292082007|1|0|1.0|VOLUMEN|VARIABLE|P0292082007|1|0|1.0|VOLUMEN|VARIABLE|P0292082007|1|0|1.0
876,VOLUMEN|FIJO|P0210060001|1|0|1.0|VOLUMEN|FIJO|P0210060001|1|0|1.0|VOLUMEN|FIJO|P0210060001|1|0|1.0|VOLUMEN|FIJO|P0210060001|1|0|1.0|VOLUMEN|FIJO|P0210060001|1|0|1.0|VOLUMEN|FIJO|P0210060001|1|0|1.0|VOLUMEN|FIJO|P0292082007|1|0|2.0|VOLUMEN|FIJO|P0210060001|1|0|1.0|VOLUMEN|FIJO|P0292082007|1|0|2.0|VOLUMEN|FIJO|P0292082007|1|0|2.0|VOLUMEN|FIJO|P0210060001|1|0|1.0|VOLUMEN|FIJO|P0210060001|1|0|1.0|VOLUMEN|FIJO|P0210060001|1|0|1.0|VOLUMEN|FIJO|P0292082007|1|0|2.0|VOLUMEN|FIJO|P0292082007|1|0|2.0|VOLUMEN|FIJO|P0292082007|1|0|2.0|VOLUMEN|FIJO|P0292082007|1|0|2.0|VOLUMEN|FIJO|P0292082007|1|0|2.0|VOLUMEN|FIJO|P0292082007|1|0|2.0|VOLUMEN|FIJO|P0292082007|1|0|2.0|VOLUMEN|FIJO|P0292082007|1|0|2.0
877,VOLUMEN|FIJO|P0210060001|1|0|2.0|VOLUMEN|FIJO|P0210060001|1|0|2.0|VOLUMEN|FIJO|P0210060001|1|0|2.0|VOLUMEN|FIJO|P0210060001|1|0|2.0|VOLUMEN|FIJO|P0210060001|1|0|2.0|VOLUMEN|FIJO|P0210060001|1|0|2.0|VOLUMEN|FIJO|P0292082007|1|0|5.0|VOLUMEN|FIJO|P0210060001|1|0|2.0|VOLUMEN|FIJO|P0292082007|1|0|5.0|VOLUMEN|FIJO|P0292082007|1|0|5.0|VOLUMEN|FIJO|P0210060001|1|0|2.0|VOLUMEN|FIJO|P0210060001|1|0|2.0|VOLUMEN|FIJO|P0210060001|1|0|2.0|VOLUMEN|FIJO|P0292082007|1|0|5.0|VOLUMEN|FIJO|P0292082007|1|0|5.0|VOLUMEN|FIJO|P0292082007|1|0|5.0|VOLUMEN|FIJO|P0292082007|1|0|5.0|VOLUMEN|FIJO|P0292082007|1|0|5.0|VOLUMEN|FIJO|P0292082007|1|0|5.0|VOLUMEN|FIJO|P0292082007|1|0|5.0|VOLUMEN|FIJO|P0292082007|1|0|5.0
878,VOLUMEN|FIJO|200106397|1|0|1.0|VOLUMEN|FIJO|200106397|1|0|1.0|VOLUMEN|FIJO|P0210060001|1|0|2.0|VOLUMEN|FIJO|P0210060001|1|0|2.0|VOLUMEN|FIJO|P0210060001|1|0|2.0|VOLUMEN|FIJO|P0210060001|1|0|2.0|VOLUMEN|FIJO|P0210060001|1|0|2.0|VOLUMEN|FIJO|P0210060001|1|0|2.0|VOLUMEN|FIJO|200106397|1|0|1.0|VOLUMEN|FIJO|P0292082007|1|0|6.0|VOLUMEN|FIJO|P0210060001|1|0|2.0|VOLUMEN|FIJO|200106397|1|0|1.0|VOLUMEN|FIJO|P0292082007|1|0|6.0|VOLUMEN|FIJO|P0292082007|1|0|6.0|VOLUMEN|FIJO|P0210060001|1|0|2.0|VOLUMEN|FIJO|P0210060001|1|0|2.0|VOLUMEN|FIJO|P0210060001|1|0|2.0|VOLUMEN|FIJO|200106397|1|0|1.0|VOLUMEN|FIJO|200106397|1|0|1.0|VOLUMEN|FIJO|200106397|1|0|1.0|VOLUMEN|FIJO|200106397|1|0|1.0|VOLUMEN|FIJO|200106397|1|0|1.0|VOLUMEN|FIJO|P0292082007|1|0|6.0|VOLUMEN|FIJO|P0292082007|1|0|6.0|VOLUMEN|FIJO|P0292082007|1|0|6.0|VOLUMEN|FIJO|P0292082007|1|0|6.0|VOLUMEN|FIJO|P0292082007|1|0|6.0|VOLUMEN|FIJO|P0292082007|1|0|6.0|VOLUMEN|FIJO|P0292082007|1|0|6.0|VOLUMEN|FIJO|P0292082007|1|0|6.0|VOLUMEN|FIJO|200106397|1|0|1.0
879,VOLUMEN|FIJO|200105335|1|0|3.0|VOLUMEN|FIJO|200105335|1|0|3.0|VOLUMEN|FIJO|200105335|1|0|3.0|VOLUMEN|FIJO|200105335|1|0|3.0|VOLUMEN|FIJO|200105335|1|0|3.0|VOLUMEN|FIJO|200105335|1|0|3.0|VOLUMEN|FIJO|200105335|1|0|3.0|VOLUMEN|FIJO|200105335|1|0|3.0|VOLUMEN|FIJO|200105335|1|0|3.0|VOLUMEN|FIJO|200105335|1|0|3.0|VOLUMEN|FIJO|200105335|1|0|3.0|VOLUMEN|FIJO|200105335|1|0|3.0|VOLUMEN|FIJO|200105335|1|0|3.0
880,VOLUMEN|FIJO|200064310|1|0|2.0|VOLUMEN|FIJO|200064310|1|0|2.0|VOLUMEN|FIJO|200064310|1|0|2.0|VOLUMEN|FIJO|200064310|1|0|2.0|VOLUMEN|FIJO|200064310|1|0|2.0|VOLUMEN|FIJO|200064310|1|0|2.0|VOLUMEN|FIJO|200064310|1|0|2.0|VOLUMEN|FIJO|200064310|1|0|2.0|VOLUMEN|FIJO|200064310|1|0|2.0|VOLUMEN|FIJO|200064310|1|0|2.0|VOLUMEN|FIJO|200064310|1|0|2.0|VOLUMEN|FIJO|200064310|1|0|2.0|VOLUMEN|FIJO|200064310|1|0|2.0
881,VOLUMEN|FIJO|200064310|1|0|4.0|VOLUMEN|FIJO|200064310|1|0|4.0|VOLUMEN|FIJO|200064310|1|0|4.0|VOLUMEN|FIJO|200064310|1|0|4.0|VOLUMEN|FIJO|200064310|1|0|4.0|VOLUMEN|FIJO|200064310|1|0|4.0|VOLUMEN|FIJO|200064310|1|0|4.0|VOLUMEN|FIJO|200064310|1|0|4.0|VOLUMEN|FIJO|200064310|1|0|4.0|VOLUMEN|FIJO|200064310|1|0|4.0|VOLUMEN|FIJO|200064310|1|0|4.0|VOLUMEN|FIJO|200064310|1|0|4.0|VOLUMEN|FIJO|200064310|1|0|4.0
882,VOLUMEN|FIJO|200072913|1|0|2.0|VOLUMEN|FIJO|200072913|1|0|2.0|VOLUMEN|FIJO|200072913|1|0|2.0|VOLUMEN|FIJO|200072913|1|0|2.0|VOLUMEN|FIJO|200072913|1|0|2.0|VOLUMEN|FIJO|200072913|1|0|2.0|VOLUMEN|FIJO|200072913|1|0|2.0|VOLUMEN|FIJO|200072913|1|0|2.0|VOLUMEN|FIJO|200072913|1|0|2.0|VOLUMEN|FIJO|200072913|1|0|2.0|VOLUMEN|FIJO|200072913|1|0|2.0|VOLUMEN|FIJO|200072913|1|0|2.0|VOLUMEN|FIJO|200072913|1|0|2.0
883,VOLUMEN|FIJO|200072913|1|0|4.0|VOLUMEN|FIJO|200072913|1|0|4.0|VOLUMEN|FIJO|200072913|1|0|4.0|VOLUMEN|FIJO|200072913|1|0|4.0|VOLUMEN|FIJO|200072913|1|0|4.0|VOLUMEN|FIJO|200072913|1|0|4.0|VOLUMEN|FIJO|200072913|1|0|4.0|VOLUMEN|FIJO|200072913|1|0|4.0|VOLUMEN|FIJO|200072913|1|0|4.0|VOLUMEN|FIJO|200072913|1|0|4.0|VOLUMEN|FIJO|200072913|1|0|4.0|VOLUMEN|FIJO|200072913|1|0|4.0|VOLUMEN|FIJO|200072913|1|0|4.0
884,VOLUMEN|FIJO|200064292|1|0|2.0|VOLUMEN|FIJO|200064292|1|0|2.0|VOLUMEN|FIJO|200064292|1|0|2.0|VOLUMEN|FIJO|200064292|1|0|2.0|VOLUMEN|FIJO|200064292|1|0|2.0|VOLUMEN|FIJO|200064292|1|0|2.0|VOLUMEN|FIJO|200064292|1|0|2.0|VOLUMEN|FIJO|200064292|1|0|2.0|VOLUMEN|FIJO|200064292|1|0|2.0|VOLUMEN|FIJO|200064292|1|0|2.0|VOLUMEN|FIJO|200064292|1|0|2.0
885,VOLUMEN|FIJO|200064292|1|0|4.0|VOLUMEN|FIJO|200064292|1|0|4.0|VOLUMEN|FIJO|200064292|1|0|4.0|VOLUMEN|FIJO|200064292|1|0|4.0|VOLUMEN|FIJO|200064292|1|0|4.0|VOLUMEN|FIJO|200064292|1|0|4.0|VOLUMEN|FIJO|200064292|1|0|4.0|VOLUMEN|FIJO|200064292|1|0|4.0|VOLUMEN|FIJO|200064292|1|0|4.0|VOLUMEN|FIJO|200064292|1|0|4.0|VOLUMEN|FIJO|200064292|1|0|4.0
886,VOLUMEN|FIJO|200064341|1|0|2.0|VOLUMEN|FIJO|200064341|1|0|2.0|VOLUMEN|FIJO|200064341|1|0|2.0|VOLUMEN|FIJO|200064341|1|0|2.0|VOLUMEN|FIJO|200064341|1|0|2.0|VOLUMEN|FIJO|200064341|1|0|2.0|VOLUMEN|FIJO|200064341|1|0|2.0|VOLUMEN|FIJO|200064341|1|0|2.0|VOLUMEN|FIJO|200064341|1|0|2.0|VOLUMEN|FIJO|200064341|1|0|2.0|VOLUMEN|FIJO|200064341|1|0|2.0|VOLUMEN|FIJO|200064341|1|0|2.0|VOLUMEN|FIJO|200064341|1|0|2.0
887,VOLUMEN|FIJO|200064341|1|0|4.0|VOLUMEN|FIJO|200064341|1|0|4.0|VOLUMEN|FIJO|200064341|1|0|4.0|VOLUMEN|FIJO|200064341|1|0|4.0|VOLUMEN|FIJO|200064341|1|0|4.0|VOLUMEN|FIJO|200064341|1|0|4.0|VOLUMEN|FIJO|200064341|1|0|4.0|VOLUMEN|FIJO|200064341|1|0|4.0|VOLUMEN|FIJO|200064341|1|0|4.0|VOLUMEN|FIJO|200064341|1|0|4.0|VOLUMEN|FIJO|200064341|1|0|4.0|VOLUMEN|FIJO|200064341|1|0|4.0|VOLUMEN|FIJO|200064341|1|0|4.0
888,VOLUMEN|FIJO|200046326|1|0|5.0|VOLUMEN|FIJO|200046326|1|0|5.0|VOLUMEN|FIJO|200046326|1|0|5.0|VOLUMEN|FIJO|200046326|1|0|5.0|VOLUMEN|FIJO|200046326|1|0|5.0|VOLUMEN|FIJO|200046326|1|0|5.0|VOLUMEN|FIJO|200046326|1|0|5.0|VOLUMEN|FIJO|200046326|1|0|5.0|VOLUMEN|FIJO|200046326|1|0|5.0
889,VOLUMEN|FIJO|200046326|1|0|3.0|VOLUMEN|FIJO|200046326|1|0|3.0|VOLUMEN|FIJO|200046326|1|0|3.0|VOLUMEN|FIJO|200046326|1|0|3.0|VOLUMEN|FIJO|200046326|1|0|3.0|VOLUMEN|FIJO|200046326|1|0|3.0|VOLUMEN|FIJO|200046326|1|0|3.0|VOLUMEN|FIJO|200046326|1|0|3.0|VOLUMEN|FIJO|200046326|1|0|3.0
890,VOLUMEN|FIJO|200043487|1|0|5.0|VOLUMEN|FIJO|200043487|1|0|5.0|VOLUMEN|FIJO|200043487|1|0|5.0|VOLUMEN|FIJO|200043487|1|0|5.0
891,VOLUMEN|FIJO|200043487|1|0|3.0|VOLUMEN|FIJO|200043487|1|0|3.0|VOLUMEN|FIJO|200043487|1|0|3.0|VOLUMEN|FIJO|200043487|1|0|3.0
892,VOLUMEN|FIJO|200046830|1|0|3.0|VOLUMEN|FIJO|200046830|1|0|3.0|VOLUMEN|FIJO|200046830|1|0|3.0|VOLUMEN|FIJO|200046830|1|0|3.0|VOLUMEN|FIJO|200046830|1|0|3.0|VOLUMEN|FIJO|200046830|1|0|3.0|VOLUMEN|FIJO|200046830|1|0|3.0|VOLUMEN|FIJO|200046830|1|0|3.0|VOLUMEN|FIJO|200046830|1|0|3.0|VOLUMEN|FIJO|200046830|1|0|3.0
893,VOLUMEN|FIJO|200046332|1|0|5.0|VOLUMEN|FIJO|200046332|1|0|5.0
894,VOLUMEN|FIJO|200046332|1|0|3.0|VOLUMEN|FIJO|200046332|1|0|3.0
895,VOLUMEN|FIJO|200093863|1|0|5.0|VOLUMEN|FIJO|200093863|1|0|5.0|VOLUMEN|FIJO|200093863|1|0|5.0|VOLUMEN|FIJO|200093863|1|0|5.0|VOLUMEN|FIJO|200093863|1|0|5.0|VOLUMEN|FIJO|200093863|1|0|5.0|VOLUMEN|FIJO|200093863|1|0|5.0|VOLUMEN|FIJO|200093863|1|0|5.0|VOLUMEN|FIJO|200093863|1|0|5.0
896,VOLUMEN|FIJO|200093863|1|0|3.0|VOLUMEN|FIJO|200093863|1|0|3.0|VOLUMEN|FIJO|200093863|1|0|3.0|VOLUMEN|FIJO|200093863|1|0|3.0|VOLUMEN|FIJO|200093863|1|0|3.0|VOLUMEN|FIJO|200093863|1|0|3.0|VOLUMEN|FIJO|200093863|1|0|3.0|VOLUMEN|FIJO|200093863|1|0|3.0|VOLUMEN|FIJO|200093863|1|0|3.0
897,VOLUMEN|FIJO|200098377|1|0|2.0|VOLUMEN|FIJO|200098377|1|0|2.0|VOLUMEN|FIJO|200098377|1|0|2.0|VOLUMEN|FIJO|200098377|1|0|2.0|VOLUMEN|FIJO|200098377|1|0|2.0|VOLUMEN|FIJO|200098377|1|0|2.0|VOLUMEN|FIJO|200098377|1|0|2.0|VOLUMEN|FIJO|200098377|1|0|2.0|VOLUMEN|FIJO|200098377|1|0|2.0|VOLUMEN|FIJO|200098377|1|0|2.0|VOLUMEN|FIJO|200098377|1|0|2.0
898,VOLUMEN|FIJO|200069656|1|0|3.0|VOLUMEN|FIJO|200069656|1|0|3.0|VOLUMEN|FIJO|200069656|1|0|3.0|VOLUMEN|FIJO|200069656|1|0|3.0|VOLUMEN|FIJO|200069656|1|0|3.0|VOLUMEN|FIJO|200069656|1|0|3.0|VOLUMEN|FIJO|200069656|1|0|3.0|VOLUMEN|FIJO|200069656|1|0|3.0|VOLUMEN|FIJO|200069656|1|0|3.0|VOLUMEN|FIJO|200069656|1|0|3.0
899,VOLUMEN|FIJO|200069656|1|0|2.0|VOLUMEN|FIJO|200069656|1|0|2.0|VOLUMEN|FIJO|200069656|1|0|2.0|VOLUMEN|FIJO|200069656|1|0|2.0|VOLUMEN|FIJO|200069656|1|0|2.0|VOLUMEN|FIJO|200069656|1|0|2.0|VOLUMEN|FIJO|200069656|1|0|2.0|VOLUMEN|FIJO|200069656|1|0|2.0|VOLUMEN|FIJO|200069656|1|0|2.0|VOLUMEN|FIJO|200069656|1|0|2.0
900,VOLUMEN|FIJO|200067147|1|0|2.0|VOLUMEN|FIJO|200067147|1|0|2.0|VOLUMEN|FIJO|200067147|1|0|2.0|VOLUMEN|FIJO|200067147|1|0|2.0|VOLUMEN|FIJO|200067147|1|0|2.0|VOLUMEN|FIJO|200067147|1|0|2.0|VOLUMEN|FIJO|200067147|1|0|2.0|VOLUMEN|FIJO|200067147|1|0|2.0|VOLUMEN|FIJO|200067147|1|0|2.0|VOLUMEN|FIJO|200067147|1|0|2.0
901,VOLUMEN|FIJO|200067147|1|0|3.0|VOLUMEN|FIJO|200067147|1|0|3.0|VOLUMEN|FIJO|200067147|1|0|3.0|VOLUMEN|FIJO|200067147|1|0|3.0|VOLUMEN|FIJO|200067147|1|0|3.0|VOLUMEN|FIJO|200067147|1|0|3.0|VOLUMEN|FIJO|200067147|1|0|3.0|VOLUMEN|FIJO|200067147|1|0|3.0|VOLUMEN|FIJO|200067147|1|0|3.0|VOLUMEN|FIJO|200067147|1|0|3.0
902,VOLUMEN|FIJO|200073399|1|0|3.0|VOLUMEN|FIJO|200073399|1|0|3.0|VOLUMEN|FIJO|200073399|1|0|3.0|VOLUMEN|FIJO|200073399|1|0|3.0|VOLUMEN|FIJO|200073399|1|0|3.0|VOLUMEN|FIJO|200073399|1|0|3.0|VOLUMEN|FIJO|200073399|1|0|3.0|VOLUMEN|FIJO|200073399|1|0|3.0|VOLUMEN|FIJO|200073399|1|0|3.0|VOLUMEN|FIJO|200073399|1|0|3.0
903,VOLUMEN|FIJO|200073399|1|0|2.0|VOLUMEN|FIJO|200073399|1|0|2.0|VOLUMEN|FIJO|200073399|1|0|2.0|VOLUMEN|FIJO|200073399|1|0|2.0|VOLUMEN|FIJO|200073399|1|0|2.0|VOLUMEN|FIJO|200073399|1|0|2.0|VOLUMEN|FIJO|200073399|1|0|2.0|VOLUMEN|FIJO|200073399|1|0|2.0|VOLUMEN|FIJO|200073399|1|0|2.0|VOLUMEN|FIJO|200073399|1|0|2.0
904,VOLUMEN|FIJO|200079482|1|0|3.0|VOLUMEN|FIJO|200079482|1|0|3.0|VOLUMEN|FIJO|200079482|1|0|3.0|VOLUMEN|FIJO|200079482|1|0|3.0|VOLUMEN|FIJO|200079482|1|0|3.0|VOLUMEN|FIJO|200079482|1|0|3.0|VOLUMEN|FIJO|200079482|1|0|3.0|VOLUMEN|FIJO|200079482|1|0|3.0|VOLUMEN|FIJO|200079482|1|0|3.0|VOLUMEN|FIJO|200079482|1|0|3.0
905,VOLUMEN|FIJO|200079482|1|0|2.0|VOLUMEN|FIJO|200079482|1|0|2.0|VOLUMEN|FIJO|200079482|1|0|2.0|VOLUMEN|FIJO|200079482|1|0|2.0|VOLUMEN|FIJO|200079482|1|0|2.0|VOLUMEN|FIJO|200079482|1|0|2.0|VOLUMEN|FIJO|200079482|1|0|2.0|VOLUMEN|FIJO|200079482|1|0|2.0|VOLUMEN|FIJO|200079482|1|0|2.0|VOLUMEN|FIJO|200079482|1|0|2.0
906,VOLUMEN|FIJO|200063985|1|0|3.0|VOLUMEN|FIJO|200063985|1|0|3.0|VOLUMEN|FIJO|200063985|1|0|3.0|VOLUMEN|FIJO|200063985|1|0|3.0|VOLUMEN|FIJO|200063985|1|0|3.0|VOLUMEN|FIJO|200063985|1|0|3.0|VOLUMEN|FIJO|200063985|1|0|3.0|VOLUMEN|FIJO|200063985|1|0|3.0|VOLUMEN|FIJO|200063985|1|0|3.0|VOLUMEN|FIJO|200063985|1|0|3.0|VOLUMEN|FIJO|200063985|1|0|3.0|VOLUMEN|FIJO|200063985|1|0|3.0
907,VOLUMEN|FIJO|200067116|1|0|5.0|VOLUMEN|FIJO|200067116|1|0|5.0|VOLUMEN|FIJO|200067116|1|0|5.0|VOLUMEN|FIJO|200067116|1|0|5.0|VOLUMEN|FIJO|200067116|1|0|5.0|VOLUMEN|FIJO|200067116|1|0|5.0|VOLUMEN|FIJO|200067116|1|0|5.0|VOLUMEN|FIJO|200067116|1|0|5.0|VOLUMEN|FIJO|200067116|1|0|5.0
908,VOLUMEN|FIJO|200067116|1|0|3.0|VOLUMEN|FIJO|200067116|1|0|3.0|VOLUMEN|FIJO|200067116|1|0|3.0|VOLUMEN|FIJO|200067116|1|0|3.0|VOLUMEN|FIJO|200067116|1|0|3.0|VOLUMEN|FIJO|200067116|1|0|3.0|VOLUMEN|FIJO|200067116|1|0|3.0|VOLUMEN|FIJO|200067116|1|0|3.0|VOLUMEN|FIJO|200067116|1|0|3.0
909,VOLUMEN|FIJO|200072538|1|0|5.0|VOLUMEN|FIJO|200072538|1|0|5.0|VOLUMEN|FIJO|200072538|1|0|5.0|VOLUMEN|FIJO|200072538|1|0|5.0|VOLUMEN|FIJO|200072538|1|0|5.0|VOLUMEN|FIJO|200072538|1|0|5.0|VOLUMEN|FIJO|200072538|1|0|5.0|VOLUMEN|FIJO|200072538|1|0|5.0|VOLUMEN|FIJO|200072538|1|0|5.0|VOLUMEN|FIJO|200072538|1|0|5.0
910,VOLUMEN|FIJO|200072538|1|0|3.0|VOLUMEN|FIJO|200072538|1|0|3.0|VOLUMEN|FIJO|200072538|1|0|3.0|VOLUMEN|FIJO|200072538|1|0|3.0|VOLUMEN|FIJO|200072538|1|0|3.0|VOLUMEN|FIJO|200072538|1|0|3.0|VOLUMEN|FIJO|200072538|1|0|3.0|VOLUMEN|FIJO|200072538|1|0|3.0|VOLUMEN|FIJO|200072538|1|0|3.0|VOLUMEN|FIJO|200072538|1|0|3.0
911,VOLUMEN|FIJO|P0067057006|1|0|2.0|VOLUMEN|FIJO|P0067057006|1|0|2.0|VOLUMEN|FIJO|P0067057006|1|0|2.0|VOLUMEN|FIJO|P0067057006|1|0|2.0|VOLUMEN|FIJO|P0067057006|1|0|2.0|VOLUMEN|FIJO|P0067057006|1|0|2.0|VOLUMEN|FIJO|P0067057006|1|0|2.0|VOLUMEN|FIJO|P0067057006|1|0|2.0|VOLUMEN|FIJO|P0067057006|1|0|2.0|VOLUMEN|FIJO|P0067057006|1|0|2.0
912,VOLUMEN|FIJO|P0067057006|1|0|2.0|VOLUMEN|FIJO|P0067057006|1|0|2.0|VOLUMEN|FIJO|P0067057006|1|0|2.0|VOLUMEN|FIJO|P0067057006|1|0|2.0|VOLUMEN|FIJO|P0067057006|1|0|2.0|VOLUMEN|FIJO|P0067057006|1|0|2.0|VOLUMEN|FIJO|P0067057006|1|0|2.0|VOLUMEN|FIJO|P0067057006|1|0|2.0|VOLUMEN|FIJO|P0067057006|1|0|2.0|VOLUMEN|FIJO|P0067057006|1|0|2.0
913,VOLUMEN|FIJO|P0067057006|1|0|2.0|VOLUMEN|FIJO|P0067057006|1|0|2.0|VOLUMEN|FIJO|P0067057006|1|0|2.0|VOLUMEN|FIJO|P0067057006|1|0|2.0|VOLUMEN|FIJO|P0067057006|1|0|2.0|VOLUMEN|FIJO|P0067057006|1|0|2.0|VOLUMEN|FIJO|P0067057006|1|0|2.0|VOLUMEN|FIJO|P0067057006|1|0|2.0|VOLUMEN|FIJO|P0067057006|1|0|2.0|VOLUMEN|FIJO|P0067057006|1|0|2.0
914,VOLUMEN|FIJO|P0067057006|1|0|2.0|VOLUMEN|FIJO|P0067057006|1|0|2.0|VOLUMEN|FIJO|P0067057006|1|0|2.0|VOLUMEN|FIJO|P0067057006|1|0|2.0|VOLUMEN|FIJO|P0067057006|1|0|2.0|VOLUMEN|FIJO|P0067057006|1|0|2.0|VOLUMEN|FIJO|P0067057006|1|0|2.0|VOLUMEN|FIJO|P0067057006|1|0|2.0|VOLUMEN|FIJO|P0067057006|1|0|2.0|VOLUMEN|FIJO|P0067057006|1|0|2.0
915,VOLUMEN|FIJO|P0067057006|1|0|2.0|VOLUMEN|FIJO|P0067057006|1|0|2.0|VOLUMEN|FIJO|P0067057006|1|0|2.0|VOLUMEN|FIJO|P0067057006|1|0|2.0|VOLUMEN|FIJO|P0067057006|1|0|2.0|VOLUMEN|FIJO|P0067057006|1|0|2.0|VOLUMEN|FIJO|P0067057006|1|0|2.0|VOLUMEN|FIJO|P0067057006|1|0|2.0|VOLUMEN|FIJO|P0067057006|1|0|2.0|VOLUMEN|FIJO|P0067057006|1|0|2.0
916,VOLUMEN|FIJO|P0067057006|1|0|2.0|VOLUMEN|FIJO|P0067057006|1|0|2.0|VOLUMEN|FIJO|P0067057006|1|0|2.0|VOLUMEN|FIJO|P0067057006|1|0|2.0|VOLUMEN|FIJO|P0067057006|1|0|2.0|VOLUMEN|FIJO|P0067057006|1|0|2.0|VOLUMEN|FIJO|P0067057006|1|0|2.0|VOLUMEN|FIJO|P0067057006|1|0|2.0|VOLUMEN|FIJO|P0067057006|1|0|2.0|VOLUMEN|FIJO|P0067057006|1|0|2.0
917,VOLUMEN|FIJO|P0067057006|1|0|2.0|VOLUMEN|FIJO|P0067057006|1|0|2.0|VOLUMEN|FIJO|P0067057006|1|0|2.0|VOLUMEN|FIJO|P0067057006|1|0|2.0|VOLUMEN|FIJO|P0067057006|1|0|2.0|VOLUMEN|FIJO|P0067057006|1|0|2.0|VOLUMEN|FIJO|P0067057006|1|0|2.0|VOLUMEN|FIJO|P0067057006|1|0|2.0|VOLUMEN|FIJO|P0067057006|1|0|2.0|VOLUMEN|FIJO|P0067057006|1|0|2.0
918,VOLUMEN|FIJO|P0067057006|1|0|2.0|VOLUMEN|FIJO|P0067057006|1|0|2.0|VOLUMEN|FIJO|P0067057006|1|0|2.0|VOLUMEN|FIJO|P0067057006|1|0|2.0|VOLUMEN|FIJO|P0067057006|1|0|2.0|VOLUMEN|FIJO|P0067057006|1|0|2.0|VOLUMEN|FIJO|P0067057006|1|0|2.0|VOLUMEN|FIJO|P0067057006|1|0|2.0|VOLUMEN|FIJO|P0067057006|1|0|2.0|VOLUMEN|FIJO|P0067057006|1|0|2.0
919,VOLUMEN|FIJO|P0067057006|1|0|2.0|VOLUMEN|FIJO|P0067057006|1|0|2.0|VOLUMEN|FIJO|P0067057006|1|0|2.0|VOLUMEN|FIJO|P0067057006|1|0|2.0|VOLUMEN|FIJO|P0067057006|1|0|2.0|VOLUMEN|FIJO|P0067057006|1|0|2.0|VOLUMEN|FIJO|P0067057006|1|0|2.0|VOLUMEN|FIJO|P0067057006|1|0|2.0|VOLUMEN|FIJO|P0067057006|1|0|2.0|VOLUMEN|FIJO|P0067057006|1|0|2.0
920,VOLUMEN|FIJO|P0067057006|1|0|2.0|VOLUMEN|FIJO|P0067057006|1|0|2.0|VOLUMEN|FIJO|P0067057006|1|0|2.0|VOLUMEN|FIJO|P0067057006|1|0|2.0|VOLUMEN|FIJO|P0067057006|1|0|2.0|VOLUMEN|FIJO|P0067057006|1|0|2.0|VOLUMEN|FIJO|P0067057006|1|0|2.0|VOLUMEN|FIJO|P0067057006|1|0|2.0|VOLUMEN|FIJO|P0067057006|1|0|2.0|VOLUMEN|FIJO|P0067057006|1|0|2.0
921,VOLUMEN|FIJO|P0067057006|1|0|2.0|VOLUMEN|FIJO|P0067057006|1|0|2.0|VOLUMEN|FIJO|P0067057006|1|0|2.0|VOLUMEN|FIJO|P0067057006|1|0|2.0|VOLUMEN|FIJO|P0067057006|1|0|2.0|VOLUMEN|FIJO|P0067057006|1|0|2.0|VOLUMEN|FIJO|P0067057006|1|0|2.0|VOLUMEN|FIJO|P0067057006|1|0|2.0|VOLUMEN|FIJO|P0067057006|1|0|2.0|VOLUMEN|FIJO|P0067057006|1|0|2.0
922,VOLUMEN|FIJO|P0067057006|1|0|2.0|VOLUMEN|FIJO|P0067057006|1|0|2.0|VOLUMEN|FIJO|P0067057006|1|0|2.0|VOLUMEN|FIJO|P0067057006|1|0|2.0|VOLUMEN|FIJO|P0067057006|1|0|2.0|VOLUMEN|FIJO|P0067057006|1|0|2.0|VOLUMEN|FIJO|P0067057006|1|0|2.0|VOLUMEN|FIJO|P0067057006|1|0|2.0|VOLUMEN|FIJO|P0067057006|1|0|2.0|VOLUMEN|FIJO|P0067057006|1|0|2.0
923,VOLUMEN|FIJO|200043496|1|0|5.0|VOLUMEN|FIJO|200043496|1|0|5.0|VOLUMEN|FIJO|200043496|1|0|5.0|VOLUMEN|FIJO|200043496|1|0|5.0|VOLUMEN|FIJO|200043496|1|0|5.0|VOLUMEN|FIJO|200043496|1|0|5.0|VOLUMEN|FIJO|200043496|1|0|5.0|VOLUMEN|FIJO|200043496|1|0|5.0|VOLUMEN|FIJO|200043496|1|0|5.0|VOLUMEN|FIJO|200043496|1|0|5.0
924,VOLUMEN|FIJO|200043496|1|0|3.0|VOLUMEN|FIJO|200043496|1|0|3.0|VOLUMEN|FIJO|200043496|1|0|3.0|VOLUMEN|FIJO|200043496|1|0|3.0|VOLUMEN|FIJO|200043496|1|0|3.0|VOLUMEN|FIJO|200043496|1|0|3.0|VOLUMEN|FIJO|200043496|1|0|3.0|VOLUMEN|FIJO|200043496|1|0|3.0|VOLUMEN|FIJO|200043496|1|0|3.0|VOLUMEN|FIJO|200043496|1|0|3.0
925,VOLUMEN|FIJO|200046331|1|0|5.0|VOLUMEN|FIJO|200046331|1|0|5.0|VOLUMEN|FIJO|200046331|1|0|5.0|VOLUMEN|FIJO|200046331|1|0|5.0|VOLUMEN|FIJO|200046331|1|0|5.0|VOLUMEN|FIJO|200046331|1|0|5.0|VOLUMEN|FIJO|200046331|1|0|5.0|VOLUMEN|FIJO|200046331|1|0|5.0|VOLUMEN|FIJO|200046331|1|0|5.0
926,VOLUMEN|FIJO|200046331|1|0|3.0|VOLUMEN|FIJO|200046331|1|0|3.0|VOLUMEN|FIJO|200046331|1|0|3.0|VOLUMEN|FIJO|200046331|1|0|3.0|VOLUMEN|FIJO|200046331|1|0|3.0|VOLUMEN|FIJO|200046331|1|0|3.0|VOLUMEN|FIJO|200046331|1|0|3.0|VOLUMEN|FIJO|200046331|1|0|3.0|VOLUMEN|FIJO|200046331|1|0|3.0
927,VOLUMEN|FIJO|200050979|1|0|3.0|VOLUMEN|FIJO|200050979|1|0|3.0|VOLUMEN|FIJO|200050981|0|0|3.0|VOLUMEN|FIJO|200050981|0|0|3.0|VOLUMEN|FIJO|200050981|0|0|3.0|VOLUMEN|FIJO|200050981|0|0|3.0|VOLUMEN|FIJO|200050979|1|0|3.0|VOLUMEN|FIJO|200050979|1|0|3.0|VOLUMEN|FIJO|200050979|1|0|3.0|VOLUMEN|FIJO|200050979|1|0|3.0|VOLUMEN|FIJO|200050979|1|0|3.0|VOLUMEN|FIJO|200050979|1|0|3.0|VOLUMEN|FIJO|200050979|1|0|3.0|VOLUMEN|FIJO|200050981|0|0|3.0|VOLUMEN|FIJO|200050979|1|0|3.0|VOLUMEN|FIJO|200050979|1|0|3.0|VOLUMEN|FIJO|200050979|1|0|3.0|VOLUMEN|FIJO|200050979|1|0|3.0|VOLUMEN|FIJO|200050981|0|0|3.0|VOLUMEN|FIJO|200050981|0|0|3.0|VOLUMEN|FIJO|200050981|0|0|3.0|VOLUMEN|FIJO|200050981|0|0|3.0|VOLUMEN|FIJO|200050981|0|0|3.0|VOLUMEN|FIJO|200050981|0|0|3.0|VOLUMEN|FIJO|200050981|0|0|3.0|VOLUMEN|FIJO|200050981|0|0|3.0|VOLUMEN|FIJO|200050979|1|0|3.0
928,VOLUMEN|FIJO|200050979|1|0|5.0|VOLUMEN|FIJO|200050979|1|0|5.0|VOLUMEN|FIJO|200050981|0|0|5.0|VOLUMEN|FIJO|200050981|0|0|5.0|VOLUMEN|FIJO|200050981|0|0|5.0|VOLUMEN|FIJO|200050981|0|0|5.0|VOLUMEN|FIJO|200050979|1|0|5.0|VOLUMEN|FIJO|200050979|1|0|5.0|VOLUMEN|FIJO|200050979|1|0|5.0|VOLUMEN|FIJO|200050979|1|0|5.0|VOLUMEN|FIJO|200050979|1|0|5.0|VOLUMEN|FIJO|200050979|1|0|5.0|VOLUMEN|FIJO|200050979|1|0|5.0|VOLUMEN|FIJO|200050981|0|0|5.0|VOLUMEN|FIJO|200050979|1|0|5.0|VOLUMEN|FIJO|200050979|1|0|5.0|VOLUMEN|FIJO|200050979|1|0|5.0|VOLUMEN|FIJO|200050979|1|0|5.0|VOLUMEN|FIJO|200050981|0|0|5.0|VOLUMEN|FIJO|200050981|0|0|5.0|VOLUMEN|FIJO|200050981|0|0|5.0|VOLUMEN|FIJO|200050981|0|0|5.0|VOLUMEN|FIJO|200050981|0|0|5.0|VOLUMEN|FIJO|200050981|0|0|5.0|VOLUMEN|FIJO|200050981|0|0|5.0|VOLUMEN|FIJO|200050981|0|0|5.0|VOLUMEN|FIJO|200050979|1|0|5.0
929,VOLUMEN|FIJO|200050979|1|0|8.0|VOLUMEN|FIJO|200050979|1|0|8.0|VOLUMEN|FIJO|200050981|0|0|8.0|VOLUMEN|FIJO|200050981|0|0|8.0|VOLUMEN|FIJO|200050981|0|0|8.0|VOLUMEN|FIJO|200050981|0|0|8.0|VOLUMEN|FIJO|200050979|1|0|8.0|VOLUMEN|FIJO|200050979|1|0|8.0|VOLUMEN|FIJO|200050979|1|0|8.0|VOLUMEN|FIJO|200050979|1|0|8.0|VOLUMEN|FIJO|200050979|1|0|8.0|VOLUMEN|FIJO|200050979|1|0|8.0|VOLUMEN|FIJO|200050979|1|0|8.0|VOLUMEN|FIJO|200050981|0|0|8.0|VOLUMEN|FIJO|200050979|1|0|8.0|VOLUMEN|FIJO|200050979|1|0|8.0|VOLUMEN|FIJO|200050979|1|0|8.0|VOLUMEN|FIJO|200050979|1|0|8.0|VOLUMEN|FIJO|200050981|0|0|8.0|VOLUMEN|FIJO|200050981|0|0|8.0|VOLUMEN|FIJO|200050981|0|0|8.0|VOLUMEN|FIJO|200050981|0|0|8.0|VOLUMEN|FIJO|200050981|0|0|8.0|VOLUMEN|FIJO|200050981|0|0|8.0|VOLUMEN|FIJO|200050981|0|0|8.0|VOLUMEN|FIJO|200050981|0|0|8.0|VOLUMEN|FIJO|200050979|1|0|8.0
930,VOLUMEN|FIJO|200043493|1|0|5.0|VOLUMEN|FIJO|200043493|1|0|5.0|VOLUMEN|FIJO|200043493|1|0|5.0|VOLUMEN|FIJO|200043493|1|0|5.0|VOLUMEN|FIJO|200043493|1|0|5.0|VOLUMEN|FIJO|200043493|1|0|5.0|VOLUMEN|FIJO|200043493|1|0|5.0|VOLUMEN|FIJO|200043493|1|0|5.0|VOLUMEN|FIJO|200043493|1|0|5.0
931,VOLUMEN|FIJO|200043493|1|0|3.0|VOLUMEN|FIJO|200043493|1|0|3.0|VOLUMEN|FIJO|200043493|1|0|3.0|VOLUMEN|FIJO|200043493|1|0|3.0|VOLUMEN|FIJO|200043493|1|0|3.0|VOLUMEN|FIJO|200043493|1|0|3.0|VOLUMEN|FIJO|200043493|1|0|3.0|VOLUMEN|FIJO|200043493|1|0|3.0|VOLUMEN|FIJO|200043493|1|0|3.0
932,VOLUMEN|FIJO|200069875|1|0|3.0|VOLUMEN|FIJO|200069875|1|0|3.0|VOLUMEN|FIJO|200069875|1|0|3.0|VOLUMEN|FIJO|200069875|1|0|3.0|VOLUMEN|FIJO|200069875|1|0|3.0|VOLUMEN|FIJO|200069875|1|0|3.0|VOLUMEN|FIJO|200069875|1|0|3.0|VOLUMEN|FIJO|200069875|1|0|3.0|VOLUMEN|FIJO|200069875|1|0|3.0|VOLUMEN|FIJO|200069875|1|0|3.0|VOLUMEN|FIJO|200069875|1|0|3.0
933,VOLUMEN|FIJO|200106354|1|0|2.0|VOLUMEN|FIJO|200106354|1|0|2.0|VOLUMEN|FIJO|200106354|1|0|2.0|VOLUMEN|FIJO|200106354|1|0|2.0|VOLUMEN|FIJO|200106354|1|0|2.0|VOLUMEN|FIJO|200106354|1|0|2.0|VOLUMEN|FIJO|200106354|1|0|2.0|VOLUMEN|FIJO|200106354|1|0|2.0|VOLUMEN|FIJO|200106354|1|0|2.0|VOLUMEN|FIJO|200106354|1|0|2.0|VOLUMEN|FIJO|200106354|1|0|2.0|VOLUMEN|FIJO|200106354|1|0|2.0|VOLUMEN|FIJO|200106354|1|0|2.0
934,VOLUMEN|FIJO|200101369|1|0|3.0|VOLUMEN|FIJO|200101369|1|0|3.0|VOLUMEN|FIJO|200101369|1|0|3.0|VOLUMEN|FIJO|200101369|1|0|3.0|VOLUMEN|FIJO|200101369|1|0|3.0|VOLUMEN|FIJO|200101369|1|0|3.0|VOLUMEN|FIJO|200101369|1|0|3.0|VOLUMEN|FIJO|200101369|1|0|3.0|VOLUMEN|FIJO|200101369|1|0|3.0|VOLUMEN|FIJO|200101369|1|0|3.0|VOLUMEN|FIJO|200101369|1|0|3.0|VOLUMEN|FIJO|200101369|1|0|3.0|VOLUMEN|FIJO|200101369|1|0|3.0
935,VOLUMEN|FIJO|200056121|1|0|5.0|VOLUMEN|FIJO|200056121|1|0|5.0|VOLUMEN|FIJO|200056121|1|0|5.0|VOLUMEN|FIJO|200056121|1|0|5.0|VOLUMEN|FIJO|200056121|1|0|5.0
936,VOLUMEN|FIJO|200056121|1|0|3.0|VOLUMEN|FIJO|200056121|1|0|3.0|VOLUMEN|FIJO|200056121|1|0|3.0|VOLUMEN|FIJO|200056121|1|0|3.0|VOLUMEN|FIJO|200056121|1|0|3.0
937,VOLUMEN|FIJO|200072404|1|0|5.0|VOLUMEN|FIJO|200072404|1|0|5.0|VOLUMEN|FIJO|200072404|1|0|5.0|VOLUMEN|FIJO|200072404|1|0|5.0|VOLUMEN|FIJO|200072404|1|0|5.0|VOLUMEN|FIJO|200072404|1|0|5.0|VOLUMEN|FIJO|200072404|1|0|5.0|VOLUMEN|FIJO|200072404|1|0|5.0|VOLUMEN|FIJO|200072404|1|0|5.0|VOLUMEN|FIJO|200072404|1|0|5.0|VOLUMEN|FIJO|200072404|1|0|5.0|VOLUMEN|FIJO|200072404|1|0|5.0
938,VOLUMEN|FIJO|200072404|1|0|3.0|VOLUMEN|FIJO|200072404|1|0|3.0|VOLUMEN|FIJO|200072404|1|0|3.0|VOLUMEN|FIJO|200072404|1|0|3.0|VOLUMEN|FIJO|200072404|1|0|3.0|VOLUMEN|FIJO|200072404|1|0|3.0|VOLUMEN|FIJO|200072404|1|0|3.0|VOLUMEN|FIJO|200072404|1|0|3.0|VOLUMEN|FIJO|200072404|1|0|3.0|VOLUMEN|FIJO|200072404|1|0|3.0|VOLUMEN|FIJO|200072404|1|0|3.0|VOLUMEN|FIJO|200072404|1|0|3.0
939,VOLUMEN|FIJO|200051355|1|0|5.0|VOLUMEN|FIJO|200051355|1|0|5.0|VOLUMEN|FIJO|200051355|1|0|5.0|VOLUMEN|FIJO|200051355|1|0|5.0|VOLUMEN|FIJO|200051355|1|0|5.0|VOLUMEN|FIJO|200051355|1|0|5.0|VOLUMEN|FIJO|200051355|1|0|5.0
940,VOLUMEN|FIJO|200051355|1|0|3.0|VOLUMEN|FIJO|200051355|1|0|3.0|VOLUMEN|FIJO|200051355|1|0|3.0|VOLUMEN|FIJO|200051355|1|0|3.0|VOLUMEN|FIJO|200051355|1|0|3.0|VOLUMEN|FIJO|200051355|1|0|3.0|VOLUMEN|FIJO|200051355|1|0|3.0
941,VOLUMEN|FIJO|200059112|1|0|5.0
942,VOLUMEN|FIJO|200059112|1|0|3.0
943,VOLUMEN|FIJO|P0132059001|1|0|2.0|VOLUMEN|FIJO|P0132059001|1|0|2.0|VOLUMEN|FIJO|P0132059001|1|0|2.0|VOLUMEN|FIJO|P0132059001|1|0|2.0|VOLUMEN|FIJO|P0132059001|1|0|2.0|VOLUMEN|FIJO|P0132059001|1|0|2.0|VOLUMEN|FIJO|P0132059001|1|0|2.0|VOLUMEN|FIJO|P0132059001|1|0|2.0|VOLUMEN|FIJO|P0132059001|1|0|2.0|VOLUMEN|FIJO|P0132059001|1|0|2.0|VOLUMEN|FIJO|P0132059001|1|0|2.0|VOLUMEN|FIJO|P0132059001|1|0|2.0
944,VOLUMEN|FIJO|P0132059001|1|0|5.0|VOLUMEN|FIJO|P0132059001|1|0|5.0|VOLUMEN|FIJO|P0132059001|1|0|5.0|VOLUMEN|FIJO|P0132059001|1|0|5.0|VOLUMEN|FIJO|P0132059001|1|0|5.0|VOLUMEN|FIJO|P0132059001|1|0|5.0|VOLUMEN|FIJO|P0132059001|1|0|5.0|VOLUMEN|FIJO|P0132059001|1|0|5.0|VOLUMEN|FIJO|P0132059001|1|0|5.0|VOLUMEN|FIJO|P0132059001|1|0|5.0|VOLUMEN|FIJO|P0132059001|1|0|5.0|VOLUMEN|FIJO|P0132059001|1|0|5.0
945,VOLUMEN|FIJO|P0132062000|1|0|4.0|VOLUMEN|FIJO|P0132062000|1|0|4.0|VOLUMEN|FIJO|P0132062000|1|0|4.0|VOLUMEN|FIJO|P0132062000|1|0|4.0|VOLUMEN|FIJO|P0132062000|1|0|4.0|VOLUMEN|FIJO|P0132062000|1|0|4.0|VOLUMEN|FIJO|P0132062000|1|0|4.0|VOLUMEN|FIJO|P0132062000|1|0|4.0|VOLUMEN|FIJO|P0132062000|1|0|4.0|VOLUMEN|FIJO|P0132062000|1|0|4.0|VOLUMEN|FIJO|P0132062000|1|0|4.0|VOLUMEN|FIJO|P0132062000|1|0|4.0
946,VOLUMEN|FIJO|P0132062000|1|0|6.0|VOLUMEN|FIJO|P0132062000|1|0|6.0|VOLUMEN|FIJO|P0132062000|1|0|6.0|VOLUMEN|FIJO|P0132062000|1|0|6.0|VOLUMEN|FIJO|P0132062000|1|0|6.0|VOLUMEN|FIJO|P0132062000|1|0|6.0|VOLUMEN|FIJO|P0132062000|1|0|6.0|VOLUMEN|FIJO|P0132062000|1|0|6.0|VOLUMEN|FIJO|P0132062000|1|0|6.0|VOLUMEN|FIJO|P0132062000|1|0|6.0|VOLUMEN|FIJO|P0132062000|1|0|6.0|VOLUMEN|FIJO|P0132062000|1|0|6.0
947,VOLUMEN|FIJO|P0132062000|1|0|6.0|VOLUMEN|FIJO|P0132062000|1|0|6.0|VOLUMEN|FIJO|P0132062000|1|0|6.0|VOLUMEN|FIJO|P0132062000|1|0|6.0|VOLUMEN|FIJO|P0132062000|1|0|6.0|VOLUMEN|FIJO|P0132062000|1|0|6.0|VOLUMEN|FIJO|P0132062000|1|0|6.0|VOLUMEN|FIJO|P0132062000|1|0|6.0|VOLUMEN|FIJO|P0132062000|1|0|6.0|VOLUMEN|FIJO|P0132062000|1|0|6.0|VOLUMEN|FIJO|P0132062000|1|0|6.0|VOLUMEN|FIJO|P0132062000|1|0|6.0
948,VOLUMEN|FIJO|P0132062000|1|0|6.0|VOLUMEN|FIJO|P0132062000|1|0|6.0|VOLUMEN|FIJO|P0132062000|1|0|6.0|VOLUMEN|FIJO|P0132062000|1|0|6.0|VOLUMEN|FIJO|P0132062000|1|0|6.0|VOLUMEN|FIJO|P0132062000|1|0|6.0|VOLUMEN|FIJO|P0132062000|1|0|6.0|VOLUMEN|FIJO|P0132062000|1|0|6.0|VOLUMEN|FIJO|P0132062000|1|0|6.0|VOLUMEN|FIJO|P0132062000|1|0|6.0|VOLUMEN|FIJO|P0132062000|1|0|6.0|VOLUMEN|FIJO|P0132062000|1|0|6.0
949,VOLUMEN|FIJO|P0132062000|1|0|6.0|VOLUMEN|FIJO|P0132062000|1|0|6.0|VOLUMEN|FIJO|P0132062000|1|0|6.0|VOLUMEN|FIJO|P0132062000|1|0|6.0|VOLUMEN|FIJO|P0132062000|1|0|6.0|VOLUMEN|FIJO|P0132062000|1|0|6.0|VOLUMEN|FIJO|P0132062000|1|0|6.0|VOLUMEN|FIJO|P0132062000|1|0|6.0|VOLUMEN|FIJO|P0132062000|1|0|6.0|VOLUMEN|FIJO|P0132062000|1|0|6.0|VOLUMEN|FIJO|P0132062000|1|0|6.0|VOLUMEN|FIJO|P0132062000|1|0|6.0
950,VOLUMEN|FIJO|P0132062000|1|0|6.0|VOLUMEN|FIJO|P0132062000|1|0|6.0|VOLUMEN|FIJO|P0132062000|1|0|6.0|VOLUMEN|FIJO|P0132062000|1|0|6.0|VOLUMEN|FIJO|P0132062000|1|0|6.0|VOLUMEN|FIJO|P0132062000|1|0|6.0|VOLUMEN|FIJO|P0132062000|1|0|6.0|VOLUMEN|FIJO|P0132062000|1|0|6.0|VOLUMEN|FIJO|P0132062000|1|0|6.0|VOLUMEN|FIJO|P0132062000|1|0|6.0|VOLUMEN|FIJO|P0132062000|1|0|6.0|VOLUMEN|FIJO|P0132062000|1|0|6.0
951,VOLUMEN|FIJO|P0132062000|1|0|6.0|VOLUMEN|FIJO|P0132062000|1|0|6.0|VOLUMEN|FIJO|P0132062000|1|0|6.0|VOLUMEN|FIJO|P0132062000|1|0|6.0|VOLUMEN|FIJO|P0132062000|1|0|6.0|VOLUMEN|FIJO|P0132062000|1|0|6.0|VOLUMEN|FIJO|P0132062000|1|0|6.0|VOLUMEN|FIJO|P0132062000|1|0|6.0|VOLUMEN|FIJO|P0132062000|1|0|6.0|VOLUMEN|FIJO|P0132062000|1|0|6.0|VOLUMEN|FIJO|P0132062000|1|0|6.0|VOLUMEN|FIJO|P0132062000|1|0|6.0
952,VOLUMEN|FIJO|P0132062000|1|0|6.0|VOLUMEN|FIJO|P0132062000|1|0|6.0|VOLUMEN|FIJO|P0132062000|1|0|6.0|VOLUMEN|FIJO|P0132062000|1|0|6.0|VOLUMEN|FIJO|P0132062000|1|0|6.0|VOLUMEN|FIJO|P0132062000|1|0|6.0|VOLUMEN|FIJO|P0132062000|1|0|6.0|VOLUMEN|FIJO|P0132062000|1|0|6.0|VOLUMEN|FIJO|P0132062000|1|0|6.0|VOLUMEN|FIJO|P0132062000|1|0|6.0|VOLUMEN|FIJO|P0132062000|1|0|6.0|VOLUMEN|FIJO|P0132062000|1|0|6.0
953,VOLUMEN|FIJO|P0132062000|1|0|6.0|VOLUMEN|FIJO|P0132062000|1|0|6.0|VOLUMEN|FIJO|P0132062000|1|0|6.0|VOLUMEN|FIJO|P0132062000|1|0|6.0|VOLUMEN|FIJO|P0132062000|1|0|6.0|VOLUMEN|FIJO|P0132062000|1|0|6.0|VOLUMEN|FIJO|P0132062000|1|0|6.0|VOLUMEN|FIJO|P0132062000|1|0|6.0|VOLUMEN|FIJO|P0132062000|1|0|6.0|VOLUMEN|FIJO|P0132062000|1|0|6.0|VOLUMEN|FIJO|P0132062000|1|0|6.0|VOLUMEN|FIJO|P0132062000|1|0|6.0
954,VOLUMEN|FIJO|P0132062000|1|0|6.0|VOLUMEN|FIJO|P0132062000|1|0|6.0|VOLUMEN|FIJO|P0132062000|1|0|6.0|VOLUMEN|FIJO|P0132062000|1|0|6.0|VOLUMEN|FIJO|P0132062000|1|0|6.0|VOLUMEN|FIJO|P0132062000|1|0|6.0|VOLUMEN|FIJO|P0132062000|1|0|6.0|VOLUMEN|FIJO|P0132062000|1|0|6.0|VOLUMEN|FIJO|P0132062000|1|0|6.0|VOLUMEN|FIJO|P0132062000|1|0|6.0|VOLUMEN|FIJO|P0132062000|1|0|6.0|VOLUMEN|FIJO|P0132062000|1|0|6.0
955,VOLUMEN|FIJO|P0132062000|1|0|6.0|VOLUMEN|FIJO|P0132062000|1|0|6.0|VOLUMEN|FIJO|P0132062000|1|0|6.0|VOLUMEN|FIJO|P0132062000|1|0|6.0|VOLUMEN|FIJO|P0132062000|1|0|6.0|VOLUMEN|FIJO|P0132062000|1|0|6.0|VOLUMEN|FIJO|P0132062000|1|0|6.0|VOLUMEN|FIJO|P0132062000|1|0|6.0|VOLUMEN|FIJO|P0132062000|1|0|6.0|VOLUMEN|FIJO|P0132062000|1|0|6.0|VOLUMEN|FIJO|P0132062000|1|0|6.0|VOLUMEN|FIJO|P0132062000|1|0|6.0
956,VOLUMEN|FIJO|P0132062000|1|0|6.0|VOLUMEN|FIJO|P0132062000|1|0|6.0|VOLUMEN|FIJO|P0132062000|1|0|6.0|VOLUMEN|FIJO|P0132062000|1|0|6.0|VOLUMEN|FIJO|P0132062000|1|0|6.0|VOLUMEN|FIJO|P0132062000|1|0|6.0|VOLUMEN|FIJO|P0132062000|1|0|6.0|VOLUMEN|FIJO|P0132062000|1|0|6.0|VOLUMEN|FIJO|P0132062000|1|0|6.0|VOLUMEN|FIJO|P0132062000|1|0|6.0|VOLUMEN|FIJO|P0132062000|1|0|6.0|VOLUMEN|FIJO|P0132062000|1|0|6.0
957,VOLUMEN|FIJO|P0132062000|1|0|6.0|VOLUMEN|FIJO|P0132062000|1|0|6.0|VOLUMEN|FIJO|P0132062000|1|0|6.0|VOLUMEN|FIJO|P0132062000|1|0|6.0|VOLUMEN|FIJO|P0132062000|1|0|6.0|VOLUMEN|FIJO|P0132062000|1|0|6.0|VOLUMEN|FIJO|P0132062000|1|0|6.0|VOLUMEN|FIJO|P0132062000|1|0|6.0|VOLUMEN|FIJO|P0132062000|1|0|6.0|VOLUMEN|FIJO|P0132062000|1|0|6.0|VOLUMEN|FIJO|P0132062000|1|0|6.0|VOLUMEN|FIJO|P0132062000|1|0|6.0
958,VOLUMEN|FIJO|P0132062000|1|0|6.0|VOLUMEN|FIJO|P0132062000|1|0|6.0|VOLUMEN|FIJO|P0132062000|1|0|6.0|VOLUMEN|FIJO|P0132062000|1|0|6.0|VOLUMEN|FIJO|P0132062000|1|0|6.0|VOLUMEN|FIJO|P0132062000|1|0|6.0|VOLUMEN|FIJO|P0132062000|1|0|6.0|VOLUMEN|FIJO|P0132062000|1|0|6.0|VOLUMEN|FIJO|P0132062000|1|0|6.0|VOLUMEN|FIJO|P0132062000|1|0|6.0|VOLUMEN|FIJO|P0132062000|1|0|6.0|VOLUMEN|FIJO|P0132062000|1|0|6.0
959,VOLUMEN|FIJO|P0132062000|1|0|2.0|VOLUMEN|FIJO|P0132062000|1|0|2.0|VOLUMEN|FIJO|P0132062000|1|0|2.0|VOLUMEN|FIJO|P0132062000|1|0|2.0|VOLUMEN|FIJO|P0132062000|1|0|2.0|VOLUMEN|FIJO|P0132062000|1|0|2.0|VOLUMEN|FIJO|P0132062000|1|0|2.0|VOLUMEN|FIJO|P0132062000|1|0|2.0|VOLUMEN|FIJO|P0132062000|1|0|2.0|VOLUMEN|FIJO|P0132062000|1|0|2.0|VOLUMEN|FIJO|P0132062000|1|0|2.0|VOLUMEN|FIJO|P0132062000|1|0|2.0
960,VOLUMEN|FIJO|P0132062000|1|0|2.0|VOLUMEN|FIJO|P0132062000|1|0|2.0|VOLUMEN|FIJO|P0132062000|1|0|2.0|VOLUMEN|FIJO|P0132062000|1|0|2.0|VOLUMEN|FIJO|P0132062000|1|0|2.0|VOLUMEN|FIJO|P0132062000|1|0|2.0|VOLUMEN|FIJO|P0132062000|1|0|2.0|VOLUMEN|FIJO|P0132062000|1|0|2.0|VOLUMEN|FIJO|P0132062000|1|0|2.0|VOLUMEN|FIJO|P0132062000|1|0|2.0|VOLUMEN|FIJO|P0132062000|1|0|2.0|VOLUMEN|FIJO|P0132062000|1|0|2.0
961,VOLUMEN|FIJO|P0132062000|1|0|2.0|VOLUMEN|FIJO|P0132062000|1|0|2.0|VOLUMEN|FIJO|P0132062000|1|0|2.0|VOLUMEN|FIJO|P0132062000|1|0|2.0|VOLUMEN|FIJO|P0132062000|1|0|2.0|VOLUMEN|FIJO|P0132062000|1|0|2.0|VOLUMEN|FIJO|P0132062000|1|0|2.0|VOLUMEN|FIJO|P0132062000|1|0|2.0|VOLUMEN|FIJO|P0132062000|1|0|2.0|VOLUMEN|FIJO|P0132062000|1|0|2.0|VOLUMEN|FIJO|P0132062000|1|0|2.0|VOLUMEN|FIJO|P0132062000|1|0|2.0
962,VOLUMEN|FIJO|P0132062000|1|0|2.0|VOLUMEN|FIJO|P0132062000|1|0|2.0|VOLUMEN|FIJO|P0132062000|1|0|2.0|VOLUMEN|FIJO|P0132062000|1|0|2.0|VOLUMEN|FIJO|P0132062000|1|0|2.0|VOLUMEN|FIJO|P0132062000|1|0|2.0|VOLUMEN|FIJO|P0132062000|1|0|2.0|VOLUMEN|FIJO|P0132062000|1|0|2.0|VOLUMEN|FIJO|P0132062000|1|0|2.0|VOLUMEN|FIJO|P0132062000|1|0|2.0|VOLUMEN|FIJO|P0132062000|1|0|2.0|VOLUMEN|FIJO|P0132062000|1|0|2.0
963,VOLUMEN|FIJO|P0132062000|1|0|2.0|VOLUMEN|FIJO|P0132062000|1|0|2.0|VOLUMEN|FIJO|P0132062000|1|0|2.0|VOLUMEN|FIJO|P0132062000|1|0|2.0|VOLUMEN|FIJO|P0132062000|1|0|2.0|VOLUMEN|FIJO|P0132062000|1|0|2.0|VOLUMEN|FIJO|P0132062000|1|0|2.0|VOLUMEN|FIJO|P0132062000|1|0|2.0|VOLUMEN|FIJO|P0132062000|1|0|2.0|VOLUMEN|FIJO|P0132062000|1|0|2.0|VOLUMEN|FIJO|P0132062000|1|0|2.0|VOLUMEN|FIJO|P0132062000|1|0|2.0
964,VOLUMEN|FIJO|P0132062000|1|0|2.0|VOLUMEN|FIJO|P0132062000|1|0|2.0|VOLUMEN|FIJO|P0132062000|1|0|2.0|VOLUMEN|FIJO|P0132062000|1|0|2.0|VOLUMEN|FIJO|P0132062000|1|0|2.0|VOLUMEN|FIJO|P0132062000|1|0|2.0|VOLUMEN|FIJO|P0132062000|1|0|2.0|VOLUMEN|FIJO|P0132062000|1|0|2.0|VOLUMEN|FIJO|P0132062000|1|0|2.0|VOLUMEN|FIJO|P0132062000|1|0|2.0|VOLUMEN|FIJO|P0132062000|1|0|2.0|VOLUMEN|FIJO|P0132062000|1|0|2.0
965,VOLUMEN|FIJO|P0132062000|1|0|2.0|VOLUMEN|FIJO|P0132062000|1|0|2.0|VOLUMEN|FIJO|P0132062000|1|0|2.0|VOLUMEN|FIJO|P0132062000|1|0|2.0|VOLUMEN|FIJO|P0132062000|1|0|2.0|VOLUMEN|FIJO|P0132062000|1|0|2.0|VOLUMEN|FIJO|P0132062000|1|0|2.0|VOLUMEN|FIJO|P0132062000|1|0|2.0|VOLUMEN|FIJO|P0132062000|1|0|2.0|VOLUMEN|FIJO|P0132062000|1|0|2.0|VOLUMEN|FIJO|P0132062000|1|0|2.0|VOLUMEN|FIJO|P0132062000|1|0|2.0
966,VOLUMEN|FIJO|P0132062000|1|0|2.0|VOLUMEN|FIJO|P0132062000|1|0|2.0|VOLUMEN|FIJO|P0132062000|1|0|2.0|VOLUMEN|FIJO|P0132062000|1|0|2.0|VOLUMEN|FIJO|P0132062000|1|0|2.0|VOLUMEN|FIJO|P0132062000|1|0|2.0|VOLUMEN|FIJO|P0132062000|1|0|2.0|VOLUMEN|FIJO|P0132062000|1|0|2.0|VOLUMEN|FIJO|P0132062000|1|0|2.0|VOLUMEN|FIJO|P0132062000|1|0|2.0|VOLUMEN|FIJO|P0132062000|1|0|2.0|VOLUMEN|FIJO|P0132062000|1|0|2.0
967,VOLUMEN|FIJO|P0132062000|1|0|2.0|VOLUMEN|FIJO|P0132062000|1|0|2.0|VOLUMEN|FIJO|P0132062000|1|0|2.0|VOLUMEN|FIJO|P0132062000|1|0|2.0|VOLUMEN|FIJO|P0132062000|1|0|2.0|VOLUMEN|FIJO|P0132062000|1|0|2.0|VOLUMEN|FIJO|P0132062000|1|0|2.0|VOLUMEN|FIJO|P0132062000|1|0|2.0|VOLUMEN|FIJO|P0132062000|1|0|2.0|VOLUMEN|FIJO|P0132062000|1|0|2.0|VOLUMEN|FIJO|P0132062000|1|0|2.0|VOLUMEN|FIJO|P0132062000|1|0|2.0
968,VOLUMEN|FIJO|P0132062000|1|0|2.0|VOLUMEN|FIJO|P0132062000|1|0|2.0|VOLUMEN|FIJO|P0132062000|1|0|2.0|VOLUMEN|FIJO|P0132062000|1|0|2.0|VOLUMEN|FIJO|P0132062000|1|0|2.0|VOLUMEN|FIJO|P0132062000|1|0|2.0|VOLUMEN|FIJO|P0132062000|1|0|2.0|VOLUMEN|FIJO|P0132062000|1|0|2.0|VOLUMEN|FIJO|P0132062000|1|0|2.0|VOLUMEN|FIJO|P0132062000|1|0|2.0|VOLUMEN|FIJO|P0132062000|1|0|2.0|VOLUMEN|FIJO|P0132062000|1|0|2.0
969,VOLUMEN|FIJO|P0132062000|1|0|2.0|VOLUMEN|FIJO|P0132062000|1|0|2.0|VOLUMEN|FIJO|P0132062000|1|0|2.0|VOLUMEN|FIJO|P0132062000|1|0|2.0|VOLUMEN|FIJO|P0132062000|1|0|2.0|VOLUMEN|FIJO|P0132062000|1|0|2.0|VOLUMEN|FIJO|P0132062000|1|0|2.0|VOLUMEN|FIJO|P0132062000|1|0|2.0|VOLUMEN|FIJO|P0132062000|1|0|2.0|VOLUMEN|FIJO|P0132062000|1|0|2.0|VOLUMEN|FIJO|P0132062000|1|0|2.0|VOLUMEN|FIJO|P0132062000|1|0|2.0
970,VOLUMEN|FIJO|P0132062000|1|0|2.0|VOLUMEN|FIJO|P0132062000|1|0|2.0|VOLUMEN|FIJO|P0132062000|1|0|2.0|VOLUMEN|FIJO|P0132062000|1|0|2.0|VOLUMEN|FIJO|P0132062000|1|0|2.0|VOLUMEN|FIJO|P0132062000|1|0|2.0|VOLUMEN|FIJO|P0132062000|1|0|2.0|VOLUMEN|FIJO|P0132062000|1|0|2.0|VOLUMEN|FIJO|P0132062000|1|0|2.0|VOLUMEN|FIJO|P0132062000|1|0|2.0|VOLUMEN|FIJO|P0132062000|1|0|2.0|VOLUMEN|FIJO|P0132062000|1|0|2.0
971,VOLUMEN|FIJO|P0132062000|1|0|2.0|VOLUMEN|FIJO|P0132062000|1|0|2.0|VOLUMEN|FIJO|P0132062000|1|0|2.0|VOLUMEN|FIJO|P0132062000|1|0|2.0|VOLUMEN|FIJO|P0132062000|1|0|2.0|VOLUMEN|FIJO|P0132062000|1|0|2.0|VOLUMEN|FIJO|P0132062000|1|0|2.0|VOLUMEN|FIJO|P0132062000|1|0|2.0|VOLUMEN|FIJO|P0132062000|1|0|2.0|VOLUMEN|FIJO|P0132062000|1|0|2.0|VOLUMEN|FIJO|P0132062000|1|0|2.0|VOLUMEN|FIJO|P0132062000|1|0|2.0
972,VOLUMEN|FIJO|P0132062000|1|0|2.0|VOLUMEN|FIJO|P0132062000|1|0|2.0|VOLUMEN|FIJO|P0132062000|1|0|2.0|VOLUMEN|FIJO|P0132062000|1|0|2.0|VOLUMEN|FIJO|P0132062000|1|0|2.0|VOLUMEN|FIJO|P0132062000|1|0|2.0|VOLUMEN|FIJO|P0132062000|1|0|2.0|VOLUMEN|FIJO|P0132062000|1|0|2.0|VOLUMEN|FIJO|P0132062000|1|0|2.0|VOLUMEN|FIJO|P0132062000|1|0|2.0|VOLUMEN|FIJO|P0132062000|1|0|2.0|VOLUMEN|FIJO|P0132062000|1|0|2.0
973,VOLUMEN|FIJO|P0132062000|1|0|4.0|VOLUMEN|FIJO|P0132062000|1|0|4.0|VOLUMEN|FIJO|P0132062000|1|0|4.0|VOLUMEN|FIJO|P0132062000|1|0|4.0|VOLUMEN|FIJO|P0132062000|1|0|4.0|VOLUMEN|FIJO|P0132062000|1|0|4.0|VOLUMEN|FIJO|P0132062000|1|0|4.0|VOLUMEN|FIJO|P0132062000|1|0|4.0|VOLUMEN|FIJO|P0132062000|1|0|4.0|VOLUMEN|FIJO|P0132062000|1|0|4.0|VOLUMEN|FIJO|P0132062000|1|0|4.0|VOLUMEN|FIJO|P0132062000|1|0|4.0
974,VOLUMEN|FIJO|P0132062000|1|0|4.0|VOLUMEN|FIJO|P0132062000|1|0|4.0|VOLUMEN|FIJO|P0132062000|1|0|4.0|VOLUMEN|FIJO|P0132062000|1|0|4.0|VOLUMEN|FIJO|P0132062000|1|0|4.0|VOLUMEN|FIJO|P0132062000|1|0|4.0|VOLUMEN|FIJO|P0132062000|1|0|4.0|VOLUMEN|FIJO|P0132062000|1|0|4.0|VOLUMEN|FIJO|P0132062000|1|0|4.0|VOLUMEN|FIJO|P0132062000|1|0|4.0|VOLUMEN|FIJO|P0132062000|1|0|4.0|VOLUMEN|FIJO|P0132062000|1|0|4.0
975,VOLUMEN|FIJO|P0132062000|1|0|4.0|VOLUMEN|FIJO|P0132062000|1|0|4.0|VOLUMEN|FIJO|P0132062000|1|0|4.0|VOLUMEN|FIJO|P0132062000|1|0|4.0|VOLUMEN|FIJO|P0132062000|1|0|4.0|VOLUMEN|FIJO|P0132062000|1|0|4.0|VOLUMEN|FIJO|P0132062000|1|0|4.0|VOLUMEN|FIJO|P0132062000|1|0|4.0|VOLUMEN|FIJO|P0132062000|1|0|4.0|VOLUMEN|FIJO|P0132062000|1|0|4.0|VOLUMEN|FIJO|P0132062000|1|0|4.0|VOLUMEN|FIJO|P0132062000|1|0|4.0
976,VOLUMEN|FIJO|P0132062000|1|0|4.0|VOLUMEN|FIJO|P0132062000|1|0|4.0|VOLUMEN|FIJO|P0132062000|1|0|4.0|VOLUMEN|FIJO|P0132062000|1|0|4.0|VOLUMEN|FIJO|P0132062000|1|0|4.0|VOLUMEN|FIJO|P0132062000|1|0|4.0|VOLUMEN|FIJO|P0132062000|1|0|4.0|VOLUMEN|FIJO|P0132062000|1|0|4.0|VOLUMEN|FIJO|P0132062000|1|0|4.0|VOLUMEN|FIJO|P0132062000|1|0|4.0|VOLUMEN|FIJO|P0132062000|1|0|4.0|VOLUMEN|FIJO|P0132062000|1|0|4.0
977,VOLUMEN|FIJO|P0132062000|1|0|4.0|VOLUMEN|FIJO|P0132062000|1|0|4.0|VOLUMEN|FIJO|P0132062000|1|0|4.0|VOLUMEN|FIJO|P0132062000|1|0|4.0|VOLUMEN|FIJO|P0132062000|1|0|4.0|VOLUMEN|FIJO|P0132062000|1|0|4.0|VOLUMEN|FIJO|P0132062000|1|0|4.0|VOLUMEN|FIJO|P0132062000|1|0|4.0|VOLUMEN|FIJO|P0132062000|1|0|4.0|VOLUMEN|FIJO|P0132062000|1|0|4.0|VOLUMEN|FIJO|P0132062000|1|0|4.0|VOLUMEN|FIJO|P0132062000|1|0|4.0
978,VOLUMEN|FIJO|P0132062000|1|0|4.0|VOLUMEN|FIJO|P0132062000|1|0|4.0|VOLUMEN|FIJO|P0132062000|1|0|4.0|VOLUMEN|FIJO|P0132062000|1|0|4.0|VOLUMEN|FIJO|P0132062000|1|0|4.0|VOLUMEN|FIJO|P0132062000|1|0|4.0|VOLUMEN|FIJO|P0132062000|1|0|4.0|VOLUMEN|FIJO|P0132062000|1|0|4.0|VOLUMEN|FIJO|P0132062000|1|0|4.0|VOLUMEN|FIJO|P0132062000|1|0|4.0|VOLUMEN|FIJO|P0132062000|1|0|4.0|VOLUMEN|FIJO|P0132062000|1|0|4.0
979,VOLUMEN|FIJO|P0132062000|1|0|4.0|VOLUMEN|FIJO|P0132062000|1|0|4.0|VOLUMEN|FIJO|P0132062000|1|0|4.0|VOLUMEN|FIJO|P0132062000|1|0|4.0|VOLUMEN|FIJO|P0132062000|1|0|4.0|VOLUMEN|FIJO|P0132062000|1|0|4.0|VOLUMEN|FIJO|P0132062000|1|0|4.0|VOLUMEN|FIJO|P0132062000|1|0|4.0|VOLUMEN|FIJO|P0132062000|1|0|4.0|VOLUMEN|FIJO|P0132062000|1|0|4.0|VOLUMEN|FIJO|P0132062000|1|0|4.0|VOLUMEN|FIJO|P0132062000|1|0|4.0
980,VOLUMEN|FIJO|P0132062000|1|0|4.0|VOLUMEN|FIJO|P0132062000|1|0|4.0|VOLUMEN|FIJO|P0132062000|1|0|4.0|VOLUMEN|FIJO|P0132062000|1|0|4.0|VOLUMEN|FIJO|P0132062000|1|0|4.0|VOLUMEN|FIJO|P0132062000|1|0|4.0|VOLUMEN|FIJO|P0132062000|1|0|4.0|VOLUMEN|FIJO|P0132062000|1|0|4.0|VOLUMEN|FIJO|P0132062000|1|0|4.0|VOLUMEN|FIJO|P0132062000|1|0|4.0|VOLUMEN|FIJO|P0132062000|1|0|4.0|VOLUMEN|FIJO|P0132062000|1|0|4.0
981,VOLUMEN|FIJO|P0132062000|1|0|4.0|VOLUMEN|FIJO|P0132062000|1|0|4.0|VOLUMEN|FIJO|P0132062000|1|0|4.0|VOLUMEN|FIJO|P0132062000|1|0|4.0|VOLUMEN|FIJO|P0132062000|1|0|4.0|VOLUMEN|FIJO|P0132062000|1|0|4.0|VOLUMEN|FIJO|P0132062000|1|0|4.0|VOLUMEN|FIJO|P0132062000|1|0|4.0|VOLUMEN|FIJO|P0132062000|1|0|4.0|VOLUMEN|FIJO|P0132062000|1|0|4.0|VOLUMEN|FIJO|P0132062000|1|0|4.0|VOLUMEN|FIJO|P0132062000|1|0|4.0
982,VOLUMEN|FIJO|P0132062000|1|0|4.0|VOLUMEN|FIJO|P0132062000|1|0|4.0|VOLUMEN|FIJO|P0132062000|1|0|4.0|VOLUMEN|FIJO|P0132062000|1|0|4.0|VOLUMEN|FIJO|P0132062000|1|0|4.0|VOLUMEN|FIJO|P0132062000|1|0|4.0|VOLUMEN|FIJO|P0132062000|1|0|4.0|VOLUMEN|FIJO|P0132062000|1|0|4.0|VOLUMEN|FIJO|P0132062000|1|0|4.0|VOLUMEN|FIJO|P0132062000|1|0|4.0|VOLUMEN|FIJO|P0132062000|1|0|4.0|VOLUMEN|FIJO|P0132062000|1|0|4.0
983,VOLUMEN|FIJO|P0132062000|1|0|4.0|VOLUMEN|FIJO|P0132062000|1|0|4.0|VOLUMEN|FIJO|P0132062000|1|0|4.0|VOLUMEN|FIJO|P0132062000|1|0|4.0|VOLUMEN|FIJO|P0132062000|1|0|4.0|VOLUMEN|FIJO|P0132062000|1|0|4.0|VOLUMEN|FIJO|P0132062000|1|0|4.0|VOLUMEN|FIJO|P0132062000|1|0|4.0|VOLUMEN|FIJO|P0132062000|1|0|4.0|VOLUMEN|FIJO|P0132062000|1|0|4.0|VOLUMEN|FIJO|P0132062000|1|0|4.0|VOLUMEN|FIJO|P0132062000|1|0|4.0
984,VOLUMEN|FIJO|P0132062000|1|0|4.0|VOLUMEN|FIJO|P0132062000|1|0|4.0|VOLUMEN|FIJO|P0132062000|1|0|4.0|VOLUMEN|FIJO|P0132062000|1|0|4.0|VOLUMEN|FIJO|P0132062000|1|0|4.0|VOLUMEN|FIJO|P0132062000|1|0|4.0|VOLUMEN|FIJO|P0132062000|1|0|4.0|VOLUMEN|FIJO|P0132062000|1|0|4.0|VOLUMEN|FIJO|P0132062000|1|0|4.0|VOLUMEN|FIJO|P0132062000|1|0|4.0|VOLUMEN|FIJO|P0132062000|1|0|4.0|VOLUMEN|FIJO|P0132062000|1|0|4.0
985,VOLUMEN|FIJO|P0132062000|1|0|4.0|VOLUMEN|FIJO|P0132062000|1|0|4.0|VOLUMEN|FIJO|P0132062000|1|0|4.0|VOLUMEN|FIJO|P0132062000|1|0|4.0|VOLUMEN|FIJO|P0132062000|1|0|4.0|VOLUMEN|FIJO|P0132062000|1|0|4.0|VOLUMEN|FIJO|P0132062000|1|0|4.0|VOLUMEN|FIJO|P0132062000|1|0|4.0|VOLUMEN|FIJO|P0132062000|1|0|4.0|VOLUMEN|FIJO|P0132062000|1|0|4.0|VOLUMEN|FIJO|P0132062000|1|0|4.0|VOLUMEN|FIJO|P0132062000|1|0|4.0
986,VOLUMEN|FIJO|P0132062000|1|0|6.0|VOLUMEN|FIJO|P0132062000|1|0|6.0|VOLUMEN|FIJO|P0132062000|1|0|6.0|VOLUMEN|FIJO|P0132062000|1|0|6.0|VOLUMEN|FIJO|P0132062000|1|0|6.0|VOLUMEN|FIJO|P0132062000|1|0|6.0|VOLUMEN|FIJO|P0132062000|1|0|6.0|VOLUMEN|FIJO|P0132062000|1|0|6.0|VOLUMEN|FIJO|P0132062000|1|0|6.0|VOLUMEN|FIJO|P0132062000|1|0|6.0|VOLUMEN|FIJO|P0132062000|1|0|6.0|VOLUMEN|FIJO|P0132062000|1|0|6.0
987,VOLUMEN|FIJO|200072593|1|0|6.0|VOLUMEN|FIJO|200072593|1|0|6.0|VOLUMEN|FIJO|200072593|1|0|6.0|VOLUMEN|FIJO|200072593|1|0|6.0|VOLUMEN|FIJO|200072593|1|0|6.0|VOLUMEN|FIJO|200072593|1|0|6.0|VOLUMEN|FIJO|200072593|1|0|6.0|VOLUMEN|FIJO|200072593|1|0|6.0|VOLUMEN|FIJO|200072593|1|0|6.0|VOLUMEN|FIJO|200072593|1|0|6.0|VOLUMEN|FIJO|200072593|1|0|6.0|VOLUMEN|FIJO|200072593|1|0|6.0
988,VOLUMEN|FIJO|200072593|1|0|2.0|VOLUMEN|FIJO|200072593|1|0|2.0|VOLUMEN|FIJO|200072593|1|0|2.0|VOLUMEN|FIJO|200072593|1|0|2.0|VOLUMEN|FIJO|200072593|1|0|2.0|VOLUMEN|FIJO|200072593|1|0|2.0|VOLUMEN|FIJO|200072593|1|0|2.0|VOLUMEN|FIJO|200072593|1|0|2.0|VOLUMEN|FIJO|200072593|1|0|2.0|VOLUMEN|FIJO|200072593|1|0|2.0|VOLUMEN|FIJO|200072593|1|0|2.0|VOLUMEN|FIJO|200072593|1|0|2.0
989,VOLUMEN|FIJO|200072593|1|0|4.0|VOLUMEN|FIJO|200072593|1|0|4.0|VOLUMEN|FIJO|200072593|1|0|4.0|VOLUMEN|FIJO|200072593|1|0|4.0|VOLUMEN|FIJO|200072593|1|0|4.0|VOLUMEN|FIJO|200072593|1|0|4.0|VOLUMEN|FIJO|200072593|1|0|4.0|VOLUMEN|FIJO|200072593|1|0|4.0|VOLUMEN|FIJO|200072593|1|0|4.0|VOLUMEN|FIJO|200072593|1|0|4.0|VOLUMEN|FIJO|200072593|1|0|4.0|VOLUMEN|FIJO|200072593|1|0|4.0
990,VOLUMEN|FIJO|200106284|1|0|3.0|VOLUMEN|FIJO|200106284|1|0|3.0|VOLUMEN|FIJO|200106284|1|0|3.0|VOLUMEN|FIJO|200106284|1|0|3.0|VOLUMEN|FIJO|200106284|1|0|3.0|VOLUMEN|FIJO|200106284|1|0|3.0|VOLUMEN|FIJO|200106284|1|0|3.0|VOLUMEN|FIJO|200106284|1|0|3.0|VOLUMEN|FIJO|200106284|1|0|3.0|VOLUMEN|FIJO|200106284|1|0|3.0
991,VOLUMEN|FIJO|200110157|1|0|2.0|VOLUMEN|FIJO|200110157|1|0|2.0|VOLUMEN|FIJO|200110157|1|0|2.0|VOLUMEN|FIJO|200110157|1|0|2.0|VOLUMEN|FIJO|200110157|1|0|2.0|VOLUMEN|FIJO|200110157|1|0|2.0|VOLUMEN|FIJO|200110157|1|0|2.0|VOLUMEN|FIJO|200110157|1|0|2.0|VOLUMEN|FIJO|200110157|1|0|2.0|VOLUMEN|FIJO|200110157|1|0|2.0|VOLUMEN|FIJO|200110157|1|0|2.0
992,VOLUMEN|FIJO|200049918|1|0|6.0|VOLUMEN|FIJO|200049918|1|0|6.0|VOLUMEN|FIJO|200049918|1|0|6.0|VOLUMEN|FIJO|200049918|1|0|6.0|VOLUMEN|FIJO|200049918|1|0|6.0|VOLUMEN|FIJO|200049918|1|0|6.0|VOLUMEN|FIJO|200049918|1|0|6.0|VOLUMEN|FIJO|200049918|1|0|6.0|VOLUMEN|FIJO|200049918|1|0|6.0|VOLUMEN|FIJO|200049918|1|0|6.0|VOLUMEN|FIJO|200049918|1|0|6.0|VOLUMEN|FIJO|200049918|1|0|6.0
993,VOLUMEN|FIJO|200049918|1|0|2.0|VOLUMEN|FIJO|200049918|1|0|2.0|VOLUMEN|FIJO|200049918|1|0|2.0|VOLUMEN|FIJO|200049918|1|0|2.0|VOLUMEN|FIJO|200049918|1|0|2.0|VOLUMEN|FIJO|200049918|1|0|2.0|VOLUMEN|FIJO|200049918|1|0|2.0|VOLUMEN|FIJO|200049918|1|0|2.0|VOLUMEN|FIJO|200049918|1|0|2.0|VOLUMEN|FIJO|200049918|1|0|2.0|VOLUMEN|FIJO|200049918|1|0|2.0|VOLUMEN|FIJO|200049918|1|0|2.0
994,VOLUMEN|FIJO|200049918|1|0|4.0|VOLUMEN|FIJO|200049918|1|0|4.0|VOLUMEN|FIJO|200049918|1|0|4.0|VOLUMEN|FIJO|200049918|1|0|4.0|VOLUMEN|FIJO|200049918|1|0|4.0|VOLUMEN|FIJO|200049918|1|0|4.0|VOLUMEN|FIJO|200049918|1|0|4.0|VOLUMEN|FIJO|200049918|1|0|4.0|VOLUMEN|FIJO|200049918|1|0|4.0|VOLUMEN|FIJO|200049918|1|0|4.0|VOLUMEN|FIJO|200049918|1|0|4.0|VOLUMEN|FIJO|200049918|1|0|4.0
995,VOLUMEN|FIJO|200060357|1|0|6.0|VOLUMEN|FIJO|200060357|1|0|6.0|VOLUMEN|FIJO|200060357|1|0|6.0|VOLUMEN|FIJO|200060357|1|0|6.0|VOLUMEN|FIJO|200060357|1|0|6.0|VOLUMEN|FIJO|200060357|1|0|6.0|VOLUMEN|FIJO|200060357|1|0|6.0|VOLUMEN|FIJO|200060357|1|0|6.0|VOLUMEN|FIJO|200060357|1|0|6.0|VOLUMEN|FIJO|200060357|1|0|6.0|VOLUMEN|FIJO|200060357|1|0|6.0|VOLUMEN|FIJO|200060357|1|0|6.0
996,VOLUMEN|FIJO|200060357|1|0|2.0|VOLUMEN|FIJO|200060357|1|0|2.0|VOLUMEN|FIJO|200060357|1|0|2.0|VOLUMEN|FIJO|200060357|1|0|2.0|VOLUMEN|FIJO|200060357|1|0|2.0|VOLUMEN|FIJO|200060357|1|0|2.0|VOLUMEN|FIJO|200060357|1|0|2.0|VOLUMEN|FIJO|200060357|1|0|2.0|VOLUMEN|FIJO|200060357|1|0|2.0|VOLUMEN|FIJO|200060357|1|0|2.0|VOLUMEN|FIJO|200060357|1|0|2.0|VOLUMEN|FIJO|200060357|1|0|2.0
997,VOLUMEN|FIJO|200060357|1|0|4.0|VOLUMEN|FIJO|200060357|1|0|4.0|VOLUMEN|FIJO|200060357|1|0|4.0|VOLUMEN|FIJO|200060357|1|0|4.0|VOLUMEN|FIJO|200060357|1|0|4.0|VOLUMEN|FIJO|200060357|1|0|4.0|VOLUMEN|FIJO|200060357|1|0|4.0|VOLUMEN|FIJO|200060357|1|0|4.0|VOLUMEN|FIJO|200060357|1|0|4.0|VOLUMEN|FIJO|200060357|1|0|4.0|VOLUMEN|FIJO|200060357|1|0|4.0|VOLUMEN|FIJO|200060357|1|0|4.0
998,VOLUMEN|FIJO|200056639|1|0|5.0|VOLUMEN|FIJO|200056639|1|0|5.0|VOLUMEN|FIJO|200056639|1|0|5.0|VOLUMEN|FIJO|200056639|1|0|5.0|VOLUMEN|FIJO|200056639|1|0|5.0|VOLUMEN|FIJO|200056639|1|0|5.0|VOLUMEN|FIJO|200056639|1|0|5.0|VOLUMEN|FIJO|200056639|1|0|5.0|VOLUMEN|FIJO|200056639|1|0|5.0
999,VOLUMEN|FIJO|200056639|1|0|3.0|VOLUMEN|FIJO|200056639|1|0|3.0|VOLUMEN|FIJO|200056639|1|0|3.0|VOLUMEN|FIJO|200056639|1|0|3.0|VOLUMEN|FIJO|200056639|1|0|3.0|VOLUMEN|FIJO|200056639|1|0|3.0|VOLUMEN|FIJO|200056639|1|0|3.0|VOLUMEN|FIJO|200056639|1|0|3.0|VOLUMEN|FIJO|200056639|1|0|3.0
1000,VOLUMEN|FIJO|200106312|1|0|4.0|VOLUMEN|FIJO|200106312|1|0|4.0|VOLUMEN|FIJO|200106312|1|0|4.0|VOLUMEN|FIJO|200106312|1|0|4.0|VOLUMEN|FIJO|200106312|1|0|4.0|VOLUMEN|FIJO|200106312|1|0|4.0|VOLUMEN|FIJO|200106312|1|0|4.0|VOLUMEN|FIJO|200106312|1|0|4.0|VOLUMEN|FIJO|200106312|1|0|4.0|VOLUMEN|FIJO|200106312|1|0|4.0
1001,VOLUMEN|FIJO|200106312|1|0|6.0|VOLUMEN|FIJO|200106312|1|0|6.0|VOLUMEN|FIJO|200106312|1|0|6.0|VOLUMEN|FIJO|200106312|1|0|6.0|VOLUMEN|FIJO|200106312|1|0|6.0|VOLUMEN|FIJO|200106312|1|0|6.0|VOLUMEN|FIJO|200106312|1|0|6.0|VOLUMEN|FIJO|200106312|1|0|6.0|VOLUMEN|FIJO|200106312|1|0|6.0|VOLUMEN|FIJO|200106312|1|0|6.0
1002,VOLUMEN|FIJO|200106312|1|0|2.0|VOLUMEN|FIJO|200106312|1|0|2.0|VOLUMEN|FIJO|200106312|1|0|2.0|VOLUMEN|FIJO|200106312|1|0|2.0|VOLUMEN|FIJO|200106312|1|0|2.0|VOLUMEN|FIJO|200106312|1|0|2.0|VOLUMEN|FIJO|200106312|1|0|2.0|VOLUMEN|FIJO|200106312|1|0|2.0|VOLUMEN|FIJO|200106312|1|0|2.0|VOLUMEN|FIJO|200106312|1|0|2.0
1003,VOLUMEN|FIJO|200106396|1|0|4.0|VOLUMEN|FIJO|200106396|1|0|4.0|VOLUMEN|FIJO|200106396|1|0|4.0|VOLUMEN|FIJO|200106396|1|0|4.0|VOLUMEN|FIJO|200106396|1|0|4.0|VOLUMEN|FIJO|200106396|1|0|4.0|VOLUMEN|FIJO|200106396|1|0|4.0|VOLUMEN|FIJO|200106396|1|0|4.0|VOLUMEN|FIJO|200106396|1|0|4.0|VOLUMEN|FIJO|200106396|1|0|4.0
1004,VOLUMEN|FIJO|200106396|1|0|6.0|VOLUMEN|FIJO|200106396|1|0|6.0|VOLUMEN|FIJO|200106396|1|0|6.0|VOLUMEN|FIJO|200106396|1|0|6.0|VOLUMEN|FIJO|200106396|1|0|6.0|VOLUMEN|FIJO|200106396|1|0|6.0|VOLUMEN|FIJO|200106396|1|0|6.0|VOLUMEN|FIJO|200106396|1|0|6.0|VOLUMEN|FIJO|200106396|1|0|6.0|VOLUMEN|FIJO|200106396|1|0|6.0
1005,VOLUMEN|FIJO|200106396|1|0|2.0|VOLUMEN|FIJO|200106396|1|0|2.0|VOLUMEN|FIJO|200106396|1|0|2.0|VOLUMEN|FIJO|200106396|1|0|2.0|VOLUMEN|FIJO|200106396|1|0|2.0|VOLUMEN|FIJO|200106396|1|0|2.0|VOLUMEN|FIJO|200106396|1|0|2.0|VOLUMEN|FIJO|200106396|1|0|2.0|VOLUMEN|FIJO|200106396|1|0|2.0|VOLUMEN|FIJO|200106396|1|0|2.0
1006,VOLUMEN|FIJO|200106397|1|0|6.0|VOLUMEN|FIJO|200106397|1|0|6.0|VOLUMEN|FIJO|200106397|1|0|6.0|VOLUMEN|FIJO|200106397|1|0|6.0|VOLUMEN|FIJO|200106397|1|0|6.0|VOLUMEN|FIJO|200106397|1|0|6.0|VOLUMEN|FIJO|200106397|1|0|6.0|VOLUMEN|FIJO|200106397|1|0|6.0|VOLUMEN|FIJO|200106397|1|0|6.0|VOLUMEN|FIJO|200106397|1|0|6.0
1007,VOLUMEN|FIJO|200106397|1|0|4.0|VOLUMEN|FIJO|200106397|1|0|4.0|VOLUMEN|FIJO|200106397|1|0|4.0|VOLUMEN|FIJO|200106397|1|0|4.0|VOLUMEN|FIJO|200106397|1|0|4.0|VOLUMEN|FIJO|200106397|1|0|4.0|VOLUMEN|FIJO|200106397|1|0|4.0|VOLUMEN|FIJO|200106397|1|0|4.0|VOLUMEN|FIJO|200106397|1|0|4.0|VOLUMEN|FIJO|200106397|1|0|4.0
1008,VOLUMEN|FIJO|200106397|1|0|2.0|VOLUMEN|FIJO|200106397|1|0|2.0|VOLUMEN|FIJO|200106397|1|0|2.0|VOLUMEN|FIJO|200106397|1|0|2.0|VOLUMEN|FIJO|200106397|1|0|2.0|VOLUMEN|FIJO|200106397|1|0|2.0|VOLUMEN|FIJO|200106397|1|0|2.0|VOLUMEN|FIJO|200106397|1|0|2.0|VOLUMEN|FIJO|200106397|1|0|2.0|VOLUMEN|FIJO|200106397|1|0|2.0
1009,VOLUMEN|FIJO|200106398|1|0|4.0|VOLUMEN|FIJO|200106398|1|0|4.0|VOLUMEN|FIJO|200106398|1|0|4.0|VOLUMEN|FIJO|200106398|1|0|4.0|VOLUMEN|FIJO|200106398|1|0|4.0|VOLUMEN|FIJO|200106398|1|0|4.0|VOLUMEN|FIJO|200106398|1|0|4.0|VOLUMEN|FIJO|200106398|1|0|4.0|VOLUMEN|FIJO|200106398|1|0|4.0|VOLUMEN|FIJO|200106398|1|0|4.0
1010,VOLUMEN|FIJO|200106398|1|0|6.0|VOLUMEN|FIJO|200106398|1|0|6.0|VOLUMEN|FIJO|200106398|1|0|6.0|VOLUMEN|FIJO|200106398|1|0|6.0|VOLUMEN|FIJO|200106398|1|0|6.0|VOLUMEN|FIJO|200106398|1|0|6.0|VOLUMEN|FIJO|200106398|1|0|6.0|VOLUMEN|FIJO|200106398|1|0|6.0|VOLUMEN|FIJO|200106398|1|0|6.0|VOLUMEN|FIJO|200106398|1|0|6.0
1011,VOLUMEN|FIJO|200106398|1|0|2.0|VOLUMEN|FIJO|200106398|1|0|2.0|VOLUMEN|FIJO|200106398|1|0|2.0|VOLUMEN|FIJO|200106398|1|0|2.0|VOLUMEN|FIJO|200106398|1|0|2.0|VOLUMEN|FIJO|200106398|1|0|2.0|VOLUMEN|FIJO|200106398|1|0|2.0|VOLUMEN|FIJO|200106398|1|0|2.0|VOLUMEN|FIJO|200106398|1|0|2.0|VOLUMEN|FIJO|200106398|1|0|2.0
1012,VOLUMEN|FIJO|200111379|1|0|4.0|VOLUMEN|FIJO|200111379|1|0|4.0|VOLUMEN|FIJO|200111379|1|0|4.0|VOLUMEN|FIJO|200111379|1|0|4.0|VOLUMEN|FIJO|200111379|1|0|4.0|VOLUMEN|FIJO|200111379|1|0|4.0|VOLUMEN|FIJO|200111379|1|0|4.0|VOLUMEN|FIJO|200111379|1|0|4.0|VOLUMEN|FIJO|200111379|1|0|4.0|VOLUMEN|FIJO|200111379|1|0|4.0|VOLUMEN|FIJO|200111379|1|0|4.0
1013,VOLUMEN|FIJO|200111379|1|0|6.0|VOLUMEN|FIJO|200111379|1|0|6.0|VOLUMEN|FIJO|200111379|1|0|6.0|VOLUMEN|FIJO|200111379|1|0|6.0|VOLUMEN|FIJO|200111379|1|0|6.0|VOLUMEN|FIJO|200111379|1|0|6.0|VOLUMEN|FIJO|200111379|1|0|6.0|VOLUMEN|FIJO|200111379|1|0|6.0|VOLUMEN|FIJO|200111379|1|0|6.0|VOLUMEN|FIJO|200111379|1|0|6.0|VOLUMEN|FIJO|200111379|1|0|6.0
1014,VOLUMEN|FIJO|200111379|1|0|2.0|VOLUMEN|FIJO|200111379|1|0|2.0|VOLUMEN|FIJO|200111379|1|0|2.0|VOLUMEN|FIJO|200111379|1|0|2.0|VOLUMEN|FIJO|200111379|1|0|2.0|VOLUMEN|FIJO|200111379|1|0|2.0|VOLUMEN|FIJO|200111379|1|0|2.0|VOLUMEN|FIJO|200111379|1|0|2.0|VOLUMEN|FIJO|200111379|1|0|2.0|VOLUMEN|FIJO|200111379|1|0|2.0|VOLUMEN|FIJO|200111379|1|0|2.0
1015,VOLUMEN|FIJO|200106279|1|0|2.0|VOLUMEN|FIJO|200106279|1|0|2.0|VOLUMEN|FIJO|200106279|1|0|2.0|VOLUMEN|FIJO|200106279|1|0|2.0|VOLUMEN|FIJO|200106279|1|0|2.0|VOLUMEN|FIJO|200106279|1|0|2.0|VOLUMEN|FIJO|200106279|1|0|2.0|VOLUMEN|FIJO|200106279|1|0|2.0|VOLUMEN|FIJO|200106279|1|0|2.0|VOLUMEN|FIJO|200106279|1|0|2.0
1016,VOLUMEN|FIJO|200106279|1|0|4.0|VOLUMEN|FIJO|200106279|1|0|4.0|VOLUMEN|FIJO|200106279|1|0|4.0|VOLUMEN|FIJO|200106279|1|0|4.0|VOLUMEN|FIJO|200106279|1|0|4.0|VOLUMEN|FIJO|200106279|1|0|4.0|VOLUMEN|FIJO|200106279|1|0|4.0|VOLUMEN|FIJO|200106279|1|0|4.0|VOLUMEN|FIJO|200106279|1|0|4.0|VOLUMEN|FIJO|200106279|1|0|4.0
1017,VOLUMEN|FIJO|200106279|1|0|6.0|VOLUMEN|FIJO|200106279|1|0|6.0|VOLUMEN|FIJO|200106279|1|0|6.0|VOLUMEN|FIJO|200106279|1|0|6.0|VOLUMEN|FIJO|200106279|1|0|6.0|VOLUMEN|FIJO|200106279|1|0|6.0|VOLUMEN|FIJO|200106279|1|0|6.0|VOLUMEN|FIJO|200106279|1|0|6.0|VOLUMEN|FIJO|200106279|1|0|6.0|VOLUMEN|FIJO|200106279|1|0|6.0
1018,VOLUMEN|FIJO|200106274|1|0|3.0|VOLUMEN|FIJO|200106274|1|0|3.0|VOLUMEN|FIJO|200106274|1|0|3.0|VOLUMEN|FIJO|200106274|1|0|3.0|VOLUMEN|FIJO|200106274|1|0|3.0|VOLUMEN|FIJO|200106274|1|0|3.0|VOLUMEN|FIJO|200106274|1|0|3.0|VOLUMEN|FIJO|200106274|1|0|3.0|VOLUMEN|FIJO|200106274|1|0|3.0|VOLUMEN|FIJO|200106274|1|0|3.0
1019,VOLUMEN|FIJO|200095625|1|0|5.0|VOLUMEN|FIJO|200095625|1|0|5.0|VOLUMEN|FIJO|200095625|1|0|5.0|VOLUMEN|FIJO|200095625|1|0|5.0|VOLUMEN|FIJO|200095625|1|0|5.0|VOLUMEN|FIJO|200095625|1|0|5.0|VOLUMEN|FIJO|200095625|1|0|5.0|VOLUMEN|FIJO|200095625|1|0|5.0|VOLUMEN|FIJO|200095625|1|0|5.0
1020,VOLUMEN|FIJO|200095625|1|0|3.0|VOLUMEN|FIJO|200095625|1|0|3.0|VOLUMEN|FIJO|200095625|1|0|3.0|VOLUMEN|FIJO|200095625|1|0|3.0|VOLUMEN|FIJO|200095625|1|0|3.0|VOLUMEN|FIJO|200095625|1|0|3.0|VOLUMEN|FIJO|200095625|1|0|3.0|VOLUMEN|FIJO|200095625|1|0|3.0|VOLUMEN|FIJO|200095625|1|0|3.0
1021,VOLUMEN|FIJO|200048978|1|0|3.0|VOLUMEN|FIJO|200048978|1|0|3.0|VOLUMEN|FIJO|200048978|1|0|3.0|VOLUMEN|FIJO|200048978|1|0|3.0|VOLUMEN|FIJO|200048978|1|0|3.0|VOLUMEN|FIJO|200048978|1|0|3.0|VOLUMEN|FIJO|200048978|1|0|3.0|VOLUMEN|FIJO|200048978|1|0|3.0|VOLUMEN|FIJO|200048978|1|0|3.0|VOLUMEN|FIJO|200048978|1|0|3.0|VOLUMEN|FIJO|200048978|1|0|3.0|VOLUMEN|FIJO|200048978|1|0|3.0
1022,VOLUMEN|FIJO|200048978|1|0|3.0|VOLUMEN|FIJO|200048978|1|0|3.0|VOLUMEN|FIJO|200048978|1|0|3.0|VOLUMEN|FIJO|200048978|1|0|3.0|VOLUMEN|FIJO|200048978|1|0|3.0|VOLUMEN|FIJO|200048978|1|0|3.0|VOLUMEN|FIJO|200048978|1|0|3.0|VOLUMEN|FIJO|200048978|1|0|3.0|VOLUMEN|FIJO|200048978|1|0|3.0|VOLUMEN|FIJO|200048978|1|0|3.0|VOLUMEN|FIJO|200048978|1|0|3.0|VOLUMEN|FIJO|200048978|1|0|3.0
1023,VOLUMEN|FIJO|200048978|1|0|6.0|VOLUMEN|FIJO|200048978|1|0|6.0|VOLUMEN|FIJO|200048978|1|0|6.0|VOLUMEN|FIJO|200048978|1|0|6.0|VOLUMEN|FIJO|200048978|1|0|6.0|VOLUMEN|FIJO|200048978|1|0|6.0|VOLUMEN|FIJO|200048978|1|0|6.0|VOLUMEN|FIJO|200048978|1|0|6.0|VOLUMEN|FIJO|200048978|1|0|6.0|VOLUMEN|FIJO|200048978|1|0|6.0|VOLUMEN|FIJO|200048978|1|0|6.0|VOLUMEN|FIJO|200048978|1|0|6.0
1024,VOLUMEN|FIJO|200048978|1|0|4.0|VOLUMEN|FIJO|200048978|1|0|4.0|VOLUMEN|FIJO|200048978|1|0|4.0|VOLUMEN|FIJO|200048978|1|0|4.0|VOLUMEN|FIJO|200048978|1|0|4.0|VOLUMEN|FIJO|200048978|1|0|4.0|VOLUMEN|FIJO|200048978|1|0|4.0|VOLUMEN|FIJO|200048978|1|0|4.0|VOLUMEN|FIJO|200048978|1|0|4.0|VOLUMEN|FIJO|200048978|1|0|4.0|VOLUMEN|FIJO|200048978|1|0|4.0|VOLUMEN|FIJO|200048978|1|0|4.0
1025,VOLUMEN|FIJO|210059944|1|0|3.0|VOLUMEN|FIJO|210059944|1|0|3.0|VOLUMEN|FIJO|210059944|1|0|3.0|VOLUMEN|FIJO|210059944|1|0|3.0|VOLUMEN|FIJO|210059944|1|0|3.0|VOLUMEN|FIJO|210059944|1|0|3.0|VOLUMEN|FIJO|210059944|1|0|3.0|VOLUMEN|FIJO|210059944|1|0|3.0|VOLUMEN|FIJO|210059944|1|0|3.0|VOLUMEN|FIJO|210059944|1|0|3.0|VOLUMEN|FIJO|210059944|1|0|3.0|VOLUMEN|FIJO|210059944|1|0|3.0
1026,VOLUMEN|FIJO|210059944|1|0|5.0|VOLUMEN|FIJO|210059944|1|0|5.0|VOLUMEN|FIJO|210059944|1|0|5.0|VOLUMEN|FIJO|210059944|1|0|5.0|VOLUMEN|FIJO|210059944|1|0|5.0|VOLUMEN|FIJO|210059944|1|0|5.0|VOLUMEN|FIJO|210059944|1|0|5.0|VOLUMEN|FIJO|210059944|1|0|5.0|VOLUMEN|FIJO|210059944|1|0|5.0|VOLUMEN|FIJO|210059944|1|0|5.0|VOLUMEN|FIJO|210059944|1|0|5.0|VOLUMEN|FIJO|210059944|1|0|5.0
1027,VOLUMEN|FIJO|210047500|1|0|3.0|VOLUMEN|FIJO|210047500|1|0|3.0|VOLUMEN|FIJO|210047500|1|0|3.0|VOLUMEN|FIJO|210047500|1|0|3.0|VOLUMEN|FIJO|210047500|1|0|3.0|VOLUMEN|FIJO|210047500|1|0|3.0|VOLUMEN|FIJO|210047500|1|0|3.0|VOLUMEN|FIJO|210047500|1|0|3.0|VOLUMEN|FIJO|210047500|1|0|3.0|VOLUMEN|FIJO|210047500|1|0|3.0|VOLUMEN|FIJO|210047500|1|0|3.0|VOLUMEN|FIJO|210047500|1|0|3.0
1028,VOLUMEN|FIJO|210047500|1|0|5.0|VOLUMEN|FIJO|210047500|1|0|5.0|VOLUMEN|FIJO|210047500|1|0|5.0|VOLUMEN|FIJO|210047500|1|0|5.0|VOLUMEN|FIJO|210047500|1|0|5.0|VOLUMEN|FIJO|210047500|1|0|5.0|VOLUMEN|FIJO|210047500|1|0|5.0|VOLUMEN|FIJO|210047500|1|0|5.0|VOLUMEN|FIJO|210047500|1|0|5.0|VOLUMEN|FIJO|210047500|1|0|5.0|VOLUMEN|FIJO|210047500|1|0|5.0|VOLUMEN|FIJO|210047500|1|0|5.0
1029,VOLUMEN|FIJO|210047499|1|0|3.0|VOLUMEN|FIJO|210047499|1|0|3.0|VOLUMEN|FIJO|210047499|1|0|3.0|VOLUMEN|FIJO|210047499|1|0|3.0|VOLUMEN|FIJO|210047499|1|0|3.0|VOLUMEN|FIJO|210047499|1|0|3.0|VOLUMEN|FIJO|210047499|1|0|3.0|VOLUMEN|FIJO|210047499|1|0|3.0|VOLUMEN|FIJO|210047499|1|0|3.0|VOLUMEN|FIJO|210047499|1|0|3.0|VOLUMEN|FIJO|210047499|1|0|3.0|VOLUMEN|FIJO|210047499|1|0|3.0
1030,VOLUMEN|FIJO|210047499|1|0|5.0|VOLUMEN|FIJO|210047499|1|0|5.0|VOLUMEN|FIJO|210047499|1|0|5.0|VOLUMEN|FIJO|210047499|1|0|5.0|VOLUMEN|FIJO|210047499|1|0|5.0|VOLUMEN|FIJO|210047499|1|0|5.0|VOLUMEN|FIJO|210047499|1|0|5.0|VOLUMEN|FIJO|210047499|1|0|5.0|VOLUMEN|FIJO|210047499|1|0|5.0|VOLUMEN|FIJO|210047499|1|0|5.0|VOLUMEN|FIJO|210047499|1|0|5.0|VOLUMEN|FIJO|210047499|1|0|5.0
1031,VOLUMEN|FIJO|200080229|1|0|4.0|VOLUMEN|FIJO|200080229|1|0|4.0|VOLUMEN|FIJO|200080229|1|0|4.0|VOLUMEN|FIJO|200080229|1|0|4.0|VOLUMEN|FIJO|200080229|1|0|4.0|VOLUMEN|FIJO|200080229|1|0|4.0|VOLUMEN|FIJO|200080229|1|0|4.0|VOLUMEN|FIJO|200080229|1|0|4.0|VOLUMEN|FIJO|200080229|1|0|4.0|VOLUMEN|FIJO|200080229|1|0|4.0|VOLUMEN|FIJO|200080229|1|0|4.0|VOLUMEN|FIJO|200080229|1|0|4.0|VOLUMEN|FIJO|200080229|1|0|4.0
1032,VOLUMEN|FIJO|200080229|1|0|2.0|VOLUMEN|FIJO|200080229|1|0|2.0|VOLUMEN|FIJO|200080229|1|0|2.0|VOLUMEN|FIJO|200080229|1|0|2.0|VOLUMEN|FIJO|200080229|1|0|2.0|VOLUMEN|FIJO|200080229|1|0|2.0|VOLUMEN|FIJO|200080229|1|0|2.0|VOLUMEN|FIJO|200080229|1|0|2.0|VOLUMEN|FIJO|200080229|1|0|2.0|VOLUMEN|FIJO|200080229|1|0|2.0|VOLUMEN|FIJO|200080229|1|0|2.0|VOLUMEN|FIJO|200080229|1|0|2.0|VOLUMEN|FIJO|200080229|1|0|2.0
1033,VOLUMEN|FIJO|P0260150003|1|0|2.0|VOLUMEN|FIJO|P0260150003|1|0|2.0|VOLUMEN|FIJO|P0260150003|1|0|2.0|VOLUMEN|FIJO|P0260150003|1|0|2.0|VOLUMEN|FIJO|P0260150003|1|0|2.0|VOLUMEN|FIJO|P0260150003|1|0|2.0|VOLUMEN|FIJO|P0260150003|1|0|2.0|VOLUMEN|FIJO|P0260150003|1|0|2.0|VOLUMEN|FIJO|P0260150003|1|0|2.0|VOLUMEN|FIJO|P0260150003|1|0|2.0|VOLUMEN|FIJO|P0260150003|1|0|2.0|VOLUMEN|FIJO|P0260150003|1|0|2.0
1034,VOLUMEN|FIJO|P0260150003|1|0|2.0|VOLUMEN|FIJO|P0260150003|1|0|2.0|VOLUMEN|FIJO|P0260150003|1|0|2.0|VOLUMEN|FIJO|P0260150003|1|0|2.0|VOLUMEN|FIJO|P0260150003|1|0|2.0|VOLUMEN|FIJO|P0260150003|1|0|2.0|VOLUMEN|FIJO|P0260150003|1|0|2.0|VOLUMEN|FIJO|P0260150003|1|0|2.0|VOLUMEN|FIJO|P0260150003|1|0|2.0|VOLUMEN|FIJO|P0260150003|1|0|2.0|VOLUMEN|FIJO|P0260150003|1|0|2.0|VOLUMEN|FIJO|P0260150003|1|0|2.0
1035,VOLUMEN|FIJO|P0260150003|1|0|2.0|VOLUMEN|FIJO|P0260150003|1|0|2.0|VOLUMEN|FIJO|P0260150003|1|0|2.0|VOLUMEN|FIJO|P0260150003|1|0|2.0|VOLUMEN|FIJO|P0260150003|1|0|2.0|VOLUMEN|FIJO|P0260150003|1|0|2.0|VOLUMEN|FIJO|P0260150003|1|0|2.0|VOLUMEN|FIJO|P0260150003|1|0|2.0|VOLUMEN|FIJO|P0260150003|1|0|2.0|VOLUMEN|FIJO|P0260150003|1|0|2.0|VOLUMEN|FIJO|P0260150003|1|0|2.0|VOLUMEN|FIJO|P0260150003|1|0|2.0
1036,VOLUMEN|FIJO|P0260150003|1|0|2.0|VOLUMEN|FIJO|P0260150003|1|0|2.0|VOLUMEN|FIJO|P0260150003|1|0|2.0|VOLUMEN|FIJO|P0260150003|1|0|2.0|VOLUMEN|FIJO|P0260150003|1|0|2.0|VOLUMEN|FIJO|P0260150003|1|0|2.0|VOLUMEN|FIJO|P0260150003|1|0|2.0|VOLUMEN|FIJO|P0260150003|1|0|2.0|VOLUMEN|FIJO|P0260150003|1|0|2.0|VOLUMEN|FIJO|P0260150003|1|0|2.0|VOLUMEN|FIJO|P0260150003|1|0|2.0|VOLUMEN|FIJO|P0260150003|1|0|2.0
1037,VOLUMEN|FIJO|P0260150003|1|0|2.0|VOLUMEN|FIJO|P0260150003|1|0|2.0|VOLUMEN|FIJO|P0260150003|1|0|2.0|VOLUMEN|FIJO|P0260150003|1|0|2.0|VOLUMEN|FIJO|P0260150003|1|0|2.0|VOLUMEN|FIJO|P0260150003|1|0|2.0|VOLUMEN|FIJO|P0260150003|1|0|2.0|VOLUMEN|FIJO|P0260150003|1|0|2.0|VOLUMEN|FIJO|P0260150003|1|0|2.0|VOLUMEN|FIJO|P0260150003|1|0|2.0|VOLUMEN|FIJO|P0260150003|1|0|2.0|VOLUMEN|FIJO|P0260150003|1|0|2.0
1038,VOLUMEN|FIJO|P0260150003|1|0|2.0|VOLUMEN|FIJO|P0260150003|1|0|2.0|VOLUMEN|FIJO|P0260150003|1|0|2.0|VOLUMEN|FIJO|P0260150003|1|0|2.0|VOLUMEN|FIJO|P0260150003|1|0|2.0|VOLUMEN|FIJO|P0260150003|1|0|2.0|VOLUMEN|FIJO|P0260150003|1|0|2.0|VOLUMEN|FIJO|P0260150003|1|0|2.0|VOLUMEN|FIJO|P0260150003|1|0|2.0|VOLUMEN|FIJO|P0260150003|1|0|2.0|VOLUMEN|FIJO|P0260150003|1|0|2.0|VOLUMEN|FIJO|P0260150003|1|0|2.0
1039,VOLUMEN|FIJO|P0261050000|1|0|2.0|VOLUMEN|FIJO|P0261050000|1|0|2.0|VOLUMEN|FIJO|P0261050000|1|0|2.0|VOLUMEN|FIJO|P0261050000|1|0|2.0|VOLUMEN|FIJO|P0261050000|1|0|2.0|VOLUMEN|FIJO|P0261050000|1|0|2.0|VOLUMEN|FIJO|P0261050000|1|0|2.0|VOLUMEN|FIJO|P0261050000|1|0|2.0|VOLUMEN|FIJO|P0261050000|1|0|2.0|VOLUMEN|FIJO|P0261050000|1|0|2.0|VOLUMEN|FIJO|P0261050000|1|0|2.0|VOLUMEN|FIJO|P0261050000|1|0|2.0|VOLUMEN|FIJO|P0261050000|1|0|2.0
1040,VOLUMEN|FIJO|P0261050000|1|0|2.0|VOLUMEN|FIJO|P0261050000|1|0|2.0|VOLUMEN|FIJO|P0261050000|1|0|2.0|VOLUMEN|FIJO|P0261050000|1|0|2.0|VOLUMEN|FIJO|P0261050000|1|0|2.0|VOLUMEN|FIJO|P0261050000|1|0|2.0|VOLUMEN|FIJO|P0261050000|1|0|2.0|VOLUMEN|FIJO|P0261050000|1|0|2.0|VOLUMEN|FIJO|P0261050000|1|0|2.0|VOLUMEN|FIJO|P0261050000|1|0|2.0|VOLUMEN|FIJO|P0261050000|1|0|2.0|VOLUMEN|FIJO|P0261050000|1|0|2.0|VOLUMEN|FIJO|P0261050000|1|0|2.0
1041,VOLUMEN|FIJO|P0261050000|1|0|2.0|VOLUMEN|FIJO|P0261050000|1|0|2.0|VOLUMEN|FIJO|P0261050000|1|0|2.0|VOLUMEN|FIJO|P0261050000|1|0|2.0|VOLUMEN|FIJO|P0261050000|1|0|2.0|VOLUMEN|FIJO|P0261050000|1|0|2.0|VOLUMEN|FIJO|P0261050000|1|0|2.0|VOLUMEN|FIJO|P0261050000|1|0|2.0|VOLUMEN|FIJO|P0261050000|1|0|2.0|VOLUMEN|FIJO|P0261050000|1|0|2.0|VOLUMEN|FIJO|P0261050000|1|0|2.0|VOLUMEN|FIJO|P0261050000|1|0|2.0|VOLUMEN|FIJO|P0261050000|1|0|2.0
1042,VOLUMEN|FIJO|P0261050000|1|0|2.0|VOLUMEN|FIJO|P0261050000|1|0|2.0|VOLUMEN|FIJO|P0261050000|1|0|2.0|VOLUMEN|FIJO|P0261050000|1|0|2.0|VOLUMEN|FIJO|P0261050000|1|0|2.0|VOLUMEN|FIJO|P0261050000|1|0|2.0|VOLUMEN|FIJO|P0261050000|1|0|2.0|VOLUMEN|FIJO|P0261050000|1|0|2.0|VOLUMEN|FIJO|P0261050000|1|0|2.0|VOLUMEN|FIJO|P0261050000|1|0|2.0|VOLUMEN|FIJO|P0261050000|1|0|2.0|VOLUMEN|FIJO|P0261050000|1|0|2.0|VOLUMEN|FIJO|P0261050000|1|0|2.0
1043,VOLUMEN|FIJO|P0261050000|1|0|2.0|VOLUMEN|FIJO|P0261050000|1|0|2.0|VOLUMEN|FIJO|P0261050000|1|0|2.0|VOLUMEN|FIJO|P0261050000|1|0|2.0|VOLUMEN|FIJO|P0261050000|1|0|2.0|VOLUMEN|FIJO|P0261050000|1|0|2.0|VOLUMEN|FIJO|P0261050000|1|0|2.0|VOLUMEN|FIJO|P0261050000|1|0|2.0|VOLUMEN|FIJO|P0261050000|1|0|2.0|VOLUMEN|FIJO|P0261050000|1|0|2.0|VOLUMEN|FIJO|P0261050000|1|0|2.0|VOLUMEN|FIJO|P0261050000|1|0|2.0|VOLUMEN|FIJO|P0261050000|1|0|2.0
1044,VOLUMEN|FIJO|P0261050000|1|0|2.0|VOLUMEN|FIJO|P0261050000|1|0|2.0|VOLUMEN|FIJO|P0261050000|1|0|2.0|VOLUMEN|FIJO|P0261050000|1|0|2.0|VOLUMEN|FIJO|P0261050000|1|0|2.0|VOLUMEN|FIJO|P0261050000|1|0|2.0|VOLUMEN|FIJO|P0261050000|1|0|2.0|VOLUMEN|FIJO|P0261050000|1|0|2.0|VOLUMEN|FIJO|P0261050000|1|0|2.0|VOLUMEN|FIJO|P0261050000|1|0|2.0|VOLUMEN|FIJO|P0261050000|1|0|2.0|VOLUMEN|FIJO|P0261050000|1|0|2.0|VOLUMEN|FIJO|P0261050000|1|0|2.0
1045,VOLUMEN|FIJO|200058353|1|0|5.0|VOLUMEN|FIJO|200058353|1|0|5.0|VOLUMEN|FIJO|200058353|1|0|5.0|VOLUMEN|FIJO|200058353|1|0|5.0|VOLUMEN|FIJO|200058353|1|0|5.0|VOLUMEN|FIJO|200058353|1|0|5.0|VOLUMEN|FIJO|200058353|1|0|5.0|VOLUMEN|FIJO|200058353|1|0|5.0|VOLUMEN|FIJO|200058353|1|0|5.0
1046,VOLUMEN|FIJO|200058353|1|0|3.0|VOLUMEN|FIJO|200058353|1|0|3.0|VOLUMEN|FIJO|200058353|1|0|3.0|VOLUMEN|FIJO|200058353|1|0|3.0|VOLUMEN|FIJO|200058353|1|0|3.0|VOLUMEN|FIJO|200058353|1|0|3.0|VOLUMEN|FIJO|200058353|1|0|3.0|VOLUMEN|FIJO|200058353|1|0|3.0|VOLUMEN|FIJO|200058353|1|0|3.0
1047,VOLUMEN|FIJO|200084783|1|0|5.0|VOLUMEN|FIJO|200084783|1|0|5.0|VOLUMEN|FIJO|200084783|1|0|5.0|VOLUMEN|FIJO|200084783|1|0|5.0|VOLUMEN|FIJO|200084783|1|0|5.0|VOLUMEN|FIJO|200084783|1|0|5.0|VOLUMEN|FIJO|200084783|1|0|5.0|VOLUMEN|FIJO|200084783|1|0|5.0|VOLUMEN|FIJO|200084783|1|0|5.0|VOLUMEN|FIJO|200084783|1|0|5.0|VOLUMEN|FIJO|200084783|1|0|5.0
1048,VOLUMEN|FIJO|200084783|1|0|3.0|VOLUMEN|FIJO|200084783|1|0|3.0|VOLUMEN|FIJO|200084783|1|0|3.0|VOLUMEN|FIJO|200084783|1|0|3.0|VOLUMEN|FIJO|200084783|1|0|3.0|VOLUMEN|FIJO|200084783|1|0|3.0|VOLUMEN|FIJO|200084783|1|0|3.0|VOLUMEN|FIJO|200084783|1|0|3.0|VOLUMEN|FIJO|200084783|1|0|3.0|VOLUMEN|FIJO|200084783|1|0|3.0|VOLUMEN|FIJO|200084783|1|0|3.0
1049,VOLUMEN|FIJO|200084784|1|0|5.0|VOLUMEN|FIJO|200084784|1|0|5.0|VOLUMEN|FIJO|200084784|1|0|5.0|VOLUMEN|FIJO|200084784|1|0|5.0|VOLUMEN|FIJO|200084784|1|0|5.0|VOLUMEN|FIJO|200084784|1|0|5.0|VOLUMEN|FIJO|200084784|1|0|5.0|VOLUMEN|FIJO|200084784|1|0|5.0|VOLUMEN|FIJO|200084784|1|0|5.0|VOLUMEN|FIJO|200084784|1|0|5.0|VOLUMEN|FIJO|200084784|1|0|5.0
1050,VOLUMEN|FIJO|200084784|1|0|3.0|VOLUMEN|FIJO|200084784|1|0|3.0|VOLUMEN|FIJO|200084784|1|0|3.0|VOLUMEN|FIJO|200084784|1|0|3.0|VOLUMEN|FIJO|200084784|1|0|3.0|VOLUMEN|FIJO|200084784|1|0|3.0|VOLUMEN|FIJO|200084784|1|0|3.0|VOLUMEN|FIJO|200084784|1|0|3.0|VOLUMEN|FIJO|200084784|1|0|3.0|VOLUMEN|FIJO|200084784|1|0|3.0|VOLUMEN|FIJO|200084784|1|0|3.0
1051,VOLUMEN|FIJO|200084815|1|0|3.0|VOLUMEN|FIJO|200084815|1|0|3.0|VOLUMEN|FIJO|200084815|1|0|3.0|VOLUMEN|FIJO|200084815|1|0|3.0|VOLUMEN|FIJO|200084815|1|0|3.0|VOLUMEN|FIJO|200084815|1|0|3.0|VOLUMEN|FIJO|200084815|1|0|3.0|VOLUMEN|FIJO|200084815|1|0|3.0|VOLUMEN|FIJO|200084815|1|0|3.0|VOLUMEN|FIJO|200084815|1|0|3.0|VOLUMEN|FIJO|200084815|1|0|3.0
1052,VOLUMEN|FIJO|200084815|1|0|5.0|VOLUMEN|FIJO|200084815|1|0|5.0|VOLUMEN|FIJO|200084815|1|0|5.0|VOLUMEN|FIJO|200084815|1|0|5.0|VOLUMEN|FIJO|200084815|1|0|5.0|VOLUMEN|FIJO|200084815|1|0|5.0|VOLUMEN|FIJO|200084815|1|0|5.0|VOLUMEN|FIJO|200084815|1|0|5.0|VOLUMEN|FIJO|200084815|1|0|5.0|VOLUMEN|FIJO|200084815|1|0|5.0|VOLUMEN|FIJO|200084815|1|0|5.0
1053,VOLUMEN|FIJO|P0285050000|1|0|4.0|VOLUMEN|FIJO|P0285050000|1|0|4.0|VOLUMEN|FIJO|P0285050000|1|0|4.0|VOLUMEN|FIJO|P0285050000|1|0|4.0|VOLUMEN|FIJO|P0285050000|1|0|4.0|VOLUMEN|FIJO|P0285050000|1|0|4.0|VOLUMEN|FIJO|P0285050000|1|0|4.0|VOLUMEN|FIJO|P0285050000|1|0|4.0|VOLUMEN|FIJO|P0285050000|1|0|4.0|VOLUMEN|FIJO|P0285050000|1|0|4.0|VOLUMEN|FIJO|P0285050000|1|0|4.0
1054,VOLUMEN|FIJO|P0285050000|1|0|2.0|VOLUMEN|FIJO|P0285050000|1|0|2.0|VOLUMEN|FIJO|P0285050000|1|0|2.0|VOLUMEN|FIJO|P0285050000|1|0|2.0|VOLUMEN|FIJO|P0285050000|1|0|2.0|VOLUMEN|FIJO|P0285050000|1|0|2.0|VOLUMEN|FIJO|P0285050000|1|0|2.0|VOLUMEN|FIJO|P0285050000|1|0|2.0|VOLUMEN|FIJO|P0285050000|1|0|2.0|VOLUMEN|FIJO|P0285050000|1|0|2.0|VOLUMEN|FIJO|P0285050000|1|0|2.0
1055,VOLUMEN|FIJO|P0285050000|1|0|2.0|VOLUMEN|FIJO|P0285050000|1|0|2.0|VOLUMEN|FIJO|P0285050000|1|0|2.0|VOLUMEN|FIJO|P0285050000|1|0|2.0|VOLUMEN|FIJO|P0285050000|1|0|2.0|VOLUMEN|FIJO|P0285050000|1|0|2.0|VOLUMEN|FIJO|P0285050000|1|0|2.0|VOLUMEN|FIJO|P0285050000|1|0|2.0|VOLUMEN|FIJO|P0285050000|1|0|2.0|VOLUMEN|FIJO|P0285050000|1|0|2.0|VOLUMEN|FIJO|P0285050000|1|0|2.0
1056,VOLUMEN|FIJO|P0285050000|1|0|4.0|VOLUMEN|FIJO|P0285050000|1|0|4.0|VOLUMEN|FIJO|P0285050000|1|0|4.0|VOLUMEN|FIJO|P0285050000|1|0|4.0|VOLUMEN|FIJO|P0285050000|1|0|4.0|VOLUMEN|FIJO|P0285050000|1|0|4.0|VOLUMEN|FIJO|P0285050000|1|0|4.0|VOLUMEN|FIJO|P0285050000|1|0|4.0|VOLUMEN|FIJO|P0285050000|1|0|4.0|VOLUMEN|FIJO|P0285050000|1|0|4.0|VOLUMEN|FIJO|P0285050000|1|0|4.0
1057,VOLUMEN|FIJO|200113540|1|0|4.0|VOLUMEN|FIJO|200113540|1|0|4.0|VOLUMEN|FIJO|200113540|1|0|4.0|VOLUMEN|FIJO|200113540|1|0|4.0|VOLUMEN|FIJO|200113540|1|0|4.0|VOLUMEN|FIJO|200113540|1|0|4.0|VOLUMEN|FIJO|200113540|1|0|4.0|VOLUMEN|FIJO|200113540|1|0|4.0|VOLUMEN|FIJO|200113540|1|0|4.0|VOLUMEN|FIJO|200113540|1|0|4.0|VOLUMEN|FIJO|200113540|1|0|4.0
1058,VOLUMEN|FIJO|200113540|1|0|2.0|VOLUMEN|FIJO|200113540|1|0|2.0|VOLUMEN|FIJO|200113540|1|0|2.0|VOLUMEN|FIJO|200113540|1|0|2.0|VOLUMEN|FIJO|200113540|1|0|2.0|VOLUMEN|FIJO|200113540|1|0|2.0|VOLUMEN|FIJO|200113540|1|0|2.0|VOLUMEN|FIJO|200113540|1|0|2.0|VOLUMEN|FIJO|200113540|1|0|2.0|VOLUMEN|FIJO|200113540|1|0|2.0|VOLUMEN|FIJO|200113540|1|0|2.0
1059,VOLUMEN|FIJO|200073370|1|0|2.0|VOLUMEN|FIJO|200073370|1|0|2.0|VOLUMEN|FIJO|200073370|1|0|2.0|VOLUMEN|FIJO|200073370|1|0|2.0|VOLUMEN|FIJO|200073370|1|0|2.0|VOLUMEN|FIJO|200073370|1|0|2.0|VOLUMEN|FIJO|200073370|1|0|2.0|VOLUMEN|FIJO|200073370|1|0|2.0|VOLUMEN|FIJO|200073370|1|0|2.0|VOLUMEN|FIJO|200073370|1|0|2.0|VOLUMEN|FIJO|200073370|1|0|2.0
1060,VOLUMEN|FIJO|200073370|1|0|4.0|VOLUMEN|FIJO|200073370|1|0|4.0|VOLUMEN|FIJO|200073370|1|0|4.0|VOLUMEN|FIJO|200073370|1|0|4.0|VOLUMEN|FIJO|200073370|1|0|4.0|VOLUMEN|FIJO|200073370|1|0|4.0|VOLUMEN|FIJO|200073370|1|0|4.0|VOLUMEN|FIJO|200073370|1|0|4.0|VOLUMEN|FIJO|200073370|1|0|4.0|VOLUMEN|FIJO|200073370|1|0|4.0|VOLUMEN|FIJO|200073370|1|0|4.0
1061,VOLUMEN|FIJO|200113372|1|0|4.0|VOLUMEN|FIJO|200113372|1|0|4.0|VOLUMEN|FIJO|200113372|1|0|4.0|VOLUMEN|FIJO|200113372|1|0|4.0|VOLUMEN|FIJO|200113372|1|0|4.0|VOLUMEN|FIJO|200113372|1|0|4.0|VOLUMEN|FIJO|200113372|1|0|4.0|VOLUMEN|FIJO|200113372|1|0|4.0|VOLUMEN|FIJO|200113372|1|0|4.0|VOLUMEN|FIJO|200113372|1|0|4.0|VOLUMEN|FIJO|200113372|1|0|4.0
1062,VOLUMEN|FIJO|200113372|1|0|2.0|VOLUMEN|FIJO|200113372|1|0|2.0|VOLUMEN|FIJO|200113372|1|0|2.0|VOLUMEN|FIJO|200113372|1|0|2.0|VOLUMEN|FIJO|200113372|1|0|2.0|VOLUMEN|FIJO|200113372|1|0|2.0|VOLUMEN|FIJO|200113372|1|0|2.0|VOLUMEN|FIJO|200113372|1|0|2.0|VOLUMEN|FIJO|200113372|1|0|2.0|VOLUMEN|FIJO|200113372|1|0|2.0|VOLUMEN|FIJO|200113372|1|0|2.0
1063,VOLUMEN|FIJO|P0210085000|1|0|2.0|VOLUMEN|FIJO|P0210085000|1|0|2.0|VOLUMEN|FIJO|P0210085000|1|0|2.0|VOLUMEN|FIJO|P0210085000|1|0|2.0|VOLUMEN|FIJO|P0210085000|1|0|2.0|VOLUMEN|FIJO|P0210085000|1|0|2.0|VOLUMEN|FIJO|P0210085000|1|0|2.0|VOLUMEN|FIJO|P0210085000|1|0|2.0|VOLUMEN|FIJO|P0210085000|1|0|2.0|VOLUMEN|FIJO|P0210085000|1|0|2.0|VOLUMEN|FIJO|P0210085000|1|0|2.0
1064,VOLUMEN|FIJO|P0210085000|1|0|5.0|VOLUMEN|FIJO|P0210085000|1|0|5.0|VOLUMEN|FIJO|P0210085000|1|0|5.0|VOLUMEN|FIJO|P0210085000|1|0|5.0|VOLUMEN|FIJO|P0210085000|1|0|5.0|VOLUMEN|FIJO|P0210085000|1|0|5.0|VOLUMEN|FIJO|P0210085000|1|0|5.0|VOLUMEN|FIJO|P0210085000|1|0|5.0|VOLUMEN|FIJO|P0210085000|1|0|5.0|VOLUMEN|FIJO|P0210085000|1|0|5.0|VOLUMEN|FIJO|P0210085000|1|0|5.0
1065,VOLUMEN|FIJO|P0210085000|1|0|2.0|VOLUMEN|FIJO|P0210085000|1|0|2.0|VOLUMEN|FIJO|P0210085000|1|0|2.0|VOLUMEN|FIJO|P0210085000|1|0|2.0|VOLUMEN|FIJO|P0210085000|1|0|2.0|VOLUMEN|FIJO|P0210085000|1|0|2.0|VOLUMEN|FIJO|P0210085000|1|0|2.0|VOLUMEN|FIJO|P0210085000|1|0|2.0|VOLUMEN|FIJO|P0210085000|1|0|2.0|VOLUMEN|FIJO|P0210085000|1|0|2.0|VOLUMEN|FIJO|P0210085000|1|0|2.0
1066,VOLUMEN|FIJO|P0210085000|1|0|2.0|VOLUMEN|FIJO|P0210085000|1|0|2.0|VOLUMEN|FIJO|P0210085000|1|0|2.0|VOLUMEN|FIJO|P0210085000|1|0|2.0|VOLUMEN|FIJO|P0210085000|1|0|2.0|VOLUMEN|FIJO|P0210085000|1|0|2.0|VOLUMEN|FIJO|P0210085000|1|0|2.0|VOLUMEN|FIJO|P0210085000|1|0|2.0|VOLUMEN|FIJO|P0210085000|1|0|2.0|VOLUMEN|FIJO|P0210085000|1|0|2.0|VOLUMEN|FIJO|P0210085000|1|0|2.0
1067,VOLUMEN|FIJO|P0210085000|1|0|2.0|VOLUMEN|FIJO|P0210085000|1|0|2.0|VOLUMEN|FIJO|P0210085000|1|0|2.0|VOLUMEN|FIJO|P0210085000|1|0|2.0|VOLUMEN|FIJO|P0210085000|1|0|2.0|VOLUMEN|FIJO|P0210085000|1|0|2.0|VOLUMEN|FIJO|P0210085000|1|0|2.0|VOLUMEN|FIJO|P0210085000|1|0|2.0|VOLUMEN|FIJO|P0210085000|1|0|2.0|VOLUMEN|FIJO|P0210085000|1|0|2.0|VOLUMEN|FIJO|P0210085000|1|0|2.0
1068,VOLUMEN|FIJO|P0210085000|1|0|2.0|VOLUMEN|FIJO|P0210085000|1|0|2.0|VOLUMEN|FIJO|P0210085000|1|0|2.0|VOLUMEN|FIJO|P0210085000|1|0|2.0|VOLUMEN|FIJO|P0210085000|1|0|2.0|VOLUMEN|FIJO|P0210085000|1|0|2.0|VOLUMEN|FIJO|P0210085000|1|0|2.0|VOLUMEN|FIJO|P0210085000|1|0|2.0|VOLUMEN|FIJO|P0210085000|1|0|2.0|VOLUMEN|FIJO|P0210085000|1|0|2.0|VOLUMEN|FIJO|P0210085000|1|0|2.0
1069,VOLUMEN|FIJO|P0210085000|1|0|2.0|VOLUMEN|FIJO|P0210085000|1|0|2.0|VOLUMEN|FIJO|P0210085000|1|0|2.0|VOLUMEN|FIJO|P0210085000|1|0|2.0|VOLUMEN|FIJO|P0210085000|1|0|2.0|VOLUMEN|FIJO|P0210085000|1|0|2.0|VOLUMEN|FIJO|P0210085000|1|0|2.0|VOLUMEN|FIJO|P0210085000|1|0|2.0|VOLUMEN|FIJO|P0210085000|1|0|2.0|VOLUMEN|FIJO|P0210085000|1|0|2.0|VOLUMEN|FIJO|P0210085000|1|0|2.0
1070,VOLUMEN|FIJO|P0210085000|1|0|2.0|VOLUMEN|FIJO|P0210085000|1|0|2.0|VOLUMEN|FIJO|P0210085000|1|0|2.0|VOLUMEN|FIJO|P0210085000|1|0|2.0|VOLUMEN|FIJO|P0210085000|1|0|2.0|VOLUMEN|FIJO|P0210085000|1|0|2.0|VOLUMEN|FIJO|P0210085000|1|0|2.0|VOLUMEN|FIJO|P0210085000|1|0|2.0|VOLUMEN|FIJO|P0210085000|1|0|2.0|VOLUMEN|FIJO|P0210085000|1|0|2.0|VOLUMEN|FIJO|P0210085000|1|0|2.0
1071,VOLUMEN|FIJO|P0210085000|1|0|2.0|VOLUMEN|FIJO|P0210085000|1|0|2.0|VOLUMEN|FIJO|P0210085000|1|0|2.0|VOLUMEN|FIJO|P0210085000|1|0|2.0|VOLUMEN|FIJO|P0210085000|1|0|2.0|VOLUMEN|FIJO|P0210085000|1|0|2.0|VOLUMEN|FIJO|P0210085000|1|0|2.0|VOLUMEN|FIJO|P0210085000|1|0|2.0|VOLUMEN|FIJO|P0210085000|1|0|2.0|VOLUMEN|FIJO|P0210085000|1|0|2.0|VOLUMEN|FIJO|P0210085000|1|0|2.0
1072,VOLUMEN|FIJO|P0210085000|1|0|2.0|VOLUMEN|FIJO|P0210085000|1|0|2.0|VOLUMEN|FIJO|P0210085000|1|0|2.0|VOLUMEN|FIJO|P0210085000|1|0|2.0|VOLUMEN|FIJO|P0210085000|1|0|2.0|VOLUMEN|FIJO|P0210085000|1|0|2.0|VOLUMEN|FIJO|P0210085000|1|0|2.0|VOLUMEN|FIJO|P0210085000|1|0|2.0|VOLUMEN|FIJO|P0210085000|1|0|2.0|VOLUMEN|FIJO|P0210085000|1|0|2.0|VOLUMEN|FIJO|P0210085000|1|0|2.0
1073,VOLUMEN|FIJO|P0210085000|1|0|2.0|VOLUMEN|FIJO|P0210085000|1|0|2.0|VOLUMEN|FIJO|P0210085000|1|0|2.0|VOLUMEN|FIJO|P0210085000|1|0|2.0|VOLUMEN|FIJO|P0210085000|1|0|2.0|VOLUMEN|FIJO|P0210085000|1|0|2.0|VOLUMEN|FIJO|P0210085000|1|0|2.0|VOLUMEN|FIJO|P0210085000|1|0|2.0|VOLUMEN|FIJO|P0210085000|1|0|2.0|VOLUMEN|FIJO|P0210085000|1|0|2.0|VOLUMEN|FIJO|P0210085000|1|0|2.0
1074,VOLUMEN|FIJO|P0210085000|1|0|2.0|VOLUMEN|FIJO|P0210085000|1|0|2.0|VOLUMEN|FIJO|P0210085000|1|0|2.0|VOLUMEN|FIJO|P0210085000|1|0|2.0|VOLUMEN|FIJO|P0210085000|1|0|2.0|VOLUMEN|FIJO|P0210085000|1|0|2.0|VOLUMEN|FIJO|P0210085000|1|0|2.0|VOLUMEN|FIJO|P0210085000|1|0|2.0|VOLUMEN|FIJO|P0210085000|1|0|2.0|VOLUMEN|FIJO|P0210085000|1|0|2.0|VOLUMEN|FIJO|P0210085000|1|0|2.0
1075,VOLUMEN|FIJO|P0210085000|1|0|2.0|VOLUMEN|FIJO|P0210085000|1|0|2.0|VOLUMEN|FIJO|P0210085000|1|0|2.0|VOLUMEN|FIJO|P0210085000|1|0|2.0|VOLUMEN|FIJO|P0210085000|1|0|2.0|VOLUMEN|FIJO|P0210085000|1|0|2.0|VOLUMEN|FIJO|P0210085000|1|0|2.0|VOLUMEN|FIJO|P0210085000|1|0|2.0|VOLUMEN|FIJO|P0210085000|1|0|2.0|VOLUMEN|FIJO|P0210085000|1|0|2.0|VOLUMEN|FIJO|P0210085000|1|0|2.0
1076,VOLUMEN|FIJO|P0210085000|1|0|2.0|VOLUMEN|FIJO|P0210085000|1|0|2.0|VOLUMEN|FIJO|P0210085000|1|0|2.0|VOLUMEN|FIJO|P0210085000|1|0|2.0|VOLUMEN|FIJO|P0210085000|1|0|2.0|VOLUMEN|FIJO|P0210085000|1|0|2.0|VOLUMEN|FIJO|P0210085000|1|0|2.0|VOLUMEN|FIJO|P0210085000|1|0|2.0|VOLUMEN|FIJO|P0210085000|1|0|2.0|VOLUMEN|FIJO|P0210085000|1|0|2.0|VOLUMEN|FIJO|P0210085000|1|0|2.0
1077,VOLUMEN|FIJO|P0210085000|1|0|2.0|VOLUMEN|FIJO|P0210085000|1|0|2.0|VOLUMEN|FIJO|P0210085000|1|0|2.0|VOLUMEN|FIJO|P0210085000|1|0|2.0|VOLUMEN|FIJO|P0210085000|1|0|2.0|VOLUMEN|FIJO|P0210085000|1|0|2.0|VOLUMEN|FIJO|P0210085000|1|0|2.0|VOLUMEN|FIJO|P0210085000|1|0|2.0|VOLUMEN|FIJO|P0210085000|1|0|2.0|VOLUMEN|FIJO|P0210085000|1|0|2.0|VOLUMEN|FIJO|P0210085000|1|0|2.0
1078,VOLUMEN|FIJO|P0210085000|1|0|5.0|VOLUMEN|FIJO|P0210085000|1|0|5.0|VOLUMEN|FIJO|P0210085000|1|0|5.0|VOLUMEN|FIJO|P0210085000|1|0|5.0|VOLUMEN|FIJO|P0210085000|1|0|5.0|VOLUMEN|FIJO|P0210085000|1|0|5.0|VOLUMEN|FIJO|P0210085000|1|0|5.0|VOLUMEN|FIJO|P0210085000|1|0|5.0|VOLUMEN|FIJO|P0210085000|1|0|5.0|VOLUMEN|FIJO|P0210085000|1|0|5.0|VOLUMEN|FIJO|P0210085000|1|0|5.0
1079,VOLUMEN|FIJO|P0210085000|1|0|5.0|VOLUMEN|FIJO|P0210085000|1|0|5.0|VOLUMEN|FIJO|P0210085000|1|0|5.0|VOLUMEN|FIJO|P0210085000|1|0|5.0|VOLUMEN|FIJO|P0210085000|1|0|5.0|VOLUMEN|FIJO|P0210085000|1|0|5.0|VOLUMEN|FIJO|P0210085000|1|0|5.0|VOLUMEN|FIJO|P0210085000|1|0|5.0|VOLUMEN|FIJO|P0210085000|1|0|5.0|VOLUMEN|FIJO|P0210085000|1|0|5.0|VOLUMEN|FIJO|P0210085000|1|0|5.0
1080,VOLUMEN|FIJO|P0210085000|1|0|5.0|VOLUMEN|FIJO|P0210085000|1|0|5.0|VOLUMEN|FIJO|P0210085000|1|0|5.0|VOLUMEN|FIJO|P0210085000|1|0|5.0|VOLUMEN|FIJO|P0210085000|1|0|5.0|VOLUMEN|FIJO|P0210085000|1|0|5.0|VOLUMEN|FIJO|P0210085000|1|0|5.0|VOLUMEN|FIJO|P0210085000|1|0|5.0|VOLUMEN|FIJO|P0210085000|1|0|5.0|VOLUMEN|FIJO|P0210085000|1|0|5.0|VOLUMEN|FIJO|P0210085000|1|0|5.0
1081,VOLUMEN|FIJO|P0210085000|1|0|3.0|VOLUMEN|FIJO|P0210085000|1|0|3.0|VOLUMEN|FIJO|P0210085000|1|0|3.0|VOLUMEN|FIJO|P0210085000|1|0|3.0|VOLUMEN|FIJO|P0210085000|1|0|3.0|VOLUMEN|FIJO|P0210085000|1|0|3.0|VOLUMEN|FIJO|P0210085000|1|0|3.0|VOLUMEN|FIJO|P0210085000|1|0|3.0|VOLUMEN|FIJO|P0210085000|1|0|3.0|VOLUMEN|FIJO|P0210085000|1|0|3.0|VOLUMEN|FIJO|P0210085000|1|0|3.0
1082,VOLUMEN|FIJO|P0210085000|1|0|3.0|VOLUMEN|FIJO|P0210085000|1|0|3.0|VOLUMEN|FIJO|P0210085000|1|0|3.0|VOLUMEN|FIJO|P0210085000|1|0|3.0|VOLUMEN|FIJO|P0210085000|1|0|3.0|VOLUMEN|FIJO|P0210085000|1|0|3.0|VOLUMEN|FIJO|P0210085000|1|0|3.0|VOLUMEN|FIJO|P0210085000|1|0|3.0|VOLUMEN|FIJO|P0210085000|1|0|3.0|VOLUMEN|FIJO|P0210085000|1|0|3.0|VOLUMEN|FIJO|P0210085000|1|0|3.0
1083,VOLUMEN|FIJO|P0210085000|1|0|3.0|VOLUMEN|FIJO|P0210085000|1|0|3.0|VOLUMEN|FIJO|P0210085000|1|0|3.0|VOLUMEN|FIJO|P0210085000|1|0|3.0|VOLUMEN|FIJO|P0210085000|1|0|3.0|VOLUMEN|FIJO|P0210085000|1|0|3.0|VOLUMEN|FIJO|P0210085000|1|0|3.0|VOLUMEN|FIJO|P0210085000|1|0|3.0|VOLUMEN|FIJO|P0210085000|1|0|3.0|VOLUMEN|FIJO|P0210085000|1|0|3.0|VOLUMEN|FIJO|P0210085000|1|0|3.0
1084,VOLUMEN|FIJO|P0210085000|1|0|3.0|VOLUMEN|FIJO|P0210085000|1|0|3.0|VOLUMEN|FIJO|P0210085000|1|0|3.0|VOLUMEN|FIJO|P0210085000|1|0|3.0|VOLUMEN|FIJO|P0210085000|1|0|3.0|VOLUMEN|FIJO|P0210085000|1|0|3.0|VOLUMEN|FIJO|P0210085000|1|0|3.0|VOLUMEN|FIJO|P0210085000|1|0|3.0|VOLUMEN|FIJO|P0210085000|1|0|3.0|VOLUMEN|FIJO|P0210085000|1|0|3.0|VOLUMEN|FIJO|P0210085000|1|0|3.0
1085,VOLUMEN|FIJO|P0210085000|1|0|3.0|VOLUMEN|FIJO|P0210085000|1|0|3.0|VOLUMEN|FIJO|P0210085000|1|0|3.0|VOLUMEN|FIJO|P0210085000|1|0|3.0|VOLUMEN|FIJO|P0210085000|1|0|3.0|VOLUMEN|FIJO|P0210085000|1|0|3.0|VOLUMEN|FIJO|P0210085000|1|0|3.0|VOLUMEN|FIJO|P0210085000|1|0|3.0|VOLUMEN|FIJO|P0210085000|1|0|3.0|VOLUMEN|FIJO|P0210085000|1|0|3.0|VOLUMEN|FIJO|P0210085000|1|0|3.0
1086,VOLUMEN|FIJO|P0210085000|1|0|3.0|VOLUMEN|FIJO|P0210085000|1|0|3.0|VOLUMEN|FIJO|P0210085000|1|0|3.0|VOLUMEN|FIJO|P0210085000|1|0|3.0|VOLUMEN|FIJO|P0210085000|1|0|3.0|VOLUMEN|FIJO|P0210085000|1|0|3.0|VOLUMEN|FIJO|P0210085000|1|0|3.0|VOLUMEN|FIJO|P0210085000|1|0|3.0|VOLUMEN|FIJO|P0210085000|1|0|3.0|VOLUMEN|FIJO|P0210085000|1|0|3.0|VOLUMEN|FIJO|P0210085000|1|0|3.0
1087,VOLUMEN|FIJO|P0210085000|1|0|3.0|VOLUMEN|FIJO|P0210085000|1|0|3.0|VOLUMEN|FIJO|P0210085000|1|0|3.0|VOLUMEN|FIJO|P0210085000|1|0|3.0|VOLUMEN|FIJO|P0210085000|1|0|3.0|VOLUMEN|FIJO|P0210085000|1|0|3.0|VOLUMEN|FIJO|P0210085000|1|0|3.0|VOLUMEN|FIJO|P0210085000|1|0|3.0|VOLUMEN|FIJO|P0210085000|1|0|3.0|VOLUMEN|FIJO|P0210085000|1|0|3.0|VOLUMEN|FIJO|P0210085000|1|0|3.0
1088,VOLUMEN|FIJO|P0210085000|1|0|5.0|VOLUMEN|FIJO|P0210085000|1|0|5.0|VOLUMEN|FIJO|P0210085000|1|0|5.0|VOLUMEN|FIJO|P0210085000|1|0|5.0|VOLUMEN|FIJO|P0210085000|1|0|5.0|VOLUMEN|FIJO|P0210085000|1|0|5.0|VOLUMEN|FIJO|P0210085000|1|0|5.0|VOLUMEN|FIJO|P0210085000|1|0|5.0|VOLUMEN|FIJO|P0210085000|1|0|5.0|VOLUMEN|FIJO|P0210085000|1|0|5.0|VOLUMEN|FIJO|P0210085000|1|0|5.0
1089,VOLUMEN|FIJO|P0210085000|1|0|5.0|VOLUMEN|FIJO|P0210085000|1|0|5.0|VOLUMEN|FIJO|P0210085000|1|0|5.0|VOLUMEN|FIJO|P0210085000|1|0|5.0|VOLUMEN|FIJO|P0210085000|1|0|5.0|VOLUMEN|FIJO|P0210085000|1|0|5.0|VOLUMEN|FIJO|P0210085000|1|0|5.0|VOLUMEN|FIJO|P0210085000|1|0|5.0|VOLUMEN|FIJO|P0210085000|1|0|5.0|VOLUMEN|FIJO|P0210085000|1|0|5.0|VOLUMEN|FIJO|P0210085000|1|0|5.0
1090,VOLUMEN|FIJO|P0210085000|1|0|5.0|VOLUMEN|FIJO|P0210085000|1|0|5.0|VOLUMEN|FIJO|P0210085000|1|0|5.0|VOLUMEN|FIJO|P0210085000|1|0|5.0|VOLUMEN|FIJO|P0210085000|1|0|5.0|VOLUMEN|FIJO|P0210085000|1|0|5.0|VOLUMEN|FIJO|P0210085000|1|0|5.0|VOLUMEN|FIJO|P0210085000|1|0|5.0|VOLUMEN|FIJO|P0210085000|1|0|5.0|VOLUMEN|FIJO|P0210085000|1|0|5.0|VOLUMEN|FIJO|P0210085000|1|0|5.0
1091,VOLUMEN|FIJO|P0210085000|1|0|5.0|VOLUMEN|FIJO|P0210085000|1|0|5.0|VOLUMEN|FIJO|P0210085000|1|0|5.0|VOLUMEN|FIJO|P0210085000|1|0|5.0|VOLUMEN|FIJO|P0210085000|1|0|5.0|VOLUMEN|FIJO|P0210085000|1|0|5.0|VOLUMEN|FIJO|P0210085000|1|0|5.0|VOLUMEN|FIJO|P0210085000|1|0|5.0|VOLUMEN|FIJO|P0210085000|1|0|5.0|VOLUMEN|FIJO|P0210085000|1|0|5.0|VOLUMEN|FIJO|P0210085000|1|0|5.0
1092,VOLUMEN|FIJO|P0210085000|1|0|5.0|VOLUMEN|FIJO|P0210085000|1|0|5.0|VOLUMEN|FIJO|P0210085000|1|0|5.0|VOLUMEN|FIJO|P0210085000|1|0|5.0|VOLUMEN|FIJO|P0210085000|1|0|5.0|VOLUMEN|FIJO|P0210085000|1|0|5.0|VOLUMEN|FIJO|P0210085000|1|0|5.0|VOLUMEN|FIJO|P0210085000|1|0|5.0|VOLUMEN|FIJO|P0210085000|1|0|5.0|VOLUMEN|FIJO|P0210085000|1|0|5.0|VOLUMEN|FIJO|P0210085000|1|0|5.0
1093,VOLUMEN|FIJO|P0210085000|1|0|5.0|VOLUMEN|FIJO|P0210085000|1|0|5.0|VOLUMEN|FIJO|P0210085000|1|0|5.0|VOLUMEN|FIJO|P0210085000|1|0|5.0|VOLUMEN|FIJO|P0210085000|1|0|5.0|VOLUMEN|FIJO|P0210085000|1|0|5.0|VOLUMEN|FIJO|P0210085000|1|0|5.0|VOLUMEN|FIJO|P0210085000|1|0|5.0|VOLUMEN|FIJO|P0210085000|1|0|5.0|VOLUMEN|FIJO|P0210085000|1|0|5.0|VOLUMEN|FIJO|P0210085000|1|0|5.0
1094,VOLUMEN|FIJO|P0210085000|1|0|5.0|VOLUMEN|FIJO|P0210085000|1|0|5.0|VOLUMEN|FIJO|P0210085000|1|0|5.0|VOLUMEN|FIJO|P0210085000|1|0|5.0|VOLUMEN|FIJO|P0210085000|1|0|5.0|VOLUMEN|FIJO|P0210085000|1|0|5.0|VOLUMEN|FIJO|P0210085000|1|0|5.0|VOLUMEN|FIJO|P0210085000|1|0|5.0|VOLUMEN|FIJO|P0210085000|1|0|5.0|VOLUMEN|FIJO|P0210085000|1|0|5.0|VOLUMEN|FIJO|P0210085000|1|0|5.0
1095,VOLUMEN|FIJO|P0210085000|1|0|5.0|VOLUMEN|FIJO|P0210085000|1|0|5.0|VOLUMEN|FIJO|P0210085000|1|0|5.0|VOLUMEN|FIJO|P0210085000|1|0|5.0|VOLUMEN|FIJO|P0210085000|1|0|5.0|VOLUMEN|FIJO|P0210085000|1|0|5.0|VOLUMEN|FIJO|P0210085000|1|0|5.0|VOLUMEN|FIJO|P0210085000|1|0|5.0|VOLUMEN|FIJO|P0210085000|1|0|5.0|VOLUMEN|FIJO|P0210085000|1|0|5.0|VOLUMEN|FIJO|P0210085000|1|0|5.0
1096,VOLUMEN|FIJO|P0210085000|1|0|5.0|VOLUMEN|FIJO|P0210085000|1|0|5.0|VOLUMEN|FIJO|P0210085000|1|0|5.0|VOLUMEN|FIJO|P0210085000|1|0|5.0|VOLUMEN|FIJO|P0210085000|1|0|5.0|VOLUMEN|FIJO|P0210085000|1|0|5.0|VOLUMEN|FIJO|P0210085000|1|0|5.0|VOLUMEN|FIJO|P0210085000|1|0|5.0|VOLUMEN|FIJO|P0210085000|1|0|5.0|VOLUMEN|FIJO|P0210085000|1|0|5.0|VOLUMEN|FIJO|P0210085000|1|0|5.0
1097,VOLUMEN|FIJO|P0210085000|1|0|2.0|VOLUMEN|FIJO|P0210085000|1|0|2.0|VOLUMEN|FIJO|P0210085000|1|0|2.0|VOLUMEN|FIJO|P0210085000|1|0|2.0|VOLUMEN|FIJO|P0210085000|1|0|2.0|VOLUMEN|FIJO|P0210085000|1|0|2.0|VOLUMEN|FIJO|P0210085000|1|0|2.0|VOLUMEN|FIJO|P0210085000|1|0|2.0|VOLUMEN|FIJO|P0210085000|1|0|2.0|VOLUMEN|FIJO|P0210085000|1|0|2.0|VOLUMEN|FIJO|P0210085000|1|0|2.0
1098,VOLUMEN|FIJO|P0210085000|1|0|3.0|VOLUMEN|FIJO|P0210085000|1|0|3.0|VOLUMEN|FIJO|P0210085000|1|0|3.0|VOLUMEN|FIJO|P0210085000|1|0|3.0|VOLUMEN|FIJO|P0210085000|1|0|3.0|VOLUMEN|FIJO|P0210085000|1|0|3.0|VOLUMEN|FIJO|P0210085000|1|0|3.0|VOLUMEN|FIJO|P0210085000|1|0|3.0|VOLUMEN|FIJO|P0210085000|1|0|3.0|VOLUMEN|FIJO|P0210085000|1|0|3.0|VOLUMEN|FIJO|P0210085000|1|0|3.0
1099,VOLUMEN|FIJO|P0210085000|1|0|3.0|VOLUMEN|FIJO|P0210085000|1|0|3.0|VOLUMEN|FIJO|P0210085000|1|0|3.0|VOLUMEN|FIJO|P0210085000|1|0|3.0|VOLUMEN|FIJO|P0210085000|1|0|3.0|VOLUMEN|FIJO|P0210085000|1|0|3.0|VOLUMEN|FIJO|P0210085000|1|0|3.0|VOLUMEN|FIJO|P0210085000|1|0|3.0|VOLUMEN|FIJO|P0210085000|1|0|3.0|VOLUMEN|FIJO|P0210085000|1|0|3.0|VOLUMEN|FIJO|P0210085000|1|0|3.0
1100,VOLUMEN|FIJO|P0210085000|1|0|3.0|VOLUMEN|FIJO|P0210085000|1|0|3.0|VOLUMEN|FIJO|P0210085000|1|0|3.0|VOLUMEN|FIJO|P0210085000|1|0|3.0|VOLUMEN|FIJO|P0210085000|1|0|3.0|VOLUMEN|FIJO|P0210085000|1|0|3.0|VOLUMEN|FIJO|P0210085000|1|0|3.0|VOLUMEN|FIJO|P0210085000|1|0|3.0|VOLUMEN|FIJO|P0210085000|1|0|3.0|VOLUMEN|FIJO|P0210085000|1|0|3.0|VOLUMEN|FIJO|P0210085000|1|0|3.0
1101,VOLUMEN|FIJO|P0210085000|1|0|3.0|VOLUMEN|FIJO|P0210085000|1|0|3.0|VOLUMEN|FIJO|P0210085000|1|0|3.0|VOLUMEN|FIJO|P0210085000|1|0|3.0|VOLUMEN|FIJO|P0210085000|1|0|3.0|VOLUMEN|FIJO|P0210085000|1|0|3.0|VOLUMEN|FIJO|P0210085000|1|0|3.0|VOLUMEN|FIJO|P0210085000|1|0|3.0|VOLUMEN|FIJO|P0210085000|1|0|3.0|VOLUMEN|FIJO|P0210085000|1|0|3.0|VOLUMEN|FIJO|P0210085000|1|0|3.0
1102,VOLUMEN|FIJO|P0210085000|1|0|3.0|VOLUMEN|FIJO|P0210085000|1|0|3.0|VOLUMEN|FIJO|P0210085000|1|0|3.0|VOLUMEN|FIJO|P0210085000|1|0|3.0|VOLUMEN|FIJO|P0210085000|1|0|3.0|VOLUMEN|FIJO|P0210085000|1|0|3.0|VOLUMEN|FIJO|P0210085000|1|0|3.0|VOLUMEN|FIJO|P0210085000|1|0|3.0|VOLUMEN|FIJO|P0210085000|1|0|3.0|VOLUMEN|FIJO|P0210085000|1|0|3.0|VOLUMEN|FIJO|P0210085000|1|0|3.0
1103,VOLUMEN|FIJO|P0210085000|1|0|3.0|VOLUMEN|FIJO|P0210085000|1|0|3.0|VOLUMEN|FIJO|P0210085000|1|0|3.0|VOLUMEN|FIJO|P0210085000|1|0|3.0|VOLUMEN|FIJO|P0210085000|1|0|3.0|VOLUMEN|FIJO|P0210085000|1|0|3.0|VOLUMEN|FIJO|P0210085000|1|0|3.0|VOLUMEN|FIJO|P0210085000|1|0|3.0|VOLUMEN|FIJO|P0210085000|1|0|3.0|VOLUMEN|FIJO|P0210085000|1|0|3.0|VOLUMEN|FIJO|P0210085000|1|0|3.0
1104,VOLUMEN|FIJO|P0210085000|1|0|3.0|VOLUMEN|FIJO|P0210085000|1|0|3.0|VOLUMEN|FIJO|P0210085000|1|0|3.0|VOLUMEN|FIJO|P0210085000|1|0|3.0|VOLUMEN|FIJO|P0210085000|1|0|3.0|VOLUMEN|FIJO|P0210085000|1|0|3.0|VOLUMEN|FIJO|P0210085000|1|0|3.0|VOLUMEN|FIJO|P0210085000|1|0|3.0|VOLUMEN|FIJO|P0210085000|1|0|3.0|VOLUMEN|FIJO|P0210085000|1|0|3.0|VOLUMEN|FIJO|P0210085000|1|0|3.0
1105,VOLUMEN|FIJO|P0210085000|1|0|3.0|VOLUMEN|FIJO|P0210085000|1|0|3.0|VOLUMEN|FIJO|P0210085000|1|0|3.0|VOLUMEN|FIJO|P0210085000|1|0|3.0|VOLUMEN|FIJO|P0210085000|1|0|3.0|VOLUMEN|FIJO|P0210085000|1|0|3.0|VOLUMEN|FIJO|P0210085000|1|0|3.0|VOLUMEN|FIJO|P0210085000|1|0|3.0|VOLUMEN|FIJO|P0210085000|1|0|3.0|VOLUMEN|FIJO|P0210085000|1|0|3.0|VOLUMEN|FIJO|P0210085000|1|0|3.0
1106,VOLUMEN|FIJO|P0210085000|1|0|5.0|VOLUMEN|FIJO|P0210085000|1|0|5.0|VOLUMEN|FIJO|P0210085000|1|0|5.0|VOLUMEN|FIJO|P0210085000|1|0|5.0|VOLUMEN|FIJO|P0210085000|1|0|5.0|VOLUMEN|FIJO|P0210085000|1|0|5.0|VOLUMEN|FIJO|P0210085000|1|0|5.0|VOLUMEN|FIJO|P0210085000|1|0|5.0|VOLUMEN|FIJO|P0210085000|1|0|5.0|VOLUMEN|FIJO|P0210085000|1|0|5.0|VOLUMEN|FIJO|P0210085000|1|0|5.0
1107,VOLUMEN|FIJO|P0210085000|1|0|5.0|VOLUMEN|FIJO|P0210085000|1|0|5.0|VOLUMEN|FIJO|P0210085000|1|0|5.0|VOLUMEN|FIJO|P0210085000|1|0|5.0|VOLUMEN|FIJO|P0210085000|1|0|5.0|VOLUMEN|FIJO|P0210085000|1|0|5.0|VOLUMEN|FIJO|P0210085000|1|0|5.0|VOLUMEN|FIJO|P0210085000|1|0|5.0|VOLUMEN|FIJO|P0210085000|1|0|5.0|VOLUMEN|FIJO|P0210085000|1|0|5.0|VOLUMEN|FIJO|P0210085000|1|0|5.0
1108,VOLUMEN|FIJO|P0210085000|1|0|2.0|VOLUMEN|FIJO|P0210085000|1|0|2.0|VOLUMEN|FIJO|P0210085000|1|0|2.0|VOLUMEN|FIJO|P0210085000|1|0|2.0|VOLUMEN|FIJO|P0210085000|1|0|2.0|VOLUMEN|FIJO|P0210085000|1|0|2.0|VOLUMEN|FIJO|P0210085000|1|0|2.0|VOLUMEN|FIJO|P0210085000|1|0|2.0|VOLUMEN|FIJO|P0210085000|1|0|2.0|VOLUMEN|FIJO|P0210085000|1|0|2.0|VOLUMEN|FIJO|P0210085000|1|0|2.0
1109,VOLUMEN|FIJO|P0210085000|1|0|5.0|VOLUMEN|FIJO|P0210085000|1|0|5.0|VOLUMEN|FIJO|P0210085000|1|0|5.0|VOLUMEN|FIJO|P0210085000|1|0|5.0|VOLUMEN|FIJO|P0210085000|1|0|5.0|VOLUMEN|FIJO|P0210085000|1|0|5.0|VOLUMEN|FIJO|P0210085000|1|0|5.0|VOLUMEN|FIJO|P0210085000|1|0|5.0|VOLUMEN|FIJO|P0210085000|1|0|5.0|VOLUMEN|FIJO|P0210085000|1|0|5.0|VOLUMEN|FIJO|P0210085000|1|0|5.0
1110,VOLUMEN|FIJO|P0210085000|1|0|5.0|VOLUMEN|FIJO|P0210085000|1|0|5.0|VOLUMEN|FIJO|P0210085000|1|0|5.0|VOLUMEN|FIJO|P0210085000|1|0|5.0|VOLUMEN|FIJO|P0210085000|1|0|5.0|VOLUMEN|FIJO|P0210085000|1|0|5.0|VOLUMEN|FIJO|P0210085000|1|0|5.0|VOLUMEN|FIJO|P0210085000|1|0|5.0|VOLUMEN|FIJO|P0210085000|1|0|5.0|VOLUMEN|FIJO|P0210085000|1|0|5.0|VOLUMEN|FIJO|P0210085000|1|0|5.0
1111,VOLUMEN|FIJO|P0210085000|1|0|5.0|VOLUMEN|FIJO|P0210085000|1|0|5.0|VOLUMEN|FIJO|P0210085000|1|0|5.0|VOLUMEN|FIJO|P0210085000|1|0|5.0|VOLUMEN|FIJO|P0210085000|1|0|5.0|VOLUMEN|FIJO|P0210085000|1|0|5.0|VOLUMEN|FIJO|P0210085000|1|0|5.0|VOLUMEN|FIJO|P0210085000|1|0|5.0|VOLUMEN|FIJO|P0210085000|1|0|5.0|VOLUMEN|FIJO|P0210085000|1|0|5.0|VOLUMEN|FIJO|P0210085000|1|0|5.0
1112,VOLUMEN|FIJO|P0210085000|1|0|5.0|VOLUMEN|FIJO|P0210085000|1|0|5.0|VOLUMEN|FIJO|P0210085000|1|0|5.0|VOLUMEN|FIJO|P0210085000|1|0|5.0|VOLUMEN|FIJO|P0210085000|1|0|5.0|VOLUMEN|FIJO|P0210085000|1|0|5.0|VOLUMEN|FIJO|P0210085000|1|0|5.0|VOLUMEN|FIJO|P0210085000|1|0|5.0|VOLUMEN|FIJO|P0210085000|1|0|5.0|VOLUMEN|FIJO|P0210085000|1|0|5.0|VOLUMEN|FIJO|P0210085000|1|0|5.0
1113,VOLUMEN|FIJO|P0210085000|1|0|5.0|VOLUMEN|FIJO|P0210085000|1|0|5.0|VOLUMEN|FIJO|P0210085000|1|0|5.0|VOLUMEN|FIJO|P0210085000|1|0|5.0|VOLUMEN|FIJO|P0210085000|1|0|5.0|VOLUMEN|FIJO|P0210085000|1|0|5.0|VOLUMEN|FIJO|P0210085000|1|0|5.0|VOLUMEN|FIJO|P0210085000|1|0|5.0|VOLUMEN|FIJO|P0210085000|1|0|5.0|VOLUMEN|FIJO|P0210085000|1|0|5.0|VOLUMEN|FIJO|P0210085000|1|0|5.0
1114,VOLUMEN|FIJO|P0210085000|1|0|2.0|VOLUMEN|FIJO|P0210085000|1|0|2.0|VOLUMEN|FIJO|P0210085000|1|0|2.0|VOLUMEN|FIJO|P0210085000|1|0|2.0|VOLUMEN|FIJO|P0210085000|1|0|2.0|VOLUMEN|FIJO|P0210085000|1|0|2.0|VOLUMEN|FIJO|P0210085000|1|0|2.0|VOLUMEN|FIJO|P0210085000|1|0|2.0|VOLUMEN|FIJO|P0210085000|1|0|2.0|VOLUMEN|FIJO|P0210085000|1|0|2.0|VOLUMEN|FIJO|P0210085000|1|0|2.0
1115,VOLUMEN|FIJO|P0210085000|1|0|2.0|VOLUMEN|FIJO|P0210085000|1|0|2.0|VOLUMEN|FIJO|P0210085000|1|0|2.0|VOLUMEN|FIJO|P0210085000|1|0|2.0|VOLUMEN|FIJO|P0210085000|1|0|2.0|VOLUMEN|FIJO|P0210085000|1|0|2.0|VOLUMEN|FIJO|P0210085000|1|0|2.0|VOLUMEN|FIJO|P0210085000|1|0|2.0|VOLUMEN|FIJO|P0210085000|1|0|2.0|VOLUMEN|FIJO|P0210085000|1|0|2.0|VOLUMEN|FIJO|P0210085000|1|0|2.0
1116,VOLUMEN|FIJO|P0210085000|1|0|2.0|VOLUMEN|FIJO|P0210085000|1|0|2.0|VOLUMEN|FIJO|P0210085000|1|0|2.0|VOLUMEN|FIJO|P0210085000|1|0|2.0|VOLUMEN|FIJO|P0210085000|1|0|2.0|VOLUMEN|FIJO|P0210085000|1|0|2.0|VOLUMEN|FIJO|P0210085000|1|0|2.0|VOLUMEN|FIJO|P0210085000|1|0|2.0|VOLUMEN|FIJO|P0210085000|1|0|2.0|VOLUMEN|FIJO|P0210085000|1|0|2.0|VOLUMEN|FIJO|P0210085000|1|0|2.0
1117,VOLUMEN|FIJO|P0210085000|1|0|2.0|VOLUMEN|FIJO|P0210085000|1|0|2.0|VOLUMEN|FIJO|P0210085000|1|0|2.0|VOLUMEN|FIJO|P0210085000|1|0|2.0|VOLUMEN|FIJO|P0210085000|1|0|2.0|VOLUMEN|FIJO|P0210085000|1|0|2.0|VOLUMEN|FIJO|P0210085000|1|0|2.0|VOLUMEN|FIJO|P0210085000|1|0|2.0|VOLUMEN|FIJO|P0210085000|1|0|2.0|VOLUMEN|FIJO|P0210085000|1|0|2.0|VOLUMEN|FIJO|P0210085000|1|0|2.0
1118,VOLUMEN|FIJO|P0210085000|1|0|2.0|VOLUMEN|FIJO|P0210085000|1|0|2.0|VOLUMEN|FIJO|P0210085000|1|0|2.0|VOLUMEN|FIJO|P0210085000|1|0|2.0|VOLUMEN|FIJO|P0210085000|1|0|2.0|VOLUMEN|FIJO|P0210085000|1|0|2.0|VOLUMEN|FIJO|P0210085000|1|0|2.0|VOLUMEN|FIJO|P0210085000|1|0|2.0|VOLUMEN|FIJO|P0210085000|1|0|2.0|VOLUMEN|FIJO|P0210085000|1|0|2.0|VOLUMEN|FIJO|P0210085000|1|0|2.0
1119,VOLUMEN|FIJO|P0210085000|1|0|5.0|VOLUMEN|FIJO|P0210085000|1|0|5.0|VOLUMEN|FIJO|P0210085000|1|0|5.0|VOLUMEN|FIJO|P0210085000|1|0|5.0|VOLUMEN|FIJO|P0210085000|1|0|5.0|VOLUMEN|FIJO|P0210085000|1|0|5.0|VOLUMEN|FIJO|P0210085000|1|0|5.0|VOLUMEN|FIJO|P0210085000|1|0|5.0|VOLUMEN|FIJO|P0210085000|1|0|5.0|VOLUMEN|FIJO|P0210085000|1|0|5.0|VOLUMEN|FIJO|P0210085000|1|0|5.0
1120,VOLUMEN|FIJO|P0210085000|1|0|3.0|VOLUMEN|FIJO|P0210085000|1|0|3.0|VOLUMEN|FIJO|P0210085000|1|0|3.0|VOLUMEN|FIJO|P0210085000|1|0|3.0|VOLUMEN|FIJO|P0210085000|1|0|3.0|VOLUMEN|FIJO|P0210085000|1|0|3.0|VOLUMEN|FIJO|P0210085000|1|0|3.0|VOLUMEN|FIJO|P0210085000|1|0|3.0|VOLUMEN|FIJO|P0210085000|1|0|3.0|VOLUMEN|FIJO|P0210085000|1|0|3.0|VOLUMEN|FIJO|P0210085000|1|0|3.0
1121,VOLUMEN|FIJO|P0210085000|1|0|3.0|VOLUMEN|FIJO|P0210085000|1|0|3.0|VOLUMEN|FIJO|P0210085000|1|0|3.0|VOLUMEN|FIJO|P0210085000|1|0|3.0|VOLUMEN|FIJO|P0210085000|1|0|3.0|VOLUMEN|FIJO|P0210085000|1|0|3.0|VOLUMEN|FIJO|P0210085000|1|0|3.0|VOLUMEN|FIJO|P0210085000|1|0|3.0|VOLUMEN|FIJO|P0210085000|1|0|3.0|VOLUMEN|FIJO|P0210085000|1|0|3.0|VOLUMEN|FIJO|P0210085000|1|0|3.0
1122,VOLUMEN|FIJO|P0210085000|1|0|3.0|VOLUMEN|FIJO|P0210085000|1|0|3.0|VOLUMEN|FIJO|P0210085000|1|0|3.0|VOLUMEN|FIJO|P0210085000|1|0|3.0|VOLUMEN|FIJO|P0210085000|1|0|3.0|VOLUMEN|FIJO|P0210085000|1|0|3.0|VOLUMEN|FIJO|P0210085000|1|0|3.0|VOLUMEN|FIJO|P0210085000|1|0|3.0|VOLUMEN|FIJO|P0210085000|1|0|3.0|VOLUMEN|FIJO|P0210085000|1|0|3.0|VOLUMEN|FIJO|P0210085000|1|0|3.0
1123,VOLUMEN|FIJO|P0210085000|1|0|3.0|VOLUMEN|FIJO|P0210085000|1|0|3.0|VOLUMEN|FIJO|P0210085000|1|0|3.0|VOLUMEN|FIJO|P0210085000|1|0|3.0|VOLUMEN|FIJO|P0210085000|1|0|3.0|VOLUMEN|FIJO|P0210085000|1|0|3.0|VOLUMEN|FIJO|P0210085000|1|0|3.0|VOLUMEN|FIJO|P0210085000|1|0|3.0|VOLUMEN|FIJO|P0210085000|1|0|3.0|VOLUMEN|FIJO|P0210085000|1|0|3.0|VOLUMEN|FIJO|P0210085000|1|0|3.0
1124,VOLUMEN|FIJO|P0210085000|1|0|3.0|VOLUMEN|FIJO|P0210085000|1|0|3.0|VOLUMEN|FIJO|P0210085000|1|0|3.0|VOLUMEN|FIJO|P0210085000|1|0|3.0|VOLUMEN|FIJO|P0210085000|1|0|3.0|VOLUMEN|FIJO|P0210085000|1|0|3.0|VOLUMEN|FIJO|P0210085000|1|0|3.0|VOLUMEN|FIJO|P0210085000|1|0|3.0|VOLUMEN|FIJO|P0210085000|1|0|3.0|VOLUMEN|FIJO|P0210085000|1|0|3.0|VOLUMEN|FIJO|P0210085000|1|0|3.0
1125,VOLUMEN|FIJO|P0210085000|1|0|3.0|VOLUMEN|FIJO|P0210085000|1|0|3.0|VOLUMEN|FIJO|P0210085000|1|0|3.0|VOLUMEN|FIJO|P0210085000|1|0|3.0|VOLUMEN|FIJO|P0210085000|1|0|3.0|VOLUMEN|FIJO|P0210085000|1|0|3.0|VOLUMEN|FIJO|P0210085000|1|0|3.0|VOLUMEN|FIJO|P0210085000|1|0|3.0|VOLUMEN|FIJO|P0210085000|1|0|3.0|VOLUMEN|FIJO|P0210085000|1|0|3.0|VOLUMEN|FIJO|P0210085000|1|0|3.0
1126,VOLUMEN|FIJO|200101369|0|0|1.0|VOLUMEN|FIJO|200082170|1|0|3.0|VOLUMEN|FIJO|200090313|0|0|3.0|VOLUMEN|FIJO|200082170|1|0|3.0|VOLUMEN|FIJO|200116308|0|0|1.0|VOLUMEN|FIJO|200082170|1|0|3.0|VOLUMEN|FIJO|200101369|0|0|1.0|VOLUMEN|FIJO|200104065|0|0|1.0|VOLUMEN|FIJO|200104065|0|0|1.0|VOLUMEN|FIJO|200090313|0|0|3.0|VOLUMEN|FIJO|200082170|1|0|3.0|VOLUMEN|FIJO|200104065|0|0|1.0|VOLUMEN|FIJO|200090313|0|0|3.0|VOLUMEN|FIJO|200101369|0|0|1.0|VOLUMEN|FIJO|200101369|0|0|1.0|VOLUMEN|FIJO|200101369|0|0|1.0|VOLUMEN|FIJO|200116308|0|0|1.0|VOLUMEN|FIJO|200116308|0|0|1.0|VOLUMEN|FIJO|200116308|0|0|1.0|VOLUMEN|FIJO|200116308|0|0|1.0|VOLUMEN|FIJO|200101369|0|0|1.0|VOLUMEN|FIJO|200082170|1|0|3.0|VOLUMEN|FIJO|200090313|0|0|3.0|VOLUMEN|FIJO|200090313|0|0|3.0|VOLUMEN|FIJO|200090313|0|0|3.0|VOLUMEN|FIJO|200090313|0|0|3.0|VOLUMEN|FIJO|200090313|0|0|3.0|VOLUMEN|FIJO|200090313|0|0|3.0|VOLUMEN|FIJO|200090313|0|0|3.0|VOLUMEN|FIJO|200104065|0|0|1.0|VOLUMEN|FIJO|200104065|0|0|1.0|VOLUMEN|FIJO|200082170|1|0|3.0|VOLUMEN|FIJO|200082170|1|0|3.0|VOLUMEN|FIJO|200082170|1|0|3.0|VOLUMEN|FIJO|200101369|0|0|1.0|VOLUMEN|FIJO|200101369|0|0|1.0|VOLUMEN|FIJO|200104065|0|0|1.0|VOLUMEN|FIJO|200104065|0|0|1.0|VOLUMEN|FIJO|200104065|0|0|1.0|VOLUMEN|FIJO|200104065|0|0|1.0|VOLUMEN|FIJO|200090313|0|0|3.0|VOLUMEN|FIJO|200090313|0|0|3.0|VOLUMEN|FIJO|200082170|1|0|3.0|VOLUMEN|FIJO|200082170|1|0|3.0|VOLUMEN|FIJO|200104065|0|0|1.0|VOLUMEN|FIJO|200101369|0|0|1.0|VOLUMEN|FIJO|200101369|0|0|1.0|VOLUMEN|FIJO|200101369|0|0|1.0|VOLUMEN|FIJO|200101369|0|0|1.0|VOLUMEN|FIJO|200116308|0|0|1.0|VOLUMEN|FIJO|200116308|0|0|1.0|VOLUMEN|FIJO|200116308|0|0|1.0|VOLUMEN|FIJO|200116308|0|0|1.0|VOLUMEN|FIJO|200116308|0|0|1.0|VOLUMEN|FIJO|200090313|0|0|3.0|VOLUMEN|FIJO|200082170|1|0|3.0|VOLUMEN|FIJO|200082170|1|0|3.0|VOLUMEN|FIJO|200101369|0|0|1.0|VOLUMEN|FIJO|200104065|0|0|1.0|VOLUMEN|FIJO|200116308|0|0|1.0|VOLUMEN|FIJO|200116308|0|0|1.0|VOLUMEN|FIJO|200116308|0|0|1.0|VOLUMEN|FIJO|200104065|0|0|1.0|VOLUMEN|FIJO|200082170|1|0|3.0|VOLUMEN|FIJO|200104065|0|0|1.0|VOLUMEN|FIJO|200082170|1|0|3.0
1127,VOLUMEN|FIJO|200058607|1|0|6.0|VOLUMEN|FIJO|200058607|1|0|6.0|VOLUMEN|FIJO|200058607|1|0|6.0|VOLUMEN|FIJO|200058607|1|0|6.0|VOLUMEN|FIJO|200058607|1|0|6.0|VOLUMEN|FIJO|200058607|1|0|6.0|VOLUMEN|FIJO|200058607|1|0|6.0|VOLUMEN|FIJO|200058607|1|0|6.0|VOLUMEN|FIJO|200058607|1|0|6.0|VOLUMEN|FIJO|200058607|1|0|6.0|VOLUMEN|FIJO|200058607|1|0|6.0|VOLUMEN|FIJO|200058607|1|0|6.0
1128,VOLUMEN|FIJO|200058607|1|0|2.0|VOLUMEN|FIJO|200058607|1|0|2.0|VOLUMEN|FIJO|200058607|1|0|2.0|VOLUMEN|FIJO|200058607|1|0|2.0|VOLUMEN|FIJO|200058607|1|0|2.0|VOLUMEN|FIJO|200058607|1|0|2.0|VOLUMEN|FIJO|200058607|1|0|2.0|VOLUMEN|FIJO|200058607|1|0|2.0|VOLUMEN|FIJO|200058607|1|0|2.0|VOLUMEN|FIJO|200058607|1|0|2.0|VOLUMEN|FIJO|200058607|1|0|2.0|VOLUMEN|FIJO|200058607|1|0|2.0
1129,VOLUMEN|FIJO|200058607|1|0|4.0|VOLUMEN|FIJO|200058607|1|0|4.0|VOLUMEN|FIJO|200058607|1|0|4.0|VOLUMEN|FIJO|200058607|1|0|4.0|VOLUMEN|FIJO|200058607|1|0|4.0|VOLUMEN|FIJO|200058607|1|0|4.0|VOLUMEN|FIJO|200058607|1|0|4.0|VOLUMEN|FIJO|200058607|1|0|4.0|VOLUMEN|FIJO|200058607|1|0|4.0|VOLUMEN|FIJO|200058607|1|0|4.0|VOLUMEN|FIJO|200058607|1|0|4.0|VOLUMEN|FIJO|200058607|1|0|4.0
1130,VOLUMEN|FIJO|200056741|1|0|2.0|VOLUMEN|FIJO|200056741|1|0|2.0|VOLUMEN|FIJO|200056741|1|0|2.0|VOLUMEN|FIJO|200056741|1|0|2.0|VOLUMEN|FIJO|200056741|1|0|2.0|VOLUMEN|FIJO|200056741|1|0|2.0|VOLUMEN|FIJO|200056741|1|0|2.0|VOLUMEN|FIJO|200056741|1|0|2.0|VOLUMEN|FIJO|200056741|1|0|2.0|VOLUMEN|FIJO|200056741|1|0|2.0|VOLUMEN|FIJO|200056741|1|0|2.0|VOLUMEN|FIJO|200056741|1|0|2.0
1131,VOLUMEN|FIJO|200056741|1|0|4.0|VOLUMEN|FIJO|200056741|1|0|4.0|VOLUMEN|FIJO|200056741|1|0|4.0|VOLUMEN|FIJO|200056741|1|0|4.0|VOLUMEN|FIJO|200056741|1|0|4.0|VOLUMEN|FIJO|200056741|1|0|4.0|VOLUMEN|FIJO|200056741|1|0|4.0|VOLUMEN|FIJO|200056741|1|0|4.0|VOLUMEN|FIJO|200056741|1|0|4.0|VOLUMEN|FIJO|200056741|1|0|4.0|VOLUMEN|FIJO|200056741|1|0|4.0|VOLUMEN|FIJO|200056741|1|0|4.0
1132,VOLUMEN|FIJO|200056740|1|0|2.0|VOLUMEN|FIJO|200056740|1|0|2.0|VOLUMEN|FIJO|200056740|1|0|2.0|VOLUMEN|FIJO|200056740|1|0|2.0|VOLUMEN|FIJO|200056740|1|0|2.0|VOLUMEN|FIJO|200056740|1|0|2.0|VOLUMEN|FIJO|200056740|1|0|2.0|VOLUMEN|FIJO|200056740|1|0|2.0|VOLUMEN|FIJO|200056740|1|0|2.0|VOLUMEN|FIJO|200056740|1|0|2.0|VOLUMEN|FIJO|200056740|1|0|2.0|VOLUMEN|FIJO|200056740|1|0|2.0
1133,VOLUMEN|FIJO|200056740|1|0|4.0|VOLUMEN|FIJO|200056740|1|0|4.0|VOLUMEN|FIJO|200056740|1|0|4.0|VOLUMEN|FIJO|200056740|1|0|4.0|VOLUMEN|FIJO|200056740|1|0|4.0|VOLUMEN|FIJO|200056740|1|0|4.0|VOLUMEN|FIJO|200056740|1|0|4.0|VOLUMEN|FIJO|200056740|1|0|4.0|VOLUMEN|FIJO|200056740|1|0|4.0|VOLUMEN|FIJO|200056740|1|0|4.0|VOLUMEN|FIJO|200056740|1|0|4.0|VOLUMEN|FIJO|200056740|1|0|4.0
1134,VOLUMEN|FIJO|200073712|1|0|2.0|VOLUMEN|FIJO|200073712|1|0|2.0|VOLUMEN|FIJO|200073712|1|0|2.0|VOLUMEN|FIJO|200073712|1|0|2.0|VOLUMEN|FIJO|200073712|1|0|2.0|VOLUMEN|FIJO|200073712|1|0|2.0|VOLUMEN|FIJO|200073712|1|0|2.0|VOLUMEN|FIJO|200073712|1|0|2.0|VOLUMEN|FIJO|200073712|1|0|2.0|VOLUMEN|FIJO|200073712|1|0|2.0|VOLUMEN|FIJO|200073712|1|0|2.0|VOLUMEN|FIJO|200073712|1|0|2.0
1135,VOLUMEN|FIJO|200073712|1|0|4.0|VOLUMEN|FIJO|200073712|1|0|4.0|VOLUMEN|FIJO|200073712|1|0|4.0|VOLUMEN|FIJO|200073712|1|0|4.0|VOLUMEN|FIJO|200073712|1|0|4.0|VOLUMEN|FIJO|200073712|1|0|4.0|VOLUMEN|FIJO|200073712|1|0|4.0|VOLUMEN|FIJO|200073712|1|0|4.0|VOLUMEN|FIJO|200073712|1|0|4.0|VOLUMEN|FIJO|200073712|1|0|4.0|VOLUMEN|FIJO|200073712|1|0|4.0|VOLUMEN|FIJO|200073712|1|0|4.0
1136,VOLUMEN|FIJO|200056743|1|0|2.0|VOLUMEN|FIJO|200056743|1|0|2.0|VOLUMEN|FIJO|200056743|1|0|2.0|VOLUMEN|FIJO|200056743|1|0|2.0|VOLUMEN|FIJO|200056743|1|0|2.0|VOLUMEN|FIJO|200056743|1|0|2.0|VOLUMEN|FIJO|200056743|1|0|2.0|VOLUMEN|FIJO|200056743|1|0|2.0|VOLUMEN|FIJO|200056743|1|0|2.0|VOLUMEN|FIJO|200056743|1|0|2.0|VOLUMEN|FIJO|200056743|1|0|2.0|VOLUMEN|FIJO|200056743|1|0|2.0
1137,VOLUMEN|FIJO|200056743|1|0|4.0|VOLUMEN|FIJO|200056743|1|0|4.0|VOLUMEN|FIJO|200056743|1|0|4.0|VOLUMEN|FIJO|200056743|1|0|4.0|VOLUMEN|FIJO|200056743|1|0|4.0|VOLUMEN|FIJO|200056743|1|0|4.0|VOLUMEN|FIJO|200056743|1|0|4.0|VOLUMEN|FIJO|200056743|1|0|4.0|VOLUMEN|FIJO|200056743|1|0|4.0|VOLUMEN|FIJO|200056743|1|0|4.0|VOLUMEN|FIJO|200056743|1|0|4.0|VOLUMEN|FIJO|200056743|1|0|4.0
1138,VOLUMEN|FIJO|200053122|1|0|3.0|VOLUMEN|FIJO|200053122|1|0|3.0|VOLUMEN|FIJO|200053122|1|0|3.0|VOLUMEN|FIJO|200053122|1|0|3.0|VOLUMEN|FIJO|200053122|1|0|3.0|VOLUMEN|FIJO|200053122|1|0|3.0|VOLUMEN|FIJO|200053122|1|0|3.0|VOLUMEN|FIJO|200053122|1|0|3.0|VOLUMEN|FIJO|200053122|1|0|3.0|VOLUMEN|FIJO|200053122|1|0|3.0|VOLUMEN|FIJO|200053122|1|0|3.0|VOLUMEN|FIJO|200053122|1|0|3.0|VOLUMEN|FIJO|200053122|1|0|3.0
1139,VOLUMEN|FIJO|200098820|1|0|5.0|VOLUMEN|FIJO|200098820|1|0|5.0|VOLUMEN|FIJO|200098820|1|0|5.0|VOLUMEN|FIJO|200098820|1|0|5.0|VOLUMEN|FIJO|200098820|1|0|5.0|VOLUMEN|FIJO|200098820|1|0|5.0|VOLUMEN|FIJO|200098820|1|0|5.0|VOLUMEN|FIJO|200098820|1|0|5.0|VOLUMEN|FIJO|200098820|1|0|5.0|VOLUMEN|FIJO|200098820|1|0|5.0
1140,VOLUMEN|FIJO|200098820|1|0|3.0|VOLUMEN|FIJO|200098820|1|0|3.0|VOLUMEN|FIJO|200098820|1|0|3.0|VOLUMEN|FIJO|200098820|1|0|3.0|VOLUMEN|FIJO|200098820|1|0|3.0|VOLUMEN|FIJO|200098820|1|0|3.0|VOLUMEN|FIJO|200098820|1|0|3.0|VOLUMEN|FIJO|200098820|1|0|3.0|VOLUMEN|FIJO|200098820|1|0|3.0|VOLUMEN|FIJO|200098820|1|0|3.0
1141,VOLUMEN|FIJO|200098821|1|0|5.0|VOLUMEN|FIJO|200098821|1|0|5.0|VOLUMEN|FIJO|200098821|1|0|5.0|VOLUMEN|FIJO|200098821|1|0|5.0|VOLUMEN|FIJO|200098821|1|0|5.0|VOLUMEN|FIJO|200098821|1|0|5.0|VOLUMEN|FIJO|200098821|1|0|5.0|VOLUMEN|FIJO|200098821|1|0|5.0|VOLUMEN|FIJO|200098821|1|0|5.0|VOLUMEN|FIJO|200098821|1|0|5.0
1142,VOLUMEN|FIJO|200098821|1|0|3.0|VOLUMEN|FIJO|200098821|1|0|3.0|VOLUMEN|FIJO|200098821|1|0|3.0|VOLUMEN|FIJO|200098821|1|0|3.0|VOLUMEN|FIJO|200098821|1|0|3.0|VOLUMEN|FIJO|200098821|1|0|3.0|VOLUMEN|FIJO|200098821|1|0|3.0|VOLUMEN|FIJO|200098821|1|0|3.0|VOLUMEN|FIJO|200098821|1|0|3.0|VOLUMEN|FIJO|200098821|1|0|3.0
1143,VOLUMEN|FIJO|P0408051000|1|0|2.0|VOLUMEN|FIJO|P0408051000|1|0|2.0|VOLUMEN|FIJO|P0408051000|1|0|2.0|VOLUMEN|FIJO|P0408051000|1|0|2.0|VOLUMEN|FIJO|P0408051000|1|0|2.0|VOLUMEN|FIJO|P0408051000|1|0|2.0|VOLUMEN|FIJO|P0408051000|1|0|2.0|VOLUMEN|FIJO|P0408051000|1|0|2.0|VOLUMEN|FIJO|P0408051000|1|0|2.0|VOLUMEN|FIJO|P0408051000|1|0|2.0|VOLUMEN|FIJO|P0408051000|1|0|2.0
1144,VOLUMEN|FIJO|P0408051000|1|0|2.0|VOLUMEN|FIJO|P0408051000|1|0|2.0|VOLUMEN|FIJO|P0408051000|1|0|2.0|VOLUMEN|FIJO|P0408051000|1|0|2.0|VOLUMEN|FIJO|P0408051000|1|0|2.0|VOLUMEN|FIJO|P0408051000|1|0|2.0|VOLUMEN|FIJO|P0408051000|1|0|2.0|VOLUMEN|FIJO|P0408051000|1|0|2.0|VOLUMEN|FIJO|P0408051000|1|0|2.0|VOLUMEN|FIJO|P0408051000|1|0|2.0|VOLUMEN|FIJO|P0408051000|1|0|2.0
1145,VOLUMEN|FIJO|P0408051000|1|0|2.0|VOLUMEN|FIJO|P0408051000|1|0|2.0|VOLUMEN|FIJO|P0408051000|1|0|2.0|VOLUMEN|FIJO|P0408051000|1|0|2.0|VOLUMEN|FIJO|P0408051000|1|0|2.0|VOLUMEN|FIJO|P0408051000|1|0|2.0|VOLUMEN|FIJO|P0408051000|1|0|2.0|VOLUMEN|FIJO|P0408051000|1|0|2.0|VOLUMEN|FIJO|P0408051000|1|0|2.0|VOLUMEN|FIJO|P0408051000|1|0|2.0|VOLUMEN|FIJO|P0408051000|1|0|2.0
1146,VOLUMEN|FIJO|P0408051000|1|0|2.0|VOLUMEN|FIJO|P0408051000|1|0|2.0|VOLUMEN|FIJO|P0408051000|1|0|2.0|VOLUMEN|FIJO|P0408051000|1|0|2.0|VOLUMEN|FIJO|P0408051000|1|0|2.0|VOLUMEN|FIJO|P0408051000|1|0|2.0|VOLUMEN|FIJO|P0408051000|1|0|2.0|VOLUMEN|FIJO|P0408051000|1|0|2.0|VOLUMEN|FIJO|P0408051000|1|0|2.0|VOLUMEN|FIJO|P0408051000|1|0|2.0|VOLUMEN|FIJO|P0408051000|1|0|2.0
1147,VOLUMEN|FIJO|P0408051000|1|0|2.0|VOLUMEN|FIJO|P0408051000|1|0|2.0|VOLUMEN|FIJO|P0408051000|1|0|2.0|VOLUMEN|FIJO|P0408051000|1|0|2.0|VOLUMEN|FIJO|P0408051000|1|0|2.0|VOLUMEN|FIJO|P0408051000|1|0|2.0|VOLUMEN|FIJO|P0408051000|1|0|2.0|VOLUMEN|FIJO|P0408051000|1|0|2.0|VOLUMEN|FIJO|P0408051000|1|0|2.0|VOLUMEN|FIJO|P0408051000|1|0|2.0|VOLUMEN|FIJO|P0408051000|1|0|2.0
1148,VOLUMEN|FIJO|P0408051000|1|0|2.0|VOLUMEN|FIJO|P0408051000|1|0|2.0|VOLUMEN|FIJO|P0408051000|1|0|2.0|VOLUMEN|FIJO|P0408051000|1|0|2.0|VOLUMEN|FIJO|P0408051000|1|0|2.0|VOLUMEN|FIJO|P0408051000|1|0|2.0|VOLUMEN|FIJO|P0408051000|1|0|2.0|VOLUMEN|FIJO|P0408051000|1|0|2.0|VOLUMEN|FIJO|P0408051000|1|0|2.0|VOLUMEN|FIJO|P0408051000|1|0|2.0|VOLUMEN|FIJO|P0408051000|1|0|2.0
1149,VOLUMEN|FIJO|P0408051000|1|0|2.0|VOLUMEN|FIJO|P0408051000|1|0|2.0|VOLUMEN|FIJO|P0408051000|1|0|2.0|VOLUMEN|FIJO|P0408051000|1|0|2.0|VOLUMEN|FIJO|P0408051000|1|0|2.0|VOLUMEN|FIJO|P0408051000|1|0|2.0|VOLUMEN|FIJO|P0408051000|1|0|2.0|VOLUMEN|FIJO|P0408051000|1|0|2.0|VOLUMEN|FIJO|P0408051000|1|0|2.0|VOLUMEN|FIJO|P0408051000|1|0|2.0|VOLUMEN|FIJO|P0408051000|1|0|2.0
1150,VOLUMEN|FIJO|P0408051000|1|0|2.0|VOLUMEN|FIJO|P0408051000|1|0|2.0|VOLUMEN|FIJO|P0408051000|1|0|2.0|VOLUMEN|FIJO|P0408051000|1|0|2.0|VOLUMEN|FIJO|P0408051000|1|0|2.0|VOLUMEN|FIJO|P0408051000|1|0|2.0|VOLUMEN|FIJO|P0408051000|1|0|2.0|VOLUMEN|FIJO|P0408051000|1|0|2.0|VOLUMEN|FIJO|P0408051000|1|0|2.0|VOLUMEN|FIJO|P0408051000|1|0|2.0|VOLUMEN|FIJO|P0408051000|1|0|2.0
1151,VOLUMEN|FIJO|P0408051000|1|0|2.0|VOLUMEN|FIJO|P0408051000|1|0|2.0|VOLUMEN|FIJO|P0408051000|1|0|2.0|VOLUMEN|FIJO|P0408051000|1|0|2.0|VOLUMEN|FIJO|P0408051000|1|0|2.0|VOLUMEN|FIJO|P0408051000|1|0|2.0|VOLUMEN|FIJO|P0408051000|1|0|2.0|VOLUMEN|FIJO|P0408051000|1|0|2.0|VOLUMEN|FIJO|P0408051000|1|0|2.0|VOLUMEN|FIJO|P0408051000|1|0|2.0|VOLUMEN|FIJO|P0408051000|1|0|2.0
1152,VOLUMEN|FIJO|200060302|1|0|5.0|VOLUMEN|FIJO|200060302|1|0|5.0|VOLUMEN|FIJO|200060302|1|0|5.0|VOLUMEN|FIJO|200060302|1|0|5.0|VOLUMEN|FIJO|200060302|1|0|5.0
1153,VOLUMEN|FIJO|200060302|1|0|3.0|VOLUMEN|FIJO|200060302|1|0|3.0|VOLUMEN|FIJO|200060302|1|0|3.0|VOLUMEN|FIJO|200060302|1|0|3.0|VOLUMEN|FIJO|200060302|1|0|3.0
1154,VOLUMEN|FIJO|200075012|1|0|3.0|VOLUMEN|FIJO|200075012|1|0|3.0|VOLUMEN|FIJO|200075012|1|0|3.0|VOLUMEN|FIJO|200075012|1|0|3.0
1155,VOLUMEN|FIJO|200075012|1|0|5.0|VOLUMEN|FIJO|200075012|1|0|5.0|VOLUMEN|FIJO|200075012|1|0|5.0|VOLUMEN|FIJO|200075012|1|0|5.0
1156,VOLUMEN|FIJO|200109874|1|0|3.0|VOLUMEN|FIJO|200109874|1|0|3.0|VOLUMEN|FIJO|200109874|1|0|3.0|VOLUMEN|FIJO|200109874|1|0|3.0|VOLUMEN|FIJO|200109874|1|0|3.0|VOLUMEN|FIJO|200109874|1|0|3.0|VOLUMEN|FIJO|200109874|1|0|3.0|VOLUMEN|FIJO|200109874|1|0|3.0|VOLUMEN|FIJO|200109874|1|0|3.0|VOLUMEN|FIJO|200109874|1|0|3.0|VOLUMEN|FIJO|200109874|1|0|3.0|VOLUMEN|FIJO|200109874|1|0|3.0
1157,VOLUMEN|FIJO|200079595|1|0|3.0|VOLUMEN|FIJO|200079595|1|0|3.0|VOLUMEN|FIJO|200079595|1|0|3.0|VOLUMEN|FIJO|200079595|1|0|3.0|VOLUMEN|FIJO|200079595|1|0|3.0|VOLUMEN|FIJO|200079595|1|0|3.0|VOLUMEN|FIJO|200079595|1|0|3.0|VOLUMEN|FIJO|200079595|1|0|3.0|VOLUMEN|FIJO|200079595|1|0|3.0|VOLUMEN|FIJO|200079595|1|0|3.0
1158,VOLUMEN|FIJO|200092172|1|0|3.0|VOLUMEN|FIJO|200092172|1|0|3.0|VOLUMEN|FIJO|200092172|1|0|3.0|VOLUMEN|FIJO|200092172|1|0|3.0|VOLUMEN|FIJO|200092172|1|0|3.0|VOLUMEN|FIJO|200092172|1|0|3.0|VOLUMEN|FIJO|200092172|1|0|3.0|VOLUMEN|FIJO|200092172|1|0|3.0|VOLUMEN|FIJO|200092172|1|0|3.0
1159,VOLUMEN|FIJO|200092172|1|0|5.0|VOLUMEN|FIJO|200092172|1|0|5.0|VOLUMEN|FIJO|200092172|1|0|5.0|VOLUMEN|FIJO|200092172|1|0|5.0|VOLUMEN|FIJO|200092172|1|0|5.0|VOLUMEN|FIJO|200092172|1|0|5.0|VOLUMEN|FIJO|200092172|1|0|5.0|VOLUMEN|FIJO|200092172|1|0|5.0|VOLUMEN|FIJO|200092172|1|0|5.0
1160,VOLUMEN|FIJO|200095864|1|0|3.0|VOLUMEN|FIJO|200095864|1|0|3.0|VOLUMEN|FIJO|200095864|1|0|3.0|VOLUMEN|FIJO|200095864|1|0|3.0|VOLUMEN|FIJO|200095864|1|0|3.0|VOLUMEN|FIJO|200095864|1|0|3.0|VOLUMEN|FIJO|200095864|1|0|3.0|VOLUMEN|FIJO|200095864|1|0|3.0|VOLUMEN|FIJO|200095864|1|0|3.0|VOLUMEN|FIJO|200095864|1|0|3.0|VOLUMEN|FIJO|200095864|1|0|3.0|VOLUMEN|FIJO|200095864|1|0|3.0|VOLUMEN|FIJO|200095864|1|0|3.0|VOLUMEN|FIJO|200095864|1|0|3.0
1161,VOLUMEN|FIJO|200095903|1|0|3.0|VOLUMEN|FIJO|200095903|1|0|3.0|VOLUMEN|FIJO|200095903|1|0|3.0|VOLUMEN|FIJO|200095903|1|0|3.0|VOLUMEN|FIJO|200095903|1|0|3.0|VOLUMEN|FIJO|200095903|1|0|3.0|VOLUMEN|FIJO|200095903|1|0|3.0|VOLUMEN|FIJO|200095903|1|0|3.0|VOLUMEN|FIJO|200095903|1|0|3.0|VOLUMEN|FIJO|200095903|1|0|3.0|VOLUMEN|FIJO|200095903|1|0|3.0|VOLUMEN|FIJO|200095903|1|0|3.0
1162,VOLUMEN|FIJO|200092176|1|0|3.0|VOLUMEN|FIJO|200092176|1|0|3.0|VOLUMEN|FIJO|200092176|1|0|3.0|VOLUMEN|FIJO|200092176|1|0|3.0|VOLUMEN|FIJO|200092176|1|0|3.0|VOLUMEN|FIJO|200092176|1|0|3.0|VOLUMEN|FIJO|200092176|1|0|3.0|VOLUMEN|FIJO|200092176|1|0|3.0|VOLUMEN|FIJO|200092176|1|0|3.0
1163,VOLUMEN|FIJO|200092176|1|0|5.0|VOLUMEN|FIJO|200092176|1|0|5.0|VOLUMEN|FIJO|200092176|1|0|5.0|VOLUMEN|FIJO|200092176|1|0|5.0|VOLUMEN|FIJO|200092176|1|0|5.0|VOLUMEN|FIJO|200092176|1|0|5.0|VOLUMEN|FIJO|200092176|1|0|5.0|VOLUMEN|FIJO|200092176|1|0|5.0|VOLUMEN|FIJO|200092176|1|0|5.0
1164,VOLUMEN|FIJO|210102442|1|0|4.0|VOLUMEN|FIJO|210102442|1|0|4.0|VOLUMEN|FIJO|210102442|1|0|4.0|VOLUMEN|FIJO|210102442|1|0|4.0|VOLUMEN|FIJO|210102442|1|0|4.0|VOLUMEN|FIJO|210102442|1|0|4.0|VOLUMEN|FIJO|210102442|1|0|4.0|VOLUMEN|FIJO|210102442|1|0|4.0|VOLUMEN|FIJO|210102442|1|0|4.0|VOLUMEN|FIJO|210102442|1|0|4.0|VOLUMEN|FIJO|210102442|1|0|4.0
1165,VOLUMEN|FIJO|200115300|1|0|2.0|VOLUMEN|FIJO|200115300|1|0|2.0|VOLUMEN|FIJO|200115300|1|0|2.0|VOLUMEN|FIJO|200115300|1|0|2.0|VOLUMEN|FIJO|200115300|1|0|2.0|VOLUMEN|FIJO|200115300|1|0|2.0|VOLUMEN|FIJO|200115300|1|0|2.0|VOLUMEN|FIJO|200115300|1|0|2.0|VOLUMEN|FIJO|200115300|1|0|2.0|VOLUMEN|FIJO|200115300|1|0|2.0|VOLUMEN|FIJO|200115300|1|0|2.0
1166,VOLUMEN|FIJO|200064825|1|0|5.0|VOLUMEN|FIJO|200064825|1|0|5.0|VOLUMEN|FIJO|200064825|1|0|5.0|VOLUMEN|FIJO|200064825|1|0|5.0|VOLUMEN|FIJO|200064825|1|0|5.0|VOLUMEN|FIJO|200064825|1|0|5.0|VOLUMEN|FIJO|200064825|1|0|5.0|VOLUMEN|FIJO|200064825|1|0|5.0|VOLUMEN|FIJO|200064825|1|0|5.0|VOLUMEN|FIJO|200064825|1|0|5.0|VOLUMEN|FIJO|200064825|1|0|5.0
1167,VOLUMEN|FIJO|200064825|1|0|2.0|VOLUMEN|FIJO|200064825|1|0|2.0|VOLUMEN|FIJO|200064825|1|0|2.0|VOLUMEN|FIJO|200064825|1|0|2.0|VOLUMEN|FIJO|200064825|1|0|2.0|VOLUMEN|FIJO|200064825|1|0|2.0|VOLUMEN|FIJO|200064825|1|0|2.0|VOLUMEN|FIJO|200064825|1|0|2.0|VOLUMEN|FIJO|200064825|1|0|2.0|VOLUMEN|FIJO|200064825|1|0|2.0|VOLUMEN|FIJO|200064825|1|0|2.0
1168,VOLUMEN|FIJO|200064823|1|0|5.0|VOLUMEN|FIJO|200064823|1|0|5.0|VOLUMEN|FIJO|200064823|1|0|5.0|VOLUMEN|FIJO|200064823|1|0|5.0|VOLUMEN|FIJO|200064823|1|0|5.0|VOLUMEN|FIJO|200064823|1|0|5.0|VOLUMEN|FIJO|200064823|1|0|5.0|VOLUMEN|FIJO|200064823|1|0|5.0|VOLUMEN|FIJO|200064823|1|0|5.0|VOLUMEN|FIJO|200064823|1|0|5.0|VOLUMEN|FIJO|200064823|1|0|5.0
1169,VOLUMEN|FIJO|200064823|1|0|2.0|VOLUMEN|FIJO|200064823|1|0|2.0|VOLUMEN|FIJO|200064823|1|0|2.0|VOLUMEN|FIJO|200064823|1|0|2.0|VOLUMEN|FIJO|200064823|1|0|2.0|VOLUMEN|FIJO|200064823|1|0|2.0|VOLUMEN|FIJO|200064823|1|0|2.0|VOLUMEN|FIJO|200064823|1|0|2.0|VOLUMEN|FIJO|200064823|1|0|2.0|VOLUMEN|FIJO|200064823|1|0|2.0|VOLUMEN|FIJO|200064823|1|0|2.0
1170,VOLUMEN|FIJO|200082462|1|0|5.0|VOLUMEN|FIJO|200082462|1|0|5.0|VOLUMEN|FIJO|200082462|1|0|5.0|VOLUMEN|FIJO|200082462|1|0|5.0|VOLUMEN|FIJO|200082462|1|0|5.0|VOLUMEN|FIJO|200082462|1|0|5.0|VOLUMEN|FIJO|200082462|1|0|5.0|VOLUMEN|FIJO|200082462|1|0|5.0|VOLUMEN|FIJO|200082462|1|0|5.0|VOLUMEN|FIJO|200082462|1|0|5.0|VOLUMEN|FIJO|200082462|1|0|5.0
1171,VOLUMEN|FIJO|200082462|1|0|2.0|VOLUMEN|FIJO|200082462|1|0|2.0|VOLUMEN|FIJO|200082462|1|0|2.0|VOLUMEN|FIJO|200082462|1|0|2.0|VOLUMEN|FIJO|200082462|1|0|2.0|VOLUMEN|FIJO|200082462|1|0|2.0|VOLUMEN|FIJO|200082462|1|0|2.0|VOLUMEN|FIJO|200082462|1|0|2.0|VOLUMEN|FIJO|200082462|1|0|2.0|VOLUMEN|FIJO|200082462|1|0|2.0|VOLUMEN|FIJO|200082462|1|0|2.0
1172,VOLUMEN|FIJO|200116108|1|0|2.0|VOLUMEN|FIJO|200116108|1|0|2.0|VOLUMEN|FIJO|200116108|1|0|2.0|VOLUMEN|FIJO|200116108|1|0|2.0|VOLUMEN|FIJO|200116108|1|0|2.0|VOLUMEN|FIJO|200116108|1|0|2.0|VOLUMEN|FIJO|200116108|1|0|2.0|VOLUMEN|FIJO|200116108|1|0|2.0
1173,VOLUMEN|FIJO|200101481|1|0|6.0|VOLUMEN|FIJO|200101481|1|0|6.0|VOLUMEN|FIJO|200101481|1|0|6.0|VOLUMEN|FIJO|200101481|1|0|6.0|VOLUMEN|FIJO|200101481|1|0|6.0|VOLUMEN|FIJO|200101481|1|0|6.0|VOLUMEN|FIJO|200101481|1|0|6.0|VOLUMEN|FIJO|200101481|1|0|6.0|VOLUMEN|FIJO|200101481|1|0|6.0|VOLUMEN|FIJO|200101481|1|0|6.0|VOLUMEN|FIJO|200101481|1|0|6.0|VOLUMEN|FIJO|200101481|1|0|6.0
1174,VOLUMEN|FIJO|200101481|1|0|2.0|VOLUMEN|FIJO|200101481|1|0|2.0|VOLUMEN|FIJO|200101481|1|0|2.0|VOLUMEN|FIJO|200101481|1|0|2.0|VOLUMEN|FIJO|200101481|1|0|2.0|VOLUMEN|FIJO|200101481|1|0|2.0|VOLUMEN|FIJO|200101481|1|0|2.0|VOLUMEN|FIJO|200101481|1|0|2.0|VOLUMEN|FIJO|200101481|1|0|2.0|VOLUMEN|FIJO|200101481|1|0|2.0|VOLUMEN|FIJO|200101481|1|0|2.0|VOLUMEN|FIJO|200101481|1|0|2.0
1175,VOLUMEN|FIJO|200101481|1|0|4.0|VOLUMEN|FIJO|200101481|1|0|4.0|VOLUMEN|FIJO|200101481|1|0|4.0|VOLUMEN|FIJO|200101481|1|0|4.0|VOLUMEN|FIJO|200101481|1|0|4.0|VOLUMEN|FIJO|200101481|1|0|4.0|VOLUMEN|FIJO|200101481|1|0|4.0|VOLUMEN|FIJO|200101481|1|0|4.0|VOLUMEN|FIJO|200101481|1|0|4.0|VOLUMEN|FIJO|200101481|1|0|4.0|VOLUMEN|FIJO|200101481|1|0|4.0|VOLUMEN|FIJO|200101481|1|0|4.0
1176,VOLUMEN|FIJO|200073521|1|0|3.0|VOLUMEN|FIJO|200073521|1|0|3.0|VOLUMEN|FIJO|200073521|1|0|3.0|VOLUMEN|FIJO|210097810|0|0|3.0|VOLUMEN|FIJO|210097810|0|0|3.0|VOLUMEN|FIJO|210097810|0|0|3.0|VOLUMEN|FIJO|210097810|0|0|3.0|VOLUMEN|FIJO|200073521|1|0|3.0|VOLUMEN|FIJO|200073521|1|0|3.0|VOLUMEN|FIJO|200073521|1|0|3.0|VOLUMEN|FIJO|200073521|1|0|3.0|VOLUMEN|FIJO|200073521|1|0|3.0|VOLUMEN|FIJO|210097810|0|0|3.0|VOLUMEN|FIJO|210097810|0|0|3.0|VOLUMEN|FIJO|210097810|0|0|3.0|VOLUMEN|FIJO|210097810|0|0|3.0|VOLUMEN|FIJO|210097810|0|0|3.0|VOLUMEN|FIJO|210097810|0|0|3.0|VOLUMEN|FIJO|210097810|0|0|3.0|VOLUMEN|FIJO|210097810|0|0|3.0|VOLUMEN|FIJO|210097810|0|0|3.0|VOLUMEN|FIJO|200073521|1|0|3.0|VOLUMEN|FIJO|200073521|1|0|3.0|VOLUMEN|FIJO|200073521|1|0|3.0|VOLUMEN|FIJO|200073521|1|0|3.0
1177,VOLUMEN|FIJO|P0510067000|1|0|2.0|VOLUMEN|FIJO|P0510067000|1|0|2.0|VOLUMEN|FIJO|P0510067000|1|0|2.0|VOLUMEN|FIJO|P0510067000|1|0|2.0|VOLUMEN|FIJO|P0510067000|1|0|2.0|VOLUMEN|FIJO|P0510067000|1|0|2.0|VOLUMEN|FIJO|P0510067000|1|0|2.0|VOLUMEN|FIJO|P0510067000|1|0|2.0|VOLUMEN|FIJO|P0510067000|1|0|2.0|VOLUMEN|FIJO|P0510067000|1|0|2.0|VOLUMEN|FIJO|P0510067000|1|0|2.0|VOLUMEN|FIJO|P0510067000|1|0|2.0|VOLUMEN|FIJO|P0510067000|1|0|2.0
1178,VOLUMEN|FIJO|P0510067000|1|0|4.0|VOLUMEN|FIJO|P0510067000|1|0|4.0|VOLUMEN|FIJO|P0510067000|1|0|4.0|VOLUMEN|FIJO|P0510067000|1|0|4.0|VOLUMEN|FIJO|P0510067000|1|0|4.0|VOLUMEN|FIJO|P0510067000|1|0|4.0|VOLUMEN|FIJO|P0510067000|1|0|4.0|VOLUMEN|FIJO|P0510067000|1|0|4.0|VOLUMEN|FIJO|P0510067000|1|0|4.0|VOLUMEN|FIJO|P0510067000|1|0|4.0|VOLUMEN|FIJO|P0510067000|1|0|4.0|VOLUMEN|FIJO|P0510067000|1|0|4.0|VOLUMEN|FIJO|P0510067000|1|0|4.0
1179,VOLUMEN|FIJO|P0510067000|1|0|2.0|VOLUMEN|FIJO|P0510067000|1|0|2.0|VOLUMEN|FIJO|P0510067000|1|0|2.0|VOLUMEN|FIJO|P0510067000|1|0|2.0|VOLUMEN|FIJO|P0510067000|1|0|2.0|VOLUMEN|FIJO|P0510067000|1|0|2.0|VOLUMEN|FIJO|P0510067000|1|0|2.0|VOLUMEN|FIJO|P0510067000|1|0|2.0|VOLUMEN|FIJO|P0510067000|1|0|2.0|VOLUMEN|FIJO|P0510067000|1|0|2.0|VOLUMEN|FIJO|P0510067000|1|0|2.0|VOLUMEN|FIJO|P0510067000|1|0|2.0|VOLUMEN|FIJO|P0510067000|1|0|2.0
1180,VOLUMEN|FIJO|P0510067000|1|0|2.0|VOLUMEN|FIJO|P0510067000|1|0|2.0|VOLUMEN|FIJO|P0510067000|1|0|2.0|VOLUMEN|FIJO|P0510067000|1|0|2.0|VOLUMEN|FIJO|P0510067000|1|0|2.0|VOLUMEN|FIJO|P0510067000|1|0|2.0|VOLUMEN|FIJO|P0510067000|1|0|2.0|VOLUMEN|FIJO|P0510067000|1|0|2.0|VOLUMEN|FIJO|P0510067000|1|0|2.0|VOLUMEN|FIJO|P0510067000|1|0|2.0|VOLUMEN|FIJO|P0510067000|1|0|2.0|VOLUMEN|FIJO|P0510067000|1|0|2.0|VOLUMEN|FIJO|P0510067000|1|0|2.0
1181,VOLUMEN|FIJO|P0510067000|1|0|2.0|VOLUMEN|FIJO|P0510067000|1|0|2.0|VOLUMEN|FIJO|P0510067000|1|0|2.0|VOLUMEN|FIJO|P0510067000|1|0|2.0|VOLUMEN|FIJO|P0510067000|1|0|2.0|VOLUMEN|FIJO|P0510067000|1|0|2.0|VOLUMEN|FIJO|P0510067000|1|0|2.0|VOLUMEN|FIJO|P0510067000|1|0|2.0|VOLUMEN|FIJO|P0510067000|1|0|2.0|VOLUMEN|FIJO|P0510067000|1|0|2.0|VOLUMEN|FIJO|P0510067000|1|0|2.0|VOLUMEN|FIJO|P0510067000|1|0|2.0|VOLUMEN|FIJO|P0510067000|1|0|2.0
1182,VOLUMEN|FIJO|P0510067000|1|0|2.0|VOLUMEN|FIJO|P0510067000|1|0|2.0|VOLUMEN|FIJO|P0510067000|1|0|2.0|VOLUMEN|FIJO|P0510067000|1|0|2.0|VOLUMEN|FIJO|P0510067000|1|0|2.0|VOLUMEN|FIJO|P0510067000|1|0|2.0|VOLUMEN|FIJO|P0510067000|1|0|2.0|VOLUMEN|FIJO|P0510067000|1|0|2.0|VOLUMEN|FIJO|P0510067000|1|0|2.0|VOLUMEN|FIJO|P0510067000|1|0|2.0|VOLUMEN|FIJO|P0510067000|1|0|2.0|VOLUMEN|FIJO|P0510067000|1|0|2.0|VOLUMEN|FIJO|P0510067000|1|0|2.0
1183,VOLUMEN|FIJO|P0510067000|1|0|2.0|VOLUMEN|FIJO|P0510067000|1|0|2.0|VOLUMEN|FIJO|P0510067000|1|0|2.0|VOLUMEN|FIJO|P0510067000|1|0|2.0|VOLUMEN|FIJO|P0510067000|1|0|2.0|VOLUMEN|FIJO|P0510067000|1|0|2.0|VOLUMEN|FIJO|P0510067000|1|0|2.0|VOLUMEN|FIJO|P0510067000|1|0|2.0|VOLUMEN|FIJO|P0510067000|1|0|2.0|VOLUMEN|FIJO|P0510067000|1|0|2.0|VOLUMEN|FIJO|P0510067000|1|0|2.0|VOLUMEN|FIJO|P0510067000|1|0|2.0|VOLUMEN|FIJO|P0510067000|1|0|2.0
1184,VOLUMEN|FIJO|P0510067000|1|0|2.0|VOLUMEN|FIJO|P0510067000|1|0|2.0|VOLUMEN|FIJO|P0510067000|1|0|2.0|VOLUMEN|FIJO|P0510067000|1|0|2.0|VOLUMEN|FIJO|P0510067000|1|0|2.0|VOLUMEN|FIJO|P0510067000|1|0|2.0|VOLUMEN|FIJO|P0510067000|1|0|2.0|VOLUMEN|FIJO|P0510067000|1|0|2.0|VOLUMEN|FIJO|P0510067000|1|0|2.0|VOLUMEN|FIJO|P0510067000|1|0|2.0|VOLUMEN|FIJO|P0510067000|1|0|2.0|VOLUMEN|FIJO|P0510067000|1|0|2.0|VOLUMEN|FIJO|P0510067000|1|0|2.0
1185,VOLUMEN|FIJO|P0510067000|1|0|2.0|VOLUMEN|FIJO|P0510067000|1|0|2.0|VOLUMEN|FIJO|P0510067000|1|0|2.0|VOLUMEN|FIJO|P0510067000|1|0|2.0|VOLUMEN|FIJO|P0510067000|1|0|2.0|VOLUMEN|FIJO|P0510067000|1|0|2.0|VOLUMEN|FIJO|P0510067000|1|0|2.0|VOLUMEN|FIJO|P0510067000|1|0|2.0|VOLUMEN|FIJO|P0510067000|1|0|2.0|VOLUMEN|FIJO|P0510067000|1|0|2.0|VOLUMEN|FIJO|P0510067000|1|0|2.0|VOLUMEN|FIJO|P0510067000|1|0|2.0|VOLUMEN|FIJO|P0510067000|1|0|2.0
1186,VOLUMEN|FIJO|P0510067000|1|0|2.0|VOLUMEN|FIJO|P0510067000|1|0|2.0|VOLUMEN|FIJO|P0510067000|1|0|2.0|VOLUMEN|FIJO|P0510067000|1|0|2.0|VOLUMEN|FIJO|P0510067000|1|0|2.0|VOLUMEN|FIJO|P0510067000|1|0|2.0|VOLUMEN|FIJO|P0510067000|1|0|2.0|VOLUMEN|FIJO|P0510067000|1|0|2.0|VOLUMEN|FIJO|P0510067000|1|0|2.0|VOLUMEN|FIJO|P0510067000|1|0|2.0|VOLUMEN|FIJO|P0510067000|1|0|2.0|VOLUMEN|FIJO|P0510067000|1|0|2.0|VOLUMEN|FIJO|P0510067000|1|0|2.0
1187,VOLUMEN|FIJO|P0510067000|1|0|2.0|VOLUMEN|FIJO|P0510067000|1|0|2.0|VOLUMEN|FIJO|P0510067000|1|0|2.0|VOLUMEN|FIJO|P0510067000|1|0|2.0|VOLUMEN|FIJO|P0510067000|1|0|2.0|VOLUMEN|FIJO|P0510067000|1|0|2.0|VOLUMEN|FIJO|P0510067000|1|0|2.0|VOLUMEN|FIJO|P0510067000|1|0|2.0|VOLUMEN|FIJO|P0510067000|1|0|2.0|VOLUMEN|FIJO|P0510067000|1|0|2.0|VOLUMEN|FIJO|P0510067000|1|0|2.0|VOLUMEN|FIJO|P0510067000|1|0|2.0|VOLUMEN|FIJO|P0510067000|1|0|2.0
1188,VOLUMEN|FIJO|P0510067000|1|0|4.0|VOLUMEN|FIJO|P0510067000|1|0|4.0|VOLUMEN|FIJO|P0510067000|1|0|4.0|VOLUMEN|FIJO|P0510067000|1|0|4.0|VOLUMEN|FIJO|P0510067000|1|0|4.0|VOLUMEN|FIJO|P0510067000|1|0|4.0|VOLUMEN|FIJO|P0510067000|1|0|4.0|VOLUMEN|FIJO|P0510067000|1|0|4.0|VOLUMEN|FIJO|P0510067000|1|0|4.0|VOLUMEN|FIJO|P0510067000|1|0|4.0|VOLUMEN|FIJO|P0510067000|1|0|4.0|VOLUMEN|FIJO|P0510067000|1|0|4.0|VOLUMEN|FIJO|P0510067000|1|0|4.0
1189,VOLUMEN|FIJO|P0510067000|1|0|4.0|VOLUMEN|FIJO|P0510067000|1|0|4.0|VOLUMEN|FIJO|P0510067000|1|0|4.0|VOLUMEN|FIJO|P0510067000|1|0|4.0|VOLUMEN|FIJO|P0510067000|1|0|4.0|VOLUMEN|FIJO|P0510067000|1|0|4.0|VOLUMEN|FIJO|P0510067000|1|0|4.0|VOLUMEN|FIJO|P0510067000|1|0|4.0|VOLUMEN|FIJO|P0510067000|1|0|4.0|VOLUMEN|FIJO|P0510067000|1|0|4.0|VOLUMEN|FIJO|P0510067000|1|0|4.0|VOLUMEN|FIJO|P0510067000|1|0|4.0|VOLUMEN|FIJO|P0510067000|1|0|4.0
1190,VOLUMEN|FIJO|P0510067000|1|0|4.0|VOLUMEN|FIJO|P0510067000|1|0|4.0|VOLUMEN|FIJO|P0510067000|1|0|4.0|VOLUMEN|FIJO|P0510067000|1|0|4.0|VOLUMEN|FIJO|P0510067000|1|0|4.0|VOLUMEN|FIJO|P0510067000|1|0|4.0|VOLUMEN|FIJO|P0510067000|1|0|4.0|VOLUMEN|FIJO|P0510067000|1|0|4.0|VOLUMEN|FIJO|P0510067000|1|0|4.0|VOLUMEN|FIJO|P0510067000|1|0|4.0|VOLUMEN|FIJO|P0510067000|1|0|4.0|VOLUMEN|FIJO|P0510067000|1|0|4.0|VOLUMEN|FIJO|P0510067000|1|0|4.0
1191,VOLUMEN|FIJO|P0510067000|1|0|4.0|VOLUMEN|FIJO|P0510067000|1|0|4.0|VOLUMEN|FIJO|P0510067000|1|0|4.0|VOLUMEN|FIJO|P0510067000|1|0|4.0|VOLUMEN|FIJO|P0510067000|1|0|4.0|VOLUMEN|FIJO|P0510067000|1|0|4.0|VOLUMEN|FIJO|P0510067000|1|0|4.0|VOLUMEN|FIJO|P0510067000|1|0|4.0|VOLUMEN|FIJO|P0510067000|1|0|4.0|VOLUMEN|FIJO|P0510067000|1|0|4.0|VOLUMEN|FIJO|P0510067000|1|0|4.0|VOLUMEN|FIJO|P0510067000|1|0|4.0|VOLUMEN|FIJO|P0510067000|1|0|4.0
1192,VOLUMEN|FIJO|P0510067000|1|0|4.0|VOLUMEN|FIJO|P0510067000|1|0|4.0|VOLUMEN|FIJO|P0510067000|1|0|4.0|VOLUMEN|FIJO|P0510067000|1|0|4.0|VOLUMEN|FIJO|P0510067000|1|0|4.0|VOLUMEN|FIJO|P0510067000|1|0|4.0|VOLUMEN|FIJO|P0510067000|1|0|4.0|VOLUMEN|FIJO|P0510067000|1|0|4.0|VOLUMEN|FIJO|P0510067000|1|0|4.0|VOLUMEN|FIJO|P0510067000|1|0|4.0|VOLUMEN|FIJO|P0510067000|1|0|4.0|VOLUMEN|FIJO|P0510067000|1|0|4.0|VOLUMEN|FIJO|P0510067000|1|0|4.0
1193,VOLUMEN|FIJO|P0510067000|1|0|4.0|VOLUMEN|FIJO|P0510067000|1|0|4.0|VOLUMEN|FIJO|P0510067000|1|0|4.0|VOLUMEN|FIJO|P0510067000|1|0|4.0|VOLUMEN|FIJO|P0510067000|1|0|4.0|VOLUMEN|FIJO|P0510067000|1|0|4.0|VOLUMEN|FIJO|P0510067000|1|0|4.0|VOLUMEN|FIJO|P0510067000|1|0|4.0|VOLUMEN|FIJO|P0510067000|1|0|4.0|VOLUMEN|FIJO|P0510067000|1|0|4.0|VOLUMEN|FIJO|P0510067000|1|0|4.0|VOLUMEN|FIJO|P0510067000|1|0|4.0|VOLUMEN|FIJO|P0510067000|1|0|4.0
1194,VOLUMEN|FIJO|P0510067000|1|0|2.0|VOLUMEN|FIJO|P0510067000|1|0|2.0|VOLUMEN|FIJO|P0510067000|1|0|2.0|VOLUMEN|FIJO|P0510067000|1|0|2.0|VOLUMEN|FIJO|P0510067000|1|0|2.0|VOLUMEN|FIJO|P0510067000|1|0|2.0|VOLUMEN|FIJO|P0510067000|1|0|2.0|VOLUMEN|FIJO|P0510067000|1|0|2.0|VOLUMEN|FIJO|P0510067000|1|0|2.0|VOLUMEN|FIJO|P0510067000|1|0|2.0|VOLUMEN|FIJO|P0510067000|1|0|2.0|VOLUMEN|FIJO|P0510067000|1|0|2.0|VOLUMEN|FIJO|P0510067000|1|0|2.0
1195,VOLUMEN|FIJO|P0510067000|1|0|2.0|VOLUMEN|FIJO|P0510067000|1|0|2.0|VOLUMEN|FIJO|P0510067000|1|0|2.0|VOLUMEN|FIJO|P0510067000|1|0|2.0|VOLUMEN|FIJO|P0510067000|1|0|2.0|VOLUMEN|FIJO|P0510067000|1|0|2.0|VOLUMEN|FIJO|P0510067000|1|0|2.0|VOLUMEN|FIJO|P0510067000|1|0|2.0|VOLUMEN|FIJO|P0510067000|1|0|2.0|VOLUMEN|FIJO|P0510067000|1|0|2.0|VOLUMEN|FIJO|P0510067000|1|0|2.0|VOLUMEN|FIJO|P0510067000|1|0|2.0|VOLUMEN|FIJO|P0510067000|1|0|2.0
1196,VOLUMEN|FIJO|P0510067000|1|0|2.0|VOLUMEN|FIJO|P0510067000|1|0|2.0|VOLUMEN|FIJO|P0510067000|1|0|2.0|VOLUMEN|FIJO|P0510067000|1|0|2.0|VOLUMEN|FIJO|P0510067000|1|0|2.0|VOLUMEN|FIJO|P0510067000|1|0|2.0|VOLUMEN|FIJO|P0510067000|1|0|2.0|VOLUMEN|FIJO|P0510067000|1|0|2.0|VOLUMEN|FIJO|P0510067000|1|0|2.0|VOLUMEN|FIJO|P0510067000|1|0|2.0|VOLUMEN|FIJO|P0510067000|1|0|2.0|VOLUMEN|FIJO|P0510067000|1|0|2.0|VOLUMEN|FIJO|P0510067000|1|0|2.0
1197,VOLUMEN|FIJO|P0510067000|1|0|2.0|VOLUMEN|FIJO|P0510067000|1|0|2.0|VOLUMEN|FIJO|P0510067000|1|0|2.0|VOLUMEN|FIJO|P0510067000|1|0|2.0|VOLUMEN|FIJO|P0510067000|1|0|2.0|VOLUMEN|FIJO|P0510067000|1|0|2.0|VOLUMEN|FIJO|P0510067000|1|0|2.0|VOLUMEN|FIJO|P0510067000|1|0|2.0|VOLUMEN|FIJO|P0510067000|1|0|2.0|VOLUMEN|FIJO|P0510067000|1|0|2.0|VOLUMEN|FIJO|P0510067000|1|0|2.0|VOLUMEN|FIJO|P0510067000|1|0|2.0|VOLUMEN|FIJO|P0510067000|1|0|2.0
1198,VOLUMEN|FIJO|P0510067000|1|0|2.0|VOLUMEN|FIJO|P0510067000|1|0|2.0|VOLUMEN|FIJO|P0510067000|1|0|2.0|VOLUMEN|FIJO|P0510067000|1|0|2.0|VOLUMEN|FIJO|P0510067000|1|0|2.0|VOLUMEN|FIJO|P0510067000|1|0|2.0|VOLUMEN|FIJO|P0510067000|1|0|2.0|VOLUMEN|FIJO|P0510067000|1|0|2.0|VOLUMEN|FIJO|P0510067000|1|0|2.0|VOLUMEN|FIJO|P0510067000|1|0|2.0|VOLUMEN|FIJO|P0510067000|1|0|2.0|VOLUMEN|FIJO|P0510067000|1|0|2.0|VOLUMEN|FIJO|P0510067000|1|0|2.0
1199,VOLUMEN|FIJO|P0510067000|1|0|2.0|VOLUMEN|FIJO|P0510067000|1|0|2.0|VOLUMEN|FIJO|P0510067000|1|0|2.0|VOLUMEN|FIJO|P0510067000|1|0|2.0|VOLUMEN|FIJO|P0510067000|1|0|2.0|VOLUMEN|FIJO|P0510067000|1|0|2.0|VOLUMEN|FIJO|P0510067000|1|0|2.0|VOLUMEN|FIJO|P0510067000|1|0|2.0|VOLUMEN|FIJO|P0510067000|1|0|2.0|VOLUMEN|FIJO|P0510067000|1|0|2.0|VOLUMEN|FIJO|P0510067000|1|0|2.0|VOLUMEN|FIJO|P0510067000|1|0|2.0|VOLUMEN|FIJO|P0510067000|1|0|2.0
1200,VOLUMEN|FIJO|P0510067000|1|0|2.0|VOLUMEN|FIJO|P0510067000|1|0|2.0|VOLUMEN|FIJO|P0510067000|1|0|2.0|VOLUMEN|FIJO|P0510067000|1|0|2.0|VOLUMEN|FIJO|P0510067000|1|0|2.0|VOLUMEN|FIJO|P0510067000|1|0|2.0|VOLUMEN|FIJO|P0510067000|1|0|2.0|VOLUMEN|FIJO|P0510067000|1|0|2.0|VOLUMEN|FIJO|P0510067000|1|0|2.0|VOLUMEN|FIJO|P0510067000|1|0|2.0|VOLUMEN|FIJO|P0510067000|1|0|2.0|VOLUMEN|FIJO|P0510067000|1|0|2.0|VOLUMEN|FIJO|P0510067000|1|0|2.0
1201,VOLUMEN|FIJO|P0510067000|1|0|4.0|VOLUMEN|FIJO|P0510067000|1|0|4.0|VOLUMEN|FIJO|P0510067000|1|0|4.0|VOLUMEN|FIJO|P0510067000|1|0|4.0|VOLUMEN|FIJO|P0510067000|1|0|4.0|VOLUMEN|FIJO|P0510067000|1|0|4.0|VOLUMEN|FIJO|P0510067000|1|0|4.0|VOLUMEN|FIJO|P0510067000|1|0|4.0|VOLUMEN|FIJO|P0510067000|1|0|4.0|VOLUMEN|FIJO|P0510067000|1|0|4.0|VOLUMEN|FIJO|P0510067000|1|0|4.0|VOLUMEN|FIJO|P0510067000|1|0|4.0|VOLUMEN|FIJO|P0510067000|1|0|4.0
1202,VOLUMEN|FIJO|P0510067000|1|0|4.0|VOLUMEN|FIJO|P0510067000|1|0|4.0|VOLUMEN|FIJO|P0510067000|1|0|4.0|VOLUMEN|FIJO|P0510067000|1|0|4.0|VOLUMEN|FIJO|P0510067000|1|0|4.0|VOLUMEN|FIJO|P0510067000|1|0|4.0|VOLUMEN|FIJO|P0510067000|1|0|4.0|VOLUMEN|FIJO|P0510067000|1|0|4.0|VOLUMEN|FIJO|P0510067000|1|0|4.0|VOLUMEN|FIJO|P0510067000|1|0|4.0|VOLUMEN|FIJO|P0510067000|1|0|4.0|VOLUMEN|FIJO|P0510067000|1|0|4.0|VOLUMEN|FIJO|P0510067000|1|0|4.0
1203,VOLUMEN|FIJO|P0510067000|1|0|4.0|VOLUMEN|FIJO|P0510067000|1|0|4.0|VOLUMEN|FIJO|P0510067000|1|0|4.0|VOLUMEN|FIJO|P0510067000|1|0|4.0|VOLUMEN|FIJO|P0510067000|1|0|4.0|VOLUMEN|FIJO|P0510067000|1|0|4.0|VOLUMEN|FIJO|P0510067000|1|0|4.0|VOLUMEN|FIJO|P0510067000|1|0|4.0|VOLUMEN|FIJO|P0510067000|1|0|4.0|VOLUMEN|FIJO|P0510067000|1|0|4.0|VOLUMEN|FIJO|P0510067000|1|0|4.0|VOLUMEN|FIJO|P0510067000|1|0|4.0|VOLUMEN|FIJO|P0510067000|1|0|4.0
1204,VOLUMEN|FIJO|P0510067000|1|0|4.0|VOLUMEN|FIJO|P0510067000|1|0|4.0|VOLUMEN|FIJO|P0510067000|1|0|4.0|VOLUMEN|FIJO|P0510067000|1|0|4.0|VOLUMEN|FIJO|P0510067000|1|0|4.0|VOLUMEN|FIJO|P0510067000|1|0|4.0|VOLUMEN|FIJO|P0510067000|1|0|4.0|VOLUMEN|FIJO|P0510067000|1|0|4.0|VOLUMEN|FIJO|P0510067000|1|0|4.0|VOLUMEN|FIJO|P0510067000|1|0|4.0|VOLUMEN|FIJO|P0510067000|1|0|4.0|VOLUMEN|FIJO|P0510067000|1|0|4.0|VOLUMEN|FIJO|P0510067000|1|0|4.0
1205,VOLUMEN|FIJO|P0510067000|1|0|4.0|VOLUMEN|FIJO|P0510067000|1|0|4.0|VOLUMEN|FIJO|P0510067000|1|0|4.0|VOLUMEN|FIJO|P0510067000|1|0|4.0|VOLUMEN|FIJO|P0510067000|1|0|4.0|VOLUMEN|FIJO|P0510067000|1|0|4.0|VOLUMEN|FIJO|P0510067000|1|0|4.0|VOLUMEN|FIJO|P0510067000|1|0|4.0|VOLUMEN|FIJO|P0510067000|1|0|4.0|VOLUMEN|FIJO|P0510067000|1|0|4.0|VOLUMEN|FIJO|P0510067000|1|0|4.0|VOLUMEN|FIJO|P0510067000|1|0|4.0|VOLUMEN|FIJO|P0510067000|1|0|4.0
1206,VOLUMEN|FIJO|P0510067000|1|0|4.0|VOLUMEN|FIJO|P0510067000|1|0|4.0|VOLUMEN|FIJO|P0510067000|1|0|4.0|VOLUMEN|FIJO|P0510067000|1|0|4.0|VOLUMEN|FIJO|P0510067000|1|0|4.0|VOLUMEN|FIJO|P0510067000|1|0|4.0|VOLUMEN|FIJO|P0510067000|1|0|4.0|VOLUMEN|FIJO|P0510067000|1|0|4.0|VOLUMEN|FIJO|P0510067000|1|0|4.0|VOLUMEN|FIJO|P0510067000|1|0|4.0|VOLUMEN|FIJO|P0510067000|1|0|4.0|VOLUMEN|FIJO|P0510067000|1|0|4.0|VOLUMEN|FIJO|P0510067000|1|0|4.0
1207,VOLUMEN|FIJO|P0510067000|1|0|4.0|VOLUMEN|FIJO|P0510067000|1|0|4.0|VOLUMEN|FIJO|P0510067000|1|0|4.0|VOLUMEN|FIJO|P0510067000|1|0|4.0|VOLUMEN|FIJO|P0510067000|1|0|4.0|VOLUMEN|FIJO|P0510067000|1|0|4.0|VOLUMEN|FIJO|P0510067000|1|0|4.0|VOLUMEN|FIJO|P0510067000|1|0|4.0|VOLUMEN|FIJO|P0510067000|1|0|4.0|VOLUMEN|FIJO|P0510067000|1|0|4.0|VOLUMEN|FIJO|P0510067000|1|0|4.0|VOLUMEN|FIJO|P0510067000|1|0|4.0|VOLUMEN|FIJO|P0510067000|1|0|4.0
1208,VOLUMEN|FIJO|P0510067000|1|0|4.0|VOLUMEN|FIJO|P0510067000|1|0|4.0|VOLUMEN|FIJO|P0510067000|1|0|4.0|VOLUMEN|FIJO|P0510067000|1|0|4.0|VOLUMEN|FIJO|P0510067000|1|0|4.0|VOLUMEN|FIJO|P0510067000|1|0|4.0|VOLUMEN|FIJO|P0510067000|1|0|4.0|VOLUMEN|FIJO|P0510067000|1|0|4.0|VOLUMEN|FIJO|P0510067000|1|0|4.0|VOLUMEN|FIJO|P0510067000|1|0|4.0|VOLUMEN|FIJO|P0510067000|1|0|4.0|VOLUMEN|FIJO|P0510067000|1|0|4.0|VOLUMEN|FIJO|P0510067000|1|0|4.0
1209,VOLUMEN|FIJO|P0510067000|1|0|4.0|VOLUMEN|FIJO|P0510067000|1|0|4.0|VOLUMEN|FIJO|P0510067000|1|0|4.0|VOLUMEN|FIJO|P0510067000|1|0|4.0|VOLUMEN|FIJO|P0510067000|1|0|4.0|VOLUMEN|FIJO|P0510067000|1|0|4.0|VOLUMEN|FIJO|P0510067000|1|0|4.0|VOLUMEN|FIJO|P0510067000|1|0|4.0|VOLUMEN|FIJO|P0510067000|1|0|4.0|VOLUMEN|FIJO|P0510067000|1|0|4.0|VOLUMEN|FIJO|P0510067000|1|0|4.0|VOLUMEN|FIJO|P0510067000|1|0|4.0|VOLUMEN|FIJO|P0510067000|1|0|4.0
1210,VOLUMEN|FIJO|P0510067000|1|0|4.0|VOLUMEN|FIJO|P0510067000|1|0|4.0|VOLUMEN|FIJO|P0510067000|1|0|4.0|VOLUMEN|FIJO|P0510067000|1|0|4.0|VOLUMEN|FIJO|P0510067000|1|0|4.0|VOLUMEN|FIJO|P0510067000|1|0|4.0|VOLUMEN|FIJO|P0510067000|1|0|4.0|VOLUMEN|FIJO|P0510067000|1|0|4.0|VOLUMEN|FIJO|P0510067000|1|0|4.0|VOLUMEN|FIJO|P0510067000|1|0|4.0|VOLUMEN|FIJO|P0510067000|1|0|4.0|VOLUMEN|FIJO|P0510067000|1|0|4.0|VOLUMEN|FIJO|P0510067000|1|0|4.0
1211,VOLUMEN|FIJO|P0510067000|1|0|4.0|VOLUMEN|FIJO|P0510067000|1|0|4.0|VOLUMEN|FIJO|P0510067000|1|0|4.0|VOLUMEN|FIJO|P0510067000|1|0|4.0|VOLUMEN|FIJO|P0510067000|1|0|4.0|VOLUMEN|FIJO|P0510067000|1|0|4.0|VOLUMEN|FIJO|P0510067000|1|0|4.0|VOLUMEN|FIJO|P0510067000|1|0|4.0|VOLUMEN|FIJO|P0510067000|1|0|4.0|VOLUMEN|FIJO|P0510067000|1|0|4.0|VOLUMEN|FIJO|P0510067000|1|0|4.0|VOLUMEN|FIJO|P0510067000|1|0|4.0|VOLUMEN|FIJO|P0510067000|1|0|4.0
1212,VOLUMEN|FIJO|P0510067000|1|0|2.0|VOLUMEN|FIJO|P0510067000|1|0|2.0|VOLUMEN|FIJO|P0510067000|1|0|2.0|VOLUMEN|FIJO|P0510067000|1|0|2.0|VOLUMEN|FIJO|P0510067000|1|0|2.0|VOLUMEN|FIJO|P0510067000|1|0|2.0|VOLUMEN|FIJO|P0510067000|1|0|2.0|VOLUMEN|FIJO|P0510067000|1|0|2.0|VOLUMEN|FIJO|P0510067000|1|0|2.0|VOLUMEN|FIJO|P0510067000|1|0|2.0|VOLUMEN|FIJO|P0510067000|1|0|2.0|VOLUMEN|FIJO|P0510067000|1|0|2.0|VOLUMEN|FIJO|P0510067000|1|0|2.0
1213,VOLUMEN|FIJO|200113639|1|0|6.0|VOLUMEN|FIJO|200113639|1|0|6.0|VOLUMEN|FIJO|200113639|1|0|6.0|VOLUMEN|FIJO|200113639|1|0|6.0|VOLUMEN|FIJO|200113639|1|0|6.0|VOLUMEN|FIJO|200113639|1|0|6.0|VOLUMEN|FIJO|200113639|1|0|6.0|VOLUMEN|FIJO|200113639|1|0|6.0|VOLUMEN|FIJO|200113639|1|0|6.0|VOLUMEN|FIJO|200113639|1|0|6.0|VOLUMEN|FIJO|200113639|1|0|6.0|VOLUMEN|FIJO|200113639|1|0|6.0
1214,VOLUMEN|FIJO|200113639|1|0|3.0|VOLUMEN|FIJO|200113639|1|0|3.0|VOLUMEN|FIJO|200113639|1|0|3.0|VOLUMEN|FIJO|200113639|1|0|3.0|VOLUMEN|FIJO|200113639|1|0|3.0|VOLUMEN|FIJO|200113639|1|0|3.0|VOLUMEN|FIJO|200113639|1|0|3.0|VOLUMEN|FIJO|200113639|1|0|3.0|VOLUMEN|FIJO|200113639|1|0|3.0|VOLUMEN|FIJO|200113639|1|0|3.0|VOLUMEN|FIJO|200113639|1|0|3.0|VOLUMEN|FIJO|200113639|1|0|3.0
1215,VOLUMEN|FIJO|200113639|1|0|4.0|VOLUMEN|FIJO|200113639|1|0|4.0|VOLUMEN|FIJO|200113639|1|0|4.0|VOLUMEN|FIJO|200113639|1|0|4.0|VOLUMEN|FIJO|200113639|1|0|4.0|VOLUMEN|FIJO|200113639|1|0|4.0|VOLUMEN|FIJO|200113639|1|0|4.0|VOLUMEN|FIJO|200113639|1|0|4.0|VOLUMEN|FIJO|200113639|1|0|4.0|VOLUMEN|FIJO|200113639|1|0|4.0|VOLUMEN|FIJO|200113639|1|0|4.0|VOLUMEN|FIJO|200113639|1|0|4.0
1216,VOLUMEN|FIJO|200113553|1|0|3.0|VOLUMEN|FIJO|200113553|1|0|3.0|VOLUMEN|FIJO|200113553|1|0|3.0|VOLUMEN|FIJO|200113553|1|0|3.0|VOLUMEN|FIJO|200113553|1|0|3.0|VOLUMEN|FIJO|200113553|1|0|3.0|VOLUMEN|FIJO|200113553|1|0|3.0|VOLUMEN|FIJO|200113553|1|0|3.0|VOLUMEN|FIJO|200113553|1|0|3.0|VOLUMEN|FIJO|200113553|1|0|3.0|VOLUMEN|FIJO|200113553|1|0|3.0
1217,VOLUMEN|FIJO|200116590|1|0|6.0|VOLUMEN|FIJO|200116590|1|0|6.0|VOLUMEN|FIJO|200116590|1|0|6.0|VOLUMEN|FIJO|200116590|1|0|6.0|VOLUMEN|FIJO|200116590|1|0|6.0|VOLUMEN|FIJO|200116590|1|0|6.0|VOLUMEN|FIJO|200116590|1|0|6.0|VOLUMEN|FIJO|200116590|1|0|6.0|VOLUMEN|FIJO|200116590|1|0|6.0|VOLUMEN|FIJO|200116590|1|0|6.0|VOLUMEN|FIJO|200116590|1|0|6.0|VOLUMEN|FIJO|200116590|1|0|6.0
1218,VOLUMEN|FIJO|200116590|1|0|2.0|VOLUMEN|FIJO|200116590|1|0|2.0|VOLUMEN|FIJO|200116590|1|0|2.0|VOLUMEN|FIJO|200116590|1|0|2.0|VOLUMEN|FIJO|200116590|1|0|2.0|VOLUMEN|FIJO|200116590|1|0|2.0|VOLUMEN|FIJO|200116590|1|0|2.0|VOLUMEN|FIJO|200116590|1|0|2.0|VOLUMEN|FIJO|200116590|1|0|2.0|VOLUMEN|FIJO|200116590|1|0|2.0|VOLUMEN|FIJO|200116590|1|0|2.0|VOLUMEN|FIJO|200116590|1|0|2.0
1219,VOLUMEN|FIJO|200116590|1|0|4.0|VOLUMEN|FIJO|200116590|1|0|4.0|VOLUMEN|FIJO|200116590|1|0|4.0|VOLUMEN|FIJO|200116590|1|0|4.0|VOLUMEN|FIJO|200116590|1|0|4.0|VOLUMEN|FIJO|200116590|1|0|4.0|VOLUMEN|FIJO|200116590|1|0|4.0|VOLUMEN|FIJO|200116590|1|0|4.0|VOLUMEN|FIJO|200116590|1|0|4.0|VOLUMEN|FIJO|200116590|1|0|4.0|VOLUMEN|FIJO|200116590|1|0|4.0|VOLUMEN|FIJO|200116590|1|0|4.0
1220,VOLUMEN|FIJO|200114935|1|0|3.0|VOLUMEN|FIJO|200114935|1|0|3.0|VOLUMEN|FIJO|200114935|1|0|3.0|VOLUMEN|FIJO|200114935|1|0|3.0|VOLUMEN|FIJO|200114935|1|0|3.0|VOLUMEN|FIJO|200114935|1|0|3.0|VOLUMEN|FIJO|200114935|1|0|3.0|VOLUMEN|FIJO|200114935|1|0|3.0|VOLUMEN|FIJO|200114935|1|0|3.0|VOLUMEN|FIJO|200114935|1|0|3.0|VOLUMEN|FIJO|200114935|1|0|3.0|VOLUMEN|FIJO|200114935|1|0|3.0
1221,VOLUMEN|FIJO|200115540|1|0|6.0|VOLUMEN|FIJO|200115540|1|0|6.0|VOLUMEN|FIJO|200115540|1|0|6.0|VOLUMEN|FIJO|200115540|1|0|6.0|VOLUMEN|FIJO|200115540|1|0|6.0|VOLUMEN|FIJO|200115540|1|0|6.0|VOLUMEN|FIJO|200115540|1|0|6.0|VOLUMEN|FIJO|200115540|1|0|6.0|VOLUMEN|FIJO|200115540|1|0|6.0|VOLUMEN|FIJO|200115540|1|0|6.0|VOLUMEN|FIJO|200115540|1|0|6.0|VOLUMEN|FIJO|200115540|1|0|6.0
1222,VOLUMEN|FIJO|200115540|1|0|3.0|VOLUMEN|FIJO|200115540|1|0|3.0|VOLUMEN|FIJO|200115540|1|0|3.0|VOLUMEN|FIJO|200115540|1|0|3.0|VOLUMEN|FIJO|200115540|1|0|3.0|VOLUMEN|FIJO|200115540|1|0|3.0|VOLUMEN|FIJO|200115540|1|0|3.0|VOLUMEN|FIJO|200115540|1|0|3.0|VOLUMEN|FIJO|200115540|1|0|3.0|VOLUMEN|FIJO|200115540|1|0|3.0|VOLUMEN|FIJO|200115540|1|0|3.0|VOLUMEN|FIJO|200115540|1|0|3.0
1223,VOLUMEN|FIJO|200115540|1|0|4.0|VOLUMEN|FIJO|200115540|1|0|4.0|VOLUMEN|FIJO|200115540|1|0|4.0|VOLUMEN|FIJO|200115540|1|0|4.0|VOLUMEN|FIJO|200115540|1|0|4.0|VOLUMEN|FIJO|200115540|1|0|4.0|VOLUMEN|FIJO|200115540|1|0|4.0|VOLUMEN|FIJO|200115540|1|0|4.0|VOLUMEN|FIJO|200115540|1|0|4.0|VOLUMEN|FIJO|200115540|1|0|4.0|VOLUMEN|FIJO|200115540|1|0|4.0|VOLUMEN|FIJO|200115540|1|0|4.0
1243,INDIVIDUAL|FIJO|P0210085000|1|0|1.0|INDIVIDUAL|FIJO|P0210085000|1|0|1.0|INDIVIDUAL|FIJO|P0210085000|1|0|1.0|INDIVIDUAL|FIJO|P0210085000|1|0|1.0|INDIVIDUAL|FIJO|P0210085000|1|0|1.0|INDIVIDUAL|FIJO|P0210085000|1|0|1.0|INDIVIDUAL|FIJO|P0210085000|1|0|1.0|INDIVIDUAL|FIJO|P0210085000|1|0|1.0|INDIVIDUAL|FIJO|P0210085000|1|0|1.0|INDIVIDUAL|FIJO|P0210085000|1|0|1.0|INDIVIDUAL|FIJO|P0210085000|1|0|1.0
1244,INDIVIDUAL|FIJO|200111155|1|0|1.0|INDIVIDUAL|FIJO|200111155|1|0|1.0|INDIVIDUAL|FIJO|200111155|1|0|1.0|INDIVIDUAL|FIJO|200111155|1|0|1.0|INDIVIDUAL|FIJO|200111155|1|0|1.0|INDIVIDUAL|FIJO|200111155|1|0|1.0|INDIVIDUAL|FIJO|200111155|1|0|1.0|INDIVIDUAL|FIJO|200111155|1|0|1.0|INDIVIDUAL|FIJO|200111155|1|0|1.0|INDIVIDUAL|FIJO|200111155|1|0|1.0|INDIVIDUAL|FIJO|200111155|1|0|1.0|INDIVIDUAL|FIJO|200111155|1|0|1.0
1245,INDIVIDUAL|FIJO|P0210085000|1|0|1.0|INDIVIDUAL|FIJO|P0210085000|1|0|1.0|INDIVIDUAL|FIJO|P0210085000|1|0|1.0|INDIVIDUAL|FIJO|P0210085000|1|0|1.0|INDIVIDUAL|FIJO|P0210085000|1|0|1.0|INDIVIDUAL|FIJO|P0210085000|1|0|1.0|INDIVIDUAL|FIJO|P0210085000|1|0|1.0|INDIVIDUAL|FIJO|P0210085000|1|0|1.0|INDIVIDUAL|FIJO|P0210085000|1|0|1.0|INDIVIDUAL|FIJO|P0210085000|1|0|1.0|INDIVIDUAL|FIJO|P0210085000|1|0|1.0
1247,VOLUMEN|FIJO|200111155|1|0|6.0|VOLUMEN|FIJO|200111155|1|0|6.0|VOLUMEN|FIJO|200111155|1|0|6.0|VOLUMEN|FIJO|200111155|1|0|6.0|VOLUMEN|FIJO|200111155|1|0|6.0|VOLUMEN|FIJO|200111155|1|0|6.0|VOLUMEN|FIJO|200111155|1|0|6.0|VOLUMEN|FIJO|200111155|1|0|6.0|VOLUMEN|FIJO|200111155|1|0|6.0|VOLUMEN|FIJO|200111155|1|0|6.0|VOLUMEN|FIJO|200111155|1|0|6.0|VOLUMEN|FIJO|200111155|1|0|6.0
1248,VOLUMEN|FIJO|200111155|1|0|3.0|VOLUMEN|FIJO|200111155|1|0|3.0|VOLUMEN|FIJO|200111155|1|0|3.0|VOLUMEN|FIJO|200111155|1|0|3.0|VOLUMEN|FIJO|200111155|1|0|3.0|VOLUMEN|FIJO|200111155|1|0|3.0|VOLUMEN|FIJO|200111155|1|0|3.0|VOLUMEN|FIJO|200111155|1|0|3.0|VOLUMEN|FIJO|200111155|1|0|3.0|VOLUMEN|FIJO|200111155|1|0|3.0|VOLUMEN|FIJO|200111155|1|0|3.0|VOLUMEN|FIJO|200111155|1|0|3.0
1249,VOLUMEN|FIJO|200111155|1|0|4.0|VOLUMEN|FIJO|200111155|1|0|4.0|VOLUMEN|FIJO|200111155|1|0|4.0|VOLUMEN|FIJO|200111155|1|0|4.0|VOLUMEN|FIJO|200111155|1|0|4.0|VOLUMEN|FIJO|200111155|1|0|4.0|VOLUMEN|FIJO|200111155|1|0|4.0|VOLUMEN|FIJO|200111155|1|0|4.0|VOLUMEN|FIJO|200111155|1|0|4.0|VOLUMEN|FIJO|200111155|1|0|4.0|VOLUMEN|FIJO|200111155|1|0|4.0|VOLUMEN|FIJO|200111155|1|0|4.0
1250,VOLUMEN|FIJO|P0210085000|1|0|2.0|VOLUMEN|FIJO|P0210085000|1|0|2.0|VOLUMEN|FIJO|P0210085000|1|0|2.0|VOLUMEN|FIJO|P0210085000|1|0|2.0|VOLUMEN|FIJO|P0210085000|1|0|2.0|VOLUMEN|FIJO|P0210085000|1|0|2.0|VOLUMEN|FIJO|P0210085000|1|0|2.0|VOLUMEN|FIJO|P0210085000|1|0|2.0|VOLUMEN|FIJO|P0210085000|1|0|2.0|VOLUMEN|FIJO|P0210085000|1|0|2.0|VOLUMEN|FIJO|P0210085000|1|0|2.0
1251,VOLUMEN|FIJO|P0210085000|1|0|3.0|VOLUMEN|FIJO|P0210085000|1|0|3.0|VOLUMEN|FIJO|P0210085000|1|0|3.0|VOLUMEN|FIJO|P0210085000|1|0|3.0|VOLUMEN|FIJO|P0210085000|1|0|3.0|VOLUMEN|FIJO|P0210085000|1|0|3.0|VOLUMEN|FIJO|P0210085000|1|0|3.0|VOLUMEN|FIJO|P0210085000|1|0|3.0|VOLUMEN|FIJO|P0210085000|1|0|3.0|VOLUMEN|FIJO|P0210085000|1|0|3.0|VOLUMEN|FIJO|P0210085000|1|0|3.0
1252,VOLUMEN|FIJO|P0210085000|1|0|5.0|VOLUMEN|FIJO|P0210085000|1|0|5.0|VOLUMEN|FIJO|P0210085000|1|0|5.0|VOLUMEN|FIJO|P0210085000|1|0|5.0|VOLUMEN|FIJO|P0210085000|1|0|5.0|VOLUMEN|FIJO|P0210085000|1|0|5.0|VOLUMEN|FIJO|P0210085000|1|0|5.0|VOLUMEN|FIJO|P0210085000|1|0|5.0|VOLUMEN|FIJO|P0210085000|1|0|5.0|VOLUMEN|FIJO|P0210085000|1|0|5.0|VOLUMEN|FIJO|P0210085000|1|0|5.0
