ID_OFERTA,Composite_key
6,INDIVIDUAL|FIJO|200095864|1|0|1.0|INDIVIDUAL|FIJO|200095864|1|0|1.0|INDIVIDUAL|FIJO|200095864|1|0|1.0|INDIVIDUAL|FIJO|200095864|1|0|1.0|INDIVIDUAL|FIJO|200095864|1|0|1.0|INDIVIDUAL|FIJO|200095864|1|0|1.0|INDIVIDUAL|FIJO|200095864|1|0|1.0|INDIVIDUAL|FIJO|200095864|1|0|1.0|INDIVIDUAL|FIJO|200095864|1|0|1.0|INDIVIDUAL|FIJO|200095864|1|0|1.0|INDIVIDUAL|FIJO|200095864|1|0|1.0|INDIVIDUAL|FIJO|200095864|1|0|1.0
7,INDIVIDUAL|FIJO|200050979|1|0|1.0|INDIVIDUAL|FIJO|200050979|1|0|1.0|INDIVIDUAL|FIJO|200050979|1|0|1.0|INDIVIDUAL|FIJO|200050979|1|0|1.0|INDIVIDUAL|FIJO|200050979|1|0|1.0|INDIVIDUAL|FIJO|200050979|1|0|1.0|INDIVIDUAL|FIJO|200050979|1|0|1.0|INDIVIDUAL|FIJO|200050979|1|0|1.0|INDIVIDUAL|FIJO|200050979|1|0|1.0|INDIVIDUAL|FIJO|200050979|1|0|1.0|INDIVIDUAL|FIJO|200050979|1|0|1.0|INDIVIDUAL|FIJO|200050979|1|0|1.0|INDIVIDUAL|FIJO|200050979|1|0|1.0
8,INDIVIDUAL|FIJO|200080567|1|0|1.0|INDIVIDUAL|FIJO|200080567|1|0|1.0|INDIVIDUAL|FIJO|200080567|1|0|1.0|INDIVIDUAL|FIJO|200080567|1|0|1.0|INDIVIDUAL|FIJO|200080567|1|0|1.0|INDIVIDUAL|FIJO|200080567|1|0|1.0|INDIVIDUAL|FIJO|200080567|1|0|1.0|INDIVIDUAL|FIJO|200080567|1|0|1.0|INDIVIDUAL|FIJO|200080567|1|0|1.0|INDIVIDUAL|FIJO|200080567|1|0|1.0|INDIVIDUAL|FIJO|200080567|1|0|1.0|INDIVIDUAL|FIJO|200080567|1|0|1.0
9,INDIVIDUAL|FIJO|200113646|1|0|1.0|INDIVIDUAL|FIJO|200113646|1|0|1.0|INDIVIDUAL|FIJO|200113646|1|0|1.0|INDIVIDUAL|FIJO|200113646|1|0|1.0|INDIVIDUAL|FIJO|200113646|1|0|1.0|INDIVIDUAL|FIJO|200113646|1|0|1.0|INDIVIDUAL|FIJO|200113646|1|0|1.0|INDIVIDUAL|FIJO|200113646|1|0|1.0|INDIVIDUAL|FIJO|200113646|1|0|1.0|INDIVIDUAL|FIJO|200113646|1|0|1.0|INDIVIDUAL|FIJO|200113646|1|0|1.0|INDIVIDUAL|FIJO|200113646|1|0|1.0|INDIVIDUAL|FIJO|200113646|1|0|1.0
11,INDIVIDUAL|FIJO|200118093|1|0|1.0|INDIVIDUAL|FIJO|200118093|1|0|1.0|INDIVIDUAL|FIJO|200118093|1|0|1.0|INDIVIDUAL|FIJO|200118093|1|0|1.0|INDIVIDUAL|FIJO|200118093|1|0|1.0|INDIVIDUAL|FIJO|200118093|1|0|1.0|INDIVIDUAL|FIJO|200118093|1|0|1.0|INDIVIDUAL|FIJO|200118093|1|0|1.0|INDIVIDUAL|FIJO|200118093|1|0|1.0|INDIVIDUAL|FIJO|200118093|1|0|1.0|INDIVIDUAL|FIJO|200118093|1|0|1.0|INDIVIDUAL|FIJO|200118093|1|0|1.0|INDIVIDUAL|FIJO|200118093|1|0|1.0
12,INDIVIDUAL|FIJO|210097810|1|0|1.0|INDIVIDUAL|FIJO|210097810|1|0|1.0|INDIVIDUAL|FIJO|210097810|1|0|1.0|INDIVIDUAL|FIJO|210097810|1|0|1.0|INDIVIDUAL|FIJO|210097810|1|0|1.0|INDIVIDUAL|FIJO|210097810|1|0|1.0|INDIVIDUAL|FIJO|210097810|1|0|1.0|INDIVIDUAL|FIJO|210097810|1|0|1.0|INDIVIDUAL|FIJO|210097810|1|0|1.0|INDIVIDUAL|FIJO|210097810|1|0|1.0|INDIVIDUAL|FIJO|210097810|1|0|1.0
13,INDIVIDUAL|FIJO|200116338|1|0|1.0|INDIVIDUAL|FIJO|200116338|1|0|1.0|INDIVIDUAL|FIJO|200116338|1|0|1.0|INDIVIDUAL|FIJO|200116338|1|0|1.0|INDIVIDUAL|FIJO|200116338|1|0|1.0|INDIVIDUAL|FIJO|200116338|1|0|1.0|INDIVIDUAL|FIJO|200116338|1|0|1.0|INDIVIDUAL|FIJO|200116338|1|0|1.0|INDIVIDUAL|FIJO|200116338|1|0|1.0|INDIVIDUAL|FIJO|200116338|1|0|1.0|INDIVIDUAL|FIJO|200116338|1|0|1.0|INDIVIDUAL|FIJO|200116338|1|0|1.0|INDIVIDUAL|FIJO|200116338|1|0|1.0
14,INDIVIDUAL|FIJO|200117191|1|0|1.0|INDIVIDUAL|FIJO|200117191|1|0|1.0|INDIVIDUAL|FIJO|200117191|1|0|1.0|INDIVIDUAL|FIJO|200117191|1|0|1.0|INDIVIDUAL|FIJO|200117191|1|0|1.0|INDIVIDUAL|FIJO|200117191|1|0|1.0|INDIVIDUAL|FIJO|200117191|1|0|1.0|INDIVIDUAL|FIJO|200117191|1|0|1.0|INDIVIDUAL|FIJO|200117191|1|0|1.0|INDIVIDUAL|FIJO|200117191|1|0|1.0|INDIVIDUAL|FIJO|200117191|1|0|1.0|INDIVIDUAL|FIJO|200117191|1|0|1.0|INDIVIDUAL|FIJO|200117191|1|0|1.0
15,INDIVIDUAL|FIJO|200050984|1|0|1.0|INDIVIDUAL|FIJO|200050984|1|0|1.0|INDIVIDUAL|FIJO|200050984|1|0|1.0|INDIVIDUAL|FIJO|200050984|1|0|1.0|INDIVIDUAL|FIJO|200050984|1|0|1.0|INDIVIDUAL|FIJO|200050984|1|0|1.0|INDIVIDUAL|FIJO|200050984|1|0|1.0|INDIVIDUAL|FIJO|200050984|1|0|1.0|INDIVIDUAL|FIJO|200050984|1|0|1.0|INDIVIDUAL|FIJO|200050984|1|0|1.0|INDIVIDUAL|FIJO|200050984|1|0|1.0|INDIVIDUAL|FIJO|200050984|1|0|1.0|INDIVIDUAL|FIJO|200050984|1|0|1.0|INDIVIDUAL|FIJO|200050984|1|0|1.0
16,INDIVIDUAL|FIJO|200050979|1|0|1.0|INDIVIDUAL|FIJO|200050979|1|0|1.0|INDIVIDUAL|FIJO|200050979|1|0|1.0|INDIVIDUAL|FIJO|200050979|1|0|1.0|INDIVIDUAL|FIJO|200050979|1|0|1.0|INDIVIDUAL|FIJO|200050979|1|0|1.0|INDIVIDUAL|FIJO|200050979|1|0|1.0|INDIVIDUAL|FIJO|200050979|1|0|1.0|INDIVIDUAL|FIJO|200050979|1|0|1.0|INDIVIDUAL|FIJO|200050979|1|0|1.0|INDIVIDUAL|FIJO|200050979|1|0|1.0|INDIVIDUAL|FIJO|200050979|1|0|1.0|INDIVIDUAL|FIJO|200050979|1|0|1.0|INDIVIDUAL|FIJO|200050979|1|0|1.0
17,INDIVIDUAL|FIJO|200113651|1|0|1.0|INDIVIDUAL|FIJO|200113651|1|0|1.0|INDIVIDUAL|FIJO|200113651|1|0|1.0|INDIVIDUAL|FIJO|200113651|1|0|1.0|INDIVIDUAL|FIJO|200113651|1|0|1.0|INDIVIDUAL|FIJO|200113651|1|0|1.0|INDIVIDUAL|FIJO|200113651|1|0|1.0|INDIVIDUAL|FIJO|200113651|1|0|1.0|INDIVIDUAL|FIJO|200113651|1|0|1.0|INDIVIDUAL|FIJO|200113651|1|0|1.0|INDIVIDUAL|FIJO|200113651|1|0|1.0|INDIVIDUAL|FIJO|200113651|1|0|1.0|INDIVIDUAL|FIJO|200113651|1|0|1.0
18,INDIVIDUAL|FIJO|200104393|1|0|1.0|INDIVIDUAL|FIJO|200104393|1|0|1.0|INDIVIDUAL|FIJO|200104393|1|0|1.0|INDIVIDUAL|FIJO|200104393|1|0|1.0|INDIVIDUAL|FIJO|200104393|1|0|1.0|INDIVIDUAL|FIJO|200104393|1|0|1.0|INDIVIDUAL|FIJO|200104393|1|0|1.0|INDIVIDUAL|FIJO|200104393|1|0|1.0|INDIVIDUAL|FIJO|200104393|1|0|1.0|INDIVIDUAL|FIJO|200104393|1|0|1.0|INDIVIDUAL|FIJO|200104393|1|0|1.0
19,INDIVIDUAL|FIJO|200012761|1|0|1.0|INDIVIDUAL|FIJO|200012761|1|0|1.0|INDIVIDUAL|FIJO|200012761|1|0|1.0|INDIVIDUAL|FIJO|200012761|1|0|1.0|INDIVIDUAL|FIJO|200012761|1|0|1.0|INDIVIDUAL|FIJO|200012761|1|0|1.0|INDIVIDUAL|FIJO|200012761|1|0|1.0|INDIVIDUAL|FIJO|200012761|1|0|1.0|INDIVIDUAL|FIJO|200012761|1|0|1.0|INDIVIDUAL|FIJO|200012761|1|0|1.0|INDIVIDUAL|FIJO|200012761|1|0|1.0|INDIVIDUAL|FIJO|200012761|1|0|1.0
20,INDIVIDUAL|FIJO|200116560|1|0|1.0|INDIVIDUAL|FIJO|200116560|1|0|1.0|INDIVIDUAL|FIJO|200116560|1|0|1.0|INDIVIDUAL|FIJO|200116560|1|0|1.0|INDIVIDUAL|FIJO|200116560|1|0|1.0|INDIVIDUAL|FIJO|200116560|1|0|1.0|INDIVIDUAL|FIJO|200116560|1|0|1.0|INDIVIDUAL|FIJO|200116560|1|0|1.0|INDIVIDUAL|FIJO|200116560|1|0|1.0|INDIVIDUAL|FIJO|200116560|1|0|1.0|INDIVIDUAL|FIJO|200116560|1|0|1.0|INDIVIDUAL|FIJO|200116560|1|0|1.0|INDIVIDUAL|FIJO|200116560|1|0|1.0
21,INDIVIDUAL|FIJO|200116562|1|0|1.0|INDIVIDUAL|FIJO|200116562|1|0|1.0|INDIVIDUAL|FIJO|200116562|1|0|1.0|INDIVIDUAL|FIJO|200116562|1|0|1.0|INDIVIDUAL|FIJO|200116562|1|0|1.0|INDIVIDUAL|FIJO|200116562|1|0|1.0|INDIVIDUAL|FIJO|200116562|1|0|1.0|INDIVIDUAL|FIJO|200116562|1|0|1.0|INDIVIDUAL|FIJO|200116562|1|0|1.0|INDIVIDUAL|FIJO|200116562|1|0|1.0|INDIVIDUAL|FIJO|200116562|1|0|1.0|INDIVIDUAL|FIJO|200116562|1|0|1.0|INDIVIDUAL|FIJO|200116562|1|0|1.0
22,INDIVIDUAL|FIJO|200116561|1|0|1.0|INDIVIDUAL|FIJO|200116561|1|0|1.0|INDIVIDUAL|FIJO|200116561|1|0|1.0|INDIVIDUAL|FIJO|200116561|1|0|1.0|INDIVIDUAL|FIJO|200116561|1|0|1.0|INDIVIDUAL|FIJO|200116561|1|0|1.0|INDIVIDUAL|FIJO|200116561|1|0|1.0|INDIVIDUAL|FIJO|200116561|1|0|1.0|INDIVIDUAL|FIJO|200116561|1|0|1.0|INDIVIDUAL|FIJO|200116561|1|0|1.0|INDIVIDUAL|FIJO|200116561|1|0|1.0|INDIVIDUAL|FIJO|200116561|1|0|1.0|INDIVIDUAL|FIJO|200116561|1|0|1.0
23,INDIVIDUAL|FIJO|200053122|1|0|1.0|INDIVIDUAL|FIJO|200053122|1|0|1.0|INDIVIDUAL|FIJO|200053122|1|0|1.0|INDIVIDUAL|FIJO|200053122|1|0|1.0|INDIVIDUAL|FIJO|200053122|1|0|1.0|INDIVIDUAL|FIJO|200053122|1|0|1.0|INDIVIDUAL|FIJO|200053122|1|0|1.0|INDIVIDUAL|FIJO|200053122|1|0|1.0|INDIVIDUAL|FIJO|200053122|1|0|1.0|INDIVIDUAL|FIJO|200053122|1|0|1.0|INDIVIDUAL|FIJO|200053122|1|0|1.0|INDIVIDUAL|FIJO|200053122|1|0|1.0|INDIVIDUAL|FIJO|200053122|1|0|1.0
24,INDIVIDUAL|FIJO|200050795|1|0|1.0|INDIVIDUAL|FIJO|200050795|1|0|1.0|INDIVIDUAL|FIJO|200050795|1|0|1.0|INDIVIDUAL|FIJO|200050795|1|0|1.0|INDIVIDUAL|FIJO|200050795|1|0|1.0|INDIVIDUAL|FIJO|200050795|1|0|1.0|INDIVIDUAL|FIJO|200050795|1|0|1.0|INDIVIDUAL|FIJO|200050795|1|0|1.0|INDIVIDUAL|FIJO|200050795|1|0|1.0|INDIVIDUAL|FIJO|200050795|1|0|1.0|INDIVIDUAL|FIJO|200050795|1|0|1.0|INDIVIDUAL|FIJO|200050795|1|0|1.0|INDIVIDUAL|FIJO|200050795|1|0|1.0
25,INDIVIDUAL|FIJO|200042358|1|0|1.0|INDIVIDUAL|FIJO|200042358|1|0|1.0|INDIVIDUAL|FIJO|200042358|1|0|1.0|INDIVIDUAL|FIJO|200042358|1|0|1.0|INDIVIDUAL|FIJO|200042358|1|0|1.0|INDIVIDUAL|FIJO|200042358|1|0|1.0|INDIVIDUAL|FIJO|200042358|1|0|1.0|INDIVIDUAL|FIJO|200042358|1|0|1.0|INDIVIDUAL|FIJO|200042358|1|0|1.0|INDIVIDUAL|FIJO|200042358|1|0|1.0|INDIVIDUAL|FIJO|200042358|1|0|1.0|INDIVIDUAL|FIJO|200042358|1|0|1.0|INDIVIDUAL|FIJO|200042358|1|0|1.0|INDIVIDUAL|FIJO|200042358|1|0|1.0
26,INDIVIDUAL|FIJO|200039844|1|0|1.0|INDIVIDUAL|FIJO|200039844|1|0|1.0|INDIVIDUAL|FIJO|200039844|1|0|1.0|INDIVIDUAL|FIJO|200039844|1|0|1.0|INDIVIDUAL|FIJO|200039844|1|0|1.0|INDIVIDUAL|FIJO|200039844|1|0|1.0|INDIVIDUAL|FIJO|200039844|1|0|1.0|INDIVIDUAL|FIJO|200039844|1|0|1.0|INDIVIDUAL|FIJO|200039844|1|0|1.0|INDIVIDUAL|FIJO|200039844|1|0|1.0|INDIVIDUAL|FIJO|200039844|1|0|1.0|INDIVIDUAL|FIJO|200039844|1|0|1.0|INDIVIDUAL|FIJO|200039844|1|0|1.0
27,INDIVIDUAL|FIJO|200051475|1|0|1.0|INDIVIDUAL|FIJO|200051475|1|0|1.0|INDIVIDUAL|FIJO|200051475|1|0|1.0|INDIVIDUAL|FIJO|200051475|1|0|1.0|INDIVIDUAL|FIJO|200051475|1|0|1.0|INDIVIDUAL|FIJO|200051475|1|0|1.0|INDIVIDUAL|FIJO|200051475|1|0|1.0|INDIVIDUAL|FIJO|200051475|1|0|1.0|INDIVIDUAL|FIJO|200051475|1|0|1.0|INDIVIDUAL|FIJO|200051475|1|0|1.0|INDIVIDUAL|FIJO|200051475|1|0|1.0|INDIVIDUAL|FIJO|200051475|1|0|1.0|INDIVIDUAL|FIJO|200051475|1|0|1.0
28,INDIVIDUAL|FIJO|200051249|1|0|1.0|INDIVIDUAL|FIJO|200051249|1|0|1.0|INDIVIDUAL|FIJO|200051249|1|0|1.0|INDIVIDUAL|FIJO|200051249|1|0|1.0|INDIVIDUAL|FIJO|200051249|1|0|1.0|INDIVIDUAL|FIJO|200051249|1|0|1.0|INDIVIDUAL|FIJO|200051249|1|0|1.0|INDIVIDUAL|FIJO|200051249|1|0|1.0|INDIVIDUAL|FIJO|200051249|1|0|1.0|INDIVIDUAL|FIJO|200051249|1|0|1.0|INDIVIDUAL|FIJO|200051249|1|0|1.0|INDIVIDUAL|FIJO|200051249|1|0|1.0|INDIVIDUAL|FIJO|200051249|1|0|1.0
29,INDIVIDUAL|FIJO|200072406|1|0|1.0|INDIVIDUAL|FIJO|200072406|1|0|1.0|INDIVIDUAL|FIJO|200072406|1|0|1.0|INDIVIDUAL|FIJO|200072406|1|0|1.0|INDIVIDUAL|FIJO|200072406|1|0|1.0|INDIVIDUAL|FIJO|200072406|1|0|1.0|INDIVIDUAL|FIJO|200072406|1|0|1.0|INDIVIDUAL|FIJO|200072406|1|0|1.0|INDIVIDUAL|FIJO|200072406|1|0|1.0|INDIVIDUAL|FIJO|200072406|1|0|1.0|INDIVIDUAL|FIJO|200072406|1|0|1.0
30,INDIVIDUAL|FIJO|200051254|1|0|1.0|INDIVIDUAL|FIJO|200051254|1|0|1.0|INDIVIDUAL|FIJO|200051254|1|0|1.0|INDIVIDUAL|FIJO|200051254|1|0|1.0|INDIVIDUAL|FIJO|200051254|1|0|1.0|INDIVIDUAL|FIJO|200051254|1|0|1.0|INDIVIDUAL|FIJO|200051254|1|0|1.0|INDIVIDUAL|FIJO|200051254|1|0|1.0|INDIVIDUAL|FIJO|200051254|1|0|1.0|INDIVIDUAL|FIJO|200051254|1|0|1.0|INDIVIDUAL|FIJO|200051254|1|0|1.0|INDIVIDUAL|FIJO|200051254|1|0|1.0|INDIVIDUAL|FIJO|200051254|1|0|1.0
31,INDIVIDUAL|FIJO|200107663|1|0|1.0|INDIVIDUAL|FIJO|200107663|1|0|1.0|INDIVIDUAL|FIJO|200107663|1|0|1.0|INDIVIDUAL|FIJO|200107663|1|0|1.0|INDIVIDUAL|FIJO|200107663|1|0|1.0|INDIVIDUAL|FIJO|200107663|1|0|1.0|INDIVIDUAL|FIJO|200107663|1|0|1.0|INDIVIDUAL|FIJO|200107663|1|0|1.0|INDIVIDUAL|FIJO|200107663|1|0|1.0|INDIVIDUAL|FIJO|200107663|1|0|1.0|INDIVIDUAL|FIJO|200107663|1|0|1.0|INDIVIDUAL|FIJO|200107663|1|0|1.0|INDIVIDUAL|FIJO|200107663|1|0|1.0
32,INDIVIDUAL|FIJO|200116558|1|0|1.0|INDIVIDUAL|FIJO|200116558|1|0|1.0|INDIVIDUAL|FIJO|200116558|1|0|1.0|INDIVIDUAL|FIJO|200116558|1|0|1.0|INDIVIDUAL|FIJO|200116558|1|0|1.0|INDIVIDUAL|FIJO|200116558|1|0|1.0|INDIVIDUAL|FIJO|200116558|1|0|1.0|INDIVIDUAL|FIJO|200116558|1|0|1.0|INDIVIDUAL|FIJO|200116558|1|0|1.0|INDIVIDUAL|FIJO|200116558|1|0|1.0|INDIVIDUAL|FIJO|200116558|1|0|1.0|INDIVIDUAL|FIJO|200116558|1|0|1.0|INDIVIDUAL|FIJO|200116558|1|0|1.0
33,INDIVIDUAL|FIJO|200051255|1|0|1.0|INDIVIDUAL|FIJO|200051255|1|0|1.0|INDIVIDUAL|FIJO|200051255|1|0|1.0|INDIVIDUAL|FIJO|200051255|1|0|1.0|INDIVIDUAL|FIJO|200051255|1|0|1.0|INDIVIDUAL|FIJO|200051255|1|0|1.0|INDIVIDUAL|FIJO|200051255|1|0|1.0|INDIVIDUAL|FIJO|200051255|1|0|1.0|INDIVIDUAL|FIJO|200051255|1|0|1.0|INDIVIDUAL|FIJO|200051255|1|0|1.0|INDIVIDUAL|FIJO|200051255|1|0|1.0|INDIVIDUAL|FIJO|200051255|1|0|1.0|INDIVIDUAL|FIJO|200051255|1|0|1.0|INDIVIDUAL|FIJO|200051255|1|0|1.0
34,INDIVIDUAL|FIJO|200111318|1|0|1.0|INDIVIDUAL|FIJO|200111318|1|0|1.0|INDIVIDUAL|FIJO|200111318|1|0|1.0|INDIVIDUAL|FIJO|200111318|1|0|1.0|INDIVIDUAL|FIJO|200111318|1|0|1.0|INDIVIDUAL|FIJO|200111318|1|0|1.0|INDIVIDUAL|FIJO|200111318|1|0|1.0|INDIVIDUAL|FIJO|200111318|1|0|1.0|INDIVIDUAL|FIJO|200111318|1|0|1.0|INDIVIDUAL|FIJO|200111318|1|0|1.0|INDIVIDUAL|FIJO|200111318|1|0|1.0|INDIVIDUAL|FIJO|200111318|1|0|1.0|INDIVIDUAL|FIJO|200111318|1|0|1.0
35,INDIVIDUAL|FIJO|200082974|1|0|1.0|INDIVIDUAL|FIJO|200082974|1|0|1.0|INDIVIDUAL|FIJO|200082974|1|0|1.0|INDIVIDUAL|FIJO|200082974|1|0|1.0|INDIVIDUAL|FIJO|200082974|1|0|1.0|INDIVIDUAL|FIJO|200082974|1|0|1.0|INDIVIDUAL|FIJO|200082974|1|0|1.0|INDIVIDUAL|FIJO|200082974|1|0|1.0|INDIVIDUAL|FIJO|200082974|1|0|1.0|INDIVIDUAL|FIJO|200082974|1|0|1.0|INDIVIDUAL|FIJO|200082974|1|0|1.0|INDIVIDUAL|FIJO|200082974|1|0|1.0|INDIVIDUAL|FIJO|200082974|1|0|1.0|INDIVIDUAL|FIJO|200082974|1|0|1.0|INDIVIDUAL|FIJO|200082974|1|0|1.0
36,INDIVIDUAL|FIJO|200051243|1|0|1.0|INDIVIDUAL|FIJO|200051243|1|0|1.0|INDIVIDUAL|FIJO|200051243|1|0|1.0|INDIVIDUAL|FIJO|200051243|1|0|1.0|INDIVIDUAL|FIJO|200051243|1|0|1.0|INDIVIDUAL|FIJO|200051243|1|0|1.0|INDIVIDUAL|FIJO|200051243|1|0|1.0|INDIVIDUAL|FIJO|200051243|1|0|1.0|INDIVIDUAL|FIJO|200051243|1|0|1.0|INDIVIDUAL|FIJO|200051243|1|0|1.0|INDIVIDUAL|FIJO|200051243|1|0|1.0|INDIVIDUAL|FIJO|200051243|1|0|1.0|INDIVIDUAL|FIJO|200051243|1|0|1.0|INDIVIDUAL|FIJO|200051243|1|0|1.0
37,INDIVIDUAL|FIJO|200109875|1|0|1.0|INDIVIDUAL|FIJO|200109875|1|0|1.0|INDIVIDUAL|FIJO|200109875|1|0|1.0|INDIVIDUAL|FIJO|200109875|1|0|1.0|INDIVIDUAL|FIJO|200109875|1|0|1.0|INDIVIDUAL|FIJO|200109875|1|0|1.0|INDIVIDUAL|FIJO|200109875|1|0|1.0|INDIVIDUAL|FIJO|200109875|1|0|1.0|INDIVIDUAL|FIJO|200109875|1|0|1.0|INDIVIDUAL|FIJO|200109875|1|0|1.0|INDIVIDUAL|FIJO|200109875|1|0|1.0|INDIVIDUAL|FIJO|200109875|1|0|1.0|INDIVIDUAL|FIJO|200109875|1|0|1.0
38,INDIVIDUAL|FIJO|200113787|1|0|1.0|INDIVIDUAL|FIJO|200113787|1|0|1.0|INDIVIDUAL|FIJO|200113787|1|0|1.0|INDIVIDUAL|FIJO|200113787|1|0|1.0|INDIVIDUAL|FIJO|200113787|1|0|1.0|INDIVIDUAL|FIJO|200113787|1|0|1.0|INDIVIDUAL|FIJO|200113787|1|0|1.0|INDIVIDUAL|FIJO|200113787|1|0|1.0|INDIVIDUAL|FIJO|200113787|1|0|1.0|INDIVIDUAL|FIJO|200113787|1|0|1.0|INDIVIDUAL|FIJO|200113787|1|0|1.0|INDIVIDUAL|FIJO|200113787|1|0|1.0|INDIVIDUAL|FIJO|200113787|1|0|1.0
39,INDIVIDUAL|FIJO|200099198|1|0|1.0|INDIVIDUAL|FIJO|200099198|1|0|1.0|INDIVIDUAL|FIJO|200099198|1|0|1.0|INDIVIDUAL|FIJO|200099198|1|0|1.0|INDIVIDUAL|FIJO|200099198|1|0|1.0|INDIVIDUAL|FIJO|200099198|1|0|1.0|INDIVIDUAL|FIJO|200099198|1|0|1.0|INDIVIDUAL|FIJO|200099198|1|0|1.0|INDIVIDUAL|FIJO|200099198|1|0|1.0|INDIVIDUAL|FIJO|200099198|1|0|1.0|INDIVIDUAL|FIJO|200099198|1|0|1.0|INDIVIDUAL|FIJO|200099198|1|0|1.0|INDIVIDUAL|FIJO|200099198|1|0|1.0|INDIVIDUAL|FIJO|200099198|1|0|1.0
40,INDIVIDUAL|FIJO|200050957|1|0|1.0|INDIVIDUAL|FIJO|200050957|1|0|1.0|INDIVIDUAL|FIJO|200050957|1|0|1.0|INDIVIDUAL|FIJO|200050957|1|0|1.0|INDIVIDUAL|FIJO|200050957|1|0|1.0|INDIVIDUAL|FIJO|200050957|1|0|1.0|INDIVIDUAL|FIJO|200050957|1|0|1.0|INDIVIDUAL|FIJO|200050957|1|0|1.0|INDIVIDUAL|FIJO|200050957|1|0|1.0|INDIVIDUAL|FIJO|200050957|1|0|1.0|INDIVIDUAL|FIJO|200050957|1|0|1.0|INDIVIDUAL|FIJO|200050957|1|0|1.0|INDIVIDUAL|FIJO|200050957|1|0|1.0|INDIVIDUAL|FIJO|200050957|1|0|1.0
41,INDIVIDUAL|FIJO|200113804|1|0|1.0|INDIVIDUAL|FIJO|200113804|1|0|1.0|INDIVIDUAL|FIJO|200113804|1|0|1.0|INDIVIDUAL|FIJO|200113804|1|0|1.0|INDIVIDUAL|FIJO|200113804|1|0|1.0|INDIVIDUAL|FIJO|200113804|1|0|1.0|INDIVIDUAL|FIJO|200113804|1|0|1.0|INDIVIDUAL|FIJO|200113804|1|0|1.0|INDIVIDUAL|FIJO|200113804|1|0|1.0|INDIVIDUAL|FIJO|200113804|1|0|1.0|INDIVIDUAL|FIJO|200113804|1|0|1.0|INDIVIDUAL|FIJO|200113804|1|0|1.0|INDIVIDUAL|FIJO|200113804|1|0|1.0
42,INDIVIDUAL|FIJO|200059602|1|0|1.0|INDIVIDUAL|FIJO|200059602|1|0|1.0|INDIVIDUAL|FIJO|200059602|1|0|1.0|INDIVIDUAL|FIJO|200059602|1|0|1.0|INDIVIDUAL|FIJO|200059602|1|0|1.0|INDIVIDUAL|FIJO|200059602|1|0|1.0|INDIVIDUAL|FIJO|200059602|1|0|1.0|INDIVIDUAL|FIJO|200059602|1|0|1.0|INDIVIDUAL|FIJO|200059602|1|0|1.0|INDIVIDUAL|FIJO|200059602|1|0|1.0|INDIVIDUAL|FIJO|200059602|1|0|1.0|INDIVIDUAL|FIJO|200059602|1|0|1.0|INDIVIDUAL|FIJO|200059602|1|0|1.0
43,INDIVIDUAL|FIJO|200073521|1|0|1.0|INDIVIDUAL|FIJO|200073521|1|0|1.0|INDIVIDUAL|FIJO|200073521|1|0|1.0|INDIVIDUAL|FIJO|200073521|1|0|1.0|INDIVIDUAL|FIJO|200073521|1|0|1.0|INDIVIDUAL|FIJO|200073521|1|0|1.0|INDIVIDUAL|FIJO|200073521|1|0|1.0|INDIVIDUAL|FIJO|200073521|1|0|1.0|INDIVIDUAL|FIJO|200073521|1|0|1.0|INDIVIDUAL|FIJO|200073521|1|0|1.0|INDIVIDUAL|FIJO|200073521|1|0|1.0|INDIVIDUAL|FIJO|200073521|1|0|1.0
44,INDIVIDUAL|FIJO|210099295|1|0|1.0|INDIVIDUAL|FIJO|210099295|1|0|1.0|INDIVIDUAL|FIJO|210099295|1|0|1.0|INDIVIDUAL|FIJO|210099295|1|0|1.0|INDIVIDUAL|FIJO|210099295|1|0|1.0|INDIVIDUAL|FIJO|210099295|1|0|1.0|INDIVIDUAL|FIJO|210099295|1|0|1.0|INDIVIDUAL|FIJO|210099295|1|0|1.0|INDIVIDUAL|FIJO|210099295|1|0|1.0|INDIVIDUAL|FIJO|210099295|1|0|1.0|INDIVIDUAL|FIJO|210099295|1|0|1.0|INDIVIDUAL|FIJO|210099295|1|0|1.0|INDIVIDUAL|FIJO|210099295|1|0|1.0
45,INDIVIDUAL|FIJO|210097812|1|0|1.0|INDIVIDUAL|FIJO|210097812|1|0|1.0|INDIVIDUAL|FIJO|210097812|1|0|1.0|INDIVIDUAL|FIJO|210097812|1|0|1.0|INDIVIDUAL|FIJO|210097812|1|0|1.0|INDIVIDUAL|FIJO|210097812|1|0|1.0|INDIVIDUAL|FIJO|210097812|1|0|1.0|INDIVIDUAL|FIJO|210097812|1|0|1.0|INDIVIDUAL|FIJO|210097812|1|0|1.0|INDIVIDUAL|FIJO|210097812|1|0|1.0|INDIVIDUAL|FIJO|210097812|1|0|1.0|INDIVIDUAL|FIJO|210097812|1|0|1.0|INDIVIDUAL|FIJO|210097812|1|0|1.0
46,INDIVIDUAL|FIJO|200110734|1|0|1.0|INDIVIDUAL|FIJO|200110734|1|0|1.0|INDIVIDUAL|FIJO|200110734|1|0|1.0|INDIVIDUAL|FIJO|200110734|1|0|1.0|INDIVIDUAL|FIJO|200110734|1|0|1.0|INDIVIDUAL|FIJO|200110734|1|0|1.0|INDIVIDUAL|FIJO|200110734|1|0|1.0|INDIVIDUAL|FIJO|200110734|1|0|1.0|INDIVIDUAL|FIJO|200110734|1|0|1.0|INDIVIDUAL|FIJO|200110734|1|0|1.0|INDIVIDUAL|FIJO|200110734|1|0|1.0|INDIVIDUAL|FIJO|200110734|1|0|1.0|INDIVIDUAL|FIJO|200110734|1|0|1.0
47,INDIVIDUAL|FIJO|200114813|1|0|1.0|INDIVIDUAL|FIJO|200114813|1|0|1.0|INDIVIDUAL|FIJO|200114813|1|0|1.0|INDIVIDUAL|FIJO|200114813|1|0|1.0|INDIVIDUAL|FIJO|200114813|1|0|1.0|INDIVIDUAL|FIJO|200114813|1|0|1.0|INDIVIDUAL|FIJO|200114813|1|0|1.0|INDIVIDUAL|FIJO|200114813|1|0|1.0|INDIVIDUAL|FIJO|200114813|1|0|1.0|INDIVIDUAL|FIJO|200114813|1|0|1.0|INDIVIDUAL|FIJO|200114813|1|0|1.0|INDIVIDUAL|FIJO|200114813|1|0|1.0|INDIVIDUAL|FIJO|200114813|1|0|1.0
48,INDIVIDUAL|FIJO|200109489|1|0|1.0|INDIVIDUAL|FIJO|200109489|1|0|1.0|INDIVIDUAL|FIJO|200109489|1|0|1.0|INDIVIDUAL|FIJO|200109489|1|0|1.0|INDIVIDUAL|FIJO|200109489|1|0|1.0|INDIVIDUAL|FIJO|200109489|1|0|1.0|INDIVIDUAL|FIJO|200109489|1|0|1.0|INDIVIDUAL|FIJO|200109489|1|0|1.0|INDIVIDUAL|FIJO|200109489|1|0|1.0|INDIVIDUAL|FIJO|200109489|1|0|1.0|INDIVIDUAL|FIJO|200109489|1|0|1.0|INDIVIDUAL|FIJO|200109489|1|0|1.0|INDIVIDUAL|FIJO|200109489|1|0|1.0
49,INDIVIDUAL|FIJO|200104065|1|0|1.0|INDIVIDUAL|FIJO|200104065|1|0|1.0|INDIVIDUAL|FIJO|200104065|1|0|1.0|INDIVIDUAL|FIJO|200104065|1|0|1.0|INDIVIDUAL|FIJO|200104065|1|0|1.0|INDIVIDUAL|FIJO|200104065|1|0|1.0|INDIVIDUAL|FIJO|200104065|1|0|1.0|INDIVIDUAL|FIJO|200104065|1|0|1.0|INDIVIDUAL|FIJO|200104065|1|0|1.0|INDIVIDUAL|FIJO|200104065|1|0|1.0|INDIVIDUAL|FIJO|200104065|1|0|1.0|INDIVIDUAL|FIJO|200104065|1|0|1.0|INDIVIDUAL|FIJO|200104065|1|0|1.0
50,INDIVIDUAL|FIJO|200082170|1|0|1.0|INDIVIDUAL|FIJO|200082170|1|0|1.0|INDIVIDUAL|FIJO|200082170|1|0|1.0|INDIVIDUAL|FIJO|200082170|1|0|1.0|INDIVIDUAL|FIJO|200082170|1|0|1.0|INDIVIDUAL|FIJO|200082170|1|0|1.0|INDIVIDUAL|FIJO|200082170|1|0|1.0|INDIVIDUAL|FIJO|200082170|1|0|1.0|INDIVIDUAL|FIJO|200082170|1|0|1.0|INDIVIDUAL|FIJO|200082170|1|0|1.0|INDIVIDUAL|FIJO|200082170|1|0|1.0|INDIVIDUAL|FIJO|200082170|1|0|1.0|INDIVIDUAL|FIJO|200082170|1|0|1.0|INDIVIDUAL|FIJO|200082170|1|0|1.0
51,INDIVIDUAL|FIJO|200090313|1|0|1.0|INDIVIDUAL|FIJO|200090313|1|0|1.0|INDIVIDUAL|FIJO|200090313|1|0|1.0|INDIVIDUAL|FIJO|200090313|1|0|1.0|INDIVIDUAL|FIJO|200090313|1|0|1.0|INDIVIDUAL|FIJO|200090313|1|0|1.0|INDIVIDUAL|FIJO|200090313|1|0|1.0|INDIVIDUAL|FIJO|200090313|1|0|1.0|INDIVIDUAL|FIJO|200090313|1|0|1.0|INDIVIDUAL|FIJO|200090313|1|0|1.0|INDIVIDUAL|FIJO|200090313|1|0|1.0|INDIVIDUAL|FIJO|200090313|1|0|1.0|INDIVIDUAL|FIJO|200090313|1|0|1.0
52,INDIVIDUAL|FIJO|200116343|1|0|1.0|INDIVIDUAL|FIJO|200116343|1|0|1.0|INDIVIDUAL|FIJO|200116343|1|0|1.0|INDIVIDUAL|FIJO|200116343|1|0|1.0|INDIVIDUAL|FIJO|200116343|1|0|1.0|INDIVIDUAL|FIJO|200116343|1|0|1.0|INDIVIDUAL|FIJO|200116343|1|0|1.0|INDIVIDUAL|FIJO|200116343|1|0|1.0|INDIVIDUAL|FIJO|200116343|1|0|1.0|INDIVIDUAL|FIJO|200116343|1|0|1.0|INDIVIDUAL|FIJO|200116343|1|0|1.0|INDIVIDUAL|FIJO|200116343|1|0|1.0
53,INDIVIDUAL|FIJO|200118717|1|0|1.0|INDIVIDUAL|FIJO|200118717|1|0|1.0|INDIVIDUAL|FIJO|200118717|1|0|1.0|INDIVIDUAL|FIJO|200118717|1|0|1.0|INDIVIDUAL|FIJO|200118717|1|0|1.0|INDIVIDUAL|FIJO|200118717|1|0|1.0|INDIVIDUAL|FIJO|200118717|1|0|1.0|INDIVIDUAL|FIJO|200118717|1|0|1.0|INDIVIDUAL|FIJO|200118717|1|0|1.0|INDIVIDUAL|FIJO|200118717|1|0|1.0|INDIVIDUAL|FIJO|200118717|1|0|1.0|INDIVIDUAL|FIJO|200118717|1|0|1.0|INDIVIDUAL|FIJO|200118717|1|0|1.0
54,INDIVIDUAL|FIJO|200116310|1|0|1.0|INDIVIDUAL|FIJO|200116310|1|0|1.0|INDIVIDUAL|FIJO|200116310|1|0|1.0|INDIVIDUAL|FIJO|200116310|1|0|1.0|INDIVIDUAL|FIJO|200116310|1|0|1.0|INDIVIDUAL|FIJO|200116310|1|0|1.0|INDIVIDUAL|FIJO|200116310|1|0|1.0|INDIVIDUAL|FIJO|200116310|1|0|1.0|INDIVIDUAL|FIJO|200116310|1|0|1.0|INDIVIDUAL|FIJO|200116310|1|0|1.0|INDIVIDUAL|FIJO|200116310|1|0|1.0|INDIVIDUAL|FIJO|200116310|1|0|1.0
55,INDIVIDUAL|FIJO|200113873|1|0|1.0|INDIVIDUAL|FIJO|200113873|1|0|1.0|INDIVIDUAL|FIJO|200113873|1|0|1.0|INDIVIDUAL|FIJO|200113873|1|0|1.0|INDIVIDUAL|FIJO|200113873|1|0|1.0|INDIVIDUAL|FIJO|200113873|1|0|1.0|INDIVIDUAL|FIJO|200113873|1|0|1.0|INDIVIDUAL|FIJO|200113873|1|0|1.0|INDIVIDUAL|FIJO|200113873|1|0|1.0|INDIVIDUAL|FIJO|200113873|1|0|1.0|INDIVIDUAL|FIJO|200113873|1|0|1.0|INDIVIDUAL|FIJO|200113873|1|0|1.0|INDIVIDUAL|FIJO|200113873|1|0|1.0
56,INDIVIDUAL|FIJO|200115591|1|0|1.0|INDIVIDUAL|FIJO|200115591|1|0|1.0|INDIVIDUAL|FIJO|200115591|1|0|1.0|INDIVIDUAL|FIJO|200115591|1|0|1.0|INDIVIDUAL|FIJO|200115591|1|0|1.0|INDIVIDUAL|FIJO|200115591|1|0|1.0|INDIVIDUAL|FIJO|200115591|1|0|1.0|INDIVIDUAL|FIJO|200115591|1|0|1.0|INDIVIDUAL|FIJO|200115591|1|0|1.0|INDIVIDUAL|FIJO|200115591|1|0|1.0|INDIVIDUAL|FIJO|200115591|1|0|1.0|INDIVIDUAL|FIJO|200115591|1|0|1.0
57,INDIVIDUAL|FIJO|200116159|1|0|1.0|INDIVIDUAL|FIJO|200116159|1|0|1.0|INDIVIDUAL|FIJO|200116159|1|0|1.0|INDIVIDUAL|FIJO|200116159|1|0|1.0|INDIVIDUAL|FIJO|200116159|1|0|1.0|INDIVIDUAL|FIJO|200116159|1|0|1.0|INDIVIDUAL|FIJO|200116159|1|0|1.0|INDIVIDUAL|FIJO|200116159|1|0|1.0|INDIVIDUAL|FIJO|200116159|1|0|1.0|INDIVIDUAL|FIJO|200116159|1|0|1.0|INDIVIDUAL|FIJO|200116159|1|0|1.0|INDIVIDUAL|FIJO|200116159|1|0|1.0|INDIVIDUAL|FIJO|200116159|1|0|1.0
58,INDIVIDUAL|FIJO|200114567|1|0|1.0|INDIVIDUAL|FIJO|200114567|1|0|1.0|INDIVIDUAL|FIJO|200114567|1|0|1.0|INDIVIDUAL|FIJO|200114567|1|0|1.0|INDIVIDUAL|FIJO|200114567|1|0|1.0|INDIVIDUAL|FIJO|200114567|1|0|1.0|INDIVIDUAL|FIJO|200114567|1|0|1.0|INDIVIDUAL|FIJO|200114567|1|0|1.0|INDIVIDUAL|FIJO|200114567|1|0|1.0|INDIVIDUAL|FIJO|200114567|1|0|1.0|INDIVIDUAL|FIJO|200114567|1|0|1.0|INDIVIDUAL|FIJO|200114567|1|0|1.0|INDIVIDUAL|FIJO|200114567|1|0|1.0
59,INDIVIDUAL|FIJO|200114556|1|0|1.0|INDIVIDUAL|FIJO|200114556|1|0|1.0|INDIVIDUAL|FIJO|200114556|1|0|1.0|INDIVIDUAL|FIJO|200114556|1|0|1.0|INDIVIDUAL|FIJO|200114556|1|0|1.0|INDIVIDUAL|FIJO|200114556|1|0|1.0|INDIVIDUAL|FIJO|200114556|1|0|1.0|INDIVIDUAL|FIJO|200114556|1|0|1.0|INDIVIDUAL|FIJO|200114556|1|0|1.0|INDIVIDUAL|FIJO|200114556|1|0|1.0|INDIVIDUAL|FIJO|200114556|1|0|1.0|INDIVIDUAL|FIJO|200114556|1|0|1.0|INDIVIDUAL|FIJO|200114556|1|0|1.0
60,INDIVIDUAL|FIJO|200116308|1|0|1.0|INDIVIDUAL|FIJO|200116308|1|0|1.0|INDIVIDUAL|FIJO|200116308|1|0|1.0|INDIVIDUAL|FIJO|200116308|1|0|1.0|INDIVIDUAL|FIJO|200116308|1|0|1.0|INDIVIDUAL|FIJO|200116308|1|0|1.0|INDIVIDUAL|FIJO|200116308|1|0|1.0|INDIVIDUAL|FIJO|200116308|1|0|1.0|INDIVIDUAL|FIJO|200116308|1|0|1.0|INDIVIDUAL|FIJO|200116308|1|0|1.0|INDIVIDUAL|FIJO|200116308|1|0|1.0|INDIVIDUAL|FIJO|200116308|1|0|1.0|INDIVIDUAL|FIJO|200116308|1|0|1.0
61,INDIVIDUAL|FIJO|200116312|1|0|1.0|INDIVIDUAL|FIJO|200116312|1|0|1.0|INDIVIDUAL|FIJO|200116312|1|0|1.0|INDIVIDUAL|FIJO|200116312|1|0|1.0|INDIVIDUAL|FIJO|200116312|1|0|1.0|INDIVIDUAL|FIJO|200116312|1|0|1.0|INDIVIDUAL|FIJO|200116312|1|0|1.0|INDIVIDUAL|FIJO|200116312|1|0|1.0|INDIVIDUAL|FIJO|200116312|1|0|1.0|INDIVIDUAL|FIJO|200116312|1|0|1.0|INDIVIDUAL|FIJO|200116312|1|0|1.0|INDIVIDUAL|FIJO|200116312|1|0|1.0|INDIVIDUAL|FIJO|200116312|1|0|1.0
62,INDIVIDUAL|FIJO|200116311|1|0|1.0|INDIVIDUAL|FIJO|200116311|1|0|1.0|INDIVIDUAL|FIJO|200116311|1|0|1.0|INDIVIDUAL|FIJO|200116311|1|0|1.0|INDIVIDUAL|FIJO|200116311|1|0|1.0|INDIVIDUAL|FIJO|200116311|1|0|1.0|INDIVIDUAL|FIJO|200116311|1|0|1.0|INDIVIDUAL|FIJO|200116311|1|0|1.0|INDIVIDUAL|FIJO|200116311|1|0|1.0|INDIVIDUAL|FIJO|200116311|1|0|1.0|INDIVIDUAL|FIJO|200116311|1|0|1.0|INDIVIDUAL|FIJO|200116311|1|0|1.0|INDIVIDUAL|FIJO|200116311|1|0|1.0
63,INDIVIDUAL|FIJO|200116227|1|0|1.0|INDIVIDUAL|FIJO|200116227|1|0|1.0|INDIVIDUAL|FIJO|200116227|1|0|1.0|INDIVIDUAL|FIJO|200116227|1|0|1.0|INDIVIDUAL|FIJO|200116227|1|0|1.0|INDIVIDUAL|FIJO|200116227|1|0|1.0|INDIVIDUAL|FIJO|200116227|1|0|1.0|INDIVIDUAL|FIJO|200116227|1|0|1.0|INDIVIDUAL|FIJO|200116227|1|0|1.0|INDIVIDUAL|FIJO|200116227|1|0|1.0|INDIVIDUAL|FIJO|200116227|1|0|1.0|INDIVIDUAL|FIJO|200116227|1|0|1.0
64,INDIVIDUAL|FIJO|200067093|1|0|1.0|INDIVIDUAL|FIJO|200067093|1|0|1.0|INDIVIDUAL|FIJO|200067093|1|0|1.0|INDIVIDUAL|FIJO|200067093|1|0|1.0|INDIVIDUAL|FIJO|200067093|1|0|1.0|INDIVIDUAL|FIJO|200067093|1|0|1.0|INDIVIDUAL|FIJO|200067093|1|0|1.0|INDIVIDUAL|FIJO|200067093|1|0|1.0|INDIVIDUAL|FIJO|200067093|1|0|1.0|INDIVIDUAL|FIJO|200067093|1|0|1.0|INDIVIDUAL|FIJO|200067093|1|0|1.0|INDIVIDUAL|FIJO|200067093|1|0|1.0
65,INDIVIDUAL|FIJO|200051086|1|0|1.0|INDIVIDUAL|FIJO|200051086|1|0|1.0|INDIVIDUAL|FIJO|200051086|1|0|1.0|INDIVIDUAL|FIJO|200051086|1|0|1.0|INDIVIDUAL|FIJO|200051086|1|0|1.0|INDIVIDUAL|FIJO|200051086|1|0|1.0|INDIVIDUAL|FIJO|200051086|1|0|1.0|INDIVIDUAL|FIJO|200051086|1|0|1.0|INDIVIDUAL|FIJO|200051086|1|0|1.0|INDIVIDUAL|FIJO|200051086|1|0|1.0|INDIVIDUAL|FIJO|200051086|1|0|1.0|INDIVIDUAL|FIJO|200051086|1|0|1.0|INDIVIDUAL|FIJO|200051086|1|0|1.0|INDIVIDUAL|FIJO|200051086|1|0|1.0
66,INDIVIDUAL|FIJO|200116549|1|0|1.0|INDIVIDUAL|FIJO|200116549|1|0|1.0|INDIVIDUAL|FIJO|200116549|1|0|1.0|INDIVIDUAL|FIJO|200116549|1|0|1.0|INDIVIDUAL|FIJO|200116549|1|0|1.0|INDIVIDUAL|FIJO|200116549|1|0|1.0|INDIVIDUAL|FIJO|200116549|1|0|1.0|INDIVIDUAL|FIJO|200116549|1|0|1.0|INDIVIDUAL|FIJO|200116549|1|0|1.0|INDIVIDUAL|FIJO|200116549|1|0|1.0|INDIVIDUAL|FIJO|200116549|1|0|1.0|INDIVIDUAL|FIJO|200116549|1|0|1.0|INDIVIDUAL|FIJO|200116549|1|0|1.0
67,INDIVIDUAL|FIJO|200116477|1|0|1.0|INDIVIDUAL|FIJO|200116477|1|0|1.0|INDIVIDUAL|FIJO|200116477|1|0|1.0|INDIVIDUAL|FIJO|200116477|1|0|1.0|INDIVIDUAL|FIJO|200116477|1|0|1.0|INDIVIDUAL|FIJO|200116477|1|0|1.0|INDIVIDUAL|FIJO|200116477|1|0|1.0|INDIVIDUAL|FIJO|200116477|1|0|1.0|INDIVIDUAL|FIJO|200116477|1|0|1.0|INDIVIDUAL|FIJO|200116477|1|0|1.0|INDIVIDUAL|FIJO|200116477|1|0|1.0|INDIVIDUAL|FIJO|200116477|1|0|1.0
68,INDIVIDUAL|FIJO|200106961|1|0|1.0|INDIVIDUAL|FIJO|200106961|1|0|1.0|INDIVIDUAL|FIJO|200106961|1|0|1.0|INDIVIDUAL|FIJO|200106961|1|0|1.0|INDIVIDUAL|FIJO|200106961|1|0|1.0|INDIVIDUAL|FIJO|200106961|1|0|1.0|INDIVIDUAL|FIJO|200106961|1|0|1.0|INDIVIDUAL|FIJO|200106961|1|0|1.0|INDIVIDUAL|FIJO|200106961|1|0|1.0|INDIVIDUAL|FIJO|200106961|1|0|1.0|INDIVIDUAL|FIJO|200106961|1|0|1.0
69,INDIVIDUAL|FIJO|200053740|1|0|1.0|INDIVIDUAL|FIJO|200053740|1|0|1.0|INDIVIDUAL|FIJO|200053740|1|0|1.0|INDIVIDUAL|FIJO|200053740|1|0|1.0|INDIVIDUAL|FIJO|200053740|1|0|1.0|INDIVIDUAL|FIJO|200053740|1|0|1.0|INDIVIDUAL|FIJO|200053740|1|0|1.0|INDIVIDUAL|FIJO|200053740|1|0|1.0|INDIVIDUAL|FIJO|200053740|1|0|1.0|INDIVIDUAL|FIJO|200053740|1|0|1.0|INDIVIDUAL|FIJO|200053740|1|0|1.0|INDIVIDUAL|FIJO|200053740|1|0|1.0|INDIVIDUAL|FIJO|200053740|1|0|1.0
70,INDIVIDUAL|FIJO|200072507|1|0|1.0|INDIVIDUAL|FIJO|200072507|1|0|1.0|INDIVIDUAL|FIJO|200072507|1|0|1.0|INDIVIDUAL|FIJO|200072507|1|0|1.0|INDIVIDUAL|FIJO|200072507|1|0|1.0|INDIVIDUAL|FIJO|200072507|1|0|1.0|INDIVIDUAL|FIJO|200072507|1|0|1.0|INDIVIDUAL|FIJO|200072507|1|0|1.0|INDIVIDUAL|FIJO|200072507|1|0|1.0|INDIVIDUAL|FIJO|200072507|1|0|1.0|INDIVIDUAL|FIJO|200072507|1|0|1.0|INDIVIDUAL|FIJO|200072507|1|0|1.0|INDIVIDUAL|FIJO|200072507|1|0|1.0
71,INDIVIDUAL|FIJO|200113421|1|0|1.0|INDIVIDUAL|FIJO|200113421|1|0|1.0|INDIVIDUAL|FIJO|200113421|1|0|1.0|INDIVIDUAL|FIJO|200113421|1|0|1.0|INDIVIDUAL|FIJO|200113421|1|0|1.0|INDIVIDUAL|FIJO|200113421|1|0|1.0|INDIVIDUAL|FIJO|200113421|1|0|1.0|INDIVIDUAL|FIJO|200113421|1|0|1.0|INDIVIDUAL|FIJO|200113421|1|0|1.0|INDIVIDUAL|FIJO|200113421|1|0|1.0|INDIVIDUAL|FIJO|200113421|1|0|1.0|INDIVIDUAL|FIJO|200113421|1|0|1.0|INDIVIDUAL|FIJO|200113421|1|0|1.0
72,INDIVIDUAL|FIJO|200113419|1|0|1.0|INDIVIDUAL|FIJO|200113419|1|0|1.0|INDIVIDUAL|FIJO|200113419|1|0|1.0|INDIVIDUAL|FIJO|200113419|1|0|1.0|INDIVIDUAL|FIJO|200113419|1|0|1.0|INDIVIDUAL|FIJO|200113419|1|0|1.0|INDIVIDUAL|FIJO|200113419|1|0|1.0|INDIVIDUAL|FIJO|200113419|1|0|1.0|INDIVIDUAL|FIJO|200113419|1|0|1.0|INDIVIDUAL|FIJO|200113419|1|0|1.0|INDIVIDUAL|FIJO|200113419|1|0|1.0|INDIVIDUAL|FIJO|200113419|1|0|1.0|INDIVIDUAL|FIJO|200113419|1|0|1.0
73,INDIVIDUAL|FIJO|200113372|1|0|1.0|INDIVIDUAL|FIJO|200113372|1|0|1.0|INDIVIDUAL|FIJO|200113372|1|0|1.0|INDIVIDUAL|FIJO|200113372|1|0|1.0|INDIVIDUAL|FIJO|200113372|1|0|1.0|INDIVIDUAL|FIJO|200113372|1|0|1.0|INDIVIDUAL|FIJO|200113372|1|0|1.0|INDIVIDUAL|FIJO|200113372|1|0|1.0|INDIVIDUAL|FIJO|200113372|1|0|1.0|INDIVIDUAL|FIJO|200113372|1|0|1.0|INDIVIDUAL|FIJO|200113372|1|0|1.0
74,INDIVIDUAL|FIJO|200073370|1|0|1.0|INDIVIDUAL|FIJO|200073370|1|0|1.0|INDIVIDUAL|FIJO|200073370|1|0|1.0|INDIVIDUAL|FIJO|200073370|1|0|1.0|INDIVIDUAL|FIJO|200073370|1|0|1.0|INDIVIDUAL|FIJO|200073370|1|0|1.0|INDIVIDUAL|FIJO|200073370|1|0|1.0|INDIVIDUAL|FIJO|200073370|1|0|1.0|INDIVIDUAL|FIJO|200073370|1|0|1.0|INDIVIDUAL|FIJO|200073370|1|0|1.0|INDIVIDUAL|FIJO|200073370|1|0|1.0
75,INDIVIDUAL|FIJO|200113540|1|0|1.0|INDIVIDUAL|FIJO|200113540|1|0|1.0|INDIVIDUAL|FIJO|200113540|1|0|1.0|INDIVIDUAL|FIJO|200113540|1|0|1.0|INDIVIDUAL|FIJO|200113540|1|0|1.0|INDIVIDUAL|FIJO|200113540|1|0|1.0|INDIVIDUAL|FIJO|200113540|1|0|1.0|INDIVIDUAL|FIJO|200113540|1|0|1.0|INDIVIDUAL|FIJO|200113540|1|0|1.0|INDIVIDUAL|FIJO|200113540|1|0|1.0|INDIVIDUAL|FIJO|200113540|1|0|1.0
76,INDIVIDUAL|FIJO|200083596|1|0|1.0|INDIVIDUAL|FIJO|200083596|1|0|1.0|INDIVIDUAL|FIJO|200083596|1|0|1.0|INDIVIDUAL|FIJO|200083596|1|0|1.0|INDIVIDUAL|FIJO|200083596|1|0|1.0|INDIVIDUAL|FIJO|200083596|1|0|1.0|INDIVIDUAL|FIJO|200083596|1|0|1.0|INDIVIDUAL|FIJO|200083596|1|0|1.0|INDIVIDUAL|FIJO|200083596|1|0|1.0|INDIVIDUAL|FIJO|200083596|1|0|1.0|INDIVIDUAL|FIJO|200083596|1|0|1.0
77,INDIVIDUAL|FIJO|200072404|1|0|1.0|INDIVIDUAL|FIJO|200072404|1|0|1.0|INDIVIDUAL|FIJO|200072404|1|0|1.0|INDIVIDUAL|FIJO|200072404|1|0|1.0|INDIVIDUAL|FIJO|200072404|1|0|1.0|INDIVIDUAL|FIJO|200072404|1|0|1.0|INDIVIDUAL|FIJO|200072404|1|0|1.0|INDIVIDUAL|FIJO|200072404|1|0|1.0|INDIVIDUAL|FIJO|200072404|1|0|1.0|INDIVIDUAL|FIJO|200072404|1|0|1.0|INDIVIDUAL|FIJO|200072404|1|0|1.0|INDIVIDUAL|FIJO|200072404|1|0|1.0
78,INDIVIDUAL|FIJO|210066158|1|0|1.0|INDIVIDUAL|FIJO|210066158|1|0|1.0|INDIVIDUAL|FIJO|210066158|1|0|1.0|INDIVIDUAL|FIJO|210066158|1|0|1.0|INDIVIDUAL|FIJO|210066158|1|0|1.0|INDIVIDUAL|FIJO|210066158|1|0|1.0|INDIVIDUAL|FIJO|210066158|1|0|1.0|INDIVIDUAL|FIJO|210066158|1|0|1.0|INDIVIDUAL|FIJO|210066158|1|0|1.0|INDIVIDUAL|FIJO|210066158|1|0|1.0|INDIVIDUAL|FIJO|210066158|1|0|1.0|INDIVIDUAL|FIJO|210066158|1|0|1.0
79,INDIVIDUAL|FIJO|200083217|1|0|1.0|INDIVIDUAL|FIJO|200083217|1|0|1.0|INDIVIDUAL|FIJO|200083217|1|0|1.0|INDIVIDUAL|FIJO|200083217|1|0|1.0|INDIVIDUAL|FIJO|200083217|1|0|1.0|INDIVIDUAL|FIJO|200083217|1|0|1.0|INDIVIDUAL|FIJO|200083217|1|0|1.0|INDIVIDUAL|FIJO|200083217|1|0|1.0|INDIVIDUAL|FIJO|200083217|1|0|1.0|INDIVIDUAL|FIJO|200083217|1|0|1.0|INDIVIDUAL|FIJO|200083217|1|0|1.0|INDIVIDUAL|FIJO|200083217|1|0|1.0|INDIVIDUAL|FIJO|200083217|1|0|1.0|INDIVIDUAL|FIJO|200083217|1|0|1.0
80,INDIVIDUAL|FIJO|200103962|1|0|1.0|INDIVIDUAL|FIJO|200103962|1|0|1.0|INDIVIDUAL|FIJO|200103962|1|0|1.0|INDIVIDUAL|FIJO|200103962|1|0|1.0|INDIVIDUAL|FIJO|200103962|1|0|1.0|INDIVIDUAL|FIJO|200103962|1|0|1.0|INDIVIDUAL|FIJO|200103962|1|0|1.0|INDIVIDUAL|FIJO|200103962|1|0|1.0|INDIVIDUAL|FIJO|200103962|1|0|1.0|INDIVIDUAL|FIJO|200103962|1|0|1.0|INDIVIDUAL|FIJO|200103962|1|0|1.0|INDIVIDUAL|FIJO|200103962|1|0|1.0
81,INDIVIDUAL|FIJO|210097089|1|0|1.0|INDIVIDUAL|FIJO|210097089|1|0|1.0|INDIVIDUAL|FIJO|210097089|1|0|1.0|INDIVIDUAL|FIJO|210097089|1|0|1.0|INDIVIDUAL|FIJO|210097089|1|0|1.0|INDIVIDUAL|FIJO|210097089|1|0|1.0|INDIVIDUAL|FIJO|210097089|1|0|1.0|INDIVIDUAL|FIJO|210097089|1|0|1.0|INDIVIDUAL|FIJO|210097089|1|0|1.0|INDIVIDUAL|FIJO|210097089|1|0|1.0|INDIVIDUAL|FIJO|210097089|1|0|1.0|INDIVIDUAL|FIJO|210097089|1|0|1.0|INDIVIDUAL|FIJO|210097089|1|0|1.0
82,INDIVIDUAL|FIJO|210097030|1|0|1.0|INDIVIDUAL|FIJO|210097030|1|0|1.0|INDIVIDUAL|FIJO|210097030|1|0|1.0|INDIVIDUAL|FIJO|210097030|1|0|1.0|INDIVIDUAL|FIJO|210097030|1|0|1.0|INDIVIDUAL|FIJO|210097030|1|0|1.0|INDIVIDUAL|FIJO|210097030|1|0|1.0|INDIVIDUAL|FIJO|210097030|1|0|1.0|INDIVIDUAL|FIJO|210097030|1|0|1.0|INDIVIDUAL|FIJO|210097030|1|0|1.0|INDIVIDUAL|FIJO|210097030|1|0|1.0
83,INDIVIDUAL|FIJO|200092164|1|0|1.0|INDIVIDUAL|FIJO|200092164|1|0|1.0|INDIVIDUAL|FIJO|200092164|1|0|1.0|INDIVIDUAL|FIJO|200092164|1|0|1.0|INDIVIDUAL|FIJO|200092164|1|0|1.0|INDIVIDUAL|FIJO|200092164|1|0|1.0|INDIVIDUAL|FIJO|200092164|1|0|1.0|INDIVIDUAL|FIJO|200092164|1|0|1.0|INDIVIDUAL|FIJO|200092164|1|0|1.0|INDIVIDUAL|FIJO|200092164|1|0|1.0|INDIVIDUAL|FIJO|200092164|1|0|1.0|INDIVIDUAL|FIJO|200092164|1|0|1.0
84,INDIVIDUAL|FIJO|200098878|1|0|1.0|INDIVIDUAL|FIJO|200098878|1|0|1.0|INDIVIDUAL|FIJO|200098878|1|0|1.0|INDIVIDUAL|FIJO|200098878|1|0|1.0|INDIVIDUAL|FIJO|200098878|1|0|1.0|INDIVIDUAL|FIJO|200098878|1|0|1.0|INDIVIDUAL|FIJO|200098878|1|0|1.0|INDIVIDUAL|FIJO|200098878|1|0|1.0|INDIVIDUAL|FIJO|200098878|1|0|1.0|INDIVIDUAL|FIJO|200098878|1|0|1.0|INDIVIDUAL|FIJO|200098878|1|0|1.0|INDIVIDUAL|FIJO|200098878|1|0|1.0
85,INDIVIDUAL|FIJO|200103963|1|0|1.0|INDIVIDUAL|FIJO|200103963|1|0|1.0|INDIVIDUAL|FIJO|200103963|1|0|1.0|INDIVIDUAL|FIJO|200103963|1|0|1.0|INDIVIDUAL|FIJO|200103963|1|0|1.0|INDIVIDUAL|FIJO|200103963|1|0|1.0|INDIVIDUAL|FIJO|200103963|1|0|1.0|INDIVIDUAL|FIJO|200103963|1|0|1.0|INDIVIDUAL|FIJO|200103963|1|0|1.0|INDIVIDUAL|FIJO|200103963|1|0|1.0|INDIVIDUAL|FIJO|200103963|1|0|1.0|INDIVIDUAL|FIJO|200103963|1|0|1.0
86,INDIVIDUAL|FIJO|200107824|1|0|1.0|INDIVIDUAL|FIJO|200107824|1|0|1.0|INDIVIDUAL|FIJO|200107824|1|0|1.0|INDIVIDUAL|FIJO|200107824|1|0|1.0|INDIVIDUAL|FIJO|200107824|1|0|1.0|INDIVIDUAL|FIJO|200107824|1|0|1.0|INDIVIDUAL|FIJO|200107824|1|0|1.0|INDIVIDUAL|FIJO|200107824|1|0|1.0|INDIVIDUAL|FIJO|200107824|1|0|1.0|INDIVIDUAL|FIJO|200107824|1|0|1.0|INDIVIDUAL|FIJO|200107824|1|0|1.0|INDIVIDUAL|FIJO|200107824|1|0|1.0|INDIVIDUAL|FIJO|200107824|1|0|1.0
87,INDIVIDUAL|FIJO|200107828|1|0|1.0|INDIVIDUAL|FIJO|200107828|1|0|1.0|INDIVIDUAL|FIJO|200107828|1|0|1.0|INDIVIDUAL|FIJO|200107828|1|0|1.0|INDIVIDUAL|FIJO|200107828|1|0|1.0|INDIVIDUAL|FIJO|200107828|1|0|1.0|INDIVIDUAL|FIJO|200107828|1|0|1.0|INDIVIDUAL|FIJO|200107828|1|0|1.0|INDIVIDUAL|FIJO|200107828|1|0|1.0|INDIVIDUAL|FIJO|200107828|1|0|1.0|INDIVIDUAL|FIJO|200107828|1|0|1.0|INDIVIDUAL|FIJO|200107828|1|0|1.0|INDIVIDUAL|FIJO|200107828|1|0|1.0
88,INDIVIDUAL|FIJO|200110089|1|0|1.0|INDIVIDUAL|FIJO|200110089|1|0|1.0|INDIVIDUAL|FIJO|200110089|1|0|1.0|INDIVIDUAL|FIJO|200110089|1|0|1.0|INDIVIDUAL|FIJO|200110089|1|0|1.0|INDIVIDUAL|FIJO|200110089|1|0|1.0|INDIVIDUAL|FIJO|200110089|1|0|1.0|INDIVIDUAL|FIJO|200110089|1|0|1.0|INDIVIDUAL|FIJO|200110089|1|0|1.0|INDIVIDUAL|FIJO|200110089|1|0|1.0|INDIVIDUAL|FIJO|200110089|1|0|1.0|INDIVIDUAL|FIJO|200110089|1|0|1.0|INDIVIDUAL|FIJO|200110089|1|0|1.0
89,INDIVIDUAL|FIJO|200110088|1|0|1.0|INDIVIDUAL|FIJO|200110088|1|0|1.0|INDIVIDUAL|FIJO|200110088|1|0|1.0|INDIVIDUAL|FIJO|200110088|1|0|1.0|INDIVIDUAL|FIJO|200110088|1|0|1.0|INDIVIDUAL|FIJO|200110088|1|0|1.0|INDIVIDUAL|FIJO|200110088|1|0|1.0|INDIVIDUAL|FIJO|200110088|1|0|1.0|INDIVIDUAL|FIJO|200110088|1|0|1.0|INDIVIDUAL|FIJO|200110088|1|0|1.0|INDIVIDUAL|FIJO|200110088|1|0|1.0|INDIVIDUAL|FIJO|200110088|1|0|1.0|INDIVIDUAL|FIJO|200110088|1|0|1.0
90,INDIVIDUAL|FIJO|200107822|1|0|1.0|INDIVIDUAL|FIJO|200107822|1|0|1.0|INDIVIDUAL|FIJO|200107822|1|0|1.0|INDIVIDUAL|FIJO|200107822|1|0|1.0|INDIVIDUAL|FIJO|200107822|1|0|1.0|INDIVIDUAL|FIJO|200107822|1|0|1.0|INDIVIDUAL|FIJO|200107822|1|0|1.0|INDIVIDUAL|FIJO|200107822|1|0|1.0|INDIVIDUAL|FIJO|200107822|1|0|1.0|INDIVIDUAL|FIJO|200107822|1|0|1.0|INDIVIDUAL|FIJO|200107822|1|0|1.0|INDIVIDUAL|FIJO|200107822|1|0|1.0|INDIVIDUAL|FIJO|200107822|1|0|1.0
91,INDIVIDUAL|FIJO|200107825|1|0|1.0|INDIVIDUAL|FIJO|200107825|1|0|1.0|INDIVIDUAL|FIJO|200107825|1|0|1.0|INDIVIDUAL|FIJO|200107825|1|0|1.0|INDIVIDUAL|FIJO|200107825|1|0|1.0|INDIVIDUAL|FIJO|200107825|1|0|1.0|INDIVIDUAL|FIJO|200107825|1|0|1.0|INDIVIDUAL|FIJO|200107825|1|0|1.0|INDIVIDUAL|FIJO|200107825|1|0|1.0|INDIVIDUAL|FIJO|200107825|1|0|1.0|INDIVIDUAL|FIJO|200107825|1|0|1.0|INDIVIDUAL|FIJO|200107825|1|0|1.0|INDIVIDUAL|FIJO|200107825|1|0|1.0
92,INDIVIDUAL|FIJO|200110122|1|0|1.0|INDIVIDUAL|FIJO|200110122|1|0|1.0|INDIVIDUAL|FIJO|200110122|1|0|1.0|INDIVIDUAL|FIJO|200110122|1|0|1.0|INDIVIDUAL|FIJO|200110122|1|0|1.0|INDIVIDUAL|FIJO|200110122|1|0|1.0|INDIVIDUAL|FIJO|200110122|1|0|1.0|INDIVIDUAL|FIJO|200110122|1|0|1.0|INDIVIDUAL|FIJO|200110122|1|0|1.0|INDIVIDUAL|FIJO|200110122|1|0|1.0|INDIVIDUAL|FIJO|200110122|1|0|1.0|INDIVIDUAL|FIJO|200110122|1|0|1.0|INDIVIDUAL|FIJO|200110122|1|0|1.0
93,INDIVIDUAL|FIJO|200110090|1|0|1.0|INDIVIDUAL|FIJO|200110090|1|0|1.0|INDIVIDUAL|FIJO|200110090|1|0|1.0|INDIVIDUAL|FIJO|200110090|1|0|1.0|INDIVIDUAL|FIJO|200110090|1|0|1.0|INDIVIDUAL|FIJO|200110090|1|0|1.0|INDIVIDUAL|FIJO|200110090|1|0|1.0|INDIVIDUAL|FIJO|200110090|1|0|1.0|INDIVIDUAL|FIJO|200110090|1|0|1.0|INDIVIDUAL|FIJO|200110090|1|0|1.0|INDIVIDUAL|FIJO|200110090|1|0|1.0|INDIVIDUAL|FIJO|200110090|1|0|1.0|INDIVIDUAL|FIJO|200110090|1|0|1.0
94,INDIVIDUAL|FIJO|200110113|1|0|1.0|INDIVIDUAL|FIJO|200110113|1|0|1.0|INDIVIDUAL|FIJO|200110113|1|0|1.0|INDIVIDUAL|FIJO|200110113|1|0|1.0|INDIVIDUAL|FIJO|200110113|1|0|1.0|INDIVIDUAL|FIJO|200110113|1|0|1.0|INDIVIDUAL|FIJO|200110113|1|0|1.0|INDIVIDUAL|FIJO|200110113|1|0|1.0|INDIVIDUAL|FIJO|200110113|1|0|1.0|INDIVIDUAL|FIJO|200110113|1|0|1.0|INDIVIDUAL|FIJO|200110113|1|0|1.0|INDIVIDUAL|FIJO|200110113|1|0|1.0|INDIVIDUAL|FIJO|200110113|1|0|1.0
95,INDIVIDUAL|FIJO|200107823|1|0|1.0|INDIVIDUAL|FIJO|200107823|1|0|1.0|INDIVIDUAL|FIJO|200107823|1|0|1.0|INDIVIDUAL|FIJO|200107823|1|0|1.0|INDIVIDUAL|FIJO|200107823|1|0|1.0|INDIVIDUAL|FIJO|200107823|1|0|1.0|INDIVIDUAL|FIJO|200107823|1|0|1.0|INDIVIDUAL|FIJO|200107823|1|0|1.0|INDIVIDUAL|FIJO|200107823|1|0|1.0|INDIVIDUAL|FIJO|200107823|1|0|1.0|INDIVIDUAL|FIJO|200107823|1|0|1.0|INDIVIDUAL|FIJO|200107823|1|0|1.0|INDIVIDUAL|FIJO|200107823|1|0|1.0
96,INDIVIDUAL|FIJO|200110112|1|0|1.0|INDIVIDUAL|FIJO|200110112|1|0|1.0|INDIVIDUAL|FIJO|200110112|1|0|1.0|INDIVIDUAL|FIJO|200110112|1|0|1.0|INDIVIDUAL|FIJO|200110112|1|0|1.0|INDIVIDUAL|FIJO|200110112|1|0|1.0|INDIVIDUAL|FIJO|200110112|1|0|1.0|INDIVIDUAL|FIJO|200110112|1|0|1.0|INDIVIDUAL|FIJO|200110112|1|0|1.0|INDIVIDUAL|FIJO|200110112|1|0|1.0|INDIVIDUAL|FIJO|200110112|1|0|1.0|INDIVIDUAL|FIJO|200110112|1|0|1.0|INDIVIDUAL|FIJO|200110112|1|0|1.0
97,INDIVIDUAL|FIJO|200107827|1|0|1.0|INDIVIDUAL|FIJO|200107827|1|0|1.0|INDIVIDUAL|FIJO|200107827|1|0|1.0|INDIVIDUAL|FIJO|200107827|1|0|1.0|INDIVIDUAL|FIJO|200107827|1|0|1.0|INDIVIDUAL|FIJO|200107827|1|0|1.0|INDIVIDUAL|FIJO|200107827|1|0|1.0|INDIVIDUAL|FIJO|200107827|1|0|1.0|INDIVIDUAL|FIJO|200107827|1|0|1.0|INDIVIDUAL|FIJO|200107827|1|0|1.0|INDIVIDUAL|FIJO|200107827|1|0|1.0|INDIVIDUAL|FIJO|200107827|1|0|1.0|INDIVIDUAL|FIJO|200107827|1|0|1.0
98,INDIVIDUAL|FIJO|200082480|1|0|1.0|INDIVIDUAL|FIJO|200082480|1|0|1.0|INDIVIDUAL|FIJO|200082480|1|0|1.0|INDIVIDUAL|FIJO|200082480|1|0|1.0|INDIVIDUAL|FIJO|200082480|1|0|1.0|INDIVIDUAL|FIJO|200082480|1|0|1.0|INDIVIDUAL|FIJO|200082480|1|0|1.0|INDIVIDUAL|FIJO|200082480|1|0|1.0|INDIVIDUAL|FIJO|200082480|1|0|1.0|INDIVIDUAL|FIJO|200082480|1|0|1.0|INDIVIDUAL|FIJO|200082480|1|0|1.0|INDIVIDUAL|FIJO|200082480|1|0|1.0|INDIVIDUAL|FIJO|200082480|1|0|1.0
99,INDIVIDUAL|FIJO|200116477|1|0|1.0|INDIVIDUAL|FIJO|200116477|1|0|1.0|INDIVIDUAL|FIJO|200116477|1|0|1.0|INDIVIDUAL|FIJO|200116477|1|0|1.0|INDIVIDUAL|FIJO|200116477|1|0|1.0|INDIVIDUAL|FIJO|200116477|1|0|1.0|INDIVIDUAL|FIJO|200116477|1|0|1.0|INDIVIDUAL|FIJO|200116477|1|0|1.0|INDIVIDUAL|FIJO|200116477|1|0|1.0|INDIVIDUAL|FIJO|200116477|1|0|1.0|INDIVIDUAL|FIJO|200116477|1|0|1.0|INDIVIDUAL|FIJO|200116477|1|0|1.0
100,INDIVIDUAL|VARIABLE|P0234055000|1|0|1.0|INDIVIDUAL|VARIABLE|P0234055000|1|0|1.0|INDIVIDUAL|VARIABLE|P0234055000|1|0|1.0|INDIVIDUAL|VARIABLE|P0234055000|1|0|1.0|INDIVIDUAL|VARIABLE|P0234055000|1|0|1.0|INDIVIDUAL|VARIABLE|P0234055000|1|0|1.0|INDIVIDUAL|VARIABLE|P0234055000|1|0|1.0|INDIVIDUAL|VARIABLE|P0234055000|1|0|1.0|INDIVIDUAL|VARIABLE|P0234055000|1|0|1.0|INDIVIDUAL|VARIABLE|P0234055000|1|0|1.0|INDIVIDUAL|VARIABLE|P0234055000|1|0|1.0|INDIVIDUAL|VARIABLE|P0234055000|1|0|1.0|INDIVIDUAL|VARIABLE|P0234055000|1|0|1.0|INDIVIDUAL|VARIABLE|P0234055000|1|0|1.0|INDIVIDUAL|VARIABLE|P0234055000|1|0|1.0|INDIVIDUAL|VARIABLE|P0234055000|1|0|1.0|INDIVIDUAL|VARIABLE|P0234055000|1|0|1.0|INDIVIDUAL|VARIABLE|P0234055000|1|0|1.0|INDIVIDUAL|VARIABLE|P0234055000|1|0|1.0|INDIVIDUAL|VARIABLE|P0234055000|1|0|1.0|INDIVIDUAL|VARIABLE|P0234055000|1|0|1.0|INDIVIDUAL|VARIABLE|P0234055000|1|0|1.0|INDIVIDUAL|VARIABLE|P0234055000|1|0|1.0|INDIVIDUAL|VARIABLE|P0234055000|1|0|1.0|INDIVIDUAL|VARIABLE|P0234055000|1|0|1.0|INDIVIDUAL|VARIABLE|P0234055000|1|0|1.0|INDIVIDUAL|VARIABLE|P0234055000|1|0|1.0|INDIVIDUAL|VARIABLE|P0234055000|1|0|1.0|INDIVIDUAL|VARIABLE|P0234055000|1|0|1.0|INDIVIDUAL|VARIABLE|P0234055000|1|0|1.0|INDIVIDUAL|VARIABLE|P0234055000|1|0|1.0|INDIVIDUAL|VARIABLE|P0234055000|1|0|1.0|INDIVIDUAL|VARIABLE|P0234055000|1|0|1.0|INDIVIDUAL|VARIABLE|P0234055000|1|0|1.0|INDIVIDUAL|VARIABLE|P0234055000|1|0|1.0|INDIVIDUAL|VARIABLE|P0234055000|1|0|1.0|INDIVIDUAL|VARIABLE|P0234055000|1|0|1.0|INDIVIDUAL|VARIABLE|P0234055000|1|0|1.0|INDIVIDUAL|VARIABLE|P0234055000|1|0|1.0|INDIVIDUAL|VARIABLE|P0234055000|1|0|1.0|INDIVIDUAL|VARIABLE|P0234055000|1|0|1.0|INDIVIDUAL|VARIABLE|P0234055000|1|0|1.0|INDIVIDUAL|VARIABLE|P0234055000|1|0|1.0|INDIVIDUAL|VARIABLE|P0234055000|1|0|1.0|INDIVIDUAL|VARIABLE|P0234055000|1|0|1.0|INDIVIDUAL|VARIABLE|P0234055000|1|0|1.0|INDIVIDUAL|VARIABLE|P0234055000|1|0|1.0|INDIVIDUAL|VARIABLE|P0234055000|1|0|1.0|INDIVIDUAL|VARIABLE|P0234055000|1|0|1.0|INDIVIDUAL|VARIABLE|P0234055000|1|0|1.0|INDIVIDUAL|VARIABLE|P0234055000|1|0|1.0|INDIVIDUAL|VARIABLE|P0234055000|1|0|1.0|INDIVIDUAL|VARIABLE|P0234055000|1|0|1.0|INDIVIDUAL|VARIABLE|P0234055000|1|0|1.0|INDIVIDUAL|VARIABLE|P0234055000|1|0|1.0|INDIVIDUAL|VARIABLE|P0234055000|1|0|1.0|INDIVIDUAL|VARIABLE|P0234055000|1|0|1.0|INDIVIDUAL|VARIABLE|P0234055000|1|0|1.0|INDIVIDUAL|VARIABLE|P0234055000|1|0|1.0|INDIVIDUAL|VARIABLE|P0234055000|1|0|1.0|INDIVIDUAL|VARIABLE|P0234055000|1|0|1.0|INDIVIDUAL|VARIABLE|P0234055000|1|0|1.0|INDIVIDUAL|VARIABLE|P0234055000|1|0|1.0|INDIVIDUAL|VARIABLE|P0234055000|1|0|1.0|INDIVIDUAL|VARIABLE|P0234055000|1|0|1.0|INDIVIDUAL|VARIABLE|P0234055000|1|0|1.0|INDIVIDUAL|VARIABLE|P0234055000|1|0|1.0|INDIVIDUAL|VARIABLE|P0234055000|1|0|1.0|INDIVIDUAL|VARIABLE|P0234055000|1|0|1.0|INDIVIDUAL|VARIABLE|P0234055000|1|0|1.0|INDIVIDUAL|VARIABLE|P0234055000|1|0|1.0|INDIVIDUAL|VARIABLE|P0234055000|1|0|1.0|INDIVIDUAL|VARIABLE|P0234055000|1|0|1.0|INDIVIDUAL|VARIABLE|P0234055000|1|0|1.0|INDIVIDUAL|VARIABLE|P0234055000|1|0|1.0|INDIVIDUAL|VARIABLE|P0234055000|1|0|1.0|INDIVIDUAL|VARIABLE|P0234055000|1|0|1.0|INDIVIDUAL|VARIABLE|P0234055000|1|0|1.0|INDIVIDUAL|VARIABLE|P0234055000|1|0|1.0|INDIVIDUAL|VARIABLE|P0234055000|1|0|1.0|INDIVIDUAL|VARIABLE|P0234055000|1|0|1.0|INDIVIDUAL|VARIABLE|P0234055000|1|0|1.0|INDIVIDUAL|VARIABLE|P0234055000|1|0|1.0|INDIVIDUAL|VARIABLE|P0234055000|1|0|1.0|INDIVIDUAL|VARIABLE|P0234055000|1|0|1.0|INDIVIDUAL|VARIABLE|P0234055000|1|0|1.0|INDIVIDUAL|VARIABLE|P0234055000|1|0|1.0|INDIVIDUAL|VARIABLE|P0234055000|1|0|1.0|INDIVIDUAL|VARIABLE|P0234055000|1|0|1.0|INDIVIDUAL|VARIABLE|P0234055000|1|0|1.0|INDIVIDUAL|VARIABLE|P0234055000|1|0|1.0|INDIVIDUAL|VARIABLE|P0234055000|1|0|1.0|INDIVIDUAL|VARIABLE|P0234055000|1|0|1.0|INDIVIDUAL|VARIABLE|P0234055000|1|0|1.0|INDIVIDUAL|VARIABLE|P0234055000|1|0|1.0|INDIVIDUAL|VARIABLE|P0234055000|1|0|1.0|INDIVIDUAL|VARIABLE|P0234055000|1|0|1.0|INDIVIDUAL|VARIABLE|P0234055000|1|0|1.0|INDIVIDUAL|VARIABLE|P0234055000|1|0|1.0|INDIVIDUAL|VARIABLE|P0234055000|1|0|1.0|INDIVIDUAL|VARIABLE|P0234055000|1|0|1.0|INDIVIDUAL|VARIABLE|P0234055000|1|0|1.0|INDIVIDUAL|VARIABLE|P0234055000|1|0|1.0|INDIVIDUAL|VARIABLE|P0234055000|1|0|1.0|INDIVIDUAL|VARIABLE|P0234055000|1|0|1.0|INDIVIDUAL|VARIABLE|P0234055000|1|0|1.0|INDIVIDUAL|VARIABLE|P0234055000|1|0|1.0|INDIVIDUAL|VARIABLE|P0234055000|1|0|1.0
101,INDIVIDUAL|VARIABLE|P0260059001|1|0|1.0|INDIVIDUAL|VARIABLE|P0260059001|1|0|1.0|INDIVIDUAL|VARIABLE|P0260059001|1|0|1.0|INDIVIDUAL|VARIABLE|P0260059001|1|0|1.0|INDIVIDUAL|VARIABLE|P0260059001|1|0|1.0|INDIVIDUAL|VARIABLE|P0260059001|1|0|1.0|INDIVIDUAL|VARIABLE|P0260059001|1|0|1.0|INDIVIDUAL|VARIABLE|P0260059001|1|0|1.0|INDIVIDUAL|VARIABLE|P0260059001|1|0|1.0|INDIVIDUAL|VARIABLE|P0260059001|1|0|1.0|INDIVIDUAL|VARIABLE|P0260059001|1|0|1.0|INDIVIDUAL|VARIABLE|P0260059001|1|0|1.0|INDIVIDUAL|VARIABLE|P0260059001|1|0|1.0|INDIVIDUAL|VARIABLE|P0260059001|1|0|1.0|INDIVIDUAL|VARIABLE|P0260059001|1|0|1.0|INDIVIDUAL|VARIABLE|P0260059001|1|0|1.0|INDIVIDUAL|VARIABLE|P0260059001|1|0|1.0|INDIVIDUAL|VARIABLE|P0260059001|1|0|1.0|INDIVIDUAL|VARIABLE|P0260059001|1|0|1.0|INDIVIDUAL|VARIABLE|P0260059001|1|0|1.0|INDIVIDUAL|VARIABLE|P0260059001|1|0|1.0|INDIVIDUAL|VARIABLE|P0260059001|1|0|1.0|INDIVIDUAL|VARIABLE|P0260059001|1|0|1.0|INDIVIDUAL|VARIABLE|P0260059001|1|0|1.0|INDIVIDUAL|VARIABLE|P0260059001|1|0|1.0|INDIVIDUAL|VARIABLE|P0260059001|1|0|1.0|INDIVIDUAL|VARIABLE|P0260059001|1|0|1.0|INDIVIDUAL|VARIABLE|P0260059001|1|0|1.0|INDIVIDUAL|VARIABLE|P0260059001|1|0|1.0|INDIVIDUAL|VARIABLE|P0260059001|1|0|1.0|INDIVIDUAL|VARIABLE|P0260059001|1|0|1.0|INDIVIDUAL|VARIABLE|P0260059001|1|0|1.0|INDIVIDUAL|VARIABLE|P0260059001|1|0|1.0|INDIVIDUAL|VARIABLE|P0260059001|1|0|1.0|INDIVIDUAL|VARIABLE|P0260059001|1|0|1.0|INDIVIDUAL|VARIABLE|P0260059001|1|0|1.0|INDIVIDUAL|VARIABLE|P0260059001|1|0|1.0|INDIVIDUAL|VARIABLE|P0260059001|1|0|1.0|INDIVIDUAL|VARIABLE|P0260059001|1|0|1.0|INDIVIDUAL|VARIABLE|P0260059001|1|0|1.0|INDIVIDUAL|VARIABLE|P0260059001|1|0|1.0|INDIVIDUAL|VARIABLE|P0260059001|1|0|1.0|INDIVIDUAL|VARIABLE|P0260059001|1|0|1.0|INDIVIDUAL|VARIABLE|P0260059001|1|0|1.0|INDIVIDUAL|VARIABLE|P0260059001|1|0|1.0|INDIVIDUAL|VARIABLE|P0260059001|1|0|1.0|INDIVIDUAL|VARIABLE|P0260059001|1|0|1.0|INDIVIDUAL|VARIABLE|P0260059001|1|0|1.0|INDIVIDUAL|VARIABLE|P0260059001|1|0|1.0|INDIVIDUAL|VARIABLE|P0260059001|1|0|1.0|INDIVIDUAL|VARIABLE|P0260059001|1|0|1.0|INDIVIDUAL|VARIABLE|P0260059001|1|0|1.0|INDIVIDUAL|VARIABLE|P0260059001|1|0|1.0|INDIVIDUAL|VARIABLE|P0260059001|1|0|1.0|INDIVIDUAL|VARIABLE|P0260059001|1|0|1.0|INDIVIDUAL|VARIABLE|P0260059001|1|0|1.0|INDIVIDUAL|VARIABLE|P0260059001|1|0|1.0|INDIVIDUAL|VARIABLE|P0260059001|1|0|1.0|INDIVIDUAL|VARIABLE|P0260059001|1|0|1.0|INDIVIDUAL|VARIABLE|P0260059001|1|0|1.0
102,INDIVIDUAL|VARIABLE|P0260150003|1|0|1.0|INDIVIDUAL|VARIABLE|P0260150003|1|0|1.0|INDIVIDUAL|VARIABLE|P0260150003|1|0|1.0|INDIVIDUAL|VARIABLE|P0260150003|1|0|1.0|INDIVIDUAL|VARIABLE|P0260150003|1|0|1.0|INDIVIDUAL|VARIABLE|P0260150003|1|0|1.0|INDIVIDUAL|VARIABLE|P0260150003|1|0|1.0|INDIVIDUAL|VARIABLE|P0260150003|1|0|1.0|INDIVIDUAL|VARIABLE|P0260150003|1|0|1.0|INDIVIDUAL|VARIABLE|P0260150003|1|0|1.0|INDIVIDUAL|VARIABLE|P0260150003|1|0|1.0|INDIVIDUAL|VARIABLE|P0260150003|1|0|1.0|INDIVIDUAL|VARIABLE|P0260150003|1|0|1.0|INDIVIDUAL|VARIABLE|P0260150003|1|0|1.0|INDIVIDUAL|VARIABLE|P0260150003|1|0|1.0|INDIVIDUAL|VARIABLE|P0260150003|1|0|1.0|INDIVIDUAL|VARIABLE|P0260150003|1|0|1.0|INDIVIDUAL|VARIABLE|P0260150003|1|0|1.0|INDIVIDUAL|VARIABLE|P0260150003|1|0|1.0|INDIVIDUAL|VARIABLE|P0260150003|1|0|1.0|INDIVIDUAL|VARIABLE|P0260150003|1|0|1.0|INDIVIDUAL|VARIABLE|P0260150003|1|0|1.0|INDIVIDUAL|VARIABLE|P0260150003|1|0|1.0|INDIVIDUAL|VARIABLE|P0260150003|1|0|1.0|INDIVIDUAL|VARIABLE|P0260150003|1|0|1.0|INDIVIDUAL|VARIABLE|P0260150003|1|0|1.0|INDIVIDUAL|VARIABLE|P0260150003|1|0|1.0|INDIVIDUAL|VARIABLE|P0260150003|1|0|1.0|INDIVIDUAL|VARIABLE|P0260150003|1|0|1.0|INDIVIDUAL|VARIABLE|P0260150003|1|0|1.0|INDIVIDUAL|VARIABLE|P0260150003|1|0|1.0|INDIVIDUAL|VARIABLE|P0260150003|1|0|1.0|INDIVIDUAL|VARIABLE|P0260150003|1|0|1.0|INDIVIDUAL|VARIABLE|P0260150003|1|0|1.0|INDIVIDUAL|VARIABLE|P0260150003|1|0|1.0|INDIVIDUAL|VARIABLE|P0260150003|1|0|1.0|INDIVIDUAL|VARIABLE|P0260150003|1|0|1.0|INDIVIDUAL|VARIABLE|P0260150003|1|0|1.0|INDIVIDUAL|VARIABLE|P0260150003|1|0|1.0|INDIVIDUAL|VARIABLE|P0260150003|1|0|1.0|INDIVIDUAL|VARIABLE|P0260150003|1|0|1.0|INDIVIDUAL|VARIABLE|P0260150003|1|0|1.0|INDIVIDUAL|VARIABLE|P0260150003|1|0|1.0|INDIVIDUAL|VARIABLE|P0260150003|1|0|1.0|INDIVIDUAL|VARIABLE|P0260150003|1|0|1.0|INDIVIDUAL|VARIABLE|P0260150003|1|0|1.0|INDIVIDUAL|VARIABLE|P0260150003|1|0|1.0|INDIVIDUAL|VARIABLE|P0260150003|1|0|1.0|INDIVIDUAL|VARIABLE|P0260150003|1|0|1.0|INDIVIDUAL|VARIABLE|P0260150003|1|0|1.0|INDIVIDUAL|VARIABLE|P0260150003|1|0|1.0|INDIVIDUAL|VARIABLE|P0260150003|1|0|1.0|INDIVIDUAL|VARIABLE|P0260150003|1|0|1.0|INDIVIDUAL|VARIABLE|P0260150003|1|0|1.0|INDIVIDUAL|VARIABLE|P0260150003|1|0|1.0|INDIVIDUAL|VARIABLE|P0260150003|1|0|1.0|INDIVIDUAL|VARIABLE|P0260150003|1|0|1.0|INDIVIDUAL|VARIABLE|P0260150003|1|0|1.0|INDIVIDUAL|VARIABLE|P0260150003|1|0|1.0|INDIVIDUAL|VARIABLE|P0260150003|1|0|1.0|INDIVIDUAL|VARIABLE|P0260150003|1|0|1.0|INDIVIDUAL|VARIABLE|P0260150003|1|0|1.0|INDIVIDUAL|VARIABLE|P0260150003|1|0|1.0|INDIVIDUAL|VARIABLE|P0260150003|1|0|1.0|INDIVIDUAL|VARIABLE|P0260150003|1|0|1.0|INDIVIDUAL|VARIABLE|P0260150003|1|0|1.0|INDIVIDUAL|VARIABLE|P0260150003|1|0|1.0|INDIVIDUAL|VARIABLE|P0260150003|1|0|1.0|INDIVIDUAL|VARIABLE|P0260150003|1|0|1.0|INDIVIDUAL|VARIABLE|P0260150003|1|0|1.0|INDIVIDUAL|VARIABLE|P0260150003|1|0|1.0|INDIVIDUAL|VARIABLE|P0260150003|1|0|1.0
103,INDIVIDUAL|VARIABLE|P0261097007|1|0|1.0|INDIVIDUAL|VARIABLE|P0261097007|1|0|1.0|INDIVIDUAL|VARIABLE|P0261097007|1|0|1.0|INDIVIDUAL|VARIABLE|P0261097007|1|0|1.0|INDIVIDUAL|VARIABLE|P0261097007|1|0|1.0|INDIVIDUAL|VARIABLE|P0261097007|1|0|1.0|INDIVIDUAL|VARIABLE|P0261097007|1|0|1.0|INDIVIDUAL|VARIABLE|P0261097007|1|0|1.0|INDIVIDUAL|VARIABLE|P0261097007|1|0|1.0|INDIVIDUAL|VARIABLE|P0261097007|1|0|1.0|INDIVIDUAL|VARIABLE|P0261097007|1|0|1.0|INDIVIDUAL|VARIABLE|P0261097007|1|0|1.0|INDIVIDUAL|VARIABLE|P0261097007|1|0|1.0|INDIVIDUAL|VARIABLE|P0261097007|1|0|1.0|INDIVIDUAL|VARIABLE|P0261097007|1|0|1.0|INDIVIDUAL|VARIABLE|P0261097007|1|0|1.0|INDIVIDUAL|VARIABLE|P0261097007|1|0|1.0|INDIVIDUAL|VARIABLE|P0261097007|1|0|1.0|INDIVIDUAL|VARIABLE|P0261097007|1|0|1.0|INDIVIDUAL|VARIABLE|P0261097007|1|0|1.0|INDIVIDUAL|VARIABLE|P0261097007|1|0|1.0|INDIVIDUAL|VARIABLE|P0261097007|1|0|1.0|INDIVIDUAL|VARIABLE|P0261097007|1|0|1.0|INDIVIDUAL|VARIABLE|P0261097007|1|0|1.0|INDIVIDUAL|VARIABLE|P0261097007|1|0|1.0|INDIVIDUAL|VARIABLE|P0261097007|1|0|1.0|INDIVIDUAL|VARIABLE|P0261097007|1|0|1.0|INDIVIDUAL|VARIABLE|P0261097007|1|0|1.0|INDIVIDUAL|VARIABLE|P0261097007|1|0|1.0|INDIVIDUAL|VARIABLE|P0261097007|1|0|1.0|INDIVIDUAL|VARIABLE|P0261097007|1|0|1.0|INDIVIDUAL|VARIABLE|P0261097007|1|0|1.0|INDIVIDUAL|VARIABLE|P0261097007|1|0|1.0|INDIVIDUAL|VARIABLE|P0261097007|1|0|1.0|INDIVIDUAL|VARIABLE|P0261097007|1|0|1.0|INDIVIDUAL|VARIABLE|P0261097007|1|0|1.0|INDIVIDUAL|VARIABLE|P0261097007|1|0|1.0|INDIVIDUAL|VARIABLE|P0261097007|1|0|1.0|INDIVIDUAL|VARIABLE|P0261097007|1|0|1.0|INDIVIDUAL|VARIABLE|P0261097007|1|0|1.0|INDIVIDUAL|VARIABLE|P0261097007|1|0|1.0|INDIVIDUAL|VARIABLE|P0261097007|1|0|1.0|INDIVIDUAL|VARIABLE|P0261097007|1|0|1.0|INDIVIDUAL|VARIABLE|P0261097007|1|0|1.0|INDIVIDUAL|VARIABLE|P0261097007|1|0|1.0|INDIVIDUAL|VARIABLE|P0261097007|1|0|1.0|INDIVIDUAL|VARIABLE|P0261097007|1|0|1.0|INDIVIDUAL|VARIABLE|P0261097007|1|0|1.0|INDIVIDUAL|VARIABLE|P0261097007|1|0|1.0|INDIVIDUAL|VARIABLE|P0261097007|1|0|1.0|INDIVIDUAL|VARIABLE|P0261097007|1|0|1.0|INDIVIDUAL|VARIABLE|P0261097007|1|0|1.0|INDIVIDUAL|VARIABLE|P0261097007|1|0|1.0|INDIVIDUAL|VARIABLE|P0261097007|1|0|1.0|INDIVIDUAL|VARIABLE|P0261097007|1|0|1.0|INDIVIDUAL|VARIABLE|P0261097007|1|0|1.0|INDIVIDUAL|VARIABLE|P0261097007|1|0|1.0|INDIVIDUAL|VARIABLE|P0261097007|1|0|1.0|INDIVIDUAL|VARIABLE|P0261097007|1|0|1.0|INDIVIDUAL|VARIABLE|P0261097007|1|0|1.0|INDIVIDUAL|VARIABLE|P0261097007|1|0|1.0|INDIVIDUAL|VARIABLE|P0261097007|1|0|1.0|INDIVIDUAL|VARIABLE|P0261097007|1|0|1.0|INDIVIDUAL|VARIABLE|P0261097007|1|0|1.0|INDIVIDUAL|VARIABLE|P0261097007|1|0|1.0|INDIVIDUAL|VARIABLE|P0261097007|1|0|1.0|INDIVIDUAL|VARIABLE|P0261097007|1|0|1.0|INDIVIDUAL|VARIABLE|P0261097007|1|0|1.0|INDIVIDUAL|VARIABLE|P0261097007|1|0|1.0|INDIVIDUAL|VARIABLE|P0261097007|1|0|1.0|INDIVIDUAL|VARIABLE|P0261097007|1|0|1.0|INDIVIDUAL|VARIABLE|P0261097007|1|0|1.0|INDIVIDUAL|VARIABLE|P0261097007|1|0|1.0|INDIVIDUAL|VARIABLE|P0261097007|1|0|1.0|INDIVIDUAL|VARIABLE|P0261097007|1|0|1.0|INDIVIDUAL|VARIABLE|P0261097007|1|0|1.0|INDIVIDUAL|VARIABLE|P0261097007|1|0|1.0|INDIVIDUAL|VARIABLE|P0261097007|1|0|1.0|INDIVIDUAL|VARIABLE|P0261097007|1|0|1.0|INDIVIDUAL|VARIABLE|P0261097007|1|0|1.0|INDIVIDUAL|VARIABLE|P0261097007|1|0|1.0|INDIVIDUAL|VARIABLE|P0261097007|1|0|1.0|INDIVIDUAL|VARIABLE|P0261097007|1|0|1.0|INDIVIDUAL|VARIABLE|P0261097007|1|0|1.0|INDIVIDUAL|VARIABLE|P0261097007|1|0|1.0|INDIVIDUAL|VARIABLE|P0261097007|1|0|1.0|INDIVIDUAL|VARIABLE|P0261097007|1|0|1.0|INDIVIDUAL|VARIABLE|P0261097007|1|0|1.0|INDIVIDUAL|VARIABLE|P0261097007|1|0|1.0|INDIVIDUAL|VARIABLE|P0261097007|1|0|1.0|INDIVIDUAL|VARIABLE|P0261097007|1|0|1.0|INDIVIDUAL|VARIABLE|P0261097007|1|0|1.0|INDIVIDUAL|VARIABLE|P0261097007|1|0|1.0|INDIVIDUAL|VARIABLE|P0261097007|1|0|1.0|INDIVIDUAL|VARIABLE|P0261097007|1|0|1.0|INDIVIDUAL|VARIABLE|P0261097007|1|0|1.0|INDIVIDUAL|VARIABLE|P0261097007|1|0|1.0|INDIVIDUAL|VARIABLE|P0261097007|1|0|1.0|INDIVIDUAL|VARIABLE|P0261097007|1|0|1.0
104,INDIVIDUAL|VARIABLE|P0261050000|1|0|1.0|INDIVIDUAL|VARIABLE|P0261050000|1|0|1.0|INDIVIDUAL|VARIABLE|P0261050000|1|0|1.0|INDIVIDUAL|VARIABLE|P0261050000|1|0|1.0|INDIVIDUAL|VARIABLE|P0261050000|1|0|1.0|INDIVIDUAL|VARIABLE|P0261050000|1|0|1.0|INDIVIDUAL|VARIABLE|P0261050000|1|0|1.0|INDIVIDUAL|VARIABLE|P0261050000|1|0|1.0|INDIVIDUAL|VARIABLE|P0261050000|1|0|1.0|INDIVIDUAL|VARIABLE|P0261050000|1|0|1.0|INDIVIDUAL|VARIABLE|P0261050000|1|0|1.0|INDIVIDUAL|VARIABLE|P0261050000|1|0|1.0|INDIVIDUAL|VARIABLE|P0261050000|1|0|1.0|INDIVIDUAL|VARIABLE|P0261050000|1|0|1.0|INDIVIDUAL|VARIABLE|P0261050000|1|0|1.0|INDIVIDUAL|VARIABLE|P0261050000|1|0|1.0|INDIVIDUAL|VARIABLE|P0261050000|1|0|1.0|INDIVIDUAL|VARIABLE|P0261050000|1|0|1.0|INDIVIDUAL|VARIABLE|P0261050000|1|0|1.0|INDIVIDUAL|VARIABLE|P0261050000|1|0|1.0|INDIVIDUAL|VARIABLE|P0261050000|1|0|1.0|INDIVIDUAL|VARIABLE|P0261050000|1|0|1.0|INDIVIDUAL|VARIABLE|P0261050000|1|0|1.0|INDIVIDUAL|VARIABLE|P0261050000|1|0|1.0|INDIVIDUAL|VARIABLE|P0261050000|1|0|1.0|INDIVIDUAL|VARIABLE|P0261050000|1|0|1.0|INDIVIDUAL|VARIABLE|P0261050000|1|0|1.0|INDIVIDUAL|VARIABLE|P0261050000|1|0|1.0|INDIVIDUAL|VARIABLE|P0261050000|1|0|1.0|INDIVIDUAL|VARIABLE|P0261050000|1|0|1.0|INDIVIDUAL|VARIABLE|P0261050000|1|0|1.0|INDIVIDUAL|VARIABLE|P0261050000|1|0|1.0|INDIVIDUAL|VARIABLE|P0261050000|1|0|1.0|INDIVIDUAL|VARIABLE|P0261050000|1|0|1.0|INDIVIDUAL|VARIABLE|P0261050000|1|0|1.0|INDIVIDUAL|VARIABLE|P0261050000|1|0|1.0|INDIVIDUAL|VARIABLE|P0261050000|1|0|1.0|INDIVIDUAL|VARIABLE|P0261050000|1|0|1.0|INDIVIDUAL|VARIABLE|P0261050000|1|0|1.0|INDIVIDUAL|VARIABLE|P0261050000|1|0|1.0|INDIVIDUAL|VARIABLE|P0261050000|1|0|1.0|INDIVIDUAL|VARIABLE|P0261050000|1|0|1.0|INDIVIDUAL|VARIABLE|P0261050000|1|0|1.0|INDIVIDUAL|VARIABLE|P0261050000|1|0|1.0|INDIVIDUAL|VARIABLE|P0261050000|1|0|1.0|INDIVIDUAL|VARIABLE|P0261050000|1|0|1.0|INDIVIDUAL|VARIABLE|P0261050000|1|0|1.0|INDIVIDUAL|VARIABLE|P0261050000|1|0|1.0|INDIVIDUAL|VARIABLE|P0261050000|1|0|1.0|INDIVIDUAL|VARIABLE|P0261050000|1|0|1.0|INDIVIDUAL|VARIABLE|P0261050000|1|0|1.0|INDIVIDUAL|VARIABLE|P0261050000|1|0|1.0|INDIVIDUAL|VARIABLE|P0261050000|1|0|1.0|INDIVIDUAL|VARIABLE|P0261050000|1|0|1.0|INDIVIDUAL|VARIABLE|P0261050000|1|0|1.0|INDIVIDUAL|VARIABLE|P0261050000|1|0|1.0|INDIVIDUAL|VARIABLE|P0261050000|1|0|1.0|INDIVIDUAL|VARIABLE|P0261050000|1|0|1.0|INDIVIDUAL|VARIABLE|P0261050000|1|0|1.0|INDIVIDUAL|VARIABLE|P0261050000|1|0|1.0|INDIVIDUAL|VARIABLE|P0261050000|1|0|1.0|INDIVIDUAL|VARIABLE|P0261050000|1|0|1.0|INDIVIDUAL|VARIABLE|P0261050000|1|0|1.0|INDIVIDUAL|VARIABLE|P0261050000|1|0|1.0|INDIVIDUAL|VARIABLE|P0261050000|1|0|1.0|INDIVIDUAL|VARIABLE|P0261050000|1|0|1.0|INDIVIDUAL|VARIABLE|P0261050000|1|0|1.0|INDIVIDUAL|VARIABLE|P0261050000|1|0|1.0|INDIVIDUAL|VARIABLE|P0261050000|1|0|1.0|INDIVIDUAL|VARIABLE|P0261050000|1|0|1.0|INDIVIDUAL|VARIABLE|P0261050000|1|0|1.0|INDIVIDUAL|VARIABLE|P0261050000|1|0|1.0|INDIVIDUAL|VARIABLE|P0261050000|1|0|1.0|INDIVIDUAL|VARIABLE|P0261050000|1|0|1.0|INDIVIDUAL|VARIABLE|P0261050000|1|0|1.0|INDIVIDUAL|VARIABLE|P0261050000|1|0|1.0|INDIVIDUAL|VARIABLE|P0261050000|1|0|1.0|INDIVIDUAL|VARIABLE|P0261050000|1|0|1.0
105,INDIVIDUAL|VARIABLE|P0280076005|1|0|1.0|INDIVIDUAL|VARIABLE|P0280076005|1|0|1.0|INDIVIDUAL|VARIABLE|P0280076005|1|0|1.0|INDIVIDUAL|VARIABLE|P0280076005|1|0|1.0|INDIVIDUAL|VARIABLE|P0280076005|1|0|1.0|INDIVIDUAL|VARIABLE|P0280076005|1|0|1.0|INDIVIDUAL|VARIABLE|P0280076005|1|0|1.0|INDIVIDUAL|VARIABLE|P0280076005|1|0|1.0|INDIVIDUAL|VARIABLE|P0280076005|1|0|1.0|INDIVIDUAL|VARIABLE|P0280076005|1|0|1.0|INDIVIDUAL|VARIABLE|P0280076005|1|0|1.0|INDIVIDUAL|VARIABLE|P0280076005|1|0|1.0|INDIVIDUAL|VARIABLE|P0280076005|1|0|1.0|INDIVIDUAL|VARIABLE|P0280076005|1|0|1.0|INDIVIDUAL|VARIABLE|P0280076005|1|0|1.0|INDIVIDUAL|VARIABLE|P0280076005|1|0|1.0|INDIVIDUAL|VARIABLE|P0280076005|1|0|1.0|INDIVIDUAL|VARIABLE|P0280076005|1|0|1.0|INDIVIDUAL|VARIABLE|P0280076005|1|0|1.0|INDIVIDUAL|VARIABLE|P0280076005|1|0|1.0|INDIVIDUAL|VARIABLE|P0280076005|1|0|1.0|INDIVIDUAL|VARIABLE|P0280076005|1|0|1.0|INDIVIDUAL|VARIABLE|P0280076005|1|0|1.0|INDIVIDUAL|VARIABLE|P0280076005|1|0|1.0
106,INDIVIDUAL|VARIABLE|P0285050000|1|0|1.0|INDIVIDUAL|VARIABLE|P0285050000|1|0|1.0|INDIVIDUAL|VARIABLE|P0285050000|1|0|1.0|INDIVIDUAL|VARIABLE|P0285050000|1|0|1.0|INDIVIDUAL|VARIABLE|P0285050000|1|0|1.0|INDIVIDUAL|VARIABLE|P0285050000|1|0|1.0|INDIVIDUAL|VARIABLE|P0285050000|1|0|1.0|INDIVIDUAL|VARIABLE|P0285050000|1|0|1.0|INDIVIDUAL|VARIABLE|P0285050000|1|0|1.0|INDIVIDUAL|VARIABLE|P0285050000|1|0|1.0|INDIVIDUAL|VARIABLE|P0285050000|1|0|1.0|INDIVIDUAL|VARIABLE|P0285050000|1|0|1.0|INDIVIDUAL|VARIABLE|P0285050000|1|0|1.0|INDIVIDUAL|VARIABLE|P0285050000|1|0|1.0|INDIVIDUAL|VARIABLE|P0285050000|1|0|1.0|INDIVIDUAL|VARIABLE|P0285050000|1|0|1.0|INDIVIDUAL|VARIABLE|P0285050000|1|0|1.0|INDIVIDUAL|VARIABLE|P0285050000|1|0|1.0|INDIVIDUAL|VARIABLE|P0285050000|1|0|1.0|INDIVIDUAL|VARIABLE|P0285050000|1|0|1.0|INDIVIDUAL|VARIABLE|P0285050000|1|0|1.0|INDIVIDUAL|VARIABLE|P0285050000|1|0|1.0
107,INDIVIDUAL|VARIABLE|P0261052003|1|0|1.0|INDIVIDUAL|VARIABLE|P0261052003|1|0|1.0|INDIVIDUAL|VARIABLE|P0261052003|1|0|1.0|INDIVIDUAL|VARIABLE|P0261052003|1|0|1.0|INDIVIDUAL|VARIABLE|P0261052003|1|0|1.0|INDIVIDUAL|VARIABLE|P0261052003|1|0|1.0|INDIVIDUAL|VARIABLE|P0261052003|1|0|1.0|INDIVIDUAL|VARIABLE|P0261052003|1|0|1.0|INDIVIDUAL|VARIABLE|P0261052003|1|0|1.0|INDIVIDUAL|VARIABLE|P0261052003|1|0|1.0|INDIVIDUAL|VARIABLE|P0261052003|1|0|1.0|INDIVIDUAL|VARIABLE|P0261052003|1|0|1.0|INDIVIDUAL|VARIABLE|P0261052003|1|0|1.0|INDIVIDUAL|VARIABLE|P0261052003|1|0|1.0|INDIVIDUAL|VARIABLE|P0261052003|1|0|1.0|INDIVIDUAL|VARIABLE|P0261052003|1|0|1.0|INDIVIDUAL|VARIABLE|P0261052003|1|0|1.0|INDIVIDUAL|VARIABLE|P0261052003|1|0|1.0|INDIVIDUAL|VARIABLE|P0261052003|1|0|1.0|INDIVIDUAL|VARIABLE|P0261052003|1|0|1.0|INDIVIDUAL|VARIABLE|P0261052003|1|0|1.0|INDIVIDUAL|VARIABLE|P0261052003|1|0|1.0|INDIVIDUAL|VARIABLE|P0261052003|1|0|1.0|INDIVIDUAL|VARIABLE|P0261052003|1|0|1.0|INDIVIDUAL|VARIABLE|P0261052003|1|0|1.0|INDIVIDUAL|VARIABLE|P0261052003|1|0|1.0|INDIVIDUAL|VARIABLE|P0261052003|1|0|1.0|INDIVIDUAL|VARIABLE|P0261052003|1|0|1.0|INDIVIDUAL|VARIABLE|P0261052003|1|0|1.0|INDIVIDUAL|VARIABLE|P0261052003|1|0|1.0|INDIVIDUAL|VARIABLE|P0261052003|1|0|1.0|INDIVIDUAL|VARIABLE|P0261052003|1|0|1.0|INDIVIDUAL|VARIABLE|P0261052003|1|0|1.0|INDIVIDUAL|VARIABLE|P0261052003|1|0|1.0|INDIVIDUAL|VARIABLE|P0261052003|1|0|1.0|INDIVIDUAL|VARIABLE|P0261052003|1|0|1.0|INDIVIDUAL|VARIABLE|P0261052003|1|0|1.0|INDIVIDUAL|VARIABLE|P0261052003|1|0|1.0|INDIVIDUAL|VARIABLE|P0261052003|1|0|1.0|INDIVIDUAL|VARIABLE|P0261052003|1|0|1.0|INDIVIDUAL|VARIABLE|P0261052003|1|0|1.0|INDIVIDUAL|VARIABLE|P0261052003|1|0|1.0|INDIVIDUAL|VARIABLE|P0261052003|1|0|1.0|INDIVIDUAL|VARIABLE|P0261052003|1|0|1.0|INDIVIDUAL|VARIABLE|P0261052003|1|0|1.0|INDIVIDUAL|VARIABLE|P0261052003|1|0|1.0|INDIVIDUAL|VARIABLE|P0261052003|1|0|1.0|INDIVIDUAL|VARIABLE|P0261052003|1|0|1.0|INDIVIDUAL|VARIABLE|P0261052003|1|0|1.0|INDIVIDUAL|VARIABLE|P0261052003|1|0|1.0|INDIVIDUAL|VARIABLE|P0261052003|1|0|1.0|INDIVIDUAL|VARIABLE|P0261052003|1|0|1.0|INDIVIDUAL|VARIABLE|P0261052003|1|0|1.0|INDIVIDUAL|VARIABLE|P0261052003|1|0|1.0|INDIVIDUAL|VARIABLE|P0261052003|1|0|1.0|INDIVIDUAL|VARIABLE|P0261052003|1|0|1.0|INDIVIDUAL|VARIABLE|P0261052003|1|0|1.0|INDIVIDUAL|VARIABLE|P0261052003|1|0|1.0|INDIVIDUAL|VARIABLE|P0261052003|1|0|1.0|INDIVIDUAL|VARIABLE|P0261052003|1|0|1.0|INDIVIDUAL|VARIABLE|P0261052003|1|0|1.0|INDIVIDUAL|VARIABLE|P0261052003|1|0|1.0|INDIVIDUAL|VARIABLE|P0261052003|1|0|1.0|INDIVIDUAL|VARIABLE|P0261052003|1|0|1.0|INDIVIDUAL|VARIABLE|P0261052003|1|0|1.0|INDIVIDUAL|VARIABLE|P0261052003|1|0|1.0|INDIVIDUAL|VARIABLE|P0261052003|1|0|1.0|INDIVIDUAL|VARIABLE|P0261052003|1|0|1.0|INDIVIDUAL|VARIABLE|P0261052003|1|0|1.0|INDIVIDUAL|VARIABLE|P0261052003|1|0|1.0|INDIVIDUAL|VARIABLE|P0261052003|1|0|1.0|INDIVIDUAL|VARIABLE|P0261052003|1|0|1.0|INDIVIDUAL|VARIABLE|P0261052003|1|0|1.0|INDIVIDUAL|VARIABLE|P0261052003|1|0|1.0|INDIVIDUAL|VARIABLE|P0261052003|1|0|1.0|INDIVIDUAL|VARIABLE|P0261052003|1|0|1.0|INDIVIDUAL|VARIABLE|P0261052003|1|0|1.0|INDIVIDUAL|VARIABLE|P0261052003|1|0|1.0|INDIVIDUAL|VARIABLE|P0261052003|1|0|1.0|INDIVIDUAL|VARIABLE|P0261052003|1|0|1.0|INDIVIDUAL|VARIABLE|P0261052003|1|0|1.0|INDIVIDUAL|VARIABLE|P0261052003|1|0|1.0|INDIVIDUAL|VARIABLE|P0261052003|1|0|1.0|INDIVIDUAL|VARIABLE|P0261052003|1|0|1.0|INDIVIDUAL|VARIABLE|P0261052003|1|0|1.0|INDIVIDUAL|VARIABLE|P0261052003|1|0|1.0|INDIVIDUAL|VARIABLE|P0261052003|1|0|1.0|INDIVIDUAL|VARIABLE|P0261052003|1|0|1.0|INDIVIDUAL|VARIABLE|P0261052003|1|0|1.0|INDIVIDUAL|VARIABLE|P0261052003|1|0|1.0|INDIVIDUAL|VARIABLE|P0261052003|1|0|1.0|INDIVIDUAL|VARIABLE|P0261052003|1|0|1.0|INDIVIDUAL|VARIABLE|P0261052003|1|0|1.0|INDIVIDUAL|VARIABLE|P0261052003|1|0|1.0|INDIVIDUAL|VARIABLE|P0261052003|1|0|1.0|INDIVIDUAL|VARIABLE|P0261052003|1|0|1.0|INDIVIDUAL|VARIABLE|P0261052003|1|0|1.0|INDIVIDUAL|VARIABLE|P0261052003|1|0|1.0|INDIVIDUAL|VARIABLE|P0261052003|1|0|1.0|INDIVIDUAL|VARIABLE|P0261052003|1|0|1.0|INDIVIDUAL|VARIABLE|P0261052003|1|0|1.0|INDIVIDUAL|VARIABLE|P0261052003|1|0|1.0|INDIVIDUAL|VARIABLE|P0261052003|1|0|1.0|INDIVIDUAL|VARIABLE|P0261052003|1|0|1.0|INDIVIDUAL|VARIABLE|P0261052003|1|0|1.0|INDIVIDUAL|VARIABLE|P0261052003|1|0|1.0|INDIVIDUAL|VARIABLE|P0261052003|1|0|1.0|INDIVIDUAL|VARIABLE|P0261052003|1|0|1.0|INDIVIDUAL|VARIABLE|P0261052003|1|0|1.0|INDIVIDUAL|VARIABLE|P0261052003|1|0|1.0|INDIVIDUAL|VARIABLE|P0261052003|1|0|1.0|INDIVIDUAL|VARIABLE|P0261052003|1|0|1.0|INDIVIDUAL|VARIABLE|P0261052003|1|0|1.0|INDIVIDUAL|VARIABLE|P0261052003|1|0|1.0|INDIVIDUAL|VARIABLE|P0261052003|1|0|1.0|INDIVIDUAL|VARIABLE|P0261052003|1|0|1.0|INDIVIDUAL|VARIABLE|P0261052003|1|0|1.0|INDIVIDUAL|VARIABLE|P0261052003|1|0|1.0|INDIVIDUAL|VARIABLE|P0261052003|1|0|1.0|INDIVIDUAL|VARIABLE|P0261052003|1|0|1.0|INDIVIDUAL|VARIABLE|P0261052003|1|0|1.0|INDIVIDUAL|VARIABLE|P0261052003|1|0|1.0|INDIVIDUAL|VARIABLE|P0261052003|1|0|1.0|INDIVIDUAL|VARIABLE|P0261052003|1|0|1.0|INDIVIDUAL|VARIABLE|P0261052003|1|0|1.0|INDIVIDUAL|VARIABLE|P0261052003|1|0|1.0|INDIVIDUAL|VARIABLE|P0261052003|1|0|1.0|INDIVIDUAL|VARIABLE|P0261052003|1|0|1.0|INDIVIDUAL|VARIABLE|P0261052003|1|0|1.0|INDIVIDUAL|VARIABLE|P0261052003|1|0|1.0|INDIVIDUAL|VARIABLE|P0261052003|1|0|1.0|INDIVIDUAL|VARIABLE|P0261052003|1|0|1.0|INDIVIDUAL|VARIABLE|P0261052003|1|0|1.0|INDIVIDUAL|VARIABLE|P0261052003|1|0|1.0|INDIVIDUAL|VARIABLE|P0261052003|1|0|1.0|INDIVIDUAL|VARIABLE|P0261052003|1|0|1.0|INDIVIDUAL|VARIABLE|P0261052003|1|0|1.0|INDIVIDUAL|VARIABLE|P0261052003|1|0|1.0|INDIVIDUAL|VARIABLE|P0261052003|1|0|1.0|INDIVIDUAL|VARIABLE|P0261052003|1|0|1.0|INDIVIDUAL|VARIABLE|P0261052003|1|0|1.0|INDIVIDUAL|VARIABLE|P0261052003|1|0|1.0|INDIVIDUAL|VARIABLE|P0261052003|1|0|1.0|INDIVIDUAL|VARIABLE|P0261052003|1|0|1.0|INDIVIDUAL|VARIABLE|P0261052003|1|0|1.0|INDIVIDUAL|VARIABLE|P0261052003|1|0|1.0|INDIVIDUAL|VARIABLE|P0261052003|1|0|1.0|INDIVIDUAL|VARIABLE|P0261052003|1|0|1.0|INDIVIDUAL|VARIABLE|P0261052003|1|0|1.0|INDIVIDUAL|VARIABLE|P0261052003|1|0|1.0|INDIVIDUAL|VARIABLE|P0261052003|1|0|1.0|INDIVIDUAL|VARIABLE|P0261052003|1|0|1.0|INDIVIDUAL|VARIABLE|P0261052003|1|0|1.0|INDIVIDUAL|VARIABLE|P0261052003|1|0|1.0|INDIVIDUAL|VARIABLE|P0261052003|1|0|1.0|INDIVIDUAL|VARIABLE|P0261052003|1|0|1.0|INDIVIDUAL|VARIABLE|P0261052003|1|0|1.0|INDIVIDUAL|VARIABLE|P0261052003|1|0|1.0|INDIVIDUAL|VARIABLE|P0261052003|1|0|1.0|INDIVIDUAL|VARIABLE|P0261052003|1|0|1.0|INDIVIDUAL|VARIABLE|P0261052003|1|0|1.0|INDIVIDUAL|VARIABLE|P0261052003|1|0|1.0|INDIVIDUAL|VARIABLE|P0261052003|1|0|1.0|INDIVIDUAL|VARIABLE|P0261052003|1|0|1.0|INDIVIDUAL|VARIABLE|P0261052003|1|0|1.0|INDIVIDUAL|VARIABLE|P0261052003|1|0|1.0|INDIVIDUAL|VARIABLE|P0261052003|1|0|1.0|INDIVIDUAL|VARIABLE|P0261052003|1|0|1.0|INDIVIDUAL|VARIABLE|P0261052003|1|0|1.0|INDIVIDUAL|VARIABLE|P0261052003|1|0|1.0|INDIVIDUAL|VARIABLE|P0261052003|1|0|1.0|INDIVIDUAL|VARIABLE|P0261052003|1|0|1.0|INDIVIDUAL|VARIABLE|P0261052003|1|0|1.0|INDIVIDUAL|VARIABLE|P0261052003|1|0|1.0|INDIVIDUAL|VARIABLE|P0261052003|1|0|1.0|INDIVIDUAL|VARIABLE|P0261052003|1|0|1.0|INDIVIDUAL|VARIABLE|P0261052003|1|0|1.0|INDIVIDUAL|VARIABLE|P0261052003|1|0|1.0|INDIVIDUAL|VARIABLE|P0261052003|1|0|1.0|INDIVIDUAL|VARIABLE|P0261052003|1|0|1.0|INDIVIDUAL|VARIABLE|P0261052003|1|0|1.0|INDIVIDUAL|VARIABLE|P0261052003|1|0|1.0|INDIVIDUAL|VARIABLE|P0261052003|1|0|1.0|INDIVIDUAL|VARIABLE|P0261052003|1|0|1.0|INDIVIDUAL|VARIABLE|P0261052003|1|0|1.0|INDIVIDUAL|VARIABLE|P0261052003|1|0|1.0|INDIVIDUAL|VARIABLE|P0261052003|1|0|1.0|INDIVIDUAL|VARIABLE|P0261052003|1|0|1.0|INDIVIDUAL|VARIABLE|P0261052003|1|0|1.0|INDIVIDUAL|VARIABLE|P0261052003|1|0|1.0|INDIVIDUAL|VARIABLE|P0261052003|1|0|1.0|INDIVIDUAL|VARIABLE|P0261052003|1|0|1.0|INDIVIDUAL|VARIABLE|P0261052003|1|0|1.0|INDIVIDUAL|VARIABLE|P0261052003|1|0|1.0|INDIVIDUAL|VARIABLE|P0261052003|1|0|1.0
108,INDIVIDUAL|VARIABLE|P0261052003|1|0|1.0|INDIVIDUAL|VARIABLE|P0261052003|1|0|1.0|INDIVIDUAL|VARIABLE|P0261052003|1|0|1.0|INDIVIDUAL|VARIABLE|P0261052003|1|0|1.0|INDIVIDUAL|VARIABLE|P0261052003|1|0|1.0|INDIVIDUAL|VARIABLE|P0261052003|1|0|1.0|INDIVIDUAL|VARIABLE|P0261052003|1|0|1.0|INDIVIDUAL|VARIABLE|P0261052003|1|0|1.0|INDIVIDUAL|VARIABLE|P0261052003|1|0|1.0|INDIVIDUAL|VARIABLE|P0261052003|1|0|1.0|INDIVIDUAL|VARIABLE|P0261052003|1|0|1.0|INDIVIDUAL|VARIABLE|P0261052003|1|0|1.0|INDIVIDUAL|VARIABLE|P0261052003|1|0|1.0|INDIVIDUAL|VARIABLE|P0261052003|1|0|1.0|INDIVIDUAL|VARIABLE|P0261052003|1|0|1.0|INDIVIDUAL|VARIABLE|P0261052003|1|0|1.0|INDIVIDUAL|VARIABLE|P0261052003|1|0|1.0|INDIVIDUAL|VARIABLE|P0261052003|1|0|1.0|INDIVIDUAL|VARIABLE|P0261052003|1|0|1.0|INDIVIDUAL|VARIABLE|P0261052003|1|0|1.0|INDIVIDUAL|VARIABLE|P0261052003|1|0|1.0|INDIVIDUAL|VARIABLE|P0261052003|1|0|1.0|INDIVIDUAL|VARIABLE|P0261052003|1|0|1.0|INDIVIDUAL|VARIABLE|P0261052003|1|0|1.0|INDIVIDUAL|VARIABLE|P0261052003|1|0|1.0|INDIVIDUAL|VARIABLE|P0261052003|1|0|1.0|INDIVIDUAL|VARIABLE|P0261052003|1|0|1.0|INDIVIDUAL|VARIABLE|P0261052003|1|0|1.0|INDIVIDUAL|VARIABLE|P0261052003|1|0|1.0|INDIVIDUAL|VARIABLE|P0261052003|1|0|1.0|INDIVIDUAL|VARIABLE|P0261052003|1|0|1.0|INDIVIDUAL|VARIABLE|P0261052003|1|0|1.0|INDIVIDUAL|VARIABLE|P0261052003|1|0|1.0|INDIVIDUAL|VARIABLE|P0261052003|1|0|1.0|INDIVIDUAL|VARIABLE|P0261052003|1|0|1.0|INDIVIDUAL|VARIABLE|P0261052003|1|0|1.0|INDIVIDUAL|VARIABLE|P0261052003|1|0|1.0|INDIVIDUAL|VARIABLE|P0261052003|1|0|1.0|INDIVIDUAL|VARIABLE|P0261052003|1|0|1.0|INDIVIDUAL|VARIABLE|P0261052003|1|0|1.0
109,INDIVIDUAL|VARIABLE|P0408051000|1|0|1.0|INDIVIDUAL|VARIABLE|P0408051000|1|0|1.0|INDIVIDUAL|VARIABLE|P0408051000|1|0|1.0|INDIVIDUAL|VARIABLE|P0408051000|1|0|1.0|INDIVIDUAL|VARIABLE|P0408051000|1|0|1.0|INDIVIDUAL|VARIABLE|P0408051000|1|0|1.0|INDIVIDUAL|VARIABLE|P0408051000|1|0|1.0|INDIVIDUAL|VARIABLE|P0408051000|1|0|1.0|INDIVIDUAL|VARIABLE|P0408051000|1|0|1.0|INDIVIDUAL|VARIABLE|P0408051000|1|0|1.0|INDIVIDUAL|VARIABLE|P0408051000|1|0|1.0|INDIVIDUAL|VARIABLE|P0408051000|1|0|1.0|INDIVIDUAL|VARIABLE|P0408051000|1|0|1.0|INDIVIDUAL|VARIABLE|P0408051000|1|0|1.0|INDIVIDUAL|VARIABLE|P0408051000|1|0|1.0|INDIVIDUAL|VARIABLE|P0408051000|1|0|1.0|INDIVIDUAL|VARIABLE|P0408051000|1|0|1.0|INDIVIDUAL|VARIABLE|P0408051000|1|0|1.0|INDIVIDUAL|VARIABLE|P0408051000|1|0|1.0|INDIVIDUAL|VARIABLE|P0408051000|1|0|1.0|INDIVIDUAL|VARIABLE|P0408051000|1|0|1.0|INDIVIDUAL|VARIABLE|P0408051000|1|0|1.0|INDIVIDUAL|VARIABLE|P0408051000|1|0|1.0|INDIVIDUAL|VARIABLE|P0408051000|1|0|1.0|INDIVIDUAL|VARIABLE|P0408051000|1|0|1.0|INDIVIDUAL|VARIABLE|P0408051000|1|0|1.0|INDIVIDUAL|VARIABLE|P0408051000|1|0|1.0|INDIVIDUAL|VARIABLE|P0408051000|1|0|1.0|INDIVIDUAL|VARIABLE|P0408051000|1|0|1.0|INDIVIDUAL|VARIABLE|P0408051000|1|0|1.0|INDIVIDUAL|VARIABLE|P0408051000|1|0|1.0|INDIVIDUAL|VARIABLE|P0408051000|1|0|1.0|INDIVIDUAL|VARIABLE|P0408051000|1|0|1.0|INDIVIDUAL|VARIABLE|P0408051000|1|0|1.0|INDIVIDUAL|VARIABLE|P0408051000|1|0|1.0|INDIVIDUAL|VARIABLE|P0408051000|1|0|1.0|INDIVIDUAL|VARIABLE|P0408051000|1|0|1.0|INDIVIDUAL|VARIABLE|P0408051000|1|0|1.0|INDIVIDUAL|VARIABLE|P0408051000|1|0|1.0|INDIVIDUAL|VARIABLE|P0408051000|1|0|1.0|INDIVIDUAL|VARIABLE|P0408051000|1|0|1.0|INDIVIDUAL|VARIABLE|P0408051000|1|0|1.0|INDIVIDUAL|VARIABLE|P0408051000|1|0|1.0|INDIVIDUAL|VARIABLE|P0408051000|1|0|1.0|INDIVIDUAL|VARIABLE|P0408051000|1|0|1.0|INDIVIDUAL|VARIABLE|P0408051000|1|0|1.0|INDIVIDUAL|VARIABLE|P0408051000|1|0|1.0|INDIVIDUAL|VARIABLE|P0408051000|1|0|1.0|INDIVIDUAL|VARIABLE|P0408051000|1|0|1.0|INDIVIDUAL|VARIABLE|P0408051000|1|0|1.0|INDIVIDUAL|VARIABLE|P0408051000|1|0|1.0|INDIVIDUAL|VARIABLE|P0408051000|1|0|1.0|INDIVIDUAL|VARIABLE|P0408051000|1|0|1.0|INDIVIDUAL|VARIABLE|P0408051000|1|0|1.0|INDIVIDUAL|VARIABLE|P0408051000|1|0|1.0|INDIVIDUAL|VARIABLE|P0408051000|1|0|1.0|INDIVIDUAL|VARIABLE|P0408051000|1|0|1.0|INDIVIDUAL|VARIABLE|P0408051000|1|0|1.0|INDIVIDUAL|VARIABLE|P0408051000|1|0|1.0|INDIVIDUAL|VARIABLE|P0408051000|1|0|1.0|INDIVIDUAL|VARIABLE|P0408051000|1|0|1.0|INDIVIDUAL|VARIABLE|P0408051000|1|0|1.0|INDIVIDUAL|VARIABLE|P0408051000|1|0|1.0|INDIVIDUAL|VARIABLE|P0408051000|1|0|1.0|INDIVIDUAL|VARIABLE|P0408051000|1|0|1.0|INDIVIDUAL|VARIABLE|P0408051000|1|0|1.0|INDIVIDUAL|VARIABLE|P0408051000|1|0|1.0|INDIVIDUAL|VARIABLE|P0408051000|1|0|1.0|INDIVIDUAL|VARIABLE|P0408051000|1|0|1.0|INDIVIDUAL|VARIABLE|P0408051000|1|0|1.0|INDIVIDUAL|VARIABLE|P0408051000|1|0|1.0|INDIVIDUAL|VARIABLE|P0408051000|1|0|1.0|INDIVIDUAL|VARIABLE|P0408051000|1|0|1.0|INDIVIDUAL|VARIABLE|P0408051000|1|0|1.0|INDIVIDUAL|VARIABLE|P0408051000|1|0|1.0|INDIVIDUAL|VARIABLE|P0408051000|1|0|1.0|INDIVIDUAL|VARIABLE|P0408051000|1|0|1.0|INDIVIDUAL|VARIABLE|P0408051000|1|0|1.0|INDIVIDUAL|VARIABLE|P0408051000|1|0|1.0|INDIVIDUAL|VARIABLE|P0408051000|1|0|1.0|INDIVIDUAL|VARIABLE|P0408051000|1|0|1.0|INDIVIDUAL|VARIABLE|P0408051000|1|0|1.0|INDIVIDUAL|VARIABLE|P0408051000|1|0|1.0|INDIVIDUAL|VARIABLE|P0408051000|1|0|1.0|INDIVIDUAL|VARIABLE|P0408051000|1|0|1.0|INDIVIDUAL|VARIABLE|P0408051000|1|0|1.0|INDIVIDUAL|VARIABLE|P0408051000|1|0|1.0|INDIVIDUAL|VARIABLE|P0408051000|1|0|1.0|INDIVIDUAL|VARIABLE|P0408051000|1|0|1.0|INDIVIDUAL|VARIABLE|P0408051000|1|0|1.0|INDIVIDUAL|VARIABLE|P0408051000|1|0|1.0|INDIVIDUAL|VARIABLE|P0408051000|1|0|1.0|INDIVIDUAL|VARIABLE|P0408051000|1|0|1.0|INDIVIDUAL|VARIABLE|P0408051000|1|0|1.0|INDIVIDUAL|VARIABLE|P0408051000|1|0|1.0|INDIVIDUAL|VARIABLE|P0408051000|1|0|1.0|INDIVIDUAL|VARIABLE|P0408051000|1|0|1.0|INDIVIDUAL|VARIABLE|P0408051000|1|0|1.0|INDIVIDUAL|VARIABLE|P0408051000|1|0|1.0
110,INDIVIDUAL|VARIABLE|P0408096001|1|0|1.0|INDIVIDUAL|VARIABLE|P0408096001|1|0|1.0|INDIVIDUAL|VARIABLE|P0408096001|1|0|1.0|INDIVIDUAL|VARIABLE|P0408096001|1|0|1.0|INDIVIDUAL|VARIABLE|P0408096001|1|0|1.0|INDIVIDUAL|VARIABLE|P0408096001|1|0|1.0|INDIVIDUAL|VARIABLE|P0408096001|1|0|1.0|INDIVIDUAL|VARIABLE|P0408096001|1|0|1.0|INDIVIDUAL|VARIABLE|P0408096001|1|0|1.0|INDIVIDUAL|VARIABLE|P0408096001|1|0|1.0|INDIVIDUAL|VARIABLE|P0408096001|1|0|1.0|INDIVIDUAL|VARIABLE|P0408096001|1|0|1.0|INDIVIDUAL|VARIABLE|P0408096001|1|0|1.0|INDIVIDUAL|VARIABLE|P0408096001|1|0|1.0|INDIVIDUAL|VARIABLE|P0408096001|1|0|1.0|INDIVIDUAL|VARIABLE|P0408096001|1|0|1.0|INDIVIDUAL|VARIABLE|P0408096001|1|0|1.0|INDIVIDUAL|VARIABLE|P0408096001|1|0|1.0|INDIVIDUAL|VARIABLE|P0408096001|1|0|1.0|INDIVIDUAL|VARIABLE|P0408096001|1|0|1.0|INDIVIDUAL|VARIABLE|P0408096001|1|0|1.0|INDIVIDUAL|VARIABLE|P0408096001|1|0|1.0|INDIVIDUAL|VARIABLE|P0408096001|1|0|1.0|INDIVIDUAL|VARIABLE|P0408096001|1|0|1.0|INDIVIDUAL|VARIABLE|P0408096001|1|0|1.0|INDIVIDUAL|VARIABLE|P0408096001|1|0|1.0|INDIVIDUAL|VARIABLE|P0408096001|1|0|1.0|INDIVIDUAL|VARIABLE|P0408096001|1|0|1.0|INDIVIDUAL|VARIABLE|P0408096001|1|0|1.0|INDIVIDUAL|VARIABLE|P0408096001|1|0|1.0|INDIVIDUAL|VARIABLE|P0408096001|1|0|1.0|INDIVIDUAL|VARIABLE|P0408096001|1|0|1.0|INDIVIDUAL|VARIABLE|P0408096001|1|0|1.0|INDIVIDUAL|VARIABLE|P0408096001|1|0|1.0|INDIVIDUAL|VARIABLE|P0408096001|1|0|1.0|INDIVIDUAL|VARIABLE|P0408096001|1|0|1.0|INDIVIDUAL|VARIABLE|P0408096001|1|0|1.0|INDIVIDUAL|VARIABLE|P0408096001|1|0|1.0|INDIVIDUAL|VARIABLE|P0408096001|1|0|1.0|INDIVIDUAL|VARIABLE|P0408096001|1|0|1.0|INDIVIDUAL|VARIABLE|P0408096001|1|0|1.0|INDIVIDUAL|VARIABLE|P0408096001|1|0|1.0|INDIVIDUAL|VARIABLE|P0408096001|1|0|1.0|INDIVIDUAL|VARIABLE|P0408096001|1|0|1.0|INDIVIDUAL|VARIABLE|P0408096001|1|0|1.0|INDIVIDUAL|VARIABLE|P0408096001|1|0|1.0|INDIVIDUAL|VARIABLE|P0408096001|1|0|1.0|INDIVIDUAL|VARIABLE|P0408096001|1|0|1.0|INDIVIDUAL|VARIABLE|P0408096001|1|0|1.0|INDIVIDUAL|VARIABLE|P0408096001|1|0|1.0|INDIVIDUAL|VARIABLE|P0408096001|1|0|1.0|INDIVIDUAL|VARIABLE|P0408096001|1|0|1.0|INDIVIDUAL|VARIABLE|P0408096001|1|0|1.0|INDIVIDUAL|VARIABLE|P0408096001|1|0|1.0|INDIVIDUAL|VARIABLE|P0408096001|1|0|1.0|INDIVIDUAL|VARIABLE|P0408096001|1|0|1.0|INDIVIDUAL|VARIABLE|P0408096001|1|0|1.0|INDIVIDUAL|VARIABLE|P0408096001|1|0|1.0|INDIVIDUAL|VARIABLE|P0408096001|1|0|1.0|INDIVIDUAL|VARIABLE|P0408096001|1|0|1.0|INDIVIDUAL|VARIABLE|P0408096001|1|0|1.0|INDIVIDUAL|VARIABLE|P0408096001|1|0|1.0|INDIVIDUAL|VARIABLE|P0408096001|1|0|1.0|INDIVIDUAL|VARIABLE|P0408096001|1|0|1.0|INDIVIDUAL|VARIABLE|P0408096001|1|0|1.0|INDIVIDUAL|VARIABLE|P0408096001|1|0|1.0|INDIVIDUAL|VARIABLE|P0408096001|1|0|1.0|INDIVIDUAL|VARIABLE|P0408096001|1|0|1.0|INDIVIDUAL|VARIABLE|P0408096001|1|0|1.0|INDIVIDUAL|VARIABLE|P0408096001|1|0|1.0|INDIVIDUAL|VARIABLE|P0408096001|1|0|1.0|INDIVIDUAL|VARIABLE|P0408096001|1|0|1.0|INDIVIDUAL|VARIABLE|P0408096001|1|0|1.0|INDIVIDUAL|VARIABLE|P0408096001|1|0|1.0|INDIVIDUAL|VARIABLE|P0408096001|1|0|1.0|INDIVIDUAL|VARIABLE|P0408096001|1|0|1.0|INDIVIDUAL|VARIABLE|P0408096001|1|0|1.0|INDIVIDUAL|VARIABLE|P0408096001|1|0|1.0|INDIVIDUAL|VARIABLE|P0408096001|1|0|1.0|INDIVIDUAL|VARIABLE|P0408096001|1|0|1.0|INDIVIDUAL|VARIABLE|P0408096001|1|0|1.0|INDIVIDUAL|VARIABLE|P0408096001|1|0|1.0|INDIVIDUAL|VARIABLE|P0408096001|1|0|1.0|INDIVIDUAL|VARIABLE|P0408096001|1|0|1.0|INDIVIDUAL|VARIABLE|P0408096001|1|0|1.0|INDIVIDUAL|VARIABLE|P0408096001|1|0|1.0|INDIVIDUAL|VARIABLE|P0408096001|1|0|1.0|INDIVIDUAL|VARIABLE|P0408096001|1|0|1.0|INDIVIDUAL|VARIABLE|P0408096001|1|0|1.0|INDIVIDUAL|VARIABLE|P0408096001|1|0|1.0|INDIVIDUAL|VARIABLE|P0408096001|1|0|1.0|INDIVIDUAL|VARIABLE|P0408096001|1|0|1.0|INDIVIDUAL|VARIABLE|P0408096001|1|0|1.0|INDIVIDUAL|VARIABLE|P0408096001|1|0|1.0|INDIVIDUAL|VARIABLE|P0408096001|1|0|1.0|INDIVIDUAL|VARIABLE|P0408096001|1|0|1.0|INDIVIDUAL|VARIABLE|P0408096001|1|0|1.0|INDIVIDUAL|VARIABLE|P0408096001|1|0|1.0|INDIVIDUAL|VARIABLE|P0408096001|1|0|1.0|INDIVIDUAL|VARIABLE|P0408096001|1|0|1.0|INDIVIDUAL|VARIABLE|P0408096001|1|0|1.0|INDIVIDUAL|VARIABLE|P0408096001|1|0|1.0|INDIVIDUAL|VARIABLE|P0408096001|1|0|1.0|INDIVIDUAL|VARIABLE|P0408096001|1|0|1.0|INDIVIDUAL|VARIABLE|P0408096001|1|0|1.0|INDIVIDUAL|VARIABLE|P0408096001|1|0|1.0|INDIVIDUAL|VARIABLE|P0408096001|1|0|1.0|INDIVIDUAL|VARIABLE|P0408096001|1|0|1.0|INDIVIDUAL|VARIABLE|P0408096001|1|0|1.0|INDIVIDUAL|VARIABLE|P0408096001|1|0|1.0|INDIVIDUAL|VARIABLE|P0408096001|1|0|1.0|INDIVIDUAL|VARIABLE|P0408096001|1|0|1.0|INDIVIDUAL|VARIABLE|P0408096001|1|0|1.0|INDIVIDUAL|VARIABLE|P0408096001|1|0|1.0|INDIVIDUAL|VARIABLE|P0408096001|1|0|1.0|INDIVIDUAL|VARIABLE|P0408096001|1|0|1.0|INDIVIDUAL|VARIABLE|P0408096001|1|0|1.0
111,INDIVIDUAL|VARIABLE|P0261096002|1|0|1.0|INDIVIDUAL|VARIABLE|P0261096002|1|0|1.0|INDIVIDUAL|VARIABLE|P0261096002|1|0|1.0|INDIVIDUAL|VARIABLE|P0261096002|1|0|1.0|INDIVIDUAL|VARIABLE|P0261096002|1|0|1.0|INDIVIDUAL|VARIABLE|P0261096002|1|0|1.0|INDIVIDUAL|VARIABLE|P0261096002|1|0|1.0|INDIVIDUAL|VARIABLE|P0261096002|1|0|1.0|INDIVIDUAL|VARIABLE|P0261096002|1|0|1.0|INDIVIDUAL|VARIABLE|P0261096002|1|0|1.0|INDIVIDUAL|VARIABLE|P0261096002|1|0|1.0|INDIVIDUAL|VARIABLE|P0261096002|1|0|1.0|INDIVIDUAL|VARIABLE|P0261096002|1|0|1.0|INDIVIDUAL|VARIABLE|P0261096002|1|0|1.0|INDIVIDUAL|VARIABLE|P0261096002|1|0|1.0|INDIVIDUAL|VARIABLE|P0261096002|1|0|1.0|INDIVIDUAL|VARIABLE|P0261096002|1|0|1.0|INDIVIDUAL|VARIABLE|P0261096002|1|0|1.0|INDIVIDUAL|VARIABLE|P0261096002|1|0|1.0|INDIVIDUAL|VARIABLE|P0261096002|1|0|1.0|INDIVIDUAL|VARIABLE|P0261096002|1|0|1.0|INDIVIDUAL|VARIABLE|P0261096002|1|0|1.0|INDIVIDUAL|VARIABLE|P0261096002|1|0|1.0|INDIVIDUAL|VARIABLE|P0261096002|1|0|1.0|INDIVIDUAL|VARIABLE|P0261096002|1|0|1.0|INDIVIDUAL|VARIABLE|P0261096002|1|0|1.0|INDIVIDUAL|VARIABLE|P0261096002|1|0|1.0|INDIVIDUAL|VARIABLE|P0261096002|1|0|1.0|INDIVIDUAL|VARIABLE|P0261096002|1|0|1.0|INDIVIDUAL|VARIABLE|P0261096002|1|0|1.0|INDIVIDUAL|VARIABLE|P0261096002|1|0|1.0|INDIVIDUAL|VARIABLE|P0261096002|1|0|1.0|INDIVIDUAL|VARIABLE|P0261096002|1|0|1.0|INDIVIDUAL|VARIABLE|P0261096002|1|0|1.0|INDIVIDUAL|VARIABLE|P0261096002|1|0|1.0|INDIVIDUAL|VARIABLE|P0261096002|1|0|1.0|INDIVIDUAL|VARIABLE|P0261096002|1|0|1.0|INDIVIDUAL|VARIABLE|P0261096002|1|0|1.0|INDIVIDUAL|VARIABLE|P0261096002|1|0|1.0|INDIVIDUAL|VARIABLE|P0261096002|1|0|1.0|INDIVIDUAL|VARIABLE|P0261096002|1|0|1.0|INDIVIDUAL|VARIABLE|P0261096002|1|0|1.0|INDIVIDUAL|VARIABLE|P0261096002|1|0|1.0|INDIVIDUAL|VARIABLE|P0261096002|1|0|1.0|INDIVIDUAL|VARIABLE|P0261096002|1|0|1.0|INDIVIDUAL|VARIABLE|P0261096002|1|0|1.0|INDIVIDUAL|VARIABLE|P0261096002|1|0|1.0|INDIVIDUAL|VARIABLE|P0261096002|1|0|1.0|INDIVIDUAL|VARIABLE|P0261096002|1|0|1.0|INDIVIDUAL|VARIABLE|P0261096002|1|0|1.0|INDIVIDUAL|VARIABLE|P0261096002|1|0|1.0|INDIVIDUAL|VARIABLE|P0261096002|1|0|1.0|INDIVIDUAL|VARIABLE|P0261096002|1|0|1.0|INDIVIDUAL|VARIABLE|P0261096002|1|0|1.0|INDIVIDUAL|VARIABLE|P0261096002|1|0|1.0|INDIVIDUAL|VARIABLE|P0261096002|1|0|1.0|INDIVIDUAL|VARIABLE|P0261096002|1|0|1.0|INDIVIDUAL|VARIABLE|P0261096002|1|0|1.0|INDIVIDUAL|VARIABLE|P0261096002|1|0|1.0|INDIVIDUAL|VARIABLE|P0261096002|1|0|1.0|INDIVIDUAL|VARIABLE|P0261096002|1|0|1.0|INDIVIDUAL|VARIABLE|P0261096002|1|0|1.0|INDIVIDUAL|VARIABLE|P0261096002|1|0|1.0|INDIVIDUAL|VARIABLE|P0261096002|1|0|1.0|INDIVIDUAL|VARIABLE|P0261096002|1|0|1.0|INDIVIDUAL|VARIABLE|P0261096002|1|0|1.0|INDIVIDUAL|VARIABLE|P0261096002|1|0|1.0|INDIVIDUAL|VARIABLE|P0261096002|1|0|1.0|INDIVIDUAL|VARIABLE|P0261096002|1|0|1.0|INDIVIDUAL|VARIABLE|P0261096002|1|0|1.0|INDIVIDUAL|VARIABLE|P0261096002|1|0|1.0|INDIVIDUAL|VARIABLE|P0261096002|1|0|1.0|INDIVIDUAL|VARIABLE|P0261096002|1|0|1.0|INDIVIDUAL|VARIABLE|P0261096002|1|0|1.0|INDIVIDUAL|VARIABLE|P0261096002|1|0|1.0|INDIVIDUAL|VARIABLE|P0261096002|1|0|1.0|INDIVIDUAL|VARIABLE|P0261096002|1|0|1.0|INDIVIDUAL|VARIABLE|P0261096002|1|0|1.0|INDIVIDUAL|VARIABLE|P0261096002|1|0|1.0|INDIVIDUAL|VARIABLE|P0261096002|1|0|1.0|INDIVIDUAL|VARIABLE|P0261096002|1|0|1.0|INDIVIDUAL|VARIABLE|P0261096002|1|0|1.0|INDIVIDUAL|VARIABLE|P0261096002|1|0|1.0|INDIVIDUAL|VARIABLE|P0261096002|1|0|1.0|INDIVIDUAL|VARIABLE|P0261096002|1|0|1.0|INDIVIDUAL|VARIABLE|P0261096002|1|0|1.0|INDIVIDUAL|VARIABLE|P0261096002|1|0|1.0|INDIVIDUAL|VARIABLE|P0261096002|1|0|1.0|INDIVIDUAL|VARIABLE|P0261096002|1|0|1.0|INDIVIDUAL|VARIABLE|P0261096002|1|0|1.0|INDIVIDUAL|VARIABLE|P0261096002|1|0|1.0|INDIVIDUAL|VARIABLE|P0261096002|1|0|1.0|INDIVIDUAL|VARIABLE|P0261096002|1|0|1.0|INDIVIDUAL|VARIABLE|P0261096002|1|0|1.0|INDIVIDUAL|VARIABLE|P0261096002|1|0|1.0|INDIVIDUAL|VARIABLE|P0261096002|1|0|1.0|INDIVIDUAL|VARIABLE|P0261096002|1|0|1.0|INDIVIDUAL|VARIABLE|P0261096002|1|0|1.0|INDIVIDUAL|VARIABLE|P0261096002|1|0|1.0
112,INDIVIDUAL|VARIABLE|P0486050000|1|0|1.0|INDIVIDUAL|VARIABLE|P0486050000|1|0|1.0|INDIVIDUAL|VARIABLE|P0486050000|1|0|1.0|INDIVIDUAL|VARIABLE|P0486050000|1|0|1.0|INDIVIDUAL|VARIABLE|P0486050000|1|0|1.0|INDIVIDUAL|VARIABLE|P0486050000|1|0|1.0|INDIVIDUAL|VARIABLE|P0486050000|1|0|1.0|INDIVIDUAL|VARIABLE|P0486050000|1|0|1.0|INDIVIDUAL|VARIABLE|P0486050000|1|0|1.0|INDIVIDUAL|VARIABLE|P0486050000|1|0|1.0|INDIVIDUAL|VARIABLE|P0486050000|1|0|1.0|INDIVIDUAL|VARIABLE|P0486050000|1|0|1.0|INDIVIDUAL|VARIABLE|P0486050000|1|0|1.0|INDIVIDUAL|VARIABLE|P0486050000|1|0|1.0|INDIVIDUAL|VARIABLE|P0486050000|1|0|1.0|INDIVIDUAL|VARIABLE|P0486050000|1|0|1.0|INDIVIDUAL|VARIABLE|P0486050000|1|0|1.0|INDIVIDUAL|VARIABLE|P0486050000|1|0|1.0|INDIVIDUAL|VARIABLE|P0486050000|1|0|1.0|INDIVIDUAL|VARIABLE|P0486050000|1|0|1.0|INDIVIDUAL|VARIABLE|P0486050000|1|0|1.0|INDIVIDUAL|VARIABLE|P0486050000|1|0|1.0|INDIVIDUAL|VARIABLE|P0486050000|1|0|1.0|INDIVIDUAL|VARIABLE|P0486050000|1|0|1.0|INDIVIDUAL|VARIABLE|P0486050000|1|0|1.0|INDIVIDUAL|VARIABLE|P0486050000|1|0|1.0|INDIVIDUAL|VARIABLE|P0486050000|1|0|1.0|INDIVIDUAL|VARIABLE|P0486050000|1|0|1.0|INDIVIDUAL|VARIABLE|P0486050000|1|0|1.0|INDIVIDUAL|VARIABLE|P0486050000|1|0|1.0|INDIVIDUAL|VARIABLE|P0486050000|1|0|1.0|INDIVIDUAL|VARIABLE|P0486050000|1|0|1.0|INDIVIDUAL|VARIABLE|P0486050000|1|0|1.0|INDIVIDUAL|VARIABLE|P0486050000|1|0|1.0|INDIVIDUAL|VARIABLE|P0486050000|1|0|1.0|INDIVIDUAL|VARIABLE|P0486050000|1|0|1.0|INDIVIDUAL|VARIABLE|P0486050000|1|0|1.0|INDIVIDUAL|VARIABLE|P0486050000|1|0|1.0|INDIVIDUAL|VARIABLE|P0486050000|1|0|1.0|INDIVIDUAL|VARIABLE|P0486050000|1|0|1.0|INDIVIDUAL|VARIABLE|P0486050000|1|0|1.0|INDIVIDUAL|VARIABLE|P0486050000|1|0|1.0|INDIVIDUAL|VARIABLE|P0486050000|1|0|1.0|INDIVIDUAL|VARIABLE|P0486050000|1|0|1.0|INDIVIDUAL|VARIABLE|P0486050000|1|0|1.0|INDIVIDUAL|VARIABLE|P0486050000|1|0|1.0|INDIVIDUAL|VARIABLE|P0486050000|1|0|1.0|INDIVIDUAL|VARIABLE|P0486050000|1|0|1.0|INDIVIDUAL|VARIABLE|P0486050000|1|0|1.0|INDIVIDUAL|VARIABLE|P0486050000|1|0|1.0|INDIVIDUAL|VARIABLE|P0486050000|1|0|1.0|INDIVIDUAL|VARIABLE|P0486050000|1|0|1.0|INDIVIDUAL|VARIABLE|P0486050000|1|0|1.0|INDIVIDUAL|VARIABLE|P0486050000|1|0|1.0|INDIVIDUAL|VARIABLE|P0486050000|1|0|1.0|INDIVIDUAL|VARIABLE|P0486050000|1|0|1.0|INDIVIDUAL|VARIABLE|P0486050000|1|0|1.0|INDIVIDUAL|VARIABLE|P0486050000|1|0|1.0|INDIVIDUAL|VARIABLE|P0486050000|1|0|1.0|INDIVIDUAL|VARIABLE|P0486050000|1|0|1.0|INDIVIDUAL|VARIABLE|P0486050000|1|0|1.0|INDIVIDUAL|VARIABLE|P0486050000|1|0|1.0|INDIVIDUAL|VARIABLE|P0486050000|1|0|1.0|INDIVIDUAL|VARIABLE|P0486050000|1|0|1.0|INDIVIDUAL|VARIABLE|P0486050000|1|0|1.0|INDIVIDUAL|VARIABLE|P0486050000|1|0|1.0|INDIVIDUAL|VARIABLE|P0486050000|1|0|1.0|INDIVIDUAL|VARIABLE|P0486050000|1|0|1.0|INDIVIDUAL|VARIABLE|P0486050000|1|0|1.0|INDIVIDUAL|VARIABLE|P0486050000|1|0|1.0|INDIVIDUAL|VARIABLE|P0486050000|1|0|1.0|INDIVIDUAL|VARIABLE|P0486050000|1|0|1.0
113,INDIVIDUAL|VARIABLE|P0486059000|1|0|1.0|INDIVIDUAL|VARIABLE|P0486059000|1|0|1.0|INDIVIDUAL|VARIABLE|P0486059000|1|0|1.0|INDIVIDUAL|VARIABLE|P0486059000|1|0|1.0|INDIVIDUAL|VARIABLE|P0486059000|1|0|1.0|INDIVIDUAL|VARIABLE|P0486059000|1|0|1.0|INDIVIDUAL|VARIABLE|P0486059000|1|0|1.0|INDIVIDUAL|VARIABLE|P0486059000|1|0|1.0|INDIVIDUAL|VARIABLE|P0486059000|1|0|1.0|INDIVIDUAL|VARIABLE|P0486059000|1|0|1.0|INDIVIDUAL|VARIABLE|P0486059000|1|0|1.0|INDIVIDUAL|VARIABLE|P0486059000|1|0|1.0|INDIVIDUAL|VARIABLE|P0486059000|1|0|1.0|INDIVIDUAL|VARIABLE|P0486059000|1|0|1.0|INDIVIDUAL|VARIABLE|P0486059000|1|0|1.0|INDIVIDUAL|VARIABLE|P0486059000|1|0|1.0|INDIVIDUAL|VARIABLE|P0486059000|1|0|1.0|INDIVIDUAL|VARIABLE|P0486059000|1|0|1.0|INDIVIDUAL|VARIABLE|P0486059000|1|0|1.0|INDIVIDUAL|VARIABLE|P0486059000|1|0|1.0|INDIVIDUAL|VARIABLE|P0486059000|1|0|1.0|INDIVIDUAL|VARIABLE|P0486059000|1|0|1.0|INDIVIDUAL|VARIABLE|P0486059000|1|0|1.0|INDIVIDUAL|VARIABLE|P0486059000|1|0|1.0|INDIVIDUAL|VARIABLE|P0486059000|1|0|1.0|INDIVIDUAL|VARIABLE|P0486059000|1|0|1.0|INDIVIDUAL|VARIABLE|P0486059000|1|0|1.0|INDIVIDUAL|VARIABLE|P0486059000|1|0|1.0|INDIVIDUAL|VARIABLE|P0486059000|1|0|1.0|INDIVIDUAL|VARIABLE|P0486059000|1|0|1.0|INDIVIDUAL|VARIABLE|P0486059000|1|0|1.0|INDIVIDUAL|VARIABLE|P0486059000|1|0|1.0|INDIVIDUAL|VARIABLE|P0486059000|1|0|1.0|INDIVIDUAL|VARIABLE|P0486059000|1|0|1.0|INDIVIDUAL|VARIABLE|P0486059000|1|0|1.0|INDIVIDUAL|VARIABLE|P0486059000|1|0|1.0|INDIVIDUAL|VARIABLE|P0486059000|1|0|1.0|INDIVIDUAL|VARIABLE|P0486059000|1|0|1.0|INDIVIDUAL|VARIABLE|P0486059000|1|0|1.0|INDIVIDUAL|VARIABLE|P0486059000|1|0|1.0|INDIVIDUAL|VARIABLE|P0486059000|1|0|1.0|INDIVIDUAL|VARIABLE|P0486059000|1|0|1.0|INDIVIDUAL|VARIABLE|P0486059000|1|0|1.0|INDIVIDUAL|VARIABLE|P0486059000|1|0|1.0|INDIVIDUAL|VARIABLE|P0486059000|1|0|1.0|INDIVIDUAL|VARIABLE|P0486059000|1|0|1.0|INDIVIDUAL|VARIABLE|P0486059000|1|0|1.0|INDIVIDUAL|VARIABLE|P0486059000|1|0|1.0|INDIVIDUAL|VARIABLE|P0486059000|1|0|1.0|INDIVIDUAL|VARIABLE|P0486059000|1|0|1.0|INDIVIDUAL|VARIABLE|P0486059000|1|0|1.0|INDIVIDUAL|VARIABLE|P0486059000|1|0|1.0|INDIVIDUAL|VARIABLE|P0486059000|1|0|1.0|INDIVIDUAL|VARIABLE|P0486059000|1|0|1.0|INDIVIDUAL|VARIABLE|P0486059000|1|0|1.0
114,INDIVIDUAL|VARIABLE|P0261051003|1|0|1.0|INDIVIDUAL|VARIABLE|P0261051003|1|0|1.0|INDIVIDUAL|VARIABLE|P0261051003|1|0|1.0|INDIVIDUAL|VARIABLE|P0261051003|1|0|1.0|INDIVIDUAL|VARIABLE|P0261051003|1|0|1.0|INDIVIDUAL|VARIABLE|P0261051003|1|0|1.0|INDIVIDUAL|VARIABLE|P0261051003|1|0|1.0|INDIVIDUAL|VARIABLE|P0261051003|1|0|1.0|INDIVIDUAL|VARIABLE|P0261051003|1|0|1.0|INDIVIDUAL|VARIABLE|P0261051003|1|0|1.0|INDIVIDUAL|VARIABLE|P0261051003|1|0|1.0|INDIVIDUAL|VARIABLE|P0261051003|1|0|1.0|INDIVIDUAL|VARIABLE|P0261051003|1|0|1.0|INDIVIDUAL|VARIABLE|P0261051003|1|0|1.0|INDIVIDUAL|VARIABLE|P0261051003|1|0|1.0|INDIVIDUAL|VARIABLE|P0261051003|1|0|1.0|INDIVIDUAL|VARIABLE|P0261051003|1|0|1.0|INDIVIDUAL|VARIABLE|P0261051003|1|0|1.0|INDIVIDUAL|VARIABLE|P0261051003|1|0|1.0|INDIVIDUAL|VARIABLE|P0261051003|1|0|1.0|INDIVIDUAL|VARIABLE|P0261051003|1|0|1.0|INDIVIDUAL|VARIABLE|P0261051003|1|0|1.0|INDIVIDUAL|VARIABLE|P0261051003|1|0|1.0|INDIVIDUAL|VARIABLE|P0261051003|1|0|1.0|INDIVIDUAL|VARIABLE|P0261051003|1|0|1.0|INDIVIDUAL|VARIABLE|P0261051003|1|0|1.0|INDIVIDUAL|VARIABLE|P0261051003|1|0|1.0|INDIVIDUAL|VARIABLE|P0261051003|1|0|1.0|INDIVIDUAL|VARIABLE|P0261051003|1|0|1.0|INDIVIDUAL|VARIABLE|P0261051003|1|0|1.0|INDIVIDUAL|VARIABLE|P0261051003|1|0|1.0|INDIVIDUAL|VARIABLE|P0261051003|1|0|1.0|INDIVIDUAL|VARIABLE|P0261051003|1|0|1.0|INDIVIDUAL|VARIABLE|P0261051003|1|0|1.0|INDIVIDUAL|VARIABLE|P0261051003|1|0|1.0|INDIVIDUAL|VARIABLE|P0261051003|1|0|1.0|INDIVIDUAL|VARIABLE|P0261051003|1|0|1.0|INDIVIDUAL|VARIABLE|P0261051003|1|0|1.0|INDIVIDUAL|VARIABLE|P0261051003|1|0|1.0|INDIVIDUAL|VARIABLE|P0261051003|1|0|1.0|INDIVIDUAL|VARIABLE|P0261051003|1|0|1.0|INDIVIDUAL|VARIABLE|P0261051003|1|0|1.0|INDIVIDUAL|VARIABLE|P0261051003|1|0|1.0|INDIVIDUAL|VARIABLE|P0261051003|1|0|1.0|INDIVIDUAL|VARIABLE|P0261051003|1|0|1.0|INDIVIDUAL|VARIABLE|P0261051003|1|0|1.0|INDIVIDUAL|VARIABLE|P0261051003|1|0|1.0|INDIVIDUAL|VARIABLE|P0261051003|1|0|1.0|INDIVIDUAL|VARIABLE|P0261051003|1|0|1.0|INDIVIDUAL|VARIABLE|P0261051003|1|0|1.0|INDIVIDUAL|VARIABLE|P0261051003|1|0|1.0|INDIVIDUAL|VARIABLE|P0261051003|1|0|1.0|INDIVIDUAL|VARIABLE|P0261051003|1|0|1.0|INDIVIDUAL|VARIABLE|P0261051003|1|0|1.0|INDIVIDUAL|VARIABLE|P0261051003|1|0|1.0|INDIVIDUAL|VARIABLE|P0261051003|1|0|1.0|INDIVIDUAL|VARIABLE|P0261051003|1|0|1.0|INDIVIDUAL|VARIABLE|P0261051003|1|0|1.0|INDIVIDUAL|VARIABLE|P0261051003|1|0|1.0|INDIVIDUAL|VARIABLE|P0261051003|1|0|1.0|INDIVIDUAL|VARIABLE|P0261051003|1|0|1.0|INDIVIDUAL|VARIABLE|P0261051003|1|0|1.0|INDIVIDUAL|VARIABLE|P0261051003|1|0|1.0|INDIVIDUAL|VARIABLE|P0261051003|1|0|1.0|INDIVIDUAL|VARIABLE|P0261051003|1|0|1.0|INDIVIDUAL|VARIABLE|P0261051003|1|0|1.0|INDIVIDUAL|VARIABLE|P0261051003|1|0|1.0|INDIVIDUAL|VARIABLE|P0261051003|1|0|1.0|INDIVIDUAL|VARIABLE|P0261051003|1|0|1.0|INDIVIDUAL|VARIABLE|P0261051003|1|0|1.0|INDIVIDUAL|VARIABLE|P0261051003|1|0|1.0|INDIVIDUAL|VARIABLE|P0261051003|1|0|1.0|INDIVIDUAL|VARIABLE|P0261051003|1|0|1.0|INDIVIDUAL|VARIABLE|P0261051003|1|0|1.0|INDIVIDUAL|VARIABLE|P0261051003|1|0|1.0|INDIVIDUAL|VARIABLE|P0261051003|1|0|1.0|INDIVIDUAL|VARIABLE|P0261051003|1|0|1.0|INDIVIDUAL|VARIABLE|P0261051003|1|0|1.0|INDIVIDUAL|VARIABLE|P0261051003|1|0|1.0|INDIVIDUAL|VARIABLE|P0261051003|1|0|1.0|INDIVIDUAL|VARIABLE|P0261051003|1|0|1.0|INDIVIDUAL|VARIABLE|P0261051003|1|0|1.0|INDIVIDUAL|VARIABLE|P0261051003|1|0|1.0|INDIVIDUAL|VARIABLE|P0261051003|1|0|1.0|INDIVIDUAL|VARIABLE|P0261051003|1|0|1.0|INDIVIDUAL|VARIABLE|P0261051003|1|0|1.0|INDIVIDUAL|VARIABLE|P0261051003|1|0|1.0|INDIVIDUAL|VARIABLE|P0261051003|1|0|1.0|INDIVIDUAL|VARIABLE|P0261051003|1|0|1.0|INDIVIDUAL|VARIABLE|P0261051003|1|0|1.0|INDIVIDUAL|VARIABLE|P0261051003|1|0|1.0|INDIVIDUAL|VARIABLE|P0261051003|1|0|1.0|INDIVIDUAL|VARIABLE|P0261051003|1|0|1.0|INDIVIDUAL|VARIABLE|P0261051003|1|0|1.0|INDIVIDUAL|VARIABLE|P0261051003|1|0|1.0|INDIVIDUAL|VARIABLE|P0261051003|1|0|1.0|INDIVIDUAL|VARIABLE|P0261051003|1|0|1.0|INDIVIDUAL|VARIABLE|P0261051003|1|0|1.0|INDIVIDUAL|VARIABLE|P0261051003|1|0|1.0
115,INDIVIDUAL|VARIABLE|P0261076003|1|0|1.0|INDIVIDUAL|VARIABLE|P0261076003|1|0|1.0|INDIVIDUAL|VARIABLE|P0261076003|1|0|1.0|INDIVIDUAL|VARIABLE|P0261076003|1|0|1.0|INDIVIDUAL|VARIABLE|P0261076003|1|0|1.0|INDIVIDUAL|VARIABLE|P0261076003|1|0|1.0|INDIVIDUAL|VARIABLE|P0261076003|1|0|1.0|INDIVIDUAL|VARIABLE|P0261076003|1|0|1.0|INDIVIDUAL|VARIABLE|P0261076003|1|0|1.0|INDIVIDUAL|VARIABLE|P0261076003|1|0|1.0|INDIVIDUAL|VARIABLE|P0261076003|1|0|1.0|INDIVIDUAL|VARIABLE|P0261076003|1|0|1.0|INDIVIDUAL|VARIABLE|P0261076003|1|0|1.0|INDIVIDUAL|VARIABLE|P0261076003|1|0|1.0|INDIVIDUAL|VARIABLE|P0261076003|1|0|1.0|INDIVIDUAL|VARIABLE|P0261076003|1|0|1.0|INDIVIDUAL|VARIABLE|P0261076003|1|0|1.0|INDIVIDUAL|VARIABLE|P0261076003|1|0|1.0|INDIVIDUAL|VARIABLE|P0261076003|1|0|1.0|INDIVIDUAL|VARIABLE|P0261076003|1|0|1.0|INDIVIDUAL|VARIABLE|P0261076003|1|0|1.0|INDIVIDUAL|VARIABLE|P0261076003|1|0|1.0|INDIVIDUAL|VARIABLE|P0261076003|1|0|1.0|INDIVIDUAL|VARIABLE|P0261076003|1|0|1.0|INDIVIDUAL|VARIABLE|P0261076003|1|0|1.0|INDIVIDUAL|VARIABLE|P0261076003|1|0|1.0|INDIVIDUAL|VARIABLE|P0261076003|1|0|1.0|INDIVIDUAL|VARIABLE|P0261076003|1|0|1.0|INDIVIDUAL|VARIABLE|P0261076003|1|0|1.0|INDIVIDUAL|VARIABLE|P0261076003|1|0|1.0|INDIVIDUAL|VARIABLE|P0261076003|1|0|1.0|INDIVIDUAL|VARIABLE|P0261076003|1|0|1.0|INDIVIDUAL|VARIABLE|P0261076003|1|0|1.0|INDIVIDUAL|VARIABLE|P0261076003|1|0|1.0|INDIVIDUAL|VARIABLE|P0261076003|1|0|1.0|INDIVIDUAL|VARIABLE|P0261076003|1|0|1.0|INDIVIDUAL|VARIABLE|P0261076003|1|0|1.0|INDIVIDUAL|VARIABLE|P0261076003|1|0|1.0|INDIVIDUAL|VARIABLE|P0261076003|1|0|1.0|INDIVIDUAL|VARIABLE|P0261076003|1|0|1.0|INDIVIDUAL|VARIABLE|P0261076003|1|0|1.0|INDIVIDUAL|VARIABLE|P0261076003|1|0|1.0|INDIVIDUAL|VARIABLE|P0261076003|1|0|1.0|INDIVIDUAL|VARIABLE|P0261076003|1|0|1.0|INDIVIDUAL|VARIABLE|P0261076003|1|0|1.0|INDIVIDUAL|VARIABLE|P0261076003|1|0|1.0|INDIVIDUAL|VARIABLE|P0261076003|1|0|1.0|INDIVIDUAL|VARIABLE|P0261076003|1|0|1.0|INDIVIDUAL|VARIABLE|P0261076003|1|0|1.0|INDIVIDUAL|VARIABLE|P0261076003|1|0|1.0|INDIVIDUAL|VARIABLE|P0261076003|1|0|1.0|INDIVIDUAL|VARIABLE|P0261076003|1|0|1.0
116,INDIVIDUAL|VARIABLE|P0408051007|1|0|1.0|INDIVIDUAL|VARIABLE|P0408051007|1|0|1.0|INDIVIDUAL|VARIABLE|P0408051007|1|0|1.0|INDIVIDUAL|VARIABLE|P0408051007|1|0|1.0|INDIVIDUAL|VARIABLE|P0408051007|1|0|1.0|INDIVIDUAL|VARIABLE|P0408051007|1|0|1.0|INDIVIDUAL|VARIABLE|P0408051007|1|0|1.0|INDIVIDUAL|VARIABLE|P0408051007|1|0|1.0|INDIVIDUAL|VARIABLE|P0408051007|1|0|1.0|INDIVIDUAL|VARIABLE|P0408051007|1|0|1.0|INDIVIDUAL|VARIABLE|P0408051007|1|0|1.0|INDIVIDUAL|VARIABLE|P0408051007|1|0|1.0|INDIVIDUAL|VARIABLE|P0408051007|1|0|1.0|INDIVIDUAL|VARIABLE|P0408051007|1|0|1.0|INDIVIDUAL|VARIABLE|P0408051007|1|0|1.0|INDIVIDUAL|VARIABLE|P0408051007|1|0|1.0|INDIVIDUAL|VARIABLE|P0408051007|1|0|1.0|INDIVIDUAL|VARIABLE|P0408051007|1|0|1.0|INDIVIDUAL|VARIABLE|P0408051007|1|0|1.0|INDIVIDUAL|VARIABLE|P0408051007|1|0|1.0|INDIVIDUAL|VARIABLE|P0408051007|1|0|1.0|INDIVIDUAL|VARIABLE|P0408051007|1|0|1.0|INDIVIDUAL|VARIABLE|P0408051007|1|0|1.0|INDIVIDUAL|VARIABLE|P0408051007|1|0|1.0|INDIVIDUAL|VARIABLE|P0408051007|1|0|1.0|INDIVIDUAL|VARIABLE|P0408051007|1|0|1.0|INDIVIDUAL|VARIABLE|P0408051007|1|0|1.0|INDIVIDUAL|VARIABLE|P0408051007|1|0|1.0|INDIVIDUAL|VARIABLE|P0408051007|1|0|1.0|INDIVIDUAL|VARIABLE|P0408051007|1|0|1.0|INDIVIDUAL|VARIABLE|P0408051007|1|0|1.0|INDIVIDUAL|VARIABLE|P0408051007|1|0|1.0|INDIVIDUAL|VARIABLE|P0408051007|1|0|1.0|INDIVIDUAL|VARIABLE|P0408051007|1|0|1.0|INDIVIDUAL|VARIABLE|P0408051007|1|0|1.0|INDIVIDUAL|VARIABLE|P0408051007|1|0|1.0|INDIVIDUAL|VARIABLE|P0408051007|1|0|1.0|INDIVIDUAL|VARIABLE|P0408051007|1|0|1.0|INDIVIDUAL|VARIABLE|P0408051007|1|0|1.0|INDIVIDUAL|VARIABLE|P0408051007|1|0|1.0|INDIVIDUAL|VARIABLE|P0408051007|1|0|1.0|INDIVIDUAL|VARIABLE|P0408051007|1|0|1.0|INDIVIDUAL|VARIABLE|P0408051007|1|0|1.0|INDIVIDUAL|VARIABLE|P0408051007|1|0|1.0|INDIVIDUAL|VARIABLE|P0408051007|1|0|1.0|INDIVIDUAL|VARIABLE|P0408051007|1|0|1.0|INDIVIDUAL|VARIABLE|P0408051007|1|0|1.0|INDIVIDUAL|VARIABLE|P0408051007|1|0|1.0|INDIVIDUAL|VARIABLE|P0408051007|1|0|1.0|INDIVIDUAL|VARIABLE|P0408051007|1|0|1.0|INDIVIDUAL|VARIABLE|P0408051007|1|0|1.0|INDIVIDUAL|VARIABLE|P0408051007|1|0|1.0|INDIVIDUAL|VARIABLE|P0408051007|1|0|1.0|INDIVIDUAL|VARIABLE|P0408051007|1|0|1.0|INDIVIDUAL|VARIABLE|P0408051007|1|0|1.0|INDIVIDUAL|VARIABLE|P0408051007|1|0|1.0|INDIVIDUAL|VARIABLE|P0408051007|1|0|1.0|INDIVIDUAL|VARIABLE|P0408051007|1|0|1.0|INDIVIDUAL|VARIABLE|P0408051007|1|0|1.0|INDIVIDUAL|VARIABLE|P0408051007|1|0|1.0|INDIVIDUAL|VARIABLE|P0408051007|1|0|1.0|INDIVIDUAL|VARIABLE|P0408051007|1|0|1.0|INDIVIDUAL|VARIABLE|P0408051007|1|0|1.0|INDIVIDUAL|VARIABLE|P0408051007|1|0|1.0|INDIVIDUAL|VARIABLE|P0408051007|1|0|1.0|INDIVIDUAL|VARIABLE|P0408051007|1|0|1.0|INDIVIDUAL|VARIABLE|P0408051007|1|0|1.0|INDIVIDUAL|VARIABLE|P0408051007|1|0|1.0|INDIVIDUAL|VARIABLE|P0408051007|1|0|1.0|INDIVIDUAL|VARIABLE|P0408051007|1|0|1.0|INDIVIDUAL|VARIABLE|P0408051007|1|0|1.0|INDIVIDUAL|VARIABLE|P0408051007|1|0|1.0|INDIVIDUAL|VARIABLE|P0408051007|1|0|1.0|INDIVIDUAL|VARIABLE|P0408051007|1|0|1.0|INDIVIDUAL|VARIABLE|P0408051007|1|0|1.0|INDIVIDUAL|VARIABLE|P0408051007|1|0|1.0|INDIVIDUAL|VARIABLE|P0408051007|1|0|1.0|INDIVIDUAL|VARIABLE|P0408051007|1|0|1.0|INDIVIDUAL|VARIABLE|P0408051007|1|0|1.0|INDIVIDUAL|VARIABLE|P0408051007|1|0|1.0|INDIVIDUAL|VARIABLE|P0408051007|1|0|1.0|INDIVIDUAL|VARIABLE|P0408051007|1|0|1.0|INDIVIDUAL|VARIABLE|P0408051007|1|0|1.0|INDIVIDUAL|VARIABLE|P0408051007|1|0|1.0|INDIVIDUAL|VARIABLE|P0408051007|1|0|1.0|INDIVIDUAL|VARIABLE|P0408051007|1|0|1.0|INDIVIDUAL|VARIABLE|P0408051007|1|0|1.0|INDIVIDUAL|VARIABLE|P0408051007|1|0|1.0|INDIVIDUAL|VARIABLE|P0408051007|1|0|1.0|INDIVIDUAL|VARIABLE|P0408051007|1|0|1.0|INDIVIDUAL|VARIABLE|P0408051007|1|0|1.0|INDIVIDUAL|VARIABLE|P0408051007|1|0|1.0|INDIVIDUAL|VARIABLE|P0408051007|1|0|1.0|INDIVIDUAL|VARIABLE|P0408051007|1|0|1.0|INDIVIDUAL|VARIABLE|P0408051007|1|0|1.0|INDIVIDUAL|VARIABLE|P0408051007|1|0|1.0|INDIVIDUAL|VARIABLE|P0408051007|1|0|1.0|INDIVIDUAL|VARIABLE|P0408051007|1|0|1.0|INDIVIDUAL|VARIABLE|P0408051007|1|0|1.0
117,INDIVIDUAL|VARIABLE|P0510067000|1|0|1.0|INDIVIDUAL|VARIABLE|P0510067000|1|0|1.0|INDIVIDUAL|VARIABLE|P0510067000|1|0|1.0|INDIVIDUAL|VARIABLE|P0510067000|1|0|1.0|INDIVIDUAL|VARIABLE|P0510067000|1|0|1.0|INDIVIDUAL|VARIABLE|P0510067000|1|0|1.0|INDIVIDUAL|VARIABLE|P0510067000|1|0|1.0|INDIVIDUAL|VARIABLE|P0510067000|1|0|1.0|INDIVIDUAL|VARIABLE|P0510067000|1|0|1.0|INDIVIDUAL|VARIABLE|P0510067000|1|0|1.0|INDIVIDUAL|VARIABLE|P0510067000|1|0|1.0|INDIVIDUAL|VARIABLE|P0510067000|1|0|1.0|INDIVIDUAL|VARIABLE|P0510067000|1|0|1.0|INDIVIDUAL|VARIABLE|P0510067000|1|0|1.0|INDIVIDUAL|VARIABLE|P0510067000|1|0|1.0|INDIVIDUAL|VARIABLE|P0510067000|1|0|1.0|INDIVIDUAL|VARIABLE|P0510067000|1|0|1.0|INDIVIDUAL|VARIABLE|P0510067000|1|0|1.0|INDIVIDUAL|VARIABLE|P0510067000|1|0|1.0|INDIVIDUAL|VARIABLE|P0510067000|1|0|1.0|INDIVIDUAL|VARIABLE|P0510067000|1|0|1.0|INDIVIDUAL|VARIABLE|P0510067000|1|0|1.0|INDIVIDUAL|VARIABLE|P0510067000|1|0|1.0|INDIVIDUAL|VARIABLE|P0510067000|1|0|1.0|INDIVIDUAL|VARIABLE|P0510067000|1|0|1.0|INDIVIDUAL|VARIABLE|P0510067000|1|0|1.0|INDIVIDUAL|VARIABLE|P0510067000|1|0|1.0|INDIVIDUAL|VARIABLE|P0510067000|1|0|1.0|INDIVIDUAL|VARIABLE|P0510067000|1|0|1.0|INDIVIDUAL|VARIABLE|P0510067000|1|0|1.0|INDIVIDUAL|VARIABLE|P0510067000|1|0|1.0|INDIVIDUAL|VARIABLE|P0510067000|1|0|1.0|INDIVIDUAL|VARIABLE|P0510067000|1|0|1.0|INDIVIDUAL|VARIABLE|P0510067000|1|0|1.0|INDIVIDUAL|VARIABLE|P0510067000|1|0|1.0|INDIVIDUAL|VARIABLE|P0510067000|1|0|1.0|INDIVIDUAL|VARIABLE|P0510067000|1|0|1.0|INDIVIDUAL|VARIABLE|P0510067000|1|0|1.0|INDIVIDUAL|VARIABLE|P0510067000|1|0|1.0|INDIVIDUAL|VARIABLE|P0510067000|1|0|1.0|INDIVIDUAL|VARIABLE|P0510067000|1|0|1.0|INDIVIDUAL|VARIABLE|P0510067000|1|0|1.0|INDIVIDUAL|VARIABLE|P0510067000|1|0|1.0|INDIVIDUAL|VARIABLE|P0510067000|1|0|1.0|INDIVIDUAL|VARIABLE|P0510067000|1|0|1.0|INDIVIDUAL|VARIABLE|P0510067000|1|0|1.0|INDIVIDUAL|VARIABLE|P0510067000|1|0|1.0|INDIVIDUAL|VARIABLE|P0510067000|1|0|1.0|INDIVIDUAL|VARIABLE|P0510067000|1|0|1.0|INDIVIDUAL|VARIABLE|P0510067000|1|0|1.0|INDIVIDUAL|VARIABLE|P0510067000|1|0|1.0|INDIVIDUAL|VARIABLE|P0510067000|1|0|1.0|INDIVIDUAL|VARIABLE|P0510067000|1|0|1.0|INDIVIDUAL|VARIABLE|P0510067000|1|0|1.0|INDIVIDUAL|VARIABLE|P0510067000|1|0|1.0|INDIVIDUAL|VARIABLE|P0510067000|1|0|1.0|INDIVIDUAL|VARIABLE|P0510067000|1|0|1.0|INDIVIDUAL|VARIABLE|P0510067000|1|0|1.0|INDIVIDUAL|VARIABLE|P0510067000|1|0|1.0|INDIVIDUAL|VARIABLE|P0510067000|1|0|1.0|INDIVIDUAL|VARIABLE|P0510067000|1|0|1.0|INDIVIDUAL|VARIABLE|P0510067000|1|0|1.0|INDIVIDUAL|VARIABLE|P0510067000|1|0|1.0|INDIVIDUAL|VARIABLE|P0510067000|1|0|1.0|INDIVIDUAL|VARIABLE|P0510067000|1|0|1.0|INDIVIDUAL|VARIABLE|P0510067000|1|0|1.0|INDIVIDUAL|VARIABLE|P0510067000|1|0|1.0|INDIVIDUAL|VARIABLE|P0510067000|1|0|1.0|INDIVIDUAL|VARIABLE|P0510067000|1|0|1.0|INDIVIDUAL|VARIABLE|P0510067000|1|0|1.0|INDIVIDUAL|VARIABLE|P0510067000|1|0|1.0|INDIVIDUAL|VARIABLE|P0510067000|1|0|1.0|INDIVIDUAL|VARIABLE|P0510067000|1|0|1.0|INDIVIDUAL|VARIABLE|P0510067000|1|0|1.0|INDIVIDUAL|VARIABLE|P0510067000|1|0|1.0|INDIVIDUAL|VARIABLE|P0510067000|1|0|1.0|INDIVIDUAL|VARIABLE|P0510067000|1|0|1.0|INDIVIDUAL|VARIABLE|P0510067000|1|0|1.0|INDIVIDUAL|VARIABLE|P0510067000|1|0|1.0|INDIVIDUAL|VARIABLE|P0510067000|1|0|1.0|INDIVIDUAL|VARIABLE|P0510067000|1|0|1.0|INDIVIDUAL|VARIABLE|P0510067000|1|0|1.0|INDIVIDUAL|VARIABLE|P0510067000|1|0|1.0|INDIVIDUAL|VARIABLE|P0510067000|1|0|1.0|INDIVIDUAL|VARIABLE|P0510067000|1|0|1.0|INDIVIDUAL|VARIABLE|P0510067000|1|0|1.0|INDIVIDUAL|VARIABLE|P0510067000|1|0|1.0|INDIVIDUAL|VARIABLE|P0510067000|1|0|1.0|INDIVIDUAL|VARIABLE|P0510067000|1|0|1.0|INDIVIDUAL|VARIABLE|P0510067000|1|0|1.0|INDIVIDUAL|VARIABLE|P0510067000|1|0|1.0|INDIVIDUAL|VARIABLE|P0510067000|1|0|1.0|INDIVIDUAL|VARIABLE|P0510067000|1|0|1.0|INDIVIDUAL|VARIABLE|P0510067000|1|0|1.0|INDIVIDUAL|VARIABLE|P0510067000|1|0|1.0|INDIVIDUAL|VARIABLE|P0510067000|1|0|1.0|INDIVIDUAL|VARIABLE|P0510067000|1|0|1.0|INDIVIDUAL|VARIABLE|P0510067000|1|0|1.0|INDIVIDUAL|VARIABLE|P0510067000|1|0|1.0|INDIVIDUAL|VARIABLE|P0510067000|1|0|1.0|INDIVIDUAL|VARIABLE|P0510067000|1|0|1.0|INDIVIDUAL|VARIABLE|P0510067000|1|0|1.0|INDIVIDUAL|VARIABLE|P0510067000|1|0|1.0|INDIVIDUAL|VARIABLE|P0510067000|1|0|1.0|INDIVIDUAL|VARIABLE|P0510067000|1|0|1.0|INDIVIDUAL|VARIABLE|P0510067000|1|0|1.0|INDIVIDUAL|VARIABLE|P0510067000|1|0|1.0|INDIVIDUAL|VARIABLE|P0510067000|1|0|1.0|INDIVIDUAL|VARIABLE|P0510067000|1|0|1.0|INDIVIDUAL|VARIABLE|P0510067000|1|0|1.0|INDIVIDUAL|VARIABLE|P0510067000|1|0|1.0|INDIVIDUAL|VARIABLE|P0510067000|1|0|1.0|INDIVIDUAL|VARIABLE|P0510067000|1|0|1.0|INDIVIDUAL|VARIABLE|P0510067000|1|0|1.0|INDIVIDUAL|VARIABLE|P0510067000|1|0|1.0|INDIVIDUAL|VARIABLE|P0510067000|1|0|1.0|INDIVIDUAL|VARIABLE|P0510067000|1|0|1.0|INDIVIDUAL|VARIABLE|P0510067000|1|0|1.0|INDIVIDUAL|VARIABLE|P0510067000|1|0|1.0|INDIVIDUAL|VARIABLE|P0510067000|1|0|1.0|INDIVIDUAL|VARIABLE|P0510067000|1|0|1.0|INDIVIDUAL|VARIABLE|P0510067000|1|0|1.0|INDIVIDUAL|VARIABLE|P0510067000|1|0|1.0|INDIVIDUAL|VARIABLE|P0510067000|1|0|1.0|INDIVIDUAL|VARIABLE|P0510067000|1|0|1.0|INDIVIDUAL|VARIABLE|P0510067000|1|0|1.0|INDIVIDUAL|VARIABLE|P0510067000|1|0|1.0|INDIVIDUAL|VARIABLE|P0510067000|1|0|1.0|INDIVIDUAL|VARIABLE|P0510067000|1|0|1.0|INDIVIDUAL|VARIABLE|P0510067000|1|0|1.0|INDIVIDUAL|VARIABLE|P0510067000|1|0|1.0|INDIVIDUAL|VARIABLE|P0510067000|1|0|1.0|INDIVIDUAL|VARIABLE|P0510067000|1|0|1.0|INDIVIDUAL|VARIABLE|P0510067000|1|0|1.0|INDIVIDUAL|VARIABLE|P0510067000|1|0|1.0|INDIVIDUAL|VARIABLE|P0510067000|1|0|1.0|INDIVIDUAL|VARIABLE|P0510067000|1|0|1.0|INDIVIDUAL|VARIABLE|P0510067000|1|0|1.0|INDIVIDUAL|VARIABLE|P0510067000|1|0|1.0|INDIVIDUAL|VARIABLE|P0510067000|1|0|1.0|INDIVIDUAL|VARIABLE|P0510067000|1|0|1.0|INDIVIDUAL|VARIABLE|P0510067000|1|0|1.0|INDIVIDUAL|VARIABLE|P0510067000|1|0|1.0|INDIVIDUAL|VARIABLE|P0510067000|1|0|1.0|INDIVIDUAL|VARIABLE|P0510067000|1|0|1.0|INDIVIDUAL|VARIABLE|P0510067000|1|0|1.0|INDIVIDUAL|VARIABLE|P0510067000|1|0|1.0|INDIVIDUAL|VARIABLE|P0510067000|1|0|1.0|INDIVIDUAL|VARIABLE|P0510067000|1|0|1.0|INDIVIDUAL|VARIABLE|P0510067000|1|0|1.0|INDIVIDUAL|VARIABLE|P0510067000|1|0|1.0|INDIVIDUAL|VARIABLE|P0510067000|1|0|1.0|INDIVIDUAL|VARIABLE|P0510067000|1|0|1.0|INDIVIDUAL|VARIABLE|P0510067000|1|0|1.0|INDIVIDUAL|VARIABLE|P0510067000|1|0|1.0|INDIVIDUAL|VARIABLE|P0510067000|1|0|1.0
118,INDIVIDUAL|VARIABLE|P0510067002|1|0|1.0|INDIVIDUAL|VARIABLE|P0510067002|1|0|1.0|INDIVIDUAL|VARIABLE|P0510067002|1|0|1.0|INDIVIDUAL|VARIABLE|P0510067002|1|0|1.0|INDIVIDUAL|VARIABLE|P0510067002|1|0|1.0|INDIVIDUAL|VARIABLE|P0510067002|1|0|1.0|INDIVIDUAL|VARIABLE|P0510067002|1|0|1.0|INDIVIDUAL|VARIABLE|P0510067002|1|0|1.0|INDIVIDUAL|VARIABLE|P0510067002|1|0|1.0|INDIVIDUAL|VARIABLE|P0510067002|1|0|1.0|INDIVIDUAL|VARIABLE|P0510067002|1|0|1.0|INDIVIDUAL|VARIABLE|P0510067002|1|0|1.0|INDIVIDUAL|VARIABLE|P0510067002|1|0|1.0|INDIVIDUAL|VARIABLE|P0510067002|1|0|1.0|INDIVIDUAL|VARIABLE|P0510067002|1|0|1.0|INDIVIDUAL|VARIABLE|P0510067002|1|0|1.0|INDIVIDUAL|VARIABLE|P0510067002|1|0|1.0|INDIVIDUAL|VARIABLE|P0510067002|1|0|1.0|INDIVIDUAL|VARIABLE|P0510067002|1|0|1.0|INDIVIDUAL|VARIABLE|P0510067002|1|0|1.0|INDIVIDUAL|VARIABLE|P0510067002|1|0|1.0|INDIVIDUAL|VARIABLE|P0510067002|1|0|1.0|INDIVIDUAL|VARIABLE|P0510067002|1|0|1.0|INDIVIDUAL|VARIABLE|P0510067002|1|0|1.0|INDIVIDUAL|VARIABLE|P0510067002|1|0|1.0|INDIVIDUAL|VARIABLE|P0510067002|1|0|1.0|INDIVIDUAL|VARIABLE|P0510067002|1|0|1.0|INDIVIDUAL|VARIABLE|P0510067002|1|0|1.0|INDIVIDUAL|VARIABLE|P0510067002|1|0|1.0|INDIVIDUAL|VARIABLE|P0510067002|1|0|1.0|INDIVIDUAL|VARIABLE|P0510067002|1|0|1.0|INDIVIDUAL|VARIABLE|P0510067002|1|0|1.0|INDIVIDUAL|VARIABLE|P0510067002|1|0|1.0|INDIVIDUAL|VARIABLE|P0510067002|1|0|1.0|INDIVIDUAL|VARIABLE|P0510067002|1|0|1.0|INDIVIDUAL|VARIABLE|P0510067002|1|0|1.0|INDIVIDUAL|VARIABLE|P0510067002|1|0|1.0|INDIVIDUAL|VARIABLE|P0510067002|1|0|1.0|INDIVIDUAL|VARIABLE|P0510067002|1|0|1.0|INDIVIDUAL|VARIABLE|P0510067002|1|0|1.0|INDIVIDUAL|VARIABLE|P0510067002|1|0|1.0|INDIVIDUAL|VARIABLE|P0510067002|1|0|1.0|INDIVIDUAL|VARIABLE|P0510067002|1|0|1.0|INDIVIDUAL|VARIABLE|P0510067002|1|0|1.0|INDIVIDUAL|VARIABLE|P0510067002|1|0|1.0|INDIVIDUAL|VARIABLE|P0510067002|1|0|1.0|INDIVIDUAL|VARIABLE|P0510067002|1|0|1.0|INDIVIDUAL|VARIABLE|P0510067002|1|0|1.0|INDIVIDUAL|VARIABLE|P0510067002|1|0|1.0|INDIVIDUAL|VARIABLE|P0510067002|1|0|1.0|INDIVIDUAL|VARIABLE|P0510067002|1|0|1.0|INDIVIDUAL|VARIABLE|P0510067002|1|0|1.0|INDIVIDUAL|VARIABLE|P0510067002|1|0|1.0|INDIVIDUAL|VARIABLE|P0510067002|1|0|1.0|INDIVIDUAL|VARIABLE|P0510067002|1|0|1.0|INDIVIDUAL|VARIABLE|P0510067002|1|0|1.0|INDIVIDUAL|VARIABLE|P0510067002|1|0|1.0|INDIVIDUAL|VARIABLE|P0510067002|1|0|1.0|INDIVIDUAL|VARIABLE|P0510067002|1|0|1.0|INDIVIDUAL|VARIABLE|P0510067002|1|0|1.0|INDIVIDUAL|VARIABLE|P0510067002|1|0|1.0|INDIVIDUAL|VARIABLE|P0510067002|1|0|1.0|INDIVIDUAL|VARIABLE|P0510067002|1|0|1.0|INDIVIDUAL|VARIABLE|P0510067002|1|0|1.0|INDIVIDUAL|VARIABLE|P0510067002|1|0|1.0
119,INDIVIDUAL|VARIABLE|P0280076000|1|0|1.0|INDIVIDUAL|VARIABLE|P0280076000|1|0|1.0|INDIVIDUAL|VARIABLE|P0280076000|1|0|1.0|INDIVIDUAL|VARIABLE|P0280076000|1|0|1.0|INDIVIDUAL|VARIABLE|P0280076000|1|0|1.0|INDIVIDUAL|VARIABLE|P0280076000|1|0|1.0|INDIVIDUAL|VARIABLE|P0280076000|1|0|1.0|INDIVIDUAL|VARIABLE|P0280076000|1|0|1.0|INDIVIDUAL|VARIABLE|P0280076000|1|0|1.0|INDIVIDUAL|VARIABLE|P0280076000|1|0|1.0|INDIVIDUAL|VARIABLE|P0280076000|1|0|1.0|INDIVIDUAL|VARIABLE|P0280076000|1|0|1.0|INDIVIDUAL|VARIABLE|P0280076000|1|0|1.0|INDIVIDUAL|VARIABLE|P0280076000|1|0|1.0|INDIVIDUAL|VARIABLE|P0280076000|1|0|1.0|INDIVIDUAL|VARIABLE|P0280076000|1|0|1.0|INDIVIDUAL|VARIABLE|P0280076000|1|0|1.0|INDIVIDUAL|VARIABLE|P0280076000|1|0|1.0|INDIVIDUAL|VARIABLE|P0280076000|1|0|1.0|INDIVIDUAL|VARIABLE|P0280076000|1|0|1.0|INDIVIDUAL|VARIABLE|P0280076000|1|0|1.0|INDIVIDUAL|VARIABLE|P0280076000|1|0|1.0|INDIVIDUAL|VARIABLE|P0280076000|1|0|1.0|INDIVIDUAL|VARIABLE|P0280076000|1|0|1.0|INDIVIDUAL|VARIABLE|P0280076000|1|0|1.0|INDIVIDUAL|VARIABLE|P0280076000|1|0|1.0|INDIVIDUAL|VARIABLE|P0280076000|1|0|1.0|INDIVIDUAL|VARIABLE|P0280076000|1|0|1.0|INDIVIDUAL|VARIABLE|P0280076000|1|0|1.0|INDIVIDUAL|VARIABLE|P0280076000|1|0|1.0|INDIVIDUAL|VARIABLE|P0280076000|1|0|1.0|INDIVIDUAL|VARIABLE|P0280076000|1|0|1.0|INDIVIDUAL|VARIABLE|P0280076000|1|0|1.0|INDIVIDUAL|VARIABLE|P0280076000|1|0|1.0|INDIVIDUAL|VARIABLE|P0280076000|1|0|1.0|INDIVIDUAL|VARIABLE|P0280076000|1|0|1.0|INDIVIDUAL|VARIABLE|P0280076000|1|0|1.0|INDIVIDUAL|VARIABLE|P0280076000|1|0|1.0|INDIVIDUAL|VARIABLE|P0280076000|1|0|1.0|INDIVIDUAL|VARIABLE|P0280076000|1|0|1.0|INDIVIDUAL|VARIABLE|P0280076000|1|0|1.0|INDIVIDUAL|VARIABLE|P0280076000|1|0|1.0|INDIVIDUAL|VARIABLE|P0280076000|1|0|1.0|INDIVIDUAL|VARIABLE|P0280076000|1|0|1.0|INDIVIDUAL|VARIABLE|P0280076000|1|0|1.0|INDIVIDUAL|VARIABLE|P0280076000|1|0|1.0|INDIVIDUAL|VARIABLE|P0280076000|1|0|1.0|INDIVIDUAL|VARIABLE|P0280076000|1|0|1.0|INDIVIDUAL|VARIABLE|P0280076000|1|0|1.0|INDIVIDUAL|VARIABLE|P0280076000|1|0|1.0|INDIVIDUAL|VARIABLE|P0280076000|1|0|1.0|INDIVIDUAL|VARIABLE|P0280076000|1|0|1.0|INDIVIDUAL|VARIABLE|P0280076000|1|0|1.0|INDIVIDUAL|VARIABLE|P0280076000|1|0|1.0|INDIVIDUAL|VARIABLE|P0280076000|1|0|1.0|INDIVIDUAL|VARIABLE|P0280076000|1|0|1.0|INDIVIDUAL|VARIABLE|P0280076000|1|0|1.0|INDIVIDUAL|VARIABLE|P0280076000|1|0|1.0|INDIVIDUAL|VARIABLE|P0280076000|1|0|1.0|INDIVIDUAL|VARIABLE|P0280076000|1|0|1.0|INDIVIDUAL|VARIABLE|P0280076000|1|0|1.0|INDIVIDUAL|VARIABLE|P0280076000|1|0|1.0|INDIVIDUAL|VARIABLE|P0280076000|1|0|1.0|INDIVIDUAL|VARIABLE|P0280076000|1|0|1.0|INDIVIDUAL|VARIABLE|P0280076000|1|0|1.0|INDIVIDUAL|VARIABLE|P0280076000|1|0|1.0|INDIVIDUAL|VARIABLE|P0280076000|1|0|1.0|INDIVIDUAL|VARIABLE|P0280076000|1|0|1.0|INDIVIDUAL|VARIABLE|P0280076000|1|0|1.0|INDIVIDUAL|VARIABLE|P0280076000|1|0|1.0|INDIVIDUAL|VARIABLE|P0280076000|1|0|1.0|INDIVIDUAL|VARIABLE|P0280076000|1|0|1.0|INDIVIDUAL|VARIABLE|P0280076000|1|0|1.0|INDIVIDUAL|VARIABLE|P0280076000|1|0|1.0|INDIVIDUAL|VARIABLE|P0280076000|1|0|1.0|INDIVIDUAL|VARIABLE|P0280076000|1|0|1.0|INDIVIDUAL|VARIABLE|P0280076000|1|0|1.0
120,INDIVIDUAL|VARIABLE|P0510068000|1|0|1.0|INDIVIDUAL|VARIABLE|P0510068000|1|0|1.0|INDIVIDUAL|VARIABLE|P0510068000|1|0|1.0|INDIVIDUAL|VARIABLE|P0510068000|1|0|1.0|INDIVIDUAL|VARIABLE|P0510068000|1|0|1.0|INDIVIDUAL|VARIABLE|P0510068000|1|0|1.0|INDIVIDUAL|VARIABLE|P0510068000|1|0|1.0|INDIVIDUAL|VARIABLE|P0510068000|1|0|1.0|INDIVIDUAL|VARIABLE|P0510068000|1|0|1.0|INDIVIDUAL|VARIABLE|P0510068000|1|0|1.0|INDIVIDUAL|VARIABLE|P0510068000|1|0|1.0|INDIVIDUAL|VARIABLE|P0510068000|1|0|1.0|INDIVIDUAL|VARIABLE|P0510068000|1|0|1.0|INDIVIDUAL|VARIABLE|P0510068000|1|0|1.0|INDIVIDUAL|VARIABLE|P0510068000|1|0|1.0|INDIVIDUAL|VARIABLE|P0510068000|1|0|1.0|INDIVIDUAL|VARIABLE|P0510068000|1|0|1.0|INDIVIDUAL|VARIABLE|P0510068000|1|0|1.0|INDIVIDUAL|VARIABLE|P0510068000|1|0|1.0|INDIVIDUAL|VARIABLE|P0510068000|1|0|1.0|INDIVIDUAL|VARIABLE|P0510068000|1|0|1.0|INDIVIDUAL|VARIABLE|P0510068000|1|0|1.0|INDIVIDUAL|VARIABLE|P0510068000|1|0|1.0|INDIVIDUAL|VARIABLE|P0510068000|1|0|1.0|INDIVIDUAL|VARIABLE|P0510068000|1|0|1.0|INDIVIDUAL|VARIABLE|P0510068000|1|0|1.0|INDIVIDUAL|VARIABLE|P0510068000|1|0|1.0|INDIVIDUAL|VARIABLE|P0510068000|1|0|1.0|INDIVIDUAL|VARIABLE|P0510068000|1|0|1.0|INDIVIDUAL|VARIABLE|P0510068000|1|0|1.0|INDIVIDUAL|VARIABLE|P0510068000|1|0|1.0|INDIVIDUAL|VARIABLE|P0510068000|1|0|1.0|INDIVIDUAL|VARIABLE|P0510068000|1|0|1.0|INDIVIDUAL|VARIABLE|P0510068000|1|0|1.0|INDIVIDUAL|VARIABLE|P0510068000|1|0|1.0|INDIVIDUAL|VARIABLE|P0510068000|1|0|1.0|INDIVIDUAL|VARIABLE|P0510068000|1|0|1.0|INDIVIDUAL|VARIABLE|P0510068000|1|0|1.0|INDIVIDUAL|VARIABLE|P0510068000|1|0|1.0|INDIVIDUAL|VARIABLE|P0510068000|1|0|1.0|INDIVIDUAL|VARIABLE|P0510068000|1|0|1.0|INDIVIDUAL|VARIABLE|P0510068000|1|0|1.0|INDIVIDUAL|VARIABLE|P0510068000|1|0|1.0|INDIVIDUAL|VARIABLE|P0510068000|1|0|1.0|INDIVIDUAL|VARIABLE|P0510068000|1|0|1.0|INDIVIDUAL|VARIABLE|P0510068000|1|0|1.0|INDIVIDUAL|VARIABLE|P0510068000|1|0|1.0|INDIVIDUAL|VARIABLE|P0510068000|1|0|1.0|INDIVIDUAL|VARIABLE|P0510068000|1|0|1.0|INDIVIDUAL|VARIABLE|P0510068000|1|0|1.0|INDIVIDUAL|VARIABLE|P0510068000|1|0|1.0|INDIVIDUAL|VARIABLE|P0510068000|1|0|1.0|INDIVIDUAL|VARIABLE|P0510068000|1|0|1.0|INDIVIDUAL|VARIABLE|P0510068000|1|0|1.0|INDIVIDUAL|VARIABLE|P0510068000|1|0|1.0|INDIVIDUAL|VARIABLE|P0510068000|1|0|1.0|INDIVIDUAL|VARIABLE|P0510068000|1|0|1.0|INDIVIDUAL|VARIABLE|P0510068000|1|0|1.0|INDIVIDUAL|VARIABLE|P0510068000|1|0|1.0|INDIVIDUAL|VARIABLE|P0510068000|1|0|1.0|INDIVIDUAL|VARIABLE|P0510068000|1|0|1.0|INDIVIDUAL|VARIABLE|P0510068000|1|0|1.0|INDIVIDUAL|VARIABLE|P0510068000|1|0|1.0|INDIVIDUAL|VARIABLE|P0510068000|1|0|1.0|INDIVIDUAL|VARIABLE|P0510068000|1|0|1.0|INDIVIDUAL|VARIABLE|P0510068000|1|0|1.0|INDIVIDUAL|VARIABLE|P0510068000|1|0|1.0|INDIVIDUAL|VARIABLE|P0510068000|1|0|1.0|INDIVIDUAL|VARIABLE|P0510068000|1|0|1.0|INDIVIDUAL|VARIABLE|P0510068000|1|0|1.0|INDIVIDUAL|VARIABLE|P0510068000|1|0|1.0|INDIVIDUAL|VARIABLE|P0510068000|1|0|1.0|INDIVIDUAL|VARIABLE|P0510068000|1|0|1.0|INDIVIDUAL|VARIABLE|P0510068000|1|0|1.0|INDIVIDUAL|VARIABLE|P0510068000|1|0|1.0|INDIVIDUAL|VARIABLE|P0510068000|1|0|1.0|INDIVIDUAL|VARIABLE|P0510068000|1|0|1.0
121,INDIVIDUAL|VARIABLE|P0510071000|1|0|1.0|INDIVIDUAL|VARIABLE|P0510071000|1|0|1.0|INDIVIDUAL|VARIABLE|P0510071000|1|0|1.0|INDIVIDUAL|VARIABLE|P0510071000|1|0|1.0|INDIVIDUAL|VARIABLE|P0510071000|1|0|1.0|INDIVIDUAL|VARIABLE|P0510071000|1|0|1.0|INDIVIDUAL|VARIABLE|P0510071000|1|0|1.0|INDIVIDUAL|VARIABLE|P0510071000|1|0|1.0|INDIVIDUAL|VARIABLE|P0510071000|1|0|1.0|INDIVIDUAL|VARIABLE|P0510071000|1|0|1.0|INDIVIDUAL|VARIABLE|P0510071000|1|0|1.0|INDIVIDUAL|VARIABLE|P0510071000|1|0|1.0|INDIVIDUAL|VARIABLE|P0510071000|1|0|1.0|INDIVIDUAL|VARIABLE|P0510071000|1|0|1.0|INDIVIDUAL|VARIABLE|P0510071000|1|0|1.0|INDIVIDUAL|VARIABLE|P0510071000|1|0|1.0|INDIVIDUAL|VARIABLE|P0510071000|1|0|1.0|INDIVIDUAL|VARIABLE|P0510071000|1|0|1.0|INDIVIDUAL|VARIABLE|P0510071000|1|0|1.0|INDIVIDUAL|VARIABLE|P0510071000|1|0|1.0|INDIVIDUAL|VARIABLE|P0510071000|1|0|1.0|INDIVIDUAL|VARIABLE|P0510071000|1|0|1.0|INDIVIDUAL|VARIABLE|P0510071000|1|0|1.0|INDIVIDUAL|VARIABLE|P0510071000|1|0|1.0|INDIVIDUAL|VARIABLE|P0510071000|1|0|1.0|INDIVIDUAL|VARIABLE|P0510071000|1|0|1.0
122,SET FIJO|FIJO|200050979|1|0|1.0|SET FIJO|FIJO|200050979|1|0|1.0|SET FIJO|FIJO|200050979|1|0|1.0|SET FIJO|FIJO|200050979|1|0|1.0|SET FIJO|FIJO|200050979|1|0|1.0|SET FIJO|FIJO|200050979|1|0|1.0|SET FIJO|FIJO|200116549|0|0|1.0|SET FIJO|FIJO|200116549|0|0|1.0|SET FIJO|FIJO|200116549|0|0|1.0|SET FIJO|FIJO|200116549|0|0|1.0|SET FIJO|FIJO|200116549|0|0|1.0|SET FIJO|FIJO|200116549|0|0|1.0|SET FIJO|FIJO|200116549|0|0|1.0|SET FIJO|FIJO|200116549|0|0|1.0|SET FIJO|FIJO|200116549|0|0|1.0|SET FIJO|FIJO|200116549|0|0|1.0|SET FIJO|FIJO|200116549|0|0|1.0|SET FIJO|FIJO|200116549|0|0|1.0|SET FIJO|FIJO|200050979|1|0|1.0|SET FIJO|FIJO|200050979|1|0|1.0|SET FIJO|FIJO|200050979|1|0|1.0|SET FIJO|FIJO|200050979|1|0|1.0|SET FIJO|FIJO|200050979|1|0|1.0|SET FIJO|FIJO|200116549|0|0|1.0|SET FIJO|FIJO|200050979|1|0|1.0|SET FIJO|FIJO|200050979|1|0|1.0
123,SET FIJO|FIJO|200037781|1|0|1.0|SET FIJO|FIJO|200037781|1|0|1.0|SET FIJO|FIJO|200037781|1|0|1.0|SET FIJO|FIJO|200037781|1|0|1.0|SET FIJO|FIJO|200037781|1|0|1.0|SET FIJO|FIJO|200037781|1|0|1.0|SET FIJO|FIJO|200037781|1|0|1.0|SET FIJO|FIJO|200037781|1|0|1.0|SET FIJO|FIJO|200037781|1|0|1.0|SET FIJO|FIJO|200037781|1|0|1.0|SET FIJO|FIJO|200037781|1|0|1.0|SET FIJO|FIJO|200080567|0|0|1.0|SET FIJO|FIJO|200080567|0|0|1.0|SET FIJO|FIJO|200080567|0|0|1.0|SET FIJO|FIJO|200080567|0|0|1.0|SET FIJO|FIJO|200080567|0|0|1.0|SET FIJO|FIJO|200080567|0|0|1.0|SET FIJO|FIJO|200080567|0|0|1.0|SET FIJO|FIJO|200080567|0|0|1.0|SET FIJO|FIJO|200080567|0|0|1.0|SET FIJO|FIJO|200080567|0|0|1.0|SET FIJO|FIJO|200080567|0|0|1.0|SET FIJO|FIJO|200080567|0|0|1.0|SET FIJO|FIJO|200037781|1|0|1.0|SET FIJO|FIJO|200037781|1|0|1.0
124,SET FIJO|FIJO|200118093|0|0|1.0|SET FIJO|FIJO|200118093|0|0|1.0|SET FIJO|FIJO|200113646|1|0|1.0|SET FIJO|FIJO|200113646|1|0|1.0|SET FIJO|FIJO|200113646|1|0|1.0|SET FIJO|FIJO|200113646|1|0|1.0|SET FIJO|FIJO|200113646|1|0|1.0|SET FIJO|FIJO|200113646|1|0|1.0|SET FIJO|FIJO|200113646|1|0|1.0|SET FIJO|FIJO|200113646|1|0|1.0|SET FIJO|FIJO|200113646|1|0|1.0|SET FIJO|FIJO|200113646|1|0|1.0|SET FIJO|FIJO|200118093|0|0|1.0|SET FIJO|FIJO|200118093|0|0|1.0|SET FIJO|FIJO|200118093|0|0|1.0|SET FIJO|FIJO|200118093|0|0|1.0|SET FIJO|FIJO|200118093|0|0|1.0|SET FIJO|FIJO|200118093|0|0|1.0|SET FIJO|FIJO|200118093|0|0|1.0|SET FIJO|FIJO|200118093|0|0|1.0|SET FIJO|FIJO|200118093|0|0|1.0|SET FIJO|FIJO|200118093|0|0|1.0|SET FIJO|FIJO|200118093|0|0|1.0|SET FIJO|FIJO|200113646|1|0|1.0|SET FIJO|FIJO|200113646|1|0|1.0|SET FIJO|FIJO|200113646|1|0|1.0
125,SET FIJO|FIJO|200111319|1|0|1.0|SET FIJO|FIJO|200111319|1|0|1.0|SET FIJO|FIJO|200111319|1|0|1.0|SET FIJO|FIJO|200111319|1|0|1.0|SET FIJO|FIJO|200111319|1|0|1.0|SET FIJO|FIJO|200111319|1|0|1.0|SET FIJO|FIJO|200116338|0|0|1.0|SET FIJO|FIJO|200116338|0|0|1.0|SET FIJO|FIJO|200116338|0|0|1.0|SET FIJO|FIJO|200116338|0|0|1.0|SET FIJO|FIJO|200116338|0|0|1.0|SET FIJO|FIJO|200116338|0|0|1.0|SET FIJO|FIJO|200116338|0|0|1.0|SET FIJO|FIJO|200116338|0|0|1.0|SET FIJO|FIJO|200116338|0|0|1.0|SET FIJO|FIJO|200116338|0|0|1.0|SET FIJO|FIJO|200111319|1|0|1.0|SET FIJO|FIJO|200111319|1|0|1.0|SET FIJO|FIJO|200111319|1|0|1.0|SET FIJO|FIJO|200111319|1|0|1.0|SET FIJO|FIJO|200111319|1|0|1.0|SET FIJO|FIJO|200111319|1|0|1.0|SET FIJO|FIJO|200111319|1|0|1.0|SET FIJO|FIJO|200116338|0|0|1.0|SET FIJO|FIJO|200116338|0|0|1.0|SET FIJO|FIJO|200116338|0|0|1.0
126,SET FIJO|FIJO|200117196|0|0|1.0|SET FIJO|FIJO|200117196|0|0|1.0|SET FIJO|FIJO|200117191|1|0|1.0|SET FIJO|FIJO|200117191|1|0|1.0|SET FIJO|FIJO|200117191|1|0|1.0|SET FIJO|FIJO|200117191|1|0|1.0|SET FIJO|FIJO|200117191|1|0|1.0|SET FIJO|FIJO|200117191|1|0|1.0|SET FIJO|FIJO|200117191|1|0|1.0|SET FIJO|FIJO|200117191|1|0|1.0|SET FIJO|FIJO|200117196|0|0|1.0|SET FIJO|FIJO|200117191|1|0|1.0|SET FIJO|FIJO|200117191|1|0|1.0|SET FIJO|FIJO|200117191|1|0|1.0|SET FIJO|FIJO|200117196|0|0|1.0|SET FIJO|FIJO|200117196|0|0|1.0|SET FIJO|FIJO|200117196|0|0|1.0|SET FIJO|FIJO|200117196|0|0|1.0|SET FIJO|FIJO|200117196|0|0|1.0|SET FIJO|FIJO|200117196|0|0|1.0|SET FIJO|FIJO|200117196|0|0|1.0|SET FIJO|FIJO|200117196|0|0|1.0|SET FIJO|FIJO|200117191|1|0|1.0|SET FIJO|FIJO|200117191|1|0|1.0|SET FIJO|FIJO|200117196|0|0|1.0|SET FIJO|FIJO|200117196|0|0|1.0
127,SET FIJO|FIJO|200050984|0|0|1.0|SET FIJO|FIJO|200050979|1|0|1.0|SET FIJO|FIJO|200050984|0|0|1.0|SET FIJO|FIJO|200050979|1|0|1.0|SET FIJO|FIJO|200050984|0|0|1.0|SET FIJO|FIJO|200050984|0|0|1.0|SET FIJO|FIJO|200050979|1|0|1.0|SET FIJO|FIJO|P0261052003|0|0|1.0|SET FIJO|FIJO|P0261052003|0|0|1.0|SET FIJO|FIJO|P0261052003|0|0|1.0|SET FIJO|FIJO|P0261052003|0|0|1.0|SET FIJO|FIJO|P0261052003|0|0|1.0|SET FIJO|FIJO|P0261052003|0|0|1.0|SET FIJO|FIJO|P0261052003|0|0|1.0|SET FIJO|FIJO|200050979|1|0|1.0|SET FIJO|FIJO|200050979|1|0|1.0|SET FIJO|FIJO|200050979|1|0|1.0|SET FIJO|FIJO|200050979|1|0|1.0|SET FIJO|FIJO|P0261052003|0|0|1.0|SET FIJO|FIJO|P0261052003|0|0|1.0|SET FIJO|FIJO|200050984|0|0|1.0|SET FIJO|FIJO|200050984|0|0|1.0|SET FIJO|FIJO|200050984|0|0|1.0|SET FIJO|FIJO|200050979|1|0|1.0|SET FIJO|FIJO|200050979|1|0|1.0|SET FIJO|FIJO|200050984|0|0|1.0|SET FIJO|FIJO|200050984|0|0|1.0|SET FIJO|FIJO|P0261052003|0|0|1.0|SET FIJO|FIJO|200050979|1|0|1.0|SET FIJO|FIJO|200050984|0|0|1.0|SET FIJO|FIJO|200050984|0|0|1.0|SET FIJO|FIJO|200050984|0|0|1.0|SET FIJO|FIJO|200050984|0|0|1.0|SET FIJO|FIJO|200050979|1|0|1.0|SET FIJO|FIJO|200050979|1|0|1.0|SET FIJO|FIJO|200050979|1|0|1.0|SET FIJO|FIJO|200050984|0|0|1.0|SET FIJO|FIJO|200050979|1|0|1.0
128,SET FIJO|FIJO|200012761|0|0|1.0|SET FIJO|FIJO|200012707|1|0|1.0|SET FIJO|FIJO|200012707|1|0|1.0|SET FIJO|FIJO|200012761|0|0|1.0|SET FIJO|FIJO|200012707|1|0|1.0|SET FIJO|FIJO|200012707|1|0|1.0|SET FIJO|FIJO|200012761|0|0|1.0|SET FIJO|FIJO|200104393|0|0|1.0|SET FIJO|FIJO|200012761|0|0|1.0|SET FIJO|FIJO|200012707|1|0|1.0|SET FIJO|FIJO|200012707|1|0|1.0|SET FIJO|FIJO|200012761|0|0|1.0|SET FIJO|FIJO|200012707|1|0|1.0|SET FIJO|FIJO|200012761|0|0|1.0|SET FIJO|FIJO|200012761|0|0|1.0|SET FIJO|FIJO|200012761|0|0|1.0|SET FIJO|FIJO|200012707|1|0|1.0|SET FIJO|FIJO|200012707|1|0|1.0|SET FIJO|FIJO|200104393|0|0|1.0|SET FIJO|FIJO|200012707|1|0|1.0|SET FIJO|FIJO|200104393|0|0|1.0|SET FIJO|FIJO|200104393|0|0|1.0|SET FIJO|FIJO|200104393|0|0|1.0|SET FIJO|FIJO|200104393|0|0|1.0|SET FIJO|FIJO|200104393|0|0|1.0|SET FIJO|FIJO|200104393|0|0|1.0|SET FIJO|FIJO|200104393|0|0|1.0|SET FIJO|FIJO|200104393|0|0|1.0|SET FIJO|FIJO|200104393|0|0|1.0|SET FIJO|FIJO|200012707|1|0|1.0|SET FIJO|FIJO|200012707|1|0|1.0|SET FIJO|FIJO|200012761|0|0|1.0|SET FIJO|FIJO|200012761|0|0|1.0|SET FIJO|FIJO|200012761|0|0|1.0|SET FIJO|FIJO|200012707|1|0|1.0|SET FIJO|FIJO|200012761|0|0|1.0
129,SET FIJO|FIJO|200051254|0|0|1.0|SET FIJO|FIJO|200051249|1|0|1.0|SET FIJO|FIJO|200072406|0|0|1.0|SET FIJO|FIJO|200051254|0|0|1.0|SET FIJO|FIJO|200051254|0|0|1.0|SET FIJO|FIJO|200051249|1|0|1.0|SET FIJO|FIJO|200051249|1|0|1.0|SET FIJO|FIJO|200051249|1|0|1.0|SET FIJO|FIJO|200072406|0|0|1.0|SET FIJO|FIJO|200072406|0|0|1.0|SET FIJO|FIJO|200072406|0|0|1.0|SET FIJO|FIJO|200051249|1|0|1.0|SET FIJO|FIJO|200051249|1|0|1.0|SET FIJO|FIJO|200051249|1|0|1.0|SET FIJO|FIJO|200051254|0|0|1.0|SET FIJO|FIJO|200051254|0|0|1.0|SET FIJO|FIJO|200051254|0|0|1.0|SET FIJO|FIJO|200051254|0|0|1.0|SET FIJO|FIJO|200072406|0|0|1.0|SET FIJO|FIJO|200051254|0|0|1.0|SET FIJO|FIJO|200051254|0|0|1.0|SET FIJO|FIJO|200072406|0|0|1.0|SET FIJO|FIJO|200072406|0|0|1.0|SET FIJO|FIJO|200072406|0|0|1.0|SET FIJO|FIJO|200051254|0|0|1.0|SET FIJO|FIJO|200051254|0|0|1.0|SET FIJO|FIJO|200051254|0|0|1.0|SET FIJO|FIJO|200051254|0|0|1.0|SET FIJO|FIJO|200072406|0|0|1.0|SET FIJO|FIJO|200072406|0|0|1.0|SET FIJO|FIJO|200072406|0|0|1.0|SET FIJO|FIJO|200051249|1|0|1.0|SET FIJO|FIJO|200051249|1|0|1.0|SET FIJO|FIJO|200051249|1|0|1.0|SET FIJO|FIJO|200051249|1|0|1.0|SET FIJO|FIJO|200051249|1|0|1.0|SET FIJO|FIJO|200051249|1|0|1.0
130,SET FIJO|FIJO|200107663|0|0|1.0|SET FIJO|FIJO|200107663|0|0|1.0|SET FIJO|FIJO|200107663|0|0|1.0|SET FIJO|FIJO|200107663|0|0|1.0|SET FIJO|FIJO|200106354|1|0|1.0|SET FIJO|FIJO|200107663|0|0|1.0|SET FIJO|FIJO|200106354|1|0|1.0|SET FIJO|FIJO|200106354|1|0|1.0|SET FIJO|FIJO|200107663|0|0|1.0|SET FIJO|FIJO|200106354|1|0|1.0|SET FIJO|FIJO|200106354|1|0|1.0|SET FIJO|FIJO|200107663|0|0|1.0|SET FIJO|FIJO|200107663|0|0|1.0|SET FIJO|FIJO|200106354|1|0|1.0|SET FIJO|FIJO|200106354|1|0|1.0|SET FIJO|FIJO|200106354|1|0|1.0|SET FIJO|FIJO|200106354|1|0|1.0|SET FIJO|FIJO|200106354|1|0|1.0|SET FIJO|FIJO|200107663|0|0|1.0|SET FIJO|FIJO|200106354|1|0|1.0|SET FIJO|FIJO|200107663|0|0|1.0|SET FIJO|FIJO|200106354|1|0|1.0|SET FIJO|FIJO|200106354|1|0|1.0|SET FIJO|FIJO|200107663|0|0|1.0|SET FIJO|FIJO|200107663|0|0|1.0|SET FIJO|FIJO|200107663|0|0|1.0
131,SET FIJO|FIJO|200116558|0|0|1.0|SET FIJO|FIJO|200116558|0|0|1.0|SET FIJO|FIJO|200116558|0|0|1.0|SET FIJO|FIJO|200116558|0|0|1.0|SET FIJO|FIJO|200116558|0|0|1.0|SET FIJO|FIJO|200116558|0|0|1.0|SET FIJO|FIJO|200116558|0|0|1.0|SET FIJO|FIJO|200116555|1|0|1.0|SET FIJO|FIJO|200116555|1|0|1.0|SET FIJO|FIJO|200116555|1|0|1.0|SET FIJO|FIJO|200116555|1|0|1.0|SET FIJO|FIJO|200116558|0|0|1.0|SET FIJO|FIJO|200116558|0|0|1.0|SET FIJO|FIJO|200116558|0|0|1.0|SET FIJO|FIJO|200116555|1|0|1.0|SET FIJO|FIJO|200116555|1|0|1.0|SET FIJO|FIJO|200116555|1|0|1.0|SET FIJO|FIJO|200116555|1|0|1.0|SET FIJO|FIJO|200116555|1|0|1.0|SET FIJO|FIJO|200116555|1|0|1.0|SET FIJO|FIJO|200116555|1|0|1.0|SET FIJO|FIJO|200116555|1|0|1.0|SET FIJO|FIJO|200116555|1|0|1.0|SET FIJO|FIJO|200116558|0|0|1.0|SET FIJO|FIJO|200116558|0|0|1.0|SET FIJO|FIJO|200116558|0|0|1.0
132,SET FIJO|FIJO|200072406|0|0|1.0|SET FIJO|FIJO|200072406|0|0|1.0|SET FIJO|FIJO|200111318|1|0|1.0|SET FIJO|FIJO|200072406|0|0|1.0|SET FIJO|FIJO|200072406|0|0|1.0|SET FIJO|FIJO|200072406|0|0|1.0|SET FIJO|FIJO|200072406|0|0|1.0|SET FIJO|FIJO|200072406|0|0|1.0|SET FIJO|FIJO|200072406|0|0|1.0|SET FIJO|FIJO|200111318|1|0|1.0|SET FIJO|FIJO|200111318|1|0|1.0|SET FIJO|FIJO|200072406|0|0|1.0|SET FIJO|FIJO|200072406|0|0|1.0|SET FIJO|FIJO|200111318|1|0|1.0|SET FIJO|FIJO|200111318|1|0|1.0|SET FIJO|FIJO|200111318|1|0|1.0|SET FIJO|FIJO|200111318|1|0|1.0|SET FIJO|FIJO|200111318|1|0|1.0|SET FIJO|FIJO|200111318|1|0|1.0|SET FIJO|FIJO|200111318|1|0|1.0|SET FIJO|FIJO|200111318|1|0|1.0|SET FIJO|FIJO|200111318|1|0|1.0|SET FIJO|FIJO|200111318|1|0|1.0|SET FIJO|FIJO|200072406|0|0|1.0
133,SET FIJO|FIJO|200051249|0|0|1.0|SET FIJO|FIJO|200051249|0|0|1.0|SET FIJO|FIJO|200051249|0|0|1.0|SET FIJO|FIJO|200051249|0|0|1.0|SET FIJO|FIJO|200111318|1|0|1.0|SET FIJO|FIJO|200051249|0|0|1.0|SET FIJO|FIJO|200051249|0|0|1.0|SET FIJO|FIJO|200051249|0|0|1.0|SET FIJO|FIJO|200111318|1|0|1.0|SET FIJO|FIJO|200111318|1|0|1.0|SET FIJO|FIJO|200111318|1|0|1.0|SET FIJO|FIJO|200111318|1|0|1.0|SET FIJO|FIJO|200111318|1|0|1.0|SET FIJO|FIJO|200111318|1|0|1.0|SET FIJO|FIJO|200111318|1|0|1.0|SET FIJO|FIJO|200111318|1|0|1.0|SET FIJO|FIJO|200111318|1|0|1.0|SET FIJO|FIJO|200111318|1|0|1.0|SET FIJO|FIJO|200111318|1|0|1.0|SET FIJO|FIJO|200111318|1|0|1.0|SET FIJO|FIJO|200051249|0|0|1.0|SET FIJO|FIJO|200051249|0|0|1.0|SET FIJO|FIJO|200051249|0|0|1.0|SET FIJO|FIJO|200051249|0|0|1.0|SET FIJO|FIJO|200051249|0|0|1.0|SET FIJO|FIJO|200051249|0|0|1.0
134,SET FIJO|FIJO|200109489|1|0|1.0|SET FIJO|FIJO|200109489|1|0|1.0|SET FIJO|FIJO|200109468|0|0|1.0|SET FIJO|FIJO|200109468|0|0|1.0|SET FIJO|FIJO|200109468|0|0|1.0|SET FIJO|FIJO|200109468|0|0|1.0|SET FIJO|FIJO|200109468|0|0|1.0|SET FIJO|FIJO|200109468|0|0|1.0|SET FIJO|FIJO|200109468|0|0|1.0|SET FIJO|FIJO|200109468|0|0|1.0|SET FIJO|FIJO|200109489|1|0|1.0|SET FIJO|FIJO|200109489|1|0|1.0|SET FIJO|FIJO|200109468|0|0|1.0|SET FIJO|FIJO|200109489|1|0|1.0|SET FIJO|FIJO|200109489|1|0|1.0|SET FIJO|FIJO|200109468|0|0|1.0|SET FIJO|FIJO|200109489|1|0|1.0|SET FIJO|FIJO|200109468|0|0|1.0|SET FIJO|FIJO|200109468|0|0|1.0|SET FIJO|FIJO|200109489|1|0|1.0|SET FIJO|FIJO|200109489|1|0|1.0|SET FIJO|FIJO|200109489|1|0|1.0|SET FIJO|FIJO|200109468|0|0|1.0|SET FIJO|FIJO|200109489|1|0|1.0|SET FIJO|FIJO|200109489|1|0|1.0|SET FIJO|FIJO|200109489|1|0|1.0
135,SET FIJO|FIJO|200109489|1|0|1.0|SET FIJO|FIJO|200109489|1|0|1.0|SET FIJO|FIJO|200109489|1|0|1.0|SET FIJO|FIJO|200109489|1|0|1.0|SET FIJO|FIJO|200109489|1|0|1.0|SET FIJO|FIJO|200109489|1|0|1.0|SET FIJO|FIJO|200109489|1|0|1.0|SET FIJO|FIJO|200109470|0|0|1.0|SET FIJO|FIJO|200109489|1|0|1.0|SET FIJO|FIJO|200109489|1|0|1.0|SET FIJO|FIJO|200109470|0|0|1.0|SET FIJO|FIJO|200109470|0|0|1.0|SET FIJO|FIJO|200109470|0|0|1.0|SET FIJO|FIJO|200109470|0|0|1.0|SET FIJO|FIJO|200109470|0|0|1.0|SET FIJO|FIJO|200109470|0|0|1.0|SET FIJO|FIJO|200109470|0|0|1.0|SET FIJO|FIJO|200109470|0|0|1.0|SET FIJO|FIJO|200109470|0|0|1.0|SET FIJO|FIJO|200109470|0|0|1.0|SET FIJO|FIJO|200109470|0|0|1.0|SET FIJO|FIJO|200109470|0|0|1.0|SET FIJO|FIJO|200109489|1|0|1.0|SET FIJO|FIJO|200109489|1|0|1.0|SET FIJO|FIJO|200109489|1|0|1.0|SET FIJO|FIJO|200109489|1|0|1.0
136,SET FIJO|FIJO|200109489|1|0|1.0|SET FIJO|FIJO|200109489|1|0|1.0|SET FIJO|FIJO|200109489|1|0|1.0|SET FIJO|FIJO|200109489|1|0|1.0|SET FIJO|FIJO|200109489|1|0|1.0|SET FIJO|FIJO|200109489|1|0|1.0|SET FIJO|FIJO|200109489|1|0|1.0|SET FIJO|FIJO|200109472|0|0|1.0|SET FIJO|FIJO|200109489|1|0|1.0|SET FIJO|FIJO|200109489|1|0|1.0|SET FIJO|FIJO|200109472|0|0|1.0|SET FIJO|FIJO|200109472|0|0|1.0|SET FIJO|FIJO|200109472|0|0|1.0|SET FIJO|FIJO|200109472|0|0|1.0|SET FIJO|FIJO|200109472|0|0|1.0|SET FIJO|FIJO|200109472|0|0|1.0|SET FIJO|FIJO|200109472|0|0|1.0|SET FIJO|FIJO|200109472|0|0|1.0|SET FIJO|FIJO|200109472|0|0|1.0|SET FIJO|FIJO|200109472|0|0|1.0|SET FIJO|FIJO|200109472|0|0|1.0|SET FIJO|FIJO|200109472|0|0|1.0|SET FIJO|FIJO|200109489|1|0|1.0|SET FIJO|FIJO|200109489|1|0|1.0|SET FIJO|FIJO|200109489|1|0|1.0|SET FIJO|FIJO|200109489|1|0|1.0
137,SET FIJO|FIJO|200109489|1|0|1.0|SET FIJO|FIJO|200109489|1|0|1.0|SET FIJO|FIJO|200109468|0|0|1.0|SET FIJO|FIJO|200109468|0|0|1.0|SET FIJO|FIJO|200109468|0|0|1.0|SET FIJO|FIJO|200109468|0|0|1.0|SET FIJO|FIJO|200116308|0|0|1.0|SET FIJO|FIJO|200109468|0|0|1.0|SET FIJO|FIJO|200109468|0|0|1.0|SET FIJO|FIJO|200109468|0|0|1.0|SET FIJO|FIJO|200109468|0|0|1.0|SET FIJO|FIJO|200109489|1|0|1.0|SET FIJO|FIJO|200109489|1|0|1.0|SET FIJO|FIJO|200109468|0|0|1.0|SET FIJO|FIJO|200116308|0|0|1.0|SET FIJO|FIJO|200116308|0|0|1.0|SET FIJO|FIJO|200116308|0|0|1.0|SET FIJO|FIJO|200116308|0|0|1.0|SET FIJO|FIJO|200109489|1|0|1.0|SET FIJO|FIJO|200109489|1|0|1.0|SET FIJO|FIJO|210097810|0|0|1.0|SET FIJO|FIJO|210097810|0|0|1.0|SET FIJO|FIJO|210097810|0|0|1.0|SET FIJO|FIJO|210097810|0|0|1.0|SET FIJO|FIJO|200109468|0|0|1.0|SET FIJO|FIJO|200109489|1|0|1.0|SET FIJO|FIJO|200109468|0|0|1.0|SET FIJO|FIJO|200109468|0|0|1.0|SET FIJO|FIJO|200109489|1|0|1.0|SET FIJO|FIJO|200109489|1|0|1.0|SET FIJO|FIJO|200116308|0|0|1.0|SET FIJO|FIJO|200116308|0|0|1.0|SET FIJO|FIJO|200116308|0|0|1.0|SET FIJO|FIJO|200116308|0|0|1.0|SET FIJO|FIJO|200116308|0|0|1.0|SET FIJO|FIJO|200109489|1|0|1.0|SET FIJO|FIJO|200109468|0|0|1.0|SET FIJO|FIJO|200116308|0|0|1.0|SET FIJO|FIJO|200116308|0|0|1.0|SET FIJO|FIJO|200116308|0|0|1.0|SET FIJO|FIJO|200109489|1|0|1.0|SET FIJO|FIJO|200109489|1|0|1.0|SET FIJO|FIJO|210097810|0|0|1.0|SET FIJO|FIJO|210097810|0|0|1.0|SET FIJO|FIJO|210097810|0|0|1.0|SET FIJO|FIJO|210097810|0|0|1.0|SET FIJO|FIJO|210097810|0|0|1.0|SET FIJO|FIJO|210097810|0|0|1.0|SET FIJO|FIJO|210097810|0|0|1.0|SET FIJO|FIJO|210097810|0|0|1.0|SET FIJO|FIJO|210097810|0|0|1.0|SET FIJO|FIJO|200109489|1|0|1.0
138,SET FIJO|FIJO|200082170|1|0|1.0|SET FIJO|FIJO|200090313|0|0|1.0|SET FIJO|FIJO|200082170|1|0|1.0|SET FIJO|FIJO|200116308|0|0|1.0|SET FIJO|FIJO|200082170|1|0|1.0|SET FIJO|FIJO|200104065|0|0|1.0|SET FIJO|FIJO|200104065|0|0|1.0|SET FIJO|FIJO|200090313|0|0|1.0|SET FIJO|FIJO|200082170|1|0|1.0|SET FIJO|FIJO|200104065|0|0|1.0|SET FIJO|FIJO|200090313|0|0|1.0|SET FIJO|FIJO|200116308|0|0|1.0|SET FIJO|FIJO|200116308|0|0|1.0|SET FIJO|FIJO|200116308|0|0|1.0|SET FIJO|FIJO|200116308|0|0|1.0|SET FIJO|FIJO|200082170|1|0|1.0|SET FIJO|FIJO|200090313|0|0|1.0|SET FIJO|FIJO|200090313|0|0|1.0|SET FIJO|FIJO|200090313|0|0|1.0|SET FIJO|FIJO|200090313|0|0|1.0|SET FIJO|FIJO|200090313|0|0|1.0|SET FIJO|FIJO|200090313|0|0|1.0|SET FIJO|FIJO|200090313|0|0|1.0|SET FIJO|FIJO|200104065|0|0|1.0|SET FIJO|FIJO|200104065|0|0|1.0|SET FIJO|FIJO|200082170|1|0|1.0|SET FIJO|FIJO|200082170|1|0|1.0|SET FIJO|FIJO|200082170|1|0|1.0|SET FIJO|FIJO|200104065|0|0|1.0|SET FIJO|FIJO|200104065|0|0|1.0|SET FIJO|FIJO|200104065|0|0|1.0|SET FIJO|FIJO|200104065|0|0|1.0|SET FIJO|FIJO|200090313|0|0|1.0|SET FIJO|FIJO|200090313|0|0|1.0|SET FIJO|FIJO|200082170|1|0|1.0|SET FIJO|FIJO|200082170|1|0|1.0|SET FIJO|FIJO|200104065|0|0|1.0|SET FIJO|FIJO|200116308|0|0|1.0|SET FIJO|FIJO|200116308|0|0|1.0|SET FIJO|FIJO|200116308|0|0|1.0|SET FIJO|FIJO|200116308|0|0|1.0|SET FIJO|FIJO|200116308|0|0|1.0|SET FIJO|FIJO|200090313|0|0|1.0|SET FIJO|FIJO|200082170|1|0|1.0|SET FIJO|FIJO|200082170|1|0|1.0|SET FIJO|FIJO|200104065|0|0|1.0|SET FIJO|FIJO|200116308|0|0|1.0|SET FIJO|FIJO|200116308|0|0|1.0|SET FIJO|FIJO|200116308|0|0|1.0|SET FIJO|FIJO|200104065|0|0|1.0|SET FIJO|FIJO|200082170|1|0|1.0|SET FIJO|FIJO|200104065|0|0|1.0|SET FIJO|FIJO|200082170|1|0|1.0
139,SET FIJO|FIJO|200113874|1|0|1.0|SET FIJO|FIJO|200113874|1|0|1.0|SET FIJO|FIJO|200113874|1|0|1.0|SET FIJO|FIJO|200113874|1|0|1.0|SET FIJO|FIJO|200113874|1|0|1.0|SET FIJO|FIJO|200113874|1|0|1.0|SET FIJO|FIJO|200113874|1|0|1.0|SET FIJO|FIJO|200113873|0|0|1.0|SET FIJO|FIJO|200113873|0|0|1.0|SET FIJO|FIJO|200113873|0|0|1.0|SET FIJO|FIJO|200113873|0|0|1.0|SET FIJO|FIJO|200113873|0|0|1.0|SET FIJO|FIJO|200113873|0|0|1.0|SET FIJO|FIJO|200113873|0|0|1.0|SET FIJO|FIJO|200113873|0|0|1.0|SET FIJO|FIJO|200113873|0|0|1.0|SET FIJO|FIJO|200113874|1|0|1.0|SET FIJO|FIJO|200113874|1|0|1.0|SET FIJO|FIJO|200113874|1|0|1.0|SET FIJO|FIJO|200113874|1|0|1.0|SET FIJO|FIJO|200113874|1|0|1.0|SET FIJO|FIJO|200113873|0|0|1.0|SET FIJO|FIJO|200113873|0|0|1.0|SET FIJO|FIJO|200113873|0|0|1.0|SET FIJO|FIJO|200113873|0|0|1.0|SET FIJO|FIJO|200113874|1|0|1.0
140,SET FIJO|FIJO|200114571|0|0|1.0|SET FIJO|FIJO|200114571|0|0|1.0|SET FIJO|FIJO|200114571|0|0|1.0|SET FIJO|FIJO|200114571|0|0|1.0|SET FIJO|FIJO|200115591|1|0|1.0|SET FIJO|FIJO|200115591|1|0|1.0|SET FIJO|FIJO|200115591|1|0|1.0|SET FIJO|FIJO|200115591|1|0|1.0|SET FIJO|FIJO|200115591|1|0|1.0|SET FIJO|FIJO|200115591|1|0|1.0|SET FIJO|FIJO|200114571|0|0|1.0|SET FIJO|FIJO|200114571|0|0|1.0|SET FIJO|FIJO|200114571|0|0|1.0|SET FIJO|FIJO|200114571|0|0|1.0|SET FIJO|FIJO|200114571|0|0|1.0|SET FIJO|FIJO|200114571|0|0|1.0|SET FIJO|FIJO|200114571|0|0|1.0|SET FIJO|FIJO|200114571|0|0|1.0|SET FIJO|FIJO|200115591|1|0|1.0|SET FIJO|FIJO|200115591|1|0|1.0|SET FIJO|FIJO|200115591|1|0|1.0|SET FIJO|FIJO|200115591|1|0|1.0|SET FIJO|FIJO|200115591|1|0|1.0|SET FIJO|FIJO|200115591|1|0|1.0|SET FIJO|FIJO|200114571|0|0|1.0
141,SET FIJO|FIJO|P0261052003|0|0|1.0|SET FIJO|FIJO|P0261052003|0|0|1.0|SET FIJO|FIJO|P0261052003|0|0|1.0|SET FIJO|FIJO|200051086|1|0|1.0|SET FIJO|FIJO|200051086|1|0|1.0|SET FIJO|FIJO|200051086|1|0|1.0|SET FIJO|FIJO|200051086|1|0|1.0|SET FIJO|FIJO|200051086|1|0|1.0|SET FIJO|FIJO|200051086|1|0|1.0|SET FIJO|FIJO|200051086|1|0|1.0|SET FIJO|FIJO|200051086|1|0|1.0|SET FIJO|FIJO|200051086|1|0|1.0|SET FIJO|FIJO|200116549|0|0|1.0|SET FIJO|FIJO|200116549|0|0|1.0|SET FIJO|FIJO|200116549|0|0|1.0|SET FIJO|FIJO|200116549|0|0|1.0|SET FIJO|FIJO|200116549|0|0|1.0|SET FIJO|FIJO|200116549|0|0|1.0|SET FIJO|FIJO|200116549|0|0|1.0|SET FIJO|FIJO|200116549|0|0|1.0|SET FIJO|FIJO|200116549|0|0|1.0|SET FIJO|FIJO|200116549|0|0|1.0|SET FIJO|FIJO|200116549|0|0|1.0|SET FIJO|FIJO|200116549|0|0|1.0|SET FIJO|FIJO|200051086|1|0|1.0|SET FIJO|FIJO|P0261052003|0|0|1.0|SET FIJO|FIJO|P0261052003|0|0|1.0|SET FIJO|FIJO|P0261052003|0|0|1.0|SET FIJO|FIJO|P0261052003|0|0|1.0|SET FIJO|FIJO|P0261052003|0|0|1.0|SET FIJO|FIJO|200116549|0|0|1.0|SET FIJO|FIJO|P0261052003|0|0|1.0|SET FIJO|FIJO|P0261052003|0|0|1.0|SET FIJO|FIJO|P0261052003|0|0|1.0|SET FIJO|FIJO|P0261052003|0|0|1.0|SET FIJO|FIJO|P0261052003|0|0|1.0|SET FIJO|FIJO|200051086|1|0|1.0|SET FIJO|FIJO|200051086|1|0|1.0
142,SET FIJO|FIJO|P0486050000|0|0|1.0|SET FIJO|FIJO|P0486050000|0|0|1.0|SET FIJO|FIJO|P0486050000|0|0|1.0|SET FIJO|FIJO|P0486050000|0|0|1.0|SET FIJO|FIJO|P0261051003|1|0|1.0|SET FIJO|FIJO|P0261051003|1|0|1.0|SET FIJO|FIJO|P0261051003|1|0|1.0|SET FIJO|FIJO|P0261051003|1|0|1.0|SET FIJO|FIJO|P0261051003|1|0|1.0|SET FIJO|FIJO|P0261051003|1|0|1.0|SET FIJO|FIJO|P0261051003|1|0|1.0|SET FIJO|FIJO|P0261051003|1|0|1.0|SET FIJO|FIJO|P0486050000|0|0|1.0|SET FIJO|FIJO|P0486050000|0|0|1.0|SET FIJO|FIJO|P0486050000|0|0|1.0|SET FIJO|FIJO|P0486050000|0|0|1.0|SET FIJO|FIJO|P0486050000|0|0|1.0|SET FIJO|FIJO|P0486050000|0|0|1.0|SET FIJO|FIJO|P0486050000|0|0|1.0|SET FIJO|FIJO|P0261051003|1|0|1.0|SET FIJO|FIJO|P0261051003|1|0|1.0|SET FIJO|FIJO|P0261051003|1|0|1.0|SET FIJO|FIJO|P0486050000|0|0|1.0
143,SET FIJO|FIJO|P0510067000|0|0|1.0|SET FIJO|FIJO|P0510067000|0|0|1.0|SET FIJO|FIJO|P0510067000|0|0|1.0|SET FIJO|FIJO|P0510067000|0|0|1.0|SET FIJO|FIJO|P0408051007|1|0|1.0|SET FIJO|FIJO|P0408051007|1|0|1.0|SET FIJO|FIJO|P0408051007|1|0|1.0|SET FIJO|FIJO|P0510067000|0|0|1.0|SET FIJO|FIJO|P0510067000|0|0|1.0|SET FIJO|FIJO|P0408051007|1|0|1.0|SET FIJO|FIJO|P0510067000|0|0|1.0|SET FIJO|FIJO|P0510067000|0|0|1.0|SET FIJO|FIJO|P0408051007|1|0|1.0|SET FIJO|FIJO|P0510067000|0|0|1.0|SET FIJO|FIJO|P0408051007|1|0|1.0|SET FIJO|FIJO|P0408051007|1|0|1.0|SET FIJO|FIJO|P0510067000|0|0|1.0|SET FIJO|FIJO|P0510067000|0|0|1.0|SET FIJO|FIJO|P0510067000|0|0|1.0|SET FIJO|FIJO|P0510067000|0|0|1.0|SET FIJO|FIJO|P0408051007|1|0|1.0|SET FIJO|FIJO|P0408051007|1|0|1.0|SET FIJO|FIJO|P0408051007|1|0|1.0|SET FIJO|FIJO|P0408051007|1|0|1.0|SET FIJO|FIJO|P0280076000|0|0|1.0|SET FIJO|FIJO|P0280076000|0|0|1.0|SET FIJO|FIJO|P0280076000|0|0|1.0|SET FIJO|FIJO|P0280076000|0|0|1.0|SET FIJO|FIJO|P0280076000|0|0|1.0|SET FIJO|FIJO|P0280076000|0|0|1.0|SET FIJO|FIJO|P0280076000|0|0|1.0|SET FIJO|FIJO|P0280076000|0|0|1.0|SET FIJO|FIJO|P0280076000|0|0|1.0|SET FIJO|FIJO|P0280076000|0|0|1.0|SET FIJO|FIJO|P0280076000|0|0|1.0|SET FIJO|FIJO|P0280076000|0|0|1.0|SET FIJO|FIJO|P0280076000|0|0|1.0
144,SET FIJO|FIJO|200098878|0|0|1.0|SET FIJO|FIJO|200103962|1|0|1.0|SET FIJO|FIJO|200098878|0|0|1.0|SET FIJO|FIJO|200103962|1|0|1.0|SET FIJO|FIJO|200098878|0|0|1.0|SET FIJO|FIJO|200103962|1|0|1.0|SET FIJO|FIJO|200098878|0|0|1.0|SET FIJO|FIJO|200103962|1|0|1.0|SET FIJO|FIJO|200098878|0|0|1.0|SET FIJO|FIJO|200103962|1|0|1.0|SET FIJO|FIJO|200098878|0|0|1.0|SET FIJO|FIJO|200103962|1|0|1.0|SET FIJO|FIJO|200098878|0|0|1.0|SET FIJO|FIJO|200103962|1|0|1.0|SET FIJO|FIJO|200098878|0|0|1.0|SET FIJO|FIJO|200103962|1|0|1.0|SET FIJO|FIJO|200098878|0|0|1.0|SET FIJO|FIJO|200103962|1|0|1.0|SET FIJO|FIJO|200098878|0|0|1.0|SET FIJO|FIJO|200103962|1|0|1.0|SET FIJO|FIJO|200098878|0|0|1.0|SET FIJO|FIJO|200103962|1|0|1.0|SET FIJO|FIJO|200098878|0|0|1.0|SET FIJO|FIJO|200103962|1|0|1.0
145,SET FIJO|FIJO|200092164|1|0|1.0|SET FIJO|FIJO|200092164|1|0|1.0|SET FIJO|FIJO|200092164|1|0|1.0|SET FIJO|FIJO|200103963|0|0|1.0|SET FIJO|FIJO|200103963|0|0|1.0|SET FIJO|FIJO|200103963|0|0|1.0|SET FIJO|FIJO|200092164|1|0|1.0|SET FIJO|FIJO|200092164|1|0|1.0|SET FIJO|FIJO|200103963|0|0|1.0|SET FIJO|FIJO|200092164|1|0|1.0|SET FIJO|FIJO|200092164|1|0|1.0|SET FIJO|FIJO|200103963|0|0|1.0|SET FIJO|FIJO|200092164|1|0|1.0|SET FIJO|FIJO|200103963|0|0|1.0|SET FIJO|FIJO|200103963|0|0|1.0|SET FIJO|FIJO|200103963|0|0|1.0|SET FIJO|FIJO|200103963|0|0|1.0|SET FIJO|FIJO|200092164|1|0|1.0|SET FIJO|FIJO|200092164|1|0|1.0|SET FIJO|FIJO|200103963|0|0|1.0|SET FIJO|FIJO|200103963|0|0|1.0|SET FIJO|FIJO|200103963|0|0|1.0|SET FIJO|FIJO|200092164|1|0|1.0|SET FIJO|FIJO|200092164|1|0|1.0
146,SET FIJO|FIJO|200107822|0|0|1.0|SET FIJO|FIJO|200107822|0|0|1.0|SET FIJO|FIJO|200107822|0|0|1.0|SET FIJO|FIJO|200107822|0|0|1.0|SET FIJO|FIJO|200107828|1|0|1.0|SET FIJO|FIJO|200107822|0|0|1.0|SET FIJO|FIJO|200107828|1|0|1.0|SET FIJO|FIJO|200107822|0|0|1.0|SET FIJO|FIJO|200107822|0|0|1.0|SET FIJO|FIJO|200107828|1|0|1.0|SET FIJO|FIJO|200107822|0|0|1.0|SET FIJO|FIJO|200107828|1|0|1.0|SET FIJO|FIJO|200107828|1|0|1.0|SET FIJO|FIJO|200107828|1|0|1.0|SET FIJO|FIJO|200107822|0|0|1.0|SET FIJO|FIJO|200107828|1|0|1.0|SET FIJO|FIJO|200107822|0|0|1.0|SET FIJO|FIJO|200107822|0|0|1.0|SET FIJO|FIJO|200107828|1|0|1.0|SET FIJO|FIJO|200107828|1|0|1.0|SET FIJO|FIJO|200107828|1|0|1.0|SET FIJO|FIJO|200107828|1|0|1.0|SET FIJO|FIJO|200107822|0|0|1.0|SET FIJO|FIJO|200107828|1|0|1.0|SET FIJO|FIJO|200107822|0|0|1.0|SET FIJO|FIJO|200107828|1|0|1.0
147,SET FIJO|FIJO|200107824|1|0|1.0|SET FIJO|FIJO|200107825|0|0|1.0|SET FIJO|FIJO|200107824|1|0|1.0|SET FIJO|FIJO|200107825|0|0|1.0|SET FIJO|FIJO|200107824|1|0|1.0|SET FIJO|FIJO|200107825|0|0|1.0|SET FIJO|FIJO|200107824|1|0|1.0|SET FIJO|FIJO|200107825|0|0|1.0|SET FIJO|FIJO|200107824|1|0|1.0|SET FIJO|FIJO|200107825|0|0|1.0|SET FIJO|FIJO|200107824|1|0|1.0|SET FIJO|FIJO|200107825|0|0|1.0|SET FIJO|FIJO|200107824|1|0|1.0|SET FIJO|FIJO|200107825|0|0|1.0|SET FIJO|FIJO|200107824|1|0|1.0|SET FIJO|FIJO|200107825|0|0|1.0|SET FIJO|FIJO|200107824|1|0|1.0|SET FIJO|FIJO|200107825|0|0|1.0|SET FIJO|FIJO|200107824|1|0|1.0|SET FIJO|FIJO|200107825|0|0|1.0|SET FIJO|FIJO|200107824|1|0|1.0|SET FIJO|FIJO|200107825|0|0|1.0|SET FIJO|FIJO|200107824|1|0|1.0|SET FIJO|FIJO|200107825|0|0|1.0|SET FIJO|FIJO|200107824|1|0|1.0|SET FIJO|FIJO|200107825|0|0|1.0
148,SET FIJO|FIJO|200110122|0|0|1.0|SET FIJO|FIJO|200110122|0|0|1.0|SET FIJO|FIJO|200110122|0|0|1.0|SET FIJO|FIJO|200110088|1|0|1.0|SET FIJO|FIJO|200110088|1|0|1.0|SET FIJO|FIJO|200110088|1|0|1.0|SET FIJO|FIJO|200110088|1|0|1.0|SET FIJO|FIJO|200110088|1|0|1.0|SET FIJO|FIJO|200110088|1|0|1.0|SET FIJO|FIJO|200110122|0|0|1.0|SET FIJO|FIJO|200110088|1|0|1.0|SET FIJO|FIJO|200110122|0|0|1.0|SET FIJO|FIJO|200110122|0|0|1.0|SET FIJO|FIJO|200110122|0|0|1.0|SET FIJO|FIJO|200110122|0|0|1.0|SET FIJO|FIJO|200110122|0|0|1.0|SET FIJO|FIJO|200110122|0|0|1.0|SET FIJO|FIJO|200110088|1|0|1.0|SET FIJO|FIJO|200110088|1|0|1.0|SET FIJO|FIJO|200110088|1|0|1.0|SET FIJO|FIJO|200110088|1|0|1.0|SET FIJO|FIJO|200110088|1|0|1.0|SET FIJO|FIJO|200110088|1|0|1.0|SET FIJO|FIJO|200110122|0|0|1.0|SET FIJO|FIJO|200110122|0|0|1.0|SET FIJO|FIJO|200110122|0|0|1.0
149,SET FIJO|FIJO|200110089|1|0|1.0|SET FIJO|FIJO|200110090|0|0|1.0|SET FIJO|FIJO|200110089|1|0|1.0|SET FIJO|FIJO|200110090|0|0|1.0|SET FIJO|FIJO|200110089|1|0|1.0|SET FIJO|FIJO|200110090|0|0|1.0|SET FIJO|FIJO|200110089|1|0|1.0|SET FIJO|FIJO|200110090|0|0|1.0|SET FIJO|FIJO|200110089|1|0|1.0|SET FIJO|FIJO|200110089|1|0|1.0|SET FIJO|FIJO|200110090|0|0|1.0|SET FIJO|FIJO|200110090|0|0|1.0|SET FIJO|FIJO|200110089|1|0|1.0|SET FIJO|FIJO|200110089|1|0|1.0|SET FIJO|FIJO|200110090|0|0|1.0|SET FIJO|FIJO|200110090|0|0|1.0|SET FIJO|FIJO|200110089|1|0|1.0|SET FIJO|FIJO|200110090|0|0|1.0|SET FIJO|FIJO|200110089|1|0|1.0|SET FIJO|FIJO|200110090|0|0|1.0|SET FIJO|FIJO|200110089|1|0|1.0|SET FIJO|FIJO|200110090|0|0|1.0|SET FIJO|FIJO|200110089|1|0|1.0|SET FIJO|FIJO|200110090|0|0|1.0|SET FIJO|FIJO|200110089|1|0|1.0|SET FIJO|FIJO|200110090|0|0|1.0
150,SET FIJO|FIJO|200109489|1|0|1.0|SET FIJO|FIJO|200109489|1|0|1.0|SET FIJO|FIJO|200116308|0|0|1.0|SET FIJO|FIJO|200109489|1|0|1.0|SET FIJO|FIJO|200109489|1|0|1.0|SET FIJO|FIJO|200116308|0|0|1.0|SET FIJO|FIJO|200116308|0|0|1.0|SET FIJO|FIJO|200116308|0|0|1.0|SET FIJO|FIJO|200116308|0|0|1.0|SET FIJO|FIJO|200109489|1|0|1.0|SET FIJO|FIJO|200109489|1|0|1.0|SET FIJO|FIJO|210097810|0|0|1.0|SET FIJO|FIJO|210097810|0|0|1.0|SET FIJO|FIJO|210097810|0|0|1.0|SET FIJO|FIJO|210097810|0|0|1.0|SET FIJO|FIJO|200109489|1|0|1.0|SET FIJO|FIJO|200109470|0|0|1.0|SET FIJO|FIJO|200109489|1|0|1.0|SET FIJO|FIJO|200109489|1|0|1.0|SET FIJO|FIJO|200109470|0|0|1.0|SET FIJO|FIJO|200109470|0|0|1.0|SET FIJO|FIJO|200109470|0|0|1.0|SET FIJO|FIJO|200109470|0|0|1.0|SET FIJO|FIJO|200109470|0|0|1.0|SET FIJO|FIJO|200109470|0|0|1.0|SET FIJO|FIJO|200109470|0|0|1.0|SET FIJO|FIJO|200109470|0|0|1.0|SET FIJO|FIJO|200109470|0|0|1.0|SET FIJO|FIJO|200109470|0|0|1.0|SET FIJO|FIJO|200109470|0|0|1.0|SET FIJO|FIJO|200116308|0|0|1.0|SET FIJO|FIJO|200116308|0|0|1.0|SET FIJO|FIJO|200116308|0|0|1.0|SET FIJO|FIJO|200116308|0|0|1.0|SET FIJO|FIJO|200116308|0|0|1.0|SET FIJO|FIJO|200109470|0|0|1.0|SET FIJO|FIJO|200109489|1|0|1.0|SET FIJO|FIJO|200116308|0|0|1.0|SET FIJO|FIJO|200116308|0|0|1.0|SET FIJO|FIJO|200116308|0|0|1.0|SET FIJO|FIJO|200109489|1|0|1.0|SET FIJO|FIJO|200109489|1|0|1.0|SET FIJO|FIJO|210097810|0|0|1.0|SET FIJO|FIJO|210097810|0|0|1.0|SET FIJO|FIJO|210097810|0|0|1.0|SET FIJO|FIJO|210097810|0|0|1.0|SET FIJO|FIJO|210097810|0|0|1.0|SET FIJO|FIJO|210097810|0|0|1.0|SET FIJO|FIJO|210097810|0|0|1.0|SET FIJO|FIJO|210097810|0|0|1.0|SET FIJO|FIJO|210097810|0|0|1.0|SET FIJO|FIJO|200109489|1|0|1.0
151,SET FIJO|FIJO|200109489|1|0|1.0|SET FIJO|FIJO|200109489|1|0|1.0|SET FIJO|FIJO|200116308|0|0|1.0|SET FIJO|FIJO|200109489|1|0|1.0|SET FIJO|FIJO|200109489|1|0|1.0|SET FIJO|FIJO|200116308|0|0|1.0|SET FIJO|FIJO|200116308|0|0|1.0|SET FIJO|FIJO|200116308|0|0|1.0|SET FIJO|FIJO|200116308|0|0|1.0|SET FIJO|FIJO|200109489|1|0|1.0|SET FIJO|FIJO|200109489|1|0|1.0|SET FIJO|FIJO|210097810|0|0|1.0|SET FIJO|FIJO|210097810|0|0|1.0|SET FIJO|FIJO|210097810|0|0|1.0|SET FIJO|FIJO|210097810|0|0|1.0|SET FIJO|FIJO|200109489|1|0|1.0|SET FIJO|FIJO|200109472|0|0|1.0|SET FIJO|FIJO|200109489|1|0|1.0|SET FIJO|FIJO|200109489|1|0|1.0|SET FIJO|FIJO|200109472|0|0|1.0|SET FIJO|FIJO|200109472|0|0|1.0|SET FIJO|FIJO|200109472|0|0|1.0|SET FIJO|FIJO|200109472|0|0|1.0|SET FIJO|FIJO|200109472|0|0|1.0|SET FIJO|FIJO|200109472|0|0|1.0|SET FIJO|FIJO|200109472|0|0|1.0|SET FIJO|FIJO|200109472|0|0|1.0|SET FIJO|FIJO|200109472|0|0|1.0|SET FIJO|FIJO|200109472|0|0|1.0|SET FIJO|FIJO|200109472|0|0|1.0|SET FIJO|FIJO|200116308|0|0|1.0|SET FIJO|FIJO|200116308|0|0|1.0|SET FIJO|FIJO|200116308|0|0|1.0|SET FIJO|FIJO|200116308|0|0|1.0|SET FIJO|FIJO|200116308|0|0|1.0|SET FIJO|FIJO|200109472|0|0|1.0|SET FIJO|FIJO|200109489|1|0|1.0|SET FIJO|FIJO|200116308|0|0|1.0|SET FIJO|FIJO|200116308|0|0|1.0|SET FIJO|FIJO|200116308|0|0|1.0|SET FIJO|FIJO|200109489|1|0|1.0|SET FIJO|FIJO|200109489|1|0|1.0|SET FIJO|FIJO|210097810|0|0|1.0|SET FIJO|FIJO|210097810|0|0|1.0|SET FIJO|FIJO|210097810|0|0|1.0|SET FIJO|FIJO|210097810|0|0|1.0|SET FIJO|FIJO|210097810|0|0|1.0|SET FIJO|FIJO|210097810|0|0|1.0|SET FIJO|FIJO|210097810|0|0|1.0|SET FIJO|FIJO|210097810|0|0|1.0|SET FIJO|FIJO|210097810|0|0|1.0|SET FIJO|FIJO|200109489|1|0|1.0
152,SET FIJO|FIJO|P0486050000|0|0|1.0|SET FIJO|FIJO|P0486050000|0|0|1.0|SET FIJO|FIJO|P0486050000|0|0|1.0|SET FIJO|FIJO|P0261051003|1|0|1.0|SET FIJO|FIJO|P0486050000|0|0|1.0|SET FIJO|FIJO|P0486050000|0|0|1.0|SET FIJO|FIJO|P0261051003|1|0|1.0|SET FIJO|FIJO|P0261051003|1|0|1.0|SET FIJO|FIJO|P0486050000|0|0|1.0|SET FIJO|FIJO|P0486050000|0|0|1.0|SET FIJO|FIJO|P0486050000|0|0|1.0|SET FIJO|FIJO|P0261051003|1|0|1.0|SET FIJO|FIJO|P0261051003|1|0|1.0|SET FIJO|FIJO|P0486050000|0|0|1.0|SET FIJO|FIJO|P0486050000|0|0|1.0|SET FIJO|FIJO|P0261051003|1|0|1.0|SET FIJO|FIJO|P0486050000|0|0|1.0|SET FIJO|FIJO|P0486050000|0|0|1.0|SET FIJO|FIJO|P0261051003|1|0|1.0|SET FIJO|FIJO|P0261051003|1|0|1.0|SET FIJO|FIJO|P0261051003|1|0|1.0|SET FIJO|FIJO|P0261051003|1|0|1.0|SET FIJO|FIJO|P0261051003|1|0|1.0
153,SET FIJO|FIJO|P0261051003|1|0|1.0|SET FIJO|FIJO|P0486050000|0|0|1.0|SET FIJO|FIJO|P0486050000|0|0|1.0|SET FIJO|FIJO|P0486050000|0|0|1.0|SET FIJO|FIJO|P0486050000|0|0|1.0|SET FIJO|FIJO|P0486050000|0|0|1.0|SET FIJO|FIJO|P0486050000|0|0|1.0|SET FIJO|FIJO|P0261051003|1|0|1.0|SET FIJO|FIJO|P0261051003|1|0|1.0|SET FIJO|FIJO|P0261051003|1|0|1.0|SET FIJO|FIJO|P0486050000|0|0|1.0|SET FIJO|FIJO|P0486050000|0|0|1.0|SET FIJO|FIJO|P0261051003|1|0|1.0|SET FIJO|FIJO|P0261051003|1|0|1.0|SET FIJO|FIJO|P0486050000|0|0|1.0|SET FIJO|FIJO|P0486050000|0|0|1.0|SET FIJO|FIJO|P0261051003|1|0|1.0|SET FIJO|FIJO|P0486050000|0|0|1.0|SET FIJO|FIJO|P0486050000|0|0|1.0|SET FIJO|FIJO|P0261051003|1|0|1.0|SET FIJO|FIJO|P0261051003|1|0|1.0|SET FIJO|FIJO|P0261051003|1|0|1.0|SET FIJO|FIJO|P0261051003|1|0|1.0
154,SET FIJO|FIJO|P0408051007|1|0|1.0|SET FIJO|FIJO|P0510067000|0|0|1.0|SET FIJO|FIJO|P0510067000|0|0|1.0|SET FIJO|FIJO|P0510067000|0|0|1.0|SET FIJO|FIJO|P0510067000|0|0|1.0|SET FIJO|FIJO|P0280076000|0|0|1.0|SET FIJO|FIJO|P0280076000|0|0|1.0|SET FIJO|FIJO|P0510067000|0|0|1.0|SET FIJO|FIJO|P0510067000|0|0|1.0|SET FIJO|FIJO|P0408051007|1|0|1.0|SET FIJO|FIJO|P0408051007|1|0|1.0|SET FIJO|FIJO|P0408051007|1|0|1.0|SET FIJO|FIJO|P0408051007|1|0|1.0|SET FIJO|FIJO|P0408051007|1|0|1.0|SET FIJO|FIJO|P0510067000|0|0|1.0|SET FIJO|FIJO|P0510067000|0|0|1.0|SET FIJO|FIJO|P0280076000|0|0|1.0|SET FIJO|FIJO|P0510067000|0|0|1.0|SET FIJO|FIJO|P0408051007|1|0|1.0|SET FIJO|FIJO|P0408051007|1|0|1.0|SET FIJO|FIJO|P0510067000|0|0|1.0|SET FIJO|FIJO|P0510067000|0|0|1.0|SET FIJO|FIJO|P0510067000|0|0|1.0|SET FIJO|FIJO|P0510067000|0|0|1.0|SET FIJO|FIJO|P0408051007|1|0|1.0|SET FIJO|FIJO|P0408051007|1|0|1.0|SET FIJO|FIJO|P0408051007|1|0|1.0|SET FIJO|FIJO|P0280076000|0|0|1.0|SET FIJO|FIJO|P0280076000|0|0|1.0|SET FIJO|FIJO|P0280076000|0|0|1.0|SET FIJO|FIJO|P0280076000|0|0|1.0|SET FIJO|FIJO|P0280076000|0|0|1.0|SET FIJO|FIJO|P0280076000|0|0|1.0|SET FIJO|FIJO|P0280076000|0|0|1.0|SET FIJO|FIJO|P0280076000|0|0|1.0|SET FIJO|FIJO|P0280076000|0|0|1.0|SET FIJO|FIJO|P0280076000|0|0|1.0
155,SET FIJO|FIJO|P0510067000|0|0|1.0|SET FIJO|FIJO|P0510067000|0|0|1.0|SET FIJO|FIJO|P0510067000|0|0|1.0|SET FIJO|FIJO|P0510067000|0|0|1.0|SET FIJO|FIJO|P0408051007|1|0|1.0|SET FIJO|FIJO|P0408051007|1|0|1.0|SET FIJO|FIJO|P0408051007|1|0|1.0|SET FIJO|FIJO|P0280076000|0|0|1.0|SET FIJO|FIJO|P0280076000|0|0|1.0|SET FIJO|FIJO|P0510067000|0|0|1.0|SET FIJO|FIJO|P0510067000|0|0|1.0|SET FIJO|FIJO|P0408051007|1|0|1.0|SET FIJO|FIJO|P0408051007|1|0|1.0|SET FIJO|FIJO|P0408051007|1|0|1.0|SET FIJO|FIJO|P0510067000|0|0|1.0|SET FIJO|FIJO|P0510067000|0|0|1.0|SET FIJO|FIJO|P0510067000|0|0|1.0|SET FIJO|FIJO|P0408051007|1|0|1.0|SET FIJO|FIJO|P0408051007|1|0|1.0|SET FIJO|FIJO|P0408051007|1|0|1.0|SET FIJO|FIJO|P0510067000|0|0|1.0|SET FIJO|FIJO|P0510067000|0|0|1.0|SET FIJO|FIJO|P0510067000|0|0|1.0|SET FIJO|FIJO|P0510067000|0|0|1.0|SET FIJO|FIJO|P0408051007|1|0|1.0|SET FIJO|FIJO|P0408051007|1|0|1.0|SET FIJO|FIJO|P0280076000|0|0|1.0|SET FIJO|FIJO|P0280076000|0|0|1.0|SET FIJO|FIJO|P0280076000|0|0|1.0|SET FIJO|FIJO|P0280076000|0|0|1.0|SET FIJO|FIJO|P0280076000|0|0|1.0|SET FIJO|FIJO|P0280076000|0|0|1.0|SET FIJO|FIJO|P0280076000|0|0|1.0|SET FIJO|FIJO|P0280076000|0|0|1.0|SET FIJO|FIJO|P0280076000|0|0|1.0|SET FIJO|FIJO|P0280076000|0|0|1.0
157,SET VARIABLE|VARIABLE|P0261051003|1|0|1.0|SET VARIABLE|FIJO|P0486050000|0|0|1.0|SET VARIABLE|FIJO|P0486050000|0|0|1.0|SET VARIABLE|FIJO|P0486050000|0|0|1.0|SET VARIABLE|VARIABLE|P0261051003|1|0|1.0|SET VARIABLE|FIJO|P0486050000|0|0|1.0|SET VARIABLE|FIJO|P0486050000|0|0|1.0|SET VARIABLE|VARIABLE|P0261051003|1|0|1.0|SET VARIABLE|VARIABLE|P0261051003|1|0|1.0|SET VARIABLE|FIJO|P0486050000|0|0|1.0|SET VARIABLE|FIJO|P0486050000|0|0|1.0|SET VARIABLE|FIJO|P0486050000|0|0|1.0|SET VARIABLE|VARIABLE|P0261051003|1|0|1.0|SET VARIABLE|VARIABLE|P0261051003|1|0|1.0|SET VARIABLE|FIJO|P0486050000|0|0|1.0|SET VARIABLE|FIJO|P0486050000|0|0|1.0|SET VARIABLE|VARIABLE|P0261051003|1|0|1.0|SET VARIABLE|VARIABLE|P0261051003|1|0|1.0|SET VARIABLE|VARIABLE|P0261051003|1|0|1.0|SET VARIABLE|VARIABLE|P0261051003|1|0|1.0|SET VARIABLE|VARIABLE|P0261051003|1|0|1.0|SET VARIABLE|FIJO|P0486050000|0|0|1.0|SET VARIABLE|FIJO|P0486050000|0|0|1.0|SET VARIABLE|VARIABLE|P0261051003|1|0|1.0|SET VARIABLE|VARIABLE|P0261051003|1|0|1.0|SET VARIABLE|VARIABLE|P0261051003|1|0|1.0|SET VARIABLE|VARIABLE|P0261051003|1|0|1.0|SET VARIABLE|VARIABLE|P0261051003|1|0|1.0|SET VARIABLE|VARIABLE|P0261051003|1|0|1.0|SET VARIABLE|VARIABLE|P0261051003|1|0|1.0|SET VARIABLE|VARIABLE|P0261051003|1|0|1.0|SET VARIABLE|VARIABLE|P0261051003|1|0|1.0|SET VARIABLE|VARIABLE|P0261051003|1|0|1.0|SET VARIABLE|VARIABLE|P0261051003|1|0|1.0
158,SET VARIABLE|FIJO|P0486050000|0|0|1.0|SET VARIABLE|FIJO|P0486050000|0|0|1.0|SET VARIABLE|FIJO|P0486050000|0|0|1.0|SET VARIABLE|VARIABLE|P0261051003|1|0|1.0|SET VARIABLE|VARIABLE|P0261051003|1|0|1.0|SET VARIABLE|FIJO|P0486050000|0|0|1.0|SET VARIABLE|FIJO|P0486050000|0|0|1.0|SET VARIABLE|VARIABLE|P0261051003|1|0|1.0|SET VARIABLE|VARIABLE|P0261051003|1|0|1.0|SET VARIABLE|VARIABLE|P0261051003|1|0|1.0|SET VARIABLE|VARIABLE|P0261051003|1|0|1.0|SET VARIABLE|FIJO|P0486050000|0|0|1.0|SET VARIABLE|FIJO|P0486050000|0|0|1.0|SET VARIABLE|FIJO|P0486050000|0|0|1.0|SET VARIABLE|VARIABLE|P0261051003|1|0|1.0|SET VARIABLE|VARIABLE|P0261051003|1|0|1.0|SET VARIABLE|VARIABLE|P0261051003|1|0|1.0|SET VARIABLE|VARIABLE|P0261051003|1|0|1.0|SET VARIABLE|FIJO|P0486050000|0|0|1.0|SET VARIABLE|FIJO|P0486050000|0|0|1.0|SET VARIABLE|VARIABLE|P0261051003|1|0|1.0|SET VARIABLE|VARIABLE|P0261051003|1|0|1.0|SET VARIABLE|FIJO|P0486050000|0|0|1.0|SET VARIABLE|FIJO|P0486050000|0|0|1.0|SET VARIABLE|VARIABLE|P0261051003|1|0|1.0|SET VARIABLE|VARIABLE|P0261051003|1|0|1.0|SET VARIABLE|VARIABLE|P0261051003|1|0|1.0|SET VARIABLE|VARIABLE|P0261051003|1|0|1.0|SET VARIABLE|VARIABLE|P0261051003|1|0|1.0|SET VARIABLE|VARIABLE|P0261051003|1|0|1.0|SET VARIABLE|VARIABLE|P0261051003|1|0|1.0|SET VARIABLE|VARIABLE|P0261051003|1|0|1.0|SET VARIABLE|VARIABLE|P0261051003|1|0|1.0|SET VARIABLE|VARIABLE|P0261051003|1|0|1.0
159,SET VARIABLE|VARIABLE|P0261051003|1|0|1.0|SET VARIABLE|VARIABLE|P0261051003|1|0|1.0|SET VARIABLE|VARIABLE|P0261051003|1|0|1.0|SET VARIABLE|VARIABLE|P0261051003|1|0|1.0|SET VARIABLE|VARIABLE|P0261051003|1|0|1.0|SET VARIABLE|FIJO|P0486050000|0|0|1.0|SET VARIABLE|FIJO|P0486050000|0|0|1.0|SET VARIABLE|FIJO|P0486050000|0|0|1.0|SET VARIABLE|FIJO|P0486050000|0|0|1.0|SET VARIABLE|FIJO|P0486050000|0|0|1.0|SET VARIABLE|FIJO|P0486050000|0|0|1.0|SET VARIABLE|VARIABLE|P0261051003|1|0|1.0|SET VARIABLE|VARIABLE|P0261051003|1|0|1.0|SET VARIABLE|VARIABLE|P0261051003|1|0|1.0|SET VARIABLE|VARIABLE|P0261051003|1|0|1.0|SET VARIABLE|VARIABLE|P0261051003|1|0|1.0|SET VARIABLE|VARIABLE|P0261051003|1|0|1.0|SET VARIABLE|FIJO|P0486050000|0|0|1.0|SET VARIABLE|FIJO|P0486050000|0|0|1.0|SET VARIABLE|VARIABLE|P0261051003|1|0|1.0|SET VARIABLE|VARIABLE|P0261051003|1|0|1.0|SET VARIABLE|VARIABLE|P0261051003|1|0|1.0|SET VARIABLE|FIJO|P0486050000|0|0|1.0|SET VARIABLE|FIJO|P0486050000|0|0|1.0|SET VARIABLE|VARIABLE|P0261051003|1|0|1.0|SET VARIABLE|VARIABLE|P0261051003|1|0|1.0|SET VARIABLE|FIJO|P0486050000|0|0|1.0|SET VARIABLE|FIJO|P0486050000|0|0|1.0|SET VARIABLE|VARIABLE|P0261051003|1|0|1.0|SET VARIABLE|VARIABLE|P0261051003|1|0|1.0|SET VARIABLE|VARIABLE|P0261051003|1|0|1.0|SET VARIABLE|VARIABLE|P0261051003|1|0|1.0|SET VARIABLE|VARIABLE|P0261051003|1|0|1.0|SET VARIABLE|VARIABLE|P0261051003|1|0|1.0
160,SET VARIABLE|VARIABLE|P0408051007|0|0|1.0|SET VARIABLE|VARIABLE|P0408051007|0|0|1.0|SET VARIABLE|FIJO|P0510067000|0|0|1.0|SET VARIABLE|FIJO|P0510067000|0|0|1.0|SET VARIABLE|FIJO|P0510067000|0|0|1.0|SET VARIABLE|FIJO|P0510067000|0|0|1.0|SET VARIABLE|VARIABLE|P0408051007|0|0|1.0|SET VARIABLE|VARIABLE|P0408051007|0|0|1.0|SET VARIABLE|VARIABLE|P0408051007|0|0|1.0|SET VARIABLE|VARIABLE|P0408051007|0|0|1.0|SET VARIABLE|FIJO|P0510067000|0|0|1.0|SET VARIABLE|FIJO|P0510067000|0|0|1.0|SET VARIABLE|VARIABLE|P0408051007|0|0|1.0|SET VARIABLE|VARIABLE|P0408051007|0|0|1.0|SET VARIABLE|FIJO|P0510067000|0|0|1.0|SET VARIABLE|FIJO|P0510067000|0|0|1.0|SET VARIABLE|VARIABLE|P0408051007|0|0|1.0|SET VARIABLE|VARIABLE|P0408051007|0|0|1.0|SET VARIABLE|FIJO|P0510067000|0|0|1.0|SET VARIABLE|VARIABLE|P0408051007|0|0|1.0|SET VARIABLE|VARIABLE|P0408051007|0|0|1.0|SET VARIABLE|VARIABLE|P0408051007|0|0|1.0|SET VARIABLE|VARIABLE|P0408051007|0|0|1.0|SET VARIABLE|VARIABLE|P0408051007|0|0|1.0|SET VARIABLE|VARIABLE|P0408051007|0|0|1.0|SET VARIABLE|VARIABLE|P0408051007|0|0|1.0|SET VARIABLE|VARIABLE|P0408051007|0|0|1.0|SET VARIABLE|VARIABLE|P0408051007|0|0|1.0|SET VARIABLE|VARIABLE|P0408051007|0|0|1.0|SET VARIABLE|FIJO|P0510067000|0|0|1.0|SET VARIABLE|FIJO|P0510067000|0|0|1.0|SET VARIABLE|FIJO|P0510067000|0|0|1.0|SET VARIABLE|FIJO|P0510067000|0|0|1.0|SET VARIABLE|VARIABLE|P0408051007|0|0|1.0|SET VARIABLE|VARIABLE|P0408051007|0|0|1.0|SET VARIABLE|FIJO|P0280076000|1|0|1.0|SET VARIABLE|FIJO|P0280076000|1|0|1.0|SET VARIABLE|FIJO|P0280076000|1|0|1.0|SET VARIABLE|FIJO|P0280076000|1|0|1.0|SET VARIABLE|FIJO|P0280076000|1|0|1.0|SET VARIABLE|FIJO|P0280076000|1|0|1.0|SET VARIABLE|FIJO|P0280076000|1|0|1.0|SET VARIABLE|FIJO|P0280076000|1|0|1.0|SET VARIABLE|FIJO|P0280076000|1|0|1.0|SET VARIABLE|FIJO|P0280076000|1|0|1.0|SET VARIABLE|FIJO|P0280076000|1|0|1.0|SET VARIABLE|FIJO|P0280076000|1|0|1.0|SET VARIABLE|FIJO|P0280076000|1|0|1.0
161,SET VARIABLE|VARIABLE|P0408051007|0|0|1.0|SET VARIABLE|VARIABLE|P0408051007|0|0|1.0|SET VARIABLE|FIJO|P0510067000|0|0|1.0|SET VARIABLE|FIJO|P0510067000|0|0|1.0|SET VARIABLE|FIJO|P0510067000|0|0|1.0|SET VARIABLE|FIJO|P0510067000|0|0|1.0|SET VARIABLE|VARIABLE|P0408051007|0|0|1.0|SET VARIABLE|VARIABLE|P0408051007|0|0|1.0|SET VARIABLE|VARIABLE|P0408051007|0|0|1.0|SET VARIABLE|VARIABLE|P0408051007|0|0|1.0|SET VARIABLE|FIJO|P0280076000|1|0|1.0|SET VARIABLE|FIJO|P0280076000|1|0|1.0|SET VARIABLE|FIJO|P0280076000|1|0|1.0|SET VARIABLE|FIJO|P0510067000|0|0|1.0|SET VARIABLE|FIJO|P0510067000|0|0|1.0|SET VARIABLE|VARIABLE|P0408051007|0|0|1.0|SET VARIABLE|VARIABLE|P0408051007|0|0|1.0|SET VARIABLE|VARIABLE|P0408051007|0|0|1.0|SET VARIABLE|VARIABLE|P0408051007|0|0|1.0|SET VARIABLE|FIJO|P0510067000|0|0|1.0|SET VARIABLE|FIJO|P0510067000|0|0|1.0|SET VARIABLE|FIJO|P0510067000|0|0|1.0|SET VARIABLE|VARIABLE|P0408051007|0|0|1.0|SET VARIABLE|VARIABLE|P0408051007|0|0|1.0|SET VARIABLE|VARIABLE|P0408051007|0|0|1.0|SET VARIABLE|VARIABLE|P0408051007|0|0|1.0|SET VARIABLE|VARIABLE|P0408051007|0|0|1.0|SET VARIABLE|VARIABLE|P0408051007|0|0|1.0|SET VARIABLE|VARIABLE|P0408051007|0|0|1.0|SET VARIABLE|VARIABLE|P0408051007|0|0|1.0|SET VARIABLE|VARIABLE|P0408051007|0|0|1.0|SET VARIABLE|VARIABLE|P0408051007|0|0|1.0|SET VARIABLE|VARIABLE|P0408051007|0|0|1.0|SET VARIABLE|FIJO|P0510067000|0|0|1.0|SET VARIABLE|FIJO|P0510067000|0|0|1.0|SET VARIABLE|FIJO|P0510067000|0|0|1.0|SET VARIABLE|FIJO|P0510067000|0|0|1.0|SET VARIABLE|VARIABLE|P0408051007|0|0|1.0|SET VARIABLE|FIJO|P0280076000|1|0|1.0|SET VARIABLE|FIJO|P0280076000|1|0|1.0|SET VARIABLE|FIJO|P0280076000|1|0|1.0|SET VARIABLE|FIJO|P0280076000|1|0|1.0|SET VARIABLE|FIJO|P0280076000|1|0|1.0|SET VARIABLE|FIJO|P0280076000|1|0|1.0|SET VARIABLE|FIJO|P0280076000|1|0|1.0|SET VARIABLE|FIJO|P0280076000|1|0|1.0|SET VARIABLE|FIJO|P0280076000|1|0|1.0|SET VARIABLE|FIJO|P0280076000|1|0|1.0
162,SET VARIABLE|FIJO|P0510067000|0|0|1.0|SET VARIABLE|FIJO|P0510067000|0|0|1.0|SET VARIABLE|FIJO|P0510067000|0|0|1.0|SET VARIABLE|FIJO|P0510067000|0|0|1.0|SET VARIABLE|VARIABLE|P0408051007|0|0|1.0|SET VARIABLE|VARIABLE|P0408051007|0|0|1.0|SET VARIABLE|VARIABLE|P0408051007|0|0|1.0|SET VARIABLE|VARIABLE|P0408051007|0|0|1.0|SET VARIABLE|VARIABLE|P0408051007|0|0|1.0|SET VARIABLE|VARIABLE|P0408051007|0|0|1.0|SET VARIABLE|VARIABLE|P0408051007|0|0|1.0|SET VARIABLE|VARIABLE|P0408051007|0|0|1.0|SET VARIABLE|FIJO|P0280076000|1|0|1.0|SET VARIABLE|FIJO|P0280076000|1|0|1.0|SET VARIABLE|FIJO|P0510067000|0|0|1.0|SET VARIABLE|FIJO|P0510067000|0|0|1.0|SET VARIABLE|VARIABLE|P0408051007|0|0|1.0|SET VARIABLE|VARIABLE|P0408051007|0|0|1.0|SET VARIABLE|VARIABLE|P0408051007|0|0|1.0|SET VARIABLE|VARIABLE|P0408051007|0|0|1.0|SET VARIABLE|VARIABLE|P0408051007|0|0|1.0|SET VARIABLE|VARIABLE|P0408051007|0|0|1.0|SET VARIABLE|VARIABLE|P0408051007|0|0|1.0|SET VARIABLE|FIJO|P0510067000|0|0|1.0|SET VARIABLE|FIJO|P0510067000|0|0|1.0|SET VARIABLE|FIJO|P0510067000|0|0|1.0|SET VARIABLE|VARIABLE|P0408051007|0|0|1.0|SET VARIABLE|VARIABLE|P0408051007|0|0|1.0|SET VARIABLE|VARIABLE|P0408051007|0|0|1.0|SET VARIABLE|VARIABLE|P0408051007|0|0|1.0|SET VARIABLE|FIJO|P0510067000|0|0|1.0|SET VARIABLE|FIJO|P0510067000|0|0|1.0|SET VARIABLE|FIJO|P0510067000|0|0|1.0|SET VARIABLE|FIJO|P0510067000|0|0|1.0|SET VARIABLE|VARIABLE|P0408051007|0|0|1.0|SET VARIABLE|VARIABLE|P0408051007|0|0|1.0|SET VARIABLE|VARIABLE|P0408051007|0|0|1.0|SET VARIABLE|FIJO|P0280076000|1|0|1.0|SET VARIABLE|FIJO|P0280076000|1|0|1.0|SET VARIABLE|FIJO|P0280076000|1|0|1.0|SET VARIABLE|FIJO|P0280076000|1|0|1.0|SET VARIABLE|FIJO|P0280076000|1|0|1.0|SET VARIABLE|FIJO|P0280076000|1|0|1.0|SET VARIABLE|FIJO|P0280076000|1|0|1.0|SET VARIABLE|FIJO|P0280076000|1|0|1.0|SET VARIABLE|FIJO|P0280076000|1|0|1.0|SET VARIABLE|FIJO|P0280076000|1|0|1.0|SET VARIABLE|FIJO|P0280076000|1|0|1.0
163,VOLUMEN|VARIABLE|200101369|1|0|1.0|VOLUMEN|VARIABLE|200101369|1|0|1.0|VOLUMEN|VARIABLE|200113633|1|0|1.0|VOLUMEN|VARIABLE|200113633|1|0|1.0|VOLUMEN|VARIABLE|200113633|1|0|1.0|VOLUMEN|VARIABLE|200113633|1|0|1.0|VOLUMEN|VARIABLE|200101369|1|0|1.0|VOLUMEN|VARIABLE|200101369|1|0|1.0|VOLUMEN|VARIABLE|200101369|1|0|1.0|VOLUMEN|VARIABLE|200101369|1|0|1.0|VOLUMEN|VARIABLE|200101369|1|0|1.0|VOLUMEN|VARIABLE|200101369|1|0|1.0|VOLUMEN|VARIABLE|200113633|1|0|1.0|VOLUMEN|VARIABLE|200113633|1|0|1.0|VOLUMEN|VARIABLE|200113633|1|0|1.0|VOLUMEN|VARIABLE|200113633|1|0|1.0|VOLUMEN|VARIABLE|200101369|1|0|1.0|VOLUMEN|VARIABLE|200101369|1|0|1.0|VOLUMEN|VARIABLE|200101369|1|0|1.0|VOLUMEN|VARIABLE|200101369|1|0|1.0|VOLUMEN|VARIABLE|200113633|1|0|1.0|VOLUMEN|VARIABLE|200113633|1|0|1.0|VOLUMEN|VARIABLE|200113633|1|0|1.0|VOLUMEN|VARIABLE|200113633|1|0|1.0|VOLUMEN|VARIABLE|200113633|1|0|1.0|VOLUMEN|VARIABLE|200101369|1|0|1.0
164,VOLUMEN|VARIABLE|200101369|1|0|2.0|VOLUMEN|VARIABLE|200101369|1|0|2.0|VOLUMEN|VARIABLE|200113633|1|0|2.0|VOLUMEN|VARIABLE|200113633|1|0|2.0|VOLUMEN|VARIABLE|200113633|1|0|2.0|VOLUMEN|VARIABLE|200113633|1|0|2.0|VOLUMEN|VARIABLE|200101369|1|0|2.0|VOLUMEN|VARIABLE|200101369|1|0|2.0|VOLUMEN|VARIABLE|200101369|1|0|2.0|VOLUMEN|VARIABLE|200101369|1|0|2.0|VOLUMEN|VARIABLE|200101369|1|0|2.0|VOLUMEN|VARIABLE|200101369|1|0|2.0|VOLUMEN|VARIABLE|200113633|1|0|2.0|VOLUMEN|VARIABLE|200113633|1|0|2.0|VOLUMEN|VARIABLE|200113633|1|0|2.0|VOLUMEN|VARIABLE|200113633|1|0|2.0|VOLUMEN|VARIABLE|200101369|1|0|2.0|VOLUMEN|VARIABLE|200101369|1|0|2.0|VOLUMEN|VARIABLE|200101369|1|0|2.0|VOLUMEN|VARIABLE|200101369|1|0|2.0|VOLUMEN|VARIABLE|200113633|1|0|2.0|VOLUMEN|VARIABLE|200113633|1|0|2.0|VOLUMEN|VARIABLE|200113633|1|0|2.0|VOLUMEN|VARIABLE|200113633|1|0|2.0|VOLUMEN|VARIABLE|200113633|1|0|2.0|VOLUMEN|VARIABLE|200101369|1|0|2.0
165,VOLUMEN|VARIABLE|200088458|1|0|1.0|VOLUMEN|VARIABLE|200105335|1|0|1.0|VOLUMEN|VARIABLE|200088458|1|0|1.0|VOLUMEN|VARIABLE|200105335|1|0|1.0|VOLUMEN|VARIABLE|200088458|1|0|1.0|VOLUMEN|VARIABLE|200105335|1|0|1.0|VOLUMEN|VARIABLE|200088458|1|0|1.0|VOLUMEN|VARIABLE|200105335|1|0|1.0|VOLUMEN|VARIABLE|200105335|1|0|1.0|VOLUMEN|VARIABLE|200105335|1|0|1.0|VOLUMEN|VARIABLE|200105335|1|0|1.0|VOLUMEN|VARIABLE|200088458|1|0|1.0|VOLUMEN|VARIABLE|200088458|1|0|1.0|VOLUMEN|VARIABLE|200105335|1|0|1.0|VOLUMEN|VARIABLE|200088458|1|0|1.0|VOLUMEN|VARIABLE|200105335|1|0|1.0|VOLUMEN|VARIABLE|200088458|1|0|1.0|VOLUMEN|VARIABLE|200105335|1|0|1.0|VOLUMEN|VARIABLE|200088458|1|0|1.0|VOLUMEN|VARIABLE|200088458|1|0|1.0|VOLUMEN|VARIABLE|200088458|1|0|1.0|VOLUMEN|VARIABLE|200105335|1|0|1.0|VOLUMEN|VARIABLE|200088458|1|0|1.0|VOLUMEN|VARIABLE|200105335|1|0|1.0|VOLUMEN|VARIABLE|200088458|1|0|1.0|VOLUMEN|VARIABLE|200105335|1|0|1.0
166,VOLUMEN|VARIABLE|200088458|1|0|2.0|VOLUMEN|VARIABLE|200105335|1|0|2.0|VOLUMEN|VARIABLE|200088458|1|0|2.0|VOLUMEN|VARIABLE|200105335|1|0|2.0|VOLUMEN|VARIABLE|200088458|1|0|2.0|VOLUMEN|VARIABLE|200105335|1|0|2.0|VOLUMEN|VARIABLE|200088458|1|0|2.0|VOLUMEN|VARIABLE|200105335|1|0|2.0|VOLUMEN|VARIABLE|200105335|1|0|2.0|VOLUMEN|VARIABLE|200105335|1|0|2.0|VOLUMEN|VARIABLE|200105335|1|0|2.0|VOLUMEN|VARIABLE|200088458|1|0|2.0|VOLUMEN|VARIABLE|200088458|1|0|2.0|VOLUMEN|VARIABLE|200105335|1|0|2.0|VOLUMEN|VARIABLE|200088458|1|0|2.0|VOLUMEN|VARIABLE|200105335|1|0|2.0|VOLUMEN|VARIABLE|200088458|1|0|2.0|VOLUMEN|VARIABLE|200105335|1|0|2.0|VOLUMEN|VARIABLE|200088458|1|0|2.0|VOLUMEN|VARIABLE|200088458|1|0|2.0|VOLUMEN|VARIABLE|200088458|1|0|2.0|VOLUMEN|VARIABLE|200105335|1|0|2.0|VOLUMEN|VARIABLE|200088458|1|0|2.0|VOLUMEN|VARIABLE|200105335|1|0|2.0|VOLUMEN|VARIABLE|200088458|1|0|2.0|VOLUMEN|VARIABLE|200105335|1|0|2.0
167,VOLUMEN|VARIABLE|P0408062000|1|0|1.0|VOLUMEN|VARIABLE|P0408062000|1|0|1.0|VOLUMEN|VARIABLE|P0408062000|1|0|1.0|VOLUMEN|VARIABLE|P0408062000|1|0|1.0|VOLUMEN|VARIABLE|P0408062000|1|0|1.0|VOLUMEN|VARIABLE|P0408062000|1|0|1.0|VOLUMEN|VARIABLE|P0408062000|1|0|1.0|VOLUMEN|VARIABLE|P0408062000|1|0|1.0|VOLUMEN|VARIABLE|P0408062000|1|0|1.0|VOLUMEN|VARIABLE|P0408062000|1|0|1.0|VOLUMEN|VARIABLE|P0408062000|1|0|1.0|VOLUMEN|VARIABLE|P0408062000|1|0|1.0|VOLUMEN|VARIABLE|P0408062000|1|0|1.0|VOLUMEN|VARIABLE|P0408062000|1|0|1.0|VOLUMEN|VARIABLE|P0408062000|1|0|1.0|VOLUMEN|VARIABLE|P0408062000|1|0|1.0|VOLUMEN|VARIABLE|P0408062000|1|0|1.0|VOLUMEN|VARIABLE|P0408062000|1|0|1.0|VOLUMEN|VARIABLE|P0408062000|1|0|1.0|VOLUMEN|VARIABLE|P0408062000|1|0|1.0|VOLUMEN|VARIABLE|P0408062000|1|0|1.0|VOLUMEN|VARIABLE|P0408062000|1|0|1.0|VOLUMEN|VARIABLE|P0408062000|1|0|1.0|VOLUMEN|VARIABLE|P0408062000|1|0|1.0|VOLUMEN|VARIABLE|P0408062000|1|0|1.0|VOLUMEN|VARIABLE|P0408062000|1|0|1.0|VOLUMEN|VARIABLE|P0408062000|1|0|1.0|VOLUMEN|VARIABLE|P0408062000|1|0|1.0|VOLUMEN|VARIABLE|P0408062000|1|0|1.0|VOLUMEN|VARIABLE|P0408062000|1|0|1.0|VOLUMEN|VARIABLE|P0408062000|1|0|1.0|VOLUMEN|VARIABLE|P0408062000|1|0|1.0|VOLUMEN|VARIABLE|P0408062000|1|0|1.0|VOLUMEN|VARIABLE|P0408062000|1|0|1.0|VOLUMEN|VARIABLE|P0408062000|1|0|1.0|VOLUMEN|VARIABLE|P0408062000|1|0|1.0|VOLUMEN|VARIABLE|P0408062000|1|0|1.0|VOLUMEN|VARIABLE|P0408062000|1|0|1.0|VOLUMEN|VARIABLE|P0408062000|1|0|1.0|VOLUMEN|VARIABLE|P0408062000|1|0|1.0|VOLUMEN|VARIABLE|P0408062000|1|0|1.0|VOLUMEN|VARIABLE|P0408062000|1|0|1.0|VOLUMEN|VARIABLE|P0408062000|1|0|1.0|VOLUMEN|VARIABLE|P0408062000|1|0|1.0|VOLUMEN|VARIABLE|P0408062000|1|0|1.0|VOLUMEN|VARIABLE|P0408062000|1|0|1.0|VOLUMEN|VARIABLE|P0408062000|1|0|1.0|VOLUMEN|VARIABLE|P0408062000|1|0|1.0|VOLUMEN|VARIABLE|P0408062000|1|0|1.0|VOLUMEN|VARIABLE|P0408062000|1|0|1.0|VOLUMEN|VARIABLE|P0408062000|1|0|1.0|VOLUMEN|VARIABLE|P0408062000|1|0|1.0|VOLUMEN|VARIABLE|P0408062000|1|0|1.0|VOLUMEN|VARIABLE|P0408062000|1|0|1.0|VOLUMEN|VARIABLE|P0408062000|1|0|1.0|VOLUMEN|VARIABLE|P0408062000|1|0|1.0|VOLUMEN|VARIABLE|P0408062000|1|0|1.0|VOLUMEN|VARIABLE|P0408062000|1|0|1.0|VOLUMEN|VARIABLE|P0408062000|1|0|1.0|VOLUMEN|VARIABLE|P0408062000|1|0|1.0|VOLUMEN|VARIABLE|P0408062000|1|0|1.0|VOLUMEN|VARIABLE|P0408062000|1|0|1.0|VOLUMEN|VARIABLE|P0408062000|1|0|1.0|VOLUMEN|VARIABLE|P0408062000|1|0|1.0|VOLUMEN|VARIABLE|P0408062000|1|0|1.0|VOLUMEN|VARIABLE|P0408062000|1|0|1.0|VOLUMEN|VARIABLE|P0408062000|1|0|1.0|VOLUMEN|VARIABLE|P0408062000|1|0|1.0|VOLUMEN|VARIABLE|P0408062000|1|0|1.0|VOLUMEN|VARIABLE|P0408062000|1|0|1.0|VOLUMEN|VARIABLE|P0408062000|1|0|1.0|VOLUMEN|VARIABLE|P0408062000|1|0|1.0|VOLUMEN|VARIABLE|P0408062000|1|0|1.0|VOLUMEN|VARIABLE|P0408062000|1|0|1.0|VOLUMEN|VARIABLE|P0408062000|1|0|1.0|VOLUMEN|VARIABLE|P0408062000|1|0|1.0|VOLUMEN|VARIABLE|P0408062000|1|0|1.0|VOLUMEN|VARIABLE|P0408062000|1|0|1.0|VOLUMEN|VARIABLE|P0408062000|1|0|1.0|VOLUMEN|VARIABLE|P0408062000|1|0|1.0|VOLUMEN|VARIABLE|P0408062000|1|0|1.0|VOLUMEN|VARIABLE|P0408062000|1|0|1.0|VOLUMEN|VARIABLE|P0408062000|1|0|1.0|VOLUMEN|VARIABLE|P0408062000|1|0|1.0|VOLUMEN|VARIABLE|P0408062000|1|0|1.0|VOLUMEN|VARIABLE|P0408062000|1|0|1.0|VOLUMEN|VARIABLE|P0408062000|1|0|1.0|VOLUMEN|VARIABLE|P0408062000|1|0|1.0|VOLUMEN|VARIABLE|P0408062000|1|0|1.0|VOLUMEN|VARIABLE|P0408062000|1|0|1.0|VOLUMEN|VARIABLE|P0408062000|1|0|1.0|VOLUMEN|VARIABLE|P0408062000|1|0|1.0|VOLUMEN|VARIABLE|P0408062000|1|0|1.0|VOLUMEN|VARIABLE|P0408062000|1|0|1.0|VOLUMEN|VARIABLE|P0408062000|1|0|1.0|VOLUMEN|VARIABLE|P0408062000|1|0|1.0|VOLUMEN|VARIABLE|P0408062000|1|0|1.0|VOLUMEN|VARIABLE|P0408062000|1|0|1.0|VOLUMEN|VARIABLE|P0408062000|1|0|1.0|VOLUMEN|VARIABLE|P0408062000|1|0|1.0|VOLUMEN|VARIABLE|P0408062000|1|0|1.0|VOLUMEN|VARIABLE|P0408062000|1|0|1.0|VOLUMEN|VARIABLE|P0408062000|1|0|1.0|VOLUMEN|VARIABLE|P0408062000|1|0|1.0|VOLUMEN|VARIABLE|P0408062000|1|0|1.0|VOLUMEN|VARIABLE|P0408062000|1|0|1.0|VOLUMEN|VARIABLE|P0408062000|1|0|1.0|VOLUMEN|VARIABLE|P0408062000|1|0|1.0|VOLUMEN|VARIABLE|P0408062000|1|0|1.0|VOLUMEN|VARIABLE|P0408062000|1|0|1.0|VOLUMEN|VARIABLE|P0408062000|1|0|1.0|VOLUMEN|VARIABLE|P0408062000|1|0|1.0|VOLUMEN|VARIABLE|P0408062000|1|0|1.0|VOLUMEN|VARIABLE|P0408062000|1|0|1.0|VOLUMEN|VARIABLE|P0408062000|1|0|1.0|VOLUMEN|VARIABLE|P0408062000|1|0|1.0|VOLUMEN|VARIABLE|P0408062000|1|0|1.0|VOLUMEN|VARIABLE|P0408062000|1|0|1.0|VOLUMEN|VARIABLE|P0408062000|1|0|1.0|VOLUMEN|VARIABLE|P0408062000|1|0|1.0|VOLUMEN|VARIABLE|P0408062000|1|0|1.0|VOLUMEN|VARIABLE|P0408062000|1|0|1.0|VOLUMEN|VARIABLE|P0408062000|1|0|1.0|VOLUMEN|VARIABLE|P0408062000|1|0|1.0|VOLUMEN|VARIABLE|P0408062000|1|0|1.0|VOLUMEN|VARIABLE|P0408062000|1|0|1.0|VOLUMEN|VARIABLE|P0408062000|1|0|1.0|VOLUMEN|VARIABLE|P0408062000|1|0|1.0|VOLUMEN|VARIABLE|P0408062000|1|0|1.0|VOLUMEN|VARIABLE|P0408062000|1|0|1.0
168,VOLUMEN|VARIABLE|P0408062000|1|0|2.0|VOLUMEN|VARIABLE|P0408062000|1|0|2.0|VOLUMEN|VARIABLE|P0408062000|1|0|2.0|VOLUMEN|VARIABLE|P0408062000|1|0|2.0|VOLUMEN|VARIABLE|P0408062000|1|0|2.0|VOLUMEN|VARIABLE|P0408062000|1|0|2.0|VOLUMEN|VARIABLE|P0408062000|1|0|2.0|VOLUMEN|VARIABLE|P0408062000|1|0|2.0|VOLUMEN|VARIABLE|P0408062000|1|0|2.0|VOLUMEN|VARIABLE|P0408062000|1|0|2.0|VOLUMEN|VARIABLE|P0408062000|1|0|2.0|VOLUMEN|VARIABLE|P0408062000|1|0|2.0|VOLUMEN|VARIABLE|P0408062000|1|0|2.0|VOLUMEN|VARIABLE|P0408062000|1|0|2.0|VOLUMEN|VARIABLE|P0408062000|1|0|2.0|VOLUMEN|VARIABLE|P0408062000|1|0|2.0|VOLUMEN|VARIABLE|P0408062000|1|0|2.0|VOLUMEN|VARIABLE|P0408062000|1|0|2.0|VOLUMEN|VARIABLE|P0408062000|1|0|2.0|VOLUMEN|VARIABLE|P0408062000|1|0|2.0|VOLUMEN|VARIABLE|P0408062000|1|0|2.0|VOLUMEN|VARIABLE|P0408062000|1|0|2.0|VOLUMEN|VARIABLE|P0408062000|1|0|2.0|VOLUMEN|VARIABLE|P0408062000|1|0|2.0|VOLUMEN|VARIABLE|P0408062000|1|0|2.0|VOLUMEN|VARIABLE|P0408062000|1|0|2.0|VOLUMEN|VARIABLE|P0408062000|1|0|2.0|VOLUMEN|VARIABLE|P0408062000|1|0|2.0|VOLUMEN|VARIABLE|P0408062000|1|0|2.0|VOLUMEN|VARIABLE|P0408062000|1|0|2.0|VOLUMEN|VARIABLE|P0408062000|1|0|2.0|VOLUMEN|VARIABLE|P0408062000|1|0|2.0|VOLUMEN|VARIABLE|P0408062000|1|0|2.0|VOLUMEN|VARIABLE|P0408062000|1|0|2.0|VOLUMEN|VARIABLE|P0408062000|1|0|2.0|VOLUMEN|VARIABLE|P0408062000|1|0|2.0|VOLUMEN|VARIABLE|P0408062000|1|0|2.0|VOLUMEN|VARIABLE|P0408062000|1|0|2.0|VOLUMEN|VARIABLE|P0408062000|1|0|2.0|VOLUMEN|VARIABLE|P0408062000|1|0|2.0|VOLUMEN|VARIABLE|P0408062000|1|0|2.0|VOLUMEN|VARIABLE|P0408062000|1|0|2.0|VOLUMEN|VARIABLE|P0408062000|1|0|2.0|VOLUMEN|VARIABLE|P0408062000|1|0|2.0|VOLUMEN|VARIABLE|P0408062000|1|0|2.0|VOLUMEN|VARIABLE|P0408062000|1|0|2.0|VOLUMEN|VARIABLE|P0408062000|1|0|2.0|VOLUMEN|VARIABLE|P0408062000|1|0|2.0|VOLUMEN|VARIABLE|P0408062000|1|0|2.0|VOLUMEN|VARIABLE|P0408062000|1|0|2.0|VOLUMEN|VARIABLE|P0408062000|1|0|2.0|VOLUMEN|VARIABLE|P0408062000|1|0|2.0|VOLUMEN|VARIABLE|P0408062000|1|0|2.0|VOLUMEN|VARIABLE|P0408062000|1|0|2.0|VOLUMEN|VARIABLE|P0408062000|1|0|2.0|VOLUMEN|VARIABLE|P0408062000|1|0|2.0|VOLUMEN|VARIABLE|P0408062000|1|0|2.0|VOLUMEN|VARIABLE|P0408062000|1|0|2.0|VOLUMEN|VARIABLE|P0408062000|1|0|2.0|VOLUMEN|VARIABLE|P0408062000|1|0|2.0|VOLUMEN|VARIABLE|P0408062000|1|0|2.0|VOLUMEN|VARIABLE|P0408062000|1|0|2.0|VOLUMEN|VARIABLE|P0408062000|1|0|2.0|VOLUMEN|VARIABLE|P0408062000|1|0|2.0|VOLUMEN|VARIABLE|P0408062000|1|0|2.0|VOLUMEN|VARIABLE|P0408062000|1|0|2.0|VOLUMEN|VARIABLE|P0408062000|1|0|2.0|VOLUMEN|VARIABLE|P0408062000|1|0|2.0|VOLUMEN|VARIABLE|P0408062000|1|0|2.0|VOLUMEN|VARIABLE|P0408062000|1|0|2.0|VOLUMEN|VARIABLE|P0408062000|1|0|2.0|VOLUMEN|VARIABLE|P0408062000|1|0|2.0|VOLUMEN|VARIABLE|P0408062000|1|0|2.0|VOLUMEN|VARIABLE|P0408062000|1|0|2.0|VOLUMEN|VARIABLE|P0408062000|1|0|2.0|VOLUMEN|VARIABLE|P0408062000|1|0|2.0|VOLUMEN|VARIABLE|P0408062000|1|0|2.0|VOLUMEN|VARIABLE|P0408062000|1|0|2.0|VOLUMEN|VARIABLE|P0408062000|1|0|2.0|VOLUMEN|VARIABLE|P0408062000|1|0|2.0|VOLUMEN|VARIABLE|P0408062000|1|0|2.0|VOLUMEN|VARIABLE|P0408062000|1|0|2.0|VOLUMEN|VARIABLE|P0408062000|1|0|2.0|VOLUMEN|VARIABLE|P0408062000|1|0|2.0|VOLUMEN|VARIABLE|P0408062000|1|0|2.0|VOLUMEN|VARIABLE|P0408062000|1|0|2.0|VOLUMEN|VARIABLE|P0408062000|1|0|2.0|VOLUMEN|VARIABLE|P0408062000|1|0|2.0|VOLUMEN|VARIABLE|P0408062000|1|0|2.0|VOLUMEN|VARIABLE|P0408062000|1|0|2.0|VOLUMEN|VARIABLE|P0408062000|1|0|2.0|VOLUMEN|VARIABLE|P0408062000|1|0|2.0|VOLUMEN|VARIABLE|P0408062000|1|0|2.0|VOLUMEN|VARIABLE|P0408062000|1|0|2.0|VOLUMEN|VARIABLE|P0408062000|1|0|2.0|VOLUMEN|VARIABLE|P0408062000|1|0|2.0|VOLUMEN|VARIABLE|P0408062000|1|0|2.0|VOLUMEN|VARIABLE|P0408062000|1|0|2.0|VOLUMEN|VARIABLE|P0408062000|1|0|2.0|VOLUMEN|VARIABLE|P0408062000|1|0|2.0|VOLUMEN|VARIABLE|P0408062000|1|0|2.0|VOLUMEN|VARIABLE|P0408062000|1|0|2.0|VOLUMEN|VARIABLE|P0408062000|1|0|2.0|VOLUMEN|VARIABLE|P0408062000|1|0|2.0|VOLUMEN|VARIABLE|P0408062000|1|0|2.0|VOLUMEN|VARIABLE|P0408062000|1|0|2.0|VOLUMEN|VARIABLE|P0408062000|1|0|2.0|VOLUMEN|VARIABLE|P0408062000|1|0|2.0|VOLUMEN|VARIABLE|P0408062000|1|0|2.0|VOLUMEN|VARIABLE|P0408062000|1|0|2.0|VOLUMEN|VARIABLE|P0408062000|1|0|2.0|VOLUMEN|VARIABLE|P0408062000|1|0|2.0|VOLUMEN|VARIABLE|P0408062000|1|0|2.0|VOLUMEN|VARIABLE|P0408062000|1|0|2.0|VOLUMEN|VARIABLE|P0408062000|1|0|2.0|VOLUMEN|VARIABLE|P0408062000|1|0|2.0|VOLUMEN|VARIABLE|P0408062000|1|0|2.0|VOLUMEN|VARIABLE|P0408062000|1|0|2.0|VOLUMEN|VARIABLE|P0408062000|1|0|2.0|VOLUMEN|VARIABLE|P0408062000|1|0|2.0|VOLUMEN|VARIABLE|P0408062000|1|0|2.0|VOLUMEN|VARIABLE|P0408062000|1|0|2.0|VOLUMEN|VARIABLE|P0408062000|1|0|2.0|VOLUMEN|VARIABLE|P0408062000|1|0|2.0|VOLUMEN|VARIABLE|P0408062000|1|0|2.0|VOLUMEN|VARIABLE|P0408062000|1|0|2.0|VOLUMEN|VARIABLE|P0408062000|1|0|2.0|VOLUMEN|VARIABLE|P0408062000|1|0|2.0|VOLUMEN|VARIABLE|P0408062000|1|0|2.0|VOLUMEN|VARIABLE|P0408062000|1|0|2.0
169,VOLUMEN|VARIABLE|P0408050000|1|0|1.0|VOLUMEN|VARIABLE|P0408050000|1|0|1.0|VOLUMEN|VARIABLE|P0408050000|1|0|1.0|VOLUMEN|VARIABLE|P0408050000|1|0|1.0|VOLUMEN|VARIABLE|P0408050000|1|0|1.0|VOLUMEN|VARIABLE|P0408050000|1|0|1.0|VOLUMEN|VARIABLE|P0408050000|1|0|1.0|VOLUMEN|VARIABLE|P0408050000|1|0|1.0|VOLUMEN|VARIABLE|P0408050000|1|0|1.0|VOLUMEN|VARIABLE|P0408050000|1|0|1.0|VOLUMEN|VARIABLE|P0408050000|1|0|1.0|VOLUMEN|VARIABLE|P0408050000|1|0|1.0|VOLUMEN|VARIABLE|P0408050000|1|0|1.0|VOLUMEN|VARIABLE|P0408050000|1|0|1.0|VOLUMEN|VARIABLE|P0408050000|1|0|1.0|VOLUMEN|VARIABLE|P0408050000|1|0|1.0|VOLUMEN|VARIABLE|P0408050000|1|0|1.0|VOLUMEN|VARIABLE|P0408050000|1|0|1.0|VOLUMEN|VARIABLE|P0408050000|1|0|1.0|VOLUMEN|VARIABLE|P0408050000|1|0|1.0|VOLUMEN|VARIABLE|P0408050000|1|0|1.0|VOLUMEN|VARIABLE|P0408050000|1|0|1.0|VOLUMEN|VARIABLE|P0408050000|1|0|1.0|VOLUMEN|VARIABLE|P0408050000|1|0|1.0|VOLUMEN|VARIABLE|P0408050000|1|0|1.0|VOLUMEN|VARIABLE|P0408050000|1|0|1.0|VOLUMEN|VARIABLE|P0408050000|1|0|1.0|VOLUMEN|VARIABLE|P0408050000|1|0|1.0|VOLUMEN|VARIABLE|P0408050000|1|0|1.0|VOLUMEN|VARIABLE|P0408050000|1|0|1.0|VOLUMEN|VARIABLE|P0408050000|1|0|1.0|VOLUMEN|VARIABLE|P0408050000|1|0|1.0|VOLUMEN|VARIABLE|P0408050000|1|0|1.0|VOLUMEN|VARIABLE|P0408050000|1|0|1.0|VOLUMEN|VARIABLE|P0408050000|1|0|1.0|VOLUMEN|VARIABLE|P0408050000|1|0|1.0|VOLUMEN|VARIABLE|P0408050000|1|0|1.0|VOLUMEN|VARIABLE|P0408050000|1|0|1.0|VOLUMEN|VARIABLE|P0408050000|1|0|1.0|VOLUMEN|VARIABLE|P0408050000|1|0|1.0|VOLUMEN|VARIABLE|P0408050000|1|0|1.0|VOLUMEN|VARIABLE|P0408050000|1|0|1.0|VOLUMEN|VARIABLE|P0408050000|1|0|1.0|VOLUMEN|VARIABLE|P0408050000|1|0|1.0|VOLUMEN|VARIABLE|P0408050000|1|0|1.0|VOLUMEN|VARIABLE|P0408050000|1|0|1.0|VOLUMEN|VARIABLE|P0408050000|1|0|1.0|VOLUMEN|VARIABLE|P0408050000|1|0|1.0|VOLUMEN|VARIABLE|P0408050000|1|0|1.0|VOLUMEN|VARIABLE|P0408050000|1|0|1.0|VOLUMEN|VARIABLE|P0408050000|1|0|1.0|VOLUMEN|VARIABLE|P0408050000|1|0|1.0|VOLUMEN|VARIABLE|P0408050000|1|0|1.0|VOLUMEN|VARIABLE|P0408050000|1|0|1.0|VOLUMEN|VARIABLE|P0408050000|1|0|1.0|VOLUMEN|VARIABLE|P0408050000|1|0|1.0|VOLUMEN|VARIABLE|P0408050000|1|0|1.0|VOLUMEN|VARIABLE|P0408050000|1|0|1.0|VOLUMEN|VARIABLE|P0408050000|1|0|1.0|VOLUMEN|VARIABLE|P0408050000|1|0|1.0|VOLUMEN|VARIABLE|P0408050000|1|0|1.0|VOLUMEN|VARIABLE|P0408050000|1|0|1.0|VOLUMEN|VARIABLE|P0408050000|1|0|1.0|VOLUMEN|VARIABLE|P0408050000|1|0|1.0|VOLUMEN|VARIABLE|P0408050000|1|0|1.0|VOLUMEN|VARIABLE|P0408050000|1|0|1.0|VOLUMEN|VARIABLE|P0408050000|1|0|1.0|VOLUMEN|VARIABLE|P0408050000|1|0|1.0|VOLUMEN|VARIABLE|P0408050000|1|0|1.0|VOLUMEN|VARIABLE|P0408050000|1|0|1.0|VOLUMEN|VARIABLE|P0408050000|1|0|1.0|VOLUMEN|VARIABLE|P0408050000|1|0|1.0|VOLUMEN|VARIABLE|P0408050000|1|0|1.0|VOLUMEN|VARIABLE|P0408050000|1|0|1.0|VOLUMEN|VARIABLE|P0408050000|1|0|1.0|VOLUMEN|VARIABLE|P0408050000|1|0|1.0|VOLUMEN|VARIABLE|P0408050000|1|0|1.0|VOLUMEN|VARIABLE|P0408050000|1|0|1.0|VOLUMEN|VARIABLE|P0408050000|1|0|1.0|VOLUMEN|VARIABLE|P0408050000|1|0|1.0|VOLUMEN|VARIABLE|P0408050000|1|0|1.0|VOLUMEN|VARIABLE|P0408050000|1|0|1.0|VOLUMEN|VARIABLE|P0408050000|1|0|1.0|VOLUMEN|VARIABLE|P0408050000|1|0|1.0|VOLUMEN|VARIABLE|P0408050000|1|0|1.0|VOLUMEN|VARIABLE|P0408050000|1|0|1.0|VOLUMEN|VARIABLE|P0408050000|1|0|1.0|VOLUMEN|VARIABLE|P0408050000|1|0|1.0|VOLUMEN|VARIABLE|P0408050000|1|0|1.0|VOLUMEN|VARIABLE|P0408050000|1|0|1.0|VOLUMEN|VARIABLE|P0408050000|1|0|1.0|VOLUMEN|VARIABLE|P0408050000|1|0|1.0|VOLUMEN|VARIABLE|P0408050000|1|0|1.0|VOLUMEN|VARIABLE|P0408050000|1|0|1.0|VOLUMEN|VARIABLE|P0408050000|1|0|1.0|VOLUMEN|VARIABLE|P0408050000|1|0|1.0|VOLUMEN|VARIABLE|P0408050000|1|0|1.0|VOLUMEN|VARIABLE|P0408050000|1|0|1.0|VOLUMEN|VARIABLE|P0408050000|1|0|1.0|VOLUMEN|VARIABLE|P0408050000|1|0|1.0|VOLUMEN|VARIABLE|P0408050000|1|0|1.0|VOLUMEN|VARIABLE|P0408050000|1|0|1.0|VOLUMEN|VARIABLE|P0408050000|1|0|1.0|VOLUMEN|VARIABLE|P0408050000|1|0|1.0|VOLUMEN|VARIABLE|P0408050000|1|0|1.0|VOLUMEN|VARIABLE|P0408050000|1|0|1.0|VOLUMEN|VARIABLE|P0408050000|1|0|1.0|VOLUMEN|VARIABLE|P0408050000|1|0|1.0|VOLUMEN|VARIABLE|P0408050000|1|0|1.0|VOLUMEN|VARIABLE|P0408050000|1|0|1.0|VOLUMEN|VARIABLE|P0408050000|1|0|1.0|VOLUMEN|VARIABLE|P0408050000|1|0|1.0|VOLUMEN|VARIABLE|P0408050000|1|0|1.0|VOLUMEN|VARIABLE|P0408050000|1|0|1.0|VOLUMEN|VARIABLE|P0408050000|1|0|1.0|VOLUMEN|VARIABLE|P0408050000|1|0|1.0|VOLUMEN|VARIABLE|P0408050000|1|0|1.0|VOLUMEN|VARIABLE|P0408050000|1|0|1.0|VOLUMEN|VARIABLE|P0408050000|1|0|1.0|VOLUMEN|VARIABLE|P0408050000|1|0|1.0|VOLUMEN|VARIABLE|P0408050000|1|0|1.0|VOLUMEN|VARIABLE|P0408050000|1|0|1.0|VOLUMEN|VARIABLE|P0408050000|1|0|1.0|VOLUMEN|VARIABLE|P0408050000|1|0|1.0|VOLUMEN|VARIABLE|P0408050000|1|0|1.0|VOLUMEN|VARIABLE|P0408050000|1|0|1.0|VOLUMEN|VARIABLE|P0408050000|1|0|1.0|VOLUMEN|VARIABLE|P0408050000|1|0|1.0|VOLUMEN|VARIABLE|P0408050000|1|0|1.0|VOLUMEN|VARIABLE|P0408050000|1|0|1.0|VOLUMEN|VARIABLE|P0408050000|1|0|1.0|VOLUMEN|VARIABLE|P0408050000|1|0|1.0|VOLUMEN|VARIABLE|P0408050000|1|0|1.0|VOLUMEN|VARIABLE|P0408050000|1|0|1.0|VOLUMEN|VARIABLE|P0408050000|1|0|1.0|VOLUMEN|VARIABLE|P0408050000|1|0|1.0|VOLUMEN|VARIABLE|P0408050000|1|0|1.0|VOLUMEN|VARIABLE|P0408050000|1|0|1.0|VOLUMEN|VARIABLE|P0408050000|1|0|1.0|VOLUMEN|VARIABLE|P0408050000|1|0|1.0|VOLUMEN|VARIABLE|P0408050000|1|0|1.0|VOLUMEN|VARIABLE|P0408050000|1|0|1.0|VOLUMEN|VARIABLE|P0408050000|1|0|1.0|VOLUMEN|VARIABLE|P0408050000|1|0|1.0|VOLUMEN|VARIABLE|P0408050000|1|0|1.0|VOLUMEN|VARIABLE|P0408050000|1|0|1.0|VOLUMEN|VARIABLE|P0408050000|1|0|1.0|VOLUMEN|VARIABLE|P0408050000|1|0|1.0|VOLUMEN|VARIABLE|P0408050000|1|0|1.0|VOLUMEN|VARIABLE|P0408050000|1|0|1.0|VOLUMEN|VARIABLE|P0408050000|1|0|1.0|VOLUMEN|VARIABLE|P0408050000|1|0|1.0|VOLUMEN|VARIABLE|P0408050000|1|0|1.0|VOLUMEN|VARIABLE|P0408050000|1|0|1.0|VOLUMEN|VARIABLE|P0408050000|1|0|1.0|VOLUMEN|VARIABLE|P0408050000|1|0|1.0|VOLUMEN|VARIABLE|P0408050000|1|0|1.0|VOLUMEN|VARIABLE|P0408050000|1|0|1.0|VOLUMEN|VARIABLE|P0408050000|1|0|1.0|VOLUMEN|VARIABLE|P0408050000|1|0|1.0|VOLUMEN|VARIABLE|P0408050000|1|0|1.0|VOLUMEN|VARIABLE|P0408050000|1|0|1.0|VOLUMEN|VARIABLE|P0408050000|1|0|1.0|VOLUMEN|VARIABLE|P0408050000|1|0|1.0|VOLUMEN|VARIABLE|P0408050000|1|0|1.0|VOLUMEN|VARIABLE|P0408050000|1|0|1.0|VOLUMEN|VARIABLE|P0408050000|1|0|1.0|VOLUMEN|VARIABLE|P0408050000|1|0|1.0|VOLUMEN|VARIABLE|P0408050000|1|0|1.0|VOLUMEN|VARIABLE|P0408050000|1|0|1.0|VOLUMEN|VARIABLE|P0408050000|1|0|1.0|VOLUMEN|VARIABLE|P0408050000|1|0|1.0|VOLUMEN|VARIABLE|P0408050000|1|0|1.0|VOLUMEN|VARIABLE|P0408050000|1|0|1.0|VOLUMEN|VARIABLE|P0408050000|1|0|1.0|VOLUMEN|VARIABLE|P0408050000|1|0|1.0|VOLUMEN|VARIABLE|P0408050000|1|0|1.0|VOLUMEN|VARIABLE|P0408050000|1|0|1.0|VOLUMEN|VARIABLE|P0408050000|1|0|1.0|VOLUMEN|VARIABLE|P0408050000|1|0|1.0|VOLUMEN|VARIABLE|P0408050000|1|0|1.0|VOLUMEN|VARIABLE|P0408050000|1|0|1.0|VOLUMEN|VARIABLE|P0408050000|1|0|1.0|VOLUMEN|VARIABLE|P0408050000|1|0|1.0|VOLUMEN|VARIABLE|P0408050000|1|0|1.0|VOLUMEN|VARIABLE|P0408050000|1|0|1.0|VOLUMEN|VARIABLE|P0408050000|1|0|1.0|VOLUMEN|VARIABLE|P0408050000|1|0|1.0|VOLUMEN|VARIABLE|P0408050000|1|0|1.0|VOLUMEN|VARIABLE|P0408050000|1|0|1.0|VOLUMEN|VARIABLE|P0408050000|1|0|1.0|VOLUMEN|VARIABLE|P0408050000|1|0|1.0|VOLUMEN|VARIABLE|P0408050000|1|0|1.0|VOLUMEN|VARIABLE|P0408050000|1|0|1.0|VOLUMEN|VARIABLE|P0408050000|1|0|1.0|VOLUMEN|VARIABLE|P0408050000|1|0|1.0|VOLUMEN|VARIABLE|P0408050000|1|0|1.0|VOLUMEN|VARIABLE|P0408050000|1|0|1.0|VOLUMEN|VARIABLE|P0408050000|1|0|1.0|VOLUMEN|VARIABLE|P0408050000|1|0|1.0|VOLUMEN|VARIABLE|P0408050000|1|0|1.0|VOLUMEN|VARIABLE|P0408050000|1|0|1.0|VOLUMEN|VARIABLE|P0408050000|1|0|1.0|VOLUMEN|VARIABLE|P0408050000|1|0|1.0|VOLUMEN|VARIABLE|P0408050000|1|0|1.0|VOLUMEN|VARIABLE|P0408050000|1|0|1.0|VOLUMEN|VARIABLE|P0408050000|1|0|1.0|VOLUMEN|VARIABLE|P0408050000|1|0|1.0|VOLUMEN|VARIABLE|P0408050000|1|0|1.0|VOLUMEN|VARIABLE|P0408050000|1|0|1.0|VOLUMEN|VARIABLE|P0408050000|1|0|1.0|VOLUMEN|VARIABLE|P0408050000|1|0|1.0|VOLUMEN|VARIABLE|P0408050000|1|0|1.0|VOLUMEN|VARIABLE|P0408050000|1|0|1.0|VOLUMEN|VARIABLE|P0408050000|1|0|1.0|VOLUMEN|VARIABLE|P0408050000|1|0|1.0|VOLUMEN|VARIABLE|P0408050000|1|0|1.0|VOLUMEN|VARIABLE|P0408050000|1|0|1.0|VOLUMEN|VARIABLE|P0408050000|1|0|1.0|VOLUMEN|VARIABLE|P0408050000|1|0|1.0|VOLUMEN|VARIABLE|P0408050000|1|0|1.0|VOLUMEN|VARIABLE|P0408050000|1|0|1.0|VOLUMEN|VARIABLE|P0408050000|1|0|1.0|VOLUMEN|VARIABLE|P0408050000|1|0|1.0|VOLUMEN|VARIABLE|P0408050000|1|0|1.0|VOLUMEN|VARIABLE|P0408050000|1|0|1.0|VOLUMEN|VARIABLE|P0408050000|1|0|1.0|VOLUMEN|VARIABLE|P0408050000|1|0|1.0|VOLUMEN|VARIABLE|P0408050000|1|0|1.0|VOLUMEN|VARIABLE|P0408050000|1|0|1.0|VOLUMEN|VARIABLE|P0408050000|1|0|1.0
170,VOLUMEN|VARIABLE|P0408050000|1|0|2.0|VOLUMEN|VARIABLE|P0408050000|1|0|2.0|VOLUMEN|VARIABLE|P0408050000|1|0|2.0|VOLUMEN|VARIABLE|P0408050000|1|0|2.0|VOLUMEN|VARIABLE|P0408050000|1|0|2.0|VOLUMEN|VARIABLE|P0408050000|1|0|2.0|VOLUMEN|VARIABLE|P0408050000|1|0|2.0|VOLUMEN|VARIABLE|P0408050000|1|0|2.0|VOLUMEN|VARIABLE|P0408050000|1|0|2.0|VOLUMEN|VARIABLE|P0408050000|1|0|2.0|VOLUMEN|VARIABLE|P0408050000|1|0|2.0|VOLUMEN|VARIABLE|P0408050000|1|0|2.0|VOLUMEN|VARIABLE|P0408050000|1|0|2.0|VOLUMEN|VARIABLE|P0408050000|1|0|2.0|VOLUMEN|VARIABLE|P0408050000|1|0|2.0|VOLUMEN|VARIABLE|P0408050000|1|0|2.0|VOLUMEN|VARIABLE|P0408050000|1|0|2.0|VOLUMEN|VARIABLE|P0408050000|1|0|2.0|VOLUMEN|VARIABLE|P0408050000|1|0|2.0|VOLUMEN|VARIABLE|P0408050000|1|0|2.0|VOLUMEN|VARIABLE|P0408050000|1|0|2.0|VOLUMEN|VARIABLE|P0408050000|1|0|2.0|VOLUMEN|VARIABLE|P0408050000|1|0|2.0|VOLUMEN|VARIABLE|P0408050000|1|0|2.0|VOLUMEN|VARIABLE|P0408050000|1|0|2.0|VOLUMEN|VARIABLE|P0408050000|1|0|2.0|VOLUMEN|VARIABLE|P0408050000|1|0|2.0|VOLUMEN|VARIABLE|P0408050000|1|0|2.0|VOLUMEN|VARIABLE|P0408050000|1|0|2.0|VOLUMEN|VARIABLE|P0408050000|1|0|2.0|VOLUMEN|VARIABLE|P0408050000|1|0|2.0|VOLUMEN|VARIABLE|P0408050000|1|0|2.0|VOLUMEN|VARIABLE|P0408050000|1|0|2.0|VOLUMEN|VARIABLE|P0408050000|1|0|2.0|VOLUMEN|VARIABLE|P0408050000|1|0|2.0|VOLUMEN|VARIABLE|P0408050000|1|0|2.0|VOLUMEN|VARIABLE|P0408050000|1|0|2.0|VOLUMEN|VARIABLE|P0408050000|1|0|2.0|VOLUMEN|VARIABLE|P0408050000|1|0|2.0|VOLUMEN|VARIABLE|P0408050000|1|0|2.0|VOLUMEN|VARIABLE|P0408050000|1|0|2.0|VOLUMEN|VARIABLE|P0408050000|1|0|2.0|VOLUMEN|VARIABLE|P0408050000|1|0|2.0|VOLUMEN|VARIABLE|P0408050000|1|0|2.0|VOLUMEN|VARIABLE|P0408050000|1|0|2.0|VOLUMEN|VARIABLE|P0408050000|1|0|2.0|VOLUMEN|VARIABLE|P0408050000|1|0|2.0|VOLUMEN|VARIABLE|P0408050000|1|0|2.0|VOLUMEN|VARIABLE|P0408050000|1|0|2.0|VOLUMEN|VARIABLE|P0408050000|1|0|2.0|VOLUMEN|VARIABLE|P0408050000|1|0|2.0|VOLUMEN|VARIABLE|P0408050000|1|0|2.0|VOLUMEN|VARIABLE|P0408050000|1|0|2.0|VOLUMEN|VARIABLE|P0408050000|1|0|2.0|VOLUMEN|VARIABLE|P0408050000|1|0|2.0|VOLUMEN|VARIABLE|P0408050000|1|0|2.0|VOLUMEN|VARIABLE|P0408050000|1|0|2.0|VOLUMEN|VARIABLE|P0408050000|1|0|2.0|VOLUMEN|VARIABLE|P0408050000|1|0|2.0|VOLUMEN|VARIABLE|P0408050000|1|0|2.0|VOLUMEN|VARIABLE|P0408050000|1|0|2.0|VOLUMEN|VARIABLE|P0408050000|1|0|2.0|VOLUMEN|VARIABLE|P0408050000|1|0|2.0|VOLUMEN|VARIABLE|P0408050000|1|0|2.0|VOLUMEN|VARIABLE|P0408050000|1|0|2.0|VOLUMEN|VARIABLE|P0408050000|1|0|2.0|VOLUMEN|VARIABLE|P0408050000|1|0|2.0|VOLUMEN|VARIABLE|P0408050000|1|0|2.0|VOLUMEN|VARIABLE|P0408050000|1|0|2.0|VOLUMEN|VARIABLE|P0408050000|1|0|2.0|VOLUMEN|VARIABLE|P0408050000|1|0|2.0|VOLUMEN|VARIABLE|P0408050000|1|0|2.0|VOLUMEN|VARIABLE|P0408050000|1|0|2.0|VOLUMEN|VARIABLE|P0408050000|1|0|2.0|VOLUMEN|VARIABLE|P0408050000|1|0|2.0|VOLUMEN|VARIABLE|P0408050000|1|0|2.0|VOLUMEN|VARIABLE|P0408050000|1|0|2.0|VOLUMEN|VARIABLE|P0408050000|1|0|2.0|VOLUMEN|VARIABLE|P0408050000|1|0|2.0|VOLUMEN|VARIABLE|P0408050000|1|0|2.0|VOLUMEN|VARIABLE|P0408050000|1|0|2.0|VOLUMEN|VARIABLE|P0408050000|1|0|2.0|VOLUMEN|VARIABLE|P0408050000|1|0|2.0|VOLUMEN|VARIABLE|P0408050000|1|0|2.0|VOLUMEN|VARIABLE|P0408050000|1|0|2.0|VOLUMEN|VARIABLE|P0408050000|1|0|2.0|VOLUMEN|VARIABLE|P0408050000|1|0|2.0|VOLUMEN|VARIABLE|P0408050000|1|0|2.0|VOLUMEN|VARIABLE|P0408050000|1|0|2.0|VOLUMEN|VARIABLE|P0408050000|1|0|2.0|VOLUMEN|VARIABLE|P0408050000|1|0|2.0|VOLUMEN|VARIABLE|P0408050000|1|0|2.0|VOLUMEN|VARIABLE|P0408050000|1|0|2.0|VOLUMEN|VARIABLE|P0408050000|1|0|2.0|VOLUMEN|VARIABLE|P0408050000|1|0|2.0|VOLUMEN|VARIABLE|P0408050000|1|0|2.0|VOLUMEN|VARIABLE|P0408050000|1|0|2.0|VOLUMEN|VARIABLE|P0408050000|1|0|2.0|VOLUMEN|VARIABLE|P0408050000|1|0|2.0|VOLUMEN|VARIABLE|P0408050000|1|0|2.0|VOLUMEN|VARIABLE|P0408050000|1|0|2.0|VOLUMEN|VARIABLE|P0408050000|1|0|2.0|VOLUMEN|VARIABLE|P0408050000|1|0|2.0|VOLUMEN|VARIABLE|P0408050000|1|0|2.0|VOLUMEN|VARIABLE|P0408050000|1|0|2.0|VOLUMEN|VARIABLE|P0408050000|1|0|2.0|VOLUMEN|VARIABLE|P0408050000|1|0|2.0|VOLUMEN|VARIABLE|P0408050000|1|0|2.0|VOLUMEN|VARIABLE|P0408050000|1|0|2.0|VOLUMEN|VARIABLE|P0408050000|1|0|2.0|VOLUMEN|VARIABLE|P0408050000|1|0|2.0|VOLUMEN|VARIABLE|P0408050000|1|0|2.0|VOLUMEN|VARIABLE|P0408050000|1|0|2.0|VOLUMEN|VARIABLE|P0408050000|1|0|2.0|VOLUMEN|VARIABLE|P0408050000|1|0|2.0|VOLUMEN|VARIABLE|P0408050000|1|0|2.0|VOLUMEN|VARIABLE|P0408050000|1|0|2.0|VOLUMEN|VARIABLE|P0408050000|1|0|2.0|VOLUMEN|VARIABLE|P0408050000|1|0|2.0|VOLUMEN|VARIABLE|P0408050000|1|0|2.0|VOLUMEN|VARIABLE|P0408050000|1|0|2.0|VOLUMEN|VARIABLE|P0408050000|1|0|2.0|VOLUMEN|VARIABLE|P0408050000|1|0|2.0|VOLUMEN|VARIABLE|P0408050000|1|0|2.0|VOLUMEN|VARIABLE|P0408050000|1|0|2.0|VOLUMEN|VARIABLE|P0408050000|1|0|2.0|VOLUMEN|VARIABLE|P0408050000|1|0|2.0|VOLUMEN|VARIABLE|P0408050000|1|0|2.0|VOLUMEN|VARIABLE|P0408050000|1|0|2.0|VOLUMEN|VARIABLE|P0408050000|1|0|2.0|VOLUMEN|VARIABLE|P0408050000|1|0|2.0|VOLUMEN|VARIABLE|P0408050000|1|0|2.0|VOLUMEN|VARIABLE|P0408050000|1|0|2.0|VOLUMEN|VARIABLE|P0408050000|1|0|2.0|VOLUMEN|VARIABLE|P0408050000|1|0|2.0|VOLUMEN|VARIABLE|P0408050000|1|0|2.0|VOLUMEN|VARIABLE|P0408050000|1|0|2.0|VOLUMEN|VARIABLE|P0408050000|1|0|2.0|VOLUMEN|VARIABLE|P0408050000|1|0|2.0|VOLUMEN|VARIABLE|P0408050000|1|0|2.0|VOLUMEN|VARIABLE|P0408050000|1|0|2.0|VOLUMEN|VARIABLE|P0408050000|1|0|2.0|VOLUMEN|VARIABLE|P0408050000|1|0|2.0|VOLUMEN|VARIABLE|P0408050000|1|0|2.0|VOLUMEN|VARIABLE|P0408050000|1|0|2.0|VOLUMEN|VARIABLE|P0408050000|1|0|2.0|VOLUMEN|VARIABLE|P0408050000|1|0|2.0|VOLUMEN|VARIABLE|P0408050000|1|0|2.0|VOLUMEN|VARIABLE|P0408050000|1|0|2.0|VOLUMEN|VARIABLE|P0408050000|1|0|2.0|VOLUMEN|VARIABLE|P0408050000|1|0|2.0|VOLUMEN|VARIABLE|P0408050000|1|0|2.0|VOLUMEN|VARIABLE|P0408050000|1|0|2.0|VOLUMEN|VARIABLE|P0408050000|1|0|2.0|VOLUMEN|VARIABLE|P0408050000|1|0|2.0|VOLUMEN|VARIABLE|P0408050000|1|0|2.0|VOLUMEN|VARIABLE|P0408050000|1|0|2.0|VOLUMEN|VARIABLE|P0408050000|1|0|2.0|VOLUMEN|VARIABLE|P0408050000|1|0|2.0|VOLUMEN|VARIABLE|P0408050000|1|0|2.0|VOLUMEN|VARIABLE|P0408050000|1|0|2.0|VOLUMEN|VARIABLE|P0408050000|1|0|2.0|VOLUMEN|VARIABLE|P0408050000|1|0|2.0|VOLUMEN|VARIABLE|P0408050000|1|0|2.0|VOLUMEN|VARIABLE|P0408050000|1|0|2.0|VOLUMEN|VARIABLE|P0408050000|1|0|2.0|VOLUMEN|VARIABLE|P0408050000|1|0|2.0|VOLUMEN|VARIABLE|P0408050000|1|0|2.0|VOLUMEN|VARIABLE|P0408050000|1|0|2.0|VOLUMEN|VARIABLE|P0408050000|1|0|2.0|VOLUMEN|VARIABLE|P0408050000|1|0|2.0|VOLUMEN|VARIABLE|P0408050000|1|0|2.0|VOLUMEN|VARIABLE|P0408050000|1|0|2.0|VOLUMEN|VARIABLE|P0408050000|1|0|2.0|VOLUMEN|VARIABLE|P0408050000|1|0|2.0|VOLUMEN|VARIABLE|P0408050000|1|0|2.0|VOLUMEN|VARIABLE|P0408050000|1|0|2.0|VOLUMEN|VARIABLE|P0408050000|1|0|2.0|VOLUMEN|VARIABLE|P0408050000|1|0|2.0|VOLUMEN|VARIABLE|P0408050000|1|0|2.0|VOLUMEN|VARIABLE|P0408050000|1|0|2.0|VOLUMEN|VARIABLE|P0408050000|1|0|2.0|VOLUMEN|VARIABLE|P0408050000|1|0|2.0|VOLUMEN|VARIABLE|P0408050000|1|0|2.0|VOLUMEN|VARIABLE|P0408050000|1|0|2.0|VOLUMEN|VARIABLE|P0408050000|1|0|2.0|VOLUMEN|VARIABLE|P0408050000|1|0|2.0|VOLUMEN|VARIABLE|P0408050000|1|0|2.0|VOLUMEN|VARIABLE|P0408050000|1|0|2.0|VOLUMEN|VARIABLE|P0408050000|1|0|2.0|VOLUMEN|VARIABLE|P0408050000|1|0|2.0|VOLUMEN|VARIABLE|P0408050000|1|0|2.0|VOLUMEN|VARIABLE|P0408050000|1|0|2.0|VOLUMEN|VARIABLE|P0408050000|1|0|2.0|VOLUMEN|VARIABLE|P0408050000|1|0|2.0|VOLUMEN|VARIABLE|P0408050000|1|0|2.0|VOLUMEN|VARIABLE|P0408050000|1|0|2.0|VOLUMEN|VARIABLE|P0408050000|1|0|2.0|VOLUMEN|VARIABLE|P0408050000|1|0|2.0|VOLUMEN|VARIABLE|P0408050000|1|0|2.0|VOLUMEN|VARIABLE|P0408050000|1|0|2.0|VOLUMEN|VARIABLE|P0408050000|1|0|2.0|VOLUMEN|VARIABLE|P0408050000|1|0|2.0|VOLUMEN|VARIABLE|P0408050000|1|0|2.0|VOLUMEN|VARIABLE|P0408050000|1|0|2.0|VOLUMEN|VARIABLE|P0408050000|1|0|2.0|VOLUMEN|VARIABLE|P0408050000|1|0|2.0|VOLUMEN|VARIABLE|P0408050000|1|0|2.0|VOLUMEN|VARIABLE|P0408050000|1|0|2.0|VOLUMEN|VARIABLE|P0408050000|1|0|2.0|VOLUMEN|VARIABLE|P0408050000|1|0|2.0|VOLUMEN|VARIABLE|P0408050000|1|0|2.0|VOLUMEN|VARIABLE|P0408050000|1|0|2.0|VOLUMEN|VARIABLE|P0408050000|1|0|2.0|VOLUMEN|VARIABLE|P0408050000|1|0|2.0|VOLUMEN|VARIABLE|P0408050000|1|0|2.0|VOLUMEN|VARIABLE|P0408050000|1|0|2.0|VOLUMEN|VARIABLE|P0408050000|1|0|2.0|VOLUMEN|VARIABLE|P0408050000|1|0|2.0|VOLUMEN|VARIABLE|P0408050000|1|0|2.0|VOLUMEN|VARIABLE|P0408050000|1|0|2.0|VOLUMEN|VARIABLE|P0408050000|1|0|2.0|VOLUMEN|VARIABLE|P0408050000|1|0|2.0|VOLUMEN|VARIABLE|P0408050000|1|0|2.0|VOLUMEN|VARIABLE|P0408050000|1|0|2.0|VOLUMEN|VARIABLE|P0408050000|1|0|2.0|VOLUMEN|VARIABLE|P0408050000|1|0|2.0|VOLUMEN|VARIABLE|P0408050000|1|0|2.0|VOLUMEN|VARIABLE|P0408050000|1|0|2.0|VOLUMEN|VARIABLE|P0408050000|1|0|2.0|VOLUMEN|VARIABLE|P0408050000|1|0|2.0
171,VOLUMEN|VARIABLE|P0280083000|1|0|1.0|VOLUMEN|VARIABLE|P0280083000|1|0|1.0|VOLUMEN|VARIABLE|P0280083000|1|0|1.0|VOLUMEN|VARIABLE|P0280083000|1|0|1.0|VOLUMEN|VARIABLE|P0280083000|1|0|1.0|VOLUMEN|VARIABLE|P0280083000|1|0|1.0|VOLUMEN|VARIABLE|P0280083000|1|0|1.0|VOLUMEN|VARIABLE|P0280083000|1|0|1.0|VOLUMEN|VARIABLE|P0280083000|1|0|1.0|VOLUMEN|VARIABLE|P0279074000|1|0|1.0|VOLUMEN|VARIABLE|P0279074000|1|0|1.0|VOLUMEN|VARIABLE|P0279074000|1|0|1.0|VOLUMEN|VARIABLE|P0279074000|1|0|1.0|VOLUMEN|VARIABLE|P0279074000|1|0|1.0|VOLUMEN|VARIABLE|P0279074000|1|0|1.0|VOLUMEN|VARIABLE|P0280083009|1|0|1.0|VOLUMEN|VARIABLE|P0280083009|1|0|1.0|VOLUMEN|VARIABLE|P0280083009|1|0|1.0|VOLUMEN|VARIABLE|P0279074000|1|0|1.0|VOLUMEN|VARIABLE|P0279074000|1|0|1.0|VOLUMEN|VARIABLE|P0279074000|1|0|1.0|VOLUMEN|VARIABLE|P0279074000|1|0|1.0|VOLUMEN|VARIABLE|P0279074000|1|0|1.0|VOLUMEN|VARIABLE|P0279074000|1|0|1.0|VOLUMEN|VARIABLE|P0279074000|1|0|1.0|VOLUMEN|VARIABLE|P0279074000|1|0|1.0|VOLUMEN|VARIABLE|P0280083009|1|0|1.0|VOLUMEN|VARIABLE|P0280083009|1|0|1.0|VOLUMEN|VARIABLE|P0280083009|1|0|1.0|VOLUMEN|VARIABLE|P0280083000|1|0|1.0|VOLUMEN|VARIABLE|P0280083000|1|0|1.0|VOLUMEN|VARIABLE|P0280083000|1|0|1.0|VOLUMEN|VARIABLE|P0280083000|1|0|1.0|VOLUMEN|VARIABLE|P0280083000|1|0|1.0|VOLUMEN|VARIABLE|P0280083000|1|0|1.0|VOLUMEN|VARIABLE|P0279074000|1|0|1.0|VOLUMEN|VARIABLE|P0279074000|1|0|1.0|VOLUMEN|VARIABLE|P0279074000|1|0|1.0|VOLUMEN|VARIABLE|P0280083000|1|0|1.0|VOLUMEN|VARIABLE|P0279074000|1|0|1.0|VOLUMEN|VARIABLE|P0279074000|1|0|1.0|VOLUMEN|VARIABLE|P0279074000|1|0|1.0|VOLUMEN|VARIABLE|P0279074000|1|0|1.0|VOLUMEN|VARIABLE|P0280083000|1|0|1.0|VOLUMEN|VARIABLE|P0280083000|1|0|1.0|VOLUMEN|VARIABLE|P0280083000|1|0|1.0|VOLUMEN|VARIABLE|P0280083000|1|0|1.0|VOLUMEN|VARIABLE|P0280083000|1|0|1.0|VOLUMEN|VARIABLE|P0280083000|1|0|1.0|VOLUMEN|VARIABLE|P0280083000|1|0|1.0|VOLUMEN|VARIABLE|P0280083000|1|0|1.0|VOLUMEN|VARIABLE|P0280083000|1|0|1.0|VOLUMEN|VARIABLE|P0280083000|1|0|1.0|VOLUMEN|VARIABLE|P0279074000|1|0|1.0|VOLUMEN|VARIABLE|P0279074000|1|0|1.0|VOLUMEN|VARIABLE|P0279074000|1|0|1.0|VOLUMEN|VARIABLE|P0279074000|1|0|1.0|VOLUMEN|VARIABLE|P0279074000|1|0|1.0|VOLUMEN|VARIABLE|P0279074000|1|0|1.0|VOLUMEN|VARIABLE|P0279074000|1|0|1.0|VOLUMEN|VARIABLE|P0279074000|1|0|1.0|VOLUMEN|VARIABLE|P0279074000|1|0|1.0|VOLUMEN|VARIABLE|P0279074000|1|0|1.0|VOLUMEN|VARIABLE|P0279074000|1|0|1.0|VOLUMEN|VARIABLE|P0280083009|1|0|1.0|VOLUMEN|VARIABLE|P0280083009|1|0|1.0|VOLUMEN|VARIABLE|P0280083000|1|0|1.0|VOLUMEN|VARIABLE|P0280083000|1|0|1.0|VOLUMEN|VARIABLE|P0280083000|1|0|1.0|VOLUMEN|VARIABLE|P0280083000|1|0|1.0|VOLUMEN|VARIABLE|P0280083000|1|0|1.0|VOLUMEN|VARIABLE|P0280083000|1|0|1.0|VOLUMEN|VARIABLE|P0279074000|1|0|1.0|VOLUMEN|VARIABLE|P0280083000|1|0|1.0|VOLUMEN|VARIABLE|P0280083000|1|0|1.0|VOLUMEN|VARIABLE|P0280083000|1|0|1.0|VOLUMEN|VARIABLE|P0279074000|1|0|1.0|VOLUMEN|VARIABLE|P0279074000|1|0|1.0|VOLUMEN|VARIABLE|P0279074000|1|0|1.0|VOLUMEN|VARIABLE|P0279074000|1|0|1.0|VOLUMEN|VARIABLE|P0280083000|1|0|1.0|VOLUMEN|VARIABLE|P0280083000|1|0|1.0|VOLUMEN|VARIABLE|P0280083000|1|0|1.0|VOLUMEN|VARIABLE|P0280083000|1|0|1.0|VOLUMEN|VARIABLE|P0280083000|1|0|1.0|VOLUMEN|VARIABLE|P0280083000|1|0|1.0|VOLUMEN|VARIABLE|P0280083000|1|0|1.0|VOLUMEN|VARIABLE|P0279074000|1|0|1.0|VOLUMEN|VARIABLE|P0279074000|1|0|1.0|VOLUMEN|VARIABLE|P0280083000|1|0|1.0|VOLUMEN|VARIABLE|P0280083009|1|0|1.0|VOLUMEN|VARIABLE|P0280083009|1|0|1.0|VOLUMEN|VARIABLE|P0280083009|1|0|1.0|VOLUMEN|VARIABLE|P0280083009|1|0|1.0|VOLUMEN|VARIABLE|P0280083009|1|0|1.0|VOLUMEN|VARIABLE|P0280083009|1|0|1.0|VOLUMEN|VARIABLE|P0280083000|1|0|1.0|VOLUMEN|VARIABLE|P0280083000|1|0|1.0|VOLUMEN|VARIABLE|P0280083000|1|0|1.0|VOLUMEN|VARIABLE|P0280083000|1|0|1.0|VOLUMEN|VARIABLE|P0280083000|1|0|1.0|VOLUMEN|VARIABLE|P0280083000|1|0|1.0|VOLUMEN|VARIABLE|P0280083000|1|0|1.0|VOLUMEN|VARIABLE|P0280083000|1|0|1.0|VOLUMEN|VARIABLE|P0280083000|1|0|1.0|VOLUMEN|VARIABLE|P0280083000|1|0|1.0|VOLUMEN|VARIABLE|P0279074000|1|0|1.0|VOLUMEN|VARIABLE|P0279074000|1|0|1.0|VOLUMEN|VARIABLE|P0279074000|1|0|1.0|VOLUMEN|VARIABLE|P0279074000|1|0|1.0|VOLUMEN|VARIABLE|P0279074000|1|0|1.0|VOLUMEN|VARIABLE|P0279074000|1|0|1.0|VOLUMEN|VARIABLE|P0280083000|1|0|1.0|VOLUMEN|VARIABLE|P0280083000|1|0|1.0|VOLUMEN|VARIABLE|P0280083000|1|0|1.0|VOLUMEN|VARIABLE|P0280083000|1|0|1.0|VOLUMEN|VARIABLE|P0280083000|1|0|1.0|VOLUMEN|VARIABLE|P0280083000|1|0|1.0|VOLUMEN|VARIABLE|P0280083000|1|0|1.0|VOLUMEN|VARIABLE|P0280083000|1|0|1.0|VOLUMEN|VARIABLE|P0280083000|1|0|1.0|VOLUMEN|VARIABLE|P0280083000|1|0|1.0|VOLUMEN|VARIABLE|P0280083000|1|0|1.0|VOLUMEN|VARIABLE|P0280083000|1|0|1.0|VOLUMEN|VARIABLE|P0280083000|1|0|1.0|VOLUMEN|VARIABLE|P0280083000|1|0|1.0|VOLUMEN|VARIABLE|P0280083000|1|0|1.0|VOLUMEN|VARIABLE|P0280083000|1|0|1.0|VOLUMEN|VARIABLE|P0280083000|1|0|1.0|VOLUMEN|VARIABLE|P0280083000|1|0|1.0|VOLUMEN|VARIABLE|P0280083000|1|0|1.0|VOLUMEN|VARIABLE|P0280083000|1|0|1.0|VOLUMEN|VARIABLE|P0280083000|1|0|1.0|VOLUMEN|VARIABLE|P0280083000|1|0|1.0|VOLUMEN|VARIABLE|P0280083000|1|0|1.0|VOLUMEN|VARIABLE|P0280083000|1|0|1.0|VOLUMEN|VARIABLE|P0280083000|1|0|1.0|VOLUMEN|VARIABLE|P0280083000|1|0|1.0|VOLUMEN|VARIABLE|P0280083000|1|0|1.0|VOLUMEN|VARIABLE|P0280083000|1|0|1.0|VOLUMEN|VARIABLE|P0280083000|1|0|1.0|VOLUMEN|VARIABLE|P0280083000|1|0|1.0|VOLUMEN|VARIABLE|P0280083000|1|0|1.0|VOLUMEN|VARIABLE|P0280083000|1|0|1.0|VOLUMEN|VARIABLE|P0280083000|1|0|1.0|VOLUMEN|VARIABLE|P0280083000|1|0|1.0|VOLUMEN|VARIABLE|P0280083000|1|0|1.0|VOLUMEN|VARIABLE|P0280083000|1|0|1.0|VOLUMEN|VARIABLE|P0280083000|1|0|1.0|VOLUMEN|VARIABLE|P0280083000|1|0|1.0|VOLUMEN|VARIABLE|P0280083000|1|0|1.0|VOLUMEN|VARIABLE|P0279074000|1|0|1.0|VOLUMEN|VARIABLE|P0279074000|1|0|1.0|VOLUMEN|VARIABLE|P0279074000|1|0|1.0|VOLUMEN|VARIABLE|P0279074000|1|0|1.0|VOLUMEN|VARIABLE|P0280083000|1|0|1.0|VOLUMEN|VARIABLE|P0280083000|1|0|1.0|VOLUMEN|VARIABLE|P0280083000|1|0|1.0|VOLUMEN|VARIABLE|P0280083000|1|0|1.0|VOLUMEN|VARIABLE|P0280083000|1|0|1.0|VOLUMEN|VARIABLE|P0280083000|1|0|1.0|VOLUMEN|VARIABLE|P0280083000|1|0|1.0|VOLUMEN|VARIABLE|P0279074000|1|0|1.0|VOLUMEN|VARIABLE|P0279074000|1|0|1.0|VOLUMEN|VARIABLE|P0280083000|1|0|1.0|VOLUMEN|VARIABLE|P0280083000|1|0|1.0|VOLUMEN|VARIABLE|P0280083000|1|0|1.0|VOLUMEN|VARIABLE|P0280083000|1|0|1.0|VOLUMEN|VARIABLE|P0280083000|1|0|1.0|VOLUMEN|VARIABLE|P0280083000|1|0|1.0|VOLUMEN|VARIABLE|P0279074000|1|0|1.0|VOLUMEN|VARIABLE|P0279074000|1|0|1.0|VOLUMEN|VARIABLE|P0279074000|1|0|1.0|VOLUMEN|VARIABLE|P0279074000|1|0|1.0|VOLUMEN|VARIABLE|P0280083000|1|0|1.0|VOLUMEN|VARIABLE|P0280083000|1|0|1.0|VOLUMEN|VARIABLE|P0280083000|1|0|1.0|VOLUMEN|VARIABLE|P0280083000|1|0|1.0|VOLUMEN|VARIABLE|P0280083000|1|0|1.0|VOLUMEN|VARIABLE|P0280083009|1|0|1.0|VOLUMEN|VARIABLE|P0280083009|1|0|1.0|VOLUMEN|VARIABLE|P0280083009|1|0|1.0|VOLUMEN|VARIABLE|P0280083009|1|0|1.0|VOLUMEN|VARIABLE|P0280083009|1|0|1.0|VOLUMEN|VARIABLE|P0280083009|1|0|1.0|VOLUMEN|VARIABLE|P0279074000|1|0|1.0|VOLUMEN|VARIABLE|P0279074000|1|0|1.0|VOLUMEN|VARIABLE|P0279074000|1|0|1.0|VOLUMEN|VARIABLE|P0279074000|1|0|1.0|VOLUMEN|VARIABLE|P0279074000|1|0|1.0|VOLUMEN|VARIABLE|P0279074000|1|0|1.0|VOLUMEN|VARIABLE|P0279074000|1|0|1.0|VOLUMEN|VARIABLE|P0279074000|1|0|1.0|VOLUMEN|VARIABLE|P0279074000|1|0|1.0|VOLUMEN|VARIABLE|P0279074000|1|0|1.0|VOLUMEN|VARIABLE|P0279074000|1|0|1.0|VOLUMEN|VARIABLE|P0279074000|1|0|1.0|VOLUMEN|VARIABLE|P0279074000|1|0|1.0|VOLUMEN|VARIABLE|P0279074000|1|0|1.0|VOLUMEN|VARIABLE|P0279074000|1|0|1.0|VOLUMEN|VARIABLE|P0279074000|1|0|1.0|VOLUMEN|VARIABLE|P0279074000|1|0|1.0|VOLUMEN|VARIABLE|P0279074000|1|0|1.0|VOLUMEN|VARIABLE|P0279074000|1|0|1.0|VOLUMEN|VARIABLE|P0279074000|1|0|1.0|VOLUMEN|VARIABLE|P0279074000|1|0|1.0|VOLUMEN|VARIABLE|P0279074000|1|0|1.0|VOLUMEN|VARIABLE|P0279074000|1|0|1.0|VOLUMEN|VARIABLE|P0279074000|1|0|1.0|VOLUMEN|VARIABLE|P0279074000|1|0|1.0|VOLUMEN|VARIABLE|P0279074000|1|0|1.0|VOLUMEN|VARIABLE|P0279074000|1|0|1.0|VOLUMEN|VARIABLE|P0279074000|1|0|1.0|VOLUMEN|VARIABLE|P0280083009|1|0|1.0|VOLUMEN|VARIABLE|P0280083009|1|0|1.0|VOLUMEN|VARIABLE|P0280083009|1|0|1.0|VOLUMEN|VARIABLE|P0280083009|1|0|1.0|VOLUMEN|VARIABLE|P0280083009|1|0|1.0|VOLUMEN|VARIABLE|P0280083009|1|0|1.0|VOLUMEN|VARIABLE|P0280083009|1|0|1.0|VOLUMEN|VARIABLE|P0280083009|1|0|1.0|VOLUMEN|VARIABLE|P0280083009|1|0|1.0|VOLUMEN|VARIABLE|P0280083009|1|0|1.0|VOLUMEN|VARIABLE|P0280083000|1|0|1.0|VOLUMEN|VARIABLE|P0280083000|1|0|1.0|VOLUMEN|VARIABLE|P0280083000|1|0|1.0|VOLUMEN|VARIABLE|P0280083000|1|0|1.0|VOLUMEN|VARIABLE|P0280083000|1|0|1.0|VOLUMEN|VARIABLE|P0280083000|1|0|1.0|VOLUMEN|VARIABLE|P0280083000|1|0|1.0|VOLUMEN|VARIABLE|P0280083000|1|0|1.0|VOLUMEN|VARIABLE|P0280083000|1|0|1.0|VOLUMEN|VARIABLE|P0280083000|1|0|1.0|VOLUMEN|VARIABLE|P0280083000|1|0|1.0|VOLUMEN|VARIABLE|P0280083000|1|0|1.0|VOLUMEN|VARIABLE|P0280083000|1|0|1.0|VOLUMEN|VARIABLE|P0280083000|1|0|1.0|VOLUMEN|VARIABLE|P0280083000|1|0|1.0|VOLUMEN|VARIABLE|P0280083000|1|0|1.0|VOLUMEN|VARIABLE|P0280083000|1|0|1.0|VOLUMEN|VARIABLE|P0280083000|1|0|1.0|VOLUMEN|VARIABLE|P0280083000|1|0|1.0|VOLUMEN|VARIABLE|P0280083000|1|0|1.0|VOLUMEN|VARIABLE|P0280083000|1|0|1.0|VOLUMEN|VARIABLE|P0280083009|1|0|1.0|VOLUMEN|VARIABLE|P0279074000|1|0|1.0|VOLUMEN|VARIABLE|P0279074000|1|0|1.0|VOLUMEN|VARIABLE|P0279074000|1|0|1.0|VOLUMEN|VARIABLE|P0279074000|1|0|1.0|VOLUMEN|VARIABLE|P0279074000|1|0|1.0|VOLUMEN|VARIABLE|P0279074000|1|0|1.0|VOLUMEN|VARIABLE|P0279074000|1|0|1.0|VOLUMEN|VARIABLE|P0279074000|1|0|1.0|VOLUMEN|VARIABLE|P0279074000|1|0|1.0|VOLUMEN|VARIABLE|P0279074000|1|0|1.0|VOLUMEN|VARIABLE|P0279074000|1|0|1.0|VOLUMEN|VARIABLE|P0279074000|1|0|1.0|VOLUMEN|VARIABLE|P0279074000|1|0|1.0|VOLUMEN|VARIABLE|P0279074000|1|0|1.0|VOLUMEN|VARIABLE|P0279074000|1|0|1.0|VOLUMEN|VARIABLE|P0279074000|1|0|1.0|VOLUMEN|VARIABLE|P0279074000|1|0|1.0|VOLUMEN|VARIABLE|P0279074000|1|0|1.0|VOLUMEN|VARIABLE|P0280083000|1|0|1.0|VOLUMEN|VARIABLE|P0280083000|1|0|1.0|VOLUMEN|VARIABLE|P0280083000|1|0|1.0|VOLUMEN|VARIABLE|P0280083000|1|0|1.0|VOLUMEN|VARIABLE|P0280083000|1|0|1.0|VOLUMEN|VARIABLE|P0279074000|1|0|1.0|VOLUMEN|VARIABLE|P0279074000|1|0|1.0|VOLUMEN|VARIABLE|P0279074000|1|0|1.0|VOLUMEN|VARIABLE|P0279074000|1|0|1.0|VOLUMEN|VARIABLE|P0279074000|1|0|1.0|VOLUMEN|VARIABLE|P0280083000|1|0|1.0|VOLUMEN|VARIABLE|P0280083000|1|0|1.0|VOLUMEN|VARIABLE|P0280083000|1|0|1.0|VOLUMEN|VARIABLE|P0280083000|1|0|1.0|VOLUMEN|VARIABLE|P0280083000|1|0|1.0|VOLUMEN|VARIABLE|P0280083000|1|0|1.0|VOLUMEN|VARIABLE|P0280083000|1|0|1.0|VOLUMEN|VARIABLE|P0279074000|1|0|1.0|VOLUMEN|VARIABLE|P0279074000|1|0|1.0|VOLUMEN|VARIABLE|P0280083009|1|0|1.0|VOLUMEN|VARIABLE|P0280083009|1|0|1.0|VOLUMEN|VARIABLE|P0280083009|1|0|1.0|VOLUMEN|VARIABLE|P0280083009|1|0|1.0|VOLUMEN|VARIABLE|P0280083009|1|0|1.0|VOLUMEN|VARIABLE|P0280083009|1|0|1.0|VOLUMEN|VARIABLE|P0280083009|1|0|1.0|VOLUMEN|VARIABLE|P0280083009|1|0|1.0|VOLUMEN|VARIABLE|P0280083009|1|0|1.0|VOLUMEN|VARIABLE|P0280083009|1|0|1.0|VOLUMEN|VARIABLE|P0280083009|1|0|1.0|VOLUMEN|VARIABLE|P0280083009|1|0|1.0|VOLUMEN|VARIABLE|P0280083009|1|0|1.0|VOLUMEN|VARIABLE|P0280083009|1|0|1.0|VOLUMEN|VARIABLE|P0280083009|1|0|1.0|VOLUMEN|VARIABLE|P0279074000|1|0|1.0|VOLUMEN|VARIABLE|P0279074000|1|0|1.0|VOLUMEN|VARIABLE|P0279074000|1|0|1.0|VOLUMEN|VARIABLE|P0280083009|1|0|1.0|VOLUMEN|VARIABLE|P0280083009|1|0|1.0|VOLUMEN|VARIABLE|P0280083009|1|0|1.0|VOLUMEN|VARIABLE|P0280083009|1|0|1.0|VOLUMEN|VARIABLE|P0280083009|1|0|1.0|VOLUMEN|VARIABLE|P0280083009|1|0|1.0|VOLUMEN|VARIABLE|P0279074000|1|0|1.0|VOLUMEN|VARIABLE|P0279074000|1|0|1.0|VOLUMEN|VARIABLE|P0279074000|1|0|1.0|VOLUMEN|VARIABLE|P0279074000|1|0|1.0|VOLUMEN|VARIABLE|P0279074000|1|0|1.0|VOLUMEN|VARIABLE|P0279074000|1|0|1.0|VOLUMEN|VARIABLE|P0279074000|1|0|1.0|VOLUMEN|VARIABLE|P0279074000|1|0|1.0|VOLUMEN|VARIABLE|P0279074000|1|0|1.0|VOLUMEN|VARIABLE|P0279074000|1|0|1.0|VOLUMEN|VARIABLE|P0279074000|1|0|1.0|VOLUMEN|VARIABLE|P0279074000|1|0|1.0|VOLUMEN|VARIABLE|P0279074000|1|0|1.0|VOLUMEN|VARIABLE|P0279074000|1|0|1.0|VOLUMEN|VARIABLE|P0279074000|1|0|1.0|VOLUMEN|VARIABLE|P0279074000|1|0|1.0|VOLUMEN|VARIABLE|P0279074000|1|0|1.0|VOLUMEN|VARIABLE|P0279074000|1|0|1.0|VOLUMEN|VARIABLE|P0279074000|1|0|1.0|VOLUMEN|VARIABLE|P0280083009|1|0|1.0|VOLUMEN|VARIABLE|P0280083009|1|0|1.0|VOLUMEN|VARIABLE|P0280083009|1|0|1.0|VOLUMEN|VARIABLE|P0280083009|1|0|1.0|VOLUMEN|VARIABLE|P0280083009|1|0|1.0|VOLUMEN|VARIABLE|P0280083009|1|0|1.0|VOLUMEN|VARIABLE|P0280083000|1|0|1.0|VOLUMEN|VARIABLE|P0280083009|1|0|1.0|VOLUMEN|VARIABLE|P0280083009|1|0|1.0|VOLUMEN|VARIABLE|P0280083009|1|0|1.0|VOLUMEN|VARIABLE|P0280083009|1|0|1.0|VOLUMEN|VARIABLE|P0280083009|1|0|1.0|VOLUMEN|VARIABLE|P0280083009|1|0|1.0|VOLUMEN|VARIABLE|P0280083009|1|0|1.0|VOLUMEN|VARIABLE|P0280083009|1|0|1.0|VOLUMEN|VARIABLE|P0279074000|1|0|1.0|VOLUMEN|VARIABLE|P0279074000|1|0|1.0|VOLUMEN|VARIABLE|P0279074000|1|0|1.0|VOLUMEN|VARIABLE|P0279074000|1|0|1.0|VOLUMEN|VARIABLE|P0280083000|1|0|1.0|VOLUMEN|VARIABLE|P0280083000|1|0|1.0|VOLUMEN|VARIABLE|P0280083000|1|0|1.0|VOLUMEN|VARIABLE|P0280083000|1|0|1.0|VOLUMEN|VARIABLE|P0280083000|1|0|1.0|VOLUMEN|VARIABLE|P0280083000|1|0|1.0|VOLUMEN|VARIABLE|P0280083000|1|0|1.0|VOLUMEN|VARIABLE|P0279074000|1|0|1.0|VOLUMEN|VARIABLE|P0279074000|1|0|1.0|VOLUMEN|VARIABLE|P0279074000|1|0|1.0|VOLUMEN|VARIABLE|P0279074000|1|0|1.0|VOLUMEN|VARIABLE|P0279074000|1|0|1.0|VOLUMEN|VARIABLE|P0279074000|1|0|1.0|VOLUMEN|VARIABLE|P0279074000|1|0|1.0|VOLUMEN|VARIABLE|P0279074000|1|0|1.0|VOLUMEN|VARIABLE|P0279074000|1|0|1.0|VOLUMEN|VARIABLE|P0279074000|1|0|1.0|VOLUMEN|VARIABLE|P0279074000|1|0|1.0|VOLUMEN|VARIABLE|P0279074000|1|0|1.0|VOLUMEN|VARIABLE|P0279074000|1|0|1.0|VOLUMEN|VARIABLE|P0279074000|1|0|1.0|VOLUMEN|VARIABLE|P0279074000|1|0|1.0|VOLUMEN|VARIABLE|P0279074000|1|0|1.0|VOLUMEN|VARIABLE|P0279074000|1|0|1.0|VOLUMEN|VARIABLE|P0279074000|1|0|1.0|VOLUMEN|VARIABLE|P0279074000|1|0|1.0|VOLUMEN|VARIABLE|P0279074000|1|0|1.0|VOLUMEN|VARIABLE|P0279074000|1|0|1.0|VOLUMEN|VARIABLE|P0279074000|1|0|1.0|VOLUMEN|VARIABLE|P0279074000|1|0|1.0|VOLUMEN|VARIABLE|P0279074000|1|0|1.0|VOLUMEN|VARIABLE|P0279074000|1|0|1.0|VOLUMEN|VARIABLE|P0279074000|1|0|1.0|VOLUMEN|VARIABLE|P0279074000|1|0|1.0|VOLUMEN|VARIABLE|P0279074000|1|0|1.0|VOLUMEN|VARIABLE|P0279074000|1|0|1.0|VOLUMEN|VARIABLE|P0279074000|1|0|1.0|VOLUMEN|VARIABLE|P0280083000|1|0|1.0|VOLUMEN|VARIABLE|P0280083000|1|0|1.0|VOLUMEN|VARIABLE|P0280083000|1|0|1.0|VOLUMEN|VARIABLE|P0280083000|1|0|1.0|VOLUMEN|VARIABLE|P0280083000|1|0|1.0|VOLUMEN|VARIABLE|P0280083000|1|0|1.0|VOLUMEN|VARIABLE|P0280083000|1|0|1.0|VOLUMEN|VARIABLE|P0280083000|1|0|1.0|VOLUMEN|VARIABLE|P0280083000|1|0|1.0|VOLUMEN|VARIABLE|P0279074000|1|0|1.0|VOLUMEN|VARIABLE|P0279074000|1|0|1.0|VOLUMEN|VARIABLE|P0279074000|1|0|1.0|VOLUMEN|VARIABLE|P0279074000|1|0|1.0|VOLUMEN|VARIABLE|P0279074000|1|0|1.0|VOLUMEN|VARIABLE|P0279074000|1|0|1.0|VOLUMEN|VARIABLE|P0279074000|1|0|1.0|VOLUMEN|VARIABLE|P0279074000|1|0|1.0|VOLUMEN|VARIABLE|P0279074000|1|0|1.0|VOLUMEN|VARIABLE|P0279074000|1|0|1.0|VOLUMEN|VARIABLE|P0279074000|1|0|1.0|VOLUMEN|VARIABLE|P0279074000|1|0|1.0|VOLUMEN|VARIABLE|P0279074000|1|0|1.0|VOLUMEN|VARIABLE|P0279074000|1|0|1.0|VOLUMEN|VARIABLE|P0280083000|1|0|1.0|VOLUMEN|VARIABLE|P0280083000|1|0|1.0|VOLUMEN|VARIABLE|P0280083000|1|0|1.0|VOLUMEN|VARIABLE|P0280083000|1|0|1.0|VOLUMEN|VARIABLE|P0280083000|1|0|1.0|VOLUMEN|VARIABLE|P0280083000|1|0|1.0|VOLUMEN|VARIABLE|P0280083000|1|0|1.0|VOLUMEN|VARIABLE|P0279074000|1|0|1.0|VOLUMEN|VARIABLE|P0279074000|1|0|1.0|VOLUMEN|VARIABLE|P0279074000|1|0|1.0|VOLUMEN|VARIABLE|P0279074000|1|0|1.0|VOLUMEN|VARIABLE|P0279074000|1|0|1.0|VOLUMEN|VARIABLE|P0280083000|1|0|1.0|VOLUMEN|VARIABLE|P0280083000|1|0|1.0|VOLUMEN|VARIABLE|P0280083000|1|0|1.0|VOLUMEN|VARIABLE|P0280083000|1|0|1.0|VOLUMEN|VARIABLE|P0280083000|1|0|1.0|VOLUMEN|VARIABLE|P0280083000|1|0|1.0|VOLUMEN|VARIABLE|P0280083000|1|0|1.0|VOLUMEN|VARIABLE|P0280083000|1|0|1.0|VOLUMEN|VARIABLE|P0280083000|1|0|1.0|VOLUMEN|VARIABLE|P0280083000|1|0|1.0|VOLUMEN|VARIABLE|P0280083000|1|0|1.0|VOLUMEN|VARIABLE|P0280083000|1|0|1.0|VOLUMEN|VARIABLE|P0280083000|1|0|1.0|VOLUMEN|VARIABLE|P0280083000|1|0|1.0|VOLUMEN|VARIABLE|P0280083000|1|0|1.0|VOLUMEN|VARIABLE|P0280083000|1|0|1.0|VOLUMEN|VARIABLE|P0280083000|1|0|1.0|VOLUMEN|VARIABLE|P0280083000|1|0|1.0|VOLUMEN|VARIABLE|P0280083000|1|0|1.0|VOLUMEN|VARIABLE|P0280083000|1|0|1.0|VOLUMEN|VARIABLE|P0280083000|1|0|1.0|VOLUMEN|VARIABLE|P0280083000|1|0|1.0|VOLUMEN|VARIABLE|P0280083000|1|0|1.0|VOLUMEN|VARIABLE|P0280083009|1|0|1.0|VOLUMEN|VARIABLE|P0280083009|1|0|1.0|VOLUMEN|VARIABLE|P0280083009|1|0|1.0|VOLUMEN|VARIABLE|P0280083009|1|0|1.0|VOLUMEN|VARIABLE|P0280083009|1|0|1.0|VOLUMEN|VARIABLE|P0279074000|1|0|1.0|VOLUMEN|VARIABLE|P0279074000|1|0|1.0|VOLUMEN|VARIABLE|P0279074000|1|0|1.0|VOLUMEN|VARIABLE|P0279074000|1|0|1.0|VOLUMEN|VARIABLE|P0280083009|1|0|1.0|VOLUMEN|VARIABLE|P0280083000|1|0|1.0|VOLUMEN|VARIABLE|P0280083000|1|0|1.0|VOLUMEN|VARIABLE|P0280083000|1|0|1.0|VOLUMEN|VARIABLE|P0280083000|1|0|1.0|VOLUMEN|VARIABLE|P0280083000|1|0|1.0|VOLUMEN|VARIABLE|P0280083000|1|0|1.0|VOLUMEN|VARIABLE|P0280083000|1|0|1.0|VOLUMEN|VARIABLE|P0280083009|1|0|1.0|VOLUMEN|VARIABLE|P0280083009|1|0|1.0|VOLUMEN|VARIABLE|P0280083009|1|0|1.0|VOLUMEN|VARIABLE|P0280083009|1|0|1.0|VOLUMEN|VARIABLE|P0280083009|1|0|1.0|VOLUMEN|VARIABLE|P0280083009|1|0|1.0|VOLUMEN|VARIABLE|P0280083009|1|0|1.0|VOLUMEN|VARIABLE|P0280083009|1|0|1.0|VOLUMEN|VARIABLE|P0280083009|1|0|1.0|VOLUMEN|VARIABLE|P0280083000|1|0|1.0|VOLUMEN|VARIABLE|P0279074000|1|0|1.0|VOLUMEN|VARIABLE|P0279074000|1|0|1.0|VOLUMEN|VARIABLE|P0279074000|1|0|1.0|VOLUMEN|VARIABLE|P0279074000|1|0|1.0|VOLUMEN|VARIABLE|P0280083000|1|0|1.0|VOLUMEN|VARIABLE|P0280083000|1|0|1.0|VOLUMEN|VARIABLE|P0280083000|1|0|1.0|VOLUMEN|VARIABLE|P0280083000|1|0|1.0|VOLUMEN|VARIABLE|P0280083000|1|0|1.0|VOLUMEN|VARIABLE|P0280083000|1|0|1.0|VOLUMEN|VARIABLE|P0280083000|1|0|1.0|VOLUMEN|VARIABLE|P0279074000|1|0|1.0|VOLUMEN|VARIABLE|P0279074000|1|0|1.0|VOLUMEN|VARIABLE|P0280083000|1|0|1.0|VOLUMEN|VARIABLE|P0280083000|1|0|1.0|VOLUMEN|VARIABLE|P0280083000|1|0|1.0|VOLUMEN|VARIABLE|P0280083000|1|0|1.0|VOLUMEN|VARIABLE|P0280083000|1|0|1.0|VOLUMEN|VARIABLE|P0280083000|1|0|1.0|VOLUMEN|VARIABLE|P0280083000|1|0|1.0|VOLUMEN|VARIABLE|P0280083000|1|0|1.0|VOLUMEN|VARIABLE|P0280083000|1|0|1.0|VOLUMEN|VARIABLE|P0279074000|1|0|1.0|VOLUMEN|VARIABLE|P0279074000|1|0|1.0|VOLUMEN|VARIABLE|P0279074000|1|0|1.0|VOLUMEN|VARIABLE|P0279074000|1|0|1.0|VOLUMEN|VARIABLE|P0280083000|1|0|1.0|VOLUMEN|VARIABLE|P0280083000|1|0|1.0|VOLUMEN|VARIABLE|P0280083000|1|0|1.0|VOLUMEN|VARIABLE|P0280083000|1|0|1.0|VOLUMEN|VARIABLE|P0280083000|1|0|1.0|VOLUMEN|VARIABLE|P0280083000|1|0|1.0|VOLUMEN|VARIABLE|P0280083000|1|0|1.0|VOLUMEN|VARIABLE|P0279074000|1|0|1.0|VOLUMEN|VARIABLE|P0279074000|1|0|1.0|VOLUMEN|VARIABLE|P0279074000|1|0|1.0|VOLUMEN|VARIABLE|P0279074000|1|0|1.0|VOLUMEN|VARIABLE|P0280083009|1|0|1.0|VOLUMEN|VARIABLE|P0280083009|1|0|1.0|VOLUMEN|VARIABLE|P0280083009|1|0|1.0|VOLUMEN|VARIABLE|P0280083009|1|0|1.0|VOLUMEN|VARIABLE|P0280083009|1|0|1.0|VOLUMEN|VARIABLE|P0280083009|1|0|1.0|VOLUMEN|VARIABLE|P0279074000|1|0|1.0|VOLUMEN|VARIABLE|P0279074000|1|0|1.0|VOLUMEN|VARIABLE|P0279074000|1|0|1.0|VOLUMEN|VARIABLE|P0279074000|1|0|1.0|VOLUMEN|VARIABLE|P0279074000|1|0|1.0|VOLUMEN|VARIABLE|P0279074000|1|0|1.0|VOLUMEN|VARIABLE|P0279074000|1|0|1.0|VOLUMEN|VARIABLE|P0279074000|1|0|1.0|VOLUMEN|VARIABLE|P0279074000|1|0|1.0|VOLUMEN|VARIABLE|P0279074000|1|0|1.0|VOLUMEN|VARIABLE|P0279074000|1|0|1.0|VOLUMEN|VARIABLE|P0279074000|1|0|1.0|VOLUMEN|VARIABLE|P0279074000|1|0|1.0|VOLUMEN|VARIABLE|P0279074000|1|0|1.0|VOLUMEN|VARIABLE|P0279074000|1|0|1.0|VOLUMEN|VARIABLE|P0279074000|1|0|1.0|VOLUMEN|VARIABLE|P0279074000|1|0|1.0|VOLUMEN|VARIABLE|P0279074000|1|0|1.0|VOLUMEN|VARIABLE|P0279074000|1|0|1.0|VOLUMEN|VARIABLE|P0279074000|1|0|1.0|VOLUMEN|VARIABLE|P0279074000|1|0|1.0|VOLUMEN|VARIABLE|P0279074000|1|0|1.0|VOLUMEN|VARIABLE|P0279074000|1|0|1.0|VOLUMEN|VARIABLE|P0279074000|1|0|1.0|VOLUMEN|VARIABLE|P0279074000|1|0|1.0|VOLUMEN|VARIABLE|P0279074000|1|0|1.0|VOLUMEN|VARIABLE|P0279074000|1|0|1.0|VOLUMEN|VARIABLE|P0279074000|1|0|1.0|VOLUMEN|VARIABLE|P0279074000|1|0|1.0|VOLUMEN|VARIABLE|P0279074000|1|0|1.0|VOLUMEN|VARIABLE|P0280083009|1|0|1.0|VOLUMEN|VARIABLE|P0280083009|1|0|1.0|VOLUMEN|VARIABLE|P0280083009|1|0|1.0|VOLUMEN|VARIABLE|P0279074000|1|0|1.0|VOLUMEN|VARIABLE|P0279074000|1|0|1.0|VOLUMEN|VARIABLE|P0279074000|1|0|1.0
172,VOLUMEN|VARIABLE|P0280083000|1|0|2.0|VOLUMEN|VARIABLE|P0280083000|1|0|2.0|VOLUMEN|VARIABLE|P0280083000|1|0|2.0|VOLUMEN|VARIABLE|P0280083000|1|0|2.0|VOLUMEN|VARIABLE|P0280083000|1|0|2.0|VOLUMEN|VARIABLE|P0280083000|1|0|2.0|VOLUMEN|VARIABLE|P0280083000|1|0|2.0|VOLUMEN|VARIABLE|P0280083000|1|0|2.0|VOLUMEN|VARIABLE|P0280083000|1|0|2.0|VOLUMEN|VARIABLE|P0279074000|1|0|2.0|VOLUMEN|VARIABLE|P0279074000|1|0|2.0|VOLUMEN|VARIABLE|P0279074000|1|0|2.0|VOLUMEN|VARIABLE|P0279074000|1|0|2.0|VOLUMEN|VARIABLE|P0279074000|1|0|2.0|VOLUMEN|VARIABLE|P0279074000|1|0|2.0|VOLUMEN|VARIABLE|P0280083009|1|0|2.0|VOLUMEN|VARIABLE|P0280083009|1|0|2.0|VOLUMEN|VARIABLE|P0280083009|1|0|2.0|VOLUMEN|VARIABLE|P0279074000|1|0|2.0|VOLUMEN|VARIABLE|P0279074000|1|0|2.0|VOLUMEN|VARIABLE|P0279074000|1|0|2.0|VOLUMEN|VARIABLE|P0279074000|1|0|2.0|VOLUMEN|VARIABLE|P0279074000|1|0|2.0|VOLUMEN|VARIABLE|P0279074000|1|0|2.0|VOLUMEN|VARIABLE|P0279074000|1|0|2.0|VOLUMEN|VARIABLE|P0279074000|1|0|2.0|VOLUMEN|VARIABLE|P0280083009|1|0|2.0|VOLUMEN|VARIABLE|P0280083009|1|0|2.0|VOLUMEN|VARIABLE|P0280083009|1|0|2.0|VOLUMEN|VARIABLE|P0280083000|1|0|2.0|VOLUMEN|VARIABLE|P0280083000|1|0|2.0|VOLUMEN|VARIABLE|P0280083000|1|0|2.0|VOLUMEN|VARIABLE|P0280083000|1|0|2.0|VOLUMEN|VARIABLE|P0280083000|1|0|2.0|VOLUMEN|VARIABLE|P0280083000|1|0|2.0|VOLUMEN|VARIABLE|P0279074000|1|0|2.0|VOLUMEN|VARIABLE|P0279074000|1|0|2.0|VOLUMEN|VARIABLE|P0279074000|1|0|2.0|VOLUMEN|VARIABLE|P0280083000|1|0|2.0|VOLUMEN|VARIABLE|P0279074000|1|0|2.0|VOLUMEN|VARIABLE|P0279074000|1|0|2.0|VOLUMEN|VARIABLE|P0279074000|1|0|2.0|VOLUMEN|VARIABLE|P0279074000|1|0|2.0|VOLUMEN|VARIABLE|P0280083000|1|0|2.0|VOLUMEN|VARIABLE|P0280083000|1|0|2.0|VOLUMEN|VARIABLE|P0280083000|1|0|2.0|VOLUMEN|VARIABLE|P0280083000|1|0|2.0|VOLUMEN|VARIABLE|P0280083000|1|0|2.0|VOLUMEN|VARIABLE|P0280083000|1|0|2.0|VOLUMEN|VARIABLE|P0280083000|1|0|2.0|VOLUMEN|VARIABLE|P0280083000|1|0|2.0|VOLUMEN|VARIABLE|P0280083000|1|0|2.0|VOLUMEN|VARIABLE|P0280083000|1|0|2.0|VOLUMEN|VARIABLE|P0279074000|1|0|2.0|VOLUMEN|VARIABLE|P0279074000|1|0|2.0|VOLUMEN|VARIABLE|P0279074000|1|0|2.0|VOLUMEN|VARIABLE|P0279074000|1|0|2.0|VOLUMEN|VARIABLE|P0279074000|1|0|2.0|VOLUMEN|VARIABLE|P0279074000|1|0|2.0|VOLUMEN|VARIABLE|P0279074000|1|0|2.0|VOLUMEN|VARIABLE|P0279074000|1|0|2.0|VOLUMEN|VARIABLE|P0279074000|1|0|2.0|VOLUMEN|VARIABLE|P0279074000|1|0|2.0|VOLUMEN|VARIABLE|P0279074000|1|0|2.0|VOLUMEN|VARIABLE|P0280083009|1|0|2.0|VOLUMEN|VARIABLE|P0280083009|1|0|2.0|VOLUMEN|VARIABLE|P0280083000|1|0|2.0|VOLUMEN|VARIABLE|P0280083000|1|0|2.0|VOLUMEN|VARIABLE|P0280083000|1|0|2.0|VOLUMEN|VARIABLE|P0280083000|1|0|2.0|VOLUMEN|VARIABLE|P0280083000|1|0|2.0|VOLUMEN|VARIABLE|P0280083000|1|0|2.0|VOLUMEN|VARIABLE|P0279074000|1|0|2.0|VOLUMEN|VARIABLE|P0280083000|1|0|2.0|VOLUMEN|VARIABLE|P0280083000|1|0|2.0|VOLUMEN|VARIABLE|P0280083000|1|0|2.0|VOLUMEN|VARIABLE|P0279074000|1|0|2.0|VOLUMEN|VARIABLE|P0279074000|1|0|2.0|VOLUMEN|VARIABLE|P0279074000|1|0|2.0|VOLUMEN|VARIABLE|P0279074000|1|0|2.0|VOLUMEN|VARIABLE|P0280083000|1|0|2.0|VOLUMEN|VARIABLE|P0280083000|1|0|2.0|VOLUMEN|VARIABLE|P0280083000|1|0|2.0|VOLUMEN|VARIABLE|P0280083000|1|0|2.0|VOLUMEN|VARIABLE|P0280083000|1|0|2.0|VOLUMEN|VARIABLE|P0280083000|1|0|2.0|VOLUMEN|VARIABLE|P0280083000|1|0|2.0|VOLUMEN|VARIABLE|P0279074000|1|0|2.0|VOLUMEN|VARIABLE|P0279074000|1|0|2.0|VOLUMEN|VARIABLE|P0280083000|1|0|2.0|VOLUMEN|VARIABLE|P0280083009|1|0|2.0|VOLUMEN|VARIABLE|P0280083009|1|0|2.0|VOLUMEN|VARIABLE|P0280083009|1|0|2.0|VOLUMEN|VARIABLE|P0280083009|1|0|2.0|VOLUMEN|VARIABLE|P0280083009|1|0|2.0|VOLUMEN|VARIABLE|P0280083009|1|0|2.0|VOLUMEN|VARIABLE|P0280083000|1|0|2.0|VOLUMEN|VARIABLE|P0280083000|1|0|2.0|VOLUMEN|VARIABLE|P0280083000|1|0|2.0|VOLUMEN|VARIABLE|P0280083000|1|0|2.0|VOLUMEN|VARIABLE|P0280083000|1|0|2.0|VOLUMEN|VARIABLE|P0280083000|1|0|2.0|VOLUMEN|VARIABLE|P0280083000|1|0|2.0|VOLUMEN|VARIABLE|P0280083000|1|0|2.0|VOLUMEN|VARIABLE|P0280083000|1|0|2.0|VOLUMEN|VARIABLE|P0280083000|1|0|2.0|VOLUMEN|VARIABLE|P0279074000|1|0|2.0|VOLUMEN|VARIABLE|P0279074000|1|0|2.0|VOLUMEN|VARIABLE|P0279074000|1|0|2.0|VOLUMEN|VARIABLE|P0279074000|1|0|2.0|VOLUMEN|VARIABLE|P0279074000|1|0|2.0|VOLUMEN|VARIABLE|P0279074000|1|0|2.0|VOLUMEN|VARIABLE|P0280083000|1|0|2.0|VOLUMEN|VARIABLE|P0280083000|1|0|2.0|VOLUMEN|VARIABLE|P0280083000|1|0|2.0|VOLUMEN|VARIABLE|P0280083000|1|0|2.0|VOLUMEN|VARIABLE|P0280083000|1|0|2.0|VOLUMEN|VARIABLE|P0280083000|1|0|2.0|VOLUMEN|VARIABLE|P0280083000|1|0|2.0|VOLUMEN|VARIABLE|P0280083000|1|0|2.0|VOLUMEN|VARIABLE|P0280083000|1|0|2.0|VOLUMEN|VARIABLE|P0280083000|1|0|2.0|VOLUMEN|VARIABLE|P0280083000|1|0|2.0|VOLUMEN|VARIABLE|P0280083000|1|0|2.0|VOLUMEN|VARIABLE|P0280083000|1|0|2.0|VOLUMEN|VARIABLE|P0280083000|1|0|2.0|VOLUMEN|VARIABLE|P0280083000|1|0|2.0|VOLUMEN|VARIABLE|P0280083000|1|0|2.0|VOLUMEN|VARIABLE|P0280083000|1|0|2.0|VOLUMEN|VARIABLE|P0280083000|1|0|2.0|VOLUMEN|VARIABLE|P0280083000|1|0|2.0|VOLUMEN|VARIABLE|P0280083000|1|0|2.0|VOLUMEN|VARIABLE|P0280083000|1|0|2.0|VOLUMEN|VARIABLE|P0280083000|1|0|2.0|VOLUMEN|VARIABLE|P0280083000|1|0|2.0|VOLUMEN|VARIABLE|P0280083000|1|0|2.0|VOLUMEN|VARIABLE|P0280083000|1|0|2.0|VOLUMEN|VARIABLE|P0280083000|1|0|2.0|VOLUMEN|VARIABLE|P0280083000|1|0|2.0|VOLUMEN|VARIABLE|P0280083000|1|0|2.0|VOLUMEN|VARIABLE|P0280083000|1|0|2.0|VOLUMEN|VARIABLE|P0280083000|1|0|2.0|VOLUMEN|VARIABLE|P0280083000|1|0|2.0|VOLUMEN|VARIABLE|P0280083000|1|0|2.0|VOLUMEN|VARIABLE|P0280083000|1|0|2.0|VOLUMEN|VARIABLE|P0280083000|1|0|2.0|VOLUMEN|VARIABLE|P0280083000|1|0|2.0|VOLUMEN|VARIABLE|P0280083000|1|0|2.0|VOLUMEN|VARIABLE|P0280083000|1|0|2.0|VOLUMEN|VARIABLE|P0280083000|1|0|2.0|VOLUMEN|VARIABLE|P0280083000|1|0|2.0|VOLUMEN|VARIABLE|P0279074000|1|0|2.0|VOLUMEN|VARIABLE|P0279074000|1|0|2.0|VOLUMEN|VARIABLE|P0279074000|1|0|2.0|VOLUMEN|VARIABLE|P0279074000|1|0|2.0|VOLUMEN|VARIABLE|P0280083000|1|0|2.0|VOLUMEN|VARIABLE|P0280083000|1|0|2.0|VOLUMEN|VARIABLE|P0280083000|1|0|2.0|VOLUMEN|VARIABLE|P0280083000|1|0|2.0|VOLUMEN|VARIABLE|P0280083000|1|0|2.0|VOLUMEN|VARIABLE|P0280083000|1|0|2.0|VOLUMEN|VARIABLE|P0280083000|1|0|2.0|VOLUMEN|VARIABLE|P0279074000|1|0|2.0|VOLUMEN|VARIABLE|P0279074000|1|0|2.0|VOLUMEN|VARIABLE|P0280083000|1|0|2.0|VOLUMEN|VARIABLE|P0280083000|1|0|2.0|VOLUMEN|VARIABLE|P0280083000|1|0|2.0|VOLUMEN|VARIABLE|P0280083000|1|0|2.0|VOLUMEN|VARIABLE|P0280083000|1|0|2.0|VOLUMEN|VARIABLE|P0280083000|1|0|2.0|VOLUMEN|VARIABLE|P0279074000|1|0|2.0|VOLUMEN|VARIABLE|P0279074000|1|0|2.0|VOLUMEN|VARIABLE|P0279074000|1|0|2.0|VOLUMEN|VARIABLE|P0279074000|1|0|2.0|VOLUMEN|VARIABLE|P0280083000|1|0|2.0|VOLUMEN|VARIABLE|P0280083000|1|0|2.0|VOLUMEN|VARIABLE|P0280083000|1|0|2.0|VOLUMEN|VARIABLE|P0280083000|1|0|2.0|VOLUMEN|VARIABLE|P0280083000|1|0|2.0|VOLUMEN|VARIABLE|P0280083009|1|0|2.0|VOLUMEN|VARIABLE|P0280083009|1|0|2.0|VOLUMEN|VARIABLE|P0280083009|1|0|2.0|VOLUMEN|VARIABLE|P0280083009|1|0|2.0|VOLUMEN|VARIABLE|P0280083009|1|0|2.0|VOLUMEN|VARIABLE|P0280083009|1|0|2.0|VOLUMEN|VARIABLE|P0279074000|1|0|2.0|VOLUMEN|VARIABLE|P0279074000|1|0|2.0|VOLUMEN|VARIABLE|P0279074000|1|0|2.0|VOLUMEN|VARIABLE|P0279074000|1|0|2.0|VOLUMEN|VARIABLE|P0279074000|1|0|2.0|VOLUMEN|VARIABLE|P0279074000|1|0|2.0|VOLUMEN|VARIABLE|P0279074000|1|0|2.0|VOLUMEN|VARIABLE|P0279074000|1|0|2.0|VOLUMEN|VARIABLE|P0279074000|1|0|2.0|VOLUMEN|VARIABLE|P0279074000|1|0|2.0|VOLUMEN|VARIABLE|P0279074000|1|0|2.0|VOLUMEN|VARIABLE|P0279074000|1|0|2.0|VOLUMEN|VARIABLE|P0279074000|1|0|2.0|VOLUMEN|VARIABLE|P0279074000|1|0|2.0|VOLUMEN|VARIABLE|P0279074000|1|0|2.0|VOLUMEN|VARIABLE|P0279074000|1|0|2.0|VOLUMEN|VARIABLE|P0279074000|1|0|2.0|VOLUMEN|VARIABLE|P0279074000|1|0|2.0|VOLUMEN|VARIABLE|P0279074000|1|0|2.0|VOLUMEN|VARIABLE|P0279074000|1|0|2.0|VOLUMEN|VARIABLE|P0279074000|1|0|2.0|VOLUMEN|VARIABLE|P0279074000|1|0|2.0|VOLUMEN|VARIABLE|P0279074000|1|0|2.0|VOLUMEN|VARIABLE|P0279074000|1|0|2.0|VOLUMEN|VARIABLE|P0279074000|1|0|2.0|VOLUMEN|VARIABLE|P0279074000|1|0|2.0|VOLUMEN|VARIABLE|P0279074000|1|0|2.0|VOLUMEN|VARIABLE|P0279074000|1|0|2.0|VOLUMEN|VARIABLE|P0280083009|1|0|2.0|VOLUMEN|VARIABLE|P0280083009|1|0|2.0|VOLUMEN|VARIABLE|P0280083009|1|0|2.0|VOLUMEN|VARIABLE|P0280083009|1|0|2.0|VOLUMEN|VARIABLE|P0280083009|1|0|2.0|VOLUMEN|VARIABLE|P0280083009|1|0|2.0|VOLUMEN|VARIABLE|P0280083009|1|0|2.0|VOLUMEN|VARIABLE|P0280083009|1|0|2.0|VOLUMEN|VARIABLE|P0280083009|1|0|2.0|VOLUMEN|VARIABLE|P0280083009|1|0|2.0|VOLUMEN|VARIABLE|P0280083000|1|0|2.0|VOLUMEN|VARIABLE|P0280083000|1|0|2.0|VOLUMEN|VARIABLE|P0280083000|1|0|2.0|VOLUMEN|VARIABLE|P0280083000|1|0|2.0|VOLUMEN|VARIABLE|P0280083000|1|0|2.0|VOLUMEN|VARIABLE|P0280083000|1|0|2.0|VOLUMEN|VARIABLE|P0280083000|1|0|2.0|VOLUMEN|VARIABLE|P0280083000|1|0|2.0|VOLUMEN|VARIABLE|P0280083000|1|0|2.0|VOLUMEN|VARIABLE|P0280083000|1|0|2.0|VOLUMEN|VARIABLE|P0280083000|1|0|2.0|VOLUMEN|VARIABLE|P0280083000|1|0|2.0|VOLUMEN|VARIABLE|P0280083000|1|0|2.0|VOLUMEN|VARIABLE|P0280083000|1|0|2.0|VOLUMEN|VARIABLE|P0280083000|1|0|2.0|VOLUMEN|VARIABLE|P0280083000|1|0|2.0|VOLUMEN|VARIABLE|P0280083000|1|0|2.0|VOLUMEN|VARIABLE|P0280083000|1|0|2.0|VOLUMEN|VARIABLE|P0280083000|1|0|2.0|VOLUMEN|VARIABLE|P0280083000|1|0|2.0|VOLUMEN|VARIABLE|P0280083000|1|0|2.0|VOLUMEN|VARIABLE|P0280083009|1|0|2.0|VOLUMEN|VARIABLE|P0279074000|1|0|2.0|VOLUMEN|VARIABLE|P0279074000|1|0|2.0|VOLUMEN|VARIABLE|P0279074000|1|0|2.0|VOLUMEN|VARIABLE|P0279074000|1|0|2.0|VOLUMEN|VARIABLE|P0279074000|1|0|2.0|VOLUMEN|VARIABLE|P0279074000|1|0|2.0|VOLUMEN|VARIABLE|P0279074000|1|0|2.0|VOLUMEN|VARIABLE|P0279074000|1|0|2.0|VOLUMEN|VARIABLE|P0279074000|1|0|2.0|VOLUMEN|VARIABLE|P0279074000|1|0|2.0|VOLUMEN|VARIABLE|P0279074000|1|0|2.0|VOLUMEN|VARIABLE|P0279074000|1|0|2.0|VOLUMEN|VARIABLE|P0279074000|1|0|2.0|VOLUMEN|VARIABLE|P0279074000|1|0|2.0|VOLUMEN|VARIABLE|P0279074000|1|0|2.0|VOLUMEN|VARIABLE|P0279074000|1|0|2.0|VOLUMEN|VARIABLE|P0279074000|1|0|2.0|VOLUMEN|VARIABLE|P0279074000|1|0|2.0|VOLUMEN|VARIABLE|P0280083000|1|0|2.0|VOLUMEN|VARIABLE|P0280083000|1|0|2.0|VOLUMEN|VARIABLE|P0280083000|1|0|2.0|VOLUMEN|VARIABLE|P0280083000|1|0|2.0|VOLUMEN|VARIABLE|P0280083000|1|0|2.0|VOLUMEN|VARIABLE|P0279074000|1|0|2.0|VOLUMEN|VARIABLE|P0279074000|1|0|2.0|VOLUMEN|VARIABLE|P0279074000|1|0|2.0|VOLUMEN|VARIABLE|P0279074000|1|0|2.0|VOLUMEN|VARIABLE|P0279074000|1|0|2.0|VOLUMEN|VARIABLE|P0280083000|1|0|2.0|VOLUMEN|VARIABLE|P0280083000|1|0|2.0|VOLUMEN|VARIABLE|P0280083000|1|0|2.0|VOLUMEN|VARIABLE|P0280083000|1|0|2.0|VOLUMEN|VARIABLE|P0280083000|1|0|2.0|VOLUMEN|VARIABLE|P0280083000|1|0|2.0|VOLUMEN|VARIABLE|P0280083000|1|0|2.0|VOLUMEN|VARIABLE|P0279074000|1|0|2.0|VOLUMEN|VARIABLE|P0279074000|1|0|2.0|VOLUMEN|VARIABLE|P0280083009|1|0|2.0|VOLUMEN|VARIABLE|P0280083009|1|0|2.0|VOLUMEN|VARIABLE|P0280083009|1|0|2.0|VOLUMEN|VARIABLE|P0280083009|1|0|2.0|VOLUMEN|VARIABLE|P0280083009|1|0|2.0|VOLUMEN|VARIABLE|P0280083009|1|0|2.0|VOLUMEN|VARIABLE|P0280083009|1|0|2.0|VOLUMEN|VARIABLE|P0280083009|1|0|2.0|VOLUMEN|VARIABLE|P0280083009|1|0|2.0|VOLUMEN|VARIABLE|P0280083009|1|0|2.0|VOLUMEN|VARIABLE|P0280083009|1|0|2.0|VOLUMEN|VARIABLE|P0280083009|1|0|2.0|VOLUMEN|VARIABLE|P0280083009|1|0|2.0|VOLUMEN|VARIABLE|P0280083009|1|0|2.0|VOLUMEN|VARIABLE|P0280083009|1|0|2.0|VOLUMEN|VARIABLE|P0279074000|1|0|2.0|VOLUMEN|VARIABLE|P0279074000|1|0|2.0|VOLUMEN|VARIABLE|P0279074000|1|0|2.0|VOLUMEN|VARIABLE|P0280083009|1|0|2.0|VOLUMEN|VARIABLE|P0280083009|1|0|2.0|VOLUMEN|VARIABLE|P0280083009|1|0|2.0|VOLUMEN|VARIABLE|P0280083009|1|0|2.0|VOLUMEN|VARIABLE|P0280083009|1|0|2.0|VOLUMEN|VARIABLE|P0280083009|1|0|2.0|VOLUMEN|VARIABLE|P0279074000|1|0|2.0|VOLUMEN|VARIABLE|P0279074000|1|0|2.0|VOLUMEN|VARIABLE|P0279074000|1|0|2.0|VOLUMEN|VARIABLE|P0279074000|1|0|2.0|VOLUMEN|VARIABLE|P0279074000|1|0|2.0|VOLUMEN|VARIABLE|P0279074000|1|0|2.0|VOLUMEN|VARIABLE|P0279074000|1|0|2.0|VOLUMEN|VARIABLE|P0279074000|1|0|2.0|VOLUMEN|VARIABLE|P0279074000|1|0|2.0|VOLUMEN|VARIABLE|P0279074000|1|0|2.0|VOLUMEN|VARIABLE|P0279074000|1|0|2.0|VOLUMEN|VARIABLE|P0279074000|1|0|2.0|VOLUMEN|VARIABLE|P0279074000|1|0|2.0|VOLUMEN|VARIABLE|P0279074000|1|0|2.0|VOLUMEN|VARIABLE|P0279074000|1|0|2.0|VOLUMEN|VARIABLE|P0279074000|1|0|2.0|VOLUMEN|VARIABLE|P0279074000|1|0|2.0|VOLUMEN|VARIABLE|P0279074000|1|0|2.0|VOLUMEN|VARIABLE|P0279074000|1|0|2.0|VOLUMEN|VARIABLE|P0280083009|1|0|2.0|VOLUMEN|VARIABLE|P0280083009|1|0|2.0|VOLUMEN|VARIABLE|P0280083009|1|0|2.0|VOLUMEN|VARIABLE|P0280083009|1|0|2.0|VOLUMEN|VARIABLE|P0280083009|1|0|2.0|VOLUMEN|VARIABLE|P0280083009|1|0|2.0|VOLUMEN|VARIABLE|P0280083000|1|0|2.0|VOLUMEN|VARIABLE|P0280083009|1|0|2.0|VOLUMEN|VARIABLE|P0280083009|1|0|2.0|VOLUMEN|VARIABLE|P0280083009|1|0|2.0|VOLUMEN|VARIABLE|P0280083009|1|0|2.0|VOLUMEN|VARIABLE|P0280083009|1|0|2.0|VOLUMEN|VARIABLE|P0280083009|1|0|2.0|VOLUMEN|VARIABLE|P0280083009|1|0|2.0|VOLUMEN|VARIABLE|P0280083009|1|0|2.0|VOLUMEN|VARIABLE|P0279074000|1|0|2.0|VOLUMEN|VARIABLE|P0279074000|1|0|2.0|VOLUMEN|VARIABLE|P0279074000|1|0|2.0|VOLUMEN|VARIABLE|P0279074000|1|0|2.0|VOLUMEN|VARIABLE|P0280083000|1|0|2.0|VOLUMEN|VARIABLE|P0280083000|1|0|2.0|VOLUMEN|VARIABLE|P0280083000|1|0|2.0|VOLUMEN|VARIABLE|P0280083000|1|0|2.0|VOLUMEN|VARIABLE|P0280083000|1|0|2.0|VOLUMEN|VARIABLE|P0280083000|1|0|2.0|VOLUMEN|VARIABLE|P0280083000|1|0|2.0|VOLUMEN|VARIABLE|P0279074000|1|0|2.0|VOLUMEN|VARIABLE|P0279074000|1|0|2.0|VOLUMEN|VARIABLE|P0279074000|1|0|2.0|VOLUMEN|VARIABLE|P0279074000|1|0|2.0|VOLUMEN|VARIABLE|P0279074000|1|0|2.0|VOLUMEN|VARIABLE|P0279074000|1|0|2.0|VOLUMEN|VARIABLE|P0279074000|1|0|2.0|VOLUMEN|VARIABLE|P0279074000|1|0|2.0|VOLUMEN|VARIABLE|P0279074000|1|0|2.0|VOLUMEN|VARIABLE|P0279074000|1|0|2.0|VOLUMEN|VARIABLE|P0279074000|1|0|2.0|VOLUMEN|VARIABLE|P0279074000|1|0|2.0|VOLUMEN|VARIABLE|P0279074000|1|0|2.0|VOLUMEN|VARIABLE|P0279074000|1|0|2.0|VOLUMEN|VARIABLE|P0279074000|1|0|2.0|VOLUMEN|VARIABLE|P0279074000|1|0|2.0|VOLUMEN|VARIABLE|P0279074000|1|0|2.0|VOLUMEN|VARIABLE|P0279074000|1|0|2.0|VOLUMEN|VARIABLE|P0279074000|1|0|2.0|VOLUMEN|VARIABLE|P0279074000|1|0|2.0|VOLUMEN|VARIABLE|P0279074000|1|0|2.0|VOLUMEN|VARIABLE|P0279074000|1|0|2.0|VOLUMEN|VARIABLE|P0279074000|1|0|2.0|VOLUMEN|VARIABLE|P0279074000|1|0|2.0|VOLUMEN|VARIABLE|P0279074000|1|0|2.0|VOLUMEN|VARIABLE|P0279074000|1|0|2.0|VOLUMEN|VARIABLE|P0279074000|1|0|2.0|VOLUMEN|VARIABLE|P0279074000|1|0|2.0|VOLUMEN|VARIABLE|P0279074000|1|0|2.0|VOLUMEN|VARIABLE|P0279074000|1|0|2.0|VOLUMEN|VARIABLE|P0280083000|1|0|2.0|VOLUMEN|VARIABLE|P0280083000|1|0|2.0|VOLUMEN|VARIABLE|P0280083000|1|0|2.0|VOLUMEN|VARIABLE|P0280083000|1|0|2.0|VOLUMEN|VARIABLE|P0280083000|1|0|2.0|VOLUMEN|VARIABLE|P0280083000|1|0|2.0|VOLUMEN|VARIABLE|P0280083000|1|0|2.0|VOLUMEN|VARIABLE|P0280083000|1|0|2.0|VOLUMEN|VARIABLE|P0280083000|1|0|2.0|VOLUMEN|VARIABLE|P0279074000|1|0|2.0|VOLUMEN|VARIABLE|P0279074000|1|0|2.0|VOLUMEN|VARIABLE|P0279074000|1|0|2.0|VOLUMEN|VARIABLE|P0279074000|1|0|2.0|VOLUMEN|VARIABLE|P0279074000|1|0|2.0|VOLUMEN|VARIABLE|P0279074000|1|0|2.0|VOLUMEN|VARIABLE|P0279074000|1|0|2.0|VOLUMEN|VARIABLE|P0279074000|1|0|2.0|VOLUMEN|VARIABLE|P0279074000|1|0|2.0|VOLUMEN|VARIABLE|P0279074000|1|0|2.0|VOLUMEN|VARIABLE|P0279074000|1|0|2.0|VOLUMEN|VARIABLE|P0279074000|1|0|2.0|VOLUMEN|VARIABLE|P0279074000|1|0|2.0|VOLUMEN|VARIABLE|P0279074000|1|0|2.0|VOLUMEN|VARIABLE|P0280083000|1|0|2.0|VOLUMEN|VARIABLE|P0280083000|1|0|2.0|VOLUMEN|VARIABLE|P0280083000|1|0|2.0|VOLUMEN|VARIABLE|P0280083000|1|0|2.0|VOLUMEN|VARIABLE|P0280083000|1|0|2.0|VOLUMEN|VARIABLE|P0280083000|1|0|2.0|VOLUMEN|VARIABLE|P0280083000|1|0|2.0|VOLUMEN|VARIABLE|P0279074000|1|0|2.0|VOLUMEN|VARIABLE|P0279074000|1|0|2.0|VOLUMEN|VARIABLE|P0279074000|1|0|2.0|VOLUMEN|VARIABLE|P0279074000|1|0|2.0|VOLUMEN|VARIABLE|P0279074000|1|0|2.0|VOLUMEN|VARIABLE|P0280083000|1|0|2.0|VOLUMEN|VARIABLE|P0280083000|1|0|2.0|VOLUMEN|VARIABLE|P0280083000|1|0|2.0|VOLUMEN|VARIABLE|P0280083000|1|0|2.0|VOLUMEN|VARIABLE|P0280083000|1|0|2.0|VOLUMEN|VARIABLE|P0280083000|1|0|2.0|VOLUMEN|VARIABLE|P0280083000|1|0|2.0|VOLUMEN|VARIABLE|P0280083000|1|0|2.0|VOLUMEN|VARIABLE|P0280083000|1|0|2.0|VOLUMEN|VARIABLE|P0280083000|1|0|2.0|VOLUMEN|VARIABLE|P0280083000|1|0|2.0|VOLUMEN|VARIABLE|P0280083000|1|0|2.0|VOLUMEN|VARIABLE|P0280083000|1|0|2.0|VOLUMEN|VARIABLE|P0280083000|1|0|2.0|VOLUMEN|VARIABLE|P0280083000|1|0|2.0|VOLUMEN|VARIABLE|P0280083000|1|0|2.0|VOLUMEN|VARIABLE|P0280083000|1|0|2.0|VOLUMEN|VARIABLE|P0280083000|1|0|2.0|VOLUMEN|VARIABLE|P0280083000|1|0|2.0|VOLUMEN|VARIABLE|P0280083000|1|0|2.0|VOLUMEN|VARIABLE|P0280083000|1|0|2.0|VOLUMEN|VARIABLE|P0280083000|1|0|2.0|VOLUMEN|VARIABLE|P0280083000|1|0|2.0|VOLUMEN|VARIABLE|P0280083009|1|0|2.0|VOLUMEN|VARIABLE|P0280083009|1|0|2.0|VOLUMEN|VARIABLE|P0280083009|1|0|2.0|VOLUMEN|VARIABLE|P0280083009|1|0|2.0|VOLUMEN|VARIABLE|P0280083009|1|0|2.0|VOLUMEN|VARIABLE|P0279074000|1|0|2.0|VOLUMEN|VARIABLE|P0279074000|1|0|2.0|VOLUMEN|VARIABLE|P0279074000|1|0|2.0|VOLUMEN|VARIABLE|P0279074000|1|0|2.0|VOLUMEN|VARIABLE|P0280083009|1|0|2.0|VOLUMEN|VARIABLE|P0280083000|1|0|2.0|VOLUMEN|VARIABLE|P0280083000|1|0|2.0|VOLUMEN|VARIABLE|P0280083000|1|0|2.0|VOLUMEN|VARIABLE|P0280083000|1|0|2.0|VOLUMEN|VARIABLE|P0280083000|1|0|2.0|VOLUMEN|VARIABLE|P0280083000|1|0|2.0|VOLUMEN|VARIABLE|P0280083000|1|0|2.0|VOLUMEN|VARIABLE|P0280083009|1|0|2.0|VOLUMEN|VARIABLE|P0280083009|1|0|2.0|VOLUMEN|VARIABLE|P0280083009|1|0|2.0|VOLUMEN|VARIABLE|P0280083009|1|0|2.0|VOLUMEN|VARIABLE|P0280083009|1|0|2.0|VOLUMEN|VARIABLE|P0280083009|1|0|2.0|VOLUMEN|VARIABLE|P0280083009|1|0|2.0|VOLUMEN|VARIABLE|P0280083009|1|0|2.0|VOLUMEN|VARIABLE|P0280083009|1|0|2.0|VOLUMEN|VARIABLE|P0280083000|1|0|2.0|VOLUMEN|VARIABLE|P0279074000|1|0|2.0|VOLUMEN|VARIABLE|P0279074000|1|0|2.0|VOLUMEN|VARIABLE|P0279074000|1|0|2.0|VOLUMEN|VARIABLE|P0279074000|1|0|2.0|VOLUMEN|VARIABLE|P0280083000|1|0|2.0|VOLUMEN|VARIABLE|P0280083000|1|0|2.0|VOLUMEN|VARIABLE|P0280083000|1|0|2.0|VOLUMEN|VARIABLE|P0280083000|1|0|2.0|VOLUMEN|VARIABLE|P0280083000|1|0|2.0|VOLUMEN|VARIABLE|P0280083000|1|0|2.0|VOLUMEN|VARIABLE|P0280083000|1|0|2.0|VOLUMEN|VARIABLE|P0279074000|1|0|2.0|VOLUMEN|VARIABLE|P0279074000|1|0|2.0|VOLUMEN|VARIABLE|P0280083000|1|0|2.0|VOLUMEN|VARIABLE|P0280083000|1|0|2.0|VOLUMEN|VARIABLE|P0280083000|1|0|2.0|VOLUMEN|VARIABLE|P0280083000|1|0|2.0|VOLUMEN|VARIABLE|P0280083000|1|0|2.0|VOLUMEN|VARIABLE|P0280083000|1|0|2.0|VOLUMEN|VARIABLE|P0280083000|1|0|2.0|VOLUMEN|VARIABLE|P0280083000|1|0|2.0|VOLUMEN|VARIABLE|P0280083000|1|0|2.0|VOLUMEN|VARIABLE|P0279074000|1|0|2.0|VOLUMEN|VARIABLE|P0279074000|1|0|2.0|VOLUMEN|VARIABLE|P0279074000|1|0|2.0|VOLUMEN|VARIABLE|P0279074000|1|0|2.0|VOLUMEN|VARIABLE|P0280083000|1|0|2.0|VOLUMEN|VARIABLE|P0280083000|1|0|2.0|VOLUMEN|VARIABLE|P0280083000|1|0|2.0|VOLUMEN|VARIABLE|P0280083000|1|0|2.0|VOLUMEN|VARIABLE|P0280083000|1|0|2.0|VOLUMEN|VARIABLE|P0280083000|1|0|2.0|VOLUMEN|VARIABLE|P0280083000|1|0|2.0|VOLUMEN|VARIABLE|P0279074000|1|0|2.0|VOLUMEN|VARIABLE|P0279074000|1|0|2.0|VOLUMEN|VARIABLE|P0279074000|1|0|2.0|VOLUMEN|VARIABLE|P0279074000|1|0|2.0|VOLUMEN|VARIABLE|P0280083009|1|0|2.0|VOLUMEN|VARIABLE|P0280083009|1|0|2.0|VOLUMEN|VARIABLE|P0280083009|1|0|2.0|VOLUMEN|VARIABLE|P0280083009|1|0|2.0|VOLUMEN|VARIABLE|P0280083009|1|0|2.0|VOLUMEN|VARIABLE|P0280083009|1|0|2.0|VOLUMEN|VARIABLE|P0279074000|1|0|2.0|VOLUMEN|VARIABLE|P0279074000|1|0|2.0|VOLUMEN|VARIABLE|P0279074000|1|0|2.0|VOLUMEN|VARIABLE|P0279074000|1|0|2.0|VOLUMEN|VARIABLE|P0279074000|1|0|2.0|VOLUMEN|VARIABLE|P0279074000|1|0|2.0|VOLUMEN|VARIABLE|P0279074000|1|0|2.0|VOLUMEN|VARIABLE|P0279074000|1|0|2.0|VOLUMEN|VARIABLE|P0279074000|1|0|2.0|VOLUMEN|VARIABLE|P0279074000|1|0|2.0|VOLUMEN|VARIABLE|P0279074000|1|0|2.0|VOLUMEN|VARIABLE|P0279074000|1|0|2.0|VOLUMEN|VARIABLE|P0279074000|1|0|2.0|VOLUMEN|VARIABLE|P0279074000|1|0|2.0|VOLUMEN|VARIABLE|P0279074000|1|0|2.0|VOLUMEN|VARIABLE|P0279074000|1|0|2.0|VOLUMEN|VARIABLE|P0279074000|1|0|2.0|VOLUMEN|VARIABLE|P0279074000|1|0|2.0|VOLUMEN|VARIABLE|P0279074000|1|0|2.0|VOLUMEN|VARIABLE|P0279074000|1|0|2.0|VOLUMEN|VARIABLE|P0279074000|1|0|2.0|VOLUMEN|VARIABLE|P0279074000|1|0|2.0|VOLUMEN|VARIABLE|P0279074000|1|0|2.0|VOLUMEN|VARIABLE|P0279074000|1|0|2.0|VOLUMEN|VARIABLE|P0279074000|1|0|2.0|VOLUMEN|VARIABLE|P0279074000|1|0|2.0|VOLUMEN|VARIABLE|P0279074000|1|0|2.0|VOLUMEN|VARIABLE|P0279074000|1|0|2.0|VOLUMEN|VARIABLE|P0279074000|1|0|2.0|VOLUMEN|VARIABLE|P0279074000|1|0|2.0|VOLUMEN|VARIABLE|P0280083009|1|0|2.0|VOLUMEN|VARIABLE|P0280083009|1|0|2.0|VOLUMEN|VARIABLE|P0280083009|1|0|2.0|VOLUMEN|VARIABLE|P0279074000|1|0|2.0|VOLUMEN|VARIABLE|P0279074000|1|0|2.0|VOLUMEN|VARIABLE|P0279074000|1|0|2.0
173,VOLUMEN|VARIABLE|P0261051006|1|0|1.0|VOLUMEN|VARIABLE|P0261051006|1|0|1.0|VOLUMEN|VARIABLE|P0261051006|1|0|1.0|VOLUMEN|VARIABLE|P0261051006|1|0|1.0|VOLUMEN|VARIABLE|P0261051006|1|0|1.0|VOLUMEN|VARIABLE|P0261051006|1|0|1.0|VOLUMEN|VARIABLE|P0261051006|1|0|1.0|VOLUMEN|VARIABLE|P0261051006|1|0|1.0|VOLUMEN|VARIABLE|P0261051006|1|0|1.0|VOLUMEN|VARIABLE|P0261051006|1|0|1.0|VOLUMEN|VARIABLE|P0261051006|1|0|1.0|VOLUMEN|VARIABLE|P0261051006|1|0|1.0|VOLUMEN|VARIABLE|P0261051006|1|0|1.0|VOLUMEN|VARIABLE|P0261051006|1|0|1.0|VOLUMEN|VARIABLE|P0261051006|1|0|1.0|VOLUMEN|VARIABLE|P0261051006|1|0|1.0|VOLUMEN|VARIABLE|P0261051006|1|0|1.0|VOLUMEN|VARIABLE|P0261051006|1|0|1.0|VOLUMEN|VARIABLE|P0261051006|1|0|1.0|VOLUMEN|VARIABLE|P0261051006|1|0|1.0|VOLUMEN|VARIABLE|P0261051006|1|0|1.0|VOLUMEN|VARIABLE|P0261051006|1|0|1.0|VOLUMEN|VARIABLE|P0261051006|1|0|1.0|VOLUMEN|VARIABLE|P0261051006|1|0|1.0|VOLUMEN|VARIABLE|P0261051006|1|0|1.0|VOLUMEN|VARIABLE|P0261051006|1|0|1.0|VOLUMEN|VARIABLE|P0261051006|1|0|1.0|VOLUMEN|VARIABLE|P0261051006|1|0|1.0|VOLUMEN|VARIABLE|P0261051006|1|0|1.0|VOLUMEN|VARIABLE|P0261051006|1|0|1.0|VOLUMEN|VARIABLE|P0261051006|1|0|1.0|VOLUMEN|VARIABLE|P0261051006|1|0|1.0|VOLUMEN|VARIABLE|P0261051006|1|0|1.0|VOLUMEN|VARIABLE|P0261051006|1|0|1.0|VOLUMEN|VARIABLE|P0261051006|1|0|1.0|VOLUMEN|VARIABLE|P0261051006|1|0|1.0|VOLUMEN|VARIABLE|P0261051006|1|0|1.0|VOLUMEN|VARIABLE|P0261051006|1|0|1.0|VOLUMEN|VARIABLE|P0261051006|1|0|1.0|VOLUMEN|VARIABLE|P0261051006|1|0|1.0|VOLUMEN|VARIABLE|P0261051006|1|0|1.0|VOLUMEN|VARIABLE|P0261051006|1|0|1.0|VOLUMEN|VARIABLE|P0261051006|1|0|1.0|VOLUMEN|VARIABLE|P0261051006|1|0|1.0|VOLUMEN|VARIABLE|P0261051006|1|0|1.0|VOLUMEN|VARIABLE|P0261051006|1|0|1.0|VOLUMEN|VARIABLE|P0261051006|1|0|1.0|VOLUMEN|VARIABLE|P0261051006|1|0|1.0|VOLUMEN|VARIABLE|P0261051006|1|0|1.0|VOLUMEN|VARIABLE|P0261051006|1|0|1.0|VOLUMEN|VARIABLE|P0261051006|1|0|1.0|VOLUMEN|VARIABLE|P0261051006|1|0|1.0|VOLUMEN|VARIABLE|P0261051006|1|0|1.0|VOLUMEN|VARIABLE|P0261051006|1|0|1.0|VOLUMEN|VARIABLE|P0261051006|1|0|1.0|VOLUMEN|VARIABLE|P0261051006|1|0|1.0|VOLUMEN|VARIABLE|P0261051006|1|0|1.0|VOLUMEN|VARIABLE|P0261051006|1|0|1.0|VOLUMEN|VARIABLE|P0261051006|1|0|1.0|VOLUMEN|VARIABLE|P0261051006|1|0|1.0|VOLUMEN|VARIABLE|P0261051006|1|0|1.0|VOLUMEN|VARIABLE|P0261051006|1|0|1.0|VOLUMEN|VARIABLE|P0261051006|1|0|1.0|VOLUMEN|VARIABLE|P0261051006|1|0|1.0|VOLUMEN|VARIABLE|P0261051006|1|0|1.0|VOLUMEN|VARIABLE|P0261051006|1|0|1.0|VOLUMEN|VARIABLE|P0261051006|1|0|1.0|VOLUMEN|VARIABLE|P0261051006|1|0|1.0|VOLUMEN|VARIABLE|P0261051006|1|0|1.0|VOLUMEN|VARIABLE|P0261051006|1|0|1.0|VOLUMEN|VARIABLE|P0261051006|1|0|1.0|VOLUMEN|VARIABLE|P0261051006|1|0|1.0
174,VOLUMEN|VARIABLE|P0261051006|1|0|2.0|VOLUMEN|VARIABLE|P0261051006|1|0|2.0|VOLUMEN|VARIABLE|P0261051006|1|0|2.0|VOLUMEN|VARIABLE|P0261051006|1|0|2.0|VOLUMEN|VARIABLE|P0261051006|1|0|2.0|VOLUMEN|VARIABLE|P0261051006|1|0|2.0|VOLUMEN|VARIABLE|P0261051006|1|0|2.0|VOLUMEN|VARIABLE|P0261051006|1|0|2.0|VOLUMEN|VARIABLE|P0261051006|1|0|2.0|VOLUMEN|VARIABLE|P0261051006|1|0|2.0|VOLUMEN|VARIABLE|P0261051006|1|0|2.0|VOLUMEN|VARIABLE|P0261051006|1|0|2.0|VOLUMEN|VARIABLE|P0261051006|1|0|2.0|VOLUMEN|VARIABLE|P0261051006|1|0|2.0|VOLUMEN|VARIABLE|P0261051006|1|0|2.0|VOLUMEN|VARIABLE|P0261051006|1|0|2.0|VOLUMEN|VARIABLE|P0261051006|1|0|2.0|VOLUMEN|VARIABLE|P0261051006|1|0|2.0|VOLUMEN|VARIABLE|P0261051006|1|0|2.0|VOLUMEN|VARIABLE|P0261051006|1|0|2.0|VOLUMEN|VARIABLE|P0261051006|1|0|2.0|VOLUMEN|VARIABLE|P0261051006|1|0|2.0|VOLUMEN|VARIABLE|P0261051006|1|0|2.0|VOLUMEN|VARIABLE|P0261051006|1|0|2.0|VOLUMEN|VARIABLE|P0261051006|1|0|2.0|VOLUMEN|VARIABLE|P0261051006|1|0|2.0|VOLUMEN|VARIABLE|P0261051006|1|0|2.0|VOLUMEN|VARIABLE|P0261051006|1|0|2.0|VOLUMEN|VARIABLE|P0261051006|1|0|2.0|VOLUMEN|VARIABLE|P0261051006|1|0|2.0|VOLUMEN|VARIABLE|P0261051006|1|0|2.0|VOLUMEN|VARIABLE|P0261051006|1|0|2.0|VOLUMEN|VARIABLE|P0261051006|1|0|2.0|VOLUMEN|VARIABLE|P0261051006|1|0|2.0|VOLUMEN|VARIABLE|P0261051006|1|0|2.0|VOLUMEN|VARIABLE|P0261051006|1|0|2.0|VOLUMEN|VARIABLE|P0261051006|1|0|2.0|VOLUMEN|VARIABLE|P0261051006|1|0|2.0|VOLUMEN|VARIABLE|P0261051006|1|0|2.0|VOLUMEN|VARIABLE|P0261051006|1|0|2.0|VOLUMEN|VARIABLE|P0261051006|1|0|2.0|VOLUMEN|VARIABLE|P0261051006|1|0|2.0|VOLUMEN|VARIABLE|P0261051006|1|0|2.0|VOLUMEN|VARIABLE|P0261051006|1|0|2.0|VOLUMEN|VARIABLE|P0261051006|1|0|2.0|VOLUMEN|VARIABLE|P0261051006|1|0|2.0|VOLUMEN|VARIABLE|P0261051006|1|0|2.0|VOLUMEN|VARIABLE|P0261051006|1|0|2.0|VOLUMEN|VARIABLE|P0261051006|1|0|2.0|VOLUMEN|VARIABLE|P0261051006|1|0|2.0|VOLUMEN|VARIABLE|P0261051006|1|0|2.0|VOLUMEN|VARIABLE|P0261051006|1|0|2.0|VOLUMEN|VARIABLE|P0261051006|1|0|2.0|VOLUMEN|VARIABLE|P0261051006|1|0|2.0|VOLUMEN|VARIABLE|P0261051006|1|0|2.0|VOLUMEN|VARIABLE|P0261051006|1|0|2.0|VOLUMEN|VARIABLE|P0261051006|1|0|2.0|VOLUMEN|VARIABLE|P0261051006|1|0|2.0|VOLUMEN|VARIABLE|P0261051006|1|0|2.0|VOLUMEN|VARIABLE|P0261051006|1|0|2.0|VOLUMEN|VARIABLE|P0261051006|1|0|2.0|VOLUMEN|VARIABLE|P0261051006|1|0|2.0|VOLUMEN|VARIABLE|P0261051006|1|0|2.0|VOLUMEN|VARIABLE|P0261051006|1|0|2.0|VOLUMEN|VARIABLE|P0261051006|1|0|2.0|VOLUMEN|VARIABLE|P0261051006|1|0|2.0|VOLUMEN|VARIABLE|P0261051006|1|0|2.0|VOLUMEN|VARIABLE|P0261051006|1|0|2.0|VOLUMEN|VARIABLE|P0261051006|1|0|2.0|VOLUMEN|VARIABLE|P0261051006|1|0|2.0|VOLUMEN|VARIABLE|P0261051006|1|0|2.0|VOLUMEN|VARIABLE|P0261051006|1|0|2.0
175,VOLUMEN|VARIABLE|P0280084002|1|0|1.0|VOLUMEN|VARIABLE|P0279060007|1|0|1.0|VOLUMEN|VARIABLE|P0279086000|1|0|1.0|VOLUMEN|VARIABLE|P0280084002|1|0|1.0|VOLUMEN|VARIABLE|P0280084002|1|0|1.0|VOLUMEN|VARIABLE|P0280084002|1|0|1.0|VOLUMEN|VARIABLE|P0280084002|1|0|1.0|VOLUMEN|VARIABLE|P0279086000|1|0|1.0|VOLUMEN|VARIABLE|P0279086000|1|0|1.0|VOLUMEN|VARIABLE|P0279086000|1|0|1.0|VOLUMEN|VARIABLE|P0279060007|1|0|1.0|VOLUMEN|VARIABLE|P0280084002|1|0|1.0|VOLUMEN|VARIABLE|P0280084002|1|0|1.0|VOLUMEN|VARIABLE|P0280084002|1|0|1.0|VOLUMEN|VARIABLE|P0280084002|1|0|1.0|VOLUMEN|VARIABLE|P0280084002|1|0|1.0|VOLUMEN|VARIABLE|P0280084002|1|0|1.0|VOLUMEN|VARIABLE|P0280084002|1|0|1.0|VOLUMEN|VARIABLE|P0280084002|1|0|1.0|VOLUMEN|VARIABLE|P0280084002|1|0|1.0|VOLUMEN|VARIABLE|P0280084002|1|0|1.0|VOLUMEN|VARIABLE|P0279060007|1|0|1.0|VOLUMEN|VARIABLE|P0279060007|1|0|1.0|VOLUMEN|VARIABLE|P0279086000|1|0|1.0|VOLUMEN|VARIABLE|P0279060007|1|0|1.0|VOLUMEN|VARIABLE|P0279060007|1|0|1.0|VOLUMEN|VARIABLE|P0279086000|1|0|1.0|VOLUMEN|VARIABLE|P0279086000|1|0|1.0|VOLUMEN|VARIABLE|P0280084002|1|0|1.0|VOLUMEN|VARIABLE|P0280084002|1|0|1.0|VOLUMEN|VARIABLE|P0280084002|1|0|1.0|VOLUMEN|VARIABLE|P0280084002|1|0|1.0|VOLUMEN|VARIABLE|P0280084002|1|0|1.0|VOLUMEN|VARIABLE|P0280084002|1|0|1.0|VOLUMEN|VARIABLE|P0280084002|1|0|1.0|VOLUMEN|VARIABLE|P0280084002|1|0|1.0|VOLUMEN|VARIABLE|P0280084002|1|0|1.0|VOLUMEN|VARIABLE|P0279060007|1|0|1.0|VOLUMEN|VARIABLE|P0279060007|1|0|1.0|VOLUMEN|VARIABLE|P0280084002|1|0|1.0|VOLUMEN|VARIABLE|P0280084002|1|0|1.0|VOLUMEN|VARIABLE|P0280084002|1|0|1.0|VOLUMEN|VARIABLE|P0280084002|1|0|1.0|VOLUMEN|VARIABLE|P0279086000|1|0|1.0|VOLUMEN|VARIABLE|P0279086000|1|0|1.0|VOLUMEN|VARIABLE|P0280084002|1|0|1.0|VOLUMEN|VARIABLE|P0280084002|1|0|1.0|VOLUMEN|VARIABLE|P0280084002|1|0|1.0|VOLUMEN|VARIABLE|P0279086000|1|0|1.0|VOLUMEN|VARIABLE|P0279060007|1|0|1.0|VOLUMEN|VARIABLE|P0279060007|1|0|1.0|VOLUMEN|VARIABLE|P0279086000|1|0|1.0|VOLUMEN|VARIABLE|P0280084002|1|0|1.0|VOLUMEN|VARIABLE|P0280084002|1|0|1.0|VOLUMEN|VARIABLE|P0280084002|1|0|1.0|VOLUMEN|VARIABLE|P0279060007|1|0|1.0|VOLUMEN|VARIABLE|P0279060007|1|0|1.0|VOLUMEN|VARIABLE|P0280084002|1|0|1.0|VOLUMEN|VARIABLE|P0260154002|1|0|1.0|VOLUMEN|VARIABLE|P0260154002|1|0|1.0|VOLUMEN|VARIABLE|P0260154002|1|0|1.0|VOLUMEN|VARIABLE|P0260154002|1|0|1.0|VOLUMEN|VARIABLE|P0260154002|1|0|1.0|VOLUMEN|VARIABLE|P0260154002|1|0|1.0|VOLUMEN|VARIABLE|P0280084002|1|0|1.0|VOLUMEN|VARIABLE|P0280084002|1|0|1.0|VOLUMEN|VARIABLE|P0280084002|1|0|1.0|VOLUMEN|VARIABLE|P0279086000|1|0|1.0|VOLUMEN|VARIABLE|P0279060007|1|0|1.0|VOLUMEN|VARIABLE|P0279086000|1|0|1.0|VOLUMEN|VARIABLE|P0280084002|1|0|1.0|VOLUMEN|VARIABLE|P0280084002|1|0|1.0|VOLUMEN|VARIABLE|P0280084002|1|0|1.0|VOLUMEN|VARIABLE|P0279086000|1|0|1.0|VOLUMEN|VARIABLE|P0279086000|1|0|1.0|VOLUMEN|VARIABLE|P0280084002|1|0|1.0|VOLUMEN|VARIABLE|P0260154002|1|0|1.0|VOLUMEN|VARIABLE|P0260154002|1|0|1.0|VOLUMEN|VARIABLE|P0260154002|1|0|1.0|VOLUMEN|VARIABLE|P0260154002|1|0|1.0|VOLUMEN|VARIABLE|P0260154002|1|0|1.0
176,VOLUMEN|VARIABLE|P0280084002|1|0|2.0|VOLUMEN|VARIABLE|P0279060007|1|0|2.0|VOLUMEN|VARIABLE|P0279086000|1|0|2.0|VOLUMEN|VARIABLE|P0280084002|1|0|2.0|VOLUMEN|VARIABLE|P0280084002|1|0|2.0|VOLUMEN|VARIABLE|P0280084002|1|0|2.0|VOLUMEN|VARIABLE|P0280084002|1|0|2.0|VOLUMEN|VARIABLE|P0279086000|1|0|2.0|VOLUMEN|VARIABLE|P0279086000|1|0|2.0|VOLUMEN|VARIABLE|P0279086000|1|0|2.0|VOLUMEN|VARIABLE|P0279060007|1|0|2.0|VOLUMEN|VARIABLE|P0280084002|1|0|2.0|VOLUMEN|VARIABLE|P0280084002|1|0|2.0|VOLUMEN|VARIABLE|P0280084002|1|0|2.0|VOLUMEN|VARIABLE|P0280084002|1|0|2.0|VOLUMEN|VARIABLE|P0280084002|1|0|2.0|VOLUMEN|VARIABLE|P0280084002|1|0|2.0|VOLUMEN|VARIABLE|P0280084002|1|0|2.0|VOLUMEN|VARIABLE|P0280084002|1|0|2.0|VOLUMEN|VARIABLE|P0280084002|1|0|2.0|VOLUMEN|VARIABLE|P0280084002|1|0|2.0|VOLUMEN|VARIABLE|P0279060007|1|0|2.0|VOLUMEN|VARIABLE|P0279060007|1|0|2.0|VOLUMEN|VARIABLE|P0279086000|1|0|2.0|VOLUMEN|VARIABLE|P0279060007|1|0|2.0|VOLUMEN|VARIABLE|P0279060007|1|0|2.0|VOLUMEN|VARIABLE|P0279086000|1|0|2.0|VOLUMEN|VARIABLE|P0279086000|1|0|2.0|VOLUMEN|VARIABLE|P0280084002|1|0|2.0|VOLUMEN|VARIABLE|P0280084002|1|0|2.0|VOLUMEN|VARIABLE|P0280084002|1|0|2.0|VOLUMEN|VARIABLE|P0280084002|1|0|2.0|VOLUMEN|VARIABLE|P0280084002|1|0|2.0|VOLUMEN|VARIABLE|P0280084002|1|0|2.0|VOLUMEN|VARIABLE|P0280084002|1|0|2.0|VOLUMEN|VARIABLE|P0280084002|1|0|2.0|VOLUMEN|VARIABLE|P0280084002|1|0|2.0|VOLUMEN|VARIABLE|P0279060007|1|0|2.0|VOLUMEN|VARIABLE|P0279060007|1|0|2.0|VOLUMEN|VARIABLE|P0280084002|1|0|2.0|VOLUMEN|VARIABLE|P0280084002|1|0|2.0|VOLUMEN|VARIABLE|P0280084002|1|0|2.0|VOLUMEN|VARIABLE|P0280084002|1|0|2.0|VOLUMEN|VARIABLE|P0279086000|1|0|2.0|VOLUMEN|VARIABLE|P0279086000|1|0|2.0|VOLUMEN|VARIABLE|P0280084002|1|0|2.0|VOLUMEN|VARIABLE|P0280084002|1|0|2.0|VOLUMEN|VARIABLE|P0280084002|1|0|2.0|VOLUMEN|VARIABLE|P0279086000|1|0|2.0|VOLUMEN|VARIABLE|P0279060007|1|0|2.0|VOLUMEN|VARIABLE|P0279060007|1|0|2.0|VOLUMEN|VARIABLE|P0279086000|1|0|2.0|VOLUMEN|VARIABLE|P0280084002|1|0|2.0|VOLUMEN|VARIABLE|P0280084002|1|0|2.0|VOLUMEN|VARIABLE|P0280084002|1|0|2.0|VOLUMEN|VARIABLE|P0279060007|1|0|2.0|VOLUMEN|VARIABLE|P0279060007|1|0|2.0|VOLUMEN|VARIABLE|P0280084002|1|0|2.0|VOLUMEN|VARIABLE|P0260154002|1|0|2.0|VOLUMEN|VARIABLE|P0260154002|1|0|2.0|VOLUMEN|VARIABLE|P0260154002|1|0|2.0|VOLUMEN|VARIABLE|P0260154002|1|0|2.0|VOLUMEN|VARIABLE|P0260154002|1|0|2.0|VOLUMEN|VARIABLE|P0260154002|1|0|2.0|VOLUMEN|VARIABLE|P0280084002|1|0|2.0|VOLUMEN|VARIABLE|P0280084002|1|0|2.0|VOLUMEN|VARIABLE|P0280084002|1|0|2.0|VOLUMEN|VARIABLE|P0279086000|1|0|2.0|VOLUMEN|VARIABLE|P0279060007|1|0|2.0|VOLUMEN|VARIABLE|P0279086000|1|0|2.0|VOLUMEN|VARIABLE|P0280084002|1|0|2.0|VOLUMEN|VARIABLE|P0280084002|1|0|2.0|VOLUMEN|VARIABLE|P0280084002|1|0|2.0|VOLUMEN|VARIABLE|P0279086000|1|0|2.0|VOLUMEN|VARIABLE|P0279086000|1|0|2.0|VOLUMEN|VARIABLE|P0280084002|1|0|2.0|VOLUMEN|VARIABLE|P0260154002|1|0|2.0|VOLUMEN|VARIABLE|P0260154002|1|0|2.0|VOLUMEN|VARIABLE|P0260154002|1|0|2.0|VOLUMEN|VARIABLE|P0260154002|1|0|2.0|VOLUMEN|VARIABLE|P0260154002|1|0|2.0
177,VOLUMEN|FIJO|200080229|1|0|1.0|VOLUMEN|FIJO|200080229|1|0|1.0|VOLUMEN|FIJO|200080229|1|0|1.0|VOLUMEN|FIJO|200080229|1|0|1.0|VOLUMEN|FIJO|200080229|1|0|1.0|VOLUMEN|FIJO|200080229|1|0|1.0|VOLUMEN|FIJO|200080229|1|0|1.0|VOLUMEN|FIJO|200080229|1|0|1.0|VOLUMEN|FIJO|200080229|1|0|1.0|VOLUMEN|FIJO|200080229|1|0|1.0|VOLUMEN|FIJO|200080229|1|0|1.0|VOLUMEN|FIJO|200080229|1|0|1.0|VOLUMEN|FIJO|200080229|1|0|1.0
178,VOLUMEN|FIJO|200080229|1|0|2.0|VOLUMEN|FIJO|200080229|1|0|2.0|VOLUMEN|FIJO|200080229|1|0|2.0|VOLUMEN|FIJO|200080229|1|0|2.0|VOLUMEN|FIJO|200080229|1|0|2.0|VOLUMEN|FIJO|200080229|1|0|2.0|VOLUMEN|FIJO|200080229|1|0|2.0|VOLUMEN|FIJO|200080229|1|0|2.0|VOLUMEN|FIJO|200080229|1|0|2.0|VOLUMEN|FIJO|200080229|1|0|2.0|VOLUMEN|FIJO|200080229|1|0|2.0|VOLUMEN|FIJO|200080229|1|0|2.0|VOLUMEN|FIJO|200080229|1|0|2.0
179,INDIVIDUAL|FIJO|P0132059001|1|0|1.0|INDIVIDUAL|FIJO|P0132059001|1|0|1.0|INDIVIDUAL|FIJO|P0132059001|1|0|1.0|INDIVIDUAL|FIJO|P0132059001|1|0|1.0|INDIVIDUAL|FIJO|P0132059001|1|0|1.0|INDIVIDUAL|FIJO|P0132059001|1|0|1.0|INDIVIDUAL|FIJO|P0132059001|1|0|1.0|INDIVIDUAL|FIJO|P0132059001|1|0|1.0|INDIVIDUAL|FIJO|P0132059001|1|0|1.0|INDIVIDUAL|FIJO|P0132059001|1|0|1.0|INDIVIDUAL|FIJO|P0132059001|1|0|1.0|INDIVIDUAL|FIJO|P0132059001|1|0|1.0
180,INDIVIDUAL|FIJO|P0132060007|1|0|1.0|INDIVIDUAL|FIJO|P0132060007|1|0|1.0|INDIVIDUAL|FIJO|P0132060007|1|0|1.0|INDIVIDUAL|FIJO|P0132060007|1|0|1.0|INDIVIDUAL|FIJO|P0132060007|1|0|1.0|INDIVIDUAL|FIJO|P0132060007|1|0|1.0|INDIVIDUAL|FIJO|P0132060007|1|0|1.0|INDIVIDUAL|FIJO|P0132060007|1|0|1.0|INDIVIDUAL|FIJO|P0132060007|1|0|1.0|INDIVIDUAL|FIJO|P0132060007|1|0|1.0|INDIVIDUAL|FIJO|P0132060007|1|0|1.0|INDIVIDUAL|FIJO|P0132060007|1|0|1.0
181,INDIVIDUAL|FIJO|200115274|1|0|1.0|INDIVIDUAL|FIJO|200115274|1|0|1.0|INDIVIDUAL|FIJO|200115274|1|0|1.0|INDIVIDUAL|FIJO|200115274|1|0|1.0|INDIVIDUAL|FIJO|200115274|1|0|1.0|INDIVIDUAL|FIJO|200115274|1|0|1.0|INDIVIDUAL|FIJO|200115274|1|0|1.0|INDIVIDUAL|FIJO|200115274|1|0|1.0|INDIVIDUAL|FIJO|200115274|1|0|1.0|INDIVIDUAL|FIJO|200115274|1|0|1.0|INDIVIDUAL|FIJO|200115274|1|0|1.0|INDIVIDUAL|FIJO|200115274|1|0|1.0
182,INDIVIDUAL|FIJO|200099469|1|0|1.0|INDIVIDUAL|FIJO|200099469|1|0|1.0|INDIVIDUAL|FIJO|200099469|1|0|1.0|INDIVIDUAL|FIJO|200099469|1|0|1.0|INDIVIDUAL|FIJO|200099469|1|0|1.0|INDIVIDUAL|FIJO|200099469|1|0|1.0|INDIVIDUAL|FIJO|200099469|1|0|1.0|INDIVIDUAL|FIJO|200099469|1|0|1.0|INDIVIDUAL|FIJO|200099469|1|0|1.0|INDIVIDUAL|FIJO|200099469|1|0|1.0|INDIVIDUAL|FIJO|200099469|1|0|1.0|INDIVIDUAL|FIJO|200099469|1|0|1.0
183,INDIVIDUAL|FIJO|200103338|1|0|1.0|INDIVIDUAL|FIJO|200103338|1|0|1.0|INDIVIDUAL|FIJO|200103338|1|0|1.0|INDIVIDUAL|FIJO|200103338|1|0|1.0|INDIVIDUAL|FIJO|200103338|1|0|1.0|INDIVIDUAL|FIJO|200103338|1|0|1.0|INDIVIDUAL|FIJO|200103338|1|0|1.0|INDIVIDUAL|FIJO|200103338|1|0|1.0|INDIVIDUAL|FIJO|200103338|1|0|1.0|INDIVIDUAL|FIJO|200103338|1|0|1.0|INDIVIDUAL|FIJO|200103338|1|0|1.0|INDIVIDUAL|FIJO|200103338|1|0|1.0
184,INDIVIDUAL|FIJO|200054026|1|0|1.0|INDIVIDUAL|FIJO|200054026|1|0|1.0|INDIVIDUAL|FIJO|200054026|1|0|1.0|INDIVIDUAL|FIJO|200054026|1|0|1.0|INDIVIDUAL|FIJO|200054026|1|0|1.0|INDIVIDUAL|FIJO|200054026|1|0|1.0|INDIVIDUAL|FIJO|200054026|1|0|1.0|INDIVIDUAL|FIJO|200054026|1|0|1.0|INDIVIDUAL|FIJO|200054026|1|0|1.0|INDIVIDUAL|FIJO|200054026|1|0|1.0|INDIVIDUAL|FIJO|200054026|1|0|1.0
185,INDIVIDUAL|FIJO|210060671|1|0|1.0|INDIVIDUAL|FIJO|210060671|1|0|1.0|INDIVIDUAL|FIJO|210060671|1|0|1.0|INDIVIDUAL|FIJO|210060671|1|0|1.0|INDIVIDUAL|FIJO|210060671|1|0|1.0|INDIVIDUAL|FIJO|210060671|1|0|1.0|INDIVIDUAL|FIJO|210060671|1|0|1.0|INDIVIDUAL|FIJO|210060671|1|0|1.0|INDIVIDUAL|FIJO|210060671|1|0|1.0|INDIVIDUAL|FIJO|210060671|1|0|1.0|INDIVIDUAL|FIJO|210060671|1|0|1.0|INDIVIDUAL|FIJO|210060671|1|0|1.0
186,INDIVIDUAL|FIJO|200108161|1|0|1.0|INDIVIDUAL|FIJO|200108161|1|0|1.0|INDIVIDUAL|FIJO|200108161|1|0|1.0|INDIVIDUAL|FIJO|200108161|1|0|1.0|INDIVIDUAL|FIJO|200108161|1|0|1.0|INDIVIDUAL|FIJO|200108161|1|0|1.0|INDIVIDUAL|FIJO|200108161|1|0|1.0|INDIVIDUAL|FIJO|200108161|1|0|1.0|INDIVIDUAL|FIJO|200108161|1|0|1.0|INDIVIDUAL|FIJO|200108161|1|0|1.0|INDIVIDUAL|FIJO|200108161|1|0|1.0|INDIVIDUAL|FIJO|200108161|1|0|1.0
189,INDIVIDUAL|FIJO|200101481|1|0|1.0|INDIVIDUAL|FIJO|200101481|1|0|1.0|INDIVIDUAL|FIJO|200101481|1|0|1.0|INDIVIDUAL|FIJO|200101481|1|0|1.0|INDIVIDUAL|FIJO|200101481|1|0|1.0|INDIVIDUAL|FIJO|200101481|1|0|1.0|INDIVIDUAL|FIJO|200101481|1|0|1.0|INDIVIDUAL|FIJO|200101481|1|0|1.0|INDIVIDUAL|FIJO|200101481|1|0|1.0|INDIVIDUAL|FIJO|200101481|1|0|1.0|INDIVIDUAL|FIJO|200101481|1|0|1.0|INDIVIDUAL|FIJO|200101481|1|0|1.0
190,INDIVIDUAL|FIJO|200116590|1|0|1.0|INDIVIDUAL|FIJO|200116590|1|0|1.0|INDIVIDUAL|FIJO|200116590|1|0|1.0|INDIVIDUAL|FIJO|200116590|1|0|1.0|INDIVIDUAL|FIJO|200116590|1|0|1.0|INDIVIDUAL|FIJO|200116590|1|0|1.0|INDIVIDUAL|FIJO|200116590|1|0|1.0|INDIVIDUAL|FIJO|200116590|1|0|1.0|INDIVIDUAL|FIJO|200116590|1|0|1.0|INDIVIDUAL|FIJO|200116590|1|0|1.0|INDIVIDUAL|FIJO|200116590|1|0|1.0|INDIVIDUAL|FIJO|200116590|1|0|1.0
191,INDIVIDUAL|FIJO|200072593|1|0|1.0|INDIVIDUAL|FIJO|200072593|1|0|1.0|INDIVIDUAL|FIJO|200072593|1|0|1.0|INDIVIDUAL|FIJO|200072593|1|0|1.0|INDIVIDUAL|FIJO|200072593|1|0|1.0|INDIVIDUAL|FIJO|200072593|1|0|1.0|INDIVIDUAL|FIJO|200072593|1|0|1.0|INDIVIDUAL|FIJO|200072593|1|0|1.0|INDIVIDUAL|FIJO|200072593|1|0|1.0|INDIVIDUAL|FIJO|200072593|1|0|1.0|INDIVIDUAL|FIJO|200072593|1|0|1.0|INDIVIDUAL|FIJO|200072593|1|0|1.0
192,INDIVIDUAL|FIJO|200058607|1|0|1.0|INDIVIDUAL|FIJO|200058607|1|0|1.0|INDIVIDUAL|FIJO|200058607|1|0|1.0|INDIVIDUAL|FIJO|200058607|1|0|1.0|INDIVIDUAL|FIJO|200058607|1|0|1.0|INDIVIDUAL|FIJO|200058607|1|0|1.0|INDIVIDUAL|FIJO|200058607|1|0|1.0|INDIVIDUAL|FIJO|200058607|1|0|1.0|INDIVIDUAL|FIJO|200058607|1|0|1.0|INDIVIDUAL|FIJO|200058607|1|0|1.0|INDIVIDUAL|FIJO|200058607|1|0|1.0|INDIVIDUAL|FIJO|200058607|1|0|1.0
193,INDIVIDUAL|FIJO|200060357|1|0|1.0|INDIVIDUAL|FIJO|200060357|1|0|1.0|INDIVIDUAL|FIJO|200060357|1|0|1.0|INDIVIDUAL|FIJO|200060357|1|0|1.0|INDIVIDUAL|FIJO|200060357|1|0|1.0|INDIVIDUAL|FIJO|200060357|1|0|1.0|INDIVIDUAL|FIJO|200060357|1|0|1.0|INDIVIDUAL|FIJO|200060357|1|0|1.0|INDIVIDUAL|FIJO|200060357|1|0|1.0|INDIVIDUAL|FIJO|200060357|1|0|1.0|INDIVIDUAL|FIJO|200060357|1|0|1.0|INDIVIDUAL|FIJO|200060357|1|0|1.0
194,INDIVIDUAL|FIJO|200049918|1|0|1.0|INDIVIDUAL|FIJO|200049918|1|0|1.0|INDIVIDUAL|FIJO|200049918|1|0|1.0|INDIVIDUAL|FIJO|200049918|1|0|1.0|INDIVIDUAL|FIJO|200049918|1|0|1.0|INDIVIDUAL|FIJO|200049918|1|0|1.0|INDIVIDUAL|FIJO|200049918|1|0|1.0|INDIVIDUAL|FIJO|200049918|1|0|1.0|INDIVIDUAL|FIJO|200049918|1|0|1.0|INDIVIDUAL|FIJO|200049918|1|0|1.0|INDIVIDUAL|FIJO|200049918|1|0|1.0|INDIVIDUAL|FIJO|200049918|1|0|1.0
195,INDIVIDUAL|FIJO|200094937|1|0|1.0|INDIVIDUAL|FIJO|200094937|1|0|1.0|INDIVIDUAL|FIJO|200094937|1|0|1.0|INDIVIDUAL|FIJO|200094937|1|0|1.0|INDIVIDUAL|FIJO|200094937|1|0|1.0|INDIVIDUAL|FIJO|200094937|1|0|1.0|INDIVIDUAL|FIJO|200094937|1|0|1.0|INDIVIDUAL|FIJO|200094937|1|0|1.0|INDIVIDUAL|FIJO|200094937|1|0|1.0|INDIVIDUAL|FIJO|200094937|1|0|1.0|INDIVIDUAL|FIJO|200094937|1|0|1.0|INDIVIDUAL|FIJO|200094937|1|0|1.0
196,INDIVIDUAL|FIJO|200099686|1|0|1.0|INDIVIDUAL|FIJO|200099686|1|0|1.0|INDIVIDUAL|FIJO|200099686|1|0|1.0|INDIVIDUAL|FIJO|200099686|1|0|1.0|INDIVIDUAL|FIJO|200099686|1|0|1.0|INDIVIDUAL|FIJO|200099686|1|0|1.0|INDIVIDUAL|FIJO|200099686|1|0|1.0|INDIVIDUAL|FIJO|200099686|1|0|1.0|INDIVIDUAL|FIJO|200099686|1|0|1.0|INDIVIDUAL|FIJO|200099686|1|0|1.0|INDIVIDUAL|FIJO|200099686|1|0|1.0|INDIVIDUAL|FIJO|200099686|1|0|1.0
197,INDIVIDUAL|FIJO|200094936|1|0|1.0|INDIVIDUAL|FIJO|200094936|1|0|1.0|INDIVIDUAL|FIJO|200094936|1|0|1.0|INDIVIDUAL|FIJO|200094936|1|0|1.0|INDIVIDUAL|FIJO|200094936|1|0|1.0|INDIVIDUAL|FIJO|200094936|1|0|1.0|INDIVIDUAL|FIJO|200094936|1|0|1.0|INDIVIDUAL|FIJO|200094936|1|0|1.0|INDIVIDUAL|FIJO|200094936|1|0|1.0|INDIVIDUAL|FIJO|200094936|1|0|1.0|INDIVIDUAL|FIJO|200094936|1|0|1.0|INDIVIDUAL|FIJO|200094936|1|0|1.0|INDIVIDUAL|FIJO|200094936|1|0|1.0
198,INDIVIDUAL|FIJO|200094941|1|0|1.0|INDIVIDUAL|FIJO|200094941|1|0|1.0|INDIVIDUAL|FIJO|200094941|1|0|1.0|INDIVIDUAL|FIJO|200094941|1|0|1.0|INDIVIDUAL|FIJO|200094941|1|0|1.0|INDIVIDUAL|FIJO|200094941|1|0|1.0|INDIVIDUAL|FIJO|200094941|1|0|1.0|INDIVIDUAL|FIJO|200094941|1|0|1.0|INDIVIDUAL|FIJO|200094941|1|0|1.0|INDIVIDUAL|FIJO|200094941|1|0|1.0|INDIVIDUAL|FIJO|200094941|1|0|1.0|INDIVIDUAL|FIJO|200094941|1|0|1.0|INDIVIDUAL|FIJO|200094941|1|0|1.0
199,INDIVIDUAL|FIJO|200099688|1|0|1.0|INDIVIDUAL|FIJO|200099688|1|0|1.0|INDIVIDUAL|FIJO|200099688|1|0|1.0|INDIVIDUAL|FIJO|200099688|1|0|1.0|INDIVIDUAL|FIJO|200099688|1|0|1.0|INDIVIDUAL|FIJO|200099688|1|0|1.0|INDIVIDUAL|FIJO|200099688|1|0|1.0|INDIVIDUAL|FIJO|200099688|1|0|1.0|INDIVIDUAL|FIJO|200099688|1|0|1.0|INDIVIDUAL|FIJO|200099688|1|0|1.0|INDIVIDUAL|FIJO|200099688|1|0|1.0|INDIVIDUAL|FIJO|200099688|1|0|1.0
200,INDIVIDUAL|FIJO|200060872|1|0|1.0|INDIVIDUAL|FIJO|200060872|1|0|1.0|INDIVIDUAL|FIJO|200060872|1|0|1.0|INDIVIDUAL|FIJO|200060872|1|0|1.0|INDIVIDUAL|FIJO|200060872|1|0|1.0|INDIVIDUAL|FIJO|200060872|1|0|1.0|INDIVIDUAL|FIJO|200060872|1|0|1.0|INDIVIDUAL|FIJO|200060872|1|0|1.0|INDIVIDUAL|FIJO|200060872|1|0|1.0|INDIVIDUAL|FIJO|200060872|1|0|1.0|INDIVIDUAL|FIJO|200060872|1|0|1.0|INDIVIDUAL|FIJO|200060872|1|0|1.0
201,INDIVIDUAL|FIJO|200095157|1|0|1.0|INDIVIDUAL|FIJO|200095157|1|0|1.0|INDIVIDUAL|FIJO|200095157|1|0|1.0|INDIVIDUAL|FIJO|200095157|1|0|1.0|INDIVIDUAL|FIJO|200095157|1|0|1.0|INDIVIDUAL|FIJO|200095157|1|0|1.0|INDIVIDUAL|FIJO|200095157|1|0|1.0|INDIVIDUAL|FIJO|200095157|1|0|1.0|INDIVIDUAL|FIJO|200095157|1|0|1.0|INDIVIDUAL|FIJO|200095157|1|0|1.0|INDIVIDUAL|FIJO|200095157|1|0|1.0|INDIVIDUAL|FIJO|200095157|1|0|1.0
202,INDIVIDUAL|FIJO|200095182|1|0|1.0|INDIVIDUAL|FIJO|200095182|1|0|1.0|INDIVIDUAL|FIJO|200095182|1|0|1.0|INDIVIDUAL|FIJO|200095182|1|0|1.0|INDIVIDUAL|FIJO|200095182|1|0|1.0|INDIVIDUAL|FIJO|200095182|1|0|1.0|INDIVIDUAL|FIJO|200095182|1|0|1.0|INDIVIDUAL|FIJO|200095182|1|0|1.0|INDIVIDUAL|FIJO|200095182|1|0|1.0|INDIVIDUAL|FIJO|200095182|1|0|1.0|INDIVIDUAL|FIJO|200095182|1|0|1.0|INDIVIDUAL|FIJO|200095182|1|0|1.0
203,INDIVIDUAL|FIJO|200092025|1|0|1.0|INDIVIDUAL|FIJO|200092025|1|0|1.0|INDIVIDUAL|FIJO|200092025|1|0|1.0|INDIVIDUAL|FIJO|200092025|1|0|1.0|INDIVIDUAL|FIJO|200092025|1|0|1.0|INDIVIDUAL|FIJO|200092025|1|0|1.0|INDIVIDUAL|FIJO|200092025|1|0|1.0|INDIVIDUAL|FIJO|200092025|1|0|1.0|INDIVIDUAL|FIJO|200092025|1|0|1.0|INDIVIDUAL|FIJO|200092025|1|0|1.0|INDIVIDUAL|FIJO|200092025|1|0|1.0|INDIVIDUAL|FIJO|200092025|1|0|1.0
204,INDIVIDUAL|FIJO|200114784|1|0|1.0|INDIVIDUAL|FIJO|200114784|1|0|1.0|INDIVIDUAL|FIJO|200114784|1|0|1.0|INDIVIDUAL|FIJO|200114784|1|0|1.0|INDIVIDUAL|FIJO|200114784|1|0|1.0|INDIVIDUAL|FIJO|200114784|1|0|1.0|INDIVIDUAL|FIJO|200114784|1|0|1.0|INDIVIDUAL|FIJO|200114784|1|0|1.0|INDIVIDUAL|FIJO|200114784|1|0|1.0|INDIVIDUAL|FIJO|200114784|1|0|1.0|INDIVIDUAL|FIJO|200114784|1|0|1.0|INDIVIDUAL|FIJO|200114784|1|0|1.0
205,INDIVIDUAL|FIJO|200111416|1|0|1.0|INDIVIDUAL|FIJO|200111416|1|0|1.0|INDIVIDUAL|FIJO|200111416|1|0|1.0|INDIVIDUAL|FIJO|200111416|1|0|1.0|INDIVIDUAL|FIJO|200111416|1|0|1.0|INDIVIDUAL|FIJO|200111416|1|0|1.0|INDIVIDUAL|FIJO|200111416|1|0|1.0|INDIVIDUAL|FIJO|200111416|1|0|1.0|INDIVIDUAL|FIJO|200111416|1|0|1.0|INDIVIDUAL|FIJO|200111416|1|0|1.0|INDIVIDUAL|FIJO|200111416|1|0|1.0|INDIVIDUAL|FIJO|200111416|1|0|1.0
206,INDIVIDUAL|FIJO|200107324|1|0|1.0|INDIVIDUAL|FIJO|200107324|1|0|1.0|INDIVIDUAL|FIJO|200107324|1|0|1.0|INDIVIDUAL|FIJO|200107324|1|0|1.0|INDIVIDUAL|FIJO|200107324|1|0|1.0|INDIVIDUAL|FIJO|200107324|1|0|1.0|INDIVIDUAL|FIJO|200107324|1|0|1.0|INDIVIDUAL|FIJO|200107324|1|0|1.0|INDIVIDUAL|FIJO|200107324|1|0|1.0|INDIVIDUAL|FIJO|200107324|1|0|1.0|INDIVIDUAL|FIJO|200107324|1|0|1.0|INDIVIDUAL|FIJO|200107324|1|0|1.0
207,INDIVIDUAL|FIJO|200106488|1|0|1.0|INDIVIDUAL|FIJO|200106488|1|0|1.0|INDIVIDUAL|FIJO|200106488|1|0|1.0|INDIVIDUAL|FIJO|200106488|1|0|1.0|INDIVIDUAL|FIJO|200106488|1|0|1.0|INDIVIDUAL|FIJO|200106488|1|0|1.0|INDIVIDUAL|FIJO|200106488|1|0|1.0|INDIVIDUAL|FIJO|200106488|1|0|1.0|INDIVIDUAL|FIJO|200106488|1|0|1.0|INDIVIDUAL|FIJO|200106488|1|0|1.0|INDIVIDUAL|FIJO|200106488|1|0|1.0|INDIVIDUAL|FIJO|200106488|1|0|1.0
208,INDIVIDUAL|FIJO|200107337|1|0|1.0|INDIVIDUAL|FIJO|200107337|1|0|1.0|INDIVIDUAL|FIJO|200107337|1|0|1.0|INDIVIDUAL|FIJO|200107337|1|0|1.0|INDIVIDUAL|FIJO|200107337|1|0|1.0|INDIVIDUAL|FIJO|200107337|1|0|1.0|INDIVIDUAL|FIJO|200107337|1|0|1.0|INDIVIDUAL|FIJO|200107337|1|0|1.0|INDIVIDUAL|FIJO|200107337|1|0|1.0|INDIVIDUAL|FIJO|200107337|1|0|1.0|INDIVIDUAL|FIJO|200107337|1|0|1.0|INDIVIDUAL|FIJO|200107337|1|0|1.0
209,INDIVIDUAL|FIJO|200116963|1|0|1.0|INDIVIDUAL|FIJO|200116963|1|0|1.0|INDIVIDUAL|FIJO|200116963|1|0|1.0|INDIVIDUAL|FIJO|200116963|1|0|1.0|INDIVIDUAL|FIJO|200116963|1|0|1.0|INDIVIDUAL|FIJO|200116963|1|0|1.0|INDIVIDUAL|FIJO|200116963|1|0|1.0|INDIVIDUAL|FIJO|200116963|1|0|1.0|INDIVIDUAL|FIJO|200116963|1|0|1.0|INDIVIDUAL|FIJO|200116963|1|0|1.0|INDIVIDUAL|FIJO|200116963|1|0|1.0|INDIVIDUAL|FIJO|200116963|1|0|1.0
210,INDIVIDUAL|FIJO|200105035|1|0|1.0|INDIVIDUAL|FIJO|200105035|1|0|1.0|INDIVIDUAL|FIJO|200105035|1|0|1.0|INDIVIDUAL|FIJO|200105035|1|0|1.0|INDIVIDUAL|FIJO|200105035|1|0|1.0|INDIVIDUAL|FIJO|200105035|1|0|1.0|INDIVIDUAL|FIJO|200105035|1|0|1.0|INDIVIDUAL|FIJO|200105035|1|0|1.0|INDIVIDUAL|FIJO|200105035|1|0|1.0|INDIVIDUAL|FIJO|200105035|1|0|1.0|INDIVIDUAL|FIJO|200105035|1|0|1.0|INDIVIDUAL|FIJO|200105035|1|0|1.0
211,INDIVIDUAL|FIJO|200105034|1|0|1.0|INDIVIDUAL|FIJO|200105034|1|0|1.0|INDIVIDUAL|FIJO|200105034|1|0|1.0|INDIVIDUAL|FIJO|200105034|1|0|1.0|INDIVIDUAL|FIJO|200105034|1|0|1.0|INDIVIDUAL|FIJO|200105034|1|0|1.0|INDIVIDUAL|FIJO|200105034|1|0|1.0|INDIVIDUAL|FIJO|200105034|1|0|1.0|INDIVIDUAL|FIJO|200105034|1|0|1.0|INDIVIDUAL|FIJO|200105034|1|0|1.0|INDIVIDUAL|FIJO|200105034|1|0|1.0|INDIVIDUAL|FIJO|200105034|1|0|1.0
212,INDIVIDUAL|FIJO|200097894|1|0|1.0|INDIVIDUAL|FIJO|200097894|1|0|1.0|INDIVIDUAL|FIJO|200097894|1|0|1.0|INDIVIDUAL|FIJO|200097894|1|0|1.0|INDIVIDUAL|FIJO|200097894|1|0|1.0|INDIVIDUAL|FIJO|200097894|1|0|1.0|INDIVIDUAL|FIJO|200097894|1|0|1.0|INDIVIDUAL|FIJO|200097894|1|0|1.0|INDIVIDUAL|FIJO|200097894|1|0|1.0|INDIVIDUAL|FIJO|200097894|1|0|1.0|INDIVIDUAL|FIJO|200097894|1|0|1.0|INDIVIDUAL|FIJO|200097894|1|0|1.0
213,INDIVIDUAL|FIJO|200097895|1|0|1.0|INDIVIDUAL|FIJO|200097895|1|0|1.0|INDIVIDUAL|FIJO|200097895|1|0|1.0|INDIVIDUAL|FIJO|200097895|1|0|1.0|INDIVIDUAL|FIJO|200097895|1|0|1.0|INDIVIDUAL|FIJO|200097895|1|0|1.0|INDIVIDUAL|FIJO|200097895|1|0|1.0|INDIVIDUAL|FIJO|200097895|1|0|1.0|INDIVIDUAL|FIJO|200097895|1|0|1.0|INDIVIDUAL|FIJO|200097895|1|0|1.0|INDIVIDUAL|FIJO|200097895|1|0|1.0|INDIVIDUAL|FIJO|200097895|1|0|1.0
214,INDIVIDUAL|FIJO|200105033|1|0|1.0|INDIVIDUAL|FIJO|200105033|1|0|1.0|INDIVIDUAL|FIJO|200105033|1|0|1.0|INDIVIDUAL|FIJO|200105033|1|0|1.0|INDIVIDUAL|FIJO|200105033|1|0|1.0|INDIVIDUAL|FIJO|200105033|1|0|1.0|INDIVIDUAL|FIJO|200105033|1|0|1.0|INDIVIDUAL|FIJO|200105033|1|0|1.0|INDIVIDUAL|FIJO|200105033|1|0|1.0|INDIVIDUAL|FIJO|200105033|1|0|1.0|INDIVIDUAL|FIJO|200105033|1|0|1.0|INDIVIDUAL|FIJO|200105033|1|0|1.0
215,INDIVIDUAL|FIJO|200100855|1|0|1.0|INDIVIDUAL|FIJO|200100855|1|0|1.0|INDIVIDUAL|FIJO|200100855|1|0|1.0|INDIVIDUAL|FIJO|200100855|1|0|1.0|INDIVIDUAL|FIJO|200100855|1|0|1.0|INDIVIDUAL|FIJO|200100855|1|0|1.0|INDIVIDUAL|FIJO|200100855|1|0|1.0|INDIVIDUAL|FIJO|200100855|1|0|1.0|INDIVIDUAL|FIJO|200100855|1|0|1.0|INDIVIDUAL|FIJO|200100855|1|0|1.0|INDIVIDUAL|FIJO|200100855|1|0|1.0
216,INDIVIDUAL|FIJO|200099083|1|0|1.0|INDIVIDUAL|FIJO|200099083|1|0|1.0|INDIVIDUAL|FIJO|200099083|1|0|1.0|INDIVIDUAL|FIJO|200099083|1|0|1.0|INDIVIDUAL|FIJO|200099083|1|0|1.0|INDIVIDUAL|FIJO|200099083|1|0|1.0|INDIVIDUAL|FIJO|200099083|1|0|1.0|INDIVIDUAL|FIJO|200099083|1|0|1.0|INDIVIDUAL|FIJO|200099083|1|0|1.0|INDIVIDUAL|FIJO|200099083|1|0|1.0|INDIVIDUAL|FIJO|200099083|1|0|1.0
217,INDIVIDUAL|FIJO|200060612|1|0|1.0|INDIVIDUAL|FIJO|200060612|1|0|1.0|INDIVIDUAL|FIJO|200060612|1|0|1.0|INDIVIDUAL|FIJO|200060612|1|0|1.0|INDIVIDUAL|FIJO|200060612|1|0|1.0|INDIVIDUAL|FIJO|200060612|1|0|1.0|INDIVIDUAL|FIJO|200060612|1|0|1.0|INDIVIDUAL|FIJO|200060612|1|0|1.0|INDIVIDUAL|FIJO|200060612|1|0|1.0|INDIVIDUAL|FIJO|200060612|1|0|1.0|INDIVIDUAL|FIJO|200060612|1|0|1.0|INDIVIDUAL|FIJO|200060612|1|0|1.0
218,INDIVIDUAL|FIJO|200067292|1|0|1.0|INDIVIDUAL|FIJO|200067292|1|0|1.0|INDIVIDUAL|FIJO|200067292|1|0|1.0|INDIVIDUAL|FIJO|200067292|1|0|1.0|INDIVIDUAL|FIJO|200067292|1|0|1.0|INDIVIDUAL|FIJO|200067292|1|0|1.0|INDIVIDUAL|FIJO|200067292|1|0|1.0|INDIVIDUAL|FIJO|200067292|1|0|1.0|INDIVIDUAL|FIJO|200067292|1|0|1.0|INDIVIDUAL|FIJO|200067292|1|0|1.0|INDIVIDUAL|FIJO|200067292|1|0|1.0
219,INDIVIDUAL|FIJO|200095669|1|0|1.0|INDIVIDUAL|FIJO|200095669|1|0|1.0|INDIVIDUAL|FIJO|200095669|1|0|1.0|INDIVIDUAL|FIJO|200095669|1|0|1.0|INDIVIDUAL|FIJO|200095669|1|0|1.0|INDIVIDUAL|FIJO|200095669|1|0|1.0|INDIVIDUAL|FIJO|200095669|1|0|1.0|INDIVIDUAL|FIJO|200095669|1|0|1.0|INDIVIDUAL|FIJO|200095669|1|0|1.0|INDIVIDUAL|FIJO|200095669|1|0|1.0|INDIVIDUAL|FIJO|200095669|1|0|1.0
220,INDIVIDUAL|FIJO|210047499|1|0|1.0|INDIVIDUAL|FIJO|210047499|1|0|1.0|INDIVIDUAL|FIJO|210047499|1|0|1.0|INDIVIDUAL|FIJO|210047499|1|0|1.0|INDIVIDUAL|FIJO|210047499|1|0|1.0|INDIVIDUAL|FIJO|210047499|1|0|1.0|INDIVIDUAL|FIJO|210047499|1|0|1.0|INDIVIDUAL|FIJO|210047499|1|0|1.0|INDIVIDUAL|FIJO|210047499|1|0|1.0|INDIVIDUAL|FIJO|210047499|1|0|1.0|INDIVIDUAL|FIJO|210047499|1|0|1.0|INDIVIDUAL|FIJO|210047499|1|0|1.0
221,INDIVIDUAL|FIJO|200099582|1|0|1.0|INDIVIDUAL|FIJO|200099582|1|0|1.0|INDIVIDUAL|FIJO|200099582|1|0|1.0|INDIVIDUAL|FIJO|200099582|1|0|1.0|INDIVIDUAL|FIJO|200099582|1|0|1.0|INDIVIDUAL|FIJO|200099582|1|0|1.0|INDIVIDUAL|FIJO|200099582|1|0|1.0|INDIVIDUAL|FIJO|200099582|1|0|1.0|INDIVIDUAL|FIJO|200099582|1|0|1.0|INDIVIDUAL|FIJO|200099582|1|0|1.0|INDIVIDUAL|FIJO|200099582|1|0|1.0
222,INDIVIDUAL|FIJO|200067317|1|0|1.0|INDIVIDUAL|FIJO|200067317|1|0|1.0|INDIVIDUAL|FIJO|200067317|1|0|1.0|INDIVIDUAL|FIJO|200067317|1|0|1.0|INDIVIDUAL|FIJO|200067317|1|0|1.0|INDIVIDUAL|FIJO|200067317|1|0|1.0|INDIVIDUAL|FIJO|200067317|1|0|1.0|INDIVIDUAL|FIJO|200067317|1|0|1.0|INDIVIDUAL|FIJO|200067317|1|0|1.0|INDIVIDUAL|FIJO|200067317|1|0|1.0|INDIVIDUAL|FIJO|200067317|1|0|1.0
223,INDIVIDUAL|FIJO|210047500|1|0|1.0|INDIVIDUAL|FIJO|210047500|1|0|1.0|INDIVIDUAL|FIJO|210047500|1|0|1.0|INDIVIDUAL|FIJO|210047500|1|0|1.0|INDIVIDUAL|FIJO|210047500|1|0|1.0|INDIVIDUAL|FIJO|210047500|1|0|1.0|INDIVIDUAL|FIJO|210047500|1|0|1.0|INDIVIDUAL|FIJO|210047500|1|0|1.0|INDIVIDUAL|FIJO|210047500|1|0|1.0|INDIVIDUAL|FIJO|210047500|1|0|1.0|INDIVIDUAL|FIJO|210047500|1|0|1.0|INDIVIDUAL|FIJO|210047500|1|0|1.0
224,INDIVIDUAL|FIJO|210059944|1|0|1.0|INDIVIDUAL|FIJO|210059944|1|0|1.0|INDIVIDUAL|FIJO|210059944|1|0|1.0|INDIVIDUAL|FIJO|210059944|1|0|1.0|INDIVIDUAL|FIJO|210059944|1|0|1.0|INDIVIDUAL|FIJO|210059944|1|0|1.0|INDIVIDUAL|FIJO|210059944|1|0|1.0|INDIVIDUAL|FIJO|210059944|1|0|1.0|INDIVIDUAL|FIJO|210059944|1|0|1.0|INDIVIDUAL|FIJO|210059944|1|0|1.0|INDIVIDUAL|FIJO|210059944|1|0|1.0|INDIVIDUAL|FIJO|210059944|1|0|1.0
225,INDIVIDUAL|FIJO|200095922|1|0|1.0|INDIVIDUAL|FIJO|200095922|1|0|1.0|INDIVIDUAL|FIJO|200095922|1|0|1.0|INDIVIDUAL|FIJO|200095922|1|0|1.0|INDIVIDUAL|FIJO|200095922|1|0|1.0|INDIVIDUAL|FIJO|200095922|1|0|1.0|INDIVIDUAL|FIJO|200095922|1|0|1.0|INDIVIDUAL|FIJO|200095922|1|0|1.0|INDIVIDUAL|FIJO|200095922|1|0|1.0|INDIVIDUAL|FIJO|200095922|1|0|1.0|INDIVIDUAL|FIJO|200095922|1|0|1.0
226,INDIVIDUAL|FIJO|200108908|1|0|1.0|INDIVIDUAL|FIJO|200108908|1|0|1.0|INDIVIDUAL|FIJO|200108908|1|0|1.0|INDIVIDUAL|FIJO|200108908|1|0|1.0|INDIVIDUAL|FIJO|200108908|1|0|1.0|INDIVIDUAL|FIJO|200108908|1|0|1.0|INDIVIDUAL|FIJO|200108908|1|0|1.0|INDIVIDUAL|FIJO|200108908|1|0|1.0|INDIVIDUAL|FIJO|200108908|1|0|1.0|INDIVIDUAL|FIJO|200108908|1|0|1.0|INDIVIDUAL|FIJO|200108908|1|0|1.0|INDIVIDUAL|FIJO|200108908|1|0|1.0
227,INDIVIDUAL|FIJO|210097537|1|0|1.0|INDIVIDUAL|FIJO|210097537|1|0|1.0|INDIVIDUAL|FIJO|210097537|1|0|1.0|INDIVIDUAL|FIJO|210097537|1|0|1.0|INDIVIDUAL|FIJO|210097537|1|0|1.0|INDIVIDUAL|FIJO|210097537|1|0|1.0|INDIVIDUAL|FIJO|210097537|1|0|1.0|INDIVIDUAL|FIJO|210097537|1|0|1.0|INDIVIDUAL|FIJO|210097537|1|0|1.0|INDIVIDUAL|FIJO|210097537|1|0|1.0|INDIVIDUAL|FIJO|210097537|1|0|1.0
228,INDIVIDUAL|FIJO|210097536|1|0|1.0|INDIVIDUAL|FIJO|210097536|1|0|1.0|INDIVIDUAL|FIJO|210097536|1|0|1.0|INDIVIDUAL|FIJO|210097536|1|0|1.0|INDIVIDUAL|FIJO|210097536|1|0|1.0|INDIVIDUAL|FIJO|210097536|1|0|1.0|INDIVIDUAL|FIJO|210097536|1|0|1.0|INDIVIDUAL|FIJO|210097536|1|0|1.0|INDIVIDUAL|FIJO|210097536|1|0|1.0|INDIVIDUAL|FIJO|210097536|1|0|1.0|INDIVIDUAL|FIJO|210097536|1|0|1.0
229,INDIVIDUAL|FIJO|200114148|1|0|1.0|INDIVIDUAL|FIJO|200114148|1|0|1.0|INDIVIDUAL|FIJO|200114148|1|0|1.0|INDIVIDUAL|FIJO|200114148|1|0|1.0|INDIVIDUAL|FIJO|200114148|1|0|1.0|INDIVIDUAL|FIJO|200114148|1|0|1.0|INDIVIDUAL|FIJO|200114148|1|0|1.0|INDIVIDUAL|FIJO|200114148|1|0|1.0|INDIVIDUAL|FIJO|200114148|1|0|1.0|INDIVIDUAL|FIJO|200114148|1|0|1.0|INDIVIDUAL|FIJO|200114148|1|0|1.0
230,INDIVIDUAL|FIJO|200114150|1|0|1.0|INDIVIDUAL|FIJO|200114150|1|0|1.0|INDIVIDUAL|FIJO|200114150|1|0|1.0|INDIVIDUAL|FIJO|200114150|1|0|1.0|INDIVIDUAL|FIJO|200114150|1|0|1.0|INDIVIDUAL|FIJO|200114150|1|0|1.0|INDIVIDUAL|FIJO|200114150|1|0|1.0|INDIVIDUAL|FIJO|200114150|1|0|1.0|INDIVIDUAL|FIJO|200114150|1|0|1.0|INDIVIDUAL|FIJO|200114150|1|0|1.0|INDIVIDUAL|FIJO|200114150|1|0|1.0
231,INDIVIDUAL|FIJO|200111391|1|0|1.0|INDIVIDUAL|FIJO|200111391|1|0|1.0|INDIVIDUAL|FIJO|200111391|1|0|1.0|INDIVIDUAL|FIJO|200111391|1|0|1.0|INDIVIDUAL|FIJO|200111391|1|0|1.0|INDIVIDUAL|FIJO|200111391|1|0|1.0|INDIVIDUAL|FIJO|200111391|1|0|1.0|INDIVIDUAL|FIJO|200111391|1|0|1.0|INDIVIDUAL|FIJO|200111391|1|0|1.0|INDIVIDUAL|FIJO|200111391|1|0|1.0|INDIVIDUAL|FIJO|200111391|1|0|1.0|INDIVIDUAL|FIJO|200111391|1|0|1.0
232,INDIVIDUAL|FIJO|200115254|1|0|1.0|INDIVIDUAL|FIJO|200115254|1|0|1.0|INDIVIDUAL|FIJO|200115254|1|0|1.0|INDIVIDUAL|FIJO|200115254|1|0|1.0|INDIVIDUAL|FIJO|200115254|1|0|1.0|INDIVIDUAL|FIJO|200115254|1|0|1.0|INDIVIDUAL|FIJO|200115254|1|0|1.0|INDIVIDUAL|FIJO|200115254|1|0|1.0|INDIVIDUAL|FIJO|200115254|1|0|1.0|INDIVIDUAL|FIJO|200115254|1|0|1.0|INDIVIDUAL|FIJO|200115254|1|0|1.0|INDIVIDUAL|FIJO|200115254|1|0|1.0
233,INDIVIDUAL|FIJO|200114529|1|0|1.0|INDIVIDUAL|FIJO|200114529|1|0|1.0|INDIVIDUAL|FIJO|200114529|1|0|1.0|INDIVIDUAL|FIJO|200114529|1|0|1.0|INDIVIDUAL|FIJO|200114529|1|0|1.0|INDIVIDUAL|FIJO|200114529|1|0|1.0|INDIVIDUAL|FIJO|200114529|1|0|1.0|INDIVIDUAL|FIJO|200114529|1|0|1.0|INDIVIDUAL|FIJO|200114529|1|0|1.0|INDIVIDUAL|FIJO|200114529|1|0|1.0|INDIVIDUAL|FIJO|200114529|1|0|1.0|INDIVIDUAL|FIJO|200114529|1|0|1.0
234,INDIVIDUAL|FIJO|200111393|1|0|1.0|INDIVIDUAL|FIJO|200111393|1|0|1.0|INDIVIDUAL|FIJO|200111393|1|0|1.0|INDIVIDUAL|FIJO|200111393|1|0|1.0|INDIVIDUAL|FIJO|200111393|1|0|1.0|INDIVIDUAL|FIJO|200111393|1|0|1.0|INDIVIDUAL|FIJO|200111393|1|0|1.0|INDIVIDUAL|FIJO|200111393|1|0|1.0|INDIVIDUAL|FIJO|200111393|1|0|1.0|INDIVIDUAL|FIJO|200111393|1|0|1.0|INDIVIDUAL|FIJO|200111393|1|0|1.0|INDIVIDUAL|FIJO|200111393|1|0|1.0
235,INDIVIDUAL|FIJO|200111412|1|0|1.0|INDIVIDUAL|FIJO|200111412|1|0|1.0|INDIVIDUAL|FIJO|200111412|1|0|1.0|INDIVIDUAL|FIJO|200111412|1|0|1.0|INDIVIDUAL|FIJO|200111412|1|0|1.0|INDIVIDUAL|FIJO|200111412|1|0|1.0|INDIVIDUAL|FIJO|200111412|1|0|1.0|INDIVIDUAL|FIJO|200111412|1|0|1.0|INDIVIDUAL|FIJO|200111412|1|0|1.0|INDIVIDUAL|FIJO|200111412|1|0|1.0|INDIVIDUAL|FIJO|200111412|1|0|1.0|INDIVIDUAL|FIJO|200111412|1|0|1.0
266,INDIVIDUAL|FIJO|200114911|1|0|1.0|INDIVIDUAL|FIJO|200114911|1|0|1.0|INDIVIDUAL|FIJO|200114911|1|0|1.0|INDIVIDUAL|FIJO|200114911|1|0|1.0|INDIVIDUAL|FIJO|200114911|1|0|1.0|INDIVIDUAL|FIJO|200114911|1|0|1.0|INDIVIDUAL|FIJO|200114911|1|0|1.0|INDIVIDUAL|FIJO|200114911|1|0|1.0|INDIVIDUAL|FIJO|200114911|1|0|1.0|INDIVIDUAL|FIJO|200114911|1|0|1.0|INDIVIDUAL|FIJO|200114911|1|0|1.0|INDIVIDUAL|FIJO|200114911|1|0|1.0
267,INDIVIDUAL|FIJO|200117130|1|0|1.0|INDIVIDUAL|FIJO|200117130|1|0|1.0|INDIVIDUAL|FIJO|200117130|1|0|1.0|INDIVIDUAL|FIJO|200117130|1|0|1.0|INDIVIDUAL|FIJO|200117130|1|0|1.0|INDIVIDUAL|FIJO|200117130|1|0|1.0|INDIVIDUAL|FIJO|200117130|1|0|1.0|INDIVIDUAL|FIJO|200117130|1|0|1.0|INDIVIDUAL|FIJO|200117130|1|0|1.0|INDIVIDUAL|FIJO|200117130|1|0|1.0|INDIVIDUAL|FIJO|200117130|1|0|1.0|INDIVIDUAL|FIJO|200117130|1|0|1.0
268,INDIVIDUAL|FIJO|200109873|1|0|1.0|INDIVIDUAL|FIJO|200109873|1|0|1.0|INDIVIDUAL|FIJO|200109873|1|0|1.0|INDIVIDUAL|FIJO|200109873|1|0|1.0|INDIVIDUAL|FIJO|200109873|1|0|1.0|INDIVIDUAL|FIJO|200109873|1|0|1.0|INDIVIDUAL|FIJO|200109873|1|0|1.0|INDIVIDUAL|FIJO|200109873|1|0|1.0|INDIVIDUAL|FIJO|200109873|1|0|1.0|INDIVIDUAL|FIJO|200109873|1|0|1.0|INDIVIDUAL|FIJO|200109873|1|0|1.0|INDIVIDUAL|FIJO|200109873|1|0|1.0
269,INDIVIDUAL|FIJO|200041665|1|0|1.0|INDIVIDUAL|FIJO|200041665|1|0|1.0|INDIVIDUAL|FIJO|200041665|1|0|1.0|INDIVIDUAL|FIJO|200041665|1|0|1.0|INDIVIDUAL|FIJO|200041665|1|0|1.0|INDIVIDUAL|FIJO|200041665|1|0|1.0|INDIVIDUAL|FIJO|200041665|1|0|1.0|INDIVIDUAL|FIJO|200041665|1|0|1.0|INDIVIDUAL|FIJO|200041665|1|0|1.0|INDIVIDUAL|FIJO|200041665|1|0|1.0|INDIVIDUAL|FIJO|200041665|1|0|1.0|INDIVIDUAL|FIJO|200041665|1|0|1.0
270,INDIVIDUAL|FIJO|200041664|1|0|1.0|INDIVIDUAL|FIJO|200041664|1|0|1.0|INDIVIDUAL|FIJO|200041664|1|0|1.0|INDIVIDUAL|FIJO|200041664|1|0|1.0|INDIVIDUAL|FIJO|200041664|1|0|1.0|INDIVIDUAL|FIJO|200041664|1|0|1.0|INDIVIDUAL|FIJO|200041664|1|0|1.0|INDIVIDUAL|FIJO|200041664|1|0|1.0|INDIVIDUAL|FIJO|200041664|1|0|1.0|INDIVIDUAL|FIJO|200041664|1|0|1.0|INDIVIDUAL|FIJO|200041664|1|0|1.0|INDIVIDUAL|FIJO|200041664|1|0|1.0
271,INDIVIDUAL|FIJO|200039855|1|0|1.0|INDIVIDUAL|FIJO|200039855|1|0|1.0|INDIVIDUAL|FIJO|200039855|1|0|1.0|INDIVIDUAL|FIJO|200039855|1|0|1.0|INDIVIDUAL|FIJO|200039855|1|0|1.0|INDIVIDUAL|FIJO|200039855|1|0|1.0|INDIVIDUAL|FIJO|200039855|1|0|1.0|INDIVIDUAL|FIJO|200039855|1|0|1.0|INDIVIDUAL|FIJO|200039855|1|0|1.0|INDIVIDUAL|FIJO|200039855|1|0|1.0|INDIVIDUAL|FIJO|200039855|1|0|1.0|INDIVIDUAL|FIJO|200039855|1|0|1.0|INDIVIDUAL|FIJO|200039855|1|0|1.0
272,INDIVIDUAL|FIJO|200086172|1|0|1.0|INDIVIDUAL|FIJO|200086172|1|0|1.0|INDIVIDUAL|FIJO|200086172|1|0|1.0|INDIVIDUAL|FIJO|200086172|1|0|1.0|INDIVIDUAL|FIJO|200086172|1|0|1.0|INDIVIDUAL|FIJO|200086172|1|0|1.0|INDIVIDUAL|FIJO|200086172|1|0|1.0|INDIVIDUAL|FIJO|200086172|1|0|1.0|INDIVIDUAL|FIJO|200086172|1|0|1.0|INDIVIDUAL|FIJO|200086172|1|0|1.0|INDIVIDUAL|FIJO|200086172|1|0|1.0|INDIVIDUAL|FIJO|200086172|1|0|1.0|INDIVIDUAL|FIJO|200086172|1|0|1.0
273,INDIVIDUAL|FIJO|200060760|1|0|1.0|INDIVIDUAL|FIJO|200060760|1|0|1.0|INDIVIDUAL|FIJO|200060760|1|0|1.0|INDIVIDUAL|FIJO|200060760|1|0|1.0|INDIVIDUAL|FIJO|200060760|1|0|1.0|INDIVIDUAL|FIJO|200060760|1|0|1.0|INDIVIDUAL|FIJO|200060760|1|0|1.0|INDIVIDUAL|FIJO|200060760|1|0|1.0|INDIVIDUAL|FIJO|200060760|1|0|1.0|INDIVIDUAL|FIJO|200060760|1|0|1.0|INDIVIDUAL|FIJO|200060760|1|0|1.0|INDIVIDUAL|FIJO|200060760|1|0|1.0|INDIVIDUAL|FIJO|200060760|1|0|1.0|INDIVIDUAL|FIJO|200060760|1|0|1.0
274,INDIVIDUAL|FIJO|200111162|1|0|1.0|INDIVIDUAL|FIJO|200111162|1|0|1.0|INDIVIDUAL|FIJO|200111162|1|0|1.0|INDIVIDUAL|FIJO|200111162|1|0|1.0|INDIVIDUAL|FIJO|200111162|1|0|1.0|INDIVIDUAL|FIJO|200111162|1|0|1.0|INDIVIDUAL|FIJO|200111162|1|0|1.0|INDIVIDUAL|FIJO|200111162|1|0|1.0|INDIVIDUAL|FIJO|200111162|1|0|1.0|INDIVIDUAL|FIJO|200111162|1|0|1.0|INDIVIDUAL|FIJO|200111162|1|0|1.0|INDIVIDUAL|FIJO|200111162|1|0|1.0
275,INDIVIDUAL|FIJO|200106360|1|0|1.0|INDIVIDUAL|FIJO|200106360|1|0|1.0|INDIVIDUAL|FIJO|200106360|1|0|1.0|INDIVIDUAL|FIJO|200106360|1|0|1.0|INDIVIDUAL|FIJO|200106360|1|0|1.0|INDIVIDUAL|FIJO|200106360|1|0|1.0|INDIVIDUAL|FIJO|200106360|1|0|1.0|INDIVIDUAL|FIJO|200106360|1|0|1.0|INDIVIDUAL|FIJO|200106360|1|0|1.0|INDIVIDUAL|FIJO|200106360|1|0|1.0|INDIVIDUAL|FIJO|200106360|1|0|1.0|INDIVIDUAL|FIJO|200106360|1|0|1.0
276,INDIVIDUAL|FIJO|200115540|1|0|1.0|INDIVIDUAL|FIJO|200115540|1|0|1.0|INDIVIDUAL|FIJO|200115540|1|0|1.0|INDIVIDUAL|FIJO|200115540|1|0|1.0|INDIVIDUAL|FIJO|200115540|1|0|1.0|INDIVIDUAL|FIJO|200115540|1|0|1.0|INDIVIDUAL|FIJO|200115540|1|0|1.0|INDIVIDUAL|FIJO|200115540|1|0|1.0|INDIVIDUAL|FIJO|200115540|1|0|1.0|INDIVIDUAL|FIJO|200115540|1|0|1.0|INDIVIDUAL|FIJO|200115540|1|0|1.0|INDIVIDUAL|FIJO|200115540|1|0|1.0
277,INDIVIDUAL|FIJO|200088457|1|0|1.0|INDIVIDUAL|FIJO|200088457|1|0|1.0|INDIVIDUAL|FIJO|200088457|1|0|1.0|INDIVIDUAL|FIJO|200088457|1|0|1.0|INDIVIDUAL|FIJO|200088457|1|0|1.0|INDIVIDUAL|FIJO|200088457|1|0|1.0|INDIVIDUAL|FIJO|200088457|1|0|1.0|INDIVIDUAL|FIJO|200088457|1|0|1.0|INDIVIDUAL|FIJO|200088457|1|0|1.0|INDIVIDUAL|FIJO|200088457|1|0|1.0|INDIVIDUAL|FIJO|200088457|1|0|1.0|INDIVIDUAL|FIJO|200088457|1|0|1.0
278,INDIVIDUAL|FIJO|200082481|1|0|1.0|INDIVIDUAL|FIJO|200082481|1|0|1.0|INDIVIDUAL|FIJO|200082481|1|0|1.0|INDIVIDUAL|FIJO|200082481|1|0|1.0|INDIVIDUAL|FIJO|200082481|1|0|1.0|INDIVIDUAL|FIJO|200082481|1|0|1.0|INDIVIDUAL|FIJO|200082481|1|0|1.0|INDIVIDUAL|FIJO|200082481|1|0|1.0|INDIVIDUAL|FIJO|200082481|1|0|1.0|INDIVIDUAL|FIJO|200082481|1|0|1.0|INDIVIDUAL|FIJO|200082481|1|0|1.0|INDIVIDUAL|FIJO|200082481|1|0|1.0|INDIVIDUAL|FIJO|200082481|1|0|1.0|INDIVIDUAL|FIJO|200082481|1|0|1.0
279,INDIVIDUAL|FIJO|200091709|1|0|1.0|INDIVIDUAL|FIJO|200091709|1|0|1.0|INDIVIDUAL|FIJO|200091709|1|0|1.0|INDIVIDUAL|FIJO|200091709|1|0|1.0|INDIVIDUAL|FIJO|200091709|1|0|1.0|INDIVIDUAL|FIJO|200091709|1|0|1.0|INDIVIDUAL|FIJO|200091709|1|0|1.0|INDIVIDUAL|FIJO|200091709|1|0|1.0|INDIVIDUAL|FIJO|200091709|1|0|1.0|INDIVIDUAL|FIJO|200091709|1|0|1.0|INDIVIDUAL|FIJO|200091709|1|0|1.0|INDIVIDUAL|FIJO|200091709|1|0|1.0
280,INDIVIDUAL|FIJO|200042737|1|0|1.0|INDIVIDUAL|FIJO|200042737|1|0|1.0|INDIVIDUAL|FIJO|200042737|1|0|1.0|INDIVIDUAL|FIJO|200042737|1|0|1.0|INDIVIDUAL|FIJO|200042737|1|0|1.0|INDIVIDUAL|FIJO|200042737|1|0|1.0|INDIVIDUAL|FIJO|200042737|1|0|1.0|INDIVIDUAL|FIJO|200042737|1|0|1.0|INDIVIDUAL|FIJO|200042737|1|0|1.0|INDIVIDUAL|FIJO|200042737|1|0|1.0|INDIVIDUAL|FIJO|200042737|1|0|1.0|INDIVIDUAL|FIJO|200042737|1|0|1.0
281,INDIVIDUAL|FIJO|200116798|1|0|1.0|INDIVIDUAL|FIJO|200116798|1|0|1.0|INDIVIDUAL|FIJO|200116798|1|0|1.0|INDIVIDUAL|FIJO|200116798|1|0|1.0|INDIVIDUAL|FIJO|200116798|1|0|1.0|INDIVIDUAL|FIJO|200116798|1|0|1.0|INDIVIDUAL|FIJO|200116798|1|0|1.0|INDIVIDUAL|FIJO|200116798|1|0|1.0|INDIVIDUAL|FIJO|200116798|1|0|1.0|INDIVIDUAL|FIJO|200116798|1|0|1.0|INDIVIDUAL|FIJO|200116798|1|0|1.0|INDIVIDUAL|FIJO|200116798|1|0|1.0
282,INDIVIDUAL|FIJO|200105079|1|0|1.0|INDIVIDUAL|FIJO|200105079|1|0|1.0|INDIVIDUAL|FIJO|200105079|1|0|1.0|INDIVIDUAL|FIJO|200105079|1|0|1.0|INDIVIDUAL|FIJO|200105079|1|0|1.0|INDIVIDUAL|FIJO|200105079|1|0|1.0|INDIVIDUAL|FIJO|200105079|1|0|1.0|INDIVIDUAL|FIJO|200105079|1|0|1.0|INDIVIDUAL|FIJO|200105079|1|0|1.0|INDIVIDUAL|FIJO|200105079|1|0|1.0|INDIVIDUAL|FIJO|200105079|1|0|1.0|INDIVIDUAL|FIJO|200105079|1|0|1.0
283,INDIVIDUAL|FIJO|200114933|1|0|1.0|INDIVIDUAL|FIJO|200114933|1|0|1.0|INDIVIDUAL|FIJO|200114933|1|0|1.0|INDIVIDUAL|FIJO|200114933|1|0|1.0|INDIVIDUAL|FIJO|200114933|1|0|1.0|INDIVIDUAL|FIJO|200114933|1|0|1.0|INDIVIDUAL|FIJO|200114933|1|0|1.0|INDIVIDUAL|FIJO|200114933|1|0|1.0|INDIVIDUAL|FIJO|200114933|1|0|1.0|INDIVIDUAL|FIJO|200114933|1|0|1.0|INDIVIDUAL|FIJO|200114933|1|0|1.0|INDIVIDUAL|FIJO|200114933|1|0|1.0
284,INDIVIDUAL|FIJO|200113639|1|0|1.0|INDIVIDUAL|FIJO|200113639|1|0|1.0|INDIVIDUAL|FIJO|200113639|1|0|1.0|INDIVIDUAL|FIJO|200113639|1|0|1.0|INDIVIDUAL|FIJO|200113639|1|0|1.0|INDIVIDUAL|FIJO|200113639|1|0|1.0|INDIVIDUAL|FIJO|200113639|1|0|1.0|INDIVIDUAL|FIJO|200113639|1|0|1.0|INDIVIDUAL|FIJO|200113639|1|0|1.0|INDIVIDUAL|FIJO|200113639|1|0|1.0|INDIVIDUAL|FIJO|200113639|1|0|1.0|INDIVIDUAL|FIJO|200113639|1|0|1.0
285,INDIVIDUAL|FIJO|200114935|1|0|1.0|INDIVIDUAL|FIJO|200114935|1|0|1.0|INDIVIDUAL|FIJO|200114935|1|0|1.0|INDIVIDUAL|FIJO|200114935|1|0|1.0|INDIVIDUAL|FIJO|200114935|1|0|1.0|INDIVIDUAL|FIJO|200114935|1|0|1.0|INDIVIDUAL|FIJO|200114935|1|0|1.0|INDIVIDUAL|FIJO|200114935|1|0|1.0|INDIVIDUAL|FIJO|200114935|1|0|1.0|INDIVIDUAL|FIJO|200114935|1|0|1.0|INDIVIDUAL|FIJO|200114935|1|0|1.0|INDIVIDUAL|FIJO|200114935|1|0|1.0
286,INDIVIDUAL|FIJO|200109872|1|0|1.0|INDIVIDUAL|FIJO|200109872|1|0|1.0|INDIVIDUAL|FIJO|200109872|1|0|1.0|INDIVIDUAL|FIJO|200109872|1|0|1.0|INDIVIDUAL|FIJO|200109872|1|0|1.0|INDIVIDUAL|FIJO|200109872|1|0|1.0|INDIVIDUAL|FIJO|200109872|1|0|1.0|INDIVIDUAL|FIJO|200109872|1|0|1.0|INDIVIDUAL|FIJO|200109872|1|0|1.0|INDIVIDUAL|FIJO|200109872|1|0|1.0|INDIVIDUAL|FIJO|200109872|1|0|1.0|INDIVIDUAL|FIJO|200109872|1|0|1.0
287,INDIVIDUAL|FIJO|200044012|1|0|1.0|INDIVIDUAL|FIJO|200044012|1|0|1.0|INDIVIDUAL|FIJO|200044012|1|0|1.0|INDIVIDUAL|FIJO|200044012|1|0|1.0|INDIVIDUAL|FIJO|200044012|1|0|1.0|INDIVIDUAL|FIJO|200044012|1|0|1.0|INDIVIDUAL|FIJO|200044012|1|0|1.0|INDIVIDUAL|FIJO|200044012|1|0|1.0|INDIVIDUAL|FIJO|200044012|1|0|1.0|INDIVIDUAL|FIJO|200044012|1|0|1.0|INDIVIDUAL|FIJO|200044012|1|0|1.0|INDIVIDUAL|FIJO|200044012|1|0|1.0
288,INDIVIDUAL|FIJO|200115809|1|0|1.0|INDIVIDUAL|FIJO|200115809|1|0|1.0|INDIVIDUAL|FIJO|200115809|1|0|1.0|INDIVIDUAL|FIJO|200115809|1|0|1.0|INDIVIDUAL|FIJO|200115809|1|0|1.0|INDIVIDUAL|FIJO|200115809|1|0|1.0|INDIVIDUAL|FIJO|200115809|1|0|1.0|INDIVIDUAL|FIJO|200115809|1|0|1.0|INDIVIDUAL|FIJO|200115809|1|0|1.0|INDIVIDUAL|FIJO|200115809|1|0|1.0|INDIVIDUAL|FIJO|200115809|1|0|1.0|INDIVIDUAL|FIJO|200115809|1|0|1.0
289,INDIVIDUAL|FIJO|200105008|1|0|1.0|INDIVIDUAL|FIJO|200105008|1|0|1.0|INDIVIDUAL|FIJO|200105008|1|0|1.0|INDIVIDUAL|FIJO|200105008|1|0|1.0|INDIVIDUAL|FIJO|200105008|1|0|1.0|INDIVIDUAL|FIJO|200105008|1|0|1.0|INDIVIDUAL|FIJO|200105008|1|0|1.0|INDIVIDUAL|FIJO|200105008|1|0|1.0|INDIVIDUAL|FIJO|200105008|1|0|1.0|INDIVIDUAL|FIJO|200105008|1|0|1.0|INDIVIDUAL|FIJO|200105008|1|0|1.0|INDIVIDUAL|FIJO|200105008|1|0|1.0
290,INDIVIDUAL|FIJO|200089168|1|0|1.0|INDIVIDUAL|FIJO|200089168|1|0|1.0|INDIVIDUAL|FIJO|200089168|1|0|1.0|INDIVIDUAL|FIJO|200089168|1|0|1.0|INDIVIDUAL|FIJO|200089168|1|0|1.0|INDIVIDUAL|FIJO|200089168|1|0|1.0|INDIVIDUAL|FIJO|200089168|1|0|1.0|INDIVIDUAL|FIJO|200089168|1|0|1.0|INDIVIDUAL|FIJO|200089168|1|0|1.0|INDIVIDUAL|FIJO|200089168|1|0|1.0|INDIVIDUAL|FIJO|200089168|1|0|1.0|INDIVIDUAL|FIJO|200089168|1|0|1.0
291,INDIVIDUAL|FIJO|200116807|1|0|1.0|INDIVIDUAL|FIJO|200116807|1|0|1.0|INDIVIDUAL|FIJO|200116807|1|0|1.0|INDIVIDUAL|FIJO|200116807|1|0|1.0|INDIVIDUAL|FIJO|200116807|1|0|1.0|INDIVIDUAL|FIJO|200116807|1|0|1.0|INDIVIDUAL|FIJO|200116807|1|0|1.0|INDIVIDUAL|FIJO|200116807|1|0|1.0|INDIVIDUAL|FIJO|200116807|1|0|1.0|INDIVIDUAL|FIJO|200116807|1|0|1.0|INDIVIDUAL|FIJO|200116807|1|0|1.0|INDIVIDUAL|FIJO|200116807|1|0|1.0
292,INDIVIDUAL|FIJO|200118605|1|0|1.0|INDIVIDUAL|FIJO|200118605|1|0|1.0|INDIVIDUAL|FIJO|200118605|1|0|1.0|INDIVIDUAL|FIJO|200118605|1|0|1.0|INDIVIDUAL|FIJO|200118605|1|0|1.0|INDIVIDUAL|FIJO|200118605|1|0|1.0|INDIVIDUAL|FIJO|200118605|1|0|1.0|INDIVIDUAL|FIJO|200118605|1|0|1.0|INDIVIDUAL|FIJO|200118605|1|0|1.0|INDIVIDUAL|FIJO|200118605|1|0|1.0|INDIVIDUAL|FIJO|200118605|1|0|1.0|INDIVIDUAL|FIJO|200118605|1|0|1.0
293,INDIVIDUAL|FIJO|200097947|1|0|1.0|INDIVIDUAL|FIJO|200097947|1|0|1.0|INDIVIDUAL|FIJO|200097947|1|0|1.0|INDIVIDUAL|FIJO|200097947|1|0|1.0|INDIVIDUAL|FIJO|200097947|1|0|1.0|INDIVIDUAL|FIJO|200097947|1|0|1.0|INDIVIDUAL|FIJO|200097947|1|0|1.0|INDIVIDUAL|FIJO|200097947|1|0|1.0|INDIVIDUAL|FIJO|200097947|1|0|1.0|INDIVIDUAL|FIJO|200097947|1|0|1.0|INDIVIDUAL|FIJO|200097947|1|0|1.0|INDIVIDUAL|FIJO|200097947|1|0|1.0
294,INDIVIDUAL|FIJO|200106161|1|0|1.0|INDIVIDUAL|FIJO|200106161|1|0|1.0|INDIVIDUAL|FIJO|200106161|1|0|1.0|INDIVIDUAL|FIJO|200106161|1|0|1.0|INDIVIDUAL|FIJO|200106161|1|0|1.0|INDIVIDUAL|FIJO|200106161|1|0|1.0|INDIVIDUAL|FIJO|200106161|1|0|1.0|INDIVIDUAL|FIJO|200106161|1|0|1.0|INDIVIDUAL|FIJO|200106161|1|0|1.0|INDIVIDUAL|FIJO|200106161|1|0|1.0|INDIVIDUAL|FIJO|200106161|1|0|1.0|INDIVIDUAL|FIJO|200106161|1|0|1.0
295,INDIVIDUAL|FIJO|200089168|1|0|1.0|INDIVIDUAL|FIJO|200089168|1|0|1.0|INDIVIDUAL|FIJO|200089168|1|0|1.0|INDIVIDUAL|FIJO|200089168|1|0|1.0|INDIVIDUAL|FIJO|200089168|1|0|1.0|INDIVIDUAL|FIJO|200089168|1|0|1.0|INDIVIDUAL|FIJO|200089168|1|0|1.0|INDIVIDUAL|FIJO|200089168|1|0|1.0|INDIVIDUAL|FIJO|200089168|1|0|1.0|INDIVIDUAL|FIJO|200089168|1|0|1.0|INDIVIDUAL|FIJO|200089168|1|0|1.0|INDIVIDUAL|FIJO|200089168|1|0|1.0|INDIVIDUAL|FIJO|200089168|1|0|1.0
296,INDIVIDUAL|FIJO|200111155|1|0|1.0|INDIVIDUAL|FIJO|200111155|1|0|1.0|INDIVIDUAL|FIJO|200111155|1|0|1.0|INDIVIDUAL|FIJO|200111155|1|0|1.0|INDIVIDUAL|FIJO|200111155|1|0|1.0|INDIVIDUAL|FIJO|200111155|1|0|1.0|INDIVIDUAL|FIJO|200111155|1|0|1.0|INDIVIDUAL|FIJO|200111155|1|0|1.0|INDIVIDUAL|FIJO|200111155|1|0|1.0|INDIVIDUAL|FIJO|200111155|1|0|1.0|INDIVIDUAL|FIJO|200111155|1|0|1.0|INDIVIDUAL|FIJO|200111155|1|0|1.0
297,INDIVIDUAL|FIJO|200048978|1|0|1.0|INDIVIDUAL|FIJO|200048978|1|0|1.0|INDIVIDUAL|FIJO|200048978|1|0|1.0|INDIVIDUAL|FIJO|200048978|1|0|1.0|INDIVIDUAL|FIJO|200048978|1|0|1.0|INDIVIDUAL|FIJO|200048978|1|0|1.0|INDIVIDUAL|FIJO|200048978|1|0|1.0|INDIVIDUAL|FIJO|200048978|1|0|1.0|INDIVIDUAL|FIJO|200048978|1|0|1.0|INDIVIDUAL|FIJO|200048978|1|0|1.0|INDIVIDUAL|FIJO|200048978|1|0|1.0|INDIVIDUAL|FIJO|200048978|1|0|1.0
298,INDIVIDUAL|FIJO|200044715|1|0|1.0|INDIVIDUAL|FIJO|200044715|1|0|1.0|INDIVIDUAL|FIJO|200044715|1|0|1.0|INDIVIDUAL|FIJO|200044715|1|0|1.0|INDIVIDUAL|FIJO|200044715|1|0|1.0|INDIVIDUAL|FIJO|200044715|1|0|1.0|INDIVIDUAL|FIJO|200044715|1|0|1.0|INDIVIDUAL|FIJO|200044715|1|0|1.0|INDIVIDUAL|FIJO|200044715|1|0|1.0|INDIVIDUAL|FIJO|200044715|1|0|1.0|INDIVIDUAL|FIJO|200044715|1|0|1.0|INDIVIDUAL|FIJO|200044715|1|0|1.0
299,INDIVIDUAL|FIJO|200115551|1|0|1.0|INDIVIDUAL|FIJO|200115551|1|0|1.0|INDIVIDUAL|FIJO|200115551|1|0|1.0|INDIVIDUAL|FIJO|200115551|1|0|1.0|INDIVIDUAL|FIJO|200115551|1|0|1.0|INDIVIDUAL|FIJO|200115551|1|0|1.0|INDIVIDUAL|FIJO|200115551|1|0|1.0|INDIVIDUAL|FIJO|200115551|1|0|1.0|INDIVIDUAL|FIJO|200115551|1|0|1.0|INDIVIDUAL|FIJO|200115551|1|0|1.0|INDIVIDUAL|FIJO|200115551|1|0|1.0|INDIVIDUAL|FIJO|200115551|1|0|1.0
300,INDIVIDUAL|FIJO|200113781|1|0|1.0|INDIVIDUAL|FIJO|200113781|1|0|1.0|INDIVIDUAL|FIJO|200113781|1|0|1.0|INDIVIDUAL|FIJO|200113781|1|0|1.0|INDIVIDUAL|FIJO|200113781|1|0|1.0|INDIVIDUAL|FIJO|200113781|1|0|1.0|INDIVIDUAL|FIJO|200113781|1|0|1.0|INDIVIDUAL|FIJO|200113781|1|0|1.0|INDIVIDUAL|FIJO|200113781|1|0|1.0|INDIVIDUAL|FIJO|200113781|1|0|1.0|INDIVIDUAL|FIJO|200113781|1|0|1.0|INDIVIDUAL|FIJO|200113781|1|0|1.0
301,INDIVIDUAL|FIJO|200063985|1|0|1.0|INDIVIDUAL|FIJO|200063985|1|0|1.0|INDIVIDUAL|FIJO|200063985|1|0|1.0|INDIVIDUAL|FIJO|200063985|1|0|1.0|INDIVIDUAL|FIJO|200063985|1|0|1.0|INDIVIDUAL|FIJO|200063985|1|0|1.0|INDIVIDUAL|FIJO|200063985|1|0|1.0|INDIVIDUAL|FIJO|200063985|1|0|1.0|INDIVIDUAL|FIJO|200063985|1|0|1.0|INDIVIDUAL|FIJO|200063985|1|0|1.0|INDIVIDUAL|FIJO|200063985|1|0|1.0|INDIVIDUAL|FIJO|200063985|1|0|1.0
302,INDIVIDUAL|FIJO|200109649|1|0|1.0|INDIVIDUAL|FIJO|200109649|1|0|1.0|INDIVIDUAL|FIJO|200109649|1|0|1.0|INDIVIDUAL|FIJO|200109649|1|0|1.0|INDIVIDUAL|FIJO|200109649|1|0|1.0|INDIVIDUAL|FIJO|200109649|1|0|1.0|INDIVIDUAL|FIJO|200109649|1|0|1.0|INDIVIDUAL|FIJO|200109649|1|0|1.0|INDIVIDUAL|FIJO|200109649|1|0|1.0|INDIVIDUAL|FIJO|200109649|1|0|1.0
303,INDIVIDUAL|VARIABLE|P0132060000|1|0|1.0|INDIVIDUAL|VARIABLE|P0132060000|1|0|1.0|INDIVIDUAL|VARIABLE|P0132060000|1|0|1.0|INDIVIDUAL|VARIABLE|P0132060000|1|0|1.0|INDIVIDUAL|VARIABLE|P0132060000|1|0|1.0|INDIVIDUAL|VARIABLE|P0132060000|1|0|1.0|INDIVIDUAL|VARIABLE|P0132060000|1|0|1.0|INDIVIDUAL|VARIABLE|P0132060000|1|0|1.0|INDIVIDUAL|VARIABLE|P0132060000|1|0|1.0|INDIVIDUAL|VARIABLE|P0132060000|1|0|1.0|INDIVIDUAL|VARIABLE|P0132060000|1|0|1.0|INDIVIDUAL|VARIABLE|P0132060000|1|0|1.0|INDIVIDUAL|VARIABLE|P0132060000|1|0|1.0|INDIVIDUAL|VARIABLE|P0132060000|1|0|1.0|INDIVIDUAL|VARIABLE|P0132060000|1|0|1.0|INDIVIDUAL|VARIABLE|P0132060000|1|0|1.0|INDIVIDUAL|VARIABLE|P0132060000|1|0|1.0|INDIVIDUAL|VARIABLE|P0132060000|1|0|1.0|INDIVIDUAL|VARIABLE|P0132060000|1|0|1.0|INDIVIDUAL|VARIABLE|P0132060000|1|0|1.0|INDIVIDUAL|VARIABLE|P0132060000|1|0|1.0|INDIVIDUAL|VARIABLE|P0132060000|1|0|1.0|INDIVIDUAL|VARIABLE|P0132060000|1|0|1.0|INDIVIDUAL|VARIABLE|P0132060000|1|0|1.0
304,INDIVIDUAL|VARIABLE|P0132055006|1|0|1.0|INDIVIDUAL|VARIABLE|P0132055006|1|0|1.0|INDIVIDUAL|VARIABLE|P0132055006|1|0|1.0|INDIVIDUAL|VARIABLE|P0132055006|1|0|1.0|INDIVIDUAL|VARIABLE|P0132055006|1|0|1.0|INDIVIDUAL|VARIABLE|P0132055006|1|0|1.0|INDIVIDUAL|VARIABLE|P0132055006|1|0|1.0|INDIVIDUAL|VARIABLE|P0132055006|1|0|1.0|INDIVIDUAL|VARIABLE|P0132055006|1|0|1.0|INDIVIDUAL|VARIABLE|P0132055006|1|0|1.0|INDIVIDUAL|VARIABLE|P0132055006|1|0|1.0|INDIVIDUAL|VARIABLE|P0132055006|1|0|1.0|INDIVIDUAL|VARIABLE|P0132055006|1|0|1.0|INDIVIDUAL|VARIABLE|P0132055006|1|0|1.0|INDIVIDUAL|VARIABLE|P0132055006|1|0|1.0|INDIVIDUAL|VARIABLE|P0132055006|1|0|1.0|INDIVIDUAL|VARIABLE|P0132055006|1|0|1.0|INDIVIDUAL|VARIABLE|P0132055006|1|0|1.0|INDIVIDUAL|VARIABLE|P0132055006|1|0|1.0|INDIVIDUAL|VARIABLE|P0132055006|1|0|1.0|INDIVIDUAL|VARIABLE|P0132055006|1|0|1.0|INDIVIDUAL|VARIABLE|P0132055006|1|0|1.0|INDIVIDUAL|VARIABLE|P0132055006|1|0|1.0|INDIVIDUAL|VARIABLE|P0132055006|1|0|1.0|INDIVIDUAL|VARIABLE|P0132055006|1|0|1.0|INDIVIDUAL|VARIABLE|P0132055006|1|0|1.0|INDIVIDUAL|VARIABLE|P0132055006|1|0|1.0|INDIVIDUAL|VARIABLE|P0132055006|1|0|1.0|INDIVIDUAL|VARIABLE|P0132055006|1|0|1.0|INDIVIDUAL|VARIABLE|P0132055006|1|0|1.0|INDIVIDUAL|VARIABLE|P0132055006|1|0|1.0|INDIVIDUAL|VARIABLE|P0132055006|1|0|1.0|INDIVIDUAL|VARIABLE|P0132055006|1|0|1.0|INDIVIDUAL|VARIABLE|P0132055006|1|0|1.0|INDIVIDUAL|VARIABLE|P0132055006|1|0|1.0|INDIVIDUAL|VARIABLE|P0132055006|1|0|1.0
305,INDIVIDUAL|VARIABLE|P0132061007|1|0|1.0|INDIVIDUAL|VARIABLE|P0132061007|1|0|1.0|INDIVIDUAL|VARIABLE|P0132061007|1|0|1.0|INDIVIDUAL|VARIABLE|P0132061007|1|0|1.0|INDIVIDUAL|VARIABLE|P0132061007|1|0|1.0|INDIVIDUAL|VARIABLE|P0132061007|1|0|1.0|INDIVIDUAL|VARIABLE|P0132061007|1|0|1.0|INDIVIDUAL|VARIABLE|P0132061007|1|0|1.0|INDIVIDUAL|VARIABLE|P0132061007|1|0|1.0|INDIVIDUAL|VARIABLE|P0132061007|1|0|1.0|INDIVIDUAL|VARIABLE|P0132061007|1|0|1.0|INDIVIDUAL|VARIABLE|P0132061007|1|0|1.0|INDIVIDUAL|VARIABLE|P0132061007|1|0|1.0|INDIVIDUAL|VARIABLE|P0132061007|1|0|1.0|INDIVIDUAL|VARIABLE|P0132061007|1|0|1.0|INDIVIDUAL|VARIABLE|P0132061007|1|0|1.0|INDIVIDUAL|VARIABLE|P0132061007|1|0|1.0|INDIVIDUAL|VARIABLE|P0132061007|1|0|1.0|INDIVIDUAL|VARIABLE|P0132061007|1|0|1.0|INDIVIDUAL|VARIABLE|P0132061007|1|0|1.0|INDIVIDUAL|VARIABLE|P0132061007|1|0|1.0|INDIVIDUAL|VARIABLE|P0132061007|1|0|1.0|INDIVIDUAL|VARIABLE|P0132061007|1|0|1.0|INDIVIDUAL|VARIABLE|P0132061007|1|0|1.0|INDIVIDUAL|VARIABLE|P0132061007|1|0|1.0|INDIVIDUAL|VARIABLE|P0132061007|1|0|1.0|INDIVIDUAL|VARIABLE|P0132061007|1|0|1.0|INDIVIDUAL|VARIABLE|P0132061007|1|0|1.0|INDIVIDUAL|VARIABLE|P0132061007|1|0|1.0|INDIVIDUAL|VARIABLE|P0132061007|1|0|1.0|INDIVIDUAL|VARIABLE|P0132061007|1|0|1.0|INDIVIDUAL|VARIABLE|P0132061007|1|0|1.0|INDIVIDUAL|VARIABLE|P0132061007|1|0|1.0|INDIVIDUAL|VARIABLE|P0132061007|1|0|1.0|INDIVIDUAL|VARIABLE|P0132061007|1|0|1.0|INDIVIDUAL|VARIABLE|P0132061007|1|0|1.0
306,INDIVIDUAL|VARIABLE|P0132062000|1|0|1.0|INDIVIDUAL|VARIABLE|P0132062000|1|0|1.0|INDIVIDUAL|VARIABLE|P0132062000|1|0|1.0|INDIVIDUAL|VARIABLE|P0132062000|1|0|1.0|INDIVIDUAL|VARIABLE|P0132062000|1|0|1.0|INDIVIDUAL|VARIABLE|P0132062000|1|0|1.0|INDIVIDUAL|VARIABLE|P0132062000|1|0|1.0|INDIVIDUAL|VARIABLE|P0132062000|1|0|1.0|INDIVIDUAL|VARIABLE|P0132062000|1|0|1.0|INDIVIDUAL|VARIABLE|P0132062000|1|0|1.0|INDIVIDUAL|VARIABLE|P0132062000|1|0|1.0|INDIVIDUAL|VARIABLE|P0132062000|1|0|1.0|INDIVIDUAL|VARIABLE|P0132062000|1|0|1.0|INDIVIDUAL|VARIABLE|P0132062000|1|0|1.0|INDIVIDUAL|VARIABLE|P0132062000|1|0|1.0|INDIVIDUAL|VARIABLE|P0132062000|1|0|1.0|INDIVIDUAL|VARIABLE|P0132062000|1|0|1.0|INDIVIDUAL|VARIABLE|P0132062000|1|0|1.0|INDIVIDUAL|VARIABLE|P0132062000|1|0|1.0|INDIVIDUAL|VARIABLE|P0132062000|1|0|1.0|INDIVIDUAL|VARIABLE|P0132062000|1|0|1.0|INDIVIDUAL|VARIABLE|P0132062000|1|0|1.0|INDIVIDUAL|VARIABLE|P0132062000|1|0|1.0|INDIVIDUAL|VARIABLE|P0132062000|1|0|1.0|INDIVIDUAL|VARIABLE|P0132062000|1|0|1.0|INDIVIDUAL|VARIABLE|P0132062000|1|0|1.0|INDIVIDUAL|VARIABLE|P0132062000|1|0|1.0|INDIVIDUAL|VARIABLE|P0132062000|1|0|1.0|INDIVIDUAL|VARIABLE|P0132062000|1|0|1.0|INDIVIDUAL|VARIABLE|P0132062000|1|0|1.0|INDIVIDUAL|VARIABLE|P0132062000|1|0|1.0|INDIVIDUAL|VARIABLE|P0132062000|1|0|1.0|INDIVIDUAL|VARIABLE|P0132062000|1|0|1.0|INDIVIDUAL|VARIABLE|P0132062000|1|0|1.0|INDIVIDUAL|VARIABLE|P0132062000|1|0|1.0|INDIVIDUAL|VARIABLE|P0132062000|1|0|1.0|INDIVIDUAL|VARIABLE|P0132062000|1|0|1.0|INDIVIDUAL|VARIABLE|P0132062000|1|0|1.0|INDIVIDUAL|VARIABLE|P0132062000|1|0|1.0|INDIVIDUAL|VARIABLE|P0132062000|1|0|1.0|INDIVIDUAL|VARIABLE|P0132062000|1|0|1.0|INDIVIDUAL|VARIABLE|P0132062000|1|0|1.0|INDIVIDUAL|VARIABLE|P0132062000|1|0|1.0|INDIVIDUAL|VARIABLE|P0132062000|1|0|1.0|INDIVIDUAL|VARIABLE|P0132062000|1|0|1.0|INDIVIDUAL|VARIABLE|P0132062000|1|0|1.0|INDIVIDUAL|VARIABLE|P0132062000|1|0|1.0|INDIVIDUAL|VARIABLE|P0132062000|1|0|1.0|INDIVIDUAL|VARIABLE|P0132062000|1|0|1.0|INDIVIDUAL|VARIABLE|P0132062000|1|0|1.0|INDIVIDUAL|VARIABLE|P0132062000|1|0|1.0|INDIVIDUAL|VARIABLE|P0132062000|1|0|1.0|INDIVIDUAL|VARIABLE|P0132062000|1|0|1.0|INDIVIDUAL|VARIABLE|P0132062000|1|0|1.0|INDIVIDUAL|VARIABLE|P0132062000|1|0|1.0|INDIVIDUAL|VARIABLE|P0132062000|1|0|1.0|INDIVIDUAL|VARIABLE|P0132062000|1|0|1.0|INDIVIDUAL|VARIABLE|P0132062000|1|0|1.0|INDIVIDUAL|VARIABLE|P0132062000|1|0|1.0|INDIVIDUAL|VARIABLE|P0132062000|1|0|1.0|INDIVIDUAL|VARIABLE|P0132062000|1|0|1.0|INDIVIDUAL|VARIABLE|P0132062000|1|0|1.0|INDIVIDUAL|VARIABLE|P0132062000|1|0|1.0|INDIVIDUAL|VARIABLE|P0132062000|1|0|1.0|INDIVIDUAL|VARIABLE|P0132062000|1|0|1.0|INDIVIDUAL|VARIABLE|P0132062000|1|0|1.0|INDIVIDUAL|VARIABLE|P0132062000|1|0|1.0|INDIVIDUAL|VARIABLE|P0132062000|1|0|1.0|INDIVIDUAL|VARIABLE|P0132062000|1|0|1.0|INDIVIDUAL|VARIABLE|P0132062000|1|0|1.0|INDIVIDUAL|VARIABLE|P0132062000|1|0|1.0|INDIVIDUAL|VARIABLE|P0132062000|1|0|1.0|INDIVIDUAL|VARIABLE|P0132062000|1|0|1.0|INDIVIDUAL|VARIABLE|P0132062000|1|0|1.0|INDIVIDUAL|VARIABLE|P0132062000|1|0|1.0|INDIVIDUAL|VARIABLE|P0132062000|1|0|1.0|INDIVIDUAL|VARIABLE|P0132062000|1|0|1.0|INDIVIDUAL|VARIABLE|P0132062000|1|0|1.0|INDIVIDUAL|VARIABLE|P0132062000|1|0|1.0|INDIVIDUAL|VARIABLE|P0132062000|1|0|1.0|INDIVIDUAL|VARIABLE|P0132062000|1|0|1.0|INDIVIDUAL|VARIABLE|P0132062000|1|0|1.0|INDIVIDUAL|VARIABLE|P0132062000|1|0|1.0|INDIVIDUAL|VARIABLE|P0132062000|1|0|1.0|INDIVIDUAL|VARIABLE|P0132062000|1|0|1.0|INDIVIDUAL|VARIABLE|P0132062000|1|0|1.0|INDIVIDUAL|VARIABLE|P0132062000|1|0|1.0|INDIVIDUAL|VARIABLE|P0132062000|1|0|1.0|INDIVIDUAL|VARIABLE|P0132062000|1|0|1.0|INDIVIDUAL|VARIABLE|P0132062000|1|0|1.0|INDIVIDUAL|VARIABLE|P0132062000|1|0|1.0|INDIVIDUAL|VARIABLE|P0132062000|1|0|1.0|INDIVIDUAL|VARIABLE|P0132062000|1|0|1.0|INDIVIDUAL|VARIABLE|P0132062000|1|0|1.0|INDIVIDUAL|VARIABLE|P0132062000|1|0|1.0|INDIVIDUAL|VARIABLE|P0132062000|1|0|1.0|INDIVIDUAL|VARIABLE|P0132062000|1|0|1.0|INDIVIDUAL|VARIABLE|P0132062000|1|0|1.0|INDIVIDUAL|VARIABLE|P0132062000|1|0|1.0|INDIVIDUAL|VARIABLE|P0132062000|1|0|1.0|INDIVIDUAL|VARIABLE|P0132062000|1|0|1.0|INDIVIDUAL|VARIABLE|P0132062000|1|0|1.0|INDIVIDUAL|VARIABLE|P0132062000|1|0|1.0|INDIVIDUAL|VARIABLE|P0132062000|1|0|1.0|INDIVIDUAL|VARIABLE|P0132062000|1|0|1.0|INDIVIDUAL|VARIABLE|P0132062000|1|0|1.0|INDIVIDUAL|VARIABLE|P0132062000|1|0|1.0|INDIVIDUAL|VARIABLE|P0132062000|1|0|1.0|INDIVIDUAL|VARIABLE|P0132062000|1|0|1.0|INDIVIDUAL|VARIABLE|P0132062000|1|0|1.0|INDIVIDUAL|VARIABLE|P0132062000|1|0|1.0|INDIVIDUAL|VARIABLE|P0132062000|1|0|1.0|INDIVIDUAL|VARIABLE|P0132062000|1|0|1.0|INDIVIDUAL|VARIABLE|P0132062000|1|0|1.0|INDIVIDUAL|VARIABLE|P0132062000|1|0|1.0|INDIVIDUAL|VARIABLE|P0132062000|1|0|1.0|INDIVIDUAL|VARIABLE|P0132062000|1|0|1.0|INDIVIDUAL|VARIABLE|P0132062000|1|0|1.0|INDIVIDUAL|VARIABLE|P0132062000|1|0|1.0|INDIVIDUAL|VARIABLE|P0132062000|1|0|1.0
307,INDIVIDUAL|VARIABLE|P0132066002|1|0|1.0|INDIVIDUAL|VARIABLE|P0132066002|1|0|1.0|INDIVIDUAL|VARIABLE|P0132066002|1|0|1.0|INDIVIDUAL|VARIABLE|P0132066002|1|0|1.0|INDIVIDUAL|VARIABLE|P0132066002|1|0|1.0|INDIVIDUAL|VARIABLE|P0132066002|1|0|1.0|INDIVIDUAL|VARIABLE|P0132066002|1|0|1.0|INDIVIDUAL|VARIABLE|P0132066002|1|0|1.0|INDIVIDUAL|VARIABLE|P0132066002|1|0|1.0|INDIVIDUAL|VARIABLE|P0132066002|1|0|1.0|INDIVIDUAL|VARIABLE|P0132066002|1|0|1.0|INDIVIDUAL|VARIABLE|P0132066002|1|0|1.0|INDIVIDUAL|VARIABLE|P0132066002|1|0|1.0|INDIVIDUAL|VARIABLE|P0132066002|1|0|1.0|INDIVIDUAL|VARIABLE|P0132066002|1|0|1.0|INDIVIDUAL|VARIABLE|P0132066002|1|0|1.0|INDIVIDUAL|VARIABLE|P0132066002|1|0|1.0|INDIVIDUAL|VARIABLE|P0132066002|1|0|1.0|INDIVIDUAL|VARIABLE|P0132066002|1|0|1.0|INDIVIDUAL|VARIABLE|P0132066002|1|0|1.0|INDIVIDUAL|VARIABLE|P0132066002|1|0|1.0|INDIVIDUAL|VARIABLE|P0132066002|1|0|1.0|INDIVIDUAL|VARIABLE|P0132066002|1|0|1.0|INDIVIDUAL|VARIABLE|P0132066002|1|0|1.0|INDIVIDUAL|VARIABLE|P0132066002|1|0|1.0|INDIVIDUAL|VARIABLE|P0132066002|1|0|1.0|INDIVIDUAL|VARIABLE|P0132066002|1|0|1.0|INDIVIDUAL|VARIABLE|P0132066002|1|0|1.0|INDIVIDUAL|VARIABLE|P0132066002|1|0|1.0|INDIVIDUAL|VARIABLE|P0132066002|1|0|1.0|INDIVIDUAL|VARIABLE|P0132066002|1|0|1.0|INDIVIDUAL|VARIABLE|P0132066002|1|0|1.0|INDIVIDUAL|VARIABLE|P0132066002|1|0|1.0|INDIVIDUAL|VARIABLE|P0132066002|1|0|1.0|INDIVIDUAL|VARIABLE|P0132066002|1|0|1.0|INDIVIDUAL|VARIABLE|P0132066002|1|0|1.0|INDIVIDUAL|VARIABLE|P0132066002|1|0|1.0|INDIVIDUAL|VARIABLE|P0132066002|1|0|1.0|INDIVIDUAL|VARIABLE|P0132066002|1|0|1.0|INDIVIDUAL|VARIABLE|P0132066002|1|0|1.0|INDIVIDUAL|VARIABLE|P0132066002|1|0|1.0|INDIVIDUAL|VARIABLE|P0132066002|1|0|1.0|INDIVIDUAL|VARIABLE|P0132066002|1|0|1.0|INDIVIDUAL|VARIABLE|P0132066002|1|0|1.0|INDIVIDUAL|VARIABLE|P0132066002|1|0|1.0|INDIVIDUAL|VARIABLE|P0132066002|1|0|1.0|INDIVIDUAL|VARIABLE|P0132066002|1|0|1.0|INDIVIDUAL|VARIABLE|P0132066002|1|0|1.0
308,INDIVIDUAL|VARIABLE|P0132060007|1|0|1.0|INDIVIDUAL|VARIABLE|P0132060007|1|0|1.0|INDIVIDUAL|VARIABLE|P0132060007|1|0|1.0|INDIVIDUAL|VARIABLE|P0132060007|1|0|1.0|INDIVIDUAL|VARIABLE|P0132060007|1|0|1.0|INDIVIDUAL|VARIABLE|P0132060007|1|0|1.0|INDIVIDUAL|VARIABLE|P0132060007|1|0|1.0|INDIVIDUAL|VARIABLE|P0132060007|1|0|1.0|INDIVIDUAL|VARIABLE|P0132060007|1|0|1.0|INDIVIDUAL|VARIABLE|P0132060007|1|0|1.0|INDIVIDUAL|VARIABLE|P0132060007|1|0|1.0|INDIVIDUAL|VARIABLE|P0132060007|1|0|1.0|INDIVIDUAL|VARIABLE|P0132060007|1|0|1.0|INDIVIDUAL|VARIABLE|P0132060007|1|0|1.0|INDIVIDUAL|VARIABLE|P0132060007|1|0|1.0|INDIVIDUAL|VARIABLE|P0132060007|1|0|1.0|INDIVIDUAL|VARIABLE|P0132060007|1|0|1.0|INDIVIDUAL|VARIABLE|P0132060007|1|0|1.0|INDIVIDUAL|VARIABLE|P0132060007|1|0|1.0|INDIVIDUAL|VARIABLE|P0132060007|1|0|1.0|INDIVIDUAL|VARIABLE|P0132060007|1|0|1.0|INDIVIDUAL|VARIABLE|P0132060007|1|0|1.0|INDIVIDUAL|VARIABLE|P0132060007|1|0|1.0|INDIVIDUAL|VARIABLE|P0132060007|1|0|1.0
309,INDIVIDUAL|VARIABLE|P0132053000|1|0|1.0|INDIVIDUAL|VARIABLE|P0132053000|1|0|1.0|INDIVIDUAL|VARIABLE|P0132053000|1|0|1.0|INDIVIDUAL|VARIABLE|P0132053000|1|0|1.0|INDIVIDUAL|VARIABLE|P0132053000|1|0|1.0|INDIVIDUAL|VARIABLE|P0132053000|1|0|1.0|INDIVIDUAL|VARIABLE|P0132053000|1|0|1.0|INDIVIDUAL|VARIABLE|P0132053000|1|0|1.0|INDIVIDUAL|VARIABLE|P0132053000|1|0|1.0|INDIVIDUAL|VARIABLE|P0132053000|1|0|1.0|INDIVIDUAL|VARIABLE|P0132053000|1|0|1.0|INDIVIDUAL|VARIABLE|P0132053000|1|0|1.0|INDIVIDUAL|VARIABLE|P0132053000|1|0|1.0|INDIVIDUAL|VARIABLE|P0132053000|1|0|1.0|INDIVIDUAL|VARIABLE|P0132053000|1|0|1.0|INDIVIDUAL|VARIABLE|P0132053000|1|0|1.0|INDIVIDUAL|VARIABLE|P0132053000|1|0|1.0|INDIVIDUAL|VARIABLE|P0132053000|1|0|1.0|INDIVIDUAL|VARIABLE|P0132053000|1|0|1.0|INDIVIDUAL|VARIABLE|P0132053000|1|0|1.0|INDIVIDUAL|VARIABLE|P0132053000|1|0|1.0|INDIVIDUAL|VARIABLE|P0132053000|1|0|1.0|INDIVIDUAL|VARIABLE|P0132053000|1|0|1.0|INDIVIDUAL|VARIABLE|P0132053000|1|0|1.0|INDIVIDUAL|VARIABLE|P0132053000|1|0|1.0|INDIVIDUAL|VARIABLE|P0132053000|1|0|1.0|INDIVIDUAL|VARIABLE|P0132053000|1|0|1.0|INDIVIDUAL|VARIABLE|P0132053000|1|0|1.0|INDIVIDUAL|VARIABLE|P0132053000|1|0|1.0|INDIVIDUAL|VARIABLE|P0132053000|1|0|1.0|INDIVIDUAL|VARIABLE|P0132053000|1|0|1.0|INDIVIDUAL|VARIABLE|P0132053000|1|0|1.0|INDIVIDUAL|VARIABLE|P0132053000|1|0|1.0|INDIVIDUAL|VARIABLE|P0132053000|1|0|1.0|INDIVIDUAL|VARIABLE|P0132053000|1|0|1.0|INDIVIDUAL|VARIABLE|P0132053000|1|0|1.0
310,INDIVIDUAL|VARIABLE|P0132070000|1|0|1.0|INDIVIDUAL|VARIABLE|P0132070000|1|0|1.0|INDIVIDUAL|VARIABLE|P0132070000|1|0|1.0|INDIVIDUAL|VARIABLE|P0132070000|1|0|1.0|INDIVIDUAL|VARIABLE|P0132070000|1|0|1.0|INDIVIDUAL|VARIABLE|P0132070000|1|0|1.0|INDIVIDUAL|VARIABLE|P0132070000|1|0|1.0|INDIVIDUAL|VARIABLE|P0132070000|1|0|1.0|INDIVIDUAL|VARIABLE|P0132070000|1|0|1.0|INDIVIDUAL|VARIABLE|P0132070000|1|0|1.0|INDIVIDUAL|VARIABLE|P0132070000|1|0|1.0|INDIVIDUAL|VARIABLE|P0132070000|1|0|1.0|INDIVIDUAL|VARIABLE|P0132070000|1|0|1.0|INDIVIDUAL|VARIABLE|P0132070000|1|0|1.0|INDIVIDUAL|VARIABLE|P0132070000|1|0|1.0|INDIVIDUAL|VARIABLE|P0132070000|1|0|1.0|INDIVIDUAL|VARIABLE|P0132070000|1|0|1.0|INDIVIDUAL|VARIABLE|P0132070000|1|0|1.0|INDIVIDUAL|VARIABLE|P0132070000|1|0|1.0|INDIVIDUAL|VARIABLE|P0132070000|1|0|1.0|INDIVIDUAL|VARIABLE|P0132070000|1|0|1.0|INDIVIDUAL|VARIABLE|P0132070000|1|0|1.0|INDIVIDUAL|VARIABLE|P0132070000|1|0|1.0|INDIVIDUAL|VARIABLE|P0132070000|1|0|1.0|INDIVIDUAL|VARIABLE|P0132070000|1|0|1.0|INDIVIDUAL|VARIABLE|P0132070000|1|0|1.0|INDIVIDUAL|VARIABLE|P0132070000|1|0|1.0|INDIVIDUAL|VARIABLE|P0132070000|1|0|1.0|INDIVIDUAL|VARIABLE|P0132070000|1|0|1.0|INDIVIDUAL|VARIABLE|P0132070000|1|0|1.0|INDIVIDUAL|VARIABLE|P0132070000|1|0|1.0|INDIVIDUAL|VARIABLE|P0132070000|1|0|1.0|INDIVIDUAL|VARIABLE|P0132070000|1|0|1.0|INDIVIDUAL|VARIABLE|P0132070000|1|0|1.0|INDIVIDUAL|VARIABLE|P0132070000|1|0|1.0|INDIVIDUAL|VARIABLE|P0132070000|1|0|1.0|INDIVIDUAL|VARIABLE|P0132070000|1|0|1.0|INDIVIDUAL|VARIABLE|P0132070000|1|0|1.0|INDIVIDUAL|VARIABLE|P0132070000|1|0|1.0|INDIVIDUAL|VARIABLE|P0132070000|1|0|1.0|INDIVIDUAL|VARIABLE|P0132070000|1|0|1.0|INDIVIDUAL|VARIABLE|P0132070000|1|0|1.0|INDIVIDUAL|VARIABLE|P0132070000|1|0|1.0|INDIVIDUAL|VARIABLE|P0132070000|1|0|1.0|INDIVIDUAL|VARIABLE|P0132070000|1|0|1.0|INDIVIDUAL|VARIABLE|P0132070000|1|0|1.0|INDIVIDUAL|VARIABLE|P0132070000|1|0|1.0|INDIVIDUAL|VARIABLE|P0132070000|1|0|1.0
311,INDIVIDUAL|VARIABLE|P0132053000|1|0|1.0|INDIVIDUAL|VARIABLE|P0132053000|1|0|1.0|INDIVIDUAL|VARIABLE|P0132053000|1|0|1.0|INDIVIDUAL|VARIABLE|P0132053000|1|0|1.0|INDIVIDUAL|VARIABLE|P0132053000|1|0|1.0|INDIVIDUAL|VARIABLE|P0132053000|1|0|1.0|INDIVIDUAL|VARIABLE|P0132053000|1|0|1.0|INDIVIDUAL|VARIABLE|P0132053000|1|0|1.0|INDIVIDUAL|VARIABLE|P0132053000|1|0|1.0|INDIVIDUAL|VARIABLE|P0132053000|1|0|1.0|INDIVIDUAL|VARIABLE|P0132053000|1|0|1.0|INDIVIDUAL|VARIABLE|P0132053000|1|0|1.0|INDIVIDUAL|VARIABLE|P0132053000|1|0|1.0|INDIVIDUAL|VARIABLE|P0132053000|1|0|1.0|INDIVIDUAL|VARIABLE|P0132053000|1|0|1.0|INDIVIDUAL|VARIABLE|P0132053000|1|0|1.0|INDIVIDUAL|VARIABLE|P0132053000|1|0|1.0|INDIVIDUAL|VARIABLE|P0132053000|1|0|1.0|INDIVIDUAL|VARIABLE|P0132053000|1|0|1.0|INDIVIDUAL|VARIABLE|P0132053000|1|0|1.0|INDIVIDUAL|VARIABLE|P0132053000|1|0|1.0|INDIVIDUAL|VARIABLE|P0132053000|1|0|1.0|INDIVIDUAL|VARIABLE|P0132053000|1|0|1.0|INDIVIDUAL|VARIABLE|P0132053000|1|0|1.0
312,INDIVIDUAL|VARIABLE|P0132056000|1|0|1.0|INDIVIDUAL|VARIABLE|P0132056000|1|0|1.0|INDIVIDUAL|VARIABLE|P0132056000|1|0|1.0|INDIVIDUAL|VARIABLE|P0132056000|1|0|1.0|INDIVIDUAL|VARIABLE|P0132056000|1|0|1.0|INDIVIDUAL|VARIABLE|P0132056000|1|0|1.0|INDIVIDUAL|VARIABLE|P0132056000|1|0|1.0|INDIVIDUAL|VARIABLE|P0132056000|1|0|1.0|INDIVIDUAL|VARIABLE|P0132056000|1|0|1.0|INDIVIDUAL|VARIABLE|P0132056000|1|0|1.0|INDIVIDUAL|VARIABLE|P0132056000|1|0|1.0|INDIVIDUAL|VARIABLE|P0132056000|1|0|1.0|INDIVIDUAL|VARIABLE|P0132056000|1|0|1.0|INDIVIDUAL|VARIABLE|P0132056000|1|0|1.0|INDIVIDUAL|VARIABLE|P0132056000|1|0|1.0|INDIVIDUAL|VARIABLE|P0132056000|1|0|1.0|INDIVIDUAL|VARIABLE|P0132056000|1|0|1.0|INDIVIDUAL|VARIABLE|P0132056000|1|0|1.0|INDIVIDUAL|VARIABLE|P0132056000|1|0|1.0|INDIVIDUAL|VARIABLE|P0132056000|1|0|1.0|INDIVIDUAL|VARIABLE|P0132056000|1|0|1.0|INDIVIDUAL|VARIABLE|P0132056000|1|0|1.0|INDIVIDUAL|VARIABLE|P0132056000|1|0|1.0|INDIVIDUAL|VARIABLE|P0132056000|1|0|1.0|INDIVIDUAL|VARIABLE|P0132056000|1|0|1.0|INDIVIDUAL|VARIABLE|P0132056000|1|0|1.0|INDIVIDUAL|VARIABLE|P0132056000|1|0|1.0|INDIVIDUAL|VARIABLE|P0132056000|1|0|1.0|INDIVIDUAL|VARIABLE|P0132056000|1|0|1.0|INDIVIDUAL|VARIABLE|P0132056000|1|0|1.0|INDIVIDUAL|VARIABLE|P0132056000|1|0|1.0|INDIVIDUAL|VARIABLE|P0132056000|1|0|1.0|INDIVIDUAL|VARIABLE|P0132056000|1|0|1.0|INDIVIDUAL|VARIABLE|P0132056000|1|0|1.0|INDIVIDUAL|VARIABLE|P0132056000|1|0|1.0|INDIVIDUAL|VARIABLE|P0132056000|1|0|1.0|INDIVIDUAL|VARIABLE|P0132056000|1|0|1.0|INDIVIDUAL|VARIABLE|P0132056000|1|0|1.0|INDIVIDUAL|VARIABLE|P0132056000|1|0|1.0|INDIVIDUAL|VARIABLE|P0132056000|1|0|1.0|INDIVIDUAL|VARIABLE|P0132056000|1|0|1.0|INDIVIDUAL|VARIABLE|P0132056000|1|0|1.0|INDIVIDUAL|VARIABLE|P0132056000|1|0|1.0|INDIVIDUAL|VARIABLE|P0132056000|1|0|1.0|INDIVIDUAL|VARIABLE|P0132056000|1|0|1.0|INDIVIDUAL|VARIABLE|P0132056000|1|0|1.0|INDIVIDUAL|VARIABLE|P0132056000|1|0|1.0|INDIVIDUAL|VARIABLE|P0132056000|1|0|1.0
313,INDIVIDUAL|VARIABLE|P0132058000|1|0|1.0|INDIVIDUAL|VARIABLE|P0132058000|1|0|1.0|INDIVIDUAL|VARIABLE|P0132058000|1|0|1.0|INDIVIDUAL|VARIABLE|P0132058000|1|0|1.0|INDIVIDUAL|VARIABLE|P0132058000|1|0|1.0|INDIVIDUAL|VARIABLE|P0132058000|1|0|1.0|INDIVIDUAL|VARIABLE|P0132058000|1|0|1.0|INDIVIDUAL|VARIABLE|P0132058000|1|0|1.0|INDIVIDUAL|VARIABLE|P0132058000|1|0|1.0|INDIVIDUAL|VARIABLE|P0132058000|1|0|1.0|INDIVIDUAL|VARIABLE|P0132058000|1|0|1.0|INDIVIDUAL|VARIABLE|P0132058000|1|0|1.0|INDIVIDUAL|VARIABLE|P0132058000|1|0|1.0|INDIVIDUAL|VARIABLE|P0132058000|1|0|1.0|INDIVIDUAL|VARIABLE|P0132058000|1|0|1.0|INDIVIDUAL|VARIABLE|P0132058000|1|0|1.0|INDIVIDUAL|VARIABLE|P0132058000|1|0|1.0|INDIVIDUAL|VARIABLE|P0132058000|1|0|1.0|INDIVIDUAL|VARIABLE|P0132058000|1|0|1.0|INDIVIDUAL|VARIABLE|P0132058000|1|0|1.0|INDIVIDUAL|VARIABLE|P0132058000|1|0|1.0|INDIVIDUAL|VARIABLE|P0132058000|1|0|1.0|INDIVIDUAL|VARIABLE|P0132058000|1|0|1.0|INDIVIDUAL|VARIABLE|P0132058000|1|0|1.0|INDIVIDUAL|VARIABLE|P0132058000|1|0|1.0|INDIVIDUAL|VARIABLE|P0132058000|1|0|1.0|INDIVIDUAL|VARIABLE|P0132058000|1|0|1.0|INDIVIDUAL|VARIABLE|P0132058000|1|0|1.0|INDIVIDUAL|VARIABLE|P0132058000|1|0|1.0|INDIVIDUAL|VARIABLE|P0132058000|1|0|1.0|INDIVIDUAL|VARIABLE|P0132058000|1|0|1.0|INDIVIDUAL|VARIABLE|P0132058000|1|0|1.0|INDIVIDUAL|VARIABLE|P0132058000|1|0|1.0|INDIVIDUAL|VARIABLE|P0132058000|1|0|1.0|INDIVIDUAL|VARIABLE|P0132058000|1|0|1.0|INDIVIDUAL|VARIABLE|P0132058000|1|0|1.0|INDIVIDUAL|VARIABLE|P0132058000|1|0|1.0|INDIVIDUAL|VARIABLE|P0132058000|1|0|1.0|INDIVIDUAL|VARIABLE|P0132058000|1|0|1.0|INDIVIDUAL|VARIABLE|P0132058000|1|0|1.0|INDIVIDUAL|VARIABLE|P0132058000|1|0|1.0|INDIVIDUAL|VARIABLE|P0132058000|1|0|1.0|INDIVIDUAL|VARIABLE|P0132058000|1|0|1.0|INDIVIDUAL|VARIABLE|P0132058000|1|0|1.0|INDIVIDUAL|VARIABLE|P0132058000|1|0|1.0|INDIVIDUAL|VARIABLE|P0132058000|1|0|1.0|INDIVIDUAL|VARIABLE|P0132058000|1|0|1.0|INDIVIDUAL|VARIABLE|P0132058000|1|0|1.0
314,INDIVIDUAL|VARIABLE|P0132056004|1|0|1.0|INDIVIDUAL|VARIABLE|P0132056004|1|0|1.0|INDIVIDUAL|VARIABLE|P0132056004|1|0|1.0|INDIVIDUAL|VARIABLE|P0132056004|1|0|1.0|INDIVIDUAL|VARIABLE|P0132056004|1|0|1.0|INDIVIDUAL|VARIABLE|P0132056004|1|0|1.0|INDIVIDUAL|VARIABLE|P0132056004|1|0|1.0|INDIVIDUAL|VARIABLE|P0132056004|1|0|1.0|INDIVIDUAL|VARIABLE|P0132056004|1|0|1.0|INDIVIDUAL|VARIABLE|P0132056004|1|0|1.0|INDIVIDUAL|VARIABLE|P0132056004|1|0|1.0|INDIVIDUAL|VARIABLE|P0132056004|1|0|1.0|INDIVIDUAL|VARIABLE|P0132056004|1|0|1.0|INDIVIDUAL|VARIABLE|P0132056004|1|0|1.0|INDIVIDUAL|VARIABLE|P0132056004|1|0|1.0|INDIVIDUAL|VARIABLE|P0132056004|1|0|1.0|INDIVIDUAL|VARIABLE|P0132056004|1|0|1.0|INDIVIDUAL|VARIABLE|P0132056004|1|0|1.0|INDIVIDUAL|VARIABLE|P0132056004|1|0|1.0|INDIVIDUAL|VARIABLE|P0132056004|1|0|1.0|INDIVIDUAL|VARIABLE|P0132056004|1|0|1.0|INDIVIDUAL|VARIABLE|P0132056004|1|0|1.0|INDIVIDUAL|VARIABLE|P0132056004|1|0|1.0|INDIVIDUAL|VARIABLE|P0132056004|1|0|1.0|INDIVIDUAL|VARIABLE|P0132056004|1|0|1.0|INDIVIDUAL|VARIABLE|P0132056004|1|0|1.0|INDIVIDUAL|VARIABLE|P0132056004|1|0|1.0|INDIVIDUAL|VARIABLE|P0132056004|1|0|1.0|INDIVIDUAL|VARIABLE|P0132056004|1|0|1.0|INDIVIDUAL|VARIABLE|P0132056004|1|0|1.0|INDIVIDUAL|VARIABLE|P0132056004|1|0|1.0|INDIVIDUAL|VARIABLE|P0132056004|1|0|1.0|INDIVIDUAL|VARIABLE|P0132056004|1|0|1.0|INDIVIDUAL|VARIABLE|P0132056004|1|0|1.0|INDIVIDUAL|VARIABLE|P0132056004|1|0|1.0|INDIVIDUAL|VARIABLE|P0132056004|1|0|1.0|INDIVIDUAL|VARIABLE|P0132056004|1|0|1.0|INDIVIDUAL|VARIABLE|P0132056004|1|0|1.0|INDIVIDUAL|VARIABLE|P0132056004|1|0|1.0|INDIVIDUAL|VARIABLE|P0132056004|1|0|1.0|INDIVIDUAL|VARIABLE|P0132056004|1|0|1.0|INDIVIDUAL|VARIABLE|P0132056004|1|0|1.0|INDIVIDUAL|VARIABLE|P0132056004|1|0|1.0|INDIVIDUAL|VARIABLE|P0132056004|1|0|1.0|INDIVIDUAL|VARIABLE|P0132056004|1|0|1.0|INDIVIDUAL|VARIABLE|P0132056004|1|0|1.0|INDIVIDUAL|VARIABLE|P0132056004|1|0|1.0|INDIVIDUAL|VARIABLE|P0132056004|1|0|1.0|INDIVIDUAL|VARIABLE|P0132056004|1|0|1.0|INDIVIDUAL|VARIABLE|P0132056004|1|0|1.0|INDIVIDUAL|VARIABLE|P0132056004|1|0|1.0|INDIVIDUAL|VARIABLE|P0132056004|1|0|1.0|INDIVIDUAL|VARIABLE|P0132056004|1|0|1.0|INDIVIDUAL|VARIABLE|P0132056004|1|0|1.0|INDIVIDUAL|VARIABLE|P0132056004|1|0|1.0|INDIVIDUAL|VARIABLE|P0132056004|1|0|1.0|INDIVIDUAL|VARIABLE|P0132056004|1|0|1.0|INDIVIDUAL|VARIABLE|P0132056004|1|0|1.0|INDIVIDUAL|VARIABLE|P0132056004|1|0|1.0|INDIVIDUAL|VARIABLE|P0132056004|1|0|1.0
315,INDIVIDUAL|VARIABLE|P0132051003|1|0|1.0|INDIVIDUAL|VARIABLE|P0132051003|1|0|1.0|INDIVIDUAL|VARIABLE|P0132051003|1|0|1.0|INDIVIDUAL|VARIABLE|P0132051003|1|0|1.0|INDIVIDUAL|VARIABLE|P0132051003|1|0|1.0|INDIVIDUAL|VARIABLE|P0132051003|1|0|1.0|INDIVIDUAL|VARIABLE|P0132051003|1|0|1.0|INDIVIDUAL|VARIABLE|P0132051003|1|0|1.0|INDIVIDUAL|VARIABLE|P0132051003|1|0|1.0|INDIVIDUAL|VARIABLE|P0132051003|1|0|1.0|INDIVIDUAL|VARIABLE|P0132051003|1|0|1.0|INDIVIDUAL|VARIABLE|P0132051003|1|0|1.0|INDIVIDUAL|VARIABLE|P0132051003|1|0|1.0|INDIVIDUAL|VARIABLE|P0132051003|1|0|1.0|INDIVIDUAL|VARIABLE|P0132051003|1|0|1.0|INDIVIDUAL|VARIABLE|P0132051003|1|0|1.0|INDIVIDUAL|VARIABLE|P0132051003|1|0|1.0|INDIVIDUAL|VARIABLE|P0132051003|1|0|1.0|INDIVIDUAL|VARIABLE|P0132051003|1|0|1.0|INDIVIDUAL|VARIABLE|P0132051003|1|0|1.0|INDIVIDUAL|VARIABLE|P0132051003|1|0|1.0|INDIVIDUAL|VARIABLE|P0132051003|1|0|1.0|INDIVIDUAL|VARIABLE|P0132051003|1|0|1.0|INDIVIDUAL|VARIABLE|P0132051003|1|0|1.0|INDIVIDUAL|VARIABLE|P0132051003|1|0|1.0|INDIVIDUAL|VARIABLE|P0132051003|1|0|1.0|INDIVIDUAL|VARIABLE|P0132051003|1|0|1.0|INDIVIDUAL|VARIABLE|P0132051003|1|0|1.0|INDIVIDUAL|VARIABLE|P0132051003|1|0|1.0|INDIVIDUAL|VARIABLE|P0132051003|1|0|1.0|INDIVIDUAL|VARIABLE|P0132051003|1|0|1.0|INDIVIDUAL|VARIABLE|P0132051003|1|0|1.0|INDIVIDUAL|VARIABLE|P0132051003|1|0|1.0|INDIVIDUAL|VARIABLE|P0132051003|1|0|1.0|INDIVIDUAL|VARIABLE|P0132051003|1|0|1.0|INDIVIDUAL|VARIABLE|P0132051003|1|0|1.0|INDIVIDUAL|VARIABLE|P0132051003|1|0|1.0|INDIVIDUAL|VARIABLE|P0132051003|1|0|1.0|INDIVIDUAL|VARIABLE|P0132051003|1|0|1.0|INDIVIDUAL|VARIABLE|P0132051003|1|0|1.0|INDIVIDUAL|VARIABLE|P0132051003|1|0|1.0|INDIVIDUAL|VARIABLE|P0132051003|1|0|1.0|INDIVIDUAL|VARIABLE|P0132051003|1|0|1.0|INDIVIDUAL|VARIABLE|P0132051003|1|0|1.0|INDIVIDUAL|VARIABLE|P0132051003|1|0|1.0|INDIVIDUAL|VARIABLE|P0132051003|1|0|1.0|INDIVIDUAL|VARIABLE|P0132051003|1|0|1.0|INDIVIDUAL|VARIABLE|P0132051003|1|0|1.0|INDIVIDUAL|VARIABLE|P0132051003|1|0|1.0|INDIVIDUAL|VARIABLE|P0132051003|1|0|1.0|INDIVIDUAL|VARIABLE|P0132051003|1|0|1.0|INDIVIDUAL|VARIABLE|P0132051003|1|0|1.0|INDIVIDUAL|VARIABLE|P0132051003|1|0|1.0|INDIVIDUAL|VARIABLE|P0132051003|1|0|1.0|INDIVIDUAL|VARIABLE|P0132051003|1|0|1.0|INDIVIDUAL|VARIABLE|P0132051003|1|0|1.0|INDIVIDUAL|VARIABLE|P0132051003|1|0|1.0|INDIVIDUAL|VARIABLE|P0132051003|1|0|1.0|INDIVIDUAL|VARIABLE|P0132051003|1|0|1.0|INDIVIDUAL|VARIABLE|P0132051003|1|0|1.0|INDIVIDUAL|VARIABLE|P0132051003|1|0|1.0|INDIVIDUAL|VARIABLE|P0132051003|1|0|1.0|INDIVIDUAL|VARIABLE|P0132051003|1|0|1.0|INDIVIDUAL|VARIABLE|P0132051003|1|0|1.0|INDIVIDUAL|VARIABLE|P0132051003|1|0|1.0|INDIVIDUAL|VARIABLE|P0132051003|1|0|1.0|INDIVIDUAL|VARIABLE|P0132051003|1|0|1.0|INDIVIDUAL|VARIABLE|P0132051003|1|0|1.0|INDIVIDUAL|VARIABLE|P0132051003|1|0|1.0|INDIVIDUAL|VARIABLE|P0132051003|1|0|1.0|INDIVIDUAL|VARIABLE|P0132051003|1|0|1.0|INDIVIDUAL|VARIABLE|P0132051003|1|0|1.0|INDIVIDUAL|VARIABLE|P0132051003|1|0|1.0|INDIVIDUAL|VARIABLE|P0132051003|1|0|1.0|INDIVIDUAL|VARIABLE|P0132051003|1|0|1.0|INDIVIDUAL|VARIABLE|P0132051003|1|0|1.0|INDIVIDUAL|VARIABLE|P0132051003|1|0|1.0|INDIVIDUAL|VARIABLE|P0132051003|1|0|1.0|INDIVIDUAL|VARIABLE|P0132051003|1|0|1.0|INDIVIDUAL|VARIABLE|P0132051003|1|0|1.0|INDIVIDUAL|VARIABLE|P0132051003|1|0|1.0|INDIVIDUAL|VARIABLE|P0132051003|1|0|1.0|INDIVIDUAL|VARIABLE|P0132051003|1|0|1.0|INDIVIDUAL|VARIABLE|P0132051003|1|0|1.0|INDIVIDUAL|VARIABLE|P0132051003|1|0|1.0|INDIVIDUAL|VARIABLE|P0132051003|1|0|1.0|INDIVIDUAL|VARIABLE|P0132051003|1|0|1.0|INDIVIDUAL|VARIABLE|P0132051003|1|0|1.0|INDIVIDUAL|VARIABLE|P0132051003|1|0|1.0|INDIVIDUAL|VARIABLE|P0132051003|1|0|1.0|INDIVIDUAL|VARIABLE|P0132051003|1|0|1.0|INDIVIDUAL|VARIABLE|P0132051003|1|0|1.0|INDIVIDUAL|VARIABLE|P0132051003|1|0|1.0|INDIVIDUAL|VARIABLE|P0132051003|1|0|1.0|INDIVIDUAL|VARIABLE|P0132051003|1|0|1.0|INDIVIDUAL|VARIABLE|P0132051003|1|0|1.0|INDIVIDUAL|VARIABLE|P0132051003|1|0|1.0|INDIVIDUAL|VARIABLE|P0132051003|1|0|1.0|INDIVIDUAL|VARIABLE|P0132051003|1|0|1.0|INDIVIDUAL|VARIABLE|P0132051003|1|0|1.0|INDIVIDUAL|VARIABLE|P0132051003|1|0|1.0|INDIVIDUAL|VARIABLE|P0132051003|1|0|1.0|INDIVIDUAL|VARIABLE|P0132051003|1|0|1.0|INDIVIDUAL|VARIABLE|P0132051003|1|0|1.0|INDIVIDUAL|VARIABLE|P0132051003|1|0|1.0|INDIVIDUAL|VARIABLE|P0132051003|1|0|1.0|INDIVIDUAL|VARIABLE|P0132051003|1|0|1.0|INDIVIDUAL|VARIABLE|P0132051003|1|0|1.0
316,INDIVIDUAL|VARIABLE|P0132051000|1|0|1.0|INDIVIDUAL|VARIABLE|P0132051000|1|0|1.0|INDIVIDUAL|VARIABLE|P0132051000|1|0|1.0|INDIVIDUAL|VARIABLE|P0132051000|1|0|1.0|INDIVIDUAL|VARIABLE|P0132051000|1|0|1.0|INDIVIDUAL|VARIABLE|P0132051000|1|0|1.0|INDIVIDUAL|VARIABLE|P0132051000|1|0|1.0|INDIVIDUAL|VARIABLE|P0132051000|1|0|1.0|INDIVIDUAL|VARIABLE|P0132051000|1|0|1.0|INDIVIDUAL|VARIABLE|P0132051000|1|0|1.0|INDIVIDUAL|VARIABLE|P0132051000|1|0|1.0|INDIVIDUAL|VARIABLE|P0132051000|1|0|1.0|INDIVIDUAL|VARIABLE|P0132051000|1|0|1.0|INDIVIDUAL|VARIABLE|P0132051000|1|0|1.0|INDIVIDUAL|VARIABLE|P0132051000|1|0|1.0|INDIVIDUAL|VARIABLE|P0132051000|1|0|1.0|INDIVIDUAL|VARIABLE|P0132051000|1|0|1.0|INDIVIDUAL|VARIABLE|P0132051000|1|0|1.0|INDIVIDUAL|VARIABLE|P0132051000|1|0|1.0|INDIVIDUAL|VARIABLE|P0132051000|1|0|1.0|INDIVIDUAL|VARIABLE|P0132051000|1|0|1.0|INDIVIDUAL|VARIABLE|P0132051000|1|0|1.0|INDIVIDUAL|VARIABLE|P0132051000|1|0|1.0|INDIVIDUAL|VARIABLE|P0132051000|1|0|1.0|INDIVIDUAL|VARIABLE|P0132051000|1|0|1.0|INDIVIDUAL|VARIABLE|P0132051000|1|0|1.0|INDIVIDUAL|VARIABLE|P0132051000|1|0|1.0|INDIVIDUAL|VARIABLE|P0132051000|1|0|1.0|INDIVIDUAL|VARIABLE|P0132051000|1|0|1.0|INDIVIDUAL|VARIABLE|P0132051000|1|0|1.0|INDIVIDUAL|VARIABLE|P0132051000|1|0|1.0|INDIVIDUAL|VARIABLE|P0132051000|1|0|1.0|INDIVIDUAL|VARIABLE|P0132051000|1|0|1.0|INDIVIDUAL|VARIABLE|P0132051000|1|0|1.0|INDIVIDUAL|VARIABLE|P0132051000|1|0|1.0|INDIVIDUAL|VARIABLE|P0132051000|1|0|1.0|INDIVIDUAL|VARIABLE|P0132051000|1|0|1.0|INDIVIDUAL|VARIABLE|P0132051000|1|0|1.0|INDIVIDUAL|VARIABLE|P0132051000|1|0|1.0|INDIVIDUAL|VARIABLE|P0132051000|1|0|1.0|INDIVIDUAL|VARIABLE|P0132051000|1|0|1.0|INDIVIDUAL|VARIABLE|P0132051000|1|0|1.0|INDIVIDUAL|VARIABLE|P0132051000|1|0|1.0|INDIVIDUAL|VARIABLE|P0132051000|1|0|1.0|INDIVIDUAL|VARIABLE|P0132051000|1|0|1.0|INDIVIDUAL|VARIABLE|P0132051000|1|0|1.0|INDIVIDUAL|VARIABLE|P0132051000|1|0|1.0|INDIVIDUAL|VARIABLE|P0132051000|1|0|1.0|INDIVIDUAL|VARIABLE|P0132051000|1|0|1.0|INDIVIDUAL|VARIABLE|P0132051000|1|0|1.0|INDIVIDUAL|VARIABLE|P0132051000|1|0|1.0|INDIVIDUAL|VARIABLE|P0132051000|1|0|1.0|INDIVIDUAL|VARIABLE|P0132051000|1|0|1.0|INDIVIDUAL|VARIABLE|P0132051000|1|0|1.0|INDIVIDUAL|VARIABLE|P0132051000|1|0|1.0|INDIVIDUAL|VARIABLE|P0132051000|1|0|1.0|INDIVIDUAL|VARIABLE|P0132051000|1|0|1.0|INDIVIDUAL|VARIABLE|P0132051000|1|0|1.0|INDIVIDUAL|VARIABLE|P0132051000|1|0|1.0|INDIVIDUAL|VARIABLE|P0132051000|1|0|1.0|INDIVIDUAL|VARIABLE|P0132051000|1|0|1.0|INDIVIDUAL|VARIABLE|P0132051000|1|0|1.0|INDIVIDUAL|VARIABLE|P0132051000|1|0|1.0|INDIVIDUAL|VARIABLE|P0132051000|1|0|1.0|INDIVIDUAL|VARIABLE|P0132051000|1|0|1.0|INDIVIDUAL|VARIABLE|P0132051000|1|0|1.0|INDIVIDUAL|VARIABLE|P0132051000|1|0|1.0|INDIVIDUAL|VARIABLE|P0132051000|1|0|1.0|INDIVIDUAL|VARIABLE|P0132051000|1|0|1.0|INDIVIDUAL|VARIABLE|P0132051000|1|0|1.0|INDIVIDUAL|VARIABLE|P0132051000|1|0|1.0|INDIVIDUAL|VARIABLE|P0132051000|1|0|1.0|INDIVIDUAL|VARIABLE|P0132051000|1|0|1.0|INDIVIDUAL|VARIABLE|P0132051000|1|0|1.0|INDIVIDUAL|VARIABLE|P0132051000|1|0|1.0|INDIVIDUAL|VARIABLE|P0132051000|1|0|1.0|INDIVIDUAL|VARIABLE|P0132051000|1|0|1.0|INDIVIDUAL|VARIABLE|P0132051000|1|0|1.0|INDIVIDUAL|VARIABLE|P0132051000|1|0|1.0|INDIVIDUAL|VARIABLE|P0132051000|1|0|1.0|INDIVIDUAL|VARIABLE|P0132051000|1|0|1.0|INDIVIDUAL|VARIABLE|P0132051000|1|0|1.0|INDIVIDUAL|VARIABLE|P0132051000|1|0|1.0|INDIVIDUAL|VARIABLE|P0132051000|1|0|1.0|INDIVIDUAL|VARIABLE|P0132051000|1|0|1.0|INDIVIDUAL|VARIABLE|P0132051000|1|0|1.0|INDIVIDUAL|VARIABLE|P0132051000|1|0|1.0|INDIVIDUAL|VARIABLE|P0132051000|1|0|1.0
317,INDIVIDUAL|VARIABLE|P0132052000|1|0|1.0|INDIVIDUAL|VARIABLE|P0132052000|1|0|1.0|INDIVIDUAL|VARIABLE|P0132052000|1|0|1.0|INDIVIDUAL|VARIABLE|P0132052000|1|0|1.0|INDIVIDUAL|VARIABLE|P0132052000|1|0|1.0|INDIVIDUAL|VARIABLE|P0132052000|1|0|1.0|INDIVIDUAL|VARIABLE|P0132052000|1|0|1.0|INDIVIDUAL|VARIABLE|P0132052000|1|0|1.0|INDIVIDUAL|VARIABLE|P0132052000|1|0|1.0|INDIVIDUAL|VARIABLE|P0132052000|1|0|1.0|INDIVIDUAL|VARIABLE|P0132052000|1|0|1.0|INDIVIDUAL|VARIABLE|P0132052000|1|0|1.0|INDIVIDUAL|VARIABLE|P0132052000|1|0|1.0|INDIVIDUAL|VARIABLE|P0132052000|1|0|1.0|INDIVIDUAL|VARIABLE|P0132052000|1|0|1.0|INDIVIDUAL|VARIABLE|P0132052000|1|0|1.0|INDIVIDUAL|VARIABLE|P0132052000|1|0|1.0|INDIVIDUAL|VARIABLE|P0132052000|1|0|1.0|INDIVIDUAL|VARIABLE|P0132052000|1|0|1.0|INDIVIDUAL|VARIABLE|P0132052000|1|0|1.0|INDIVIDUAL|VARIABLE|P0132052000|1|0|1.0|INDIVIDUAL|VARIABLE|P0132052000|1|0|1.0|INDIVIDUAL|VARIABLE|P0132052000|1|0|1.0|INDIVIDUAL|VARIABLE|P0132052000|1|0|1.0|INDIVIDUAL|VARIABLE|P0132052000|1|0|1.0|INDIVIDUAL|VARIABLE|P0132052000|1|0|1.0|INDIVIDUAL|VARIABLE|P0132052000|1|0|1.0|INDIVIDUAL|VARIABLE|P0132052000|1|0|1.0|INDIVIDUAL|VARIABLE|P0132052000|1|0|1.0|INDIVIDUAL|VARIABLE|P0132052000|1|0|1.0|INDIVIDUAL|VARIABLE|P0132052000|1|0|1.0|INDIVIDUAL|VARIABLE|P0132052000|1|0|1.0|INDIVIDUAL|VARIABLE|P0132052000|1|0|1.0|INDIVIDUAL|VARIABLE|P0132052000|1|0|1.0|INDIVIDUAL|VARIABLE|P0132052000|1|0|1.0|INDIVIDUAL|VARIABLE|P0132052000|1|0|1.0|INDIVIDUAL|VARIABLE|P0132052000|1|0|1.0|INDIVIDUAL|VARIABLE|P0132052000|1|0|1.0|INDIVIDUAL|VARIABLE|P0132052000|1|0|1.0|INDIVIDUAL|VARIABLE|P0132052000|1|0|1.0|INDIVIDUAL|VARIABLE|P0132052000|1|0|1.0|INDIVIDUAL|VARIABLE|P0132052000|1|0|1.0|INDIVIDUAL|VARIABLE|P0132052000|1|0|1.0|INDIVIDUAL|VARIABLE|P0132052000|1|0|1.0|INDIVIDUAL|VARIABLE|P0132052000|1|0|1.0|INDIVIDUAL|VARIABLE|P0132052000|1|0|1.0|INDIVIDUAL|VARIABLE|P0132052000|1|0|1.0|INDIVIDUAL|VARIABLE|P0132052000|1|0|1.0|INDIVIDUAL|VARIABLE|P0132052000|1|0|1.0|INDIVIDUAL|VARIABLE|P0132052000|1|0|1.0|INDIVIDUAL|VARIABLE|P0132052000|1|0|1.0|INDIVIDUAL|VARIABLE|P0132052000|1|0|1.0|INDIVIDUAL|VARIABLE|P0132052000|1|0|1.0|INDIVIDUAL|VARIABLE|P0132052000|1|0|1.0|INDIVIDUAL|VARIABLE|P0132052000|1|0|1.0|INDIVIDUAL|VARIABLE|P0132052000|1|0|1.0|INDIVIDUAL|VARIABLE|P0132052000|1|0|1.0|INDIVIDUAL|VARIABLE|P0132052000|1|0|1.0|INDIVIDUAL|VARIABLE|P0132052000|1|0|1.0|INDIVIDUAL|VARIABLE|P0132052000|1|0|1.0|INDIVIDUAL|VARIABLE|P0132052000|1|0|1.0|INDIVIDUAL|VARIABLE|P0132052000|1|0|1.0|INDIVIDUAL|VARIABLE|P0132052000|1|0|1.0|INDIVIDUAL|VARIABLE|P0132052000|1|0|1.0|INDIVIDUAL|VARIABLE|P0132052000|1|0|1.0|INDIVIDUAL|VARIABLE|P0132052000|1|0|1.0|INDIVIDUAL|VARIABLE|P0132052000|1|0|1.0|INDIVIDUAL|VARIABLE|P0132052000|1|0|1.0|INDIVIDUAL|VARIABLE|P0132052000|1|0|1.0|INDIVIDUAL|VARIABLE|P0132052000|1|0|1.0|INDIVIDUAL|VARIABLE|P0132052000|1|0|1.0|INDIVIDUAL|VARIABLE|P0132052000|1|0|1.0|INDIVIDUAL|VARIABLE|P0132052000|1|0|1.0|INDIVIDUAL|VARIABLE|P0132052000|1|0|1.0|INDIVIDUAL|VARIABLE|P0132052000|1|0|1.0|INDIVIDUAL|VARIABLE|P0132052000|1|0|1.0|INDIVIDUAL|VARIABLE|P0132052000|1|0|1.0|INDIVIDUAL|VARIABLE|P0132052000|1|0|1.0|INDIVIDUAL|VARIABLE|P0132052000|1|0|1.0|INDIVIDUAL|VARIABLE|P0132052000|1|0|1.0|INDIVIDUAL|VARIABLE|P0132052000|1|0|1.0|INDIVIDUAL|VARIABLE|P0132052000|1|0|1.0|INDIVIDUAL|VARIABLE|P0132052000|1|0|1.0|INDIVIDUAL|VARIABLE|P0132052000|1|0|1.0|INDIVIDUAL|VARIABLE|P0132052000|1|0|1.0|INDIVIDUAL|VARIABLE|P0132052000|1|0|1.0|INDIVIDUAL|VARIABLE|P0132052000|1|0|1.0|INDIVIDUAL|VARIABLE|P0132052000|1|0|1.0|INDIVIDUAL|VARIABLE|P0132052000|1|0|1.0|INDIVIDUAL|VARIABLE|P0132052000|1|0|1.0|INDIVIDUAL|VARIABLE|P0132052000|1|0|1.0|INDIVIDUAL|VARIABLE|P0132052000|1|0|1.0|INDIVIDUAL|VARIABLE|P0132052000|1|0|1.0|INDIVIDUAL|VARIABLE|P0132052000|1|0|1.0|INDIVIDUAL|VARIABLE|P0132052000|1|0|1.0|INDIVIDUAL|VARIABLE|P0132052000|1|0|1.0|INDIVIDUAL|VARIABLE|P0132052000|1|0|1.0|INDIVIDUAL|VARIABLE|P0132052000|1|0|1.0|INDIVIDUAL|VARIABLE|P0132052000|1|0|1.0|INDIVIDUAL|VARIABLE|P0132052000|1|0|1.0|INDIVIDUAL|VARIABLE|P0132052000|1|0|1.0|INDIVIDUAL|VARIABLE|P0132052000|1|0|1.0|INDIVIDUAL|VARIABLE|P0132052000|1|0|1.0|INDIVIDUAL|VARIABLE|P0132052000|1|0|1.0|INDIVIDUAL|VARIABLE|P0132052000|1|0|1.0|INDIVIDUAL|VARIABLE|P0132052000|1|0|1.0|INDIVIDUAL|VARIABLE|P0132052000|1|0|1.0|INDIVIDUAL|VARIABLE|P0132052000|1|0|1.0|INDIVIDUAL|VARIABLE|P0132052000|1|0|1.0|INDIVIDUAL|VARIABLE|P0132052000|1|0|1.0|INDIVIDUAL|VARIABLE|P0132052000|1|0|1.0|INDIVIDUAL|VARIABLE|P0132052000|1|0|1.0|INDIVIDUAL|VARIABLE|P0132052000|1|0|1.0|INDIVIDUAL|VARIABLE|P0132052000|1|0|1.0|INDIVIDUAL|VARIABLE|P0132052000|1|0|1.0|INDIVIDUAL|VARIABLE|P0132052000|1|0|1.0|INDIVIDUAL|VARIABLE|P0132052000|1|0|1.0|INDIVIDUAL|VARIABLE|P0132052000|1|0|1.0|INDIVIDUAL|VARIABLE|P0132052000|1|0|1.0|INDIVIDUAL|VARIABLE|P0132052000|1|0|1.0|INDIVIDUAL|VARIABLE|P0132052000|1|0|1.0|INDIVIDUAL|VARIABLE|P0132052000|1|0|1.0|INDIVIDUAL|VARIABLE|P0132052000|1|0|1.0|INDIVIDUAL|VARIABLE|P0132052000|1|0|1.0|INDIVIDUAL|VARIABLE|P0132052000|1|0|1.0|INDIVIDUAL|VARIABLE|P0132052000|1|0|1.0|INDIVIDUAL|VARIABLE|P0132052000|1|0|1.0|INDIVIDUAL|VARIABLE|P0132052000|1|0|1.0|INDIVIDUAL|VARIABLE|P0132052000|1|0|1.0|INDIVIDUAL|VARIABLE|P0132052000|1|0|1.0|INDIVIDUAL|VARIABLE|P0132052000|1|0|1.0|INDIVIDUAL|VARIABLE|P0132052000|1|0|1.0|INDIVIDUAL|VARIABLE|P0132052000|1|0|1.0|INDIVIDUAL|VARIABLE|P0132052000|1|0|1.0|INDIVIDUAL|VARIABLE|P0132052000|1|0|1.0|INDIVIDUAL|VARIABLE|P0132052000|1|0|1.0|INDIVIDUAL|VARIABLE|P0132052000|1|0|1.0|INDIVIDUAL|VARIABLE|P0132052000|1|0|1.0|INDIVIDUAL|VARIABLE|P0132052000|1|0|1.0|INDIVIDUAL|VARIABLE|P0132052000|1|0|1.0|INDIVIDUAL|VARIABLE|P0132052000|1|0|1.0|INDIVIDUAL|VARIABLE|P0132052000|1|0|1.0|INDIVIDUAL|VARIABLE|P0132052000|1|0|1.0|INDIVIDUAL|VARIABLE|P0132052000|1|0|1.0|INDIVIDUAL|VARIABLE|P0132052000|1|0|1.0|INDIVIDUAL|VARIABLE|P0132052000|1|0|1.0|INDIVIDUAL|VARIABLE|P0132052000|1|0|1.0|INDIVIDUAL|VARIABLE|P0132052000|1|0|1.0|INDIVIDUAL|VARIABLE|P0132052000|1|0|1.0|INDIVIDUAL|VARIABLE|P0132052000|1|0|1.0|INDIVIDUAL|VARIABLE|P0132052000|1|0|1.0|INDIVIDUAL|VARIABLE|P0132052000|1|0|1.0|INDIVIDUAL|VARIABLE|P0132052000|1|0|1.0|INDIVIDUAL|VARIABLE|P0132052000|1|0|1.0|INDIVIDUAL|VARIABLE|P0132052000|1|0|1.0|INDIVIDUAL|VARIABLE|P0132052000|1|0|1.0|INDIVIDUAL|VARIABLE|P0132052000|1|0|1.0|INDIVIDUAL|VARIABLE|P0132052000|1|0|1.0|INDIVIDUAL|VARIABLE|P0132052000|1|0|1.0|INDIVIDUAL|VARIABLE|P0132052000|1|0|1.0|INDIVIDUAL|VARIABLE|P0132052000|1|0|1.0|INDIVIDUAL|VARIABLE|P0132052000|1|0|1.0|INDIVIDUAL|VARIABLE|P0132052000|1|0|1.0|INDIVIDUAL|VARIABLE|P0132052000|1|0|1.0|INDIVIDUAL|VARIABLE|P0132052000|1|0|1.0
318,INDIVIDUAL|VARIABLE|P0132053000|1|0|1.0|INDIVIDUAL|VARIABLE|P0132053000|1|0|1.0|INDIVIDUAL|VARIABLE|P0132053000|1|0|1.0|INDIVIDUAL|VARIABLE|P0132053000|1|0|1.0|INDIVIDUAL|VARIABLE|P0132053000|1|0|1.0|INDIVIDUAL|VARIABLE|P0132053000|1|0|1.0|INDIVIDUAL|VARIABLE|P0132053000|1|0|1.0|INDIVIDUAL|VARIABLE|P0132053000|1|0|1.0|INDIVIDUAL|VARIABLE|P0132053000|1|0|1.0|INDIVIDUAL|VARIABLE|P0132053000|1|0|1.0|INDIVIDUAL|VARIABLE|P0132053000|1|0|1.0|INDIVIDUAL|VARIABLE|P0132053000|1|0|1.0|INDIVIDUAL|VARIABLE|P0132053000|1|0|1.0|INDIVIDUAL|VARIABLE|P0132053000|1|0|1.0|INDIVIDUAL|VARIABLE|P0132053000|1|0|1.0|INDIVIDUAL|VARIABLE|P0132053000|1|0|1.0|INDIVIDUAL|VARIABLE|P0132053000|1|0|1.0|INDIVIDUAL|VARIABLE|P0132053000|1|0|1.0|INDIVIDUAL|VARIABLE|P0132053000|1|0|1.0|INDIVIDUAL|VARIABLE|P0132053000|1|0|1.0|INDIVIDUAL|VARIABLE|P0132053000|1|0|1.0|INDIVIDUAL|VARIABLE|P0132053000|1|0|1.0|INDIVIDUAL|VARIABLE|P0132053000|1|0|1.0|INDIVIDUAL|VARIABLE|P0132053000|1|0|1.0|INDIVIDUAL|VARIABLE|P0132053000|1|0|1.0|INDIVIDUAL|VARIABLE|P0132053000|1|0|1.0|INDIVIDUAL|VARIABLE|P0132053000|1|0|1.0|INDIVIDUAL|VARIABLE|P0132053000|1|0|1.0|INDIVIDUAL|VARIABLE|P0132053000|1|0|1.0|INDIVIDUAL|VARIABLE|P0132053000|1|0|1.0|INDIVIDUAL|VARIABLE|P0132053000|1|0|1.0|INDIVIDUAL|VARIABLE|P0132053000|1|0|1.0|INDIVIDUAL|VARIABLE|P0132053000|1|0|1.0|INDIVIDUAL|VARIABLE|P0132053000|1|0|1.0|INDIVIDUAL|VARIABLE|P0132053000|1|0|1.0|INDIVIDUAL|VARIABLE|P0132053000|1|0|1.0|INDIVIDUAL|VARIABLE|P0132053000|1|0|1.0|INDIVIDUAL|VARIABLE|P0132053000|1|0|1.0|INDIVIDUAL|VARIABLE|P0132053000|1|0|1.0|INDIVIDUAL|VARIABLE|P0132053000|1|0|1.0|INDIVIDUAL|VARIABLE|P0132053000|1|0|1.0|INDIVIDUAL|VARIABLE|P0132053000|1|0|1.0|INDIVIDUAL|VARIABLE|P0132053000|1|0|1.0|INDIVIDUAL|VARIABLE|P0132053000|1|0|1.0|INDIVIDUAL|VARIABLE|P0132053000|1|0|1.0|INDIVIDUAL|VARIABLE|P0132053000|1|0|1.0|INDIVIDUAL|VARIABLE|P0132053000|1|0|1.0|INDIVIDUAL|VARIABLE|P0132053000|1|0|1.0|INDIVIDUAL|VARIABLE|P0132053000|1|0|1.0|INDIVIDUAL|VARIABLE|P0132053000|1|0|1.0|INDIVIDUAL|VARIABLE|P0132053000|1|0|1.0|INDIVIDUAL|VARIABLE|P0132053000|1|0|1.0|INDIVIDUAL|VARIABLE|P0132053000|1|0|1.0|INDIVIDUAL|VARIABLE|P0132053000|1|0|1.0|INDIVIDUAL|VARIABLE|P0132053000|1|0|1.0|INDIVIDUAL|VARIABLE|P0132053000|1|0|1.0|INDIVIDUAL|VARIABLE|P0132053000|1|0|1.0|INDIVIDUAL|VARIABLE|P0132053000|1|0|1.0|INDIVIDUAL|VARIABLE|P0132053000|1|0|1.0|INDIVIDUAL|VARIABLE|P0132053000|1|0|1.0|INDIVIDUAL|VARIABLE|P0132053000|1|0|1.0|INDIVIDUAL|VARIABLE|P0132053000|1|0|1.0|INDIVIDUAL|VARIABLE|P0132053000|1|0|1.0|INDIVIDUAL|VARIABLE|P0132053000|1|0|1.0|INDIVIDUAL|VARIABLE|P0132053000|1|0|1.0|INDIVIDUAL|VARIABLE|P0132053000|1|0|1.0|INDIVIDUAL|VARIABLE|P0132053000|1|0|1.0|INDIVIDUAL|VARIABLE|P0132053000|1|0|1.0|INDIVIDUAL|VARIABLE|P0132053000|1|0|1.0|INDIVIDUAL|VARIABLE|P0132053000|1|0|1.0|INDIVIDUAL|VARIABLE|P0132053000|1|0|1.0|INDIVIDUAL|VARIABLE|P0132053000|1|0|1.0|INDIVIDUAL|VARIABLE|P0132053000|1|0|1.0|INDIVIDUAL|VARIABLE|P0132053000|1|0|1.0|INDIVIDUAL|VARIABLE|P0132053000|1|0|1.0|INDIVIDUAL|VARIABLE|P0132053000|1|0|1.0|INDIVIDUAL|VARIABLE|P0132053000|1|0|1.0|INDIVIDUAL|VARIABLE|P0132053000|1|0|1.0|INDIVIDUAL|VARIABLE|P0132053000|1|0|1.0|INDIVIDUAL|VARIABLE|P0132053000|1|0|1.0|INDIVIDUAL|VARIABLE|P0132053000|1|0|1.0|INDIVIDUAL|VARIABLE|P0132053000|1|0|1.0|INDIVIDUAL|VARIABLE|P0132053000|1|0|1.0|INDIVIDUAL|VARIABLE|P0132053000|1|0|1.0|INDIVIDUAL|VARIABLE|P0132053000|1|0|1.0|INDIVIDUAL|VARIABLE|P0132053000|1|0|1.0|INDIVIDUAL|VARIABLE|P0132053000|1|0|1.0|INDIVIDUAL|VARIABLE|P0132053000|1|0|1.0|INDIVIDUAL|VARIABLE|P0132053000|1|0|1.0|INDIVIDUAL|VARIABLE|P0132053000|1|0|1.0|INDIVIDUAL|VARIABLE|P0132053000|1|0|1.0|INDIVIDUAL|VARIABLE|P0132053000|1|0|1.0|INDIVIDUAL|VARIABLE|P0132053000|1|0|1.0|INDIVIDUAL|VARIABLE|P0132053000|1|0|1.0|INDIVIDUAL|VARIABLE|P0132053000|1|0|1.0|INDIVIDUAL|VARIABLE|P0132053000|1|0|1.0|INDIVIDUAL|VARIABLE|P0132053000|1|0|1.0|INDIVIDUAL|VARIABLE|P0132053000|1|0|1.0|INDIVIDUAL|VARIABLE|P0132053000|1|0|1.0|INDIVIDUAL|VARIABLE|P0132053000|1|0|1.0|INDIVIDUAL|VARIABLE|P0132053000|1|0|1.0|INDIVIDUAL|VARIABLE|P0132053000|1|0|1.0|INDIVIDUAL|VARIABLE|P0132053000|1|0|1.0|INDIVIDUAL|VARIABLE|P0132053000|1|0|1.0|INDIVIDUAL|VARIABLE|P0132053000|1|0|1.0|INDIVIDUAL|VARIABLE|P0132053000|1|0|1.0|INDIVIDUAL|VARIABLE|P0132053000|1|0|1.0|INDIVIDUAL|VARIABLE|P0132053000|1|0|1.0|INDIVIDUAL|VARIABLE|P0132053000|1|0|1.0|INDIVIDUAL|VARIABLE|P0132053000|1|0|1.0|INDIVIDUAL|VARIABLE|P0132053000|1|0|1.0|INDIVIDUAL|VARIABLE|P0132053000|1|0|1.0|INDIVIDUAL|VARIABLE|P0132053000|1|0|1.0|INDIVIDUAL|VARIABLE|P0132053000|1|0|1.0|INDIVIDUAL|VARIABLE|P0132053000|1|0|1.0|INDIVIDUAL|VARIABLE|P0132053000|1|0|1.0|INDIVIDUAL|VARIABLE|P0132053000|1|0|1.0|INDIVIDUAL|VARIABLE|P0132053000|1|0|1.0|INDIVIDUAL|VARIABLE|P0132053000|1|0|1.0|INDIVIDUAL|VARIABLE|P0132053000|1|0|1.0|INDIVIDUAL|VARIABLE|P0132053000|1|0|1.0|INDIVIDUAL|VARIABLE|P0132053000|1|0|1.0|INDIVIDUAL|VARIABLE|P0132053000|1|0|1.0|INDIVIDUAL|VARIABLE|P0132053000|1|0|1.0|INDIVIDUAL|VARIABLE|P0132053000|1|0|1.0|INDIVIDUAL|VARIABLE|P0132053000|1|0|1.0|INDIVIDUAL|VARIABLE|P0132053000|1|0|1.0|INDIVIDUAL|VARIABLE|P0132053000|1|0|1.0|INDIVIDUAL|VARIABLE|P0132053000|1|0|1.0|INDIVIDUAL|VARIABLE|P0132053000|1|0|1.0|INDIVIDUAL|VARIABLE|P0132053000|1|0|1.0|INDIVIDUAL|VARIABLE|P0132053000|1|0|1.0|INDIVIDUAL|VARIABLE|P0132053000|1|0|1.0|INDIVIDUAL|VARIABLE|P0132053000|1|0|1.0|INDIVIDUAL|VARIABLE|P0132053000|1|0|1.0|INDIVIDUAL|VARIABLE|P0132053000|1|0|1.0|INDIVIDUAL|VARIABLE|P0132053000|1|0|1.0|INDIVIDUAL|VARIABLE|P0132053000|1|0|1.0|INDIVIDUAL|VARIABLE|P0132053000|1|0|1.0|INDIVIDUAL|VARIABLE|P0132053000|1|0|1.0|INDIVIDUAL|VARIABLE|P0132053000|1|0|1.0|INDIVIDUAL|VARIABLE|P0132053000|1|0|1.0|INDIVIDUAL|VARIABLE|P0132053000|1|0|1.0|INDIVIDUAL|VARIABLE|P0132053000|1|0|1.0|INDIVIDUAL|VARIABLE|P0132053000|1|0|1.0|INDIVIDUAL|VARIABLE|P0132053000|1|0|1.0|INDIVIDUAL|VARIABLE|P0132053000|1|0|1.0|INDIVIDUAL|VARIABLE|P0132053000|1|0|1.0|INDIVIDUAL|VARIABLE|P0132053000|1|0|1.0|INDIVIDUAL|VARIABLE|P0132053000|1|0|1.0|INDIVIDUAL|VARIABLE|P0132053000|1|0|1.0|INDIVIDUAL|VARIABLE|P0132053000|1|0|1.0|INDIVIDUAL|VARIABLE|P0132053000|1|0|1.0|INDIVIDUAL|VARIABLE|P0132053000|1|0|1.0|INDIVIDUAL|VARIABLE|P0132053000|1|0|1.0|INDIVIDUAL|VARIABLE|P0132053000|1|0|1.0|INDIVIDUAL|VARIABLE|P0132053000|1|0|1.0|INDIVIDUAL|VARIABLE|P0132053000|1|0|1.0|INDIVIDUAL|VARIABLE|P0132053000|1|0|1.0|INDIVIDUAL|VARIABLE|P0132053000|1|0|1.0|INDIVIDUAL|VARIABLE|P0132053000|1|0|1.0|INDIVIDUAL|VARIABLE|P0132053000|1|0|1.0|INDIVIDUAL|VARIABLE|P0132053000|1|0|1.0|INDIVIDUAL|VARIABLE|P0132053000|1|0|1.0|INDIVIDUAL|VARIABLE|P0132053000|1|0|1.0|INDIVIDUAL|VARIABLE|P0132053000|1|0|1.0|INDIVIDUAL|VARIABLE|P0132053000|1|0|1.0|INDIVIDUAL|VARIABLE|P0132053000|1|0|1.0|INDIVIDUAL|VARIABLE|P0132053000|1|0|1.0|INDIVIDUAL|VARIABLE|P0132053000|1|0|1.0|INDIVIDUAL|VARIABLE|P0132053000|1|0|1.0|INDIVIDUAL|VARIABLE|P0132053000|1|0|1.0|INDIVIDUAL|VARIABLE|P0132053000|1|0|1.0|INDIVIDUAL|VARIABLE|P0132053000|1|0|1.0|INDIVIDUAL|VARIABLE|P0132053000|1|0|1.0|INDIVIDUAL|VARIABLE|P0132053000|1|0|1.0|INDIVIDUAL|VARIABLE|P0132053000|1|0|1.0|INDIVIDUAL|VARIABLE|P0132053000|1|0|1.0|INDIVIDUAL|VARIABLE|P0132053000|1|0|1.0|INDIVIDUAL|VARIABLE|P0132053000|1|0|1.0|INDIVIDUAL|VARIABLE|P0132053000|1|0|1.0|INDIVIDUAL|VARIABLE|P0132053000|1|0|1.0|INDIVIDUAL|VARIABLE|P0132053000|1|0|1.0|INDIVIDUAL|VARIABLE|P0132053000|1|0|1.0|INDIVIDUAL|VARIABLE|P0132053000|1|0|1.0|INDIVIDUAL|VARIABLE|P0132053000|1|0|1.0|INDIVIDUAL|VARIABLE|P0132053000|1|0|1.0|INDIVIDUAL|VARIABLE|P0132053000|1|0|1.0|INDIVIDUAL|VARIABLE|P0132053000|1|0|1.0|INDIVIDUAL|VARIABLE|P0132053000|1|0|1.0|INDIVIDUAL|VARIABLE|P0132053000|1|0|1.0|INDIVIDUAL|VARIABLE|P0132053000|1|0|1.0|INDIVIDUAL|VARIABLE|P0132053000|1|0|1.0|INDIVIDUAL|VARIABLE|P0132053000|1|0|1.0|INDIVIDUAL|VARIABLE|P0132053000|1|0|1.0|INDIVIDUAL|VARIABLE|P0132053000|1|0|1.0|INDIVIDUAL|VARIABLE|P0132053000|1|0|1.0|INDIVIDUAL|VARIABLE|P0132053000|1|0|1.0|INDIVIDUAL|VARIABLE|P0132053000|1|0|1.0|INDIVIDUAL|VARIABLE|P0132053000|1|0|1.0|INDIVIDUAL|VARIABLE|P0132053000|1|0|1.0|INDIVIDUAL|VARIABLE|P0132053000|1|0|1.0|INDIVIDUAL|VARIABLE|P0132053000|1|0|1.0|INDIVIDUAL|VARIABLE|P0132053000|1|0|1.0|INDIVIDUAL|VARIABLE|P0132053000|1|0|1.0|INDIVIDUAL|VARIABLE|P0132053000|1|0|1.0|INDIVIDUAL|VARIABLE|P0132053000|1|0|1.0|INDIVIDUAL|VARIABLE|P0132053000|1|0|1.0|INDIVIDUAL|VARIABLE|P0132053000|1|0|1.0|INDIVIDUAL|VARIABLE|P0132053000|1|0|1.0|INDIVIDUAL|VARIABLE|P0132053000|1|0|1.0|INDIVIDUAL|VARIABLE|P0132053000|1|0|1.0|INDIVIDUAL|VARIABLE|P0132053000|1|0|1.0|INDIVIDUAL|VARIABLE|P0132053000|1|0|1.0|INDIVIDUAL|VARIABLE|P0132053000|1|0|1.0|INDIVIDUAL|VARIABLE|P0132053000|1|0|1.0|INDIVIDUAL|VARIABLE|P0132053000|1|0|1.0|INDIVIDUAL|VARIABLE|P0132053000|1|0|1.0|INDIVIDUAL|VARIABLE|P0132053000|1|0|1.0|INDIVIDUAL|VARIABLE|P0132053000|1|0|1.0|INDIVIDUAL|VARIABLE|P0132053000|1|0|1.0|INDIVIDUAL|VARIABLE|P0132053000|1|0|1.0|INDIVIDUAL|VARIABLE|P0132053000|1|0|1.0|INDIVIDUAL|VARIABLE|P0132053000|1|0|1.0|INDIVIDUAL|VARIABLE|P0132053000|1|0|1.0|INDIVIDUAL|VARIABLE|P0132053000|1|0|1.0|INDIVIDUAL|VARIABLE|P0132053000|1|0|1.0|INDIVIDUAL|VARIABLE|P0132053000|1|0|1.0|INDIVIDUAL|VARIABLE|P0132053000|1|0|1.0|INDIVIDUAL|VARIABLE|P0132053000|1|0|1.0|INDIVIDUAL|VARIABLE|P0132053000|1|0|1.0|INDIVIDUAL|VARIABLE|P0132053000|1|0|1.0|INDIVIDUAL|VARIABLE|P0132053000|1|0|1.0|INDIVIDUAL|VARIABLE|P0132053000|1|0|1.0|INDIVIDUAL|VARIABLE|P0132053000|1|0|1.0|INDIVIDUAL|VARIABLE|P0132053000|1|0|1.0|INDIVIDUAL|VARIABLE|P0132053000|1|0|1.0|INDIVIDUAL|VARIABLE|P0132053000|1|0|1.0|INDIVIDUAL|VARIABLE|P0132053000|1|0|1.0|INDIVIDUAL|VARIABLE|P0132053000|1|0|1.0|INDIVIDUAL|VARIABLE|P0132053000|1|0|1.0|INDIVIDUAL|VARIABLE|P0132053000|1|0|1.0|INDIVIDUAL|VARIABLE|P0132053000|1|0|1.0|INDIVIDUAL|VARIABLE|P0132053000|1|0|1.0|INDIVIDUAL|VARIABLE|P0132053000|1|0|1.0|INDIVIDUAL|VARIABLE|P0132053000|1|0|1.0|INDIVIDUAL|VARIABLE|P0132053000|1|0|1.0|INDIVIDUAL|VARIABLE|P0132053000|1|0|1.0|INDIVIDUAL|VARIABLE|P0132053000|1|0|1.0|INDIVIDUAL|VARIABLE|P0132053000|1|0|1.0|INDIVIDUAL|VARIABLE|P0132053000|1|0|1.0|INDIVIDUAL|VARIABLE|P0132053000|1|0|1.0|INDIVIDUAL|VARIABLE|P0132053000|1|0|1.0|INDIVIDUAL|VARIABLE|P0132053000|1|0|1.0|INDIVIDUAL|VARIABLE|P0132053000|1|0|1.0|INDIVIDUAL|VARIABLE|P0132053000|1|0|1.0|INDIVIDUAL|VARIABLE|P0132053000|1|0|1.0|INDIVIDUAL|VARIABLE|P0132053000|1|0|1.0|INDIVIDUAL|VARIABLE|P0132053000|1|0|1.0|INDIVIDUAL|VARIABLE|P0132053000|1|0|1.0|INDIVIDUAL|VARIABLE|P0132053000|1|0|1.0|INDIVIDUAL|VARIABLE|P0132053000|1|0|1.0|INDIVIDUAL|VARIABLE|P0132053000|1|0|1.0|INDIVIDUAL|VARIABLE|P0132053000|1|0|1.0|INDIVIDUAL|VARIABLE|P0132053000|1|0|1.0|INDIVIDUAL|VARIABLE|P0132053000|1|0|1.0|INDIVIDUAL|VARIABLE|P0132053000|1|0|1.0|INDIVIDUAL|VARIABLE|P0132053000|1|0|1.0|INDIVIDUAL|VARIABLE|P0132053000|1|0|1.0|INDIVIDUAL|VARIABLE|P0132053000|1|0|1.0|INDIVIDUAL|VARIABLE|P0132053000|1|0|1.0|INDIVIDUAL|VARIABLE|P0132053000|1|0|1.0|INDIVIDUAL|VARIABLE|P0132053000|1|0|1.0|INDIVIDUAL|VARIABLE|P0132053000|1|0|1.0|INDIVIDUAL|VARIABLE|P0132053000|1|0|1.0|INDIVIDUAL|VARIABLE|P0132053000|1|0|1.0|INDIVIDUAL|VARIABLE|P0132053000|1|0|1.0|INDIVIDUAL|VARIABLE|P0132053000|1|0|1.0|INDIVIDUAL|VARIABLE|P0132053000|1|0|1.0|INDIVIDUAL|VARIABLE|P0132053000|1|0|1.0|INDIVIDUAL|VARIABLE|P0132053000|1|0|1.0|INDIVIDUAL|VARIABLE|P0132053000|1|0|1.0|INDIVIDUAL|VARIABLE|P0132053000|1|0|1.0|INDIVIDUAL|VARIABLE|P0132053000|1|0|1.0|INDIVIDUAL|VARIABLE|P0132053000|1|0|1.0|INDIVIDUAL|VARIABLE|P0132053000|1|0|1.0|INDIVIDUAL|VARIABLE|P0132053000|1|0|1.0|INDIVIDUAL|VARIABLE|P0132053000|1|0|1.0|INDIVIDUAL|VARIABLE|P0132053000|1|0|1.0|INDIVIDUAL|VARIABLE|P0132053000|1|0|1.0|INDIVIDUAL|VARIABLE|P0132053000|1|0|1.0|INDIVIDUAL|VARIABLE|P0132053000|1|0|1.0|INDIVIDUAL|VARIABLE|P0132053000|1|0|1.0|INDIVIDUAL|VARIABLE|P0132053000|1|0|1.0|INDIVIDUAL|VARIABLE|P0132053000|1|0|1.0|INDIVIDUAL|VARIABLE|P0132053000|1|0|1.0|INDIVIDUAL|VARIABLE|P0132053000|1|0|1.0|INDIVIDUAL|VARIABLE|P0132053000|1|0|1.0|INDIVIDUAL|VARIABLE|P0132053000|1|0|1.0|INDIVIDUAL|VARIABLE|P0132053000|1|0|1.0|INDIVIDUAL|VARIABLE|P0132053000|1|0|1.0|INDIVIDUAL|VARIABLE|P0132053000|1|0|1.0|INDIVIDUAL|VARIABLE|P0132053000|1|0|1.0|INDIVIDUAL|VARIABLE|P0132053000|1|0|1.0|INDIVIDUAL|VARIABLE|P0132053000|1|0|1.0|INDIVIDUAL|VARIABLE|P0132053000|1|0|1.0|INDIVIDUAL|VARIABLE|P0132053000|1|0|1.0|INDIVIDUAL|VARIABLE|P0132053000|1|0|1.0|INDIVIDUAL|VARIABLE|P0132053000|1|0|1.0|INDIVIDUAL|VARIABLE|P0132053000|1|0|1.0|INDIVIDUAL|VARIABLE|P0132053000|1|0|1.0|INDIVIDUAL|VARIABLE|P0132053000|1|0|1.0|INDIVIDUAL|VARIABLE|P0132053000|1|0|1.0|INDIVIDUAL|VARIABLE|P0132053000|1|0|1.0|INDIVIDUAL|VARIABLE|P0132053000|1|0|1.0|INDIVIDUAL|VARIABLE|P0132053000|1|0|1.0|INDIVIDUAL|VARIABLE|P0132053000|1|0|1.0|INDIVIDUAL|VARIABLE|P0132053000|1|0|1.0|INDIVIDUAL|VARIABLE|P0132053000|1|0|1.0|INDIVIDUAL|VARIABLE|P0132053000|1|0|1.0|INDIVIDUAL|VARIABLE|P0132053000|1|0|1.0|INDIVIDUAL|VARIABLE|P0132053000|1|0|1.0|INDIVIDUAL|VARIABLE|P0132053000|1|0|1.0|INDIVIDUAL|VARIABLE|P0132053000|1|0|1.0|INDIVIDUAL|VARIABLE|P0132053000|1|0|1.0|INDIVIDUAL|VARIABLE|P0132053000|1|0|1.0|INDIVIDUAL|VARIABLE|P0132053000|1|0|1.0|INDIVIDUAL|VARIABLE|P0132053000|1|0|1.0|INDIVIDUAL|VARIABLE|P0132053000|1|0|1.0|INDIVIDUAL|VARIABLE|P0132053000|1|0|1.0|INDIVIDUAL|VARIABLE|P0132053000|1|0|1.0|INDIVIDUAL|VARIABLE|P0132053000|1|0|1.0|INDIVIDUAL|VARIABLE|P0132053000|1|0|1.0|INDIVIDUAL|VARIABLE|P0132053000|1|0|1.0|INDIVIDUAL|VARIABLE|P0132053000|1|0|1.0|INDIVIDUAL|VARIABLE|P0132053000|1|0|1.0
319,INDIVIDUAL|VARIABLE|P0132059003|1|0|1.0|INDIVIDUAL|VARIABLE|P0132059003|1|0|1.0|INDIVIDUAL|VARIABLE|P0132059003|1|0|1.0|INDIVIDUAL|VARIABLE|P0132059003|1|0|1.0|INDIVIDUAL|VARIABLE|P0132059003|1|0|1.0|INDIVIDUAL|VARIABLE|P0132059003|1|0|1.0|INDIVIDUAL|VARIABLE|P0132059003|1|0|1.0|INDIVIDUAL|VARIABLE|P0132059003|1|0|1.0|INDIVIDUAL|VARIABLE|P0132059003|1|0|1.0|INDIVIDUAL|VARIABLE|P0132059003|1|0|1.0|INDIVIDUAL|VARIABLE|P0132059003|1|0|1.0|INDIVIDUAL|VARIABLE|P0132059003|1|0|1.0|INDIVIDUAL|VARIABLE|P0132059003|1|0|1.0|INDIVIDUAL|VARIABLE|P0132059003|1|0|1.0|INDIVIDUAL|VARIABLE|P0132059003|1|0|1.0|INDIVIDUAL|VARIABLE|P0132059003|1|0|1.0|INDIVIDUAL|VARIABLE|P0132059003|1|0|1.0|INDIVIDUAL|VARIABLE|P0132059003|1|0|1.0|INDIVIDUAL|VARIABLE|P0132059003|1|0|1.0|INDIVIDUAL|VARIABLE|P0132059003|1|0|1.0|INDIVIDUAL|VARIABLE|P0132059003|1|0|1.0|INDIVIDUAL|VARIABLE|P0132059003|1|0|1.0|INDIVIDUAL|VARIABLE|P0132059003|1|0|1.0|INDIVIDUAL|VARIABLE|P0132059003|1|0|1.0|INDIVIDUAL|VARIABLE|P0132059003|1|0|1.0|INDIVIDUAL|VARIABLE|P0132059003|1|0|1.0|INDIVIDUAL|VARIABLE|P0132059003|1|0|1.0|INDIVIDUAL|VARIABLE|P0132059003|1|0|1.0|INDIVIDUAL|VARIABLE|P0132059003|1|0|1.0|INDIVIDUAL|VARIABLE|P0132059003|1|0|1.0|INDIVIDUAL|VARIABLE|P0132059003|1|0|1.0|INDIVIDUAL|VARIABLE|P0132059003|1|0|1.0|INDIVIDUAL|VARIABLE|P0132059003|1|0|1.0|INDIVIDUAL|VARIABLE|P0132059003|1|0|1.0|INDIVIDUAL|VARIABLE|P0132059003|1|0|1.0|INDIVIDUAL|VARIABLE|P0132059003|1|0|1.0|INDIVIDUAL|VARIABLE|P0132059003|1|0|1.0|INDIVIDUAL|VARIABLE|P0132059003|1|0|1.0|INDIVIDUAL|VARIABLE|P0132059003|1|0|1.0|INDIVIDUAL|VARIABLE|P0132059003|1|0|1.0|INDIVIDUAL|VARIABLE|P0132059003|1|0|1.0|INDIVIDUAL|VARIABLE|P0132059003|1|0|1.0|INDIVIDUAL|VARIABLE|P0132059003|1|0|1.0|INDIVIDUAL|VARIABLE|P0132059003|1|0|1.0|INDIVIDUAL|VARIABLE|P0132059003|1|0|1.0|INDIVIDUAL|VARIABLE|P0132059003|1|0|1.0|INDIVIDUAL|VARIABLE|P0132059003|1|0|1.0|INDIVIDUAL|VARIABLE|P0132059003|1|0|1.0|INDIVIDUAL|VARIABLE|P0132059003|1|0|1.0|INDIVIDUAL|VARIABLE|P0132059003|1|0|1.0|INDIVIDUAL|VARIABLE|P0132059003|1|0|1.0|INDIVIDUAL|VARIABLE|P0132059003|1|0|1.0|INDIVIDUAL|VARIABLE|P0132059003|1|0|1.0|INDIVIDUAL|VARIABLE|P0132059003|1|0|1.0|INDIVIDUAL|VARIABLE|P0132059003|1|0|1.0|INDIVIDUAL|VARIABLE|P0132059003|1|0|1.0|INDIVIDUAL|VARIABLE|P0132059003|1|0|1.0|INDIVIDUAL|VARIABLE|P0132059003|1|0|1.0|INDIVIDUAL|VARIABLE|P0132059003|1|0|1.0|INDIVIDUAL|VARIABLE|P0132059003|1|0|1.0
320,INDIVIDUAL|VARIABLE|P0132059007|1|0|1.0|INDIVIDUAL|VARIABLE|P0132059007|1|0|1.0|INDIVIDUAL|VARIABLE|P0132059007|1|0|1.0|INDIVIDUAL|VARIABLE|P0132059007|1|0|1.0|INDIVIDUAL|VARIABLE|P0132059007|1|0|1.0|INDIVIDUAL|VARIABLE|P0132059007|1|0|1.0|INDIVIDUAL|VARIABLE|P0132059007|1|0|1.0|INDIVIDUAL|VARIABLE|P0132059007|1|0|1.0|INDIVIDUAL|VARIABLE|P0132059007|1|0|1.0|INDIVIDUAL|VARIABLE|P0132059007|1|0|1.0|INDIVIDUAL|VARIABLE|P0132059007|1|0|1.0|INDIVIDUAL|VARIABLE|P0132059007|1|0|1.0|INDIVIDUAL|VARIABLE|P0132059007|1|0|1.0|INDIVIDUAL|VARIABLE|P0132059007|1|0|1.0|INDIVIDUAL|VARIABLE|P0132059007|1|0|1.0|INDIVIDUAL|VARIABLE|P0132059007|1|0|1.0|INDIVIDUAL|VARIABLE|P0132059007|1|0|1.0|INDIVIDUAL|VARIABLE|P0132059007|1|0|1.0|INDIVIDUAL|VARIABLE|P0132059007|1|0|1.0|INDIVIDUAL|VARIABLE|P0132059007|1|0|1.0|INDIVIDUAL|VARIABLE|P0132059007|1|0|1.0|INDIVIDUAL|VARIABLE|P0132059007|1|0|1.0|INDIVIDUAL|VARIABLE|P0132059007|1|0|1.0|INDIVIDUAL|VARIABLE|P0132059007|1|0|1.0|INDIVIDUAL|VARIABLE|P0132059007|1|0|1.0|INDIVIDUAL|VARIABLE|P0132059007|1|0|1.0|INDIVIDUAL|VARIABLE|P0132059007|1|0|1.0|INDIVIDUAL|VARIABLE|P0132059007|1|0|1.0|INDIVIDUAL|VARIABLE|P0132059007|1|0|1.0|INDIVIDUAL|VARIABLE|P0132059007|1|0|1.0|INDIVIDUAL|VARIABLE|P0132059007|1|0|1.0|INDIVIDUAL|VARIABLE|P0132059007|1|0|1.0|INDIVIDUAL|VARIABLE|P0132059007|1|0|1.0|INDIVIDUAL|VARIABLE|P0132059007|1|0|1.0|INDIVIDUAL|VARIABLE|P0132059007|1|0|1.0|INDIVIDUAL|VARIABLE|P0132059007|1|0|1.0
321,INDIVIDUAL|VARIABLE|P0132058006|1|0|1.0|INDIVIDUAL|VARIABLE|P0132058006|1|0|1.0|INDIVIDUAL|VARIABLE|P0132058006|1|0|1.0|INDIVIDUAL|VARIABLE|P0132058006|1|0|1.0|INDIVIDUAL|VARIABLE|P0132058006|1|0|1.0|INDIVIDUAL|VARIABLE|P0132058006|1|0|1.0|INDIVIDUAL|VARIABLE|P0132058006|1|0|1.0|INDIVIDUAL|VARIABLE|P0132058006|1|0|1.0|INDIVIDUAL|VARIABLE|P0132058006|1|0|1.0|INDIVIDUAL|VARIABLE|P0132058006|1|0|1.0|INDIVIDUAL|VARIABLE|P0132058006|1|0|1.0|INDIVIDUAL|VARIABLE|P0132058006|1|0|1.0|INDIVIDUAL|VARIABLE|P0132058006|1|0|1.0|INDIVIDUAL|VARIABLE|P0132058006|1|0|1.0|INDIVIDUAL|VARIABLE|P0132058006|1|0|1.0|INDIVIDUAL|VARIABLE|P0132058006|1|0|1.0|INDIVIDUAL|VARIABLE|P0132058006|1|0|1.0|INDIVIDUAL|VARIABLE|P0132058006|1|0|1.0|INDIVIDUAL|VARIABLE|P0132058006|1|0|1.0|INDIVIDUAL|VARIABLE|P0132058006|1|0|1.0|INDIVIDUAL|VARIABLE|P0132058006|1|0|1.0|INDIVIDUAL|VARIABLE|P0132058006|1|0|1.0|INDIVIDUAL|VARIABLE|P0132058006|1|0|1.0|INDIVIDUAL|VARIABLE|P0132058006|1|0|1.0|INDIVIDUAL|VARIABLE|P0132058006|1|0|1.0|INDIVIDUAL|VARIABLE|P0132058006|1|0|1.0|INDIVIDUAL|VARIABLE|P0132058006|1|0|1.0|INDIVIDUAL|VARIABLE|P0132058006|1|0|1.0|INDIVIDUAL|VARIABLE|P0132058006|1|0|1.0|INDIVIDUAL|VARIABLE|P0132058006|1|0|1.0|INDIVIDUAL|VARIABLE|P0132058006|1|0|1.0|INDIVIDUAL|VARIABLE|P0132058006|1|0|1.0|INDIVIDUAL|VARIABLE|P0132058006|1|0|1.0|INDIVIDUAL|VARIABLE|P0132058006|1|0|1.0|INDIVIDUAL|VARIABLE|P0132058006|1|0|1.0|INDIVIDUAL|VARIABLE|P0132058006|1|0|1.0|INDIVIDUAL|VARIABLE|P0132058006|1|0|1.0|INDIVIDUAL|VARIABLE|P0132058006|1|0|1.0|INDIVIDUAL|VARIABLE|P0132058006|1|0|1.0|INDIVIDUAL|VARIABLE|P0132058006|1|0|1.0|INDIVIDUAL|VARIABLE|P0132058006|1|0|1.0|INDIVIDUAL|VARIABLE|P0132058006|1|0|1.0|INDIVIDUAL|VARIABLE|P0132058006|1|0|1.0|INDIVIDUAL|VARIABLE|P0132058006|1|0|1.0|INDIVIDUAL|VARIABLE|P0132058006|1|0|1.0|INDIVIDUAL|VARIABLE|P0132058006|1|0|1.0|INDIVIDUAL|VARIABLE|P0132058006|1|0|1.0|INDIVIDUAL|VARIABLE|P0132058006|1|0|1.0|INDIVIDUAL|VARIABLE|P0132058006|1|0|1.0|INDIVIDUAL|VARIABLE|P0132058006|1|0|1.0|INDIVIDUAL|VARIABLE|P0132058006|1|0|1.0|INDIVIDUAL|VARIABLE|P0132058006|1|0|1.0|INDIVIDUAL|VARIABLE|P0132058006|1|0|1.0|INDIVIDUAL|VARIABLE|P0132058006|1|0|1.0|INDIVIDUAL|VARIABLE|P0132058006|1|0|1.0|INDIVIDUAL|VARIABLE|P0132058006|1|0|1.0|INDIVIDUAL|VARIABLE|P0132058006|1|0|1.0|INDIVIDUAL|VARIABLE|P0132058006|1|0|1.0|INDIVIDUAL|VARIABLE|P0132058006|1|0|1.0|INDIVIDUAL|VARIABLE|P0132058006|1|0|1.0
322,INDIVIDUAL|VARIABLE|P0132060002|1|0|1.0|INDIVIDUAL|VARIABLE|P0132060002|1|0|1.0|INDIVIDUAL|VARIABLE|P0132060002|1|0|1.0|INDIVIDUAL|VARIABLE|P0132060002|1|0|1.0|INDIVIDUAL|VARIABLE|P0132060002|1|0|1.0|INDIVIDUAL|VARIABLE|P0132060002|1|0|1.0|INDIVIDUAL|VARIABLE|P0132060002|1|0|1.0|INDIVIDUAL|VARIABLE|P0132060002|1|0|1.0|INDIVIDUAL|VARIABLE|P0132060002|1|0|1.0|INDIVIDUAL|VARIABLE|P0132060002|1|0|1.0|INDIVIDUAL|VARIABLE|P0132060002|1|0|1.0|INDIVIDUAL|VARIABLE|P0132060002|1|0|1.0|INDIVIDUAL|VARIABLE|P0132060002|1|0|1.0|INDIVIDUAL|VARIABLE|P0132060002|1|0|1.0|INDIVIDUAL|VARIABLE|P0132060002|1|0|1.0|INDIVIDUAL|VARIABLE|P0132060002|1|0|1.0|INDIVIDUAL|VARIABLE|P0132060002|1|0|1.0|INDIVIDUAL|VARIABLE|P0132060002|1|0|1.0|INDIVIDUAL|VARIABLE|P0132060002|1|0|1.0|INDIVIDUAL|VARIABLE|P0132060002|1|0|1.0|INDIVIDUAL|VARIABLE|P0132060002|1|0|1.0|INDIVIDUAL|VARIABLE|P0132060002|1|0|1.0|INDIVIDUAL|VARIABLE|P0132060002|1|0|1.0|INDIVIDUAL|VARIABLE|P0132060002|1|0|1.0|INDIVIDUAL|VARIABLE|P0132060002|1|0|1.0|INDIVIDUAL|VARIABLE|P0132060002|1|0|1.0|INDIVIDUAL|VARIABLE|P0132060002|1|0|1.0|INDIVIDUAL|VARIABLE|P0132060002|1|0|1.0|INDIVIDUAL|VARIABLE|P0132060002|1|0|1.0|INDIVIDUAL|VARIABLE|P0132060002|1|0|1.0|INDIVIDUAL|VARIABLE|P0132060002|1|0|1.0|INDIVIDUAL|VARIABLE|P0132060002|1|0|1.0|INDIVIDUAL|VARIABLE|P0132060002|1|0|1.0|INDIVIDUAL|VARIABLE|P0132060002|1|0|1.0|INDIVIDUAL|VARIABLE|P0132060002|1|0|1.0|INDIVIDUAL|VARIABLE|P0132060002|1|0|1.0
323,INDIVIDUAL|VARIABLE|P0132050000|1|0|1.0|INDIVIDUAL|VARIABLE|P0132050000|1|0|1.0|INDIVIDUAL|VARIABLE|P0132050000|1|0|1.0|INDIVIDUAL|VARIABLE|P0132050000|1|0|1.0|INDIVIDUAL|VARIABLE|P0132050000|1|0|1.0|INDIVIDUAL|VARIABLE|P0132050000|1|0|1.0|INDIVIDUAL|VARIABLE|P0132050000|1|0|1.0|INDIVIDUAL|VARIABLE|P0132050000|1|0|1.0|INDIVIDUAL|VARIABLE|P0132050000|1|0|1.0|INDIVIDUAL|VARIABLE|P0132050000|1|0|1.0|INDIVIDUAL|VARIABLE|P0132050000|1|0|1.0|INDIVIDUAL|VARIABLE|P0132050000|1|0|1.0|INDIVIDUAL|VARIABLE|P0132050000|1|0|1.0|INDIVIDUAL|VARIABLE|P0132050000|1|0|1.0|INDIVIDUAL|VARIABLE|P0132050000|1|0|1.0|INDIVIDUAL|VARIABLE|P0132050000|1|0|1.0|INDIVIDUAL|VARIABLE|P0132050000|1|0|1.0|INDIVIDUAL|VARIABLE|P0132050000|1|0|1.0|INDIVIDUAL|VARIABLE|P0132050000|1|0|1.0|INDIVIDUAL|VARIABLE|P0132050000|1|0|1.0|INDIVIDUAL|VARIABLE|P0132050000|1|0|1.0|INDIVIDUAL|VARIABLE|P0132050000|1|0|1.0|INDIVIDUAL|VARIABLE|P0132050000|1|0|1.0|INDIVIDUAL|VARIABLE|P0132050000|1|0|1.0|INDIVIDUAL|VARIABLE|P0132050000|1|0|1.0|INDIVIDUAL|VARIABLE|P0132050000|1|0|1.0|INDIVIDUAL|VARIABLE|P0132050000|1|0|1.0|INDIVIDUAL|VARIABLE|P0132050000|1|0|1.0|INDIVIDUAL|VARIABLE|P0132050000|1|0|1.0|INDIVIDUAL|VARIABLE|P0132050000|1|0|1.0|INDIVIDUAL|VARIABLE|P0132050000|1|0|1.0|INDIVIDUAL|VARIABLE|P0132050000|1|0|1.0|INDIVIDUAL|VARIABLE|P0132050000|1|0|1.0|INDIVIDUAL|VARIABLE|P0132050000|1|0|1.0|INDIVIDUAL|VARIABLE|P0132050000|1|0|1.0|INDIVIDUAL|VARIABLE|P0132050000|1|0|1.0|INDIVIDUAL|VARIABLE|P0132050000|1|0|1.0|INDIVIDUAL|VARIABLE|P0132050000|1|0|1.0|INDIVIDUAL|VARIABLE|P0132050000|1|0|1.0|INDIVIDUAL|VARIABLE|P0132050000|1|0|1.0|INDIVIDUAL|VARIABLE|P0132050000|1|0|1.0|INDIVIDUAL|VARIABLE|P0132050000|1|0|1.0|INDIVIDUAL|VARIABLE|P0132050000|1|0|1.0|INDIVIDUAL|VARIABLE|P0132050000|1|0|1.0|INDIVIDUAL|VARIABLE|P0132050000|1|0|1.0|INDIVIDUAL|VARIABLE|P0132050000|1|0|1.0|INDIVIDUAL|VARIABLE|P0132050000|1|0|1.0|INDIVIDUAL|VARIABLE|P0132050000|1|0|1.0|INDIVIDUAL|VARIABLE|P0132050000|1|0|1.0|INDIVIDUAL|VARIABLE|P0132050000|1|0|1.0|INDIVIDUAL|VARIABLE|P0132050000|1|0|1.0|INDIVIDUAL|VARIABLE|P0132050000|1|0|1.0|INDIVIDUAL|VARIABLE|P0132050000|1|0|1.0|INDIVIDUAL|VARIABLE|P0132050000|1|0|1.0|INDIVIDUAL|VARIABLE|P0132050000|1|0|1.0|INDIVIDUAL|VARIABLE|P0132050000|1|0|1.0|INDIVIDUAL|VARIABLE|P0132050000|1|0|1.0|INDIVIDUAL|VARIABLE|P0132050000|1|0|1.0|INDIVIDUAL|VARIABLE|P0132050000|1|0|1.0|INDIVIDUAL|VARIABLE|P0132050000|1|0|1.0|INDIVIDUAL|VARIABLE|P0132050000|1|0|1.0|INDIVIDUAL|VARIABLE|P0132050000|1|0|1.0|INDIVIDUAL|VARIABLE|P0132050000|1|0|1.0|INDIVIDUAL|VARIABLE|P0132050000|1|0|1.0|INDIVIDUAL|VARIABLE|P0132050000|1|0|1.0|INDIVIDUAL|VARIABLE|P0132050000|1|0|1.0|INDIVIDUAL|VARIABLE|P0132050000|1|0|1.0|INDIVIDUAL|VARIABLE|P0132050000|1|0|1.0|INDIVIDUAL|VARIABLE|P0132050000|1|0|1.0|INDIVIDUAL|VARIABLE|P0132050000|1|0|1.0|INDIVIDUAL|VARIABLE|P0132050000|1|0|1.0|INDIVIDUAL|VARIABLE|P0132050000|1|0|1.0|INDIVIDUAL|VARIABLE|P0132050000|1|0|1.0|INDIVIDUAL|VARIABLE|P0132050000|1|0|1.0|INDIVIDUAL|VARIABLE|P0132050000|1|0|1.0|INDIVIDUAL|VARIABLE|P0132050000|1|0|1.0|INDIVIDUAL|VARIABLE|P0132050000|1|0|1.0|INDIVIDUAL|VARIABLE|P0132050000|1|0|1.0|INDIVIDUAL|VARIABLE|P0132050000|1|0|1.0|INDIVIDUAL|VARIABLE|P0132050000|1|0|1.0|INDIVIDUAL|VARIABLE|P0132050000|1|0|1.0|INDIVIDUAL|VARIABLE|P0132050000|1|0|1.0|INDIVIDUAL|VARIABLE|P0132050000|1|0|1.0|INDIVIDUAL|VARIABLE|P0132050000|1|0|1.0|INDIVIDUAL|VARIABLE|P0132050000|1|0|1.0|INDIVIDUAL|VARIABLE|P0132050000|1|0|1.0|INDIVIDUAL|VARIABLE|P0132050000|1|0|1.0|INDIVIDUAL|VARIABLE|P0132050000|1|0|1.0|INDIVIDUAL|VARIABLE|P0132050000|1|0|1.0|INDIVIDUAL|VARIABLE|P0132050000|1|0|1.0|INDIVIDUAL|VARIABLE|P0132050000|1|0|1.0|INDIVIDUAL|VARIABLE|P0132050000|1|0|1.0|INDIVIDUAL|VARIABLE|P0132050000|1|0|1.0|INDIVIDUAL|VARIABLE|P0132050000|1|0|1.0|INDIVIDUAL|VARIABLE|P0132050000|1|0|1.0|INDIVIDUAL|VARIABLE|P0132050000|1|0|1.0|INDIVIDUAL|VARIABLE|P0132050000|1|0|1.0|INDIVIDUAL|VARIABLE|P0132050000|1|0|1.0|INDIVIDUAL|VARIABLE|P0132050000|1|0|1.0|INDIVIDUAL|VARIABLE|P0132050000|1|0|1.0|INDIVIDUAL|VARIABLE|P0132050000|1|0|1.0|INDIVIDUAL|VARIABLE|P0132050000|1|0|1.0|INDIVIDUAL|VARIABLE|P0132050000|1|0|1.0|INDIVIDUAL|VARIABLE|P0132050000|1|0|1.0|INDIVIDUAL|VARIABLE|P0132050000|1|0|1.0|INDIVIDUAL|VARIABLE|P0132050000|1|0|1.0|INDIVIDUAL|VARIABLE|P0132050000|1|0|1.0|INDIVIDUAL|VARIABLE|P0132050000|1|0|1.0|INDIVIDUAL|VARIABLE|P0132050000|1|0|1.0|INDIVIDUAL|VARIABLE|P0132050000|1|0|1.0|INDIVIDUAL|VARIABLE|P0132050000|1|0|1.0|INDIVIDUAL|VARIABLE|P0132050000|1|0|1.0|INDIVIDUAL|VARIABLE|P0132050000|1|0|1.0|INDIVIDUAL|VARIABLE|P0132050000|1|0|1.0|INDIVIDUAL|VARIABLE|P0132050000|1|0|1.0|INDIVIDUAL|VARIABLE|P0132050000|1|0|1.0|INDIVIDUAL|VARIABLE|P0132050000|1|0|1.0|INDIVIDUAL|VARIABLE|P0132050000|1|0|1.0|INDIVIDUAL|VARIABLE|P0132050000|1|0|1.0|INDIVIDUAL|VARIABLE|P0132050000|1|0|1.0
324,INDIVIDUAL|VARIABLE|P0216050000|1|0|1.0|INDIVIDUAL|VARIABLE|P0216050000|1|0|1.0|INDIVIDUAL|VARIABLE|P0216050000|1|0|1.0|INDIVIDUAL|VARIABLE|P0216050000|1|0|1.0|INDIVIDUAL|VARIABLE|P0216050000|1|0|1.0|INDIVIDUAL|VARIABLE|P0216050000|1|0|1.0|INDIVIDUAL|VARIABLE|P0216050000|1|0|1.0|INDIVIDUAL|VARIABLE|P0216050000|1|0|1.0|INDIVIDUAL|VARIABLE|P0216050000|1|0|1.0|INDIVIDUAL|VARIABLE|P0216050000|1|0|1.0|INDIVIDUAL|VARIABLE|P0216050000|1|0|1.0|INDIVIDUAL|VARIABLE|P0216050000|1|0|1.0|INDIVIDUAL|VARIABLE|P0216050000|1|0|1.0|INDIVIDUAL|VARIABLE|P0216050000|1|0|1.0|INDIVIDUAL|VARIABLE|P0216050000|1|0|1.0|INDIVIDUAL|VARIABLE|P0216050000|1|0|1.0|INDIVIDUAL|VARIABLE|P0216050000|1|0|1.0|INDIVIDUAL|VARIABLE|P0216050000|1|0|1.0|INDIVIDUAL|VARIABLE|P0216050000|1|0|1.0|INDIVIDUAL|VARIABLE|P0216050000|1|0|1.0|INDIVIDUAL|VARIABLE|P0216050000|1|0|1.0|INDIVIDUAL|VARIABLE|P0216050000|1|0|1.0|INDIVIDUAL|VARIABLE|P0216050000|1|0|1.0|INDIVIDUAL|VARIABLE|P0216050000|1|0|1.0|INDIVIDUAL|VARIABLE|P0216050000|1|0|1.0|INDIVIDUAL|VARIABLE|P0216050000|1|0|1.0|INDIVIDUAL|VARIABLE|P0216050000|1|0|1.0|INDIVIDUAL|VARIABLE|P0216050000|1|0|1.0|INDIVIDUAL|VARIABLE|P0216050000|1|0|1.0|INDIVIDUAL|VARIABLE|P0216050000|1|0|1.0|INDIVIDUAL|VARIABLE|P0216050000|1|0|1.0|INDIVIDUAL|VARIABLE|P0216050000|1|0|1.0|INDIVIDUAL|VARIABLE|P0216050000|1|0|1.0|INDIVIDUAL|VARIABLE|P0216050000|1|0|1.0|INDIVIDUAL|VARIABLE|P0216050000|1|0|1.0|INDIVIDUAL|VARIABLE|P0216050000|1|0|1.0|INDIVIDUAL|VARIABLE|P0216050000|1|0|1.0|INDIVIDUAL|VARIABLE|P0216050000|1|0|1.0|INDIVIDUAL|VARIABLE|P0216050000|1|0|1.0|INDIVIDUAL|VARIABLE|P0216050000|1|0|1.0|INDIVIDUAL|VARIABLE|P0216050000|1|0|1.0|INDIVIDUAL|VARIABLE|P0216050000|1|0|1.0|INDIVIDUAL|VARIABLE|P0216050000|1|0|1.0|INDIVIDUAL|VARIABLE|P0216050000|1|0|1.0|INDIVIDUAL|VARIABLE|P0216050000|1|0|1.0|INDIVIDUAL|VARIABLE|P0216050000|1|0|1.0|INDIVIDUAL|VARIABLE|P0216050000|1|0|1.0|INDIVIDUAL|VARIABLE|P0216050000|1|0|1.0|INDIVIDUAL|VARIABLE|P0216050000|1|0|1.0|INDIVIDUAL|VARIABLE|P0216050000|1|0|1.0|INDIVIDUAL|VARIABLE|P0216050000|1|0|1.0|INDIVIDUAL|VARIABLE|P0216050000|1|0|1.0|INDIVIDUAL|VARIABLE|P0216050000|1|0|1.0|INDIVIDUAL|VARIABLE|P0216050000|1|0|1.0|INDIVIDUAL|VARIABLE|P0216050000|1|0|1.0|INDIVIDUAL|VARIABLE|P0216050000|1|0|1.0|INDIVIDUAL|VARIABLE|P0216050000|1|0|1.0|INDIVIDUAL|VARIABLE|P0216050000|1|0|1.0|INDIVIDUAL|VARIABLE|P0216050000|1|0|1.0|INDIVIDUAL|VARIABLE|P0216050000|1|0|1.0|INDIVIDUAL|VARIABLE|P0216050000|1|0|1.0|INDIVIDUAL|VARIABLE|P0216050000|1|0|1.0|INDIVIDUAL|VARIABLE|P0216050000|1|0|1.0|INDIVIDUAL|VARIABLE|P0216050000|1|0|1.0|INDIVIDUAL|VARIABLE|P0216050000|1|0|1.0|INDIVIDUAL|VARIABLE|P0216050000|1|0|1.0
325,INDIVIDUAL|VARIABLE|P0194056000|1|0|1.0|INDIVIDUAL|VARIABLE|P0194056000|1|0|1.0|INDIVIDUAL|VARIABLE|P0194056000|1|0|1.0|INDIVIDUAL|VARIABLE|P0194056000|1|0|1.0|INDIVIDUAL|VARIABLE|P0194056000|1|0|1.0|INDIVIDUAL|VARIABLE|P0194056000|1|0|1.0|INDIVIDUAL|VARIABLE|P0194056000|1|0|1.0|INDIVIDUAL|VARIABLE|P0194056000|1|0|1.0|INDIVIDUAL|VARIABLE|P0194056000|1|0|1.0|INDIVIDUAL|VARIABLE|P0194056000|1|0|1.0|INDIVIDUAL|VARIABLE|P0194056000|1|0|1.0|INDIVIDUAL|VARIABLE|P0194056000|1|0|1.0|INDIVIDUAL|VARIABLE|P0194056000|1|0|1.0|INDIVIDUAL|VARIABLE|P0194056000|1|0|1.0|INDIVIDUAL|VARIABLE|P0194056000|1|0|1.0|INDIVIDUAL|VARIABLE|P0194056000|1|0|1.0|INDIVIDUAL|VARIABLE|P0194056000|1|0|1.0|INDIVIDUAL|VARIABLE|P0194056000|1|0|1.0|INDIVIDUAL|VARIABLE|P0194056000|1|0|1.0|INDIVIDUAL|VARIABLE|P0194056000|1|0|1.0|INDIVIDUAL|VARIABLE|P0194056000|1|0|1.0|INDIVIDUAL|VARIABLE|P0194056000|1|0|1.0|INDIVIDUAL|VARIABLE|P0194056000|1|0|1.0|INDIVIDUAL|VARIABLE|P0194056000|1|0|1.0|INDIVIDUAL|VARIABLE|P0194056000|1|0|1.0|INDIVIDUAL|VARIABLE|P0194056000|1|0|1.0|INDIVIDUAL|VARIABLE|P0194056000|1|0|1.0|INDIVIDUAL|VARIABLE|P0194056000|1|0|1.0|INDIVIDUAL|VARIABLE|P0194056000|1|0|1.0|INDIVIDUAL|VARIABLE|P0194056000|1|0|1.0|INDIVIDUAL|VARIABLE|P0194056000|1|0|1.0|INDIVIDUAL|VARIABLE|P0194056000|1|0|1.0|INDIVIDUAL|VARIABLE|P0194056000|1|0|1.0|INDIVIDUAL|VARIABLE|P0194056000|1|0|1.0|INDIVIDUAL|VARIABLE|P0194056000|1|0|1.0|INDIVIDUAL|VARIABLE|P0194056000|1|0|1.0|INDIVIDUAL|VARIABLE|P0194056000|1|0|1.0|INDIVIDUAL|VARIABLE|P0194056000|1|0|1.0|INDIVIDUAL|VARIABLE|P0194056000|1|0|1.0|INDIVIDUAL|VARIABLE|P0194056000|1|0|1.0|INDIVIDUAL|VARIABLE|P0194056000|1|0|1.0|INDIVIDUAL|VARIABLE|P0194056000|1|0|1.0|INDIVIDUAL|VARIABLE|P0194056000|1|0|1.0|INDIVIDUAL|VARIABLE|P0194056000|1|0|1.0|INDIVIDUAL|VARIABLE|P0194056000|1|0|1.0|INDIVIDUAL|VARIABLE|P0194056000|1|0|1.0|INDIVIDUAL|VARIABLE|P0194056000|1|0|1.0|INDIVIDUAL|VARIABLE|P0194056000|1|0|1.0
326,INDIVIDUAL|VARIABLE|P0197132000|1|0|1.0|INDIVIDUAL|VARIABLE|P0197132000|1|0|1.0|INDIVIDUAL|VARIABLE|P0197132000|1|0|1.0|INDIVIDUAL|VARIABLE|P0197132000|1|0|1.0|INDIVIDUAL|VARIABLE|P0197132000|1|0|1.0|INDIVIDUAL|VARIABLE|P0197132000|1|0|1.0|INDIVIDUAL|VARIABLE|P0197132000|1|0|1.0|INDIVIDUAL|VARIABLE|P0197132000|1|0|1.0|INDIVIDUAL|VARIABLE|P0197132000|1|0|1.0|INDIVIDUAL|VARIABLE|P0197132000|1|0|1.0|INDIVIDUAL|VARIABLE|P0197132000|1|0|1.0|INDIVIDUAL|VARIABLE|P0197132000|1|0|1.0|INDIVIDUAL|VARIABLE|P0197132000|1|0|1.0|INDIVIDUAL|VARIABLE|P0197132000|1|0|1.0|INDIVIDUAL|VARIABLE|P0197132000|1|0|1.0|INDIVIDUAL|VARIABLE|P0197132000|1|0|1.0|INDIVIDUAL|VARIABLE|P0197132000|1|0|1.0|INDIVIDUAL|VARIABLE|P0197132000|1|0|1.0|INDIVIDUAL|VARIABLE|P0197132000|1|0|1.0|INDIVIDUAL|VARIABLE|P0197132000|1|0|1.0|INDIVIDUAL|VARIABLE|P0197132000|1|0|1.0|INDIVIDUAL|VARIABLE|P0197132000|1|0|1.0|INDIVIDUAL|VARIABLE|P0197132000|1|0|1.0|INDIVIDUAL|VARIABLE|P0197132000|1|0|1.0|INDIVIDUAL|VARIABLE|P0197132000|1|0|1.0|INDIVIDUAL|VARIABLE|P0197132000|1|0|1.0|INDIVIDUAL|VARIABLE|P0197132000|1|0|1.0|INDIVIDUAL|VARIABLE|P0197132000|1|0|1.0|INDIVIDUAL|VARIABLE|P0197132000|1|0|1.0|INDIVIDUAL|VARIABLE|P0197132000|1|0|1.0|INDIVIDUAL|VARIABLE|P0197132000|1|0|1.0|INDIVIDUAL|VARIABLE|P0197132000|1|0|1.0|INDIVIDUAL|VARIABLE|P0197132000|1|0|1.0|INDIVIDUAL|VARIABLE|P0197132000|1|0|1.0|INDIVIDUAL|VARIABLE|P0197132000|1|0|1.0|INDIVIDUAL|VARIABLE|P0197132000|1|0|1.0|INDIVIDUAL|VARIABLE|P0197132000|1|0|1.0|INDIVIDUAL|VARIABLE|P0197132000|1|0|1.0|INDIVIDUAL|VARIABLE|P0197132000|1|0|1.0|INDIVIDUAL|VARIABLE|P0197132000|1|0|1.0|INDIVIDUAL|VARIABLE|P0197132000|1|0|1.0|INDIVIDUAL|VARIABLE|P0197132000|1|0|1.0|INDIVIDUAL|VARIABLE|P0197132000|1|0|1.0|INDIVIDUAL|VARIABLE|P0197132000|1|0|1.0|INDIVIDUAL|VARIABLE|P0197132000|1|0|1.0|INDIVIDUAL|VARIABLE|P0197132000|1|0|1.0|INDIVIDUAL|VARIABLE|P0197132000|1|0|1.0|INDIVIDUAL|VARIABLE|P0197132000|1|0|1.0|INDIVIDUAL|VARIABLE|P0197132000|1|0|1.0|INDIVIDUAL|VARIABLE|P0197132000|1|0|1.0|INDIVIDUAL|VARIABLE|P0197132000|1|0|1.0|INDIVIDUAL|VARIABLE|P0197132000|1|0|1.0|INDIVIDUAL|VARIABLE|P0197132000|1|0|1.0|INDIVIDUAL|VARIABLE|P0197132000|1|0|1.0|INDIVIDUAL|VARIABLE|P0197132000|1|0|1.0|INDIVIDUAL|VARIABLE|P0197132000|1|0|1.0|INDIVIDUAL|VARIABLE|P0197132000|1|0|1.0|INDIVIDUAL|VARIABLE|P0197132000|1|0|1.0|INDIVIDUAL|VARIABLE|P0197132000|1|0|1.0|INDIVIDUAL|VARIABLE|P0197132000|1|0|1.0|INDIVIDUAL|VARIABLE|P0197132000|1|0|1.0|INDIVIDUAL|VARIABLE|P0197132000|1|0|1.0|INDIVIDUAL|VARIABLE|P0197132000|1|0|1.0|INDIVIDUAL|VARIABLE|P0197132000|1|0|1.0|INDIVIDUAL|VARIABLE|P0197132000|1|0|1.0|INDIVIDUAL|VARIABLE|P0197132000|1|0|1.0|INDIVIDUAL|VARIABLE|P0197132000|1|0|1.0|INDIVIDUAL|VARIABLE|P0197132000|1|0|1.0|INDIVIDUAL|VARIABLE|P0197132000|1|0|1.0|INDIVIDUAL|VARIABLE|P0197132000|1|0|1.0|INDIVIDUAL|VARIABLE|P0197132000|1|0|1.0|INDIVIDUAL|VARIABLE|P0197132000|1|0|1.0|INDIVIDUAL|VARIABLE|P0197132000|1|0|1.0|INDIVIDUAL|VARIABLE|P0197132000|1|0|1.0|INDIVIDUAL|VARIABLE|P0197132000|1|0|1.0|INDIVIDUAL|VARIABLE|P0197132000|1|0|1.0|INDIVIDUAL|VARIABLE|P0197132000|1|0|1.0|INDIVIDUAL|VARIABLE|P0197132000|1|0|1.0|INDIVIDUAL|VARIABLE|P0197132000|1|0|1.0|INDIVIDUAL|VARIABLE|P0197132000|1|0|1.0|INDIVIDUAL|VARIABLE|P0197132000|1|0|1.0|INDIVIDUAL|VARIABLE|P0197132000|1|0|1.0|INDIVIDUAL|VARIABLE|P0197132000|1|0|1.0|INDIVIDUAL|VARIABLE|P0197132000|1|0|1.0|INDIVIDUAL|VARIABLE|P0197132000|1|0|1.0|INDIVIDUAL|VARIABLE|P0197132000|1|0|1.0|INDIVIDUAL|VARIABLE|P0197132000|1|0|1.0|INDIVIDUAL|VARIABLE|P0197132000|1|0|1.0|INDIVIDUAL|VARIABLE|P0197132000|1|0|1.0|INDIVIDUAL|VARIABLE|P0197132000|1|0|1.0|INDIVIDUAL|VARIABLE|P0197132000|1|0|1.0|INDIVIDUAL|VARIABLE|P0197132000|1|0|1.0|INDIVIDUAL|VARIABLE|P0197132000|1|0|1.0|INDIVIDUAL|VARIABLE|P0197132000|1|0|1.0|INDIVIDUAL|VARIABLE|P0197132000|1|0|1.0|INDIVIDUAL|VARIABLE|P0197132000|1|0|1.0|INDIVIDUAL|VARIABLE|P0197132000|1|0|1.0|INDIVIDUAL|VARIABLE|P0197132000|1|0|1.0|INDIVIDUAL|VARIABLE|P0197132000|1|0|1.0|INDIVIDUAL|VARIABLE|P0197132000|1|0|1.0|INDIVIDUAL|VARIABLE|P0197132000|1|0|1.0|INDIVIDUAL|VARIABLE|P0197132000|1|0|1.0|INDIVIDUAL|VARIABLE|P0197132000|1|0|1.0|INDIVIDUAL|VARIABLE|P0197132000|1|0|1.0|INDIVIDUAL|VARIABLE|P0197132000|1|0|1.0|INDIVIDUAL|VARIABLE|P0197132000|1|0|1.0|INDIVIDUAL|VARIABLE|P0197132000|1|0|1.0|INDIVIDUAL|VARIABLE|P0197132000|1|0|1.0|INDIVIDUAL|VARIABLE|P0197132000|1|0|1.0|INDIVIDUAL|VARIABLE|P0197132000|1|0|1.0|INDIVIDUAL|VARIABLE|P0197132000|1|0|1.0|INDIVIDUAL|VARIABLE|P0197132000|1|0|1.0|INDIVIDUAL|VARIABLE|P0197132000|1|0|1.0|INDIVIDUAL|VARIABLE|P0197132000|1|0|1.0|INDIVIDUAL|VARIABLE|P0197132000|1|0|1.0|INDIVIDUAL|VARIABLE|P0197132000|1|0|1.0|INDIVIDUAL|VARIABLE|P0197132000|1|0|1.0|INDIVIDUAL|VARIABLE|P0197132000|1|0|1.0|INDIVIDUAL|VARIABLE|P0197132000|1|0|1.0|INDIVIDUAL|VARIABLE|P0197132000|1|0|1.0
327,INDIVIDUAL|VARIABLE|P0216055002|1|0|1.0|INDIVIDUAL|VARIABLE|P0216055002|1|0|1.0|INDIVIDUAL|VARIABLE|P0216055002|1|0|1.0|INDIVIDUAL|VARIABLE|P0216055002|1|0|1.0|INDIVIDUAL|VARIABLE|P0216055002|1|0|1.0|INDIVIDUAL|VARIABLE|P0216055002|1|0|1.0|INDIVIDUAL|VARIABLE|P0216055002|1|0|1.0|INDIVIDUAL|VARIABLE|P0216055002|1|0|1.0|INDIVIDUAL|VARIABLE|P0216055002|1|0|1.0|INDIVIDUAL|VARIABLE|P0216055002|1|0|1.0|INDIVIDUAL|VARIABLE|P0216055002|1|0|1.0|INDIVIDUAL|VARIABLE|P0216055002|1|0|1.0|INDIVIDUAL|VARIABLE|P0216055002|1|0|1.0|INDIVIDUAL|VARIABLE|P0216055002|1|0|1.0|INDIVIDUAL|VARIABLE|P0216055002|1|0|1.0|INDIVIDUAL|VARIABLE|P0216055002|1|0|1.0|INDIVIDUAL|VARIABLE|P0216055002|1|0|1.0|INDIVIDUAL|VARIABLE|P0216055002|1|0|1.0|INDIVIDUAL|VARIABLE|P0216055002|1|0|1.0|INDIVIDUAL|VARIABLE|P0216055002|1|0|1.0|INDIVIDUAL|VARIABLE|P0216055002|1|0|1.0|INDIVIDUAL|VARIABLE|P0216055002|1|0|1.0|INDIVIDUAL|VARIABLE|P0216055002|1|0|1.0|INDIVIDUAL|VARIABLE|P0216055002|1|0|1.0|INDIVIDUAL|VARIABLE|P0216055002|1|0|1.0|INDIVIDUAL|VARIABLE|P0216055002|1|0|1.0|INDIVIDUAL|VARIABLE|P0216055002|1|0|1.0|INDIVIDUAL|VARIABLE|P0216055002|1|0|1.0|INDIVIDUAL|VARIABLE|P0216055002|1|0|1.0|INDIVIDUAL|VARIABLE|P0216055002|1|0|1.0|INDIVIDUAL|VARIABLE|P0216055002|1|0|1.0|INDIVIDUAL|VARIABLE|P0216055002|1|0|1.0|INDIVIDUAL|VARIABLE|P0216055002|1|0|1.0|INDIVIDUAL|VARIABLE|P0216055002|1|0|1.0|INDIVIDUAL|VARIABLE|P0216055002|1|0|1.0|INDIVIDUAL|VARIABLE|P0216055002|1|0|1.0|INDIVIDUAL|VARIABLE|P0216055002|1|0|1.0|INDIVIDUAL|VARIABLE|P0216055002|1|0|1.0|INDIVIDUAL|VARIABLE|P0216055002|1|0|1.0|INDIVIDUAL|VARIABLE|P0216055002|1|0|1.0|INDIVIDUAL|VARIABLE|P0216055002|1|0|1.0|INDIVIDUAL|VARIABLE|P0216055002|1|0|1.0|INDIVIDUAL|VARIABLE|P0216055002|1|0|1.0|INDIVIDUAL|VARIABLE|P0216055002|1|0|1.0|INDIVIDUAL|VARIABLE|P0216055002|1|0|1.0|INDIVIDUAL|VARIABLE|P0216055002|1|0|1.0|INDIVIDUAL|VARIABLE|P0216055002|1|0|1.0|INDIVIDUAL|VARIABLE|P0216055002|1|0|1.0|INDIVIDUAL|VARIABLE|P0216055002|1|0|1.0|INDIVIDUAL|VARIABLE|P0216055002|1|0|1.0|INDIVIDUAL|VARIABLE|P0216055002|1|0|1.0|INDIVIDUAL|VARIABLE|P0216055002|1|0|1.0|INDIVIDUAL|VARIABLE|P0216055002|1|0|1.0|INDIVIDUAL|VARIABLE|P0216055002|1|0|1.0|INDIVIDUAL|VARIABLE|P0216055002|1|0|1.0|INDIVIDUAL|VARIABLE|P0216055002|1|0|1.0|INDIVIDUAL|VARIABLE|P0216055002|1|0|1.0|INDIVIDUAL|VARIABLE|P0216055002|1|0|1.0|INDIVIDUAL|VARIABLE|P0216055002|1|0|1.0|INDIVIDUAL|VARIABLE|P0216055002|1|0|1.0|INDIVIDUAL|VARIABLE|P0216055002|1|0|1.0|INDIVIDUAL|VARIABLE|P0216055002|1|0|1.0|INDIVIDUAL|VARIABLE|P0216055002|1|0|1.0|INDIVIDUAL|VARIABLE|P0216055002|1|0|1.0|INDIVIDUAL|VARIABLE|P0216055002|1|0|1.0|INDIVIDUAL|VARIABLE|P0216055002|1|0|1.0|INDIVIDUAL|VARIABLE|P0216055002|1|0|1.0|INDIVIDUAL|VARIABLE|P0216055002|1|0|1.0|INDIVIDUAL|VARIABLE|P0216055002|1|0|1.0|INDIVIDUAL|VARIABLE|P0216055002|1|0|1.0|INDIVIDUAL|VARIABLE|P0216055002|1|0|1.0|INDIVIDUAL|VARIABLE|P0216055002|1|0|1.0
328,INDIVIDUAL|VARIABLE|P0197101008|1|0|1.0|INDIVIDUAL|VARIABLE|P0197101008|1|0|1.0|INDIVIDUAL|VARIABLE|P0197101008|1|0|1.0|INDIVIDUAL|VARIABLE|P0197101008|1|0|1.0|INDIVIDUAL|VARIABLE|P0197101008|1|0|1.0|INDIVIDUAL|VARIABLE|P0197101008|1|0|1.0|INDIVIDUAL|VARIABLE|P0197101008|1|0|1.0|INDIVIDUAL|VARIABLE|P0197101008|1|0|1.0|INDIVIDUAL|VARIABLE|P0197101008|1|0|1.0|INDIVIDUAL|VARIABLE|P0197101008|1|0|1.0|INDIVIDUAL|VARIABLE|P0197101008|1|0|1.0|INDIVIDUAL|VARIABLE|P0197101008|1|0|1.0|INDIVIDUAL|VARIABLE|P0197101008|1|0|1.0|INDIVIDUAL|VARIABLE|P0197101008|1|0|1.0|INDIVIDUAL|VARIABLE|P0197101008|1|0|1.0|INDIVIDUAL|VARIABLE|P0197101008|1|0|1.0|INDIVIDUAL|VARIABLE|P0197101008|1|0|1.0|INDIVIDUAL|VARIABLE|P0197101008|1|0|1.0|INDIVIDUAL|VARIABLE|P0197101008|1|0|1.0|INDIVIDUAL|VARIABLE|P0197101008|1|0|1.0|INDIVIDUAL|VARIABLE|P0197101008|1|0|1.0|INDIVIDUAL|VARIABLE|P0197101008|1|0|1.0|INDIVIDUAL|VARIABLE|P0197101008|1|0|1.0|INDIVIDUAL|VARIABLE|P0197101008|1|0|1.0|INDIVIDUAL|VARIABLE|P0197101008|1|0|1.0|INDIVIDUAL|VARIABLE|P0197101008|1|0|1.0|INDIVIDUAL|VARIABLE|P0197101008|1|0|1.0|INDIVIDUAL|VARIABLE|P0197101008|1|0|1.0|INDIVIDUAL|VARIABLE|P0197101008|1|0|1.0|INDIVIDUAL|VARIABLE|P0197101008|1|0|1.0|INDIVIDUAL|VARIABLE|P0197101008|1|0|1.0|INDIVIDUAL|VARIABLE|P0197101008|1|0|1.0|INDIVIDUAL|VARIABLE|P0197101008|1|0|1.0|INDIVIDUAL|VARIABLE|P0197101008|1|0|1.0|INDIVIDUAL|VARIABLE|P0197101008|1|0|1.0|INDIVIDUAL|VARIABLE|P0197101008|1|0|1.0|INDIVIDUAL|VARIABLE|P0197101008|1|0|1.0|INDIVIDUAL|VARIABLE|P0197101008|1|0|1.0|INDIVIDUAL|VARIABLE|P0197101008|1|0|1.0|INDIVIDUAL|VARIABLE|P0197101008|1|0|1.0|INDIVIDUAL|VARIABLE|P0197101008|1|0|1.0|INDIVIDUAL|VARIABLE|P0197101008|1|0|1.0|INDIVIDUAL|VARIABLE|P0197101008|1|0|1.0|INDIVIDUAL|VARIABLE|P0197101008|1|0|1.0|INDIVIDUAL|VARIABLE|P0197101008|1|0|1.0|INDIVIDUAL|VARIABLE|P0197101008|1|0|1.0|INDIVIDUAL|VARIABLE|P0197101008|1|0|1.0|INDIVIDUAL|VARIABLE|P0197101008|1|0|1.0|INDIVIDUAL|VARIABLE|P0197101008|1|0|1.0|INDIVIDUAL|VARIABLE|P0197101008|1|0|1.0|INDIVIDUAL|VARIABLE|P0197101008|1|0|1.0|INDIVIDUAL|VARIABLE|P0197101008|1|0|1.0|INDIVIDUAL|VARIABLE|P0197101008|1|0|1.0|INDIVIDUAL|VARIABLE|P0197101008|1|0|1.0|INDIVIDUAL|VARIABLE|P0197101008|1|0|1.0|INDIVIDUAL|VARIABLE|P0197101008|1|0|1.0|INDIVIDUAL|VARIABLE|P0197101008|1|0|1.0|INDIVIDUAL|VARIABLE|P0197101008|1|0|1.0|INDIVIDUAL|VARIABLE|P0197101008|1|0|1.0|INDIVIDUAL|VARIABLE|P0197101008|1|0|1.0|INDIVIDUAL|VARIABLE|P0197101008|1|0|1.0|INDIVIDUAL|VARIABLE|P0197101008|1|0|1.0|INDIVIDUAL|VARIABLE|P0197101008|1|0|1.0|INDIVIDUAL|VARIABLE|P0197101008|1|0|1.0|INDIVIDUAL|VARIABLE|P0197101008|1|0|1.0|INDIVIDUAL|VARIABLE|P0197101008|1|0|1.0|INDIVIDUAL|VARIABLE|P0197101008|1|0|1.0|INDIVIDUAL|VARIABLE|P0197101008|1|0|1.0|INDIVIDUAL|VARIABLE|P0197101008|1|0|1.0|INDIVIDUAL|VARIABLE|P0197101008|1|0|1.0|INDIVIDUAL|VARIABLE|P0197101008|1|0|1.0|INDIVIDUAL|VARIABLE|P0197101008|1|0|1.0|INDIVIDUAL|VARIABLE|P0197101008|1|0|1.0|INDIVIDUAL|VARIABLE|P0197101008|1|0|1.0|INDIVIDUAL|VARIABLE|P0197101008|1|0|1.0|INDIVIDUAL|VARIABLE|P0197101008|1|0|1.0|INDIVIDUAL|VARIABLE|P0197101008|1|0|1.0|INDIVIDUAL|VARIABLE|P0197101008|1|0|1.0|INDIVIDUAL|VARIABLE|P0197101008|1|0|1.0|INDIVIDUAL|VARIABLE|P0197101008|1|0|1.0|INDIVIDUAL|VARIABLE|P0197101008|1|0|1.0|INDIVIDUAL|VARIABLE|P0197101008|1|0|1.0|INDIVIDUAL|VARIABLE|P0197101008|1|0|1.0|INDIVIDUAL|VARIABLE|P0197101008|1|0|1.0|INDIVIDUAL|VARIABLE|P0197101008|1|0|1.0|INDIVIDUAL|VARIABLE|P0197101008|1|0|1.0|INDIVIDUAL|VARIABLE|P0197101008|1|0|1.0|INDIVIDUAL|VARIABLE|P0197101008|1|0|1.0|INDIVIDUAL|VARIABLE|P0197101008|1|0|1.0|INDIVIDUAL|VARIABLE|P0197101008|1|0|1.0|INDIVIDUAL|VARIABLE|P0197101008|1|0|1.0|INDIVIDUAL|VARIABLE|P0197101008|1|0|1.0|INDIVIDUAL|VARIABLE|P0197101008|1|0|1.0|INDIVIDUAL|VARIABLE|P0197101008|1|0|1.0|INDIVIDUAL|VARIABLE|P0197101008|1|0|1.0|INDIVIDUAL|VARIABLE|P0197101008|1|0|1.0|INDIVIDUAL|VARIABLE|P0197101008|1|0|1.0|INDIVIDUAL|VARIABLE|P0197101008|1|0|1.0|INDIVIDUAL|VARIABLE|P0197101008|1|0|1.0|INDIVIDUAL|VARIABLE|P0197101008|1|0|1.0|INDIVIDUAL|VARIABLE|P0197101008|1|0|1.0|INDIVIDUAL|VARIABLE|P0197101008|1|0|1.0|INDIVIDUAL|VARIABLE|P0197101008|1|0|1.0|INDIVIDUAL|VARIABLE|P0197101008|1|0|1.0|INDIVIDUAL|VARIABLE|P0197101008|1|0|1.0|INDIVIDUAL|VARIABLE|P0197101008|1|0|1.0|INDIVIDUAL|VARIABLE|P0197101008|1|0|1.0|INDIVIDUAL|VARIABLE|P0197101008|1|0|1.0|INDIVIDUAL|VARIABLE|P0197101008|1|0|1.0|INDIVIDUAL|VARIABLE|P0197101008|1|0|1.0|INDIVIDUAL|VARIABLE|P0197101008|1|0|1.0|INDIVIDUAL|VARIABLE|P0197101008|1|0|1.0|INDIVIDUAL|VARIABLE|P0197101008|1|0|1.0|INDIVIDUAL|VARIABLE|P0197101008|1|0|1.0|INDIVIDUAL|VARIABLE|P0197101008|1|0|1.0|INDIVIDUAL|VARIABLE|P0197101008|1|0|1.0|INDIVIDUAL|VARIABLE|P0197101008|1|0|1.0|INDIVIDUAL|VARIABLE|P0197101008|1|0|1.0|INDIVIDUAL|VARIABLE|P0197101008|1|0|1.0|INDIVIDUAL|VARIABLE|P0197101008|1|0|1.0|INDIVIDUAL|VARIABLE|P0197101008|1|0|1.0|INDIVIDUAL|VARIABLE|P0197101008|1|0|1.0|INDIVIDUAL|VARIABLE|P0197101008|1|0|1.0|INDIVIDUAL|VARIABLE|P0197101008|1|0|1.0|INDIVIDUAL|VARIABLE|P0197101008|1|0|1.0|INDIVIDUAL|VARIABLE|P0197101008|1|0|1.0|INDIVIDUAL|VARIABLE|P0197101008|1|0|1.0|INDIVIDUAL|VARIABLE|P0197101008|1|0|1.0|INDIVIDUAL|VARIABLE|P0197101008|1|0|1.0|INDIVIDUAL|VARIABLE|P0197101008|1|0|1.0|INDIVIDUAL|VARIABLE|P0197101008|1|0|1.0|INDIVIDUAL|VARIABLE|P0197101008|1|0|1.0|INDIVIDUAL|VARIABLE|P0197101008|1|0|1.0|INDIVIDUAL|VARIABLE|P0197101008|1|0|1.0|INDIVIDUAL|VARIABLE|P0197101008|1|0|1.0|INDIVIDUAL|VARIABLE|P0197101008|1|0|1.0|INDIVIDUAL|VARIABLE|P0197101008|1|0|1.0|INDIVIDUAL|VARIABLE|P0197101008|1|0|1.0|INDIVIDUAL|VARIABLE|P0197101008|1|0|1.0|INDIVIDUAL|VARIABLE|P0197101008|1|0|1.0|INDIVIDUAL|VARIABLE|P0197101008|1|0|1.0|INDIVIDUAL|VARIABLE|P0197101008|1|0|1.0|INDIVIDUAL|VARIABLE|P0197101008|1|0|1.0|INDIVIDUAL|VARIABLE|P0197101008|1|0|1.0|INDIVIDUAL|VARIABLE|P0197101008|1|0|1.0|INDIVIDUAL|VARIABLE|P0197101008|1|0|1.0|INDIVIDUAL|VARIABLE|P0197101008|1|0|1.0|INDIVIDUAL|VARIABLE|P0197101008|1|0|1.0|INDIVIDUAL|VARIABLE|P0197101008|1|0|1.0|INDIVIDUAL|VARIABLE|P0197101008|1|0|1.0|INDIVIDUAL|VARIABLE|P0197101008|1|0|1.0|INDIVIDUAL|VARIABLE|P0197101008|1|0|1.0|INDIVIDUAL|VARIABLE|P0197101008|1|0|1.0|INDIVIDUAL|VARIABLE|P0197101008|1|0|1.0|INDIVIDUAL|VARIABLE|P0197101008|1|0|1.0|INDIVIDUAL|VARIABLE|P0197101008|1|0|1.0|INDIVIDUAL|VARIABLE|P0197101008|1|0|1.0|INDIVIDUAL|VARIABLE|P0197101008|1|0|1.0|INDIVIDUAL|VARIABLE|P0197101008|1|0|1.0|INDIVIDUAL|VARIABLE|P0197101008|1|0|1.0|INDIVIDUAL|VARIABLE|P0197101008|1|0|1.0|INDIVIDUAL|VARIABLE|P0197101008|1|0|1.0|INDIVIDUAL|VARIABLE|P0197101008|1|0|1.0|INDIVIDUAL|VARIABLE|P0197101008|1|0|1.0|INDIVIDUAL|VARIABLE|P0197101008|1|0|1.0|INDIVIDUAL|VARIABLE|P0197101008|1|0|1.0|INDIVIDUAL|VARIABLE|P0197101008|1|0|1.0|INDIVIDUAL|VARIABLE|P0197101008|1|0|1.0|INDIVIDUAL|VARIABLE|P0197101008|1|0|1.0|INDIVIDUAL|VARIABLE|P0197101008|1|0|1.0|INDIVIDUAL|VARIABLE|P0197101008|1|0|1.0|INDIVIDUAL|VARIABLE|P0197101008|1|0|1.0|INDIVIDUAL|VARIABLE|P0197101008|1|0|1.0|INDIVIDUAL|VARIABLE|P0197101008|1|0|1.0|INDIVIDUAL|VARIABLE|P0197101008|1|0|1.0|INDIVIDUAL|VARIABLE|P0197101008|1|0|1.0|INDIVIDUAL|VARIABLE|P0197101008|1|0|1.0|INDIVIDUAL|VARIABLE|P0197101008|1|0|1.0|INDIVIDUAL|VARIABLE|P0197101008|1|0|1.0|INDIVIDUAL|VARIABLE|P0197101008|1|0|1.0|INDIVIDUAL|VARIABLE|P0197101008|1|0|1.0|INDIVIDUAL|VARIABLE|P0197101008|1|0|1.0|INDIVIDUAL|VARIABLE|P0197101008|1|0|1.0|INDIVIDUAL|VARIABLE|P0197101008|1|0|1.0|INDIVIDUAL|VARIABLE|P0197101008|1|0|1.0|INDIVIDUAL|VARIABLE|P0197101008|1|0|1.0|INDIVIDUAL|VARIABLE|P0197101008|1|0|1.0|INDIVIDUAL|VARIABLE|P0197101008|1|0|1.0|INDIVIDUAL|VARIABLE|P0197101008|1|0|1.0|INDIVIDUAL|VARIABLE|P0197101008|1|0|1.0|INDIVIDUAL|VARIABLE|P0197101008|1|0|1.0|INDIVIDUAL|VARIABLE|P0197101008|1|0|1.0|INDIVIDUAL|VARIABLE|P0197101008|1|0|1.0|INDIVIDUAL|VARIABLE|P0197101008|1|0|1.0|INDIVIDUAL|VARIABLE|P0197101008|1|0|1.0|INDIVIDUAL|VARIABLE|P0197101008|1|0|1.0|INDIVIDUAL|VARIABLE|P0197101008|1|0|1.0|INDIVIDUAL|VARIABLE|P0197101008|1|0|1.0|INDIVIDUAL|VARIABLE|P0197101008|1|0|1.0|INDIVIDUAL|VARIABLE|P0197101008|1|0|1.0|INDIVIDUAL|VARIABLE|P0197101008|1|0|1.0|INDIVIDUAL|VARIABLE|P0197101008|1|0|1.0|INDIVIDUAL|VARIABLE|P0197101008|1|0|1.0|INDIVIDUAL|VARIABLE|P0197101008|1|0|1.0|INDIVIDUAL|VARIABLE|P0197101008|1|0|1.0|INDIVIDUAL|VARIABLE|P0197101008|1|0|1.0|INDIVIDUAL|VARIABLE|P0197101008|1|0|1.0|INDIVIDUAL|VARIABLE|P0197101008|1|0|1.0|INDIVIDUAL|VARIABLE|P0197101008|1|0|1.0|INDIVIDUAL|VARIABLE|P0197101008|1|0|1.0|INDIVIDUAL|VARIABLE|P0197101008|1|0|1.0|INDIVIDUAL|VARIABLE|P0197101008|1|0|1.0|INDIVIDUAL|VARIABLE|P0197101008|1|0|1.0|INDIVIDUAL|VARIABLE|P0197101008|1|0|1.0|INDIVIDUAL|VARIABLE|P0197101008|1|0|1.0|INDIVIDUAL|VARIABLE|P0197101008|1|0|1.0|INDIVIDUAL|VARIABLE|P0197101008|1|0|1.0|INDIVIDUAL|VARIABLE|P0197101008|1|0|1.0|INDIVIDUAL|VARIABLE|P0197101008|1|0|1.0|INDIVIDUAL|VARIABLE|P0197101008|1|0|1.0
329,INDIVIDUAL|VARIABLE|P0197106006|1|0|1.0|INDIVIDUAL|VARIABLE|P0197106006|1|0|1.0|INDIVIDUAL|VARIABLE|P0197106006|1|0|1.0|INDIVIDUAL|VARIABLE|P0197106006|1|0|1.0|INDIVIDUAL|VARIABLE|P0197106006|1|0|1.0|INDIVIDUAL|VARIABLE|P0197106006|1|0|1.0|INDIVIDUAL|VARIABLE|P0197106006|1|0|1.0|INDIVIDUAL|VARIABLE|P0197106006|1|0|1.0|INDIVIDUAL|VARIABLE|P0197106006|1|0|1.0|INDIVIDUAL|VARIABLE|P0197106006|1|0|1.0|INDIVIDUAL|VARIABLE|P0197106006|1|0|1.0|INDIVIDUAL|VARIABLE|P0197106006|1|0|1.0|INDIVIDUAL|VARIABLE|P0197106006|1|0|1.0|INDIVIDUAL|VARIABLE|P0197106006|1|0|1.0|INDIVIDUAL|VARIABLE|P0197106006|1|0|1.0|INDIVIDUAL|VARIABLE|P0197106006|1|0|1.0|INDIVIDUAL|VARIABLE|P0197106006|1|0|1.0|INDIVIDUAL|VARIABLE|P0197106006|1|0|1.0|INDIVIDUAL|VARIABLE|P0197106006|1|0|1.0|INDIVIDUAL|VARIABLE|P0197106006|1|0|1.0|INDIVIDUAL|VARIABLE|P0197106006|1|0|1.0|INDIVIDUAL|VARIABLE|P0197106006|1|0|1.0|INDIVIDUAL|VARIABLE|P0197106006|1|0|1.0|INDIVIDUAL|VARIABLE|P0197106006|1|0|1.0|INDIVIDUAL|VARIABLE|P0197106006|1|0|1.0|INDIVIDUAL|VARIABLE|P0197106006|1|0|1.0|INDIVIDUAL|VARIABLE|P0197106006|1|0|1.0|INDIVIDUAL|VARIABLE|P0197106006|1|0|1.0|INDIVIDUAL|VARIABLE|P0197106006|1|0|1.0|INDIVIDUAL|VARIABLE|P0197106006|1|0|1.0|INDIVIDUAL|VARIABLE|P0197106006|1|0|1.0|INDIVIDUAL|VARIABLE|P0197106006|1|0|1.0|INDIVIDUAL|VARIABLE|P0197106006|1|0|1.0|INDIVIDUAL|VARIABLE|P0197106006|1|0|1.0|INDIVIDUAL|VARIABLE|P0197106006|1|0|1.0|INDIVIDUAL|VARIABLE|P0197106006|1|0|1.0|INDIVIDUAL|VARIABLE|P0197106006|1|0|1.0|INDIVIDUAL|VARIABLE|P0197106006|1|0|1.0|INDIVIDUAL|VARIABLE|P0197106006|1|0|1.0|INDIVIDUAL|VARIABLE|P0197106006|1|0|1.0|INDIVIDUAL|VARIABLE|P0197106006|1|0|1.0|INDIVIDUAL|VARIABLE|P0197106006|1|0|1.0|INDIVIDUAL|VARIABLE|P0197106006|1|0|1.0|INDIVIDUAL|VARIABLE|P0197106006|1|0|1.0|INDIVIDUAL|VARIABLE|P0197106006|1|0|1.0|INDIVIDUAL|VARIABLE|P0197106006|1|0|1.0|INDIVIDUAL|VARIABLE|P0197106006|1|0|1.0|INDIVIDUAL|VARIABLE|P0197106006|1|0|1.0|INDIVIDUAL|VARIABLE|P0197106006|1|0|1.0|INDIVIDUAL|VARIABLE|P0197106006|1|0|1.0|INDIVIDUAL|VARIABLE|P0197106006|1|0|1.0|INDIVIDUAL|VARIABLE|P0197106006|1|0|1.0|INDIVIDUAL|VARIABLE|P0197106006|1|0|1.0|INDIVIDUAL|VARIABLE|P0197106006|1|0|1.0|INDIVIDUAL|VARIABLE|P0197106006|1|0|1.0|INDIVIDUAL|VARIABLE|P0197106006|1|0|1.0|INDIVIDUAL|VARIABLE|P0197106006|1|0|1.0|INDIVIDUAL|VARIABLE|P0197106006|1|0|1.0|INDIVIDUAL|VARIABLE|P0197106006|1|0|1.0|INDIVIDUAL|VARIABLE|P0197106006|1|0|1.0|INDIVIDUAL|VARIABLE|P0197106006|1|0|1.0|INDIVIDUAL|VARIABLE|P0197106006|1|0|1.0|INDIVIDUAL|VARIABLE|P0197106006|1|0|1.0|INDIVIDUAL|VARIABLE|P0197106006|1|0|1.0|INDIVIDUAL|VARIABLE|P0197106006|1|0|1.0|INDIVIDUAL|VARIABLE|P0197106006|1|0|1.0|INDIVIDUAL|VARIABLE|P0197106006|1|0|1.0|INDIVIDUAL|VARIABLE|P0197106006|1|0|1.0|INDIVIDUAL|VARIABLE|P0197106006|1|0|1.0|INDIVIDUAL|VARIABLE|P0197106006|1|0|1.0|INDIVIDUAL|VARIABLE|P0197106006|1|0|1.0|INDIVIDUAL|VARIABLE|P0197106006|1|0|1.0|INDIVIDUAL|VARIABLE|P0197106006|1|0|1.0|INDIVIDUAL|VARIABLE|P0197106006|1|0|1.0|INDIVIDUAL|VARIABLE|P0197106006|1|0|1.0|INDIVIDUAL|VARIABLE|P0197106006|1|0|1.0|INDIVIDUAL|VARIABLE|P0197106006|1|0|1.0|INDIVIDUAL|VARIABLE|P0197106006|1|0|1.0|INDIVIDUAL|VARIABLE|P0197106006|1|0|1.0|INDIVIDUAL|VARIABLE|P0197106006|1|0|1.0|INDIVIDUAL|VARIABLE|P0197106006|1|0|1.0|INDIVIDUAL|VARIABLE|P0197106006|1|0|1.0|INDIVIDUAL|VARIABLE|P0197106006|1|0|1.0|INDIVIDUAL|VARIABLE|P0197106006|1|0|1.0|INDIVIDUAL|VARIABLE|P0197106006|1|0|1.0|INDIVIDUAL|VARIABLE|P0197106006|1|0|1.0|INDIVIDUAL|VARIABLE|P0197106006|1|0|1.0|INDIVIDUAL|VARIABLE|P0197106006|1|0|1.0|INDIVIDUAL|VARIABLE|P0197106006|1|0|1.0|INDIVIDUAL|VARIABLE|P0197106006|1|0|1.0|INDIVIDUAL|VARIABLE|P0197106006|1|0|1.0|INDIVIDUAL|VARIABLE|P0197106006|1|0|1.0|INDIVIDUAL|VARIABLE|P0197106006|1|0|1.0|INDIVIDUAL|VARIABLE|P0197106006|1|0|1.0|INDIVIDUAL|VARIABLE|P0197106006|1|0|1.0|INDIVIDUAL|VARIABLE|P0197106006|1|0|1.0|INDIVIDUAL|VARIABLE|P0197106006|1|0|1.0|INDIVIDUAL|VARIABLE|P0197106006|1|0|1.0|INDIVIDUAL|VARIABLE|P0197106006|1|0|1.0|INDIVIDUAL|VARIABLE|P0197106006|1|0|1.0|INDIVIDUAL|VARIABLE|P0197106006|1|0|1.0|INDIVIDUAL|VARIABLE|P0197106006|1|0|1.0|INDIVIDUAL|VARIABLE|P0197106006|1|0|1.0|INDIVIDUAL|VARIABLE|P0197106006|1|0|1.0|INDIVIDUAL|VARIABLE|P0197106006|1|0|1.0|INDIVIDUAL|VARIABLE|P0197106006|1|0|1.0|INDIVIDUAL|VARIABLE|P0197106006|1|0|1.0|INDIVIDUAL|VARIABLE|P0197106006|1|0|1.0|INDIVIDUAL|VARIABLE|P0197106006|1|0|1.0|INDIVIDUAL|VARIABLE|P0197106006|1|0|1.0
330,INDIVIDUAL|VARIABLE|P0197105003|1|0|1.0|INDIVIDUAL|VARIABLE|P0197105003|1|0|1.0|INDIVIDUAL|VARIABLE|P0197105003|1|0|1.0|INDIVIDUAL|VARIABLE|P0197105003|1|0|1.0|INDIVIDUAL|VARIABLE|P0197105003|1|0|1.0|INDIVIDUAL|VARIABLE|P0197105003|1|0|1.0|INDIVIDUAL|VARIABLE|P0197105003|1|0|1.0|INDIVIDUAL|VARIABLE|P0197105003|1|0|1.0|INDIVIDUAL|VARIABLE|P0197105003|1|0|1.0|INDIVIDUAL|VARIABLE|P0197105003|1|0|1.0|INDIVIDUAL|VARIABLE|P0197105003|1|0|1.0|INDIVIDUAL|VARIABLE|P0197105003|1|0|1.0|INDIVIDUAL|VARIABLE|P0197105003|1|0|1.0|INDIVIDUAL|VARIABLE|P0197105003|1|0|1.0|INDIVIDUAL|VARIABLE|P0197105003|1|0|1.0|INDIVIDUAL|VARIABLE|P0197105003|1|0|1.0|INDIVIDUAL|VARIABLE|P0197105003|1|0|1.0|INDIVIDUAL|VARIABLE|P0197105003|1|0|1.0|INDIVIDUAL|VARIABLE|P0197105003|1|0|1.0|INDIVIDUAL|VARIABLE|P0197105003|1|0|1.0|INDIVIDUAL|VARIABLE|P0197105003|1|0|1.0|INDIVIDUAL|VARIABLE|P0197105003|1|0|1.0
331,INDIVIDUAL|VARIABLE|P0197143004|1|0|1.0|INDIVIDUAL|VARIABLE|P0197143004|1|0|1.0|INDIVIDUAL|VARIABLE|P0197143004|1|0|1.0|INDIVIDUAL|VARIABLE|P0197143004|1|0|1.0|INDIVIDUAL|VARIABLE|P0197143004|1|0|1.0|INDIVIDUAL|VARIABLE|P0197143004|1|0|1.0|INDIVIDUAL|VARIABLE|P0197143004|1|0|1.0|INDIVIDUAL|VARIABLE|P0197143004|1|0|1.0|INDIVIDUAL|VARIABLE|P0197143004|1|0|1.0|INDIVIDUAL|VARIABLE|P0197143004|1|0|1.0|INDIVIDUAL|VARIABLE|P0197143004|1|0|1.0|INDIVIDUAL|VARIABLE|P0197143004|1|0|1.0|INDIVIDUAL|VARIABLE|P0197143004|1|0|1.0|INDIVIDUAL|VARIABLE|P0197143004|1|0|1.0|INDIVIDUAL|VARIABLE|P0197143004|1|0|1.0|INDIVIDUAL|VARIABLE|P0197143004|1|0|1.0|INDIVIDUAL|VARIABLE|P0197143004|1|0|1.0|INDIVIDUAL|VARIABLE|P0197143004|1|0|1.0|INDIVIDUAL|VARIABLE|P0197143004|1|0|1.0|INDIVIDUAL|VARIABLE|P0197143004|1|0|1.0|INDIVIDUAL|VARIABLE|P0197143004|1|0|1.0|INDIVIDUAL|VARIABLE|P0197143004|1|0|1.0|INDIVIDUAL|VARIABLE|P0197143004|1|0|1.0|INDIVIDUAL|VARIABLE|P0197143004|1|0|1.0|INDIVIDUAL|VARIABLE|P0197143004|1|0|1.0|INDIVIDUAL|VARIABLE|P0197143004|1|0|1.0|INDIVIDUAL|VARIABLE|P0197143004|1|0|1.0|INDIVIDUAL|VARIABLE|P0197143004|1|0|1.0|INDIVIDUAL|VARIABLE|P0197143004|1|0|1.0|INDIVIDUAL|VARIABLE|P0197143004|1|0|1.0|INDIVIDUAL|VARIABLE|P0197143004|1|0|1.0|INDIVIDUAL|VARIABLE|P0197143004|1|0|1.0|INDIVIDUAL|VARIABLE|P0197143004|1|0|1.0|INDIVIDUAL|VARIABLE|P0197143004|1|0|1.0|INDIVIDUAL|VARIABLE|P0197143004|1|0|1.0|INDIVIDUAL|VARIABLE|P0197143004|1|0|1.0|INDIVIDUAL|VARIABLE|P0197143004|1|0|1.0|INDIVIDUAL|VARIABLE|P0197143004|1|0|1.0|INDIVIDUAL|VARIABLE|P0197143004|1|0|1.0|INDIVIDUAL|VARIABLE|P0197143004|1|0|1.0|INDIVIDUAL|VARIABLE|P0197143004|1|0|1.0|INDIVIDUAL|VARIABLE|P0197143004|1|0|1.0|INDIVIDUAL|VARIABLE|P0197143004|1|0|1.0|INDIVIDUAL|VARIABLE|P0197143004|1|0|1.0|INDIVIDUAL|VARIABLE|P0197143004|1|0|1.0|INDIVIDUAL|VARIABLE|P0197143004|1|0|1.0|INDIVIDUAL|VARIABLE|P0197143004|1|0|1.0|INDIVIDUAL|VARIABLE|P0197143004|1|0|1.0|INDIVIDUAL|VARIABLE|P0197143004|1|0|1.0|INDIVIDUAL|VARIABLE|P0197143004|1|0|1.0|INDIVIDUAL|VARIABLE|P0197143004|1|0|1.0|INDIVIDUAL|VARIABLE|P0197143004|1|0|1.0|INDIVIDUAL|VARIABLE|P0197143004|1|0|1.0|INDIVIDUAL|VARIABLE|P0197143004|1|0|1.0|INDIVIDUAL|VARIABLE|P0197143004|1|0|1.0|INDIVIDUAL|VARIABLE|P0197143004|1|0|1.0|INDIVIDUAL|VARIABLE|P0197143004|1|0|1.0|INDIVIDUAL|VARIABLE|P0197143004|1|0|1.0|INDIVIDUAL|VARIABLE|P0197143004|1|0|1.0|INDIVIDUAL|VARIABLE|P0197143004|1|0|1.0|INDIVIDUAL|VARIABLE|P0197143004|1|0|1.0|INDIVIDUAL|VARIABLE|P0197143004|1|0|1.0|INDIVIDUAL|VARIABLE|P0197143004|1|0|1.0|INDIVIDUAL|VARIABLE|P0197143004|1|0|1.0|INDIVIDUAL|VARIABLE|P0197143004|1|0|1.0|INDIVIDUAL|VARIABLE|P0197143004|1|0|1.0|INDIVIDUAL|VARIABLE|P0197143004|1|0|1.0|INDIVIDUAL|VARIABLE|P0197143004|1|0|1.0|INDIVIDUAL|VARIABLE|P0197143004|1|0|1.0|INDIVIDUAL|VARIABLE|P0197143004|1|0|1.0|INDIVIDUAL|VARIABLE|P0197143004|1|0|1.0|INDIVIDUAL|VARIABLE|P0197143004|1|0|1.0|INDIVIDUAL|VARIABLE|P0197143004|1|0|1.0|INDIVIDUAL|VARIABLE|P0197143004|1|0|1.0|INDIVIDUAL|VARIABLE|P0197143004|1|0|1.0|INDIVIDUAL|VARIABLE|P0197143004|1|0|1.0|INDIVIDUAL|VARIABLE|P0197143004|1|0|1.0
332,INDIVIDUAL|VARIABLE|P0216057000|1|0|1.0|INDIVIDUAL|VARIABLE|P0216057000|1|0|1.0|INDIVIDUAL|VARIABLE|P0216057000|1|0|1.0|INDIVIDUAL|VARIABLE|P0216057000|1|0|1.0|INDIVIDUAL|VARIABLE|P0216057000|1|0|1.0|INDIVIDUAL|VARIABLE|P0216057000|1|0|1.0|INDIVIDUAL|VARIABLE|P0216057000|1|0|1.0|INDIVIDUAL|VARIABLE|P0216057000|1|0|1.0|INDIVIDUAL|VARIABLE|P0216057000|1|0|1.0|INDIVIDUAL|VARIABLE|P0216057000|1|0|1.0|INDIVIDUAL|VARIABLE|P0216057000|1|0|1.0|INDIVIDUAL|VARIABLE|P0216057000|1|0|1.0|INDIVIDUAL|VARIABLE|P0216057000|1|0|1.0|INDIVIDUAL|VARIABLE|P0216057000|1|0|1.0|INDIVIDUAL|VARIABLE|P0216057000|1|0|1.0|INDIVIDUAL|VARIABLE|P0216057000|1|0|1.0|INDIVIDUAL|VARIABLE|P0216057000|1|0|1.0|INDIVIDUAL|VARIABLE|P0216057000|1|0|1.0|INDIVIDUAL|VARIABLE|P0216057000|1|0|1.0|INDIVIDUAL|VARIABLE|P0216057000|1|0|1.0|INDIVIDUAL|VARIABLE|P0216057000|1|0|1.0|INDIVIDUAL|VARIABLE|P0216057000|1|0|1.0|INDIVIDUAL|VARIABLE|P0216057000|1|0|1.0|INDIVIDUAL|VARIABLE|P0216057000|1|0|1.0|INDIVIDUAL|VARIABLE|P0216057000|1|0|1.0|INDIVIDUAL|VARIABLE|P0216057000|1|0|1.0|INDIVIDUAL|VARIABLE|P0216057000|1|0|1.0|INDIVIDUAL|VARIABLE|P0216057000|1|0|1.0|INDIVIDUAL|VARIABLE|P0216057000|1|0|1.0|INDIVIDUAL|VARIABLE|P0216057000|1|0|1.0|INDIVIDUAL|VARIABLE|P0216057000|1|0|1.0|INDIVIDUAL|VARIABLE|P0216057000|1|0|1.0|INDIVIDUAL|VARIABLE|P0216057000|1|0|1.0|INDIVIDUAL|VARIABLE|P0216057000|1|0|1.0|INDIVIDUAL|VARIABLE|P0216057000|1|0|1.0|INDIVIDUAL|VARIABLE|P0216057000|1|0|1.0|INDIVIDUAL|VARIABLE|P0216057000|1|0|1.0|INDIVIDUAL|VARIABLE|P0216057000|1|0|1.0|INDIVIDUAL|VARIABLE|P0216057000|1|0|1.0|INDIVIDUAL|VARIABLE|P0216057000|1|0|1.0|INDIVIDUAL|VARIABLE|P0216057000|1|0|1.0|INDIVIDUAL|VARIABLE|P0216057000|1|0|1.0|INDIVIDUAL|VARIABLE|P0216057000|1|0|1.0|INDIVIDUAL|VARIABLE|P0216057000|1|0|1.0
333,INDIVIDUAL|VARIABLE|P0216058003|1|0|1.0|INDIVIDUAL|VARIABLE|P0216058003|1|0|1.0|INDIVIDUAL|VARIABLE|P0216058003|1|0|1.0|INDIVIDUAL|VARIABLE|P0216058003|1|0|1.0|INDIVIDUAL|VARIABLE|P0216058003|1|0|1.0|INDIVIDUAL|VARIABLE|P0216058003|1|0|1.0|INDIVIDUAL|VARIABLE|P0216058003|1|0|1.0|INDIVIDUAL|VARIABLE|P0216058003|1|0|1.0|INDIVIDUAL|VARIABLE|P0216058003|1|0|1.0|INDIVIDUAL|VARIABLE|P0216058003|1|0|1.0|INDIVIDUAL|VARIABLE|P0216058003|1|0|1.0|INDIVIDUAL|VARIABLE|P0216058003|1|0|1.0|INDIVIDUAL|VARIABLE|P0216058003|1|0|1.0|INDIVIDUAL|VARIABLE|P0216058003|1|0|1.0|INDIVIDUAL|VARIABLE|P0216058003|1|0|1.0|INDIVIDUAL|VARIABLE|P0216058003|1|0|1.0|INDIVIDUAL|VARIABLE|P0216058003|1|0|1.0|INDIVIDUAL|VARIABLE|P0216058003|1|0|1.0|INDIVIDUAL|VARIABLE|P0216058003|1|0|1.0|INDIVIDUAL|VARIABLE|P0216058003|1|0|1.0|INDIVIDUAL|VARIABLE|P0216058003|1|0|1.0|INDIVIDUAL|VARIABLE|P0216058003|1|0|1.0|INDIVIDUAL|VARIABLE|P0216058003|1|0|1.0|INDIVIDUAL|VARIABLE|P0216058003|1|0|1.0|INDIVIDUAL|VARIABLE|P0216058003|1|0|1.0|INDIVIDUAL|VARIABLE|P0216058003|1|0|1.0|INDIVIDUAL|VARIABLE|P0216058003|1|0|1.0|INDIVIDUAL|VARIABLE|P0216058003|1|0|1.0|INDIVIDUAL|VARIABLE|P0216058003|1|0|1.0|INDIVIDUAL|VARIABLE|P0216058003|1|0|1.0|INDIVIDUAL|VARIABLE|P0216058003|1|0|1.0|INDIVIDUAL|VARIABLE|P0216058003|1|0|1.0|INDIVIDUAL|VARIABLE|P0216058003|1|0|1.0|INDIVIDUAL|VARIABLE|P0216058003|1|0|1.0|INDIVIDUAL|VARIABLE|P0216058003|1|0|1.0|INDIVIDUAL|VARIABLE|P0216058003|1|0|1.0|INDIVIDUAL|VARIABLE|P0216058003|1|0|1.0|INDIVIDUAL|VARIABLE|P0216058003|1|0|1.0|INDIVIDUAL|VARIABLE|P0216058003|1|0|1.0|INDIVIDUAL|VARIABLE|P0216058003|1|0|1.0|INDIVIDUAL|VARIABLE|P0216058003|1|0|1.0|INDIVIDUAL|VARIABLE|P0216058003|1|0|1.0|INDIVIDUAL|VARIABLE|P0216058003|1|0|1.0|INDIVIDUAL|VARIABLE|P0216058003|1|0|1.0
334,INDIVIDUAL|VARIABLE|P0216058008|1|0|1.0|INDIVIDUAL|VARIABLE|P0216058008|1|0|1.0|INDIVIDUAL|VARIABLE|P0216058008|1|0|1.0|INDIVIDUAL|VARIABLE|P0216058008|1|0|1.0|INDIVIDUAL|VARIABLE|P0216058008|1|0|1.0|INDIVIDUAL|VARIABLE|P0216058008|1|0|1.0|INDIVIDUAL|VARIABLE|P0216058008|1|0|1.0|INDIVIDUAL|VARIABLE|P0216058008|1|0|1.0|INDIVIDUAL|VARIABLE|P0216058008|1|0|1.0|INDIVIDUAL|VARIABLE|P0216058008|1|0|1.0|INDIVIDUAL|VARIABLE|P0216058008|1|0|1.0|INDIVIDUAL|VARIABLE|P0216058008|1|0|1.0|INDIVIDUAL|VARIABLE|P0216058008|1|0|1.0|INDIVIDUAL|VARIABLE|P0216058008|1|0|1.0|INDIVIDUAL|VARIABLE|P0216058008|1|0|1.0|INDIVIDUAL|VARIABLE|P0216058008|1|0|1.0|INDIVIDUAL|VARIABLE|P0216058008|1|0|1.0|INDIVIDUAL|VARIABLE|P0216058008|1|0|1.0|INDIVIDUAL|VARIABLE|P0216058008|1|0|1.0|INDIVIDUAL|VARIABLE|P0216058008|1|0|1.0|INDIVIDUAL|VARIABLE|P0216058008|1|0|1.0|INDIVIDUAL|VARIABLE|P0216058008|1|0|1.0|INDIVIDUAL|VARIABLE|P0216058008|1|0|1.0|INDIVIDUAL|VARIABLE|P0216058008|1|0|1.0|INDIVIDUAL|VARIABLE|P0216058008|1|0|1.0|INDIVIDUAL|VARIABLE|P0216058008|1|0|1.0|INDIVIDUAL|VARIABLE|P0216058008|1|0|1.0|INDIVIDUAL|VARIABLE|P0216058008|1|0|1.0|INDIVIDUAL|VARIABLE|P0216058008|1|0|1.0|INDIVIDUAL|VARIABLE|P0216058008|1|0|1.0|INDIVIDUAL|VARIABLE|P0216058008|1|0|1.0|INDIVIDUAL|VARIABLE|P0216058008|1|0|1.0|INDIVIDUAL|VARIABLE|P0216058008|1|0|1.0|INDIVIDUAL|VARIABLE|P0216058008|1|0|1.0|INDIVIDUAL|VARIABLE|P0216058008|1|0|1.0|INDIVIDUAL|VARIABLE|P0216058008|1|0|1.0|INDIVIDUAL|VARIABLE|P0216058008|1|0|1.0|INDIVIDUAL|VARIABLE|P0216058008|1|0|1.0|INDIVIDUAL|VARIABLE|P0216058008|1|0|1.0|INDIVIDUAL|VARIABLE|P0216058008|1|0|1.0|INDIVIDUAL|VARIABLE|P0216058008|1|0|1.0|INDIVIDUAL|VARIABLE|P0216058008|1|0|1.0|INDIVIDUAL|VARIABLE|P0216058008|1|0|1.0|INDIVIDUAL|VARIABLE|P0216058008|1|0|1.0|INDIVIDUAL|VARIABLE|P0216058008|1|0|1.0|INDIVIDUAL|VARIABLE|P0216058008|1|0|1.0|INDIVIDUAL|VARIABLE|P0216058008|1|0|1.0|INDIVIDUAL|VARIABLE|P0216058008|1|0|1.0|INDIVIDUAL|VARIABLE|P0216058008|1|0|1.0|INDIVIDUAL|VARIABLE|P0216058008|1|0|1.0|INDIVIDUAL|VARIABLE|P0216058008|1|0|1.0|INDIVIDUAL|VARIABLE|P0216058008|1|0|1.0|INDIVIDUAL|VARIABLE|P0216058008|1|0|1.0|INDIVIDUAL|VARIABLE|P0216058008|1|0|1.0|INDIVIDUAL|VARIABLE|P0216058008|1|0|1.0
335,INDIVIDUAL|VARIABLE|P0197145001|1|0|1.0|INDIVIDUAL|VARIABLE|P0197145001|1|0|1.0|INDIVIDUAL|VARIABLE|P0197145001|1|0|1.0|INDIVIDUAL|VARIABLE|P0197145001|1|0|1.0|INDIVIDUAL|VARIABLE|P0197145001|1|0|1.0|INDIVIDUAL|VARIABLE|P0197145001|1|0|1.0|INDIVIDUAL|VARIABLE|P0197145001|1|0|1.0|INDIVIDUAL|VARIABLE|P0197145001|1|0|1.0|INDIVIDUAL|VARIABLE|P0197145001|1|0|1.0|INDIVIDUAL|VARIABLE|P0197145001|1|0|1.0|INDIVIDUAL|VARIABLE|P0197145001|1|0|1.0|INDIVIDUAL|VARIABLE|P0197145001|1|0|1.0|INDIVIDUAL|VARIABLE|P0197145001|1|0|1.0|INDIVIDUAL|VARIABLE|P0197145001|1|0|1.0|INDIVIDUAL|VARIABLE|P0197145001|1|0|1.0|INDIVIDUAL|VARIABLE|P0197145001|1|0|1.0|INDIVIDUAL|VARIABLE|P0197145001|1|0|1.0|INDIVIDUAL|VARIABLE|P0197145001|1|0|1.0|INDIVIDUAL|VARIABLE|P0197145001|1|0|1.0|INDIVIDUAL|VARIABLE|P0197145001|1|0|1.0|INDIVIDUAL|VARIABLE|P0197145001|1|0|1.0|INDIVIDUAL|VARIABLE|P0197145001|1|0|1.0|INDIVIDUAL|VARIABLE|P0197145001|1|0|1.0|INDIVIDUAL|VARIABLE|P0197145001|1|0|1.0|INDIVIDUAL|VARIABLE|P0197145001|1|0|1.0|INDIVIDUAL|VARIABLE|P0197145001|1|0|1.0|INDIVIDUAL|VARIABLE|P0197145001|1|0|1.0|INDIVIDUAL|VARIABLE|P0197145001|1|0|1.0|INDIVIDUAL|VARIABLE|P0197145001|1|0|1.0|INDIVIDUAL|VARIABLE|P0197145001|1|0|1.0|INDIVIDUAL|VARIABLE|P0197145001|1|0|1.0|INDIVIDUAL|VARIABLE|P0197145001|1|0|1.0|INDIVIDUAL|VARIABLE|P0197145001|1|0|1.0|INDIVIDUAL|VARIABLE|P0197145001|1|0|1.0|INDIVIDUAL|VARIABLE|P0197145001|1|0|1.0|INDIVIDUAL|VARIABLE|P0197145001|1|0|1.0|INDIVIDUAL|VARIABLE|P0197145001|1|0|1.0|INDIVIDUAL|VARIABLE|P0197145001|1|0|1.0|INDIVIDUAL|VARIABLE|P0197145001|1|0|1.0|INDIVIDUAL|VARIABLE|P0197145001|1|0|1.0|INDIVIDUAL|VARIABLE|P0197145001|1|0|1.0|INDIVIDUAL|VARIABLE|P0197145001|1|0|1.0|INDIVIDUAL|VARIABLE|P0197145001|1|0|1.0|INDIVIDUAL|VARIABLE|P0197145001|1|0|1.0|INDIVIDUAL|VARIABLE|P0197145001|1|0|1.0|INDIVIDUAL|VARIABLE|P0197145001|1|0|1.0|INDIVIDUAL|VARIABLE|P0197145001|1|0|1.0|INDIVIDUAL|VARIABLE|P0197145001|1|0|1.0|INDIVIDUAL|VARIABLE|P0197145001|1|0|1.0|INDIVIDUAL|VARIABLE|P0197145001|1|0|1.0|INDIVIDUAL|VARIABLE|P0197145001|1|0|1.0|INDIVIDUAL|VARIABLE|P0197145001|1|0|1.0|INDIVIDUAL|VARIABLE|P0197145001|1|0|1.0|INDIVIDUAL|VARIABLE|P0197145001|1|0|1.0|INDIVIDUAL|VARIABLE|P0197145001|1|0|1.0|INDIVIDUAL|VARIABLE|P0197145001|1|0|1.0|INDIVIDUAL|VARIABLE|P0197145001|1|0|1.0|INDIVIDUAL|VARIABLE|P0197145001|1|0|1.0|INDIVIDUAL|VARIABLE|P0197145001|1|0|1.0|INDIVIDUAL|VARIABLE|P0197145001|1|0|1.0|INDIVIDUAL|VARIABLE|P0197145001|1|0|1.0|INDIVIDUAL|VARIABLE|P0197145001|1|0|1.0|INDIVIDUAL|VARIABLE|P0197145001|1|0|1.0|INDIVIDUAL|VARIABLE|P0197145001|1|0|1.0|INDIVIDUAL|VARIABLE|P0197145001|1|0|1.0|INDIVIDUAL|VARIABLE|P0197145001|1|0|1.0|INDIVIDUAL|VARIABLE|P0197145001|1|0|1.0|INDIVIDUAL|VARIABLE|P0197145001|1|0|1.0|INDIVIDUAL|VARIABLE|P0197145001|1|0|1.0|INDIVIDUAL|VARIABLE|P0197145001|1|0|1.0|INDIVIDUAL|VARIABLE|P0197145001|1|0|1.0|INDIVIDUAL|VARIABLE|P0197145001|1|0|1.0|INDIVIDUAL|VARIABLE|P0197145001|1|0|1.0|INDIVIDUAL|VARIABLE|P0197145001|1|0|1.0|INDIVIDUAL|VARIABLE|P0197145001|1|0|1.0|INDIVIDUAL|VARIABLE|P0197145001|1|0|1.0|INDIVIDUAL|VARIABLE|P0197145001|1|0|1.0|INDIVIDUAL|VARIABLE|P0197145001|1|0|1.0|INDIVIDUAL|VARIABLE|P0197145001|1|0|1.0|INDIVIDUAL|VARIABLE|P0197145001|1|0|1.0|INDIVIDUAL|VARIABLE|P0197145001|1|0|1.0|INDIVIDUAL|VARIABLE|P0197145001|1|0|1.0|INDIVIDUAL|VARIABLE|P0197145001|1|0|1.0|INDIVIDUAL|VARIABLE|P0197145001|1|0|1.0|INDIVIDUAL|VARIABLE|P0197145001|1|0|1.0|INDIVIDUAL|VARIABLE|P0197145001|1|0|1.0|INDIVIDUAL|VARIABLE|P0197145001|1|0|1.0|INDIVIDUAL|VARIABLE|P0197145001|1|0|1.0|INDIVIDUAL|VARIABLE|P0197145001|1|0|1.0|INDIVIDUAL|VARIABLE|P0197145001|1|0|1.0|INDIVIDUAL|VARIABLE|P0197145001|1|0|1.0|INDIVIDUAL|VARIABLE|P0197145001|1|0|1.0|INDIVIDUAL|VARIABLE|P0197145001|1|0|1.0|INDIVIDUAL|VARIABLE|P0197145001|1|0|1.0|INDIVIDUAL|VARIABLE|P0197145001|1|0|1.0|INDIVIDUAL|VARIABLE|P0197145001|1|0|1.0|INDIVIDUAL|VARIABLE|P0197145001|1|0|1.0|INDIVIDUAL|VARIABLE|P0197145001|1|0|1.0|INDIVIDUAL|VARIABLE|P0197145001|1|0|1.0|INDIVIDUAL|VARIABLE|P0197145001|1|0|1.0|INDIVIDUAL|VARIABLE|P0197145001|1|0|1.0|INDIVIDUAL|VARIABLE|P0197145001|1|0|1.0|INDIVIDUAL|VARIABLE|P0197145001|1|0|1.0|INDIVIDUAL|VARIABLE|P0197145001|1|0|1.0|INDIVIDUAL|VARIABLE|P0197145001|1|0|1.0|INDIVIDUAL|VARIABLE|P0197145001|1|0|1.0|INDIVIDUAL|VARIABLE|P0197145001|1|0|1.0|INDIVIDUAL|VARIABLE|P0197145001|1|0|1.0|INDIVIDUAL|VARIABLE|P0197145001|1|0|1.0|INDIVIDUAL|VARIABLE|P0197145001|1|0|1.0|INDIVIDUAL|VARIABLE|P0197145001|1|0|1.0|INDIVIDUAL|VARIABLE|P0197145001|1|0|1.0|INDIVIDUAL|VARIABLE|P0197145001|1|0|1.0|INDIVIDUAL|VARIABLE|P0197145001|1|0|1.0|INDIVIDUAL|VARIABLE|P0197145001|1|0|1.0|INDIVIDUAL|VARIABLE|P0197145001|1|0|1.0|INDIVIDUAL|VARIABLE|P0197145001|1|0|1.0|INDIVIDUAL|VARIABLE|P0197145001|1|0|1.0|INDIVIDUAL|VARIABLE|P0197145001|1|0|1.0|INDIVIDUAL|VARIABLE|P0197145001|1|0|1.0
336,INDIVIDUAL|VARIABLE|P0216059008|1|0|1.0|INDIVIDUAL|VARIABLE|P0216059008|1|0|1.0|INDIVIDUAL|VARIABLE|P0216059008|1|0|1.0|INDIVIDUAL|VARIABLE|P0216059008|1|0|1.0|INDIVIDUAL|VARIABLE|P0216059008|1|0|1.0|INDIVIDUAL|VARIABLE|P0216059008|1|0|1.0|INDIVIDUAL|VARIABLE|P0216059008|1|0|1.0|INDIVIDUAL|VARIABLE|P0216059008|1|0|1.0|INDIVIDUAL|VARIABLE|P0216059008|1|0|1.0|INDIVIDUAL|VARIABLE|P0216059008|1|0|1.0|INDIVIDUAL|VARIABLE|P0216059008|1|0|1.0|INDIVIDUAL|VARIABLE|P0216059008|1|0|1.0|INDIVIDUAL|VARIABLE|P0216059008|1|0|1.0|INDIVIDUAL|VARIABLE|P0216059008|1|0|1.0|INDIVIDUAL|VARIABLE|P0216059008|1|0|1.0|INDIVIDUAL|VARIABLE|P0216059008|1|0|1.0|INDIVIDUAL|VARIABLE|P0216059008|1|0|1.0|INDIVIDUAL|VARIABLE|P0216059008|1|0|1.0|INDIVIDUAL|VARIABLE|P0216059008|1|0|1.0|INDIVIDUAL|VARIABLE|P0216059008|1|0|1.0|INDIVIDUAL|VARIABLE|P0216059008|1|0|1.0|INDIVIDUAL|VARIABLE|P0216059008|1|0|1.0
337,INDIVIDUAL|VARIABLE|P0216057005|1|0|1.0|INDIVIDUAL|VARIABLE|P0216057005|1|0|1.0|INDIVIDUAL|VARIABLE|P0216057005|1|0|1.0|INDIVIDUAL|VARIABLE|P0216057005|1|0|1.0|INDIVIDUAL|VARIABLE|P0216057005|1|0|1.0|INDIVIDUAL|VARIABLE|P0216057005|1|0|1.0|INDIVIDUAL|VARIABLE|P0216057005|1|0|1.0|INDIVIDUAL|VARIABLE|P0216057005|1|0|1.0|INDIVIDUAL|VARIABLE|P0216057005|1|0|1.0|INDIVIDUAL|VARIABLE|P0216057005|1|0|1.0|INDIVIDUAL|VARIABLE|P0216057005|1|0|1.0|INDIVIDUAL|VARIABLE|P0216057005|1|0|1.0|INDIVIDUAL|VARIABLE|P0216057005|1|0|1.0|INDIVIDUAL|VARIABLE|P0216057005|1|0|1.0|INDIVIDUAL|VARIABLE|P0216057005|1|0|1.0|INDIVIDUAL|VARIABLE|P0216057005|1|0|1.0|INDIVIDUAL|VARIABLE|P0216057005|1|0|1.0|INDIVIDUAL|VARIABLE|P0216057005|1|0|1.0|INDIVIDUAL|VARIABLE|P0216057005|1|0|1.0|INDIVIDUAL|VARIABLE|P0216057005|1|0|1.0|INDIVIDUAL|VARIABLE|P0216057005|1|0|1.0|INDIVIDUAL|VARIABLE|P0216057005|1|0|1.0|INDIVIDUAL|VARIABLE|P0216057005|1|0|1.0|INDIVIDUAL|VARIABLE|P0216057005|1|0|1.0|INDIVIDUAL|VARIABLE|P0216057005|1|0|1.0|INDIVIDUAL|VARIABLE|P0216057005|1|0|1.0|INDIVIDUAL|VARIABLE|P0216057005|1|0|1.0|INDIVIDUAL|VARIABLE|P0216057005|1|0|1.0|INDIVIDUAL|VARIABLE|P0216057005|1|0|1.0|INDIVIDUAL|VARIABLE|P0216057005|1|0|1.0|INDIVIDUAL|VARIABLE|P0216057005|1|0|1.0|INDIVIDUAL|VARIABLE|P0216057005|1|0|1.0|INDIVIDUAL|VARIABLE|P0216057005|1|0|1.0|INDIVIDUAL|VARIABLE|P0216057005|1|0|1.0|INDIVIDUAL|VARIABLE|P0216057005|1|0|1.0|INDIVIDUAL|VARIABLE|P0216057005|1|0|1.0|INDIVIDUAL|VARIABLE|P0216057005|1|0|1.0|INDIVIDUAL|VARIABLE|P0216057005|1|0|1.0|INDIVIDUAL|VARIABLE|P0216057005|1|0|1.0|INDIVIDUAL|VARIABLE|P0216057005|1|0|1.0|INDIVIDUAL|VARIABLE|P0216057005|1|0|1.0|INDIVIDUAL|VARIABLE|P0216057005|1|0|1.0|INDIVIDUAL|VARIABLE|P0216057005|1|0|1.0|INDIVIDUAL|VARIABLE|P0216057005|1|0|1.0|INDIVIDUAL|VARIABLE|P0216057005|1|0|1.0|INDIVIDUAL|VARIABLE|P0216057005|1|0|1.0|INDIVIDUAL|VARIABLE|P0216057005|1|0|1.0|INDIVIDUAL|VARIABLE|P0216057005|1|0|1.0|INDIVIDUAL|VARIABLE|P0216057005|1|0|1.0|INDIVIDUAL|VARIABLE|P0216057005|1|0|1.0|INDIVIDUAL|VARIABLE|P0216057005|1|0|1.0|INDIVIDUAL|VARIABLE|P0216057005|1|0|1.0|INDIVIDUAL|VARIABLE|P0216057005|1|0|1.0|INDIVIDUAL|VARIABLE|P0216057005|1|0|1.0|INDIVIDUAL|VARIABLE|P0216057005|1|0|1.0|INDIVIDUAL|VARIABLE|P0216057005|1|0|1.0|INDIVIDUAL|VARIABLE|P0216057005|1|0|1.0|INDIVIDUAL|VARIABLE|P0216057005|1|0|1.0|INDIVIDUAL|VARIABLE|P0216057005|1|0|1.0|INDIVIDUAL|VARIABLE|P0216057005|1|0|1.0|INDIVIDUAL|VARIABLE|P0216057005|1|0|1.0|INDIVIDUAL|VARIABLE|P0216057005|1|0|1.0|INDIVIDUAL|VARIABLE|P0216057005|1|0|1.0|INDIVIDUAL|VARIABLE|P0216057005|1|0|1.0|INDIVIDUAL|VARIABLE|P0216057005|1|0|1.0|INDIVIDUAL|VARIABLE|P0216057005|1|0|1.0|INDIVIDUAL|VARIABLE|P0216057005|1|0|1.0|INDIVIDUAL|VARIABLE|P0216057005|1|0|1.0|INDIVIDUAL|VARIABLE|P0216057005|1|0|1.0|INDIVIDUAL|VARIABLE|P0216057005|1|0|1.0|INDIVIDUAL|VARIABLE|P0216057005|1|0|1.0|INDIVIDUAL|VARIABLE|P0216057005|1|0|1.0|INDIVIDUAL|VARIABLE|P0216057005|1|0|1.0|INDIVIDUAL|VARIABLE|P0216057005|1|0|1.0|INDIVIDUAL|VARIABLE|P0216057005|1|0|1.0|INDIVIDUAL|VARIABLE|P0216057005|1|0|1.0|INDIVIDUAL|VARIABLE|P0216057005|1|0|1.0|INDIVIDUAL|VARIABLE|P0216057005|1|0|1.0|INDIVIDUAL|VARIABLE|P0216057005|1|0|1.0|INDIVIDUAL|VARIABLE|P0216057005|1|0|1.0|INDIVIDUAL|VARIABLE|P0216057005|1|0|1.0|INDIVIDUAL|VARIABLE|P0216057005|1|0|1.0|INDIVIDUAL|VARIABLE|P0216057005|1|0|1.0|INDIVIDUAL|VARIABLE|P0216057005|1|0|1.0|INDIVIDUAL|VARIABLE|P0216057005|1|0|1.0|INDIVIDUAL|VARIABLE|P0216057005|1|0|1.0|INDIVIDUAL|VARIABLE|P0216057005|1|0|1.0|INDIVIDUAL|VARIABLE|P0216057005|1|0|1.0|INDIVIDUAL|VARIABLE|P0216057005|1|0|1.0|INDIVIDUAL|VARIABLE|P0216057005|1|0|1.0|INDIVIDUAL|VARIABLE|P0216057005|1|0|1.0|INDIVIDUAL|VARIABLE|P0216057005|1|0|1.0|INDIVIDUAL|VARIABLE|P0216057005|1|0|1.0|INDIVIDUAL|VARIABLE|P0216057005|1|0|1.0|INDIVIDUAL|VARIABLE|P0216057005|1|0|1.0|INDIVIDUAL|VARIABLE|P0216057005|1|0|1.0|INDIVIDUAL|VARIABLE|P0216057005|1|0|1.0|INDIVIDUAL|VARIABLE|P0216057005|1|0|1.0|INDIVIDUAL|VARIABLE|P0216057005|1|0|1.0|INDIVIDUAL|VARIABLE|P0216057005|1|0|1.0|INDIVIDUAL|VARIABLE|P0216057005|1|0|1.0|INDIVIDUAL|VARIABLE|P0216057005|1|0|1.0|INDIVIDUAL|VARIABLE|P0216057005|1|0|1.0|INDIVIDUAL|VARIABLE|P0216057005|1|0|1.0|INDIVIDUAL|VARIABLE|P0216057005|1|0|1.0|INDIVIDUAL|VARIABLE|P0216057005|1|0|1.0|INDIVIDUAL|VARIABLE|P0216057005|1|0|1.0|INDIVIDUAL|VARIABLE|P0216057005|1|0|1.0|INDIVIDUAL|VARIABLE|P0216057005|1|0|1.0|INDIVIDUAL|VARIABLE|P0216057005|1|0|1.0|INDIVIDUAL|VARIABLE|P0216057005|1|0|1.0|INDIVIDUAL|VARIABLE|P0216057005|1|0|1.0|INDIVIDUAL|VARIABLE|P0216057005|1|0|1.0|INDIVIDUAL|VARIABLE|P0216057005|1|0|1.0|INDIVIDUAL|VARIABLE|P0216057005|1|0|1.0|INDIVIDUAL|VARIABLE|P0216057005|1|0|1.0|INDIVIDUAL|VARIABLE|P0216057005|1|0|1.0|INDIVIDUAL|VARIABLE|P0216057005|1|0|1.0|INDIVIDUAL|VARIABLE|P0216057005|1|0|1.0|INDIVIDUAL|VARIABLE|P0216057005|1|0|1.0|INDIVIDUAL|VARIABLE|P0216057005|1|0|1.0|INDIVIDUAL|VARIABLE|P0216057005|1|0|1.0|INDIVIDUAL|VARIABLE|P0216057005|1|0|1.0|INDIVIDUAL|VARIABLE|P0216057005|1|0|1.0|INDIVIDUAL|VARIABLE|P0216057005|1|0|1.0|INDIVIDUAL|VARIABLE|P0216057005|1|0|1.0|INDIVIDUAL|VARIABLE|P0216057005|1|0|1.0|INDIVIDUAL|VARIABLE|P0216057005|1|0|1.0|INDIVIDUAL|VARIABLE|P0216057005|1|0|1.0|INDIVIDUAL|VARIABLE|P0216057005|1|0|1.0|INDIVIDUAL|VARIABLE|P0216057005|1|0|1.0|INDIVIDUAL|VARIABLE|P0216057005|1|0|1.0|INDIVIDUAL|VARIABLE|P0216057005|1|0|1.0|INDIVIDUAL|VARIABLE|P0216057005|1|0|1.0|INDIVIDUAL|VARIABLE|P0216057005|1|0|1.0|INDIVIDUAL|VARIABLE|P0216057005|1|0|1.0|INDIVIDUAL|VARIABLE|P0216057005|1|0|1.0|INDIVIDUAL|VARIABLE|P0216057005|1|0|1.0|INDIVIDUAL|VARIABLE|P0216057005|1|0|1.0|INDIVIDUAL|VARIABLE|P0216057005|1|0|1.0|INDIVIDUAL|VARIABLE|P0216057005|1|0|1.0|INDIVIDUAL|VARIABLE|P0216057005|1|0|1.0|INDIVIDUAL|VARIABLE|P0216057005|1|0|1.0|INDIVIDUAL|VARIABLE|P0216057005|1|0|1.0|INDIVIDUAL|VARIABLE|P0216057005|1|0|1.0|INDIVIDUAL|VARIABLE|P0216057005|1|0|1.0|INDIVIDUAL|VARIABLE|P0216057005|1|0|1.0|INDIVIDUAL|VARIABLE|P0216057005|1|0|1.0|INDIVIDUAL|VARIABLE|P0216057005|1|0|1.0|INDIVIDUAL|VARIABLE|P0216057005|1|0|1.0|INDIVIDUAL|VARIABLE|P0216057005|1|0|1.0|INDIVIDUAL|VARIABLE|P0216057005|1|0|1.0|INDIVIDUAL|VARIABLE|P0216057005|1|0|1.0|INDIVIDUAL|VARIABLE|P0216057005|1|0|1.0|INDIVIDUAL|VARIABLE|P0216057005|1|0|1.0|INDIVIDUAL|VARIABLE|P0216057005|1|0|1.0|INDIVIDUAL|VARIABLE|P0216057005|1|0|1.0|INDIVIDUAL|VARIABLE|P0216057005|1|0|1.0|INDIVIDUAL|VARIABLE|P0216057005|1|0|1.0|INDIVIDUAL|VARIABLE|P0216057005|1|0|1.0|INDIVIDUAL|VARIABLE|P0216057005|1|0|1.0|INDIVIDUAL|VARIABLE|P0216057005|1|0|1.0|INDIVIDUAL|VARIABLE|P0216057005|1|0|1.0|INDIVIDUAL|VARIABLE|P0216057005|1|0|1.0|INDIVIDUAL|VARIABLE|P0216057005|1|0|1.0|INDIVIDUAL|VARIABLE|P0216057005|1|0|1.0|INDIVIDUAL|VARIABLE|P0216057005|1|0|1.0|INDIVIDUAL|VARIABLE|P0216057005|1|0|1.0|INDIVIDUAL|VARIABLE|P0216057005|1|0|1.0|INDIVIDUAL|VARIABLE|P0216057005|1|0|1.0|INDIVIDUAL|VARIABLE|P0216057005|1|0|1.0|INDIVIDUAL|VARIABLE|P0216057005|1|0|1.0|INDIVIDUAL|VARIABLE|P0216057005|1|0|1.0|INDIVIDUAL|VARIABLE|P0216057005|1|0|1.0|INDIVIDUAL|VARIABLE|P0216057005|1|0|1.0|INDIVIDUAL|VARIABLE|P0216057005|1|0|1.0|INDIVIDUAL|VARIABLE|P0216057005|1|0|1.0|INDIVIDUAL|VARIABLE|P0216057005|1|0|1.0|INDIVIDUAL|VARIABLE|P0216057005|1|0|1.0|INDIVIDUAL|VARIABLE|P0216057005|1|0|1.0|INDIVIDUAL|VARIABLE|P0216057005|1|0|1.0|INDIVIDUAL|VARIABLE|P0216057005|1|0|1.0|INDIVIDUAL|VARIABLE|P0216057005|1|0|1.0|INDIVIDUAL|VARIABLE|P0216057005|1|0|1.0|INDIVIDUAL|VARIABLE|P0216057005|1|0|1.0|INDIVIDUAL|VARIABLE|P0216057005|1|0|1.0|INDIVIDUAL|VARIABLE|P0216057005|1|0|1.0|INDIVIDUAL|VARIABLE|P0216057005|1|0|1.0|INDIVIDUAL|VARIABLE|P0216057005|1|0|1.0|INDIVIDUAL|VARIABLE|P0216057005|1|0|1.0|INDIVIDUAL|VARIABLE|P0216057005|1|0|1.0|INDIVIDUAL|VARIABLE|P0216057005|1|0|1.0|INDIVIDUAL|VARIABLE|P0216057005|1|0|1.0|INDIVIDUAL|VARIABLE|P0216057005|1|0|1.0|INDIVIDUAL|VARIABLE|P0216057005|1|0|1.0|INDIVIDUAL|VARIABLE|P0216057005|1|0|1.0|INDIVIDUAL|VARIABLE|P0216057005|1|0|1.0|INDIVIDUAL|VARIABLE|P0216057005|1|0|1.0|INDIVIDUAL|VARIABLE|P0216057005|1|0|1.0|INDIVIDUAL|VARIABLE|P0216057005|1|0|1.0|INDIVIDUAL|VARIABLE|P0216057005|1|0|1.0|INDIVIDUAL|VARIABLE|P0216057005|1|0|1.0|INDIVIDUAL|VARIABLE|P0216057005|1|0|1.0|INDIVIDUAL|VARIABLE|P0216057005|1|0|1.0|INDIVIDUAL|VARIABLE|P0216057005|1|0|1.0|INDIVIDUAL|VARIABLE|P0216057005|1|0|1.0|INDIVIDUAL|VARIABLE|P0216057005|1|0|1.0|INDIVIDUAL|VARIABLE|P0216057005|1|0|1.0|INDIVIDUAL|VARIABLE|P0216057005|1|0|1.0|INDIVIDUAL|VARIABLE|P0216057005|1|0|1.0|INDIVIDUAL|VARIABLE|P0216057005|1|0|1.0|INDIVIDUAL|VARIABLE|P0216057005|1|0|1.0|INDIVIDUAL|VARIABLE|P0216057005|1|0|1.0|INDIVIDUAL|VARIABLE|P0216057005|1|0|1.0|INDIVIDUAL|VARIABLE|P0216057005|1|0|1.0|INDIVIDUAL|VARIABLE|P0216057005|1|0|1.0|INDIVIDUAL|VARIABLE|P0216057005|1|0|1.0|INDIVIDUAL|VARIABLE|P0216057005|1|0|1.0|INDIVIDUAL|VARIABLE|P0216057005|1|0|1.0|INDIVIDUAL|VARIABLE|P0216057005|1|0|1.0|INDIVIDUAL|VARIABLE|P0216057005|1|0|1.0|INDIVIDUAL|VARIABLE|P0216057005|1|0|1.0|INDIVIDUAL|VARIABLE|P0216057005|1|0|1.0|INDIVIDUAL|VARIABLE|P0216057005|1|0|1.0|INDIVIDUAL|VARIABLE|P0216057005|1|0|1.0|INDIVIDUAL|VARIABLE|P0216057005|1|0|1.0|INDIVIDUAL|VARIABLE|P0216057005|1|0|1.0|INDIVIDUAL|VARIABLE|P0216057005|1|0|1.0
339,SET FIJO|FIJO|200039855|1|0|1.0|SET FIJO|FIJO|200039855|1|0|1.0|SET FIJO|FIJO|200067292|0|0|1.0|SET FIJO|FIJO|200039855|1|0|1.0|SET FIJO|FIJO|200039855|1|0|1.0|SET FIJO|FIJO|200039855|1|0|1.0|SET FIJO|FIJO|200039855|1|0|1.0|SET FIJO|FIJO|200067292|0|0|1.0|SET FIJO|FIJO|200067292|0|0|1.0|SET FIJO|FIJO|200039855|1|0|1.0|SET FIJO|FIJO|200039855|1|0|1.0|SET FIJO|FIJO|200067292|0|0|1.0|SET FIJO|FIJO|200039855|1|0|1.0|SET FIJO|FIJO|200039855|1|0|1.0|SET FIJO|FIJO|200039855|1|0|1.0|SET FIJO|FIJO|200067292|0|0|1.0|SET FIJO|FIJO|200039855|1|0|1.0|SET FIJO|FIJO|200067292|0|0|1.0|SET FIJO|FIJO|200067292|0|0|1.0|SET FIJO|FIJO|200039855|1|0|1.0|SET FIJO|FIJO|200067292|0|0|1.0|SET FIJO|FIJO|200067292|0|0|1.0|SET FIJO|FIJO|200067292|0|0|1.0|SET FIJO|FIJO|200067292|0|0|1.0
340,SET FIJO|FIJO|200109874|1|0|1.0|SET FIJO|FIJO|200109874|1|0|1.0|SET FIJO|FIJO|200109874|1|0|1.0|SET FIJO|FIJO|200109874|1|0|1.0|SET FIJO|FIJO|200109874|1|0|1.0|SET FIJO|FIJO|200109874|1|0|1.0|SET FIJO|FIJO|200109874|1|0|1.0|SET FIJO|FIJO|200109874|1|0|1.0|SET FIJO|FIJO|200109874|1|0|1.0|SET FIJO|FIJO|200109874|1|0|1.0|SET FIJO|FIJO|200118605|0|0|1.0|SET FIJO|FIJO|200118605|0|0|1.0|SET FIJO|FIJO|200118605|0|0|1.0|SET FIJO|FIJO|200118605|0|0|1.0|SET FIJO|FIJO|200109874|1|0|1.0|SET FIJO|FIJO|200109874|1|0|1.0|SET FIJO|FIJO|200118605|0|0|1.0|SET FIJO|FIJO|200118605|0|0|1.0|SET FIJO|FIJO|200118605|0|0|1.0|SET FIJO|FIJO|200118605|0|0|1.0|SET FIJO|FIJO|200118605|0|0|1.0|SET FIJO|FIJO|200118605|0|0|1.0|SET FIJO|FIJO|200118605|0|0|1.0|SET FIJO|FIJO|200118605|0|0|1.0
341,SET FIJO|FIJO|200097947|1|0|1.0|SET FIJO|FIJO|200097947|1|0|1.0|SET FIJO|FIJO|200097947|1|0|1.0|SET FIJO|FIJO|200097947|1|0|1.0|SET FIJO|FIJO|200097947|1|0|1.0|SET FIJO|FIJO|P0132053000|0|0|1.0|SET FIJO|FIJO|P0132053000|0|0|1.0|SET FIJO|FIJO|P0132053000|0|0|1.0|SET FIJO|FIJO|P0132053000|0|0|1.0|SET FIJO|FIJO|P0132053000|0|0|1.0|SET FIJO|FIJO|P0132053000|0|0|1.0|SET FIJO|FIJO|P0132053000|0|0|1.0|SET FIJO|FIJO|P0132053000|0|0|1.0|SET FIJO|FIJO|200097947|1|0|1.0|SET FIJO|FIJO|200097947|1|0|1.0|SET FIJO|FIJO|200097947|1|0|1.0|SET FIJO|FIJO|200097947|1|0|1.0|SET FIJO|FIJO|200097947|1|0|1.0|SET FIJO|FIJO|200097947|1|0|1.0|SET FIJO|FIJO|200097947|1|0|1.0|SET FIJO|FIJO|P0132053000|0|0|1.0|SET FIJO|FIJO|P0132053000|0|0|1.0|SET FIJO|FIJO|P0132053000|0|0|1.0|SET FIJO|FIJO|P0132053000|0|0|1.0
342,SET FIJO|FIJO|200106161|0|0|1.0|SET FIJO|FIJO|200106161|0|0|1.0|SET FIJO|FIJO|200089168|1|0|1.0|SET FIJO|FIJO|200106161|0|0|1.0|SET FIJO|FIJO|200106161|0|0|1.0|SET FIJO|FIJO|200106161|0|0|1.0|SET FIJO|FIJO|200106161|0|0|1.0|SET FIJO|FIJO|200106161|0|0|1.0|SET FIJO|FIJO|200106161|0|0|1.0|SET FIJO|FIJO|200106161|0|0|1.0|SET FIJO|FIJO|200106161|0|0|1.0|SET FIJO|FIJO|200106161|0|0|1.0|SET FIJO|FIJO|200106161|0|0|1.0|SET FIJO|FIJO|200089168|1|0|1.0|SET FIJO|FIJO|200089168|1|0|1.0|SET FIJO|FIJO|200089168|1|0|1.0|SET FIJO|FIJO|200089168|1|0|1.0|SET FIJO|FIJO|200089168|1|0|1.0|SET FIJO|FIJO|200089168|1|0|1.0|SET FIJO|FIJO|200089168|1|0|1.0|SET FIJO|FIJO|200089168|1|0|1.0|SET FIJO|FIJO|200089168|1|0|1.0|SET FIJO|FIJO|200089168|1|0|1.0|SET FIJO|FIJO|200089168|1|0|1.0|SET FIJO|FIJO|200089168|1|0|1.0
344,SET VARIABLE|FIJO|P0132056004|1|0|1.0|SET VARIABLE|VARIABLE|P0132060000|0|0|1.0|SET VARIABLE|VARIABLE|P0132060000|0|0|1.0|SET VARIABLE|VARIABLE|P0132060000|0|0|1.0|SET VARIABLE|VARIABLE|P0132060000|0|0|1.0|SET VARIABLE|VARIABLE|P0132060000|0|0|1.0|SET VARIABLE|VARIABLE|P0132060000|0|0|1.0|SET VARIABLE|FIJO|P0132056004|1|0|1.0|SET VARIABLE|FIJO|P0132056004|1|0|1.0|SET VARIABLE|FIJO|P0132056004|1|0|1.0|SET VARIABLE|FIJO|P0132056004|1|0|1.0|SET VARIABLE|FIJO|P0132056004|1|0|1.0|SET VARIABLE|VARIABLE|P0132060000|0|0|1.0|SET VARIABLE|VARIABLE|P0132060000|0|0|1.0|SET VARIABLE|VARIABLE|P0132060000|0|0|1.0|SET VARIABLE|VARIABLE|P0132060000|0|0|1.0|SET VARIABLE|VARIABLE|P0132060000|0|0|1.0|SET VARIABLE|FIJO|P0132056004|1|0|1.0|SET VARIABLE|FIJO|P0132056004|1|0|1.0|SET VARIABLE|FIJO|P0132056004|1|0|1.0|SET VARIABLE|FIJO|P0132056004|1|0|1.0|SET VARIABLE|FIJO|P0132056004|1|0|1.0|SET VARIABLE|FIJO|P0132056004|1|0|1.0|SET VARIABLE|VARIABLE|P0132060000|0|0|1.0|SET VARIABLE|VARIABLE|P0132060000|0|0|1.0|SET VARIABLE|VARIABLE|P0132060000|0|0|1.0|SET VARIABLE|VARIABLE|P0132060000|0|0|1.0|SET VARIABLE|VARIABLE|P0132060000|0|0|1.0|SET VARIABLE|VARIABLE|P0132060000|0|0|1.0|SET VARIABLE|VARIABLE|P0132060000|0|0|1.0|SET VARIABLE|VARIABLE|P0132060000|0|0|1.0|SET VARIABLE|VARIABLE|P0132060000|0|0|1.0|SET VARIABLE|VARIABLE|P0132060000|0|0|1.0|SET VARIABLE|VARIABLE|P0132060000|0|0|1.0|SET VARIABLE|VARIABLE|P0132060000|0|0|1.0|SET VARIABLE|VARIABLE|P0132060000|0|0|1.0
345,SET VARIABLE|VARIABLE|P0132052000|1|0|1.0|SET VARIABLE|VARIABLE|P0132052000|1|0|1.0|SET VARIABLE|VARIABLE|P0132052000|1|0|1.0|SET VARIABLE|VARIABLE|P0132052000|1|0|1.0|SET VARIABLE|VARIABLE|P0132052000|1|0|1.0|SET VARIABLE|FIJO|P0132056000|0|0|1.0|SET VARIABLE|FIJO|P0132056000|0|0|1.0|SET VARIABLE|FIJO|P0132056000|0|0|1.0|SET VARIABLE|FIJO|P0132056000|0|0|1.0|SET VARIABLE|VARIABLE|P0132052000|1|0|1.0|SET VARIABLE|VARIABLE|P0132052000|1|0|1.0|SET VARIABLE|VARIABLE|P0132052000|1|0|1.0|SET VARIABLE|VARIABLE|P0132052000|1|0|1.0|SET VARIABLE|VARIABLE|P0132052000|1|0|1.0|SET VARIABLE|VARIABLE|P0132052000|1|0|1.0|SET VARIABLE|VARIABLE|P0132052000|1|0|1.0|SET VARIABLE|VARIABLE|P0132052000|1|0|1.0|SET VARIABLE|VARIABLE|P0132052000|1|0|1.0|SET VARIABLE|VARIABLE|P0132052000|1|0|1.0|SET VARIABLE|VARIABLE|P0132052000|1|0|1.0|SET VARIABLE|VARIABLE|P0132052000|1|0|1.0|SET VARIABLE|VARIABLE|P0132052000|1|0|1.0|SET VARIABLE|VARIABLE|P0132052000|1|0|1.0|SET VARIABLE|FIJO|P0132056000|0|0|1.0|SET VARIABLE|FIJO|P0132056000|0|0|1.0|SET VARIABLE|FIJO|P0132056000|0|0|1.0|SET VARIABLE|FIJO|P0132056000|0|0|1.0|SET VARIABLE|VARIABLE|P0132052000|1|0|1.0|SET VARIABLE|VARIABLE|P0132052000|1|0|1.0|SET VARIABLE|VARIABLE|P0132052000|1|0|1.0|SET VARIABLE|VARIABLE|P0132052000|1|0|1.0|SET VARIABLE|VARIABLE|P0132052000|1|0|1.0|SET VARIABLE|VARIABLE|P0132052000|1|0|1.0|SET VARIABLE|VARIABLE|P0132052000|1|0|1.0|SET VARIABLE|VARIABLE|P0132052000|1|0|1.0|SET VARIABLE|VARIABLE|P0132052000|1|0|1.0|SET VARIABLE|VARIABLE|P0132052000|1|0|1.0|SET VARIABLE|VARIABLE|P0132052000|1|0|1.0|SET VARIABLE|VARIABLE|P0132052000|1|0|1.0|SET VARIABLE|VARIABLE|P0132052000|1|0|1.0|SET VARIABLE|VARIABLE|P0132052000|1|0|1.0|SET VARIABLE|VARIABLE|P0132052000|1|0|1.0|SET VARIABLE|VARIABLE|P0132052000|1|0|1.0|SET VARIABLE|VARIABLE|P0132052000|1|0|1.0|SET VARIABLE|FIJO|P0132056000|0|0|1.0|SET VARIABLE|FIJO|P0132056000|0|0|1.0|SET VARIABLE|VARIABLE|P0132052000|1|0|1.0|SET VARIABLE|VARIABLE|P0132052000|1|0|1.0|SET VARIABLE|VARIABLE|P0132052000|1|0|1.0|SET VARIABLE|VARIABLE|P0132052000|1|0|1.0|SET VARIABLE|VARIABLE|P0132052000|1|0|1.0|SET VARIABLE|VARIABLE|P0132052000|1|0|1.0|SET VARIABLE|FIJO|P0132056000|0|0|1.0|SET VARIABLE|FIJO|P0132056000|0|0|1.0|SET VARIABLE|VARIABLE|P0132052000|1|0|1.0|SET VARIABLE|VARIABLE|P0132052000|1|0|1.0
346,SET VARIABLE|VARIABLE|P0132052000|1|0|1.0|SET VARIABLE|VARIABLE|P0132052000|1|0|1.0|SET VARIABLE|VARIABLE|P0132052000|1|0|1.0|SET VARIABLE|VARIABLE|P0132052000|1|0|1.0|SET VARIABLE|VARIABLE|P0132052000|1|0|1.0|SET VARIABLE|VARIABLE|P0132052000|1|0|1.0|SET VARIABLE|FIJO|P0132056000|0|0|1.0|SET VARIABLE|FIJO|P0132056000|0|0|1.0|SET VARIABLE|FIJO|P0132056000|0|0|1.0|SET VARIABLE|VARIABLE|P0132052000|1|0|1.0|SET VARIABLE|VARIABLE|P0132052000|1|0|1.0|SET VARIABLE|VARIABLE|P0132052000|1|0|1.0|SET VARIABLE|VARIABLE|P0132052000|1|0|1.0|SET VARIABLE|VARIABLE|P0132052000|1|0|1.0|SET VARIABLE|VARIABLE|P0132052000|1|0|1.0|SET VARIABLE|VARIABLE|P0132052000|1|0|1.0|SET VARIABLE|VARIABLE|P0132052000|1|0|1.0|SET VARIABLE|VARIABLE|P0132052000|1|0|1.0|SET VARIABLE|VARIABLE|P0132052000|1|0|1.0|SET VARIABLE|VARIABLE|P0132052000|1|0|1.0|SET VARIABLE|VARIABLE|P0132052000|1|0|1.0|SET VARIABLE|VARIABLE|P0132052000|1|0|1.0|SET VARIABLE|VARIABLE|P0132052000|1|0|1.0|SET VARIABLE|VARIABLE|P0132052000|1|0|1.0|SET VARIABLE|VARIABLE|P0132052000|1|0|1.0|SET VARIABLE|FIJO|P0132056000|0|0|1.0|SET VARIABLE|VARIABLE|P0132052000|1|0|1.0|SET VARIABLE|VARIABLE|P0132052000|1|0|1.0|SET VARIABLE|FIJO|P0132056000|0|0|1.0|SET VARIABLE|FIJO|P0132056000|0|0|1.0|SET VARIABLE|FIJO|P0132056000|0|0|1.0|SET VARIABLE|FIJO|P0132056000|0|0|1.0|SET VARIABLE|VARIABLE|P0132052000|1|0|1.0|SET VARIABLE|VARIABLE|P0132052000|1|0|1.0|SET VARIABLE|VARIABLE|P0132052000|1|0|1.0|SET VARIABLE|VARIABLE|P0132052000|1|0|1.0|SET VARIABLE|VARIABLE|P0132052000|1|0|1.0|SET VARIABLE|VARIABLE|P0132052000|1|0|1.0|SET VARIABLE|VARIABLE|P0132052000|1|0|1.0|SET VARIABLE|VARIABLE|P0132052000|1|0|1.0|SET VARIABLE|VARIABLE|P0132052000|1|0|1.0|SET VARIABLE|VARIABLE|P0132052000|1|0|1.0|SET VARIABLE|VARIABLE|P0132052000|1|0|1.0|SET VARIABLE|VARIABLE|P0132052000|1|0|1.0|SET VARIABLE|VARIABLE|P0132052000|1|0|1.0|SET VARIABLE|VARIABLE|P0132052000|1|0|1.0|SET VARIABLE|VARIABLE|P0132052000|1|0|1.0|SET VARIABLE|VARIABLE|P0132052000|1|0|1.0|SET VARIABLE|VARIABLE|P0132052000|1|0|1.0|SET VARIABLE|VARIABLE|P0132052000|1|0|1.0|SET VARIABLE|VARIABLE|P0132052000|1|0|1.0|SET VARIABLE|VARIABLE|P0132052000|1|0|1.0|SET VARIABLE|VARIABLE|P0132052000|1|0|1.0|SET VARIABLE|VARIABLE|P0132052000|1|0|1.0|SET VARIABLE|VARIABLE|P0132052000|1|0|1.0|SET VARIABLE|VARIABLE|P0132052000|1|0|1.0|SET VARIABLE|VARIABLE|P0132052000|1|0|1.0|SET VARIABLE|VARIABLE|P0132052000|1|0|1.0|SET VARIABLE|VARIABLE|P0132052000|1|0|1.0|SET VARIABLE|VARIABLE|P0132052000|1|0|1.0|SET VARIABLE|VARIABLE|P0132052000|1|0|1.0|SET VARIABLE|VARIABLE|P0132052000|1|0|1.0|SET VARIABLE|VARIABLE|P0132052000|1|0|1.0|SET VARIABLE|VARIABLE|P0132052000|1|0|1.0|SET VARIABLE|VARIABLE|P0132052000|1|0|1.0|SET VARIABLE|VARIABLE|P0132052000|1|0|1.0|SET VARIABLE|VARIABLE|P0132052000|1|0|1.0|SET VARIABLE|VARIABLE|P0132052000|1|0|1.0|SET VARIABLE|FIJO|P0132056000|0|0|1.0|SET VARIABLE|FIJO|P0132056000|0|0|1.0|SET VARIABLE|FIJO|P0132056000|0|0|1.0|SET VARIABLE|VARIABLE|P0132052000|1|0|1.0|SET VARIABLE|VARIABLE|P0132052000|1|0|1.0|SET VARIABLE|VARIABLE|P0132052000|1|0|1.0|SET VARIABLE|VARIABLE|P0132052000|1|0|1.0|SET VARIABLE|VARIABLE|P0132052000|1|0|1.0|SET VARIABLE|VARIABLE|P0132052000|1|0|1.0|SET VARIABLE|FIJO|P0132056000|0|0|1.0
347,SET VARIABLE|VARIABLE|P0132052000|1|0|1.0|SET VARIABLE|VARIABLE|P0132052000|1|0|1.0|SET VARIABLE|VARIABLE|P0132052000|1|0|1.0|SET VARIABLE|FIJO|P0132056000|0|0|1.0|SET VARIABLE|FIJO|P0132056000|0|0|1.0|SET VARIABLE|FIJO|P0132056000|0|0|1.0|SET VARIABLE|VARIABLE|P0132052000|1|0|1.0|SET VARIABLE|VARIABLE|P0132052000|1|0|1.0|SET VARIABLE|VARIABLE|P0132052000|1|0|1.0|SET VARIABLE|VARIABLE|P0132052000|1|0|1.0|SET VARIABLE|VARIABLE|P0132052000|1|0|1.0|SET VARIABLE|VARIABLE|P0132052000|1|0|1.0|SET VARIABLE|VARIABLE|P0132052000|1|0|1.0|SET VARIABLE|VARIABLE|P0132052000|1|0|1.0|SET VARIABLE|VARIABLE|P0132052000|1|0|1.0|SET VARIABLE|VARIABLE|P0132052000|1|0|1.0|SET VARIABLE|VARIABLE|P0132052000|1|0|1.0|SET VARIABLE|VARIABLE|P0132052000|1|0|1.0|SET VARIABLE|VARIABLE|P0132052000|1|0|1.0|SET VARIABLE|VARIABLE|P0132052000|1|0|1.0|SET VARIABLE|VARIABLE|P0132052000|1|0|1.0|SET VARIABLE|FIJO|P0132056000|0|0|1.0|SET VARIABLE|VARIABLE|P0132052000|1|0|1.0|SET VARIABLE|VARIABLE|P0132052000|1|0|1.0|SET VARIABLE|FIJO|P0132056000|0|0|1.0|SET VARIABLE|FIJO|P0132056000|0|0|1.0|SET VARIABLE|FIJO|P0132056000|0|0|1.0|SET VARIABLE|FIJO|P0132056000|0|0|1.0|SET VARIABLE|VARIABLE|P0132052000|1|0|1.0|SET VARIABLE|VARIABLE|P0132052000|1|0|1.0|SET VARIABLE|VARIABLE|P0132052000|1|0|1.0|SET VARIABLE|VARIABLE|P0132052000|1|0|1.0|SET VARIABLE|VARIABLE|P0132052000|1|0|1.0|SET VARIABLE|VARIABLE|P0132052000|1|0|1.0|SET VARIABLE|VARIABLE|P0132052000|1|0|1.0|SET VARIABLE|VARIABLE|P0132052000|1|0|1.0|SET VARIABLE|VARIABLE|P0132052000|1|0|1.0|SET VARIABLE|VARIABLE|P0132052000|1|0|1.0|SET VARIABLE|VARIABLE|P0132052000|1|0|1.0|SET VARIABLE|VARIABLE|P0132052000|1|0|1.0|SET VARIABLE|VARIABLE|P0132052000|1|0|1.0|SET VARIABLE|VARIABLE|P0132052000|1|0|1.0|SET VARIABLE|VARIABLE|P0132052000|1|0|1.0|SET VARIABLE|VARIABLE|P0132052000|1|0|1.0|SET VARIABLE|VARIABLE|P0132052000|1|0|1.0|SET VARIABLE|VARIABLE|P0132052000|1|0|1.0|SET VARIABLE|VARIABLE|P0132052000|1|0|1.0|SET VARIABLE|VARIABLE|P0132052000|1|0|1.0|SET VARIABLE|VARIABLE|P0132052000|1|0|1.0|SET VARIABLE|VARIABLE|P0132052000|1|0|1.0|SET VARIABLE|VARIABLE|P0132052000|1|0|1.0|SET VARIABLE|VARIABLE|P0132052000|1|0|1.0|SET VARIABLE|VARIABLE|P0132052000|1|0|1.0|SET VARIABLE|VARIABLE|P0132052000|1|0|1.0|SET VARIABLE|FIJO|P0132056000|0|0|1.0|SET VARIABLE|FIJO|P0132056000|0|0|1.0|SET VARIABLE|FIJO|P0132056000|0|0|1.0|SET VARIABLE|VARIABLE|P0132052000|1|0|1.0|SET VARIABLE|VARIABLE|P0132052000|1|0|1.0|SET VARIABLE|VARIABLE|P0132052000|1|0|1.0|SET VARIABLE|VARIABLE|P0132052000|1|0|1.0|SET VARIABLE|VARIABLE|P0132052000|1|0|1.0|SET VARIABLE|VARIABLE|P0132052000|1|0|1.0|SET VARIABLE|VARIABLE|P0132052000|1|0|1.0|SET VARIABLE|FIJO|P0132056000|0|0|1.0|SET VARIABLE|VARIABLE|P0132052000|1|0|1.0|SET VARIABLE|VARIABLE|P0132052000|1|0|1.0
350,PROMOCIÓN INDIVIDUAL|VARIABLE|200044715|1|0|1.0|PROMOCIÓN INDIVIDUAL|VARIABLE|200044715|1|0|1.0|PROMOCIÓN INDIVIDUAL|VARIABLE|200044715|1|0|1.0|PROMOCIÓN INDIVIDUAL|VARIABLE|200044715|1|0|1.0|PROMOCIÓN INDIVIDUAL|VARIABLE|200044715|1|0|1.0|PROMOCIÓN INDIVIDUAL|VARIABLE|200044715|1|0|1.0|PROMOCIÓN INDIVIDUAL|VARIABLE|200044715|1|0|1.0|PROMOCIÓN INDIVIDUAL|VARIABLE|200044715|1|0|1.0|PROMOCIÓN INDIVIDUAL|VARIABLE|200044715|1|0|1.0|PROMOCIÓN INDIVIDUAL|VARIABLE|200044715|1|0|1.0|PROMOCIÓN INDIVIDUAL|VARIABLE|200115551|1|0|1.0|PROMOCIÓN INDIVIDUAL|VARIABLE|200115551|1|0|1.0|PROMOCIÓN INDIVIDUAL|VARIABLE|200115551|1|0|1.0|PROMOCIÓN INDIVIDUAL|VARIABLE|200115551|1|0|1.0|PROMOCIÓN INDIVIDUAL|VARIABLE|200115551|1|0|1.0|PROMOCIÓN INDIVIDUAL|VARIABLE|200115551|1|0|1.0|PROMOCIÓN INDIVIDUAL|VARIABLE|200115551|1|0|1.0|PROMOCIÓN INDIVIDUAL|VARIABLE|200115551|1|0|1.0|PROMOCIÓN INDIVIDUAL|VARIABLE|200115551|1|0|1.0|PROMOCIÓN INDIVIDUAL|VARIABLE|200044715|1|0|1.0|PROMOCIÓN INDIVIDUAL|VARIABLE|200044715|1|0|1.0|PROMOCIÓN INDIVIDUAL|VARIABLE|200115551|1|0|1.0|PROMOCIÓN INDIVIDUAL|VARIABLE|200115551|1|0|1.0|PROMOCIÓN INDIVIDUAL|VARIABLE|200115551|1|0|1.0
351,VOLUMEN|FIJO|200100855|1|0|2.0|VOLUMEN|FIJO|200100855|1|0|2.0|VOLUMEN|FIJO|200100855|1|0|2.0|VOLUMEN|FIJO|200100855|1|0|2.0|VOLUMEN|FIJO|200100855|1|0|2.0|VOLUMEN|FIJO|200100855|1|0|2.0|VOLUMEN|FIJO|200100855|1|0|2.0|VOLUMEN|FIJO|200100855|1|0|2.0|VOLUMEN|FIJO|200100855|1|0|2.0|VOLUMEN|FIJO|200100855|1|0|2.0|VOLUMEN|FIJO|200100855|1|0|2.0
352,VOLUMEN|FIJO|P0132053000|1|0|2.0|VOLUMEN|FIJO|P0132053000|1|0|2.0|VOLUMEN|FIJO|P0132053000|1|0|2.0|VOLUMEN|FIJO|P0132053000|1|0|2.0|VOLUMEN|FIJO|P0132053000|1|0|2.0|VOLUMEN|FIJO|P0132053000|1|0|2.0|VOLUMEN|FIJO|P0132053000|1|0|2.0|VOLUMEN|FIJO|P0132053000|1|0|2.0|VOLUMEN|FIJO|P0132053000|1|0|2.0|VOLUMEN|FIJO|P0132053000|1|0|2.0|VOLUMEN|FIJO|P0132053000|1|0|2.0|VOLUMEN|FIJO|P0132053000|1|0|2.0
353,VOLUMEN|FIJO|P0132053000|1|0|2.0|VOLUMEN|FIJO|P0132053000|1|0|2.0|VOLUMEN|FIJO|P0132053000|1|0|2.0|VOLUMEN|FIJO|P0132053000|1|0|2.0|VOLUMEN|FIJO|P0132053000|1|0|2.0|VOLUMEN|FIJO|P0132053000|1|0|2.0|VOLUMEN|FIJO|P0132053000|1|0|2.0|VOLUMEN|FIJO|P0132053000|1|0|2.0|VOLUMEN|FIJO|P0132053000|1|0|2.0|VOLUMEN|FIJO|P0132053000|1|0|2.0|VOLUMEN|FIJO|P0132053000|1|0|2.0|VOLUMEN|FIJO|P0132053000|1|0|2.0
354,VOLUMEN|FIJO|P0132053000|1|0|2.0|VOLUMEN|FIJO|P0132053000|1|0|2.0|VOLUMEN|FIJO|P0132053000|1|0|2.0|VOLUMEN|FIJO|P0132053000|1|0|2.0|VOLUMEN|FIJO|P0132053000|1|0|2.0|VOLUMEN|FIJO|P0132053000|1|0|2.0|VOLUMEN|FIJO|P0132053000|1|0|2.0|VOLUMEN|FIJO|P0132053000|1|0|2.0|VOLUMEN|FIJO|P0132053000|1|0|2.0|VOLUMEN|FIJO|P0132053000|1|0|2.0|VOLUMEN|FIJO|P0132053000|1|0|2.0|VOLUMEN|FIJO|P0132053000|1|0|2.0
355,VOLUMEN|FIJO|P0132053000|1|0|2.0|VOLUMEN|FIJO|P0132053000|1|0|2.0|VOLUMEN|FIJO|P0132053000|1|0|2.0|VOLUMEN|FIJO|P0132053000|1|0|2.0|VOLUMEN|FIJO|P0132053000|1|0|2.0|VOLUMEN|FIJO|P0132053000|1|0|2.0|VOLUMEN|FIJO|P0132053000|1|0|2.0|VOLUMEN|FIJO|P0132053000|1|0|2.0|VOLUMEN|FIJO|P0132053000|1|0|2.0|VOLUMEN|FIJO|P0132053000|1|0|2.0|VOLUMEN|FIJO|P0132053000|1|0|2.0|VOLUMEN|FIJO|P0132053000|1|0|2.0
356,VOLUMEN|FIJO|P0132053000|1|0|2.0|VOLUMEN|FIJO|P0132053000|1|0|2.0|VOLUMEN|FIJO|P0132053000|1|0|2.0|VOLUMEN|FIJO|P0132053000|1|0|2.0|VOLUMEN|FIJO|P0132053000|1|0|2.0|VOLUMEN|FIJO|P0132053000|1|0|2.0|VOLUMEN|FIJO|P0132053000|1|0|2.0|VOLUMEN|FIJO|P0132053000|1|0|2.0|VOLUMEN|FIJO|P0132053000|1|0|2.0|VOLUMEN|FIJO|P0132053000|1|0|2.0|VOLUMEN|FIJO|P0132053000|1|0|2.0|VOLUMEN|FIJO|P0132053000|1|0|2.0
357,VOLUMEN|FIJO|P0132053000|1|0|2.0|VOLUMEN|FIJO|P0132053000|1|0|2.0|VOLUMEN|FIJO|P0132053000|1|0|2.0|VOLUMEN|FIJO|P0132053000|1|0|2.0|VOLUMEN|FIJO|P0132053000|1|0|2.0|VOLUMEN|FIJO|P0132053000|1|0|2.0|VOLUMEN|FIJO|P0132053000|1|0|2.0|VOLUMEN|FIJO|P0132053000|1|0|2.0|VOLUMEN|FIJO|P0132053000|1|0|2.0|VOLUMEN|FIJO|P0132053000|1|0|2.0|VOLUMEN|FIJO|P0132053000|1|0|2.0|VOLUMEN|FIJO|P0132053000|1|0|2.0
358,VOLUMEN|FIJO|P0132053000|1|0|2.0|VOLUMEN|FIJO|P0132053000|1|0|2.0|VOLUMEN|FIJO|P0132053000|1|0|2.0|VOLUMEN|FIJO|P0132053000|1|0|2.0|VOLUMEN|FIJO|P0132053000|1|0|2.0|VOLUMEN|FIJO|P0132053000|1|0|2.0|VOLUMEN|FIJO|P0132053000|1|0|2.0|VOLUMEN|FIJO|P0132053000|1|0|2.0|VOLUMEN|FIJO|P0132053000|1|0|2.0|VOLUMEN|FIJO|P0132053000|1|0|2.0|VOLUMEN|FIJO|P0132053000|1|0|2.0|VOLUMEN|FIJO|P0132053000|1|0|2.0
359,VOLUMEN|FIJO|P0132053000|1|0|2.0|VOLUMEN|FIJO|P0132053000|1|0|2.0|VOLUMEN|FIJO|P0132053000|1|0|2.0|VOLUMEN|FIJO|P0132053000|1|0|2.0|VOLUMEN|FIJO|P0132053000|1|0|2.0|VOLUMEN|FIJO|P0132053000|1|0|2.0|VOLUMEN|FIJO|P0132053000|1|0|2.0|VOLUMEN|FIJO|P0132053000|1|0|2.0|VOLUMEN|FIJO|P0132053000|1|0|2.0|VOLUMEN|FIJO|P0132053000|1|0|2.0|VOLUMEN|FIJO|P0132053000|1|0|2.0|VOLUMEN|FIJO|P0132053000|1|0|2.0
360,VOLUMEN|FIJO|P0132053000|1|0|2.0|VOLUMEN|FIJO|P0132053000|1|0|2.0|VOLUMEN|FIJO|P0132053000|1|0|2.0|VOLUMEN|FIJO|P0132053000|1|0|2.0|VOLUMEN|FIJO|P0132053000|1|0|2.0|VOLUMEN|FIJO|P0132053000|1|0|2.0|VOLUMEN|FIJO|P0132053000|1|0|2.0|VOLUMEN|FIJO|P0132053000|1|0|2.0|VOLUMEN|FIJO|P0132053000|1|0|2.0|VOLUMEN|FIJO|P0132053000|1|0|2.0|VOLUMEN|FIJO|P0132053000|1|0|2.0|VOLUMEN|FIJO|P0132053000|1|0|2.0
361,VOLUMEN|FIJO|P0132053000|1|0|2.0|VOLUMEN|FIJO|P0132053000|1|0|2.0|VOLUMEN|FIJO|P0132053000|1|0|2.0|VOLUMEN|FIJO|P0132053000|1|0|2.0|VOLUMEN|FIJO|P0132053000|1|0|2.0|VOLUMEN|FIJO|P0132053000|1|0|2.0|VOLUMEN|FIJO|P0132053000|1|0|2.0|VOLUMEN|FIJO|P0132053000|1|0|2.0|VOLUMEN|FIJO|P0132053000|1|0|2.0|VOLUMEN|FIJO|P0132053000|1|0|2.0|VOLUMEN|FIJO|P0132053000|1|0|2.0|VOLUMEN|FIJO|P0132053000|1|0|2.0
362,VOLUMEN|FIJO|P0132053000|1|0|2.0|VOLUMEN|FIJO|P0132053000|1|0|2.0|VOLUMEN|FIJO|P0132053000|1|0|2.0|VOLUMEN|FIJO|P0132053000|1|0|2.0|VOLUMEN|FIJO|P0132053000|1|0|2.0|VOLUMEN|FIJO|P0132053000|1|0|2.0|VOLUMEN|FIJO|P0132053000|1|0|2.0|VOLUMEN|FIJO|P0132053000|1|0|2.0|VOLUMEN|FIJO|P0132053000|1|0|2.0|VOLUMEN|FIJO|P0132053000|1|0|2.0|VOLUMEN|FIJO|P0132053000|1|0|2.0|VOLUMEN|FIJO|P0132053000|1|0|2.0
363,VOLUMEN|FIJO|P0132053000|1|0|2.0|VOLUMEN|FIJO|P0132053000|1|0|2.0|VOLUMEN|FIJO|P0132053000|1|0|2.0|VOLUMEN|FIJO|P0132053000|1|0|2.0|VOLUMEN|FIJO|P0132053000|1|0|2.0|VOLUMEN|FIJO|P0132053000|1|0|2.0|VOLUMEN|FIJO|P0132053000|1|0|2.0|VOLUMEN|FIJO|P0132053000|1|0|2.0|VOLUMEN|FIJO|P0132053000|1|0|2.0|VOLUMEN|FIJO|P0132053000|1|0|2.0|VOLUMEN|FIJO|P0132053000|1|0|2.0|VOLUMEN|FIJO|P0132053000|1|0|2.0
364,VOLUMEN|FIJO|P0132053000|1|0|2.0|VOLUMEN|FIJO|P0132053000|1|0|2.0|VOLUMEN|FIJO|P0132053000|1|0|2.0|VOLUMEN|FIJO|P0132053000|1|0|2.0|VOLUMEN|FIJO|P0132053000|1|0|2.0|VOLUMEN|FIJO|P0132053000|1|0|2.0|VOLUMEN|FIJO|P0132053000|1|0|2.0|VOLUMEN|FIJO|P0132053000|1|0|2.0|VOLUMEN|FIJO|P0132053000|1|0|2.0|VOLUMEN|FIJO|P0132053000|1|0|2.0|VOLUMEN|FIJO|P0132053000|1|0|2.0|VOLUMEN|FIJO|P0132053000|1|0|2.0
365,VOLUMEN|FIJO|P0132053000|1|0|2.0|VOLUMEN|FIJO|P0132053000|1|0|2.0|VOLUMEN|FIJO|P0132053000|1|0|2.0|VOLUMEN|FIJO|P0132053000|1|0|2.0|VOLUMEN|FIJO|P0132053000|1|0|2.0|VOLUMEN|FIJO|P0132053000|1|0|2.0|VOLUMEN|FIJO|P0132053000|1|0|2.0|VOLUMEN|FIJO|P0132053000|1|0|2.0|VOLUMEN|FIJO|P0132053000|1|0|2.0|VOLUMEN|FIJO|P0132053000|1|0|2.0|VOLUMEN|FIJO|P0132053000|1|0|2.0|VOLUMEN|FIJO|P0132053000|1|0|2.0
366,VOLUMEN|FIJO|P0132053000|1|0|2.0|VOLUMEN|FIJO|P0132053000|1|0|2.0|VOLUMEN|FIJO|P0132053000|1|0|2.0|VOLUMEN|FIJO|P0132053000|1|0|2.0|VOLUMEN|FIJO|P0132053000|1|0|2.0|VOLUMEN|FIJO|P0132053000|1|0|2.0|VOLUMEN|FIJO|P0132053000|1|0|2.0|VOLUMEN|FIJO|P0132053000|1|0|2.0|VOLUMEN|FIJO|P0132053000|1|0|2.0|VOLUMEN|FIJO|P0132053000|1|0|2.0|VOLUMEN|FIJO|P0132053000|1|0|2.0|VOLUMEN|FIJO|P0132053000|1|0|2.0
367,VOLUMEN|FIJO|P0132053000|1|0|2.0|VOLUMEN|FIJO|P0132053000|1|0|2.0|VOLUMEN|FIJO|P0132053000|1|0|2.0|VOLUMEN|FIJO|P0132053000|1|0|2.0|VOLUMEN|FIJO|P0132053000|1|0|2.0|VOLUMEN|FIJO|P0132053000|1|0|2.0|VOLUMEN|FIJO|P0132053000|1|0|2.0|VOLUMEN|FIJO|P0132053000|1|0|2.0|VOLUMEN|FIJO|P0132053000|1|0|2.0|VOLUMEN|FIJO|P0132053000|1|0|2.0|VOLUMEN|FIJO|P0132053000|1|0|2.0|VOLUMEN|FIJO|P0132053000|1|0|2.0
368,VOLUMEN|FIJO|P0132053000|1|0|2.0|VOLUMEN|FIJO|P0132053000|1|0|2.0|VOLUMEN|FIJO|P0132053000|1|0|2.0|VOLUMEN|FIJO|P0132053000|1|0|2.0|VOLUMEN|FIJO|P0132053000|1|0|2.0|VOLUMEN|FIJO|P0132053000|1|0|2.0|VOLUMEN|FIJO|P0132053000|1|0|2.0|VOLUMEN|FIJO|P0132053000|1|0|2.0|VOLUMEN|FIJO|P0132053000|1|0|2.0|VOLUMEN|FIJO|P0132053000|1|0|2.0|VOLUMEN|FIJO|P0132053000|1|0|2.0|VOLUMEN|FIJO|P0132053000|1|0|2.0
369,VOLUMEN|FIJO|P0132053000|1|0|2.0|VOLUMEN|FIJO|P0132053000|1|0|2.0|VOLUMEN|FIJO|P0132053000|1|0|2.0|VOLUMEN|FIJO|P0132053000|1|0|2.0|VOLUMEN|FIJO|P0132053000|1|0|2.0|VOLUMEN|FIJO|P0132053000|1|0|2.0|VOLUMEN|FIJO|P0132053000|1|0|2.0|VOLUMEN|FIJO|P0132053000|1|0|2.0|VOLUMEN|FIJO|P0132053000|1|0|2.0|VOLUMEN|FIJO|P0132053000|1|0|2.0|VOLUMEN|FIJO|P0132053000|1|0|2.0|VOLUMEN|FIJO|P0132053000|1|0|2.0
370,VOLUMEN|FIJO|P0132053000|1|0|2.0|VOLUMEN|FIJO|P0132053000|1|0|2.0|VOLUMEN|FIJO|P0132053000|1|0|2.0|VOLUMEN|FIJO|P0132053000|1|0|2.0|VOLUMEN|FIJO|P0132053000|1|0|2.0|VOLUMEN|FIJO|P0132053000|1|0|2.0|VOLUMEN|FIJO|P0132053000|1|0|2.0|VOLUMEN|FIJO|P0132053000|1|0|2.0|VOLUMEN|FIJO|P0132053000|1|0|2.0|VOLUMEN|FIJO|P0132053000|1|0|2.0|VOLUMEN|FIJO|P0132053000|1|0|2.0|VOLUMEN|FIJO|P0132053000|1|0|2.0
371,VOLUMEN|FIJO|P0132053000|1|0|2.0|VOLUMEN|FIJO|P0132053000|1|0|2.0|VOLUMEN|FIJO|P0132053000|1|0|2.0|VOLUMEN|FIJO|P0132053000|1|0|2.0|VOLUMEN|FIJO|P0132053000|1|0|2.0|VOLUMEN|FIJO|P0132053000|1|0|2.0|VOLUMEN|FIJO|P0132053000|1|0|2.0|VOLUMEN|FIJO|P0132053000|1|0|2.0|VOLUMEN|FIJO|P0132053000|1|0|2.0|VOLUMEN|FIJO|P0132053000|1|0|2.0|VOLUMEN|FIJO|P0132053000|1|0|2.0|VOLUMEN|FIJO|P0132053000|1|0|2.0
372,VOLUMEN|FIJO|P0132053000|1|0|2.0|VOLUMEN|FIJO|P0132053000|1|0|2.0|VOLUMEN|FIJO|P0132053000|1|0|2.0|VOLUMEN|FIJO|P0132053000|1|0|2.0|VOLUMEN|FIJO|P0132053000|1|0|2.0|VOLUMEN|FIJO|P0132053000|1|0|2.0|VOLUMEN|FIJO|P0132053000|1|0|2.0|VOLUMEN|FIJO|P0132053000|1|0|2.0|VOLUMEN|FIJO|P0132053000|1|0|2.0|VOLUMEN|FIJO|P0132053000|1|0|2.0|VOLUMEN|FIJO|P0132053000|1|0|2.0|VOLUMEN|FIJO|P0132053000|1|0|2.0
373,VOLUMEN|FIJO|P0132053000|1|0|2.0|VOLUMEN|FIJO|P0132053000|1|0|2.0|VOLUMEN|FIJO|P0132053000|1|0|2.0|VOLUMEN|FIJO|P0132053000|1|0|2.0|VOLUMEN|FIJO|P0132053000|1|0|2.0|VOLUMEN|FIJO|P0132053000|1|0|2.0|VOLUMEN|FIJO|P0132053000|1|0|2.0|VOLUMEN|FIJO|P0132053000|1|0|2.0|VOLUMEN|FIJO|P0132053000|1|0|2.0|VOLUMEN|FIJO|P0132053000|1|0|2.0|VOLUMEN|FIJO|P0132053000|1|0|2.0|VOLUMEN|FIJO|P0132053000|1|0|2.0
374,VOLUMEN|FIJO|P0132053000|1|0|2.0|VOLUMEN|FIJO|P0132053000|1|0|2.0|VOLUMEN|FIJO|P0132053000|1|0|2.0|VOLUMEN|FIJO|P0132053000|1|0|2.0|VOLUMEN|FIJO|P0132053000|1|0|2.0|VOLUMEN|FIJO|P0132053000|1|0|2.0|VOLUMEN|FIJO|P0132053000|1|0|2.0|VOLUMEN|FIJO|P0132053000|1|0|2.0|VOLUMEN|FIJO|P0132053000|1|0|2.0|VOLUMEN|FIJO|P0132053000|1|0|2.0|VOLUMEN|FIJO|P0132053000|1|0|2.0|VOLUMEN|FIJO|P0132053000|1|0|2.0
375,VOLUMEN|FIJO|P0132053000|1|0|2.0|VOLUMEN|FIJO|P0132053000|1|0|2.0|VOLUMEN|FIJO|P0132053000|1|0|2.0|VOLUMEN|FIJO|P0132053000|1|0|2.0|VOLUMEN|FIJO|P0132053000|1|0|2.0|VOLUMEN|FIJO|P0132053000|1|0|2.0|VOLUMEN|FIJO|P0132053000|1|0|2.0|VOLUMEN|FIJO|P0132053000|1|0|2.0|VOLUMEN|FIJO|P0132053000|1|0|2.0|VOLUMEN|FIJO|P0132053000|1|0|2.0|VOLUMEN|FIJO|P0132053000|1|0|2.0|VOLUMEN|FIJO|P0132053000|1|0|2.0
376,VOLUMEN|FIJO|P0132053000|1|0|2.0|VOLUMEN|FIJO|P0132053000|1|0|2.0|VOLUMEN|FIJO|P0132053000|1|0|2.0|VOLUMEN|FIJO|P0132053000|1|0|2.0|VOLUMEN|FIJO|P0132053000|1|0|2.0|VOLUMEN|FIJO|P0132053000|1|0|2.0|VOLUMEN|FIJO|P0132053000|1|0|2.0|VOLUMEN|FIJO|P0132053000|1|0|2.0|VOLUMEN|FIJO|P0132053000|1|0|2.0|VOLUMEN|FIJO|P0132053000|1|0|2.0|VOLUMEN|FIJO|P0132053000|1|0|2.0|VOLUMEN|FIJO|P0132053000|1|0|2.0
377,VOLUMEN|FIJO|P0132053000|1|0|2.0|VOLUMEN|FIJO|P0132053000|1|0|2.0|VOLUMEN|FIJO|P0132053000|1|0|2.0|VOLUMEN|FIJO|P0132053000|1|0|2.0|VOLUMEN|FIJO|P0132053000|1|0|2.0|VOLUMEN|FIJO|P0132053000|1|0|2.0|VOLUMEN|FIJO|P0132053000|1|0|2.0|VOLUMEN|FIJO|P0132053000|1|0|2.0|VOLUMEN|FIJO|P0132053000|1|0|2.0|VOLUMEN|FIJO|P0132053000|1|0|2.0|VOLUMEN|FIJO|P0132053000|1|0|2.0|VOLUMEN|FIJO|P0132053000|1|0|2.0
378,VOLUMEN|FIJO|P0132053000|1|0|2.0|VOLUMEN|FIJO|P0132053000|1|0|2.0|VOLUMEN|FIJO|P0132053000|1|0|2.0|VOLUMEN|FIJO|P0132053000|1|0|2.0|VOLUMEN|FIJO|P0132053000|1|0|2.0|VOLUMEN|FIJO|P0132053000|1|0|2.0|VOLUMEN|FIJO|P0132053000|1|0|2.0|VOLUMEN|FIJO|P0132053000|1|0|2.0|VOLUMEN|FIJO|P0132053000|1|0|2.0|VOLUMEN|FIJO|P0132053000|1|0|2.0|VOLUMEN|FIJO|P0132053000|1|0|2.0|VOLUMEN|FIJO|P0132053000|1|0|2.0
379,VOLUMEN|FIJO|P0132053000|1|0|2.0|VOLUMEN|FIJO|P0132053000|1|0|2.0|VOLUMEN|FIJO|P0132053000|1|0|2.0|VOLUMEN|FIJO|P0132053000|1|0|2.0|VOLUMEN|FIJO|P0132053000|1|0|2.0|VOLUMEN|FIJO|P0132053000|1|0|2.0|VOLUMEN|FIJO|P0132053000|1|0|2.0|VOLUMEN|FIJO|P0132053000|1|0|2.0|VOLUMEN|FIJO|P0132053000|1|0|2.0|VOLUMEN|FIJO|P0132053000|1|0|2.0|VOLUMEN|FIJO|P0132053000|1|0|2.0|VOLUMEN|FIJO|P0132053000|1|0|2.0
380,VOLUMEN|FIJO|P0132053000|1|0|2.0|VOLUMEN|FIJO|P0132053000|1|0|2.0|VOLUMEN|FIJO|P0132053000|1|0|2.0|VOLUMEN|FIJO|P0132053000|1|0|2.0|VOLUMEN|FIJO|P0132053000|1|0|2.0|VOLUMEN|FIJO|P0132053000|1|0|2.0|VOLUMEN|FIJO|P0132053000|1|0|2.0|VOLUMEN|FIJO|P0132053000|1|0|2.0|VOLUMEN|FIJO|P0132053000|1|0|2.0|VOLUMEN|FIJO|P0132053000|1|0|2.0|VOLUMEN|FIJO|P0132053000|1|0|2.0|VOLUMEN|FIJO|P0132053000|1|0|2.0
381,VOLUMEN|FIJO|P0132053000|1|0|2.0|VOLUMEN|FIJO|P0132053000|1|0|2.0|VOLUMEN|FIJO|P0132053000|1|0|2.0|VOLUMEN|FIJO|P0132053000|1|0|2.0|VOLUMEN|FIJO|P0132053000|1|0|2.0|VOLUMEN|FIJO|P0132053000|1|0|2.0|VOLUMEN|FIJO|P0132053000|1|0|2.0|VOLUMEN|FIJO|P0132053000|1|0|2.0|VOLUMEN|FIJO|P0132053000|1|0|2.0|VOLUMEN|FIJO|P0132053000|1|0|2.0|VOLUMEN|FIJO|P0132053000|1|0|2.0|VOLUMEN|FIJO|P0132053000|1|0|2.0
382,VOLUMEN|FIJO|P0132053000|1|0|2.0|VOLUMEN|FIJO|P0132053000|1|0|2.0|VOLUMEN|FIJO|P0132053000|1|0|2.0|VOLUMEN|FIJO|P0132053000|1|0|2.0|VOLUMEN|FIJO|P0132053000|1|0|2.0|VOLUMEN|FIJO|P0132053000|1|0|2.0|VOLUMEN|FIJO|P0132053000|1|0|2.0|VOLUMEN|FIJO|P0132053000|1|0|2.0|VOLUMEN|FIJO|P0132053000|1|0|2.0|VOLUMEN|FIJO|P0132053000|1|0|2.0|VOLUMEN|FIJO|P0132053000|1|0|2.0|VOLUMEN|FIJO|P0132053000|1|0|2.0
383,VOLUMEN|FIJO|P0132053000|1|0|2.0|VOLUMEN|FIJO|P0132053000|1|0|2.0|VOLUMEN|FIJO|P0132053000|1|0|2.0|VOLUMEN|FIJO|P0132053000|1|0|2.0|VOLUMEN|FIJO|P0132053000|1|0|2.0|VOLUMEN|FIJO|P0132053000|1|0|2.0|VOLUMEN|FIJO|P0132053000|1|0|2.0|VOLUMEN|FIJO|P0132053000|1|0|2.0|VOLUMEN|FIJO|P0132053000|1|0|2.0|VOLUMEN|FIJO|P0132053000|1|0|2.0|VOLUMEN|FIJO|P0132053000|1|0|2.0|VOLUMEN|FIJO|P0132053000|1|0|2.0
384,VOLUMEN|FIJO|P0132053000|1|0|2.0|VOLUMEN|FIJO|P0132053000|1|0|2.0|VOLUMEN|FIJO|P0132053000|1|0|2.0|VOLUMEN|FIJO|P0132053000|1|0|2.0|VOLUMEN|FIJO|P0132053000|1|0|2.0|VOLUMEN|FIJO|P0132053000|1|0|2.0|VOLUMEN|FIJO|P0132053000|1|0|2.0|VOLUMEN|FIJO|P0132053000|1|0|2.0|VOLUMEN|FIJO|P0132053000|1|0|2.0|VOLUMEN|FIJO|P0132053000|1|0|2.0|VOLUMEN|FIJO|P0132053000|1|0|2.0|VOLUMEN|FIJO|P0132053000|1|0|2.0
385,VOLUMEN|FIJO|P0197105003|1|0|2.0|VOLUMEN|FIJO|P0197105003|1|0|2.0|VOLUMEN|FIJO|P0197105003|1|0|2.0|VOLUMEN|FIJO|P0197105003|1|0|2.0|VOLUMEN|FIJO|P0197105003|1|0|2.0|VOLUMEN|FIJO|P0197105003|1|0|2.0|VOLUMEN|FIJO|P0197105003|1|0|2.0|VOLUMEN|FIJO|P0197105003|1|0|2.0|VOLUMEN|FIJO|P0197105003|1|0|2.0|VOLUMEN|FIJO|P0197105003|1|0|2.0|VOLUMEN|FIJO|P0197105003|1|0|2.0
386,VOLUMEN|FIJO|P0197105003|1|0|2.0|VOLUMEN|FIJO|P0197105003|1|0|2.0|VOLUMEN|FIJO|P0197105003|1|0|2.0|VOLUMEN|FIJO|P0197105003|1|0|2.0|VOLUMEN|FIJO|P0197105003|1|0|2.0|VOLUMEN|FIJO|P0197105003|1|0|2.0|VOLUMEN|FIJO|P0197105003|1|0|2.0|VOLUMEN|FIJO|P0197105003|1|0|2.0|VOLUMEN|FIJO|P0197105003|1|0|2.0|VOLUMEN|FIJO|P0197105003|1|0|2.0|VOLUMEN|FIJO|P0197105003|1|0|2.0
387,VOLUMEN|FIJO|P0197143004|1|0|2.0|VOLUMEN|FIJO|P0197143004|1|0|2.0|VOLUMEN|FIJO|P0197143004|1|0|2.0|VOLUMEN|FIJO|P0197143004|1|0|2.0|VOLUMEN|FIJO|P0197143004|1|0|2.0|VOLUMEN|FIJO|P0197143004|1|0|2.0|VOLUMEN|FIJO|P0197143004|1|0|2.0|VOLUMEN|FIJO|P0197143004|1|0|2.0|VOLUMEN|FIJO|P0197143004|1|0|2.0|VOLUMEN|FIJO|P0197143004|1|0|2.0|VOLUMEN|FIJO|P0197143004|1|0|2.0
388,VOLUMEN|FIJO|P0197143004|1|0|2.0|VOLUMEN|FIJO|P0197143004|1|0|2.0|VOLUMEN|FIJO|P0197143004|1|0|2.0|VOLUMEN|FIJO|P0197143004|1|0|2.0|VOLUMEN|FIJO|P0197143004|1|0|2.0|VOLUMEN|FIJO|P0197143004|1|0|2.0|VOLUMEN|FIJO|P0197143004|1|0|2.0|VOLUMEN|FIJO|P0197143004|1|0|2.0|VOLUMEN|FIJO|P0197143004|1|0|2.0|VOLUMEN|FIJO|P0197143004|1|0|2.0|VOLUMEN|FIJO|P0197143004|1|0|2.0
389,VOLUMEN|FIJO|P0197143004|1|0|2.0|VOLUMEN|FIJO|P0197143004|1|0|2.0|VOLUMEN|FIJO|P0197143004|1|0|2.0|VOLUMEN|FIJO|P0197143004|1|0|2.0|VOLUMEN|FIJO|P0197143004|1|0|2.0|VOLUMEN|FIJO|P0197143004|1|0|2.0|VOLUMEN|FIJO|P0197143004|1|0|2.0|VOLUMEN|FIJO|P0197143004|1|0|2.0|VOLUMEN|FIJO|P0197143004|1|0|2.0|VOLUMEN|FIJO|P0197143004|1|0|2.0|VOLUMEN|FIJO|P0197143004|1|0|2.0
390,VOLUMEN|FIJO|P0197143004|1|0|2.0|VOLUMEN|FIJO|P0197143004|1|0|2.0|VOLUMEN|FIJO|P0197143004|1|0|2.0|VOLUMEN|FIJO|P0197143004|1|0|2.0|VOLUMEN|FIJO|P0197143004|1|0|2.0|VOLUMEN|FIJO|P0197143004|1|0|2.0|VOLUMEN|FIJO|P0197143004|1|0|2.0|VOLUMEN|FIJO|P0197143004|1|0|2.0|VOLUMEN|FIJO|P0197143004|1|0|2.0|VOLUMEN|FIJO|P0197143004|1|0|2.0|VOLUMEN|FIJO|P0197143004|1|0|2.0
391,VOLUMEN|FIJO|P0197143004|1|0|2.0|VOLUMEN|FIJO|P0197143004|1|0|2.0|VOLUMEN|FIJO|P0197143004|1|0|2.0|VOLUMEN|FIJO|P0197143004|1|0|2.0|VOLUMEN|FIJO|P0197143004|1|0|2.0|VOLUMEN|FIJO|P0197143004|1|0|2.0|VOLUMEN|FIJO|P0197143004|1|0|2.0|VOLUMEN|FIJO|P0197143004|1|0|2.0|VOLUMEN|FIJO|P0197143004|1|0|2.0|VOLUMEN|FIJO|P0197143004|1|0|2.0|VOLUMEN|FIJO|P0197143004|1|0|2.0
392,VOLUMEN|FIJO|P0197143004|1|0|2.0|VOLUMEN|FIJO|P0197143004|1|0|2.0|VOLUMEN|FIJO|P0197143004|1|0|2.0|VOLUMEN|FIJO|P0197143004|1|0|2.0|VOLUMEN|FIJO|P0197143004|1|0|2.0|VOLUMEN|FIJO|P0197143004|1|0|2.0|VOLUMEN|FIJO|P0197143004|1|0|2.0|VOLUMEN|FIJO|P0197143004|1|0|2.0|VOLUMEN|FIJO|P0197143004|1|0|2.0|VOLUMEN|FIJO|P0197143004|1|0|2.0|VOLUMEN|FIJO|P0197143004|1|0|2.0
393,VOLUMEN|FIJO|P0197143004|1|0|2.0|VOLUMEN|FIJO|P0197143004|1|0|2.0|VOLUMEN|FIJO|P0197143004|1|0|2.0|VOLUMEN|FIJO|P0197143004|1|0|2.0|VOLUMEN|FIJO|P0197143004|1|0|2.0|VOLUMEN|FIJO|P0197143004|1|0|2.0|VOLUMEN|FIJO|P0197143004|1|0|2.0|VOLUMEN|FIJO|P0197143004|1|0|2.0|VOLUMEN|FIJO|P0197143004|1|0|2.0|VOLUMEN|FIJO|P0197143004|1|0|2.0|VOLUMEN|FIJO|P0197143004|1|0|2.0
394,INDIVIDUAL|FIJO|200116502|1|0|1.0|INDIVIDUAL|FIJO|200116502|1|0|1.0|INDIVIDUAL|FIJO|200116502|1|0|1.0|INDIVIDUAL|FIJO|200116502|1|0|1.0|INDIVIDUAL|FIJO|200116502|1|0|1.0|INDIVIDUAL|FIJO|200116502|1|0|1.0|INDIVIDUAL|FIJO|200116502|1|0|1.0|INDIVIDUAL|FIJO|200116502|1|0|1.0|INDIVIDUAL|FIJO|200116502|1|0|1.0|INDIVIDUAL|FIJO|200116502|1|0|1.0|INDIVIDUAL|FIJO|200116502|1|0|1.0
395,INDIVIDUAL|FIJO|200111130|1|0|1.0|INDIVIDUAL|FIJO|200111130|1|0|1.0|INDIVIDUAL|FIJO|200111130|1|0|1.0|INDIVIDUAL|FIJO|200111130|1|0|1.0|INDIVIDUAL|FIJO|200111130|1|0|1.0|INDIVIDUAL|FIJO|200111130|1|0|1.0|INDIVIDUAL|FIJO|200111130|1|0|1.0|INDIVIDUAL|FIJO|200111130|1|0|1.0|INDIVIDUAL|FIJO|200111130|1|0|1.0|INDIVIDUAL|FIJO|200111130|1|0|1.0|INDIVIDUAL|FIJO|200111130|1|0|1.0
396,INDIVIDUAL|FIJO|200012014|1|0|1.0|INDIVIDUAL|FIJO|200012014|1|0|1.0|INDIVIDUAL|FIJO|200012014|1|0|1.0|INDIVIDUAL|FIJO|200012014|1|0|1.0|INDIVIDUAL|FIJO|200012014|1|0|1.0|INDIVIDUAL|FIJO|200012014|1|0|1.0|INDIVIDUAL|FIJO|200012014|1|0|1.0|INDIVIDUAL|FIJO|200012014|1|0|1.0|INDIVIDUAL|FIJO|200012014|1|0|1.0|INDIVIDUAL|FIJO|200012014|1|0|1.0|INDIVIDUAL|FIJO|200012014|1|0|1.0
397,INDIVIDUAL|FIJO|200058349|1|0|1.0|INDIVIDUAL|FIJO|200058349|1|0|1.0|INDIVIDUAL|FIJO|200058349|1|0|1.0|INDIVIDUAL|FIJO|200058349|1|0|1.0|INDIVIDUAL|FIJO|200058349|1|0|1.0|INDIVIDUAL|FIJO|200058349|1|0|1.0|INDIVIDUAL|FIJO|200058349|1|0|1.0|INDIVIDUAL|FIJO|200058349|1|0|1.0|INDIVIDUAL|FIJO|200058349|1|0|1.0|INDIVIDUAL|FIJO|200058349|1|0|1.0|INDIVIDUAL|FIJO|200058349|1|0|1.0|INDIVIDUAL|FIJO|200058349|1|0|1.0
398,INDIVIDUAL|FIJO|200084602|1|0|1.0|INDIVIDUAL|FIJO|200084602|1|0|1.0|INDIVIDUAL|FIJO|200084602|1|0|1.0|INDIVIDUAL|FIJO|200084602|1|0|1.0|INDIVIDUAL|FIJO|200084602|1|0|1.0|INDIVIDUAL|FIJO|200084602|1|0|1.0|INDIVIDUAL|FIJO|200084602|1|0|1.0|INDIVIDUAL|FIJO|200084602|1|0|1.0|INDIVIDUAL|FIJO|200084602|1|0|1.0|INDIVIDUAL|FIJO|200084602|1|0|1.0|INDIVIDUAL|FIJO|200084602|1|0|1.0
399,INDIVIDUAL|FIJO|200090097|1|0|1.0|INDIVIDUAL|FIJO|200090097|1|0|1.0|INDIVIDUAL|FIJO|200090097|1|0|1.0|INDIVIDUAL|FIJO|200090097|1|0|1.0|INDIVIDUAL|FIJO|200090097|1|0|1.0|INDIVIDUAL|FIJO|200090097|1|0|1.0|INDIVIDUAL|FIJO|200090097|1|0|1.0|INDIVIDUAL|FIJO|200090097|1|0|1.0|INDIVIDUAL|FIJO|200090097|1|0|1.0|INDIVIDUAL|FIJO|200090097|1|0|1.0
400,INDIVIDUAL|FIJO|200110157|1|0|1.0|INDIVIDUAL|FIJO|200110157|1|0|1.0|INDIVIDUAL|FIJO|200110157|1|0|1.0|INDIVIDUAL|FIJO|200110157|1|0|1.0|INDIVIDUAL|FIJO|200110157|1|0|1.0|INDIVIDUAL|FIJO|200110157|1|0|1.0|INDIVIDUAL|FIJO|200110157|1|0|1.0|INDIVIDUAL|FIJO|200110157|1|0|1.0|INDIVIDUAL|FIJO|200110157|1|0|1.0|INDIVIDUAL|FIJO|200110157|1|0|1.0|INDIVIDUAL|FIJO|200110157|1|0|1.0
401,INDIVIDUAL|FIJO|200098377|1|0|1.0|INDIVIDUAL|FIJO|200098377|1|0|1.0|INDIVIDUAL|FIJO|200098377|1|0|1.0|INDIVIDUAL|FIJO|200098377|1|0|1.0|INDIVIDUAL|FIJO|200098377|1|0|1.0|INDIVIDUAL|FIJO|200098377|1|0|1.0|INDIVIDUAL|FIJO|200098377|1|0|1.0|INDIVIDUAL|FIJO|200098377|1|0|1.0|INDIVIDUAL|FIJO|200098377|1|0|1.0|INDIVIDUAL|FIJO|200098377|1|0|1.0|INDIVIDUAL|FIJO|200098377|1|0|1.0
402,INDIVIDUAL|FIJO|200114924|1|0|1.0|INDIVIDUAL|FIJO|200114924|1|0|1.0|INDIVIDUAL|FIJO|200114924|1|0|1.0|INDIVIDUAL|FIJO|200114924|1|0|1.0|INDIVIDUAL|FIJO|200114924|1|0|1.0|INDIVIDUAL|FIJO|200114924|1|0|1.0|INDIVIDUAL|FIJO|200114924|1|0|1.0|INDIVIDUAL|FIJO|200114924|1|0|1.0|INDIVIDUAL|FIJO|200114924|1|0|1.0|INDIVIDUAL|FIJO|200114924|1|0|1.0
403,INDIVIDUAL|FIJO|200106290|1|0|1.0|INDIVIDUAL|FIJO|200106290|1|0|1.0|INDIVIDUAL|FIJO|200106290|1|0|1.0|INDIVIDUAL|FIJO|200106290|1|0|1.0|INDIVIDUAL|FIJO|200106290|1|0|1.0|INDIVIDUAL|FIJO|200106290|1|0|1.0|INDIVIDUAL|FIJO|200106290|1|0|1.0|INDIVIDUAL|FIJO|200106290|1|0|1.0|INDIVIDUAL|FIJO|200106290|1|0|1.0|INDIVIDUAL|FIJO|200106290|1|0|1.0
404,INDIVIDUAL|FIJO|200051232|1|0|1.0|INDIVIDUAL|FIJO|200051232|1|0|1.0|INDIVIDUAL|FIJO|200051232|1|0|1.0|INDIVIDUAL|FIJO|200051232|1|0|1.0|INDIVIDUAL|FIJO|200051232|1|0|1.0|INDIVIDUAL|FIJO|200051232|1|0|1.0|INDIVIDUAL|FIJO|200051232|1|0|1.0|INDIVIDUAL|FIJO|200051232|1|0|1.0|INDIVIDUAL|FIJO|200051232|1|0|1.0|INDIVIDUAL|FIJO|200051232|1|0|1.0
405,INDIVIDUAL|FIJO|200009812|1|0|1.0|INDIVIDUAL|FIJO|200009812|1|0|1.0
406,INDIVIDUAL|FIJO|200040880|1|0|1.0|INDIVIDUAL|FIJO|200040880|1|0|1.0|INDIVIDUAL|FIJO|200040880|1|0|1.0
407,INDIVIDUAL|FIJO|200056638|1|0|1.0|INDIVIDUAL|FIJO|200056638|1|0|1.0|INDIVIDUAL|FIJO|200056638|1|0|1.0|INDIVIDUAL|FIJO|200056638|1|0|1.0|INDIVIDUAL|FIJO|200056638|1|0|1.0|INDIVIDUAL|FIJO|200056638|1|0|1.0|INDIVIDUAL|FIJO|200056638|1|0|1.0|INDIVIDUAL|FIJO|200056638|1|0|1.0|INDIVIDUAL|FIJO|200056638|1|0|1.0|INDIVIDUAL|FIJO|200056638|1|0|1.0|INDIVIDUAL|FIJO|200056638|1|0|1.0|INDIVIDUAL|FIJO|200056638|1|0|1.0
408,INDIVIDUAL|FIJO|200113553|1|0|1.0|INDIVIDUAL|FIJO|200113553|1|0|1.0|INDIVIDUAL|FIJO|200113553|1|0|1.0|INDIVIDUAL|FIJO|200113553|1|0|1.0|INDIVIDUAL|FIJO|200113553|1|0|1.0|INDIVIDUAL|FIJO|200113553|1|0|1.0|INDIVIDUAL|FIJO|200113553|1|0|1.0|INDIVIDUAL|FIJO|200113553|1|0|1.0|INDIVIDUAL|FIJO|200113553|1|0|1.0|INDIVIDUAL|FIJO|200113553|1|0|1.0|INDIVIDUAL|FIJO|200113553|1|0|1.0
409,INDIVIDUAL|FIJO|200029044|1|0|1.0|INDIVIDUAL|FIJO|200029044|1|0|1.0|INDIVIDUAL|FIJO|200029044|1|0|1.0|INDIVIDUAL|FIJO|200029044|1|0|1.0|INDIVIDUAL|FIJO|200029044|1|0|1.0|INDIVIDUAL|FIJO|200029044|1|0|1.0|INDIVIDUAL|FIJO|200029044|1|0|1.0|INDIVIDUAL|FIJO|200029044|1|0|1.0|INDIVIDUAL|FIJO|200029044|1|0|1.0|INDIVIDUAL|FIJO|200029044|1|0|1.0
410,INDIVIDUAL|FIJO|200059514|1|0|1.0|INDIVIDUAL|FIJO|200059514|1|0|1.0|INDIVIDUAL|FIJO|200059514|1|0|1.0|INDIVIDUAL|FIJO|200059514|1|0|1.0|INDIVIDUAL|FIJO|200059514|1|0|1.0|INDIVIDUAL|FIJO|200059514|1|0|1.0|INDIVIDUAL|FIJO|200059514|1|0|1.0|INDIVIDUAL|FIJO|200059514|1|0|1.0|INDIVIDUAL|FIJO|200059514|1|0|1.0|INDIVIDUAL|FIJO|200059514|1|0|1.0|INDIVIDUAL|FIJO|200059514|1|0|1.0|INDIVIDUAL|FIJO|200059514|1|0|1.0
411,INDIVIDUAL|FIJO|200056636|1|0|1.0|INDIVIDUAL|FIJO|200056636|1|0|1.0|INDIVIDUAL|FIJO|200056636|1|0|1.0|INDIVIDUAL|FIJO|200056636|1|0|1.0|INDIVIDUAL|FIJO|200056636|1|0|1.0
412,INDIVIDUAL|FIJO|200011773|1|0|1.0|INDIVIDUAL|FIJO|200011773|1|0|1.0|INDIVIDUAL|FIJO|200011773|1|0|1.0|INDIVIDUAL|FIJO|200011773|1|0|1.0
413,INDIVIDUAL|FIJO|200099310|1|0|1.0|INDIVIDUAL|FIJO|200099310|1|0|1.0|INDIVIDUAL|FIJO|200099310|1|0|1.0|INDIVIDUAL|FIJO|200099310|1|0|1.0|INDIVIDUAL|FIJO|200099310|1|0|1.0|INDIVIDUAL|FIJO|200099310|1|0|1.0|INDIVIDUAL|FIJO|200099310|1|0|1.0|INDIVIDUAL|FIJO|200099310|1|0|1.0|INDIVIDUAL|FIJO|200099310|1|0|1.0|INDIVIDUAL|FIJO|200099310|1|0|1.0|INDIVIDUAL|FIJO|200099310|1|0|1.0
414,INDIVIDUAL|FIJO|200113544|1|0|1.0|INDIVIDUAL|FIJO|200113544|1|0|1.0|INDIVIDUAL|FIJO|200113544|1|0|1.0|INDIVIDUAL|FIJO|200113544|1|0|1.0|INDIVIDUAL|FIJO|200113544|1|0|1.0|INDIVIDUAL|FIJO|200113544|1|0|1.0|INDIVIDUAL|FIJO|200113544|1|0|1.0|INDIVIDUAL|FIJO|200113544|1|0|1.0|INDIVIDUAL|FIJO|200113544|1|0|1.0|INDIVIDUAL|FIJO|200113544|1|0|1.0|INDIVIDUAL|FIJO|200113544|1|0|1.0
415,INDIVIDUAL|FIJO|200076632|1|0|1.0|INDIVIDUAL|FIJO|200076632|1|0|1.0|INDIVIDUAL|FIJO|200076632|1|0|1.0|INDIVIDUAL|FIJO|200076632|1|0|1.0|INDIVIDUAL|FIJO|200076632|1|0|1.0|INDIVIDUAL|FIJO|200076632|1|0|1.0|INDIVIDUAL|FIJO|200076632|1|0|1.0|INDIVIDUAL|FIJO|200076632|1|0|1.0|INDIVIDUAL|FIJO|200076632|1|0|1.0|INDIVIDUAL|FIJO|200076632|1|0|1.0|INDIVIDUAL|FIJO|200076632|1|0|1.0|INDIVIDUAL|FIJO|200076632|1|0|1.0
416,INDIVIDUAL|FIJO|200093884|1|0|1.0|INDIVIDUAL|FIJO|200093884|1|0|1.0|INDIVIDUAL|FIJO|200093884|1|0|1.0|INDIVIDUAL|FIJO|200093884|1|0|1.0|INDIVIDUAL|FIJO|200093884|1|0|1.0|INDIVIDUAL|FIJO|200093884|1|0|1.0|INDIVIDUAL|FIJO|200093884|1|0|1.0|INDIVIDUAL|FIJO|200093884|1|0|1.0|INDIVIDUAL|FIJO|200093884|1|0|1.0|INDIVIDUAL|FIJO|200093884|1|0|1.0|INDIVIDUAL|FIJO|200093884|1|0|1.0|INDIVIDUAL|FIJO|200093884|1|0|1.0
417,INDIVIDUAL|FIJO|200099702|1|0|1.0|INDIVIDUAL|FIJO|200099702|1|0|1.0|INDIVIDUAL|FIJO|200099702|1|0|1.0|INDIVIDUAL|FIJO|200099702|1|0|1.0|INDIVIDUAL|FIJO|200099702|1|0|1.0|INDIVIDUAL|FIJO|200099702|1|0|1.0|INDIVIDUAL|FIJO|200099702|1|0|1.0|INDIVIDUAL|FIJO|200099702|1|0|1.0|INDIVIDUAL|FIJO|200099702|1|0|1.0|INDIVIDUAL|FIJO|200099702|1|0|1.0
418,INDIVIDUAL|FIJO|200091328|1|0|1.0|INDIVIDUAL|FIJO|200091328|1|0|1.0|INDIVIDUAL|FIJO|200091328|1|0|1.0|INDIVIDUAL|FIJO|200091328|1|0|1.0|INDIVIDUAL|FIJO|200091328|1|0|1.0|INDIVIDUAL|FIJO|200091328|1|0|1.0|INDIVIDUAL|FIJO|200091328|1|0|1.0|INDIVIDUAL|FIJO|200091328|1|0|1.0|INDIVIDUAL|FIJO|200091328|1|0|1.0|INDIVIDUAL|FIJO|200091328|1|0|1.0|INDIVIDUAL|FIJO|200091328|1|0|1.0
419,INDIVIDUAL|FIJO|200113548|1|0|1.0|INDIVIDUAL|FIJO|200113548|1|0|1.0|INDIVIDUAL|FIJO|200113548|1|0|1.0|INDIVIDUAL|FIJO|200113548|1|0|1.0|INDIVIDUAL|FIJO|200113548|1|0|1.0|INDIVIDUAL|FIJO|200113548|1|0|1.0|INDIVIDUAL|FIJO|200113548|1|0|1.0|INDIVIDUAL|FIJO|200113548|1|0|1.0|INDIVIDUAL|FIJO|200113548|1|0|1.0|INDIVIDUAL|FIJO|200113548|1|0|1.0|INDIVIDUAL|FIJO|200113548|1|0|1.0
420,INDIVIDUAL|FIJO|200109443|1|0|1.0|INDIVIDUAL|FIJO|200109443|1|0|1.0|INDIVIDUAL|FIJO|200109443|1|0|1.0|INDIVIDUAL|FIJO|200109443|1|0|1.0|INDIVIDUAL|FIJO|200109443|1|0|1.0|INDIVIDUAL|FIJO|200109443|1|0|1.0|INDIVIDUAL|FIJO|200109443|1|0|1.0|INDIVIDUAL|FIJO|200109443|1|0|1.0|INDIVIDUAL|FIJO|200109443|1|0|1.0|INDIVIDUAL|FIJO|200109443|1|0|1.0|INDIVIDUAL|FIJO|200109443|1|0|1.0
421,INDIVIDUAL|FIJO|200118363|1|0|1.0|INDIVIDUAL|FIJO|200118363|1|0|1.0|INDIVIDUAL|FIJO|200118363|1|0|1.0|INDIVIDUAL|FIJO|200118363|1|0|1.0|INDIVIDUAL|FIJO|200118363|1|0|1.0|INDIVIDUAL|FIJO|200118363|1|0|1.0|INDIVIDUAL|FIJO|200118363|1|0|1.0|INDIVIDUAL|FIJO|200118363|1|0|1.0|INDIVIDUAL|FIJO|200118363|1|0|1.0|INDIVIDUAL|FIJO|200118363|1|0|1.0
422,INDIVIDUAL|FIJO|200040636|1|0|1.0|INDIVIDUAL|FIJO|200040636|1|0|1.0
423,INDIVIDUAL|FIJO|200113709|1|0|1.0|INDIVIDUAL|FIJO|200113709|1|0|1.0|INDIVIDUAL|FIJO|200113709|1|0|1.0|INDIVIDUAL|FIJO|200113709|1|0|1.0|INDIVIDUAL|FIJO|200113709|1|0|1.0|INDIVIDUAL|FIJO|200113709|1|0|1.0|INDIVIDUAL|FIJO|200113709|1|0|1.0|INDIVIDUAL|FIJO|200113709|1|0|1.0|INDIVIDUAL|FIJO|200113709|1|0|1.0|INDIVIDUAL|FIJO|200113709|1|0|1.0
424,INDIVIDUAL|FIJO|200095931|1|0|1.0|INDIVIDUAL|FIJO|200095931|1|0|1.0|INDIVIDUAL|FIJO|200095931|1|0|1.0|INDIVIDUAL|FIJO|200095931|1|0|1.0|INDIVIDUAL|FIJO|200095931|1|0|1.0|INDIVIDUAL|FIJO|200095931|1|0|1.0|INDIVIDUAL|FIJO|200095931|1|0|1.0|INDIVIDUAL|FIJO|200095931|1|0|1.0|INDIVIDUAL|FIJO|200095931|1|0|1.0|INDIVIDUAL|FIJO|200095931|1|0|1.0|INDIVIDUAL|FIJO|200095931|1|0|1.0|INDIVIDUAL|FIJO|200095931|1|0|1.0|INDIVIDUAL|FIJO|200095931|1|0|1.0
425,INDIVIDUAL|FIJO|200056246|1|0|1.0|INDIVIDUAL|FIJO|200056246|1|0|1.0|INDIVIDUAL|FIJO|200056246|1|0|1.0|INDIVIDUAL|FIJO|200056246|1|0|1.0|INDIVIDUAL|FIJO|200056246|1|0|1.0|INDIVIDUAL|FIJO|200056246|1|0|1.0|INDIVIDUAL|FIJO|200056246|1|0|1.0|INDIVIDUAL|FIJO|200056246|1|0|1.0|INDIVIDUAL|FIJO|200056246|1|0|1.0|INDIVIDUAL|FIJO|200056246|1|0|1.0|INDIVIDUAL|FIJO|200056246|1|0|1.0|INDIVIDUAL|FIJO|200056246|1|0|1.0
426,INDIVIDUAL|FIJO|200115976|1|0|1.0|INDIVIDUAL|FIJO|200115976|1|0|1.0|INDIVIDUAL|FIJO|200115976|1|0|1.0|INDIVIDUAL|FIJO|200115976|1|0|1.0|INDIVIDUAL|FIJO|200115976|1|0|1.0|INDIVIDUAL|FIJO|200115976|1|0|1.0|INDIVIDUAL|FIJO|200115976|1|0|1.0|INDIVIDUAL|FIJO|200115976|1|0|1.0|INDIVIDUAL|FIJO|200115976|1|0|1.0|INDIVIDUAL|FIJO|200115976|1|0|1.0
427,INDIVIDUAL|FIJO|200114940|1|0|1.0|INDIVIDUAL|FIJO|200114940|1|0|1.0|INDIVIDUAL|FIJO|200114940|1|0|1.0|INDIVIDUAL|FIJO|200114940|1|0|1.0|INDIVIDUAL|FIJO|200114940|1|0|1.0|INDIVIDUAL|FIJO|200114940|1|0|1.0|INDIVIDUAL|FIJO|200114940|1|0|1.0|INDIVIDUAL|FIJO|200114940|1|0|1.0|INDIVIDUAL|FIJO|200114940|1|0|1.0|INDIVIDUAL|FIJO|200114940|1|0|1.0
428,INDIVIDUAL|FIJO|200117382|1|0|1.0|INDIVIDUAL|FIJO|200117382|1|0|1.0|INDIVIDUAL|FIJO|200117382|1|0|1.0
429,INDIVIDUAL|FIJO|200088259|1|0|1.0|INDIVIDUAL|FIJO|200088259|1|0|1.0|INDIVIDUAL|FIJO|200088259|1|0|1.0|INDIVIDUAL|FIJO|200088259|1|0|1.0|INDIVIDUAL|FIJO|200088259|1|0|1.0|INDIVIDUAL|FIJO|200088259|1|0|1.0|INDIVIDUAL|FIJO|200088259|1|0|1.0|INDIVIDUAL|FIJO|200088259|1|0|1.0|INDIVIDUAL|FIJO|200088259|1|0|1.0|INDIVIDUAL|FIJO|200088259|1|0|1.0|INDIVIDUAL|FIJO|200088259|1|0|1.0
430,INDIVIDUAL|FIJO|200010080|1|0|1.0|INDIVIDUAL|FIJO|200010080|1|0|1.0|INDIVIDUAL|FIJO|200010080|1|0|1.0|INDIVIDUAL|FIJO|200010080|1|0|1.0|INDIVIDUAL|FIJO|200010080|1|0|1.0|INDIVIDUAL|FIJO|200010080|1|0|1.0|INDIVIDUAL|FIJO|200010080|1|0|1.0|INDIVIDUAL|FIJO|200010080|1|0|1.0|INDIVIDUAL|FIJO|200010080|1|0|1.0|INDIVIDUAL|FIJO|200010080|1|0|1.0
431,INDIVIDUAL|FIJO|P0067077007|1|0|1.0|INDIVIDUAL|FIJO|P0067077007|1|0|1.0|INDIVIDUAL|FIJO|P0067077007|1|0|1.0|INDIVIDUAL|FIJO|P0067077007|1|0|1.0|INDIVIDUAL|FIJO|P0067077007|1|0|1.0|INDIVIDUAL|FIJO|P0067077007|1|0|1.0|INDIVIDUAL|FIJO|P0067077007|1|0|1.0|INDIVIDUAL|FIJO|P0067077007|1|0|1.0|INDIVIDUAL|FIJO|P0067077007|1|0|1.0|INDIVIDUAL|FIJO|P0067077007|1|0|1.0|INDIVIDUAL|FIJO|P0067077007|1|0|1.0
432,INDIVIDUAL|FIJO|200103327|1|0|1.0|INDIVIDUAL|FIJO|200103327|1|0|1.0|INDIVIDUAL|FIJO|200103327|1|0|1.0|INDIVIDUAL|FIJO|200103327|1|0|1.0|INDIVIDUAL|FIJO|200103327|1|0|1.0|INDIVIDUAL|FIJO|200103327|1|0|1.0|INDIVIDUAL|FIJO|200103327|1|0|1.0|INDIVIDUAL|FIJO|200103327|1|0|1.0|INDIVIDUAL|FIJO|200103327|1|0|1.0|INDIVIDUAL|FIJO|200103327|1|0|1.0|INDIVIDUAL|FIJO|200103327|1|0|1.0|INDIVIDUAL|FIJO|200103327|1|0|1.0
433,INDIVIDUAL|FIJO|P0067077006|1|0|1.0|INDIVIDUAL|FIJO|P0067077006|1|0|1.0|INDIVIDUAL|FIJO|P0067077006|1|0|1.0|INDIVIDUAL|FIJO|P0067077006|1|0|1.0|INDIVIDUAL|FIJO|P0067077006|1|0|1.0|INDIVIDUAL|FIJO|P0067077006|1|0|1.0|INDIVIDUAL|FIJO|P0067077006|1|0|1.0|INDIVIDUAL|FIJO|P0067077006|1|0|1.0|INDIVIDUAL|FIJO|P0067077006|1|0|1.0|INDIVIDUAL|FIJO|P0067077006|1|0|1.0|INDIVIDUAL|FIJO|P0067077006|1|0|1.0
434,INDIVIDUAL|FIJO|P0292089006|1|0|1.0|INDIVIDUAL|FIJO|P0292089006|1|0|1.0|INDIVIDUAL|FIJO|P0292089006|1|0|1.0|INDIVIDUAL|FIJO|P0292089006|1|0|1.0|INDIVIDUAL|FIJO|P0292089006|1|0|1.0|INDIVIDUAL|FIJO|P0292089006|1|0|1.0|INDIVIDUAL|FIJO|P0292089006|1|0|1.0|INDIVIDUAL|FIJO|P0292089006|1|0|1.0|INDIVIDUAL|FIJO|P0292089006|1|0|1.0|INDIVIDUAL|FIJO|P0292089006|1|0|1.0
435,INDIVIDUAL|FIJO|P0292090005|1|0|1.0|INDIVIDUAL|FIJO|P0292090005|1|0|1.0|INDIVIDUAL|FIJO|P0292090005|1|0|1.0|INDIVIDUAL|FIJO|P0292090005|1|0|1.0|INDIVIDUAL|FIJO|P0292090005|1|0|1.0|INDIVIDUAL|FIJO|P0292090005|1|0|1.0|INDIVIDUAL|FIJO|P0292090005|1|0|1.0|INDIVIDUAL|FIJO|P0292090005|1|0|1.0|INDIVIDUAL|FIJO|P0292090005|1|0|1.0|INDIVIDUAL|FIJO|P0292090005|1|0|1.0
436,INDIVIDUAL|FIJO|P0289058008|1|0|1.0|INDIVIDUAL|FIJO|P0289058008|1|0|1.0|INDIVIDUAL|FIJO|P0289058008|1|0|1.0|INDIVIDUAL|FIJO|P0289058008|1|0|1.0|INDIVIDUAL|FIJO|P0289058008|1|0|1.0|INDIVIDUAL|FIJO|P0289058008|1|0|1.0|INDIVIDUAL|FIJO|P0289058008|1|0|1.0|INDIVIDUAL|FIJO|P0289058008|1|0|1.0|INDIVIDUAL|FIJO|P0289058008|1|0|1.0|INDIVIDUAL|FIJO|P0289058008|1|0|1.0
437,INDIVIDUAL|FIJO|P0210065001|1|0|1.0|INDIVIDUAL|FIJO|P0210065001|1|0|1.0|INDIVIDUAL|FIJO|P0210065001|1|0|1.0|INDIVIDUAL|FIJO|P0210065001|1|0|1.0|INDIVIDUAL|FIJO|P0210065001|1|0|1.0|INDIVIDUAL|FIJO|P0210065001|1|0|1.0|INDIVIDUAL|FIJO|P0210065001|1|0|1.0|INDIVIDUAL|FIJO|P0210065001|1|0|1.0|INDIVIDUAL|FIJO|P0210065001|1|0|1.0|INDIVIDUAL|FIJO|P0210065001|1|0|1.0|INDIVIDUAL|FIJO|P0210065001|1|0|1.0
438,INDIVIDUAL|FIJO|200091875|1|0|1.0|INDIVIDUAL|FIJO|200091875|1|0|1.0|INDIVIDUAL|FIJO|200091875|1|0|1.0|INDIVIDUAL|FIJO|200091875|1|0|1.0|INDIVIDUAL|FIJO|200091875|1|0|1.0|INDIVIDUAL|FIJO|200091875|1|0|1.0|INDIVIDUAL|FIJO|200091875|1|0|1.0|INDIVIDUAL|FIJO|200091875|1|0|1.0|INDIVIDUAL|FIJO|200091875|1|0|1.0|INDIVIDUAL|FIJO|200091875|1|0|1.0|INDIVIDUAL|FIJO|200091875|1|0|1.0|INDIVIDUAL|FIJO|200091875|1|0|1.0
439,INDIVIDUAL|FIJO|200061196|1|0|1.0|INDIVIDUAL|FIJO|200061196|1|0|1.0|INDIVIDUAL|FIJO|200061196|1|0|1.0|INDIVIDUAL|FIJO|200061196|1|0|1.0|INDIVIDUAL|FIJO|200061196|1|0|1.0|INDIVIDUAL|FIJO|200061196|1|0|1.0|INDIVIDUAL|FIJO|200061196|1|0|1.0|INDIVIDUAL|FIJO|200061196|1|0|1.0|INDIVIDUAL|FIJO|200061196|1|0|1.0|INDIVIDUAL|FIJO|200061196|1|0|1.0
440,INDIVIDUAL|FIJO|210092742|1|0|1.0|INDIVIDUAL|FIJO|210092742|1|0|1.0|INDIVIDUAL|FIJO|210092742|1|0|1.0|INDIVIDUAL|FIJO|210092742|1|0|1.0|INDIVIDUAL|FIJO|210092742|1|0|1.0|INDIVIDUAL|FIJO|210092742|1|0|1.0|INDIVIDUAL|FIJO|210092742|1|0|1.0|INDIVIDUAL|FIJO|210092742|1|0|1.0|INDIVIDUAL|FIJO|210092742|1|0|1.0|INDIVIDUAL|FIJO|210092742|1|0|1.0
441,INDIVIDUAL|FIJO|200115589|1|0|1.0|INDIVIDUAL|FIJO|200115589|1|0|1.0|INDIVIDUAL|FIJO|200115589|1|0|1.0|INDIVIDUAL|FIJO|200115589|1|0|1.0|INDIVIDUAL|FIJO|200115589|1|0|1.0|INDIVIDUAL|FIJO|200115589|1|0|1.0|INDIVIDUAL|FIJO|200115589|1|0|1.0|INDIVIDUAL|FIJO|200115589|1|0|1.0|INDIVIDUAL|FIJO|200115589|1|0|1.0|INDIVIDUAL|FIJO|200115589|1|0|1.0
442,INDIVIDUAL|FIJO|200111234|1|0|1.0|INDIVIDUAL|FIJO|200111234|1|0|1.0|INDIVIDUAL|FIJO|200111234|1|0|1.0|INDIVIDUAL|FIJO|200111234|1|0|1.0|INDIVIDUAL|FIJO|200111234|1|0|1.0|INDIVIDUAL|FIJO|200111234|1|0|1.0|INDIVIDUAL|FIJO|200111234|1|0|1.0|INDIVIDUAL|FIJO|200111234|1|0|1.0|INDIVIDUAL|FIJO|200111234|1|0|1.0|INDIVIDUAL|FIJO|200111234|1|0|1.0
443,INDIVIDUAL|FIJO|200116339|1|0|1.0|INDIVIDUAL|FIJO|200116339|1|0|1.0|INDIVIDUAL|FIJO|200116339|1|0|1.0|INDIVIDUAL|FIJO|200116339|1|0|1.0|INDIVIDUAL|FIJO|200116339|1|0|1.0|INDIVIDUAL|FIJO|200116339|1|0|1.0|INDIVIDUAL|FIJO|200116339|1|0|1.0|INDIVIDUAL|FIJO|200116339|1|0|1.0|INDIVIDUAL|FIJO|200116339|1|0|1.0|INDIVIDUAL|FIJO|200116339|1|0|1.0|INDIVIDUAL|FIJO|200116339|1|0|1.0|INDIVIDUAL|FIJO|200116339|1|0|1.0
444,INDIVIDUAL|FIJO|200115300|1|0|1.0|INDIVIDUAL|FIJO|200115300|1|0|1.0|INDIVIDUAL|FIJO|200115300|1|0|1.0|INDIVIDUAL|FIJO|200115300|1|0|1.0|INDIVIDUAL|FIJO|200115300|1|0|1.0|INDIVIDUAL|FIJO|200115300|1|0|1.0|INDIVIDUAL|FIJO|200115300|1|0|1.0|INDIVIDUAL|FIJO|200115300|1|0|1.0|INDIVIDUAL|FIJO|200115300|1|0|1.0|INDIVIDUAL|FIJO|200115300|1|0|1.0|INDIVIDUAL|FIJO|200115300|1|0|1.0
445,INDIVIDUAL|FIJO|200101061|1|0|1.0|INDIVIDUAL|FIJO|200101061|1|0|1.0|INDIVIDUAL|FIJO|200101061|1|0|1.0|INDIVIDUAL|FIJO|200101061|1|0|1.0|INDIVIDUAL|FIJO|200101061|1|0|1.0|INDIVIDUAL|FIJO|200101061|1|0|1.0|INDIVIDUAL|FIJO|200101061|1|0|1.0|INDIVIDUAL|FIJO|200101061|1|0|1.0|INDIVIDUAL|FIJO|200101061|1|0|1.0|INDIVIDUAL|FIJO|200101061|1|0|1.0
446,INDIVIDUAL|FIJO|200089499|1|0|1.0|INDIVIDUAL|FIJO|200089499|1|0|1.0|INDIVIDUAL|FIJO|200089499|1|0|1.0|INDIVIDUAL|FIJO|200089499|1|0|1.0|INDIVIDUAL|FIJO|200089499|1|0|1.0|INDIVIDUAL|FIJO|200089499|1|0|1.0|INDIVIDUAL|FIJO|200089499|1|0|1.0|INDIVIDUAL|FIJO|200089499|1|0|1.0|INDIVIDUAL|FIJO|200089499|1|0|1.0|INDIVIDUAL|FIJO|200089499|1|0|1.0|INDIVIDUAL|FIJO|200089499|1|0|1.0
447,INDIVIDUAL|FIJO|200064825|1|0|1.0|INDIVIDUAL|FIJO|200064825|1|0|1.0|INDIVIDUAL|FIJO|200064825|1|0|1.0|INDIVIDUAL|FIJO|200064825|1|0|1.0|INDIVIDUAL|FIJO|200064825|1|0|1.0|INDIVIDUAL|FIJO|200064825|1|0|1.0|INDIVIDUAL|FIJO|200064825|1|0|1.0|INDIVIDUAL|FIJO|200064825|1|0|1.0|INDIVIDUAL|FIJO|200064825|1|0|1.0|INDIVIDUAL|FIJO|200064825|1|0|1.0|INDIVIDUAL|FIJO|200064825|1|0|1.0
448,INDIVIDUAL|FIJO|200064823|1|0|1.0|INDIVIDUAL|FIJO|200064823|1|0|1.0|INDIVIDUAL|FIJO|200064823|1|0|1.0|INDIVIDUAL|FIJO|200064823|1|0|1.0|INDIVIDUAL|FIJO|200064823|1|0|1.0|INDIVIDUAL|FIJO|200064823|1|0|1.0|INDIVIDUAL|FIJO|200064823|1|0|1.0|INDIVIDUAL|FIJO|200064823|1|0|1.0|INDIVIDUAL|FIJO|200064823|1|0|1.0|INDIVIDUAL|FIJO|200064823|1|0|1.0|INDIVIDUAL|FIJO|200064823|1|0|1.0
449,INDIVIDUAL|FIJO|200082462|1|0|1.0|INDIVIDUAL|FIJO|200082462|1|0|1.0|INDIVIDUAL|FIJO|200082462|1|0|1.0|INDIVIDUAL|FIJO|200082462|1|0|1.0|INDIVIDUAL|FIJO|200082462|1|0|1.0|INDIVIDUAL|FIJO|200082462|1|0|1.0|INDIVIDUAL|FIJO|200082462|1|0|1.0|INDIVIDUAL|FIJO|200082462|1|0|1.0|INDIVIDUAL|FIJO|200082462|1|0|1.0|INDIVIDUAL|FIJO|200082462|1|0|1.0|INDIVIDUAL|FIJO|200082462|1|0|1.0
450,INDIVIDUAL|FIJO|200064826|1|0|1.0|INDIVIDUAL|FIJO|200064826|1|0|1.0|INDIVIDUAL|FIJO|200064826|1|0|1.0|INDIVIDUAL|FIJO|200064826|1|0|1.0|INDIVIDUAL|FIJO|200064826|1|0|1.0|INDIVIDUAL|FIJO|200064826|1|0|1.0|INDIVIDUAL|FIJO|200064826|1|0|1.0|INDIVIDUAL|FIJO|200064826|1|0|1.0|INDIVIDUAL|FIJO|200064826|1|0|1.0|INDIVIDUAL|FIJO|200064826|1|0|1.0|INDIVIDUAL|FIJO|200064826|1|0|1.0
451,INDIVIDUAL|FIJO|200064824|1|0|1.0|INDIVIDUAL|FIJO|200064824|1|0|1.0|INDIVIDUAL|FIJO|200064824|1|0|1.0|INDIVIDUAL|FIJO|200064824|1|0|1.0|INDIVIDUAL|FIJO|200064824|1|0|1.0|INDIVIDUAL|FIJO|200064824|1|0|1.0|INDIVIDUAL|FIJO|200064824|1|0|1.0|INDIVIDUAL|FIJO|200064824|1|0|1.0|INDIVIDUAL|FIJO|200064824|1|0|1.0|INDIVIDUAL|FIJO|200064824|1|0|1.0|INDIVIDUAL|FIJO|200064824|1|0|1.0
452,INDIVIDUAL|FIJO|200082461|1|0|1.0|INDIVIDUAL|FIJO|200082461|1|0|1.0|INDIVIDUAL|FIJO|200082461|1|0|1.0|INDIVIDUAL|FIJO|200082461|1|0|1.0|INDIVIDUAL|FIJO|200082461|1|0|1.0|INDIVIDUAL|FIJO|200082461|1|0|1.0|INDIVIDUAL|FIJO|200082461|1|0|1.0|INDIVIDUAL|FIJO|200082461|1|0|1.0|INDIVIDUAL|FIJO|200082461|1|0|1.0|INDIVIDUAL|FIJO|200082461|1|0|1.0|INDIVIDUAL|FIJO|200082461|1|0|1.0
453,INDIVIDUAL|FIJO|200116108|1|0|1.0|INDIVIDUAL|FIJO|200116108|1|0|1.0|INDIVIDUAL|FIJO|200116108|1|0|1.0|INDIVIDUAL|FIJO|200116108|1|0|1.0|INDIVIDUAL|FIJO|200116108|1|0|1.0|INDIVIDUAL|FIJO|200116108|1|0|1.0|INDIVIDUAL|FIJO|200116108|1|0|1.0|INDIVIDUAL|FIJO|200116108|1|0|1.0
454,INDIVIDUAL|FIJO|200118523|1|0|1.0|INDIVIDUAL|FIJO|200118523|1|0|1.0|INDIVIDUAL|FIJO|200118523|1|0|1.0|INDIVIDUAL|FIJO|200118523|1|0|1.0|INDIVIDUAL|FIJO|200118523|1|0|1.0|INDIVIDUAL|FIJO|200118523|1|0|1.0|INDIVIDUAL|FIJO|200118523|1|0|1.0|INDIVIDUAL|FIJO|200118523|1|0|1.0|INDIVIDUAL|FIJO|200118523|1|0|1.0|INDIVIDUAL|FIJO|200118523|1|0|1.0|INDIVIDUAL|FIJO|200118523|1|0|1.0
455,INDIVIDUAL|FIJO|200098698|1|0|1.0|INDIVIDUAL|FIJO|200098698|1|0|1.0|INDIVIDUAL|FIJO|200098698|1|0|1.0|INDIVIDUAL|FIJO|200098698|1|0|1.0|INDIVIDUAL|FIJO|200098698|1|0|1.0|INDIVIDUAL|FIJO|200098698|1|0|1.0|INDIVIDUAL|FIJO|200098698|1|0|1.0|INDIVIDUAL|FIJO|200098698|1|0|1.0|INDIVIDUAL|FIJO|200098698|1|0|1.0|INDIVIDUAL|FIJO|200098698|1|0|1.0
456,INDIVIDUAL|FIJO|200064580|1|0|1.0|INDIVIDUAL|FIJO|200064580|1|0|1.0|INDIVIDUAL|FIJO|200064580|1|0|1.0|INDIVIDUAL|FIJO|200064580|1|0|1.0|INDIVIDUAL|FIJO|200064580|1|0|1.0|INDIVIDUAL|FIJO|200064580|1|0|1.0|INDIVIDUAL|FIJO|200064580|1|0|1.0|INDIVIDUAL|FIJO|200064580|1|0|1.0|INDIVIDUAL|FIJO|200064580|1|0|1.0|INDIVIDUAL|FIJO|200064580|1|0|1.0
457,INDIVIDUAL|FIJO|200115934|1|0|1.0|INDIVIDUAL|FIJO|200115934|1|0|1.0|INDIVIDUAL|FIJO|200115934|1|0|1.0|INDIVIDUAL|FIJO|200115934|1|0|1.0|INDIVIDUAL|FIJO|200115934|1|0|1.0|INDIVIDUAL|FIJO|200115934|1|0|1.0|INDIVIDUAL|FIJO|200115934|1|0|1.0|INDIVIDUAL|FIJO|200115934|1|0|1.0|INDIVIDUAL|FIJO|200115934|1|0|1.0|INDIVIDUAL|FIJO|200115934|1|0|1.0|INDIVIDUAL|FIJO|200115934|1|0|1.0|INDIVIDUAL|FIJO|200115934|1|0|1.0
458,INDIVIDUAL|FIJO|200076945|1|0|1.0|INDIVIDUAL|FIJO|200076945|1|0|1.0|INDIVIDUAL|FIJO|200076945|1|0|1.0|INDIVIDUAL|FIJO|200076945|1|0|1.0|INDIVIDUAL|FIJO|200076945|1|0|1.0|INDIVIDUAL|FIJO|200076945|1|0|1.0|INDIVIDUAL|FIJO|200076945|1|0|1.0|INDIVIDUAL|FIJO|200076945|1|0|1.0|INDIVIDUAL|FIJO|200076945|1|0|1.0|INDIVIDUAL|FIJO|200076945|1|0|1.0
459,INDIVIDUAL|FIJO|200109532|1|0|1.0|INDIVIDUAL|FIJO|200109532|1|0|1.0|INDIVIDUAL|FIJO|200109532|1|0|1.0|INDIVIDUAL|FIJO|200109532|1|0|1.0|INDIVIDUAL|FIJO|200109532|1|0|1.0|INDIVIDUAL|FIJO|200109532|1|0|1.0|INDIVIDUAL|FIJO|200109532|1|0|1.0|INDIVIDUAL|FIJO|200109532|1|0|1.0|INDIVIDUAL|FIJO|200109532|1|0|1.0|INDIVIDUAL|FIJO|200109532|1|0|1.0
460,INDIVIDUAL|FIJO|200098638|1|0|1.0|INDIVIDUAL|FIJO|200098638|1|0|1.0|INDIVIDUAL|FIJO|200098638|1|0|1.0|INDIVIDUAL|FIJO|200098638|1|0|1.0|INDIVIDUAL|FIJO|200098638|1|0|1.0|INDIVIDUAL|FIJO|200098638|1|0|1.0|INDIVIDUAL|FIJO|200098638|1|0|1.0|INDIVIDUAL|FIJO|200098638|1|0|1.0|INDIVIDUAL|FIJO|200098638|1|0|1.0|INDIVIDUAL|FIJO|200098638|1|0|1.0|INDIVIDUAL|FIJO|200098638|1|0|1.0
461,INDIVIDUAL|FIJO|200116051|1|0|1.0|INDIVIDUAL|FIJO|200116051|1|0|1.0|INDIVIDUAL|FIJO|200116051|1|0|1.0|INDIVIDUAL|FIJO|200116051|1|0|1.0|INDIVIDUAL|FIJO|200116051|1|0|1.0|INDIVIDUAL|FIJO|200116051|1|0|1.0|INDIVIDUAL|FIJO|200116051|1|0|1.0|INDIVIDUAL|FIJO|200116051|1|0|1.0|INDIVIDUAL|FIJO|200116051|1|0|1.0|INDIVIDUAL|FIJO|200116051|1|0|1.0
462,INDIVIDUAL|FIJO|200116049|1|0|1.0|INDIVIDUAL|FIJO|200116049|1|0|1.0|INDIVIDUAL|FIJO|200116049|1|0|1.0|INDIVIDUAL|FIJO|200116049|1|0|1.0|INDIVIDUAL|FIJO|200116049|1|0|1.0|INDIVIDUAL|FIJO|200116049|1|0|1.0|INDIVIDUAL|FIJO|200116049|1|0|1.0|INDIVIDUAL|FIJO|200116049|1|0|1.0|INDIVIDUAL|FIJO|200116049|1|0|1.0|INDIVIDUAL|FIJO|200116049|1|0|1.0
463,INDIVIDUAL|FIJO|200116050|1|0|1.0|INDIVIDUAL|FIJO|200116050|1|0|1.0|INDIVIDUAL|FIJO|200116050|1|0|1.0|INDIVIDUAL|FIJO|200116050|1|0|1.0|INDIVIDUAL|FIJO|200116050|1|0|1.0|INDIVIDUAL|FIJO|200116050|1|0|1.0|INDIVIDUAL|FIJO|200116050|1|0|1.0|INDIVIDUAL|FIJO|200116050|1|0|1.0|INDIVIDUAL|FIJO|200116050|1|0|1.0|INDIVIDUAL|FIJO|200116050|1|0|1.0
464,INDIVIDUAL|FIJO|200106279|1|0|1.0|INDIVIDUAL|FIJO|200106279|1|0|1.0|INDIVIDUAL|FIJO|200106279|1|0|1.0|INDIVIDUAL|FIJO|200106279|1|0|1.0|INDIVIDUAL|FIJO|200106279|1|0|1.0|INDIVIDUAL|FIJO|200106279|1|0|1.0|INDIVIDUAL|FIJO|200106279|1|0|1.0|INDIVIDUAL|FIJO|200106279|1|0|1.0|INDIVIDUAL|FIJO|200106279|1|0|1.0|INDIVIDUAL|FIJO|200106279|1|0|1.0
465,INDIVIDUAL|FIJO|200106398|1|0|1.0|INDIVIDUAL|FIJO|200106398|1|0|1.0|INDIVIDUAL|FIJO|200106398|1|0|1.0|INDIVIDUAL|FIJO|200106398|1|0|1.0|INDIVIDUAL|FIJO|200106398|1|0|1.0|INDIVIDUAL|FIJO|200106398|1|0|1.0|INDIVIDUAL|FIJO|200106398|1|0|1.0|INDIVIDUAL|FIJO|200106398|1|0|1.0|INDIVIDUAL|FIJO|200106398|1|0|1.0|INDIVIDUAL|FIJO|200106398|1|0|1.0
466,INDIVIDUAL|FIJO|200111379|1|0|1.0|INDIVIDUAL|FIJO|200111379|1|0|1.0|INDIVIDUAL|FIJO|200111379|1|0|1.0|INDIVIDUAL|FIJO|200111379|1|0|1.0|INDIVIDUAL|FIJO|200111379|1|0|1.0|INDIVIDUAL|FIJO|200111379|1|0|1.0|INDIVIDUAL|FIJO|200111379|1|0|1.0|INDIVIDUAL|FIJO|200111379|1|0|1.0|INDIVIDUAL|FIJO|200111379|1|0|1.0|INDIVIDUAL|FIJO|200111379|1|0|1.0|INDIVIDUAL|FIJO|200111379|1|0|1.0
467,INDIVIDUAL|FIJO|200106312|1|0|1.0|INDIVIDUAL|FIJO|200106312|1|0|1.0|INDIVIDUAL|FIJO|200106312|1|0|1.0|INDIVIDUAL|FIJO|200106312|1|0|1.0|INDIVIDUAL|FIJO|200106312|1|0|1.0|INDIVIDUAL|FIJO|200106312|1|0|1.0|INDIVIDUAL|FIJO|200106312|1|0|1.0|INDIVIDUAL|FIJO|200106312|1|0|1.0|INDIVIDUAL|FIJO|200106312|1|0|1.0|INDIVIDUAL|FIJO|200106312|1|0|1.0
468,INDIVIDUAL|FIJO|200106396|1|0|1.0|INDIVIDUAL|FIJO|200106396|1|0|1.0|INDIVIDUAL|FIJO|200106396|1|0|1.0|INDIVIDUAL|FIJO|200106396|1|0|1.0|INDIVIDUAL|FIJO|200106396|1|0|1.0|INDIVIDUAL|FIJO|200106396|1|0|1.0|INDIVIDUAL|FIJO|200106396|1|0|1.0|INDIVIDUAL|FIJO|200106396|1|0|1.0|INDIVIDUAL|FIJO|200106396|1|0|1.0|INDIVIDUAL|FIJO|200106396|1|0|1.0
469,INDIVIDUAL|FIJO|200106397|1|0|1.0|INDIVIDUAL|FIJO|200106397|1|0|1.0|INDIVIDUAL|FIJO|200106397|1|0|1.0|INDIVIDUAL|FIJO|200106397|1|0|1.0|INDIVIDUAL|FIJO|200106397|1|0|1.0|INDIVIDUAL|FIJO|200106397|1|0|1.0|INDIVIDUAL|FIJO|200106397|1|0|1.0|INDIVIDUAL|FIJO|200106397|1|0|1.0|INDIVIDUAL|FIJO|200106397|1|0|1.0|INDIVIDUAL|FIJO|200106397|1|0|1.0
470,INDIVIDUAL|FIJO|200080272|1|0|1.0|INDIVIDUAL|FIJO|200080272|1|0|1.0|INDIVIDUAL|FIJO|200080272|1|0|1.0|INDIVIDUAL|FIJO|200080272|1|0|1.0|INDIVIDUAL|FIJO|200080272|1|0|1.0|INDIVIDUAL|FIJO|200080272|1|0|1.0|INDIVIDUAL|FIJO|200080272|1|0|1.0|INDIVIDUAL|FIJO|200080272|1|0|1.0|INDIVIDUAL|FIJO|200080272|1|0|1.0|INDIVIDUAL|FIJO|200080272|1|0|1.0|INDIVIDUAL|FIJO|200080272|1|0|1.0
471,INDIVIDUAL|FIJO|200080259|1|0|1.0|INDIVIDUAL|FIJO|200080259|1|0|1.0|INDIVIDUAL|FIJO|200080259|1|0|1.0|INDIVIDUAL|FIJO|200080259|1|0|1.0|INDIVIDUAL|FIJO|200080259|1|0|1.0|INDIVIDUAL|FIJO|200080259|1|0|1.0|INDIVIDUAL|FIJO|200080259|1|0|1.0|INDIVIDUAL|FIJO|200080259|1|0|1.0|INDIVIDUAL|FIJO|200080259|1|0|1.0|INDIVIDUAL|FIJO|200080259|1|0|1.0
472,INDIVIDUAL|FIJO|200080256|1|0|1.0|INDIVIDUAL|FIJO|200080256|1|0|1.0|INDIVIDUAL|FIJO|200080256|1|0|1.0|INDIVIDUAL|FIJO|200080256|1|0|1.0|INDIVIDUAL|FIJO|200080256|1|0|1.0|INDIVIDUAL|FIJO|200080256|1|0|1.0|INDIVIDUAL|FIJO|200080256|1|0|1.0|INDIVIDUAL|FIJO|200080256|1|0|1.0|INDIVIDUAL|FIJO|200080256|1|0|1.0|INDIVIDUAL|FIJO|200080256|1|0|1.0
473,INDIVIDUAL|FIJO|200092280|1|0|1.0|INDIVIDUAL|FIJO|200092280|1|0|1.0|INDIVIDUAL|FIJO|200092280|1|0|1.0|INDIVIDUAL|FIJO|200092280|1|0|1.0|INDIVIDUAL|FIJO|200092280|1|0|1.0|INDIVIDUAL|FIJO|200092280|1|0|1.0|INDIVIDUAL|FIJO|200092280|1|0|1.0|INDIVIDUAL|FIJO|200092280|1|0|1.0|INDIVIDUAL|FIJO|200092280|1|0|1.0|INDIVIDUAL|FIJO|200092280|1|0|1.0|INDIVIDUAL|FIJO|200092280|1|0|1.0
474,INDIVIDUAL|FIJO|200092360|1|0|1.0|INDIVIDUAL|FIJO|200092360|1|0|1.0|INDIVIDUAL|FIJO|200092360|1|0|1.0|INDIVIDUAL|FIJO|200092360|1|0|1.0|INDIVIDUAL|FIJO|200092360|1|0|1.0|INDIVIDUAL|FIJO|200092360|1|0|1.0|INDIVIDUAL|FIJO|200092360|1|0|1.0|INDIVIDUAL|FIJO|200092360|1|0|1.0|INDIVIDUAL|FIJO|200092360|1|0|1.0|INDIVIDUAL|FIJO|200092360|1|0|1.0|INDIVIDUAL|FIJO|200092360|1|0|1.0
475,INDIVIDUAL|FIJO|200080255|1|0|1.0|INDIVIDUAL|FIJO|200080255|1|0|1.0|INDIVIDUAL|FIJO|200080255|1|0|1.0|INDIVIDUAL|FIJO|200080255|1|0|1.0|INDIVIDUAL|FIJO|200080255|1|0|1.0|INDIVIDUAL|FIJO|200080255|1|0|1.0|INDIVIDUAL|FIJO|200080255|1|0|1.0|INDIVIDUAL|FIJO|200080255|1|0|1.0|INDIVIDUAL|FIJO|200080255|1|0|1.0|INDIVIDUAL|FIJO|200080255|1|0|1.0
476,INDIVIDUAL|FIJO|200092361|1|0|1.0|INDIVIDUAL|FIJO|200092361|1|0|1.0|INDIVIDUAL|FIJO|200092361|1|0|1.0|INDIVIDUAL|FIJO|200092361|1|0|1.0|INDIVIDUAL|FIJO|200092361|1|0|1.0|INDIVIDUAL|FIJO|200092361|1|0|1.0|INDIVIDUAL|FIJO|200092361|1|0|1.0|INDIVIDUAL|FIJO|200092361|1|0|1.0|INDIVIDUAL|FIJO|200092361|1|0|1.0|INDIVIDUAL|FIJO|200092361|1|0|1.0|INDIVIDUAL|FIJO|200092361|1|0|1.0
477,INDIVIDUAL|FIJO|200080270|1|0|1.0|INDIVIDUAL|FIJO|200080270|1|0|1.0|INDIVIDUAL|FIJO|200080270|1|0|1.0|INDIVIDUAL|FIJO|200080270|1|0|1.0|INDIVIDUAL|FIJO|200080270|1|0|1.0|INDIVIDUAL|FIJO|200080270|1|0|1.0|INDIVIDUAL|FIJO|200080270|1|0|1.0|INDIVIDUAL|FIJO|200080270|1|0|1.0|INDIVIDUAL|FIJO|200080270|1|0|1.0|INDIVIDUAL|FIJO|200080270|1|0|1.0|INDIVIDUAL|FIJO|200080270|1|0|1.0
478,INDIVIDUAL|FIJO|200084785|1|0|1.0|INDIVIDUAL|FIJO|200084785|1|0|1.0|INDIVIDUAL|FIJO|200084785|1|0|1.0|INDIVIDUAL|FIJO|200084785|1|0|1.0|INDIVIDUAL|FIJO|200084785|1|0|1.0|INDIVIDUAL|FIJO|200084785|1|0|1.0|INDIVIDUAL|FIJO|200084785|1|0|1.0|INDIVIDUAL|FIJO|200084785|1|0|1.0|INDIVIDUAL|FIJO|200084785|1|0|1.0|INDIVIDUAL|FIJO|200084785|1|0|1.0
503,INDIVIDUAL|FIJO|200056740|1|0|1.0|INDIVIDUAL|FIJO|200056740|1|0|1.0|INDIVIDUAL|FIJO|200056740|1|0|1.0|INDIVIDUAL|FIJO|200056740|1|0|1.0|INDIVIDUAL|FIJO|200056740|1|0|1.0|INDIVIDUAL|FIJO|200056740|1|0|1.0|INDIVIDUAL|FIJO|200056740|1|0|1.0|INDIVIDUAL|FIJO|200056740|1|0|1.0|INDIVIDUAL|FIJO|200056740|1|0|1.0|INDIVIDUAL|FIJO|200056740|1|0|1.0|INDIVIDUAL|FIJO|200056740|1|0|1.0|INDIVIDUAL|FIJO|200056740|1|0|1.0
504,INDIVIDUAL|FIJO|200056741|1|0|1.0|INDIVIDUAL|FIJO|200056741|1|0|1.0|INDIVIDUAL|FIJO|200056741|1|0|1.0|INDIVIDUAL|FIJO|200056741|1|0|1.0|INDIVIDUAL|FIJO|200056741|1|0|1.0|INDIVIDUAL|FIJO|200056741|1|0|1.0|INDIVIDUAL|FIJO|200056741|1|0|1.0|INDIVIDUAL|FIJO|200056741|1|0|1.0|INDIVIDUAL|FIJO|200056741|1|0|1.0|INDIVIDUAL|FIJO|200056741|1|0|1.0|INDIVIDUAL|FIJO|200056741|1|0|1.0|INDIVIDUAL|FIJO|200056741|1|0|1.0
505,INDIVIDUAL|FIJO|200073712|1|0|1.0|INDIVIDUAL|FIJO|200073712|1|0|1.0|INDIVIDUAL|FIJO|200073712|1|0|1.0|INDIVIDUAL|FIJO|200073712|1|0|1.0|INDIVIDUAL|FIJO|200073712|1|0|1.0|INDIVIDUAL|FIJO|200073712|1|0|1.0|INDIVIDUAL|FIJO|200073712|1|0|1.0|INDIVIDUAL|FIJO|200073712|1|0|1.0|INDIVIDUAL|FIJO|200073712|1|0|1.0|INDIVIDUAL|FIJO|200073712|1|0|1.0|INDIVIDUAL|FIJO|200073712|1|0|1.0|INDIVIDUAL|FIJO|200073712|1|0|1.0
506,INDIVIDUAL|FIJO|200056743|1|0|1.0|INDIVIDUAL|FIJO|200056743|1|0|1.0|INDIVIDUAL|FIJO|200056743|1|0|1.0|INDIVIDUAL|FIJO|200056743|1|0|1.0|INDIVIDUAL|FIJO|200056743|1|0|1.0|INDIVIDUAL|FIJO|200056743|1|0|1.0|INDIVIDUAL|FIJO|200056743|1|0|1.0|INDIVIDUAL|FIJO|200056743|1|0|1.0|INDIVIDUAL|FIJO|200056743|1|0|1.0|INDIVIDUAL|FIJO|200056743|1|0|1.0|INDIVIDUAL|FIJO|200056743|1|0|1.0|INDIVIDUAL|FIJO|200056743|1|0|1.0
524,INDIVIDUAL|FIJO|200056090|1|0|1.0|INDIVIDUAL|FIJO|200056090|1|0|1.0|INDIVIDUAL|FIJO|200056090|1|0|1.0|INDIVIDUAL|FIJO|200056090|1|0|1.0|INDIVIDUAL|FIJO|200056090|1|0|1.0|INDIVIDUAL|FIJO|200056090|1|0|1.0|INDIVIDUAL|FIJO|200056090|1|0|1.0|INDIVIDUAL|FIJO|200056090|1|0|1.0|INDIVIDUAL|FIJO|200056090|1|0|1.0|INDIVIDUAL|FIJO|200056090|1|0|1.0|INDIVIDUAL|FIJO|200056090|1|0|1.0
525,INDIVIDUAL|FIJO|200116632|1|0|1.0|INDIVIDUAL|FIJO|200116632|1|0|1.0|INDIVIDUAL|FIJO|200116632|1|0|1.0|INDIVIDUAL|FIJO|200116632|1|0|1.0|INDIVIDUAL|FIJO|200116632|1|0|1.0|INDIVIDUAL|FIJO|200116632|1|0|1.0|INDIVIDUAL|FIJO|200116632|1|0|1.0|INDIVIDUAL|FIJO|200116632|1|0|1.0|INDIVIDUAL|FIJO|200116632|1|0|1.0|INDIVIDUAL|FIJO|200116632|1|0|1.0|INDIVIDUAL|FIJO|200116632|1|0|1.0
526,INDIVIDUAL|FIJO|200116631|1|0|1.0|INDIVIDUAL|FIJO|200116631|1|0|1.0|INDIVIDUAL|FIJO|200116631|1|0|1.0|INDIVIDUAL|FIJO|200116631|1|0|1.0|INDIVIDUAL|FIJO|200116631|1|0|1.0|INDIVIDUAL|FIJO|200116631|1|0|1.0|INDIVIDUAL|FIJO|200116631|1|0|1.0|INDIVIDUAL|FIJO|200116631|1|0|1.0|INDIVIDUAL|FIJO|200116631|1|0|1.0|INDIVIDUAL|FIJO|200116631|1|0|1.0|INDIVIDUAL|FIJO|200116631|1|0|1.0
527,INDIVIDUAL|FIJO|200067147|1|0|1.0|INDIVIDUAL|FIJO|200067147|1|0|1.0|INDIVIDUAL|FIJO|200067147|1|0|1.0|INDIVIDUAL|FIJO|200067147|1|0|1.0|INDIVIDUAL|FIJO|200067147|1|0|1.0|INDIVIDUAL|FIJO|200067147|1|0|1.0|INDIVIDUAL|FIJO|200067147|1|0|1.0|INDIVIDUAL|FIJO|200067147|1|0|1.0|INDIVIDUAL|FIJO|200067147|1|0|1.0|INDIVIDUAL|FIJO|200067147|1|0|1.0
528,INDIVIDUAL|FIJO|200073399|1|0|1.0|INDIVIDUAL|FIJO|200073399|1|0|1.0|INDIVIDUAL|FIJO|200073399|1|0|1.0|INDIVIDUAL|FIJO|200073399|1|0|1.0|INDIVIDUAL|FIJO|200073399|1|0|1.0|INDIVIDUAL|FIJO|200073399|1|0|1.0|INDIVIDUAL|FIJO|200073399|1|0|1.0|INDIVIDUAL|FIJO|200073399|1|0|1.0|INDIVIDUAL|FIJO|200073399|1|0|1.0|INDIVIDUAL|FIJO|200073399|1|0|1.0
529,INDIVIDUAL|FIJO|200069656|1|0|1.0|INDIVIDUAL|FIJO|200069656|1|0|1.0|INDIVIDUAL|FIJO|200069656|1|0|1.0|INDIVIDUAL|FIJO|200069656|1|0|1.0|INDIVIDUAL|FIJO|200069656|1|0|1.0|INDIVIDUAL|FIJO|200069656|1|0|1.0|INDIVIDUAL|FIJO|200069656|1|0|1.0|INDIVIDUAL|FIJO|200069656|1|0|1.0|INDIVIDUAL|FIJO|200069656|1|0|1.0|INDIVIDUAL|FIJO|200069656|1|0|1.0
530,INDIVIDUAL|FIJO|200079482|1|0|1.0|INDIVIDUAL|FIJO|200079482|1|0|1.0|INDIVIDUAL|FIJO|200079482|1|0|1.0|INDIVIDUAL|FIJO|200079482|1|0|1.0|INDIVIDUAL|FIJO|200079482|1|0|1.0|INDIVIDUAL|FIJO|200079482|1|0|1.0|INDIVIDUAL|FIJO|200079482|1|0|1.0|INDIVIDUAL|FIJO|200079482|1|0|1.0|INDIVIDUAL|FIJO|200079482|1|0|1.0|INDIVIDUAL|FIJO|200079482|1|0|1.0
531,INDIVIDUAL|FIJO|200047325|1|0|1.0|INDIVIDUAL|FIJO|200047325|1|0|1.0|INDIVIDUAL|FIJO|200047325|1|0|1.0|INDIVIDUAL|FIJO|200047325|1|0|1.0|INDIVIDUAL|FIJO|200047325|1|0|1.0|INDIVIDUAL|FIJO|200047325|1|0|1.0|INDIVIDUAL|FIJO|200047325|1|0|1.0|INDIVIDUAL|FIJO|200047325|1|0|1.0|INDIVIDUAL|FIJO|200047325|1|0|1.0|INDIVIDUAL|FIJO|200047325|1|0|1.0|INDIVIDUAL|FIJO|200047325|1|0|1.0
532,INDIVIDUAL|FIJO|200116535|1|0|1.0|INDIVIDUAL|FIJO|200116535|1|0|1.0|INDIVIDUAL|FIJO|200116535|1|0|1.0|INDIVIDUAL|FIJO|200116535|1|0|1.0|INDIVIDUAL|FIJO|200116535|1|0|1.0|INDIVIDUAL|FIJO|200116535|1|0|1.0|INDIVIDUAL|FIJO|200116535|1|0|1.0|INDIVIDUAL|FIJO|200116535|1|0|1.0|INDIVIDUAL|FIJO|200116535|1|0|1.0|INDIVIDUAL|FIJO|200116535|1|0|1.0
533,INDIVIDUAL|FIJO|200050748|1|0|1.0|INDIVIDUAL|FIJO|200050748|1|0|1.0|INDIVIDUAL|FIJO|200050748|1|0|1.0|INDIVIDUAL|FIJO|200050748|1|0|1.0|INDIVIDUAL|FIJO|200050748|1|0|1.0|INDIVIDUAL|FIJO|200050748|1|0|1.0|INDIVIDUAL|FIJO|200050748|1|0|1.0|INDIVIDUAL|FIJO|200050748|1|0|1.0|INDIVIDUAL|FIJO|200050748|1|0|1.0|INDIVIDUAL|FIJO|200050748|1|0|1.0|INDIVIDUAL|FIJO|200050748|1|0|1.0
534,INDIVIDUAL|FIJO|200084815|1|0|1.0|INDIVIDUAL|FIJO|200084815|1|0|1.0|INDIVIDUAL|FIJO|200084815|1|0|1.0|INDIVIDUAL|FIJO|200084815|1|0|1.0|INDIVIDUAL|FIJO|200084815|1|0|1.0|INDIVIDUAL|FIJO|200084815|1|0|1.0|INDIVIDUAL|FIJO|200084815|1|0|1.0|INDIVIDUAL|FIJO|200084815|1|0|1.0|INDIVIDUAL|FIJO|200084815|1|0|1.0|INDIVIDUAL|FIJO|200084815|1|0|1.0|INDIVIDUAL|FIJO|200084815|1|0|1.0
535,INDIVIDUAL|FIJO|200084783|1|0|1.0|INDIVIDUAL|FIJO|200084783|1|0|1.0|INDIVIDUAL|FIJO|200084783|1|0|1.0|INDIVIDUAL|FIJO|200084783|1|0|1.0|INDIVIDUAL|FIJO|200084783|1|0|1.0|INDIVIDUAL|FIJO|200084783|1|0|1.0|INDIVIDUAL|FIJO|200084783|1|0|1.0|INDIVIDUAL|FIJO|200084783|1|0|1.0|INDIVIDUAL|FIJO|200084783|1|0|1.0|INDIVIDUAL|FIJO|200084783|1|0|1.0|INDIVIDUAL|FIJO|200084783|1|0|1.0
536,INDIVIDUAL|FIJO|200084784|1|0|1.0|INDIVIDUAL|FIJO|200084784|1|0|1.0|INDIVIDUAL|FIJO|200084784|1|0|1.0|INDIVIDUAL|FIJO|200084784|1|0|1.0|INDIVIDUAL|FIJO|200084784|1|0|1.0|INDIVIDUAL|FIJO|200084784|1|0|1.0|INDIVIDUAL|FIJO|200084784|1|0|1.0|INDIVIDUAL|FIJO|200084784|1|0|1.0|INDIVIDUAL|FIJO|200084784|1|0|1.0|INDIVIDUAL|FIJO|200084784|1|0|1.0|INDIVIDUAL|FIJO|200084784|1|0|1.0
537,INDIVIDUAL|FIJO|200056155|1|0|1.0|INDIVIDUAL|FIJO|200056155|1|0|1.0|INDIVIDUAL|FIJO|200056155|1|0|1.0|INDIVIDUAL|FIJO|200056155|1|0|1.0|INDIVIDUAL|FIJO|200056155|1|0|1.0|INDIVIDUAL|FIJO|200056155|1|0|1.0|INDIVIDUAL|FIJO|200056155|1|0|1.0|INDIVIDUAL|FIJO|200056155|1|0|1.0|INDIVIDUAL|FIJO|200056155|1|0|1.0
538,INDIVIDUAL|FIJO|200038324|1|0|1.0|INDIVIDUAL|FIJO|200038324|1|0|1.0|INDIVIDUAL|FIJO|200038324|1|0|1.0|INDIVIDUAL|FIJO|200038324|1|0|1.0|INDIVIDUAL|FIJO|200038324|1|0|1.0|INDIVIDUAL|FIJO|200038324|1|0|1.0|INDIVIDUAL|FIJO|200038324|1|0|1.0
539,INDIVIDUAL|FIJO|200038319|1|0|1.0|INDIVIDUAL|FIJO|200038319|1|0|1.0|INDIVIDUAL|FIJO|200038319|1|0|1.0|INDIVIDUAL|FIJO|200038319|1|0|1.0|INDIVIDUAL|FIJO|200038319|1|0|1.0|INDIVIDUAL|FIJO|200038319|1|0|1.0|INDIVIDUAL|FIJO|200038319|1|0|1.0
540,INDIVIDUAL|FIJO|200017521|1|0|1.0|INDIVIDUAL|FIJO|200017521|1|0|1.0|INDIVIDUAL|FIJO|200017521|1|0|1.0|INDIVIDUAL|FIJO|200017521|1|0|1.0|INDIVIDUAL|FIJO|200017521|1|0|1.0
541,INDIVIDUAL|FIJO|200045540|1|0|1.0|INDIVIDUAL|FIJO|200045540|1|0|1.0|INDIVIDUAL|FIJO|200045540|1|0|1.0|INDIVIDUAL|FIJO|200045540|1|0|1.0|INDIVIDUAL|FIJO|200045540|1|0|1.0|INDIVIDUAL|FIJO|200045540|1|0|1.0
542,INDIVIDUAL|FIJO|200063934|1|0|1.0|INDIVIDUAL|FIJO|200063934|1|0|1.0|INDIVIDUAL|FIJO|200063934|1|0|1.0|INDIVIDUAL|FIJO|200063934|1|0|1.0|INDIVIDUAL|FIJO|200063934|1|0|1.0|INDIVIDUAL|FIJO|200063934|1|0|1.0|INDIVIDUAL|FIJO|200063934|1|0|1.0|INDIVIDUAL|FIJO|200063934|1|0|1.0|INDIVIDUAL|FIJO|200063934|1|0|1.0
543,INDIVIDUAL|FIJO|200056617|1|0|1.0|INDIVIDUAL|FIJO|200056617|1|0|1.0|INDIVIDUAL|FIJO|200056617|1|0|1.0|INDIVIDUAL|FIJO|200056617|1|0|1.0|INDIVIDUAL|FIJO|200056617|1|0|1.0|INDIVIDUAL|FIJO|200056617|1|0|1.0|INDIVIDUAL|FIJO|200056617|1|0|1.0|INDIVIDUAL|FIJO|200056617|1|0|1.0|INDIVIDUAL|FIJO|200056617|1|0|1.0|INDIVIDUAL|FIJO|200056617|1|0|1.0|INDIVIDUAL|FIJO|200056617|1|0|1.0|INDIVIDUAL|FIJO|200056617|1|0|1.0
544,INDIVIDUAL|FIJO|200056621|1|0|1.0|INDIVIDUAL|FIJO|200056621|1|0|1.0|INDIVIDUAL|FIJO|200056621|1|0|1.0|INDIVIDUAL|FIJO|200056621|1|0|1.0
545,INDIVIDUAL|FIJO|200098648|1|0|1.0|INDIVIDUAL|FIJO|200098648|1|0|1.0|INDIVIDUAL|FIJO|200098648|1|0|1.0|INDIVIDUAL|FIJO|200098648|1|0|1.0|INDIVIDUAL|FIJO|200098648|1|0|1.0|INDIVIDUAL|FIJO|200098648|1|0|1.0|INDIVIDUAL|FIJO|200098648|1|0|1.0|INDIVIDUAL|FIJO|200098648|1|0|1.0|INDIVIDUAL|FIJO|200098648|1|0|1.0|INDIVIDUAL|FIJO|200098648|1|0|1.0
546,INDIVIDUAL|FIJO|200087691|1|0|1.0|INDIVIDUAL|FIJO|200087691|1|0|1.0|INDIVIDUAL|FIJO|200087691|1|0|1.0|INDIVIDUAL|FIJO|200087691|1|0|1.0|INDIVIDUAL|FIJO|200087691|1|0|1.0|INDIVIDUAL|FIJO|200087691|1|0|1.0|INDIVIDUAL|FIJO|200087691|1|0|1.0|INDIVIDUAL|FIJO|200087691|1|0|1.0|INDIVIDUAL|FIJO|200087691|1|0|1.0|INDIVIDUAL|FIJO|200087691|1|0|1.0|INDIVIDUAL|FIJO|200087691|1|0|1.0
547,INDIVIDUAL|FIJO|200102820|1|0|1.0|INDIVIDUAL|FIJO|200102820|1|0|1.0|INDIVIDUAL|FIJO|200102820|1|0|1.0|INDIVIDUAL|FIJO|200102820|1|0|1.0|INDIVIDUAL|FIJO|200102820|1|0|1.0|INDIVIDUAL|FIJO|200102820|1|0|1.0|INDIVIDUAL|FIJO|200102820|1|0|1.0|INDIVIDUAL|FIJO|200102820|1|0|1.0|INDIVIDUAL|FIJO|200102820|1|0|1.0
548,INDIVIDUAL|FIJO|200056815|1|0|1.0|INDIVIDUAL|FIJO|200056815|1|0|1.0|INDIVIDUAL|FIJO|200056815|1|0|1.0|INDIVIDUAL|FIJO|200056815|1|0|1.0|INDIVIDUAL|FIJO|200056815|1|0|1.0|INDIVIDUAL|FIJO|200056815|1|0|1.0|INDIVIDUAL|FIJO|200056815|1|0|1.0|INDIVIDUAL|FIJO|200056815|1|0|1.0|INDIVIDUAL|FIJO|200056815|1|0|1.0|INDIVIDUAL|FIJO|200056815|1|0|1.0|INDIVIDUAL|FIJO|200056815|1|0|1.0|INDIVIDUAL|FIJO|200056815|1|0|1.0
549,INDIVIDUAL|FIJO|200058539|1|0|1.0|INDIVIDUAL|FIJO|200058539|1|0|1.0|INDIVIDUAL|FIJO|200058539|1|0|1.0|INDIVIDUAL|FIJO|200058539|1|0|1.0|INDIVIDUAL|FIJO|200058539|1|0|1.0|INDIVIDUAL|FIJO|200058539|1|0|1.0|INDIVIDUAL|FIJO|200058539|1|0|1.0|INDIVIDUAL|FIJO|200058539|1|0|1.0|INDIVIDUAL|FIJO|200058539|1|0|1.0|INDIVIDUAL|FIJO|200058539|1|0|1.0|INDIVIDUAL|FIJO|200058539|1|0|1.0
550,INDIVIDUAL|FIJO|200039963|1|0|1.0|INDIVIDUAL|FIJO|200039963|1|0|1.0|INDIVIDUAL|FIJO|200039963|1|0|1.0|INDIVIDUAL|FIJO|200039963|1|0|1.0|INDIVIDUAL|FIJO|200039963|1|0|1.0|INDIVIDUAL|FIJO|200039963|1|0|1.0|INDIVIDUAL|FIJO|200039963|1|0|1.0|INDIVIDUAL|FIJO|200039963|1|0|1.0|INDIVIDUAL|FIJO|200039963|1|0|1.0|INDIVIDUAL|FIJO|200039963|1|0|1.0|INDIVIDUAL|FIJO|200039963|1|0|1.0
551,INDIVIDUAL|FIJO|200095771|1|0|1.0|INDIVIDUAL|FIJO|200095771|1|0|1.0|INDIVIDUAL|FIJO|200095771|1|0|1.0|INDIVIDUAL|FIJO|200095771|1|0|1.0|INDIVIDUAL|FIJO|200095771|1|0|1.0|INDIVIDUAL|FIJO|200095771|1|0|1.0|INDIVIDUAL|FIJO|200095771|1|0|1.0|INDIVIDUAL|FIJO|200095771|1|0|1.0
552,INDIVIDUAL|FIJO|200062878|1|0|1.0|INDIVIDUAL|FIJO|200062878|1|0|1.0|INDIVIDUAL|FIJO|200062878|1|0|1.0|INDIVIDUAL|FIJO|200062878|1|0|1.0|INDIVIDUAL|FIJO|200062878|1|0|1.0|INDIVIDUAL|FIJO|200062878|1|0|1.0|INDIVIDUAL|FIJO|200062878|1|0|1.0|INDIVIDUAL|FIJO|200062878|1|0|1.0|INDIVIDUAL|FIJO|200062878|1|0|1.0|INDIVIDUAL|FIJO|200062878|1|0|1.0|INDIVIDUAL|FIJO|200062878|1|0|1.0
553,INDIVIDUAL|FIJO|200062880|1|0|1.0|INDIVIDUAL|FIJO|200062880|1|0|1.0|INDIVIDUAL|FIJO|200062880|1|0|1.0|INDIVIDUAL|FIJO|200062880|1|0|1.0|INDIVIDUAL|FIJO|200062880|1|0|1.0|INDIVIDUAL|FIJO|200062880|1|0|1.0|INDIVIDUAL|FIJO|200062880|1|0|1.0|INDIVIDUAL|FIJO|200062880|1|0|1.0|INDIVIDUAL|FIJO|200062880|1|0|1.0|INDIVIDUAL|FIJO|200062880|1|0|1.0|INDIVIDUAL|FIJO|200062880|1|0|1.0
554,INDIVIDUAL|FIJO|200096703|1|0|1.0|INDIVIDUAL|FIJO|200096703|1|0|1.0|INDIVIDUAL|FIJO|200096703|1|0|1.0|INDIVIDUAL|FIJO|200096703|1|0|1.0|INDIVIDUAL|FIJO|200096703|1|0|1.0|INDIVIDUAL|FIJO|200096703|1|0|1.0|INDIVIDUAL|FIJO|200096703|1|0|1.0|INDIVIDUAL|FIJO|200096703|1|0|1.0
555,INDIVIDUAL|FIJO|200039966|1|0|1.0|INDIVIDUAL|FIJO|200039966|1|0|1.0|INDIVIDUAL|FIJO|200039966|1|0|1.0|INDIVIDUAL|FIJO|200039966|1|0|1.0|INDIVIDUAL|FIJO|200039966|1|0|1.0|INDIVIDUAL|FIJO|200039966|1|0|1.0|INDIVIDUAL|FIJO|200039966|1|0|1.0|INDIVIDUAL|FIJO|200039966|1|0|1.0|INDIVIDUAL|FIJO|200039966|1|0|1.0|INDIVIDUAL|FIJO|200039966|1|0|1.0|INDIVIDUAL|FIJO|200039966|1|0|1.0
556,INDIVIDUAL|FIJO|200056759|1|0|1.0|INDIVIDUAL|FIJO|200056759|1|0|1.0|INDIVIDUAL|FIJO|200056759|1|0|1.0|INDIVIDUAL|FIJO|200056759|1|0|1.0|INDIVIDUAL|FIJO|200056759|1|0|1.0|INDIVIDUAL|FIJO|200056759|1|0|1.0|INDIVIDUAL|FIJO|200056759|1|0|1.0|INDIVIDUAL|FIJO|200056759|1|0|1.0|INDIVIDUAL|FIJO|200056759|1|0|1.0|INDIVIDUAL|FIJO|200056759|1|0|1.0|INDIVIDUAL|FIJO|200056759|1|0|1.0
557,INDIVIDUAL|FIJO|210086712|1|0|1.0|INDIVIDUAL|FIJO|210086712|1|0|1.0|INDIVIDUAL|FIJO|210086712|1|0|1.0|INDIVIDUAL|FIJO|210086712|1|0|1.0|INDIVIDUAL|FIJO|210086712|1|0|1.0|INDIVIDUAL|FIJO|210086712|1|0|1.0|INDIVIDUAL|FIJO|210086712|1|0|1.0|INDIVIDUAL|FIJO|210086712|1|0|1.0|INDIVIDUAL|FIJO|210086712|1|0|1.0|INDIVIDUAL|FIJO|210086712|1|0|1.0
558,INDIVIDUAL|FIJO|200095517|1|0|1.0|INDIVIDUAL|FIJO|200095517|1|0|1.0|INDIVIDUAL|FIJO|200095517|1|0|1.0|INDIVIDUAL|FIJO|200095517|1|0|1.0|INDIVIDUAL|FIJO|200095517|1|0|1.0|INDIVIDUAL|FIJO|200095517|1|0|1.0|INDIVIDUAL|FIJO|200095517|1|0|1.0|INDIVIDUAL|FIJO|200095517|1|0|1.0|INDIVIDUAL|FIJO|200095517|1|0|1.0|INDIVIDUAL|FIJO|200095517|1|0|1.0|INDIVIDUAL|FIJO|200095517|1|0|1.0|INDIVIDUAL|FIJO|200095517|1|0|1.0
559,INDIVIDUAL|FIJO|210069985|1|0|1.0|INDIVIDUAL|FIJO|210069985|1|0|1.0|INDIVIDUAL|FIJO|210069985|1|0|1.0|INDIVIDUAL|FIJO|210069985|1|0|1.0|INDIVIDUAL|FIJO|210069985|1|0|1.0|INDIVIDUAL|FIJO|210069985|1|0|1.0|INDIVIDUAL|FIJO|210069985|1|0|1.0|INDIVIDUAL|FIJO|210069985|1|0|1.0|INDIVIDUAL|FIJO|210069985|1|0|1.0|INDIVIDUAL|FIJO|210069985|1|0|1.0
560,INDIVIDUAL|FIJO|200046331|1|0|1.0|INDIVIDUAL|FIJO|200046331|1|0|1.0|INDIVIDUAL|FIJO|200046331|1|0|1.0|INDIVIDUAL|FIJO|200046331|1|0|1.0|INDIVIDUAL|FIJO|200046331|1|0|1.0|INDIVIDUAL|FIJO|200046331|1|0|1.0|INDIVIDUAL|FIJO|200046331|1|0|1.0|INDIVIDUAL|FIJO|200046331|1|0|1.0|INDIVIDUAL|FIJO|200046331|1|0|1.0
561,INDIVIDUAL|FIJO|200043496|1|0|1.0|INDIVIDUAL|FIJO|200043496|1|0|1.0|INDIVIDUAL|FIJO|200043496|1|0|1.0|INDIVIDUAL|FIJO|200043496|1|0|1.0|INDIVIDUAL|FIJO|200043496|1|0|1.0|INDIVIDUAL|FIJO|200043496|1|0|1.0|INDIVIDUAL|FIJO|200043496|1|0|1.0|INDIVIDUAL|FIJO|200043496|1|0|1.0|INDIVIDUAL|FIJO|200043496|1|0|1.0|INDIVIDUAL|FIJO|200043496|1|0|1.0
562,INDIVIDUAL|FIJO|200046332|1|0|1.0|INDIVIDUAL|FIJO|200046332|1|0|1.0
563,INDIVIDUAL|FIJO|200098820|1|0|1.0|INDIVIDUAL|FIJO|200098820|1|0|1.0|INDIVIDUAL|FIJO|200098820|1|0|1.0|INDIVIDUAL|FIJO|200098820|1|0|1.0|INDIVIDUAL|FIJO|200098820|1|0|1.0|INDIVIDUAL|FIJO|200098820|1|0|1.0|INDIVIDUAL|FIJO|200098820|1|0|1.0|INDIVIDUAL|FIJO|200098820|1|0|1.0|INDIVIDUAL|FIJO|200098820|1|0|1.0|INDIVIDUAL|FIJO|200098820|1|0|1.0
564,INDIVIDUAL|FIJO|200046326|1|0|1.0|INDIVIDUAL|FIJO|200046326|1|0|1.0|INDIVIDUAL|FIJO|200046326|1|0|1.0|INDIVIDUAL|FIJO|200046326|1|0|1.0|INDIVIDUAL|FIJO|200046326|1|0|1.0|INDIVIDUAL|FIJO|200046326|1|0|1.0|INDIVIDUAL|FIJO|200046326|1|0|1.0|INDIVIDUAL|FIJO|200046326|1|0|1.0|INDIVIDUAL|FIJO|200046326|1|0|1.0
565,INDIVIDUAL|FIJO|200095625|1|0|1.0|INDIVIDUAL|FIJO|200095625|1|0|1.0|INDIVIDUAL|FIJO|200095625|1|0|1.0|INDIVIDUAL|FIJO|200095625|1|0|1.0|INDIVIDUAL|FIJO|200095625|1|0|1.0|INDIVIDUAL|FIJO|200095625|1|0|1.0|INDIVIDUAL|FIJO|200095625|1|0|1.0|INDIVIDUAL|FIJO|200095625|1|0|1.0|INDIVIDUAL|FIJO|200095625|1|0|1.0
566,INDIVIDUAL|FIJO|200043487|1|0|1.0|INDIVIDUAL|FIJO|200043487|1|0|1.0|INDIVIDUAL|FIJO|200043487|1|0|1.0|INDIVIDUAL|FIJO|200043487|1|0|1.0
567,INDIVIDUAL|FIJO|200098821|1|0|1.0|INDIVIDUAL|FIJO|200098821|1|0|1.0|INDIVIDUAL|FIJO|200098821|1|0|1.0|INDIVIDUAL|FIJO|200098821|1|0|1.0|INDIVIDUAL|FIJO|200098821|1|0|1.0|INDIVIDUAL|FIJO|200098821|1|0|1.0|INDIVIDUAL|FIJO|200098821|1|0|1.0|INDIVIDUAL|FIJO|200098821|1|0|1.0|INDIVIDUAL|FIJO|200098821|1|0|1.0|INDIVIDUAL|FIJO|200098821|1|0|1.0
568,INDIVIDUAL|FIJO|200043493|1|0|1.0|INDIVIDUAL|FIJO|200043493|1|0|1.0|INDIVIDUAL|FIJO|200043493|1|0|1.0|INDIVIDUAL|FIJO|200043493|1|0|1.0|INDIVIDUAL|FIJO|200043493|1|0|1.0|INDIVIDUAL|FIJO|200043493|1|0|1.0|INDIVIDUAL|FIJO|200043493|1|0|1.0|INDIVIDUAL|FIJO|200043493|1|0|1.0|INDIVIDUAL|FIJO|200043493|1|0|1.0
569,INDIVIDUAL|FIJO|200093863|1|0|1.0|INDIVIDUAL|FIJO|200093863|1|0|1.0|INDIVIDUAL|FIJO|200093863|1|0|1.0|INDIVIDUAL|FIJO|200093863|1|0|1.0|INDIVIDUAL|FIJO|200093863|1|0|1.0|INDIVIDUAL|FIJO|200093863|1|0|1.0|INDIVIDUAL|FIJO|200093863|1|0|1.0|INDIVIDUAL|FIJO|200093863|1|0|1.0|INDIVIDUAL|FIJO|200093863|1|0|1.0
570,INDIVIDUAL|FIJO|200060302|1|0|1.0|INDIVIDUAL|FIJO|200060302|1|0|1.0|INDIVIDUAL|FIJO|200060302|1|0|1.0|INDIVIDUAL|FIJO|200060302|1|0|1.0|INDIVIDUAL|FIJO|200060302|1|0|1.0
571,INDIVIDUAL|FIJO|200059112|1|0|1.0
572,INDIVIDUAL|FIJO|200056121|1|0|1.0|INDIVIDUAL|FIJO|200056121|1|0|1.0|INDIVIDUAL|FIJO|200056121|1|0|1.0|INDIVIDUAL|FIJO|200056121|1|0|1.0|INDIVIDUAL|FIJO|200056121|1|0|1.0
573,INDIVIDUAL|FIJO|200058353|1|0|1.0|INDIVIDUAL|FIJO|200058353|1|0|1.0|INDIVIDUAL|FIJO|200058353|1|0|1.0|INDIVIDUAL|FIJO|200058353|1|0|1.0|INDIVIDUAL|FIJO|200058353|1|0|1.0|INDIVIDUAL|FIJO|200058353|1|0|1.0|INDIVIDUAL|FIJO|200058353|1|0|1.0|INDIVIDUAL|FIJO|200058353|1|0|1.0|INDIVIDUAL|FIJO|200058353|1|0|1.0
574,INDIVIDUAL|FIJO|200051355|1|0|1.0|INDIVIDUAL|FIJO|200051355|1|0|1.0|INDIVIDUAL|FIJO|200051355|1|0|1.0|INDIVIDUAL|FIJO|200051355|1|0|1.0|INDIVIDUAL|FIJO|200051355|1|0|1.0|INDIVIDUAL|FIJO|200051355|1|0|1.0|INDIVIDUAL|FIJO|200051355|1|0|1.0
575,INDIVIDUAL|FIJO|200092176|1|0|1.0|INDIVIDUAL|FIJO|200092176|1|0|1.0|INDIVIDUAL|FIJO|200092176|1|0|1.0|INDIVIDUAL|FIJO|200092176|1|0|1.0|INDIVIDUAL|FIJO|200092176|1|0|1.0|INDIVIDUAL|FIJO|200092176|1|0|1.0|INDIVIDUAL|FIJO|200092176|1|0|1.0|INDIVIDUAL|FIJO|200092176|1|0|1.0|INDIVIDUAL|FIJO|200092176|1|0|1.0
576,INDIVIDUAL|FIJO|200075012|1|0|1.0|INDIVIDUAL|FIJO|200075012|1|0|1.0|INDIVIDUAL|FIJO|200075012|1|0|1.0|INDIVIDUAL|FIJO|200075012|1|0|1.0
577,INDIVIDUAL|FIJO|200092172|1|0|1.0|INDIVIDUAL|FIJO|200092172|1|0|1.0|INDIVIDUAL|FIJO|200092172|1|0|1.0|INDIVIDUAL|FIJO|200092172|1|0|1.0|INDIVIDUAL|FIJO|200092172|1|0|1.0|INDIVIDUAL|FIJO|200092172|1|0|1.0|INDIVIDUAL|FIJO|200092172|1|0|1.0|INDIVIDUAL|FIJO|200092172|1|0|1.0|INDIVIDUAL|FIJO|200092172|1|0|1.0
578,INDIVIDUAL|FIJO|200056639|1|0|1.0|INDIVIDUAL|FIJO|200056639|1|0|1.0|INDIVIDUAL|FIJO|200056639|1|0|1.0|INDIVIDUAL|FIJO|200056639|1|0|1.0|INDIVIDUAL|FIJO|200056639|1|0|1.0|INDIVIDUAL|FIJO|200056639|1|0|1.0|INDIVIDUAL|FIJO|200056639|1|0|1.0|INDIVIDUAL|FIJO|200056639|1|0|1.0|INDIVIDUAL|FIJO|200056639|1|0|1.0
579,INDIVIDUAL|FIJO|200067116|1|0|1.0|INDIVIDUAL|FIJO|200067116|1|0|1.0|INDIVIDUAL|FIJO|200067116|1|0|1.0|INDIVIDUAL|FIJO|200067116|1|0|1.0|INDIVIDUAL|FIJO|200067116|1|0|1.0|INDIVIDUAL|FIJO|200067116|1|0|1.0|INDIVIDUAL|FIJO|200067116|1|0|1.0|INDIVIDUAL|FIJO|200067116|1|0|1.0|INDIVIDUAL|FIJO|200067116|1|0|1.0
580,INDIVIDUAL|FIJO|200072538|1|0|1.0|INDIVIDUAL|FIJO|200072538|1|0|1.0|INDIVIDUAL|FIJO|200072538|1|0|1.0|INDIVIDUAL|FIJO|200072538|1|0|1.0|INDIVIDUAL|FIJO|200072538|1|0|1.0|INDIVIDUAL|FIJO|200072538|1|0|1.0|INDIVIDUAL|FIJO|200072538|1|0|1.0|INDIVIDUAL|FIJO|200072538|1|0|1.0|INDIVIDUAL|FIJO|200072538|1|0|1.0|INDIVIDUAL|FIJO|200072538|1|0|1.0
581,INDIVIDUAL|FIJO|200037125|1|0|1.0|INDIVIDUAL|FIJO|200037125|1|0|1.0|INDIVIDUAL|FIJO|200037125|1|0|1.0|INDIVIDUAL|FIJO|200037125|1|0|1.0|INDIVIDUAL|FIJO|200037125|1|0|1.0
582,INDIVIDUAL|FIJO|200037093|1|0|1.0|INDIVIDUAL|FIJO|200037093|1|0|1.0|INDIVIDUAL|FIJO|200037093|1|0|1.0|INDIVIDUAL|FIJO|200037093|1|0|1.0|INDIVIDUAL|FIJO|200037093|1|0|1.0
583,INDIVIDUAL|FIJO|200041010|1|0|1.0|INDIVIDUAL|FIJO|200041010|1|0|1.0|INDIVIDUAL|FIJO|200041010|1|0|1.0|INDIVIDUAL|FIJO|200041010|1|0|1.0|INDIVIDUAL|FIJO|200041010|1|0|1.0
584,INDIVIDUAL|FIJO|200037734|1|0|1.0|INDIVIDUAL|FIJO|200037734|1|0|1.0|INDIVIDUAL|FIJO|200037734|1|0|1.0|INDIVIDUAL|FIJO|200037734|1|0|1.0|INDIVIDUAL|FIJO|200037734|1|0|1.0
585,INDIVIDUAL|FIJO|200060588|1|0|1.0|INDIVIDUAL|FIJO|200060588|1|0|1.0|INDIVIDUAL|FIJO|200060588|1|0|1.0|INDIVIDUAL|FIJO|200060588|1|0|1.0|INDIVIDUAL|FIJO|200060588|1|0|1.0|INDIVIDUAL|FIJO|200060588|1|0|1.0
586,INDIVIDUAL|FIJO|200035113|1|0|1.0|INDIVIDUAL|FIJO|200035113|1|0|1.0|INDIVIDUAL|FIJO|200035113|1|0|1.0|INDIVIDUAL|FIJO|200035113|1|0|1.0|INDIVIDUAL|FIJO|200035113|1|0|1.0
587,INDIVIDUAL|FIJO|200035116|1|0|1.0|INDIVIDUAL|FIJO|200035116|1|0|1.0|INDIVIDUAL|FIJO|200035116|1|0|1.0|INDIVIDUAL|FIJO|200035116|1|0|1.0|INDIVIDUAL|FIJO|200035116|1|0|1.0|INDIVIDUAL|FIJO|200035116|1|0|1.0
588,INDIVIDUAL|FIJO|200058967|1|0|1.0|INDIVIDUAL|FIJO|200058967|1|0|1.0|INDIVIDUAL|FIJO|200058967|1|0|1.0|INDIVIDUAL|FIJO|200058967|1|0|1.0|INDIVIDUAL|FIJO|200058967|1|0|1.0
589,INDIVIDUAL|FIJO|200064292|1|0|1.0|INDIVIDUAL|FIJO|200064292|1|0|1.0|INDIVIDUAL|FIJO|200064292|1|0|1.0|INDIVIDUAL|FIJO|200064292|1|0|1.0|INDIVIDUAL|FIJO|200064292|1|0|1.0|INDIVIDUAL|FIJO|200064292|1|0|1.0|INDIVIDUAL|FIJO|200064292|1|0|1.0|INDIVIDUAL|FIJO|200064292|1|0|1.0|INDIVIDUAL|FIJO|200064292|1|0|1.0|INDIVIDUAL|FIJO|200064292|1|0|1.0|INDIVIDUAL|FIJO|200064292|1|0|1.0
590,INDIVIDUAL|FIJO|200064341|1|0|1.0|INDIVIDUAL|FIJO|200064341|1|0|1.0|INDIVIDUAL|FIJO|200064341|1|0|1.0|INDIVIDUAL|FIJO|200064341|1|0|1.0|INDIVIDUAL|FIJO|200064341|1|0|1.0|INDIVIDUAL|FIJO|200064341|1|0|1.0|INDIVIDUAL|FIJO|200064341|1|0|1.0|INDIVIDUAL|FIJO|200064341|1|0|1.0|INDIVIDUAL|FIJO|200064341|1|0|1.0|INDIVIDUAL|FIJO|200064341|1|0|1.0|INDIVIDUAL|FIJO|200064341|1|0|1.0|INDIVIDUAL|FIJO|200064341|1|0|1.0|INDIVIDUAL|FIJO|200064341|1|0|1.0
591,INDIVIDUAL|FIJO|200072913|1|0|1.0|INDIVIDUAL|FIJO|200072913|1|0|1.0|INDIVIDUAL|FIJO|200072913|1|0|1.0|INDIVIDUAL|FIJO|200072913|1|0|1.0|INDIVIDUAL|FIJO|200072913|1|0|1.0|INDIVIDUAL|FIJO|200072913|1|0|1.0|INDIVIDUAL|FIJO|200072913|1|0|1.0|INDIVIDUAL|FIJO|200072913|1|0|1.0|INDIVIDUAL|FIJO|200072913|1|0|1.0|INDIVIDUAL|FIJO|200072913|1|0|1.0|INDIVIDUAL|FIJO|200072913|1|0|1.0|INDIVIDUAL|FIJO|200072913|1|0|1.0|INDIVIDUAL|FIJO|200072913|1|0|1.0
592,INDIVIDUAL|FIJO|200064310|1|0|1.0|INDIVIDUAL|FIJO|200064310|1|0|1.0|INDIVIDUAL|FIJO|200064310|1|0|1.0|INDIVIDUAL|FIJO|200064310|1|0|1.0|INDIVIDUAL|FIJO|200064310|1|0|1.0|INDIVIDUAL|FIJO|200064310|1|0|1.0|INDIVIDUAL|FIJO|200064310|1|0|1.0|INDIVIDUAL|FIJO|200064310|1|0|1.0|INDIVIDUAL|FIJO|200064310|1|0|1.0|INDIVIDUAL|FIJO|200064310|1|0|1.0|INDIVIDUAL|FIJO|200064310|1|0|1.0|INDIVIDUAL|FIJO|200064310|1|0|1.0|INDIVIDUAL|FIJO|200064310|1|0|1.0
621,INDIVIDUAL|FIJO|P0292060005|1|0|1.0|INDIVIDUAL|FIJO|P0292060005|1|0|1.0|INDIVIDUAL|FIJO|P0292060005|1|0|1.0|INDIVIDUAL|FIJO|P0292060005|1|0|1.0|INDIVIDUAL|FIJO|P0292060005|1|0|1.0|INDIVIDUAL|FIJO|P0292060005|1|0|1.0|INDIVIDUAL|FIJO|P0292060005|1|0|1.0|INDIVIDUAL|FIJO|P0292060005|1|0|1.0|INDIVIDUAL|FIJO|P0292060005|1|0|1.0|INDIVIDUAL|FIJO|P0292060005|1|0|1.0
622,INDIVIDUAL|VARIABLE|P0210060001|1|0|1.0|INDIVIDUAL|VARIABLE|P0210060001|1|0|1.0|INDIVIDUAL|VARIABLE|P0210060001|1|0|1.0|INDIVIDUAL|VARIABLE|P0210060001|1|0|1.0|INDIVIDUAL|VARIABLE|P0210060001|1|0|1.0|INDIVIDUAL|VARIABLE|P0210060001|1|0|1.0|INDIVIDUAL|VARIABLE|P0210060001|1|0|1.0|INDIVIDUAL|VARIABLE|P0210060001|1|0|1.0|INDIVIDUAL|VARIABLE|P0210060001|1|0|1.0|INDIVIDUAL|VARIABLE|P0210060001|1|0|1.0|INDIVIDUAL|VARIABLE|P0210060001|1|0|1.0|INDIVIDUAL|VARIABLE|P0210060001|1|0|1.0|INDIVIDUAL|VARIABLE|P0210060001|1|0|1.0|INDIVIDUAL|VARIABLE|P0210060001|1|0|1.0|INDIVIDUAL|VARIABLE|P0210060001|1|0|1.0|INDIVIDUAL|VARIABLE|P0210060001|1|0|1.0|INDIVIDUAL|VARIABLE|P0210060001|1|0|1.0|INDIVIDUAL|VARIABLE|P0210060001|1|0|1.0|INDIVIDUAL|VARIABLE|P0210060001|1|0|1.0|INDIVIDUAL|VARIABLE|P0210060001|1|0|1.0|INDIVIDUAL|VARIABLE|P0210060001|1|0|1.0|INDIVIDUAL|VARIABLE|P0210060001|1|0|1.0|INDIVIDUAL|VARIABLE|P0210060001|1|0|1.0|INDIVIDUAL|VARIABLE|P0210060001|1|0|1.0|INDIVIDUAL|VARIABLE|P0210060001|1|0|1.0|INDIVIDUAL|VARIABLE|P0210060001|1|0|1.0|INDIVIDUAL|VARIABLE|P0210060001|1|0|1.0|INDIVIDUAL|VARIABLE|P0210060001|1|0|1.0|INDIVIDUAL|VARIABLE|P0210060001|1|0|1.0|INDIVIDUAL|VARIABLE|P0210060001|1|0|1.0|INDIVIDUAL|VARIABLE|P0210060001|1|0|1.0|INDIVIDUAL|VARIABLE|P0210060001|1|0|1.0|INDIVIDUAL|VARIABLE|P0210060001|1|0|1.0|INDIVIDUAL|VARIABLE|P0210060001|1|0|1.0|INDIVIDUAL|VARIABLE|P0210060001|1|0|1.0|INDIVIDUAL|VARIABLE|P0210060001|1|0|1.0|INDIVIDUAL|VARIABLE|P0210060001|1|0|1.0|INDIVIDUAL|VARIABLE|P0210060001|1|0|1.0|INDIVIDUAL|VARIABLE|P0210060001|1|0|1.0|INDIVIDUAL|VARIABLE|P0210060001|1|0|1.0|INDIVIDUAL|VARIABLE|P0210060001|1|0|1.0|INDIVIDUAL|VARIABLE|P0210060001|1|0|1.0|INDIVIDUAL|VARIABLE|P0210060001|1|0|1.0|INDIVIDUAL|VARIABLE|P0210060001|1|0|1.0|INDIVIDUAL|VARIABLE|P0210060001|1|0|1.0|INDIVIDUAL|VARIABLE|P0210060001|1|0|1.0|INDIVIDUAL|VARIABLE|P0210060001|1|0|1.0|INDIVIDUAL|VARIABLE|P0210060001|1|0|1.0|INDIVIDUAL|VARIABLE|P0210060001|1|0|1.0|INDIVIDUAL|VARIABLE|P0210060001|1|0|1.0|INDIVIDUAL|VARIABLE|P0210060001|1|0|1.0|INDIVIDUAL|VARIABLE|P0210060001|1|0|1.0|INDIVIDUAL|VARIABLE|P0210060001|1|0|1.0|INDIVIDUAL|VARIABLE|P0210060001|1|0|1.0|INDIVIDUAL|VARIABLE|P0210060001|1|0|1.0|INDIVIDUAL|VARIABLE|P0210060001|1|0|1.0|INDIVIDUAL|VARIABLE|P0210060001|1|0|1.0|INDIVIDUAL|VARIABLE|P0210060001|1|0|1.0|INDIVIDUAL|VARIABLE|P0210060001|1|0|1.0|INDIVIDUAL|VARIABLE|P0210060001|1|0|1.0|INDIVIDUAL|VARIABLE|P0210060001|1|0|1.0|INDIVIDUAL|VARIABLE|P0210060001|1|0|1.0|INDIVIDUAL|VARIABLE|P0210060001|1|0|1.0|INDIVIDUAL|VARIABLE|P0210060001|1|0|1.0|INDIVIDUAL|VARIABLE|P0210060001|1|0|1.0|INDIVIDUAL|VARIABLE|P0210060001|1|0|1.0|INDIVIDUAL|VARIABLE|P0210060001|1|0|1.0|INDIVIDUAL|VARIABLE|P0210060001|1|0|1.0|INDIVIDUAL|VARIABLE|P0210060001|1|0|1.0|INDIVIDUAL|VARIABLE|P0210060001|1|0|1.0|INDIVIDUAL|VARIABLE|P0210060001|1|0|1.0|INDIVIDUAL|VARIABLE|P0210060001|1|0|1.0|INDIVIDUAL|VARIABLE|P0210060001|1|0|1.0|INDIVIDUAL|VARIABLE|P0210060001|1|0|1.0|INDIVIDUAL|VARIABLE|P0210060001|1|0|1.0|INDIVIDUAL|VARIABLE|P0210060001|1|0|1.0|INDIVIDUAL|VARIABLE|P0210060001|1|0|1.0|INDIVIDUAL|VARIABLE|P0210060001|1|0|1.0|INDIVIDUAL|VARIABLE|P0210060001|1|0|1.0|INDIVIDUAL|VARIABLE|P0210060001|1|0|1.0|INDIVIDUAL|VARIABLE|P0210060001|1|0|1.0|INDIVIDUAL|VARIABLE|P0210060001|1|0|1.0|INDIVIDUAL|VARIABLE|P0210060001|1|0|1.0|INDIVIDUAL|VARIABLE|P0210060001|1|0|1.0|INDIVIDUAL|VARIABLE|P0210060001|1|0|1.0|INDIVIDUAL|VARIABLE|P0210060001|1|0|1.0|INDIVIDUAL|VARIABLE|P0210060001|1|0|1.0|INDIVIDUAL|VARIABLE|P0210060001|1|0|1.0|INDIVIDUAL|VARIABLE|P0210060001|1|0|1.0|INDIVIDUAL|VARIABLE|P0210060001|1|0|1.0
623,INDIVIDUAL|VARIABLE|P0067054008|1|0|1.0|INDIVIDUAL|VARIABLE|P0067054008|1|0|1.0|INDIVIDUAL|VARIABLE|P0067054008|1|0|1.0|INDIVIDUAL|VARIABLE|P0067054008|1|0|1.0|INDIVIDUAL|VARIABLE|P0067054008|1|0|1.0|INDIVIDUAL|VARIABLE|P0067054008|1|0|1.0|INDIVIDUAL|VARIABLE|P0067054008|1|0|1.0|INDIVIDUAL|VARIABLE|P0067054008|1|0|1.0|INDIVIDUAL|VARIABLE|P0067054008|1|0|1.0|INDIVIDUAL|VARIABLE|P0067054008|1|0|1.0|INDIVIDUAL|VARIABLE|P0067054008|1|0|1.0|INDIVIDUAL|VARIABLE|P0067054008|1|0|1.0|INDIVIDUAL|VARIABLE|P0067054008|1|0|1.0|INDIVIDUAL|VARIABLE|P0067054008|1|0|1.0|INDIVIDUAL|VARIABLE|P0067054008|1|0|1.0|INDIVIDUAL|VARIABLE|P0067054008|1|0|1.0|INDIVIDUAL|VARIABLE|P0067054008|1|0|1.0|INDIVIDUAL|VARIABLE|P0067054008|1|0|1.0|INDIVIDUAL|VARIABLE|P0067054008|1|0|1.0|INDIVIDUAL|VARIABLE|P0067054008|1|0|1.0|INDIVIDUAL|VARIABLE|P0067054008|1|0|1.0|INDIVIDUAL|VARIABLE|P0067054008|1|0|1.0|INDIVIDUAL|VARIABLE|P0067054008|1|0|1.0|INDIVIDUAL|VARIABLE|P0067054008|1|0|1.0|INDIVIDUAL|VARIABLE|P0067054008|1|0|1.0|INDIVIDUAL|VARIABLE|P0067054008|1|0|1.0|INDIVIDUAL|VARIABLE|P0067054008|1|0|1.0|INDIVIDUAL|VARIABLE|P0067054008|1|0|1.0|INDIVIDUAL|VARIABLE|P0067054008|1|0|1.0|INDIVIDUAL|VARIABLE|P0067054008|1|0|1.0|INDIVIDUAL|VARIABLE|P0067054008|1|0|1.0|INDIVIDUAL|VARIABLE|P0067054008|1|0|1.0|INDIVIDUAL|VARIABLE|P0067054008|1|0|1.0|INDIVIDUAL|VARIABLE|P0067054008|1|0|1.0|INDIVIDUAL|VARIABLE|P0067054008|1|0|1.0|INDIVIDUAL|VARIABLE|P0067054008|1|0|1.0|INDIVIDUAL|VARIABLE|P0067054008|1|0|1.0|INDIVIDUAL|VARIABLE|P0067054008|1|0|1.0|INDIVIDUAL|VARIABLE|P0067054008|1|0|1.0|INDIVIDUAL|VARIABLE|P0067054008|1|0|1.0|INDIVIDUAL|VARIABLE|P0067054008|1|0|1.0|INDIVIDUAL|VARIABLE|P0067054008|1|0|1.0|INDIVIDUAL|VARIABLE|P0067054008|1|0|1.0
624,INDIVIDUAL|VARIABLE|P0210065001|1|0|1.0|INDIVIDUAL|VARIABLE|P0210065001|1|0|1.0|INDIVIDUAL|VARIABLE|P0210065001|1|0|1.0|INDIVIDUAL|VARIABLE|P0210065001|1|0|1.0|INDIVIDUAL|VARIABLE|P0210065001|1|0|1.0|INDIVIDUAL|VARIABLE|P0210065001|1|0|1.0|INDIVIDUAL|VARIABLE|P0210065001|1|0|1.0|INDIVIDUAL|VARIABLE|P0210065001|1|0|1.0|INDIVIDUAL|VARIABLE|P0210065001|1|0|1.0|INDIVIDUAL|VARIABLE|P0210065001|1|0|1.0|INDIVIDUAL|VARIABLE|P0210065001|1|0|1.0|INDIVIDUAL|VARIABLE|P0210065001|1|0|1.0|INDIVIDUAL|VARIABLE|P0210065001|1|0|1.0|INDIVIDUAL|VARIABLE|P0210065001|1|0|1.0|INDIVIDUAL|VARIABLE|P0210065001|1|0|1.0|INDIVIDUAL|VARIABLE|P0210065001|1|0|1.0|INDIVIDUAL|VARIABLE|P0210065001|1|0|1.0|INDIVIDUAL|VARIABLE|P0210065001|1|0|1.0|INDIVIDUAL|VARIABLE|P0210065001|1|0|1.0|INDIVIDUAL|VARIABLE|P0210065001|1|0|1.0
625,INDIVIDUAL|VARIABLE|P0210060001|1|0|1.0|INDIVIDUAL|VARIABLE|P0210060001|1|0|1.0|INDIVIDUAL|VARIABLE|P0210060001|1|0|1.0|INDIVIDUAL|VARIABLE|P0210060001|1|0|1.0|INDIVIDUAL|VARIABLE|P0210060001|1|0|1.0|INDIVIDUAL|VARIABLE|P0210060001|1|0|1.0|INDIVIDUAL|VARIABLE|P0210060001|1|0|1.0|INDIVIDUAL|VARIABLE|P0210060001|1|0|1.0|INDIVIDUAL|VARIABLE|P0210060001|1|0|1.0|INDIVIDUAL|VARIABLE|P0210060001|1|0|1.0|INDIVIDUAL|VARIABLE|P0210060001|1|0|1.0|INDIVIDUAL|VARIABLE|P0210060001|1|0|1.0|INDIVIDUAL|VARIABLE|P0210060001|1|0|1.0|INDIVIDUAL|VARIABLE|P0210060001|1|0|1.0|INDIVIDUAL|VARIABLE|P0210060001|1|0|1.0|INDIVIDUAL|VARIABLE|P0210060001|1|0|1.0|INDIVIDUAL|VARIABLE|P0210060001|1|0|1.0|INDIVIDUAL|VARIABLE|P0210060001|1|0|1.0|INDIVIDUAL|VARIABLE|P0210060001|1|0|1.0|INDIVIDUAL|VARIABLE|P0210060001|1|0|1.0
626,INDIVIDUAL|VARIABLE|P0210065001|1|0|1.0|INDIVIDUAL|VARIABLE|P0210065001|1|0|1.0|INDIVIDUAL|VARIABLE|P0210065001|1|0|1.0|INDIVIDUAL|VARIABLE|P0210065001|1|0|1.0|INDIVIDUAL|VARIABLE|P0210065001|1|0|1.0|INDIVIDUAL|VARIABLE|P0210065001|1|0|1.0|INDIVIDUAL|VARIABLE|P0210065001|1|0|1.0|INDIVIDUAL|VARIABLE|P0210065001|1|0|1.0|INDIVIDUAL|VARIABLE|P0210065001|1|0|1.0|INDIVIDUAL|VARIABLE|P0210065001|1|0|1.0|INDIVIDUAL|VARIABLE|P0210065001|1|0|1.0|INDIVIDUAL|VARIABLE|P0210065001|1|0|1.0|INDIVIDUAL|VARIABLE|P0210065001|1|0|1.0|INDIVIDUAL|VARIABLE|P0210065001|1|0|1.0|INDIVIDUAL|VARIABLE|P0210065001|1|0|1.0|INDIVIDUAL|VARIABLE|P0210065001|1|0|1.0|INDIVIDUAL|VARIABLE|P0210065001|1|0|1.0|INDIVIDUAL|VARIABLE|P0210065001|1|0|1.0|INDIVIDUAL|VARIABLE|P0210065001|1|0|1.0|INDIVIDUAL|VARIABLE|P0210065001|1|0|1.0|INDIVIDUAL|VARIABLE|P0210065001|1|0|1.0|INDIVIDUAL|VARIABLE|P0210065001|1|0|1.0|INDIVIDUAL|VARIABLE|P0210065001|1|0|1.0|INDIVIDUAL|VARIABLE|P0210065001|1|0|1.0|INDIVIDUAL|VARIABLE|P0210065001|1|0|1.0|INDIVIDUAL|VARIABLE|P0210065001|1|0|1.0|INDIVIDUAL|VARIABLE|P0210065001|1|0|1.0|INDIVIDUAL|VARIABLE|P0210065001|1|0|1.0|INDIVIDUAL|VARIABLE|P0210065001|1|0|1.0|INDIVIDUAL|VARIABLE|P0210065001|1|0|1.0|INDIVIDUAL|VARIABLE|P0210065001|1|0|1.0|INDIVIDUAL|VARIABLE|P0210065001|1|0|1.0|INDIVIDUAL|VARIABLE|P0210065001|1|0|1.0|INDIVIDUAL|VARIABLE|P0210065001|1|0|1.0|INDIVIDUAL|VARIABLE|P0210065001|1|0|1.0|INDIVIDUAL|VARIABLE|P0210065001|1|0|1.0|INDIVIDUAL|VARIABLE|P0210065001|1|0|1.0|INDIVIDUAL|VARIABLE|P0210065001|1|0|1.0|INDIVIDUAL|VARIABLE|P0210065001|1|0|1.0|INDIVIDUAL|VARIABLE|P0210065001|1|0|1.0|INDIVIDUAL|VARIABLE|P0210065001|1|0|1.0|INDIVIDUAL|VARIABLE|P0210065001|1|0|1.0|INDIVIDUAL|VARIABLE|P0210065001|1|0|1.0|INDIVIDUAL|VARIABLE|P0210065001|1|0|1.0|INDIVIDUAL|VARIABLE|P0210065001|1|0|1.0|INDIVIDUAL|VARIABLE|P0210065001|1|0|1.0|INDIVIDUAL|VARIABLE|P0210065001|1|0|1.0|INDIVIDUAL|VARIABLE|P0210065001|1|0|1.0|INDIVIDUAL|VARIABLE|P0210065001|1|0|1.0|INDIVIDUAL|VARIABLE|P0210065001|1|0|1.0|INDIVIDUAL|VARIABLE|P0210065001|1|0|1.0|INDIVIDUAL|VARIABLE|P0210065001|1|0|1.0|INDIVIDUAL|VARIABLE|P0210065001|1|0|1.0|INDIVIDUAL|VARIABLE|P0210065001|1|0|1.0|INDIVIDUAL|VARIABLE|P0210065001|1|0|1.0|INDIVIDUAL|VARIABLE|P0210065001|1|0|1.0|INDIVIDUAL|VARIABLE|P0210065001|1|0|1.0|INDIVIDUAL|VARIABLE|P0210065001|1|0|1.0|INDIVIDUAL|VARIABLE|P0210065001|1|0|1.0|INDIVIDUAL|VARIABLE|P0210065001|1|0|1.0|INDIVIDUAL|VARIABLE|P0210065001|1|0|1.0|INDIVIDUAL|VARIABLE|P0210065001|1|0|1.0|INDIVIDUAL|VARIABLE|P0210065001|1|0|1.0|INDIVIDUAL|VARIABLE|P0210065001|1|0|1.0|INDIVIDUAL|VARIABLE|P0210065001|1|0|1.0|INDIVIDUAL|VARIABLE|P0210065001|1|0|1.0|INDIVIDUAL|VARIABLE|P0210065001|1|0|1.0|INDIVIDUAL|VARIABLE|P0210065001|1|0|1.0|INDIVIDUAL|VARIABLE|P0210065001|1|0|1.0|INDIVIDUAL|VARIABLE|P0210065001|1|0|1.0|INDIVIDUAL|VARIABLE|P0210065001|1|0|1.0|INDIVIDUAL|VARIABLE|P0210065001|1|0|1.0|INDIVIDUAL|VARIABLE|P0210065001|1|0|1.0|INDIVIDUAL|VARIABLE|P0210065001|1|0|1.0|INDIVIDUAL|VARIABLE|P0210065001|1|0|1.0|INDIVIDUAL|VARIABLE|P0210065001|1|0|1.0|INDIVIDUAL|VARIABLE|P0210065001|1|0|1.0
627,INDIVIDUAL|VARIABLE|P0292133004|1|0|1.0|INDIVIDUAL|VARIABLE|P0292133004|1|0|1.0|INDIVIDUAL|VARIABLE|P0292133004|1|0|1.0|INDIVIDUAL|VARIABLE|P0292133004|1|0|1.0|INDIVIDUAL|VARIABLE|P0292133004|1|0|1.0|INDIVIDUAL|VARIABLE|P0292133004|1|0|1.0|INDIVIDUAL|VARIABLE|P0292133004|1|0|1.0|INDIVIDUAL|VARIABLE|P0292133004|1|0|1.0|INDIVIDUAL|VARIABLE|P0292133004|1|0|1.0|INDIVIDUAL|VARIABLE|P0292133004|1|0|1.0|INDIVIDUAL|VARIABLE|P0292133004|1|0|1.0|INDIVIDUAL|VARIABLE|P0292133004|1|0|1.0|INDIVIDUAL|VARIABLE|P0292133004|1|0|1.0|INDIVIDUAL|VARIABLE|P0292133004|1|0|1.0|INDIVIDUAL|VARIABLE|P0292133004|1|0|1.0|INDIVIDUAL|VARIABLE|P0292133004|1|0|1.0|INDIVIDUAL|VARIABLE|P0292133004|1|0|1.0|INDIVIDUAL|VARIABLE|P0292133004|1|0|1.0|INDIVIDUAL|VARIABLE|P0292133004|1|0|1.0|INDIVIDUAL|VARIABLE|P0292133004|1|0|1.0|INDIVIDUAL|VARIABLE|P0292133004|1|0|1.0|INDIVIDUAL|VARIABLE|P0292133004|1|0|1.0|INDIVIDUAL|VARIABLE|P0292133004|1|0|1.0|INDIVIDUAL|VARIABLE|P0292133004|1|0|1.0|INDIVIDUAL|VARIABLE|P0292133004|1|0|1.0|INDIVIDUAL|VARIABLE|P0292133004|1|0|1.0|INDIVIDUAL|VARIABLE|P0292133004|1|0|1.0|INDIVIDUAL|VARIABLE|P0292133004|1|0|1.0|INDIVIDUAL|VARIABLE|P0292133004|1|0|1.0|INDIVIDUAL|VARIABLE|P0292133004|1|0|1.0|INDIVIDUAL|VARIABLE|P0292133004|1|0|1.0|INDIVIDUAL|VARIABLE|P0292133004|1|0|1.0|INDIVIDUAL|VARIABLE|P0292133004|1|0|1.0|INDIVIDUAL|VARIABLE|P0292133004|1|0|1.0|INDIVIDUAL|VARIABLE|P0292133004|1|0|1.0|INDIVIDUAL|VARIABLE|P0292133004|1|0|1.0|INDIVIDUAL|VARIABLE|P0292133004|1|0|1.0|INDIVIDUAL|VARIABLE|P0292133004|1|0|1.0|INDIVIDUAL|VARIABLE|P0292133004|1|0|1.0|INDIVIDUAL|VARIABLE|P0292133004|1|0|1.0|INDIVIDUAL|VARIABLE|P0292133004|1|0|1.0|INDIVIDUAL|VARIABLE|P0292133004|1|0|1.0|INDIVIDUAL|VARIABLE|P0292133004|1|0|1.0|INDIVIDUAL|VARIABLE|P0292133004|1|0|1.0|INDIVIDUAL|VARIABLE|P0292133004|1|0|1.0|INDIVIDUAL|VARIABLE|P0292133004|1|0|1.0|INDIVIDUAL|VARIABLE|P0292133004|1|0|1.0|INDIVIDUAL|VARIABLE|P0292133004|1|0|1.0|INDIVIDUAL|VARIABLE|P0292133004|1|0|1.0|INDIVIDUAL|VARIABLE|P0292133004|1|0|1.0|INDIVIDUAL|VARIABLE|P0292133004|1|0|1.0|INDIVIDUAL|VARIABLE|P0292133004|1|0|1.0|INDIVIDUAL|VARIABLE|P0292133004|1|0|1.0|INDIVIDUAL|VARIABLE|P0292133004|1|0|1.0|INDIVIDUAL|VARIABLE|P0292133004|1|0|1.0|INDIVIDUAL|VARIABLE|P0292133004|1|0|1.0|INDIVIDUAL|VARIABLE|P0292133004|1|0|1.0|INDIVIDUAL|VARIABLE|P0292133004|1|0|1.0|INDIVIDUAL|VARIABLE|P0292133004|1|0|1.0|INDIVIDUAL|VARIABLE|P0292133004|1|0|1.0|INDIVIDUAL|VARIABLE|P0292133004|1|0|1.0|INDIVIDUAL|VARIABLE|P0292133004|1|0|1.0|INDIVIDUAL|VARIABLE|P0292133004|1|0|1.0|INDIVIDUAL|VARIABLE|P0292133004|1|0|1.0|INDIVIDUAL|VARIABLE|P0292133004|1|0|1.0|INDIVIDUAL|VARIABLE|P0292133004|1|0|1.0|INDIVIDUAL|VARIABLE|P0292133004|1|0|1.0|INDIVIDUAL|VARIABLE|P0292133004|1|0|1.0|INDIVIDUAL|VARIABLE|P0292133004|1|0|1.0|INDIVIDUAL|VARIABLE|P0292133004|1|0|1.0|INDIVIDUAL|VARIABLE|P0292133004|1|0|1.0|INDIVIDUAL|VARIABLE|P0292133004|1|0|1.0|INDIVIDUAL|VARIABLE|P0292133004|1|0|1.0|INDIVIDUAL|VARIABLE|P0292133004|1|0|1.0|INDIVIDUAL|VARIABLE|P0292133004|1|0|1.0|INDIVIDUAL|VARIABLE|P0292133004|1|0|1.0|INDIVIDUAL|VARIABLE|P0292133004|1|0|1.0|INDIVIDUAL|VARIABLE|P0292133004|1|0|1.0|INDIVIDUAL|VARIABLE|P0292133004|1|0|1.0|INDIVIDUAL|VARIABLE|P0292133004|1|0|1.0|INDIVIDUAL|VARIABLE|P0292133004|1|0|1.0|INDIVIDUAL|VARIABLE|P0292133004|1|0|1.0|INDIVIDUAL|VARIABLE|P0292133004|1|0|1.0|INDIVIDUAL|VARIABLE|P0292133004|1|0|1.0|INDIVIDUAL|VARIABLE|P0292133004|1|0|1.0|INDIVIDUAL|VARIABLE|P0292133004|1|0|1.0|INDIVIDUAL|VARIABLE|P0292133004|1|0|1.0|INDIVIDUAL|VARIABLE|P0292133004|1|0|1.0|INDIVIDUAL|VARIABLE|P0292133004|1|0|1.0|INDIVIDUAL|VARIABLE|P0292133004|1|0|1.0|INDIVIDUAL|VARIABLE|P0292133004|1|0|1.0|INDIVIDUAL|VARIABLE|P0292133004|1|0|1.0|INDIVIDUAL|VARIABLE|P0292133004|1|0|1.0|INDIVIDUAL|VARIABLE|P0292133004|1|0|1.0|INDIVIDUAL|VARIABLE|P0292133004|1|0|1.0|INDIVIDUAL|VARIABLE|P0292133004|1|0|1.0|INDIVIDUAL|VARIABLE|P0292133004|1|0|1.0|INDIVIDUAL|VARIABLE|P0292133004|1|0|1.0|INDIVIDUAL|VARIABLE|P0292133004|1|0|1.0|INDIVIDUAL|VARIABLE|P0292133004|1|0|1.0|INDIVIDUAL|VARIABLE|P0292133004|1|0|1.0|INDIVIDUAL|VARIABLE|P0292133004|1|0|1.0|INDIVIDUAL|VARIABLE|P0292133004|1|0|1.0|INDIVIDUAL|VARIABLE|P0292133004|1|0|1.0|INDIVIDUAL|VARIABLE|P0292133004|1|0|1.0|INDIVIDUAL|VARIABLE|P0292133004|1|0|1.0|INDIVIDUAL|VARIABLE|P0292133004|1|0|1.0|INDIVIDUAL|VARIABLE|P0292133004|1|0|1.0|INDIVIDUAL|VARIABLE|P0292133004|1|0|1.0|INDIVIDUAL|VARIABLE|P0292133004|1|0|1.0|INDIVIDUAL|VARIABLE|P0292133004|1|0|1.0|INDIVIDUAL|VARIABLE|P0292133004|1|0|1.0|INDIVIDUAL|VARIABLE|P0292133004|1|0|1.0|INDIVIDUAL|VARIABLE|P0292133004|1|0|1.0|INDIVIDUAL|VARIABLE|P0292133004|1|0|1.0|INDIVIDUAL|VARIABLE|P0292133004|1|0|1.0|INDIVIDUAL|VARIABLE|P0292133004|1|0|1.0|INDIVIDUAL|VARIABLE|P0292133004|1|0|1.0|INDIVIDUAL|VARIABLE|P0292133004|1|0|1.0|INDIVIDUAL|VARIABLE|P0292133004|1|0|1.0|INDIVIDUAL|VARIABLE|P0292133004|1|0|1.0|INDIVIDUAL|VARIABLE|P0292133004|1|0|1.0|INDIVIDUAL|VARIABLE|P0292133004|1|0|1.0|INDIVIDUAL|VARIABLE|P0292133004|1|0|1.0|INDIVIDUAL|VARIABLE|P0292133004|1|0|1.0|INDIVIDUAL|VARIABLE|P0292133004|1|0|1.0|INDIVIDUAL|VARIABLE|P0292133004|1|0|1.0|INDIVIDUAL|VARIABLE|P0292133004|1|0|1.0|INDIVIDUAL|VARIABLE|P0292133004|1|0|1.0|INDIVIDUAL|VARIABLE|P0292133004|1|0|1.0|INDIVIDUAL|VARIABLE|P0292133004|1|0|1.0|INDIVIDUAL|VARIABLE|P0292133004|1|0|1.0|INDIVIDUAL|VARIABLE|P0292133004|1|0|1.0|INDIVIDUAL|VARIABLE|P0292133004|1|0|1.0|INDIVIDUAL|VARIABLE|P0292133004|1|0|1.0|INDIVIDUAL|VARIABLE|P0292133004|1|0|1.0|INDIVIDUAL|VARIABLE|P0292133004|1|0|1.0|INDIVIDUAL|VARIABLE|P0292133004|1|0|1.0|INDIVIDUAL|VARIABLE|P0292133004|1|0|1.0|INDIVIDUAL|VARIABLE|P0292133004|1|0|1.0|INDIVIDUAL|VARIABLE|P0292133004|1|0|1.0|INDIVIDUAL|VARIABLE|P0292133004|1|0|1.0|INDIVIDUAL|VARIABLE|P0292133004|1|0|1.0|INDIVIDUAL|VARIABLE|P0292133004|1|0|1.0|INDIVIDUAL|VARIABLE|P0292133004|1|0|1.0|INDIVIDUAL|VARIABLE|P0292133004|1|0|1.0|INDIVIDUAL|VARIABLE|P0292133004|1|0|1.0|INDIVIDUAL|VARIABLE|P0292133004|1|0|1.0|INDIVIDUAL|VARIABLE|P0292133004|1|0|1.0|INDIVIDUAL|VARIABLE|P0292133004|1|0|1.0|INDIVIDUAL|VARIABLE|P0292133004|1|0|1.0|INDIVIDUAL|VARIABLE|P0292133004|1|0|1.0|INDIVIDUAL|VARIABLE|P0292133004|1|0|1.0|INDIVIDUAL|VARIABLE|P0292133004|1|0|1.0|INDIVIDUAL|VARIABLE|P0292133004|1|0|1.0|INDIVIDUAL|VARIABLE|P0292133004|1|0|1.0|INDIVIDUAL|VARIABLE|P0292133004|1|0|1.0|INDIVIDUAL|VARIABLE|P0292133004|1|0|1.0|INDIVIDUAL|VARIABLE|P0292133004|1|0|1.0|INDIVIDUAL|VARIABLE|P0292133004|1|0|1.0|INDIVIDUAL|VARIABLE|P0292133004|1|0|1.0|INDIVIDUAL|VARIABLE|P0292133004|1|0|1.0|INDIVIDUAL|VARIABLE|P0292133004|1|0|1.0|INDIVIDUAL|VARIABLE|P0292133004|1|0|1.0|INDIVIDUAL|VARIABLE|P0292133004|1|0|1.0|INDIVIDUAL|VARIABLE|P0292133004|1|0|1.0|INDIVIDUAL|VARIABLE|P0292133004|1|0|1.0|INDIVIDUAL|VARIABLE|P0292133004|1|0|1.0|INDIVIDUAL|VARIABLE|P0292133004|1|0|1.0|INDIVIDUAL|VARIABLE|P0292133004|1|0|1.0|INDIVIDUAL|VARIABLE|P0292133004|1|0|1.0|INDIVIDUAL|VARIABLE|P0292133004|1|0|1.0|INDIVIDUAL|VARIABLE|P0292133004|1|0|1.0|INDIVIDUAL|VARIABLE|P0292133004|1|0|1.0|INDIVIDUAL|VARIABLE|P0292133004|1|0|1.0|INDIVIDUAL|VARIABLE|P0292133004|1|0|1.0|INDIVIDUAL|VARIABLE|P0292133004|1|0|1.0|INDIVIDUAL|VARIABLE|P0292133004|1|0|1.0|INDIVIDUAL|VARIABLE|P0292133004|1|0|1.0|INDIVIDUAL|VARIABLE|P0292133004|1|0|1.0|INDIVIDUAL|VARIABLE|P0292133004|1|0|1.0|INDIVIDUAL|VARIABLE|P0292133004|1|0|1.0|INDIVIDUAL|VARIABLE|P0292133004|1|0|1.0|INDIVIDUAL|VARIABLE|P0292133004|1|0|1.0|INDIVIDUAL|VARIABLE|P0292133004|1|0|1.0|INDIVIDUAL|VARIABLE|P0292133004|1|0|1.0|INDIVIDUAL|VARIABLE|P0292133004|1|0|1.0|INDIVIDUAL|VARIABLE|P0292133004|1|0|1.0|INDIVIDUAL|VARIABLE|P0292133004|1|0|1.0|INDIVIDUAL|VARIABLE|P0292133004|1|0|1.0|INDIVIDUAL|VARIABLE|P0292133004|1|0|1.0|INDIVIDUAL|VARIABLE|P0292133004|1|0|1.0|INDIVIDUAL|VARIABLE|P0292133004|1|0|1.0|INDIVIDUAL|VARIABLE|P0292133004|1|0|1.0|INDIVIDUAL|VARIABLE|P0292133004|1|0|1.0|INDIVIDUAL|VARIABLE|P0292133004|1|0|1.0|INDIVIDUAL|VARIABLE|P0292133004|1|0|1.0|INDIVIDUAL|VARIABLE|P0292133004|1|0|1.0|INDIVIDUAL|VARIABLE|P0292133004|1|0|1.0|INDIVIDUAL|VARIABLE|P0292133004|1|0|1.0|INDIVIDUAL|VARIABLE|P0292133004|1|0|1.0|INDIVIDUAL|VARIABLE|P0292133004|1|0|1.0
628,INDIVIDUAL|VARIABLE|P0067057006|1|0|1.0|INDIVIDUAL|VARIABLE|P0067057006|1|0|1.0|INDIVIDUAL|VARIABLE|P0067057006|1|0|1.0|INDIVIDUAL|VARIABLE|P0067057006|1|0|1.0|INDIVIDUAL|VARIABLE|P0067057006|1|0|1.0|INDIVIDUAL|VARIABLE|P0067057006|1|0|1.0|INDIVIDUAL|VARIABLE|P0067057006|1|0|1.0|INDIVIDUAL|VARIABLE|P0067057006|1|0|1.0|INDIVIDUAL|VARIABLE|P0067057006|1|0|1.0|INDIVIDUAL|VARIABLE|P0067057006|1|0|1.0|INDIVIDUAL|VARIABLE|P0067057006|1|0|1.0|INDIVIDUAL|VARIABLE|P0067057006|1|0|1.0|INDIVIDUAL|VARIABLE|P0067057006|1|0|1.0|INDIVIDUAL|VARIABLE|P0067057006|1|0|1.0|INDIVIDUAL|VARIABLE|P0067057006|1|0|1.0|INDIVIDUAL|VARIABLE|P0067057006|1|0|1.0|INDIVIDUAL|VARIABLE|P0067057006|1|0|1.0|INDIVIDUAL|VARIABLE|P0067057006|1|0|1.0|INDIVIDUAL|VARIABLE|P0067057006|1|0|1.0|INDIVIDUAL|VARIABLE|P0067057006|1|0|1.0|INDIVIDUAL|VARIABLE|P0067057006|1|0|1.0|INDIVIDUAL|VARIABLE|P0067057006|1|0|1.0|INDIVIDUAL|VARIABLE|P0067057006|1|0|1.0|INDIVIDUAL|VARIABLE|P0067057006|1|0|1.0|INDIVIDUAL|VARIABLE|P0067057006|1|0|1.0|INDIVIDUAL|VARIABLE|P0067057006|1|0|1.0|INDIVIDUAL|VARIABLE|P0067057006|1|0|1.0|INDIVIDUAL|VARIABLE|P0067057006|1|0|1.0|INDIVIDUAL|VARIABLE|P0067057006|1|0|1.0|INDIVIDUAL|VARIABLE|P0067057006|1|0|1.0|INDIVIDUAL|VARIABLE|P0067057006|1|0|1.0|INDIVIDUAL|VARIABLE|P0067057006|1|0|1.0|INDIVIDUAL|VARIABLE|P0067057006|1|0|1.0|INDIVIDUAL|VARIABLE|P0067057006|1|0|1.0|INDIVIDUAL|VARIABLE|P0067057006|1|0|1.0|INDIVIDUAL|VARIABLE|P0067057006|1|0|1.0|INDIVIDUAL|VARIABLE|P0067057006|1|0|1.0|INDIVIDUAL|VARIABLE|P0067057006|1|0|1.0|INDIVIDUAL|VARIABLE|P0067057006|1|0|1.0|INDIVIDUAL|VARIABLE|P0067057006|1|0|1.0|INDIVIDUAL|VARIABLE|P0067057006|1|0|1.0|INDIVIDUAL|VARIABLE|P0067057006|1|0|1.0|INDIVIDUAL|VARIABLE|P0067057006|1|0|1.0|INDIVIDUAL|VARIABLE|P0067057006|1|0|1.0|INDIVIDUAL|VARIABLE|P0067057006|1|0|1.0|INDIVIDUAL|VARIABLE|P0067057006|1|0|1.0|INDIVIDUAL|VARIABLE|P0067057006|1|0|1.0|INDIVIDUAL|VARIABLE|P0067057006|1|0|1.0|INDIVIDUAL|VARIABLE|P0067057006|1|0|1.0|INDIVIDUAL|VARIABLE|P0067057006|1|0|1.0|INDIVIDUAL|VARIABLE|P0067057006|1|0|1.0|INDIVIDUAL|VARIABLE|P0067057006|1|0|1.0|INDIVIDUAL|VARIABLE|P0067057006|1|0|1.0|INDIVIDUAL|VARIABLE|P0067057006|1|0|1.0|INDIVIDUAL|VARIABLE|P0067057006|1|0|1.0|INDIVIDUAL|VARIABLE|P0067057006|1|0|1.0|INDIVIDUAL|VARIABLE|P0067057006|1|0|1.0|INDIVIDUAL|VARIABLE|P0067057006|1|0|1.0|INDIVIDUAL|VARIABLE|P0067057006|1|0|1.0|INDIVIDUAL|VARIABLE|P0067057006|1|0|1.0|INDIVIDUAL|VARIABLE|P0067057006|1|0|1.0|INDIVIDUAL|VARIABLE|P0067057006|1|0|1.0|INDIVIDUAL|VARIABLE|P0067057006|1|0|1.0|INDIVIDUAL|VARIABLE|P0067057006|1|0|1.0|INDIVIDUAL|VARIABLE|P0067057006|1|0|1.0|INDIVIDUAL|VARIABLE|P0067057006|1|0|1.0|INDIVIDUAL|VARIABLE|P0067057006|1|0|1.0|INDIVIDUAL|VARIABLE|P0067057006|1|0|1.0|INDIVIDUAL|VARIABLE|P0067057006|1|0|1.0|INDIVIDUAL|VARIABLE|P0067057006|1|0|1.0|INDIVIDUAL|VARIABLE|P0067057006|1|0|1.0|INDIVIDUAL|VARIABLE|P0067057006|1|0|1.0|INDIVIDUAL|VARIABLE|P0067057006|1|0|1.0|INDIVIDUAL|VARIABLE|P0067057006|1|0|1.0|INDIVIDUAL|VARIABLE|P0067057006|1|0|1.0|INDIVIDUAL|VARIABLE|P0067057006|1|0|1.0|INDIVIDUAL|VARIABLE|P0067057006|1|0|1.0|INDIVIDUAL|VARIABLE|P0067057006|1|0|1.0|INDIVIDUAL|VARIABLE|P0067057006|1|0|1.0|INDIVIDUAL|VARIABLE|P0067057006|1|0|1.0|INDIVIDUAL|VARIABLE|P0067057006|1|0|1.0|INDIVIDUAL|VARIABLE|P0067057006|1|0|1.0|INDIVIDUAL|VARIABLE|P0067057006|1|0|1.0|INDIVIDUAL|VARIABLE|P0067057006|1|0|1.0|INDIVIDUAL|VARIABLE|P0067057006|1|0|1.0|INDIVIDUAL|VARIABLE|P0067057006|1|0|1.0|INDIVIDUAL|VARIABLE|P0067057006|1|0|1.0|INDIVIDUAL|VARIABLE|P0067057006|1|0|1.0|INDIVIDUAL|VARIABLE|P0067057006|1|0|1.0|INDIVIDUAL|VARIABLE|P0067057006|1|0|1.0|INDIVIDUAL|VARIABLE|P0067057006|1|0|1.0|INDIVIDUAL|VARIABLE|P0067057006|1|0|1.0|INDIVIDUAL|VARIABLE|P0067057006|1|0|1.0|INDIVIDUAL|VARIABLE|P0067057006|1|0|1.0|INDIVIDUAL|VARIABLE|P0067057006|1|0|1.0|INDIVIDUAL|VARIABLE|P0067057006|1|0|1.0|INDIVIDUAL|VARIABLE|P0067057006|1|0|1.0|INDIVIDUAL|VARIABLE|P0067057006|1|0|1.0|INDIVIDUAL|VARIABLE|P0067057006|1|0|1.0|INDIVIDUAL|VARIABLE|P0067057006|1|0|1.0|INDIVIDUAL|VARIABLE|P0067057006|1|0|1.0|INDIVIDUAL|VARIABLE|P0067057006|1|0|1.0|INDIVIDUAL|VARIABLE|P0067057006|1|0|1.0|INDIVIDUAL|VARIABLE|P0067057006|1|0|1.0|INDIVIDUAL|VARIABLE|P0067057006|1|0|1.0|INDIVIDUAL|VARIABLE|P0067057006|1|0|1.0|INDIVIDUAL|VARIABLE|P0067057006|1|0|1.0|INDIVIDUAL|VARIABLE|P0067057006|1|0|1.0|INDIVIDUAL|VARIABLE|P0067057006|1|0|1.0|INDIVIDUAL|VARIABLE|P0067057006|1|0|1.0|INDIVIDUAL|VARIABLE|P0067057006|1|0|1.0|INDIVIDUAL|VARIABLE|P0067057006|1|0|1.0|INDIVIDUAL|VARIABLE|P0067057006|1|0|1.0|INDIVIDUAL|VARIABLE|P0067057006|1|0|1.0|INDIVIDUAL|VARIABLE|P0067057006|1|0|1.0|INDIVIDUAL|VARIABLE|P0067057006|1|0|1.0|INDIVIDUAL|VARIABLE|P0067057006|1|0|1.0|INDIVIDUAL|VARIABLE|P0067057006|1|0|1.0|INDIVIDUAL|VARIABLE|P0067057006|1|0|1.0|INDIVIDUAL|VARIABLE|P0067057006|1|0|1.0
629,INDIVIDUAL|VARIABLE|P0067058007|1|0|1.0|INDIVIDUAL|VARIABLE|P0067058007|1|0|1.0|INDIVIDUAL|VARIABLE|P0067058007|1|0|1.0|INDIVIDUAL|VARIABLE|P0067058007|1|0|1.0|INDIVIDUAL|VARIABLE|P0067058007|1|0|1.0|INDIVIDUAL|VARIABLE|P0067058007|1|0|1.0|INDIVIDUAL|VARIABLE|P0067058007|1|0|1.0|INDIVIDUAL|VARIABLE|P0067058007|1|0|1.0|INDIVIDUAL|VARIABLE|P0067058007|1|0|1.0|INDIVIDUAL|VARIABLE|P0067058007|1|0|1.0|INDIVIDUAL|VARIABLE|P0067058007|1|0|1.0|INDIVIDUAL|VARIABLE|P0067058007|1|0|1.0|INDIVIDUAL|VARIABLE|P0067058007|1|0|1.0|INDIVIDUAL|VARIABLE|P0067058007|1|0|1.0|INDIVIDUAL|VARIABLE|P0067058007|1|0|1.0|INDIVIDUAL|VARIABLE|P0067058007|1|0|1.0|INDIVIDUAL|VARIABLE|P0067058007|1|0|1.0|INDIVIDUAL|VARIABLE|P0067058007|1|0|1.0|INDIVIDUAL|VARIABLE|P0067058007|1|0|1.0|INDIVIDUAL|VARIABLE|P0067058007|1|0|1.0|INDIVIDUAL|VARIABLE|P0067058007|1|0|1.0|INDIVIDUAL|VARIABLE|P0067058007|1|0|1.0|INDIVIDUAL|VARIABLE|P0067058007|1|0|1.0|INDIVIDUAL|VARIABLE|P0067058007|1|0|1.0|INDIVIDUAL|VARIABLE|P0067058007|1|0|1.0|INDIVIDUAL|VARIABLE|P0067058007|1|0|1.0|INDIVIDUAL|VARIABLE|P0067058007|1|0|1.0|INDIVIDUAL|VARIABLE|P0067058007|1|0|1.0|INDIVIDUAL|VARIABLE|P0067058007|1|0|1.0|INDIVIDUAL|VARIABLE|P0067058007|1|0|1.0|INDIVIDUAL|VARIABLE|P0067058007|1|0|1.0|INDIVIDUAL|VARIABLE|P0067058007|1|0|1.0|INDIVIDUAL|VARIABLE|P0067058007|1|0|1.0|INDIVIDUAL|VARIABLE|P0067058007|1|0|1.0|INDIVIDUAL|VARIABLE|P0067058007|1|0|1.0|INDIVIDUAL|VARIABLE|P0067058007|1|0|1.0|INDIVIDUAL|VARIABLE|P0067058007|1|0|1.0|INDIVIDUAL|VARIABLE|P0067058007|1|0|1.0|INDIVIDUAL|VARIABLE|P0067058007|1|0|1.0|INDIVIDUAL|VARIABLE|P0067058007|1|0|1.0
630,INDIVIDUAL|VARIABLE|P0292060001|1|0|1.0|INDIVIDUAL|VARIABLE|P0292060001|1|0|1.0|INDIVIDUAL|VARIABLE|P0292060001|1|0|1.0|INDIVIDUAL|VARIABLE|P0292060001|1|0|1.0|INDIVIDUAL|VARIABLE|P0292060001|1|0|1.0|INDIVIDUAL|VARIABLE|P0292060001|1|0|1.0|INDIVIDUAL|VARIABLE|P0292060001|1|0|1.0|INDIVIDUAL|VARIABLE|P0292060001|1|0|1.0|INDIVIDUAL|VARIABLE|P0292060001|1|0|1.0|INDIVIDUAL|VARIABLE|P0292060001|1|0|1.0|INDIVIDUAL|VARIABLE|P0292060001|1|0|1.0|INDIVIDUAL|VARIABLE|P0292060001|1|0|1.0|INDIVIDUAL|VARIABLE|P0292060001|1|0|1.0|INDIVIDUAL|VARIABLE|P0292060001|1|0|1.0|INDIVIDUAL|VARIABLE|P0292060001|1|0|1.0|INDIVIDUAL|VARIABLE|P0292060001|1|0|1.0|INDIVIDUAL|VARIABLE|P0292060001|1|0|1.0|INDIVIDUAL|VARIABLE|P0292060001|1|0|1.0|INDIVIDUAL|VARIABLE|P0292060001|1|0|1.0|INDIVIDUAL|VARIABLE|P0292060001|1|0|1.0|INDIVIDUAL|VARIABLE|P0292060001|1|0|1.0|INDIVIDUAL|VARIABLE|P0292060001|1|0|1.0|INDIVIDUAL|VARIABLE|P0292060001|1|0|1.0|INDIVIDUAL|VARIABLE|P0292060001|1|0|1.0|INDIVIDUAL|VARIABLE|P0292060001|1|0|1.0|INDIVIDUAL|VARIABLE|P0292060001|1|0|1.0|INDIVIDUAL|VARIABLE|P0292060001|1|0|1.0|INDIVIDUAL|VARIABLE|P0292060001|1|0|1.0|INDIVIDUAL|VARIABLE|P0292060001|1|0|1.0|INDIVIDUAL|VARIABLE|P0292060001|1|0|1.0|INDIVIDUAL|VARIABLE|P0292060001|1|0|1.0|INDIVIDUAL|VARIABLE|P0292060001|1|0|1.0|INDIVIDUAL|VARIABLE|P0292060001|1|0|1.0|INDIVIDUAL|VARIABLE|P0292060001|1|0|1.0|INDIVIDUAL|VARIABLE|P0292060001|1|0|1.0|INDIVIDUAL|VARIABLE|P0292060001|1|0|1.0|INDIVIDUAL|VARIABLE|P0292060001|1|0|1.0|INDIVIDUAL|VARIABLE|P0292060001|1|0|1.0|INDIVIDUAL|VARIABLE|P0292060001|1|0|1.0|INDIVIDUAL|VARIABLE|P0292060001|1|0|1.0|INDIVIDUAL|VARIABLE|P0292060001|1|0|1.0|INDIVIDUAL|VARIABLE|P0292060001|1|0|1.0|INDIVIDUAL|VARIABLE|P0292060001|1|0|1.0|INDIVIDUAL|VARIABLE|P0292060001|1|0|1.0|INDIVIDUAL|VARIABLE|P0292060001|1|0|1.0|INDIVIDUAL|VARIABLE|P0292060001|1|0|1.0|INDIVIDUAL|VARIABLE|P0292060001|1|0|1.0|INDIVIDUAL|VARIABLE|P0292060001|1|0|1.0|INDIVIDUAL|VARIABLE|P0292060001|1|0|1.0|INDIVIDUAL|VARIABLE|P0292060001|1|0|1.0|INDIVIDUAL|VARIABLE|P0292060001|1|0|1.0|INDIVIDUAL|VARIABLE|P0292060001|1|0|1.0|INDIVIDUAL|VARIABLE|P0292060001|1|0|1.0|INDIVIDUAL|VARIABLE|P0292060001|1|0|1.0|INDIVIDUAL|VARIABLE|P0292060001|1|0|1.0|INDIVIDUAL|VARIABLE|P0292060001|1|0|1.0|INDIVIDUAL|VARIABLE|P0292060001|1|0|1.0|INDIVIDUAL|VARIABLE|P0292060001|1|0|1.0|INDIVIDUAL|VARIABLE|P0292060001|1|0|1.0|INDIVIDUAL|VARIABLE|P0292060001|1|0|1.0
631,INDIVIDUAL|VARIABLE|P0292092008|1|0|1.0|INDIVIDUAL|VARIABLE|P0292092008|1|0|1.0|INDIVIDUAL|VARIABLE|P0292092008|1|0|1.0|INDIVIDUAL|VARIABLE|P0292092008|1|0|1.0|INDIVIDUAL|VARIABLE|P0292092008|1|0|1.0|INDIVIDUAL|VARIABLE|P0292092008|1|0|1.0|INDIVIDUAL|VARIABLE|P0292092008|1|0|1.0|INDIVIDUAL|VARIABLE|P0292092008|1|0|1.0|INDIVIDUAL|VARIABLE|P0292092008|1|0|1.0|INDIVIDUAL|VARIABLE|P0292092008|1|0|1.0|INDIVIDUAL|VARIABLE|P0292092008|1|0|1.0|INDIVIDUAL|VARIABLE|P0292092008|1|0|1.0|INDIVIDUAL|VARIABLE|P0292092008|1|0|1.0|INDIVIDUAL|VARIABLE|P0292092008|1|0|1.0|INDIVIDUAL|VARIABLE|P0292092008|1|0|1.0|INDIVIDUAL|VARIABLE|P0292092008|1|0|1.0|INDIVIDUAL|VARIABLE|P0292092008|1|0|1.0|INDIVIDUAL|VARIABLE|P0292092008|1|0|1.0|INDIVIDUAL|VARIABLE|P0292092008|1|0|1.0|INDIVIDUAL|VARIABLE|P0292092008|1|0|1.0|INDIVIDUAL|VARIABLE|P0292092008|1|0|1.0|INDIVIDUAL|VARIABLE|P0292092008|1|0|1.0|INDIVIDUAL|VARIABLE|P0292092008|1|0|1.0|INDIVIDUAL|VARIABLE|P0292092008|1|0|1.0
632,INDIVIDUAL|VARIABLE|P0292139009|1|0|1.0|INDIVIDUAL|VARIABLE|P0292139009|1|0|1.0|INDIVIDUAL|VARIABLE|P0292139009|1|0|1.0|INDIVIDUAL|VARIABLE|P0292139009|1|0|1.0|INDIVIDUAL|VARIABLE|P0292139009|1|0|1.0|INDIVIDUAL|VARIABLE|P0292139009|1|0|1.0|INDIVIDUAL|VARIABLE|P0292139009|1|0|1.0|INDIVIDUAL|VARIABLE|P0292139009|1|0|1.0|INDIVIDUAL|VARIABLE|P0292139009|1|0|1.0|INDIVIDUAL|VARIABLE|P0292139009|1|0|1.0|INDIVIDUAL|VARIABLE|P0292139009|1|0|1.0|INDIVIDUAL|VARIABLE|P0292139009|1|0|1.0|INDIVIDUAL|VARIABLE|P0292139009|1|0|1.0|INDIVIDUAL|VARIABLE|P0292139009|1|0|1.0|INDIVIDUAL|VARIABLE|P0292139009|1|0|1.0|INDIVIDUAL|VARIABLE|P0292139009|1|0|1.0|INDIVIDUAL|VARIABLE|P0292139009|1|0|1.0|INDIVIDUAL|VARIABLE|P0292139009|1|0|1.0|INDIVIDUAL|VARIABLE|P0292139009|1|0|1.0|INDIVIDUAL|VARIABLE|P0292139009|1|0|1.0|INDIVIDUAL|VARIABLE|P0292139009|1|0|1.0|INDIVIDUAL|VARIABLE|P0292139009|1|0|1.0|INDIVIDUAL|VARIABLE|P0292139009|1|0|1.0|INDIVIDUAL|VARIABLE|P0292139009|1|0|1.0|INDIVIDUAL|VARIABLE|P0292139009|1|0|1.0|INDIVIDUAL|VARIABLE|P0292139009|1|0|1.0|INDIVIDUAL|VARIABLE|P0292139009|1|0|1.0|INDIVIDUAL|VARIABLE|P0292139009|1|0|1.0|INDIVIDUAL|VARIABLE|P0292139009|1|0|1.0|INDIVIDUAL|VARIABLE|P0292139009|1|0|1.0|INDIVIDUAL|VARIABLE|P0292139009|1|0|1.0|INDIVIDUAL|VARIABLE|P0292139009|1|0|1.0|INDIVIDUAL|VARIABLE|P0292139009|1|0|1.0|INDIVIDUAL|VARIABLE|P0292139009|1|0|1.0|INDIVIDUAL|VARIABLE|P0292139009|1|0|1.0|INDIVIDUAL|VARIABLE|P0292139009|1|0|1.0|INDIVIDUAL|VARIABLE|P0292139009|1|0|1.0|INDIVIDUAL|VARIABLE|P0292139009|1|0|1.0|INDIVIDUAL|VARIABLE|P0292139009|1|0|1.0|INDIVIDUAL|VARIABLE|P0292139009|1|0|1.0|INDIVIDUAL|VARIABLE|P0292139009|1|0|1.0|INDIVIDUAL|VARIABLE|P0292139009|1|0|1.0|INDIVIDUAL|VARIABLE|P0292139009|1|0|1.0|INDIVIDUAL|VARIABLE|P0292139009|1|0|1.0|INDIVIDUAL|VARIABLE|P0292139009|1|0|1.0|INDIVIDUAL|VARIABLE|P0292139009|1|0|1.0|INDIVIDUAL|VARIABLE|P0292139009|1|0|1.0|INDIVIDUAL|VARIABLE|P0292139009|1|0|1.0|INDIVIDUAL|VARIABLE|P0292139009|1|0|1.0|INDIVIDUAL|VARIABLE|P0292139009|1|0|1.0|INDIVIDUAL|VARIABLE|P0292139009|1|0|1.0|INDIVIDUAL|VARIABLE|P0292139009|1|0|1.0|INDIVIDUAL|VARIABLE|P0292139009|1|0|1.0|INDIVIDUAL|VARIABLE|P0292139009|1|0|1.0|INDIVIDUAL|VARIABLE|P0292139009|1|0|1.0|INDIVIDUAL|VARIABLE|P0292139009|1|0|1.0|INDIVIDUAL|VARIABLE|P0292139009|1|0|1.0|INDIVIDUAL|VARIABLE|P0292139009|1|0|1.0|INDIVIDUAL|VARIABLE|P0292139009|1|0|1.0|INDIVIDUAL|VARIABLE|P0292139009|1|0|1.0|INDIVIDUAL|VARIABLE|P0292139009|1|0|1.0|INDIVIDUAL|VARIABLE|P0292139009|1|0|1.0|INDIVIDUAL|VARIABLE|P0292139009|1|0|1.0|INDIVIDUAL|VARIABLE|P0292139009|1|0|1.0|INDIVIDUAL|VARIABLE|P0292139009|1|0|1.0|INDIVIDUAL|VARIABLE|P0292139009|1|0|1.0|INDIVIDUAL|VARIABLE|P0292139009|1|0|1.0|INDIVIDUAL|VARIABLE|P0292139009|1|0|1.0|INDIVIDUAL|VARIABLE|P0292139009|1|0|1.0|INDIVIDUAL|VARIABLE|P0292139009|1|0|1.0|INDIVIDUAL|VARIABLE|P0292139009|1|0|1.0|INDIVIDUAL|VARIABLE|P0292139009|1|0|1.0|INDIVIDUAL|VARIABLE|P0292139009|1|0|1.0|INDIVIDUAL|VARIABLE|P0292139009|1|0|1.0|INDIVIDUAL|VARIABLE|P0292139009|1|0|1.0|INDIVIDUAL|VARIABLE|P0292139009|1|0|1.0|INDIVIDUAL|VARIABLE|P0292139009|1|0|1.0|INDIVIDUAL|VARIABLE|P0292139009|1|0|1.0|INDIVIDUAL|VARIABLE|P0292139009|1|0|1.0|INDIVIDUAL|VARIABLE|P0292139009|1|0|1.0|INDIVIDUAL|VARIABLE|P0292139009|1|0|1.0|INDIVIDUAL|VARIABLE|P0292139009|1|0|1.0|INDIVIDUAL|VARIABLE|P0292139009|1|0|1.0|INDIVIDUAL|VARIABLE|P0292139009|1|0|1.0|INDIVIDUAL|VARIABLE|P0292139009|1|0|1.0|INDIVIDUAL|VARIABLE|P0292139009|1|0|1.0|INDIVIDUAL|VARIABLE|P0292139009|1|0|1.0|INDIVIDUAL|VARIABLE|P0292139009|1|0|1.0|INDIVIDUAL|VARIABLE|P0292139009|1|0|1.0|INDIVIDUAL|VARIABLE|P0292139009|1|0|1.0|INDIVIDUAL|VARIABLE|P0292139009|1|0|1.0|INDIVIDUAL|VARIABLE|P0292139009|1|0|1.0|INDIVIDUAL|VARIABLE|P0292139009|1|0|1.0|INDIVIDUAL|VARIABLE|P0292139009|1|0|1.0|INDIVIDUAL|VARIABLE|P0292139009|1|0|1.0|INDIVIDUAL|VARIABLE|P0292139009|1|0|1.0|INDIVIDUAL|VARIABLE|P0292139009|1|0|1.0|INDIVIDUAL|VARIABLE|P0292139009|1|0|1.0|INDIVIDUAL|VARIABLE|P0292139009|1|0|1.0|INDIVIDUAL|VARIABLE|P0292139009|1|0|1.0|INDIVIDUAL|VARIABLE|P0292139009|1|0|1.0|INDIVIDUAL|VARIABLE|P0292139009|1|0|1.0|INDIVIDUAL|VARIABLE|P0292139009|1|0|1.0|INDIVIDUAL|VARIABLE|P0292139009|1|0|1.0|INDIVIDUAL|VARIABLE|P0292139009|1|0|1.0|INDIVIDUAL|VARIABLE|P0292139009|1|0|1.0|INDIVIDUAL|VARIABLE|P0292139009|1|0|1.0|INDIVIDUAL|VARIABLE|P0292139009|1|0|1.0|INDIVIDUAL|VARIABLE|P0292139009|1|0|1.0|INDIVIDUAL|VARIABLE|P0292139009|1|0|1.0|INDIVIDUAL|VARIABLE|P0292139009|1|0|1.0|INDIVIDUAL|VARIABLE|P0292139009|1|0|1.0|INDIVIDUAL|VARIABLE|P0292139009|1|0|1.0|INDIVIDUAL|VARIABLE|P0292139009|1|0|1.0|INDIVIDUAL|VARIABLE|P0292139009|1|0|1.0|INDIVIDUAL|VARIABLE|P0292139009|1|0|1.0|INDIVIDUAL|VARIABLE|P0292139009|1|0|1.0|INDIVIDUAL|VARIABLE|P0292139009|1|0|1.0|INDIVIDUAL|VARIABLE|P0292139009|1|0|1.0|INDIVIDUAL|VARIABLE|P0292139009|1|0|1.0|INDIVIDUAL|VARIABLE|P0292139009|1|0|1.0|INDIVIDUAL|VARIABLE|P0292139009|1|0|1.0|INDIVIDUAL|VARIABLE|P0292139009|1|0|1.0|INDIVIDUAL|VARIABLE|P0292139009|1|0|1.0|INDIVIDUAL|VARIABLE|P0292139009|1|0|1.0|INDIVIDUAL|VARIABLE|P0292139009|1|0|1.0|INDIVIDUAL|VARIABLE|P0292139009|1|0|1.0|INDIVIDUAL|VARIABLE|P0292139009|1|0|1.0|INDIVIDUAL|VARIABLE|P0292139009|1|0|1.0|INDIVIDUAL|VARIABLE|P0292139009|1|0|1.0|INDIVIDUAL|VARIABLE|P0292139009|1|0|1.0|INDIVIDUAL|VARIABLE|P0292139009|1|0|1.0|INDIVIDUAL|VARIABLE|P0292139009|1|0|1.0|INDIVIDUAL|VARIABLE|P0292139009|1|0|1.0|INDIVIDUAL|VARIABLE|P0292139009|1|0|1.0|INDIVIDUAL|VARIABLE|P0292139009|1|0|1.0|INDIVIDUAL|VARIABLE|P0292139009|1|0|1.0|INDIVIDUAL|VARIABLE|P0292139009|1|0|1.0|INDIVIDUAL|VARIABLE|P0292139009|1|0|1.0|INDIVIDUAL|VARIABLE|P0292139009|1|0|1.0|INDIVIDUAL|VARIABLE|P0292139009|1|0|1.0|INDIVIDUAL|VARIABLE|P0292139009|1|0|1.0|INDIVIDUAL|VARIABLE|P0292139009|1|0|1.0|INDIVIDUAL|VARIABLE|P0292139009|1|0|1.0|INDIVIDUAL|VARIABLE|P0292139009|1|0|1.0|INDIVIDUAL|VARIABLE|P0292139009|1|0|1.0|INDIVIDUAL|VARIABLE|P0292139009|1|0|1.0|INDIVIDUAL|VARIABLE|P0292139009|1|0|1.0|INDIVIDUAL|VARIABLE|P0292139009|1|0|1.0|INDIVIDUAL|VARIABLE|P0292139009|1|0|1.0|INDIVIDUAL|VARIABLE|P0292139009|1|0|1.0|INDIVIDUAL|VARIABLE|P0292139009|1|0|1.0|INDIVIDUAL|VARIABLE|P0292139009|1|0|1.0|INDIVIDUAL|VARIABLE|P0292139009|1|0|1.0|INDIVIDUAL|VARIABLE|P0292139009|1|0|1.0|INDIVIDUAL|VARIABLE|P0292139009|1|0|1.0|INDIVIDUAL|VARIABLE|P0292139009|1|0|1.0|INDIVIDUAL|VARIABLE|P0292139009|1|0|1.0|INDIVIDUAL|VARIABLE|P0292139009|1|0|1.0|INDIVIDUAL|VARIABLE|P0292139009|1|0|1.0|INDIVIDUAL|VARIABLE|P0292139009|1|0|1.0|INDIVIDUAL|VARIABLE|P0292139009|1|0|1.0|INDIVIDUAL|VARIABLE|P0292139009|1|0|1.0|INDIVIDUAL|VARIABLE|P0292139009|1|0|1.0|INDIVIDUAL|VARIABLE|P0292139009|1|0|1.0|INDIVIDUAL|VARIABLE|P0292139009|1|0|1.0|INDIVIDUAL|VARIABLE|P0292139009|1|0|1.0|INDIVIDUAL|VARIABLE|P0292139009|1|0|1.0|INDIVIDUAL|VARIABLE|P0292139009|1|0|1.0|INDIVIDUAL|VARIABLE|P0292139009|1|0|1.0|INDIVIDUAL|VARIABLE|P0292139009|1|0|1.0|INDIVIDUAL|VARIABLE|P0292139009|1|0|1.0|INDIVIDUAL|VARIABLE|P0292139009|1|0|1.0|INDIVIDUAL|VARIABLE|P0292139009|1|0|1.0|INDIVIDUAL|VARIABLE|P0292139009|1|0|1.0|INDIVIDUAL|VARIABLE|P0292139009|1|0|1.0|INDIVIDUAL|VARIABLE|P0292139009|1|0|1.0|INDIVIDUAL|VARIABLE|P0292139009|1|0|1.0|INDIVIDUAL|VARIABLE|P0292139009|1|0|1.0|INDIVIDUAL|VARIABLE|P0292139009|1|0|1.0
633,INDIVIDUAL|VARIABLE|P0067055006|1|0|1.0|INDIVIDUAL|VARIABLE|P0067055006|1|0|1.0|INDIVIDUAL|VARIABLE|P0067055006|1|0|1.0|INDIVIDUAL|VARIABLE|P0067055006|1|0|1.0|INDIVIDUAL|VARIABLE|P0067055006|1|0|1.0|INDIVIDUAL|VARIABLE|P0067055006|1|0|1.0|INDIVIDUAL|VARIABLE|P0067055006|1|0|1.0|INDIVIDUAL|VARIABLE|P0067055006|1|0|1.0|INDIVIDUAL|VARIABLE|P0067055006|1|0|1.0|INDIVIDUAL|VARIABLE|P0067055006|1|0|1.0|INDIVIDUAL|VARIABLE|P0067055006|1|0|1.0|INDIVIDUAL|VARIABLE|P0067055006|1|0|1.0|INDIVIDUAL|VARIABLE|P0067055006|1|0|1.0|INDIVIDUAL|VARIABLE|P0067055006|1|0|1.0|INDIVIDUAL|VARIABLE|P0067055006|1|0|1.0|INDIVIDUAL|VARIABLE|P0067055006|1|0|1.0|INDIVIDUAL|VARIABLE|P0067055006|1|0|1.0|INDIVIDUAL|VARIABLE|P0067055006|1|0|1.0|INDIVIDUAL|VARIABLE|P0067055006|1|0|1.0|INDIVIDUAL|VARIABLE|P0067055006|1|0|1.0|INDIVIDUAL|VARIABLE|P0067055006|1|0|1.0|INDIVIDUAL|VARIABLE|P0067055006|1|0|1.0|INDIVIDUAL|VARIABLE|P0067055006|1|0|1.0|INDIVIDUAL|VARIABLE|P0067055006|1|0|1.0|INDIVIDUAL|VARIABLE|P0067055006|1|0|1.0|INDIVIDUAL|VARIABLE|P0067055006|1|0|1.0|INDIVIDUAL|VARIABLE|P0067055006|1|0|1.0|INDIVIDUAL|VARIABLE|P0067055006|1|0|1.0|INDIVIDUAL|VARIABLE|P0067055006|1|0|1.0|INDIVIDUAL|VARIABLE|P0067055006|1|0|1.0|INDIVIDUAL|VARIABLE|P0067055006|1|0|1.0|INDIVIDUAL|VARIABLE|P0067055006|1|0|1.0|INDIVIDUAL|VARIABLE|P0067055006|1|0|1.0|INDIVIDUAL|VARIABLE|P0067055006|1|0|1.0|INDIVIDUAL|VARIABLE|P0067055006|1|0|1.0|INDIVIDUAL|VARIABLE|P0067055006|1|0|1.0|INDIVIDUAL|VARIABLE|P0067055006|1|0|1.0|INDIVIDUAL|VARIABLE|P0067055006|1|0|1.0|INDIVIDUAL|VARIABLE|P0067055006|1|0|1.0|INDIVIDUAL|VARIABLE|P0067055006|1|0|1.0|INDIVIDUAL|VARIABLE|P0067055006|1|0|1.0|INDIVIDUAL|VARIABLE|P0067055006|1|0|1.0|INDIVIDUAL|VARIABLE|P0067055006|1|0|1.0|INDIVIDUAL|VARIABLE|P0067055006|1|0|1.0|INDIVIDUAL|VARIABLE|P0067055006|1|0|1.0|INDIVIDUAL|VARIABLE|P0067055006|1|0|1.0|INDIVIDUAL|VARIABLE|P0067055006|1|0|1.0|INDIVIDUAL|VARIABLE|P0067055006|1|0|1.0|INDIVIDUAL|VARIABLE|P0067055006|1|0|1.0|INDIVIDUAL|VARIABLE|P0067055006|1|0|1.0|INDIVIDUAL|VARIABLE|P0067055006|1|0|1.0|INDIVIDUAL|VARIABLE|P0067055006|1|0|1.0|INDIVIDUAL|VARIABLE|P0067055006|1|0|1.0|INDIVIDUAL|VARIABLE|P0067055006|1|0|1.0|INDIVIDUAL|VARIABLE|P0067055006|1|0|1.0|INDIVIDUAL|VARIABLE|P0067055006|1|0|1.0|INDIVIDUAL|VARIABLE|P0067055006|1|0|1.0|INDIVIDUAL|VARIABLE|P0067055006|1|0|1.0|INDIVIDUAL|VARIABLE|P0067055006|1|0|1.0|INDIVIDUAL|VARIABLE|P0067055006|1|0|1.0|INDIVIDUAL|VARIABLE|P0067055006|1|0|1.0|INDIVIDUAL|VARIABLE|P0067055006|1|0|1.0|INDIVIDUAL|VARIABLE|P0067055006|1|0|1.0|INDIVIDUAL|VARIABLE|P0067055006|1|0|1.0|INDIVIDUAL|VARIABLE|P0067055006|1|0|1.0|INDIVIDUAL|VARIABLE|P0067055006|1|0|1.0|INDIVIDUAL|VARIABLE|P0067055006|1|0|1.0|INDIVIDUAL|VARIABLE|P0067055006|1|0|1.0|INDIVIDUAL|VARIABLE|P0067055006|1|0|1.0|INDIVIDUAL|VARIABLE|P0067055006|1|0|1.0
634,INDIVIDUAL|VARIABLE|P0067080000|1|0|1.0|INDIVIDUAL|VARIABLE|P0067080000|1|0|1.0|INDIVIDUAL|VARIABLE|P0067080000|1|0|1.0|INDIVIDUAL|VARIABLE|P0067080000|1|0|1.0|INDIVIDUAL|VARIABLE|P0067080000|1|0|1.0|INDIVIDUAL|VARIABLE|P0067080000|1|0|1.0|INDIVIDUAL|VARIABLE|P0067080000|1|0|1.0|INDIVIDUAL|VARIABLE|P0067080000|1|0|1.0|INDIVIDUAL|VARIABLE|P0067080000|1|0|1.0|INDIVIDUAL|VARIABLE|P0067080000|1|0|1.0|INDIVIDUAL|VARIABLE|P0067080000|1|0|1.0|INDIVIDUAL|VARIABLE|P0067080000|1|0|1.0|INDIVIDUAL|VARIABLE|P0067080000|1|0|1.0|INDIVIDUAL|VARIABLE|P0067080000|1|0|1.0|INDIVIDUAL|VARIABLE|P0067080000|1|0|1.0|INDIVIDUAL|VARIABLE|P0067080000|1|0|1.0|INDIVIDUAL|VARIABLE|P0067080000|1|0|1.0|INDIVIDUAL|VARIABLE|P0067080000|1|0|1.0|INDIVIDUAL|VARIABLE|P0067080000|1|0|1.0|INDIVIDUAL|VARIABLE|P0067080000|1|0|1.0|INDIVIDUAL|VARIABLE|P0067080000|1|0|1.0|INDIVIDUAL|VARIABLE|P0067080000|1|0|1.0|INDIVIDUAL|VARIABLE|P0067080000|1|0|1.0|INDIVIDUAL|VARIABLE|P0067080000|1|0|1.0|INDIVIDUAL|VARIABLE|P0067080000|1|0|1.0|INDIVIDUAL|VARIABLE|P0067080000|1|0|1.0|INDIVIDUAL|VARIABLE|P0067080000|1|0|1.0|INDIVIDUAL|VARIABLE|P0067080000|1|0|1.0|INDIVIDUAL|VARIABLE|P0067080000|1|0|1.0|INDIVIDUAL|VARIABLE|P0067080000|1|0|1.0
635,INDIVIDUAL|VARIABLE|P0210106001|1|0|1.0|INDIVIDUAL|VARIABLE|P0210106001|1|0|1.0|INDIVIDUAL|VARIABLE|P0210106001|1|0|1.0|INDIVIDUAL|VARIABLE|P0210106001|1|0|1.0|INDIVIDUAL|VARIABLE|P0210106001|1|0|1.0|INDIVIDUAL|VARIABLE|P0210106001|1|0|1.0|INDIVIDUAL|VARIABLE|P0210106001|1|0|1.0|INDIVIDUAL|VARIABLE|P0210106001|1|0|1.0|INDIVIDUAL|VARIABLE|P0210106001|1|0|1.0|INDIVIDUAL|VARIABLE|P0210106001|1|0|1.0|INDIVIDUAL|VARIABLE|P0210106001|1|0|1.0|INDIVIDUAL|VARIABLE|P0210106001|1|0|1.0|INDIVIDUAL|VARIABLE|P0210106001|1|0|1.0|INDIVIDUAL|VARIABLE|P0210106001|1|0|1.0|INDIVIDUAL|VARIABLE|P0210106001|1|0|1.0|INDIVIDUAL|VARIABLE|P0210106001|1|0|1.0|INDIVIDUAL|VARIABLE|P0210106001|1|0|1.0|INDIVIDUAL|VARIABLE|P0210106001|1|0|1.0|INDIVIDUAL|VARIABLE|P0210106001|1|0|1.0|INDIVIDUAL|VARIABLE|P0210106001|1|0|1.0|INDIVIDUAL|VARIABLE|P0210106001|1|0|1.0|INDIVIDUAL|VARIABLE|P0210106001|1|0|1.0|INDIVIDUAL|VARIABLE|P0210106001|1|0|1.0|INDIVIDUAL|VARIABLE|P0210106001|1|0|1.0|INDIVIDUAL|VARIABLE|P0210106001|1|0|1.0|INDIVIDUAL|VARIABLE|P0210106001|1|0|1.0|INDIVIDUAL|VARIABLE|P0210106001|1|0|1.0|INDIVIDUAL|VARIABLE|P0210106001|1|0|1.0|INDIVIDUAL|VARIABLE|P0210106001|1|0|1.0|INDIVIDUAL|VARIABLE|P0210106001|1|0|1.0|INDIVIDUAL|VARIABLE|P0210106001|1|0|1.0|INDIVIDUAL|VARIABLE|P0210106001|1|0|1.0|INDIVIDUAL|VARIABLE|P0210106001|1|0|1.0|INDIVIDUAL|VARIABLE|P0210106001|1|0|1.0|INDIVIDUAL|VARIABLE|P0210106001|1|0|1.0|INDIVIDUAL|VARIABLE|P0210106001|1|0|1.0|INDIVIDUAL|VARIABLE|P0210106001|1|0|1.0|INDIVIDUAL|VARIABLE|P0210106001|1|0|1.0|INDIVIDUAL|VARIABLE|P0210106001|1|0|1.0|INDIVIDUAL|VARIABLE|P0210106001|1|0|1.0|INDIVIDUAL|VARIABLE|P0210106001|1|0|1.0|INDIVIDUAL|VARIABLE|P0210106001|1|0|1.0|INDIVIDUAL|VARIABLE|P0210106001|1|0|1.0|INDIVIDUAL|VARIABLE|P0210106001|1|0|1.0|INDIVIDUAL|VARIABLE|P0210106001|1|0|1.0|INDIVIDUAL|VARIABLE|P0210106001|1|0|1.0|INDIVIDUAL|VARIABLE|P0210106001|1|0|1.0|INDIVIDUAL|VARIABLE|P0210106001|1|0|1.0|INDIVIDUAL|VARIABLE|P0210106001|1|0|1.0|INDIVIDUAL|VARIABLE|P0210106001|1|0|1.0|INDIVIDUAL|VARIABLE|P0210106001|1|0|1.0|INDIVIDUAL|VARIABLE|P0210106001|1|0|1.0|INDIVIDUAL|VARIABLE|P0210106001|1|0|1.0|INDIVIDUAL|VARIABLE|P0210106001|1|0|1.0|INDIVIDUAL|VARIABLE|P0210106001|1|0|1.0|INDIVIDUAL|VARIABLE|P0210106001|1|0|1.0|INDIVIDUAL|VARIABLE|P0210106001|1|0|1.0|INDIVIDUAL|VARIABLE|P0210106001|1|0|1.0|INDIVIDUAL|VARIABLE|P0210106001|1|0|1.0|INDIVIDUAL|VARIABLE|P0210106001|1|0|1.0|INDIVIDUAL|VARIABLE|P0210106001|1|0|1.0|INDIVIDUAL|VARIABLE|P0210106001|1|0|1.0|INDIVIDUAL|VARIABLE|P0210106001|1|0|1.0|INDIVIDUAL|VARIABLE|P0210106001|1|0|1.0|INDIVIDUAL|VARIABLE|P0210106001|1|0|1.0|INDIVIDUAL|VARIABLE|P0210106001|1|0|1.0|INDIVIDUAL|VARIABLE|P0210106001|1|0|1.0|INDIVIDUAL|VARIABLE|P0210106001|1|0|1.0|INDIVIDUAL|VARIABLE|P0210106001|1|0|1.0|INDIVIDUAL|VARIABLE|P0210106001|1|0|1.0|INDIVIDUAL|VARIABLE|P0210106001|1|0|1.0|INDIVIDUAL|VARIABLE|P0210106001|1|0|1.0|INDIVIDUAL|VARIABLE|P0210106001|1|0|1.0|INDIVIDUAL|VARIABLE|P0210106001|1|0|1.0|INDIVIDUAL|VARIABLE|P0210106001|1|0|1.0|INDIVIDUAL|VARIABLE|P0210106001|1|0|1.0|INDIVIDUAL|VARIABLE|P0210106001|1|0|1.0|INDIVIDUAL|VARIABLE|P0210106001|1|0|1.0|INDIVIDUAL|VARIABLE|P0210106001|1|0|1.0|INDIVIDUAL|VARIABLE|P0210106001|1|0|1.0|INDIVIDUAL|VARIABLE|P0210106001|1|0|1.0|INDIVIDUAL|VARIABLE|P0210106001|1|0|1.0|INDIVIDUAL|VARIABLE|P0210106001|1|0|1.0|INDIVIDUAL|VARIABLE|P0210106001|1|0|1.0|INDIVIDUAL|VARIABLE|P0210106001|1|0|1.0|INDIVIDUAL|VARIABLE|P0210106001|1|0|1.0|INDIVIDUAL|VARIABLE|P0210106001|1|0|1.0|INDIVIDUAL|VARIABLE|P0210106001|1|0|1.0|INDIVIDUAL|VARIABLE|P0210106001|1|0|1.0|INDIVIDUAL|VARIABLE|P0210106001|1|0|1.0|INDIVIDUAL|VARIABLE|P0210106001|1|0|1.0|INDIVIDUAL|VARIABLE|P0210106001|1|0|1.0|INDIVIDUAL|VARIABLE|P0210106001|1|0|1.0|INDIVIDUAL|VARIABLE|P0210106001|1|0|1.0|INDIVIDUAL|VARIABLE|P0210106001|1|0|1.0|INDIVIDUAL|VARIABLE|P0210106001|1|0|1.0|INDIVIDUAL|VARIABLE|P0210106001|1|0|1.0|INDIVIDUAL|VARIABLE|P0210106001|1|0|1.0|INDIVIDUAL|VARIABLE|P0210106001|1|0|1.0|INDIVIDUAL|VARIABLE|P0210106001|1|0|1.0|INDIVIDUAL|VARIABLE|P0210106001|1|0|1.0|INDIVIDUAL|VARIABLE|P0210106001|1|0|1.0|INDIVIDUAL|VARIABLE|P0210106001|1|0|1.0|INDIVIDUAL|VARIABLE|P0210106001|1|0|1.0|INDIVIDUAL|VARIABLE|P0210106001|1|0|1.0|INDIVIDUAL|VARIABLE|P0210106001|1|0|1.0|INDIVIDUAL|VARIABLE|P0210106001|1|0|1.0|INDIVIDUAL|VARIABLE|P0210106001|1|0|1.0|INDIVIDUAL|VARIABLE|P0210106001|1|0|1.0|INDIVIDUAL|VARIABLE|P0210106001|1|0|1.0|INDIVIDUAL|VARIABLE|P0210106001|1|0|1.0|INDIVIDUAL|VARIABLE|P0210106001|1|0|1.0|INDIVIDUAL|VARIABLE|P0210106001|1|0|1.0|INDIVIDUAL|VARIABLE|P0210106001|1|0|1.0|INDIVIDUAL|VARIABLE|P0210106001|1|0|1.0|INDIVIDUAL|VARIABLE|P0210106001|1|0|1.0|INDIVIDUAL|VARIABLE|P0210106001|1|0|1.0|INDIVIDUAL|VARIABLE|P0210106001|1|0|1.0|INDIVIDUAL|VARIABLE|P0210106001|1|0|1.0|INDIVIDUAL|VARIABLE|P0210106001|1|0|1.0
636,INDIVIDUAL|VARIABLE|P0067101000|1|0|1.0|INDIVIDUAL|VARIABLE|P0067101000|1|0|1.0|INDIVIDUAL|VARIABLE|P0067101000|1|0|1.0|INDIVIDUAL|VARIABLE|P0067101000|1|0|1.0|INDIVIDUAL|VARIABLE|P0067101000|1|0|1.0|INDIVIDUAL|VARIABLE|P0067101000|1|0|1.0|INDIVIDUAL|VARIABLE|P0067101000|1|0|1.0|INDIVIDUAL|VARIABLE|P0067101000|1|0|1.0|INDIVIDUAL|VARIABLE|P0067101000|1|0|1.0|INDIVIDUAL|VARIABLE|P0067101000|1|0|1.0|INDIVIDUAL|VARIABLE|P0067101000|1|0|1.0|INDIVIDUAL|VARIABLE|P0067101000|1|0|1.0|INDIVIDUAL|VARIABLE|P0067101000|1|0|1.0|INDIVIDUAL|VARIABLE|P0067101000|1|0|1.0|INDIVIDUAL|VARIABLE|P0067101000|1|0|1.0|INDIVIDUAL|VARIABLE|P0067101000|1|0|1.0|INDIVIDUAL|VARIABLE|P0067101000|1|0|1.0|INDIVIDUAL|VARIABLE|P0067101000|1|0|1.0|INDIVIDUAL|VARIABLE|P0067101000|1|0|1.0|INDIVIDUAL|VARIABLE|P0067101000|1|0|1.0|INDIVIDUAL|VARIABLE|P0067101000|1|0|1.0|INDIVIDUAL|VARIABLE|P0067101000|1|0|1.0|INDIVIDUAL|VARIABLE|P0067101000|1|0|1.0|INDIVIDUAL|VARIABLE|P0067101000|1|0|1.0|INDIVIDUAL|VARIABLE|P0067101000|1|0|1.0|INDIVIDUAL|VARIABLE|P0067101000|1|0|1.0|INDIVIDUAL|VARIABLE|P0067101000|1|0|1.0|INDIVIDUAL|VARIABLE|P0067101000|1|0|1.0|INDIVIDUAL|VARIABLE|P0067101000|1|0|1.0|INDIVIDUAL|VARIABLE|P0067101000|1|0|1.0|INDIVIDUAL|VARIABLE|P0067101000|1|0|1.0|INDIVIDUAL|VARIABLE|P0067101000|1|0|1.0|INDIVIDUAL|VARIABLE|P0067101000|1|0|1.0|INDIVIDUAL|VARIABLE|P0067101000|1|0|1.0|INDIVIDUAL|VARIABLE|P0067101000|1|0|1.0|INDIVIDUAL|VARIABLE|P0067101000|1|0|1.0|INDIVIDUAL|VARIABLE|P0067101000|1|0|1.0|INDIVIDUAL|VARIABLE|P0067101000|1|0|1.0|INDIVIDUAL|VARIABLE|P0067101000|1|0|1.0|INDIVIDUAL|VARIABLE|P0067101000|1|0|1.0|INDIVIDUAL|VARIABLE|P0067101000|1|0|1.0|INDIVIDUAL|VARIABLE|P0067101000|1|0|1.0|INDIVIDUAL|VARIABLE|P0067101000|1|0|1.0|INDIVIDUAL|VARIABLE|P0067101000|1|0|1.0|INDIVIDUAL|VARIABLE|P0067101000|1|0|1.0|INDIVIDUAL|VARIABLE|P0067101000|1|0|1.0|INDIVIDUAL|VARIABLE|P0067101000|1|0|1.0|INDIVIDUAL|VARIABLE|P0067101000|1|0|1.0|INDIVIDUAL|VARIABLE|P0067101000|1|0|1.0|INDIVIDUAL|VARIABLE|P0067101000|1|0|1.0|INDIVIDUAL|VARIABLE|P0067101000|1|0|1.0|INDIVIDUAL|VARIABLE|P0067101000|1|0|1.0|INDIVIDUAL|VARIABLE|P0067101000|1|0|1.0|INDIVIDUAL|VARIABLE|P0067101000|1|0|1.0|INDIVIDUAL|VARIABLE|P0067101000|1|0|1.0|INDIVIDUAL|VARIABLE|P0067101000|1|0|1.0|INDIVIDUAL|VARIABLE|P0067101000|1|0|1.0|INDIVIDUAL|VARIABLE|P0067101000|1|0|1.0|INDIVIDUAL|VARIABLE|P0067101000|1|0|1.0|INDIVIDUAL|VARIABLE|P0067101000|1|0|1.0|INDIVIDUAL|VARIABLE|P0067101000|1|0|1.0|INDIVIDUAL|VARIABLE|P0067101000|1|0|1.0|INDIVIDUAL|VARIABLE|P0067101000|1|0|1.0|INDIVIDUAL|VARIABLE|P0067101000|1|0|1.0|INDIVIDUAL|VARIABLE|P0067101000|1|0|1.0|INDIVIDUAL|VARIABLE|P0067101000|1|0|1.0
637,INDIVIDUAL|VARIABLE|P0210111001|1|0|1.0|INDIVIDUAL|VARIABLE|P0210111001|1|0|1.0|INDIVIDUAL|VARIABLE|P0210111001|1|0|1.0|INDIVIDUAL|VARIABLE|P0210111001|1|0|1.0|INDIVIDUAL|VARIABLE|P0210111001|1|0|1.0|INDIVIDUAL|VARIABLE|P0210111001|1|0|1.0|INDIVIDUAL|VARIABLE|P0210111001|1|0|1.0|INDIVIDUAL|VARIABLE|P0210111001|1|0|1.0|INDIVIDUAL|VARIABLE|P0210111001|1|0|1.0|INDIVIDUAL|VARIABLE|P0210111001|1|0|1.0|INDIVIDUAL|VARIABLE|P0210111001|1|0|1.0|INDIVIDUAL|VARIABLE|P0210111001|1|0|1.0|INDIVIDUAL|VARIABLE|P0210111001|1|0|1.0|INDIVIDUAL|VARIABLE|P0210111001|1|0|1.0|INDIVIDUAL|VARIABLE|P0210111001|1|0|1.0|INDIVIDUAL|VARIABLE|P0210111001|1|0|1.0|INDIVIDUAL|VARIABLE|P0210111001|1|0|1.0|INDIVIDUAL|VARIABLE|P0210111001|1|0|1.0|INDIVIDUAL|VARIABLE|P0210111001|1|0|1.0|INDIVIDUAL|VARIABLE|P0210111001|1|0|1.0|INDIVIDUAL|VARIABLE|P0210111001|1|0|1.0|INDIVIDUAL|VARIABLE|P0210111001|1|0|1.0|INDIVIDUAL|VARIABLE|P0210111001|1|0|1.0|INDIVIDUAL|VARIABLE|P0210111001|1|0|1.0|INDIVIDUAL|VARIABLE|P0210111001|1|0|1.0|INDIVIDUAL|VARIABLE|P0210111001|1|0|1.0|INDIVIDUAL|VARIABLE|P0210111001|1|0|1.0|INDIVIDUAL|VARIABLE|P0210111001|1|0|1.0|INDIVIDUAL|VARIABLE|P0210111001|1|0|1.0|INDIVIDUAL|VARIABLE|P0210111001|1|0|1.0|INDIVIDUAL|VARIABLE|P0210111001|1|0|1.0|INDIVIDUAL|VARIABLE|P0210111001|1|0|1.0|INDIVIDUAL|VARIABLE|P0210111001|1|0|1.0|INDIVIDUAL|VARIABLE|P0210111001|1|0|1.0|INDIVIDUAL|VARIABLE|P0210111001|1|0|1.0|INDIVIDUAL|VARIABLE|P0210111001|1|0|1.0|INDIVIDUAL|VARIABLE|P0210111001|1|0|1.0|INDIVIDUAL|VARIABLE|P0210111001|1|0|1.0|INDIVIDUAL|VARIABLE|P0210111001|1|0|1.0|INDIVIDUAL|VARIABLE|P0210111001|1|0|1.0|INDIVIDUAL|VARIABLE|P0210111001|1|0|1.0|INDIVIDUAL|VARIABLE|P0210111001|1|0|1.0|INDIVIDUAL|VARIABLE|P0210111001|1|0|1.0|INDIVIDUAL|VARIABLE|P0210111001|1|0|1.0|INDIVIDUAL|VARIABLE|P0210111001|1|0|1.0|INDIVIDUAL|VARIABLE|P0210111001|1|0|1.0|INDIVIDUAL|VARIABLE|P0210111001|1|0|1.0|INDIVIDUAL|VARIABLE|P0210111001|1|0|1.0|INDIVIDUAL|VARIABLE|P0210111001|1|0|1.0|INDIVIDUAL|VARIABLE|P0210111001|1|0|1.0|INDIVIDUAL|VARIABLE|P0210111001|1|0|1.0|INDIVIDUAL|VARIABLE|P0210111001|1|0|1.0|INDIVIDUAL|VARIABLE|P0210111001|1|0|1.0|INDIVIDUAL|VARIABLE|P0210111001|1|0|1.0|INDIVIDUAL|VARIABLE|P0210111001|1|0|1.0|INDIVIDUAL|VARIABLE|P0210111001|1|0|1.0|INDIVIDUAL|VARIABLE|P0210111001|1|0|1.0|INDIVIDUAL|VARIABLE|P0210111001|1|0|1.0|INDIVIDUAL|VARIABLE|P0210111001|1|0|1.0|INDIVIDUAL|VARIABLE|P0210111001|1|0|1.0|INDIVIDUAL|VARIABLE|P0210111001|1|0|1.0|INDIVIDUAL|VARIABLE|P0210111001|1|0|1.0|INDIVIDUAL|VARIABLE|P0210111001|1|0|1.0|INDIVIDUAL|VARIABLE|P0210111001|1|0|1.0|INDIVIDUAL|VARIABLE|P0210111001|1|0|1.0|INDIVIDUAL|VARIABLE|P0210111001|1|0|1.0|INDIVIDUAL|VARIABLE|P0210111001|1|0|1.0|INDIVIDUAL|VARIABLE|P0210111001|1|0|1.0|INDIVIDUAL|VARIABLE|P0210111001|1|0|1.0|INDIVIDUAL|VARIABLE|P0210111001|1|0|1.0|INDIVIDUAL|VARIABLE|P0210111001|1|0|1.0|INDIVIDUAL|VARIABLE|P0210111001|1|0|1.0|INDIVIDUAL|VARIABLE|P0210111001|1|0|1.0|INDIVIDUAL|VARIABLE|P0210111001|1|0|1.0|INDIVIDUAL|VARIABLE|P0210111001|1|0|1.0|INDIVIDUAL|VARIABLE|P0210111001|1|0|1.0|INDIVIDUAL|VARIABLE|P0210111001|1|0|1.0|INDIVIDUAL|VARIABLE|P0210111001|1|0|1.0|INDIVIDUAL|VARIABLE|P0210111001|1|0|1.0|INDIVIDUAL|VARIABLE|P0210111001|1|0|1.0|INDIVIDUAL|VARIABLE|P0210111001|1|0|1.0|INDIVIDUAL|VARIABLE|P0210111001|1|0|1.0|INDIVIDUAL|VARIABLE|P0210111001|1|0|1.0|INDIVIDUAL|VARIABLE|P0210111001|1|0|1.0|INDIVIDUAL|VARIABLE|P0210111001|1|0|1.0|INDIVIDUAL|VARIABLE|P0210111001|1|0|1.0|INDIVIDUAL|VARIABLE|P0210111001|1|0|1.0|INDIVIDUAL|VARIABLE|P0210111001|1|0|1.0|INDIVIDUAL|VARIABLE|P0210111001|1|0|1.0|INDIVIDUAL|VARIABLE|P0210111001|1|0|1.0|INDIVIDUAL|VARIABLE|P0210111001|1|0|1.0|INDIVIDUAL|VARIABLE|P0210111001|1|0|1.0|INDIVIDUAL|VARIABLE|P0210111001|1|0|1.0|INDIVIDUAL|VARIABLE|P0210111001|1|0|1.0|INDIVIDUAL|VARIABLE|P0210111001|1|0|1.0|INDIVIDUAL|VARIABLE|P0210111001|1|0|1.0|INDIVIDUAL|VARIABLE|P0210111001|1|0|1.0|INDIVIDUAL|VARIABLE|P0210111001|1|0|1.0|INDIVIDUAL|VARIABLE|P0210111001|1|0|1.0|INDIVIDUAL|VARIABLE|P0210111001|1|0|1.0|INDIVIDUAL|VARIABLE|P0210111001|1|0|1.0|INDIVIDUAL|VARIABLE|P0210111001|1|0|1.0|INDIVIDUAL|VARIABLE|P0210111001|1|0|1.0|INDIVIDUAL|VARIABLE|P0210111001|1|0|1.0|INDIVIDUAL|VARIABLE|P0210111001|1|0|1.0|INDIVIDUAL|VARIABLE|P0210111001|1|0|1.0|INDIVIDUAL|VARIABLE|P0210111001|1|0|1.0|INDIVIDUAL|VARIABLE|P0210111001|1|0|1.0|INDIVIDUAL|VARIABLE|P0210111001|1|0|1.0|INDIVIDUAL|VARIABLE|P0210111001|1|0|1.0|INDIVIDUAL|VARIABLE|P0210111001|1|0|1.0|INDIVIDUAL|VARIABLE|P0210111001|1|0|1.0|INDIVIDUAL|VARIABLE|P0210111001|1|0|1.0|INDIVIDUAL|VARIABLE|P0210111001|1|0|1.0|INDIVIDUAL|VARIABLE|P0210111001|1|0|1.0|INDIVIDUAL|VARIABLE|P0210111001|1|0|1.0|INDIVIDUAL|VARIABLE|P0210111001|1|0|1.0|INDIVIDUAL|VARIABLE|P0210111001|1|0|1.0|INDIVIDUAL|VARIABLE|P0210111001|1|0|1.0|INDIVIDUAL|VARIABLE|P0210111001|1|0|1.0|INDIVIDUAL|VARIABLE|P0210111001|1|0|1.0|INDIVIDUAL|VARIABLE|P0210111001|1|0|1.0|INDIVIDUAL|VARIABLE|P0210111001|1|0|1.0|INDIVIDUAL|VARIABLE|P0210111001|1|0|1.0|INDIVIDUAL|VARIABLE|P0210111001|1|0|1.0|INDIVIDUAL|VARIABLE|P0210111001|1|0|1.0|INDIVIDUAL|VARIABLE|P0210111001|1|0|1.0|INDIVIDUAL|VARIABLE|P0210111001|1|0|1.0|INDIVIDUAL|VARIABLE|P0210111001|1|0|1.0|INDIVIDUAL|VARIABLE|P0210111001|1|0|1.0|INDIVIDUAL|VARIABLE|P0210111001|1|0|1.0|INDIVIDUAL|VARIABLE|P0210111001|1|0|1.0|INDIVIDUAL|VARIABLE|P0210111001|1|0|1.0|INDIVIDUAL|VARIABLE|P0210111001|1|0|1.0|INDIVIDUAL|VARIABLE|P0210111001|1|0|1.0|INDIVIDUAL|VARIABLE|P0210111001|1|0|1.0|INDIVIDUAL|VARIABLE|P0210111001|1|0|1.0|INDIVIDUAL|VARIABLE|P0210111001|1|0|1.0|INDIVIDUAL|VARIABLE|P0210111001|1|0|1.0|INDIVIDUAL|VARIABLE|P0210111001|1|0|1.0|INDIVIDUAL|VARIABLE|P0210111001|1|0|1.0|INDIVIDUAL|VARIABLE|P0210111001|1|0|1.0|INDIVIDUAL|VARIABLE|P0210111001|1|0|1.0|INDIVIDUAL|VARIABLE|P0210111001|1|0|1.0|INDIVIDUAL|VARIABLE|P0210111001|1|0|1.0|INDIVIDUAL|VARIABLE|P0210111001|1|0|1.0|INDIVIDUAL|VARIABLE|P0210111001|1|0|1.0|INDIVIDUAL|VARIABLE|P0210111001|1|0|1.0|INDIVIDUAL|VARIABLE|P0210111001|1|0|1.0|INDIVIDUAL|VARIABLE|P0210111001|1|0|1.0|INDIVIDUAL|VARIABLE|P0210111001|1|0|1.0|INDIVIDUAL|VARIABLE|P0210111001|1|0|1.0|INDIVIDUAL|VARIABLE|P0210111001|1|0|1.0|INDIVIDUAL|VARIABLE|P0210111001|1|0|1.0|INDIVIDUAL|VARIABLE|P0210111001|1|0|1.0|INDIVIDUAL|VARIABLE|P0210111001|1|0|1.0|INDIVIDUAL|VARIABLE|P0210111001|1|0|1.0|INDIVIDUAL|VARIABLE|P0210111001|1|0|1.0|INDIVIDUAL|VARIABLE|P0210111001|1|0|1.0|INDIVIDUAL|VARIABLE|P0210111001|1|0|1.0|INDIVIDUAL|VARIABLE|P0210111001|1|0|1.0|INDIVIDUAL|VARIABLE|P0210111001|1|0|1.0|INDIVIDUAL|VARIABLE|P0210111001|1|0|1.0|INDIVIDUAL|VARIABLE|P0210111001|1|0|1.0|INDIVIDUAL|VARIABLE|P0210111001|1|0|1.0|INDIVIDUAL|VARIABLE|P0210111001|1|0|1.0|INDIVIDUAL|VARIABLE|P0210111001|1|0|1.0|INDIVIDUAL|VARIABLE|P0210111001|1|0|1.0|INDIVIDUAL|VARIABLE|P0210111001|1|0|1.0|INDIVIDUAL|VARIABLE|P0210111001|1|0|1.0|INDIVIDUAL|VARIABLE|P0210111001|1|0|1.0|INDIVIDUAL|VARIABLE|P0210111001|1|0|1.0|INDIVIDUAL|VARIABLE|P0210111001|1|0|1.0|INDIVIDUAL|VARIABLE|P0210111001|1|0|1.0|INDIVIDUAL|VARIABLE|P0210111001|1|0|1.0|INDIVIDUAL|VARIABLE|P0210111001|1|0|1.0|INDIVIDUAL|VARIABLE|P0210111001|1|0|1.0|INDIVIDUAL|VARIABLE|P0210111001|1|0|1.0|INDIVIDUAL|VARIABLE|P0210111001|1|0|1.0|INDIVIDUAL|VARIABLE|P0210111001|1|0|1.0|INDIVIDUAL|VARIABLE|P0210111001|1|0|1.0|INDIVIDUAL|VARIABLE|P0210111001|1|0|1.0|INDIVIDUAL|VARIABLE|P0210111001|1|0|1.0|INDIVIDUAL|VARIABLE|P0210111001|1|0|1.0|INDIVIDUAL|VARIABLE|P0210111001|1|0|1.0|INDIVIDUAL|VARIABLE|P0210111001|1|0|1.0|INDIVIDUAL|VARIABLE|P0210111001|1|0|1.0|INDIVIDUAL|VARIABLE|P0210111001|1|0|1.0|INDIVIDUAL|VARIABLE|P0210111001|1|0|1.0|INDIVIDUAL|VARIABLE|P0210111001|1|0|1.0|INDIVIDUAL|VARIABLE|P0210111001|1|0|1.0|INDIVIDUAL|VARIABLE|P0210111001|1|0|1.0|INDIVIDUAL|VARIABLE|P0210111001|1|0|1.0|INDIVIDUAL|VARIABLE|P0210111001|1|0|1.0|INDIVIDUAL|VARIABLE|P0210111001|1|0|1.0|INDIVIDUAL|VARIABLE|P0210111001|1|0|1.0|INDIVIDUAL|VARIABLE|P0210111001|1|0|1.0|INDIVIDUAL|VARIABLE|P0210111001|1|0|1.0|INDIVIDUAL|VARIABLE|P0210111001|1|0|1.0|INDIVIDUAL|VARIABLE|P0210111001|1|0|1.0|INDIVIDUAL|VARIABLE|P0210111001|1|0|1.0|INDIVIDUAL|VARIABLE|P0210111001|1|0|1.0|INDIVIDUAL|VARIABLE|P0210111001|1|0|1.0|INDIVIDUAL|VARIABLE|P0210111001|1|0|1.0|INDIVIDUAL|VARIABLE|P0210111001|1|0|1.0|INDIVIDUAL|VARIABLE|P0210111001|1|0|1.0|INDIVIDUAL|VARIABLE|P0210111001|1|0|1.0|INDIVIDUAL|VARIABLE|P0210111001|1|0|1.0|INDIVIDUAL|VARIABLE|P0210111001|1|0|1.0|INDIVIDUAL|VARIABLE|P0210111001|1|0|1.0|INDIVIDUAL|VARIABLE|P0210111001|1|0|1.0|INDIVIDUAL|VARIABLE|P0210111001|1|0|1.0|INDIVIDUAL|VARIABLE|P0210111001|1|0|1.0|INDIVIDUAL|VARIABLE|P0210111001|1|0|1.0|INDIVIDUAL|VARIABLE|P0210111001|1|0|1.0|INDIVIDUAL|VARIABLE|P0210111001|1|0|1.0|INDIVIDUAL|VARIABLE|P0210111001|1|0|1.0|INDIVIDUAL|VARIABLE|P0210111001|1|0|1.0|INDIVIDUAL|VARIABLE|P0210111001|1|0|1.0|INDIVIDUAL|VARIABLE|P0210111001|1|0|1.0|INDIVIDUAL|VARIABLE|P0210111001|1|0|1.0|INDIVIDUAL|VARIABLE|P0210111001|1|0|1.0|INDIVIDUAL|VARIABLE|P0210111001|1|0|1.0|INDIVIDUAL|VARIABLE|P0210111001|1|0|1.0|INDIVIDUAL|VARIABLE|P0210111001|1|0|1.0|INDIVIDUAL|VARIABLE|P0210111001|1|0|1.0|INDIVIDUAL|VARIABLE|P0210111001|1|0|1.0|INDIVIDUAL|VARIABLE|P0210111001|1|0|1.0|INDIVIDUAL|VARIABLE|P0210111001|1|0|1.0|INDIVIDUAL|VARIABLE|P0210111001|1|0|1.0|INDIVIDUAL|VARIABLE|P0210111001|1|0|1.0|INDIVIDUAL|VARIABLE|P0210111001|1|0|1.0|INDIVIDUAL|VARIABLE|P0210111001|1|0|1.0|INDIVIDUAL|VARIABLE|P0210111001|1|0|1.0|INDIVIDUAL|VARIABLE|P0210111001|1|0|1.0|INDIVIDUAL|VARIABLE|P0210111001|1|0|1.0|INDIVIDUAL|VARIABLE|P0210111001|1|0|1.0|INDIVIDUAL|VARIABLE|P0210111001|1|0|1.0|INDIVIDUAL|VARIABLE|P0210111001|1|0|1.0|INDIVIDUAL|VARIABLE|P0210111001|1|0|1.0|INDIVIDUAL|VARIABLE|P0210111001|1|0|1.0|INDIVIDUAL|VARIABLE|P0210111001|1|0|1.0|INDIVIDUAL|VARIABLE|P0210111001|1|0|1.0|INDIVIDUAL|VARIABLE|P0210111001|1|0|1.0|INDIVIDUAL|VARIABLE|P0210111001|1|0|1.0|INDIVIDUAL|VARIABLE|P0210111001|1|0|1.0|INDIVIDUAL|VARIABLE|P0210111001|1|0|1.0|INDIVIDUAL|VARIABLE|P0210111001|1|0|1.0|INDIVIDUAL|VARIABLE|P0210111001|1|0|1.0|INDIVIDUAL|VARIABLE|P0210111001|1|0|1.0|INDIVIDUAL|VARIABLE|P0210111001|1|0|1.0|INDIVIDUAL|VARIABLE|P0210111001|1|0|1.0|INDIVIDUAL|VARIABLE|P0210111001|1|0|1.0|INDIVIDUAL|VARIABLE|P0210111001|1|0|1.0|INDIVIDUAL|VARIABLE|P0210111001|1|0|1.0|INDIVIDUAL|VARIABLE|P0210111001|1|0|1.0|INDIVIDUAL|VARIABLE|P0210111001|1|0|1.0|INDIVIDUAL|VARIABLE|P0210111001|1|0|1.0|INDIVIDUAL|VARIABLE|P0210111001|1|0|1.0|INDIVIDUAL|VARIABLE|P0210111001|1|0|1.0
638,INDIVIDUAL|VARIABLE|P0292107001|1|0|1.0|INDIVIDUAL|VARIABLE|P0292107001|1|0|1.0|INDIVIDUAL|VARIABLE|P0292107001|1|0|1.0|INDIVIDUAL|VARIABLE|P0292107001|1|0|1.0|INDIVIDUAL|VARIABLE|P0292107001|1|0|1.0|INDIVIDUAL|VARIABLE|P0292107001|1|0|1.0|INDIVIDUAL|VARIABLE|P0292107001|1|0|1.0|INDIVIDUAL|VARIABLE|P0292107001|1|0|1.0|INDIVIDUAL|VARIABLE|P0292107001|1|0|1.0|INDIVIDUAL|VARIABLE|P0292107001|1|0|1.0|INDIVIDUAL|VARIABLE|P0292107001|1|0|1.0|INDIVIDUAL|VARIABLE|P0292107001|1|0|1.0|INDIVIDUAL|VARIABLE|P0292107001|1|0|1.0|INDIVIDUAL|VARIABLE|P0292107001|1|0|1.0|INDIVIDUAL|VARIABLE|P0292107001|1|0|1.0|INDIVIDUAL|VARIABLE|P0292107001|1|0|1.0|INDIVIDUAL|VARIABLE|P0292107001|1|0|1.0|INDIVIDUAL|VARIABLE|P0292107001|1|0|1.0|INDIVIDUAL|VARIABLE|P0292107001|1|0|1.0|INDIVIDUAL|VARIABLE|P0292107001|1|0|1.0|INDIVIDUAL|VARIABLE|P0292107001|1|0|1.0|INDIVIDUAL|VARIABLE|P0292107001|1|0|1.0|INDIVIDUAL|VARIABLE|P0292107001|1|0|1.0|INDIVIDUAL|VARIABLE|P0292107001|1|0|1.0|INDIVIDUAL|VARIABLE|P0292107001|1|0|1.0|INDIVIDUAL|VARIABLE|P0292107001|1|0|1.0|INDIVIDUAL|VARIABLE|P0292107001|1|0|1.0|INDIVIDUAL|VARIABLE|P0292107001|1|0|1.0|INDIVIDUAL|VARIABLE|P0292107001|1|0|1.0|INDIVIDUAL|VARIABLE|P0292107001|1|0|1.0|INDIVIDUAL|VARIABLE|P0292107001|1|0|1.0|INDIVIDUAL|VARIABLE|P0292107001|1|0|1.0|INDIVIDUAL|VARIABLE|P0292107001|1|0|1.0|INDIVIDUAL|VARIABLE|P0292107001|1|0|1.0|INDIVIDUAL|VARIABLE|P0292107001|1|0|1.0|INDIVIDUAL|VARIABLE|P0292107001|1|0|1.0|INDIVIDUAL|VARIABLE|P0292107001|1|0|1.0|INDIVIDUAL|VARIABLE|P0292107001|1|0|1.0|INDIVIDUAL|VARIABLE|P0292107001|1|0|1.0|INDIVIDUAL|VARIABLE|P0292107001|1|0|1.0|INDIVIDUAL|VARIABLE|P0292107001|1|0|1.0|INDIVIDUAL|VARIABLE|P0292107001|1|0|1.0|INDIVIDUAL|VARIABLE|P0292107001|1|0|1.0|INDIVIDUAL|VARIABLE|P0292107001|1|0|1.0|INDIVIDUAL|VARIABLE|P0292107001|1|0|1.0|INDIVIDUAL|VARIABLE|P0292107001|1|0|1.0|INDIVIDUAL|VARIABLE|P0292107001|1|0|1.0|INDIVIDUAL|VARIABLE|P0292107001|1|0|1.0|INDIVIDUAL|VARIABLE|P0292107001|1|0|1.0|INDIVIDUAL|VARIABLE|P0292107001|1|0|1.0|INDIVIDUAL|VARIABLE|P0292107001|1|0|1.0|INDIVIDUAL|VARIABLE|P0292107001|1|0|1.0|INDIVIDUAL|VARIABLE|P0292107001|1|0|1.0|INDIVIDUAL|VARIABLE|P0292107001|1|0|1.0|INDIVIDUAL|VARIABLE|P0292107001|1|0|1.0|INDIVIDUAL|VARIABLE|P0292107001|1|0|1.0|INDIVIDUAL|VARIABLE|P0292107001|1|0|1.0|INDIVIDUAL|VARIABLE|P0292107001|1|0|1.0|INDIVIDUAL|VARIABLE|P0292107001|1|0|1.0|INDIVIDUAL|VARIABLE|P0292107001|1|0|1.0|INDIVIDUAL|VARIABLE|P0292107001|1|0|1.0|INDIVIDUAL|VARIABLE|P0292107001|1|0|1.0|INDIVIDUAL|VARIABLE|P0292107001|1|0|1.0|INDIVIDUAL|VARIABLE|P0292107001|1|0|1.0|INDIVIDUAL|VARIABLE|P0292107001|1|0|1.0|INDIVIDUAL|VARIABLE|P0292107001|1|0|1.0|INDIVIDUAL|VARIABLE|P0292107001|1|0|1.0|INDIVIDUAL|VARIABLE|P0292107001|1|0|1.0|INDIVIDUAL|VARIABLE|P0292107001|1|0|1.0|INDIVIDUAL|VARIABLE|P0292107001|1|0|1.0|INDIVIDUAL|VARIABLE|P0292107001|1|0|1.0|INDIVIDUAL|VARIABLE|P0292107001|1|0|1.0|INDIVIDUAL|VARIABLE|P0292107001|1|0|1.0|INDIVIDUAL|VARIABLE|P0292107001|1|0|1.0|INDIVIDUAL|VARIABLE|P0292107001|1|0|1.0|INDIVIDUAL|VARIABLE|P0292107001|1|0|1.0|INDIVIDUAL|VARIABLE|P0292107001|1|0|1.0|INDIVIDUAL|VARIABLE|P0292107001|1|0|1.0|INDIVIDUAL|VARIABLE|P0292107001|1|0|1.0|INDIVIDUAL|VARIABLE|P0292107001|1|0|1.0|INDIVIDUAL|VARIABLE|P0292107001|1|0|1.0|INDIVIDUAL|VARIABLE|P0292107001|1|0|1.0|INDIVIDUAL|VARIABLE|P0292107001|1|0|1.0|INDIVIDUAL|VARIABLE|P0292107001|1|0|1.0|INDIVIDUAL|VARIABLE|P0292107001|1|0|1.0|INDIVIDUAL|VARIABLE|P0292107001|1|0|1.0|INDIVIDUAL|VARIABLE|P0292107001|1|0|1.0|INDIVIDUAL|VARIABLE|P0292107001|1|0|1.0|INDIVIDUAL|VARIABLE|P0292107001|1|0|1.0|INDIVIDUAL|VARIABLE|P0292107001|1|0|1.0|INDIVIDUAL|VARIABLE|P0292107001|1|0|1.0|INDIVIDUAL|VARIABLE|P0292107001|1|0|1.0|INDIVIDUAL|VARIABLE|P0292107001|1|0|1.0|INDIVIDUAL|VARIABLE|P0292107001|1|0|1.0|INDIVIDUAL|VARIABLE|P0292107001|1|0|1.0|INDIVIDUAL|VARIABLE|P0292107001|1|0|1.0|INDIVIDUAL|VARIABLE|P0292107001|1|0|1.0|INDIVIDUAL|VARIABLE|P0292107001|1|0|1.0|INDIVIDUAL|VARIABLE|P0292107001|1|0|1.0|INDIVIDUAL|VARIABLE|P0292107001|1|0|1.0|INDIVIDUAL|VARIABLE|P0292107001|1|0|1.0|INDIVIDUAL|VARIABLE|P0292107001|1|0|1.0|INDIVIDUAL|VARIABLE|P0292107001|1|0|1.0|INDIVIDUAL|VARIABLE|P0292107001|1|0|1.0|INDIVIDUAL|VARIABLE|P0292107001|1|0|1.0|INDIVIDUAL|VARIABLE|P0292107001|1|0|1.0|INDIVIDUAL|VARIABLE|P0292107001|1|0|1.0|INDIVIDUAL|VARIABLE|P0292107001|1|0|1.0|INDIVIDUAL|VARIABLE|P0292107001|1|0|1.0|INDIVIDUAL|VARIABLE|P0292107001|1|0|1.0|INDIVIDUAL|VARIABLE|P0292107001|1|0|1.0|INDIVIDUAL|VARIABLE|P0292107001|1|0|1.0|INDIVIDUAL|VARIABLE|P0292107001|1|0|1.0|INDIVIDUAL|VARIABLE|P0292107001|1|0|1.0|INDIVIDUAL|VARIABLE|P0292107001|1|0|1.0|INDIVIDUAL|VARIABLE|P0292107001|1|0|1.0|INDIVIDUAL|VARIABLE|P0292107001|1|0|1.0|INDIVIDUAL|VARIABLE|P0292107001|1|0|1.0|INDIVIDUAL|VARIABLE|P0292107001|1|0|1.0|INDIVIDUAL|VARIABLE|P0292107001|1|0|1.0|INDIVIDUAL|VARIABLE|P0292107001|1|0|1.0|INDIVIDUAL|VARIABLE|P0292107001|1|0|1.0|INDIVIDUAL|VARIABLE|P0292107001|1|0|1.0|INDIVIDUAL|VARIABLE|P0292107001|1|0|1.0|INDIVIDUAL|VARIABLE|P0292107001|1|0|1.0|INDIVIDUAL|VARIABLE|P0292107001|1|0|1.0|INDIVIDUAL|VARIABLE|P0292107001|1|0|1.0|INDIVIDUAL|VARIABLE|P0292107001|1|0|1.0|INDIVIDUAL|VARIABLE|P0292107001|1|0|1.0|INDIVIDUAL|VARIABLE|P0292107001|1|0|1.0|INDIVIDUAL|VARIABLE|P0292107001|1|0|1.0|INDIVIDUAL|VARIABLE|P0292107001|1|0|1.0
639,INDIVIDUAL|VARIABLE|P0292094005|1|0|1.0|INDIVIDUAL|VARIABLE|P0292094005|1|0|1.0|INDIVIDUAL|VARIABLE|P0292094005|1|0|1.0|INDIVIDUAL|VARIABLE|P0292094005|1|0|1.0|INDIVIDUAL|VARIABLE|P0292094005|1|0|1.0|INDIVIDUAL|VARIABLE|P0292094005|1|0|1.0|INDIVIDUAL|VARIABLE|P0292094005|1|0|1.0|INDIVIDUAL|VARIABLE|P0292094005|1|0|1.0|INDIVIDUAL|VARIABLE|P0292094005|1|0|1.0|INDIVIDUAL|VARIABLE|P0292094005|1|0|1.0|INDIVIDUAL|VARIABLE|P0292094005|1|0|1.0|INDIVIDUAL|VARIABLE|P0292094005|1|0|1.0|INDIVIDUAL|VARIABLE|P0292094005|1|0|1.0|INDIVIDUAL|VARIABLE|P0292094005|1|0|1.0|INDIVIDUAL|VARIABLE|P0292094005|1|0|1.0|INDIVIDUAL|VARIABLE|P0292094005|1|0|1.0|INDIVIDUAL|VARIABLE|P0292094005|1|0|1.0|INDIVIDUAL|VARIABLE|P0292094005|1|0|1.0|INDIVIDUAL|VARIABLE|P0292094005|1|0|1.0|INDIVIDUAL|VARIABLE|P0292094005|1|0|1.0|INDIVIDUAL|VARIABLE|P0292094005|1|0|1.0|INDIVIDUAL|VARIABLE|P0292094005|1|0|1.0|INDIVIDUAL|VARIABLE|P0292094005|1|0|1.0|INDIVIDUAL|VARIABLE|P0292094005|1|0|1.0|INDIVIDUAL|VARIABLE|P0292094005|1|0|1.0|INDIVIDUAL|VARIABLE|P0292094005|1|0|1.0|INDIVIDUAL|VARIABLE|P0292094005|1|0|1.0|INDIVIDUAL|VARIABLE|P0292094005|1|0|1.0|INDIVIDUAL|VARIABLE|P0292094005|1|0|1.0|INDIVIDUAL|VARIABLE|P0292094005|1|0|1.0|INDIVIDUAL|VARIABLE|P0292094005|1|0|1.0|INDIVIDUAL|VARIABLE|P0292094005|1|0|1.0|INDIVIDUAL|VARIABLE|P0292094005|1|0|1.0|INDIVIDUAL|VARIABLE|P0292094005|1|0|1.0|INDIVIDUAL|VARIABLE|P0292094005|1|0|1.0|INDIVIDUAL|VARIABLE|P0292094005|1|0|1.0|INDIVIDUAL|VARIABLE|P0292094005|1|0|1.0|INDIVIDUAL|VARIABLE|P0292094005|1|0|1.0|INDIVIDUAL|VARIABLE|P0292094005|1|0|1.0|INDIVIDUAL|VARIABLE|P0292094005|1|0|1.0
640,INDIVIDUAL|VARIABLE|P0210061000|1|0|1.0|INDIVIDUAL|VARIABLE|P0210061000|1|0|1.0|INDIVIDUAL|VARIABLE|P0210061000|1|0|1.0|INDIVIDUAL|VARIABLE|P0210061000|1|0|1.0|INDIVIDUAL|VARIABLE|P0210061000|1|0|1.0|INDIVIDUAL|VARIABLE|P0210061000|1|0|1.0|INDIVIDUAL|VARIABLE|P0210061000|1|0|1.0|INDIVIDUAL|VARIABLE|P0210061000|1|0|1.0|INDIVIDUAL|VARIABLE|P0210061000|1|0|1.0|INDIVIDUAL|VARIABLE|P0210061000|1|0|1.0|INDIVIDUAL|VARIABLE|P0210061000|1|0|1.0|INDIVIDUAL|VARIABLE|P0210061000|1|0|1.0|INDIVIDUAL|VARIABLE|P0210061000|1|0|1.0|INDIVIDUAL|VARIABLE|P0210061000|1|0|1.0|INDIVIDUAL|VARIABLE|P0210061000|1|0|1.0|INDIVIDUAL|VARIABLE|P0210061000|1|0|1.0|INDIVIDUAL|VARIABLE|P0210061000|1|0|1.0|INDIVIDUAL|VARIABLE|P0210061000|1|0|1.0|INDIVIDUAL|VARIABLE|P0210061000|1|0|1.0|INDIVIDUAL|VARIABLE|P0210061000|1|0|1.0|INDIVIDUAL|VARIABLE|P0210061000|1|0|1.0|INDIVIDUAL|VARIABLE|P0210061000|1|0|1.0|INDIVIDUAL|VARIABLE|P0210061000|1|0|1.0|INDIVIDUAL|VARIABLE|P0210061000|1|0|1.0|INDIVIDUAL|VARIABLE|P0210061000|1|0|1.0|INDIVIDUAL|VARIABLE|P0210061000|1|0|1.0|INDIVIDUAL|VARIABLE|P0210061000|1|0|1.0|INDIVIDUAL|VARIABLE|P0210061000|1|0|1.0|INDIVIDUAL|VARIABLE|P0210061000|1|0|1.0|INDIVIDUAL|VARIABLE|P0210061000|1|0|1.0
641,INDIVIDUAL|VARIABLE|P0210072000|1|0|1.0|INDIVIDUAL|VARIABLE|P0210072000|1|0|1.0|INDIVIDUAL|VARIABLE|P0210072000|1|0|1.0|INDIVIDUAL|VARIABLE|P0210072000|1|0|1.0|INDIVIDUAL|VARIABLE|P0210072000|1|0|1.0|INDIVIDUAL|VARIABLE|P0210072000|1|0|1.0|INDIVIDUAL|VARIABLE|P0210072000|1|0|1.0|INDIVIDUAL|VARIABLE|P0210072000|1|0|1.0|INDIVIDUAL|VARIABLE|P0210072000|1|0|1.0|INDIVIDUAL|VARIABLE|P0210072000|1|0|1.0|INDIVIDUAL|VARIABLE|P0210072000|1|0|1.0|INDIVIDUAL|VARIABLE|P0210072000|1|0|1.0|INDIVIDUAL|VARIABLE|P0210072000|1|0|1.0|INDIVIDUAL|VARIABLE|P0210072000|1|0|1.0|INDIVIDUAL|VARIABLE|P0210072000|1|0|1.0|INDIVIDUAL|VARIABLE|P0210072000|1|0|1.0|INDIVIDUAL|VARIABLE|P0210072000|1|0|1.0|INDIVIDUAL|VARIABLE|P0210072000|1|0|1.0|INDIVIDUAL|VARIABLE|P0210072000|1|0|1.0|INDIVIDUAL|VARIABLE|P0210072000|1|0|1.0|INDIVIDUAL|VARIABLE|P0210072000|1|0|1.0|INDIVIDUAL|VARIABLE|P0210072000|1|0|1.0|INDIVIDUAL|VARIABLE|P0210072000|1|0|1.0|INDIVIDUAL|VARIABLE|P0210072000|1|0|1.0|INDIVIDUAL|VARIABLE|P0210072000|1|0|1.0|INDIVIDUAL|VARIABLE|P0210072000|1|0|1.0|INDIVIDUAL|VARIABLE|P0210072000|1|0|1.0|INDIVIDUAL|VARIABLE|P0210072000|1|0|1.0|INDIVIDUAL|VARIABLE|P0210072000|1|0|1.0|INDIVIDUAL|VARIABLE|P0210072000|1|0|1.0|INDIVIDUAL|VARIABLE|P0210072000|1|0|1.0|INDIVIDUAL|VARIABLE|P0210072000|1|0|1.0|INDIVIDUAL|VARIABLE|P0210072000|1|0|1.0|INDIVIDUAL|VARIABLE|P0210072000|1|0|1.0|INDIVIDUAL|VARIABLE|P0210072000|1|0|1.0|INDIVIDUAL|VARIABLE|P0210072000|1|0|1.0|INDIVIDUAL|VARIABLE|P0210072000|1|0|1.0|INDIVIDUAL|VARIABLE|P0210072000|1|0|1.0|INDIVIDUAL|VARIABLE|P0210072000|1|0|1.0|INDIVIDUAL|VARIABLE|P0210072000|1|0|1.0|INDIVIDUAL|VARIABLE|P0210072000|1|0|1.0|INDIVIDUAL|VARIABLE|P0210072000|1|0|1.0|INDIVIDUAL|VARIABLE|P0210072000|1|0|1.0|INDIVIDUAL|VARIABLE|P0210072000|1|0|1.0|INDIVIDUAL|VARIABLE|P0210072000|1|0|1.0|INDIVIDUAL|VARIABLE|P0210072000|1|0|1.0|INDIVIDUAL|VARIABLE|P0210072000|1|0|1.0|INDIVIDUAL|VARIABLE|P0210072000|1|0|1.0|INDIVIDUAL|VARIABLE|P0210072000|1|0|1.0|INDIVIDUAL|VARIABLE|P0210072000|1|0|1.0|INDIVIDUAL|VARIABLE|P0210072000|1|0|1.0|INDIVIDUAL|VARIABLE|P0210072000|1|0|1.0|INDIVIDUAL|VARIABLE|P0210072000|1|0|1.0|INDIVIDUAL|VARIABLE|P0210072000|1|0|1.0|INDIVIDUAL|VARIABLE|P0210072000|1|0|1.0|INDIVIDUAL|VARIABLE|P0210072000|1|0|1.0|INDIVIDUAL|VARIABLE|P0210072000|1|0|1.0|INDIVIDUAL|VARIABLE|P0210072000|1|0|1.0|INDIVIDUAL|VARIABLE|P0210072000|1|0|1.0|INDIVIDUAL|VARIABLE|P0210072000|1|0|1.0|INDIVIDUAL|VARIABLE|P0210072000|1|0|1.0|INDIVIDUAL|VARIABLE|P0210072000|1|0|1.0|INDIVIDUAL|VARIABLE|P0210072000|1|0|1.0|INDIVIDUAL|VARIABLE|P0210072000|1|0|1.0|INDIVIDUAL|VARIABLE|P0210072000|1|0|1.0|INDIVIDUAL|VARIABLE|P0210072000|1|0|1.0|INDIVIDUAL|VARIABLE|P0210072000|1|0|1.0|INDIVIDUAL|VARIABLE|P0210072000|1|0|1.0|INDIVIDUAL|VARIABLE|P0210072000|1|0|1.0|INDIVIDUAL|VARIABLE|P0210072000|1|0|1.0|INDIVIDUAL|VARIABLE|P0210072000|1|0|1.0|INDIVIDUAL|VARIABLE|P0210072000|1|0|1.0|INDIVIDUAL|VARIABLE|P0210072000|1|0|1.0|INDIVIDUAL|VARIABLE|P0210072000|1|0|1.0|INDIVIDUAL|VARIABLE|P0210072000|1|0|1.0|INDIVIDUAL|VARIABLE|P0210072000|1|0|1.0|INDIVIDUAL|VARIABLE|P0210072000|1|0|1.0|INDIVIDUAL|VARIABLE|P0210072000|1|0|1.0|INDIVIDUAL|VARIABLE|P0210072000|1|0|1.0|INDIVIDUAL|VARIABLE|P0210072000|1|0|1.0|INDIVIDUAL|VARIABLE|P0210072000|1|0|1.0|INDIVIDUAL|VARIABLE|P0210072000|1|0|1.0|INDIVIDUAL|VARIABLE|P0210072000|1|0|1.0|INDIVIDUAL|VARIABLE|P0210072000|1|0|1.0|INDIVIDUAL|VARIABLE|P0210072000|1|0|1.0|INDIVIDUAL|VARIABLE|P0210072000|1|0|1.0|INDIVIDUAL|VARIABLE|P0210072000|1|0|1.0|INDIVIDUAL|VARIABLE|P0210072000|1|0|1.0|INDIVIDUAL|VARIABLE|P0210072000|1|0|1.0|INDIVIDUAL|VARIABLE|P0210072000|1|0|1.0
642,INDIVIDUAL|VARIABLE|P0210136000|1|0|1.0|INDIVIDUAL|VARIABLE|P0210136000|1|0|1.0|INDIVIDUAL|VARIABLE|P0210136000|1|0|1.0|INDIVIDUAL|VARIABLE|P0210136000|1|0|1.0|INDIVIDUAL|VARIABLE|P0210136000|1|0|1.0|INDIVIDUAL|VARIABLE|P0210136000|1|0|1.0|INDIVIDUAL|VARIABLE|P0210136000|1|0|1.0|INDIVIDUAL|VARIABLE|P0210136000|1|0|1.0|INDIVIDUAL|VARIABLE|P0210136000|1|0|1.0|INDIVIDUAL|VARIABLE|P0210136000|1|0|1.0|INDIVIDUAL|VARIABLE|P0210136000|1|0|1.0|INDIVIDUAL|VARIABLE|P0210136000|1|0|1.0|INDIVIDUAL|VARIABLE|P0210136000|1|0|1.0|INDIVIDUAL|VARIABLE|P0210136000|1|0|1.0|INDIVIDUAL|VARIABLE|P0210136000|1|0|1.0|INDIVIDUAL|VARIABLE|P0210136000|1|0|1.0|INDIVIDUAL|VARIABLE|P0210136000|1|0|1.0|INDIVIDUAL|VARIABLE|P0210136000|1|0|1.0|INDIVIDUAL|VARIABLE|P0210136000|1|0|1.0|INDIVIDUAL|VARIABLE|P0210136000|1|0|1.0|INDIVIDUAL|VARIABLE|P0210136000|1|0|1.0|INDIVIDUAL|VARIABLE|P0210136000|1|0|1.0|INDIVIDUAL|VARIABLE|P0210136000|1|0|1.0|INDIVIDUAL|VARIABLE|P0210136000|1|0|1.0|INDIVIDUAL|VARIABLE|P0210136000|1|0|1.0|INDIVIDUAL|VARIABLE|P0210136000|1|0|1.0|INDIVIDUAL|VARIABLE|P0210136000|1|0|1.0|INDIVIDUAL|VARIABLE|P0210136000|1|0|1.0|INDIVIDUAL|VARIABLE|P0210136000|1|0|1.0|INDIVIDUAL|VARIABLE|P0210136000|1|0|1.0|INDIVIDUAL|VARIABLE|P0210136000|1|0|1.0|INDIVIDUAL|VARIABLE|P0210136000|1|0|1.0|INDIVIDUAL|VARIABLE|P0210136000|1|0|1.0|INDIVIDUAL|VARIABLE|P0210136000|1|0|1.0|INDIVIDUAL|VARIABLE|P0210136000|1|0|1.0|INDIVIDUAL|VARIABLE|P0210136000|1|0|1.0|INDIVIDUAL|VARIABLE|P0210136000|1|0|1.0|INDIVIDUAL|VARIABLE|P0210136000|1|0|1.0|INDIVIDUAL|VARIABLE|P0210136000|1|0|1.0|INDIVIDUAL|VARIABLE|P0210136000|1|0|1.0|INDIVIDUAL|VARIABLE|P0210136000|1|0|1.0|INDIVIDUAL|VARIABLE|P0210136000|1|0|1.0|INDIVIDUAL|VARIABLE|P0210136000|1|0|1.0|INDIVIDUAL|VARIABLE|P0210136000|1|0|1.0|INDIVIDUAL|VARIABLE|P0210136000|1|0|1.0|INDIVIDUAL|VARIABLE|P0210136000|1|0|1.0|INDIVIDUAL|VARIABLE|P0210136000|1|0|1.0|INDIVIDUAL|VARIABLE|P0210136000|1|0|1.0|INDIVIDUAL|VARIABLE|P0210136000|1|0|1.0|INDIVIDUAL|VARIABLE|P0210136000|1|0|1.0|INDIVIDUAL|VARIABLE|P0210136000|1|0|1.0|INDIVIDUAL|VARIABLE|P0210136000|1|0|1.0|INDIVIDUAL|VARIABLE|P0210136000|1|0|1.0|INDIVIDUAL|VARIABLE|P0210136000|1|0|1.0|INDIVIDUAL|VARIABLE|P0210136000|1|0|1.0|INDIVIDUAL|VARIABLE|P0210136000|1|0|1.0|INDIVIDUAL|VARIABLE|P0210136000|1|0|1.0|INDIVIDUAL|VARIABLE|P0210136000|1|0|1.0|INDIVIDUAL|VARIABLE|P0210136000|1|0|1.0|INDIVIDUAL|VARIABLE|P0210136000|1|0|1.0|INDIVIDUAL|VARIABLE|P0210136000|1|0|1.0|INDIVIDUAL|VARIABLE|P0210136000|1|0|1.0|INDIVIDUAL|VARIABLE|P0210136000|1|0|1.0|INDIVIDUAL|VARIABLE|P0210136000|1|0|1.0|INDIVIDUAL|VARIABLE|P0210136000|1|0|1.0|INDIVIDUAL|VARIABLE|P0210136000|1|0|1.0|INDIVIDUAL|VARIABLE|P0210136000|1|0|1.0|INDIVIDUAL|VARIABLE|P0210136000|1|0|1.0|INDIVIDUAL|VARIABLE|P0210136000|1|0|1.0|INDIVIDUAL|VARIABLE|P0210136000|1|0|1.0
643,INDIVIDUAL|VARIABLE|P0292063000|1|0|1.0|INDIVIDUAL|VARIABLE|P0292063000|1|0|1.0|INDIVIDUAL|VARIABLE|P0292063000|1|0|1.0|INDIVIDUAL|VARIABLE|P0292063000|1|0|1.0|INDIVIDUAL|VARIABLE|P0292063000|1|0|1.0|INDIVIDUAL|VARIABLE|P0292063000|1|0|1.0|INDIVIDUAL|VARIABLE|P0292063000|1|0|1.0|INDIVIDUAL|VARIABLE|P0292063000|1|0|1.0|INDIVIDUAL|VARIABLE|P0292063000|1|0|1.0|INDIVIDUAL|VARIABLE|P0292063000|1|0|1.0|INDIVIDUAL|VARIABLE|P0292063000|1|0|1.0|INDIVIDUAL|VARIABLE|P0292063000|1|0|1.0|INDIVIDUAL|VARIABLE|P0292063000|1|0|1.0|INDIVIDUAL|VARIABLE|P0292063000|1|0|1.0|INDIVIDUAL|VARIABLE|P0292063000|1|0|1.0|INDIVIDUAL|VARIABLE|P0292063000|1|0|1.0|INDIVIDUAL|VARIABLE|P0292063000|1|0|1.0|INDIVIDUAL|VARIABLE|P0292063000|1|0|1.0|INDIVIDUAL|VARIABLE|P0292063000|1|0|1.0|INDIVIDUAL|VARIABLE|P0292063000|1|0|1.0|INDIVIDUAL|VARIABLE|P0292063000|1|0|1.0|INDIVIDUAL|VARIABLE|P0292063000|1|0|1.0|INDIVIDUAL|VARIABLE|P0292063000|1|0|1.0|INDIVIDUAL|VARIABLE|P0292063000|1|0|1.0|INDIVIDUAL|VARIABLE|P0292063000|1|0|1.0|INDIVIDUAL|VARIABLE|P0292063000|1|0|1.0|INDIVIDUAL|VARIABLE|P0292063000|1|0|1.0|INDIVIDUAL|VARIABLE|P0292063000|1|0|1.0|INDIVIDUAL|VARIABLE|P0292063000|1|0|1.0|INDIVIDUAL|VARIABLE|P0292063000|1|0|1.0|INDIVIDUAL|VARIABLE|P0292063000|1|0|1.0|INDIVIDUAL|VARIABLE|P0292063000|1|0|1.0|INDIVIDUAL|VARIABLE|P0292063000|1|0|1.0|INDIVIDUAL|VARIABLE|P0292063000|1|0|1.0|INDIVIDUAL|VARIABLE|P0292063000|1|0|1.0|INDIVIDUAL|VARIABLE|P0292063000|1|0|1.0|INDIVIDUAL|VARIABLE|P0292063000|1|0|1.0|INDIVIDUAL|VARIABLE|P0292063000|1|0|1.0|INDIVIDUAL|VARIABLE|P0292063000|1|0|1.0|INDIVIDUAL|VARIABLE|P0292063000|1|0|1.0|INDIVIDUAL|VARIABLE|P0292063000|1|0|1.0|INDIVIDUAL|VARIABLE|P0292063000|1|0|1.0|INDIVIDUAL|VARIABLE|P0292063000|1|0|1.0|INDIVIDUAL|VARIABLE|P0292063000|1|0|1.0|INDIVIDUAL|VARIABLE|P0292063000|1|0|1.0|INDIVIDUAL|VARIABLE|P0292063000|1|0|1.0|INDIVIDUAL|VARIABLE|P0292063000|1|0|1.0|INDIVIDUAL|VARIABLE|P0292063000|1|0|1.0|INDIVIDUAL|VARIABLE|P0292063000|1|0|1.0|INDIVIDUAL|VARIABLE|P0292063000|1|0|1.0|INDIVIDUAL|VARIABLE|P0292063000|1|0|1.0|INDIVIDUAL|VARIABLE|P0292063000|1|0|1.0|INDIVIDUAL|VARIABLE|P0292063000|1|0|1.0|INDIVIDUAL|VARIABLE|P0292063000|1|0|1.0|INDIVIDUAL|VARIABLE|P0292063000|1|0|1.0|INDIVIDUAL|VARIABLE|P0292063000|1|0|1.0|INDIVIDUAL|VARIABLE|P0292063000|1|0|1.0|INDIVIDUAL|VARIABLE|P0292063000|1|0|1.0|INDIVIDUAL|VARIABLE|P0292063000|1|0|1.0|INDIVIDUAL|VARIABLE|P0292063000|1|0|1.0|INDIVIDUAL|VARIABLE|P0292063000|1|0|1.0|INDIVIDUAL|VARIABLE|P0292063000|1|0|1.0|INDIVIDUAL|VARIABLE|P0292063000|1|0|1.0|INDIVIDUAL|VARIABLE|P0292063000|1|0|1.0|INDIVIDUAL|VARIABLE|P0292063000|1|0|1.0|INDIVIDUAL|VARIABLE|P0292063000|1|0|1.0|INDIVIDUAL|VARIABLE|P0292063000|1|0|1.0|INDIVIDUAL|VARIABLE|P0292063000|1|0|1.0|INDIVIDUAL|VARIABLE|P0292063000|1|0|1.0|INDIVIDUAL|VARIABLE|P0292063000|1|0|1.0
644,INDIVIDUAL|VARIABLE|P0210052000|1|0|1.0|INDIVIDUAL|VARIABLE|P0210052000|1|0|1.0|INDIVIDUAL|VARIABLE|P0210052000|1|0|1.0|INDIVIDUAL|VARIABLE|P0210052000|1|0|1.0|INDIVIDUAL|VARIABLE|P0210052000|1|0|1.0|INDIVIDUAL|VARIABLE|P0210052000|1|0|1.0|INDIVIDUAL|VARIABLE|P0210052000|1|0|1.0|INDIVIDUAL|VARIABLE|P0210052000|1|0|1.0|INDIVIDUAL|VARIABLE|P0210052000|1|0|1.0|INDIVIDUAL|VARIABLE|P0210052000|1|0|1.0|INDIVIDUAL|VARIABLE|P0210052000|1|0|1.0|INDIVIDUAL|VARIABLE|P0210052000|1|0|1.0|INDIVIDUAL|VARIABLE|P0210052000|1|0|1.0|INDIVIDUAL|VARIABLE|P0210052000|1|0|1.0|INDIVIDUAL|VARIABLE|P0210052000|1|0|1.0|INDIVIDUAL|VARIABLE|P0210052000|1|0|1.0|INDIVIDUAL|VARIABLE|P0210052000|1|0|1.0|INDIVIDUAL|VARIABLE|P0210052000|1|0|1.0|INDIVIDUAL|VARIABLE|P0210052000|1|0|1.0|INDIVIDUAL|VARIABLE|P0210052000|1|0|1.0|INDIVIDUAL|VARIABLE|P0210052000|1|0|1.0|INDIVIDUAL|VARIABLE|P0210052000|1|0|1.0|INDIVIDUAL|VARIABLE|P0210052000|1|0|1.0|INDIVIDUAL|VARIABLE|P0210052000|1|0|1.0|INDIVIDUAL|VARIABLE|P0210052000|1|0|1.0|INDIVIDUAL|VARIABLE|P0210052000|1|0|1.0|INDIVIDUAL|VARIABLE|P0210052000|1|0|1.0|INDIVIDUAL|VARIABLE|P0210052000|1|0|1.0|INDIVIDUAL|VARIABLE|P0210052000|1|0|1.0|INDIVIDUAL|VARIABLE|P0210052000|1|0|1.0|INDIVIDUAL|VARIABLE|P0210052000|1|0|1.0|INDIVIDUAL|VARIABLE|P0210052000|1|0|1.0|INDIVIDUAL|VARIABLE|P0210052000|1|0|1.0|INDIVIDUAL|VARIABLE|P0210052000|1|0|1.0|INDIVIDUAL|VARIABLE|P0210052000|1|0|1.0|INDIVIDUAL|VARIABLE|P0210052000|1|0|1.0|INDIVIDUAL|VARIABLE|P0210052000|1|0|1.0|INDIVIDUAL|VARIABLE|P0210052000|1|0|1.0|INDIVIDUAL|VARIABLE|P0210052000|1|0|1.0|INDIVIDUAL|VARIABLE|P0210052000|1|0|1.0|INDIVIDUAL|VARIABLE|P0210052000|1|0|1.0|INDIVIDUAL|VARIABLE|P0210052000|1|0|1.0|INDIVIDUAL|VARIABLE|P0210052000|1|0|1.0|INDIVIDUAL|VARIABLE|P0210052000|1|0|1.0
645,INDIVIDUAL|VARIABLE|P0289058003|1|0|1.0|INDIVIDUAL|VARIABLE|P0289058003|1|0|1.0|INDIVIDUAL|VARIABLE|P0289058003|1|0|1.0|INDIVIDUAL|VARIABLE|P0289058003|1|0|1.0|INDIVIDUAL|VARIABLE|P0289058003|1|0|1.0|INDIVIDUAL|VARIABLE|P0289058003|1|0|1.0|INDIVIDUAL|VARIABLE|P0289058003|1|0|1.0|INDIVIDUAL|VARIABLE|P0289058003|1|0|1.0|INDIVIDUAL|VARIABLE|P0289058003|1|0|1.0|INDIVIDUAL|VARIABLE|P0289058003|1|0|1.0|INDIVIDUAL|VARIABLE|P0289058003|1|0|1.0|INDIVIDUAL|VARIABLE|P0289058003|1|0|1.0|INDIVIDUAL|VARIABLE|P0289058003|1|0|1.0|INDIVIDUAL|VARIABLE|P0289058003|1|0|1.0|INDIVIDUAL|VARIABLE|P0289058003|1|0|1.0|INDIVIDUAL|VARIABLE|P0289058003|1|0|1.0|INDIVIDUAL|VARIABLE|P0289058003|1|0|1.0|INDIVIDUAL|VARIABLE|P0289058003|1|0|1.0|INDIVIDUAL|VARIABLE|P0289058003|1|0|1.0|INDIVIDUAL|VARIABLE|P0289058003|1|0|1.0|INDIVIDUAL|VARIABLE|P0289058003|1|0|1.0|INDIVIDUAL|VARIABLE|P0289058003|1|0|1.0|INDIVIDUAL|VARIABLE|P0289058003|1|0|1.0|INDIVIDUAL|VARIABLE|P0289058003|1|0|1.0|INDIVIDUAL|VARIABLE|P0289058003|1|0|1.0|INDIVIDUAL|VARIABLE|P0289058003|1|0|1.0|INDIVIDUAL|VARIABLE|P0289058003|1|0|1.0|INDIVIDUAL|VARIABLE|P0289058003|1|0|1.0|INDIVIDUAL|VARIABLE|P0289058003|1|0|1.0|INDIVIDUAL|VARIABLE|P0289058003|1|0|1.0|INDIVIDUAL|VARIABLE|P0289058003|1|0|1.0|INDIVIDUAL|VARIABLE|P0289058003|1|0|1.0|INDIVIDUAL|VARIABLE|P0289058003|1|0|1.0|INDIVIDUAL|VARIABLE|P0289058003|1|0|1.0|INDIVIDUAL|VARIABLE|P0289058003|1|0|1.0|INDIVIDUAL|VARIABLE|P0289058003|1|0|1.0|INDIVIDUAL|VARIABLE|P0289058003|1|0|1.0|INDIVIDUAL|VARIABLE|P0289058003|1|0|1.0|INDIVIDUAL|VARIABLE|P0289058003|1|0|1.0|INDIVIDUAL|VARIABLE|P0289058003|1|0|1.0|INDIVIDUAL|VARIABLE|P0289058003|1|0|1.0|INDIVIDUAL|VARIABLE|P0289058003|1|0|1.0|INDIVIDUAL|VARIABLE|P0289058003|1|0|1.0|INDIVIDUAL|VARIABLE|P0289058003|1|0|1.0|INDIVIDUAL|VARIABLE|P0289058003|1|0|1.0|INDIVIDUAL|VARIABLE|P0289058003|1|0|1.0|INDIVIDUAL|VARIABLE|P0289058003|1|0|1.0|INDIVIDUAL|VARIABLE|P0289058003|1|0|1.0|INDIVIDUAL|VARIABLE|P0289058003|1|0|1.0|INDIVIDUAL|VARIABLE|P0289058003|1|0|1.0|INDIVIDUAL|VARIABLE|P0289058003|1|0|1.0|INDIVIDUAL|VARIABLE|P0289058003|1|0|1.0|INDIVIDUAL|VARIABLE|P0289058003|1|0|1.0|INDIVIDUAL|VARIABLE|P0289058003|1|0|1.0|INDIVIDUAL|VARIABLE|P0289058003|1|0|1.0|INDIVIDUAL|VARIABLE|P0289058003|1|0|1.0|INDIVIDUAL|VARIABLE|P0289058003|1|0|1.0|INDIVIDUAL|VARIABLE|P0289058003|1|0|1.0|INDIVIDUAL|VARIABLE|P0289058003|1|0|1.0|INDIVIDUAL|VARIABLE|P0289058003|1|0|1.0|INDIVIDUAL|VARIABLE|P0289058003|1|0|1.0|INDIVIDUAL|VARIABLE|P0289058003|1|0|1.0|INDIVIDUAL|VARIABLE|P0289058003|1|0|1.0|INDIVIDUAL|VARIABLE|P0289058003|1|0|1.0|INDIVIDUAL|VARIABLE|P0289058003|1|0|1.0|INDIVIDUAL|VARIABLE|P0289058003|1|0|1.0|INDIVIDUAL|VARIABLE|P0289058003|1|0|1.0|INDIVIDUAL|VARIABLE|P0289058003|1|0|1.0|INDIVIDUAL|VARIABLE|P0289058003|1|0|1.0|INDIVIDUAL|VARIABLE|P0289058003|1|0|1.0|INDIVIDUAL|VARIABLE|P0289058003|1|0|1.0|INDIVIDUAL|VARIABLE|P0289058003|1|0|1.0|INDIVIDUAL|VARIABLE|P0289058003|1|0|1.0|INDIVIDUAL|VARIABLE|P0289058003|1|0|1.0|INDIVIDUAL|VARIABLE|P0289058003|1|0|1.0|INDIVIDUAL|VARIABLE|P0289058003|1|0|1.0|INDIVIDUAL|VARIABLE|P0289058003|1|0|1.0
646,INDIVIDUAL|VARIABLE|P0210133000|1|0|1.0|INDIVIDUAL|VARIABLE|P0210133000|1|0|1.0|INDIVIDUAL|VARIABLE|P0210133000|1|0|1.0|INDIVIDUAL|VARIABLE|P0210133000|1|0|1.0|INDIVIDUAL|VARIABLE|P0210133000|1|0|1.0|INDIVIDUAL|VARIABLE|P0210133000|1|0|1.0|INDIVIDUAL|VARIABLE|P0210133000|1|0|1.0|INDIVIDUAL|VARIABLE|P0210133000|1|0|1.0|INDIVIDUAL|VARIABLE|P0210133000|1|0|1.0|INDIVIDUAL|VARIABLE|P0210133000|1|0|1.0|INDIVIDUAL|VARIABLE|P0210133000|1|0|1.0|INDIVIDUAL|VARIABLE|P0210133000|1|0|1.0|INDIVIDUAL|VARIABLE|P0210133000|1|0|1.0|INDIVIDUAL|VARIABLE|P0210133000|1|0|1.0|INDIVIDUAL|VARIABLE|P0210133000|1|0|1.0|INDIVIDUAL|VARIABLE|P0210133000|1|0|1.0|INDIVIDUAL|VARIABLE|P0210133000|1|0|1.0|INDIVIDUAL|VARIABLE|P0210133000|1|0|1.0|INDIVIDUAL|VARIABLE|P0210133000|1|0|1.0|INDIVIDUAL|VARIABLE|P0210133000|1|0|1.0|INDIVIDUAL|VARIABLE|P0210133000|1|0|1.0|INDIVIDUAL|VARIABLE|P0210133000|1|0|1.0|INDIVIDUAL|VARIABLE|P0210133000|1|0|1.0|INDIVIDUAL|VARIABLE|P0210133000|1|0|1.0|INDIVIDUAL|VARIABLE|P0210133000|1|0|1.0|INDIVIDUAL|VARIABLE|P0210133000|1|0|1.0|INDIVIDUAL|VARIABLE|P0210133000|1|0|1.0|INDIVIDUAL|VARIABLE|P0210133000|1|0|1.0|INDIVIDUAL|VARIABLE|P0210133000|1|0|1.0|INDIVIDUAL|VARIABLE|P0210133000|1|0|1.0|INDIVIDUAL|VARIABLE|P0210133000|1|0|1.0|INDIVIDUAL|VARIABLE|P0210133000|1|0|1.0|INDIVIDUAL|VARIABLE|P0210133000|1|0|1.0|INDIVIDUAL|VARIABLE|P0210133000|1|0|1.0|INDIVIDUAL|VARIABLE|P0210133000|1|0|1.0|INDIVIDUAL|VARIABLE|P0210133000|1|0|1.0|INDIVIDUAL|VARIABLE|P0210133000|1|0|1.0|INDIVIDUAL|VARIABLE|P0210133000|1|0|1.0|INDIVIDUAL|VARIABLE|P0210133000|1|0|1.0|INDIVIDUAL|VARIABLE|P0210133000|1|0|1.0|INDIVIDUAL|VARIABLE|P0210133000|1|0|1.0|INDIVIDUAL|VARIABLE|P0210133000|1|0|1.0|INDIVIDUAL|VARIABLE|P0210133000|1|0|1.0|INDIVIDUAL|VARIABLE|P0210133000|1|0|1.0|INDIVIDUAL|VARIABLE|P0210133000|1|0|1.0|INDIVIDUAL|VARIABLE|P0210133000|1|0|1.0|INDIVIDUAL|VARIABLE|P0210133000|1|0|1.0|INDIVIDUAL|VARIABLE|P0210133000|1|0|1.0|INDIVIDUAL|VARIABLE|P0210133000|1|0|1.0|INDIVIDUAL|VARIABLE|P0210133000|1|0|1.0|INDIVIDUAL|VARIABLE|P0210133000|1|0|1.0|INDIVIDUAL|VARIABLE|P0210133000|1|0|1.0|INDIVIDUAL|VARIABLE|P0210133000|1|0|1.0|INDIVIDUAL|VARIABLE|P0210133000|1|0|1.0|INDIVIDUAL|VARIABLE|P0210133000|1|0|1.0|INDIVIDUAL|VARIABLE|P0210133000|1|0|1.0|INDIVIDUAL|VARIABLE|P0210133000|1|0|1.0|INDIVIDUAL|VARIABLE|P0210133000|1|0|1.0|INDIVIDUAL|VARIABLE|P0210133000|1|0|1.0|INDIVIDUAL|VARIABLE|P0210133000|1|0|1.0|INDIVIDUAL|VARIABLE|P0210133000|1|0|1.0|INDIVIDUAL|VARIABLE|P0210133000|1|0|1.0|INDIVIDUAL|VARIABLE|P0210133000|1|0|1.0|INDIVIDUAL|VARIABLE|P0210133000|1|0|1.0|INDIVIDUAL|VARIABLE|P0210133000|1|0|1.0|INDIVIDUAL|VARIABLE|P0210133000|1|0|1.0|INDIVIDUAL|VARIABLE|P0210133000|1|0|1.0|INDIVIDUAL|VARIABLE|P0210133000|1|0|1.0|INDIVIDUAL|VARIABLE|P0210133000|1|0|1.0|INDIVIDUAL|VARIABLE|P0210133000|1|0|1.0|INDIVIDUAL|VARIABLE|P0210133000|1|0|1.0|INDIVIDUAL|VARIABLE|P0210133000|1|0|1.0|INDIVIDUAL|VARIABLE|P0210133000|1|0|1.0|INDIVIDUAL|VARIABLE|P0210133000|1|0|1.0|INDIVIDUAL|VARIABLE|P0210133000|1|0|1.0|INDIVIDUAL|VARIABLE|P0210133000|1|0|1.0|INDIVIDUAL|VARIABLE|P0210133000|1|0|1.0|INDIVIDUAL|VARIABLE|P0210133000|1|0|1.0|INDIVIDUAL|VARIABLE|P0210133000|1|0|1.0|INDIVIDUAL|VARIABLE|P0210133000|1|0|1.0|INDIVIDUAL|VARIABLE|P0210133000|1|0|1.0|INDIVIDUAL|VARIABLE|P0210133000|1|0|1.0|INDIVIDUAL|VARIABLE|P0210133000|1|0|1.0|INDIVIDUAL|VARIABLE|P0210133000|1|0|1.0|INDIVIDUAL|VARIABLE|P0210133000|1|0|1.0|INDIVIDUAL|VARIABLE|P0210133000|1|0|1.0|INDIVIDUAL|VARIABLE|P0210133000|1|0|1.0|INDIVIDUAL|VARIABLE|P0210133000|1|0|1.0|INDIVIDUAL|VARIABLE|P0210133000|1|0|1.0|INDIVIDUAL|VARIABLE|P0210133000|1|0|1.0|INDIVIDUAL|VARIABLE|P0210133000|1|0|1.0|INDIVIDUAL|VARIABLE|P0210133000|1|0|1.0|INDIVIDUAL|VARIABLE|P0210133000|1|0|1.0|INDIVIDUAL|VARIABLE|P0210133000|1|0|1.0|INDIVIDUAL|VARIABLE|P0210133000|1|0|1.0|INDIVIDUAL|VARIABLE|P0210133000|1|0|1.0|INDIVIDUAL|VARIABLE|P0210133000|1|0|1.0|INDIVIDUAL|VARIABLE|P0210133000|1|0|1.0|INDIVIDUAL|VARIABLE|P0210133000|1|0|1.0|INDIVIDUAL|VARIABLE|P0210133000|1|0|1.0|INDIVIDUAL|VARIABLE|P0210133000|1|0|1.0|INDIVIDUAL|VARIABLE|P0210133000|1|0|1.0|INDIVIDUAL|VARIABLE|P0210133000|1|0|1.0|INDIVIDUAL|VARIABLE|P0210133000|1|0|1.0|INDIVIDUAL|VARIABLE|P0210133000|1|0|1.0|INDIVIDUAL|VARIABLE|P0210133000|1|0|1.0|INDIVIDUAL|VARIABLE|P0210133000|1|0|1.0|INDIVIDUAL|VARIABLE|P0210133000|1|0|1.0|INDIVIDUAL|VARIABLE|P0210133000|1|0|1.0|INDIVIDUAL|VARIABLE|P0210133000|1|0|1.0|INDIVIDUAL|VARIABLE|P0210133000|1|0|1.0|INDIVIDUAL|VARIABLE|P0210133000|1|0|1.0|INDIVIDUAL|VARIABLE|P0210133000|1|0|1.0|INDIVIDUAL|VARIABLE|P0210133000|1|0|1.0|INDIVIDUAL|VARIABLE|P0210133000|1|0|1.0|INDIVIDUAL|VARIABLE|P0210133000|1|0|1.0|INDIVIDUAL|VARIABLE|P0210133000|1|0|1.0|INDIVIDUAL|VARIABLE|P0210133000|1|0|1.0|INDIVIDUAL|VARIABLE|P0210133000|1|0|1.0|INDIVIDUAL|VARIABLE|P0210133000|1|0|1.0|INDIVIDUAL|VARIABLE|P0210133000|1|0|1.0|INDIVIDUAL|VARIABLE|P0210133000|1|0|1.0|INDIVIDUAL|VARIABLE|P0210133000|1|0|1.0|INDIVIDUAL|VARIABLE|P0210133000|1|0|1.0|INDIVIDUAL|VARIABLE|P0210133000|1|0|1.0|INDIVIDUAL|VARIABLE|P0210133000|1|0|1.0|INDIVIDUAL|VARIABLE|P0210133000|1|0|1.0|INDIVIDUAL|VARIABLE|P0210133000|1|0|1.0|INDIVIDUAL|VARIABLE|P0210133000|1|0|1.0|INDIVIDUAL|VARIABLE|P0210133000|1|0|1.0|INDIVIDUAL|VARIABLE|P0210133000|1|0|1.0|INDIVIDUAL|VARIABLE|P0210133000|1|0|1.0|INDIVIDUAL|VARIABLE|P0210133000|1|0|1.0|INDIVIDUAL|VARIABLE|P0210133000|1|0|1.0|INDIVIDUAL|VARIABLE|P0210133000|1|0|1.0|INDIVIDUAL|VARIABLE|P0210133000|1|0|1.0|INDIVIDUAL|VARIABLE|P0210133000|1|0|1.0|INDIVIDUAL|VARIABLE|P0210133000|1|0|1.0|INDIVIDUAL|VARIABLE|P0210133000|1|0|1.0|INDIVIDUAL|VARIABLE|P0210133000|1|0|1.0|INDIVIDUAL|VARIABLE|P0210133000|1|0|1.0|INDIVIDUAL|VARIABLE|P0210133000|1|0|1.0|INDIVIDUAL|VARIABLE|P0210133000|1|0|1.0|INDIVIDUAL|VARIABLE|P0210133000|1|0|1.0|INDIVIDUAL|VARIABLE|P0210133000|1|0|1.0|INDIVIDUAL|VARIABLE|P0210133000|1|0|1.0|INDIVIDUAL|VARIABLE|P0210133000|1|0|1.0|INDIVIDUAL|VARIABLE|P0210133000|1|0|1.0|INDIVIDUAL|VARIABLE|P0210133000|1|0|1.0|INDIVIDUAL|VARIABLE|P0210133000|1|0|1.0|INDIVIDUAL|VARIABLE|P0210133000|1|0|1.0|INDIVIDUAL|VARIABLE|P0210133000|1|0|1.0|INDIVIDUAL|VARIABLE|P0210133000|1|0|1.0|INDIVIDUAL|VARIABLE|P0210133000|1|0|1.0|INDIVIDUAL|VARIABLE|P0210133000|1|0|1.0|INDIVIDUAL|VARIABLE|P0210133000|1|0|1.0|INDIVIDUAL|VARIABLE|P0210133000|1|0|1.0|INDIVIDUAL|VARIABLE|P0210133000|1|0|1.0|INDIVIDUAL|VARIABLE|P0210133000|1|0|1.0|INDIVIDUAL|VARIABLE|P0210133000|1|0|1.0|INDIVIDUAL|VARIABLE|P0210133000|1|0|1.0|INDIVIDUAL|VARIABLE|P0210133000|1|0|1.0|INDIVIDUAL|VARIABLE|P0210133000|1|0|1.0|INDIVIDUAL|VARIABLE|P0210133000|1|0|1.0|INDIVIDUAL|VARIABLE|P0210133000|1|0|1.0|INDIVIDUAL|VARIABLE|P0210133000|1|0|1.0|INDIVIDUAL|VARIABLE|P0210133000|1|0|1.0|INDIVIDUAL|VARIABLE|P0210133000|1|0|1.0|INDIVIDUAL|VARIABLE|P0210133000|1|0|1.0|INDIVIDUAL|VARIABLE|P0210133000|1|0|1.0|INDIVIDUAL|VARIABLE|P0210133000|1|0|1.0|INDIVIDUAL|VARIABLE|P0210133000|1|0|1.0|INDIVIDUAL|VARIABLE|P0210133000|1|0|1.0|INDIVIDUAL|VARIABLE|P0210133000|1|0|1.0|INDIVIDUAL|VARIABLE|P0210133000|1|0|1.0|INDIVIDUAL|VARIABLE|P0210133000|1|0|1.0|INDIVIDUAL|VARIABLE|P0210133000|1|0|1.0|INDIVIDUAL|VARIABLE|P0210133000|1|0|1.0|INDIVIDUAL|VARIABLE|P0210133000|1|0|1.0|INDIVIDUAL|VARIABLE|P0210133000|1|0|1.0|INDIVIDUAL|VARIABLE|P0210133000|1|0|1.0|INDIVIDUAL|VARIABLE|P0210133000|1|0|1.0|INDIVIDUAL|VARIABLE|P0210133000|1|0|1.0|INDIVIDUAL|VARIABLE|P0210133000|1|0|1.0|INDIVIDUAL|VARIABLE|P0210133000|1|0|1.0
647,INDIVIDUAL|VARIABLE|P0289071002|1|0|1.0|INDIVIDUAL|VARIABLE|P0289071002|1|0|1.0|INDIVIDUAL|VARIABLE|P0289071002|1|0|1.0|INDIVIDUAL|VARIABLE|P0289071002|1|0|1.0|INDIVIDUAL|VARIABLE|P0289071002|1|0|1.0|INDIVIDUAL|VARIABLE|P0289071002|1|0|1.0|INDIVIDUAL|VARIABLE|P0289071002|1|0|1.0|INDIVIDUAL|VARIABLE|P0289071002|1|0|1.0|INDIVIDUAL|VARIABLE|P0289071002|1|0|1.0|INDIVIDUAL|VARIABLE|P0289071002|1|0|1.0|INDIVIDUAL|VARIABLE|P0289071002|1|0|1.0|INDIVIDUAL|VARIABLE|P0289071002|1|0|1.0|INDIVIDUAL|VARIABLE|P0289071002|1|0|1.0|INDIVIDUAL|VARIABLE|P0289071002|1|0|1.0|INDIVIDUAL|VARIABLE|P0289071002|1|0|1.0|INDIVIDUAL|VARIABLE|P0289071002|1|0|1.0|INDIVIDUAL|VARIABLE|P0289071002|1|0|1.0|INDIVIDUAL|VARIABLE|P0289071002|1|0|1.0|INDIVIDUAL|VARIABLE|P0289071002|1|0|1.0|INDIVIDUAL|VARIABLE|P0289071002|1|0|1.0|INDIVIDUAL|VARIABLE|P0289071002|1|0|1.0|INDIVIDUAL|VARIABLE|P0289071002|1|0|1.0|INDIVIDUAL|VARIABLE|P0289071002|1|0|1.0|INDIVIDUAL|VARIABLE|P0289071002|1|0|1.0|INDIVIDUAL|VARIABLE|P0289071002|1|0|1.0|INDIVIDUAL|VARIABLE|P0289071002|1|0|1.0|INDIVIDUAL|VARIABLE|P0289071002|1|0|1.0|INDIVIDUAL|VARIABLE|P0289071002|1|0|1.0|INDIVIDUAL|VARIABLE|P0289071002|1|0|1.0|INDIVIDUAL|VARIABLE|P0289071002|1|0|1.0|INDIVIDUAL|VARIABLE|P0289071002|1|0|1.0|INDIVIDUAL|VARIABLE|P0289071002|1|0|1.0|INDIVIDUAL|VARIABLE|P0289071002|1|0|1.0|INDIVIDUAL|VARIABLE|P0289071002|1|0|1.0|INDIVIDUAL|VARIABLE|P0289071002|1|0|1.0|INDIVIDUAL|VARIABLE|P0289071002|1|0|1.0|INDIVIDUAL|VARIABLE|P0289071002|1|0|1.0|INDIVIDUAL|VARIABLE|P0289071002|1|0|1.0|INDIVIDUAL|VARIABLE|P0289071002|1|0|1.0|INDIVIDUAL|VARIABLE|P0289071002|1|0|1.0|INDIVIDUAL|VARIABLE|P0289071002|1|0|1.0|INDIVIDUAL|VARIABLE|P0289071002|1|0|1.0|INDIVIDUAL|VARIABLE|P0289071002|1|0|1.0|INDIVIDUAL|VARIABLE|P0289071002|1|0|1.0|INDIVIDUAL|VARIABLE|P0289071002|1|0|1.0|INDIVIDUAL|VARIABLE|P0289071002|1|0|1.0|INDIVIDUAL|VARIABLE|P0289071002|1|0|1.0|INDIVIDUAL|VARIABLE|P0289071002|1|0|1.0|INDIVIDUAL|VARIABLE|P0289071002|1|0|1.0|INDIVIDUAL|VARIABLE|P0289071002|1|0|1.0|INDIVIDUAL|VARIABLE|P0289071002|1|0|1.0|INDIVIDUAL|VARIABLE|P0289071002|1|0|1.0|INDIVIDUAL|VARIABLE|P0289071002|1|0|1.0|INDIVIDUAL|VARIABLE|P0289071002|1|0|1.0|INDIVIDUAL|VARIABLE|P0289071002|1|0|1.0
648,INDIVIDUAL|VARIABLE|P0289071003|1|0|1.0|INDIVIDUAL|VARIABLE|P0289071003|1|0|1.0|INDIVIDUAL|VARIABLE|P0289071003|1|0|1.0|INDIVIDUAL|VARIABLE|P0289071003|1|0|1.0|INDIVIDUAL|VARIABLE|P0289071003|1|0|1.0|INDIVIDUAL|VARIABLE|P0289071003|1|0|1.0|INDIVIDUAL|VARIABLE|P0289071003|1|0|1.0|INDIVIDUAL|VARIABLE|P0289071003|1|0|1.0|INDIVIDUAL|VARIABLE|P0289071003|1|0|1.0|INDIVIDUAL|VARIABLE|P0289071003|1|0|1.0|INDIVIDUAL|VARIABLE|P0289071003|1|0|1.0|INDIVIDUAL|VARIABLE|P0289071003|1|0|1.0|INDIVIDUAL|VARIABLE|P0289071003|1|0|1.0|INDIVIDUAL|VARIABLE|P0289071003|1|0|1.0|INDIVIDUAL|VARIABLE|P0289071003|1|0|1.0|INDIVIDUAL|VARIABLE|P0289071003|1|0|1.0|INDIVIDUAL|VARIABLE|P0289071003|1|0|1.0|INDIVIDUAL|VARIABLE|P0289071003|1|0|1.0|INDIVIDUAL|VARIABLE|P0289071003|1|0|1.0|INDIVIDUAL|VARIABLE|P0289071003|1|0|1.0|INDIVIDUAL|VARIABLE|P0289071003|1|0|1.0|INDIVIDUAL|VARIABLE|P0289071003|1|0|1.0|INDIVIDUAL|VARIABLE|P0289071003|1|0|1.0|INDIVIDUAL|VARIABLE|P0289071003|1|0|1.0|INDIVIDUAL|VARIABLE|P0289071003|1|0|1.0|INDIVIDUAL|VARIABLE|P0289071003|1|0|1.0|INDIVIDUAL|VARIABLE|P0289071003|1|0|1.0|INDIVIDUAL|VARIABLE|P0289071003|1|0|1.0|INDIVIDUAL|VARIABLE|P0289071003|1|0|1.0|INDIVIDUAL|VARIABLE|P0289071003|1|0|1.0|INDIVIDUAL|VARIABLE|P0289071003|1|0|1.0|INDIVIDUAL|VARIABLE|P0289071003|1|0|1.0|INDIVIDUAL|VARIABLE|P0289071003|1|0|1.0|INDIVIDUAL|VARIABLE|P0289071003|1|0|1.0|INDIVIDUAL|VARIABLE|P0289071003|1|0|1.0|INDIVIDUAL|VARIABLE|P0289071003|1|0|1.0|INDIVIDUAL|VARIABLE|P0289071003|1|0|1.0|INDIVIDUAL|VARIABLE|P0289071003|1|0|1.0|INDIVIDUAL|VARIABLE|P0289071003|1|0|1.0|INDIVIDUAL|VARIABLE|P0289071003|1|0|1.0|INDIVIDUAL|VARIABLE|P0289071003|1|0|1.0|INDIVIDUAL|VARIABLE|P0289071003|1|0|1.0|INDIVIDUAL|VARIABLE|P0289071003|1|0|1.0|INDIVIDUAL|VARIABLE|P0289071003|1|0|1.0|INDIVIDUAL|VARIABLE|P0289071003|1|0|1.0|INDIVIDUAL|VARIABLE|P0289071003|1|0|1.0|INDIVIDUAL|VARIABLE|P0289071003|1|0|1.0|INDIVIDUAL|VARIABLE|P0289071003|1|0|1.0|INDIVIDUAL|VARIABLE|P0289071003|1|0|1.0|INDIVIDUAL|VARIABLE|P0289071003|1|0|1.0|INDIVIDUAL|VARIABLE|P0289071003|1|0|1.0|INDIVIDUAL|VARIABLE|P0289071003|1|0|1.0|INDIVIDUAL|VARIABLE|P0289071003|1|0|1.0|INDIVIDUAL|VARIABLE|P0289071003|1|0|1.0|INDIVIDUAL|VARIABLE|P0289071003|1|0|1.0|INDIVIDUAL|VARIABLE|P0289071003|1|0|1.0|INDIVIDUAL|VARIABLE|P0289071003|1|0|1.0|INDIVIDUAL|VARIABLE|P0289071003|1|0|1.0|INDIVIDUAL|VARIABLE|P0289071003|1|0|1.0|INDIVIDUAL|VARIABLE|P0289071003|1|0|1.0|INDIVIDUAL|VARIABLE|P0289071003|1|0|1.0|INDIVIDUAL|VARIABLE|P0289071003|1|0|1.0|INDIVIDUAL|VARIABLE|P0289071003|1|0|1.0|INDIVIDUAL|VARIABLE|P0289071003|1|0|1.0|INDIVIDUAL|VARIABLE|P0289071003|1|0|1.0|INDIVIDUAL|VARIABLE|P0289071003|1|0|1.0|INDIVIDUAL|VARIABLE|P0289071003|1|0|1.0|INDIVIDUAL|VARIABLE|P0289071003|1|0|1.0|INDIVIDUAL|VARIABLE|P0289071003|1|0|1.0|INDIVIDUAL|VARIABLE|P0289071003|1|0|1.0|INDIVIDUAL|VARIABLE|P0289071003|1|0|1.0|INDIVIDUAL|VARIABLE|P0289071003|1|0|1.0|INDIVIDUAL|VARIABLE|P0289071003|1|0|1.0|INDIVIDUAL|VARIABLE|P0289071003|1|0|1.0|INDIVIDUAL|VARIABLE|P0289071003|1|0|1.0|INDIVIDUAL|VARIABLE|P0289071003|1|0|1.0|INDIVIDUAL|VARIABLE|P0289071003|1|0|1.0|INDIVIDUAL|VARIABLE|P0289071003|1|0|1.0|INDIVIDUAL|VARIABLE|P0289071003|1|0|1.0|INDIVIDUAL|VARIABLE|P0289071003|1|0|1.0|INDIVIDUAL|VARIABLE|P0289071003|1|0|1.0|INDIVIDUAL|VARIABLE|P0289071003|1|0|1.0|INDIVIDUAL|VARIABLE|P0289071003|1|0|1.0|INDIVIDUAL|VARIABLE|P0289071003|1|0|1.0|INDIVIDUAL|VARIABLE|P0289071003|1|0|1.0|INDIVIDUAL|VARIABLE|P0289071003|1|0|1.0|INDIVIDUAL|VARIABLE|P0289071003|1|0|1.0|INDIVIDUAL|VARIABLE|P0289071003|1|0|1.0
649,INDIVIDUAL|VARIABLE|P0289058009|1|0|1.0|INDIVIDUAL|VARIABLE|P0289058009|1|0|1.0|INDIVIDUAL|VARIABLE|P0289058009|1|0|1.0|INDIVIDUAL|VARIABLE|P0289058009|1|0|1.0|INDIVIDUAL|VARIABLE|P0289058009|1|0|1.0|INDIVIDUAL|VARIABLE|P0289058009|1|0|1.0|INDIVIDUAL|VARIABLE|P0289058009|1|0|1.0|INDIVIDUAL|VARIABLE|P0289058009|1|0|1.0|INDIVIDUAL|VARIABLE|P0289058009|1|0|1.0|INDIVIDUAL|VARIABLE|P0289058009|1|0|1.0|INDIVIDUAL|VARIABLE|P0289058009|1|0|1.0|INDIVIDUAL|VARIABLE|P0289058009|1|0|1.0|INDIVIDUAL|VARIABLE|P0289058009|1|0|1.0|INDIVIDUAL|VARIABLE|P0289058009|1|0|1.0|INDIVIDUAL|VARIABLE|P0289058009|1|0|1.0|INDIVIDUAL|VARIABLE|P0289058009|1|0|1.0|INDIVIDUAL|VARIABLE|P0289058009|1|0|1.0|INDIVIDUAL|VARIABLE|P0289058009|1|0|1.0|INDIVIDUAL|VARIABLE|P0289058009|1|0|1.0|INDIVIDUAL|VARIABLE|P0289058009|1|0|1.0|INDIVIDUAL|VARIABLE|P0289058009|1|0|1.0|INDIVIDUAL|VARIABLE|P0289058009|1|0|1.0|INDIVIDUAL|VARIABLE|P0289058009|1|0|1.0|INDIVIDUAL|VARIABLE|P0289058009|1|0|1.0|INDIVIDUAL|VARIABLE|P0289058009|1|0|1.0|INDIVIDUAL|VARIABLE|P0289058009|1|0|1.0|INDIVIDUAL|VARIABLE|P0289058009|1|0|1.0|INDIVIDUAL|VARIABLE|P0289058009|1|0|1.0|INDIVIDUAL|VARIABLE|P0289058009|1|0|1.0|INDIVIDUAL|VARIABLE|P0289058009|1|0|1.0|INDIVIDUAL|VARIABLE|P0289058009|1|0|1.0|INDIVIDUAL|VARIABLE|P0289058009|1|0|1.0|INDIVIDUAL|VARIABLE|P0289058009|1|0|1.0|INDIVIDUAL|VARIABLE|P0289058009|1|0|1.0|INDIVIDUAL|VARIABLE|P0289058009|1|0|1.0|INDIVIDUAL|VARIABLE|P0289058009|1|0|1.0|INDIVIDUAL|VARIABLE|P0289058009|1|0|1.0|INDIVIDUAL|VARIABLE|P0289058009|1|0|1.0|INDIVIDUAL|VARIABLE|P0289058009|1|0|1.0|INDIVIDUAL|VARIABLE|P0289058009|1|0|1.0|INDIVIDUAL|VARIABLE|P0289058009|1|0|1.0|INDIVIDUAL|VARIABLE|P0289058009|1|0|1.0|INDIVIDUAL|VARIABLE|P0289058009|1|0|1.0|INDIVIDUAL|VARIABLE|P0289058009|1|0|1.0|INDIVIDUAL|VARIABLE|P0289058009|1|0|1.0|INDIVIDUAL|VARIABLE|P0289058009|1|0|1.0|INDIVIDUAL|VARIABLE|P0289058009|1|0|1.0|INDIVIDUAL|VARIABLE|P0289058009|1|0|1.0|INDIVIDUAL|VARIABLE|P0289058009|1|0|1.0|INDIVIDUAL|VARIABLE|P0289058009|1|0|1.0|INDIVIDUAL|VARIABLE|P0289058009|1|0|1.0|INDIVIDUAL|VARIABLE|P0289058009|1|0|1.0|INDIVIDUAL|VARIABLE|P0289058009|1|0|1.0|INDIVIDUAL|VARIABLE|P0289058009|1|0|1.0|INDIVIDUAL|VARIABLE|P0289058009|1|0|1.0|INDIVIDUAL|VARIABLE|P0289058009|1|0|1.0|INDIVIDUAL|VARIABLE|P0289058009|1|0|1.0|INDIVIDUAL|VARIABLE|P0289058009|1|0|1.0|INDIVIDUAL|VARIABLE|P0289058009|1|0|1.0|INDIVIDUAL|VARIABLE|P0289058009|1|0|1.0|INDIVIDUAL|VARIABLE|P0289058009|1|0|1.0|INDIVIDUAL|VARIABLE|P0289058009|1|0|1.0|INDIVIDUAL|VARIABLE|P0289058009|1|0|1.0|INDIVIDUAL|VARIABLE|P0289058009|1|0|1.0|INDIVIDUAL|VARIABLE|P0289058009|1|0|1.0|INDIVIDUAL|VARIABLE|P0289058009|1|0|1.0|INDIVIDUAL|VARIABLE|P0289058009|1|0|1.0|INDIVIDUAL|VARIABLE|P0289058009|1|0|1.0|INDIVIDUAL|VARIABLE|P0289058009|1|0|1.0|INDIVIDUAL|VARIABLE|P0289058009|1|0|1.0|INDIVIDUAL|VARIABLE|P0289058009|1|0|1.0|INDIVIDUAL|VARIABLE|P0289058009|1|0|1.0|INDIVIDUAL|VARIABLE|P0289058009|1|0|1.0|INDIVIDUAL|VARIABLE|P0289058009|1|0|1.0|INDIVIDUAL|VARIABLE|P0289058009|1|0|1.0|INDIVIDUAL|VARIABLE|P0289058009|1|0|1.0|INDIVIDUAL|VARIABLE|P0289058009|1|0|1.0|INDIVIDUAL|VARIABLE|P0289058009|1|0|1.0|INDIVIDUAL|VARIABLE|P0289058009|1|0|1.0|INDIVIDUAL|VARIABLE|P0289058009|1|0|1.0|INDIVIDUAL|VARIABLE|P0289058009|1|0|1.0|INDIVIDUAL|VARIABLE|P0289058009|1|0|1.0|INDIVIDUAL|VARIABLE|P0289058009|1|0|1.0|INDIVIDUAL|VARIABLE|P0289058009|1|0|1.0|INDIVIDUAL|VARIABLE|P0289058009|1|0|1.0|INDIVIDUAL|VARIABLE|P0289058009|1|0|1.0|INDIVIDUAL|VARIABLE|P0289058009|1|0|1.0|INDIVIDUAL|VARIABLE|P0289058009|1|0|1.0|INDIVIDUAL|VARIABLE|P0289058009|1|0|1.0|INDIVIDUAL|VARIABLE|P0289058009|1|0|1.0|INDIVIDUAL|VARIABLE|P0289058009|1|0|1.0|INDIVIDUAL|VARIABLE|P0289058009|1|0|1.0|INDIVIDUAL|VARIABLE|P0289058009|1|0|1.0|INDIVIDUAL|VARIABLE|P0289058009|1|0|1.0|INDIVIDUAL|VARIABLE|P0289058009|1|0|1.0|INDIVIDUAL|VARIABLE|P0289058009|1|0|1.0|INDIVIDUAL|VARIABLE|P0289058009|1|0|1.0|INDIVIDUAL|VARIABLE|P0289058009|1|0|1.0|INDIVIDUAL|VARIABLE|P0289058009|1|0|1.0
650,INDIVIDUAL|VARIABLE|P0210133000|1|0|1.0|INDIVIDUAL|VARIABLE|P0210133000|1|0|1.0|INDIVIDUAL|VARIABLE|P0210133000|1|0|1.0|INDIVIDUAL|VARIABLE|P0210133000|1|0|1.0|INDIVIDUAL|VARIABLE|P0210133000|1|0|1.0|INDIVIDUAL|VARIABLE|P0210133000|1|0|1.0|INDIVIDUAL|VARIABLE|P0210133000|1|0|1.0|INDIVIDUAL|VARIABLE|P0210133000|1|0|1.0|INDIVIDUAL|VARIABLE|P0210133000|1|0|1.0|INDIVIDUAL|VARIABLE|P0210133000|1|0|1.0|INDIVIDUAL|VARIABLE|P0210133000|1|0|1.0|INDIVIDUAL|VARIABLE|P0210133000|1|0|1.0|INDIVIDUAL|VARIABLE|P0210133000|1|0|1.0|INDIVIDUAL|VARIABLE|P0210133000|1|0|1.0|INDIVIDUAL|VARIABLE|P0210133000|1|0|1.0|INDIVIDUAL|VARIABLE|P0210133000|1|0|1.0|INDIVIDUAL|VARIABLE|P0210133000|1|0|1.0|INDIVIDUAL|VARIABLE|P0210133000|1|0|1.0|INDIVIDUAL|VARIABLE|P0210133000|1|0|1.0|INDIVIDUAL|VARIABLE|P0210133000|1|0|1.0|INDIVIDUAL|VARIABLE|P0210133000|1|0|1.0|INDIVIDUAL|VARIABLE|P0210133000|1|0|1.0|INDIVIDUAL|VARIABLE|P0210133000|1|0|1.0|INDIVIDUAL|VARIABLE|P0210133000|1|0|1.0|INDIVIDUAL|VARIABLE|P0210133000|1|0|1.0|INDIVIDUAL|VARIABLE|P0210133000|1|0|1.0|INDIVIDUAL|VARIABLE|P0210133000|1|0|1.0|INDIVIDUAL|VARIABLE|P0210133000|1|0|1.0|INDIVIDUAL|VARIABLE|P0210133000|1|0|1.0|INDIVIDUAL|VARIABLE|P0210133000|1|0|1.0|INDIVIDUAL|VARIABLE|P0210133000|1|0|1.0|INDIVIDUAL|VARIABLE|P0210133000|1|0|1.0|INDIVIDUAL|VARIABLE|P0210133000|1|0|1.0|INDIVIDUAL|VARIABLE|P0210133000|1|0|1.0|INDIVIDUAL|VARIABLE|P0210133000|1|0|1.0|INDIVIDUAL|VARIABLE|P0210133000|1|0|1.0|INDIVIDUAL|VARIABLE|P0210133000|1|0|1.0|INDIVIDUAL|VARIABLE|P0210133000|1|0|1.0|INDIVIDUAL|VARIABLE|P0210133000|1|0|1.0|INDIVIDUAL|VARIABLE|P0210133000|1|0|1.0|INDIVIDUAL|VARIABLE|P0210133000|1|0|1.0|INDIVIDUAL|VARIABLE|P0210133000|1|0|1.0|INDIVIDUAL|VARIABLE|P0210133000|1|0|1.0|INDIVIDUAL|VARIABLE|P0210133000|1|0|1.0|INDIVIDUAL|VARIABLE|P0210133000|1|0|1.0|INDIVIDUAL|VARIABLE|P0210133000|1|0|1.0|INDIVIDUAL|VARIABLE|P0210133000|1|0|1.0|INDIVIDUAL|VARIABLE|P0210133000|1|0|1.0|INDIVIDUAL|VARIABLE|P0210133000|1|0|1.0|INDIVIDUAL|VARIABLE|P0210133000|1|0|1.0|INDIVIDUAL|VARIABLE|P0210133000|1|0|1.0|INDIVIDUAL|VARIABLE|P0210133000|1|0|1.0|INDIVIDUAL|VARIABLE|P0210133000|1|0|1.0|INDIVIDUAL|VARIABLE|P0210133000|1|0|1.0|INDIVIDUAL|VARIABLE|P0210133000|1|0|1.0|INDIVIDUAL|VARIABLE|P0210133000|1|0|1.0|INDIVIDUAL|VARIABLE|P0210133000|1|0|1.0|INDIVIDUAL|VARIABLE|P0210133000|1|0|1.0|INDIVIDUAL|VARIABLE|P0210133000|1|0|1.0|INDIVIDUAL|VARIABLE|P0210133000|1|0|1.0
651,INDIVIDUAL|VARIABLE|P0210085000|1|0|1.0|INDIVIDUAL|VARIABLE|P0210085000|1|0|1.0|INDIVIDUAL|VARIABLE|P0210085000|1|0|1.0|INDIVIDUAL|VARIABLE|P0210085000|1|0|1.0|INDIVIDUAL|VARIABLE|P0210085000|1|0|1.0|INDIVIDUAL|VARIABLE|P0210085000|1|0|1.0|INDIVIDUAL|VARIABLE|P0210085000|1|0|1.0|INDIVIDUAL|VARIABLE|P0210085000|1|0|1.0|INDIVIDUAL|VARIABLE|P0210085000|1|0|1.0|INDIVIDUAL|VARIABLE|P0210085000|1|0|1.0|INDIVIDUAL|VARIABLE|P0210085000|1|0|1.0|INDIVIDUAL|VARIABLE|P0210085000|1|0|1.0|INDIVIDUAL|VARIABLE|P0210085000|1|0|1.0|INDIVIDUAL|VARIABLE|P0210085000|1|0|1.0|INDIVIDUAL|VARIABLE|P0210085000|1|0|1.0|INDIVIDUAL|VARIABLE|P0210085000|1|0|1.0|INDIVIDUAL|VARIABLE|P0210085000|1|0|1.0|INDIVIDUAL|VARIABLE|P0210085000|1|0|1.0|INDIVIDUAL|VARIABLE|P0210085000|1|0|1.0|INDIVIDUAL|VARIABLE|P0210085000|1|0|1.0|INDIVIDUAL|VARIABLE|P0210085000|1|0|1.0|INDIVIDUAL|VARIABLE|P0210085000|1|0|1.0|INDIVIDUAL|VARIABLE|P0210085000|1|0|1.0|INDIVIDUAL|VARIABLE|P0210085000|1|0|1.0|INDIVIDUAL|VARIABLE|P0210085000|1|0|1.0|INDIVIDUAL|VARIABLE|P0210085000|1|0|1.0|INDIVIDUAL|VARIABLE|P0210085000|1|0|1.0|INDIVIDUAL|VARIABLE|P0210085000|1|0|1.0|INDIVIDUAL|VARIABLE|P0210085000|1|0|1.0|INDIVIDUAL|VARIABLE|P0210085000|1|0|1.0|INDIVIDUAL|VARIABLE|P0210085000|1|0|1.0|INDIVIDUAL|VARIABLE|P0210085000|1|0|1.0|INDIVIDUAL|VARIABLE|P0210085000|1|0|1.0|INDIVIDUAL|VARIABLE|P0210085000|1|0|1.0|INDIVIDUAL|VARIABLE|P0210085000|1|0|1.0|INDIVIDUAL|VARIABLE|P0210085000|1|0|1.0|INDIVIDUAL|VARIABLE|P0210085000|1|0|1.0|INDIVIDUAL|VARIABLE|P0210085000|1|0|1.0|INDIVIDUAL|VARIABLE|P0210085000|1|0|1.0|INDIVIDUAL|VARIABLE|P0210085000|1|0|1.0|INDIVIDUAL|VARIABLE|P0210085000|1|0|1.0|INDIVIDUAL|VARIABLE|P0210085000|1|0|1.0|INDIVIDUAL|VARIABLE|P0210085000|1|0|1.0|INDIVIDUAL|VARIABLE|P0210085000|1|0|1.0|INDIVIDUAL|VARIABLE|P0210085000|1|0|1.0|INDIVIDUAL|VARIABLE|P0210085000|1|0|1.0|INDIVIDUAL|VARIABLE|P0210085000|1|0|1.0|INDIVIDUAL|VARIABLE|P0210085000|1|0|1.0|INDIVIDUAL|VARIABLE|P0210085000|1|0|1.0|INDIVIDUAL|VARIABLE|P0210085000|1|0|1.0|INDIVIDUAL|VARIABLE|P0210085000|1|0|1.0|INDIVIDUAL|VARIABLE|P0210085000|1|0|1.0|INDIVIDUAL|VARIABLE|P0210085000|1|0|1.0|INDIVIDUAL|VARIABLE|P0210085000|1|0|1.0|INDIVIDUAL|VARIABLE|P0210085000|1|0|1.0|INDIVIDUAL|VARIABLE|P0210085000|1|0|1.0|INDIVIDUAL|VARIABLE|P0210085000|1|0|1.0|INDIVIDUAL|VARIABLE|P0210085000|1|0|1.0|INDIVIDUAL|VARIABLE|P0210085000|1|0|1.0|INDIVIDUAL|VARIABLE|P0210085000|1|0|1.0|INDIVIDUAL|VARIABLE|P0210085000|1|0|1.0|INDIVIDUAL|VARIABLE|P0210085000|1|0|1.0|INDIVIDUAL|VARIABLE|P0210085000|1|0|1.0|INDIVIDUAL|VARIABLE|P0210085000|1|0|1.0|INDIVIDUAL|VARIABLE|P0210085000|1|0|1.0|INDIVIDUAL|VARIABLE|P0210085000|1|0|1.0|INDIVIDUAL|VARIABLE|P0210085000|1|0|1.0|INDIVIDUAL|VARIABLE|P0210085000|1|0|1.0|INDIVIDUAL|VARIABLE|P0210085000|1|0|1.0|INDIVIDUAL|VARIABLE|P0210085000|1|0|1.0|INDIVIDUAL|VARIABLE|P0210085000|1|0|1.0|INDIVIDUAL|VARIABLE|P0210085000|1|0|1.0|INDIVIDUAL|VARIABLE|P0210085000|1|0|1.0|INDIVIDUAL|VARIABLE|P0210085000|1|0|1.0|INDIVIDUAL|VARIABLE|P0210085000|1|0|1.0|INDIVIDUAL|VARIABLE|P0210085000|1|0|1.0|INDIVIDUAL|VARIABLE|P0210085000|1|0|1.0|INDIVIDUAL|VARIABLE|P0210085000|1|0|1.0|INDIVIDUAL|VARIABLE|P0210085000|1|0|1.0|INDIVIDUAL|VARIABLE|P0210085000|1|0|1.0|INDIVIDUAL|VARIABLE|P0210085000|1|0|1.0|INDIVIDUAL|VARIABLE|P0210085000|1|0|1.0|INDIVIDUAL|VARIABLE|P0210085000|1|0|1.0|INDIVIDUAL|VARIABLE|P0210085000|1|0|1.0|INDIVIDUAL|VARIABLE|P0210085000|1|0|1.0|INDIVIDUAL|VARIABLE|P0210085000|1|0|1.0|INDIVIDUAL|VARIABLE|P0210085000|1|0|1.0|INDIVIDUAL|VARIABLE|P0210085000|1|0|1.0|INDIVIDUAL|VARIABLE|P0210085000|1|0|1.0|INDIVIDUAL|VARIABLE|P0210085000|1|0|1.0|INDIVIDUAL|VARIABLE|P0210085000|1|0|1.0|INDIVIDUAL|VARIABLE|P0210085000|1|0|1.0|INDIVIDUAL|VARIABLE|P0210085000|1|0|1.0|INDIVIDUAL|VARIABLE|P0210085000|1|0|1.0|INDIVIDUAL|VARIABLE|P0210085000|1|0|1.0|INDIVIDUAL|VARIABLE|P0210085000|1|0|1.0|INDIVIDUAL|VARIABLE|P0210085000|1|0|1.0|INDIVIDUAL|VARIABLE|P0210085000|1|0|1.0|INDIVIDUAL|VARIABLE|P0210085000|1|0|1.0|INDIVIDUAL|VARIABLE|P0210085000|1|0|1.0|INDIVIDUAL|VARIABLE|P0210085000|1|0|1.0|INDIVIDUAL|VARIABLE|P0210085000|1|0|1.0|INDIVIDUAL|VARIABLE|P0210085000|1|0|1.0|INDIVIDUAL|VARIABLE|P0210085000|1|0|1.0|INDIVIDUAL|VARIABLE|P0210085000|1|0|1.0|INDIVIDUAL|VARIABLE|P0210085000|1|0|1.0|INDIVIDUAL|VARIABLE|P0210085000|1|0|1.0|INDIVIDUAL|VARIABLE|P0210085000|1|0|1.0|INDIVIDUAL|VARIABLE|P0210085000|1|0|1.0|INDIVIDUAL|VARIABLE|P0210085000|1|0|1.0|INDIVIDUAL|VARIABLE|P0210085000|1|0|1.0|INDIVIDUAL|VARIABLE|P0210085000|1|0|1.0|INDIVIDUAL|VARIABLE|P0210085000|1|0|1.0|INDIVIDUAL|VARIABLE|P0210085000|1|0|1.0|INDIVIDUAL|VARIABLE|P0210085000|1|0|1.0|INDIVIDUAL|VARIABLE|P0210085000|1|0|1.0|INDIVIDUAL|VARIABLE|P0210085000|1|0|1.0|INDIVIDUAL|VARIABLE|P0210085000|1|0|1.0|INDIVIDUAL|VARIABLE|P0210085000|1|0|1.0|INDIVIDUAL|VARIABLE|P0210085000|1|0|1.0|INDIVIDUAL|VARIABLE|P0210085000|1|0|1.0|INDIVIDUAL|VARIABLE|P0210085000|1|0|1.0|INDIVIDUAL|VARIABLE|P0210085000|1|0|1.0|INDIVIDUAL|VARIABLE|P0210085000|1|0|1.0|INDIVIDUAL|VARIABLE|P0210085000|1|0|1.0|INDIVIDUAL|VARIABLE|P0210085000|1|0|1.0|INDIVIDUAL|VARIABLE|P0210085000|1|0|1.0|INDIVIDUAL|VARIABLE|P0210085000|1|0|1.0|INDIVIDUAL|VARIABLE|P0210085000|1|0|1.0|INDIVIDUAL|VARIABLE|P0210085000|1|0|1.0|INDIVIDUAL|VARIABLE|P0210085000|1|0|1.0|INDIVIDUAL|VARIABLE|P0210085000|1|0|1.0|INDIVIDUAL|VARIABLE|P0210085000|1|0|1.0|INDIVIDUAL|VARIABLE|P0210085000|1|0|1.0|INDIVIDUAL|VARIABLE|P0210085000|1|0|1.0|INDIVIDUAL|VARIABLE|P0210085000|1|0|1.0|INDIVIDUAL|VARIABLE|P0210085000|1|0|1.0|INDIVIDUAL|VARIABLE|P0210085000|1|0|1.0|INDIVIDUAL|VARIABLE|P0210085000|1|0|1.0|INDIVIDUAL|VARIABLE|P0210085000|1|0|1.0|INDIVIDUAL|VARIABLE|P0210085000|1|0|1.0|INDIVIDUAL|VARIABLE|P0210085000|1|0|1.0|INDIVIDUAL|VARIABLE|P0210085000|1|0|1.0|INDIVIDUAL|VARIABLE|P0210085000|1|0|1.0|INDIVIDUAL|VARIABLE|P0210085000|1|0|1.0|INDIVIDUAL|VARIABLE|P0210085000|1|0|1.0|INDIVIDUAL|VARIABLE|P0210085000|1|0|1.0|INDIVIDUAL|VARIABLE|P0210085000|1|0|1.0|INDIVIDUAL|VARIABLE|P0210085000|1|0|1.0|INDIVIDUAL|VARIABLE|P0210085000|1|0|1.0|INDIVIDUAL|VARIABLE|P0210085000|1|0|1.0|INDIVIDUAL|VARIABLE|P0210085000|1|0|1.0|INDIVIDUAL|VARIABLE|P0210085000|1|0|1.0|INDIVIDUAL|VARIABLE|P0210085000|1|0|1.0|INDIVIDUAL|VARIABLE|P0210085000|1|0|1.0|INDIVIDUAL|VARIABLE|P0210085000|1|0|1.0|INDIVIDUAL|VARIABLE|P0210085000|1|0|1.0|INDIVIDUAL|VARIABLE|P0210085000|1|0|1.0|INDIVIDUAL|VARIABLE|P0210085000|1|0|1.0|INDIVIDUAL|VARIABLE|P0210085000|1|0|1.0|INDIVIDUAL|VARIABLE|P0210085000|1|0|1.0|INDIVIDUAL|VARIABLE|P0210085000|1|0|1.0|INDIVIDUAL|VARIABLE|P0210085000|1|0|1.0|INDIVIDUAL|VARIABLE|P0210085000|1|0|1.0|INDIVIDUAL|VARIABLE|P0210085000|1|0|1.0|INDIVIDUAL|VARIABLE|P0210085000|1|0|1.0|INDIVIDUAL|VARIABLE|P0210085000|1|0|1.0|INDIVIDUAL|VARIABLE|P0210085000|1|0|1.0|INDIVIDUAL|VARIABLE|P0210085000|1|0|1.0|INDIVIDUAL|VARIABLE|P0210085000|1|0|1.0|INDIVIDUAL|VARIABLE|P0210085000|1|0|1.0|INDIVIDUAL|VARIABLE|P0210085000|1|0|1.0|INDIVIDUAL|VARIABLE|P0210085000|1|0|1.0|INDIVIDUAL|VARIABLE|P0210085000|1|0|1.0|INDIVIDUAL|VARIABLE|P0210085000|1|0|1.0|INDIVIDUAL|VARIABLE|P0210085000|1|0|1.0|INDIVIDUAL|VARIABLE|P0210085000|1|0|1.0|INDIVIDUAL|VARIABLE|P0210085000|1|0|1.0|INDIVIDUAL|VARIABLE|P0210085000|1|0|1.0|INDIVIDUAL|VARIABLE|P0210085000|1|0|1.0|INDIVIDUAL|VARIABLE|P0210085000|1|0|1.0|INDIVIDUAL|VARIABLE|P0210085000|1|0|1.0|INDIVIDUAL|VARIABLE|P0210085000|1|0|1.0|INDIVIDUAL|VARIABLE|P0210085000|1|0|1.0|INDIVIDUAL|VARIABLE|P0210085000|1|0|1.0|INDIVIDUAL|VARIABLE|P0210085000|1|0|1.0|INDIVIDUAL|VARIABLE|P0210085000|1|0|1.0|INDIVIDUAL|VARIABLE|P0210085000|1|0|1.0|INDIVIDUAL|VARIABLE|P0210085000|1|0|1.0|INDIVIDUAL|VARIABLE|P0210085000|1|0|1.0|INDIVIDUAL|VARIABLE|P0210085000|1|0|1.0|INDIVIDUAL|VARIABLE|P0210085000|1|0|1.0|INDIVIDUAL|VARIABLE|P0210085000|1|0|1.0|INDIVIDUAL|VARIABLE|P0210085000|1|0|1.0|INDIVIDUAL|VARIABLE|P0210085000|1|0|1.0|INDIVIDUAL|VARIABLE|P0210085000|1|0|1.0|INDIVIDUAL|VARIABLE|P0210085000|1|0|1.0|INDIVIDUAL|VARIABLE|P0210085000|1|0|1.0
652,INDIVIDUAL|VARIABLE|P0210085000|1|0|1.0|INDIVIDUAL|VARIABLE|P0210085000|1|0|1.0|INDIVIDUAL|VARIABLE|P0210085000|1|0|1.0|INDIVIDUAL|VARIABLE|P0210085000|1|0|1.0|INDIVIDUAL|VARIABLE|P0210085000|1|0|1.0|INDIVIDUAL|VARIABLE|P0210085000|1|0|1.0|INDIVIDUAL|VARIABLE|P0210085000|1|0|1.0|INDIVIDUAL|VARIABLE|P0210085000|1|0|1.0|INDIVIDUAL|VARIABLE|P0210085000|1|0|1.0|INDIVIDUAL|VARIABLE|P0210085000|1|0|1.0|INDIVIDUAL|VARIABLE|P0210085000|1|0|1.0|INDIVIDUAL|VARIABLE|P0210085000|1|0|1.0|INDIVIDUAL|VARIABLE|P0210085000|1|0|1.0|INDIVIDUAL|VARIABLE|P0210085000|1|0|1.0|INDIVIDUAL|VARIABLE|P0210085000|1|0|1.0|INDIVIDUAL|VARIABLE|P0210085000|1|0|1.0|INDIVIDUAL|VARIABLE|P0210085000|1|0|1.0|INDIVIDUAL|VARIABLE|P0210085000|1|0|1.0|INDIVIDUAL|VARIABLE|P0210085000|1|0|1.0|INDIVIDUAL|VARIABLE|P0210085000|1|0|1.0|INDIVIDUAL|VARIABLE|P0210085000|1|0|1.0|INDIVIDUAL|VARIABLE|P0210085000|1|0|1.0|INDIVIDUAL|VARIABLE|P0210085000|1|0|1.0|INDIVIDUAL|VARIABLE|P0210085000|1|0|1.0|INDIVIDUAL|VARIABLE|P0210085000|1|0|1.0|INDIVIDUAL|VARIABLE|P0210085000|1|0|1.0|INDIVIDUAL|VARIABLE|P0210085000|1|0|1.0|INDIVIDUAL|VARIABLE|P0210085000|1|0|1.0|INDIVIDUAL|VARIABLE|P0210085000|1|0|1.0|INDIVIDUAL|VARIABLE|P0210085000|1|0|1.0|INDIVIDUAL|VARIABLE|P0210085000|1|0|1.0|INDIVIDUAL|VARIABLE|P0210085000|1|0|1.0|INDIVIDUAL|VARIABLE|P0210085000|1|0|1.0|INDIVIDUAL|VARIABLE|P0210085000|1|0|1.0|INDIVIDUAL|VARIABLE|P0210085000|1|0|1.0|INDIVIDUAL|VARIABLE|P0210085000|1|0|1.0|INDIVIDUAL|VARIABLE|P0210085000|1|0|1.0|INDIVIDUAL|VARIABLE|P0210085000|1|0|1.0|INDIVIDUAL|VARIABLE|P0210085000|1|0|1.0|INDIVIDUAL|VARIABLE|P0210085000|1|0|1.0|INDIVIDUAL|VARIABLE|P0210085000|1|0|1.0|INDIVIDUAL|VARIABLE|P0210085000|1|0|1.0|INDIVIDUAL|VARIABLE|P0210085000|1|0|1.0|INDIVIDUAL|VARIABLE|P0210085000|1|0|1.0|INDIVIDUAL|VARIABLE|P0210085000|1|0|1.0|INDIVIDUAL|VARIABLE|P0210085000|1|0|1.0|INDIVIDUAL|VARIABLE|P0210085000|1|0|1.0|INDIVIDUAL|VARIABLE|P0210085000|1|0|1.0|INDIVIDUAL|VARIABLE|P0210085000|1|0|1.0|INDIVIDUAL|VARIABLE|P0210085000|1|0|1.0|INDIVIDUAL|VARIABLE|P0210085000|1|0|1.0|INDIVIDUAL|VARIABLE|P0210085000|1|0|1.0|INDIVIDUAL|VARIABLE|P0210085000|1|0|1.0|INDIVIDUAL|VARIABLE|P0210085000|1|0|1.0|INDIVIDUAL|VARIABLE|P0210085000|1|0|1.0|INDIVIDUAL|VARIABLE|P0210085000|1|0|1.0|INDIVIDUAL|VARIABLE|P0210085000|1|0|1.0|INDIVIDUAL|VARIABLE|P0210085000|1|0|1.0|INDIVIDUAL|VARIABLE|P0210085000|1|0|1.0|INDIVIDUAL|VARIABLE|P0210085000|1|0|1.0|INDIVIDUAL|VARIABLE|P0210085000|1|0|1.0|INDIVIDUAL|VARIABLE|P0210085000|1|0|1.0|INDIVIDUAL|VARIABLE|P0210085000|1|0|1.0|INDIVIDUAL|VARIABLE|P0210085000|1|0|1.0|INDIVIDUAL|VARIABLE|P0210085000|1|0|1.0|INDIVIDUAL|VARIABLE|P0210085000|1|0|1.0|INDIVIDUAL|VARIABLE|P0210085000|1|0|1.0|INDIVIDUAL|VARIABLE|P0210085000|1|0|1.0|INDIVIDUAL|VARIABLE|P0210085000|1|0|1.0|INDIVIDUAL|VARIABLE|P0210085000|1|0|1.0|INDIVIDUAL|VARIABLE|P0210085000|1|0|1.0|INDIVIDUAL|VARIABLE|P0210085000|1|0|1.0|INDIVIDUAL|VARIABLE|P0210085000|1|0|1.0|INDIVIDUAL|VARIABLE|P0210085000|1|0|1.0|INDIVIDUAL|VARIABLE|P0210085000|1|0|1.0|INDIVIDUAL|VARIABLE|P0210085000|1|0|1.0|INDIVIDUAL|VARIABLE|P0210085000|1|0|1.0|INDIVIDUAL|VARIABLE|P0210085000|1|0|1.0|INDIVIDUAL|VARIABLE|P0210085000|1|0|1.0|INDIVIDUAL|VARIABLE|P0210085000|1|0|1.0|INDIVIDUAL|VARIABLE|P0210085000|1|0|1.0|INDIVIDUAL|VARIABLE|P0210085000|1|0|1.0|INDIVIDUAL|VARIABLE|P0210085000|1|0|1.0|INDIVIDUAL|VARIABLE|P0210085000|1|0|1.0|INDIVIDUAL|VARIABLE|P0210085000|1|0|1.0|INDIVIDUAL|VARIABLE|P0210085000|1|0|1.0|INDIVIDUAL|VARIABLE|P0210085000|1|0|1.0|INDIVIDUAL|VARIABLE|P0210085000|1|0|1.0|INDIVIDUAL|VARIABLE|P0210085000|1|0|1.0|INDIVIDUAL|VARIABLE|P0210085000|1|0|1.0|INDIVIDUAL|VARIABLE|P0210085000|1|0|1.0|INDIVIDUAL|VARIABLE|P0210085000|1|0|1.0|INDIVIDUAL|VARIABLE|P0210085000|1|0|1.0|INDIVIDUAL|VARIABLE|P0210085000|1|0|1.0|INDIVIDUAL|VARIABLE|P0210085000|1|0|1.0|INDIVIDUAL|VARIABLE|P0210085000|1|0|1.0|INDIVIDUAL|VARIABLE|P0210085000|1|0|1.0|INDIVIDUAL|VARIABLE|P0210085000|1|0|1.0|INDIVIDUAL|VARIABLE|P0210085000|1|0|1.0|INDIVIDUAL|VARIABLE|P0210085000|1|0|1.0
653,INDIVIDUAL|VARIABLE|P0292082007|1|0|1.0|INDIVIDUAL|VARIABLE|P0292082007|1|0|1.0|INDIVIDUAL|VARIABLE|P0292082007|1|0|1.0|INDIVIDUAL|VARIABLE|P0292082007|1|0|1.0|INDIVIDUAL|VARIABLE|P0292082007|1|0|1.0|INDIVIDUAL|VARIABLE|P0292082007|1|0|1.0|INDIVIDUAL|VARIABLE|P0292082007|1|0|1.0|INDIVIDUAL|VARIABLE|P0292082007|1|0|1.0|INDIVIDUAL|VARIABLE|P0292082007|1|0|1.0|INDIVIDUAL|VARIABLE|P0292082007|1|0|1.0|INDIVIDUAL|VARIABLE|P0292082007|1|0|1.0|INDIVIDUAL|VARIABLE|P0292082007|1|0|1.0|INDIVIDUAL|VARIABLE|P0292082007|1|0|1.0|INDIVIDUAL|VARIABLE|P0292082007|1|0|1.0|INDIVIDUAL|VARIABLE|P0292082007|1|0|1.0|INDIVIDUAL|VARIABLE|P0292082007|1|0|1.0|INDIVIDUAL|VARIABLE|P0292082007|1|0|1.0|INDIVIDUAL|VARIABLE|P0292082007|1|0|1.0|INDIVIDUAL|VARIABLE|P0292082007|1|0|1.0|INDIVIDUAL|VARIABLE|P0292082007|1|0|1.0|INDIVIDUAL|VARIABLE|P0292082007|1|0|1.0|INDIVIDUAL|VARIABLE|P0292082007|1|0|1.0|INDIVIDUAL|VARIABLE|P0292082007|1|0|1.0|INDIVIDUAL|VARIABLE|P0292082007|1|0|1.0|INDIVIDUAL|VARIABLE|P0292082007|1|0|1.0|INDIVIDUAL|VARIABLE|P0292082007|1|0|1.0|INDIVIDUAL|VARIABLE|P0292082007|1|0|1.0|INDIVIDUAL|VARIABLE|P0292082007|1|0|1.0|INDIVIDUAL|VARIABLE|P0292082007|1|0|1.0|INDIVIDUAL|VARIABLE|P0292082007|1|0|1.0|INDIVIDUAL|VARIABLE|P0292082007|1|0|1.0|INDIVIDUAL|VARIABLE|P0292082007|1|0|1.0|INDIVIDUAL|VARIABLE|P0292082007|1|0|1.0
654,INDIVIDUAL|VARIABLE|P0210055000|1|0|1.0|INDIVIDUAL|VARIABLE|P0210055000|1|0|1.0|INDIVIDUAL|VARIABLE|P0210055000|1|0|1.0|INDIVIDUAL|VARIABLE|P0210055000|1|0|1.0|INDIVIDUAL|VARIABLE|P0210055000|1|0|1.0|INDIVIDUAL|VARIABLE|P0210055000|1|0|1.0|INDIVIDUAL|VARIABLE|P0210055000|1|0|1.0|INDIVIDUAL|VARIABLE|P0210055000|1|0|1.0|INDIVIDUAL|VARIABLE|P0210055000|1|0|1.0|INDIVIDUAL|VARIABLE|P0210055000|1|0|1.0|INDIVIDUAL|VARIABLE|P0210055000|1|0|1.0|INDIVIDUAL|VARIABLE|P0210055000|1|0|1.0|INDIVIDUAL|VARIABLE|P0210055000|1|0|1.0|INDIVIDUAL|VARIABLE|P0210055000|1|0|1.0|INDIVIDUAL|VARIABLE|P0210055000|1|0|1.0|INDIVIDUAL|VARIABLE|P0210055000|1|0|1.0|INDIVIDUAL|VARIABLE|P0210055000|1|0|1.0|INDIVIDUAL|VARIABLE|P0210055000|1|0|1.0|INDIVIDUAL|VARIABLE|P0210055000|1|0|1.0|INDIVIDUAL|VARIABLE|P0210055000|1|0|1.0|INDIVIDUAL|VARIABLE|P0210055000|1|0|1.0|INDIVIDUAL|VARIABLE|P0210055000|1|0|1.0|INDIVIDUAL|VARIABLE|P0210055000|1|0|1.0|INDIVIDUAL|VARIABLE|P0210055000|1|0|1.0|INDIVIDUAL|VARIABLE|P0210055000|1|0|1.0|INDIVIDUAL|VARIABLE|P0210055000|1|0|1.0|INDIVIDUAL|VARIABLE|P0210055000|1|0|1.0|INDIVIDUAL|VARIABLE|P0210055000|1|0|1.0|INDIVIDUAL|VARIABLE|P0210055000|1|0|1.0|INDIVIDUAL|VARIABLE|P0210055000|1|0|1.0|INDIVIDUAL|VARIABLE|P0210055000|1|0|1.0|INDIVIDUAL|VARIABLE|P0210055000|1|0|1.0|INDIVIDUAL|VARIABLE|P0210055000|1|0|1.0|INDIVIDUAL|VARIABLE|P0210055000|1|0|1.0|INDIVIDUAL|VARIABLE|P0210055000|1|0|1.0|INDIVIDUAL|VARIABLE|P0210055000|1|0|1.0|INDIVIDUAL|VARIABLE|P0210055000|1|0|1.0|INDIVIDUAL|VARIABLE|P0210055000|1|0|1.0|INDIVIDUAL|VARIABLE|P0210055000|1|0|1.0|INDIVIDUAL|VARIABLE|P0210055000|1|0|1.0
655,INDIVIDUAL|VARIABLE|P0292127008|1|0|1.0|INDIVIDUAL|VARIABLE|P0292127008|1|0|1.0|INDIVIDUAL|VARIABLE|P0292127008|1|0|1.0|INDIVIDUAL|VARIABLE|P0292127008|1|0|1.0|INDIVIDUAL|VARIABLE|P0292127008|1|0|1.0|INDIVIDUAL|VARIABLE|P0292127008|1|0|1.0|INDIVIDUAL|VARIABLE|P0292127008|1|0|1.0|INDIVIDUAL|VARIABLE|P0292127008|1|0|1.0|INDIVIDUAL|VARIABLE|P0292127008|1|0|1.0|INDIVIDUAL|VARIABLE|P0292127008|1|0|1.0|INDIVIDUAL|VARIABLE|P0292127008|1|0|1.0|INDIVIDUAL|VARIABLE|P0292127008|1|0|1.0|INDIVIDUAL|VARIABLE|P0292127008|1|0|1.0|INDIVIDUAL|VARIABLE|P0292127008|1|0|1.0|INDIVIDUAL|VARIABLE|P0292127008|1|0|1.0|INDIVIDUAL|VARIABLE|P0292127008|1|0|1.0|INDIVIDUAL|VARIABLE|P0292127008|1|0|1.0|INDIVIDUAL|VARIABLE|P0292127008|1|0|1.0|INDIVIDUAL|VARIABLE|P0292127008|1|0|1.0|INDIVIDUAL|VARIABLE|P0292127008|1|0|1.0|INDIVIDUAL|VARIABLE|P0292127008|1|0|1.0|INDIVIDUAL|VARIABLE|P0292127008|1|0|1.0|INDIVIDUAL|VARIABLE|P0292127008|1|0|1.0|INDIVIDUAL|VARIABLE|P0292127008|1|0|1.0|INDIVIDUAL|VARIABLE|P0292127008|1|0|1.0|INDIVIDUAL|VARIABLE|P0292127008|1|0|1.0|INDIVIDUAL|VARIABLE|P0292127008|1|0|1.0|INDIVIDUAL|VARIABLE|P0292127008|1|0|1.0|INDIVIDUAL|VARIABLE|P0292127008|1|0|1.0|INDIVIDUAL|VARIABLE|P0292127008|1|0|1.0|INDIVIDUAL|VARIABLE|P0292127008|1|0|1.0|INDIVIDUAL|VARIABLE|P0292127008|1|0|1.0|INDIVIDUAL|VARIABLE|P0292127008|1|0|1.0|INDIVIDUAL|VARIABLE|P0292127008|1|0|1.0|INDIVIDUAL|VARIABLE|P0292127008|1|0|1.0|INDIVIDUAL|VARIABLE|P0292127008|1|0|1.0|INDIVIDUAL|VARIABLE|P0292127008|1|0|1.0|INDIVIDUAL|VARIABLE|P0292127008|1|0|1.0|INDIVIDUAL|VARIABLE|P0292127008|1|0|1.0|INDIVIDUAL|VARIABLE|P0292127008|1|0|1.0|INDIVIDUAL|VARIABLE|P0292127008|1|0|1.0|INDIVIDUAL|VARIABLE|P0292127008|1|0|1.0|INDIVIDUAL|VARIABLE|P0292127008|1|0|1.0|INDIVIDUAL|VARIABLE|P0292127008|1|0|1.0|INDIVIDUAL|VARIABLE|P0292127008|1|0|1.0|INDIVIDUAL|VARIABLE|P0292127008|1|0|1.0|INDIVIDUAL|VARIABLE|P0292127008|1|0|1.0|INDIVIDUAL|VARIABLE|P0292127008|1|0|1.0|INDIVIDUAL|VARIABLE|P0292127008|1|0|1.0|INDIVIDUAL|VARIABLE|P0292127008|1|0|1.0|INDIVIDUAL|VARIABLE|P0292127008|1|0|1.0|INDIVIDUAL|VARIABLE|P0292127008|1|0|1.0|INDIVIDUAL|VARIABLE|P0292127008|1|0|1.0|INDIVIDUAL|VARIABLE|P0292127008|1|0|1.0|INDIVIDUAL|VARIABLE|P0292127008|1|0|1.0|INDIVIDUAL|VARIABLE|P0292127008|1|0|1.0|INDIVIDUAL|VARIABLE|P0292127008|1|0|1.0|INDIVIDUAL|VARIABLE|P0292127008|1|0|1.0|INDIVIDUAL|VARIABLE|P0292127008|1|0|1.0|INDIVIDUAL|VARIABLE|P0292127008|1|0|1.0|INDIVIDUAL|VARIABLE|P0292127008|1|0|1.0|INDIVIDUAL|VARIABLE|P0292127008|1|0|1.0|INDIVIDUAL|VARIABLE|P0292127008|1|0|1.0|INDIVIDUAL|VARIABLE|P0292127008|1|0|1.0|INDIVIDUAL|VARIABLE|P0292127008|1|0|1.0|INDIVIDUAL|VARIABLE|P0292127008|1|0|1.0|INDIVIDUAL|VARIABLE|P0292127008|1|0|1.0|INDIVIDUAL|VARIABLE|P0292127008|1|0|1.0|INDIVIDUAL|VARIABLE|P0292127008|1|0|1.0|INDIVIDUAL|VARIABLE|P0292127008|1|0|1.0|INDIVIDUAL|VARIABLE|P0292127008|1|0|1.0|INDIVIDUAL|VARIABLE|P0292127008|1|0|1.0|INDIVIDUAL|VARIABLE|P0292127008|1|0|1.0|INDIVIDUAL|VARIABLE|P0292127008|1|0|1.0|INDIVIDUAL|VARIABLE|P0292127008|1|0|1.0|INDIVIDUAL|VARIABLE|P0292127008|1|0|1.0|INDIVIDUAL|VARIABLE|P0292127008|1|0|1.0|INDIVIDUAL|VARIABLE|P0292127008|1|0|1.0|INDIVIDUAL|VARIABLE|P0292127008|1|0|1.0|INDIVIDUAL|VARIABLE|P0292127008|1|0|1.0
656,SET FIJO|FIJO|200116502|1|0|1.0|SET FIJO|FIJO|200116502|1|0|1.0|SET FIJO|FIJO|200116502|1|0|1.0|SET FIJO|FIJO|200116502|1|0|1.0|SET FIJO|FIJO|200116502|1|0|1.0|SET FIJO|FIJO|200076632|0|0|1.0|SET FIJO|FIJO|200076632|0|0|1.0|SET FIJO|FIJO|200076632|0|0|1.0|SET FIJO|FIJO|200076632|0|0|1.0|SET FIJO|FIJO|200076632|0|0|1.0|SET FIJO|FIJO|200076632|0|0|1.0|SET FIJO|FIJO|200076632|0|0|1.0|SET FIJO|FIJO|200076632|0|0|1.0|SET FIJO|FIJO|200076632|0|0|1.0|SET FIJO|FIJO|200076632|0|0|1.0|SET FIJO|FIJO|200076632|0|0|1.0|SET FIJO|FIJO|200116502|1|0|1.0|SET FIJO|FIJO|200116502|1|0|1.0|SET FIJO|FIJO|200116502|1|0|1.0|SET FIJO|FIJO|200116502|1|0|1.0|SET FIJO|FIJO|200116502|1|0|1.0|SET FIJO|FIJO|200116502|1|0|1.0|SET FIJO|FIJO|200076632|0|0|1.0
657,SET FIJO|FIJO|200116502|1|0|1.0|SET FIJO|FIJO|200116502|1|0|1.0|SET FIJO|FIJO|200116502|1|0|1.0|SET FIJO|FIJO|200116502|1|0|1.0|SET FIJO|FIJO|200116502|1|0|1.0|SET FIJO|FIJO|200012014|0|0|1.0|SET FIJO|FIJO|200012014|0|0|1.0|SET FIJO|FIJO|200012014|0|0|1.0|SET FIJO|FIJO|200012014|0|0|1.0|SET FIJO|FIJO|200012014|0|0|1.0|SET FIJO|FIJO|200012014|0|0|1.0|SET FIJO|FIJO|200012014|0|0|1.0|SET FIJO|FIJO|200012014|0|0|1.0|SET FIJO|FIJO|200012014|0|0|1.0|SET FIJO|FIJO|200116502|1|0|1.0|SET FIJO|FIJO|200012014|0|0|1.0|SET FIJO|FIJO|200012014|0|0|1.0|SET FIJO|FIJO|200116502|1|0|1.0|SET FIJO|FIJO|200116502|1|0|1.0|SET FIJO|FIJO|200116502|1|0|1.0|SET FIJO|FIJO|200116502|1|0|1.0|SET FIJO|FIJO|200116502|1|0|1.0
658,SET FIJO|FIJO|200084602|1|0|1.0|SET FIJO|FIJO|200090097|0|0|1.0|SET FIJO|FIJO|200084602|1|0|1.0|SET FIJO|FIJO|200090097|0|0|1.0|SET FIJO|FIJO|200090097|0|0|1.0|SET FIJO|FIJO|200090097|0|0|1.0|SET FIJO|FIJO|200084602|1|0|1.0|SET FIJO|FIJO|200084602|1|0|1.0|SET FIJO|FIJO|200084602|1|0|1.0|SET FIJO|FIJO|200084602|1|0|1.0|SET FIJO|FIJO|200090097|0|0|1.0|SET FIJO|FIJO|200090097|0|0|1.0|SET FIJO|FIJO|200084602|1|0|1.0|SET FIJO|FIJO|200084602|1|0|1.0|SET FIJO|FIJO|200084602|1|0|1.0|SET FIJO|FIJO|200090097|0|0|1.0|SET FIJO|FIJO|200084602|1|0|1.0|SET FIJO|FIJO|200090097|0|0|1.0|SET FIJO|FIJO|200090097|0|0|1.0|SET FIJO|FIJO|200084602|1|0|1.0|SET FIJO|FIJO|200090097|0|0|1.0
659,SET FIJO|FIJO|200092172|0|0|1.0|SET FIJO|FIJO|200079595|1|0|1.0|SET FIJO|FIJO|200079595|1|0|1.0|SET FIJO|FIJO|200092172|0|0|1.0|SET FIJO|FIJO|200092172|0|0|1.0|SET FIJO|FIJO|200079595|1|0|1.0|SET FIJO|FIJO|200079595|1|0|1.0|SET FIJO|FIJO|200079595|1|0|1.0|SET FIJO|FIJO|200079595|1|0|1.0|SET FIJO|FIJO|200079595|1|0|1.0|SET FIJO|FIJO|200092172|0|0|1.0|SET FIJO|FIJO|200079595|1|0|1.0|SET FIJO|FIJO|200092172|0|0|1.0|SET FIJO|FIJO|200079595|1|0|1.0|SET FIJO|FIJO|200092172|0|0|1.0|SET FIJO|FIJO|200092172|0|0|1.0|SET FIJO|FIJO|200092172|0|0|1.0|SET FIJO|FIJO|200079595|1|0|1.0|SET FIJO|FIJO|200092172|0|0|1.0
660,SET FIJO|FIJO|200040880|1|0|1.0|SET FIJO|FIJO|200056121|0|0|1.0|SET FIJO|FIJO|200040880|1|0|1.0|SET FIJO|FIJO|200056121|0|0|1.0|SET FIJO|FIJO|200040880|1|0|1.0|SET FIJO|FIJO|200056121|0|0|1.0|SET FIJO|FIJO|200056121|0|0|1.0|SET FIJO|FIJO|200056121|0|0|1.0
661,SET FIJO|FIJO|200043493|0|0|1.0|SET FIJO|FIJO|200056636|1|0|1.0|SET FIJO|FIJO|200056636|1|0|1.0|SET FIJO|FIJO|200043493|0|0|1.0|SET FIJO|FIJO|200017521|0|0|1.0|SET FIJO|FIJO|200043493|0|0|1.0|SET FIJO|FIJO|200017521|0|0|1.0|SET FIJO|FIJO|200056636|1|0|1.0|SET FIJO|FIJO|200056636|1|0|1.0|SET FIJO|FIJO|200043493|0|0|1.0|SET FIJO|FIJO|200056636|1|0|1.0|SET FIJO|FIJO|200043493|0|0|1.0|SET FIJO|FIJO|200043493|0|0|1.0|SET FIJO|FIJO|200017521|0|0|1.0|SET FIJO|FIJO|200043493|0|0|1.0|SET FIJO|FIJO|200017521|0|0|1.0|SET FIJO|FIJO|200043493|0|0|1.0|SET FIJO|FIJO|200017521|0|0|1.0|SET FIJO|FIJO|200043493|0|0|1.0
662,SET FIJO|FIJO|200043496|0|0|1.0|SET FIJO|FIJO|200043496|0|0|1.0|SET FIJO|FIJO|200043496|0|0|1.0|SET FIJO|FIJO|200043496|0|0|1.0|SET FIJO|FIJO|200043496|0|0|1.0|SET FIJO|FIJO|200043496|0|0|1.0|SET FIJO|FIJO|200011773|1|0|1.0|SET FIJO|FIJO|200043496|0|0|1.0|SET FIJO|FIJO|200011773|1|0|1.0|SET FIJO|FIJO|200043496|0|0|1.0|SET FIJO|FIJO|200011773|1|0|1.0|SET FIJO|FIJO|200043496|0|0|1.0|SET FIJO|FIJO|200011773|1|0|1.0|SET FIJO|FIJO|200043496|0|0|1.0
663,SET FIJO|FIJO|200099702|0|0|1.0|SET FIJO|FIJO|200100407|0|0|1.0|SET FIJO|FIJO|200100407|0|0|1.0|SET FIJO|FIJO|200100407|0|0|1.0|SET FIJO|FIJO|200100407|0|0|1.0|SET FIJO|FIJO|200100407|0|0|1.0|SET FIJO|FIJO|200100407|0|0|1.0|SET FIJO|FIJO|200100407|0|0|1.0|SET FIJO|FIJO|200099702|0|0|1.0|SET FIJO|FIJO|200091328|1|0|1.0|SET FIJO|FIJO|200091328|1|0|1.0|SET FIJO|FIJO|200091328|1|0|1.0|SET FIJO|FIJO|200091328|1|0|1.0|SET FIJO|FIJO|200091328|1|0|1.0|SET FIJO|FIJO|200099702|0|0|1.0|SET FIJO|FIJO|200100407|0|0|1.0|SET FIJO|FIJO|200100407|0|0|1.0|SET FIJO|FIJO|200100407|0|0|1.0|SET FIJO|FIJO|200099702|0|0|1.0|SET FIJO|FIJO|200099702|0|0|1.0|SET FIJO|FIJO|200091328|1|0|1.0|SET FIJO|FIJO|200091328|1|0|1.0|SET FIJO|FIJO|200091328|1|0|1.0|SET FIJO|FIJO|200091328|1|0|1.0|SET FIJO|FIJO|200091328|1|0|1.0|SET FIJO|FIJO|200091328|1|0|1.0|SET FIJO|FIJO|200099702|0|0|1.0|SET FIJO|FIJO|200099702|0|0|1.0|SET FIJO|FIJO|200099702|0|0|1.0|SET FIJO|FIJO|200099702|0|0|1.0|SET FIJO|FIJO|200099702|0|0|1.0
664,SET FIJO|FIJO|200098555|1|0|1.0|SET FIJO|FIJO|200098555|1|0|1.0|SET FIJO|FIJO|200098555|1|0|1.0|SET FIJO|FIJO|200098555|1|0|1.0|SET FIJO|FIJO|200098555|1|0|1.0|SET FIJO|FIJO|200098555|1|0|1.0|SET FIJO|FIJO|200098555|1|0|1.0|SET FIJO|FIJO|200098555|1|0|1.0|SET FIJO|FIJO|200098555|1|0|1.0|SET FIJO|FIJO|200098555|1|0|1.0|SET FIJO|FIJO|200098555|1|0|1.0|SET FIJO|FIJO|200118363|0|0|1.0|SET FIJO|FIJO|200118363|0|0|1.0|SET FIJO|FIJO|200118363|0|0|1.0|SET FIJO|FIJO|200118363|0|0|1.0|SET FIJO|FIJO|200118363|0|0|1.0|SET FIJO|FIJO|200118363|0|0|1.0|SET FIJO|FIJO|200118363|0|0|1.0|SET FIJO|FIJO|200118363|0|0|1.0|SET FIJO|FIJO|200118363|0|0|1.0|SET FIJO|FIJO|200118363|0|0|1.0
665,SET FIJO|FIJO|P0210085000|0|0|1.0|SET FIJO|FIJO|P0210085000|0|0|1.0|SET FIJO|FIJO|P0210085000|0|0|1.0|SET FIJO|FIJO|P0210085000|0|0|1.0|SET FIJO|FIJO|P0210085000|0|0|1.0|SET FIJO|FIJO|P0210085000|0|0|1.0|SET FIJO|FIJO|P0210060001|0|0|1.0|SET FIJO|FIJO|P0210060001|0|0|1.0|SET FIJO|FIJO|P0210060001|0|0|1.0|SET FIJO|FIJO|P0210060001|0|0|1.0|SET FIJO|FIJO|P0210060001|0|0|1.0|SET FIJO|FIJO|P0210060001|0|0|1.0|SET FIJO|FIJO|P0210060001|0|0|1.0|SET FIJO|FIJO|P0210060001|0|0|1.0|SET FIJO|FIJO|P0210060001|0|0|1.0|SET FIJO|FIJO|P0210060001|0|0|1.0|SET FIJO|FIJO|P0210085000|0|0|1.0|SET FIJO|FIJO|200118363|1|0|1.0|SET FIJO|FIJO|200118363|1|0|1.0|SET FIJO|FIJO|200118363|1|0|1.0|SET FIJO|FIJO|200118363|1|0|1.0|SET FIJO|FIJO|200118363|1|0|1.0|SET FIJO|FIJO|200118363|1|0|1.0|SET FIJO|FIJO|200118363|1|0|1.0|SET FIJO|FIJO|200118363|1|0|1.0|SET FIJO|FIJO|200118363|1|0|1.0|SET FIJO|FIJO|200118363|1|0|1.0|SET FIJO|FIJO|P0210085000|0|0|1.0|SET FIJO|FIJO|P0210085000|0|0|1.0|SET FIJO|FIJO|P0210085000|0|0|1.0|SET FIJO|FIJO|P0210085000|0|0|1.0
666,SET FIJO|FIJO|200108044|0|0|1.0|SET FIJO|FIJO|200108044|0|0|1.0|SET FIJO|FIJO|200108044|0|0|1.0|SET FIJO|FIJO|200108044|0|0|1.0|SET FIJO|FIJO|200108044|0|0|1.0|SET FIJO|FIJO|200108044|0|0|1.0|SET FIJO|FIJO|200108044|0|0|1.0|SET FIJO|FIJO|200098555|1|0|1.0|SET FIJO|FIJO|200098555|1|0|1.0|SET FIJO|FIJO|200098555|1|0|1.0|SET FIJO|FIJO|200098555|1|0|1.0|SET FIJO|FIJO|200098555|1|0|1.0|SET FIJO|FIJO|200098555|1|0|1.0|SET FIJO|FIJO|200098555|1|0|1.0|SET FIJO|FIJO|200098555|1|0|1.0|SET FIJO|FIJO|200108044|0|0|1.0|SET FIJO|FIJO|200108044|0|0|1.0|SET FIJO|FIJO|200098555|1|0|1.0|SET FIJO|FIJO|200098555|1|0|1.0|SET FIJO|FIJO|200098555|1|0|1.0|SET FIJO|FIJO|200108044|0|0|1.0
667,SET FIJO|FIJO|200109258|0|0|1.0|SET FIJO|FIJO|200109258|0|0|1.0|SET FIJO|FIJO|200109258|0|0|1.0|SET FIJO|FIJO|200109258|0|0|1.0|SET FIJO|FIJO|200109258|0|0|1.0|SET FIJO|FIJO|200109258|0|0|1.0|SET FIJO|FIJO|200109258|0|0|1.0|SET FIJO|FIJO|200106295|1|0|1.0|SET FIJO|FIJO|200106295|1|0|1.0|SET FIJO|FIJO|200106295|1|0|1.0|SET FIJO|FIJO|200106295|1|0|1.0|SET FIJO|FIJO|200106295|1|0|1.0|SET FIJO|FIJO|200106295|1|0|1.0|SET FIJO|FIJO|200109258|0|0|1.0|SET FIJO|FIJO|200106295|1|0|1.0|SET FIJO|FIJO|200109258|0|0|1.0|SET FIJO|FIJO|200106295|1|0|1.0|SET FIJO|FIJO|200106295|1|0|1.0|SET FIJO|FIJO|200106295|1|0|1.0|SET FIJO|FIJO|200109258|0|0|1.0
668,SET FIJO|FIJO|200040636|1|0|1.0|SET FIJO|FIJO|200106279|0|0|1.0|SET FIJO|FIJO|200106279|0|0|1.0|SET FIJO|FIJO|200106279|0|0|1.0|SET FIJO|FIJO|200106279|0|0|1.0|SET FIJO|FIJO|200106279|0|0|1.0|SET FIJO|FIJO|200106279|0|0|1.0|SET FIJO|FIJO|200106279|0|0|1.0|SET FIJO|FIJO|200106279|0|0|1.0|SET FIJO|FIJO|200106279|0|0|1.0|SET FIJO|FIJO|200106279|0|0|1.0|SET FIJO|FIJO|200040636|1|0|1.0
669,SET FIJO|FIJO|200046830|1|0|1.0|SET FIJO|FIJO|200046830|1|0|1.0|SET FIJO|FIJO|200046830|1|0|1.0|SET FIJO|FIJO|200046830|1|0|1.0|SET FIJO|FIJO|200046830|1|0|1.0|SET FIJO|FIJO|200046830|1|0|1.0|SET FIJO|FIJO|200046332|0|0|1.0|SET FIJO|FIJO|200046830|1|0|1.0|SET FIJO|FIJO|200046830|1|0|1.0|SET FIJO|FIJO|200046332|0|0|1.0|SET FIJO|FIJO|200046830|1|0|1.0|SET FIJO|FIJO|200046830|1|0|1.0
670,SET FIJO|FIJO|P0067077007|0|0|1.0|SET FIJO|FIJO|P0292082007|1|0|1.0|SET FIJO|FIJO|P0067077007|0|0|1.0|SET FIJO|FIJO|P0067077007|0|0|1.0|SET FIJO|FIJO|P0067077007|0|0|1.0|SET FIJO|FIJO|P0067077007|0|0|1.0|SET FIJO|FIJO|P0067077007|0|0|1.0|SET FIJO|FIJO|P0067077007|0|0|1.0|SET FIJO|FIJO|P0067077007|0|0|1.0|SET FIJO|FIJO|P0067077007|0|0|1.0|SET FIJO|FIJO|P0292082007|1|0|1.0|SET FIJO|FIJO|P0292082007|1|0|1.0|SET FIJO|FIJO|P0067077007|0|0|1.0|SET FIJO|FIJO|P0067077007|0|0|1.0|SET FIJO|FIJO|P0292082007|1|0|1.0|SET FIJO|FIJO|P0292082007|1|0|1.0|SET FIJO|FIJO|P0292082007|1|0|1.0|SET FIJO|FIJO|P0292082007|1|0|1.0|SET FIJO|FIJO|P0292082007|1|0|1.0|SET FIJO|FIJO|P0292082007|1|0|1.0|SET FIJO|FIJO|P0292082007|1|0|1.0|SET FIJO|FIJO|P0292082007|1|0|1.0
671,SET FIJO|FIJO|200089499|1|0|1.0|SET FIJO|FIJO|200089499|1|0|1.0|SET FIJO|FIJO|200089499|1|0|1.0|SET FIJO|FIJO|200089499|1|0|1.0|SET FIJO|FIJO|200101061|0|0|1.0|SET FIJO|FIJO|200089499|1|0|1.0|SET FIJO|FIJO|200089499|1|0|1.0|SET FIJO|FIJO|200089499|1|0|1.0|SET FIJO|FIJO|200089499|1|0|1.0|SET FIJO|FIJO|200089499|1|0|1.0|SET FIJO|FIJO|200089499|1|0|1.0|SET FIJO|FIJO|200101061|0|0|1.0|SET FIJO|FIJO|200101061|0|0|1.0|SET FIJO|FIJO|200101061|0|0|1.0|SET FIJO|FIJO|200101061|0|0|1.0|SET FIJO|FIJO|200101061|0|0|1.0|SET FIJO|FIJO|200101061|0|0|1.0|SET FIJO|FIJO|200101061|0|0|1.0|SET FIJO|FIJO|200101061|0|0|1.0|SET FIJO|FIJO|200101061|0|0|1.0|SET FIJO|FIJO|200089499|1|0|1.0
672,SET FIJO|FIJO|200109119|0|0|1.0|SET FIJO|FIJO|200109119|0|0|1.0|SET FIJO|FIJO|200109119|0|0|1.0|SET FIJO|FIJO|200106274|1|0|1.0|SET FIJO|FIJO|200109119|0|0|1.0|SET FIJO|FIJO|200109119|0|0|1.0|SET FIJO|FIJO|200106274|1|0|1.0|SET FIJO|FIJO|200106274|1|0|1.0|SET FIJO|FIJO|200109119|0|0|1.0|SET FIJO|FIJO|200106274|1|0|1.0|SET FIJO|FIJO|200109119|0|0|1.0|SET FIJO|FIJO|200106274|1|0|1.0|SET FIJO|FIJO|200106274|1|0|1.0|SET FIJO|FIJO|200106274|1|0|1.0|SET FIJO|FIJO|200109119|0|0|1.0|SET FIJO|FIJO|200106274|1|0|1.0|SET FIJO|FIJO|200109119|0|0|1.0|SET FIJO|FIJO|200106274|1|0|1.0|SET FIJO|FIJO|200109119|0|0|1.0|SET FIJO|FIJO|200106274|1|0|1.0
673,SET FIJO|FIJO|200116502|1|0|1.0|SET FIJO|FIJO|200116502|1|0|1.0|SET FIJO|FIJO|200116502|1|0|1.0|SET FIJO|FIJO|200116502|1|0|1.0|SET FIJO|FIJO|200116502|1|0|1.0|SET FIJO|FIJO|200116502|1|0|1.0|SET FIJO|FIJO|200116502|1|0|1.0|SET FIJO|FIJO|200116502|1|0|1.0|SET FIJO|FIJO|200116502|1|0|1.0|SET FIJO|FIJO|200116502|1|0|1.0|SET FIJO|FIJO|200116502|1|0|1.0
675,PROMOCIÓN INDIVIDUAL|FIJO|200111145|1|0|1.0|PROMOCIÓN INDIVIDUAL|FIJO|200111145|1|0|1.0|PROMOCIÓN INDIVIDUAL|FIJO|200111145|1|0|1.0|PROMOCIÓN INDIVIDUAL|FIJO|200111145|1|0|1.0|PROMOCIÓN INDIVIDUAL|FIJO|200111145|1|0|1.0|PROMOCIÓN INDIVIDUAL|FIJO|200111145|1|0|1.0|PROMOCIÓN INDIVIDUAL|FIJO|200111145|1|0|1.0|PROMOCIÓN INDIVIDUAL|FIJO|200111145|1|0|1.0|PROMOCIÓN INDIVIDUAL|FIJO|200111145|1|0|1.0|PROMOCIÓN INDIVIDUAL|FIJO|200111145|1|0|1.0|PROMOCIÓN INDIVIDUAL|FIJO|200111145|1|0|1.0
677,PROMOCIÓN INDIVIDUAL|VARIABLE|200111352|1|0|1.0|PROMOCIÓN INDIVIDUAL|VARIABLE|200088336|1|0|1.0|PROMOCIÓN INDIVIDUAL|VARIABLE|200111352|1|0|1.0|PROMOCIÓN INDIVIDUAL|VARIABLE|200111352|1|0|1.0|PROMOCIÓN INDIVIDUAL|VARIABLE|200111352|1|0|1.0|PROMOCIÓN INDIVIDUAL|VARIABLE|200111352|1|0|1.0|PROMOCIÓN INDIVIDUAL|VARIABLE|200111352|1|0|1.0|PROMOCIÓN INDIVIDUAL|VARIABLE|200088336|1|0|1.0|PROMOCIÓN INDIVIDUAL|VARIABLE|200111352|1|0|1.0|PROMOCIÓN INDIVIDUAL|VARIABLE|200111352|1|0|1.0|PROMOCIÓN INDIVIDUAL|VARIABLE|200111352|1|0|1.0|PROMOCIÓN INDIVIDUAL|VARIABLE|200111352|1|0|1.0|PROMOCIÓN INDIVIDUAL|VARIABLE|200111352|1|0|1.0|PROMOCIÓN INDIVIDUAL|VARIABLE|200088336|1|0|1.0|PROMOCIÓN INDIVIDUAL|VARIABLE|200088336|1|0|1.0|PROMOCIÓN INDIVIDUAL|VARIABLE|200088336|1|0|1.0|PROMOCIÓN INDIVIDUAL|VARIABLE|200088336|1|0|1.0|PROMOCIÓN INDIVIDUAL|VARIABLE|200088336|1|0|1.0|PROMOCIÓN INDIVIDUAL|VARIABLE|200088336|1|0|1.0|PROMOCIÓN INDIVIDUAL|VARIABLE|200088336|1|0|1.0|PROMOCIÓN INDIVIDUAL|VARIABLE|200088336|1|0|1.0|PROMOCIÓN INDIVIDUAL|VARIABLE|200088336|1|0|1.0
679,PROMOCIÓN INDIVIDUAL|VARIABLE|P0292094005|1|0|1.0|PROMOCIÓN INDIVIDUAL|VARIABLE|P0292094005|1|0|1.0|PROMOCIÓN INDIVIDUAL|VARIABLE|P0292094005|1|0|1.0|PROMOCIÓN INDIVIDUAL|VARIABLE|P0292094005|1|0|1.0|PROMOCIÓN INDIVIDUAL|VARIABLE|P0292094005|1|0|1.0|PROMOCIÓN INDIVIDUAL|VARIABLE|P0292094005|1|0|1.0|PROMOCIÓN INDIVIDUAL|VARIABLE|P0292094005|1|0|1.0|PROMOCIÓN INDIVIDUAL|VARIABLE|P0292094005|1|0|1.0|PROMOCIÓN INDIVIDUAL|VARIABLE|P0292094005|1|0|1.0|PROMOCIÓN INDIVIDUAL|VARIABLE|P0292094005|1|0|1.0|PROMOCIÓN INDIVIDUAL|VARIABLE|P0292094005|1|0|1.0|PROMOCIÓN INDIVIDUAL|VARIABLE|P0292094005|1|0|1.0|PROMOCIÓN INDIVIDUAL|VARIABLE|P0292094005|1|0|1.0|PROMOCIÓN INDIVIDUAL|VARIABLE|P0292094005|1|0|1.0|PROMOCIÓN INDIVIDUAL|VARIABLE|P0292094005|1|0|1.0|PROMOCIÓN INDIVIDUAL|VARIABLE|P0292094005|1|0|1.0|PROMOCIÓN INDIVIDUAL|VARIABLE|P0292094005|1|0|1.0|PROMOCIÓN INDIVIDUAL|VARIABLE|P0292094005|1|0|1.0|PROMOCIÓN INDIVIDUAL|VARIABLE|P0292094005|1|0|1.0|PROMOCIÓN INDIVIDUAL|VARIABLE|P0292094005|1|0|1.0|PROMOCIÓN INDIVIDUAL|VARIABLE|P0292094005|1|0|1.0|PROMOCIÓN INDIVIDUAL|VARIABLE|P0292094005|1|0|1.0|PROMOCIÓN INDIVIDUAL|VARIABLE|P0292094005|1|0|1.0|PROMOCIÓN INDIVIDUAL|VARIABLE|P0292094005|1|0|1.0|PROMOCIÓN INDIVIDUAL|VARIABLE|P0292094005|1|0|1.0|PROMOCIÓN INDIVIDUAL|VARIABLE|P0292094005|1|0|1.0|PROMOCIÓN INDIVIDUAL|VARIABLE|P0292094005|1|0|1.0|PROMOCIÓN INDIVIDUAL|VARIABLE|P0292094005|1|0|1.0|PROMOCIÓN INDIVIDUAL|VARIABLE|P0292094005|1|0|1.0|PROMOCIÓN INDIVIDUAL|VARIABLE|P0292094005|1|0|1.0|PROMOCIÓN INDIVIDUAL|VARIABLE|P0292094005|1|0|1.0|PROMOCIÓN INDIVIDUAL|VARIABLE|P0292094005|1|0|1.0|PROMOCIÓN INDIVIDUAL|VARIABLE|P0292094005|1|0|1.0|PROMOCIÓN INDIVIDUAL|VARIABLE|P0292094005|1|0|1.0|PROMOCIÓN INDIVIDUAL|VARIABLE|P0292094005|1|0|1.0|PROMOCIÓN INDIVIDUAL|VARIABLE|P0292094005|1|0|1.0|PROMOCIÓN INDIVIDUAL|VARIABLE|P0292094005|1|0|1.0|PROMOCIÓN INDIVIDUAL|VARIABLE|P0292094005|1|0|1.0|PROMOCIÓN INDIVIDUAL|VARIABLE|P0292094005|1|0|1.0|PROMOCIÓN INDIVIDUAL|VARIABLE|P0292094005|1|0|1.0
680,VOLUMEN|FIJO|P0292060001|1|0|2.0|VOLUMEN|FIJO|P0292060001|1|0|2.0|VOLUMEN|FIJO|P0292060001|1|0|2.0|VOLUMEN|FIJO|P0292060001|1|0|2.0|VOLUMEN|FIJO|P0292060001|1|0|2.0|VOLUMEN|FIJO|P0292060001|1|0|2.0|VOLUMEN|FIJO|P0292060001|1|0|2.0|VOLUMEN|FIJO|P0292060001|1|0|2.0|VOLUMEN|FIJO|P0292060001|1|0|2.0|VOLUMEN|FIJO|P0292060001|1|0|2.0
681,VOLUMEN|FIJO|P0292060001|1|0|2.0|VOLUMEN|FIJO|P0292060001|1|0|2.0|VOLUMEN|FIJO|P0292060001|1|0|2.0|VOLUMEN|FIJO|P0292060001|1|0|2.0|VOLUMEN|FIJO|P0292060001|1|0|2.0|VOLUMEN|FIJO|P0292060001|1|0|2.0|VOLUMEN|FIJO|P0292060001|1|0|2.0|VOLUMEN|FIJO|P0292060001|1|0|2.0|VOLUMEN|FIJO|P0292060001|1|0|2.0|VOLUMEN|FIJO|P0292060001|1|0|2.0
682,VOLUMEN|FIJO|P0292060001|1|0|2.0|VOLUMEN|FIJO|P0292060001|1|0|2.0|VOLUMEN|FIJO|P0292060001|1|0|2.0|VOLUMEN|FIJO|P0292060001|1|0|2.0|VOLUMEN|FIJO|P0292060001|1|0|2.0|VOLUMEN|FIJO|P0292060001|1|0|2.0|VOLUMEN|FIJO|P0292060001|1|0|2.0|VOLUMEN|FIJO|P0292060001|1|0|2.0|VOLUMEN|FIJO|P0292060001|1|0|2.0|VOLUMEN|FIJO|P0292060001|1|0|2.0
683,VOLUMEN|FIJO|P0292060001|1|0|2.0|VOLUMEN|FIJO|P0292060001|1|0|2.0|VOLUMEN|FIJO|P0292060001|1|0|2.0|VOLUMEN|FIJO|P0292060001|1|0|2.0|VOLUMEN|FIJO|P0292060001|1|0|2.0|VOLUMEN|FIJO|P0292060001|1|0|2.0|VOLUMEN|FIJO|P0292060001|1|0|2.0|VOLUMEN|FIJO|P0292060001|1|0|2.0|VOLUMEN|FIJO|P0292060001|1|0|2.0|VOLUMEN|FIJO|P0292060001|1|0|2.0
684,VOLUMEN|FIJO|P0292060001|1|0|2.0|VOLUMEN|FIJO|P0292060001|1|0|2.0|VOLUMEN|FIJO|P0292060001|1|0|2.0|VOLUMEN|FIJO|P0292060001|1|0|2.0|VOLUMEN|FIJO|P0292060001|1|0|2.0|VOLUMEN|FIJO|P0292060001|1|0|2.0|VOLUMEN|FIJO|P0292060001|1|0|2.0|VOLUMEN|FIJO|P0292060001|1|0|2.0|VOLUMEN|FIJO|P0292060001|1|0|2.0|VOLUMEN|FIJO|P0292060001|1|0|2.0
685,VOLUMEN|FIJO|P0292060001|1|0|2.0|VOLUMEN|FIJO|P0292060001|1|0|2.0|VOLUMEN|FIJO|P0292060001|1|0|2.0|VOLUMEN|FIJO|P0292060001|1|0|2.0|VOLUMEN|FIJO|P0292060001|1|0|2.0|VOLUMEN|FIJO|P0292060001|1|0|2.0|VOLUMEN|FIJO|P0292060001|1|0|2.0|VOLUMEN|FIJO|P0292060001|1|0|2.0|VOLUMEN|FIJO|P0292060001|1|0|2.0|VOLUMEN|FIJO|P0292060001|1|0|2.0
686,VOLUMEN|FIJO|P0210111001|1|0|2.0|VOLUMEN|FIJO|P0210111001|1|0|2.0|VOLUMEN|FIJO|P0210111001|1|0|2.0|VOLUMEN|FIJO|P0210111001|1|0|2.0|VOLUMEN|FIJO|P0210111001|1|0|2.0|VOLUMEN|FIJO|P0210111001|1|0|2.0|VOLUMEN|FIJO|P0210111001|1|0|2.0|VOLUMEN|FIJO|P0210111001|1|0|2.0|VOLUMEN|FIJO|P0210111001|1|0|2.0|VOLUMEN|FIJO|P0210111001|1|0|2.0
687,VOLUMEN|FIJO|P0210111001|1|0|2.0|VOLUMEN|FIJO|P0210111001|1|0|2.0|VOLUMEN|FIJO|P0210111001|1|0|2.0|VOLUMEN|FIJO|P0210111001|1|0|2.0|VOLUMEN|FIJO|P0210111001|1|0|2.0|VOLUMEN|FIJO|P0210111001|1|0|2.0|VOLUMEN|FIJO|P0210111001|1|0|2.0|VOLUMEN|FIJO|P0210111001|1|0|2.0|VOLUMEN|FIJO|P0210111001|1|0|2.0|VOLUMEN|FIJO|P0210111001|1|0|2.0
688,VOLUMEN|FIJO|P0210111001|1|0|2.0|VOLUMEN|FIJO|P0210111001|1|0|2.0|VOLUMEN|FIJO|P0210111001|1|0|2.0|VOLUMEN|FIJO|P0210111001|1|0|2.0|VOLUMEN|FIJO|P0210111001|1|0|2.0|VOLUMEN|FIJO|P0210111001|1|0|2.0|VOLUMEN|FIJO|P0210111001|1|0|2.0|VOLUMEN|FIJO|P0210111001|1|0|2.0|VOLUMEN|FIJO|P0210111001|1|0|2.0|VOLUMEN|FIJO|P0210111001|1|0|2.0
689,VOLUMEN|FIJO|P0210111001|1|0|2.0|VOLUMEN|FIJO|P0210111001|1|0|2.0|VOLUMEN|FIJO|P0210111001|1|0|2.0|VOLUMEN|FIJO|P0210111001|1|0|2.0|VOLUMEN|FIJO|P0210111001|1|0|2.0|VOLUMEN|FIJO|P0210111001|1|0|2.0|VOLUMEN|FIJO|P0210111001|1|0|2.0|VOLUMEN|FIJO|P0210111001|1|0|2.0|VOLUMEN|FIJO|P0210111001|1|0|2.0|VOLUMEN|FIJO|P0210111001|1|0|2.0
690,VOLUMEN|FIJO|P0210111001|1|0|2.0|VOLUMEN|FIJO|P0210111001|1|0|2.0|VOLUMEN|FIJO|P0210111001|1|0|2.0|VOLUMEN|FIJO|P0210111001|1|0|2.0|VOLUMEN|FIJO|P0210111001|1|0|2.0|VOLUMEN|FIJO|P0210111001|1|0|2.0|VOLUMEN|FIJO|P0210111001|1|0|2.0|VOLUMEN|FIJO|P0210111001|1|0|2.0|VOLUMEN|FIJO|P0210111001|1|0|2.0|VOLUMEN|FIJO|P0210111001|1|0|2.0
691,VOLUMEN|FIJO|P0210111001|1|0|2.0|VOLUMEN|FIJO|P0210111001|1|0|2.0|VOLUMEN|FIJO|P0210111001|1|0|2.0|VOLUMEN|FIJO|P0210111001|1|0|2.0|VOLUMEN|FIJO|P0210111001|1|0|2.0|VOLUMEN|FIJO|P0210111001|1|0|2.0|VOLUMEN|FIJO|P0210111001|1|0|2.0|VOLUMEN|FIJO|P0210111001|1|0|2.0|VOLUMEN|FIJO|P0210111001|1|0|2.0|VOLUMEN|FIJO|P0210111001|1|0|2.0
692,VOLUMEN|FIJO|P0210111001|1|0|2.0|VOLUMEN|FIJO|P0210111001|1|0|2.0|VOLUMEN|FIJO|P0210111001|1|0|2.0|VOLUMEN|FIJO|P0210111001|1|0|2.0|VOLUMEN|FIJO|P0210111001|1|0|2.0|VOLUMEN|FIJO|P0210111001|1|0|2.0|VOLUMEN|FIJO|P0210111001|1|0|2.0|VOLUMEN|FIJO|P0210111001|1|0|2.0|VOLUMEN|FIJO|P0210111001|1|0|2.0|VOLUMEN|FIJO|P0210111001|1|0|2.0
693,VOLUMEN|FIJO|P0210111001|1|0|2.0|VOLUMEN|FIJO|P0210111001|1|0|2.0|VOLUMEN|FIJO|P0210111001|1|0|2.0|VOLUMEN|FIJO|P0210111001|1|0|2.0|VOLUMEN|FIJO|P0210111001|1|0|2.0|VOLUMEN|FIJO|P0210111001|1|0|2.0|VOLUMEN|FIJO|P0210111001|1|0|2.0|VOLUMEN|FIJO|P0210111001|1|0|2.0|VOLUMEN|FIJO|P0210111001|1|0|2.0|VOLUMEN|FIJO|P0210111001|1|0|2.0
694,VOLUMEN|FIJO|P0210111001|1|0|2.0|VOLUMEN|FIJO|P0210111001|1|0|2.0|VOLUMEN|FIJO|P0210111001|1|0|2.0|VOLUMEN|FIJO|P0210111001|1|0|2.0|VOLUMEN|FIJO|P0210111001|1|0|2.0|VOLUMEN|FIJO|P0210111001|1|0|2.0|VOLUMEN|FIJO|P0210111001|1|0|2.0|VOLUMEN|FIJO|P0210111001|1|0|2.0|VOLUMEN|FIJO|P0210111001|1|0|2.0|VOLUMEN|FIJO|P0210111001|1|0|2.0
695,VOLUMEN|FIJO|P0210111001|1|0|2.0|VOLUMEN|FIJO|P0210111001|1|0|2.0|VOLUMEN|FIJO|P0210111001|1|0|2.0|VOLUMEN|FIJO|P0210111001|1|0|2.0|VOLUMEN|FIJO|P0210111001|1|0|2.0|VOLUMEN|FIJO|P0210111001|1|0|2.0|VOLUMEN|FIJO|P0210111001|1|0|2.0|VOLUMEN|FIJO|P0210111001|1|0|2.0|VOLUMEN|FIJO|P0210111001|1|0|2.0|VOLUMEN|FIJO|P0210111001|1|0|2.0
696,VOLUMEN|FIJO|P0210111001|1|0|2.0|VOLUMEN|FIJO|P0210111001|1|0|2.0|VOLUMEN|FIJO|P0210111001|1|0|2.0|VOLUMEN|FIJO|P0210111001|1|0|2.0|VOLUMEN|FIJO|P0210111001|1|0|2.0|VOLUMEN|FIJO|P0210111001|1|0|2.0|VOLUMEN|FIJO|P0210111001|1|0|2.0|VOLUMEN|FIJO|P0210111001|1|0|2.0|VOLUMEN|FIJO|P0210111001|1|0|2.0|VOLUMEN|FIJO|P0210111001|1|0|2.0
697,VOLUMEN|FIJO|P0210111001|1|0|2.0|VOLUMEN|FIJO|P0210111001|1|0|2.0|VOLUMEN|FIJO|P0210111001|1|0|2.0|VOLUMEN|FIJO|P0210111001|1|0|2.0|VOLUMEN|FIJO|P0210111001|1|0|2.0|VOLUMEN|FIJO|P0210111001|1|0|2.0|VOLUMEN|FIJO|P0210111001|1|0|2.0|VOLUMEN|FIJO|P0210111001|1|0|2.0|VOLUMEN|FIJO|P0210111001|1|0|2.0|VOLUMEN|FIJO|P0210111001|1|0|2.0
698,VOLUMEN|FIJO|P0210111001|1|0|2.0|VOLUMEN|FIJO|P0210111001|1|0|2.0|VOLUMEN|FIJO|P0210111001|1|0|2.0|VOLUMEN|FIJO|P0210111001|1|0|2.0|VOLUMEN|FIJO|P0210111001|1|0|2.0|VOLUMEN|FIJO|P0210111001|1|0|2.0|VOLUMEN|FIJO|P0210111001|1|0|2.0|VOLUMEN|FIJO|P0210111001|1|0|2.0|VOLUMEN|FIJO|P0210111001|1|0|2.0|VOLUMEN|FIJO|P0210111001|1|0|2.0
699,VOLUMEN|FIJO|P0210111001|1|0|2.0|VOLUMEN|FIJO|P0210111001|1|0|2.0|VOLUMEN|FIJO|P0210111001|1|0|2.0|VOLUMEN|FIJO|P0210111001|1|0|2.0|VOLUMEN|FIJO|P0210111001|1|0|2.0|VOLUMEN|FIJO|P0210111001|1|0|2.0|VOLUMEN|FIJO|P0210111001|1|0|2.0|VOLUMEN|FIJO|P0210111001|1|0|2.0|VOLUMEN|FIJO|P0210111001|1|0|2.0|VOLUMEN|FIJO|P0210111001|1|0|2.0
700,VOLUMEN|FIJO|P0210111001|1|0|2.0|VOLUMEN|FIJO|P0210111001|1|0|2.0|VOLUMEN|FIJO|P0210111001|1|0|2.0|VOLUMEN|FIJO|P0210111001|1|0|2.0|VOLUMEN|FIJO|P0210111001|1|0|2.0|VOLUMEN|FIJO|P0210111001|1|0|2.0|VOLUMEN|FIJO|P0210111001|1|0|2.0|VOLUMEN|FIJO|P0210111001|1|0|2.0|VOLUMEN|FIJO|P0210111001|1|0|2.0|VOLUMEN|FIJO|P0210111001|1|0|2.0
701,VOLUMEN|FIJO|P0210111001|1|0|2.0|VOLUMEN|FIJO|P0210111001|1|0|2.0|VOLUMEN|FIJO|P0210111001|1|0|2.0|VOLUMEN|FIJO|P0210111001|1|0|2.0|VOLUMEN|FIJO|P0210111001|1|0|2.0|VOLUMEN|FIJO|P0210111001|1|0|2.0|VOLUMEN|FIJO|P0210111001|1|0|2.0|VOLUMEN|FIJO|P0210111001|1|0|2.0|VOLUMEN|FIJO|P0210111001|1|0|2.0|VOLUMEN|FIJO|P0210111001|1|0|2.0
702,VOLUMEN|FIJO|P0210111001|1|0|2.0|VOLUMEN|FIJO|P0210111001|1|0|2.0|VOLUMEN|FIJO|P0210111001|1|0|2.0|VOLUMEN|FIJO|P0210111001|1|0|2.0|VOLUMEN|FIJO|P0210111001|1|0|2.0|VOLUMEN|FIJO|P0210111001|1|0|2.0|VOLUMEN|FIJO|P0210111001|1|0|2.0|VOLUMEN|FIJO|P0210111001|1|0|2.0|VOLUMEN|FIJO|P0210111001|1|0|2.0|VOLUMEN|FIJO|P0210111001|1|0|2.0
703,VOLUMEN|FIJO|P0210111001|1|0|2.0|VOLUMEN|FIJO|P0210111001|1|0|2.0|VOLUMEN|FIJO|P0210111001|1|0|2.0|VOLUMEN|FIJO|P0210111001|1|0|2.0|VOLUMEN|FIJO|P0210111001|1|0|2.0|VOLUMEN|FIJO|P0210111001|1|0|2.0|VOLUMEN|FIJO|P0210111001|1|0|2.0|VOLUMEN|FIJO|P0210111001|1|0|2.0|VOLUMEN|FIJO|P0210111001|1|0|2.0|VOLUMEN|FIJO|P0210111001|1|0|2.0
704,VOLUMEN|FIJO|P0210111001|1|0|2.0|VOLUMEN|FIJO|P0210111001|1|0|2.0|VOLUMEN|FIJO|P0210111001|1|0|2.0|VOLUMEN|FIJO|P0210111001|1|0|2.0|VOLUMEN|FIJO|P0210111001|1|0|2.0|VOLUMEN|FIJO|P0210111001|1|0|2.0|VOLUMEN|FIJO|P0210111001|1|0|2.0|VOLUMEN|FIJO|P0210111001|1|0|2.0|VOLUMEN|FIJO|P0210111001|1|0|2.0|VOLUMEN|FIJO|P0210111001|1|0|2.0
705,VOLUMEN|FIJO|P0210111001|1|0|2.0|VOLUMEN|FIJO|P0210111001|1|0|2.0|VOLUMEN|FIJO|P0210111001|1|0|2.0|VOLUMEN|FIJO|P0210111001|1|0|2.0|VOLUMEN|FIJO|P0210111001|1|0|2.0|VOLUMEN|FIJO|P0210111001|1|0|2.0|VOLUMEN|FIJO|P0210111001|1|0|2.0|VOLUMEN|FIJO|P0210111001|1|0|2.0|VOLUMEN|FIJO|P0210111001|1|0|2.0|VOLUMEN|FIJO|P0210111001|1|0|2.0
706,VOLUMEN|FIJO|P0210111001|1|0|2.0|VOLUMEN|FIJO|P0210111001|1|0|2.0|VOLUMEN|FIJO|P0210111001|1|0|2.0|VOLUMEN|FIJO|P0210111001|1|0|2.0|VOLUMEN|FIJO|P0210111001|1|0|2.0|VOLUMEN|FIJO|P0210111001|1|0|2.0|VOLUMEN|FIJO|P0210111001|1|0|2.0|VOLUMEN|FIJO|P0210111001|1|0|2.0|VOLUMEN|FIJO|P0210111001|1|0|2.0|VOLUMEN|FIJO|P0210111001|1|0|2.0
707,VOLUMEN|FIJO|P0210111001|1|0|2.0|VOLUMEN|FIJO|P0210111001|1|0|2.0|VOLUMEN|FIJO|P0210111001|1|0|2.0|VOLUMEN|FIJO|P0210111001|1|0|2.0|VOLUMEN|FIJO|P0210111001|1|0|2.0|VOLUMEN|FIJO|P0210111001|1|0|2.0|VOLUMEN|FIJO|P0210111001|1|0|2.0|VOLUMEN|FIJO|P0210111001|1|0|2.0|VOLUMEN|FIJO|P0210111001|1|0|2.0|VOLUMEN|FIJO|P0210111001|1|0|2.0
708,VOLUMEN|FIJO|P0210111001|1|0|2.0|VOLUMEN|FIJO|P0210111001|1|0|2.0|VOLUMEN|FIJO|P0210111001|1|0|2.0|VOLUMEN|FIJO|P0210111001|1|0|2.0|VOLUMEN|FIJO|P0210111001|1|0|2.0|VOLUMEN|FIJO|P0210111001|1|0|2.0|VOLUMEN|FIJO|P0210111001|1|0|2.0|VOLUMEN|FIJO|P0210111001|1|0|2.0|VOLUMEN|FIJO|P0210111001|1|0|2.0|VOLUMEN|FIJO|P0210111001|1|0|2.0
709,VOLUMEN|FIJO|P0210111001|1|0|2.0|VOLUMEN|FIJO|P0210111001|1|0|2.0|VOLUMEN|FIJO|P0210111001|1|0|2.0|VOLUMEN|FIJO|P0210111001|1|0|2.0|VOLUMEN|FIJO|P0210111001|1|0|2.0|VOLUMEN|FIJO|P0210111001|1|0|2.0|VOLUMEN|FIJO|P0210111001|1|0|2.0|VOLUMEN|FIJO|P0210111001|1|0|2.0|VOLUMEN|FIJO|P0210111001|1|0|2.0|VOLUMEN|FIJO|P0210111001|1|0|2.0
710,VOLUMEN|FIJO|P0210111001|1|0|2.0|VOLUMEN|FIJO|P0210111001|1|0|2.0|VOLUMEN|FIJO|P0210111001|1|0|2.0|VOLUMEN|FIJO|P0210111001|1|0|2.0|VOLUMEN|FIJO|P0210111001|1|0|2.0|VOLUMEN|FIJO|P0210111001|1|0|2.0|VOLUMEN|FIJO|P0210111001|1|0|2.0|VOLUMEN|FIJO|P0210111001|1|0|2.0|VOLUMEN|FIJO|P0210111001|1|0|2.0|VOLUMEN|FIJO|P0210111001|1|0|2.0
711,VOLUMEN|FIJO|P0210111001|1|0|2.0|VOLUMEN|FIJO|P0210111001|1|0|2.0|VOLUMEN|FIJO|P0210111001|1|0|2.0|VOLUMEN|FIJO|P0210111001|1|0|2.0|VOLUMEN|FIJO|P0210111001|1|0|2.0|VOLUMEN|FIJO|P0210111001|1|0|2.0|VOLUMEN|FIJO|P0210111001|1|0|2.0|VOLUMEN|FIJO|P0210111001|1|0|2.0|VOLUMEN|FIJO|P0210111001|1|0|2.0|VOLUMEN|FIJO|P0210111001|1|0|2.0
712,VOLUMEN|FIJO|P0210052000|1|0|2.0|VOLUMEN|FIJO|P0210052000|1|0|2.0|VOLUMEN|FIJO|P0210052000|1|0|2.0|VOLUMEN|FIJO|P0210052000|1|0|2.0|VOLUMEN|FIJO|P0210052000|1|0|2.0|VOLUMEN|FIJO|P0210052000|1|0|2.0|VOLUMEN|FIJO|P0210052000|1|0|2.0|VOLUMEN|FIJO|P0210052000|1|0|2.0|VOLUMEN|FIJO|P0210052000|1|0|2.0|VOLUMEN|FIJO|P0210052000|1|0|2.0|VOLUMEN|FIJO|P0210052000|1|0|2.0
713,VOLUMEN|FIJO|P0210052000|1|0|2.0|VOLUMEN|FIJO|P0210052000|1|0|2.0|VOLUMEN|FIJO|P0210052000|1|0|2.0|VOLUMEN|FIJO|P0210052000|1|0|2.0|VOLUMEN|FIJO|P0210052000|1|0|2.0|VOLUMEN|FIJO|P0210052000|1|0|2.0|VOLUMEN|FIJO|P0210052000|1|0|2.0|VOLUMEN|FIJO|P0210052000|1|0|2.0|VOLUMEN|FIJO|P0210052000|1|0|2.0|VOLUMEN|FIJO|P0210052000|1|0|2.0|VOLUMEN|FIJO|P0210052000|1|0|2.0
714,VOLUMEN|FIJO|P0210052000|1|0|2.0|VOLUMEN|FIJO|P0210052000|1|0|2.0|VOLUMEN|FIJO|P0210052000|1|0|2.0|VOLUMEN|FIJO|P0210052000|1|0|2.0|VOLUMEN|FIJO|P0210052000|1|0|2.0|VOLUMEN|FIJO|P0210052000|1|0|2.0|VOLUMEN|FIJO|P0210052000|1|0|2.0|VOLUMEN|FIJO|P0210052000|1|0|2.0|VOLUMEN|FIJO|P0210052000|1|0|2.0|VOLUMEN|FIJO|P0210052000|1|0|2.0|VOLUMEN|FIJO|P0210052000|1|0|2.0
715,VOLUMEN|FIJO|P0210052000|1|0|2.0|VOLUMEN|FIJO|P0210052000|1|0|2.0|VOLUMEN|FIJO|P0210052000|1|0|2.0|VOLUMEN|FIJO|P0210052000|1|0|2.0|VOLUMEN|FIJO|P0210052000|1|0|2.0|VOLUMEN|FIJO|P0210052000|1|0|2.0|VOLUMEN|FIJO|P0210052000|1|0|2.0|VOLUMEN|FIJO|P0210052000|1|0|2.0|VOLUMEN|FIJO|P0210052000|1|0|2.0|VOLUMEN|FIJO|P0210052000|1|0|2.0|VOLUMEN|FIJO|P0210052000|1|0|2.0
716,VOLUMEN|FIJO|200088259|1|0|2.0|VOLUMEN|FIJO|200088259|1|0|2.0|VOLUMEN|FIJO|200088259|1|0|2.0|VOLUMEN|FIJO|200088259|1|0|2.0|VOLUMEN|FIJO|200088259|1|0|2.0|VOLUMEN|FIJO|200088259|1|0|2.0|VOLUMEN|FIJO|200088259|1|0|2.0|VOLUMEN|FIJO|200088259|1|0|2.0|VOLUMEN|FIJO|200088259|1|0|2.0|VOLUMEN|FIJO|200088259|1|0|2.0|VOLUMEN|FIJO|200088259|1|0|2.0
717,VOLUMEN|FIJO|200115300|1|0|2.0|VOLUMEN|FIJO|200115300|1|0|2.0|VOLUMEN|FIJO|200115300|1|0|2.0|VOLUMEN|FIJO|200115300|1|0|2.0|VOLUMEN|FIJO|200115300|1|0|2.0|VOLUMEN|FIJO|200115300|1|0|2.0|VOLUMEN|FIJO|200115300|1|0|2.0|VOLUMEN|FIJO|200115300|1|0|2.0|VOLUMEN|FIJO|200115300|1|0|2.0|VOLUMEN|FIJO|200115300|1|0|2.0|VOLUMEN|FIJO|200115300|1|0|2.0
718,VOLUMEN|FIJO|200064826|1|0|2.0|VOLUMEN|FIJO|200064826|1|0|2.0|VOLUMEN|FIJO|200064826|1|0|2.0|VOLUMEN|FIJO|200064826|1|0|2.0|VOLUMEN|FIJO|200064826|1|0|2.0|VOLUMEN|FIJO|200064826|1|0|2.0|VOLUMEN|FIJO|200064826|1|0|2.0|VOLUMEN|FIJO|200064826|1|0|2.0|VOLUMEN|FIJO|200064826|1|0|2.0|VOLUMEN|FIJO|200064826|1|0|2.0|VOLUMEN|FIJO|200064826|1|0|2.0
719,VOLUMEN|FIJO|200064824|1|0|2.0|VOLUMEN|FIJO|200064824|1|0|2.0|VOLUMEN|FIJO|200064824|1|0|2.0|VOLUMEN|FIJO|200064824|1|0|2.0|VOLUMEN|FIJO|200064824|1|0|2.0|VOLUMEN|FIJO|200064824|1|0|2.0|VOLUMEN|FIJO|200064824|1|0|2.0|VOLUMEN|FIJO|200064824|1|0|2.0|VOLUMEN|FIJO|200064824|1|0|2.0|VOLUMEN|FIJO|200064824|1|0|2.0|VOLUMEN|FIJO|200064824|1|0|2.0
720,VOLUMEN|FIJO|200082461|1|0|2.0|VOLUMEN|FIJO|200082461|1|0|2.0|VOLUMEN|FIJO|200082461|1|0|2.0|VOLUMEN|FIJO|200082461|1|0|2.0|VOLUMEN|FIJO|200082461|1|0|2.0|VOLUMEN|FIJO|200082461|1|0|2.0|VOLUMEN|FIJO|200082461|1|0|2.0|VOLUMEN|FIJO|200082461|1|0|2.0|VOLUMEN|FIJO|200082461|1|0|2.0|VOLUMEN|FIJO|200082461|1|0|2.0|VOLUMEN|FIJO|200082461|1|0|2.0
721,VOLUMEN|FIJO|200116339|1|0|2.0|VOLUMEN|FIJO|200116339|1|0|2.0|VOLUMEN|FIJO|200116339|1|0|2.0|VOLUMEN|FIJO|200116339|1|0|2.0|VOLUMEN|FIJO|200116339|1|0|2.0|VOLUMEN|FIJO|200116339|1|0|2.0|VOLUMEN|FIJO|200116339|1|0|2.0|VOLUMEN|FIJO|200116339|1|0|2.0|VOLUMEN|FIJO|200116339|1|0|2.0|VOLUMEN|FIJO|200116339|1|0|2.0|VOLUMEN|FIJO|200116339|1|0|2.0|VOLUMEN|FIJO|200116339|1|0|2.0
722,VOLUMEN|FIJO|200117382|1|0|2.0|VOLUMEN|FIJO|200117382|1|0|2.0|VOLUMEN|FIJO|200117382|1|0|2.0
723,VOLUMEN|FIJO|200114940|1|0|2.0|VOLUMEN|FIJO|200114940|1|0|2.0|VOLUMEN|FIJO|200114940|1|0|2.0|VOLUMEN|FIJO|200114940|1|0|2.0|VOLUMEN|FIJO|200114940|1|0|2.0|VOLUMEN|FIJO|200114940|1|0|2.0|VOLUMEN|FIJO|200114940|1|0|2.0|VOLUMEN|FIJO|200114940|1|0|2.0|VOLUMEN|FIJO|200114940|1|0|2.0|VOLUMEN|FIJO|200114940|1|0|2.0
724,VOLUMEN|FIJO|200115976|1|0|2.0|VOLUMEN|FIJO|200115976|1|0|2.0|VOLUMEN|FIJO|200115976|1|0|2.0|VOLUMEN|FIJO|200115976|1|0|2.0|VOLUMEN|FIJO|200115976|1|0|2.0|VOLUMEN|FIJO|200115976|1|0|2.0|VOLUMEN|FIJO|200115976|1|0|2.0|VOLUMEN|FIJO|200115976|1|0|2.0|VOLUMEN|FIJO|200115976|1|0|2.0|VOLUMEN|FIJO|200115976|1|0|2.0
725,INDIVIDUAL|FIJO|200109875|1|0|1.0|INDIVIDUAL|FIJO|200109875|1|0|1.0|INDIVIDUAL|FIJO|200109875|1|0|1.0|INDIVIDUAL|FIJO|200109875|1|0|1.0|INDIVIDUAL|FIJO|200109875|1|0|1.0|INDIVIDUAL|FIJO|200109875|1|0|1.0|INDIVIDUAL|FIJO|200109875|1|0|1.0|INDIVIDUAL|FIJO|200109875|1|0|1.0|INDIVIDUAL|FIJO|200109875|1|0|1.0|INDIVIDUAL|FIJO|200109875|1|0|1.0|INDIVIDUAL|FIJO|200109875|1|0|1.0|INDIVIDUAL|FIJO|200109875|1|0|1.0|INDIVIDUAL|FIJO|200109875|1|0|1.0
726,INDIVIDUAL|FIJO|200050957|1|0|1.0|INDIVIDUAL|FIJO|200050957|1|0|1.0|INDIVIDUAL|FIJO|200050957|1|0|1.0|INDIVIDUAL|FIJO|200050957|1|0|1.0|INDIVIDUAL|FIJO|200050957|1|0|1.0|INDIVIDUAL|FIJO|200050957|1|0|1.0|INDIVIDUAL|FIJO|200050957|1|0|1.0|INDIVIDUAL|FIJO|200050957|1|0|1.0|INDIVIDUAL|FIJO|200050957|1|0|1.0|INDIVIDUAL|FIJO|200050957|1|0|1.0|INDIVIDUAL|FIJO|200050957|1|0|1.0|INDIVIDUAL|FIJO|200050957|1|0|1.0|INDIVIDUAL|FIJO|200050957|1|0|1.0|INDIVIDUAL|FIJO|200050957|1|0|1.0
727,INDIVIDUAL|FIJO|200105079|1|0|1.0|INDIVIDUAL|FIJO|200105079|1|0|1.0|INDIVIDUAL|FIJO|200105079|1|0|1.0|INDIVIDUAL|FIJO|200105079|1|0|1.0|INDIVIDUAL|FIJO|200105079|1|0|1.0|INDIVIDUAL|FIJO|200105079|1|0|1.0|INDIVIDUAL|FIJO|200105079|1|0|1.0|INDIVIDUAL|FIJO|200105079|1|0|1.0|INDIVIDUAL|FIJO|200105079|1|0|1.0|INDIVIDUAL|FIJO|200105079|1|0|1.0|INDIVIDUAL|FIJO|200105079|1|0|1.0|INDIVIDUAL|FIJO|200105079|1|0|1.0
728,INDIVIDUAL|FIJO|200060760|1|0|1.0|INDIVIDUAL|FIJO|200060760|1|0|1.0|INDIVIDUAL|FIJO|200060760|1|0|1.0|INDIVIDUAL|FIJO|200060760|1|0|1.0|INDIVIDUAL|FIJO|200060760|1|0|1.0|INDIVIDUAL|FIJO|200060760|1|0|1.0|INDIVIDUAL|FIJO|200060760|1|0|1.0|INDIVIDUAL|FIJO|200060760|1|0|1.0|INDIVIDUAL|FIJO|200060760|1|0|1.0|INDIVIDUAL|FIJO|200060760|1|0|1.0|INDIVIDUAL|FIJO|200060760|1|0|1.0|INDIVIDUAL|FIJO|200060760|1|0|1.0|INDIVIDUAL|FIJO|200060760|1|0|1.0|INDIVIDUAL|FIJO|200060760|1|0|1.0
729,INDIVIDUAL|FIJO|200098555|1|0|1.0|INDIVIDUAL|FIJO|200098555|1|0|1.0|INDIVIDUAL|FIJO|200098555|1|0|1.0|INDIVIDUAL|FIJO|200098555|1|0|1.0|INDIVIDUAL|FIJO|200098555|1|0|1.0|INDIVIDUAL|FIJO|200098555|1|0|1.0|INDIVIDUAL|FIJO|200098555|1|0|1.0|INDIVIDUAL|FIJO|200098555|1|0|1.0|INDIVIDUAL|FIJO|200098555|1|0|1.0|INDIVIDUAL|FIJO|200098555|1|0|1.0|INDIVIDUAL|FIJO|200098555|1|0|1.0
730,INDIVIDUAL|FIJO|200095864|1|0|1.0|INDIVIDUAL|FIJO|200095864|1|0|1.0|INDIVIDUAL|FIJO|200095864|1|0|1.0|INDIVIDUAL|FIJO|200095864|1|0|1.0|INDIVIDUAL|FIJO|200095864|1|0|1.0|INDIVIDUAL|FIJO|200095864|1|0|1.0|INDIVIDUAL|FIJO|200095864|1|0|1.0|INDIVIDUAL|FIJO|200095864|1|0|1.0|INDIVIDUAL|FIJO|200095864|1|0|1.0|INDIVIDUAL|FIJO|200095864|1|0|1.0|INDIVIDUAL|FIJO|200095864|1|0|1.0|INDIVIDUAL|FIJO|200095864|1|0|1.0|INDIVIDUAL|FIJO|200095864|1|0|1.0|INDIVIDUAL|FIJO|200095864|1|0|1.0
731,INDIVIDUAL|FIJO|200051232|1|0|1.0|INDIVIDUAL|FIJO|200051232|1|0|1.0|INDIVIDUAL|FIJO|200051232|1|0|1.0|INDIVIDUAL|FIJO|200051232|1|0|1.0|INDIVIDUAL|FIJO|200051232|1|0|1.0|INDIVIDUAL|FIJO|200051232|1|0|1.0|INDIVIDUAL|FIJO|200051232|1|0|1.0|INDIVIDUAL|FIJO|200051232|1|0|1.0|INDIVIDUAL|FIJO|200051232|1|0|1.0|INDIVIDUAL|FIJO|200051232|1|0|1.0
732,INDIVIDUAL|FIJO|200109538|1|0|1.0|INDIVIDUAL|FIJO|200109538|1|0|1.0|INDIVIDUAL|FIJO|200109538|1|0|1.0|INDIVIDUAL|FIJO|200109538|1|0|1.0|INDIVIDUAL|FIJO|200109538|1|0|1.0|INDIVIDUAL|FIJO|200109538|1|0|1.0|INDIVIDUAL|FIJO|200109538|1|0|1.0|INDIVIDUAL|FIJO|200109538|1|0|1.0|INDIVIDUAL|FIJO|200109538|1|0|1.0|INDIVIDUAL|FIJO|200109538|1|0|1.0|INDIVIDUAL|FIJO|200109538|1|0|1.0|INDIVIDUAL|FIJO|200109538|1|0|1.0|INDIVIDUAL|FIJO|200109538|1|0|1.0
733,INDIVIDUAL|FIJO|200051243|1|0|1.0|INDIVIDUAL|FIJO|200051243|1|0|1.0|INDIVIDUAL|FIJO|200051243|1|0|1.0|INDIVIDUAL|FIJO|200051243|1|0|1.0|INDIVIDUAL|FIJO|200051243|1|0|1.0|INDIVIDUAL|FIJO|200051243|1|0|1.0|INDIVIDUAL|FIJO|200051243|1|0|1.0|INDIVIDUAL|FIJO|200051243|1|0|1.0|INDIVIDUAL|FIJO|200051243|1|0|1.0|INDIVIDUAL|FIJO|200051243|1|0|1.0|INDIVIDUAL|FIJO|200051243|1|0|1.0|INDIVIDUAL|FIJO|200051243|1|0|1.0|INDIVIDUAL|FIJO|200051243|1|0|1.0|INDIVIDUAL|FIJO|200051243|1|0|1.0
734,INDIVIDUAL|FIJO|200059514|1|0|1.0|INDIVIDUAL|FIJO|200059514|1|0|1.0|INDIVIDUAL|FIJO|200059514|1|0|1.0|INDIVIDUAL|FIJO|200059514|1|0|1.0|INDIVIDUAL|FIJO|200059514|1|0|1.0|INDIVIDUAL|FIJO|200059514|1|0|1.0|INDIVIDUAL|FIJO|200059514|1|0|1.0|INDIVIDUAL|FIJO|200059514|1|0|1.0|INDIVIDUAL|FIJO|200059514|1|0|1.0|INDIVIDUAL|FIJO|200059514|1|0|1.0|INDIVIDUAL|FIJO|200059514|1|0|1.0|INDIVIDUAL|FIJO|200059514|1|0|1.0
735,INDIVIDUAL|FIJO|200038319|1|0|1.0|INDIVIDUAL|FIJO|200038319|1|0|1.0|INDIVIDUAL|FIJO|200038319|1|0|1.0|INDIVIDUAL|FIJO|200038319|1|0|1.0|INDIVIDUAL|FIJO|200038319|1|0|1.0|INDIVIDUAL|FIJO|200038319|1|0|1.0|INDIVIDUAL|FIJO|200038319|1|0|1.0
736,INDIVIDUAL|FIJO|200088458|1|0|1.0|INDIVIDUAL|FIJO|200088458|1|0|1.0|INDIVIDUAL|FIJO|200088458|1|0|1.0|INDIVIDUAL|FIJO|200088458|1|0|1.0|INDIVIDUAL|FIJO|200088458|1|0|1.0|INDIVIDUAL|FIJO|200088458|1|0|1.0|INDIVIDUAL|FIJO|200088458|1|0|1.0|INDIVIDUAL|FIJO|200088458|1|0|1.0|INDIVIDUAL|FIJO|200088458|1|0|1.0|INDIVIDUAL|FIJO|200088458|1|0|1.0|INDIVIDUAL|FIJO|200088458|1|0|1.0|INDIVIDUAL|FIJO|200088458|1|0|1.0|INDIVIDUAL|FIJO|200088458|1|0|1.0
737,INDIVIDUAL|FIJO|200115817|1|0|1.0|INDIVIDUAL|FIJO|200115817|1|0|1.0|INDIVIDUAL|FIJO|200115817|1|0|1.0|INDIVIDUAL|FIJO|200115817|1|0|1.0|INDIVIDUAL|FIJO|200115817|1|0|1.0|INDIVIDUAL|FIJO|200115817|1|0|1.0|INDIVIDUAL|FIJO|200115817|1|0|1.0|INDIVIDUAL|FIJO|200115817|1|0|1.0|INDIVIDUAL|FIJO|200115817|1|0|1.0|INDIVIDUAL|FIJO|200115817|1|0|1.0|INDIVIDUAL|FIJO|200115817|1|0|1.0|INDIVIDUAL|FIJO|200115817|1|0|1.0|INDIVIDUAL|FIJO|200115817|1|0|1.0
738,INDIVIDUAL|FIJO|200117382|1|0|1.0|INDIVIDUAL|FIJO|200117382|1|0|1.0|INDIVIDUAL|FIJO|200117382|1|0|1.0
739,INDIVIDUAL|FIJO|200029044|1|0|1.0|INDIVIDUAL|FIJO|200029044|1|0|1.0|INDIVIDUAL|FIJO|200029044|1|0|1.0|INDIVIDUAL|FIJO|200029044|1|0|1.0|INDIVIDUAL|FIJO|200029044|1|0|1.0|INDIVIDUAL|FIJO|200029044|1|0|1.0|INDIVIDUAL|FIJO|200029044|1|0|1.0|INDIVIDUAL|FIJO|200029044|1|0|1.0|INDIVIDUAL|FIJO|200029044|1|0|1.0|INDIVIDUAL|FIJO|200029044|1|0|1.0
740,INDIVIDUAL|FIJO|200115817|1|0|1.0|INDIVIDUAL|FIJO|200115817|1|0|1.0|INDIVIDUAL|FIJO|200115817|1|0|1.0|INDIVIDUAL|FIJO|200115817|1|0|1.0|INDIVIDUAL|FIJO|200115817|1|0|1.0|INDIVIDUAL|FIJO|200115817|1|0|1.0|INDIVIDUAL|FIJO|200115817|1|0|1.0|INDIVIDUAL|FIJO|200115817|1|0|1.0|INDIVIDUAL|FIJO|200115817|1|0|1.0|INDIVIDUAL|FIJO|200115817|1|0|1.0|INDIVIDUAL|FIJO|200115817|1|0|1.0|INDIVIDUAL|FIJO|200115817|1|0|1.0|INDIVIDUAL|FIJO|200115817|1|0|1.0
741,INDIVIDUAL|FIJO|200109489|1|0|1.0|INDIVIDUAL|FIJO|200109489|1|0|1.0|INDIVIDUAL|FIJO|200109489|1|0|1.0|INDIVIDUAL|FIJO|200109489|1|0|1.0|INDIVIDUAL|FIJO|200109489|1|0|1.0|INDIVIDUAL|FIJO|200109489|1|0|1.0|INDIVIDUAL|FIJO|200109489|1|0|1.0|INDIVIDUAL|FIJO|200109489|1|0|1.0|INDIVIDUAL|FIJO|200109489|1|0|1.0|INDIVIDUAL|FIJO|200109489|1|0|1.0|INDIVIDUAL|FIJO|200109489|1|0|1.0|INDIVIDUAL|FIJO|200109489|1|0|1.0|INDIVIDUAL|FIJO|200109489|1|0|1.0
742,INDIVIDUAL|FIJO|200109472|1|0|1.0|INDIVIDUAL|FIJO|200109472|1|0|1.0|INDIVIDUAL|FIJO|200109472|1|0|1.0|INDIVIDUAL|FIJO|200109472|1|0|1.0|INDIVIDUAL|FIJO|200109472|1|0|1.0|INDIVIDUAL|FIJO|200109472|1|0|1.0|INDIVIDUAL|FIJO|200109472|1|0|1.0|INDIVIDUAL|FIJO|200109472|1|0|1.0|INDIVIDUAL|FIJO|200109472|1|0|1.0|INDIVIDUAL|FIJO|200109472|1|0|1.0|INDIVIDUAL|FIJO|200109472|1|0|1.0|INDIVIDUAL|FIJO|200109472|1|0|1.0|INDIVIDUAL|FIJO|200109472|1|0|1.0
743,INDIVIDUAL|FIJO|200109470|1|0|1.0|INDIVIDUAL|FIJO|200109470|1|0|1.0|INDIVIDUAL|FIJO|200109470|1|0|1.0|INDIVIDUAL|FIJO|200109470|1|0|1.0|INDIVIDUAL|FIJO|200109470|1|0|1.0|INDIVIDUAL|FIJO|200109470|1|0|1.0|INDIVIDUAL|FIJO|200109470|1|0|1.0|INDIVIDUAL|FIJO|200109470|1|0|1.0|INDIVIDUAL|FIJO|200109470|1|0|1.0|INDIVIDUAL|FIJO|200109470|1|0|1.0|INDIVIDUAL|FIJO|200109470|1|0|1.0|INDIVIDUAL|FIJO|200109470|1|0|1.0|INDIVIDUAL|FIJO|200109470|1|0|1.0
744,INDIVIDUAL|FIJO|200051086|1|0|1.0|INDIVIDUAL|FIJO|200051086|1|0|1.0|INDIVIDUAL|FIJO|200051086|1|0|1.0|INDIVIDUAL|FIJO|200051086|1|0|1.0|INDIVIDUAL|FIJO|200051086|1|0|1.0|INDIVIDUAL|FIJO|200051086|1|0|1.0|INDIVIDUAL|FIJO|200051086|1|0|1.0|INDIVIDUAL|FIJO|200051086|1|0|1.0|INDIVIDUAL|FIJO|200051086|1|0|1.0|INDIVIDUAL|FIJO|200051086|1|0|1.0|INDIVIDUAL|FIJO|200051086|1|0|1.0|INDIVIDUAL|FIJO|200051086|1|0|1.0
745,INDIVIDUAL|FIJO|200109468|1|0|1.0|INDIVIDUAL|FIJO|200109468|1|0|1.0|INDIVIDUAL|FIJO|200109468|1|0|1.0|INDIVIDUAL|FIJO|200109468|1|0|1.0|INDIVIDUAL|FIJO|200109468|1|0|1.0|INDIVIDUAL|FIJO|200109468|1|0|1.0|INDIVIDUAL|FIJO|200109468|1|0|1.0|INDIVIDUAL|FIJO|200109468|1|0|1.0|INDIVIDUAL|FIJO|200109468|1|0|1.0|INDIVIDUAL|FIJO|200109468|1|0|1.0|INDIVIDUAL|FIJO|200109468|1|0|1.0|INDIVIDUAL|FIJO|200109468|1|0|1.0|INDIVIDUAL|FIJO|200109468|1|0|1.0
746,INDIVIDUAL|FIJO|200103963|1|0|1.0|INDIVIDUAL|FIJO|200103963|1|0|1.0|INDIVIDUAL|FIJO|200103963|1|0|1.0|INDIVIDUAL|FIJO|200103963|1|0|1.0|INDIVIDUAL|FIJO|200103963|1|0|1.0|INDIVIDUAL|FIJO|200103963|1|0|1.0|INDIVIDUAL|FIJO|200103963|1|0|1.0|INDIVIDUAL|FIJO|200103963|1|0|1.0|INDIVIDUAL|FIJO|200103963|1|0|1.0|INDIVIDUAL|FIJO|200103963|1|0|1.0|INDIVIDUAL|FIJO|200103963|1|0|1.0|INDIVIDUAL|FIJO|200103963|1|0|1.0
747,INDIVIDUAL|FIJO|200098878|1|0|1.0|INDIVIDUAL|FIJO|200098878|1|0|1.0|INDIVIDUAL|FIJO|200098878|1|0|1.0|INDIVIDUAL|FIJO|200098878|1|0|1.0|INDIVIDUAL|FIJO|200098878|1|0|1.0|INDIVIDUAL|FIJO|200098878|1|0|1.0|INDIVIDUAL|FIJO|200098878|1|0|1.0|INDIVIDUAL|FIJO|200098878|1|0|1.0|INDIVIDUAL|FIJO|200098878|1|0|1.0|INDIVIDUAL|FIJO|200098878|1|0|1.0|INDIVIDUAL|FIJO|200098878|1|0|1.0|INDIVIDUAL|FIJO|200098878|1|0|1.0
748,INDIVIDUAL|FIJO|200113419|1|0|1.0|INDIVIDUAL|FIJO|200113419|1|0|1.0|INDIVIDUAL|FIJO|200113419|1|0|1.0|INDIVIDUAL|FIJO|200113419|1|0|1.0|INDIVIDUAL|FIJO|200113419|1|0|1.0|INDIVIDUAL|FIJO|200113419|1|0|1.0|INDIVIDUAL|FIJO|200113419|1|0|1.0|INDIVIDUAL|FIJO|200113419|1|0|1.0|INDIVIDUAL|FIJO|200113419|1|0|1.0|INDIVIDUAL|FIJO|200113419|1|0|1.0|INDIVIDUAL|FIJO|200113419|1|0|1.0|INDIVIDUAL|FIJO|200113419|1|0|1.0|INDIVIDUAL|FIJO|200113419|1|0|1.0
749,INDIVIDUAL|FIJO|200113421|1|0|1.0|INDIVIDUAL|FIJO|200113421|1|0|1.0|INDIVIDUAL|FIJO|200113421|1|0|1.0|INDIVIDUAL|FIJO|200113421|1|0|1.0|INDIVIDUAL|FIJO|200113421|1|0|1.0|INDIVIDUAL|FIJO|200113421|1|0|1.0|INDIVIDUAL|FIJO|200113421|1|0|1.0|INDIVIDUAL|FIJO|200113421|1|0|1.0|INDIVIDUAL|FIJO|200113421|1|0|1.0|INDIVIDUAL|FIJO|200113421|1|0|1.0|INDIVIDUAL|FIJO|200113421|1|0|1.0|INDIVIDUAL|FIJO|200113421|1|0|1.0|INDIVIDUAL|FIJO|200113421|1|0|1.0
750,INDIVIDUAL|FIJO|200092164|1|0|1.0|INDIVIDUAL|FIJO|200092164|1|0|1.0|INDIVIDUAL|FIJO|200092164|1|0|1.0|INDIVIDUAL|FIJO|200092164|1|0|1.0|INDIVIDUAL|FIJO|200092164|1|0|1.0|INDIVIDUAL|FIJO|200092164|1|0|1.0|INDIVIDUAL|FIJO|200092164|1|0|1.0|INDIVIDUAL|FIJO|200092164|1|0|1.0|INDIVIDUAL|FIJO|200092164|1|0|1.0|INDIVIDUAL|FIJO|200092164|1|0|1.0|INDIVIDUAL|FIJO|200092164|1|0|1.0|INDIVIDUAL|FIJO|200092164|1|0|1.0
751,INDIVIDUAL|FIJO|200103962|1|0|1.0|INDIVIDUAL|FIJO|200103962|1|0|1.0|INDIVIDUAL|FIJO|200103962|1|0|1.0|INDIVIDUAL|FIJO|200103962|1|0|1.0|INDIVIDUAL|FIJO|200103962|1|0|1.0|INDIVIDUAL|FIJO|200103962|1|0|1.0|INDIVIDUAL|FIJO|200103962|1|0|1.0|INDIVIDUAL|FIJO|200103962|1|0|1.0|INDIVIDUAL|FIJO|200103962|1|0|1.0|INDIVIDUAL|FIJO|200103962|1|0|1.0|INDIVIDUAL|FIJO|200103962|1|0|1.0|INDIVIDUAL|FIJO|200103962|1|0|1.0
752,INDIVIDUAL|FIJO|200083596|1|0|1.0|INDIVIDUAL|FIJO|200083596|1|0|1.0|INDIVIDUAL|FIJO|200083596|1|0|1.0|INDIVIDUAL|FIJO|200083596|1|0|1.0|INDIVIDUAL|FIJO|200083596|1|0|1.0|INDIVIDUAL|FIJO|200083596|1|0|1.0|INDIVIDUAL|FIJO|200083596|1|0|1.0|INDIVIDUAL|FIJO|200083596|1|0|1.0|INDIVIDUAL|FIJO|200083596|1|0|1.0|INDIVIDUAL|FIJO|200083596|1|0|1.0|INDIVIDUAL|FIJO|200083596|1|0|1.0
753,INDIVIDUAL|FIJO|200110089|1|0|1.0|INDIVIDUAL|FIJO|200110089|1|0|1.0|INDIVIDUAL|FIJO|200110089|1|0|1.0|INDIVIDUAL|FIJO|200110089|1|0|1.0|INDIVIDUAL|FIJO|200110089|1|0|1.0|INDIVIDUAL|FIJO|200110089|1|0|1.0|INDIVIDUAL|FIJO|200110089|1|0|1.0|INDIVIDUAL|FIJO|200110089|1|0|1.0|INDIVIDUAL|FIJO|200110089|1|0|1.0|INDIVIDUAL|FIJO|200110089|1|0|1.0|INDIVIDUAL|FIJO|200110089|1|0|1.0|INDIVIDUAL|FIJO|200110089|1|0|1.0|INDIVIDUAL|FIJO|200110089|1|0|1.0
754,INDIVIDUAL|FIJO|200107822|1|0|1.0|INDIVIDUAL|FIJO|200107822|1|0|1.0|INDIVIDUAL|FIJO|200107822|1|0|1.0|INDIVIDUAL|FIJO|200107822|1|0|1.0|INDIVIDUAL|FIJO|200107822|1|0|1.0|INDIVIDUAL|FIJO|200107822|1|0|1.0|INDIVIDUAL|FIJO|200107822|1|0|1.0|INDIVIDUAL|FIJO|200107822|1|0|1.0|INDIVIDUAL|FIJO|200107822|1|0|1.0|INDIVIDUAL|FIJO|200107822|1|0|1.0|INDIVIDUAL|FIJO|200107822|1|0|1.0|INDIVIDUAL|FIJO|200107822|1|0|1.0|INDIVIDUAL|FIJO|200107822|1|0|1.0
755,INDIVIDUAL|FIJO|200107824|1|0|1.0|INDIVIDUAL|FIJO|200107824|1|0|1.0|INDIVIDUAL|FIJO|200107824|1|0|1.0|INDIVIDUAL|FIJO|200107824|1|0|1.0|INDIVIDUAL|FIJO|200107824|1|0|1.0|INDIVIDUAL|FIJO|200107824|1|0|1.0|INDIVIDUAL|FIJO|200107824|1|0|1.0|INDIVIDUAL|FIJO|200107824|1|0|1.0|INDIVIDUAL|FIJO|200107824|1|0|1.0|INDIVIDUAL|FIJO|200107824|1|0|1.0|INDIVIDUAL|FIJO|200107824|1|0|1.0|INDIVIDUAL|FIJO|200107824|1|0|1.0|INDIVIDUAL|FIJO|200107824|1|0|1.0
756,INDIVIDUAL|FIJO|200110090|1|0|1.0|INDIVIDUAL|FIJO|200110090|1|0|1.0|INDIVIDUAL|FIJO|200110090|1|0|1.0|INDIVIDUAL|FIJO|200110090|1|0|1.0|INDIVIDUAL|FIJO|200110090|1|0|1.0|INDIVIDUAL|FIJO|200110090|1|0|1.0|INDIVIDUAL|FIJO|200110090|1|0|1.0|INDIVIDUAL|FIJO|200110090|1|0|1.0|INDIVIDUAL|FIJO|200110090|1|0|1.0|INDIVIDUAL|FIJO|200110090|1|0|1.0|INDIVIDUAL|FIJO|200110090|1|0|1.0|INDIVIDUAL|FIJO|200110090|1|0|1.0|INDIVIDUAL|FIJO|200110090|1|0|1.0
757,INDIVIDUAL|FIJO|200107825|1|0|1.0|INDIVIDUAL|FIJO|200107825|1|0|1.0|INDIVIDUAL|FIJO|200107825|1|0|1.0|INDIVIDUAL|FIJO|200107825|1|0|1.0|INDIVIDUAL|FIJO|200107825|1|0|1.0|INDIVIDUAL|FIJO|200107825|1|0|1.0|INDIVIDUAL|FIJO|200107825|1|0|1.0|INDIVIDUAL|FIJO|200107825|1|0|1.0|INDIVIDUAL|FIJO|200107825|1|0|1.0|INDIVIDUAL|FIJO|200107825|1|0|1.0|INDIVIDUAL|FIJO|200107825|1|0|1.0|INDIVIDUAL|FIJO|200107825|1|0|1.0|INDIVIDUAL|FIJO|200107825|1|0|1.0
758,INDIVIDUAL|FIJO|200110088|1|0|1.0|INDIVIDUAL|FIJO|200110088|1|0|1.0|INDIVIDUAL|FIJO|200110088|1|0|1.0|INDIVIDUAL|FIJO|200110088|1|0|1.0|INDIVIDUAL|FIJO|200110088|1|0|1.0|INDIVIDUAL|FIJO|200110088|1|0|1.0|INDIVIDUAL|FIJO|200110088|1|0|1.0|INDIVIDUAL|FIJO|200110088|1|0|1.0|INDIVIDUAL|FIJO|200110088|1|0|1.0|INDIVIDUAL|FIJO|200110088|1|0|1.0|INDIVIDUAL|FIJO|200110088|1|0|1.0|INDIVIDUAL|FIJO|200110088|1|0|1.0|INDIVIDUAL|FIJO|200110088|1|0|1.0
759,INDIVIDUAL|FIJO|200110122|1|0|1.0|INDIVIDUAL|FIJO|200110122|1|0|1.0|INDIVIDUAL|FIJO|200110122|1|0|1.0|INDIVIDUAL|FIJO|200110122|1|0|1.0|INDIVIDUAL|FIJO|200110122|1|0|1.0|INDIVIDUAL|FIJO|200110122|1|0|1.0|INDIVIDUAL|FIJO|200110122|1|0|1.0|INDIVIDUAL|FIJO|200110122|1|0|1.0|INDIVIDUAL|FIJO|200110122|1|0|1.0|INDIVIDUAL|FIJO|200110122|1|0|1.0|INDIVIDUAL|FIJO|200110122|1|0|1.0|INDIVIDUAL|FIJO|200110122|1|0|1.0|INDIVIDUAL|FIJO|200110122|1|0|1.0
760,INDIVIDUAL|FIJO|200107828|1|0|1.0|INDIVIDUAL|FIJO|200107828|1|0|1.0|INDIVIDUAL|FIJO|200107828|1|0|1.0|INDIVIDUAL|FIJO|200107828|1|0|1.0|INDIVIDUAL|FIJO|200107828|1|0|1.0|INDIVIDUAL|FIJO|200107828|1|0|1.0|INDIVIDUAL|FIJO|200107828|1|0|1.0|INDIVIDUAL|FIJO|200107828|1|0|1.0|INDIVIDUAL|FIJO|200107828|1|0|1.0|INDIVIDUAL|FIJO|200107828|1|0|1.0|INDIVIDUAL|FIJO|200107828|1|0|1.0|INDIVIDUAL|FIJO|200107828|1|0|1.0|INDIVIDUAL|FIJO|200107828|1|0|1.0
761,INDIVIDUAL|FIJO|200040880|1|0|1.0|INDIVIDUAL|FIJO|200040880|1|0|1.0|INDIVIDUAL|FIJO|200040880|1|0|1.0
762,INDIVIDUAL|FIJO|200051232|1|0|1.0|INDIVIDUAL|FIJO|200051232|1|0|1.0|INDIVIDUAL|FIJO|200051232|1|0|1.0|INDIVIDUAL|FIJO|200051232|1|0|1.0|INDIVIDUAL|FIJO|200051232|1|0|1.0|INDIVIDUAL|FIJO|200051232|1|0|1.0|INDIVIDUAL|FIJO|200051232|1|0|1.0|INDIVIDUAL|FIJO|200051232|1|0|1.0|INDIVIDUAL|FIJO|200051232|1|0|1.0|INDIVIDUAL|FIJO|200051232|1|0|1.0
763,INDIVIDUAL|FIJO|200106290|1|0|1.0|INDIVIDUAL|FIJO|200106290|1|0|1.0|INDIVIDUAL|FIJO|200106290|1|0|1.0|INDIVIDUAL|FIJO|200106290|1|0|1.0|INDIVIDUAL|FIJO|200106290|1|0|1.0|INDIVIDUAL|FIJO|200106290|1|0|1.0|INDIVIDUAL|FIJO|200106290|1|0|1.0|INDIVIDUAL|FIJO|200106290|1|0|1.0|INDIVIDUAL|FIJO|200106290|1|0|1.0|INDIVIDUAL|FIJO|200106290|1|0|1.0
764,INDIVIDUAL|FIJO|200114924|1|0|1.0|INDIVIDUAL|FIJO|200114924|1|0|1.0|INDIVIDUAL|FIJO|200114924|1|0|1.0|INDIVIDUAL|FIJO|200114924|1|0|1.0|INDIVIDUAL|FIJO|200114924|1|0|1.0|INDIVIDUAL|FIJO|200114924|1|0|1.0|INDIVIDUAL|FIJO|200114924|1|0|1.0|INDIVIDUAL|FIJO|200114924|1|0|1.0|INDIVIDUAL|FIJO|200114924|1|0|1.0|INDIVIDUAL|FIJO|200114924|1|0|1.0
765,INDIVIDUAL|FIJO|200095931|1|0|1.0|INDIVIDUAL|FIJO|200095931|1|0|1.0|INDIVIDUAL|FIJO|200095931|1|0|1.0|INDIVIDUAL|FIJO|200095931|1|0|1.0|INDIVIDUAL|FIJO|200095931|1|0|1.0|INDIVIDUAL|FIJO|200095931|1|0|1.0|INDIVIDUAL|FIJO|200095931|1|0|1.0|INDIVIDUAL|FIJO|200095931|1|0|1.0|INDIVIDUAL|FIJO|200095931|1|0|1.0|INDIVIDUAL|FIJO|200095931|1|0|1.0|INDIVIDUAL|FIJO|200095931|1|0|1.0|INDIVIDUAL|FIJO|200095931|1|0|1.0|INDIVIDUAL|FIJO|200095931|1|0|1.0
766,INDIVIDUAL|FIJO|200113709|1|0|1.0|INDIVIDUAL|FIJO|200113709|1|0|1.0|INDIVIDUAL|FIJO|200113709|1|0|1.0|INDIVIDUAL|FIJO|200113709|1|0|1.0|INDIVIDUAL|FIJO|200113709|1|0|1.0|INDIVIDUAL|FIJO|200113709|1|0|1.0|INDIVIDUAL|FIJO|200113709|1|0|1.0|INDIVIDUAL|FIJO|200113709|1|0|1.0|INDIVIDUAL|FIJO|200113709|1|0|1.0|INDIVIDUAL|FIJO|200113709|1|0|1.0
767,INDIVIDUAL|FIJO|200106284|1|0|1.0|INDIVIDUAL|FIJO|200106284|1|0|1.0|INDIVIDUAL|FIJO|200106284|1|0|1.0|INDIVIDUAL|FIJO|200106284|1|0|1.0|INDIVIDUAL|FIJO|200106284|1|0|1.0|INDIVIDUAL|FIJO|200106284|1|0|1.0|INDIVIDUAL|FIJO|200106284|1|0|1.0|INDIVIDUAL|FIJO|200106284|1|0|1.0|INDIVIDUAL|FIJO|200106284|1|0|1.0|INDIVIDUAL|FIJO|200106284|1|0|1.0
768,INDIVIDUAL|FIJO|200091875|1|0|1.0|INDIVIDUAL|FIJO|200091875|1|0|1.0|INDIVIDUAL|FIJO|200091875|1|0|1.0|INDIVIDUAL|FIJO|200091875|1|0|1.0|INDIVIDUAL|FIJO|200091875|1|0|1.0|INDIVIDUAL|FIJO|200091875|1|0|1.0|INDIVIDUAL|FIJO|200091875|1|0|1.0|INDIVIDUAL|FIJO|200091875|1|0|1.0|INDIVIDUAL|FIJO|200091875|1|0|1.0|INDIVIDUAL|FIJO|200091875|1|0|1.0|INDIVIDUAL|FIJO|200091875|1|0|1.0|INDIVIDUAL|FIJO|200091875|1|0|1.0
769,INDIVIDUAL|FIJO|200116051|1|0|1.0|INDIVIDUAL|FIJO|200116051|1|0|1.0|INDIVIDUAL|FIJO|200116051|1|0|1.0|INDIVIDUAL|FIJO|200116051|1|0|1.0|INDIVIDUAL|FIJO|200116051|1|0|1.0|INDIVIDUAL|FIJO|200116051|1|0|1.0|INDIVIDUAL|FIJO|200116051|1|0|1.0|INDIVIDUAL|FIJO|200116051|1|0|1.0|INDIVIDUAL|FIJO|200116051|1|0|1.0|INDIVIDUAL|FIJO|200116051|1|0|1.0
770,INDIVIDUAL|FIJO|200116050|1|0|1.0|INDIVIDUAL|FIJO|200116050|1|0|1.0|INDIVIDUAL|FIJO|200116050|1|0|1.0|INDIVIDUAL|FIJO|200116050|1|0|1.0|INDIVIDUAL|FIJO|200116050|1|0|1.0|INDIVIDUAL|FIJO|200116050|1|0|1.0|INDIVIDUAL|FIJO|200116050|1|0|1.0|INDIVIDUAL|FIJO|200116050|1|0|1.0|INDIVIDUAL|FIJO|200116050|1|0|1.0|INDIVIDUAL|FIJO|200116050|1|0|1.0
771,INDIVIDUAL|FIJO|200116049|1|0|1.0|INDIVIDUAL|FIJO|200116049|1|0|1.0|INDIVIDUAL|FIJO|200116049|1|0|1.0|INDIVIDUAL|FIJO|200116049|1|0|1.0|INDIVIDUAL|FIJO|200116049|1|0|1.0|INDIVIDUAL|FIJO|200116049|1|0|1.0|INDIVIDUAL|FIJO|200116049|1|0|1.0|INDIVIDUAL|FIJO|200116049|1|0|1.0|INDIVIDUAL|FIJO|200116049|1|0|1.0|INDIVIDUAL|FIJO|200116049|1|0|1.0
772,INDIVIDUAL|FIJO|200038324|1|0|1.0|INDIVIDUAL|FIJO|200038324|1|0|1.0|INDIVIDUAL|FIJO|200038324|1|0|1.0|INDIVIDUAL|FIJO|200038324|1|0|1.0|INDIVIDUAL|FIJO|200038324|1|0|1.0|INDIVIDUAL|FIJO|200038324|1|0|1.0|INDIVIDUAL|FIJO|200038324|1|0|1.0
773,INDIVIDUAL|FIJO|200056155|1|0|1.0|INDIVIDUAL|FIJO|200056155|1|0|1.0|INDIVIDUAL|FIJO|200056155|1|0|1.0|INDIVIDUAL|FIJO|200056155|1|0|1.0|INDIVIDUAL|FIJO|200056155|1|0|1.0|INDIVIDUAL|FIJO|200056155|1|0|1.0|INDIVIDUAL|FIJO|200056155|1|0|1.0|INDIVIDUAL|FIJO|200056155|1|0|1.0|INDIVIDUAL|FIJO|200056155|1|0|1.0
774,INDIVIDUAL|FIJO|200038319|1|0|1.0|INDIVIDUAL|FIJO|200038319|1|0|1.0|INDIVIDUAL|FIJO|200038319|1|0|1.0|INDIVIDUAL|FIJO|200038319|1|0|1.0|INDIVIDUAL|FIJO|200038319|1|0|1.0|INDIVIDUAL|FIJO|200038319|1|0|1.0|INDIVIDUAL|FIJO|200038319|1|0|1.0
775,INDIVIDUAL|FIJO|200116108|1|0|1.0|INDIVIDUAL|FIJO|200116108|1|0|1.0|INDIVIDUAL|FIJO|200116108|1|0|1.0|INDIVIDUAL|FIJO|200116108|1|0|1.0|INDIVIDUAL|FIJO|200116108|1|0|1.0|INDIVIDUAL|FIJO|200116108|1|0|1.0|INDIVIDUAL|FIJO|200116108|1|0|1.0|INDIVIDUAL|FIJO|200116108|1|0|1.0
776,INDIVIDUAL|FIJO|200050748|1|0|1.0|INDIVIDUAL|FIJO|200050748|1|0|1.0|INDIVIDUAL|FIJO|200050748|1|0|1.0|INDIVIDUAL|FIJO|200050748|1|0|1.0|INDIVIDUAL|FIJO|200050748|1|0|1.0|INDIVIDUAL|FIJO|200050748|1|0|1.0|INDIVIDUAL|FIJO|200050748|1|0|1.0|INDIVIDUAL|FIJO|200050748|1|0|1.0|INDIVIDUAL|FIJO|200050748|1|0|1.0|INDIVIDUAL|FIJO|200050748|1|0|1.0|INDIVIDUAL|FIJO|200050748|1|0|1.0
777,INDIVIDUAL|FIJO|200056090|1|0|1.0|INDIVIDUAL|FIJO|200056090|1|0|1.0|INDIVIDUAL|FIJO|200056090|1|0|1.0|INDIVIDUAL|FIJO|200056090|1|0|1.0|INDIVIDUAL|FIJO|200056090|1|0|1.0|INDIVIDUAL|FIJO|200056090|1|0|1.0|INDIVIDUAL|FIJO|200056090|1|0|1.0|INDIVIDUAL|FIJO|200056090|1|0|1.0|INDIVIDUAL|FIJO|200056090|1|0|1.0|INDIVIDUAL|FIJO|200056090|1|0|1.0|INDIVIDUAL|FIJO|200056090|1|0|1.0
778,INDIVIDUAL|FIJO|200089499|1|0|1.0|INDIVIDUAL|FIJO|200089499|1|0|1.0|INDIVIDUAL|FIJO|200089499|1|0|1.0|INDIVIDUAL|FIJO|200089499|1|0|1.0|INDIVIDUAL|FIJO|200089499|1|0|1.0|INDIVIDUAL|FIJO|200089499|1|0|1.0|INDIVIDUAL|FIJO|200089499|1|0|1.0|INDIVIDUAL|FIJO|200089499|1|0|1.0|INDIVIDUAL|FIJO|200089499|1|0|1.0|INDIVIDUAL|FIJO|200089499|1|0|1.0|INDIVIDUAL|FIJO|200089499|1|0|1.0
779,INDIVIDUAL|FIJO|200116535|1|0|1.0|INDIVIDUAL|FIJO|200116535|1|0|1.0|INDIVIDUAL|FIJO|200116535|1|0|1.0|INDIVIDUAL|FIJO|200116535|1|0|1.0|INDIVIDUAL|FIJO|200116535|1|0|1.0|INDIVIDUAL|FIJO|200116535|1|0|1.0|INDIVIDUAL|FIJO|200116535|1|0|1.0|INDIVIDUAL|FIJO|200116535|1|0|1.0|INDIVIDUAL|FIJO|200116535|1|0|1.0|INDIVIDUAL|FIJO|200116535|1|0|1.0
780,INDIVIDUAL|FIJO|200111234|1|0|1.0|INDIVIDUAL|FIJO|200111234|1|0|1.0|INDIVIDUAL|FIJO|200111234|1|0|1.0|INDIVIDUAL|FIJO|200111234|1|0|1.0|INDIVIDUAL|FIJO|200111234|1|0|1.0|INDIVIDUAL|FIJO|200111234|1|0|1.0|INDIVIDUAL|FIJO|200111234|1|0|1.0|INDIVIDUAL|FIJO|200111234|1|0|1.0|INDIVIDUAL|FIJO|200111234|1|0|1.0|INDIVIDUAL|FIJO|200111234|1|0|1.0
781,INDIVIDUAL|FIJO|200056759|1|0|1.0|INDIVIDUAL|FIJO|200056759|1|0|1.0|INDIVIDUAL|FIJO|200056759|1|0|1.0|INDIVIDUAL|FIJO|200056759|1|0|1.0|INDIVIDUAL|FIJO|200056759|1|0|1.0|INDIVIDUAL|FIJO|200056759|1|0|1.0|INDIVIDUAL|FIJO|200056759|1|0|1.0|INDIVIDUAL|FIJO|200056759|1|0|1.0|INDIVIDUAL|FIJO|200056759|1|0|1.0|INDIVIDUAL|FIJO|200056759|1|0|1.0|INDIVIDUAL|FIJO|200056759|1|0|1.0
782,INDIVIDUAL|FIJO|200060588|1|0|1.0|INDIVIDUAL|FIJO|200060588|1|0|1.0|INDIVIDUAL|FIJO|200060588|1|0|1.0|INDIVIDUAL|FIJO|200060588|1|0|1.0|INDIVIDUAL|FIJO|200060588|1|0|1.0|INDIVIDUAL|FIJO|200060588|1|0|1.0
783,INDIVIDUAL|FIJO|200035116|1|0|1.0|INDIVIDUAL|FIJO|200035116|1|0|1.0|INDIVIDUAL|FIJO|200035116|1|0|1.0|INDIVIDUAL|FIJO|200035116|1|0|1.0|INDIVIDUAL|FIJO|200035116|1|0|1.0|INDIVIDUAL|FIJO|200035116|1|0|1.0
784,INDIVIDUAL|FIJO|200058967|1|0|1.0|INDIVIDUAL|FIJO|200058967|1|0|1.0|INDIVIDUAL|FIJO|200058967|1|0|1.0|INDIVIDUAL|FIJO|200058967|1|0|1.0|INDIVIDUAL|FIJO|200058967|1|0|1.0
793,INDIVIDUAL|FIJO|200072404|1|1|1.0|INDIVIDUAL|FIJO|200072404|1|1|1.0|INDIVIDUAL|FIJO|200072404|1|1|1.0|INDIVIDUAL|FIJO|200072404|1|1|1.0|INDIVIDUAL|FIJO|200072404|1|1|1.0|INDIVIDUAL|FIJO|200072404|1|1|1.0|INDIVIDUAL|FIJO|200072404|1|1|1.0|INDIVIDUAL|FIJO|200072404|1|1|1.0|INDIVIDUAL|FIJO|200072404|1|1|1.0|INDIVIDUAL|FIJO|200072404|1|1|1.0|INDIVIDUAL|FIJO|200072404|1|1|1.0|INDIVIDUAL|FIJO|200072404|1|1|1.0
794,INDIVIDUAL|FIJO|200046326|1|1|1.0|INDIVIDUAL|FIJO|200046326|1|1|1.0|INDIVIDUAL|FIJO|200046326|1|1|1.0|INDIVIDUAL|FIJO|200046326|1|1|1.0|INDIVIDUAL|FIJO|200046326|1|1|1.0|INDIVIDUAL|FIJO|200046326|1|1|1.0|INDIVIDUAL|FIJO|200046326|1|1|1.0|INDIVIDUAL|FIJO|200046326|1|1|1.0|INDIVIDUAL|FIJO|200046326|1|1|1.0
795,INDIVIDUAL|FIJO|200099083|1|0|1.0|INDIVIDUAL|FIJO|200099083|1|0|1.0|INDIVIDUAL|FIJO|200099083|1|0|1.0|INDIVIDUAL|FIJO|200099083|1|0|1.0|INDIVIDUAL|FIJO|200099083|1|0|1.0|INDIVIDUAL|FIJO|200099083|1|0|1.0|INDIVIDUAL|FIJO|200099083|1|0|1.0|INDIVIDUAL|FIJO|200099083|1|0|1.0|INDIVIDUAL|FIJO|200099083|1|0|1.0|INDIVIDUAL|FIJO|200099083|1|0|1.0|INDIVIDUAL|FIJO|200099083|1|0|1.0
796,INDIVIDUAL|FIJO|200043496|1|0|1.0|INDIVIDUAL|FIJO|200043496|1|0|1.0|INDIVIDUAL|FIJO|200043496|1|0|1.0|INDIVIDUAL|FIJO|200043496|1|0|1.0|INDIVIDUAL|FIJO|200043496|1|0|1.0|INDIVIDUAL|FIJO|200043496|1|0|1.0|INDIVIDUAL|FIJO|200043496|1|0|1.0|INDIVIDUAL|FIJO|200043496|1|0|1.0|INDIVIDUAL|FIJO|200043496|1|0|1.0|INDIVIDUAL|FIJO|200043496|1|0|1.0
797,INDIVIDUAL|FIJO|200095669|1|0|1.0|INDIVIDUAL|FIJO|200095669|1|0|1.0|INDIVIDUAL|FIJO|200095669|1|0|1.0|INDIVIDUAL|FIJO|200095669|1|0|1.0|INDIVIDUAL|FIJO|200095669|1|0|1.0|INDIVIDUAL|FIJO|200095669|1|0|1.0|INDIVIDUAL|FIJO|200095669|1|0|1.0|INDIVIDUAL|FIJO|200095669|1|0|1.0|INDIVIDUAL|FIJO|200095669|1|0|1.0|INDIVIDUAL|FIJO|200095669|1|0|1.0|INDIVIDUAL|FIJO|200095669|1|0|1.0
798,INDIVIDUAL|FIJO|200095922|1|0|1.0|INDIVIDUAL|FIJO|200095922|1|0|1.0|INDIVIDUAL|FIJO|200095922|1|0|1.0|INDIVIDUAL|FIJO|200095922|1|0|1.0|INDIVIDUAL|FIJO|200095922|1|0|1.0|INDIVIDUAL|FIJO|200095922|1|0|1.0|INDIVIDUAL|FIJO|200095922|1|0|1.0|INDIVIDUAL|FIJO|200095922|1|0|1.0|INDIVIDUAL|FIJO|200095922|1|0|1.0|INDIVIDUAL|FIJO|200095922|1|0|1.0|INDIVIDUAL|FIJO|200095922|1|0|1.0
799,INDIVIDUAL|FIJO|200060612|1|0|1.0|INDIVIDUAL|FIJO|200060612|1|0|1.0|INDIVIDUAL|FIJO|200060612|1|0|1.0|INDIVIDUAL|FIJO|200060612|1|0|1.0|INDIVIDUAL|FIJO|200060612|1|0|1.0|INDIVIDUAL|FIJO|200060612|1|0|1.0|INDIVIDUAL|FIJO|200060612|1|0|1.0|INDIVIDUAL|FIJO|200060612|1|0|1.0|INDIVIDUAL|FIJO|200060612|1|0|1.0|INDIVIDUAL|FIJO|200060612|1|0|1.0|INDIVIDUAL|FIJO|200060612|1|0|1.0|INDIVIDUAL|FIJO|200060612|1|0|1.0
800,INDIVIDUAL|FIJO|200072404|1|0|1.0|INDIVIDUAL|FIJO|200072404|1|0|1.0|INDIVIDUAL|FIJO|200072404|1|0|1.0|INDIVIDUAL|FIJO|200072404|1|0|1.0|INDIVIDUAL|FIJO|200072404|1|0|1.0|INDIVIDUAL|FIJO|200072404|1|0|1.0|INDIVIDUAL|FIJO|200072404|1|0|1.0|INDIVIDUAL|FIJO|200072404|1|0|1.0|INDIVIDUAL|FIJO|200072404|1|0|1.0|INDIVIDUAL|FIJO|200072404|1|0|1.0|INDIVIDUAL|FIJO|200072404|1|0|1.0|INDIVIDUAL|FIJO|200072404|1|0|1.0
801,INDIVIDUAL|FIJO|200046331|1|0|1.0|INDIVIDUAL|FIJO|200046331|1|0|1.0|INDIVIDUAL|FIJO|200046331|1|0|1.0|INDIVIDUAL|FIJO|200046331|1|0|1.0|INDIVIDUAL|FIJO|200046331|1|0|1.0|INDIVIDUAL|FIJO|200046331|1|0|1.0|INDIVIDUAL|FIJO|200046331|1|0|1.0|INDIVIDUAL|FIJO|200046331|1|0|1.0|INDIVIDUAL|FIJO|200046331|1|0|1.0
802,INDIVIDUAL|FIJO|200072538|1|0|1.0|INDIVIDUAL|FIJO|200072538|1|0|1.0|INDIVIDUAL|FIJO|200072538|1|0|1.0|INDIVIDUAL|FIJO|200072538|1|0|1.0|INDIVIDUAL|FIJO|200072538|1|0|1.0|INDIVIDUAL|FIJO|200072538|1|0|1.0|INDIVIDUAL|FIJO|200072538|1|0|1.0|INDIVIDUAL|FIJO|200072538|1|0|1.0|INDIVIDUAL|FIJO|200072538|1|0|1.0|INDIVIDUAL|FIJO|200072538|1|0|1.0
803,INDIVIDUAL|FIJO|200046332|1|0|1.0|INDIVIDUAL|FIJO|200046332|1|0|1.0
804,INDIVIDUAL|FIJO|200046326|1|0|1.0|INDIVIDUAL|FIJO|200046326|1|0|1.0|INDIVIDUAL|FIJO|200046326|1|0|1.0|INDIVIDUAL|FIJO|200046326|1|0|1.0|INDIVIDUAL|FIJO|200046326|1|0|1.0|INDIVIDUAL|FIJO|200046326|1|0|1.0|INDIVIDUAL|FIJO|200046326|1|0|1.0|INDIVIDUAL|FIJO|200046326|1|0|1.0|INDIVIDUAL|FIJO|200046326|1|0|1.0
805,INDIVIDUAL|FIJO|200043487|1|0|1.0|INDIVIDUAL|FIJO|200043487|1|0|1.0|INDIVIDUAL|FIJO|200043487|1|0|1.0|INDIVIDUAL|FIJO|200043487|1|0|1.0
806,INDIVIDUAL|FIJO|200043493|1|0|1.0|INDIVIDUAL|FIJO|200043493|1|0|1.0|INDIVIDUAL|FIJO|200043493|1|0|1.0|INDIVIDUAL|FIJO|200043493|1|0|1.0|INDIVIDUAL|FIJO|200043493|1|0|1.0|INDIVIDUAL|FIJO|200043493|1|0|1.0|INDIVIDUAL|FIJO|200043493|1|0|1.0|INDIVIDUAL|FIJO|200043493|1|0|1.0|INDIVIDUAL|FIJO|200043493|1|0|1.0
807,INDIVIDUAL|FIJO|200060302|1|0|1.0|INDIVIDUAL|FIJO|200060302|1|0|1.0|INDIVIDUAL|FIJO|200060302|1|0|1.0|INDIVIDUAL|FIJO|200060302|1|0|1.0|INDIVIDUAL|FIJO|200060302|1|0|1.0
808,INDIVIDUAL|FIJO|200093863|1|0|1.0|INDIVIDUAL|FIJO|200093863|1|0|1.0|INDIVIDUAL|FIJO|200093863|1|0|1.0|INDIVIDUAL|FIJO|200093863|1|0|1.0|INDIVIDUAL|FIJO|200093863|1|0|1.0|INDIVIDUAL|FIJO|200093863|1|0|1.0|INDIVIDUAL|FIJO|200093863|1|0|1.0|INDIVIDUAL|FIJO|200093863|1|0|1.0|INDIVIDUAL|FIJO|200093863|1|0|1.0
809,INDIVIDUAL|FIJO|200056617|1|0|1.0|INDIVIDUAL|FIJO|200056617|1|0|1.0|INDIVIDUAL|FIJO|200056617|1|0|1.0|INDIVIDUAL|FIJO|200056617|1|0|1.0|INDIVIDUAL|FIJO|200056617|1|0|1.0|INDIVIDUAL|FIJO|200056617|1|0|1.0|INDIVIDUAL|FIJO|200056617|1|0|1.0|INDIVIDUAL|FIJO|200056617|1|0|1.0|INDIVIDUAL|FIJO|200056617|1|0|1.0|INDIVIDUAL|FIJO|200056617|1|0|1.0|INDIVIDUAL|FIJO|200056617|1|0|1.0|INDIVIDUAL|FIJO|200056617|1|0|1.0
810,INDIVIDUAL|FIJO|200017521|1|0|1.0|INDIVIDUAL|FIJO|200017521|1|0|1.0|INDIVIDUAL|FIJO|200017521|1|0|1.0|INDIVIDUAL|FIJO|200017521|1|0|1.0|INDIVIDUAL|FIJO|200017521|1|0|1.0
811,INDIVIDUAL|FIJO|200056621|1|0|1.0|INDIVIDUAL|FIJO|200056621|1|0|1.0|INDIVIDUAL|FIJO|200056621|1|0|1.0|INDIVIDUAL|FIJO|200056621|1|0|1.0
812,INDIVIDUAL|FIJO|200063934|1|0|1.0|INDIVIDUAL|FIJO|200063934|1|0|1.0|INDIVIDUAL|FIJO|200063934|1|0|1.0|INDIVIDUAL|FIJO|200063934|1|0|1.0|INDIVIDUAL|FIJO|200063934|1|0|1.0|INDIVIDUAL|FIJO|200063934|1|0|1.0|INDIVIDUAL|FIJO|200063934|1|0|1.0|INDIVIDUAL|FIJO|200063934|1|0|1.0|INDIVIDUAL|FIJO|200063934|1|0|1.0
813,INDIVIDUAL|FIJO|200045540|1|0|1.0|INDIVIDUAL|FIJO|200045540|1|0|1.0|INDIVIDUAL|FIJO|200045540|1|0|1.0|INDIVIDUAL|FIJO|200045540|1|0|1.0|INDIVIDUAL|FIJO|200045540|1|0|1.0|INDIVIDUAL|FIJO|200045540|1|0|1.0
814,INDIVIDUAL|FIJO|200014172|1|0|1.0|INDIVIDUAL|FIJO|200014172|1|0|1.0|INDIVIDUAL|FIJO|200014172|1|0|1.0|INDIVIDUAL|FIJO|200014172|1|0|1.0|INDIVIDUAL|FIJO|200014172|1|0|1.0|INDIVIDUAL|FIJO|200014172|1|0|1.0|INDIVIDUAL|FIJO|200014172|1|0|1.0|INDIVIDUAL|FIJO|200014172|1|0|1.0|INDIVIDUAL|FIJO|200014172|1|0|1.0|INDIVIDUAL|FIJO|200014172|1|0|1.0|INDIVIDUAL|FIJO|200014172|1|0|1.0|INDIVIDUAL|FIJO|200014172|1|0|1.0
815,INDIVIDUAL|FIJO|200059112|1|0|1.0
816,INDIVIDUAL|FIJO|200056121|1|0|1.0|INDIVIDUAL|FIJO|200056121|1|0|1.0|INDIVIDUAL|FIJO|200056121|1|0|1.0|INDIVIDUAL|FIJO|200056121|1|0|1.0|INDIVIDUAL|FIJO|200056121|1|0|1.0
817,INDIVIDUAL|FIJO|200058353|1|0|1.0|INDIVIDUAL|FIJO|200058353|1|0|1.0|INDIVIDUAL|FIJO|200058353|1|0|1.0|INDIVIDUAL|FIJO|200058353|1|0|1.0|INDIVIDUAL|FIJO|200058353|1|0|1.0|INDIVIDUAL|FIJO|200058353|1|0|1.0|INDIVIDUAL|FIJO|200058353|1|0|1.0|INDIVIDUAL|FIJO|200058353|1|0|1.0|INDIVIDUAL|FIJO|200058353|1|0|1.0
818,INDIVIDUAL|FIJO|200051355|1|0|1.0|INDIVIDUAL|FIJO|200051355|1|0|1.0|INDIVIDUAL|FIJO|200051355|1|0|1.0|INDIVIDUAL|FIJO|200051355|1|0|1.0|INDIVIDUAL|FIJO|200051355|1|0|1.0|INDIVIDUAL|FIJO|200051355|1|0|1.0|INDIVIDUAL|FIJO|200051355|1|0|1.0
819,INDIVIDUAL|FIJO|200092176|1|0|1.0|INDIVIDUAL|FIJO|200092176|1|0|1.0|INDIVIDUAL|FIJO|200092176|1|0|1.0|INDIVIDUAL|FIJO|200092176|1|0|1.0|INDIVIDUAL|FIJO|200092176|1|0|1.0|INDIVIDUAL|FIJO|200092176|1|0|1.0|INDIVIDUAL|FIJO|200092176|1|0|1.0|INDIVIDUAL|FIJO|200092176|1|0|1.0|INDIVIDUAL|FIJO|200092176|1|0|1.0
820,INDIVIDUAL|FIJO|200092172|1|0|1.0|INDIVIDUAL|FIJO|200092172|1|0|1.0|INDIVIDUAL|FIJO|200092172|1|0|1.0|INDIVIDUAL|FIJO|200092172|1|0|1.0|INDIVIDUAL|FIJO|200092172|1|0|1.0|INDIVIDUAL|FIJO|200092172|1|0|1.0|INDIVIDUAL|FIJO|200092172|1|0|1.0|INDIVIDUAL|FIJO|200092172|1|0|1.0|INDIVIDUAL|FIJO|200092172|1|0|1.0
821,INDIVIDUAL|FIJO|200067292|1|0|1.0|INDIVIDUAL|FIJO|200067292|1|0|1.0|INDIVIDUAL|FIJO|200067292|1|0|1.0|INDIVIDUAL|FIJO|200067292|1|0|1.0|INDIVIDUAL|FIJO|200067292|1|0|1.0|INDIVIDUAL|FIJO|200067292|1|0|1.0|INDIVIDUAL|FIJO|200067292|1|0|1.0|INDIVIDUAL|FIJO|200067292|1|0|1.0|INDIVIDUAL|FIJO|200067292|1|0|1.0|INDIVIDUAL|FIJO|200067292|1|0|1.0|INDIVIDUAL|FIJO|200067292|1|0|1.0
822,INDIVIDUAL|FIJO|200115826|1|0|1.0|INDIVIDUAL|FIJO|200115826|1|0|1.0|INDIVIDUAL|FIJO|200115826|1|0|1.0|INDIVIDUAL|FIJO|200115826|1|0|1.0|INDIVIDUAL|FIJO|200115826|1|0|1.0|INDIVIDUAL|FIJO|200115826|1|0|1.0|INDIVIDUAL|FIJO|200115826|1|0|1.0|INDIVIDUAL|FIJO|200115826|1|0|1.0|INDIVIDUAL|FIJO|200115826|1|0|1.0|INDIVIDUAL|FIJO|200115826|1|0|1.0|INDIVIDUAL|FIJO|200115826|1|0|1.0|INDIVIDUAL|FIJO|200115826|1|0|1.0
823,INDIVIDUAL|FIJO|200094937|1|0|1.0|INDIVIDUAL|FIJO|200094937|1|0|1.0|INDIVIDUAL|FIJO|200094937|1|0|1.0|INDIVIDUAL|FIJO|200094937|1|0|1.0|INDIVIDUAL|FIJO|200094937|1|0|1.0|INDIVIDUAL|FIJO|200094937|1|0|1.0|INDIVIDUAL|FIJO|200094937|1|0|1.0|INDIVIDUAL|FIJO|200094937|1|0|1.0|INDIVIDUAL|FIJO|200094937|1|0|1.0|INDIVIDUAL|FIJO|200094937|1|0|1.0|INDIVIDUAL|FIJO|200094937|1|0|1.0|INDIVIDUAL|FIJO|200094937|1|0|1.0
824,INDIVIDUAL|FIJO|200099686|1|0|1.0|INDIVIDUAL|FIJO|200099686|1|0|1.0|INDIVIDUAL|FIJO|200099686|1|0|1.0|INDIVIDUAL|FIJO|200099686|1|0|1.0|INDIVIDUAL|FIJO|200099686|1|0|1.0|INDIVIDUAL|FIJO|200099686|1|0|1.0|INDIVIDUAL|FIJO|200099686|1|0|1.0|INDIVIDUAL|FIJO|200099686|1|0|1.0|INDIVIDUAL|FIJO|200099686|1|0|1.0|INDIVIDUAL|FIJO|200099686|1|0|1.0|INDIVIDUAL|FIJO|200099686|1|0|1.0|INDIVIDUAL|FIJO|200099686|1|0|1.0
825,INDIVIDUAL|FIJO|200099688|1|0|1.0|INDIVIDUAL|FIJO|200099688|1|0|1.0|INDIVIDUAL|FIJO|200099688|1|0|1.0|INDIVIDUAL|FIJO|200099688|1|0|1.0|INDIVIDUAL|FIJO|200099688|1|0|1.0|INDIVIDUAL|FIJO|200099688|1|0|1.0|INDIVIDUAL|FIJO|200099688|1|0|1.0|INDIVIDUAL|FIJO|200099688|1|0|1.0|INDIVIDUAL|FIJO|200099688|1|0|1.0|INDIVIDUAL|FIJO|200099688|1|0|1.0|INDIVIDUAL|FIJO|200099688|1|0|1.0|INDIVIDUAL|FIJO|200099688|1|0|1.0
826,INDIVIDUAL|FIJO|200115809|1|0|1.0|INDIVIDUAL|FIJO|200115809|1|0|1.0|INDIVIDUAL|FIJO|200115809|1|0|1.0|INDIVIDUAL|FIJO|200115809|1|0|1.0|INDIVIDUAL|FIJO|200115809|1|0|1.0|INDIVIDUAL|FIJO|200115809|1|0|1.0|INDIVIDUAL|FIJO|200115809|1|0|1.0|INDIVIDUAL|FIJO|200115809|1|0|1.0|INDIVIDUAL|FIJO|200115809|1|0|1.0|INDIVIDUAL|FIJO|200115809|1|0|1.0|INDIVIDUAL|FIJO|200115809|1|0|1.0|INDIVIDUAL|FIJO|200115809|1|0|1.0
827,INDIVIDUAL|FIJO|200094941|1|0|1.0|INDIVIDUAL|FIJO|200094941|1|0|1.0|INDIVIDUAL|FIJO|200094941|1|0|1.0|INDIVIDUAL|FIJO|200094941|1|0|1.0|INDIVIDUAL|FIJO|200094941|1|0|1.0|INDIVIDUAL|FIJO|200094941|1|0|1.0|INDIVIDUAL|FIJO|200094941|1|0|1.0|INDIVIDUAL|FIJO|200094941|1|0|1.0|INDIVIDUAL|FIJO|200094941|1|0|1.0|INDIVIDUAL|FIJO|200094941|1|0|1.0|INDIVIDUAL|FIJO|200094941|1|0|1.0|INDIVIDUAL|FIJO|200094941|1|0|1.0|INDIVIDUAL|FIJO|200094941|1|0|1.0
828,INDIVIDUAL|FIJO|200094936|1|0|1.0|INDIVIDUAL|FIJO|200094936|1|0|1.0|INDIVIDUAL|FIJO|200094936|1|0|1.0|INDIVIDUAL|FIJO|200094936|1|0|1.0|INDIVIDUAL|FIJO|200094936|1|0|1.0|INDIVIDUAL|FIJO|200094936|1|0|1.0|INDIVIDUAL|FIJO|200094936|1|0|1.0|INDIVIDUAL|FIJO|200094936|1|0|1.0|INDIVIDUAL|FIJO|200094936|1|0|1.0|INDIVIDUAL|FIJO|200094936|1|0|1.0|INDIVIDUAL|FIJO|200094936|1|0|1.0|INDIVIDUAL|FIJO|200094936|1|0|1.0|INDIVIDUAL|FIJO|200094936|1|0|1.0
829,INDIVIDUAL|FIJO|200041664|1|0|1.0|INDIVIDUAL|FIJO|200041664|1|0|1.0|INDIVIDUAL|FIJO|200041664|1|0|1.0|INDIVIDUAL|FIJO|200041664|1|0|1.0|INDIVIDUAL|FIJO|200041664|1|0|1.0|INDIVIDUAL|FIJO|200041664|1|0|1.0|INDIVIDUAL|FIJO|200041664|1|0|1.0|INDIVIDUAL|FIJO|200041664|1|0|1.0|INDIVIDUAL|FIJO|200041664|1|0|1.0|INDIVIDUAL|FIJO|200041664|1|0|1.0|INDIVIDUAL|FIJO|200041664|1|0|1.0|INDIVIDUAL|FIJO|200041664|1|0|1.0
830,INDIVIDUAL|FIJO|200041665|1|0|1.0|INDIVIDUAL|FIJO|200041665|1|0|1.0|INDIVIDUAL|FIJO|200041665|1|0|1.0|INDIVIDUAL|FIJO|200041665|1|0|1.0|INDIVIDUAL|FIJO|200041665|1|0|1.0|INDIVIDUAL|FIJO|200041665|1|0|1.0|INDIVIDUAL|FIJO|200041665|1|0|1.0|INDIVIDUAL|FIJO|200041665|1|0|1.0|INDIVIDUAL|FIJO|200041665|1|0|1.0|INDIVIDUAL|FIJO|200041665|1|0|1.0|INDIVIDUAL|FIJO|200041665|1|0|1.0|INDIVIDUAL|FIJO|200041665|1|0|1.0
831,INDIVIDUAL|FIJO|200105035|1|0|1.0|INDIVIDUAL|FIJO|200105035|1|0|1.0|INDIVIDUAL|FIJO|200105035|1|0|1.0|INDIVIDUAL|FIJO|200105035|1|0|1.0|INDIVIDUAL|FIJO|200105035|1|0|1.0|INDIVIDUAL|FIJO|200105035|1|0|1.0|INDIVIDUAL|FIJO|200105035|1|0|1.0|INDIVIDUAL|FIJO|200105035|1|0|1.0|INDIVIDUAL|FIJO|200105035|1|0|1.0|INDIVIDUAL|FIJO|200105035|1|0|1.0|INDIVIDUAL|FIJO|200105035|1|0|1.0|INDIVIDUAL|FIJO|200105035|1|0|1.0
832,INDIVIDUAL|FIJO|200105033|1|0|1.0|INDIVIDUAL|FIJO|200105033|1|0|1.0|INDIVIDUAL|FIJO|200105033|1|0|1.0|INDIVIDUAL|FIJO|200105033|1|0|1.0|INDIVIDUAL|FIJO|200105033|1|0|1.0|INDIVIDUAL|FIJO|200105033|1|0|1.0|INDIVIDUAL|FIJO|200105033|1|0|1.0|INDIVIDUAL|FIJO|200105033|1|0|1.0|INDIVIDUAL|FIJO|200105033|1|0|1.0|INDIVIDUAL|FIJO|200105033|1|0|1.0|INDIVIDUAL|FIJO|200105033|1|0|1.0|INDIVIDUAL|FIJO|200105033|1|0|1.0
833,INDIVIDUAL|FIJO|200105035|1|0|1.0|INDIVIDUAL|FIJO|200105035|1|0|1.0|INDIVIDUAL|FIJO|200105035|1|0|1.0|INDIVIDUAL|FIJO|200105035|1|0|1.0|INDIVIDUAL|FIJO|200105035|1|0|1.0|INDIVIDUAL|FIJO|200105035|1|0|1.0|INDIVIDUAL|FIJO|200105035|1|0|1.0|INDIVIDUAL|FIJO|200105035|1|0|1.0|INDIVIDUAL|FIJO|200105035|1|0|1.0|INDIVIDUAL|FIJO|200105035|1|0|1.0|INDIVIDUAL|FIJO|200105035|1|0|1.0|INDIVIDUAL|FIJO|200105035|1|0|1.0
834,INDIVIDUAL|FIJO|200097895|1|0|1.0|INDIVIDUAL|FIJO|200097895|1|0|1.0|INDIVIDUAL|FIJO|200097895|1|0|1.0|INDIVIDUAL|FIJO|200097895|1|0|1.0|INDIVIDUAL|FIJO|200097895|1|0|1.0|INDIVIDUAL|FIJO|200097895|1|0|1.0|INDIVIDUAL|FIJO|200097895|1|0|1.0|INDIVIDUAL|FIJO|200097895|1|0|1.0|INDIVIDUAL|FIJO|200097895|1|0|1.0|INDIVIDUAL|FIJO|200097895|1|0|1.0|INDIVIDUAL|FIJO|200097895|1|0|1.0|INDIVIDUAL|FIJO|200097895|1|0|1.0
835,INDIVIDUAL|FIJO|200097894|1|0|1.0|INDIVIDUAL|FIJO|200097894|1|0|1.0|INDIVIDUAL|FIJO|200097894|1|0|1.0|INDIVIDUAL|FIJO|200097894|1|0|1.0|INDIVIDUAL|FIJO|200097894|1|0|1.0|INDIVIDUAL|FIJO|200097894|1|0|1.0|INDIVIDUAL|FIJO|200097894|1|0|1.0|INDIVIDUAL|FIJO|200097894|1|0|1.0|INDIVIDUAL|FIJO|200097894|1|0|1.0|INDIVIDUAL|FIJO|200097894|1|0|1.0|INDIVIDUAL|FIJO|200097894|1|0|1.0|INDIVIDUAL|FIJO|200097894|1|0|1.0
836,INDIVIDUAL|FIJO|200105034|1|0|1.0|INDIVIDUAL|FIJO|200105034|1|0|1.0|INDIVIDUAL|FIJO|200105034|1|0|1.0|INDIVIDUAL|FIJO|200105034|1|0|1.0|INDIVIDUAL|FIJO|200105034|1|0|1.0|INDIVIDUAL|FIJO|200105034|1|0|1.0|INDIVIDUAL|FIJO|200105034|1|0|1.0|INDIVIDUAL|FIJO|200105034|1|0|1.0|INDIVIDUAL|FIJO|200105034|1|0|1.0|INDIVIDUAL|FIJO|200105034|1|0|1.0|INDIVIDUAL|FIJO|200105034|1|0|1.0|INDIVIDUAL|FIJO|200105034|1|0|1.0
846,INDIVIDUAL|VARIABLE|P0132053000|1|0|1.0|INDIVIDUAL|VARIABLE|P0132053000|1|0|1.0|INDIVIDUAL|VARIABLE|P0132053000|1|0|1.0|INDIVIDUAL|VARIABLE|P0132053000|1|0|1.0|INDIVIDUAL|VARIABLE|P0132053000|1|0|1.0|INDIVIDUAL|VARIABLE|P0132053000|1|0|1.0|INDIVIDUAL|VARIABLE|P0132053000|1|0|1.0|INDIVIDUAL|VARIABLE|P0132053000|1|0|1.0|INDIVIDUAL|VARIABLE|P0132053000|1|0|1.0|INDIVIDUAL|VARIABLE|P0132053000|1|0|1.0|INDIVIDUAL|VARIABLE|P0132053000|1|0|1.0|INDIVIDUAL|VARIABLE|P0132053000|1|0|1.0|INDIVIDUAL|VARIABLE|P0132053000|1|0|1.0|INDIVIDUAL|VARIABLE|P0132053000|1|0|1.0|INDIVIDUAL|VARIABLE|P0132053000|1|0|1.0|INDIVIDUAL|VARIABLE|P0132053000|1|0|1.0|INDIVIDUAL|VARIABLE|P0132053000|1|0|1.0|INDIVIDUAL|VARIABLE|P0132053000|1|0|1.0|INDIVIDUAL|VARIABLE|P0132053000|1|0|1.0|INDIVIDUAL|VARIABLE|P0132053000|1|0|1.0|INDIVIDUAL|VARIABLE|P0132053000|1|0|1.0|INDIVIDUAL|VARIABLE|P0132053000|1|0|1.0|INDIVIDUAL|VARIABLE|P0132053000|1|0|1.0|INDIVIDUAL|VARIABLE|P0132053000|1|0|1.0|INDIVIDUAL|VARIABLE|P0132053000|1|0|1.0|INDIVIDUAL|VARIABLE|P0132053000|1|0|1.0|INDIVIDUAL|VARIABLE|P0132053000|1|0|1.0|INDIVIDUAL|VARIABLE|P0132053000|1|0|1.0|INDIVIDUAL|VARIABLE|P0132053000|1|0|1.0|INDIVIDUAL|VARIABLE|P0132053000|1|0|1.0|INDIVIDUAL|VARIABLE|P0132053000|1|0|1.0|INDIVIDUAL|VARIABLE|P0132053000|1|0|1.0|INDIVIDUAL|VARIABLE|P0132053000|1|0|1.0|INDIVIDUAL|VARIABLE|P0132053000|1|0|1.0|INDIVIDUAL|VARIABLE|P0132053000|1|0|1.0|INDIVIDUAL|VARIABLE|P0132053000|1|0|1.0
847,INDIVIDUAL|VARIABLE|P0132053000|1|0|1.0|INDIVIDUAL|VARIABLE|P0132053000|1|0|1.0|INDIVIDUAL|VARIABLE|P0132053000|1|0|1.0|INDIVIDUAL|VARIABLE|P0132053000|1|0|1.0|INDIVIDUAL|VARIABLE|P0132053000|1|0|1.0|INDIVIDUAL|VARIABLE|P0132053000|1|0|1.0|INDIVIDUAL|VARIABLE|P0132053000|1|0|1.0|INDIVIDUAL|VARIABLE|P0132053000|1|0|1.0|INDIVIDUAL|VARIABLE|P0132053000|1|0|1.0|INDIVIDUAL|VARIABLE|P0132053000|1|0|1.0|INDIVIDUAL|VARIABLE|P0132053000|1|0|1.0|INDIVIDUAL|VARIABLE|P0132053000|1|0|1.0|INDIVIDUAL|VARIABLE|P0132053000|1|0|1.0|INDIVIDUAL|VARIABLE|P0132053000|1|0|1.0|INDIVIDUAL|VARIABLE|P0132053000|1|0|1.0|INDIVIDUAL|VARIABLE|P0132053000|1|0|1.0|INDIVIDUAL|VARIABLE|P0132053000|1|0|1.0|INDIVIDUAL|VARIABLE|P0132053000|1|0|1.0|INDIVIDUAL|VARIABLE|P0132053000|1|0|1.0|INDIVIDUAL|VARIABLE|P0132053000|1|0|1.0|INDIVIDUAL|VARIABLE|P0132053000|1|0|1.0|INDIVIDUAL|VARIABLE|P0132053000|1|0|1.0|INDIVIDUAL|VARIABLE|P0132053000|1|0|1.0|INDIVIDUAL|VARIABLE|P0132053000|1|0|1.0|INDIVIDUAL|VARIABLE|P0132053000|1|0|1.0|INDIVIDUAL|VARIABLE|P0132053000|1|0|1.0|INDIVIDUAL|VARIABLE|P0132053000|1|0|1.0|INDIVIDUAL|VARIABLE|P0132053000|1|0|1.0|INDIVIDUAL|VARIABLE|P0132053000|1|0|1.0|INDIVIDUAL|VARIABLE|P0132053000|1|0|1.0|INDIVIDUAL|VARIABLE|P0132053000|1|0|1.0|INDIVIDUAL|VARIABLE|P0132053000|1|0|1.0|INDIVIDUAL|VARIABLE|P0132053000|1|0|1.0|INDIVIDUAL|VARIABLE|P0132053000|1|0|1.0|INDIVIDUAL|VARIABLE|P0132053000|1|0|1.0|INDIVIDUAL|VARIABLE|P0132053000|1|0|1.0|INDIVIDUAL|VARIABLE|P0132053000|1|0|1.0|INDIVIDUAL|VARIABLE|P0132053000|1|0|1.0|INDIVIDUAL|VARIABLE|P0132053000|1|0|1.0|INDIVIDUAL|VARIABLE|P0132053000|1|0|1.0|INDIVIDUAL|VARIABLE|P0132053000|1|0|1.0|INDIVIDUAL|VARIABLE|P0132053000|1|0|1.0|INDIVIDUAL|VARIABLE|P0132053000|1|0|1.0|INDIVIDUAL|VARIABLE|P0132053000|1|0|1.0|INDIVIDUAL|VARIABLE|P0132053000|1|0|1.0|INDIVIDUAL|VARIABLE|P0132053000|1|0|1.0|INDIVIDUAL|VARIABLE|P0132053000|1|0|1.0|INDIVIDUAL|VARIABLE|P0132053000|1|0|1.0|INDIVIDUAL|VARIABLE|P0132053000|1|0|1.0|INDIVIDUAL|VARIABLE|P0132053000|1|0|1.0|INDIVIDUAL|VARIABLE|P0132053000|1|0|1.0|INDIVIDUAL|VARIABLE|P0132053000|1|0|1.0|INDIVIDUAL|VARIABLE|P0132053000|1|0|1.0|INDIVIDUAL|VARIABLE|P0132053000|1|0|1.0|INDIVIDUAL|VARIABLE|P0132053000|1|0|1.0|INDIVIDUAL|VARIABLE|P0132053000|1|0|1.0|INDIVIDUAL|VARIABLE|P0132053000|1|0|1.0|INDIVIDUAL|VARIABLE|P0132053000|1|0|1.0|INDIVIDUAL|VARIABLE|P0132053000|1|0|1.0|INDIVIDUAL|VARIABLE|P0132053000|1|0|1.0|INDIVIDUAL|VARIABLE|P0132053000|1|0|1.0|INDIVIDUAL|VARIABLE|P0132053000|1|0|1.0|INDIVIDUAL|VARIABLE|P0132053000|1|0|1.0|INDIVIDUAL|VARIABLE|P0132053000|1|0|1.0|INDIVIDUAL|VARIABLE|P0132053000|1|0|1.0|INDIVIDUAL|VARIABLE|P0132053000|1|0|1.0|INDIVIDUAL|VARIABLE|P0132053000|1|0|1.0|INDIVIDUAL|VARIABLE|P0132053000|1|0|1.0|INDIVIDUAL|VARIABLE|P0132053000|1|0|1.0|INDIVIDUAL|VARIABLE|P0132053000|1|0|1.0|INDIVIDUAL|VARIABLE|P0132053000|1|0|1.0|INDIVIDUAL|VARIABLE|P0132053000|1|0|1.0|INDIVIDUAL|VARIABLE|P0132053000|1|0|1.0|INDIVIDUAL|VARIABLE|P0132053000|1|0|1.0|INDIVIDUAL|VARIABLE|P0132053000|1|0|1.0|INDIVIDUAL|VARIABLE|P0132053000|1|0|1.0|INDIVIDUAL|VARIABLE|P0132053000|1|0|1.0|INDIVIDUAL|VARIABLE|P0132053000|1|0|1.0|INDIVIDUAL|VARIABLE|P0132053000|1|0|1.0|INDIVIDUAL|VARIABLE|P0132053000|1|0|1.0|INDIVIDUAL|VARIABLE|P0132053000|1|0|1.0|INDIVIDUAL|VARIABLE|P0132053000|1|0|1.0|INDIVIDUAL|VARIABLE|P0132053000|1|0|1.0|INDIVIDUAL|VARIABLE|P0132053000|1|0|1.0|INDIVIDUAL|VARIABLE|P0132053000|1|0|1.0|INDIVIDUAL|VARIABLE|P0132053000|1|0|1.0|INDIVIDUAL|VARIABLE|P0132053000|1|0|1.0|INDIVIDUAL|VARIABLE|P0132053000|1|0|1.0|INDIVIDUAL|VARIABLE|P0132053000|1|0|1.0|INDIVIDUAL|VARIABLE|P0132053000|1|0|1.0|INDIVIDUAL|VARIABLE|P0132053000|1|0|1.0|INDIVIDUAL|VARIABLE|P0132053000|1|0|1.0|INDIVIDUAL|VARIABLE|P0132053000|1|0|1.0|INDIVIDUAL|VARIABLE|P0132053000|1|0|1.0|INDIVIDUAL|VARIABLE|P0132053000|1|0|1.0|INDIVIDUAL|VARIABLE|P0132053000|1|0|1.0|INDIVIDUAL|VARIABLE|P0132053000|1|0|1.0|INDIVIDUAL|VARIABLE|P0132053000|1|0|1.0|INDIVIDUAL|VARIABLE|P0132053000|1|0|1.0|INDIVIDUAL|VARIABLE|P0132053000|1|0|1.0|INDIVIDUAL|VARIABLE|P0132053000|1|0|1.0|INDIVIDUAL|VARIABLE|P0132053000|1|0|1.0|INDIVIDUAL|VARIABLE|P0132053000|1|0|1.0|INDIVIDUAL|VARIABLE|P0132053000|1|0|1.0|INDIVIDUAL|VARIABLE|P0132053000|1|0|1.0|INDIVIDUAL|VARIABLE|P0132053000|1|0|1.0|INDIVIDUAL|VARIABLE|P0132053000|1|0|1.0|INDIVIDUAL|VARIABLE|P0132053000|1|0|1.0|INDIVIDUAL|VARIABLE|P0132053000|1|0|1.0|INDIVIDUAL|VARIABLE|P0132053000|1|0|1.0|INDIVIDUAL|VARIABLE|P0132053000|1|0|1.0|INDIVIDUAL|VARIABLE|P0132053000|1|0|1.0|INDIVIDUAL|VARIABLE|P0132053000|1|0|1.0|INDIVIDUAL|VARIABLE|P0132053000|1|0|1.0|INDIVIDUAL|VARIABLE|P0132053000|1|0|1.0|INDIVIDUAL|VARIABLE|P0132053000|1|0|1.0|INDIVIDUAL|VARIABLE|P0132053000|1|0|1.0|INDIVIDUAL|VARIABLE|P0132053000|1|0|1.0|INDIVIDUAL|VARIABLE|P0132053000|1|0|1.0|INDIVIDUAL|VARIABLE|P0132053000|1|0|1.0|INDIVIDUAL|VARIABLE|P0132053000|1|0|1.0|INDIVIDUAL|VARIABLE|P0132053000|1|0|1.0|INDIVIDUAL|VARIABLE|P0132053000|1|0|1.0|INDIVIDUAL|VARIABLE|P0132053000|1|0|1.0|INDIVIDUAL|VARIABLE|P0132053000|1|0|1.0|INDIVIDUAL|VARIABLE|P0132053000|1|0|1.0|INDIVIDUAL|VARIABLE|P0132053000|1|0|1.0|INDIVIDUAL|VARIABLE|P0132053000|1|0|1.0|INDIVIDUAL|VARIABLE|P0132053000|1|0|1.0|INDIVIDUAL|VARIABLE|P0132053000|1|0|1.0|INDIVIDUAL|VARIABLE|P0132053000|1|0|1.0|INDIVIDUAL|VARIABLE|P0132053000|1|0|1.0|INDIVIDUAL|VARIABLE|P0132053000|1|0|1.0|INDIVIDUAL|VARIABLE|P0132053000|1|0|1.0|INDIVIDUAL|VARIABLE|P0132053000|1|0|1.0|INDIVIDUAL|VARIABLE|P0132053000|1|0|1.0|INDIVIDUAL|VARIABLE|P0132053000|1|0|1.0|INDIVIDUAL|VARIABLE|P0132053000|1|0|1.0|INDIVIDUAL|VARIABLE|P0132053000|1|0|1.0|INDIVIDUAL|VARIABLE|P0132053000|1|0|1.0|INDIVIDUAL|VARIABLE|P0132053000|1|0|1.0|INDIVIDUAL|VARIABLE|P0132053000|1|0|1.0|INDIVIDUAL|VARIABLE|P0132053000|1|0|1.0|INDIVIDUAL|VARIABLE|P0132053000|1|0|1.0|INDIVIDUAL|VARIABLE|P0132053000|1|0|1.0|INDIVIDUAL|VARIABLE|P0132053000|1|0|1.0|INDIVIDUAL|VARIABLE|P0132053000|1|0|1.0|INDIVIDUAL|VARIABLE|P0132053000|1|0|1.0|INDIVIDUAL|VARIABLE|P0132053000|1|0|1.0|INDIVIDUAL|VARIABLE|P0132053000|1|0|1.0|INDIVIDUAL|VARIABLE|P0132053000|1|0|1.0|INDIVIDUAL|VARIABLE|P0132053000|1|0|1.0|INDIVIDUAL|VARIABLE|P0132053000|1|0|1.0|INDIVIDUAL|VARIABLE|P0132053000|1|0|1.0|INDIVIDUAL|VARIABLE|P0132053000|1|0|1.0|INDIVIDUAL|VARIABLE|P0132053000|1|0|1.0|INDIVIDUAL|VARIABLE|P0132053000|1|0|1.0|INDIVIDUAL|VARIABLE|P0132053000|1|0|1.0|INDIVIDUAL|VARIABLE|P0132053000|1|0|1.0|INDIVIDUAL|VARIABLE|P0132053000|1|0|1.0|INDIVIDUAL|VARIABLE|P0132053000|1|0|1.0|INDIVIDUAL|VARIABLE|P0132053000|1|0|1.0|INDIVIDUAL|VARIABLE|P0132053000|1|0|1.0|INDIVIDUAL|VARIABLE|P0132053000|1|0|1.0|INDIVIDUAL|VARIABLE|P0132053000|1|0|1.0|INDIVIDUAL|VARIABLE|P0132053000|1|0|1.0|INDIVIDUAL|VARIABLE|P0132053000|1|0|1.0|INDIVIDUAL|VARIABLE|P0132053000|1|0|1.0|INDIVIDUAL|VARIABLE|P0132053000|1|0|1.0|INDIVIDUAL|VARIABLE|P0132053000|1|0|1.0|INDIVIDUAL|VARIABLE|P0132053000|1|0|1.0|INDIVIDUAL|VARIABLE|P0132053000|1|0|1.0|INDIVIDUAL|VARIABLE|P0132053000|1|0|1.0|INDIVIDUAL|VARIABLE|P0132053000|1|0|1.0|INDIVIDUAL|VARIABLE|P0132053000|1|0|1.0|INDIVIDUAL|VARIABLE|P0132053000|1|0|1.0|INDIVIDUAL|VARIABLE|P0132053000|1|0|1.0|INDIVIDUAL|VARIABLE|P0132053000|1|0|1.0|INDIVIDUAL|VARIABLE|P0132053000|1|0|1.0|INDIVIDUAL|VARIABLE|P0132053000|1|0|1.0|INDIVIDUAL|VARIABLE|P0132053000|1|0|1.0|INDIVIDUAL|VARIABLE|P0132053000|1|0|1.0|INDIVIDUAL|VARIABLE|P0132053000|1|0|1.0|INDIVIDUAL|VARIABLE|P0132053000|1|0|1.0|INDIVIDUAL|VARIABLE|P0132053000|1|0|1.0|INDIVIDUAL|VARIABLE|P0132053000|1|0|1.0|INDIVIDUAL|VARIABLE|P0132053000|1|0|1.0|INDIVIDUAL|VARIABLE|P0132053000|1|0|1.0|INDIVIDUAL|VARIABLE|P0132053000|1|0|1.0|INDIVIDUAL|VARIABLE|P0132053000|1|0|1.0|INDIVIDUAL|VARIABLE|P0132053000|1|0|1.0|INDIVIDUAL|VARIABLE|P0132053000|1|0|1.0|INDIVIDUAL|VARIABLE|P0132053000|1|0|1.0|INDIVIDUAL|VARIABLE|P0132053000|1|0|1.0|INDIVIDUAL|VARIABLE|P0132053000|1|0|1.0|INDIVIDUAL|VARIABLE|P0132053000|1|0|1.0|INDIVIDUAL|VARIABLE|P0132053000|1|0|1.0|INDIVIDUAL|VARIABLE|P0132053000|1|0|1.0|INDIVIDUAL|VARIABLE|P0132053000|1|0|1.0|INDIVIDUAL|VARIABLE|P0132053000|1|0|1.0|INDIVIDUAL|VARIABLE|P0132053000|1|0|1.0|INDIVIDUAL|VARIABLE|P0132053000|1|0|1.0|INDIVIDUAL|VARIABLE|P0132053000|1|0|1.0|INDIVIDUAL|VARIABLE|P0132053000|1|0|1.0|INDIVIDUAL|VARIABLE|P0132053000|1|0|1.0|INDIVIDUAL|VARIABLE|P0132053000|1|0|1.0|INDIVIDUAL|VARIABLE|P0132053000|1|0|1.0|INDIVIDUAL|VARIABLE|P0132053000|1|0|1.0|INDIVIDUAL|VARIABLE|P0132053000|1|0|1.0|INDIVIDUAL|VARIABLE|P0132053000|1|0|1.0|INDIVIDUAL|VARIABLE|P0132053000|1|0|1.0|INDIVIDUAL|VARIABLE|P0132053000|1|0|1.0|INDIVIDUAL|VARIABLE|P0132053000|1|0|1.0|INDIVIDUAL|VARIABLE|P0132053000|1|0|1.0|INDIVIDUAL|VARIABLE|P0132053000|1|0|1.0|INDIVIDUAL|VARIABLE|P0132053000|1|0|1.0|INDIVIDUAL|VARIABLE|P0132053000|1|0|1.0|INDIVIDUAL|VARIABLE|P0132053000|1|0|1.0|INDIVIDUAL|VARIABLE|P0132053000|1|0|1.0|INDIVIDUAL|VARIABLE|P0132053000|1|0|1.0|INDIVIDUAL|VARIABLE|P0132053000|1|0|1.0|INDIVIDUAL|VARIABLE|P0132053000|1|0|1.0|INDIVIDUAL|VARIABLE|P0132053000|1|0|1.0|INDIVIDUAL|VARIABLE|P0132053000|1|0|1.0|INDIVIDUAL|VARIABLE|P0132053000|1|0|1.0|INDIVIDUAL|VARIABLE|P0132053000|1|0|1.0|INDIVIDUAL|VARIABLE|P0132053000|1|0|1.0|INDIVIDUAL|VARIABLE|P0132053000|1|0|1.0|INDIVIDUAL|VARIABLE|P0132053000|1|0|1.0|INDIVIDUAL|VARIABLE|P0132053000|1|0|1.0|INDIVIDUAL|VARIABLE|P0132053000|1|0|1.0|INDIVIDUAL|VARIABLE|P0132053000|1|0|1.0|INDIVIDUAL|VARIABLE|P0132053000|1|0|1.0|INDIVIDUAL|VARIABLE|P0132053000|1|0|1.0|INDIVIDUAL|VARIABLE|P0132053000|1|0|1.0|INDIVIDUAL|VARIABLE|P0132053000|1|0|1.0|INDIVIDUAL|VARIABLE|P0132053000|1|0|1.0|INDIVIDUAL|VARIABLE|P0132053000|1|0|1.0|INDIVIDUAL|VARIABLE|P0132053000|1|0|1.0|INDIVIDUAL|VARIABLE|P0132053000|1|0|1.0|INDIVIDUAL|VARIABLE|P0132053000|1|0|1.0|INDIVIDUAL|VARIABLE|P0132053000|1|0|1.0|INDIVIDUAL|VARIABLE|P0132053000|1|0|1.0|INDIVIDUAL|VARIABLE|P0132053000|1|0|1.0|INDIVIDUAL|VARIABLE|P0132053000|1|0|1.0|INDIVIDUAL|VARIABLE|P0132053000|1|0|1.0|INDIVIDUAL|VARIABLE|P0132053000|1|0|1.0|INDIVIDUAL|VARIABLE|P0132053000|1|0|1.0|INDIVIDUAL|VARIABLE|P0132053000|1|0|1.0|INDIVIDUAL|VARIABLE|P0132053000|1|0|1.0|INDIVIDUAL|VARIABLE|P0132053000|1|0|1.0|INDIVIDUAL|VARIABLE|P0132053000|1|0|1.0|INDIVIDUAL|VARIABLE|P0132053000|1|0|1.0|INDIVIDUAL|VARIABLE|P0132053000|1|0|1.0|INDIVIDUAL|VARIABLE|P0132053000|1|0|1.0|INDIVIDUAL|VARIABLE|P0132053000|1|0|1.0|INDIVIDUAL|VARIABLE|P0132053000|1|0|1.0|INDIVIDUAL|VARIABLE|P0132053000|1|0|1.0|INDIVIDUAL|VARIABLE|P0132053000|1|0|1.0|INDIVIDUAL|VARIABLE|P0132053000|1|0|1.0|INDIVIDUAL|VARIABLE|P0132053000|1|0|1.0|INDIVIDUAL|VARIABLE|P0132053000|1|0|1.0|INDIVIDUAL|VARIABLE|P0132053000|1|0|1.0|INDIVIDUAL|VARIABLE|P0132053000|1|0|1.0|INDIVIDUAL|VARIABLE|P0132053000|1|0|1.0|INDIVIDUAL|VARIABLE|P0132053000|1|0|1.0|INDIVIDUAL|VARIABLE|P0132053000|1|0|1.0|INDIVIDUAL|VARIABLE|P0132053000|1|0|1.0|INDIVIDUAL|VARIABLE|P0132053000|1|0|1.0|INDIVIDUAL|VARIABLE|P0132053000|1|0|1.0|INDIVIDUAL|VARIABLE|P0132053000|1|0|1.0|INDIVIDUAL|VARIABLE|P0132053000|1|0|1.0|INDIVIDUAL|VARIABLE|P0132053000|1|0|1.0|INDIVIDUAL|VARIABLE|P0132053000|1|0|1.0|INDIVIDUAL|VARIABLE|P0132053000|1|0|1.0|INDIVIDUAL|VARIABLE|P0132053000|1|0|1.0|INDIVIDUAL|VARIABLE|P0132053000|1|0|1.0|INDIVIDUAL|VARIABLE|P0132053000|1|0|1.0|INDIVIDUAL|VARIABLE|P0132053000|1|0|1.0|INDIVIDUAL|VARIABLE|P0132053000|1|0|1.0|INDIVIDUAL|VARIABLE|P0132053000|1|0|1.0|INDIVIDUAL|VARIABLE|P0132053000|1|0|1.0|INDIVIDUAL|VARIABLE|P0132053000|1|0|1.0|INDIVIDUAL|VARIABLE|P0132053000|1|0|1.0|INDIVIDUAL|VARIABLE|P0132053000|1|0|1.0|INDIVIDUAL|VARIABLE|P0132053000|1|0|1.0|INDIVIDUAL|VARIABLE|P0132053000|1|0|1.0|INDIVIDUAL|VARIABLE|P0132053000|1|0|1.0|INDIVIDUAL|VARIABLE|P0132053000|1|0|1.0|INDIVIDUAL|VARIABLE|P0132053000|1|0|1.0|INDIVIDUAL|VARIABLE|P0132053000|1|0|1.0|INDIVIDUAL|VARIABLE|P0132053000|1|0|1.0|INDIVIDUAL|VARIABLE|P0132053000|1|0|1.0|INDIVIDUAL|VARIABLE|P0132053000|1|0|1.0|INDIVIDUAL|VARIABLE|P0132053000|1|0|1.0|INDIVIDUAL|VARIABLE|P0132053000|1|0|1.0|INDIVIDUAL|VARIABLE|P0132053000|1|0|1.0|INDIVIDUAL|VARIABLE|P0132053000|1|0|1.0|INDIVIDUAL|VARIABLE|P0132053000|1|0|1.0|INDIVIDUAL|VARIABLE|P0132053000|1|0|1.0|INDIVIDUAL|VARIABLE|P0132053000|1|0|1.0|INDIVIDUAL|VARIABLE|P0132053000|1|0|1.0|INDIVIDUAL|VARIABLE|P0132053000|1|0|1.0|INDIVIDUAL|VARIABLE|P0132053000|1|0|1.0|INDIVIDUAL|VARIABLE|P0132053000|1|0|1.0|INDIVIDUAL|VARIABLE|P0132053000|1|0|1.0|INDIVIDUAL|VARIABLE|P0132053000|1|0|1.0|INDIVIDUAL|VARIABLE|P0132053000|1|0|1.0|INDIVIDUAL|VARIABLE|P0132053000|1|0|1.0|INDIVIDUAL|VARIABLE|P0132053000|1|0|1.0|INDIVIDUAL|VARIABLE|P0132053000|1|0|1.0|INDIVIDUAL|VARIABLE|P0132053000|1|0|1.0|INDIVIDUAL|VARIABLE|P0132053000|1|0|1.0|INDIVIDUAL|VARIABLE|P0132053000|1|0|1.0|INDIVIDUAL|VARIABLE|P0132053000|1|0|1.0|INDIVIDUAL|VARIABLE|P0132053000|1|0|1.0|INDIVIDUAL|VARIABLE|P0132053000|1|0|1.0|INDIVIDUAL|VARIABLE|P0132053000|1|0|1.0|INDIVIDUAL|VARIABLE|P0132053000|1|0|1.0|INDIVIDUAL|VARIABLE|P0132053000|1|0|1.0|INDIVIDUAL|VARIABLE|P0132053000|1|0|1.0|INDIVIDUAL|VARIABLE|P0132053000|1|0|1.0|INDIVIDUAL|VARIABLE|P0132053000|1|0|1.0|INDIVIDUAL|VARIABLE|P0132053000|1|0|1.0|INDIVIDUAL|VARIABLE|P0132053000|1|0|1.0|INDIVIDUAL|VARIABLE|P0132053000|1|0|1.0|INDIVIDUAL|VARIABLE|P0132053000|1|0|1.0|INDIVIDUAL|VARIABLE|P0132053000|1|0|1.0|INDIVIDUAL|VARIABLE|P0132053000|1|0|1.0|INDIVIDUAL|VARIABLE|P0132053000|1|0|1.0|INDIVIDUAL|VARIABLE|P0132053000|1|0|1.0|INDIVIDUAL|VARIABLE|P0132053000|1|0|1.0|INDIVIDUAL|VARIABLE|P0132053000|1|0|1.0|INDIVIDUAL|VARIABLE|P0132053000|1|0|1.0|INDIVIDUAL|VARIABLE|P0132053000|1|0|1.0|INDIVIDUAL|VARIABLE|P0132053000|1|0|1.0
848,INDIVIDUAL|VARIABLE|P0234055000|1|0|1.0|INDIVIDUAL|VARIABLE|P0234055000|1|0|1.0|INDIVIDUAL|VARIABLE|P0234055000|1|0|1.0|INDIVIDUAL|VARIABLE|P0234055000|1|0|1.0|INDIVIDUAL|VARIABLE|P0234055000|1|0|1.0|INDIVIDUAL|VARIABLE|P0234055000|1|0|1.0|INDIVIDUAL|VARIABLE|P0234055000|1|0|1.0|INDIVIDUAL|VARIABLE|P0234055000|1|0|1.0|INDIVIDUAL|VARIABLE|P0234055000|1|0|1.0|INDIVIDUAL|VARIABLE|P0234055000|1|0|1.0|INDIVIDUAL|VARIABLE|P0234055000|1|0|1.0|INDIVIDUAL|VARIABLE|P0234055000|1|0|1.0|INDIVIDUAL|VARIABLE|P0234055000|1|0|1.0|INDIVIDUAL|VARIABLE|P0234055000|1|0|1.0|INDIVIDUAL|VARIABLE|P0234055000|1|0|1.0|INDIVIDUAL|VARIABLE|P0234055000|1|0|1.0|INDIVIDUAL|VARIABLE|P0234055000|1|0|1.0|INDIVIDUAL|VARIABLE|P0234055000|1|0|1.0|INDIVIDUAL|VARIABLE|P0234055000|1|0|1.0|INDIVIDUAL|VARIABLE|P0234055000|1|0|1.0|INDIVIDUAL|VARIABLE|P0234055000|1|0|1.0|INDIVIDUAL|VARIABLE|P0234055000|1|0|1.0|INDIVIDUAL|VARIABLE|P0234055000|1|0|1.0|INDIVIDUAL|VARIABLE|P0234055000|1|0|1.0|INDIVIDUAL|VARIABLE|P0234055000|1|0|1.0|INDIVIDUAL|VARIABLE|P0234055000|1|0|1.0|INDIVIDUAL|VARIABLE|P0234055000|1|0|1.0|INDIVIDUAL|VARIABLE|P0234055000|1|0|1.0|INDIVIDUAL|VARIABLE|P0234055000|1|0|1.0|INDIVIDUAL|VARIABLE|P0234055000|1|0|1.0|INDIVIDUAL|VARIABLE|P0234055000|1|0|1.0|INDIVIDUAL|VARIABLE|P0234055000|1|0|1.0|INDIVIDUAL|VARIABLE|P0234055000|1|0|1.0|INDIVIDUAL|VARIABLE|P0234055000|1|0|1.0|INDIVIDUAL|VARIABLE|P0234055000|1|0|1.0|INDIVIDUAL|VARIABLE|P0234055000|1|0|1.0|INDIVIDUAL|VARIABLE|P0234055000|1|0|1.0|INDIVIDUAL|VARIABLE|P0234055000|1|0|1.0|INDIVIDUAL|VARIABLE|P0234055000|1|0|1.0|INDIVIDUAL|VARIABLE|P0234055000|1|0|1.0|INDIVIDUAL|VARIABLE|P0234055000|1|0|1.0|INDIVIDUAL|VARIABLE|P0234055000|1|0|1.0|INDIVIDUAL|VARIABLE|P0234055000|1|0|1.0|INDIVIDUAL|VARIABLE|P0234055000|1|0|1.0|INDIVIDUAL|VARIABLE|P0234055000|1|0|1.0|INDIVIDUAL|VARIABLE|P0234055000|1|0|1.0|INDIVIDUAL|VARIABLE|P0234055000|1|0|1.0|INDIVIDUAL|VARIABLE|P0234055000|1|0|1.0|INDIVIDUAL|VARIABLE|P0234055000|1|0|1.0|INDIVIDUAL|VARIABLE|P0234055000|1|0|1.0|INDIVIDUAL|VARIABLE|P0234055000|1|0|1.0|INDIVIDUAL|VARIABLE|P0234055000|1|0|1.0|INDIVIDUAL|VARIABLE|P0234055000|1|0|1.0|INDIVIDUAL|VARIABLE|P0234055000|1|0|1.0|INDIVIDUAL|VARIABLE|P0234055000|1|0|1.0|INDIVIDUAL|VARIABLE|P0234055000|1|0|1.0|INDIVIDUAL|VARIABLE|P0234055000|1|0|1.0|INDIVIDUAL|VARIABLE|P0234055000|1|0|1.0|INDIVIDUAL|VARIABLE|P0234055000|1|0|1.0|INDIVIDUAL|VARIABLE|P0234055000|1|0|1.0|INDIVIDUAL|VARIABLE|P0234055000|1|0|1.0|INDIVIDUAL|VARIABLE|P0234055000|1|0|1.0|INDIVIDUAL|VARIABLE|P0234055000|1|0|1.0|INDIVIDUAL|VARIABLE|P0234055000|1|0|1.0|INDIVIDUAL|VARIABLE|P0234055000|1|0|1.0|INDIVIDUAL|VARIABLE|P0234055000|1|0|1.0|INDIVIDUAL|VARIABLE|P0234055000|1|0|1.0|INDIVIDUAL|VARIABLE|P0234055000|1|0|1.0|INDIVIDUAL|VARIABLE|P0234055000|1|0|1.0|INDIVIDUAL|VARIABLE|P0234055000|1|0|1.0|INDIVIDUAL|VARIABLE|P0234055000|1|0|1.0|INDIVIDUAL|VARIABLE|P0234055000|1|0|1.0|INDIVIDUAL|VARIABLE|P0234055000|1|0|1.0|INDIVIDUAL|VARIABLE|P0234055000|1|0|1.0|INDIVIDUAL|VARIABLE|P0234055000|1|0|1.0|INDIVIDUAL|VARIABLE|P0234055000|1|0|1.0|INDIVIDUAL|VARIABLE|P0234055000|1|0|1.0|INDIVIDUAL|VARIABLE|P0234055000|1|0|1.0|INDIVIDUAL|VARIABLE|P0234055000|1|0|1.0|INDIVIDUAL|VARIABLE|P0234055000|1|0|1.0|INDIVIDUAL|VARIABLE|P0234055000|1|0|1.0|INDIVIDUAL|VARIABLE|P0234055000|1|0|1.0|INDIVIDUAL|VARIABLE|P0234055000|1|0|1.0|INDIVIDUAL|VARIABLE|P0234055000|1|0|1.0|INDIVIDUAL|VARIABLE|P0234055000|1|0|1.0|INDIVIDUAL|VARIABLE|P0234055000|1|0|1.0|INDIVIDUAL|VARIABLE|P0234055000|1|0|1.0|INDIVIDUAL|VARIABLE|P0234055000|1|0|1.0|INDIVIDUAL|VARIABLE|P0234055000|1|0|1.0|INDIVIDUAL|VARIABLE|P0234055000|1|0|1.0|INDIVIDUAL|VARIABLE|P0234055000|1|0|1.0|INDIVIDUAL|VARIABLE|P0234055000|1|0|1.0|INDIVIDUAL|VARIABLE|P0234055000|1|0|1.0|INDIVIDUAL|VARIABLE|P0234055000|1|0|1.0|INDIVIDUAL|VARIABLE|P0234055000|1|0|1.0|INDIVIDUAL|VARIABLE|P0234055000|1|0|1.0|INDIVIDUAL|VARIABLE|P0234055000|1|0|1.0|INDIVIDUAL|VARIABLE|P0234055000|1|0|1.0|INDIVIDUAL|VARIABLE|P0234055000|1|0|1.0|INDIVIDUAL|VARIABLE|P0234055000|1|0|1.0|INDIVIDUAL|VARIABLE|P0234055000|1|0|1.0|INDIVIDUAL|VARIABLE|P0234055000|1|0|1.0|INDIVIDUAL|VARIABLE|P0234055000|1|0|1.0|INDIVIDUAL|VARIABLE|P0234055000|1|0|1.0|INDIVIDUAL|VARIABLE|P0234055000|1|0|1.0|INDIVIDUAL|VARIABLE|P0234055000|1|0|1.0|INDIVIDUAL|VARIABLE|P0234055000|1|0|1.0|INDIVIDUAL|VARIABLE|P0234055000|1|0|1.0
849,INDIVIDUAL|VARIABLE|P0289058003|1|0|1.0|INDIVIDUAL|VARIABLE|P0289058003|1|0|1.0|INDIVIDUAL|VARIABLE|P0289058003|1|0|1.0|INDIVIDUAL|VARIABLE|P0289058003|1|0|1.0|INDIVIDUAL|VARIABLE|P0289058003|1|0|1.0|INDIVIDUAL|VARIABLE|P0289058003|1|0|1.0|INDIVIDUAL|VARIABLE|P0289058003|1|0|1.0|INDIVIDUAL|VARIABLE|P0289058003|1|0|1.0|INDIVIDUAL|VARIABLE|P0289058003|1|0|1.0|INDIVIDUAL|VARIABLE|P0289058003|1|0|1.0|INDIVIDUAL|VARIABLE|P0289058003|1|0|1.0|INDIVIDUAL|VARIABLE|P0289058003|1|0|1.0|INDIVIDUAL|VARIABLE|P0289058003|1|0|1.0|INDIVIDUAL|VARIABLE|P0289058003|1|0|1.0|INDIVIDUAL|VARIABLE|P0289058003|1|0|1.0|INDIVIDUAL|VARIABLE|P0289058003|1|0|1.0|INDIVIDUAL|VARIABLE|P0289058003|1|0|1.0|INDIVIDUAL|VARIABLE|P0289058003|1|0|1.0|INDIVIDUAL|VARIABLE|P0289058003|1|0|1.0|INDIVIDUAL|VARIABLE|P0289058003|1|0|1.0|INDIVIDUAL|VARIABLE|P0289058003|1|0|1.0|INDIVIDUAL|VARIABLE|P0289058003|1|0|1.0|INDIVIDUAL|VARIABLE|P0289058003|1|0|1.0|INDIVIDUAL|VARIABLE|P0289058003|1|0|1.0|INDIVIDUAL|VARIABLE|P0289058003|1|0|1.0|INDIVIDUAL|VARIABLE|P0289058003|1|0|1.0|INDIVIDUAL|VARIABLE|P0289058003|1|0|1.0|INDIVIDUAL|VARIABLE|P0289058003|1|0|1.0|INDIVIDUAL|VARIABLE|P0289058003|1|0|1.0|INDIVIDUAL|VARIABLE|P0289058003|1|0|1.0|INDIVIDUAL|VARIABLE|P0289058003|1|0|1.0|INDIVIDUAL|VARIABLE|P0289058003|1|0|1.0|INDIVIDUAL|VARIABLE|P0289058003|1|0|1.0|INDIVIDUAL|VARIABLE|P0289058003|1|0|1.0|INDIVIDUAL|VARIABLE|P0289058003|1|0|1.0|INDIVIDUAL|VARIABLE|P0289058003|1|0|1.0|INDIVIDUAL|VARIABLE|P0289058003|1|0|1.0|INDIVIDUAL|VARIABLE|P0289058003|1|0|1.0|INDIVIDUAL|VARIABLE|P0289058003|1|0|1.0|INDIVIDUAL|VARIABLE|P0289058003|1|0|1.0|INDIVIDUAL|VARIABLE|P0289058003|1|0|1.0|INDIVIDUAL|VARIABLE|P0289058003|1|0|1.0|INDIVIDUAL|VARIABLE|P0289058003|1|0|1.0|INDIVIDUAL|VARIABLE|P0289058003|1|0|1.0|INDIVIDUAL|VARIABLE|P0289058003|1|0|1.0|INDIVIDUAL|VARIABLE|P0289058003|1|0|1.0|INDIVIDUAL|VARIABLE|P0289058003|1|0|1.0|INDIVIDUAL|VARIABLE|P0289058003|1|0|1.0|INDIVIDUAL|VARIABLE|P0289058003|1|0|1.0|INDIVIDUAL|VARIABLE|P0289058003|1|0|1.0|INDIVIDUAL|VARIABLE|P0289058003|1|0|1.0|INDIVIDUAL|VARIABLE|P0289058003|1|0|1.0|INDIVIDUAL|VARIABLE|P0289058003|1|0|1.0|INDIVIDUAL|VARIABLE|P0289058003|1|0|1.0|INDIVIDUAL|VARIABLE|P0289058003|1|0|1.0|INDIVIDUAL|VARIABLE|P0289058003|1|0|1.0|INDIVIDUAL|VARIABLE|P0289058003|1|0|1.0|INDIVIDUAL|VARIABLE|P0289058003|1|0|1.0|INDIVIDUAL|VARIABLE|P0289058003|1|0|1.0|INDIVIDUAL|VARIABLE|P0289058003|1|0|1.0|INDIVIDUAL|VARIABLE|P0289058003|1|0|1.0|INDIVIDUAL|VARIABLE|P0289058003|1|0|1.0|INDIVIDUAL|VARIABLE|P0289058003|1|0|1.0|INDIVIDUAL|VARIABLE|P0289058003|1|0|1.0|INDIVIDUAL|VARIABLE|P0289058003|1|0|1.0|INDIVIDUAL|VARIABLE|P0289058003|1|0|1.0|INDIVIDUAL|VARIABLE|P0289058003|1|0|1.0|INDIVIDUAL|VARIABLE|P0289058003|1|0|1.0|INDIVIDUAL|VARIABLE|P0289058003|1|0|1.0|INDIVIDUAL|VARIABLE|P0289058003|1|0|1.0|INDIVIDUAL|VARIABLE|P0289058003|1|0|1.0|INDIVIDUAL|VARIABLE|P0289058003|1|0|1.0|INDIVIDUAL|VARIABLE|P0289058003|1|0|1.0|INDIVIDUAL|VARIABLE|P0289058003|1|0|1.0|INDIVIDUAL|VARIABLE|P0289058003|1|0|1.0|INDIVIDUAL|VARIABLE|P0289058003|1|0|1.0|INDIVIDUAL|VARIABLE|P0289058003|1|0|1.0
850,INDIVIDUAL|VARIABLE|P0210133000|1|0|1.0|INDIVIDUAL|VARIABLE|P0210133000|1|0|1.0|INDIVIDUAL|VARIABLE|P0210133000|1|0|1.0|INDIVIDUAL|VARIABLE|P0210133000|1|0|1.0|INDIVIDUAL|VARIABLE|P0210133000|1|0|1.0|INDIVIDUAL|VARIABLE|P0210133000|1|0|1.0|INDIVIDUAL|VARIABLE|P0210133000|1|0|1.0|INDIVIDUAL|VARIABLE|P0210133000|1|0|1.0|INDIVIDUAL|VARIABLE|P0210133000|1|0|1.0|INDIVIDUAL|VARIABLE|P0210133000|1|0|1.0|INDIVIDUAL|VARIABLE|P0210133000|1|0|1.0|INDIVIDUAL|VARIABLE|P0210133000|1|0|1.0|INDIVIDUAL|VARIABLE|P0210133000|1|0|1.0|INDIVIDUAL|VARIABLE|P0210133000|1|0|1.0|INDIVIDUAL|VARIABLE|P0210133000|1|0|1.0|INDIVIDUAL|VARIABLE|P0210133000|1|0|1.0|INDIVIDUAL|VARIABLE|P0210133000|1|0|1.0|INDIVIDUAL|VARIABLE|P0210133000|1|0|1.0|INDIVIDUAL|VARIABLE|P0210133000|1|0|1.0|INDIVIDUAL|VARIABLE|P0210133000|1|0|1.0|INDIVIDUAL|VARIABLE|P0210133000|1|0|1.0|INDIVIDUAL|VARIABLE|P0210133000|1|0|1.0|INDIVIDUAL|VARIABLE|P0210133000|1|0|1.0|INDIVIDUAL|VARIABLE|P0210133000|1|0|1.0|INDIVIDUAL|VARIABLE|P0210133000|1|0|1.0|INDIVIDUAL|VARIABLE|P0210133000|1|0|1.0|INDIVIDUAL|VARIABLE|P0210133000|1|0|1.0|INDIVIDUAL|VARIABLE|P0210133000|1|0|1.0|INDIVIDUAL|VARIABLE|P0210133000|1|0|1.0|INDIVIDUAL|VARIABLE|P0210133000|1|0|1.0|INDIVIDUAL|VARIABLE|P0210133000|1|0|1.0|INDIVIDUAL|VARIABLE|P0210133000|1|0|1.0|INDIVIDUAL|VARIABLE|P0210133000|1|0|1.0|INDIVIDUAL|VARIABLE|P0210133000|1|0|1.0|INDIVIDUAL|VARIABLE|P0210133000|1|0|1.0|INDIVIDUAL|VARIABLE|P0210133000|1|0|1.0|INDIVIDUAL|VARIABLE|P0210133000|1|0|1.0|INDIVIDUAL|VARIABLE|P0210133000|1|0|1.0|INDIVIDUAL|VARIABLE|P0210133000|1|0|1.0|INDIVIDUAL|VARIABLE|P0210133000|1|0|1.0|INDIVIDUAL|VARIABLE|P0210133000|1|0|1.0|INDIVIDUAL|VARIABLE|P0210133000|1|0|1.0|INDIVIDUAL|VARIABLE|P0210133000|1|0|1.0|INDIVIDUAL|VARIABLE|P0210133000|1|0|1.0|INDIVIDUAL|VARIABLE|P0210133000|1|0|1.0|INDIVIDUAL|VARIABLE|P0210133000|1|0|1.0|INDIVIDUAL|VARIABLE|P0210133000|1|0|1.0|INDIVIDUAL|VARIABLE|P0210133000|1|0|1.0|INDIVIDUAL|VARIABLE|P0210133000|1|0|1.0|INDIVIDUAL|VARIABLE|P0210133000|1|0|1.0|INDIVIDUAL|VARIABLE|P0210133000|1|0|1.0|INDIVIDUAL|VARIABLE|P0210133000|1|0|1.0|INDIVIDUAL|VARIABLE|P0210133000|1|0|1.0|INDIVIDUAL|VARIABLE|P0210133000|1|0|1.0|INDIVIDUAL|VARIABLE|P0210133000|1|0|1.0|INDIVIDUAL|VARIABLE|P0210133000|1|0|1.0|INDIVIDUAL|VARIABLE|P0210133000|1|0|1.0|INDIVIDUAL|VARIABLE|P0210133000|1|0|1.0|INDIVIDUAL|VARIABLE|P0210133000|1|0|1.0|INDIVIDUAL|VARIABLE|P0210133000|1|0|1.0|INDIVIDUAL|VARIABLE|P0210133000|1|0|1.0|INDIVIDUAL|VARIABLE|P0210133000|1|0|1.0|INDIVIDUAL|VARIABLE|P0210133000|1|0|1.0|INDIVIDUAL|VARIABLE|P0210133000|1|0|1.0|INDIVIDUAL|VARIABLE|P0210133000|1|0|1.0|INDIVIDUAL|VARIABLE|P0210133000|1|0|1.0|INDIVIDUAL|VARIABLE|P0210133000|1|0|1.0|INDIVIDUAL|VARIABLE|P0210133000|1|0|1.0|INDIVIDUAL|VARIABLE|P0210133000|1|0|1.0|INDIVIDUAL|VARIABLE|P0210133000|1|0|1.0|INDIVIDUAL|VARIABLE|P0210133000|1|0|1.0|INDIVIDUAL|VARIABLE|P0210133000|1|0|1.0|INDIVIDUAL|VARIABLE|P0210133000|1|0|1.0|INDIVIDUAL|VARIABLE|P0210133000|1|0|1.0|INDIVIDUAL|VARIABLE|P0210133000|1|0|1.0|INDIVIDUAL|VARIABLE|P0210133000|1|0|1.0|INDIVIDUAL|VARIABLE|P0210133000|1|0|1.0|INDIVIDUAL|VARIABLE|P0210133000|1|0|1.0|INDIVIDUAL|VARIABLE|P0210133000|1|0|1.0|INDIVIDUAL|VARIABLE|P0210133000|1|0|1.0|INDIVIDUAL|VARIABLE|P0210133000|1|0|1.0|INDIVIDUAL|VARIABLE|P0210133000|1|0|1.0|INDIVIDUAL|VARIABLE|P0210133000|1|0|1.0|INDIVIDUAL|VARIABLE|P0210133000|1|0|1.0|INDIVIDUAL|VARIABLE|P0210133000|1|0|1.0|INDIVIDUAL|VARIABLE|P0210133000|1|0|1.0|INDIVIDUAL|VARIABLE|P0210133000|1|0|1.0|INDIVIDUAL|VARIABLE|P0210133000|1|0|1.0|INDIVIDUAL|VARIABLE|P0210133000|1|0|1.0|INDIVIDUAL|VARIABLE|P0210133000|1|0|1.0|INDIVIDUAL|VARIABLE|P0210133000|1|0|1.0|INDIVIDUAL|VARIABLE|P0210133000|1|0|1.0|INDIVIDUAL|VARIABLE|P0210133000|1|0|1.0|INDIVIDUAL|VARIABLE|P0210133000|1|0|1.0|INDIVIDUAL|VARIABLE|P0210133000|1|0|1.0|INDIVIDUAL|VARIABLE|P0210133000|1|0|1.0|INDIVIDUAL|VARIABLE|P0210133000|1|0|1.0
851,INDIVIDUAL|VARIABLE|P0289071002|1|0|1.0|INDIVIDUAL|VARIABLE|P0289071002|1|0|1.0|INDIVIDUAL|VARIABLE|P0289071002|1|0|1.0|INDIVIDUAL|VARIABLE|P0289071002|1|0|1.0|INDIVIDUAL|VARIABLE|P0289071002|1|0|1.0|INDIVIDUAL|VARIABLE|P0289071002|1|0|1.0|INDIVIDUAL|VARIABLE|P0289071002|1|0|1.0|INDIVIDUAL|VARIABLE|P0289071002|1|0|1.0|INDIVIDUAL|VARIABLE|P0289071002|1|0|1.0|INDIVIDUAL|VARIABLE|P0289071002|1|0|1.0|INDIVIDUAL|VARIABLE|P0289071002|1|0|1.0|INDIVIDUAL|VARIABLE|P0289071002|1|0|1.0|INDIVIDUAL|VARIABLE|P0289071002|1|0|1.0|INDIVIDUAL|VARIABLE|P0289071002|1|0|1.0|INDIVIDUAL|VARIABLE|P0289071002|1|0|1.0|INDIVIDUAL|VARIABLE|P0289071002|1|0|1.0|INDIVIDUAL|VARIABLE|P0289071002|1|0|1.0|INDIVIDUAL|VARIABLE|P0289071002|1|0|1.0|INDIVIDUAL|VARIABLE|P0289071002|1|0|1.0|INDIVIDUAL|VARIABLE|P0289071002|1|0|1.0|INDIVIDUAL|VARIABLE|P0289071002|1|0|1.0|INDIVIDUAL|VARIABLE|P0289071002|1|0|1.0|INDIVIDUAL|VARIABLE|P0289071002|1|0|1.0|INDIVIDUAL|VARIABLE|P0289071002|1|0|1.0|INDIVIDUAL|VARIABLE|P0289071002|1|0|1.0|INDIVIDUAL|VARIABLE|P0289071002|1|0|1.0|INDIVIDUAL|VARIABLE|P0289071002|1|0|1.0|INDIVIDUAL|VARIABLE|P0289071002|1|0|1.0|INDIVIDUAL|VARIABLE|P0289071002|1|0|1.0|INDIVIDUAL|VARIABLE|P0289071002|1|0|1.0|INDIVIDUAL|VARIABLE|P0289071002|1|0|1.0|INDIVIDUAL|VARIABLE|P0289071002|1|0|1.0|INDIVIDUAL|VARIABLE|P0289071002|1|0|1.0|INDIVIDUAL|VARIABLE|P0289071002|1|0|1.0|INDIVIDUAL|VARIABLE|P0289071002|1|0|1.0|INDIVIDUAL|VARIABLE|P0289071002|1|0|1.0|INDIVIDUAL|VARIABLE|P0289071002|1|0|1.0|INDIVIDUAL|VARIABLE|P0289071002|1|0|1.0|INDIVIDUAL|VARIABLE|P0289071002|1|0|1.0|INDIVIDUAL|VARIABLE|P0289071002|1|0|1.0|INDIVIDUAL|VARIABLE|P0289071002|1|0|1.0|INDIVIDUAL|VARIABLE|P0289071002|1|0|1.0|INDIVIDUAL|VARIABLE|P0289071002|1|0|1.0|INDIVIDUAL|VARIABLE|P0289071002|1|0|1.0|INDIVIDUAL|VARIABLE|P0289071002|1|0|1.0|INDIVIDUAL|VARIABLE|P0289071002|1|0|1.0|INDIVIDUAL|VARIABLE|P0289071002|1|0|1.0|INDIVIDUAL|VARIABLE|P0289071002|1|0|1.0|INDIVIDUAL|VARIABLE|P0289071002|1|0|1.0|INDIVIDUAL|VARIABLE|P0289071002|1|0|1.0|INDIVIDUAL|VARIABLE|P0289071002|1|0|1.0|INDIVIDUAL|VARIABLE|P0289071002|1|0|1.0|INDIVIDUAL|VARIABLE|P0289071002|1|0|1.0|INDIVIDUAL|VARIABLE|P0289071002|1|0|1.0|INDIVIDUAL|VARIABLE|P0289071002|1|0|1.0|INDIVIDUAL|VARIABLE|P0289071002|1|0|1.0|INDIVIDUAL|VARIABLE|P0289071002|1|0|1.0|INDIVIDUAL|VARIABLE|P0289071002|1|0|1.0|INDIVIDUAL|VARIABLE|P0289071002|1|0|1.0|INDIVIDUAL|VARIABLE|P0289071002|1|0|1.0|INDIVIDUAL|VARIABLE|P0289071002|1|0|1.0|INDIVIDUAL|VARIABLE|P0289071002|1|0|1.0|INDIVIDUAL|VARIABLE|P0289071002|1|0|1.0|INDIVIDUAL|VARIABLE|P0289071002|1|0|1.0|INDIVIDUAL|VARIABLE|P0289071002|1|0|1.0|INDIVIDUAL|VARIABLE|P0289071002|1|0|1.0|INDIVIDUAL|VARIABLE|P0289071002|1|0|1.0|INDIVIDUAL|VARIABLE|P0289071002|1|0|1.0|INDIVIDUAL|VARIABLE|P0289071002|1|0|1.0|INDIVIDUAL|VARIABLE|P0289071002|1|0|1.0|INDIVIDUAL|VARIABLE|P0289071002|1|0|1.0|INDIVIDUAL|VARIABLE|P0289071002|1|0|1.0|INDIVIDUAL|VARIABLE|P0289071002|1|0|1.0|INDIVIDUAL|VARIABLE|P0289071002|1|0|1.0|INDIVIDUAL|VARIABLE|P0289071002|1|0|1.0|INDIVIDUAL|VARIABLE|P0289071002|1|0|1.0|INDIVIDUAL|VARIABLE|P0289071002|1|0|1.0|INDIVIDUAL|VARIABLE|P0289071002|1|0|1.0|INDIVIDUAL|VARIABLE|P0289071002|1|0|1.0|INDIVIDUAL|VARIABLE|P0289071002|1|0|1.0|INDIVIDUAL|VARIABLE|P0289071002|1|0|1.0|INDIVIDUAL|VARIABLE|P0289071002|1|0|1.0|INDIVIDUAL|VARIABLE|P0289071002|1|0|1.0|INDIVIDUAL|VARIABLE|P0289071002|1|0|1.0|INDIVIDUAL|VARIABLE|P0289071002|1|0|1.0|INDIVIDUAL|VARIABLE|P0289071002|1|0|1.0|INDIVIDUAL|VARIABLE|P0289071002|1|0|1.0|INDIVIDUAL|VARIABLE|P0289071002|1|0|1.0|INDIVIDUAL|VARIABLE|P0289071002|1|0|1.0|INDIVIDUAL|VARIABLE|P0289071002|1|0|1.0|INDIVIDUAL|VARIABLE|P0289071002|1|0|1.0|INDIVIDUAL|VARIABLE|P0289071002|1|0|1.0|INDIVIDUAL|VARIABLE|P0289071002|1|0|1.0|INDIVIDUAL|VARIABLE|P0289071002|1|0|1.0|INDIVIDUAL|VARIABLE|P0289071002|1|0|1.0|INDIVIDUAL|VARIABLE|P0289071002|1|0|1.0|INDIVIDUAL|VARIABLE|P0289071002|1|0|1.0|INDIVIDUAL|VARIABLE|P0289071002|1|0|1.0|INDIVIDUAL|VARIABLE|P0289071002|1|0|1.0
852,INDIVIDUAL|VARIABLE|P0210133000|1|0|1.0|INDIVIDUAL|VARIABLE|P0210133000|1|0|1.0|INDIVIDUAL|VARIABLE|P0210133000|1|0|1.0|INDIVIDUAL|VARIABLE|P0210133000|1|0|1.0|INDIVIDUAL|VARIABLE|P0210133000|1|0|1.0|INDIVIDUAL|VARIABLE|P0210133000|1|0|1.0|INDIVIDUAL|VARIABLE|P0210133000|1|0|1.0|INDIVIDUAL|VARIABLE|P0210133000|1|0|1.0|INDIVIDUAL|VARIABLE|P0210133000|1|0|1.0|INDIVIDUAL|VARIABLE|P0210133000|1|0|1.0|INDIVIDUAL|VARIABLE|P0210133000|1|0|1.0|INDIVIDUAL|VARIABLE|P0210133000|1|0|1.0|INDIVIDUAL|VARIABLE|P0210133000|1|0|1.0|INDIVIDUAL|VARIABLE|P0210133000|1|0|1.0|INDIVIDUAL|VARIABLE|P0210133000|1|0|1.0|INDIVIDUAL|VARIABLE|P0210133000|1|0|1.0|INDIVIDUAL|VARIABLE|P0210133000|1|0|1.0|INDIVIDUAL|VARIABLE|P0210133000|1|0|1.0|INDIVIDUAL|VARIABLE|P0210133000|1|0|1.0|INDIVIDUAL|VARIABLE|P0210133000|1|0|1.0|INDIVIDUAL|VARIABLE|P0210133000|1|0|1.0|INDIVIDUAL|VARIABLE|P0210133000|1|0|1.0|INDIVIDUAL|VARIABLE|P0210133000|1|0|1.0|INDIVIDUAL|VARIABLE|P0210133000|1|0|1.0|INDIVIDUAL|VARIABLE|P0210133000|1|0|1.0|INDIVIDUAL|VARIABLE|P0210133000|1|0|1.0|INDIVIDUAL|VARIABLE|P0210133000|1|0|1.0|INDIVIDUAL|VARIABLE|P0210133000|1|0|1.0|INDIVIDUAL|VARIABLE|P0210133000|1|0|1.0|INDIVIDUAL|VARIABLE|P0210133000|1|0|1.0|INDIVIDUAL|VARIABLE|P0210133000|1|0|1.0|INDIVIDUAL|VARIABLE|P0210133000|1|0|1.0|INDIVIDUAL|VARIABLE|P0210133000|1|0|1.0|INDIVIDUAL|VARIABLE|P0210133000|1|0|1.0|INDIVIDUAL|VARIABLE|P0210133000|1|0|1.0|INDIVIDUAL|VARIABLE|P0210133000|1|0|1.0|INDIVIDUAL|VARIABLE|P0210133000|1|0|1.0|INDIVIDUAL|VARIABLE|P0210133000|1|0|1.0|INDIVIDUAL|VARIABLE|P0210133000|1|0|1.0|INDIVIDUAL|VARIABLE|P0210133000|1|0|1.0|INDIVIDUAL|VARIABLE|P0210133000|1|0|1.0|INDIVIDUAL|VARIABLE|P0210133000|1|0|1.0|INDIVIDUAL|VARIABLE|P0210133000|1|0|1.0|INDIVIDUAL|VARIABLE|P0210133000|1|0|1.0|INDIVIDUAL|VARIABLE|P0210133000|1|0|1.0|INDIVIDUAL|VARIABLE|P0210133000|1|0|1.0|INDIVIDUAL|VARIABLE|P0210133000|1|0|1.0|INDIVIDUAL|VARIABLE|P0210133000|1|0|1.0|INDIVIDUAL|VARIABLE|P0210133000|1|0|1.0|INDIVIDUAL|VARIABLE|P0210133000|1|0|1.0|INDIVIDUAL|VARIABLE|P0210133000|1|0|1.0|INDIVIDUAL|VARIABLE|P0210133000|1|0|1.0|INDIVIDUAL|VARIABLE|P0210133000|1|0|1.0|INDIVIDUAL|VARIABLE|P0210133000|1|0|1.0|INDIVIDUAL|VARIABLE|P0210133000|1|0|1.0|INDIVIDUAL|VARIABLE|P0210133000|1|0|1.0|INDIVIDUAL|VARIABLE|P0210133000|1|0|1.0|INDIVIDUAL|VARIABLE|P0210133000|1|0|1.0|INDIVIDUAL|VARIABLE|P0210133000|1|0|1.0|INDIVIDUAL|VARIABLE|P0210133000|1|0|1.0|INDIVIDUAL|VARIABLE|P0210133000|1|0|1.0|INDIVIDUAL|VARIABLE|P0210133000|1|0|1.0|INDIVIDUAL|VARIABLE|P0210133000|1|0|1.0|INDIVIDUAL|VARIABLE|P0210133000|1|0|1.0|INDIVIDUAL|VARIABLE|P0210133000|1|0|1.0|INDIVIDUAL|VARIABLE|P0210133000|1|0|1.0|INDIVIDUAL|VARIABLE|P0210133000|1|0|1.0|INDIVIDUAL|VARIABLE|P0210133000|1|0|1.0|INDIVIDUAL|VARIABLE|P0210133000|1|0|1.0|INDIVIDUAL|VARIABLE|P0210133000|1|0|1.0|INDIVIDUAL|VARIABLE|P0210133000|1|0|1.0|INDIVIDUAL|VARIABLE|P0210133000|1|0|1.0|INDIVIDUAL|VARIABLE|P0210133000|1|0|1.0|INDIVIDUAL|VARIABLE|P0210133000|1|0|1.0|INDIVIDUAL|VARIABLE|P0210133000|1|0|1.0|INDIVIDUAL|VARIABLE|P0210133000|1|0|1.0|INDIVIDUAL|VARIABLE|P0210133000|1|0|1.0|INDIVIDUAL|VARIABLE|P0210133000|1|0|1.0|INDIVIDUAL|VARIABLE|P0210133000|1|0|1.0|INDIVIDUAL|VARIABLE|P0210133000|1|0|1.0|INDIVIDUAL|VARIABLE|P0210133000|1|0|1.0|INDIVIDUAL|VARIABLE|P0210133000|1|0|1.0|INDIVIDUAL|VARIABLE|P0210133000|1|0|1.0|INDIVIDUAL|VARIABLE|P0210133000|1|0|1.0|INDIVIDUAL|VARIABLE|P0210133000|1|0|1.0|INDIVIDUAL|VARIABLE|P0210133000|1|0|1.0|INDIVIDUAL|VARIABLE|P0210133000|1|0|1.0|INDIVIDUAL|VARIABLE|P0210133000|1|0|1.0|INDIVIDUAL|VARIABLE|P0210133000|1|0|1.0|INDIVIDUAL|VARIABLE|P0210133000|1|0|1.0
853,INDIVIDUAL|VARIABLE|P0408050000|1|0|1.0|INDIVIDUAL|VARIABLE|P0408050000|1|0|1.0|INDIVIDUAL|VARIABLE|P0408050000|1|0|1.0|INDIVIDUAL|VARIABLE|P0408050000|1|0|1.0|INDIVIDUAL|VARIABLE|P0408050000|1|0|1.0|INDIVIDUAL|VARIABLE|P0408050000|1|0|1.0|INDIVIDUAL|VARIABLE|P0408050000|1|0|1.0|INDIVIDUAL|VARIABLE|P0408050000|1|0|1.0|INDIVIDUAL|VARIABLE|P0408050000|1|0|1.0|INDIVIDUAL|VARIABLE|P0408050000|1|0|1.0|INDIVIDUAL|VARIABLE|P0408050000|1|0|1.0|INDIVIDUAL|VARIABLE|P0408050000|1|0|1.0|INDIVIDUAL|VARIABLE|P0408050000|1|0|1.0|INDIVIDUAL|VARIABLE|P0408050000|1|0|1.0|INDIVIDUAL|VARIABLE|P0408050000|1|0|1.0|INDIVIDUAL|VARIABLE|P0408050000|1|0|1.0|INDIVIDUAL|VARIABLE|P0408050000|1|0|1.0|INDIVIDUAL|VARIABLE|P0408050000|1|0|1.0|INDIVIDUAL|VARIABLE|P0408050000|1|0|1.0|INDIVIDUAL|VARIABLE|P0408050000|1|0|1.0|INDIVIDUAL|VARIABLE|P0408050000|1|0|1.0|INDIVIDUAL|VARIABLE|P0408050000|1|0|1.0|INDIVIDUAL|VARIABLE|P0408050000|1|0|1.0|INDIVIDUAL|VARIABLE|P0408050000|1|0|1.0|INDIVIDUAL|VARIABLE|P0408050000|1|0|1.0|INDIVIDUAL|VARIABLE|P0408050000|1|0|1.0|INDIVIDUAL|VARIABLE|P0408050000|1|0|1.0|INDIVIDUAL|VARIABLE|P0408050000|1|0|1.0|INDIVIDUAL|VARIABLE|P0408050000|1|0|1.0|INDIVIDUAL|VARIABLE|P0408050000|1|0|1.0|INDIVIDUAL|VARIABLE|P0408050000|1|0|1.0|INDIVIDUAL|VARIABLE|P0408050000|1|0|1.0|INDIVIDUAL|VARIABLE|P0408050000|1|0|1.0|INDIVIDUAL|VARIABLE|P0408050000|1|0|1.0|INDIVIDUAL|VARIABLE|P0408050000|1|0|1.0|INDIVIDUAL|VARIABLE|P0408050000|1|0|1.0|INDIVIDUAL|VARIABLE|P0408050000|1|0|1.0|INDIVIDUAL|VARIABLE|P0408050000|1|0|1.0|INDIVIDUAL|VARIABLE|P0408050000|1|0|1.0|INDIVIDUAL|VARIABLE|P0408050000|1|0|1.0|INDIVIDUAL|VARIABLE|P0408050000|1|0|1.0|INDIVIDUAL|VARIABLE|P0408050000|1|0|1.0|INDIVIDUAL|VARIABLE|P0408050000|1|0|1.0|INDIVIDUAL|VARIABLE|P0408050000|1|0|1.0|INDIVIDUAL|VARIABLE|P0408050000|1|0|1.0|INDIVIDUAL|VARIABLE|P0408050000|1|0|1.0|INDIVIDUAL|VARIABLE|P0408050000|1|0|1.0|INDIVIDUAL|VARIABLE|P0408050000|1|0|1.0|INDIVIDUAL|VARIABLE|P0408050000|1|0|1.0|INDIVIDUAL|VARIABLE|P0408050000|1|0|1.0|INDIVIDUAL|VARIABLE|P0408050000|1|0|1.0|INDIVIDUAL|VARIABLE|P0408050000|1|0|1.0|INDIVIDUAL|VARIABLE|P0408050000|1|0|1.0|INDIVIDUAL|VARIABLE|P0408050000|1|0|1.0|INDIVIDUAL|VARIABLE|P0408050000|1|0|1.0|INDIVIDUAL|VARIABLE|P0408050000|1|0|1.0|INDIVIDUAL|VARIABLE|P0408050000|1|0|1.0|INDIVIDUAL|VARIABLE|P0408050000|1|0|1.0|INDIVIDUAL|VARIABLE|P0408050000|1|0|1.0|INDIVIDUAL|VARIABLE|P0408050000|1|0|1.0|INDIVIDUAL|VARIABLE|P0408050000|1|0|1.0|INDIVIDUAL|VARIABLE|P0408050000|1|0|1.0|INDIVIDUAL|VARIABLE|P0408050000|1|0|1.0|INDIVIDUAL|VARIABLE|P0408050000|1|0|1.0|INDIVIDUAL|VARIABLE|P0408050000|1|0|1.0|INDIVIDUAL|VARIABLE|P0408050000|1|0|1.0|INDIVIDUAL|VARIABLE|P0408050000|1|0|1.0|INDIVIDUAL|VARIABLE|P0408050000|1|0|1.0|INDIVIDUAL|VARIABLE|P0408050000|1|0|1.0|INDIVIDUAL|VARIABLE|P0408050000|1|0|1.0|INDIVIDUAL|VARIABLE|P0408050000|1|0|1.0|INDIVIDUAL|VARIABLE|P0408050000|1|0|1.0|INDIVIDUAL|VARIABLE|P0408050000|1|0|1.0|INDIVIDUAL|VARIABLE|P0408050000|1|0|1.0|INDIVIDUAL|VARIABLE|P0408050000|1|0|1.0|INDIVIDUAL|VARIABLE|P0408050000|1|0|1.0|INDIVIDUAL|VARIABLE|P0408050000|1|0|1.0|INDIVIDUAL|VARIABLE|P0408050000|1|0|1.0|INDIVIDUAL|VARIABLE|P0408050000|1|0|1.0|INDIVIDUAL|VARIABLE|P0408050000|1|0|1.0|INDIVIDUAL|VARIABLE|P0408050000|1|0|1.0|INDIVIDUAL|VARIABLE|P0408050000|1|0|1.0|INDIVIDUAL|VARIABLE|P0408050000|1|0|1.0|INDIVIDUAL|VARIABLE|P0408050000|1|0|1.0|INDIVIDUAL|VARIABLE|P0408050000|1|0|1.0|INDIVIDUAL|VARIABLE|P0408050000|1|0|1.0|INDIVIDUAL|VARIABLE|P0408050000|1|0|1.0|INDIVIDUAL|VARIABLE|P0408050000|1|0|1.0|INDIVIDUAL|VARIABLE|P0408050000|1|0|1.0|INDIVIDUAL|VARIABLE|P0408050000|1|0|1.0|INDIVIDUAL|VARIABLE|P0408050000|1|0|1.0|INDIVIDUAL|VARIABLE|P0408050000|1|0|1.0|INDIVIDUAL|VARIABLE|P0408050000|1|0|1.0|INDIVIDUAL|VARIABLE|P0408050000|1|0|1.0|INDIVIDUAL|VARIABLE|P0408050000|1|0|1.0|INDIVIDUAL|VARIABLE|P0408050000|1|0|1.0|INDIVIDUAL|VARIABLE|P0408050000|1|0|1.0|INDIVIDUAL|VARIABLE|P0408050000|1|0|1.0|INDIVIDUAL|VARIABLE|P0408050000|1|0|1.0|INDIVIDUAL|VARIABLE|P0408050000|1|0|1.0|INDIVIDUAL|VARIABLE|P0408050000|1|0|1.0|INDIVIDUAL|VARIABLE|P0408050000|1|0|1.0|INDIVIDUAL|VARIABLE|P0408050000|1|0|1.0|INDIVIDUAL|VARIABLE|P0408050000|1|0|1.0|INDIVIDUAL|VARIABLE|P0408050000|1|0|1.0|INDIVIDUAL|VARIABLE|P0408050000|1|0|1.0|INDIVIDUAL|VARIABLE|P0408050000|1|0|1.0|INDIVIDUAL|VARIABLE|P0408050000|1|0|1.0|INDIVIDUAL|VARIABLE|P0408050000|1|0|1.0|INDIVIDUAL|VARIABLE|P0408050000|1|0|1.0|INDIVIDUAL|VARIABLE|P0408050000|1|0|1.0|INDIVIDUAL|VARIABLE|P0408050000|1|0|1.0|INDIVIDUAL|VARIABLE|P0408050000|1|0|1.0|INDIVIDUAL|VARIABLE|P0408050000|1|0|1.0|INDIVIDUAL|VARIABLE|P0408050000|1|0|1.0|INDIVIDUAL|VARIABLE|P0408050000|1|0|1.0|INDIVIDUAL|VARIABLE|P0408050000|1|0|1.0|INDIVIDUAL|VARIABLE|P0408050000|1|0|1.0|INDIVIDUAL|VARIABLE|P0408050000|1|0|1.0|INDIVIDUAL|VARIABLE|P0408050000|1|0|1.0|INDIVIDUAL|VARIABLE|P0408050000|1|0|1.0|INDIVIDUAL|VARIABLE|P0408050000|1|0|1.0|INDIVIDUAL|VARIABLE|P0408050000|1|0|1.0|INDIVIDUAL|VARIABLE|P0408050000|1|0|1.0|INDIVIDUAL|VARIABLE|P0408050000|1|0|1.0|INDIVIDUAL|VARIABLE|P0408050000|1|0|1.0|INDIVIDUAL|VARIABLE|P0408050000|1|0|1.0|INDIVIDUAL|VARIABLE|P0408050000|1|0|1.0|INDIVIDUAL|VARIABLE|P0408050000|1|0|1.0|INDIVIDUAL|VARIABLE|P0408050000|1|0|1.0|INDIVIDUAL|VARIABLE|P0408050000|1|0|1.0|INDIVIDUAL|VARIABLE|P0408050000|1|0|1.0|INDIVIDUAL|VARIABLE|P0408050000|1|0|1.0|INDIVIDUAL|VARIABLE|P0408050000|1|0|1.0|INDIVIDUAL|VARIABLE|P0408050000|1|0|1.0|INDIVIDUAL|VARIABLE|P0408050000|1|0|1.0|INDIVIDUAL|VARIABLE|P0408050000|1|0|1.0|INDIVIDUAL|VARIABLE|P0408050000|1|0|1.0|INDIVIDUAL|VARIABLE|P0408050000|1|0|1.0|INDIVIDUAL|VARIABLE|P0408050000|1|0|1.0|INDIVIDUAL|VARIABLE|P0408050000|1|0|1.0|INDIVIDUAL|VARIABLE|P0408050000|1|0|1.0|INDIVIDUAL|VARIABLE|P0408050000|1|0|1.0|INDIVIDUAL|VARIABLE|P0408050000|1|0|1.0|INDIVIDUAL|VARIABLE|P0408050000|1|0|1.0|INDIVIDUAL|VARIABLE|P0408050000|1|0|1.0|INDIVIDUAL|VARIABLE|P0408050000|1|0|1.0|INDIVIDUAL|VARIABLE|P0408050000|1|0|1.0|INDIVIDUAL|VARIABLE|P0408050000|1|0|1.0|INDIVIDUAL|VARIABLE|P0408050000|1|0|1.0|INDIVIDUAL|VARIABLE|P0408050000|1|0|1.0|INDIVIDUAL|VARIABLE|P0408050000|1|0|1.0|INDIVIDUAL|VARIABLE|P0408050000|1|0|1.0|INDIVIDUAL|VARIABLE|P0408050000|1|0|1.0|INDIVIDUAL|VARIABLE|P0408050000|1|0|1.0|INDIVIDUAL|VARIABLE|P0408050000|1|0|1.0|INDIVIDUAL|VARIABLE|P0408050000|1|0|1.0|INDIVIDUAL|VARIABLE|P0408050000|1|0|1.0|INDIVIDUAL|VARIABLE|P0408050000|1|0|1.0|INDIVIDUAL|VARIABLE|P0408050000|1|0|1.0|INDIVIDUAL|VARIABLE|P0408050000|1|0|1.0|INDIVIDUAL|VARIABLE|P0408050000|1|0|1.0|INDIVIDUAL|VARIABLE|P0408050000|1|0|1.0|INDIVIDUAL|VARIABLE|P0408050000|1|0|1.0|INDIVIDUAL|VARIABLE|P0408050000|1|0|1.0|INDIVIDUAL|VARIABLE|P0408050000|1|0|1.0|INDIVIDUAL|VARIABLE|P0408050000|1|0|1.0|INDIVIDUAL|VARIABLE|P0408050000|1|0|1.0|INDIVIDUAL|VARIABLE|P0408050000|1|0|1.0|INDIVIDUAL|VARIABLE|P0408050000|1|0|1.0|INDIVIDUAL|VARIABLE|P0408050000|1|0|1.0|INDIVIDUAL|VARIABLE|P0408050000|1|0|1.0|INDIVIDUAL|VARIABLE|P0408050000|1|0|1.0|INDIVIDUAL|VARIABLE|P0408050000|1|0|1.0|INDIVIDUAL|VARIABLE|P0408050000|1|0|1.0|INDIVIDUAL|VARIABLE|P0408050000|1|0|1.0|INDIVIDUAL|VARIABLE|P0408050000|1|0|1.0|INDIVIDUAL|VARIABLE|P0408050000|1|0|1.0|INDIVIDUAL|VARIABLE|P0408050000|1|0|1.0|INDIVIDUAL|VARIABLE|P0408050000|1|0|1.0|INDIVIDUAL|VARIABLE|P0408050000|1|0|1.0|INDIVIDUAL|VARIABLE|P0408050000|1|0|1.0|INDIVIDUAL|VARIABLE|P0408050000|1|0|1.0|INDIVIDUAL|VARIABLE|P0408050000|1|0|1.0|INDIVIDUAL|VARIABLE|P0408050000|1|0|1.0|INDIVIDUAL|VARIABLE|P0408050000|1|0|1.0|INDIVIDUAL|VARIABLE|P0408050000|1|0|1.0|INDIVIDUAL|VARIABLE|P0408050000|1|0|1.0|INDIVIDUAL|VARIABLE|P0408050000|1|0|1.0|INDIVIDUAL|VARIABLE|P0408050000|1|0|1.0|INDIVIDUAL|VARIABLE|P0408050000|1|0|1.0|INDIVIDUAL|VARIABLE|P0408050000|1|0|1.0|INDIVIDUAL|VARIABLE|P0408050000|1|0|1.0|INDIVIDUAL|VARIABLE|P0408050000|1|0|1.0|INDIVIDUAL|VARIABLE|P0408050000|1|0|1.0|INDIVIDUAL|VARIABLE|P0408050000|1|0|1.0|INDIVIDUAL|VARIABLE|P0408050000|1|0|1.0|INDIVIDUAL|VARIABLE|P0408050000|1|0|1.0|INDIVIDUAL|VARIABLE|P0408050000|1|0|1.0|INDIVIDUAL|VARIABLE|P0408050000|1|0|1.0|INDIVIDUAL|VARIABLE|P0408050000|1|0|1.0|INDIVIDUAL|VARIABLE|P0408050000|1|0|1.0|INDIVIDUAL|VARIABLE|P0408050000|1|0|1.0|INDIVIDUAL|VARIABLE|P0408050000|1|0|1.0|INDIVIDUAL|VARIABLE|P0408050000|1|0|1.0|INDIVIDUAL|VARIABLE|P0408050000|1|0|1.0|INDIVIDUAL|VARIABLE|P0408050000|1|0|1.0|INDIVIDUAL|VARIABLE|P0408050000|1|0|1.0|INDIVIDUAL|VARIABLE|P0408050000|1|0|1.0|INDIVIDUAL|VARIABLE|P0408050000|1|0|1.0|INDIVIDUAL|VARIABLE|P0408050000|1|0|1.0|INDIVIDUAL|VARIABLE|P0408050000|1|0|1.0|INDIVIDUAL|VARIABLE|P0408050000|1|0|1.0|INDIVIDUAL|VARIABLE|P0408050000|1|0|1.0|INDIVIDUAL|VARIABLE|P0408050000|1|0|1.0|INDIVIDUAL|VARIABLE|P0408050000|1|0|1.0|INDIVIDUAL|VARIABLE|P0408050000|1|0|1.0|INDIVIDUAL|VARIABLE|P0408050000|1|0|1.0|INDIVIDUAL|VARIABLE|P0408050000|1|0|1.0|INDIVIDUAL|VARIABLE|P0408050000|1|0|1.0|INDIVIDUAL|VARIABLE|P0408050000|1|0|1.0|INDIVIDUAL|VARIABLE|P0408050000|1|0|1.0|INDIVIDUAL|VARIABLE|P0408050000|1|0|1.0|INDIVIDUAL|VARIABLE|P0408050000|1|0|1.0|INDIVIDUAL|VARIABLE|P0408050000|1|0|1.0|INDIVIDUAL|VARIABLE|P0408050000|1|0|1.0|INDIVIDUAL|VARIABLE|P0408050000|1|0|1.0|INDIVIDUAL|VARIABLE|P0408050000|1|0|1.0|INDIVIDUAL|VARIABLE|P0408050000|1|0|1.0|INDIVIDUAL|VARIABLE|P0408050000|1|0|1.0|INDIVIDUAL|VARIABLE|P0408050000|1|0|1.0|INDIVIDUAL|VARIABLE|P0408050000|1|0|1.0|INDIVIDUAL|VARIABLE|P0408050000|1|0|1.0|INDIVIDUAL|VARIABLE|P0408050000|1|0|1.0|INDIVIDUAL|VARIABLE|P0408050000|1|0|1.0|INDIVIDUAL|VARIABLE|P0408050000|1|0|1.0|INDIVIDUAL|VARIABLE|P0408050000|1|0|1.0|INDIVIDUAL|VARIABLE|P0408050000|1|0|1.0|INDIVIDUAL|VARIABLE|P0408050000|1|0|1.0|INDIVIDUAL|VARIABLE|P0408050000|1|0|1.0|INDIVIDUAL|VARIABLE|P0408050000|1|0|1.0|INDIVIDUAL|VARIABLE|P0408050000|1|0|1.0|INDIVIDUAL|VARIABLE|P0408050000|1|0|1.0|INDIVIDUAL|VARIABLE|P0408050000|1|0|1.0|INDIVIDUAL|VARIABLE|P0408050000|1|0|1.0|INDIVIDUAL|VARIABLE|P0408050000|1|0|1.0|INDIVIDUAL|VARIABLE|P0408050000|1|0|1.0|INDIVIDUAL|VARIABLE|P0408050000|1|0|1.0|INDIVIDUAL|VARIABLE|P0408050000|1|0|1.0|INDIVIDUAL|VARIABLE|P0408050000|1|0|1.0|INDIVIDUAL|VARIABLE|P0408050000|1|0|1.0|INDIVIDUAL|VARIABLE|P0408050000|1|0|1.0|INDIVIDUAL|VARIABLE|P0408050000|1|0|1.0|INDIVIDUAL|VARIABLE|P0408050000|1|0|1.0|INDIVIDUAL|VARIABLE|P0408050000|1|0|1.0|INDIVIDUAL|VARIABLE|P0408050000|1|0|1.0|INDIVIDUAL|VARIABLE|P0408050000|1|0|1.0|INDIVIDUAL|VARIABLE|P0408050000|1|0|1.0|INDIVIDUAL|VARIABLE|P0408050000|1|0|1.0|INDIVIDUAL|VARIABLE|P0408050000|1|0|1.0|INDIVIDUAL|VARIABLE|P0408050000|1|0|1.0|INDIVIDUAL|VARIABLE|P0408050000|1|0|1.0|INDIVIDUAL|VARIABLE|P0408050000|1|0|1.0|INDIVIDUAL|VARIABLE|P0408050000|1|0|1.0|INDIVIDUAL|VARIABLE|P0408050000|1|0|1.0|INDIVIDUAL|VARIABLE|P0408050000|1|0|1.0|INDIVIDUAL|VARIABLE|P0408050000|1|0|1.0|INDIVIDUAL|VARIABLE|P0408050000|1|0|1.0|INDIVIDUAL|VARIABLE|P0408050000|1|0|1.0|INDIVIDUAL|VARIABLE|P0408050000|1|0|1.0|INDIVIDUAL|VARIABLE|P0408050000|1|0|1.0|INDIVIDUAL|VARIABLE|P0408050000|1|0|1.0|INDIVIDUAL|VARIABLE|P0408050000|1|0|1.0|INDIVIDUAL|VARIABLE|P0408050000|1|0|1.0|INDIVIDUAL|VARIABLE|P0408050000|1|0|1.0|INDIVIDUAL|VARIABLE|P0408050000|1|0|1.0|INDIVIDUAL|VARIABLE|P0408050000|1|0|1.0|INDIVIDUAL|VARIABLE|P0408050000|1|0|1.0|INDIVIDUAL|VARIABLE|P0408050000|1|0|1.0|INDIVIDUAL|VARIABLE|P0408050000|1|0|1.0|INDIVIDUAL|VARIABLE|P0408050000|1|0|1.0|INDIVIDUAL|VARIABLE|P0408050000|1|0|1.0|INDIVIDUAL|VARIABLE|P0408050000|1|0|1.0|INDIVIDUAL|VARIABLE|P0408050000|1|0|1.0|INDIVIDUAL|VARIABLE|P0408050000|1|0|1.0|INDIVIDUAL|VARIABLE|P0408050000|1|0|1.0|INDIVIDUAL|VARIABLE|P0408050000|1|0|1.0|INDIVIDUAL|VARIABLE|P0408050000|1|0|1.0|INDIVIDUAL|VARIABLE|P0408050000|1|0|1.0|INDIVIDUAL|VARIABLE|P0408050000|1|0|1.0|INDIVIDUAL|VARIABLE|P0408050000|1|0|1.0|INDIVIDUAL|VARIABLE|P0408050000|1|0|1.0|INDIVIDUAL|VARIABLE|P0408050000|1|0|1.0|INDIVIDUAL|VARIABLE|P0408050000|1|0|1.0|INDIVIDUAL|VARIABLE|P0408050000|1|0|1.0|INDIVIDUAL|VARIABLE|P0408050000|1|0|1.0
854,INDIVIDUAL|VARIABLE|P0408051007|1|0|1.0|INDIVIDUAL|VARIABLE|P0408051007|1|0|1.0|INDIVIDUAL|VARIABLE|P0408051007|1|0|1.0|INDIVIDUAL|VARIABLE|P0408051007|1|0|1.0|INDIVIDUAL|VARIABLE|P0408051007|1|0|1.0|INDIVIDUAL|VARIABLE|P0408051007|1|0|1.0|INDIVIDUAL|VARIABLE|P0408051007|1|0|1.0|INDIVIDUAL|VARIABLE|P0408051007|1|0|1.0|INDIVIDUAL|VARIABLE|P0408051007|1|0|1.0|INDIVIDUAL|VARIABLE|P0408051007|1|0|1.0|INDIVIDUAL|VARIABLE|P0408051007|1|0|1.0|INDIVIDUAL|VARIABLE|P0408051007|1|0|1.0|INDIVIDUAL|VARIABLE|P0408051007|1|0|1.0|INDIVIDUAL|VARIABLE|P0408051007|1|0|1.0|INDIVIDUAL|VARIABLE|P0408051007|1|0|1.0|INDIVIDUAL|VARIABLE|P0408051007|1|0|1.0|INDIVIDUAL|VARIABLE|P0408051007|1|0|1.0|INDIVIDUAL|VARIABLE|P0408051007|1|0|1.0|INDIVIDUAL|VARIABLE|P0408051007|1|0|1.0|INDIVIDUAL|VARIABLE|P0408051007|1|0|1.0|INDIVIDUAL|VARIABLE|P0408051007|1|0|1.0|INDIVIDUAL|VARIABLE|P0408051007|1|0|1.0|INDIVIDUAL|VARIABLE|P0408051007|1|0|1.0|INDIVIDUAL|VARIABLE|P0408051007|1|0|1.0|INDIVIDUAL|VARIABLE|P0408051007|1|0|1.0|INDIVIDUAL|VARIABLE|P0408051007|1|0|1.0|INDIVIDUAL|VARIABLE|P0408051007|1|0|1.0|INDIVIDUAL|VARIABLE|P0408051007|1|0|1.0|INDIVIDUAL|VARIABLE|P0408051007|1|0|1.0|INDIVIDUAL|VARIABLE|P0408051007|1|0|1.0|INDIVIDUAL|VARIABLE|P0408051007|1|0|1.0|INDIVIDUAL|VARIABLE|P0408051007|1|0|1.0|INDIVIDUAL|VARIABLE|P0408051007|1|0|1.0|INDIVIDUAL|VARIABLE|P0408051007|1|0|1.0|INDIVIDUAL|VARIABLE|P0408051007|1|0|1.0|INDIVIDUAL|VARIABLE|P0408051007|1|0|1.0|INDIVIDUAL|VARIABLE|P0408051007|1|0|1.0|INDIVIDUAL|VARIABLE|P0408051007|1|0|1.0|INDIVIDUAL|VARIABLE|P0408051007|1|0|1.0|INDIVIDUAL|VARIABLE|P0408051007|1|0|1.0|INDIVIDUAL|VARIABLE|P0408051007|1|0|1.0|INDIVIDUAL|VARIABLE|P0408051007|1|0|1.0|INDIVIDUAL|VARIABLE|P0408051007|1|0|1.0|INDIVIDUAL|VARIABLE|P0408051007|1|0|1.0|INDIVIDUAL|VARIABLE|P0408051007|1|0|1.0|INDIVIDUAL|VARIABLE|P0408051007|1|0|1.0|INDIVIDUAL|VARIABLE|P0408051007|1|0|1.0|INDIVIDUAL|VARIABLE|P0408051007|1|0|1.0|INDIVIDUAL|VARIABLE|P0408051007|1|0|1.0|INDIVIDUAL|VARIABLE|P0408051007|1|0|1.0|INDIVIDUAL|VARIABLE|P0408051007|1|0|1.0|INDIVIDUAL|VARIABLE|P0408051007|1|0|1.0|INDIVIDUAL|VARIABLE|P0408051007|1|0|1.0|INDIVIDUAL|VARIABLE|P0408051007|1|0|1.0|INDIVIDUAL|VARIABLE|P0408051007|1|0|1.0|INDIVIDUAL|VARIABLE|P0408051007|1|0|1.0|INDIVIDUAL|VARIABLE|P0408051007|1|0|1.0|INDIVIDUAL|VARIABLE|P0408051007|1|0|1.0|INDIVIDUAL|VARIABLE|P0408051007|1|0|1.0|INDIVIDUAL|VARIABLE|P0408051007|1|0|1.0|INDIVIDUAL|VARIABLE|P0408051007|1|0|1.0|INDIVIDUAL|VARIABLE|P0408051007|1|0|1.0|INDIVIDUAL|VARIABLE|P0408051007|1|0|1.0|INDIVIDUAL|VARIABLE|P0408051007|1|0|1.0|INDIVIDUAL|VARIABLE|P0408051007|1|0|1.0|INDIVIDUAL|VARIABLE|P0408051007|1|0|1.0|INDIVIDUAL|VARIABLE|P0408051007|1|0|1.0|INDIVIDUAL|VARIABLE|P0408051007|1|0|1.0|INDIVIDUAL|VARIABLE|P0408051007|1|0|1.0|INDIVIDUAL|VARIABLE|P0408051007|1|0|1.0|INDIVIDUAL|VARIABLE|P0408051007|1|0|1.0|INDIVIDUAL|VARIABLE|P0408051007|1|0|1.0|INDIVIDUAL|VARIABLE|P0408051007|1|0|1.0|INDIVIDUAL|VARIABLE|P0408051007|1|0|1.0|INDIVIDUAL|VARIABLE|P0408051007|1|0|1.0|INDIVIDUAL|VARIABLE|P0408051007|1|0|1.0|INDIVIDUAL|VARIABLE|P0408051007|1|0|1.0|INDIVIDUAL|VARIABLE|P0408051007|1|0|1.0|INDIVIDUAL|VARIABLE|P0408051007|1|0|1.0|INDIVIDUAL|VARIABLE|P0408051007|1|0|1.0|INDIVIDUAL|VARIABLE|P0408051007|1|0|1.0|INDIVIDUAL|VARIABLE|P0408051007|1|0|1.0|INDIVIDUAL|VARIABLE|P0408051007|1|0|1.0|INDIVIDUAL|VARIABLE|P0408051007|1|0|1.0|INDIVIDUAL|VARIABLE|P0408051007|1|0|1.0|INDIVIDUAL|VARIABLE|P0408051007|1|0|1.0|INDIVIDUAL|VARIABLE|P0408051007|1|0|1.0|INDIVIDUAL|VARIABLE|P0408051007|1|0|1.0|INDIVIDUAL|VARIABLE|P0408051007|1|0|1.0|INDIVIDUAL|VARIABLE|P0408051007|1|0|1.0|INDIVIDUAL|VARIABLE|P0408051007|1|0|1.0|INDIVIDUAL|VARIABLE|P0408051007|1|0|1.0|INDIVIDUAL|VARIABLE|P0408051007|1|0|1.0|INDIVIDUAL|VARIABLE|P0408051007|1|0|1.0|INDIVIDUAL|VARIABLE|P0408051007|1|0|1.0|INDIVIDUAL|VARIABLE|P0408051007|1|0|1.0|INDIVIDUAL|VARIABLE|P0408051007|1|0|1.0|INDIVIDUAL|VARIABLE|P0408051007|1|0|1.0|INDIVIDUAL|VARIABLE|P0408051007|1|0|1.0
855,INDIVIDUAL|VARIABLE|P0280076000|1|0|1.0|INDIVIDUAL|VARIABLE|P0280076000|1|0|1.0|INDIVIDUAL|VARIABLE|P0280076000|1|0|1.0|INDIVIDUAL|VARIABLE|P0280076000|1|0|1.0|INDIVIDUAL|VARIABLE|P0280076000|1|0|1.0|INDIVIDUAL|VARIABLE|P0280076000|1|0|1.0|INDIVIDUAL|VARIABLE|P0280076000|1|0|1.0|INDIVIDUAL|VARIABLE|P0280076000|1|0|1.0|INDIVIDUAL|VARIABLE|P0280076000|1|0|1.0|INDIVIDUAL|VARIABLE|P0280076000|1|0|1.0|INDIVIDUAL|VARIABLE|P0280076000|1|0|1.0|INDIVIDUAL|VARIABLE|P0280076000|1|0|1.0|INDIVIDUAL|VARIABLE|P0280076000|1|0|1.0|INDIVIDUAL|VARIABLE|P0280076000|1|0|1.0|INDIVIDUAL|VARIABLE|P0280076000|1|0|1.0|INDIVIDUAL|VARIABLE|P0280076000|1|0|1.0|INDIVIDUAL|VARIABLE|P0280076000|1|0|1.0|INDIVIDUAL|VARIABLE|P0280076000|1|0|1.0|INDIVIDUAL|VARIABLE|P0280076000|1|0|1.0|INDIVIDUAL|VARIABLE|P0280076000|1|0|1.0|INDIVIDUAL|VARIABLE|P0280076000|1|0|1.0|INDIVIDUAL|VARIABLE|P0280076000|1|0|1.0|INDIVIDUAL|VARIABLE|P0280076000|1|0|1.0|INDIVIDUAL|VARIABLE|P0280076000|1|0|1.0|INDIVIDUAL|VARIABLE|P0280076000|1|0|1.0|INDIVIDUAL|VARIABLE|P0280076000|1|0|1.0|INDIVIDUAL|VARIABLE|P0280076000|1|0|1.0|INDIVIDUAL|VARIABLE|P0280076000|1|0|1.0|INDIVIDUAL|VARIABLE|P0280076000|1|0|1.0|INDIVIDUAL|VARIABLE|P0280076000|1|0|1.0|INDIVIDUAL|VARIABLE|P0280076000|1|0|1.0|INDIVIDUAL|VARIABLE|P0280076000|1|0|1.0|INDIVIDUAL|VARIABLE|P0280076000|1|0|1.0|INDIVIDUAL|VARIABLE|P0280076000|1|0|1.0|INDIVIDUAL|VARIABLE|P0280076000|1|0|1.0|INDIVIDUAL|VARIABLE|P0280076000|1|0|1.0|INDIVIDUAL|VARIABLE|P0280076000|1|0|1.0|INDIVIDUAL|VARIABLE|P0280076000|1|0|1.0|INDIVIDUAL|VARIABLE|P0280076000|1|0|1.0|INDIVIDUAL|VARIABLE|P0280076000|1|0|1.0|INDIVIDUAL|VARIABLE|P0280076000|1|0|1.0|INDIVIDUAL|VARIABLE|P0280076000|1|0|1.0|INDIVIDUAL|VARIABLE|P0280076000|1|0|1.0|INDIVIDUAL|VARIABLE|P0280076000|1|0|1.0|INDIVIDUAL|VARIABLE|P0280076000|1|0|1.0|INDIVIDUAL|VARIABLE|P0280076000|1|0|1.0|INDIVIDUAL|VARIABLE|P0280076000|1|0|1.0|INDIVIDUAL|VARIABLE|P0280076000|1|0|1.0|INDIVIDUAL|VARIABLE|P0280076000|1|0|1.0|INDIVIDUAL|VARIABLE|P0280076000|1|0|1.0|INDIVIDUAL|VARIABLE|P0280076000|1|0|1.0|INDIVIDUAL|VARIABLE|P0280076000|1|0|1.0|INDIVIDUAL|VARIABLE|P0280076000|1|0|1.0|INDIVIDUAL|VARIABLE|P0280076000|1|0|1.0|INDIVIDUAL|VARIABLE|P0280076000|1|0|1.0|INDIVIDUAL|VARIABLE|P0280076000|1|0|1.0|INDIVIDUAL|VARIABLE|P0280076000|1|0|1.0|INDIVIDUAL|VARIABLE|P0280076000|1|0|1.0|INDIVIDUAL|VARIABLE|P0280076000|1|0|1.0|INDIVIDUAL|VARIABLE|P0280076000|1|0|1.0|INDIVIDUAL|VARIABLE|P0280076000|1|0|1.0|INDIVIDUAL|VARIABLE|P0280076000|1|0|1.0|INDIVIDUAL|VARIABLE|P0280076000|1|0|1.0|INDIVIDUAL|VARIABLE|P0280076000|1|0|1.0|INDIVIDUAL|VARIABLE|P0280076000|1|0|1.0|INDIVIDUAL|VARIABLE|P0280076000|1|0|1.0|INDIVIDUAL|VARIABLE|P0280076000|1|0|1.0|INDIVIDUAL|VARIABLE|P0280076000|1|0|1.0|INDIVIDUAL|VARIABLE|P0280076000|1|0|1.0|INDIVIDUAL|VARIABLE|P0280076000|1|0|1.0|INDIVIDUAL|VARIABLE|P0280076000|1|0|1.0|INDIVIDUAL|VARIABLE|P0280076000|1|0|1.0|INDIVIDUAL|VARIABLE|P0280076000|1|0|1.0|INDIVIDUAL|VARIABLE|P0280076000|1|0|1.0|INDIVIDUAL|VARIABLE|P0280076000|1|0|1.0|INDIVIDUAL|VARIABLE|P0280076000|1|0|1.0|INDIVIDUAL|VARIABLE|P0280076000|1|0|1.0
856,SET FIJO|FIJO|P0261052003|0|0|1.0|SET FIJO|FIJO|P0261052003|0|0|1.0|SET FIJO|FIJO|P0261052003|0|0|1.0|SET FIJO|FIJO|P0261052003|0|0|1.0|SET FIJO|FIJO|P0261052003|0|0|1.0|SET FIJO|FIJO|P0261052003|0|0|1.0|SET FIJO|FIJO|P0261052003|0|0|1.0|SET FIJO|FIJO|P0261052003|0|0|1.0|SET FIJO|FIJO|P0261052003|0|0|1.0|SET FIJO|FIJO|200050979|1|0|1.0|SET FIJO|FIJO|200050979|1|0|1.0|SET FIJO|FIJO|200050979|1|0|1.0|SET FIJO|FIJO|200050979|1|0|1.0|SET FIJO|FIJO|200050979|1|0|1.0|SET FIJO|FIJO|200050979|1|0|1.0|SET FIJO|FIJO|200051086|0|0|1.0|SET FIJO|FIJO|200051086|0|0|1.0|SET FIJO|FIJO|200051086|0|0|1.0|SET FIJO|FIJO|200051086|0|0|1.0|SET FIJO|FIJO|200051086|0|0|1.0|SET FIJO|FIJO|200051086|0|0|1.0|SET FIJO|FIJO|200051086|0|0|1.0|SET FIJO|FIJO|200051086|0|0|1.0|SET FIJO|FIJO|200051086|0|0|1.0|SET FIJO|FIJO|200051086|0|0|1.0|SET FIJO|FIJO|200051086|0|0|1.0|SET FIJO|FIJO|200051086|0|0|1.0|SET FIJO|FIJO|200051086|0|0|1.0|SET FIJO|FIJO|P0261052003|0|0|1.0|SET FIJO|FIJO|200050979|1|0|1.0|SET FIJO|FIJO|200050979|1|0|1.0|SET FIJO|FIJO|200050979|1|0|1.0|SET FIJO|FIJO|200050979|1|0|1.0|SET FIJO|FIJO|200050979|1|0|1.0|SET FIJO|FIJO|210097810|0|0|1.0|SET FIJO|FIJO|200051086|0|0|1.0|SET FIJO|FIJO|200050979|1|0|1.0|SET FIJO|FIJO|210097810|0|0|1.0|SET FIJO|FIJO|210097810|0|0|1.0|SET FIJO|FIJO|210097810|0|0|1.0|SET FIJO|FIJO|210097810|0|0|1.0|SET FIJO|FIJO|210097810|0|0|1.0|SET FIJO|FIJO|210097810|0|0|1.0|SET FIJO|FIJO|200050979|1|0|1.0|SET FIJO|FIJO|210097810|0|0|1.0|SET FIJO|FIJO|210097810|0|0|1.0|SET FIJO|FIJO|210097810|0|0|1.0|SET FIJO|FIJO|210097810|0|0|1.0
857,SET FIJO|FIJO|200111319|1|0|1.0|SET FIJO|FIJO|200111319|1|0|1.0|SET FIJO|FIJO|200111319|1|0|1.0|SET FIJO|FIJO|200111319|1|0|1.0|SET FIJO|FIJO|200111319|1|0|1.0|SET FIJO|FIJO|200111319|1|0|1.0|SET FIJO|FIJO|200116338|0|0|1.0|SET FIJO|FIJO|200116338|0|0|1.0|SET FIJO|FIJO|200116338|0|0|1.0|SET FIJO|FIJO|200116338|0|0|1.0|SET FIJO|FIJO|200116338|0|0|1.0|SET FIJO|FIJO|200116338|0|0|1.0|SET FIJO|FIJO|200116338|0|0|1.0|SET FIJO|FIJO|200116338|0|0|1.0|SET FIJO|FIJO|200116338|0|0|1.0|SET FIJO|FIJO|200116338|0|0|1.0|SET FIJO|FIJO|200111319|1|0|1.0|SET FIJO|FIJO|200111319|1|0|1.0|SET FIJO|FIJO|200111319|1|0|1.0|SET FIJO|FIJO|200111319|1|0|1.0|SET FIJO|FIJO|200111319|1|0|1.0|SET FIJO|FIJO|200111319|1|0|1.0|SET FIJO|FIJO|200111319|1|0|1.0|SET FIJO|FIJO|200116338|0|0|1.0|SET FIJO|FIJO|200116338|0|0|1.0|SET FIJO|FIJO|200116338|0|0|1.0
858,SET FIJO|FIJO|200111130|0|0|1.0|SET FIJO|FIJO|200116502|1|0|1.0|SET FIJO|FIJO|200116502|1|0|1.0|SET FIJO|FIJO|200116502|1|0|1.0|SET FIJO|FIJO|200116502|1|0|1.0|SET FIJO|FIJO|200116502|1|0|1.0|SET FIJO|FIJO|200111130|0|0|1.0|SET FIJO|FIJO|200111130|0|0|1.0|SET FIJO|FIJO|200111130|0|0|1.0|SET FIJO|FIJO|200111130|0|0|1.0|SET FIJO|FIJO|200111130|0|0|1.0|SET FIJO|FIJO|200111130|0|0|1.0|SET FIJO|FIJO|200012014|0|0|1.0|SET FIJO|FIJO|200012014|0|0|1.0|SET FIJO|FIJO|200012014|0|0|1.0|SET FIJO|FIJO|200111130|0|0|1.0|SET FIJO|FIJO|200111130|0|0|1.0|SET FIJO|FIJO|200012014|0|0|1.0|SET FIJO|FIJO|200012014|0|0|1.0|SET FIJO|FIJO|200111130|0|0|1.0|SET FIJO|FIJO|200012014|0|0|1.0|SET FIJO|FIJO|200012014|0|0|1.0|SET FIJO|FIJO|200012014|0|0|1.0|SET FIJO|FIJO|200012014|0|0|1.0|SET FIJO|FIJO|200116502|1|0|1.0|SET FIJO|FIJO|200012014|0|0|1.0|SET FIJO|FIJO|200012014|0|0|1.0|SET FIJO|FIJO|200116502|1|0|1.0|SET FIJO|FIJO|200116502|1|0|1.0|SET FIJO|FIJO|200116502|1|0|1.0|SET FIJO|FIJO|200111130|0|0|1.0|SET FIJO|FIJO|200116502|1|0|1.0|SET FIJO|FIJO|200116502|1|0|1.0
859,SET FIJO|FIJO|200109875|1|0|1.0|SET FIJO|FIJO|200109875|1|0|1.0|SET FIJO|FIJO|200109875|1|0|1.0|SET FIJO|FIJO|200109875|1|0|1.0|SET FIJO|FIJO|200109875|1|0|1.0|SET FIJO|FIJO|200109875|1|0|1.0|SET FIJO|FIJO|200109875|1|0|1.0|SET FIJO|FIJO|200109875|1|0|1.0|SET FIJO|FIJO|200051249|0|0|1.0|SET FIJO|FIJO|200109875|1|0|1.0|SET FIJO|FIJO|200051249|0|0|1.0|SET FIJO|FIJO|200051249|0|0|1.0|SET FIJO|FIJO|200051249|0|0|1.0|SET FIJO|FIJO|200051249|0|0|1.0|SET FIJO|FIJO|200051249|0|0|1.0|SET FIJO|FIJO|200051249|0|0|1.0|SET FIJO|FIJO|200109875|1|0|1.0|SET FIJO|FIJO|200109875|1|0|1.0|SET FIJO|FIJO|200109875|1|0|1.0|SET FIJO|FIJO|200109875|1|0|1.0|SET FIJO|FIJO|200051249|0|0|1.0|SET FIJO|FIJO|200051249|0|0|1.0|SET FIJO|FIJO|200051249|0|0|1.0|SET FIJO|FIJO|200051249|0|0|1.0|SET FIJO|FIJO|200051249|0|0|1.0|SET FIJO|FIJO|200051249|0|0|1.0
860,SET FIJO|FIJO|200050979|1|0|1.0|SET FIJO|FIJO|200050979|1|0|1.0|SET FIJO|FIJO|200109874|0|0|1.0|SET FIJO|FIJO|200109874|0|0|1.0|SET FIJO|FIJO|200109874|0|0|1.0|SET FIJO|FIJO|200109874|0|0|1.0|SET FIJO|FIJO|200109874|0|0|1.0|SET FIJO|FIJO|200109874|0|0|1.0|SET FIJO|FIJO|200109874|0|0|1.0|SET FIJO|FIJO|200050979|1|0|1.0|SET FIJO|FIJO|200012014|0|0|1.0|SET FIJO|FIJO|200012014|0|0|1.0|SET FIJO|FIJO|200012014|0|0|1.0|SET FIJO|FIJO|200050979|1|0|1.0|SET FIJO|FIJO|200050979|1|0|1.0|SET FIJO|FIJO|200050979|1|0|1.0|SET FIJO|FIJO|200050979|1|0|1.0|SET FIJO|FIJO|200012014|0|0|1.0|SET FIJO|FIJO|200012014|0|0|1.0|SET FIJO|FIJO|200050979|1|0|1.0|SET FIJO|FIJO|200050979|1|0|1.0|SET FIJO|FIJO|200012014|0|0|1.0|SET FIJO|FIJO|200109874|0|0|1.0|SET FIJO|FIJO|200109874|0|0|1.0|SET FIJO|FIJO|200050979|1|0|1.0|SET FIJO|FIJO|200109874|0|0|1.0|SET FIJO|FIJO|200012014|0|0|1.0|SET FIJO|FIJO|200012014|0|0|1.0|SET FIJO|FIJO|200012014|0|0|1.0|SET FIJO|FIJO|200050979|1|0|1.0|SET FIJO|FIJO|200109874|0|0|1.0|SET FIJO|FIJO|200109874|0|0|1.0|SET FIJO|FIJO|200050979|1|0|1.0|SET FIJO|FIJO|200050979|1|0|1.0|SET FIJO|FIJO|200012014|0|0|1.0|SET FIJO|FIJO|200012014|0|0|1.0|SET FIJO|FIJO|200050979|1|0|1.0
861,SET FIJO|FIJO|200056740|1|0|1.0|SET FIJO|FIJO|200056741|0|0|1.0|SET FIJO|FIJO|200056740|1|0|1.0|SET FIJO|FIJO|200056740|1|0|1.0|SET FIJO|FIJO|200056740|1|0|1.0|SET FIJO|FIJO|200056740|1|0|1.0|SET FIJO|FIJO|200056740|1|0|1.0|SET FIJO|FIJO|200056741|0|0|1.0|SET FIJO|FIJO|200056740|1|0|1.0|SET FIJO|FIJO|200056740|1|0|1.0|SET FIJO|FIJO|200056741|0|0|1.0|SET FIJO|FIJO|200056740|1|0|1.0|SET FIJO|FIJO|200056741|0|0|1.0|SET FIJO|FIJO|200056741|0|0|1.0|SET FIJO|FIJO|200056740|1|0|1.0|SET FIJO|FIJO|200056741|0|0|1.0|SET FIJO|FIJO|200056741|0|0|1.0|SET FIJO|FIJO|200056741|0|0|1.0|SET FIJO|FIJO|200056741|0|0|1.0|SET FIJO|FIJO|200056741|0|0|1.0|SET FIJO|FIJO|200056740|1|0|1.0|SET FIJO|FIJO|200056741|0|0|1.0|SET FIJO|FIJO|200056740|1|0|1.0|SET FIJO|FIJO|200056741|0|0|1.0
862,SET FIJO|FIJO|200050957|1|0|1.0|SET FIJO|FIJO|200050957|1|0|1.0|SET FIJO|FIJO|200050957|1|0|1.0|SET FIJO|FIJO|200050957|1|0|1.0|SET FIJO|FIJO|200050957|1|0|1.0|SET FIJO|FIJO|200051086|0|0|1.0|SET FIJO|FIJO|200051086|0|0|1.0|SET FIJO|FIJO|200051086|0|0|1.0|SET FIJO|FIJO|200051086|0|0|1.0|SET FIJO|FIJO|200051086|0|0|1.0|SET FIJO|FIJO|200051086|0|0|1.0|SET FIJO|FIJO|200051086|0|0|1.0|SET FIJO|FIJO|200051086|0|0|1.0|SET FIJO|FIJO|200051086|0|0|1.0|SET FIJO|FIJO|200051086|0|0|1.0|SET FIJO|FIJO|200051086|0|0|1.0|SET FIJO|FIJO|200051086|0|0|1.0|SET FIJO|FIJO|200051086|0|0|1.0|SET FIJO|FIJO|200051086|0|0|1.0|SET FIJO|FIJO|200050957|1|0|1.0|SET FIJO|FIJO|200050957|1|0|1.0|SET FIJO|FIJO|200050957|1|0|1.0|SET FIJO|FIJO|200050957|1|0|1.0|SET FIJO|FIJO|200050957|1|0|1.0|SET FIJO|FIJO|200050957|1|0|1.0|SET FIJO|FIJO|200050957|1|0|1.0|SET FIJO|FIJO|200050957|1|0|1.0|SET FIJO|FIJO|200050957|1|0|1.0
863,SET FIJO|FIJO|200029044|0|0|1.0|SET FIJO|FIJO|200088458|0|0|1.0|SET FIJO|FIJO|200029044|0|0|1.0|SET FIJO|FIJO|200088458|0|0|1.0|SET FIJO|FIJO|200088458|0|0|1.0|SET FIJO|FIJO|200029044|0|0|1.0|SET FIJO|FIJO|200088458|0|0|1.0|SET FIJO|FIJO|200029044|0|0|1.0|SET FIJO|FIJO|200117382|0|0|1.0|SET FIJO|FIJO|200029044|0|0|1.0|SET FIJO|FIJO|200115817|1|0|1.0|SET FIJO|FIJO|200088458|0|0|1.0|SET FIJO|FIJO|200117382|0|0|1.0|SET FIJO|FIJO|200117382|0|0|1.0|SET FIJO|FIJO|200088458|0|0|1.0|SET FIJO|FIJO|200115817|1|0|1.0|SET FIJO|FIJO|200115817|1|0|1.0|SET FIJO|FIJO|200088458|0|0|1.0|SET FIJO|FIJO|200088458|0|0|1.0|SET FIJO|FIJO|200088458|0|0|1.0|SET FIJO|FIJO|200088458|0|0|1.0|SET FIJO|FIJO|200115817|1|0|1.0|SET FIJO|FIJO|200115817|1|0|1.0|SET FIJO|FIJO|200115817|1|0|1.0|SET FIJO|FIJO|200115817|1|0|1.0|SET FIJO|FIJO|200115817|1|0|1.0|SET FIJO|FIJO|200115817|1|0|1.0|SET FIJO|FIJO|200115817|1|0|1.0|SET FIJO|FIJO|200115817|1|0|1.0|SET FIJO|FIJO|200029044|0|0|1.0|SET FIJO|FIJO|200115817|1|0|1.0|SET FIJO|FIJO|200088458|0|0|1.0|SET FIJO|FIJO|200088458|0|0|1.0|SET FIJO|FIJO|200029044|0|0|1.0|SET FIJO|FIJO|200088458|0|0|1.0|SET FIJO|FIJO|200029044|0|0|1.0|SET FIJO|FIJO|200029044|0|0|1.0|SET FIJO|FIJO|200115817|1|0|1.0|SET FIJO|FIJO|200029044|0|0|1.0
864,SET FIJO|FIJO|200051254|0|0|1.0|SET FIJO|FIJO|200051249|1|0|1.0|SET FIJO|FIJO|200072406|0|0|1.0|SET FIJO|FIJO|200051254|0|0|1.0|SET FIJO|FIJO|200051254|0|0|1.0|SET FIJO|FIJO|200051249|1|0|1.0|SET FIJO|FIJO|200051249|1|0|1.0|SET FIJO|FIJO|200051249|1|0|1.0|SET FIJO|FIJO|200072406|0|0|1.0|SET FIJO|FIJO|200072406|0|0|1.0|SET FIJO|FIJO|200072406|0|0|1.0|SET FIJO|FIJO|200051249|1|0|1.0|SET FIJO|FIJO|200051249|1|0|1.0|SET FIJO|FIJO|200051249|1|0|1.0|SET FIJO|FIJO|200051254|0|0|1.0|SET FIJO|FIJO|200051254|0|0|1.0|SET FIJO|FIJO|200051254|0|0|1.0|SET FIJO|FIJO|200051254|0|0|1.0|SET FIJO|FIJO|200072406|0|0|1.0|SET FIJO|FIJO|200051254|0|0|1.0|SET FIJO|FIJO|200051254|0|0|1.0|SET FIJO|FIJO|200072406|0|0|1.0|SET FIJO|FIJO|200072406|0|0|1.0|SET FIJO|FIJO|200072406|0|0|1.0|SET FIJO|FIJO|200051254|0|0|1.0|SET FIJO|FIJO|200051254|0|0|1.0|SET FIJO|FIJO|200051254|0|0|1.0|SET FIJO|FIJO|200051254|0|0|1.0|SET FIJO|FIJO|200072406|0|0|1.0|SET FIJO|FIJO|200072406|0|0|1.0|SET FIJO|FIJO|200072406|0|0|1.0|SET FIJO|FIJO|200051249|1|0|1.0|SET FIJO|FIJO|200051249|1|0|1.0|SET FIJO|FIJO|200051249|1|0|1.0|SET FIJO|FIJO|200051249|1|0|1.0|SET FIJO|FIJO|200051249|1|0|1.0|SET FIJO|FIJO|200051249|1|0|1.0
865,SET FIJO|FIJO|200082480|0|0|1.0|SET FIJO|FIJO|200082480|0|0|1.0|SET FIJO|FIJO|200082480|0|0|1.0|SET FIJO|FIJO|200082480|0|0|1.0|SET FIJO|FIJO|200115817|1|0|1.0|SET FIJO|FIJO|200082480|0|0|1.0|SET FIJO|FIJO|200115817|1|0|1.0|SET FIJO|FIJO|200115817|1|0|1.0|SET FIJO|FIJO|200082480|0|0|1.0|SET FIJO|FIJO|200082480|0|0|1.0|SET FIJO|FIJO|200082480|0|0|1.0|SET FIJO|FIJO|200115817|1|0|1.0|SET FIJO|FIJO|200115817|1|0|1.0|SET FIJO|FIJO|200115817|1|0|1.0|SET FIJO|FIJO|200115817|1|0|1.0|SET FIJO|FIJO|200115817|1|0|1.0|SET FIJO|FIJO|200115817|1|0|1.0|SET FIJO|FIJO|200115817|1|0|1.0|SET FIJO|FIJO|200115817|1|0|1.0|SET FIJO|FIJO|200082480|0|0|1.0|SET FIJO|FIJO|200082480|0|0|1.0|SET FIJO|FIJO|200082480|0|0|1.0|SET FIJO|FIJO|200115817|1|0|1.0|SET FIJO|FIJO|200082480|0|0|1.0|SET FIJO|FIJO|200115817|1|0|1.0|SET FIJO|FIJO|200082480|0|0|1.0
866,SET FIJO|FIJO|200098878|0|0|1.0|SET FIJO|FIJO|200103962|1|0|1.0|SET FIJO|FIJO|200098878|0|0|1.0|SET FIJO|FIJO|200103962|1|0|1.0|SET FIJO|FIJO|200098878|0|0|1.0|SET FIJO|FIJO|200103962|1|0|1.0|SET FIJO|FIJO|200098878|0|0|1.0|SET FIJO|FIJO|200103962|1|0|1.0|SET FIJO|FIJO|200098878|0|0|1.0|SET FIJO|FIJO|200103962|1|0|1.0|SET FIJO|FIJO|200098878|0|0|1.0|SET FIJO|FIJO|200103962|1|0|1.0|SET FIJO|FIJO|200098878|0|0|1.0|SET FIJO|FIJO|200103962|1|0|1.0|SET FIJO|FIJO|200098878|0|0|1.0|SET FIJO|FIJO|200103962|1|0|1.0|SET FIJO|FIJO|200098878|0|0|1.0|SET FIJO|FIJO|200103962|1|0|1.0|SET FIJO|FIJO|200098878|0|0|1.0|SET FIJO|FIJO|200103962|1|0|1.0|SET FIJO|FIJO|200098878|0|0|1.0|SET FIJO|FIJO|200103962|1|0|1.0|SET FIJO|FIJO|200098878|0|0|1.0|SET FIJO|FIJO|200103962|1|0|1.0
867,SET FIJO|FIJO|200110122|0|0|1.0|SET FIJO|FIJO|200110122|0|0|1.0|SET FIJO|FIJO|200110122|0|0|1.0|SET FIJO|FIJO|200110088|1|0|1.0|SET FIJO|FIJO|200110088|1|0|1.0|SET FIJO|FIJO|200110088|1|0|1.0|SET FIJO|FIJO|200110088|1|0|1.0|SET FIJO|FIJO|200110088|1|0|1.0|SET FIJO|FIJO|200110088|1|0|1.0|SET FIJO|FIJO|200110122|0|0|1.0|SET FIJO|FIJO|200110088|1|0|1.0|SET FIJO|FIJO|200110122|0|0|1.0|SET FIJO|FIJO|200110122|0|0|1.0|SET FIJO|FIJO|200110122|0|0|1.0|SET FIJO|FIJO|200110122|0|0|1.0|SET FIJO|FIJO|200110122|0|0|1.0|SET FIJO|FIJO|200110122|0|0|1.0|SET FIJO|FIJO|200110088|1|0|1.0|SET FIJO|FIJO|200110088|1|0|1.0|SET FIJO|FIJO|200110088|1|0|1.0|SET FIJO|FIJO|200110088|1|0|1.0|SET FIJO|FIJO|200110088|1|0|1.0|SET FIJO|FIJO|200110088|1|0|1.0|SET FIJO|FIJO|200110122|0|0|1.0|SET FIJO|FIJO|200110122|0|0|1.0|SET FIJO|FIJO|200110122|0|0|1.0
868,SET FIJO|FIJO|200043493|0|0|1.0|SET FIJO|FIJO|200056636|1|0|1.0|SET FIJO|FIJO|200056636|1|0|1.0|SET FIJO|FIJO|200043493|0|0|1.0|SET FIJO|FIJO|200017521|0|0|1.0|SET FIJO|FIJO|200043493|0|0|1.0|SET FIJO|FIJO|200017521|0|0|1.0|SET FIJO|FIJO|200056636|1|0|1.0|SET FIJO|FIJO|200056636|1|0|1.0|SET FIJO|FIJO|200043493|0|0|1.0|SET FIJO|FIJO|200056636|1|0|1.0|SET FIJO|FIJO|200043493|0|0|1.0|SET FIJO|FIJO|200043493|0|0|1.0|SET FIJO|FIJO|200017521|0|0|1.0|SET FIJO|FIJO|200043493|0|0|1.0|SET FIJO|FIJO|200017521|0|0|1.0|SET FIJO|FIJO|200043493|0|0|1.0|SET FIJO|FIJO|200017521|0|0|1.0|SET FIJO|FIJO|200043493|0|0|1.0
869,SET FIJO|FIJO|200084602|1|0|1.0|SET FIJO|FIJO|200090097|0|0|1.0|SET FIJO|FIJO|200084602|1|0|1.0|SET FIJO|FIJO|200090097|0|0|1.0|SET FIJO|FIJO|200090097|0|0|1.0|SET FIJO|FIJO|200090097|0|0|1.0|SET FIJO|FIJO|200084602|1|0|1.0|SET FIJO|FIJO|200084602|1|0|1.0|SET FIJO|FIJO|200084602|1|0|1.0|SET FIJO|FIJO|200084602|1|0|1.0|SET FIJO|FIJO|200090097|0|0|1.0|SET FIJO|FIJO|200090097|0|0|1.0|SET FIJO|FIJO|200084602|1|0|1.0|SET FIJO|FIJO|200084602|1|0|1.0|SET FIJO|FIJO|200084602|1|0|1.0|SET FIJO|FIJO|200090097|0|0|1.0|SET FIJO|FIJO|200084602|1|0|1.0|SET FIJO|FIJO|200090097|0|0|1.0|SET FIJO|FIJO|200090097|0|0|1.0|SET FIJO|FIJO|200084602|1|0|1.0|SET FIJO|FIJO|200090097|0|0|1.0
870,SET FIJO|FIJO|200029044|1|0|1.0|SET FIJO|FIJO|200059514|0|0|1.0|SET FIJO|FIJO|200029044|1|0|1.0|SET FIJO|FIJO|200059514|0|0|1.0|SET FIJO|FIJO|200059514|0|0|1.0|SET FIJO|FIJO|200059514|0|0|1.0|SET FIJO|FIJO|200029044|1|0|1.0|SET FIJO|FIJO|200059514|0|0|1.0|SET FIJO|FIJO|200029044|1|0|1.0|SET FIJO|FIJO|200059514|0|0|1.0|SET FIJO|FIJO|200029044|1|0|1.0|SET FIJO|FIJO|200029044|1|0|1.0|SET FIJO|FIJO|200059514|0|0|1.0|SET FIJO|FIJO|200029044|1|0|1.0|SET FIJO|FIJO|200029044|1|0|1.0|SET FIJO|FIJO|200059514|0|0|1.0|SET FIJO|FIJO|200059514|0|0|1.0|SET FIJO|FIJO|200059514|0|0|1.0|SET FIJO|FIJO|200059514|0|0|1.0|SET FIJO|FIJO|200059514|0|0|1.0|SET FIJO|FIJO|200029044|1|0|1.0|SET FIJO|FIJO|200029044|1|0|1.0
871,SET FIJO|FIJO|200089499|1|0|1.0|SET FIJO|FIJO|200089499|1|0|1.0|SET FIJO|FIJO|200089499|1|0|1.0|SET FIJO|FIJO|200089499|1|0|1.0|SET FIJO|FIJO|200101061|0|0|1.0|SET FIJO|FIJO|200089499|1|0|1.0|SET FIJO|FIJO|200089499|1|0|1.0|SET FIJO|FIJO|200089499|1|0|1.0|SET FIJO|FIJO|200089499|1|0|1.0|SET FIJO|FIJO|200089499|1|0|1.0|SET FIJO|FIJO|200089499|1|0|1.0|SET FIJO|FIJO|200101061|0|0|1.0|SET FIJO|FIJO|200101061|0|0|1.0|SET FIJO|FIJO|200101061|0|0|1.0|SET FIJO|FIJO|200101061|0|0|1.0|SET FIJO|FIJO|200101061|0|0|1.0|SET FIJO|FIJO|200101061|0|0|1.0|SET FIJO|FIJO|200101061|0|0|1.0|SET FIJO|FIJO|200101061|0|0|1.0|SET FIJO|FIJO|200101061|0|0|1.0|SET FIJO|FIJO|200089499|1|0|1.0
872,SET FIJO|FIJO|200111162|1|0|1.0|SET FIJO|FIJO|200111162|1|0|1.0|SET FIJO|FIJO|200111162|1|0|1.0|SET FIJO|FIJO|200111162|1|0|1.0|SET FIJO|FIJO|200111162|1|0|1.0|SET FIJO|FIJO|200111162|1|0|1.0|SET FIJO|FIJO|200111162|1|0|1.0|SET FIJO|FIJO|200111162|1|0|1.0|SET FIJO|FIJO|200111162|1|0|1.0|SET FIJO|FIJO|200115826|0|0|1.0|SET FIJO|FIJO|200115826|0|0|1.0|SET FIJO|FIJO|200115826|0|0|1.0|SET FIJO|FIJO|200115826|0|0|1.0|SET FIJO|FIJO|200115826|0|0|1.0|SET FIJO|FIJO|200111162|1|0|1.0|SET FIJO|FIJO|200111162|1|0|1.0|SET FIJO|FIJO|200111162|1|0|1.0|SET FIJO|FIJO|200115826|0|0|1.0|SET FIJO|FIJO|200115826|0|0|1.0|SET FIJO|FIJO|200115826|0|0|1.0|SET FIJO|FIJO|200115826|0|0|1.0|SET FIJO|FIJO|200115826|0|0|1.0|SET FIJO|FIJO|200115826|0|0|1.0|SET FIJO|FIJO|200115826|0|0|1.0
873,SET FIJO|FIJO|200039855|1|0|1.0|SET FIJO|FIJO|200039855|1|0|1.0|SET FIJO|FIJO|200067292|0|0|1.0|SET FIJO|FIJO|200039855|1|0|1.0|SET FIJO|FIJO|200039855|1|0|1.0|SET FIJO|FIJO|200039855|1|0|1.0|SET FIJO|FIJO|200039855|1|0|1.0|SET FIJO|FIJO|200067292|0|0|1.0|SET FIJO|FIJO|200067292|0|0|1.0|SET FIJO|FIJO|200039855|1|0|1.0|SET FIJO|FIJO|200039855|1|0|1.0|SET FIJO|FIJO|200067292|0|0|1.0|SET FIJO|FIJO|200039855|1|0|1.0|SET FIJO|FIJO|200039855|1|0|1.0|SET FIJO|FIJO|200039855|1|0|1.0|SET FIJO|FIJO|200067292|0|0|1.0|SET FIJO|FIJO|200039855|1|0|1.0|SET FIJO|FIJO|200067292|0|0|1.0|SET FIJO|FIJO|200067292|0|0|1.0|SET FIJO|FIJO|200039855|1|0|1.0|SET FIJO|FIJO|200067292|0|0|1.0|SET FIJO|FIJO|200067292|0|0|1.0|SET FIJO|FIJO|200067292|0|0|1.0|SET FIJO|FIJO|200067292|0|0|1.0
874,SET FIJO|FIJO|200097895|0|0|1.0|SET FIJO|FIJO|200097895|0|0|1.0|SET FIJO|FIJO|200097895|0|0|1.0|SET FIJO|FIJO|200097895|0|0|1.0|SET FIJO|FIJO|200097895|0|0|1.0|SET FIJO|FIJO|200097895|0|0|1.0|SET FIJO|FIJO|200097895|0|0|1.0|SET FIJO|FIJO|200097895|0|0|1.0|SET FIJO|FIJO|200097895|0|0|1.0|SET FIJO|FIJO|200097895|0|0|1.0|SET FIJO|FIJO|200097895|0|0|1.0|SET FIJO|FIJO|200097895|0|0|1.0|SET FIJO|FIJO|200105033|0|0|1.0|SET FIJO|FIJO|200105033|0|0|1.0|SET FIJO|FIJO|200105033|0|0|1.0|SET FIJO|FIJO|200105033|0|0|1.0|SET FIJO|FIJO|200105034|0|0|1.0|SET FIJO|FIJO|200105034|0|0|1.0|SET FIJO|FIJO|200097894|1|0|1.0|SET FIJO|FIJO|200097894|1|0|1.0|SET FIJO|FIJO|200105034|0|0|1.0|SET FIJO|FIJO|200105034|0|0|1.0|SET FIJO|FIJO|200105034|0|0|1.0|SET FIJO|FIJO|200105034|0|0|1.0|SET FIJO|FIJO|200105034|0|0|1.0|SET FIJO|FIJO|200105034|0|0|1.0|SET FIJO|FIJO|200105034|0|0|1.0|SET FIJO|FIJO|200105034|0|0|1.0|SET FIJO|FIJO|200105034|0|0|1.0|SET FIJO|FIJO|200105034|0|0|1.0|SET FIJO|FIJO|200097894|1|0|1.0|SET FIJO|FIJO|200097894|1|0|1.0|SET FIJO|FIJO|200097894|1|0|1.0|SET FIJO|FIJO|200097894|1|0|1.0|SET FIJO|FIJO|200097894|1|0|1.0|SET FIJO|FIJO|200097894|1|0|1.0|SET FIJO|FIJO|200097894|1|0|1.0|SET FIJO|FIJO|200097894|1|0|1.0|SET FIJO|FIJO|200097894|1|0|1.0|SET FIJO|FIJO|200097894|1|0|1.0|SET FIJO|FIJO|200105033|0|0|1.0|SET FIJO|FIJO|200105033|0|0|1.0|SET FIJO|FIJO|200105033|0|0|1.0|SET FIJO|FIJO|200105033|0|0|1.0|SET FIJO|FIJO|200105033|0|0|1.0|SET FIJO|FIJO|200105033|0|0|1.0|SET FIJO|FIJO|200105033|0|0|1.0|SET FIJO|FIJO|200105033|0|0|1.0
875,SET FIJO|FIJO|200064310|0|0|1.0|SET FIJO|FIJO|200072913|1|0|1.0|SET FIJO|FIJO|200064310|0|0|1.0|SET FIJO|FIJO|200072913|1|0|1.0|SET FIJO|FIJO|200064310|0|0|1.0|SET FIJO|FIJO|200072913|1|0|1.0|SET FIJO|FIJO|200064310|0|0|1.0|SET FIJO|FIJO|200064310|0|0|1.0|SET FIJO|FIJO|200072913|1|0|1.0|SET FIJO|FIJO|200072913|1|0|1.0|SET FIJO|FIJO|200072913|1|0|1.0|SET FIJO|FIJO|200064310|0|0|1.0|SET FIJO|FIJO|200072913|1|0|1.0|SET FIJO|FIJO|200064310|0|0|1.0|SET FIJO|FIJO|200072913|1|0|1.0|SET FIJO|FIJO|200064310|0|0|1.0|SET FIJO|FIJO|200072913|1|0|1.0|SET FIJO|FIJO|200064310|0|0|1.0|SET FIJO|FIJO|200064310|0|0|1.0|SET FIJO|FIJO|200072913|1|0|1.0|SET FIJO|FIJO|200064310|0|0|1.0|SET FIJO|FIJO|200072913|1|0|1.0|SET FIJO|FIJO|200064310|0|0|1.0|SET FIJO|FIJO|200072913|1|0|1.0|SET FIJO|FIJO|200064310|0|0|1.0|SET FIJO|FIJO|200072913|1|0|1.0
876,SET FIJO|FIJO|200039966|1|0|1.0|SET FIJO|FIJO|200063985|0|0|1.0|SET FIJO|FIJO|200063985|0|0|1.0|SET FIJO|FIJO|200063985|0|0|1.0|SET FIJO|FIJO|200063985|0|0|1.0|SET FIJO|FIJO|200063985|0|0|1.0|SET FIJO|FIJO|200063985|0|0|1.0|SET FIJO|FIJO|200039966|1|0|1.0|SET FIJO|FIJO|200039966|1|0|1.0|SET FIJO|FIJO|200039966|1|0|1.0|SET FIJO|FIJO|200039966|1|0|1.0|SET FIJO|FIJO|200039966|1|0|1.0|SET FIJO|FIJO|200039966|1|0|1.0|SET FIJO|FIJO|200039966|1|0|1.0|SET FIJO|FIJO|200039966|1|0|1.0|SET FIJO|FIJO|200039966|1|0|1.0|SET FIJO|FIJO|200039966|1|0|1.0|SET FIJO|FIJO|200063985|0|0|1.0|SET FIJO|FIJO|200063985|0|0|1.0|SET FIJO|FIJO|200063985|0|0|1.0|SET FIJO|FIJO|200063985|0|0|1.0|SET FIJO|FIJO|200063985|0|0|1.0|SET FIJO|FIJO|200063985|0|0|1.0
877,SET FIJO|FIJO|200072913|0|0|1.0|SET FIJO|FIJO|200072913|0|0|1.0|SET FIJO|FIJO|200072913|0|0|1.0|SET FIJO|FIJO|200072913|0|0|1.0|SET FIJO|FIJO|200099310|1|0|1.0|SET FIJO|FIJO|200072913|0|0|1.0|SET FIJO|FIJO|200072913|0|0|1.0|SET FIJO|FIJO|200072913|0|0|1.0|SET FIJO|FIJO|200072913|0|0|1.0|SET FIJO|FIJO|200072913|0|0|1.0|SET FIJO|FIJO|200099310|1|0|1.0|SET FIJO|FIJO|200099310|1|0|1.0|SET FIJO|FIJO|200099310|1|0|1.0|SET FIJO|FIJO|200072913|0|0|1.0|SET FIJO|FIJO|200099310|1|0|1.0|SET FIJO|FIJO|200099310|1|0|1.0|SET FIJO|FIJO|200099310|1|0|1.0|SET FIJO|FIJO|200099310|1|0|1.0|SET FIJO|FIJO|200099310|1|0|1.0|SET FIJO|FIJO|200072913|0|0|1.0|SET FIJO|FIJO|200099310|1|0|1.0|SET FIJO|FIJO|200072913|0|0|1.0|SET FIJO|FIJO|200072913|0|0|1.0|SET FIJO|FIJO|200099310|1|0|1.0
878,SET FIJO|FIJO|200063985|0|0|1.0|SET FIJO|FIJO|200012014|1|0|1.0|SET FIJO|FIJO|200012014|1|0|1.0|SET FIJO|FIJO|200012014|1|0|1.0|SET FIJO|FIJO|200063985|0|0|1.0|SET FIJO|FIJO|200063985|0|0|1.0|SET FIJO|FIJO|200063985|0|0|1.0|SET FIJO|FIJO|200012014|1|0|1.0|SET FIJO|FIJO|200012014|1|0|1.0|SET FIJO|FIJO|200012014|1|0|1.0|SET FIJO|FIJO|200063985|0|0|1.0|SET FIJO|FIJO|200063985|0|0|1.0|SET FIJO|FIJO|200012014|1|0|1.0|SET FIJO|FIJO|200012014|1|0|1.0|SET FIJO|FIJO|200012014|1|0|1.0|SET FIJO|FIJO|200063985|0|0|1.0|SET FIJO|FIJO|200063985|0|0|1.0|SET FIJO|FIJO|200063985|0|0|1.0|SET FIJO|FIJO|200012014|1|0|1.0|SET FIJO|FIJO|200012014|1|0|1.0|SET FIJO|FIJO|200063985|0|0|1.0|SET FIJO|FIJO|200063985|0|0|1.0|SET FIJO|FIJO|200063985|0|0|1.0
879,SET FIJO|FIJO|200056740|0|0|1.0|SET FIJO|FIJO|200035116|1|0|1.0|SET FIJO|FIJO|200035116|1|0|1.0|SET FIJO|FIJO|200056740|0|0|1.0|SET FIJO|FIJO|200056740|0|0|1.0|SET FIJO|FIJO|200056740|0|0|1.0|SET FIJO|FIJO|200056740|0|0|1.0|SET FIJO|FIJO|200056740|0|0|1.0|SET FIJO|FIJO|200035116|1|0|1.0|SET FIJO|FIJO|200056740|0|0|1.0|SET FIJO|FIJO|200056740|0|0|1.0|SET FIJO|FIJO|200056740|0|0|1.0|SET FIJO|FIJO|200056740|0|0|1.0|SET FIJO|FIJO|200035116|1|0|1.0|SET FIJO|FIJO|200056740|0|0|1.0|SET FIJO|FIJO|200056740|0|0|1.0|SET FIJO|FIJO|200035116|1|0|1.0|SET FIJO|FIJO|200035116|1|0|1.0
880,SET FIJO|FIJO|200088259|1|0|1.0|SET FIJO|FIJO|200056741|0|0|1.0|SET FIJO|FIJO|200088259|1|0|1.0|SET FIJO|FIJO|200088259|1|0|1.0|SET FIJO|FIJO|200088259|1|0|1.0|SET FIJO|FIJO|200088259|1|0|1.0|SET FIJO|FIJO|200056741|0|0|1.0|SET FIJO|FIJO|200088259|1|0|1.0|SET FIJO|FIJO|200088259|1|0|1.0|SET FIJO|FIJO|200056741|0|0|1.0|SET FIJO|FIJO|200088259|1|0|1.0|SET FIJO|FIJO|200088259|1|0|1.0|SET FIJO|FIJO|200056741|0|0|1.0|SET FIJO|FIJO|200056741|0|0|1.0|SET FIJO|FIJO|200056741|0|0|1.0|SET FIJO|FIJO|200056741|0|0|1.0|SET FIJO|FIJO|200056741|0|0|1.0|SET FIJO|FIJO|200056741|0|0|1.0|SET FIJO|FIJO|200056741|0|0|1.0|SET FIJO|FIJO|200056741|0|0|1.0|SET FIJO|FIJO|200088259|1|0|1.0|SET FIJO|FIJO|200088259|1|0|1.0|SET FIJO|FIJO|200056741|0|0|1.0
881,SET FIJO|FIJO|200072406|0|0|1.0|SET FIJO|FIJO|200072406|0|0|1.0|SET FIJO|FIJO|200111318|1|0|1.0|SET FIJO|FIJO|200072406|0|0|1.0|SET FIJO|FIJO|200072406|0|0|1.0|SET FIJO|FIJO|200072406|0|0|1.0|SET FIJO|FIJO|200072406|0|0|1.0|SET FIJO|FIJO|200072406|0|0|1.0|SET FIJO|FIJO|200072406|0|0|1.0|SET FIJO|FIJO|200111318|1|0|1.0|SET FIJO|FIJO|200111318|1|0|1.0|SET FIJO|FIJO|200072406|0|0|1.0|SET FIJO|FIJO|200072406|0|0|1.0|SET FIJO|FIJO|200111318|1|0|1.0|SET FIJO|FIJO|200111318|1|0|1.0|SET FIJO|FIJO|200111318|1|0|1.0|SET FIJO|FIJO|200111318|1|0|1.0|SET FIJO|FIJO|200111318|1|0|1.0|SET FIJO|FIJO|200111318|1|0|1.0|SET FIJO|FIJO|200111318|1|0|1.0|SET FIJO|FIJO|200111318|1|0|1.0|SET FIJO|FIJO|200111318|1|0|1.0|SET FIJO|FIJO|200111318|1|0|1.0|SET FIJO|FIJO|200072406|0|0|1.0
882,SET FIJO|FIJO|200092164|1|0|1.0|SET FIJO|FIJO|200092164|1|0|1.0|SET FIJO|FIJO|200092164|1|0|1.0|SET FIJO|FIJO|200103963|0|0|1.0|SET FIJO|FIJO|200103963|0|0|1.0|SET FIJO|FIJO|200103963|0|0|1.0|SET FIJO|FIJO|200092164|1|0|1.0|SET FIJO|FIJO|200092164|1|0|1.0|SET FIJO|FIJO|200103963|0|0|1.0|SET FIJO|FIJO|200092164|1|0|1.0|SET FIJO|FIJO|200092164|1|0|1.0|SET FIJO|FIJO|200103963|0|0|1.0|SET FIJO|FIJO|200092164|1|0|1.0|SET FIJO|FIJO|200103963|0|0|1.0|SET FIJO|FIJO|200103963|0|0|1.0|SET FIJO|FIJO|200103963|0|0|1.0|SET FIJO|FIJO|200103963|0|0|1.0|SET FIJO|FIJO|200092164|1|0|1.0|SET FIJO|FIJO|200092164|1|0|1.0|SET FIJO|FIJO|200103963|0|0|1.0|SET FIJO|FIJO|200103963|0|0|1.0|SET FIJO|FIJO|200103963|0|0|1.0|SET FIJO|FIJO|200092164|1|0|1.0|SET FIJO|FIJO|200092164|1|0|1.0
883,SET FIJO|FIJO|200107822|0|0|1.0|SET FIJO|FIJO|200107822|0|0|1.0|SET FIJO|FIJO|200107822|0|0|1.0|SET FIJO|FIJO|200107822|0|0|1.0|SET FIJO|FIJO|200107828|1|0|1.0|SET FIJO|FIJO|200107822|0|0|1.0|SET FIJO|FIJO|200107828|1|0|1.0|SET FIJO|FIJO|200107822|0|0|1.0|SET FIJO|FIJO|200107822|0|0|1.0|SET FIJO|FIJO|200107828|1|0|1.0|SET FIJO|FIJO|200107822|0|0|1.0|SET FIJO|FIJO|200107828|1|0|1.0|SET FIJO|FIJO|200107828|1|0|1.0|SET FIJO|FIJO|200107828|1|0|1.0|SET FIJO|FIJO|200107822|0|0|1.0|SET FIJO|FIJO|200107828|1|0|1.0|SET FIJO|FIJO|200107822|0|0|1.0|SET FIJO|FIJO|200107822|0|0|1.0|SET FIJO|FIJO|200107828|1|0|1.0|SET FIJO|FIJO|200107828|1|0|1.0|SET FIJO|FIJO|200107828|1|0|1.0|SET FIJO|FIJO|200107828|1|0|1.0|SET FIJO|FIJO|200107822|0|0|1.0|SET FIJO|FIJO|200107828|1|0|1.0|SET FIJO|FIJO|200107822|0|0|1.0|SET FIJO|FIJO|200107828|1|0|1.0
884,SET FIJO|FIJO|200110089|1|0|1.0|SET FIJO|FIJO|200110090|0|0|1.0|SET FIJO|FIJO|200110089|1|0|1.0|SET FIJO|FIJO|200110090|0|0|1.0|SET FIJO|FIJO|200110089|1|0|1.0|SET FIJO|FIJO|200110090|0|0|1.0|SET FIJO|FIJO|200110089|1|0|1.0|SET FIJO|FIJO|200110090|0|0|1.0|SET FIJO|FIJO|200110089|1|0|1.0|SET FIJO|FIJO|200110089|1|0|1.0|SET FIJO|FIJO|200110090|0|0|1.0|SET FIJO|FIJO|200110090|0|0|1.0|SET FIJO|FIJO|200110089|1|0|1.0|SET FIJO|FIJO|200110089|1|0|1.0|SET FIJO|FIJO|200110090|0|0|1.0|SET FIJO|FIJO|200110090|0|0|1.0|SET FIJO|FIJO|200110089|1|0|1.0|SET FIJO|FIJO|200110090|0|0|1.0|SET FIJO|FIJO|200110089|1|0|1.0|SET FIJO|FIJO|200110090|0|0|1.0|SET FIJO|FIJO|200110089|1|0|1.0|SET FIJO|FIJO|200110090|0|0|1.0|SET FIJO|FIJO|200110089|1|0|1.0|SET FIJO|FIJO|200110090|0|0|1.0|SET FIJO|FIJO|200110089|1|0|1.0|SET FIJO|FIJO|200110090|0|0|1.0
885,SET FIJO|FIJO|200107824|1|0|1.0|SET FIJO|FIJO|200107825|0|0|1.0|SET FIJO|FIJO|200107824|1|0|1.0|SET FIJO|FIJO|200107825|0|0|1.0|SET FIJO|FIJO|200107824|1|0|1.0|SET FIJO|FIJO|200107825|0|0|1.0|SET FIJO|FIJO|200107824|1|0|1.0|SET FIJO|FIJO|200107825|0|0|1.0|SET FIJO|FIJO|200107824|1|0|1.0|SET FIJO|FIJO|200107825|0|0|1.0|SET FIJO|FIJO|200107824|1|0|1.0|SET FIJO|FIJO|200107825|0|0|1.0|SET FIJO|FIJO|200107824|1|0|1.0|SET FIJO|FIJO|200107825|0|0|1.0|SET FIJO|FIJO|200107824|1|0|1.0|SET FIJO|FIJO|200107825|0|0|1.0|SET FIJO|FIJO|200107824|1|0|1.0|SET FIJO|FIJO|200107825|0|0|1.0|SET FIJO|FIJO|200107824|1|0|1.0|SET FIJO|FIJO|200107825|0|0|1.0|SET FIJO|FIJO|200107824|1|0|1.0|SET FIJO|FIJO|200107825|0|0|1.0|SET FIJO|FIJO|200107824|1|0|1.0|SET FIJO|FIJO|200107825|0|0|1.0|SET FIJO|FIJO|200107824|1|0|1.0|SET FIJO|FIJO|200107825|0|0|1.0
886,SET FIJO|FIJO|P0210085000|0|0|1.0|SET FIJO|FIJO|P0210085000|0|0|1.0|SET FIJO|FIJO|P0210085000|0|0|1.0|SET FIJO|FIJO|P0210085000|0|0|1.0|SET FIJO|FIJO|P0210085000|0|0|1.0|SET FIJO|FIJO|P0210085000|0|0|1.0|SET FIJO|FIJO|P0210060001|0|0|1.0|SET FIJO|FIJO|P0210060001|0|0|1.0|SET FIJO|FIJO|P0210060001|0|0|1.0|SET FIJO|FIJO|P0210060001|0|0|1.0|SET FIJO|FIJO|P0210060001|0|0|1.0|SET FIJO|FIJO|P0210060001|0|0|1.0|SET FIJO|FIJO|P0210060001|0|0|1.0|SET FIJO|FIJO|P0210060001|0|0|1.0|SET FIJO|FIJO|P0210060001|0|0|1.0|SET FIJO|FIJO|P0210060001|0|0|1.0|SET FIJO|FIJO|P0210085000|0|0|1.0|SET FIJO|FIJO|200118363|1|0|1.0|SET FIJO|FIJO|200118363|1|0|1.0|SET FIJO|FIJO|200118363|1|0|1.0|SET FIJO|FIJO|200118363|1|0|1.0|SET FIJO|FIJO|200118363|1|0|1.0|SET FIJO|FIJO|200118363|1|0|1.0|SET FIJO|FIJO|200118363|1|0|1.0|SET FIJO|FIJO|200118363|1|0|1.0|SET FIJO|FIJO|200118363|1|0|1.0|SET FIJO|FIJO|200118363|1|0|1.0|SET FIJO|FIJO|P0210085000|0|0|1.0|SET FIJO|FIJO|P0210085000|0|0|1.0|SET FIJO|FIJO|P0210085000|0|0|1.0|SET FIJO|FIJO|P0210085000|0|0|1.0
887,SET FIJO|FIJO|200099702|0|0|1.0|SET FIJO|FIJO|200100407|0|0|1.0|SET FIJO|FIJO|200100407|0|0|1.0|SET FIJO|FIJO|200100407|0|0|1.0|SET FIJO|FIJO|200100407|0|0|1.0|SET FIJO|FIJO|200100407|0|0|1.0|SET FIJO|FIJO|200100407|0|0|1.0|SET FIJO|FIJO|200100407|0|0|1.0|SET FIJO|FIJO|200099702|0|0|1.0|SET FIJO|FIJO|200091328|1|0|1.0|SET FIJO|FIJO|200091328|1|0|1.0|SET FIJO|FIJO|200091328|1|0|1.0|SET FIJO|FIJO|200091328|1|0|1.0|SET FIJO|FIJO|200091328|1|0|1.0|SET FIJO|FIJO|200099702|0|0|1.0|SET FIJO|FIJO|200100407|0|0|1.0|SET FIJO|FIJO|200100407|0|0|1.0|SET FIJO|FIJO|200100407|0|0|1.0|SET FIJO|FIJO|200099702|0|0|1.0|SET FIJO|FIJO|200099702|0|0|1.0|SET FIJO|FIJO|200091328|1|0|1.0|SET FIJO|FIJO|200091328|1|0|1.0|SET FIJO|FIJO|200091328|1|0|1.0|SET FIJO|FIJO|200091328|1|0|1.0|SET FIJO|FIJO|200091328|1|0|1.0|SET FIJO|FIJO|200091328|1|0|1.0|SET FIJO|FIJO|200099702|0|0|1.0|SET FIJO|FIJO|200099702|0|0|1.0|SET FIJO|FIJO|200099702|0|0|1.0|SET FIJO|FIJO|200099702|0|0|1.0|SET FIJO|FIJO|200099702|0|0|1.0
888,SET FIJO|FIJO|200043496|0|0|1.0|SET FIJO|FIJO|200043496|0|0|1.0|SET FIJO|FIJO|200043496|0|0|1.0|SET FIJO|FIJO|200043496|0|0|1.0|SET FIJO|FIJO|200043496|0|0|1.0|SET FIJO|FIJO|200043496|0|0|1.0|SET FIJO|FIJO|200011773|1|0|1.0|SET FIJO|FIJO|200043496|0|0|1.0|SET FIJO|FIJO|200011773|1|0|1.0|SET FIJO|FIJO|200043496|0|0|1.0|SET FIJO|FIJO|200011773|1|0|1.0|SET FIJO|FIJO|200043496|0|0|1.0|SET FIJO|FIJO|200011773|1|0|1.0|SET FIJO|FIJO|200043496|0|0|1.0
889,SET FIJO|FIJO|200114935|1|0|1.0|SET FIJO|FIJO|200114935|1|0|1.0|SET FIJO|FIJO|200114935|1|0|1.0|SET FIJO|FIJO|200115826|0|0|1.0|SET FIJO|FIJO|200115826|0|0|1.0|SET FIJO|FIJO|200115826|0|0|1.0|SET FIJO|FIJO|200115826|0|0|1.0|SET FIJO|FIJO|200115826|0|0|1.0|SET FIJO|FIJO|200115826|0|0|1.0|SET FIJO|FIJO|200114935|1|0|1.0|SET FIJO|FIJO|200114935|1|0|1.0|SET FIJO|FIJO|200114935|1|0|1.0|SET FIJO|FIJO|200114935|1|0|1.0|SET FIJO|FIJO|200114935|1|0|1.0|SET FIJO|FIJO|200114935|1|0|1.0|SET FIJO|FIJO|200114935|1|0|1.0|SET FIJO|FIJO|200114935|1|0|1.0|SET FIJO|FIJO|200114935|1|0|1.0|SET FIJO|FIJO|200115826|0|0|1.0|SET FIJO|FIJO|200115826|0|0|1.0|SET FIJO|FIJO|200115826|0|0|1.0|SET FIJO|FIJO|200115826|0|0|1.0|SET FIJO|FIJO|200115826|0|0|1.0|SET FIJO|FIJO|200115826|0|0|1.0
890,SET FIJO|FIJO|200050984|0|0|1.0|SET FIJO|FIJO|200050979|1|0|1.0|SET FIJO|FIJO|200050984|0|0|1.0|SET FIJO|FIJO|200050979|1|0|1.0|SET FIJO|FIJO|200050984|0|0|1.0|SET FIJO|FIJO|200050984|0|0|1.0|SET FIJO|FIJO|P0261052003|0|0|1.0|SET FIJO|FIJO|200050979|1|0|1.0|SET FIJO|FIJO|P0261052003|0|0|1.0|SET FIJO|FIJO|P0261052003|0|0|1.0|SET FIJO|FIJO|P0261052003|0|0|1.0|SET FIJO|FIJO|200050979|1|0|1.0|SET FIJO|FIJO|200050979|1|0|1.0|SET FIJO|FIJO|200050979|1|0|1.0|SET FIJO|FIJO|200050979|1|0|1.0|SET FIJO|FIJO|200050984|0|0|1.0|SET FIJO|FIJO|200050984|0|0|1.0|SET FIJO|FIJO|200050984|0|0|1.0|SET FIJO|FIJO|200050979|1|0|1.0|SET FIJO|FIJO|200050979|1|0|1.0|SET FIJO|FIJO|200050984|0|0|1.0|SET FIJO|FIJO|200050984|0|0|1.0|SET FIJO|FIJO|200050979|1|0|1.0|SET FIJO|FIJO|200050984|0|0|1.0|SET FIJO|FIJO|200050984|0|0|1.0|SET FIJO|FIJO|P0261052003|0|0|1.0|SET FIJO|FIJO|P0261052003|0|0|1.0|SET FIJO|FIJO|P0261052003|0|0|1.0|SET FIJO|FIJO|P0261052003|0|0|1.0|SET FIJO|FIJO|P0261052003|0|0|1.0|SET FIJO|FIJO|P0261052003|0|0|1.0|SET FIJO|FIJO|P0261052003|0|0|1.0|SET FIJO|FIJO|200050984|0|0|1.0|SET FIJO|FIJO|200050984|0|0|1.0|SET FIJO|FIJO|200050979|1|0|1.0|SET FIJO|FIJO|200050979|1|0|1.0|SET FIJO|FIJO|200050979|1|0|1.0|SET FIJO|FIJO|P0261052003|0|0|1.0|SET FIJO|FIJO|P0261052003|0|0|1.0|SET FIJO|FIJO|200050984|0|0|1.0|SET FIJO|FIJO|200050979|1|0|1.0
891,SET FIJO|FIJO|200116502|1|0|1.0|SET FIJO|FIJO|200116502|1|0|1.0|SET FIJO|FIJO|200116502|1|0|1.0|SET FIJO|FIJO|200116502|1|0|1.0|SET FIJO|FIJO|200116502|1|0|1.0|SET FIJO|FIJO|200116502|1|0|1.0|SET FIJO|FIJO|200116502|1|0|1.0|SET FIJO|FIJO|200116502|1|0|1.0|SET FIJO|FIJO|200116502|1|0|1.0|SET FIJO|FIJO|200116502|1|0|1.0|SET FIJO|FIJO|200116502|1|0|1.0
892,SET FIJO|FIJO|200106161|0|0|1.0|SET FIJO|FIJO|200106161|0|0|1.0|SET FIJO|FIJO|200089168|1|0|1.0|SET FIJO|FIJO|200106161|0|0|1.0|SET FIJO|FIJO|200106161|0|0|1.0|SET FIJO|FIJO|200106161|0|0|1.0|SET FIJO|FIJO|200106161|0|0|1.0|SET FIJO|FIJO|200106161|0|0|1.0|SET FIJO|FIJO|200106161|0|0|1.0|SET FIJO|FIJO|200106161|0|0|1.0|SET FIJO|FIJO|200106161|0|0|1.0|SET FIJO|FIJO|200106161|0|0|1.0|SET FIJO|FIJO|200106161|0|0|1.0|SET FIJO|FIJO|200089168|1|0|1.0|SET FIJO|FIJO|200089168|1|0|1.0|SET FIJO|FIJO|200089168|1|0|1.0|SET FIJO|FIJO|200089168|1|0|1.0|SET FIJO|FIJO|200089168|1|0|1.0|SET FIJO|FIJO|200089168|1|0|1.0|SET FIJO|FIJO|200089168|1|0|1.0|SET FIJO|FIJO|200089168|1|0|1.0|SET FIJO|FIJO|200089168|1|0|1.0|SET FIJO|FIJO|200089168|1|0|1.0|SET FIJO|FIJO|200089168|1|0|1.0|SET FIJO|FIJO|200089168|1|0|1.0
893,SET FIJO|FIJO|200097947|1|0|1.0|SET FIJO|FIJO|200097947|1|0|1.0|SET FIJO|FIJO|200097947|1|0|1.0|SET FIJO|FIJO|200097947|1|0|1.0|SET FIJO|FIJO|200097947|1|0|1.0|SET FIJO|FIJO|P0132053000|0|0|1.0|SET FIJO|FIJO|P0132053000|0|0|1.0|SET FIJO|FIJO|P0132053000|0|0|1.0|SET FIJO|FIJO|P0132053000|0|0|1.0|SET FIJO|FIJO|P0132053000|0|0|1.0|SET FIJO|FIJO|P0132053000|0|0|1.0|SET FIJO|FIJO|P0132053000|0|0|1.0|SET FIJO|FIJO|P0132053000|0|0|1.0|SET FIJO|FIJO|200097947|1|0|1.0|SET FIJO|FIJO|200097947|1|0|1.0|SET FIJO|FIJO|200097947|1|0|1.0|SET FIJO|FIJO|200097947|1|0|1.0|SET FIJO|FIJO|200097947|1|0|1.0|SET FIJO|FIJO|200097947|1|0|1.0|SET FIJO|FIJO|200097947|1|0|1.0|SET FIJO|FIJO|P0132053000|0|0|1.0|SET FIJO|FIJO|P0132053000|0|0|1.0|SET FIJO|FIJO|P0132053000|0|0|1.0|SET FIJO|FIJO|P0132053000|0|0|1.0
895,VOLUMEN|FIJO|200051249|1|0|1.0|VOLUMEN|FIJO|200051249|1|0|1.0|VOLUMEN|FIJO|200051249|1|0|1.0|VOLUMEN|FIJO|200051249|1|0|1.0|VOLUMEN|FIJO|200051249|1|0|1.0|VOLUMEN|FIJO|200051249|1|0|1.0|VOLUMEN|FIJO|200051249|1|0|1.0|VOLUMEN|FIJO|200051249|1|0|1.0|VOLUMEN|FIJO|200051249|1|0|1.0|VOLUMEN|FIJO|200051249|1|0|1.0|VOLUMEN|FIJO|200051249|1|0|1.0|VOLUMEN|FIJO|200051249|1|0|1.0|VOLUMEN|FIJO|200051249|1|0|1.0
896,VOLUMEN|FIJO|200051249|1|0|3.0|VOLUMEN|FIJO|200051249|1|0|3.0|VOLUMEN|FIJO|200051249|1|0|3.0|VOLUMEN|FIJO|200051249|1|0|3.0|VOLUMEN|FIJO|200051249|1|0|3.0|VOLUMEN|FIJO|200051249|1|0|3.0|VOLUMEN|FIJO|200051249|1|0|3.0|VOLUMEN|FIJO|200051249|1|0|3.0|VOLUMEN|FIJO|200051249|1|0|3.0|VOLUMEN|FIJO|200051249|1|0|3.0|VOLUMEN|FIJO|200051249|1|0|3.0|VOLUMEN|FIJO|200051249|1|0|3.0|VOLUMEN|FIJO|200051249|1|0|3.0
897,VOLUMEN|FIJO|200101369|1|0|1.0|VOLUMEN|FIJO|200051249|1|0|4.0|VOLUMEN|FIJO|200101369|1|0|1.0|VOLUMEN|FIJO|200101369|1|0|1.0|VOLUMEN|FIJO|200101369|1|0|1.0|VOLUMEN|FIJO|200051249|1|0|4.0|VOLUMEN|FIJO|200051249|1|0|4.0|VOLUMEN|FIJO|200051249|1|0|4.0|VOLUMEN|FIJO|200101369|1|0|1.0|VOLUMEN|FIJO|200101369|1|0|1.0|VOLUMEN|FIJO|200101369|1|0|1.0|VOLUMEN|FIJO|200101369|1|0|1.0|VOLUMEN|FIJO|200051249|1|0|4.0|VOLUMEN|FIJO|200051249|1|0|4.0|VOLUMEN|FIJO|200051249|1|0|4.0|VOLUMEN|FIJO|200101369|1|0|1.0|VOLUMEN|FIJO|200101369|1|0|1.0|VOLUMEN|FIJO|200101369|1|0|1.0|VOLUMEN|FIJO|200101369|1|0|1.0|VOLUMEN|FIJO|200101369|1|0|1.0|VOLUMEN|FIJO|200051249|1|0|4.0|VOLUMEN|FIJO|200051249|1|0|4.0|VOLUMEN|FIJO|200051249|1|0|4.0|VOLUMEN|FIJO|200051249|1|0|4.0|VOLUMEN|FIJO|200051249|1|0|4.0|VOLUMEN|FIJO|200051249|1|0|4.0
898,VOLUMEN|FIJO|200101369|1|0|2.0|VOLUMEN|FIJO|200051249|1|0|6.0|VOLUMEN|FIJO|200101369|1|0|2.0|VOLUMEN|FIJO|200101369|1|0|2.0|VOLUMEN|FIJO|200101369|1|0|2.0|VOLUMEN|FIJO|200051249|1|0|6.0|VOLUMEN|FIJO|200051249|1|0|6.0|VOLUMEN|FIJO|200051249|1|0|6.0|VOLUMEN|FIJO|200101369|1|0|2.0|VOLUMEN|FIJO|200101369|1|0|2.0|VOLUMEN|FIJO|200101369|1|0|2.0|VOLUMEN|FIJO|200101369|1|0|2.0|VOLUMEN|FIJO|200051249|1|0|6.0|VOLUMEN|FIJO|200051249|1|0|6.0|VOLUMEN|FIJO|200051249|1|0|6.0|VOLUMEN|FIJO|200101369|1|0|2.0|VOLUMEN|FIJO|200101369|1|0|2.0|VOLUMEN|FIJO|200101369|1|0|2.0|VOLUMEN|FIJO|200101369|1|0|2.0|VOLUMEN|FIJO|200101369|1|0|2.0|VOLUMEN|FIJO|200051249|1|0|6.0|VOLUMEN|FIJO|200051249|1|0|6.0|VOLUMEN|FIJO|200051249|1|0|6.0|VOLUMEN|FIJO|200051249|1|0|6.0|VOLUMEN|FIJO|200051249|1|0|6.0|VOLUMEN|FIJO|200051249|1|0|6.0
899,VOLUMEN|FIJO|200111318|1|0|1.0|VOLUMEN|FIJO|200111318|1|0|1.0|VOLUMEN|FIJO|200111318|1|0|1.0|VOLUMEN|FIJO|200111318|1|0|1.0|VOLUMEN|FIJO|200111318|1|0|1.0|VOLUMEN|FIJO|200111318|1|0|1.0|VOLUMEN|FIJO|200111318|1|0|1.0|VOLUMEN|FIJO|200111318|1|0|1.0|VOLUMEN|FIJO|200111318|1|0|1.0|VOLUMEN|FIJO|200111318|1|0|1.0|VOLUMEN|FIJO|200111318|1|0|1.0|VOLUMEN|FIJO|200111318|1|0|1.0|VOLUMEN|FIJO|200111318|1|0|1.0
900,VOLUMEN|FIJO|200105335|1|0|2.0|VOLUMEN|FIJO|200105335|1|0|2.0|VOLUMEN|FIJO|200105335|1|0|2.0|VOLUMEN|FIJO|200105335|1|0|2.0|VOLUMEN|FIJO|200105335|1|0|2.0|VOLUMEN|FIJO|200105335|1|0|2.0|VOLUMEN|FIJO|200105335|1|0|2.0|VOLUMEN|FIJO|200111318|1|0|4.0|VOLUMEN|FIJO|200105335|1|0|2.0|VOLUMEN|FIJO|200105335|1|0|2.0|VOLUMEN|FIJO|200105335|1|0|2.0|VOLUMEN|FIJO|200105335|1|0|2.0|VOLUMEN|FIJO|200105335|1|0|2.0|VOLUMEN|FIJO|200105335|1|0|2.0|VOLUMEN|FIJO|200111318|1|0|4.0|VOLUMEN|FIJO|200111318|1|0|4.0|VOLUMEN|FIJO|200111318|1|0|4.0|VOLUMEN|FIJO|200111318|1|0|4.0|VOLUMEN|FIJO|200111318|1|0|4.0|VOLUMEN|FIJO|200111318|1|0|4.0|VOLUMEN|FIJO|200111318|1|0|4.0|VOLUMEN|FIJO|200111318|1|0|4.0|VOLUMEN|FIJO|200111318|1|0|4.0|VOLUMEN|FIJO|200111318|1|0|4.0|VOLUMEN|FIJO|200111318|1|0|4.0|VOLUMEN|FIJO|200111318|1|0|4.0
901,VOLUMEN|FIJO|200040636|1|0|1.0|VOLUMEN|FIJO|200040636|1|0|1.0
902,VOLUMEN|FIJO|200056636|1|0|1.0|VOLUMEN|FIJO|200056636|1|0|1.0|VOLUMEN|FIJO|200056636|1|0|1.0|VOLUMEN|FIJO|200056636|1|0|1.0|VOLUMEN|FIJO|200056636|1|0|1.0
903,VOLUMEN|FIJO|200056636|1|0|3.0|VOLUMEN|FIJO|200056636|1|0|3.0|VOLUMEN|FIJO|200056636|1|0|3.0|VOLUMEN|FIJO|200056636|1|0|3.0|VOLUMEN|FIJO|200056636|1|0|3.0
904,VOLUMEN|FIJO|200040636|1|0|3.0|VOLUMEN|FIJO|200040636|1|0|3.0
905,VOLUMEN|FIJO|200056636|1|0|8.0|VOLUMEN|FIJO|200056636|1|0|8.0|VOLUMEN|FIJO|200040636|1|0|4.0|VOLUMEN|FIJO|200056636|1|0|8.0|VOLUMEN|FIJO|200056636|1|0|8.0|VOLUMEN|FIJO|200056636|1|0|8.0|VOLUMEN|FIJO|200040636|1|0|4.0
906,VOLUMEN|FIJO|200118363|1|0|1.0|VOLUMEN|FIJO|200118363|1|0|1.0|VOLUMEN|FIJO|200118363|1|0|1.0|VOLUMEN|FIJO|200118363|1|0|1.0|VOLUMEN|FIJO|200118363|1|0|1.0|VOLUMEN|FIJO|200118363|1|0|1.0|VOLUMEN|FIJO|200118363|1|0|1.0|VOLUMEN|FIJO|200118363|1|0|1.0|VOLUMEN|FIJO|200118363|1|0|1.0|VOLUMEN|FIJO|200118363|1|0|1.0
907,VOLUMEN|FIJO|200091328|1|0|1.0|VOLUMEN|FIJO|200091328|1|0|1.0|VOLUMEN|FIJO|200091328|1|0|1.0|VOLUMEN|FIJO|200091328|1|0|1.0|VOLUMEN|FIJO|200091328|1|0|1.0|VOLUMEN|FIJO|200091328|1|0|1.0|VOLUMEN|FIJO|200091328|1|0|1.0|VOLUMEN|FIJO|200091328|1|0|1.0|VOLUMEN|FIJO|200091328|1|0|1.0|VOLUMEN|FIJO|200091328|1|0|1.0|VOLUMEN|FIJO|200091328|1|0|1.0
908,VOLUMEN|FIJO|200084602|1|0|1.0|VOLUMEN|FIJO|200084602|1|0|1.0|VOLUMEN|FIJO|200084602|1|0|1.0|VOLUMEN|FIJO|200084602|1|0|1.0|VOLUMEN|FIJO|200084602|1|0|1.0|VOLUMEN|FIJO|200084602|1|0|1.0|VOLUMEN|FIJO|200084602|1|0|1.0|VOLUMEN|FIJO|200084602|1|0|1.0|VOLUMEN|FIJO|200084602|1|0|1.0|VOLUMEN|FIJO|200084602|1|0|1.0|VOLUMEN|FIJO|200084602|1|0|1.0
909,VOLUMEN|FIJO|200084602|1|0|1.0|VOLUMEN|FIJO|200084602|1|0|1.0|VOLUMEN|FIJO|200091328|1|0|1.0|VOLUMEN|FIJO|200091328|1|0|1.0|VOLUMEN|FIJO|200091328|1|0|1.0|VOLUMEN|FIJO|200091328|1|0|1.0|VOLUMEN|FIJO|200091328|1|0|1.0|VOLUMEN|FIJO|200084602|1|0|1.0|VOLUMEN|FIJO|200084602|1|0|1.0|VOLUMEN|FIJO|200084602|1|0|1.0|VOLUMEN|FIJO|200084602|1|0|1.0|VOLUMEN|FIJO|200084602|1|0|1.0|VOLUMEN|FIJO|200084602|1|0|1.0|VOLUMEN|FIJO|200084602|1|0|1.0|VOLUMEN|FIJO|200084602|1|0|1.0|VOLUMEN|FIJO|200118363|1|0|1.0|VOLUMEN|FIJO|200118363|1|0|1.0|VOLUMEN|FIJO|200118363|1|0|1.0|VOLUMEN|FIJO|200118363|1|0|1.0|VOLUMEN|FIJO|200118363|1|0|1.0|VOLUMEN|FIJO|200118363|1|0|1.0|VOLUMEN|FIJO|200118363|1|0|1.0|VOLUMEN|FIJO|200118363|1|0|1.0|VOLUMEN|FIJO|200118363|1|0|1.0|VOLUMEN|FIJO|200118363|1|0|1.0|VOLUMEN|FIJO|200084602|1|0|1.0|VOLUMEN|FIJO|200091328|1|0|1.0|VOLUMEN|FIJO|200091328|1|0|1.0|VOLUMEN|FIJO|200091328|1|0|1.0|VOLUMEN|FIJO|200091328|1|0|1.0|VOLUMEN|FIJO|200091328|1|0|1.0|VOLUMEN|FIJO|200091328|1|0|1.0
910,VOLUMEN|FIJO|200091328|1|0|2.0|VOLUMEN|FIJO|200091328|1|0|2.0|VOLUMEN|FIJO|200091328|1|0|2.0|VOLUMEN|FIJO|200091328|1|0|2.0|VOLUMEN|FIJO|200091328|1|0|2.0|VOLUMEN|FIJO|200118363|1|0|1.0|VOLUMEN|FIJO|200118363|1|0|1.0|VOLUMEN|FIJO|200118363|1|0|1.0|VOLUMEN|FIJO|200118363|1|0|1.0|VOLUMEN|FIJO|200118363|1|0|1.0|VOLUMEN|FIJO|200118363|1|0|1.0|VOLUMEN|FIJO|200118363|1|0|1.0|VOLUMEN|FIJO|200118363|1|0|1.0|VOLUMEN|FIJO|200118363|1|0|1.0|VOLUMEN|FIJO|200118363|1|0|1.0|VOLUMEN|FIJO|200091328|1|0|2.0|VOLUMEN|FIJO|200091328|1|0|2.0|VOLUMEN|FIJO|200091328|1|0|2.0|VOLUMEN|FIJO|200091328|1|0|2.0|VOLUMEN|FIJO|200091328|1|0|2.0|VOLUMEN|FIJO|200091328|1|0|2.0
911,VOLUMEN|FIJO|200084602|1|0|3.0|VOLUMEN|FIJO|200084602|1|0|3.0|VOLUMEN|FIJO|200084602|1|0|3.0|VOLUMEN|FIJO|200084602|1|0|3.0|VOLUMEN|FIJO|200084602|1|0|3.0|VOLUMEN|FIJO|200084602|1|0|3.0|VOLUMEN|FIJO|200084602|1|0|3.0|VOLUMEN|FIJO|200084602|1|0|3.0|VOLUMEN|FIJO|200084602|1|0|3.0|VOLUMEN|FIJO|200084602|1|0|3.0|VOLUMEN|FIJO|200084602|1|0|3.0
912,VOLUMEN|FIJO|200084602|1|0|3.0|VOLUMEN|FIJO|200084602|1|0|3.0|VOLUMEN|FIJO|200091328|1|0|3.0|VOLUMEN|FIJO|200091328|1|0|3.0|VOLUMEN|FIJO|200091328|1|0|3.0|VOLUMEN|FIJO|200091328|1|0|3.0|VOLUMEN|FIJO|200091328|1|0|3.0|VOLUMEN|FIJO|200084602|1|0|3.0|VOLUMEN|FIJO|200084602|1|0|3.0|VOLUMEN|FIJO|200084602|1|0|3.0|VOLUMEN|FIJO|200084602|1|0|3.0|VOLUMEN|FIJO|200084602|1|0|3.0|VOLUMEN|FIJO|200084602|1|0|3.0|VOLUMEN|FIJO|200084602|1|0|3.0|VOLUMEN|FIJO|200084602|1|0|3.0|VOLUMEN|FIJO|200118363|1|0|2.0|VOLUMEN|FIJO|200118363|1|0|2.0|VOLUMEN|FIJO|200118363|1|0|2.0|VOLUMEN|FIJO|200118363|1|0|2.0|VOLUMEN|FIJO|200118363|1|0|2.0|VOLUMEN|FIJO|200118363|1|0|2.0|VOLUMEN|FIJO|200118363|1|0|2.0|VOLUMEN|FIJO|200118363|1|0|2.0|VOLUMEN|FIJO|200118363|1|0|2.0|VOLUMEN|FIJO|200118363|1|0|2.0|VOLUMEN|FIJO|200084602|1|0|3.0|VOLUMEN|FIJO|200091328|1|0|3.0|VOLUMEN|FIJO|200091328|1|0|3.0|VOLUMEN|FIJO|200091328|1|0|3.0|VOLUMEN|FIJO|200091328|1|0|3.0|VOLUMEN|FIJO|200091328|1|0|3.0|VOLUMEN|FIJO|200091328|1|0|3.0
913,VOLUMEN|FIJO|200011773|1|0|1.0|VOLUMEN|FIJO|200011773|1|0|1.0|VOLUMEN|FIJO|200011773|1|0|1.0|VOLUMEN|FIJO|200011773|1|0|1.0
914,VOLUMEN|FIJO|200011773|1|0|4.0|VOLUMEN|FIJO|200011773|1|0|4.0|VOLUMEN|FIJO|200011773|1|0|4.0|VOLUMEN|FIJO|200011773|1|0|4.0
915,VOLUMEN|FIJO|200113544|1|0|1.0|VOLUMEN|FIJO|200113544|1|0|1.0|VOLUMEN|FIJO|200113544|1|0|1.0|VOLUMEN|FIJO|200113544|1|0|1.0|VOLUMEN|FIJO|200113544|1|0|1.0|VOLUMEN|FIJO|200113544|1|0|1.0|VOLUMEN|FIJO|200113544|1|0|1.0|VOLUMEN|FIJO|200113544|1|0|1.0|VOLUMEN|FIJO|200113544|1|0|1.0|VOLUMEN|FIJO|200113544|1|0|1.0|VOLUMEN|FIJO|200113544|1|0|1.0
916,VOLUMEN|FIJO|200113544|1|0|2.0|VOLUMEN|FIJO|200113544|1|0|2.0|VOLUMEN|FIJO|200113544|1|0|2.0|VOLUMEN|FIJO|200113544|1|0|2.0|VOLUMEN|FIJO|200113544|1|0|2.0|VOLUMEN|FIJO|200113544|1|0|2.0|VOLUMEN|FIJO|200113544|1|0|2.0|VOLUMEN|FIJO|200113544|1|0|2.0|VOLUMEN|FIJO|200113544|1|0|2.0|VOLUMEN|FIJO|200113544|1|0|2.0|VOLUMEN|FIJO|200113544|1|0|2.0
917,VOLUMEN|FIJO|200113544|1|0|4.0|VOLUMEN|FIJO|200113544|1|0|4.0|VOLUMEN|FIJO|200113544|1|0|4.0|VOLUMEN|FIJO|200113544|1|0|4.0|VOLUMEN|FIJO|200113544|1|0|4.0|VOLUMEN|FIJO|200113544|1|0|4.0|VOLUMEN|FIJO|200113544|1|0|4.0|VOLUMEN|FIJO|200113544|1|0|4.0|VOLUMEN|FIJO|200113544|1|0|4.0|VOLUMEN|FIJO|200113544|1|0|4.0|VOLUMEN|FIJO|200113544|1|0|4.0
918,VOLUMEN|FIJO|200116502|1|0|1.0|VOLUMEN|FIJO|200116502|1|0|1.0|VOLUMEN|FIJO|200116502|1|0|1.0|VOLUMEN|FIJO|200116502|1|0|1.0|VOLUMEN|FIJO|200116502|1|0|1.0|VOLUMEN|FIJO|200116502|1|0|1.0|VOLUMEN|FIJO|200116502|1|0|1.0|VOLUMEN|FIJO|200116502|1|0|1.0|VOLUMEN|FIJO|200116502|1|0|1.0|VOLUMEN|FIJO|200116502|1|0|1.0|VOLUMEN|FIJO|200116502|1|0|1.0
919,VOLUMEN|FIJO|200076632|1|0|1.0|VOLUMEN|FIJO|200076632|1|0|1.0|VOLUMEN|FIJO|200076632|1|0|1.0|VOLUMEN|FIJO|200076632|1|0|1.0|VOLUMEN|FIJO|200076632|1|0|1.0|VOLUMEN|FIJO|200076632|1|0|1.0|VOLUMEN|FIJO|200076632|1|0|1.0|VOLUMEN|FIJO|200076632|1|0|1.0|VOLUMEN|FIJO|200076632|1|0|1.0|VOLUMEN|FIJO|200076632|1|0|1.0|VOLUMEN|FIJO|200076632|1|0|1.0|VOLUMEN|FIJO|200076632|1|0|1.0
920,VOLUMEN|FIJO|200116502|1|0|1.0|VOLUMEN|FIJO|200116502|1|0|1.0|VOLUMEN|FIJO|200116502|1|0|1.0|VOLUMEN|FIJO|200116502|1|0|1.0|VOLUMEN|FIJO|200116502|1|0|1.0|VOLUMEN|FIJO|200076632|1|0|1.0|VOLUMEN|FIJO|200076632|1|0|1.0|VOLUMEN|FIJO|200076632|1|0|1.0|VOLUMEN|FIJO|200076632|1|0|1.0|VOLUMEN|FIJO|200076632|1|0|1.0|VOLUMEN|FIJO|200076632|1|0|1.0|VOLUMEN|FIJO|200076632|1|0|1.0|VOLUMEN|FIJO|200076632|1|0|1.0|VOLUMEN|FIJO|200076632|1|0|1.0|VOLUMEN|FIJO|200076632|1|0|1.0|VOLUMEN|FIJO|200076632|1|0|1.0|VOLUMEN|FIJO|200116502|1|0|1.0|VOLUMEN|FIJO|200116502|1|0|1.0|VOLUMEN|FIJO|200116502|1|0|1.0|VOLUMEN|FIJO|200116502|1|0|1.0|VOLUMEN|FIJO|200116502|1|0|1.0|VOLUMEN|FIJO|200116502|1|0|1.0|VOLUMEN|FIJO|200076632|1|0|1.0
921,VOLUMEN|FIJO|200116502|1|0|2.0|VOLUMEN|FIJO|200116502|1|0|2.0|VOLUMEN|FIJO|200116502|1|0|2.0|VOLUMEN|FIJO|200116502|1|0|2.0|VOLUMEN|FIJO|200116502|1|0|2.0|VOLUMEN|FIJO|200012014|1|0|1.0|VOLUMEN|FIJO|200012014|1|0|1.0|VOLUMEN|FIJO|200012014|1|0|1.0|VOLUMEN|FIJO|200012014|1|0|1.0|VOLUMEN|FIJO|200012014|1|0|1.0|VOLUMEN|FIJO|200012014|1|0|1.0|VOLUMEN|FIJO|200012014|1|0|1.0|VOLUMEN|FIJO|200012014|1|0|1.0|VOLUMEN|FIJO|200012014|1|0|1.0|VOLUMEN|FIJO|200116502|1|0|2.0|VOLUMEN|FIJO|200012014|1|0|1.0|VOLUMEN|FIJO|200012014|1|0|1.0|VOLUMEN|FIJO|200116502|1|0|2.0|VOLUMEN|FIJO|200116502|1|0|2.0|VOLUMEN|FIJO|200116502|1|0|2.0|VOLUMEN|FIJO|200116502|1|0|2.0|VOLUMEN|FIJO|200116502|1|0|2.0
922,VOLUMEN|FIJO|200116502|1|0|3.0|VOLUMEN|FIJO|200116502|1|0|3.0|VOLUMEN|FIJO|200116502|1|0|3.0|VOLUMEN|FIJO|200116502|1|0|3.0|VOLUMEN|FIJO|200116502|1|0|3.0|VOLUMEN|FIJO|200012014|1|0|1.0|VOLUMEN|FIJO|200012014|1|0|1.0|VOLUMEN|FIJO|200012014|1|0|1.0|VOLUMEN|FIJO|200012014|1|0|1.0|VOLUMEN|FIJO|200012014|1|0|1.0|VOLUMEN|FIJO|200012014|1|0|1.0|VOLUMEN|FIJO|200012014|1|0|1.0|VOLUMEN|FIJO|200012014|1|0|1.0|VOLUMEN|FIJO|200012014|1|0|1.0|VOLUMEN|FIJO|200116502|1|0|3.0|VOLUMEN|FIJO|200012014|1|0|1.0|VOLUMEN|FIJO|200012014|1|0|1.0|VOLUMEN|FIJO|200116502|1|0|3.0|VOLUMEN|FIJO|200116502|1|0|3.0|VOLUMEN|FIJO|200116502|1|0|3.0|VOLUMEN|FIJO|200116502|1|0|3.0|VOLUMEN|FIJO|200116502|1|0|3.0
923,VOLUMEN|FIJO|200111130|1|0|1.0|VOLUMEN|FIJO|200116502|1|0|6.0|VOLUMEN|FIJO|200116502|1|0|6.0|VOLUMEN|FIJO|200116502|1|0|6.0|VOLUMEN|FIJO|200116502|1|0|6.0|VOLUMEN|FIJO|200116502|1|0|6.0|VOLUMEN|FIJO|200111130|1|0|1.0|VOLUMEN|FIJO|200111130|1|0|1.0|VOLUMEN|FIJO|200111130|1|0|1.0|VOLUMEN|FIJO|200111130|1|0|1.0|VOLUMEN|FIJO|200111130|1|0|1.0|VOLUMEN|FIJO|200111130|1|0|1.0|VOLUMEN|FIJO|200012014|1|0|3.0|VOLUMEN|FIJO|200012014|1|0|3.0|VOLUMEN|FIJO|200012014|1|0|3.0|VOLUMEN|FIJO|200111130|1|0|1.0|VOLUMEN|FIJO|200111130|1|0|1.0|VOLUMEN|FIJO|200012014|1|0|3.0|VOLUMEN|FIJO|200012014|1|0|3.0|VOLUMEN|FIJO|200111130|1|0|1.0|VOLUMEN|FIJO|200012014|1|0|3.0|VOLUMEN|FIJO|200012014|1|0|3.0|VOLUMEN|FIJO|200012014|1|0|3.0|VOLUMEN|FIJO|200012014|1|0|3.0|VOLUMEN|FIJO|200116502|1|0|6.0|VOLUMEN|FIJO|200012014|1|0|3.0|VOLUMEN|FIJO|200012014|1|0|3.0|VOLUMEN|FIJO|200116502|1|0|6.0|VOLUMEN|FIJO|200116502|1|0|6.0|VOLUMEN|FIJO|200116502|1|0|6.0|VOLUMEN|FIJO|200111130|1|0|1.0|VOLUMEN|FIJO|200116502|1|0|6.0|VOLUMEN|FIJO|200116502|1|0|6.0
924,VOLUMEN|FIJO|200076632|1|0|4.0|VOLUMEN|FIJO|200076632|1|0|4.0|VOLUMEN|FIJO|200076632|1|0|4.0|VOLUMEN|FIJO|200076632|1|0|4.0|VOLUMEN|FIJO|200076632|1|0|4.0|VOLUMEN|FIJO|200076632|1|0|4.0|VOLUMEN|FIJO|200076632|1|0|4.0|VOLUMEN|FIJO|200076632|1|0|4.0|VOLUMEN|FIJO|200076632|1|0|4.0|VOLUMEN|FIJO|200076632|1|0|4.0|VOLUMEN|FIJO|200076632|1|0|4.0|VOLUMEN|FIJO|200076632|1|0|4.0
925,VOLUMEN|FIJO|200076632|1|0|2.0|VOLUMEN|FIJO|200076632|1|0|2.0|VOLUMEN|FIJO|200076632|1|0|2.0|VOLUMEN|FIJO|200076632|1|0|2.0|VOLUMEN|FIJO|200076632|1|0|2.0|VOLUMEN|FIJO|200076632|1|0|2.0|VOLUMEN|FIJO|200076632|1|0|2.0|VOLUMEN|FIJO|200076632|1|0|2.0|VOLUMEN|FIJO|200076632|1|0|2.0|VOLUMEN|FIJO|200076632|1|0|2.0|VOLUMEN|FIJO|200076632|1|0|2.0|VOLUMEN|FIJO|200076632|1|0|2.0
926,VOLUMEN|FIJO|200093884|1|0|1.0|VOLUMEN|FIJO|200093884|1|0|1.0|VOLUMEN|FIJO|200093884|1|0|1.0|VOLUMEN|FIJO|200093884|1|0|1.0|VOLUMEN|FIJO|200093884|1|0|1.0|VOLUMEN|FIJO|200093884|1|0|1.0|VOLUMEN|FIJO|200093884|1|0|1.0|VOLUMEN|FIJO|200093884|1|0|1.0|VOLUMEN|FIJO|200093884|1|0|1.0|VOLUMEN|FIJO|200093884|1|0|1.0|VOLUMEN|FIJO|200093884|1|0|1.0|VOLUMEN|FIJO|200093884|1|0|1.0
927,VOLUMEN|FIJO|200093884|1|0|2.0|VOLUMEN|FIJO|200093884|1|0|2.0|VOLUMEN|FIJO|200093884|1|0|2.0|VOLUMEN|FIJO|200093884|1|0|2.0|VOLUMEN|FIJO|200093884|1|0|2.0|VOLUMEN|FIJO|200093884|1|0|2.0|VOLUMEN|FIJO|200093884|1|0|2.0|VOLUMEN|FIJO|200093884|1|0|2.0|VOLUMEN|FIJO|200093884|1|0|2.0|VOLUMEN|FIJO|200093884|1|0|2.0|VOLUMEN|FIJO|200093884|1|0|2.0|VOLUMEN|FIJO|200093884|1|0|2.0
928,VOLUMEN|FIJO|200093884|1|0|4.0|VOLUMEN|FIJO|200093884|1|0|4.0|VOLUMEN|FIJO|200093884|1|0|4.0|VOLUMEN|FIJO|200093884|1|0|4.0|VOLUMEN|FIJO|200093884|1|0|4.0|VOLUMEN|FIJO|200093884|1|0|4.0|VOLUMEN|FIJO|200093884|1|0|4.0|VOLUMEN|FIJO|200093884|1|0|4.0|VOLUMEN|FIJO|200093884|1|0|4.0|VOLUMEN|FIJO|200093884|1|0|4.0|VOLUMEN|FIJO|200093884|1|0|4.0|VOLUMEN|FIJO|200093884|1|0|4.0
929,VOLUMEN|FIJO|200099310|1|0|1.0|VOLUMEN|FIJO|200099310|1|0|1.0|VOLUMEN|FIJO|200099310|1|0|1.0|VOLUMEN|FIJO|200099310|1|0|1.0|VOLUMEN|FIJO|200099310|1|0|1.0|VOLUMEN|FIJO|200099310|1|0|1.0|VOLUMEN|FIJO|200099310|1|0|1.0|VOLUMEN|FIJO|200099310|1|0|1.0|VOLUMEN|FIJO|200099310|1|0|1.0|VOLUMEN|FIJO|200099310|1|0|1.0|VOLUMEN|FIJO|200099310|1|0|1.0
930,VOLUMEN|FIJO|200099310|1|0|4.0|VOLUMEN|FIJO|200099310|1|0|4.0|VOLUMEN|FIJO|200099310|1|0|4.0|VOLUMEN|FIJO|200099310|1|0|4.0|VOLUMEN|FIJO|200099310|1|0|4.0|VOLUMEN|FIJO|200099310|1|0|4.0|VOLUMEN|FIJO|200099310|1|0|4.0|VOLUMEN|FIJO|200099310|1|0|4.0|VOLUMEN|FIJO|200099310|1|0|4.0|VOLUMEN|FIJO|200099310|1|0|4.0|VOLUMEN|FIJO|200099310|1|0|4.0
931,VOLUMEN|FIJO|200099310|1|0|2.0|VOLUMEN|FIJO|200099310|1|0|2.0|VOLUMEN|FIJO|200099310|1|0|2.0|VOLUMEN|FIJO|200099310|1|0|2.0|VOLUMEN|FIJO|200099310|1|0|2.0|VOLUMEN|FIJO|200099310|1|0|2.0|VOLUMEN|FIJO|200099310|1|0|2.0|VOLUMEN|FIJO|200099310|1|0|2.0|VOLUMEN|FIJO|200099310|1|0|2.0|VOLUMEN|FIJO|200099310|1|0|2.0|VOLUMEN|FIJO|200099310|1|0|2.0
932,VOLUMEN|FIJO|P0067077007|1|0|1.0|VOLUMEN|FIJO|P0067077007|1|0|1.0|VOLUMEN|FIJO|P0067077007|1|0|1.0|VOLUMEN|FIJO|P0067077007|1|0|1.0|VOLUMEN|FIJO|P0067077007|1|0|1.0|VOLUMEN|FIJO|P0067077007|1|0|1.0|VOLUMEN|FIJO|P0067077007|1|0|1.0|VOLUMEN|FIJO|P0067077007|1|0|1.0|VOLUMEN|FIJO|P0067077007|1|0|1.0|VOLUMEN|FIJO|P0067077007|1|0|1.0|VOLUMEN|FIJO|P0067077007|1|0|1.0
933,VOLUMEN|FIJO|P0067077007|1|0|4.0|VOLUMEN|FIJO|P0292082007|1|0|2.0|VOLUMEN|FIJO|P0067077007|1|0|4.0|VOLUMEN|FIJO|P0067077007|1|0|4.0|VOLUMEN|FIJO|P0067077007|1|0|4.0|VOLUMEN|FIJO|P0067077007|1|0|4.0|VOLUMEN|FIJO|P0067077007|1|0|4.0|VOLUMEN|FIJO|P0067077007|1|0|4.0|VOLUMEN|FIJO|P0067077007|1|0|4.0|VOLUMEN|FIJO|P0067077007|1|0|4.0|VOLUMEN|FIJO|P0292082007|1|0|2.0|VOLUMEN|FIJO|P0292082007|1|0|2.0|VOLUMEN|FIJO|P0067077007|1|0|4.0|VOLUMEN|FIJO|P0067077007|1|0|4.0|VOLUMEN|FIJO|P0292082007|1|0|2.0|VOLUMEN|FIJO|P0292082007|1|0|2.0|VOLUMEN|FIJO|P0292082007|1|0|2.0|VOLUMEN|FIJO|P0292082007|1|0|2.0|VOLUMEN|FIJO|P0292082007|1|0|2.0|VOLUMEN|FIJO|P0292082007|1|0|2.0|VOLUMEN|FIJO|P0292082007|1|0|2.0|VOLUMEN|FIJO|P0292082007|1|0|2.0
934,VOLUMEN|FIJO|200039966|1|0|1.0|VOLUMEN|FIJO|200039966|1|0|1.0|VOLUMEN|FIJO|200039966|1|0|1.0|VOLUMEN|FIJO|200039966|1|0|1.0|VOLUMEN|FIJO|200039966|1|0|1.0|VOLUMEN|FIJO|200039966|1|0|1.0|VOLUMEN|FIJO|200039966|1|0|1.0|VOLUMEN|FIJO|200039966|1|0|1.0|VOLUMEN|FIJO|200039966|1|0|1.0|VOLUMEN|FIJO|200039966|1|0|1.0|VOLUMEN|FIJO|200039966|1|0|1.0
935,VOLUMEN|FIJO|200056759|1|0|1.0|VOLUMEN|FIJO|200056759|1|0|1.0|VOLUMEN|FIJO|200056759|1|0|1.0|VOLUMEN|FIJO|200039966|1|0|1.0|VOLUMEN|FIJO|200039966|1|0|3.0|VOLUMEN|FIJO|200039966|1|0|1.0|VOLUMEN|FIJO|200039966|1|0|3.0|VOLUMEN|FIJO|200039966|1|0|1.0|VOLUMEN|FIJO|200039966|1|0|3.0|VOLUMEN|FIJO|200039966|1|0|1.0|VOLUMEN|FIJO|200039966|1|0|3.0|VOLUMEN|FIJO|200039966|1|0|1.0|VOLUMEN|FIJO|200039966|1|0|3.0|VOLUMEN|FIJO|200039966|1|0|1.0|VOLUMEN|FIJO|200039966|1|0|3.0|VOLUMEN|FIJO|200056759|1|0|1.0|VOLUMEN|FIJO|200039966|1|0|1.0|VOLUMEN|FIJO|200039966|1|0|3.0|VOLUMEN|FIJO|200039966|1|0|1.0|VOLUMEN|FIJO|200039966|1|0|3.0|VOLUMEN|FIJO|200039966|1|0|1.0|VOLUMEN|FIJO|200039966|1|0|3.0|VOLUMEN|FIJO|200039966|1|0|1.0|VOLUMEN|FIJO|200039966|1|0|3.0|VOLUMEN|FIJO|200056759|1|0|1.0|VOLUMEN|FIJO|200056759|1|0|1.0|VOLUMEN|FIJO|200056759|1|0|1.0|VOLUMEN|FIJO|200056759|1|0|1.0|VOLUMEN|FIJO|200039966|1|0|1.0|VOLUMEN|FIJO|200039966|1|0|3.0|VOLUMEN|FIJO|200056759|1|0|1.0|VOLUMEN|FIJO|200056759|1|0|1.0|VOLUMEN|FIJO|200056759|1|0|1.0
936,VOLUMEN|FIJO|200039966|1|0|4.0|VOLUMEN|FIJO|200039966|1|0|4.0|VOLUMEN|FIJO|200039966|1|0|4.0|VOLUMEN|FIJO|200039966|1|0|4.0|VOLUMEN|FIJO|200039966|1|0|4.0|VOLUMEN|FIJO|200039966|1|0|4.0|VOLUMEN|FIJO|200039966|1|0|4.0|VOLUMEN|FIJO|200039966|1|0|4.0|VOLUMEN|FIJO|200039966|1|0|4.0|VOLUMEN|FIJO|200039966|1|0|4.0|VOLUMEN|FIJO|200039966|1|0|4.0
937,VOLUMEN|FIJO|200039966|1|0|5.0|VOLUMEN|FIJO|200039966|1|0|5.0|VOLUMEN|FIJO|200039966|1|0|5.0|VOLUMEN|FIJO|200039966|1|0|5.0|VOLUMEN|FIJO|200039966|1|0|5.0|VOLUMEN|FIJO|200039966|1|0|5.0|VOLUMEN|FIJO|200039966|1|0|5.0|VOLUMEN|FIJO|200039966|1|0|5.0|VOLUMEN|FIJO|200039966|1|0|5.0|VOLUMEN|FIJO|200039966|1|0|5.0|VOLUMEN|FIJO|200039966|1|0|5.0
938,VOLUMEN|FIJO|200035113|1|0|1.0|VOLUMEN|FIJO|200035113|1|0|1.0|VOLUMEN|FIJO|200035113|1|0|1.0|VOLUMEN|FIJO|200035113|1|0|1.0|VOLUMEN|FIJO|200035113|1|0|1.0
939,VOLUMEN|FIJO|200058967|1|0|1.0|VOLUMEN|FIJO|200058967|1|0|1.0|VOLUMEN|FIJO|200035116|1|0|1.0|VOLUMEN|FIJO|200035116|1|0|1.0|VOLUMEN|FIJO|200058967|1|0|1.0|VOLUMEN|FIJO|200058967|1|0|1.0|VOLUMEN|FIJO|200035116|1|0|1.0|VOLUMEN|FIJO|200035116|1|0|1.0|VOLUMEN|FIJO|200035116|1|0|1.0|VOLUMEN|FIJO|200035116|1|0|1.0|VOLUMEN|FIJO|200035113|1|0|2.0|VOLUMEN|FIJO|200035113|1|0|2.0|VOLUMEN|FIJO|200035113|1|0|2.0|VOLUMEN|FIJO|200035113|1|0|2.0|VOLUMEN|FIJO|200035113|1|0|2.0|VOLUMEN|FIJO|200058967|1|0|1.0
940,VOLUMEN|FIJO|200089168|1|0|1.0|VOLUMEN|FIJO|200089168|1|0|1.0|VOLUMEN|FIJO|200089168|1|0|1.0|VOLUMEN|FIJO|200089168|1|0|1.0|VOLUMEN|FIJO|200089168|1|0|1.0|VOLUMEN|FIJO|200089168|1|0|1.0|VOLUMEN|FIJO|200089168|1|0|1.0|VOLUMEN|FIJO|200089168|1|0|1.0|VOLUMEN|FIJO|200089168|1|0|1.0|VOLUMEN|FIJO|200089168|1|0|1.0|VOLUMEN|FIJO|200089168|1|0|1.0|VOLUMEN|FIJO|200089168|1|0|1.0|VOLUMEN|FIJO|200089168|1|0|1.0
941,VOLUMEN|FIJO|200097947|1|0|1.0|VOLUMEN|FIJO|200097947|1|0|1.0|VOLUMEN|FIJO|200097947|1|0|1.0|VOLUMEN|FIJO|200097947|1|0|1.0|VOLUMEN|FIJO|200097947|1|0|1.0|VOLUMEN|FIJO|200097947|1|0|1.0|VOLUMEN|FIJO|200097947|1|0|1.0|VOLUMEN|FIJO|200097947|1|0|1.0|VOLUMEN|FIJO|200097947|1|0|1.0|VOLUMEN|FIJO|200097947|1|0|1.0|VOLUMEN|FIJO|200097947|1|0|1.0|VOLUMEN|FIJO|200097947|1|0|1.0
942,VOLUMEN|FIJO|200116807|1|0|1.0|VOLUMEN|FIJO|200116807|1|0|1.0|VOLUMEN|FIJO|200116807|1|0|1.0|VOLUMEN|FIJO|200116807|1|0|1.0|VOLUMEN|FIJO|200116807|1|0|1.0|VOLUMEN|FIJO|200116807|1|0|1.0|VOLUMEN|FIJO|200116807|1|0|1.0|VOLUMEN|FIJO|200116807|1|0|1.0|VOLUMEN|FIJO|200116807|1|0|1.0|VOLUMEN|FIJO|200116807|1|0|1.0|VOLUMEN|FIJO|200116807|1|0|1.0|VOLUMEN|FIJO|200116807|1|0|1.0
943,VOLUMEN|FIJO|200097947|1|0|1.0|VOLUMEN|FIJO|200116807|1|0|1.0|VOLUMEN|FIJO|200089168|1|0|1.0|VOLUMEN|FIJO|200097947|1|0|1.0|VOLUMEN|FIJO|200097947|1|0|1.0|VOLUMEN|FIJO|200116807|1|0|1.0|VOLUMEN|FIJO|200116807|1|0|1.0|VOLUMEN|FIJO|200116807|1|0|1.0|VOLUMEN|FIJO|200116807|1|0|1.0|VOLUMEN|FIJO|200116807|1|0|1.0|VOLUMEN|FIJO|200116807|1|0|1.0|VOLUMEN|FIJO|200116807|1|0|1.0|VOLUMEN|FIJO|200116807|1|0|1.0|VOLUMEN|FIJO|200097947|1|0|1.0|VOLUMEN|FIJO|200097947|1|0|1.0|VOLUMEN|FIJO|200116807|1|0|1.0|VOLUMEN|FIJO|200116807|1|0|1.0|VOLUMEN|FIJO|200116807|1|0|1.0|VOLUMEN|FIJO|200097947|1|0|1.0|VOLUMEN|FIJO|200097947|1|0|1.0|VOLUMEN|FIJO|200097947|1|0|1.0|VOLUMEN|FIJO|200097947|1|0|1.0|VOLUMEN|FIJO|200097947|1|0|1.0|VOLUMEN|FIJO|200097947|1|0|1.0|VOLUMEN|FIJO|200097947|1|0|1.0|VOLUMEN|FIJO|200089168|1|0|1.0|VOLUMEN|FIJO|200089168|1|0|1.0|VOLUMEN|FIJO|200089168|1|0|1.0|VOLUMEN|FIJO|200089168|1|0|1.0|VOLUMEN|FIJO|200089168|1|0|1.0|VOLUMEN|FIJO|200089168|1|0|1.0|VOLUMEN|FIJO|200089168|1|0|1.0|VOLUMEN|FIJO|200089168|1|0|1.0|VOLUMEN|FIJO|200089168|1|0|1.0|VOLUMEN|FIJO|200089168|1|0|1.0|VOLUMEN|FIJO|200089168|1|0|1.0|VOLUMEN|FIJO|200089168|1|0|1.0
944,VOLUMEN|FIJO|200097947|1|0|1.0|VOLUMEN|FIJO|200116807|1|0|1.0|VOLUMEN|FIJO|200089168|1|0|2.0|VOLUMEN|FIJO|200097947|1|0|1.0|VOLUMEN|FIJO|200097947|1|0|1.0|VOLUMEN|FIJO|200116807|1|0|1.0|VOLUMEN|FIJO|200116807|1|0|1.0|VOLUMEN|FIJO|200116807|1|0|1.0|VOLUMEN|FIJO|200116807|1|0|1.0|VOLUMEN|FIJO|200116807|1|0|1.0|VOLUMEN|FIJO|200116807|1|0|1.0|VOLUMEN|FIJO|200116807|1|0|1.0|VOLUMEN|FIJO|200116807|1|0|1.0|VOLUMEN|FIJO|200097947|1|0|1.0|VOLUMEN|FIJO|200097947|1|0|1.0|VOLUMEN|FIJO|200116807|1|0|1.0|VOLUMEN|FIJO|200116807|1|0|1.0|VOLUMEN|FIJO|200116807|1|0|1.0|VOLUMEN|FIJO|200097947|1|0|1.0|VOLUMEN|FIJO|200097947|1|0|1.0|VOLUMEN|FIJO|200097947|1|0|1.0|VOLUMEN|FIJO|200097947|1|0|1.0|VOLUMEN|FIJO|200097947|1|0|1.0|VOLUMEN|FIJO|200097947|1|0|1.0|VOLUMEN|FIJO|200097947|1|0|1.0|VOLUMEN|FIJO|200089168|1|0|2.0|VOLUMEN|FIJO|200089168|1|0|2.0|VOLUMEN|FIJO|200089168|1|0|2.0|VOLUMEN|FIJO|200089168|1|0|2.0|VOLUMEN|FIJO|200089168|1|0|2.0|VOLUMEN|FIJO|200089168|1|0|2.0|VOLUMEN|FIJO|200089168|1|0|2.0|VOLUMEN|FIJO|200089168|1|0|2.0|VOLUMEN|FIJO|200089168|1|0|2.0|VOLUMEN|FIJO|200089168|1|0|2.0|VOLUMEN|FIJO|200089168|1|0|2.0|VOLUMEN|FIJO|200089168|1|0|2.0
945,VOLUMEN|FIJO|200097947|1|0|2.0|VOLUMEN|FIJO|200116807|1|0|1.0|VOLUMEN|FIJO|200089168|1|0|3.0|VOLUMEN|FIJO|200097947|1|0|2.0|VOLUMEN|FIJO|200097947|1|0|2.0|VOLUMEN|FIJO|200116807|1|0|1.0|VOLUMEN|FIJO|200116807|1|0|1.0|VOLUMEN|FIJO|200116807|1|0|1.0|VOLUMEN|FIJO|200116807|1|0|1.0|VOLUMEN|FIJO|200116807|1|0|1.0|VOLUMEN|FIJO|200116807|1|0|1.0|VOLUMEN|FIJO|200116807|1|0|1.0|VOLUMEN|FIJO|200116807|1|0|1.0|VOLUMEN|FIJO|200097947|1|0|2.0|VOLUMEN|FIJO|200097947|1|0|2.0|VOLUMEN|FIJO|200116807|1|0|1.0|VOLUMEN|FIJO|200116807|1|0|1.0|VOLUMEN|FIJO|200116807|1|0|1.0|VOLUMEN|FIJO|200097947|1|0|2.0|VOLUMEN|FIJO|200097947|1|0|2.0|VOLUMEN|FIJO|200097947|1|0|2.0|VOLUMEN|FIJO|200097947|1|0|2.0|VOLUMEN|FIJO|200097947|1|0|2.0|VOLUMEN|FIJO|200097947|1|0|2.0|VOLUMEN|FIJO|200097947|1|0|2.0|VOLUMEN|FIJO|200089168|1|0|3.0|VOLUMEN|FIJO|200089168|1|0|3.0|VOLUMEN|FIJO|200089168|1|0|3.0|VOLUMEN|FIJO|200089168|1|0|3.0|VOLUMEN|FIJO|200089168|1|0|3.0|VOLUMEN|FIJO|200089168|1|0|3.0|VOLUMEN|FIJO|200089168|1|0|3.0|VOLUMEN|FIJO|200089168|1|0|3.0|VOLUMEN|FIJO|200089168|1|0|3.0|VOLUMEN|FIJO|200089168|1|0|3.0|VOLUMEN|FIJO|200089168|1|0|3.0|VOLUMEN|FIJO|200089168|1|0|3.0
946,VOLUMEN|FIJO|200097947|1|0|2.0|VOLUMEN|FIJO|200116807|1|0|2.0|VOLUMEN|FIJO|200063985|1|0|1.0|VOLUMEN|FIJO|200089168|1|0|4.0|VOLUMEN|FIJO|200097947|1|0|2.0|VOLUMEN|FIJO|200097947|1|0|2.0|VOLUMEN|FIJO|200063985|1|0|1.0|VOLUMEN|FIJO|200063985|1|0|1.0|VOLUMEN|FIJO|200063985|1|0|1.0|VOLUMEN|FIJO|200116807|1|0|2.0|VOLUMEN|FIJO|200116807|1|0|2.0|VOLUMEN|FIJO|200116807|1|0|2.0|VOLUMEN|FIJO|200116807|1|0|2.0|VOLUMEN|FIJO|200116807|1|0|2.0|VOLUMEN|FIJO|200116807|1|0|2.0|VOLUMEN|FIJO|200116807|1|0|2.0|VOLUMEN|FIJO|200116807|1|0|2.0|VOLUMEN|FIJO|200063985|1|0|1.0|VOLUMEN|FIJO|200063985|1|0|1.0|VOLUMEN|FIJO|200097947|1|0|2.0|VOLUMEN|FIJO|200097947|1|0|2.0|VOLUMEN|FIJO|200116807|1|0|2.0|VOLUMEN|FIJO|200116807|1|0|2.0|VOLUMEN|FIJO|200116807|1|0|2.0|VOLUMEN|FIJO|200097947|1|0|2.0|VOLUMEN|FIJO|200097947|1|0|2.0|VOLUMEN|FIJO|200063985|1|0|1.0|VOLUMEN|FIJO|200063985|1|0|1.0|VOLUMEN|FIJO|200063985|1|0|1.0|VOLUMEN|FIJO|200097947|1|0|2.0|VOLUMEN|FIJO|200097947|1|0|2.0|VOLUMEN|FIJO|200097947|1|0|2.0|VOLUMEN|FIJO|200097947|1|0|2.0|VOLUMEN|FIJO|200097947|1|0|2.0|VOLUMEN|FIJO|200089168|1|0|4.0|VOLUMEN|FIJO|200089168|1|0|4.0|VOLUMEN|FIJO|200089168|1|0|4.0|VOLUMEN|FIJO|200089168|1|0|4.0|VOLUMEN|FIJO|200063985|1|0|1.0|VOLUMEN|FIJO|200063985|1|0|1.0|VOLUMEN|FIJO|200063985|1|0|1.0|VOLUMEN|FIJO|200089168|1|0|4.0|VOLUMEN|FIJO|200089168|1|0|4.0|VOLUMEN|FIJO|200089168|1|0|4.0|VOLUMEN|FIJO|200089168|1|0|4.0|VOLUMEN|FIJO|200089168|1|0|4.0|VOLUMEN|FIJO|200089168|1|0|4.0|VOLUMEN|FIJO|200089168|1|0|4.0|VOLUMEN|FIJO|200089168|1|0|4.0
947,VOLUMEN|FIJO|200039855|1|0|1.0|VOLUMEN|FIJO|200039855|1|0|1.0|VOLUMEN|FIJO|200039855|1|0|1.0|VOLUMEN|FIJO|200039855|1|0|1.0|VOLUMEN|FIJO|200039855|1|0|1.0|VOLUMEN|FIJO|200039855|1|0|1.0|VOLUMEN|FIJO|200039855|1|0|1.0|VOLUMEN|FIJO|200039855|1|0|1.0|VOLUMEN|FIJO|200039855|1|0|1.0|VOLUMEN|FIJO|200039855|1|0|1.0|VOLUMEN|FIJO|200039855|1|0|1.0|VOLUMEN|FIJO|200039855|1|0|1.0|VOLUMEN|FIJO|200039855|1|0|1.0
948,VOLUMEN|FIJO|200117130|1|0|1.0|VOLUMEN|FIJO|200117130|1|0|1.0|VOLUMEN|FIJO|200117130|1|0|1.0|VOLUMEN|FIJO|200117130|1|0|1.0|VOLUMEN|FIJO|200117130|1|0|1.0|VOLUMEN|FIJO|200117130|1|0|1.0|VOLUMEN|FIJO|200117130|1|0|1.0|VOLUMEN|FIJO|200117130|1|0|1.0|VOLUMEN|FIJO|200117130|1|0|1.0|VOLUMEN|FIJO|200117130|1|0|1.0|VOLUMEN|FIJO|200117130|1|0|1.0|VOLUMEN|FIJO|200117130|1|0|1.0
949,VOLUMEN|FIJO|200117130|1|0|1.0|VOLUMEN|FIJO|200117130|1|0|1.0|VOLUMEN|FIJO|200039855|1|0|2.0|VOLUMEN|FIJO|200039855|1|0|2.0|VOLUMEN|FIJO|200039855|1|0|2.0|VOLUMEN|FIJO|200039855|1|0|2.0|VOLUMEN|FIJO|200039855|1|0|2.0|VOLUMEN|FIJO|200039855|1|0|2.0|VOLUMEN|FIJO|200039855|1|0|2.0|VOLUMEN|FIJO|200039855|1|0|2.0|VOLUMEN|FIJO|200039855|1|0|2.0|VOLUMEN|FIJO|200039855|1|0|2.0|VOLUMEN|FIJO|200117130|1|0|1.0|VOLUMEN|FIJO|200117130|1|0|1.0|VOLUMEN|FIJO|200117130|1|0|1.0|VOLUMEN|FIJO|200117130|1|0|1.0|VOLUMEN|FIJO|200117130|1|0|1.0|VOLUMEN|FIJO|200117130|1|0|1.0|VOLUMEN|FIJO|200117130|1|0|1.0|VOLUMEN|FIJO|200117130|1|0|1.0|VOLUMEN|FIJO|200117130|1|0|1.0|VOLUMEN|FIJO|200117130|1|0|1.0|VOLUMEN|FIJO|200039855|1|0|2.0|VOLUMEN|FIJO|200039855|1|0|2.0|VOLUMEN|FIJO|200039855|1|0|2.0
950,VOLUMEN|FIJO|200117130|1|0|1.0|VOLUMEN|FIJO|200117130|1|0|1.0|VOLUMEN|FIJO|200039855|1|0|3.0|VOLUMEN|FIJO|200039855|1|0|3.0|VOLUMEN|FIJO|200039855|1|0|3.0|VOLUMEN|FIJO|200039855|1|0|3.0|VOLUMEN|FIJO|200039855|1|0|3.0|VOLUMEN|FIJO|200039855|1|0|3.0|VOLUMEN|FIJO|200039855|1|0|3.0|VOLUMEN|FIJO|200039855|1|0|3.0|VOLUMEN|FIJO|200039855|1|0|3.0|VOLUMEN|FIJO|200039855|1|0|3.0|VOLUMEN|FIJO|200117130|1|0|1.0|VOLUMEN|FIJO|200117130|1|0|1.0|VOLUMEN|FIJO|200117130|1|0|1.0|VOLUMEN|FIJO|200117130|1|0|1.0|VOLUMEN|FIJO|200117130|1|0|1.0|VOLUMEN|FIJO|200117130|1|0|1.0|VOLUMEN|FIJO|200117130|1|0|1.0|VOLUMEN|FIJO|200117130|1|0|1.0|VOLUMEN|FIJO|200117130|1|0|1.0|VOLUMEN|FIJO|200117130|1|0|1.0|VOLUMEN|FIJO|200039855|1|0|3.0|VOLUMEN|FIJO|200039855|1|0|3.0|VOLUMEN|FIJO|200039855|1|0|3.0
951,VOLUMEN|FIJO|200117130|1|0|2.0|VOLUMEN|FIJO|200117130|1|0|2.0|VOLUMEN|FIJO|200039855|1|0|3.0|VOLUMEN|FIJO|200039855|1|0|3.0|VOLUMEN|FIJO|200060760|1|0|1.0|VOLUMEN|FIJO|200060760|1|0|1.0|VOLUMEN|FIJO|200060760|1|0|1.0|VOLUMEN|FIJO|200060760|1|0|1.0|VOLUMEN|FIJO|200060760|1|0|1.0|VOLUMEN|FIJO|200060760|1|0|1.0|VOLUMEN|FIJO|200060760|1|0|1.0|VOLUMEN|FIJO|200060760|1|0|1.0|VOLUMEN|FIJO|200039855|1|0|3.0|VOLUMEN|FIJO|200039855|1|0|3.0|VOLUMEN|FIJO|200039855|1|0|3.0|VOLUMEN|FIJO|200039855|1|0|3.0|VOLUMEN|FIJO|200039855|1|0|3.0|VOLUMEN|FIJO|200039855|1|0|3.0|VOLUMEN|FIJO|200039855|1|0|3.0|VOLUMEN|FIJO|200060760|1|0|1.0|VOLUMEN|FIJO|200060760|1|0|1.0|VOLUMEN|FIJO|200060760|1|0|1.0|VOLUMEN|FIJO|200039855|1|0|3.0|VOLUMEN|FIJO|200060760|1|0|1.0|VOLUMEN|FIJO|200117130|1|0|2.0|VOLUMEN|FIJO|200117130|1|0|2.0|VOLUMEN|FIJO|200117130|1|0|2.0|VOLUMEN|FIJO|200117130|1|0|2.0|VOLUMEN|FIJO|200117130|1|0|2.0|VOLUMEN|FIJO|200117130|1|0|2.0|VOLUMEN|FIJO|200117130|1|0|2.0|VOLUMEN|FIJO|200117130|1|0|2.0|VOLUMEN|FIJO|200117130|1|0|2.0|VOLUMEN|FIJO|200117130|1|0|2.0|VOLUMEN|FIJO|200039855|1|0|3.0|VOLUMEN|FIJO|200039855|1|0|3.0|VOLUMEN|FIJO|200060760|1|0|1.0|VOLUMEN|FIJO|200039855|1|0|3.0|VOLUMEN|FIJO|200060760|1|0|1.0
952,VOLUMEN|FIJO|200117130|1|0|3.0|VOLUMEN|FIJO|200117130|1|0|3.0|VOLUMEN|FIJO|200039855|1|0|4.0|VOLUMEN|FIJO|200039855|1|0|4.0|VOLUMEN|FIJO|200060760|1|0|1.0|VOLUMEN|FIJO|200060760|1|0|1.0|VOLUMEN|FIJO|200060760|1|0|1.0|VOLUMEN|FIJO|200060760|1|0|1.0|VOLUMEN|FIJO|200060760|1|0|1.0|VOLUMEN|FIJO|200060760|1|0|1.0|VOLUMEN|FIJO|200060760|1|0|1.0|VOLUMEN|FIJO|200060760|1|0|1.0|VOLUMEN|FIJO|200039855|1|0|4.0|VOLUMEN|FIJO|200039855|1|0|4.0|VOLUMEN|FIJO|200039855|1|0|4.0|VOLUMEN|FIJO|200039855|1|0|4.0|VOLUMEN|FIJO|200044715|1|0|1.0|VOLUMEN|FIJO|200044715|1|0|1.0|VOLUMEN|FIJO|200044715|1|0|1.0|VOLUMEN|FIJO|200039855|1|0|4.0|VOLUMEN|FIJO|200039855|1|0|4.0|VOLUMEN|FIJO|200039855|1|0|4.0|VOLUMEN|FIJO|200060760|1|0|1.0|VOLUMEN|FIJO|200060760|1|0|1.0|VOLUMEN|FIJO|200060760|1|0|1.0|VOLUMEN|FIJO|200039855|1|0|4.0|VOLUMEN|FIJO|200060760|1|0|1.0|VOLUMEN|FIJO|200044715|1|0|1.0|VOLUMEN|FIJO|200044715|1|0|1.0|VOLUMEN|FIJO|200117130|1|0|3.0|VOLUMEN|FIJO|200117130|1|0|3.0|VOLUMEN|FIJO|200117130|1|0|3.0|VOLUMEN|FIJO|200117130|1|0|3.0|VOLUMEN|FIJO|200117130|1|0|3.0|VOLUMEN|FIJO|200117130|1|0|3.0|VOLUMEN|FIJO|200117130|1|0|3.0|VOLUMEN|FIJO|200117130|1|0|3.0|VOLUMEN|FIJO|200117130|1|0|3.0|VOLUMEN|FIJO|200044715|1|0|1.0|VOLUMEN|FIJO|200044715|1|0|1.0|VOLUMEN|FIJO|200044715|1|0|1.0|VOLUMEN|FIJO|200044715|1|0|1.0|VOLUMEN|FIJO|200117130|1|0|3.0|VOLUMEN|FIJO|200044715|1|0|1.0|VOLUMEN|FIJO|200039855|1|0|4.0|VOLUMEN|FIJO|200044715|1|0|1.0|VOLUMEN|FIJO|200039855|1|0|4.0|VOLUMEN|FIJO|200060760|1|0|1.0|VOLUMEN|FIJO|200044715|1|0|1.0|VOLUMEN|FIJO|200039855|1|0|4.0|VOLUMEN|FIJO|200060760|1|0|1.0
953,VOLUMEN|VARIABLE|P0132060000|1|0|1.0|VOLUMEN|VARIABLE|P0132060000|1|0|1.0|VOLUMEN|VARIABLE|P0132060000|1|0|1.0|VOLUMEN|VARIABLE|P0132060000|1|0|1.0|VOLUMEN|VARIABLE|P0132060000|1|0|1.0|VOLUMEN|VARIABLE|P0132060000|1|0|1.0|VOLUMEN|VARIABLE|P0132060000|1|0|1.0|VOLUMEN|VARIABLE|P0132060000|1|0|1.0|VOLUMEN|VARIABLE|P0132060000|1|0|1.0|VOLUMEN|VARIABLE|P0132060000|1|0|1.0|VOLUMEN|VARIABLE|P0132060000|1|0|1.0|VOLUMEN|VARIABLE|P0132060000|1|0|1.0|VOLUMEN|VARIABLE|P0132060000|1|0|1.0|VOLUMEN|VARIABLE|P0132060000|1|0|1.0|VOLUMEN|VARIABLE|P0132060000|1|0|1.0|VOLUMEN|VARIABLE|P0132060000|1|0|1.0|VOLUMEN|VARIABLE|P0132060000|1|0|1.0|VOLUMEN|VARIABLE|P0132060000|1|0|1.0|VOLUMEN|VARIABLE|P0132060000|1|0|1.0|VOLUMEN|VARIABLE|P0132060000|1|0|1.0|VOLUMEN|VARIABLE|P0132060000|1|0|1.0|VOLUMEN|VARIABLE|P0132060000|1|0|1.0|VOLUMEN|VARIABLE|P0132060000|1|0|1.0|VOLUMEN|VARIABLE|P0132060000|1|0|1.0
954,VOLUMEN|FIJO|P0132060000|1|0|3.0|VOLUMEN|FIJO|P0132060000|1|0|3.0|VOLUMEN|FIJO|P0132060000|1|0|3.0|VOLUMEN|FIJO|P0132060000|1|0|3.0|VOLUMEN|FIJO|P0132060000|1|0|3.0|VOLUMEN|FIJO|P0132060000|1|0|3.0|VOLUMEN|FIJO|P0132060000|1|0|1.0|VOLUMEN|FIJO|P0132060000|1|0|1.0|VOLUMEN|FIJO|P0132060000|1|0|1.0|VOLUMEN|FIJO|200060357|1|0|1.0|VOLUMEN|FIJO|200060357|1|0|1.0|VOLUMEN|FIJO|200060357|1|0|1.0|VOLUMEN|FIJO|200060357|1|0|1.0|VOLUMEN|FIJO|200060357|1|0|1.0|VOLUMEN|FIJO|P0132060000|1|0|1.0|VOLUMEN|FIJO|P0132060000|1|0|1.0|VOLUMEN|FIJO|200060357|1|0|1.0|VOLUMEN|FIJO|200060357|1|0|1.0|VOLUMEN|FIJO|200060357|1|0|1.0|VOLUMEN|FIJO|200060357|1|0|1.0|VOLUMEN|FIJO|200060357|1|0|1.0|VOLUMEN|FIJO|200060357|1|0|1.0|VOLUMEN|FIJO|200060357|1|0|1.0|VOLUMEN|FIJO|P0132060000|1|0|1.0|VOLUMEN|FIJO|P0132060000|1|0|1.0|VOLUMEN|FIJO|P0132060000|1|0|1.0|VOLUMEN|FIJO|P0132060000|1|0|1.0|VOLUMEN|FIJO|P0132060000|1|0|1.0|VOLUMEN|FIJO|P0132060000|1|0|1.0|VOLUMEN|FIJO|P0132060000|1|0|1.0|VOLUMEN|FIJO|P0132060000|1|0|3.0|VOLUMEN|FIJO|P0132060000|1|0|3.0|VOLUMEN|FIJO|P0132060000|1|0|3.0|VOLUMEN|FIJO|P0132060000|1|0|3.0|VOLUMEN|FIJO|P0132060000|1|0|3.0|VOLUMEN|FIJO|P0132060000|1|0|3.0
955,VOLUMEN|FIJO|200041664|1|0|6.0|VOLUMEN|FIJO|200041664|1|0|6.0|VOLUMEN|FIJO|200041664|1|0|6.0|VOLUMEN|FIJO|200041664|1|0|6.0|VOLUMEN|FIJO|200041664|1|0|6.0|VOLUMEN|FIJO|200041664|1|0|6.0|VOLUMEN|FIJO|200041664|1|0|6.0|VOLUMEN|FIJO|200041664|1|0|6.0|VOLUMEN|FIJO|200041664|1|0|6.0|VOLUMEN|FIJO|200041664|1|0|6.0|VOLUMEN|FIJO|200041664|1|0|6.0|VOLUMEN|FIJO|200041664|1|0|6.0
956,VOLUMEN|FIJO|200041664|1|0|3.0|VOLUMEN|FIJO|200041664|1|0|3.0|VOLUMEN|FIJO|200041664|1|0|3.0|VOLUMEN|FIJO|200041664|1|0|3.0|VOLUMEN|FIJO|200041664|1|0|3.0|VOLUMEN|FIJO|200041664|1|0|3.0|VOLUMEN|FIJO|200041664|1|0|3.0|VOLUMEN|FIJO|200041664|1|0|3.0|VOLUMEN|FIJO|200041664|1|0|3.0|VOLUMEN|FIJO|200041664|1|0|3.0|VOLUMEN|FIJO|200041664|1|0|3.0|VOLUMEN|FIJO|200041664|1|0|3.0
957,VOLUMEN|FIJO|200056617|1|0|3.0|VOLUMEN|FIJO|200056617|1|0|3.0|VOLUMEN|FIJO|200056617|1|0|3.0|VOLUMEN|FIJO|200056617|1|0|3.0|VOLUMEN|FIJO|200056617|1|0|3.0|VOLUMEN|FIJO|200056617|1|0|3.0|VOLUMEN|FIJO|200056617|1|0|3.0|VOLUMEN|FIJO|200056617|1|0|3.0|VOLUMEN|FIJO|200056617|1|0|3.0|VOLUMEN|FIJO|200056617|1|0|3.0|VOLUMEN|FIJO|200056617|1|0|3.0|VOLUMEN|FIJO|200056617|1|0|3.0
958,VOLUMEN|FIJO|200056617|1|0|6.0|VOLUMEN|FIJO|200056617|1|0|6.0|VOLUMEN|FIJO|200056617|1|0|6.0|VOLUMEN|FIJO|200056617|1|0|6.0|VOLUMEN|FIJO|200056617|1|0|6.0|VOLUMEN|FIJO|200056617|1|0|6.0|VOLUMEN|FIJO|200056617|1|0|6.0|VOLUMEN|FIJO|200056617|1|0|6.0|VOLUMEN|FIJO|200056617|1|0|6.0|VOLUMEN|FIJO|200056617|1|0|6.0|VOLUMEN|FIJO|200056617|1|0|6.0|VOLUMEN|FIJO|200056617|1|0|6.0
959,VOLUMEN|FIJO|200046326|1|0|3.0|VOLUMEN|FIJO|200046326|1|0|3.0|VOLUMEN|FIJO|200046326|1|0|3.0|VOLUMEN|FIJO|200046326|1|0|3.0|VOLUMEN|FIJO|200046326|1|0|3.0|VOLUMEN|FIJO|200046326|1|0|3.0|VOLUMEN|FIJO|200046326|1|0|3.0|VOLUMEN|FIJO|200046326|1|0|3.0|VOLUMEN|FIJO|200046326|1|0|3.0
960,VOLUMEN|FIJO|200046326|1|0|5.0|VOLUMEN|FIJO|200046326|1|0|5.0|VOLUMEN|FIJO|200046326|1|0|5.0|VOLUMEN|FIJO|200046326|1|0|5.0|VOLUMEN|FIJO|200046326|1|0|5.0|VOLUMEN|FIJO|200046326|1|0|5.0|VOLUMEN|FIJO|200046326|1|0|5.0|VOLUMEN|FIJO|200046326|1|0|5.0|VOLUMEN|FIJO|200046326|1|0|5.0
961,VOLUMEN|FIJO|200056621|1|0|3.0|VOLUMEN|FIJO|200056621|1|0|3.0|VOLUMEN|FIJO|200056621|1|0|3.0|VOLUMEN|FIJO|200056621|1|0|3.0
962,VOLUMEN|FIJO|200056621|1|0|6.0|VOLUMEN|FIJO|200056621|1|0|6.0|VOLUMEN|FIJO|200056621|1|0|6.0|VOLUMEN|FIJO|200056621|1|0|6.0
963,VOLUMEN|FIJO|200043487|1|0|3.0|VOLUMEN|FIJO|200043487|1|0|3.0|VOLUMEN|FIJO|200043487|1|0|3.0|VOLUMEN|FIJO|200043487|1|0|3.0
964,VOLUMEN|FIJO|200043487|1|0|5.0|VOLUMEN|FIJO|200043487|1|0|5.0|VOLUMEN|FIJO|200043487|1|0|5.0|VOLUMEN|FIJO|200043487|1|0|5.0
965,VOLUMEN|FIJO|200095669|1|0|3.0|VOLUMEN|FIJO|200095669|1|0|3.0|VOLUMEN|FIJO|200095669|1|0|3.0|VOLUMEN|FIJO|200095669|1|0|3.0|VOLUMEN|FIJO|200095669|1|0|3.0|VOLUMEN|FIJO|200095669|1|0|3.0|VOLUMEN|FIJO|200095669|1|0|3.0|VOLUMEN|FIJO|200095669|1|0|3.0|VOLUMEN|FIJO|200095669|1|0|3.0|VOLUMEN|FIJO|200095669|1|0|3.0|VOLUMEN|FIJO|200095669|1|0|3.0
966,VOLUMEN|FIJO|200095669|1|0|5.0|VOLUMEN|FIJO|200095669|1|0|5.0|VOLUMEN|FIJO|200095669|1|0|5.0|VOLUMEN|FIJO|200095669|1|0|5.0|VOLUMEN|FIJO|200095669|1|0|5.0|VOLUMEN|FIJO|200095669|1|0|5.0|VOLUMEN|FIJO|200095669|1|0|5.0|VOLUMEN|FIJO|200095669|1|0|5.0|VOLUMEN|FIJO|200095669|1|0|5.0|VOLUMEN|FIJO|200095669|1|0|5.0|VOLUMEN|FIJO|200095669|1|0|5.0
967,VOLUMEN|FIJO|200063934|1|0|3.0|VOLUMEN|FIJO|200063934|1|0|3.0|VOLUMEN|FIJO|200063934|1|0|3.0|VOLUMEN|FIJO|200063934|1|0|3.0|VOLUMEN|FIJO|200063934|1|0|3.0|VOLUMEN|FIJO|200063934|1|0|3.0|VOLUMEN|FIJO|200063934|1|0|3.0|VOLUMEN|FIJO|200063934|1|0|3.0|VOLUMEN|FIJO|200063934|1|0|3.0
968,VOLUMEN|FIJO|200063934|1|0|6.0|VOLUMEN|FIJO|200063934|1|0|6.0|VOLUMEN|FIJO|200063934|1|0|6.0|VOLUMEN|FIJO|200063934|1|0|6.0|VOLUMEN|FIJO|200063934|1|0|6.0|VOLUMEN|FIJO|200063934|1|0|6.0|VOLUMEN|FIJO|200063934|1|0|6.0|VOLUMEN|FIJO|200063934|1|0|6.0|VOLUMEN|FIJO|200063934|1|0|6.0
969,VOLUMEN|FIJO|200046332|1|0|3.0|VOLUMEN|FIJO|200046332|1|0|3.0
970,VOLUMEN|FIJO|200046332|1|0|5.0|VOLUMEN|FIJO|200046332|1|0|5.0
971,VOLUMEN|FIJO|200093863|1|0|3.0|VOLUMEN|FIJO|200093863|1|0|3.0|VOLUMEN|FIJO|200093863|1|0|3.0|VOLUMEN|FIJO|200093863|1|0|3.0|VOLUMEN|FIJO|200093863|1|0|3.0|VOLUMEN|FIJO|200093863|1|0|3.0|VOLUMEN|FIJO|200093863|1|0|3.0|VOLUMEN|FIJO|200093863|1|0|3.0|VOLUMEN|FIJO|200093863|1|0|3.0
972,VOLUMEN|FIJO|200093863|1|0|5.0|VOLUMEN|FIJO|200093863|1|0|5.0|VOLUMEN|FIJO|200093863|1|0|5.0|VOLUMEN|FIJO|200093863|1|0|5.0|VOLUMEN|FIJO|200093863|1|0|5.0|VOLUMEN|FIJO|200093863|1|0|5.0|VOLUMEN|FIJO|200093863|1|0|5.0|VOLUMEN|FIJO|200093863|1|0|5.0|VOLUMEN|FIJO|200093863|1|0|5.0
973,VOLUMEN|FIJO|200014172|1|0|3.0|VOLUMEN|FIJO|200014172|1|0|3.0|VOLUMEN|FIJO|200014172|1|0|3.0|VOLUMEN|FIJO|200014172|1|0|3.0|VOLUMEN|FIJO|200014172|1|0|3.0|VOLUMEN|FIJO|200014172|1|0|3.0|VOLUMEN|FIJO|200014172|1|0|3.0|VOLUMEN|FIJO|200014172|1|0|3.0|VOLUMEN|FIJO|200014172|1|0|3.0|VOLUMEN|FIJO|200014172|1|0|3.0|VOLUMEN|FIJO|200014172|1|0|3.0|VOLUMEN|FIJO|200014172|1|0|3.0
974,VOLUMEN|FIJO|200014172|1|0|6.0|VOLUMEN|FIJO|200014172|1|0|6.0|VOLUMEN|FIJO|200014172|1|0|6.0|VOLUMEN|FIJO|200014172|1|0|6.0|VOLUMEN|FIJO|200014172|1|0|6.0|VOLUMEN|FIJO|200014172|1|0|6.0|VOLUMEN|FIJO|200014172|1|0|6.0|VOLUMEN|FIJO|200014172|1|0|6.0|VOLUMEN|FIJO|200014172|1|0|6.0|VOLUMEN|FIJO|200014172|1|0|6.0|VOLUMEN|FIJO|200014172|1|0|6.0|VOLUMEN|FIJO|200014172|1|0|6.0
975,VOLUMEN|FIJO|200067292|1|0|3.0|VOLUMEN|FIJO|200067292|1|0|3.0|VOLUMEN|FIJO|200067292|1|0|3.0|VOLUMEN|FIJO|200067292|1|0|3.0|VOLUMEN|FIJO|200067292|1|0|3.0|VOLUMEN|FIJO|200067292|1|0|3.0|VOLUMEN|FIJO|200067292|1|0|3.0|VOLUMEN|FIJO|200067292|1|0|3.0|VOLUMEN|FIJO|200067292|1|0|3.0|VOLUMEN|FIJO|200067292|1|0|3.0|VOLUMEN|FIJO|200067292|1|0|3.0
976,VOLUMEN|FIJO|200067292|1|0|5.0|VOLUMEN|FIJO|200067292|1|0|5.0|VOLUMEN|FIJO|200067292|1|0|5.0|VOLUMEN|FIJO|200067292|1|0|5.0|VOLUMEN|FIJO|200067292|1|0|5.0|VOLUMEN|FIJO|200067292|1|0|5.0|VOLUMEN|FIJO|200067292|1|0|5.0|VOLUMEN|FIJO|200067292|1|0|5.0|VOLUMEN|FIJO|200067292|1|0|5.0|VOLUMEN|FIJO|200067292|1|0|5.0|VOLUMEN|FIJO|200067292|1|0|5.0
977,VOLUMEN|FIJO|200072538|1|0|3.0|VOLUMEN|FIJO|200072538|1|0|3.0|VOLUMEN|FIJO|200072538|1|0|3.0|VOLUMEN|FIJO|200072538|1|0|3.0|VOLUMEN|FIJO|200072538|1|0|3.0|VOLUMEN|FIJO|200072538|1|0|3.0|VOLUMEN|FIJO|200072538|1|0|3.0|VOLUMEN|FIJO|200072538|1|0|3.0|VOLUMEN|FIJO|200072538|1|0|3.0|VOLUMEN|FIJO|200072538|1|0|3.0
978,VOLUMEN|FIJO|200072538|1|0|5.0|VOLUMEN|FIJO|200072538|1|0|5.0|VOLUMEN|FIJO|200072538|1|0|5.0|VOLUMEN|FIJO|200072538|1|0|5.0|VOLUMEN|FIJO|200072538|1|0|5.0|VOLUMEN|FIJO|200072538|1|0|5.0|VOLUMEN|FIJO|200072538|1|0|5.0|VOLUMEN|FIJO|200072538|1|0|5.0|VOLUMEN|FIJO|200072538|1|0|5.0|VOLUMEN|FIJO|200072538|1|0|5.0
979,VOLUMEN|FIJO|200095922|1|0|3.0|VOLUMEN|FIJO|200095922|1|0|3.0|VOLUMEN|FIJO|200095922|1|0|3.0|VOLUMEN|FIJO|200095922|1|0|3.0|VOLUMEN|FIJO|200095922|1|0|3.0|VOLUMEN|FIJO|200095922|1|0|3.0|VOLUMEN|FIJO|200095922|1|0|3.0|VOLUMEN|FIJO|200095922|1|0|3.0|VOLUMEN|FIJO|200095922|1|0|3.0|VOLUMEN|FIJO|200095922|1|0|3.0|VOLUMEN|FIJO|200095922|1|0|3.0
980,VOLUMEN|FIJO|200095922|1|0|5.0|VOLUMEN|FIJO|200095922|1|0|5.0|VOLUMEN|FIJO|200095922|1|0|5.0|VOLUMEN|FIJO|200095922|1|0|5.0|VOLUMEN|FIJO|200095922|1|0|5.0|VOLUMEN|FIJO|200095922|1|0|5.0|VOLUMEN|FIJO|200095922|1|0|5.0|VOLUMEN|FIJO|200095922|1|0|5.0|VOLUMEN|FIJO|200095922|1|0|5.0|VOLUMEN|FIJO|200095922|1|0|5.0|VOLUMEN|FIJO|200095922|1|0|5.0
981,VOLUMEN|FIJO|P0067077007|1|0|2.0|VOLUMEN|FIJO|P0067077007|1|0|2.0|VOLUMEN|FIJO|P0067077007|1|0|2.0|VOLUMEN|FIJO|P0067077007|1|0|2.0|VOLUMEN|FIJO|P0067077007|1|0|2.0|VOLUMEN|FIJO|P0067077007|1|0|2.0|VOLUMEN|FIJO|P0067077007|1|0|2.0|VOLUMEN|FIJO|P0067077007|1|0|2.0|VOLUMEN|FIJO|P0067077007|1|0|2.0|VOLUMEN|FIJO|P0067077007|1|0|2.0|VOLUMEN|FIJO|P0067077007|1|0|2.0
982,VOLUMEN|FIJO|200043496|1|0|5.0|VOLUMEN|FIJO|200043496|1|0|5.0|VOLUMEN|FIJO|200043496|1|0|5.0|VOLUMEN|FIJO|200043496|1|0|5.0|VOLUMEN|FIJO|200043496|1|0|5.0|VOLUMEN|FIJO|200043496|1|0|5.0|VOLUMEN|FIJO|200043496|1|0|5.0|VOLUMEN|FIJO|200043496|1|0|5.0|VOLUMEN|FIJO|200043496|1|0|5.0|VOLUMEN|FIJO|200043496|1|0|5.0
983,VOLUMEN|FIJO|200043496|1|0|3.0|VOLUMEN|FIJO|200043496|1|0|3.0|VOLUMEN|FIJO|200043496|1|0|3.0|VOLUMEN|FIJO|200043496|1|0|3.0|VOLUMEN|FIJO|200043496|1|0|3.0|VOLUMEN|FIJO|200043496|1|0|3.0|VOLUMEN|FIJO|200043496|1|0|3.0|VOLUMEN|FIJO|200043496|1|0|3.0|VOLUMEN|FIJO|200043496|1|0|3.0|VOLUMEN|FIJO|200043496|1|0|3.0
984,VOLUMEN|FIJO|200046331|1|0|3.0|VOLUMEN|FIJO|200046331|1|0|3.0|VOLUMEN|FIJO|200046331|1|0|3.0|VOLUMEN|FIJO|200046331|1|0|3.0|VOLUMEN|FIJO|200046331|1|0|3.0|VOLUMEN|FIJO|200046331|1|0|3.0|VOLUMEN|FIJO|200046331|1|0|3.0|VOLUMEN|FIJO|200046331|1|0|3.0|VOLUMEN|FIJO|200046331|1|0|3.0
985,VOLUMEN|FIJO|200046331|1|0|5.0|VOLUMEN|FIJO|200046331|1|0|5.0|VOLUMEN|FIJO|200046331|1|0|5.0|VOLUMEN|FIJO|200046331|1|0|5.0|VOLUMEN|FIJO|200046331|1|0|5.0|VOLUMEN|FIJO|200046331|1|0|5.0|VOLUMEN|FIJO|200046331|1|0|5.0|VOLUMEN|FIJO|200046331|1|0|5.0|VOLUMEN|FIJO|200046331|1|0|5.0
986,VOLUMEN|FIJO|200111319|1|0|3.0|VOLUMEN|FIJO|200111319|1|0|3.0|VOLUMEN|FIJO|200111319|1|0|3.0|VOLUMEN|FIJO|200111319|1|0|3.0|VOLUMEN|FIJO|200111319|1|0|3.0|VOLUMEN|FIJO|200111319|1|0|3.0|VOLUMEN|FIJO|200116338|0|0|3.0|VOLUMEN|FIJO|200116338|0|0|3.0|VOLUMEN|FIJO|200116338|0|0|3.0|VOLUMEN|FIJO|200116338|0|0|3.0|VOLUMEN|FIJO|200116338|0|0|3.0|VOLUMEN|FIJO|200116338|0|0|3.0|VOLUMEN|FIJO|200116338|0|0|3.0|VOLUMEN|FIJO|200116338|0|0|3.0|VOLUMEN|FIJO|200116338|0|0|3.0|VOLUMEN|FIJO|200116338|0|0|3.0|VOLUMEN|FIJO|200111319|1|0|3.0|VOLUMEN|FIJO|200111319|1|0|3.0|VOLUMEN|FIJO|200111319|1|0|3.0|VOLUMEN|FIJO|200111319|1|0|3.0|VOLUMEN|FIJO|200111319|1|0|3.0|VOLUMEN|FIJO|200111319|1|0|3.0|VOLUMEN|FIJO|200111319|1|0|3.0|VOLUMEN|FIJO|200116338|0|0|3.0|VOLUMEN|FIJO|200116338|0|0|3.0|VOLUMEN|FIJO|200116338|0|0|3.0
987,VOLUMEN|FIJO|200111319|1|0|2.0|VOLUMEN|FIJO|200111319|1|0|2.0|VOLUMEN|FIJO|200111319|1|0|2.0|VOLUMEN|FIJO|200111319|1|0|2.0|VOLUMEN|FIJO|200111319|1|0|2.0|VOLUMEN|FIJO|200111319|1|0|2.0|VOLUMEN|FIJO|200116338|0|0|2.0|VOLUMEN|FIJO|200116338|0|0|2.0|VOLUMEN|FIJO|200116338|0|0|2.0|VOLUMEN|FIJO|200116338|0|0|2.0|VOLUMEN|FIJO|200116338|0|0|2.0|VOLUMEN|FIJO|200116338|0|0|2.0|VOLUMEN|FIJO|200116338|0|0|2.0|VOLUMEN|FIJO|200116338|0|0|2.0|VOLUMEN|FIJO|200116338|0|0|2.0|VOLUMEN|FIJO|200116338|0|0|2.0|VOLUMEN|FIJO|200117191|0|0|1.0|VOLUMEN|FIJO|200117191|0|0|1.0|VOLUMEN|FIJO|200117191|0|0|1.0|VOLUMEN|FIJO|200117191|0|0|1.0|VOLUMEN|FIJO|200117191|0|0|1.0|VOLUMEN|FIJO|200117191|0|0|1.0|VOLUMEN|FIJO|200117191|0|0|1.0|VOLUMEN|FIJO|200117191|0|0|1.0|VOLUMEN|FIJO|200111319|1|0|2.0|VOLUMEN|FIJO|200111319|1|0|2.0|VOLUMEN|FIJO|200111319|1|0|2.0|VOLUMEN|FIJO|200111319|1|0|2.0|VOLUMEN|FIJO|200111319|1|0|2.0|VOLUMEN|FIJO|200117191|0|0|1.0|VOLUMEN|FIJO|200117191|0|0|1.0|VOLUMEN|FIJO|200117191|0|0|1.0|VOLUMEN|FIJO|200117191|0|0|1.0|VOLUMEN|FIJO|200111319|1|0|2.0|VOLUMEN|FIJO|200111319|1|0|2.0|VOLUMEN|FIJO|200116338|0|0|2.0|VOLUMEN|FIJO|200117191|0|0|1.0|VOLUMEN|FIJO|200116338|0|0|2.0|VOLUMEN|FIJO|200116338|0|0|2.0
988,VOLUMEN|FIJO|200111319|1|0|4.0|VOLUMEN|FIJO|200111319|1|0|4.0|VOLUMEN|FIJO|200111319|1|0|4.0|VOLUMEN|FIJO|200111319|1|0|4.0|VOLUMEN|FIJO|200111319|1|0|4.0|VOLUMEN|FIJO|200111319|1|0|4.0|VOLUMEN|FIJO|200050979|0|0|1.0|VOLUMEN|FIJO|200050979|0|0|1.0|VOLUMEN|FIJO|200116338|0|0|4.0|VOLUMEN|FIJO|200116338|0|0|4.0|VOLUMEN|FIJO|200116338|0|0|4.0|VOLUMEN|FIJO|200116338|0|0|4.0|VOLUMEN|FIJO|200116338|0|0|4.0|VOLUMEN|FIJO|200116338|0|0|4.0|VOLUMEN|FIJO|200116338|0|0|4.0|VOLUMEN|FIJO|200116338|0|0|4.0|VOLUMEN|FIJO|200116338|0|0|4.0|VOLUMEN|FIJO|200116338|0|0|4.0|VOLUMEN|FIJO|200050979|0|0|1.0|VOLUMEN|FIJO|200111319|1|0|4.0|VOLUMEN|FIJO|200111319|1|0|4.0|VOLUMEN|FIJO|200111319|1|0|4.0|VOLUMEN|FIJO|200111319|1|0|4.0|VOLUMEN|FIJO|200111319|1|0|4.0|VOLUMEN|FIJO|200050979|0|0|1.0|VOLUMEN|FIJO|200050979|0|0|1.0|VOLUMEN|FIJO|200050979|0|0|1.0|VOLUMEN|FIJO|200050979|0|0|1.0|VOLUMEN|FIJO|200050979|0|0|1.0|VOLUMEN|FIJO|200050979|0|0|1.0|VOLUMEN|FIJO|200050979|0|0|1.0|VOLUMEN|FIJO|200111319|1|0|4.0|VOLUMEN|FIJO|200111319|1|0|4.0|VOLUMEN|FIJO|200116338|0|0|4.0|VOLUMEN|FIJO|200050979|0|0|1.0|VOLUMEN|FIJO|200050979|0|0|1.0|VOLUMEN|FIJO|200050979|0|0|1.0|VOLUMEN|FIJO|200116338|0|0|4.0|VOLUMEN|FIJO|200116338|0|0|4.0|VOLUMEN|FIJO|200050979|0|0|1.0
989,VOLUMEN|FIJO|200111319|1|0|6.0|VOLUMEN|FIJO|200111319|1|0|6.0|VOLUMEN|FIJO|200111319|1|0|6.0|VOLUMEN|FIJO|200111319|1|0|6.0|VOLUMEN|FIJO|200111319|1|0|6.0|VOLUMEN|FIJO|200111319|1|0|6.0|VOLUMEN|FIJO|200050979|0|0|1.0|VOLUMEN|FIJO|200050979|0|0|1.0|VOLUMEN|FIJO|200116338|0|0|6.0|VOLUMEN|FIJO|200116338|0|0|6.0|VOLUMEN|FIJO|200116338|0|0|6.0|VOLUMEN|FIJO|200116338|0|0|6.0|VOLUMEN|FIJO|200116338|0|0|6.0|VOLUMEN|FIJO|200116338|0|0|6.0|VOLUMEN|FIJO|200116338|0|0|6.0|VOLUMEN|FIJO|200116338|0|0|6.0|VOLUMEN|FIJO|200116338|0|0|6.0|VOLUMEN|FIJO|200116338|0|0|6.0|VOLUMEN|FIJO|200050979|0|0|1.0|VOLUMEN|FIJO|200117191|0|0|1.0|VOLUMEN|FIJO|200117191|0|0|1.0|VOLUMEN|FIJO|200117191|0|0|1.0|VOLUMEN|FIJO|200117191|0|0|1.0|VOLUMEN|FIJO|200117191|0|0|1.0|VOLUMEN|FIJO|200117191|0|0|1.0|VOLUMEN|FIJO|200117191|0|0|1.0|VOLUMEN|FIJO|200117191|0|0|1.0|VOLUMEN|FIJO|200111319|1|0|6.0|VOLUMEN|FIJO|200111319|1|0|6.0|VOLUMEN|FIJO|200111319|1|0|6.0|VOLUMEN|FIJO|200111319|1|0|6.0|VOLUMEN|FIJO|200111319|1|0|6.0|VOLUMEN|FIJO|200050979|0|0|1.0|VOLUMEN|FIJO|200050979|0|0|1.0|VOLUMEN|FIJO|200050979|0|0|1.0|VOLUMEN|FIJO|200050979|0|0|1.0|VOLUMEN|FIJO|200050979|0|0|1.0|VOLUMEN|FIJO|200050979|0|0|1.0|VOLUMEN|FIJO|200117191|0|0|1.0|VOLUMEN|FIJO|200117191|0|0|1.0|VOLUMEN|FIJO|200117191|0|0|1.0|VOLUMEN|FIJO|200050979|0|0|1.0|VOLUMEN|FIJO|200117191|0|0|1.0|VOLUMEN|FIJO|200111319|1|0|6.0|VOLUMEN|FIJO|200111319|1|0|6.0|VOLUMEN|FIJO|200116338|0|0|6.0|VOLUMEN|FIJO|200117191|0|0|1.0|VOLUMEN|FIJO|200050979|0|0|1.0|VOLUMEN|FIJO|200050979|0|0|1.0|VOLUMEN|FIJO|200050979|0|0|1.0|VOLUMEN|FIJO|200116338|0|0|6.0|VOLUMEN|FIJO|200116338|0|0|6.0|VOLUMEN|FIJO|200050979|0|0|1.0
990,VOLUMEN|FIJO|200038324|1|0|2.0|VOLUMEN|FIJO|200038324|1|0|2.0|VOLUMEN|FIJO|200038324|1|0|2.0|VOLUMEN|FIJO|200038324|1|0|2.0|VOLUMEN|FIJO|200038324|1|0|2.0|VOLUMEN|FIJO|200038324|1|0|2.0|VOLUMEN|FIJO|200038324|1|0|2.0
991,VOLUMEN|FIJO|200038319|1|0|2.0|VOLUMEN|FIJO|200038319|1|0|2.0|VOLUMEN|FIJO|200038319|1|0|2.0|VOLUMEN|FIJO|200038319|1|0|2.0|VOLUMEN|FIJO|200038319|1|0|2.0|VOLUMEN|FIJO|200038319|1|0|2.0|VOLUMEN|FIJO|200038319|1|0|2.0
992,VOLUMEN|FIJO|200017521|1|0|3.0|VOLUMEN|FIJO|200017521|1|0|3.0|VOLUMEN|FIJO|200017521|1|0|3.0|VOLUMEN|FIJO|200017521|1|0|3.0|VOLUMEN|FIJO|200017521|1|0|3.0
993,VOLUMEN|FIJO|200017521|1|0|6.0|VOLUMEN|FIJO|200017521|1|0|6.0|VOLUMEN|FIJO|200017521|1|0|6.0|VOLUMEN|FIJO|200017521|1|0|6.0|VOLUMEN|FIJO|200017521|1|0|6.0
994,VOLUMEN|FIJO|200043493|1|0|3.0|VOLUMEN|FIJO|200043493|1|0|3.0|VOLUMEN|FIJO|200043493|1|0|3.0|VOLUMEN|FIJO|200043493|1|0|3.0|VOLUMEN|FIJO|200043493|1|0|3.0|VOLUMEN|FIJO|200043493|1|0|3.0|VOLUMEN|FIJO|200043493|1|0|3.0|VOLUMEN|FIJO|200043493|1|0|3.0|VOLUMEN|FIJO|200043493|1|0|3.0
995,VOLUMEN|FIJO|200043493|1|0|5.0|VOLUMEN|FIJO|200043493|1|0|5.0|VOLUMEN|FIJO|200043493|1|0|5.0|VOLUMEN|FIJO|200043493|1|0|5.0|VOLUMEN|FIJO|200043493|1|0|5.0|VOLUMEN|FIJO|200043493|1|0|5.0|VOLUMEN|FIJO|200043493|1|0|5.0|VOLUMEN|FIJO|200043493|1|0|5.0|VOLUMEN|FIJO|200043493|1|0|5.0
996,VOLUMEN|FIJO|200040880|1|0|4.0|VOLUMEN|FIJO|200040880|1|0|4.0|VOLUMEN|FIJO|200040880|1|0|4.0
997,VOLUMEN|FIJO|200056121|1|0|5.0|VOLUMEN|FIJO|200056121|1|0|5.0|VOLUMEN|FIJO|200056121|1|0|5.0|VOLUMEN|FIJO|200056121|1|0|5.0|VOLUMEN|FIJO|200056121|1|0|5.0
998,VOLUMEN|FIJO|200056121|1|0|3.0|VOLUMEN|FIJO|200056121|1|0|3.0|VOLUMEN|FIJO|200056121|1|0|3.0|VOLUMEN|FIJO|200056121|1|0|3.0|VOLUMEN|FIJO|200056121|1|0|3.0
999,VOLUMEN|FIJO|200072404|1|0|3.0|VOLUMEN|FIJO|200072404|1|0|3.0|VOLUMEN|FIJO|200072404|1|0|3.0|VOLUMEN|FIJO|200072404|1|0|3.0|VOLUMEN|FIJO|200072404|1|0|3.0|VOLUMEN|FIJO|200072404|1|0|3.0|VOLUMEN|FIJO|200072404|1|0|3.0|VOLUMEN|FIJO|200072404|1|0|3.0|VOLUMEN|FIJO|200072404|1|0|3.0|VOLUMEN|FIJO|200072404|1|0|3.0|VOLUMEN|FIJO|200072404|1|0|3.0|VOLUMEN|FIJO|200072404|1|0|3.0
1000,VOLUMEN|FIJO|200072404|1|0|5.0|VOLUMEN|FIJO|200072404|1|0|5.0|VOLUMEN|FIJO|200072404|1|0|5.0|VOLUMEN|FIJO|200072404|1|0|5.0|VOLUMEN|FIJO|200072404|1|0|5.0|VOLUMEN|FIJO|200072404|1|0|5.0|VOLUMEN|FIJO|200072404|1|0|5.0|VOLUMEN|FIJO|200072404|1|0|5.0|VOLUMEN|FIJO|200072404|1|0|5.0|VOLUMEN|FIJO|200072404|1|0|5.0|VOLUMEN|FIJO|200072404|1|0|5.0|VOLUMEN|FIJO|200072404|1|0|5.0
1001,VOLUMEN|FIJO|200045540|1|0|3.0|VOLUMEN|FIJO|200045540|1|0|3.0|VOLUMEN|FIJO|200045540|1|0|3.0|VOLUMEN|FIJO|200045540|1|0|3.0|VOLUMEN|FIJO|200045540|1|0|3.0|VOLUMEN|FIJO|200045540|1|0|3.0
1002,VOLUMEN|FIJO|200045540|1|0|6.0|VOLUMEN|FIJO|200045540|1|0|6.0|VOLUMEN|FIJO|200045540|1|0|6.0|VOLUMEN|FIJO|200045540|1|0|6.0|VOLUMEN|FIJO|200045540|1|0|6.0|VOLUMEN|FIJO|200045540|1|0|6.0
1003,VOLUMEN|FIJO|200051355|1|0|5.0|VOLUMEN|FIJO|200051355|1|0|5.0|VOLUMEN|FIJO|200051355|1|0|5.0|VOLUMEN|FIJO|200051355|1|0|5.0|VOLUMEN|FIJO|200051355|1|0|5.0|VOLUMEN|FIJO|200051355|1|0|5.0|VOLUMEN|FIJO|200051355|1|0|5.0
1004,VOLUMEN|FIJO|200051355|1|0|3.0|VOLUMEN|FIJO|200051355|1|0|3.0|VOLUMEN|FIJO|200051355|1|0|3.0|VOLUMEN|FIJO|200051355|1|0|3.0|VOLUMEN|FIJO|200051355|1|0|3.0|VOLUMEN|FIJO|200051355|1|0|3.0|VOLUMEN|FIJO|200051355|1|0|3.0
1005,VOLUMEN|FIJO|200059112|1|0|3.0
1006,VOLUMEN|FIJO|200059112|1|0|5.0
1007,VOLUMEN|FIJO|200051232|1|0|3.0|VOLUMEN|FIJO|200051232|1|0|3.0|VOLUMEN|FIJO|200051232|1|0|3.0|VOLUMEN|FIJO|200051232|1|0|3.0|VOLUMEN|FIJO|200051232|1|0|3.0|VOLUMEN|FIJO|200051232|1|0|3.0|VOLUMEN|FIJO|200051232|1|0|3.0|VOLUMEN|FIJO|200051232|1|0|3.0|VOLUMEN|FIJO|200051232|1|0|3.0|VOLUMEN|FIJO|200051232|1|0|3.0
1008,VOLUMEN|FIJO|P0132060000|1|0|2.0|VOLUMEN|FIJO|P0132060000|1|0|2.0|VOLUMEN|FIJO|P0132060000|1|0|2.0|VOLUMEN|FIJO|P0132060000|1|0|2.0|VOLUMEN|FIJO|P0132060000|1|0|2.0|VOLUMEN|FIJO|P0132060000|1|0|2.0|VOLUMEN|FIJO|P0132060000|1|0|2.0|VOLUMEN|FIJO|P0132060000|1|0|2.0|VOLUMEN|FIJO|P0132060000|1|0|2.0|VOLUMEN|FIJO|P0132060000|1|0|2.0|VOLUMEN|FIJO|P0132060000|1|0|2.0|VOLUMEN|FIJO|P0132060000|1|0|2.0
1009,VOLUMEN|FIJO|P0132060000|1|0|2.0|VOLUMEN|FIJO|P0132060000|1|0|2.0|VOLUMEN|FIJO|P0132060000|1|0|2.0|VOLUMEN|FIJO|P0132060000|1|0|2.0|VOLUMEN|FIJO|P0132060000|1|0|2.0|VOLUMEN|FIJO|P0132060000|1|0|2.0|VOLUMEN|FIJO|P0132060000|1|0|2.0|VOLUMEN|FIJO|P0132060000|1|0|2.0|VOLUMEN|FIJO|P0132060000|1|0|2.0|VOLUMEN|FIJO|P0132060000|1|0|2.0|VOLUMEN|FIJO|P0132060000|1|0|2.0|VOLUMEN|FIJO|P0132060000|1|0|2.0
1010,VOLUMEN|FIJO|P0132053000|1|0|2.0|VOLUMEN|FIJO|P0132053000|1|0|2.0|VOLUMEN|FIJO|P0132053000|1|0|2.0|VOLUMEN|FIJO|P0132053000|1|0|2.0|VOLUMEN|FIJO|P0132053000|1|0|2.0|VOLUMEN|FIJO|P0132053000|1|0|2.0|VOLUMEN|FIJO|P0132053000|1|0|2.0|VOLUMEN|FIJO|P0132053000|1|0|2.0|VOLUMEN|FIJO|P0132053000|1|0|2.0|VOLUMEN|FIJO|P0132053000|1|0|2.0|VOLUMEN|FIJO|P0132053000|1|0|2.0|VOLUMEN|FIJO|P0132053000|1|0|2.0
1011,VOLUMEN|FIJO|P0132053000|1|0|2.0|VOLUMEN|FIJO|P0132053000|1|0|2.0|VOLUMEN|FIJO|P0132053000|1|0|2.0|VOLUMEN|FIJO|P0132053000|1|0|2.0|VOLUMEN|FIJO|P0132053000|1|0|2.0|VOLUMEN|FIJO|P0132053000|1|0|2.0|VOLUMEN|FIJO|P0132053000|1|0|2.0|VOLUMEN|FIJO|P0132053000|1|0|2.0|VOLUMEN|FIJO|P0132053000|1|0|2.0|VOLUMEN|FIJO|P0132053000|1|0|2.0|VOLUMEN|FIJO|P0132053000|1|0|2.0|VOLUMEN|FIJO|P0132053000|1|0|2.0
1012,VOLUMEN|FIJO|P0132053000|1|0|2.0|VOLUMEN|FIJO|P0132053000|1|0|2.0|VOLUMEN|FIJO|P0132053000|1|0|2.0|VOLUMEN|FIJO|P0132053000|1|0|2.0|VOLUMEN|FIJO|P0132053000|1|0|2.0|VOLUMEN|FIJO|P0132053000|1|0|2.0|VOLUMEN|FIJO|P0132053000|1|0|2.0|VOLUMEN|FIJO|P0132053000|1|0|2.0|VOLUMEN|FIJO|P0132053000|1|0|2.0|VOLUMEN|FIJO|P0132053000|1|0|2.0|VOLUMEN|FIJO|P0132053000|1|0|2.0|VOLUMEN|FIJO|P0132053000|1|0|2.0
1013,VOLUMEN|FIJO|P0132053000|1|0|4.0|VOLUMEN|FIJO|P0132053000|1|0|4.0|VOLUMEN|FIJO|P0132053000|1|0|4.0|VOLUMEN|FIJO|P0132053000|1|0|4.0|VOLUMEN|FIJO|P0132053000|1|0|4.0|VOLUMEN|FIJO|P0132053000|1|0|4.0|VOLUMEN|FIJO|P0132053000|1|0|4.0|VOLUMEN|FIJO|P0132053000|1|0|4.0|VOLUMEN|FIJO|P0132053000|1|0|4.0|VOLUMEN|FIJO|P0132053000|1|0|4.0|VOLUMEN|FIJO|P0132053000|1|0|4.0|VOLUMEN|FIJO|P0132053000|1|0|4.0
1014,VOLUMEN|FIJO|P0132053000|1|0|4.0|VOLUMEN|FIJO|P0132053000|1|0|4.0|VOLUMEN|FIJO|P0132053000|1|0|4.0|VOLUMEN|FIJO|P0132053000|1|0|4.0|VOLUMEN|FIJO|P0132053000|1|0|4.0|VOLUMEN|FIJO|P0132053000|1|0|4.0|VOLUMEN|FIJO|P0132053000|1|0|4.0|VOLUMEN|FIJO|P0132053000|1|0|4.0|VOLUMEN|FIJO|P0132053000|1|0|4.0|VOLUMEN|FIJO|P0132053000|1|0|4.0|VOLUMEN|FIJO|P0132053000|1|0|4.0|VOLUMEN|FIJO|P0132053000|1|0|4.0
1015,VOLUMEN|FIJO|P0132053000|1|0|4.0|VOLUMEN|FIJO|P0132053000|1|0|4.0|VOLUMEN|FIJO|P0132053000|1|0|4.0|VOLUMEN|FIJO|P0132053000|1|0|4.0|VOLUMEN|FIJO|P0132053000|1|0|4.0|VOLUMEN|FIJO|P0132053000|1|0|4.0|VOLUMEN|FIJO|P0132053000|1|0|4.0|VOLUMEN|FIJO|P0132053000|1|0|4.0|VOLUMEN|FIJO|P0132053000|1|0|4.0|VOLUMEN|FIJO|P0132053000|1|0|4.0|VOLUMEN|FIJO|P0132053000|1|0|4.0|VOLUMEN|FIJO|P0132053000|1|0|4.0
1016,VOLUMEN|FIJO|P0132053000|1|0|6.0|VOLUMEN|FIJO|P0132053000|1|0|6.0|VOLUMEN|FIJO|P0132053000|1|0|6.0|VOLUMEN|FIJO|P0132053000|1|0|6.0|VOLUMEN|FIJO|P0132053000|1|0|6.0|VOLUMEN|FIJO|P0132053000|1|0|6.0|VOLUMEN|FIJO|P0132053000|1|0|6.0|VOLUMEN|FIJO|P0132053000|1|0|6.0|VOLUMEN|FIJO|P0132053000|1|0|6.0|VOLUMEN|FIJO|P0132053000|1|0|6.0|VOLUMEN|FIJO|P0132053000|1|0|6.0|VOLUMEN|FIJO|P0132053000|1|0|6.0
1017,VOLUMEN|FIJO|P0132053000|1|0|6.0|VOLUMEN|FIJO|P0132053000|1|0|6.0|VOLUMEN|FIJO|P0132053000|1|0|6.0|VOLUMEN|FIJO|P0132053000|1|0|6.0|VOLUMEN|FIJO|P0132053000|1|0|6.0|VOLUMEN|FIJO|P0132053000|1|0|6.0|VOLUMEN|FIJO|P0132053000|1|0|6.0|VOLUMEN|FIJO|P0132053000|1|0|6.0|VOLUMEN|FIJO|P0132053000|1|0|6.0|VOLUMEN|FIJO|P0132053000|1|0|6.0|VOLUMEN|FIJO|P0132053000|1|0|6.0|VOLUMEN|FIJO|P0132053000|1|0|6.0
1018,VOLUMEN|FIJO|P0132053000|1|0|6.0|VOLUMEN|FIJO|P0132053000|1|0|6.0|VOLUMEN|FIJO|P0132053000|1|0|6.0|VOLUMEN|FIJO|P0132053000|1|0|6.0|VOLUMEN|FIJO|P0132053000|1|0|6.0|VOLUMEN|FIJO|P0132053000|1|0|6.0|VOLUMEN|FIJO|P0132053000|1|0|6.0|VOLUMEN|FIJO|P0132053000|1|0|6.0|VOLUMEN|FIJO|P0132053000|1|0|6.0|VOLUMEN|FIJO|P0132053000|1|0|6.0|VOLUMEN|FIJO|P0132053000|1|0|6.0|VOLUMEN|FIJO|P0132053000|1|0|6.0
1019,VOLUMEN|FIJO|P0132053000|1|0|6.0|VOLUMEN|FIJO|P0132053000|1|0|6.0|VOLUMEN|FIJO|P0132053000|1|0|6.0|VOLUMEN|FIJO|P0132053000|1|0|6.0|VOLUMEN|FIJO|P0132053000|1|0|6.0|VOLUMEN|FIJO|P0132053000|1|0|6.0|VOLUMEN|FIJO|P0132053000|1|0|6.0|VOLUMEN|FIJO|P0132053000|1|0|6.0|VOLUMEN|FIJO|P0132053000|1|0|6.0|VOLUMEN|FIJO|P0132053000|1|0|6.0|VOLUMEN|FIJO|P0132053000|1|0|6.0|VOLUMEN|FIJO|P0132053000|1|0|6.0
1020,VOLUMEN|FIJO|P0132053000|1|0|6.0|VOLUMEN|FIJO|P0132053000|1|0|6.0|VOLUMEN|FIJO|P0132053000|1|0|6.0|VOLUMEN|FIJO|P0132053000|1|0|6.0|VOLUMEN|FIJO|P0132053000|1|0|6.0|VOLUMEN|FIJO|P0132053000|1|0|6.0|VOLUMEN|FIJO|P0132053000|1|0|6.0|VOLUMEN|FIJO|P0132053000|1|0|6.0|VOLUMEN|FIJO|P0132053000|1|0|6.0|VOLUMEN|FIJO|P0132053000|1|0|6.0|VOLUMEN|FIJO|P0132053000|1|0|6.0|VOLUMEN|FIJO|P0132053000|1|0|6.0
1021,VOLUMEN|FIJO|P0132053000|1|0|6.0|VOLUMEN|FIJO|P0132053000|1|0|6.0|VOLUMEN|FIJO|P0132053000|1|0|6.0|VOLUMEN|FIJO|P0132053000|1|0|6.0|VOLUMEN|FIJO|P0132053000|1|0|6.0|VOLUMEN|FIJO|P0132053000|1|0|6.0|VOLUMEN|FIJO|P0132053000|1|0|6.0|VOLUMEN|FIJO|P0132053000|1|0|6.0|VOLUMEN|FIJO|P0132053000|1|0|6.0|VOLUMEN|FIJO|P0132053000|1|0|6.0|VOLUMEN|FIJO|P0132053000|1|0|6.0|VOLUMEN|FIJO|P0132053000|1|0|6.0
1022,VOLUMEN|FIJO|P0132053000|1|0|6.0|VOLUMEN|FIJO|P0132053000|1|0|6.0|VOLUMEN|FIJO|P0132053000|1|0|6.0|VOLUMEN|FIJO|P0132053000|1|0|6.0|VOLUMEN|FIJO|P0132053000|1|0|6.0|VOLUMEN|FIJO|P0132053000|1|0|6.0|VOLUMEN|FIJO|P0132053000|1|0|6.0|VOLUMEN|FIJO|P0132053000|1|0|6.0|VOLUMEN|FIJO|P0132053000|1|0|6.0|VOLUMEN|FIJO|P0132053000|1|0|6.0|VOLUMEN|FIJO|P0132053000|1|0|6.0|VOLUMEN|FIJO|P0132053000|1|0|6.0
1023,VOLUMEN|FIJO|P0132053000|1|0|6.0|VOLUMEN|FIJO|P0132053000|1|0|6.0|VOLUMEN|FIJO|P0132053000|1|0|6.0|VOLUMEN|FIJO|P0132053000|1|0|6.0|VOLUMEN|FIJO|P0132053000|1|0|6.0|VOLUMEN|FIJO|P0132053000|1|0|6.0|VOLUMEN|FIJO|P0132053000|1|0|6.0|VOLUMEN|FIJO|P0132053000|1|0|6.0|VOLUMEN|FIJO|P0132053000|1|0|6.0|VOLUMEN|FIJO|P0132053000|1|0|6.0|VOLUMEN|FIJO|P0132053000|1|0|6.0|VOLUMEN|FIJO|P0132053000|1|0|6.0
1024,VOLUMEN|FIJO|P0132053000|1|0|6.0|VOLUMEN|FIJO|P0132053000|1|0|6.0|VOLUMEN|FIJO|P0132053000|1|0|6.0|VOLUMEN|FIJO|P0132053000|1|0|6.0|VOLUMEN|FIJO|P0132053000|1|0|6.0|VOLUMEN|FIJO|P0132053000|1|0|6.0|VOLUMEN|FIJO|P0132053000|1|0|6.0|VOLUMEN|FIJO|P0132053000|1|0|6.0|VOLUMEN|FIJO|P0132053000|1|0|6.0|VOLUMEN|FIJO|P0132053000|1|0|6.0|VOLUMEN|FIJO|P0132053000|1|0|6.0|VOLUMEN|FIJO|P0132053000|1|0|6.0
1025,VOLUMEN|FIJO|P0132053000|1|0|6.0|VOLUMEN|FIJO|P0132053000|1|0|6.0|VOLUMEN|FIJO|P0132053000|1|0|6.0|VOLUMEN|FIJO|P0132053000|1|0|6.0|VOLUMEN|FIJO|P0132053000|1|0|6.0|VOLUMEN|FIJO|P0132053000|1|0|6.0|VOLUMEN|FIJO|P0132053000|1|0|6.0|VOLUMEN|FIJO|P0132053000|1|0|6.0|VOLUMEN|FIJO|P0132053000|1|0|6.0|VOLUMEN|FIJO|P0132053000|1|0|6.0|VOLUMEN|FIJO|P0132053000|1|0|6.0|VOLUMEN|FIJO|P0132053000|1|0|6.0
1026,VOLUMEN|FIJO|P0132053000|1|0|6.0|VOLUMEN|FIJO|P0132053000|1|0|6.0|VOLUMEN|FIJO|P0132053000|1|0|6.0|VOLUMEN|FIJO|P0132053000|1|0|6.0|VOLUMEN|FIJO|P0132053000|1|0|6.0|VOLUMEN|FIJO|P0132053000|1|0|6.0|VOLUMEN|FIJO|P0132053000|1|0|6.0|VOLUMEN|FIJO|P0132053000|1|0|6.0|VOLUMEN|FIJO|P0132053000|1|0|6.0|VOLUMEN|FIJO|P0132053000|1|0|6.0|VOLUMEN|FIJO|P0132053000|1|0|6.0|VOLUMEN|FIJO|P0132053000|1|0|6.0
1027,VOLUMEN|FIJO|P0132053000|1|0|6.0|VOLUMEN|FIJO|P0132053000|1|0|6.0|VOLUMEN|FIJO|P0132053000|1|0|6.0|VOLUMEN|FIJO|P0132053000|1|0|6.0|VOLUMEN|FIJO|P0132053000|1|0|6.0|VOLUMEN|FIJO|P0132053000|1|0|6.0|VOLUMEN|FIJO|P0132053000|1|0|6.0|VOLUMEN|FIJO|P0132053000|1|0|6.0|VOLUMEN|FIJO|P0132053000|1|0|6.0|VOLUMEN|FIJO|P0132053000|1|0|6.0|VOLUMEN|FIJO|P0132053000|1|0|6.0|VOLUMEN|FIJO|P0132053000|1|0|6.0
1028,VOLUMEN|FIJO|P0132053000|1|0|6.0|VOLUMEN|FIJO|P0132053000|1|0|6.0|VOLUMEN|FIJO|P0132053000|1|0|6.0|VOLUMEN|FIJO|P0132053000|1|0|6.0|VOLUMEN|FIJO|P0132053000|1|0|6.0|VOLUMEN|FIJO|P0132053000|1|0|6.0|VOLUMEN|FIJO|P0132053000|1|0|6.0|VOLUMEN|FIJO|P0132053000|1|0|6.0|VOLUMEN|FIJO|P0132053000|1|0|6.0|VOLUMEN|FIJO|P0132053000|1|0|6.0|VOLUMEN|FIJO|P0132053000|1|0|6.0|VOLUMEN|FIJO|P0132053000|1|0|6.0
1029,VOLUMEN|FIJO|P0132053000|1|0|6.0|VOLUMEN|FIJO|P0132053000|1|0|6.0|VOLUMEN|FIJO|P0132053000|1|0|6.0|VOLUMEN|FIJO|P0132053000|1|0|6.0|VOLUMEN|FIJO|P0132053000|1|0|6.0|VOLUMEN|FIJO|P0132053000|1|0|6.0|VOLUMEN|FIJO|P0132053000|1|0|6.0|VOLUMEN|FIJO|P0132053000|1|0|6.0|VOLUMEN|FIJO|P0132053000|1|0|6.0|VOLUMEN|FIJO|P0132053000|1|0|6.0|VOLUMEN|FIJO|P0132053000|1|0|6.0|VOLUMEN|FIJO|P0132053000|1|0|6.0
1030,VOLUMEN|FIJO|P0132053000|1|0|6.0|VOLUMEN|FIJO|P0132053000|1|0|6.0|VOLUMEN|FIJO|P0132053000|1|0|6.0|VOLUMEN|FIJO|P0132053000|1|0|6.0|VOLUMEN|FIJO|P0132053000|1|0|6.0|VOLUMEN|FIJO|P0132053000|1|0|6.0|VOLUMEN|FIJO|P0132053000|1|0|6.0|VOLUMEN|FIJO|P0132053000|1|0|6.0|VOLUMEN|FIJO|P0132053000|1|0|6.0|VOLUMEN|FIJO|P0132053000|1|0|6.0|VOLUMEN|FIJO|P0132053000|1|0|6.0|VOLUMEN|FIJO|P0132053000|1|0|6.0
1031,VOLUMEN|FIJO|P0132053000|1|0|6.0|VOLUMEN|FIJO|P0132053000|1|0|6.0|VOLUMEN|FIJO|P0132053000|1|0|6.0|VOLUMEN|FIJO|P0132053000|1|0|6.0|VOLUMEN|FIJO|P0132053000|1|0|6.0|VOLUMEN|FIJO|P0132053000|1|0|6.0|VOLUMEN|FIJO|P0132053000|1|0|6.0|VOLUMEN|FIJO|P0132053000|1|0|6.0|VOLUMEN|FIJO|P0132053000|1|0|6.0|VOLUMEN|FIJO|P0132053000|1|0|6.0|VOLUMEN|FIJO|P0132053000|1|0|6.0|VOLUMEN|FIJO|P0132053000|1|0|6.0
1032,VOLUMEN|FIJO|P0132053000|1|0|6.0|VOLUMEN|FIJO|P0132053000|1|0|6.0|VOLUMEN|FIJO|P0132053000|1|0|6.0|VOLUMEN|FIJO|P0132053000|1|0|6.0|VOLUMEN|FIJO|P0132053000|1|0|6.0|VOLUMEN|FIJO|P0132053000|1|0|6.0|VOLUMEN|FIJO|P0132053000|1|0|6.0|VOLUMEN|FIJO|P0132053000|1|0|6.0|VOLUMEN|FIJO|P0132053000|1|0|6.0|VOLUMEN|FIJO|P0132053000|1|0|6.0|VOLUMEN|FIJO|P0132053000|1|0|6.0|VOLUMEN|FIJO|P0132053000|1|0|6.0
1033,VOLUMEN|FIJO|P0132053000|1|0|6.0|VOLUMEN|FIJO|P0132053000|1|0|6.0|VOLUMEN|FIJO|P0132053000|1|0|6.0|VOLUMEN|FIJO|P0132053000|1|0|6.0|VOLUMEN|FIJO|P0132053000|1|0|6.0|VOLUMEN|FIJO|P0132053000|1|0|6.0|VOLUMEN|FIJO|P0132053000|1|0|6.0|VOLUMEN|FIJO|P0132053000|1|0|6.0|VOLUMEN|FIJO|P0132053000|1|0|6.0|VOLUMEN|FIJO|P0132053000|1|0|6.0|VOLUMEN|FIJO|P0132053000|1|0|6.0|VOLUMEN|FIJO|P0132053000|1|0|6.0
1034,VOLUMEN|FIJO|P0132053000|1|0|6.0|VOLUMEN|FIJO|P0132053000|1|0|6.0|VOLUMEN|FIJO|P0132053000|1|0|6.0|VOLUMEN|FIJO|P0132053000|1|0|6.0|VOLUMEN|FIJO|P0132053000|1|0|6.0|VOLUMEN|FIJO|P0132053000|1|0|6.0|VOLUMEN|FIJO|P0132053000|1|0|6.0|VOLUMEN|FIJO|P0132053000|1|0|6.0|VOLUMEN|FIJO|P0132053000|1|0|6.0|VOLUMEN|FIJO|P0132053000|1|0|6.0|VOLUMEN|FIJO|P0132053000|1|0|6.0|VOLUMEN|FIJO|P0132053000|1|0|6.0
1035,VOLUMEN|FIJO|P0132053000|1|0|6.0|VOLUMEN|FIJO|P0132053000|1|0|6.0|VOLUMEN|FIJO|P0132053000|1|0|6.0|VOLUMEN|FIJO|P0132053000|1|0|6.0|VOLUMEN|FIJO|P0132053000|1|0|6.0|VOLUMEN|FIJO|P0132053000|1|0|6.0|VOLUMEN|FIJO|P0132053000|1|0|6.0|VOLUMEN|FIJO|P0132053000|1|0|6.0|VOLUMEN|FIJO|P0132053000|1|0|6.0|VOLUMEN|FIJO|P0132053000|1|0|6.0|VOLUMEN|FIJO|P0132053000|1|0|6.0|VOLUMEN|FIJO|P0132053000|1|0|6.0
1036,VOLUMEN|FIJO|P0132053000|1|0|6.0|VOLUMEN|FIJO|P0132053000|1|0|6.0|VOLUMEN|FIJO|P0132053000|1|0|6.0|VOLUMEN|FIJO|P0132053000|1|0|6.0|VOLUMEN|FIJO|P0132053000|1|0|6.0|VOLUMEN|FIJO|P0132053000|1|0|6.0|VOLUMEN|FIJO|P0132053000|1|0|6.0|VOLUMEN|FIJO|P0132053000|1|0|6.0|VOLUMEN|FIJO|P0132053000|1|0|6.0|VOLUMEN|FIJO|P0132053000|1|0|6.0|VOLUMEN|FIJO|P0132053000|1|0|6.0|VOLUMEN|FIJO|P0132053000|1|0|6.0
1037,VOLUMEN|FIJO|P0132053000|1|0|6.0|VOLUMEN|FIJO|P0132053000|1|0|6.0|VOLUMEN|FIJO|P0132053000|1|0|6.0|VOLUMEN|FIJO|P0132053000|1|0|6.0|VOLUMEN|FIJO|P0132053000|1|0|6.0|VOLUMEN|FIJO|P0132053000|1|0|6.0|VOLUMEN|FIJO|P0132053000|1|0|6.0|VOLUMEN|FIJO|P0132053000|1|0|6.0|VOLUMEN|FIJO|P0132053000|1|0|6.0|VOLUMEN|FIJO|P0132053000|1|0|6.0|VOLUMEN|FIJO|P0132053000|1|0|6.0|VOLUMEN|FIJO|P0132053000|1|0|6.0
1038,VOLUMEN|FIJO|P0132053000|1|0|6.0|VOLUMEN|FIJO|P0132053000|1|0|6.0|VOLUMEN|FIJO|P0132053000|1|0|6.0|VOLUMEN|FIJO|P0132053000|1|0|6.0|VOLUMEN|FIJO|P0132053000|1|0|6.0|VOLUMEN|FIJO|P0132053000|1|0|6.0|VOLUMEN|FIJO|P0132053000|1|0|6.0|VOLUMEN|FIJO|P0132053000|1|0|6.0|VOLUMEN|FIJO|P0132053000|1|0|6.0|VOLUMEN|FIJO|P0132053000|1|0|6.0|VOLUMEN|FIJO|P0132053000|1|0|6.0|VOLUMEN|FIJO|P0132053000|1|0|6.0
1039,VOLUMEN|FIJO|P0132053000|1|0|2.0|VOLUMEN|FIJO|P0132053000|1|0|2.0|VOLUMEN|FIJO|P0132053000|1|0|2.0|VOLUMEN|FIJO|P0132053000|1|0|2.0|VOLUMEN|FIJO|P0132053000|1|0|2.0|VOLUMEN|FIJO|P0132053000|1|0|2.0|VOLUMEN|FIJO|P0132053000|1|0|2.0|VOLUMEN|FIJO|P0132053000|1|0|2.0|VOLUMEN|FIJO|P0132053000|1|0|2.0|VOLUMEN|FIJO|P0132053000|1|0|2.0|VOLUMEN|FIJO|P0132053000|1|0|2.0|VOLUMEN|FIJO|P0132053000|1|0|2.0
1040,VOLUMEN|FIJO|P0132053000|1|0|2.0|VOLUMEN|FIJO|P0132053000|1|0|2.0|VOLUMEN|FIJO|P0132053000|1|0|2.0|VOLUMEN|FIJO|P0132053000|1|0|2.0|VOLUMEN|FIJO|P0132053000|1|0|2.0|VOLUMEN|FIJO|P0132053000|1|0|2.0|VOLUMEN|FIJO|P0132053000|1|0|2.0|VOLUMEN|FIJO|P0132053000|1|0|2.0|VOLUMEN|FIJO|P0132053000|1|0|2.0|VOLUMEN|FIJO|P0132053000|1|0|2.0|VOLUMEN|FIJO|P0132053000|1|0|2.0|VOLUMEN|FIJO|P0132053000|1|0|2.0
1041,VOLUMEN|FIJO|P0132053000|1|0|2.0|VOLUMEN|FIJO|P0132053000|1|0|2.0|VOLUMEN|FIJO|P0132053000|1|0|2.0|VOLUMEN|FIJO|P0132053000|1|0|2.0|VOLUMEN|FIJO|P0132053000|1|0|2.0|VOLUMEN|FIJO|P0132053000|1|0|2.0|VOLUMEN|FIJO|P0132053000|1|0|2.0|VOLUMEN|FIJO|P0132053000|1|0|2.0|VOLUMEN|FIJO|P0132053000|1|0|2.0|VOLUMEN|FIJO|P0132053000|1|0|2.0|VOLUMEN|FIJO|P0132053000|1|0|2.0|VOLUMEN|FIJO|P0132053000|1|0|2.0
1042,VOLUMEN|FIJO|P0132053000|1|0|2.0|VOLUMEN|FIJO|P0132053000|1|0|2.0|VOLUMEN|FIJO|P0132053000|1|0|2.0|VOLUMEN|FIJO|P0132053000|1|0|2.0|VOLUMEN|FIJO|P0132053000|1|0|2.0|VOLUMEN|FIJO|P0132053000|1|0|2.0|VOLUMEN|FIJO|P0132053000|1|0|2.0|VOLUMEN|FIJO|P0132053000|1|0|2.0|VOLUMEN|FIJO|P0132053000|1|0|2.0|VOLUMEN|FIJO|P0132053000|1|0|2.0|VOLUMEN|FIJO|P0132053000|1|0|2.0|VOLUMEN|FIJO|P0132053000|1|0|2.0
1043,VOLUMEN|FIJO|P0132053000|1|0|2.0|VOLUMEN|FIJO|P0132053000|1|0|2.0|VOLUMEN|FIJO|P0132053000|1|0|2.0|VOLUMEN|FIJO|P0132053000|1|0|2.0|VOLUMEN|FIJO|P0132053000|1|0|2.0|VOLUMEN|FIJO|P0132053000|1|0|2.0|VOLUMEN|FIJO|P0132053000|1|0|2.0|VOLUMEN|FIJO|P0132053000|1|0|2.0|VOLUMEN|FIJO|P0132053000|1|0|2.0|VOLUMEN|FIJO|P0132053000|1|0|2.0|VOLUMEN|FIJO|P0132053000|1|0|2.0|VOLUMEN|FIJO|P0132053000|1|0|2.0
1044,VOLUMEN|FIJO|P0132053000|1|0|2.0|VOLUMEN|FIJO|P0132053000|1|0|2.0|VOLUMEN|FIJO|P0132053000|1|0|2.0|VOLUMEN|FIJO|P0132053000|1|0|2.0|VOLUMEN|FIJO|P0132053000|1|0|2.0|VOLUMEN|FIJO|P0132053000|1|0|2.0|VOLUMEN|FIJO|P0132053000|1|0|2.0|VOLUMEN|FIJO|P0132053000|1|0|2.0|VOLUMEN|FIJO|P0132053000|1|0|2.0|VOLUMEN|FIJO|P0132053000|1|0|2.0|VOLUMEN|FIJO|P0132053000|1|0|2.0|VOLUMEN|FIJO|P0132053000|1|0|2.0
1045,VOLUMEN|FIJO|P0132053000|1|0|2.0|VOLUMEN|FIJO|P0132053000|1|0|2.0|VOLUMEN|FIJO|P0132053000|1|0|2.0|VOLUMEN|FIJO|P0132053000|1|0|2.0|VOLUMEN|FIJO|P0132053000|1|0|2.0|VOLUMEN|FIJO|P0132053000|1|0|2.0|VOLUMEN|FIJO|P0132053000|1|0|2.0|VOLUMEN|FIJO|P0132053000|1|0|2.0|VOLUMEN|FIJO|P0132053000|1|0|2.0|VOLUMEN|FIJO|P0132053000|1|0|2.0|VOLUMEN|FIJO|P0132053000|1|0|2.0|VOLUMEN|FIJO|P0132053000|1|0|2.0
1046,VOLUMEN|FIJO|P0132053000|1|0|2.0|VOLUMEN|FIJO|P0132053000|1|0|2.0|VOLUMEN|FIJO|P0132053000|1|0|2.0|VOLUMEN|FIJO|P0132053000|1|0|2.0|VOLUMEN|FIJO|P0132053000|1|0|2.0|VOLUMEN|FIJO|P0132053000|1|0|2.0|VOLUMEN|FIJO|P0132053000|1|0|2.0|VOLUMEN|FIJO|P0132053000|1|0|2.0|VOLUMEN|FIJO|P0132053000|1|0|2.0|VOLUMEN|FIJO|P0132053000|1|0|2.0|VOLUMEN|FIJO|P0132053000|1|0|2.0|VOLUMEN|FIJO|P0132053000|1|0|2.0
1047,VOLUMEN|FIJO|P0132053000|1|0|2.0|VOLUMEN|FIJO|P0132053000|1|0|2.0|VOLUMEN|FIJO|P0132053000|1|0|2.0|VOLUMEN|FIJO|P0132053000|1|0|2.0|VOLUMEN|FIJO|P0132053000|1|0|2.0|VOLUMEN|FIJO|P0132053000|1|0|2.0|VOLUMEN|FIJO|P0132053000|1|0|2.0|VOLUMEN|FIJO|P0132053000|1|0|2.0|VOLUMEN|FIJO|P0132053000|1|0|2.0|VOLUMEN|FIJO|P0132053000|1|0|2.0|VOLUMEN|FIJO|P0132053000|1|0|2.0|VOLUMEN|FIJO|P0132053000|1|0|2.0
1048,VOLUMEN|FIJO|P0132053000|1|0|2.0|VOLUMEN|FIJO|P0132053000|1|0|2.0|VOLUMEN|FIJO|P0132053000|1|0|2.0|VOLUMEN|FIJO|P0132053000|1|0|2.0|VOLUMEN|FIJO|P0132053000|1|0|2.0|VOLUMEN|FIJO|P0132053000|1|0|2.0|VOLUMEN|FIJO|P0132053000|1|0|2.0|VOLUMEN|FIJO|P0132053000|1|0|2.0|VOLUMEN|FIJO|P0132053000|1|0|2.0|VOLUMEN|FIJO|P0132053000|1|0|2.0|VOLUMEN|FIJO|P0132053000|1|0|2.0|VOLUMEN|FIJO|P0132053000|1|0|2.0
1049,VOLUMEN|FIJO|P0132053000|1|0|2.0|VOLUMEN|FIJO|P0132053000|1|0|2.0|VOLUMEN|FIJO|P0132053000|1|0|2.0|VOLUMEN|FIJO|P0132053000|1|0|2.0|VOLUMEN|FIJO|P0132053000|1|0|2.0|VOLUMEN|FIJO|P0132053000|1|0|2.0|VOLUMEN|FIJO|P0132053000|1|0|2.0|VOLUMEN|FIJO|P0132053000|1|0|2.0|VOLUMEN|FIJO|P0132053000|1|0|2.0|VOLUMEN|FIJO|P0132053000|1|0|2.0|VOLUMEN|FIJO|P0132053000|1|0|2.0|VOLUMEN|FIJO|P0132053000|1|0|2.0
1050,VOLUMEN|FIJO|P0132053000|1|0|2.0|VOLUMEN|FIJO|P0132053000|1|0|2.0|VOLUMEN|FIJO|P0132053000|1|0|2.0|VOLUMEN|FIJO|P0132053000|1|0|2.0|VOLUMEN|FIJO|P0132053000|1|0|2.0|VOLUMEN|FIJO|P0132053000|1|0|2.0|VOLUMEN|FIJO|P0132053000|1|0|2.0|VOLUMEN|FIJO|P0132053000|1|0|2.0|VOLUMEN|FIJO|P0132053000|1|0|2.0|VOLUMEN|FIJO|P0132053000|1|0|2.0|VOLUMEN|FIJO|P0132053000|1|0|2.0|VOLUMEN|FIJO|P0132053000|1|0|2.0
1051,VOLUMEN|FIJO|P0132053000|1|0|2.0|VOLUMEN|FIJO|P0132053000|1|0|2.0|VOLUMEN|FIJO|P0132053000|1|0|2.0|VOLUMEN|FIJO|P0132053000|1|0|2.0|VOLUMEN|FIJO|P0132053000|1|0|2.0|VOLUMEN|FIJO|P0132053000|1|0|2.0|VOLUMEN|FIJO|P0132053000|1|0|2.0|VOLUMEN|FIJO|P0132053000|1|0|2.0|VOLUMEN|FIJO|P0132053000|1|0|2.0|VOLUMEN|FIJO|P0132053000|1|0|2.0|VOLUMEN|FIJO|P0132053000|1|0|2.0|VOLUMEN|FIJO|P0132053000|1|0|2.0
1052,VOLUMEN|FIJO|P0132053000|1|0|2.0|VOLUMEN|FIJO|P0132053000|1|0|2.0|VOLUMEN|FIJO|P0132053000|1|0|2.0|VOLUMEN|FIJO|P0132053000|1|0|2.0|VOLUMEN|FIJO|P0132053000|1|0|2.0|VOLUMEN|FIJO|P0132053000|1|0|2.0|VOLUMEN|FIJO|P0132053000|1|0|2.0|VOLUMEN|FIJO|P0132053000|1|0|2.0|VOLUMEN|FIJO|P0132053000|1|0|2.0|VOLUMEN|FIJO|P0132053000|1|0|2.0|VOLUMEN|FIJO|P0132053000|1|0|2.0|VOLUMEN|FIJO|P0132053000|1|0|2.0
1053,VOLUMEN|FIJO|P0132053000|1|0|2.0|VOLUMEN|FIJO|P0132053000|1|0|2.0|VOLUMEN|FIJO|P0132053000|1|0|2.0|VOLUMEN|FIJO|P0132053000|1|0|2.0|VOLUMEN|FIJO|P0132053000|1|0|2.0|VOLUMEN|FIJO|P0132053000|1|0|2.0|VOLUMEN|FIJO|P0132053000|1|0|2.0|VOLUMEN|FIJO|P0132053000|1|0|2.0|VOLUMEN|FIJO|P0132053000|1|0|2.0|VOLUMEN|FIJO|P0132053000|1|0|2.0|VOLUMEN|FIJO|P0132053000|1|0|2.0|VOLUMEN|FIJO|P0132053000|1|0|2.0
1054,VOLUMEN|FIJO|P0132053000|1|0|2.0|VOLUMEN|FIJO|P0132053000|1|0|2.0|VOLUMEN|FIJO|P0132053000|1|0|2.0|VOLUMEN|FIJO|P0132053000|1|0|2.0|VOLUMEN|FIJO|P0132053000|1|0|2.0|VOLUMEN|FIJO|P0132053000|1|0|2.0|VOLUMEN|FIJO|P0132053000|1|0|2.0|VOLUMEN|FIJO|P0132053000|1|0|2.0|VOLUMEN|FIJO|P0132053000|1|0|2.0|VOLUMEN|FIJO|P0132053000|1|0|2.0|VOLUMEN|FIJO|P0132053000|1|0|2.0|VOLUMEN|FIJO|P0132053000|1|0|2.0
1055,VOLUMEN|FIJO|P0132053000|1|0|2.0|VOLUMEN|FIJO|P0132053000|1|0|2.0|VOLUMEN|FIJO|P0132053000|1|0|2.0|VOLUMEN|FIJO|P0132053000|1|0|2.0|VOLUMEN|FIJO|P0132053000|1|0|2.0|VOLUMEN|FIJO|P0132053000|1|0|2.0|VOLUMEN|FIJO|P0132053000|1|0|2.0|VOLUMEN|FIJO|P0132053000|1|0|2.0|VOLUMEN|FIJO|P0132053000|1|0|2.0|VOLUMEN|FIJO|P0132053000|1|0|2.0|VOLUMEN|FIJO|P0132053000|1|0|2.0|VOLUMEN|FIJO|P0132053000|1|0|2.0
1056,VOLUMEN|FIJO|P0132053000|1|0|2.0|VOLUMEN|FIJO|P0132053000|1|0|2.0|VOLUMEN|FIJO|P0132053000|1|0|2.0|VOLUMEN|FIJO|P0132053000|1|0|2.0|VOLUMEN|FIJO|P0132053000|1|0|2.0|VOLUMEN|FIJO|P0132053000|1|0|2.0|VOLUMEN|FIJO|P0132053000|1|0|2.0|VOLUMEN|FIJO|P0132053000|1|0|2.0|VOLUMEN|FIJO|P0132053000|1|0|2.0|VOLUMEN|FIJO|P0132053000|1|0|2.0|VOLUMEN|FIJO|P0132053000|1|0|2.0|VOLUMEN|FIJO|P0132053000|1|0|2.0
1057,VOLUMEN|FIJO|P0132053000|1|0|2.0|VOLUMEN|FIJO|P0132053000|1|0|2.0|VOLUMEN|FIJO|P0132053000|1|0|2.0|VOLUMEN|FIJO|P0132053000|1|0|2.0|VOLUMEN|FIJO|P0132053000|1|0|2.0|VOLUMEN|FIJO|P0132053000|1|0|2.0|VOLUMEN|FIJO|P0132053000|1|0|2.0|VOLUMEN|FIJO|P0132053000|1|0|2.0|VOLUMEN|FIJO|P0132053000|1|0|2.0|VOLUMEN|FIJO|P0132053000|1|0|2.0|VOLUMEN|FIJO|P0132053000|1|0|2.0|VOLUMEN|FIJO|P0132053000|1|0|2.0
1058,VOLUMEN|FIJO|P0132053000|1|0|2.0|VOLUMEN|FIJO|P0132053000|1|0|2.0|VOLUMEN|FIJO|P0132053000|1|0|2.0|VOLUMEN|FIJO|P0132053000|1|0|2.0|VOLUMEN|FIJO|P0132053000|1|0|2.0|VOLUMEN|FIJO|P0132053000|1|0|2.0|VOLUMEN|FIJO|P0132053000|1|0|2.0|VOLUMEN|FIJO|P0132053000|1|0|2.0|VOLUMEN|FIJO|P0132053000|1|0|2.0|VOLUMEN|FIJO|P0132053000|1|0|2.0|VOLUMEN|FIJO|P0132053000|1|0|2.0|VOLUMEN|FIJO|P0132053000|1|0|2.0
1059,VOLUMEN|FIJO|P0132053000|1|0|2.0|VOLUMEN|FIJO|P0132053000|1|0|2.0|VOLUMEN|FIJO|P0132053000|1|0|2.0|VOLUMEN|FIJO|P0132053000|1|0|2.0|VOLUMEN|FIJO|P0132053000|1|0|2.0|VOLUMEN|FIJO|P0132053000|1|0|2.0|VOLUMEN|FIJO|P0132053000|1|0|2.0|VOLUMEN|FIJO|P0132053000|1|0|2.0|VOLUMEN|FIJO|P0132053000|1|0|2.0|VOLUMEN|FIJO|P0132053000|1|0|2.0|VOLUMEN|FIJO|P0132053000|1|0|2.0|VOLUMEN|FIJO|P0132053000|1|0|2.0
1060,VOLUMEN|FIJO|P0132053000|1|0|2.0|VOLUMEN|FIJO|P0132053000|1|0|2.0|VOLUMEN|FIJO|P0132053000|1|0|2.0|VOLUMEN|FIJO|P0132053000|1|0|2.0|VOLUMEN|FIJO|P0132053000|1|0|2.0|VOLUMEN|FIJO|P0132053000|1|0|2.0|VOLUMEN|FIJO|P0132053000|1|0|2.0|VOLUMEN|FIJO|P0132053000|1|0|2.0|VOLUMEN|FIJO|P0132053000|1|0|2.0|VOLUMEN|FIJO|P0132053000|1|0|2.0|VOLUMEN|FIJO|P0132053000|1|0|2.0|VOLUMEN|FIJO|P0132053000|1|0|2.0
1061,VOLUMEN|FIJO|P0132053000|1|0|2.0|VOLUMEN|FIJO|P0132053000|1|0|2.0|VOLUMEN|FIJO|P0132053000|1|0|2.0|VOLUMEN|FIJO|P0132053000|1|0|2.0|VOLUMEN|FIJO|P0132053000|1|0|2.0|VOLUMEN|FIJO|P0132053000|1|0|2.0|VOLUMEN|FIJO|P0132053000|1|0|2.0|VOLUMEN|FIJO|P0132053000|1|0|2.0|VOLUMEN|FIJO|P0132053000|1|0|2.0|VOLUMEN|FIJO|P0132053000|1|0|2.0|VOLUMEN|FIJO|P0132053000|1|0|2.0|VOLUMEN|FIJO|P0132053000|1|0|2.0
1062,VOLUMEN|FIJO|P0132053000|1|0|2.0|VOLUMEN|FIJO|P0132053000|1|0|2.0|VOLUMEN|FIJO|P0132053000|1|0|2.0|VOLUMEN|FIJO|P0132053000|1|0|2.0|VOLUMEN|FIJO|P0132053000|1|0|2.0|VOLUMEN|FIJO|P0132053000|1|0|2.0|VOLUMEN|FIJO|P0132053000|1|0|2.0|VOLUMEN|FIJO|P0132053000|1|0|2.0|VOLUMEN|FIJO|P0132053000|1|0|2.0|VOLUMEN|FIJO|P0132053000|1|0|2.0|VOLUMEN|FIJO|P0132053000|1|0|2.0|VOLUMEN|FIJO|P0132053000|1|0|2.0
1063,VOLUMEN|FIJO|P0132053000|1|0|2.0|VOLUMEN|FIJO|P0132053000|1|0|2.0|VOLUMEN|FIJO|P0132053000|1|0|2.0|VOLUMEN|FIJO|P0132053000|1|0|2.0|VOLUMEN|FIJO|P0132053000|1|0|2.0|VOLUMEN|FIJO|P0132053000|1|0|2.0|VOLUMEN|FIJO|P0132053000|1|0|2.0|VOLUMEN|FIJO|P0132053000|1|0|2.0|VOLUMEN|FIJO|P0132053000|1|0|2.0|VOLUMEN|FIJO|P0132053000|1|0|2.0|VOLUMEN|FIJO|P0132053000|1|0|2.0|VOLUMEN|FIJO|P0132053000|1|0|2.0
1064,VOLUMEN|FIJO|P0132053000|1|0|2.0|VOLUMEN|FIJO|P0132053000|1|0|2.0|VOLUMEN|FIJO|P0132053000|1|0|2.0|VOLUMEN|FIJO|P0132053000|1|0|2.0|VOLUMEN|FIJO|P0132053000|1|0|2.0|VOLUMEN|FIJO|P0132053000|1|0|2.0|VOLUMEN|FIJO|P0132053000|1|0|2.0|VOLUMEN|FIJO|P0132053000|1|0|2.0|VOLUMEN|FIJO|P0132053000|1|0|2.0|VOLUMEN|FIJO|P0132053000|1|0|2.0|VOLUMEN|FIJO|P0132053000|1|0|2.0|VOLUMEN|FIJO|P0132053000|1|0|2.0
1065,VOLUMEN|FIJO|P0132053000|1|0|2.0|VOLUMEN|FIJO|P0132053000|1|0|2.0|VOLUMEN|FIJO|P0132053000|1|0|2.0|VOLUMEN|FIJO|P0132053000|1|0|2.0|VOLUMEN|FIJO|P0132053000|1|0|2.0|VOLUMEN|FIJO|P0132053000|1|0|2.0|VOLUMEN|FIJO|P0132053000|1|0|2.0|VOLUMEN|FIJO|P0132053000|1|0|2.0|VOLUMEN|FIJO|P0132053000|1|0|2.0|VOLUMEN|FIJO|P0132053000|1|0|2.0|VOLUMEN|FIJO|P0132053000|1|0|2.0|VOLUMEN|FIJO|P0132053000|1|0|2.0
1066,VOLUMEN|FIJO|P0132053000|1|0|2.0|VOLUMEN|FIJO|P0132053000|1|0|2.0|VOLUMEN|FIJO|P0132053000|1|0|2.0|VOLUMEN|FIJO|P0132053000|1|0|2.0|VOLUMEN|FIJO|P0132053000|1|0|2.0|VOLUMEN|FIJO|P0132053000|1|0|2.0|VOLUMEN|FIJO|P0132053000|1|0|2.0|VOLUMEN|FIJO|P0132053000|1|0|2.0|VOLUMEN|FIJO|P0132053000|1|0|2.0|VOLUMEN|FIJO|P0132053000|1|0|2.0|VOLUMEN|FIJO|P0132053000|1|0|2.0|VOLUMEN|FIJO|P0132053000|1|0|2.0
1067,VOLUMEN|FIJO|P0132053000|1|0|4.0|VOLUMEN|FIJO|P0132053000|1|0|4.0|VOLUMEN|FIJO|P0132053000|1|0|4.0|VOLUMEN|FIJO|P0132053000|1|0|4.0|VOLUMEN|FIJO|P0132053000|1|0|4.0|VOLUMEN|FIJO|P0132053000|1|0|4.0|VOLUMEN|FIJO|P0132053000|1|0|4.0|VOLUMEN|FIJO|P0132053000|1|0|4.0|VOLUMEN|FIJO|P0132053000|1|0|4.0|VOLUMEN|FIJO|P0132053000|1|0|4.0|VOLUMEN|FIJO|P0132053000|1|0|4.0|VOLUMEN|FIJO|P0132053000|1|0|4.0
1068,VOLUMEN|FIJO|P0132053000|1|0|4.0|VOLUMEN|FIJO|P0132053000|1|0|4.0|VOLUMEN|FIJO|P0132053000|1|0|4.0|VOLUMEN|FIJO|P0132053000|1|0|4.0|VOLUMEN|FIJO|P0132053000|1|0|4.0|VOLUMEN|FIJO|P0132053000|1|0|4.0|VOLUMEN|FIJO|P0132053000|1|0|4.0|VOLUMEN|FIJO|P0132053000|1|0|4.0|VOLUMEN|FIJO|P0132053000|1|0|4.0|VOLUMEN|FIJO|P0132053000|1|0|4.0|VOLUMEN|FIJO|P0132053000|1|0|4.0|VOLUMEN|FIJO|P0132053000|1|0|4.0
1069,VOLUMEN|FIJO|P0132053000|1|0|4.0|VOLUMEN|FIJO|P0132053000|1|0|4.0|VOLUMEN|FIJO|P0132053000|1|0|4.0|VOLUMEN|FIJO|P0132053000|1|0|4.0|VOLUMEN|FIJO|P0132053000|1|0|4.0|VOLUMEN|FIJO|P0132053000|1|0|4.0|VOLUMEN|FIJO|P0132053000|1|0|4.0|VOLUMEN|FIJO|P0132053000|1|0|4.0|VOLUMEN|FIJO|P0132053000|1|0|4.0|VOLUMEN|FIJO|P0132053000|1|0|4.0|VOLUMEN|FIJO|P0132053000|1|0|4.0|VOLUMEN|FIJO|P0132053000|1|0|4.0
1070,VOLUMEN|FIJO|P0132053000|1|0|4.0|VOLUMEN|FIJO|P0132053000|1|0|4.0|VOLUMEN|FIJO|P0132053000|1|0|4.0|VOLUMEN|FIJO|P0132053000|1|0|4.0|VOLUMEN|FIJO|P0132053000|1|0|4.0|VOLUMEN|FIJO|P0132053000|1|0|4.0|VOLUMEN|FIJO|P0132053000|1|0|4.0|VOLUMEN|FIJO|P0132053000|1|0|4.0|VOLUMEN|FIJO|P0132053000|1|0|4.0|VOLUMEN|FIJO|P0132053000|1|0|4.0|VOLUMEN|FIJO|P0132053000|1|0|4.0|VOLUMEN|FIJO|P0132053000|1|0|4.0
1071,VOLUMEN|FIJO|P0132053000|1|0|4.0|VOLUMEN|FIJO|P0132053000|1|0|4.0|VOLUMEN|FIJO|P0132053000|1|0|4.0|VOLUMEN|FIJO|P0132053000|1|0|4.0|VOLUMEN|FIJO|P0132053000|1|0|4.0|VOLUMEN|FIJO|P0132053000|1|0|4.0|VOLUMEN|FIJO|P0132053000|1|0|4.0|VOLUMEN|FIJO|P0132053000|1|0|4.0|VOLUMEN|FIJO|P0132053000|1|0|4.0|VOLUMEN|FIJO|P0132053000|1|0|4.0|VOLUMEN|FIJO|P0132053000|1|0|4.0|VOLUMEN|FIJO|P0132053000|1|0|4.0
1072,VOLUMEN|FIJO|P0132053000|1|0|4.0|VOLUMEN|FIJO|P0132053000|1|0|4.0|VOLUMEN|FIJO|P0132053000|1|0|4.0|VOLUMEN|FIJO|P0132053000|1|0|4.0|VOLUMEN|FIJO|P0132053000|1|0|4.0|VOLUMEN|FIJO|P0132053000|1|0|4.0|VOLUMEN|FIJO|P0132053000|1|0|4.0|VOLUMEN|FIJO|P0132053000|1|0|4.0|VOLUMEN|FIJO|P0132053000|1|0|4.0|VOLUMEN|FIJO|P0132053000|1|0|4.0|VOLUMEN|FIJO|P0132053000|1|0|4.0|VOLUMEN|FIJO|P0132053000|1|0|4.0
1073,VOLUMEN|FIJO|P0132053000|1|0|4.0|VOLUMEN|FIJO|P0132053000|1|0|4.0|VOLUMEN|FIJO|P0132053000|1|0|4.0|VOLUMEN|FIJO|P0132053000|1|0|4.0|VOLUMEN|FIJO|P0132053000|1|0|4.0|VOLUMEN|FIJO|P0132053000|1|0|4.0|VOLUMEN|FIJO|P0132053000|1|0|4.0|VOLUMEN|FIJO|P0132053000|1|0|4.0|VOLUMEN|FIJO|P0132053000|1|0|4.0|VOLUMEN|FIJO|P0132053000|1|0|4.0|VOLUMEN|FIJO|P0132053000|1|0|4.0|VOLUMEN|FIJO|P0132053000|1|0|4.0
1074,VOLUMEN|FIJO|P0132053000|1|0|4.0|VOLUMEN|FIJO|P0132053000|1|0|4.0|VOLUMEN|FIJO|P0132053000|1|0|4.0|VOLUMEN|FIJO|P0132053000|1|0|4.0|VOLUMEN|FIJO|P0132053000|1|0|4.0|VOLUMEN|FIJO|P0132053000|1|0|4.0|VOLUMEN|FIJO|P0132053000|1|0|4.0|VOLUMEN|FIJO|P0132053000|1|0|4.0|VOLUMEN|FIJO|P0132053000|1|0|4.0|VOLUMEN|FIJO|P0132053000|1|0|4.0|VOLUMEN|FIJO|P0132053000|1|0|4.0|VOLUMEN|FIJO|P0132053000|1|0|4.0
1075,VOLUMEN|FIJO|P0132053000|1|0|4.0|VOLUMEN|FIJO|P0132053000|1|0|4.0|VOLUMEN|FIJO|P0132053000|1|0|4.0|VOLUMEN|FIJO|P0132053000|1|0|4.0|VOLUMEN|FIJO|P0132053000|1|0|4.0|VOLUMEN|FIJO|P0132053000|1|0|4.0|VOLUMEN|FIJO|P0132053000|1|0|4.0|VOLUMEN|FIJO|P0132053000|1|0|4.0|VOLUMEN|FIJO|P0132053000|1|0|4.0|VOLUMEN|FIJO|P0132053000|1|0|4.0|VOLUMEN|FIJO|P0132053000|1|0|4.0|VOLUMEN|FIJO|P0132053000|1|0|4.0
1076,VOLUMEN|FIJO|P0132053000|1|0|4.0|VOLUMEN|FIJO|P0132053000|1|0|4.0|VOLUMEN|FIJO|P0132053000|1|0|4.0|VOLUMEN|FIJO|P0132053000|1|0|4.0|VOLUMEN|FIJO|P0132053000|1|0|4.0|VOLUMEN|FIJO|P0132053000|1|0|4.0|VOLUMEN|FIJO|P0132053000|1|0|4.0|VOLUMEN|FIJO|P0132053000|1|0|4.0|VOLUMEN|FIJO|P0132053000|1|0|4.0|VOLUMEN|FIJO|P0132053000|1|0|4.0|VOLUMEN|FIJO|P0132053000|1|0|4.0|VOLUMEN|FIJO|P0132053000|1|0|4.0
1077,VOLUMEN|FIJO|P0132053000|1|0|4.0|VOLUMEN|FIJO|P0132053000|1|0|4.0|VOLUMEN|FIJO|P0132053000|1|0|4.0|VOLUMEN|FIJO|P0132053000|1|0|4.0|VOLUMEN|FIJO|P0132053000|1|0|4.0|VOLUMEN|FIJO|P0132053000|1|0|4.0|VOLUMEN|FIJO|P0132053000|1|0|4.0|VOLUMEN|FIJO|P0132053000|1|0|4.0|VOLUMEN|FIJO|P0132053000|1|0|4.0|VOLUMEN|FIJO|P0132053000|1|0|4.0|VOLUMEN|FIJO|P0132053000|1|0|4.0|VOLUMEN|FIJO|P0132053000|1|0|4.0
1078,VOLUMEN|FIJO|P0132053000|1|0|4.0|VOLUMEN|FIJO|P0132053000|1|0|4.0|VOLUMEN|FIJO|P0132053000|1|0|4.0|VOLUMEN|FIJO|P0132053000|1|0|4.0|VOLUMEN|FIJO|P0132053000|1|0|4.0|VOLUMEN|FIJO|P0132053000|1|0|4.0|VOLUMEN|FIJO|P0132053000|1|0|4.0|VOLUMEN|FIJO|P0132053000|1|0|4.0|VOLUMEN|FIJO|P0132053000|1|0|4.0|VOLUMEN|FIJO|P0132053000|1|0|4.0|VOLUMEN|FIJO|P0132053000|1|0|4.0|VOLUMEN|FIJO|P0132053000|1|0|4.0
1079,VOLUMEN|FIJO|P0132053000|1|0|4.0|VOLUMEN|FIJO|P0132053000|1|0|4.0|VOLUMEN|FIJO|P0132053000|1|0|4.0|VOLUMEN|FIJO|P0132053000|1|0|4.0|VOLUMEN|FIJO|P0132053000|1|0|4.0|VOLUMEN|FIJO|P0132053000|1|0|4.0|VOLUMEN|FIJO|P0132053000|1|0|4.0|VOLUMEN|FIJO|P0132053000|1|0|4.0|VOLUMEN|FIJO|P0132053000|1|0|4.0|VOLUMEN|FIJO|P0132053000|1|0|4.0|VOLUMEN|FIJO|P0132053000|1|0|4.0|VOLUMEN|FIJO|P0132053000|1|0|4.0
1080,VOLUMEN|FIJO|P0132053000|1|0|4.0|VOLUMEN|FIJO|P0132053000|1|0|4.0|VOLUMEN|FIJO|P0132053000|1|0|4.0|VOLUMEN|FIJO|P0132053000|1|0|4.0|VOLUMEN|FIJO|P0132053000|1|0|4.0|VOLUMEN|FIJO|P0132053000|1|0|4.0|VOLUMEN|FIJO|P0132053000|1|0|4.0|VOLUMEN|FIJO|P0132053000|1|0|4.0|VOLUMEN|FIJO|P0132053000|1|0|4.0|VOLUMEN|FIJO|P0132053000|1|0|4.0|VOLUMEN|FIJO|P0132053000|1|0|4.0|VOLUMEN|FIJO|P0132053000|1|0|4.0
1081,VOLUMEN|FIJO|P0132053000|1|0|4.0|VOLUMEN|FIJO|P0132053000|1|0|4.0|VOLUMEN|FIJO|P0132053000|1|0|4.0|VOLUMEN|FIJO|P0132053000|1|0|4.0|VOLUMEN|FIJO|P0132053000|1|0|4.0|VOLUMEN|FIJO|P0132053000|1|0|4.0|VOLUMEN|FIJO|P0132053000|1|0|4.0|VOLUMEN|FIJO|P0132053000|1|0|4.0|VOLUMEN|FIJO|P0132053000|1|0|4.0|VOLUMEN|FIJO|P0132053000|1|0|4.0|VOLUMEN|FIJO|P0132053000|1|0|4.0|VOLUMEN|FIJO|P0132053000|1|0|4.0
1082,VOLUMEN|FIJO|P0132053000|1|0|4.0|VOLUMEN|FIJO|P0132053000|1|0|4.0|VOLUMEN|FIJO|P0132053000|1|0|4.0|VOLUMEN|FIJO|P0132053000|1|0|4.0|VOLUMEN|FIJO|P0132053000|1|0|4.0|VOLUMEN|FIJO|P0132053000|1|0|4.0|VOLUMEN|FIJO|P0132053000|1|0|4.0|VOLUMEN|FIJO|P0132053000|1|0|4.0|VOLUMEN|FIJO|P0132053000|1|0|4.0|VOLUMEN|FIJO|P0132053000|1|0|4.0|VOLUMEN|FIJO|P0132053000|1|0|4.0|VOLUMEN|FIJO|P0132053000|1|0|4.0
1083,VOLUMEN|FIJO|P0132053000|1|0|4.0|VOLUMEN|FIJO|P0132053000|1|0|4.0|VOLUMEN|FIJO|P0132053000|1|0|4.0|VOLUMEN|FIJO|P0132053000|1|0|4.0|VOLUMEN|FIJO|P0132053000|1|0|4.0|VOLUMEN|FIJO|P0132053000|1|0|4.0|VOLUMEN|FIJO|P0132053000|1|0|4.0|VOLUMEN|FIJO|P0132053000|1|0|4.0|VOLUMEN|FIJO|P0132053000|1|0|4.0|VOLUMEN|FIJO|P0132053000|1|0|4.0|VOLUMEN|FIJO|P0132053000|1|0|4.0|VOLUMEN|FIJO|P0132053000|1|0|4.0
1084,VOLUMEN|FIJO|P0132053000|1|0|4.0|VOLUMEN|FIJO|P0132053000|1|0|4.0|VOLUMEN|FIJO|P0132053000|1|0|4.0|VOLUMEN|FIJO|P0132053000|1|0|4.0|VOLUMEN|FIJO|P0132053000|1|0|4.0|VOLUMEN|FIJO|P0132053000|1|0|4.0|VOLUMEN|FIJO|P0132053000|1|0|4.0|VOLUMEN|FIJO|P0132053000|1|0|4.0|VOLUMEN|FIJO|P0132053000|1|0|4.0|VOLUMEN|FIJO|P0132053000|1|0|4.0|VOLUMEN|FIJO|P0132053000|1|0|4.0|VOLUMEN|FIJO|P0132053000|1|0|4.0
1085,VOLUMEN|FIJO|P0132053000|1|0|4.0|VOLUMEN|FIJO|P0132053000|1|0|4.0|VOLUMEN|FIJO|P0132053000|1|0|4.0|VOLUMEN|FIJO|P0132053000|1|0|4.0|VOLUMEN|FIJO|P0132053000|1|0|4.0|VOLUMEN|FIJO|P0132053000|1|0|4.0|VOLUMEN|FIJO|P0132053000|1|0|4.0|VOLUMEN|FIJO|P0132053000|1|0|4.0|VOLUMEN|FIJO|P0132053000|1|0|4.0|VOLUMEN|FIJO|P0132053000|1|0|4.0|VOLUMEN|FIJO|P0132053000|1|0|4.0|VOLUMEN|FIJO|P0132053000|1|0|4.0
1086,VOLUMEN|FIJO|P0132053000|1|0|4.0|VOLUMEN|FIJO|P0132053000|1|0|4.0|VOLUMEN|FIJO|P0132053000|1|0|4.0|VOLUMEN|FIJO|P0132053000|1|0|4.0|VOLUMEN|FIJO|P0132053000|1|0|4.0|VOLUMEN|FIJO|P0132053000|1|0|4.0|VOLUMEN|FIJO|P0132053000|1|0|4.0|VOLUMEN|FIJO|P0132053000|1|0|4.0|VOLUMEN|FIJO|P0132053000|1|0|4.0|VOLUMEN|FIJO|P0132053000|1|0|4.0|VOLUMEN|FIJO|P0132053000|1|0|4.0|VOLUMEN|FIJO|P0132053000|1|0|4.0
1087,VOLUMEN|FIJO|P0132053000|1|0|4.0|VOLUMEN|FIJO|P0132053000|1|0|4.0|VOLUMEN|FIJO|P0132053000|1|0|4.0|VOLUMEN|FIJO|P0132053000|1|0|4.0|VOLUMEN|FIJO|P0132053000|1|0|4.0|VOLUMEN|FIJO|P0132053000|1|0|4.0|VOLUMEN|FIJO|P0132053000|1|0|4.0|VOLUMEN|FIJO|P0132053000|1|0|4.0|VOLUMEN|FIJO|P0132053000|1|0|4.0|VOLUMEN|FIJO|P0132053000|1|0|4.0|VOLUMEN|FIJO|P0132053000|1|0|4.0|VOLUMEN|FIJO|P0132053000|1|0|4.0
1088,VOLUMEN|FIJO|P0132053000|1|0|4.0|VOLUMEN|FIJO|P0132053000|1|0|4.0|VOLUMEN|FIJO|P0132053000|1|0|4.0|VOLUMEN|FIJO|P0132053000|1|0|4.0|VOLUMEN|FIJO|P0132053000|1|0|4.0|VOLUMEN|FIJO|P0132053000|1|0|4.0|VOLUMEN|FIJO|P0132053000|1|0|4.0|VOLUMEN|FIJO|P0132053000|1|0|4.0|VOLUMEN|FIJO|P0132053000|1|0|4.0|VOLUMEN|FIJO|P0132053000|1|0|4.0|VOLUMEN|FIJO|P0132053000|1|0|4.0|VOLUMEN|FIJO|P0132053000|1|0|4.0
1089,VOLUMEN|FIJO|P0132053000|1|0|4.0|VOLUMEN|FIJO|P0132053000|1|0|4.0|VOLUMEN|FIJO|P0132053000|1|0|4.0|VOLUMEN|FIJO|P0132053000|1|0|4.0|VOLUMEN|FIJO|P0132053000|1|0|4.0|VOLUMEN|FIJO|P0132053000|1|0|4.0|VOLUMEN|FIJO|P0132053000|1|0|4.0|VOLUMEN|FIJO|P0132053000|1|0|4.0|VOLUMEN|FIJO|P0132053000|1|0|4.0|VOLUMEN|FIJO|P0132053000|1|0|4.0|VOLUMEN|FIJO|P0132053000|1|0|4.0|VOLUMEN|FIJO|P0132053000|1|0|4.0
1090,VOLUMEN|FIJO|P0132053000|1|0|4.0|VOLUMEN|FIJO|P0132053000|1|0|4.0|VOLUMEN|FIJO|P0132053000|1|0|4.0|VOLUMEN|FIJO|P0132053000|1|0|4.0|VOLUMEN|FIJO|P0132053000|1|0|4.0|VOLUMEN|FIJO|P0132053000|1|0|4.0|VOLUMEN|FIJO|P0132053000|1|0|4.0|VOLUMEN|FIJO|P0132053000|1|0|4.0|VOLUMEN|FIJO|P0132053000|1|0|4.0|VOLUMEN|FIJO|P0132053000|1|0|4.0|VOLUMEN|FIJO|P0132053000|1|0|4.0|VOLUMEN|FIJO|P0132053000|1|0|4.0
1091,VOLUMEN|FIJO|P0132053000|1|0|4.0|VOLUMEN|FIJO|P0132053000|1|0|4.0|VOLUMEN|FIJO|P0132053000|1|0|4.0|VOLUMEN|FIJO|P0132053000|1|0|4.0|VOLUMEN|FIJO|P0132053000|1|0|4.0|VOLUMEN|FIJO|P0132053000|1|0|4.0|VOLUMEN|FIJO|P0132053000|1|0|4.0|VOLUMEN|FIJO|P0132053000|1|0|4.0|VOLUMEN|FIJO|P0132053000|1|0|4.0|VOLUMEN|FIJO|P0132053000|1|0|4.0|VOLUMEN|FIJO|P0132053000|1|0|4.0|VOLUMEN|FIJO|P0132053000|1|0|4.0
1092,VOLUMEN|FIJO|P0132053000|1|0|4.0|VOLUMEN|FIJO|P0132053000|1|0|4.0|VOLUMEN|FIJO|P0132053000|1|0|4.0|VOLUMEN|FIJO|P0132053000|1|0|4.0|VOLUMEN|FIJO|P0132053000|1|0|4.0|VOLUMEN|FIJO|P0132053000|1|0|4.0|VOLUMEN|FIJO|P0132053000|1|0|4.0|VOLUMEN|FIJO|P0132053000|1|0|4.0|VOLUMEN|FIJO|P0132053000|1|0|4.0|VOLUMEN|FIJO|P0132053000|1|0|4.0|VOLUMEN|FIJO|P0132053000|1|0|4.0|VOLUMEN|FIJO|P0132053000|1|0|4.0
1093,VOLUMEN|FIJO|P0132053000|1|0|4.0|VOLUMEN|FIJO|P0132053000|1|0|4.0|VOLUMEN|FIJO|P0132053000|1|0|4.0|VOLUMEN|FIJO|P0132053000|1|0|4.0|VOLUMEN|FIJO|P0132053000|1|0|4.0|VOLUMEN|FIJO|P0132053000|1|0|4.0|VOLUMEN|FIJO|P0132053000|1|0|4.0|VOLUMEN|FIJO|P0132053000|1|0|4.0|VOLUMEN|FIJO|P0132053000|1|0|4.0|VOLUMEN|FIJO|P0132053000|1|0|4.0|VOLUMEN|FIJO|P0132053000|1|0|4.0|VOLUMEN|FIJO|P0132053000|1|0|4.0
1094,VOLUMEN|FIJO|P0132053000|1|0|4.0|VOLUMEN|FIJO|P0132053000|1|0|4.0|VOLUMEN|FIJO|P0132053000|1|0|4.0|VOLUMEN|FIJO|P0132053000|1|0|4.0|VOLUMEN|FIJO|P0132053000|1|0|4.0|VOLUMEN|FIJO|P0132053000|1|0|4.0|VOLUMEN|FIJO|P0132053000|1|0|4.0|VOLUMEN|FIJO|P0132053000|1|0|4.0|VOLUMEN|FIJO|P0132053000|1|0|4.0|VOLUMEN|FIJO|P0132053000|1|0|4.0|VOLUMEN|FIJO|P0132053000|1|0|4.0|VOLUMEN|FIJO|P0132053000|1|0|4.0
1095,VOLUMEN|FIJO|P0132053000|1|0|6.0|VOLUMEN|FIJO|P0132053000|1|0|6.0|VOLUMEN|FIJO|P0132053000|1|0|6.0|VOLUMEN|FIJO|P0132053000|1|0|6.0|VOLUMEN|FIJO|P0132053000|1|0|6.0|VOLUMEN|FIJO|P0132053000|1|0|6.0|VOLUMEN|FIJO|P0132053000|1|0|6.0|VOLUMEN|FIJO|P0132053000|1|0|6.0|VOLUMEN|FIJO|P0132053000|1|0|6.0|VOLUMEN|FIJO|P0132053000|1|0|6.0|VOLUMEN|FIJO|P0132053000|1|0|6.0|VOLUMEN|FIJO|P0132053000|1|0|6.0
1096,VOLUMEN|FIJO|P0132053000|1|0|6.0|VOLUMEN|FIJO|P0132053000|1|0|6.0|VOLUMEN|FIJO|P0132053000|1|0|6.0|VOLUMEN|FIJO|P0132053000|1|0|6.0|VOLUMEN|FIJO|P0132053000|1|0|6.0|VOLUMEN|FIJO|P0132053000|1|0|6.0|VOLUMEN|FIJO|P0132053000|1|0|6.0|VOLUMEN|FIJO|P0132053000|1|0|6.0|VOLUMEN|FIJO|P0132053000|1|0|6.0|VOLUMEN|FIJO|P0132053000|1|0|6.0|VOLUMEN|FIJO|P0132053000|1|0|6.0|VOLUMEN|FIJO|P0132053000|1|0|6.0
1097,VOLUMEN|FIJO|P0132053000|1|0|6.0|VOLUMEN|FIJO|P0132053000|1|0|6.0|VOLUMEN|FIJO|P0132053000|1|0|6.0|VOLUMEN|FIJO|P0132053000|1|0|6.0|VOLUMEN|FIJO|P0132053000|1|0|6.0|VOLUMEN|FIJO|P0132053000|1|0|6.0|VOLUMEN|FIJO|P0132053000|1|0|6.0|VOLUMEN|FIJO|P0132053000|1|0|6.0|VOLUMEN|FIJO|P0132053000|1|0|6.0|VOLUMEN|FIJO|P0132053000|1|0|6.0|VOLUMEN|FIJO|P0132053000|1|0|6.0|VOLUMEN|FIJO|P0132053000|1|0|6.0
1098,VOLUMEN|FIJO|P0132053000|1|0|6.0|VOLUMEN|FIJO|P0132053000|1|0|6.0|VOLUMEN|FIJO|P0132053000|1|0|6.0|VOLUMEN|FIJO|P0132053000|1|0|6.0|VOLUMEN|FIJO|P0132053000|1|0|6.0|VOLUMEN|FIJO|P0132053000|1|0|6.0|VOLUMEN|FIJO|P0132053000|1|0|6.0|VOLUMEN|FIJO|P0132053000|1|0|6.0|VOLUMEN|FIJO|P0132053000|1|0|6.0|VOLUMEN|FIJO|P0132053000|1|0|6.0|VOLUMEN|FIJO|P0132053000|1|0|6.0|VOLUMEN|FIJO|P0132053000|1|0|6.0
1099,VOLUMEN|FIJO|P0132053000|1|0|6.0|VOLUMEN|FIJO|P0132053000|1|0|6.0|VOLUMEN|FIJO|P0132053000|1|0|6.0|VOLUMEN|FIJO|P0132053000|1|0|6.0|VOLUMEN|FIJO|P0132053000|1|0|6.0|VOLUMEN|FIJO|P0132053000|1|0|6.0|VOLUMEN|FIJO|P0132053000|1|0|6.0|VOLUMEN|FIJO|P0132053000|1|0|6.0|VOLUMEN|FIJO|P0132053000|1|0|6.0|VOLUMEN|FIJO|P0132053000|1|0|6.0|VOLUMEN|FIJO|P0132053000|1|0|6.0|VOLUMEN|FIJO|P0132053000|1|0|6.0
1100,VOLUMEN|FIJO|P0132053000|1|0|6.0|VOLUMEN|FIJO|P0132053000|1|0|6.0|VOLUMEN|FIJO|P0132053000|1|0|6.0|VOLUMEN|FIJO|P0132053000|1|0|6.0|VOLUMEN|FIJO|P0132053000|1|0|6.0|VOLUMEN|FIJO|P0132053000|1|0|6.0|VOLUMEN|FIJO|P0132053000|1|0|6.0|VOLUMEN|FIJO|P0132053000|1|0|6.0|VOLUMEN|FIJO|P0132053000|1|0|6.0|VOLUMEN|FIJO|P0132053000|1|0|6.0|VOLUMEN|FIJO|P0132053000|1|0|6.0|VOLUMEN|FIJO|P0132053000|1|0|6.0
1101,VOLUMEN|FIJO|P0132053000|1|0|6.0|VOLUMEN|FIJO|P0132053000|1|0|6.0|VOLUMEN|FIJO|P0132053000|1|0|6.0|VOLUMEN|FIJO|P0132053000|1|0|6.0|VOLUMEN|FIJO|P0132053000|1|0|6.0|VOLUMEN|FIJO|P0132053000|1|0|6.0|VOLUMEN|FIJO|P0132053000|1|0|6.0|VOLUMEN|FIJO|P0132053000|1|0|6.0|VOLUMEN|FIJO|P0132053000|1|0|6.0|VOLUMEN|FIJO|P0132053000|1|0|6.0|VOLUMEN|FIJO|P0132053000|1|0|6.0|VOLUMEN|FIJO|P0132053000|1|0|6.0
1102,VOLUMEN|FIJO|P0132053000|1|0|6.0|VOLUMEN|FIJO|P0132053000|1|0|6.0|VOLUMEN|FIJO|P0132053000|1|0|6.0|VOLUMEN|FIJO|P0132053000|1|0|6.0|VOLUMEN|FIJO|P0132053000|1|0|6.0|VOLUMEN|FIJO|P0132053000|1|0|6.0|VOLUMEN|FIJO|P0132053000|1|0|6.0|VOLUMEN|FIJO|P0132053000|1|0|6.0|VOLUMEN|FIJO|P0132053000|1|0|6.0|VOLUMEN|FIJO|P0132053000|1|0|6.0|VOLUMEN|FIJO|P0132053000|1|0|6.0|VOLUMEN|FIJO|P0132053000|1|0|6.0
1103,VOLUMEN|FIJO|200106290|1|0|3.0|VOLUMEN|FIJO|200106290|1|0|3.0|VOLUMEN|FIJO|200106290|1|0|3.0|VOLUMEN|FIJO|200106290|1|0|3.0|VOLUMEN|FIJO|200106290|1|0|3.0|VOLUMEN|FIJO|200106290|1|0|3.0|VOLUMEN|FIJO|200106290|1|0|3.0|VOLUMEN|FIJO|200106290|1|0|3.0|VOLUMEN|FIJO|200106290|1|0|3.0|VOLUMEN|FIJO|200106290|1|0|3.0
1104,VOLUMEN|FIJO|200106284|1|0|3.0|VOLUMEN|FIJO|200106284|1|0|3.0|VOLUMEN|FIJO|200106284|1|0|3.0|VOLUMEN|FIJO|200106284|1|0|3.0|VOLUMEN|FIJO|200106284|1|0|3.0|VOLUMEN|FIJO|200106284|1|0|3.0|VOLUMEN|FIJO|200106284|1|0|3.0|VOLUMEN|FIJO|200106284|1|0|3.0|VOLUMEN|FIJO|200106284|1|0|3.0|VOLUMEN|FIJO|200106284|1|0|3.0
1105,VOLUMEN|FIJO|200041665|1|0|6.0|VOLUMEN|FIJO|200041665|1|0|6.0|VOLUMEN|FIJO|200041665|1|0|6.0|VOLUMEN|FIJO|200041665|1|0|6.0|VOLUMEN|FIJO|200041665|1|0|6.0|VOLUMEN|FIJO|200041665|1|0|6.0|VOLUMEN|FIJO|200041665|1|0|6.0|VOLUMEN|FIJO|200041665|1|0|6.0|VOLUMEN|FIJO|200041665|1|0|6.0|VOLUMEN|FIJO|200041665|1|0|6.0|VOLUMEN|FIJO|200041665|1|0|6.0|VOLUMEN|FIJO|200041665|1|0|6.0
1106,VOLUMEN|FIJO|200041665|1|0|3.0|VOLUMEN|FIJO|200041665|1|0|3.0|VOLUMEN|FIJO|200041665|1|0|3.0|VOLUMEN|FIJO|200041665|1|0|3.0|VOLUMEN|FIJO|200041665|1|0|3.0|VOLUMEN|FIJO|200041665|1|0|3.0|VOLUMEN|FIJO|200041665|1|0|3.0|VOLUMEN|FIJO|200041665|1|0|3.0|VOLUMEN|FIJO|200041665|1|0|3.0|VOLUMEN|FIJO|200041665|1|0|3.0|VOLUMEN|FIJO|200041665|1|0|3.0|VOLUMEN|FIJO|200041665|1|0|3.0
1107,VOLUMEN|FIJO|P0234055000|1|0|2.0|VOLUMEN|FIJO|P0234055000|1|0|2.0|VOLUMEN|FIJO|P0234055000|1|0|2.0|VOLUMEN|FIJO|P0234055000|1|0|2.0|VOLUMEN|FIJO|P0234055000|1|0|2.0|VOLUMEN|FIJO|P0234055000|1|0|2.0|VOLUMEN|FIJO|P0234055000|1|0|2.0|VOLUMEN|FIJO|P0234055000|1|0|2.0|VOLUMEN|FIJO|P0234055000|1|0|2.0|VOLUMEN|FIJO|P0234055000|1|0|2.0|VOLUMEN|FIJO|P0234055000|1|0|2.0|VOLUMEN|FIJO|P0234055000|1|0|2.0
1108,VOLUMEN|FIJO|P0234055000|1|0|2.0|VOLUMEN|FIJO|P0234055000|1|0|2.0|VOLUMEN|FIJO|P0234055000|1|0|2.0|VOLUMEN|FIJO|P0234055000|1|0|2.0|VOLUMEN|FIJO|P0234055000|1|0|2.0|VOLUMEN|FIJO|P0234055000|1|0|2.0|VOLUMEN|FIJO|P0234055000|1|0|2.0|VOLUMEN|FIJO|P0234055000|1|0|2.0|VOLUMEN|FIJO|P0234055000|1|0|2.0|VOLUMEN|FIJO|P0234055000|1|0|2.0|VOLUMEN|FIJO|P0234055000|1|0|2.0|VOLUMEN|FIJO|P0234055000|1|0|2.0
1109,VOLUMEN|FIJO|P0234055000|1|0|2.0|VOLUMEN|FIJO|P0234055000|1|0|2.0|VOLUMEN|FIJO|P0234055000|1|0|2.0|VOLUMEN|FIJO|P0234055000|1|0|2.0|VOLUMEN|FIJO|P0234055000|1|0|2.0|VOLUMEN|FIJO|P0234055000|1|0|2.0|VOLUMEN|FIJO|P0234055000|1|0|2.0|VOLUMEN|FIJO|P0234055000|1|0|2.0|VOLUMEN|FIJO|P0234055000|1|0|2.0|VOLUMEN|FIJO|P0234055000|1|0|2.0|VOLUMEN|FIJO|P0234055000|1|0|2.0|VOLUMEN|FIJO|P0234055000|1|0|2.0
1110,VOLUMEN|FIJO|P0234055000|1|0|2.0|VOLUMEN|FIJO|P0234055000|1|0|2.0|VOLUMEN|FIJO|P0234055000|1|0|2.0|VOLUMEN|FIJO|P0234055000|1|0|2.0|VOLUMEN|FIJO|P0234055000|1|0|2.0|VOLUMEN|FIJO|P0234055000|1|0|2.0|VOLUMEN|FIJO|P0234055000|1|0|2.0|VOLUMEN|FIJO|P0234055000|1|0|2.0|VOLUMEN|FIJO|P0234055000|1|0|2.0|VOLUMEN|FIJO|P0234055000|1|0|2.0|VOLUMEN|FIJO|P0234055000|1|0|2.0|VOLUMEN|FIJO|P0234055000|1|0|2.0
1111,VOLUMEN|FIJO|P0234055000|1|0|2.0|VOLUMEN|FIJO|P0234055000|1|0|2.0|VOLUMEN|FIJO|P0234055000|1|0|2.0|VOLUMEN|FIJO|P0234055000|1|0|2.0|VOLUMEN|FIJO|P0234055000|1|0|2.0|VOLUMEN|FIJO|P0234055000|1|0|2.0|VOLUMEN|FIJO|P0234055000|1|0|2.0|VOLUMEN|FIJO|P0234055000|1|0|2.0|VOLUMEN|FIJO|P0234055000|1|0|2.0|VOLUMEN|FIJO|P0234055000|1|0|2.0|VOLUMEN|FIJO|P0234055000|1|0|2.0|VOLUMEN|FIJO|P0234055000|1|0|2.0
1112,VOLUMEN|FIJO|P0234055000|1|0|2.0|VOLUMEN|FIJO|P0234055000|1|0|2.0|VOLUMEN|FIJO|P0234055000|1|0|2.0|VOLUMEN|FIJO|P0234055000|1|0|2.0|VOLUMEN|FIJO|P0234055000|1|0|2.0|VOLUMEN|FIJO|P0234055000|1|0|2.0|VOLUMEN|FIJO|P0234055000|1|0|2.0|VOLUMEN|FIJO|P0234055000|1|0|2.0|VOLUMEN|FIJO|P0234055000|1|0|2.0|VOLUMEN|FIJO|P0234055000|1|0|2.0|VOLUMEN|FIJO|P0234055000|1|0|2.0|VOLUMEN|FIJO|P0234055000|1|0|2.0
1113,VOLUMEN|FIJO|P0234055000|1|0|2.0|VOLUMEN|FIJO|P0234055000|1|0|2.0|VOLUMEN|FIJO|P0234055000|1|0|2.0|VOLUMEN|FIJO|P0234055000|1|0|2.0|VOLUMEN|FIJO|P0234055000|1|0|2.0|VOLUMEN|FIJO|P0234055000|1|0|2.0|VOLUMEN|FIJO|P0234055000|1|0|2.0|VOLUMEN|FIJO|P0234055000|1|0|2.0|VOLUMEN|FIJO|P0234055000|1|0|2.0|VOLUMEN|FIJO|P0234055000|1|0|2.0|VOLUMEN|FIJO|P0234055000|1|0|2.0|VOLUMEN|FIJO|P0234055000|1|0|2.0
1114,VOLUMEN|FIJO|P0234055000|1|0|2.0|VOLUMEN|FIJO|P0234055000|1|0|2.0|VOLUMEN|FIJO|P0234055000|1|0|2.0|VOLUMEN|FIJO|P0234055000|1|0|2.0|VOLUMEN|FIJO|P0234055000|1|0|2.0|VOLUMEN|FIJO|P0234055000|1|0|2.0|VOLUMEN|FIJO|P0234055000|1|0|2.0|VOLUMEN|FIJO|P0234055000|1|0|2.0|VOLUMEN|FIJO|P0234055000|1|0|2.0|VOLUMEN|FIJO|P0234055000|1|0|2.0|VOLUMEN|FIJO|P0234055000|1|0|2.0|VOLUMEN|FIJO|P0234055000|1|0|2.0
1115,VOLUMEN|FIJO|P0234055000|1|0|2.0|VOLUMEN|FIJO|P0234055000|1|0|2.0|VOLUMEN|FIJO|P0234055000|1|0|2.0|VOLUMEN|FIJO|P0234055000|1|0|2.0|VOLUMEN|FIJO|P0234055000|1|0|2.0|VOLUMEN|FIJO|P0234055000|1|0|2.0|VOLUMEN|FIJO|P0234055000|1|0|2.0|VOLUMEN|FIJO|P0234055000|1|0|2.0|VOLUMEN|FIJO|P0234055000|1|0|2.0|VOLUMEN|FIJO|P0234055000|1|0|2.0|VOLUMEN|FIJO|P0234055000|1|0|2.0|VOLUMEN|FIJO|P0234055000|1|0|2.0
1116,VOLUMEN|FIJO|200107828|1|0|4.0|VOLUMEN|FIJO|200107828|1|0|4.0|VOLUMEN|FIJO|200107828|1|0|4.0|VOLUMEN|FIJO|200107828|1|0|4.0|VOLUMEN|FIJO|200107828|1|0|4.0|VOLUMEN|FIJO|200107828|1|0|4.0|VOLUMEN|FIJO|200107828|1|0|4.0|VOLUMEN|FIJO|200107828|1|0|4.0|VOLUMEN|FIJO|200107828|1|0|4.0|VOLUMEN|FIJO|200107828|1|0|4.0|VOLUMEN|FIJO|200107828|1|0|4.0|VOLUMEN|FIJO|200107828|1|0|4.0|VOLUMEN|FIJO|200107828|1|0|4.0
1117,VOLUMEN|FIJO|200107828|1|0|2.0|VOLUMEN|FIJO|200107828|1|0|2.0|VOLUMEN|FIJO|200107828|1|0|2.0|VOLUMEN|FIJO|200107828|1|0|2.0|VOLUMEN|FIJO|200107828|1|0|2.0|VOLUMEN|FIJO|200107828|1|0|2.0|VOLUMEN|FIJO|200107828|1|0|2.0|VOLUMEN|FIJO|200107828|1|0|2.0|VOLUMEN|FIJO|200107828|1|0|2.0|VOLUMEN|FIJO|200107828|1|0|2.0|VOLUMEN|FIJO|200107828|1|0|2.0|VOLUMEN|FIJO|200107828|1|0|2.0|VOLUMEN|FIJO|200107828|1|0|2.0
1118,VOLUMEN|FIJO|200107824|1|0|2.0|VOLUMEN|FIJO|200107824|1|0|2.0|VOLUMEN|FIJO|200107824|1|0|2.0|VOLUMEN|FIJO|200107824|1|0|2.0|VOLUMEN|FIJO|200107824|1|0|2.0|VOLUMEN|FIJO|200107824|1|0|2.0|VOLUMEN|FIJO|200107824|1|0|2.0|VOLUMEN|FIJO|200107824|1|0|2.0|VOLUMEN|FIJO|200107824|1|0|2.0|VOLUMEN|FIJO|200107824|1|0|2.0|VOLUMEN|FIJO|200107824|1|0|2.0|VOLUMEN|FIJO|200107824|1|0|2.0|VOLUMEN|FIJO|200107824|1|0|2.0
1119,VOLUMEN|FIJO|200107824|1|0|4.0|VOLUMEN|FIJO|200107824|1|0|4.0|VOLUMEN|FIJO|200107824|1|0|4.0|VOLUMEN|FIJO|200107824|1|0|4.0|VOLUMEN|FIJO|200107824|1|0|4.0|VOLUMEN|FIJO|200107824|1|0|4.0|VOLUMEN|FIJO|200107824|1|0|4.0|VOLUMEN|FIJO|200107824|1|0|4.0|VOLUMEN|FIJO|200107824|1|0|4.0|VOLUMEN|FIJO|200107824|1|0|4.0|VOLUMEN|FIJO|200107824|1|0|4.0|VOLUMEN|FIJO|200107824|1|0|4.0|VOLUMEN|FIJO|200107824|1|0|4.0
1120,VOLUMEN|FIJO|200110088|1|0|4.0|VOLUMEN|FIJO|200110088|1|0|4.0|VOLUMEN|FIJO|200110088|1|0|4.0|VOLUMEN|FIJO|200110088|1|0|4.0|VOLUMEN|FIJO|200110088|1|0|4.0|VOLUMEN|FIJO|200110088|1|0|4.0|VOLUMEN|FIJO|200110088|1|0|4.0|VOLUMEN|FIJO|200110088|1|0|4.0|VOLUMEN|FIJO|200110088|1|0|4.0|VOLUMEN|FIJO|200110088|1|0|4.0|VOLUMEN|FIJO|200110088|1|0|4.0|VOLUMEN|FIJO|200110088|1|0|4.0|VOLUMEN|FIJO|200110088|1|0|4.0
1121,VOLUMEN|FIJO|200110088|1|0|2.0|VOLUMEN|FIJO|200110088|1|0|2.0|VOLUMEN|FIJO|200110088|1|0|2.0|VOLUMEN|FIJO|200110088|1|0|2.0|VOLUMEN|FIJO|200110088|1|0|2.0|VOLUMEN|FIJO|200110088|1|0|2.0|VOLUMEN|FIJO|200110088|1|0|2.0|VOLUMEN|FIJO|200110088|1|0|2.0|VOLUMEN|FIJO|200110088|1|0|2.0|VOLUMEN|FIJO|200110088|1|0|2.0|VOLUMEN|FIJO|200110088|1|0|2.0|VOLUMEN|FIJO|200110088|1|0|2.0|VOLUMEN|FIJO|200110088|1|0|2.0
1122,VOLUMEN|FIJO|200110089|1|0|4.0|VOLUMEN|FIJO|200110089|1|0|4.0|VOLUMEN|FIJO|200110089|1|0|4.0|VOLUMEN|FIJO|200110089|1|0|4.0|VOLUMEN|FIJO|200110089|1|0|4.0|VOLUMEN|FIJO|200110089|1|0|4.0|VOLUMEN|FIJO|200110089|1|0|4.0|VOLUMEN|FIJO|200110089|1|0|4.0|VOLUMEN|FIJO|200110089|1|0|4.0|VOLUMEN|FIJO|200110089|1|0|4.0|VOLUMEN|FIJO|200110089|1|0|4.0|VOLUMEN|FIJO|200110089|1|0|4.0|VOLUMEN|FIJO|200110089|1|0|4.0
1123,VOLUMEN|FIJO|200110089|1|0|2.0|VOLUMEN|FIJO|200110089|1|0|2.0|VOLUMEN|FIJO|200110089|1|0|2.0|VOLUMEN|FIJO|200110089|1|0|2.0|VOLUMEN|FIJO|200110089|1|0|2.0|VOLUMEN|FIJO|200110089|1|0|2.0|VOLUMEN|FIJO|200110089|1|0|2.0|VOLUMEN|FIJO|200110089|1|0|2.0|VOLUMEN|FIJO|200110089|1|0|2.0|VOLUMEN|FIJO|200110089|1|0|2.0|VOLUMEN|FIJO|200110089|1|0|2.0|VOLUMEN|FIJO|200110089|1|0|2.0|VOLUMEN|FIJO|200110089|1|0|2.0
1124,VOLUMEN|FIJO|200107822|1|0|4.0|VOLUMEN|FIJO|200107822|1|0|4.0|VOLUMEN|FIJO|200107822|1|0|4.0|VOLUMEN|FIJO|200107822|1|0|4.0|VOLUMEN|FIJO|200107822|1|0|4.0|VOLUMEN|FIJO|200107822|1|0|4.0|VOLUMEN|FIJO|200107822|1|0|4.0|VOLUMEN|FIJO|200107822|1|0|4.0|VOLUMEN|FIJO|200107822|1|0|4.0|VOLUMEN|FIJO|200107822|1|0|4.0|VOLUMEN|FIJO|200107822|1|0|4.0|VOLUMEN|FIJO|200107822|1|0|4.0|VOLUMEN|FIJO|200107822|1|0|4.0
1125,VOLUMEN|FIJO|200107822|1|0|2.0|VOLUMEN|FIJO|200107822|1|0|2.0|VOLUMEN|FIJO|200107822|1|0|2.0|VOLUMEN|FIJO|200107822|1|0|2.0|VOLUMEN|FIJO|200107822|1|0|2.0|VOLUMEN|FIJO|200107822|1|0|2.0|VOLUMEN|FIJO|200107822|1|0|2.0|VOLUMEN|FIJO|200107822|1|0|2.0|VOLUMEN|FIJO|200107822|1|0|2.0|VOLUMEN|FIJO|200107822|1|0|2.0|VOLUMEN|FIJO|200107822|1|0|2.0|VOLUMEN|FIJO|200107822|1|0|2.0|VOLUMEN|FIJO|200107822|1|0|2.0
1126,VOLUMEN|FIJO|200107825|1|0|4.0|VOLUMEN|FIJO|200107825|1|0|4.0|VOLUMEN|FIJO|200107825|1|0|4.0|VOLUMEN|FIJO|200107825|1|0|4.0|VOLUMEN|FIJO|200107825|1|0|4.0|VOLUMEN|FIJO|200107825|1|0|4.0|VOLUMEN|FIJO|200107825|1|0|4.0|VOLUMEN|FIJO|200107825|1|0|4.0|VOLUMEN|FIJO|200107825|1|0|4.0|VOLUMEN|FIJO|200107825|1|0|4.0|VOLUMEN|FIJO|200107825|1|0|4.0|VOLUMEN|FIJO|200107825|1|0|4.0|VOLUMEN|FIJO|200107825|1|0|4.0
1127,VOLUMEN|FIJO|200107825|1|0|2.0|VOLUMEN|FIJO|200107825|1|0|2.0|VOLUMEN|FIJO|200107825|1|0|2.0|VOLUMEN|FIJO|200107825|1|0|2.0|VOLUMEN|FIJO|200107825|1|0|2.0|VOLUMEN|FIJO|200107825|1|0|2.0|VOLUMEN|FIJO|200107825|1|0|2.0|VOLUMEN|FIJO|200107825|1|0|2.0|VOLUMEN|FIJO|200107825|1|0|2.0|VOLUMEN|FIJO|200107825|1|0|2.0|VOLUMEN|FIJO|200107825|1|0|2.0|VOLUMEN|FIJO|200107825|1|0|2.0|VOLUMEN|FIJO|200107825|1|0|2.0
1128,VOLUMEN|FIJO|200110122|1|0|4.0|VOLUMEN|FIJO|200110122|1|0|4.0|VOLUMEN|FIJO|200110122|1|0|4.0|VOLUMEN|FIJO|200110122|1|0|4.0|VOLUMEN|FIJO|200110122|1|0|4.0|VOLUMEN|FIJO|200110122|1|0|4.0|VOLUMEN|FIJO|200110122|1|0|4.0|VOLUMEN|FIJO|200110122|1|0|4.0|VOLUMEN|FIJO|200110122|1|0|4.0|VOLUMEN|FIJO|200110122|1|0|4.0|VOLUMEN|FIJO|200110122|1|0|4.0|VOLUMEN|FIJO|200110122|1|0|4.0|VOLUMEN|FIJO|200110122|1|0|4.0
1129,VOLUMEN|FIJO|200110122|1|0|2.0|VOLUMEN|FIJO|200110122|1|0|2.0|VOLUMEN|FIJO|200110122|1|0|2.0|VOLUMEN|FIJO|200110122|1|0|2.0|VOLUMEN|FIJO|200110122|1|0|2.0|VOLUMEN|FIJO|200110122|1|0|2.0|VOLUMEN|FIJO|200110122|1|0|2.0|VOLUMEN|FIJO|200110122|1|0|2.0|VOLUMEN|FIJO|200110122|1|0|2.0|VOLUMEN|FIJO|200110122|1|0|2.0|VOLUMEN|FIJO|200110122|1|0|2.0|VOLUMEN|FIJO|200110122|1|0|2.0|VOLUMEN|FIJO|200110122|1|0|2.0
1130,VOLUMEN|FIJO|200110090|1|0|2.0|VOLUMEN|FIJO|200110090|1|0|2.0|VOLUMEN|FIJO|200110090|1|0|2.0|VOLUMEN|FIJO|200110090|1|0|2.0|VOLUMEN|FIJO|200110090|1|0|2.0|VOLUMEN|FIJO|200110090|1|0|2.0|VOLUMEN|FIJO|200110090|1|0|2.0|VOLUMEN|FIJO|200110090|1|0|2.0|VOLUMEN|FIJO|200110090|1|0|2.0|VOLUMEN|FIJO|200110090|1|0|2.0|VOLUMEN|FIJO|200110090|1|0|2.0|VOLUMEN|FIJO|200110090|1|0|2.0|VOLUMEN|FIJO|200110090|1|0|2.0
1131,VOLUMEN|FIJO|200110090|1|0|4.0|VOLUMEN|FIJO|200110090|1|0|4.0|VOLUMEN|FIJO|200110090|1|0|4.0|VOLUMEN|FIJO|200110090|1|0|4.0|VOLUMEN|FIJO|200110090|1|0|4.0|VOLUMEN|FIJO|200110090|1|0|4.0|VOLUMEN|FIJO|200110090|1|0|4.0|VOLUMEN|FIJO|200110090|1|0|4.0|VOLUMEN|FIJO|200110090|1|0|4.0|VOLUMEN|FIJO|200110090|1|0|4.0|VOLUMEN|FIJO|200110090|1|0|4.0|VOLUMEN|FIJO|200110090|1|0|4.0|VOLUMEN|FIJO|200110090|1|0|4.0
1132,VOLUMEN|FIJO|200113419|1|0|2.0|VOLUMEN|FIJO|200113419|1|0|2.0|VOLUMEN|FIJO|200113419|1|0|2.0|VOLUMEN|FIJO|200113419|1|0|2.0|VOLUMEN|FIJO|200113419|1|0|2.0|VOLUMEN|FIJO|200113419|1|0|2.0|VOLUMEN|FIJO|200113419|1|0|2.0|VOLUMEN|FIJO|200113419|1|0|2.0|VOLUMEN|FIJO|200113419|1|0|2.0|VOLUMEN|FIJO|200113419|1|0|2.0|VOLUMEN|FIJO|200113419|1|0|2.0|VOLUMEN|FIJO|200113419|1|0|2.0|VOLUMEN|FIJO|200113419|1|0|2.0
1133,VOLUMEN|FIJO|200113419|1|0|4.0|VOLUMEN|FIJO|200113419|1|0|4.0|VOLUMEN|FIJO|200113419|1|0|4.0|VOLUMEN|FIJO|200113419|1|0|4.0|VOLUMEN|FIJO|200113419|1|0|4.0|VOLUMEN|FIJO|200113419|1|0|4.0|VOLUMEN|FIJO|200113419|1|0|4.0|VOLUMEN|FIJO|200113419|1|0|4.0|VOLUMEN|FIJO|200113419|1|0|4.0|VOLUMEN|FIJO|200113419|1|0|4.0|VOLUMEN|FIJO|200113419|1|0|4.0|VOLUMEN|FIJO|200113419|1|0|4.0|VOLUMEN|FIJO|200113419|1|0|4.0
1134,VOLUMEN|FIJO|200113421|1|0|4.0|VOLUMEN|FIJO|200113421|1|0|4.0|VOLUMEN|FIJO|200113421|1|0|4.0|VOLUMEN|FIJO|200113421|1|0|4.0|VOLUMEN|FIJO|200113421|1|0|4.0|VOLUMEN|FIJO|200113421|1|0|4.0|VOLUMEN|FIJO|200113421|1|0|4.0|VOLUMEN|FIJO|200113421|1|0|4.0|VOLUMEN|FIJO|200113421|1|0|4.0|VOLUMEN|FIJO|200113421|1|0|4.0|VOLUMEN|FIJO|200113421|1|0|4.0|VOLUMEN|FIJO|200113421|1|0|4.0|VOLUMEN|FIJO|200113421|1|0|4.0
1135,VOLUMEN|FIJO|200113421|1|0|2.0|VOLUMEN|FIJO|200113421|1|0|2.0|VOLUMEN|FIJO|200113421|1|0|2.0|VOLUMEN|FIJO|200113421|1|0|2.0|VOLUMEN|FIJO|200113421|1|0|2.0|VOLUMEN|FIJO|200113421|1|0|2.0|VOLUMEN|FIJO|200113421|1|0|2.0|VOLUMEN|FIJO|200113421|1|0|2.0|VOLUMEN|FIJO|200113421|1|0|2.0|VOLUMEN|FIJO|200113421|1|0|2.0|VOLUMEN|FIJO|200113421|1|0|2.0|VOLUMEN|FIJO|200113421|1|0|2.0|VOLUMEN|FIJO|200113421|1|0|2.0
1136,VOLUMEN|FIJO|200058353|1|0|5.0|VOLUMEN|FIJO|200058353|1|0|5.0|VOLUMEN|FIJO|200058353|1|0|5.0|VOLUMEN|FIJO|200058353|1|0|5.0|VOLUMEN|FIJO|200058353|1|0|5.0|VOLUMEN|FIJO|200058353|1|0|5.0|VOLUMEN|FIJO|200058353|1|0|5.0|VOLUMEN|FIJO|200058353|1|0|5.0|VOLUMEN|FIJO|200058353|1|0|5.0
1137,VOLUMEN|FIJO|200058353|1|0|3.0|VOLUMEN|FIJO|200058353|1|0|3.0|VOLUMEN|FIJO|200058353|1|0|3.0|VOLUMEN|FIJO|200058353|1|0|3.0|VOLUMEN|FIJO|200058353|1|0|3.0|VOLUMEN|FIJO|200058353|1|0|3.0|VOLUMEN|FIJO|200058353|1|0|3.0|VOLUMEN|FIJO|200058353|1|0|3.0|VOLUMEN|FIJO|200058353|1|0|3.0
1138,VOLUMEN|FIJO|200083596|1|0|2.0|VOLUMEN|FIJO|200083596|1|0|2.0|VOLUMEN|FIJO|200083596|1|0|2.0|VOLUMEN|FIJO|200083596|1|0|2.0|VOLUMEN|FIJO|200083596|1|0|2.0|VOLUMEN|FIJO|200083596|1|0|2.0|VOLUMEN|FIJO|200083596|1|0|2.0|VOLUMEN|FIJO|200083596|1|0|2.0|VOLUMEN|FIJO|200083596|1|0|2.0|VOLUMEN|FIJO|200083596|1|0|2.0|VOLUMEN|FIJO|200083596|1|0|2.0
1139,VOLUMEN|FIJO|200083596|1|0|4.0|VOLUMEN|FIJO|200083596|1|0|4.0|VOLUMEN|FIJO|200083596|1|0|4.0|VOLUMEN|FIJO|200083596|1|0|4.0|VOLUMEN|FIJO|200083596|1|0|4.0|VOLUMEN|FIJO|200083596|1|0|4.0|VOLUMEN|FIJO|200083596|1|0|4.0|VOLUMEN|FIJO|200083596|1|0|4.0|VOLUMEN|FIJO|200083596|1|0|4.0|VOLUMEN|FIJO|200083596|1|0|4.0|VOLUMEN|FIJO|200083596|1|0|4.0
1140,VOLUMEN|FIJO|P0289058003|1|0|2.0|VOLUMEN|FIJO|P0289058003|1|0|2.0|VOLUMEN|FIJO|P0289058003|1|0|2.0|VOLUMEN|FIJO|P0289058003|1|0|2.0|VOLUMEN|FIJO|P0289058003|1|0|2.0|VOLUMEN|FIJO|P0289058003|1|0|2.0|VOLUMEN|FIJO|P0289058003|1|0|2.0|VOLUMEN|FIJO|P0289058003|1|0|2.0|VOLUMEN|FIJO|P0289058003|1|0|2.0|VOLUMEN|FIJO|P0289058003|1|0|2.0|VOLUMEN|FIJO|P0289058003|1|0|2.0
1141,VOLUMEN|FIJO|P0289058003|1|0|2.0|VOLUMEN|FIJO|P0289058003|1|0|2.0|VOLUMEN|FIJO|P0289058003|1|0|2.0|VOLUMEN|FIJO|P0289058003|1|0|2.0|VOLUMEN|FIJO|P0289058003|1|0|2.0|VOLUMEN|FIJO|P0289058003|1|0|2.0|VOLUMEN|FIJO|P0289058003|1|0|2.0|VOLUMEN|FIJO|P0289058003|1|0|2.0|VOLUMEN|FIJO|P0289058003|1|0|2.0|VOLUMEN|FIJO|P0289058003|1|0|2.0|VOLUMEN|FIJO|P0289058003|1|0|2.0
1142,VOLUMEN|FIJO|P0289058003|1|0|2.0|VOLUMEN|FIJO|P0289058003|1|0|2.0|VOLUMEN|FIJO|P0289058003|1|0|2.0|VOLUMEN|FIJO|P0289058003|1|0|2.0|VOLUMEN|FIJO|P0289058003|1|0|2.0|VOLUMEN|FIJO|P0289058003|1|0|2.0|VOLUMEN|FIJO|P0289058003|1|0|2.0|VOLUMEN|FIJO|P0289058003|1|0|2.0|VOLUMEN|FIJO|P0289058003|1|0|2.0|VOLUMEN|FIJO|P0289058003|1|0|2.0|VOLUMEN|FIJO|P0289058003|1|0|2.0
1143,VOLUMEN|FIJO|P0289058003|1|0|2.0|VOLUMEN|FIJO|P0289058003|1|0|2.0|VOLUMEN|FIJO|P0289058003|1|0|2.0|VOLUMEN|FIJO|P0289058003|1|0|2.0|VOLUMEN|FIJO|P0289058003|1|0|2.0|VOLUMEN|FIJO|P0289058003|1|0|2.0|VOLUMEN|FIJO|P0289058003|1|0|2.0|VOLUMEN|FIJO|P0289058003|1|0|2.0|VOLUMEN|FIJO|P0289058003|1|0|2.0|VOLUMEN|FIJO|P0289058003|1|0|2.0|VOLUMEN|FIJO|P0289058003|1|0|2.0
1144,VOLUMEN|FIJO|P0289058003|1|0|2.0|VOLUMEN|FIJO|P0289058003|1|0|2.0|VOLUMEN|FIJO|P0289058003|1|0|2.0|VOLUMEN|FIJO|P0289058003|1|0|2.0|VOLUMEN|FIJO|P0289058003|1|0|2.0|VOLUMEN|FIJO|P0289058003|1|0|2.0|VOLUMEN|FIJO|P0289058003|1|0|2.0|VOLUMEN|FIJO|P0289058003|1|0|2.0|VOLUMEN|FIJO|P0289058003|1|0|2.0|VOLUMEN|FIJO|P0289058003|1|0|2.0|VOLUMEN|FIJO|P0289058003|1|0|2.0
1145,VOLUMEN|FIJO|P0289058003|1|0|2.0|VOLUMEN|FIJO|P0289058003|1|0|2.0|VOLUMEN|FIJO|P0289058003|1|0|2.0|VOLUMEN|FIJO|P0289058003|1|0|2.0|VOLUMEN|FIJO|P0289058003|1|0|2.0|VOLUMEN|FIJO|P0289058003|1|0|2.0|VOLUMEN|FIJO|P0289058003|1|0|2.0|VOLUMEN|FIJO|P0289058003|1|0|2.0|VOLUMEN|FIJO|P0289058003|1|0|2.0|VOLUMEN|FIJO|P0289058003|1|0|2.0|VOLUMEN|FIJO|P0289058003|1|0|2.0
1146,VOLUMEN|FIJO|P0289058003|1|0|2.0|VOLUMEN|FIJO|P0289058003|1|0|2.0|VOLUMEN|FIJO|P0289058003|1|0|2.0|VOLUMEN|FIJO|P0289058003|1|0|2.0|VOLUMEN|FIJO|P0289058003|1|0|2.0|VOLUMEN|FIJO|P0289058003|1|0|2.0|VOLUMEN|FIJO|P0289058003|1|0|2.0|VOLUMEN|FIJO|P0289058003|1|0|2.0|VOLUMEN|FIJO|P0289058003|1|0|2.0|VOLUMEN|FIJO|P0289058003|1|0|2.0|VOLUMEN|FIJO|P0289058003|1|0|2.0
1147,VOLUMEN|FIJO|P0210133000|1|0|4.0|VOLUMEN|FIJO|P0210133000|1|0|4.0|VOLUMEN|FIJO|P0210133000|1|0|4.0|VOLUMEN|FIJO|P0210133000|1|0|4.0|VOLUMEN|FIJO|P0210133000|1|0|4.0|VOLUMEN|FIJO|P0210133000|1|0|4.0|VOLUMEN|FIJO|P0210133000|1|0|4.0|VOLUMEN|FIJO|P0210133000|1|0|4.0|VOLUMEN|FIJO|P0210133000|1|0|4.0|VOLUMEN|FIJO|P0210133000|1|0|4.0|VOLUMEN|FIJO|P0210133000|1|0|4.0
1148,VOLUMEN|FIJO|P0210133000|1|0|5.0|VOLUMEN|FIJO|P0210133000|1|0|5.0|VOLUMEN|FIJO|P0210133000|1|0|5.0|VOLUMEN|FIJO|P0210133000|1|0|5.0|VOLUMEN|FIJO|P0210133000|1|0|5.0|VOLUMEN|FIJO|P0210133000|1|0|5.0|VOLUMEN|FIJO|P0210133000|1|0|5.0|VOLUMEN|FIJO|P0210133000|1|0|5.0|VOLUMEN|FIJO|P0210133000|1|0|5.0|VOLUMEN|FIJO|P0210133000|1|0|5.0|VOLUMEN|FIJO|P0210133000|1|0|5.0
1149,VOLUMEN|FIJO|P0210133000|1|0|5.0|VOLUMEN|FIJO|P0210133000|1|0|5.0|VOLUMEN|FIJO|P0210133000|1|0|5.0|VOLUMEN|FIJO|P0210133000|1|0|5.0|VOLUMEN|FIJO|P0210133000|1|0|5.0|VOLUMEN|FIJO|P0210133000|1|0|5.0|VOLUMEN|FIJO|P0210133000|1|0|5.0|VOLUMEN|FIJO|P0210133000|1|0|5.0|VOLUMEN|FIJO|P0210133000|1|0|5.0|VOLUMEN|FIJO|P0210133000|1|0|5.0|VOLUMEN|FIJO|P0210133000|1|0|5.0
1150,VOLUMEN|FIJO|P0210133000|1|0|5.0|VOLUMEN|FIJO|P0210133000|1|0|5.0|VOLUMEN|FIJO|P0210133000|1|0|5.0|VOLUMEN|FIJO|P0210133000|1|0|5.0|VOLUMEN|FIJO|P0210133000|1|0|5.0|VOLUMEN|FIJO|P0210133000|1|0|5.0|VOLUMEN|FIJO|P0210133000|1|0|5.0|VOLUMEN|FIJO|P0210133000|1|0|5.0|VOLUMEN|FIJO|P0210133000|1|0|5.0|VOLUMEN|FIJO|P0210133000|1|0|5.0|VOLUMEN|FIJO|P0210133000|1|0|5.0
1151,VOLUMEN|FIJO|P0210133000|1|0|5.0|VOLUMEN|FIJO|P0210133000|1|0|5.0|VOLUMEN|FIJO|P0210133000|1|0|5.0|VOLUMEN|FIJO|P0210133000|1|0|5.0|VOLUMEN|FIJO|P0210133000|1|0|5.0|VOLUMEN|FIJO|P0210133000|1|0|5.0|VOLUMEN|FIJO|P0210133000|1|0|5.0|VOLUMEN|FIJO|P0210133000|1|0|5.0|VOLUMEN|FIJO|P0210133000|1|0|5.0|VOLUMEN|FIJO|P0210133000|1|0|5.0|VOLUMEN|FIJO|P0210133000|1|0|5.0
1152,VOLUMEN|FIJO|P0210133000|1|0|5.0|VOLUMEN|FIJO|P0210133000|1|0|5.0|VOLUMEN|FIJO|P0210133000|1|0|5.0|VOLUMEN|FIJO|P0210133000|1|0|5.0|VOLUMEN|FIJO|P0210133000|1|0|5.0|VOLUMEN|FIJO|P0210133000|1|0|5.0|VOLUMEN|FIJO|P0210133000|1|0|5.0|VOLUMEN|FIJO|P0210133000|1|0|5.0|VOLUMEN|FIJO|P0210133000|1|0|5.0|VOLUMEN|FIJO|P0210133000|1|0|5.0|VOLUMEN|FIJO|P0210133000|1|0|5.0
1153,VOLUMEN|FIJO|P0210133000|1|0|5.0|VOLUMEN|FIJO|P0210133000|1|0|5.0|VOLUMEN|FIJO|P0210133000|1|0|5.0|VOLUMEN|FIJO|P0210133000|1|0|5.0|VOLUMEN|FIJO|P0210133000|1|0|5.0|VOLUMEN|FIJO|P0210133000|1|0|5.0|VOLUMEN|FIJO|P0210133000|1|0|5.0|VOLUMEN|FIJO|P0210133000|1|0|5.0|VOLUMEN|FIJO|P0210133000|1|0|5.0|VOLUMEN|FIJO|P0210133000|1|0|5.0|VOLUMEN|FIJO|P0210133000|1|0|5.0
1154,VOLUMEN|FIJO|P0210133000|1|0|5.0|VOLUMEN|FIJO|P0210133000|1|0|5.0|VOLUMEN|FIJO|P0210133000|1|0|5.0|VOLUMEN|FIJO|P0210133000|1|0|5.0|VOLUMEN|FIJO|P0210133000|1|0|5.0|VOLUMEN|FIJO|P0210133000|1|0|5.0|VOLUMEN|FIJO|P0210133000|1|0|5.0|VOLUMEN|FIJO|P0210133000|1|0|5.0|VOLUMEN|FIJO|P0210133000|1|0|5.0|VOLUMEN|FIJO|P0210133000|1|0|5.0
1155,VOLUMEN|FIJO|P0210133000|1|0|5.0|VOLUMEN|FIJO|P0210133000|1|0|5.0|VOLUMEN|FIJO|P0210133000|1|0|5.0|VOLUMEN|FIJO|P0210133000|1|0|5.0|VOLUMEN|FIJO|P0210133000|1|0|5.0|VOLUMEN|FIJO|P0210133000|1|0|5.0|VOLUMEN|FIJO|P0210133000|1|0|5.0|VOLUMEN|FIJO|P0210133000|1|0|5.0|VOLUMEN|FIJO|P0210133000|1|0|5.0|VOLUMEN|FIJO|P0210133000|1|0|5.0
1156,VOLUMEN|FIJO|P0210133000|1|0|5.0|VOLUMEN|FIJO|P0210133000|1|0|5.0|VOLUMEN|FIJO|P0210133000|1|0|5.0|VOLUMEN|FIJO|P0210133000|1|0|5.0|VOLUMEN|FIJO|P0210133000|1|0|5.0|VOLUMEN|FIJO|P0210133000|1|0|5.0|VOLUMEN|FIJO|P0210133000|1|0|5.0|VOLUMEN|FIJO|P0210133000|1|0|5.0|VOLUMEN|FIJO|P0210133000|1|0|5.0|VOLUMEN|FIJO|P0210133000|1|0|5.0|VOLUMEN|FIJO|P0210133000|1|0|5.0
1157,VOLUMEN|FIJO|P0210133000|1|0|2.0|VOLUMEN|FIJO|P0210133000|1|0|2.0|VOLUMEN|FIJO|P0210133000|1|0|2.0|VOLUMEN|FIJO|P0210133000|1|0|2.0|VOLUMEN|FIJO|P0210133000|1|0|2.0|VOLUMEN|FIJO|P0210133000|1|0|2.0|VOLUMEN|FIJO|P0210133000|1|0|2.0|VOLUMEN|FIJO|P0210133000|1|0|2.0|VOLUMEN|FIJO|P0210133000|1|0|2.0|VOLUMEN|FIJO|P0210133000|1|0|2.0|VOLUMEN|FIJO|P0210133000|1|0|2.0
1158,VOLUMEN|FIJO|P0210133000|1|0|2.0|VOLUMEN|FIJO|P0210133000|1|0|2.0|VOLUMEN|FIJO|P0210133000|1|0|2.0|VOLUMEN|FIJO|P0210133000|1|0|2.0|VOLUMEN|FIJO|P0210133000|1|0|2.0|VOLUMEN|FIJO|P0210133000|1|0|2.0|VOLUMEN|FIJO|P0210133000|1|0|2.0|VOLUMEN|FIJO|P0210133000|1|0|2.0|VOLUMEN|FIJO|P0210133000|1|0|2.0|VOLUMEN|FIJO|P0210133000|1|0|2.0|VOLUMEN|FIJO|P0210133000|1|0|2.0
1159,VOLUMEN|FIJO|P0210133000|1|0|2.0|VOLUMEN|FIJO|P0210133000|1|0|2.0|VOLUMEN|FIJO|P0210133000|1|0|2.0|VOLUMEN|FIJO|P0210133000|1|0|2.0|VOLUMEN|FIJO|P0210133000|1|0|2.0|VOLUMEN|FIJO|P0210133000|1|0|2.0|VOLUMEN|FIJO|P0210133000|1|0|2.0|VOLUMEN|FIJO|P0210133000|1|0|2.0|VOLUMEN|FIJO|P0210133000|1|0|2.0|VOLUMEN|FIJO|P0210133000|1|0|2.0|VOLUMEN|FIJO|P0210133000|1|0|2.0
1160,VOLUMEN|FIJO|P0210133000|1|0|2.0|VOLUMEN|FIJO|P0210133000|1|0|2.0|VOLUMEN|FIJO|P0210133000|1|0|2.0|VOLUMEN|FIJO|P0210133000|1|0|2.0|VOLUMEN|FIJO|P0210133000|1|0|2.0|VOLUMEN|FIJO|P0210133000|1|0|2.0|VOLUMEN|FIJO|P0210133000|1|0|2.0|VOLUMEN|FIJO|P0210133000|1|0|2.0|VOLUMEN|FIJO|P0210133000|1|0|2.0|VOLUMEN|FIJO|P0210133000|1|0|2.0|VOLUMEN|FIJO|P0210133000|1|0|2.0
1161,VOLUMEN|FIJO|P0210133000|1|0|2.0|VOLUMEN|FIJO|P0210133000|1|0|2.0|VOLUMEN|FIJO|P0210133000|1|0|2.0|VOLUMEN|FIJO|P0210133000|1|0|2.0|VOLUMEN|FIJO|P0210133000|1|0|2.0|VOLUMEN|FIJO|P0210133000|1|0|2.0|VOLUMEN|FIJO|P0210133000|1|0|2.0|VOLUMEN|FIJO|P0210133000|1|0|2.0|VOLUMEN|FIJO|P0210133000|1|0|2.0|VOLUMEN|FIJO|P0210133000|1|0|2.0|VOLUMEN|FIJO|P0210133000|1|0|2.0
1162,VOLUMEN|FIJO|P0210133000|1|0|2.0|VOLUMEN|FIJO|P0210133000|1|0|2.0|VOLUMEN|FIJO|P0210133000|1|0|2.0|VOLUMEN|FIJO|P0210133000|1|0|2.0|VOLUMEN|FIJO|P0210133000|1|0|2.0|VOLUMEN|FIJO|P0210133000|1|0|2.0|VOLUMEN|FIJO|P0210133000|1|0|2.0|VOLUMEN|FIJO|P0210133000|1|0|2.0|VOLUMEN|FIJO|P0210133000|1|0|2.0|VOLUMEN|FIJO|P0210133000|1|0|2.0|VOLUMEN|FIJO|P0210133000|1|0|2.0
1163,VOLUMEN|FIJO|P0210133000|1|0|2.0|VOLUMEN|FIJO|P0210133000|1|0|2.0|VOLUMEN|FIJO|P0210133000|1|0|2.0|VOLUMEN|FIJO|P0210133000|1|0|2.0|VOLUMEN|FIJO|P0210133000|1|0|2.0|VOLUMEN|FIJO|P0210133000|1|0|2.0|VOLUMEN|FIJO|P0210133000|1|0|2.0|VOLUMEN|FIJO|P0210133000|1|0|2.0|VOLUMEN|FIJO|P0210133000|1|0|2.0|VOLUMEN|FIJO|P0210133000|1|0|2.0
1164,VOLUMEN|FIJO|P0210133000|1|0|2.0|VOLUMEN|FIJO|P0210133000|1|0|2.0|VOLUMEN|FIJO|P0210133000|1|0|2.0|VOLUMEN|FIJO|P0210133000|1|0|2.0|VOLUMEN|FIJO|P0210133000|1|0|2.0|VOLUMEN|FIJO|P0210133000|1|0|2.0|VOLUMEN|FIJO|P0210133000|1|0|2.0|VOLUMEN|FIJO|P0210133000|1|0|2.0|VOLUMEN|FIJO|P0210133000|1|0|2.0|VOLUMEN|FIJO|P0210133000|1|0|2.0
1165,VOLUMEN|FIJO|P0210133000|1|0|2.0|VOLUMEN|FIJO|P0210133000|1|0|2.0|VOLUMEN|FIJO|P0210133000|1|0|2.0|VOLUMEN|FIJO|P0210133000|1|0|2.0|VOLUMEN|FIJO|P0210133000|1|0|2.0|VOLUMEN|FIJO|P0210133000|1|0|2.0|VOLUMEN|FIJO|P0210133000|1|0|2.0|VOLUMEN|FIJO|P0210133000|1|0|2.0|VOLUMEN|FIJO|P0210133000|1|0|2.0|VOLUMEN|FIJO|P0210133000|1|0|2.0|VOLUMEN|FIJO|P0210133000|1|0|2.0
1166,VOLUMEN|FIJO|P0210133000|1|0|4.0|VOLUMEN|FIJO|P0210133000|1|0|4.0|VOLUMEN|FIJO|P0210133000|1|0|4.0|VOLUMEN|FIJO|P0210133000|1|0|4.0|VOLUMEN|FIJO|P0210133000|1|0|4.0|VOLUMEN|FIJO|P0210133000|1|0|4.0|VOLUMEN|FIJO|P0210133000|1|0|4.0|VOLUMEN|FIJO|P0210133000|1|0|4.0|VOLUMEN|FIJO|P0210133000|1|0|4.0|VOLUMEN|FIJO|P0210133000|1|0|4.0|VOLUMEN|FIJO|P0210133000|1|0|4.0
1167,VOLUMEN|FIJO|P0210133000|1|0|4.0|VOLUMEN|FIJO|P0210133000|1|0|4.0|VOLUMEN|FIJO|P0210133000|1|0|4.0|VOLUMEN|FIJO|P0210133000|1|0|4.0|VOLUMEN|FIJO|P0210133000|1|0|4.0|VOLUMEN|FIJO|P0210133000|1|0|4.0|VOLUMEN|FIJO|P0210133000|1|0|4.0|VOLUMEN|FIJO|P0210133000|1|0|4.0|VOLUMEN|FIJO|P0210133000|1|0|4.0|VOLUMEN|FIJO|P0210133000|1|0|4.0|VOLUMEN|FIJO|P0210133000|1|0|4.0
1168,VOLUMEN|FIJO|P0210133000|1|0|4.0|VOLUMEN|FIJO|P0210133000|1|0|4.0|VOLUMEN|FIJO|P0210133000|1|0|4.0|VOLUMEN|FIJO|P0210133000|1|0|4.0|VOLUMEN|FIJO|P0210133000|1|0|4.0|VOLUMEN|FIJO|P0210133000|1|0|4.0|VOLUMEN|FIJO|P0210133000|1|0|4.0|VOLUMEN|FIJO|P0210133000|1|0|4.0|VOLUMEN|FIJO|P0210133000|1|0|4.0|VOLUMEN|FIJO|P0210133000|1|0|4.0|VOLUMEN|FIJO|P0210133000|1|0|4.0
1169,VOLUMEN|FIJO|P0210133000|1|0|4.0|VOLUMEN|FIJO|P0210133000|1|0|4.0|VOLUMEN|FIJO|P0210133000|1|0|4.0|VOLUMEN|FIJO|P0210133000|1|0|4.0|VOLUMEN|FIJO|P0210133000|1|0|4.0|VOLUMEN|FIJO|P0210133000|1|0|4.0|VOLUMEN|FIJO|P0210133000|1|0|4.0|VOLUMEN|FIJO|P0210133000|1|0|4.0|VOLUMEN|FIJO|P0210133000|1|0|4.0|VOLUMEN|FIJO|P0210133000|1|0|4.0|VOLUMEN|FIJO|P0210133000|1|0|4.0
1170,VOLUMEN|FIJO|P0210133000|1|0|4.0|VOLUMEN|FIJO|P0210133000|1|0|4.0|VOLUMEN|FIJO|P0210133000|1|0|4.0|VOLUMEN|FIJO|P0210133000|1|0|4.0|VOLUMEN|FIJO|P0210133000|1|0|4.0|VOLUMEN|FIJO|P0210133000|1|0|4.0|VOLUMEN|FIJO|P0210133000|1|0|4.0|VOLUMEN|FIJO|P0210133000|1|0|4.0|VOLUMEN|FIJO|P0210133000|1|0|4.0|VOLUMEN|FIJO|P0210133000|1|0|4.0|VOLUMEN|FIJO|P0210133000|1|0|4.0
1171,VOLUMEN|FIJO|P0210133000|1|0|4.0|VOLUMEN|FIJO|P0210133000|1|0|4.0|VOLUMEN|FIJO|P0210133000|1|0|4.0|VOLUMEN|FIJO|P0210133000|1|0|4.0|VOLUMEN|FIJO|P0210133000|1|0|4.0|VOLUMEN|FIJO|P0210133000|1|0|4.0|VOLUMEN|FIJO|P0210133000|1|0|4.0|VOLUMEN|FIJO|P0210133000|1|0|4.0|VOLUMEN|FIJO|P0210133000|1|0|4.0|VOLUMEN|FIJO|P0210133000|1|0|4.0|VOLUMEN|FIJO|P0210133000|1|0|4.0
1172,VOLUMEN|FIJO|P0210133000|1|0|4.0|VOLUMEN|FIJO|P0210133000|1|0|4.0|VOLUMEN|FIJO|P0210133000|1|0|4.0|VOLUMEN|FIJO|P0210133000|1|0|4.0|VOLUMEN|FIJO|P0210133000|1|0|4.0|VOLUMEN|FIJO|P0210133000|1|0|4.0|VOLUMEN|FIJO|P0210133000|1|0|4.0|VOLUMEN|FIJO|P0210133000|1|0|4.0|VOLUMEN|FIJO|P0210133000|1|0|4.0|VOLUMEN|FIJO|P0210133000|1|0|4.0
1173,VOLUMEN|FIJO|P0210133000|1|0|4.0|VOLUMEN|FIJO|P0210133000|1|0|4.0|VOLUMEN|FIJO|P0210133000|1|0|4.0|VOLUMEN|FIJO|P0210133000|1|0|4.0|VOLUMEN|FIJO|P0210133000|1|0|4.0|VOLUMEN|FIJO|P0210133000|1|0|4.0|VOLUMEN|FIJO|P0210133000|1|0|4.0|VOLUMEN|FIJO|P0210133000|1|0|4.0|VOLUMEN|FIJO|P0210133000|1|0|4.0|VOLUMEN|FIJO|P0210133000|1|0|4.0
1174,VOLUMEN|FIJO|P0289071002|1|0|4.0|VOLUMEN|FIJO|P0289071002|1|0|4.0|VOLUMEN|FIJO|P0289071002|1|0|4.0|VOLUMEN|FIJO|P0289071002|1|0|4.0|VOLUMEN|FIJO|P0289071002|1|0|4.0|VOLUMEN|FIJO|P0289071002|1|0|4.0|VOLUMEN|FIJO|P0289071002|1|0|4.0|VOLUMEN|FIJO|P0289071002|1|0|4.0|VOLUMEN|FIJO|P0289071002|1|0|4.0|VOLUMEN|FIJO|P0289071002|1|0|4.0|VOLUMEN|FIJO|P0289071002|1|0|4.0
1175,VOLUMEN|FIJO|P0289071002|1|0|5.0|VOLUMEN|FIJO|P0289071002|1|0|5.0|VOLUMEN|FIJO|P0289071002|1|0|5.0|VOLUMEN|FIJO|P0289071002|1|0|5.0|VOLUMEN|FIJO|P0289071002|1|0|5.0|VOLUMEN|FIJO|P0289071002|1|0|5.0|VOLUMEN|FIJO|P0289071002|1|0|5.0|VOLUMEN|FIJO|P0289071002|1|0|5.0|VOLUMEN|FIJO|P0289071002|1|0|5.0|VOLUMEN|FIJO|P0289071002|1|0|5.0|VOLUMEN|FIJO|P0289071002|1|0|5.0
1176,VOLUMEN|FIJO|P0289071002|1|0|5.0|VOLUMEN|FIJO|P0289071002|1|0|5.0|VOLUMEN|FIJO|P0289071002|1|0|5.0|VOLUMEN|FIJO|P0289071002|1|0|5.0|VOLUMEN|FIJO|P0289071002|1|0|5.0|VOLUMEN|FIJO|P0289071002|1|0|5.0|VOLUMEN|FIJO|P0289071002|1|0|5.0|VOLUMEN|FIJO|P0289071002|1|0|5.0|VOLUMEN|FIJO|P0289071002|1|0|5.0|VOLUMEN|FIJO|P0289071002|1|0|5.0|VOLUMEN|FIJO|P0289071002|1|0|5.0
1177,VOLUMEN|FIJO|P0289071002|1|0|5.0|VOLUMEN|FIJO|P0289071002|1|0|5.0|VOLUMEN|FIJO|P0289071002|1|0|5.0|VOLUMEN|FIJO|P0289071002|1|0|5.0|VOLUMEN|FIJO|P0289071002|1|0|5.0|VOLUMEN|FIJO|P0289071002|1|0|5.0|VOLUMEN|FIJO|P0289071002|1|0|5.0|VOLUMEN|FIJO|P0289071002|1|0|5.0|VOLUMEN|FIJO|P0289071002|1|0|5.0|VOLUMEN|FIJO|P0289071002|1|0|5.0|VOLUMEN|FIJO|P0289071002|1|0|5.0
1178,VOLUMEN|FIJO|P0289071002|1|0|5.0|VOLUMEN|FIJO|P0289071002|1|0|5.0|VOLUMEN|FIJO|P0289071002|1|0|5.0|VOLUMEN|FIJO|P0289071002|1|0|5.0|VOLUMEN|FIJO|P0289071002|1|0|5.0|VOLUMEN|FIJO|P0289071002|1|0|5.0|VOLUMEN|FIJO|P0289071002|1|0|5.0|VOLUMEN|FIJO|P0289071002|1|0|5.0|VOLUMEN|FIJO|P0289071002|1|0|5.0|VOLUMEN|FIJO|P0289071002|1|0|5.0|VOLUMEN|FIJO|P0289071002|1|0|5.0
1179,VOLUMEN|FIJO|P0289071002|1|0|5.0|VOLUMEN|FIJO|P0289071002|1|0|5.0|VOLUMEN|FIJO|P0289071002|1|0|5.0|VOLUMEN|FIJO|P0289071002|1|0|5.0|VOLUMEN|FIJO|P0289071002|1|0|5.0|VOLUMEN|FIJO|P0289071002|1|0|5.0|VOLUMEN|FIJO|P0289071002|1|0|5.0|VOLUMEN|FIJO|P0289071002|1|0|5.0|VOLUMEN|FIJO|P0289071002|1|0|5.0|VOLUMEN|FIJO|P0289071002|1|0|5.0|VOLUMEN|FIJO|P0289071002|1|0|5.0
1180,VOLUMEN|FIJO|P0289071002|1|0|5.0|VOLUMEN|FIJO|P0289071002|1|0|5.0|VOLUMEN|FIJO|P0289071002|1|0|5.0|VOLUMEN|FIJO|P0289071002|1|0|5.0|VOLUMEN|FIJO|P0289071002|1|0|5.0|VOLUMEN|FIJO|P0289071002|1|0|5.0|VOLUMEN|FIJO|P0289071002|1|0|5.0|VOLUMEN|FIJO|P0289071002|1|0|5.0|VOLUMEN|FIJO|P0289071002|1|0|5.0|VOLUMEN|FIJO|P0289071002|1|0|5.0|VOLUMEN|FIJO|P0289071002|1|0|5.0
1181,VOLUMEN|FIJO|P0289071002|1|0|5.0|VOLUMEN|FIJO|P0289071002|1|0|5.0|VOLUMEN|FIJO|P0289071002|1|0|5.0|VOLUMEN|FIJO|P0289071002|1|0|5.0|VOLUMEN|FIJO|P0289071002|1|0|5.0|VOLUMEN|FIJO|P0289071002|1|0|5.0|VOLUMEN|FIJO|P0289071002|1|0|5.0|VOLUMEN|FIJO|P0289071002|1|0|5.0|VOLUMEN|FIJO|P0289071002|1|0|5.0|VOLUMEN|FIJO|P0289071002|1|0|5.0|VOLUMEN|FIJO|P0289071002|1|0|5.0
1182,VOLUMEN|FIJO|P0289071002|1|0|5.0|VOLUMEN|FIJO|P0289071002|1|0|5.0|VOLUMEN|FIJO|P0289071002|1|0|5.0|VOLUMEN|FIJO|P0289071002|1|0|5.0|VOLUMEN|FIJO|P0289071002|1|0|5.0|VOLUMEN|FIJO|P0289071002|1|0|5.0|VOLUMEN|FIJO|P0289071002|1|0|5.0|VOLUMEN|FIJO|P0289071002|1|0|5.0|VOLUMEN|FIJO|P0289071002|1|0|5.0|VOLUMEN|FIJO|P0289071002|1|0|5.0|VOLUMEN|FIJO|P0289071002|1|0|5.0
1183,VOLUMEN|FIJO|P0289071002|1|0|5.0|VOLUMEN|FIJO|P0289071002|1|0|5.0|VOLUMEN|FIJO|P0289071002|1|0|5.0|VOLUMEN|FIJO|P0289071002|1|0|5.0|VOLUMEN|FIJO|P0289071002|1|0|5.0|VOLUMEN|FIJO|P0289071002|1|0|5.0|VOLUMEN|FIJO|P0289071002|1|0|5.0|VOLUMEN|FIJO|P0289071002|1|0|5.0|VOLUMEN|FIJO|P0289071002|1|0|5.0|VOLUMEN|FIJO|P0289071002|1|0|5.0|VOLUMEN|FIJO|P0289071002|1|0|5.0
1184,VOLUMEN|FIJO|P0289071002|1|0|2.0|VOLUMEN|FIJO|P0289071002|1|0|2.0|VOLUMEN|FIJO|P0289071002|1|0|2.0|VOLUMEN|FIJO|P0289071002|1|0|2.0|VOLUMEN|FIJO|P0289071002|1|0|2.0|VOLUMEN|FIJO|P0289071002|1|0|2.0|VOLUMEN|FIJO|P0289071002|1|0|2.0|VOLUMEN|FIJO|P0289071002|1|0|2.0|VOLUMEN|FIJO|P0289071002|1|0|2.0|VOLUMEN|FIJO|P0289071002|1|0|2.0|VOLUMEN|FIJO|P0289071002|1|0|2.0
1185,VOLUMEN|FIJO|P0289071002|1|0|2.0|VOLUMEN|FIJO|P0289071002|1|0|2.0|VOLUMEN|FIJO|P0289071002|1|0|2.0|VOLUMEN|FIJO|P0289071002|1|0|2.0|VOLUMEN|FIJO|P0289071002|1|0|2.0|VOLUMEN|FIJO|P0289071002|1|0|2.0|VOLUMEN|FIJO|P0289071002|1|0|2.0|VOLUMEN|FIJO|P0289071002|1|0|2.0|VOLUMEN|FIJO|P0289071002|1|0|2.0|VOLUMEN|FIJO|P0289071002|1|0|2.0|VOLUMEN|FIJO|P0289071002|1|0|2.0
1186,VOLUMEN|FIJO|P0289071002|1|0|2.0|VOLUMEN|FIJO|P0289071002|1|0|2.0|VOLUMEN|FIJO|P0289071002|1|0|2.0|VOLUMEN|FIJO|P0289071002|1|0|2.0|VOLUMEN|FIJO|P0289071002|1|0|2.0|VOLUMEN|FIJO|P0289071002|1|0|2.0|VOLUMEN|FIJO|P0289071002|1|0|2.0|VOLUMEN|FIJO|P0289071002|1|0|2.0|VOLUMEN|FIJO|P0289071002|1|0|2.0|VOLUMEN|FIJO|P0289071002|1|0|2.0|VOLUMEN|FIJO|P0289071002|1|0|2.0
1187,VOLUMEN|FIJO|P0289071002|1|0|2.0|VOLUMEN|FIJO|P0289071002|1|0|2.0|VOLUMEN|FIJO|P0289071002|1|0|2.0|VOLUMEN|FIJO|P0289071002|1|0|2.0|VOLUMEN|FIJO|P0289071002|1|0|2.0|VOLUMEN|FIJO|P0289071002|1|0|2.0|VOLUMEN|FIJO|P0289071002|1|0|2.0|VOLUMEN|FIJO|P0289071002|1|0|2.0|VOLUMEN|FIJO|P0289071002|1|0|2.0|VOLUMEN|FIJO|P0289071002|1|0|2.0|VOLUMEN|FIJO|P0289071002|1|0|2.0
1188,VOLUMEN|FIJO|P0289071002|1|0|2.0|VOLUMEN|FIJO|P0289071002|1|0|2.0|VOLUMEN|FIJO|P0289071002|1|0|2.0|VOLUMEN|FIJO|P0289071002|1|0|2.0|VOLUMEN|FIJO|P0289071002|1|0|2.0|VOLUMEN|FIJO|P0289071002|1|0|2.0|VOLUMEN|FIJO|P0289071002|1|0|2.0|VOLUMEN|FIJO|P0289071002|1|0|2.0|VOLUMEN|FIJO|P0289071002|1|0|2.0|VOLUMEN|FIJO|P0289071002|1|0|2.0|VOLUMEN|FIJO|P0289071002|1|0|2.0
1189,VOLUMEN|FIJO|P0289071002|1|0|2.0|VOLUMEN|FIJO|P0289071002|1|0|2.0|VOLUMEN|FIJO|P0289071002|1|0|2.0|VOLUMEN|FIJO|P0289071002|1|0|2.0|VOLUMEN|FIJO|P0289071002|1|0|2.0|VOLUMEN|FIJO|P0289071002|1|0|2.0|VOLUMEN|FIJO|P0289071002|1|0|2.0|VOLUMEN|FIJO|P0289071002|1|0|2.0|VOLUMEN|FIJO|P0289071002|1|0|2.0|VOLUMEN|FIJO|P0289071002|1|0|2.0|VOLUMEN|FIJO|P0289071002|1|0|2.0
1190,VOLUMEN|FIJO|P0289071002|1|0|2.0|VOLUMEN|FIJO|P0289071002|1|0|2.0|VOLUMEN|FIJO|P0289071002|1|0|2.0|VOLUMEN|FIJO|P0289071002|1|0|2.0|VOLUMEN|FIJO|P0289071002|1|0|2.0|VOLUMEN|FIJO|P0289071002|1|0|2.0|VOLUMEN|FIJO|P0289071002|1|0|2.0|VOLUMEN|FIJO|P0289071002|1|0|2.0|VOLUMEN|FIJO|P0289071002|1|0|2.0|VOLUMEN|FIJO|P0289071002|1|0|2.0|VOLUMEN|FIJO|P0289071002|1|0|2.0
1191,VOLUMEN|FIJO|P0289071002|1|0|2.0|VOLUMEN|FIJO|P0289071002|1|0|2.0|VOLUMEN|FIJO|P0289071002|1|0|2.0|VOLUMEN|FIJO|P0289071002|1|0|2.0|VOLUMEN|FIJO|P0289071002|1|0|2.0|VOLUMEN|FIJO|P0289071002|1|0|2.0|VOLUMEN|FIJO|P0289071002|1|0|2.0|VOLUMEN|FIJO|P0289071002|1|0|2.0|VOLUMEN|FIJO|P0289071002|1|0|2.0|VOLUMEN|FIJO|P0289071002|1|0|2.0|VOLUMEN|FIJO|P0289071002|1|0|2.0
1192,VOLUMEN|FIJO|P0289071002|1|0|2.0|VOLUMEN|FIJO|P0289071002|1|0|2.0|VOLUMEN|FIJO|P0289071002|1|0|2.0|VOLUMEN|FIJO|P0289071002|1|0|2.0|VOLUMEN|FIJO|P0289071002|1|0|2.0|VOLUMEN|FIJO|P0289071002|1|0|2.0|VOLUMEN|FIJO|P0289071002|1|0|2.0|VOLUMEN|FIJO|P0289071002|1|0|2.0|VOLUMEN|FIJO|P0289071002|1|0|2.0|VOLUMEN|FIJO|P0289071002|1|0|2.0|VOLUMEN|FIJO|P0289071002|1|0|2.0
1193,VOLUMEN|FIJO|P0289071002|1|0|4.0|VOLUMEN|FIJO|P0289071002|1|0|4.0|VOLUMEN|FIJO|P0289071002|1|0|4.0|VOLUMEN|FIJO|P0289071002|1|0|4.0|VOLUMEN|FIJO|P0289071002|1|0|4.0|VOLUMEN|FIJO|P0289071002|1|0|4.0|VOLUMEN|FIJO|P0289071002|1|0|4.0|VOLUMEN|FIJO|P0289071002|1|0|4.0|VOLUMEN|FIJO|P0289071002|1|0|4.0|VOLUMEN|FIJO|P0289071002|1|0|4.0|VOLUMEN|FIJO|P0289071002|1|0|4.0
1194,VOLUMEN|FIJO|P0289071002|1|0|4.0|VOLUMEN|FIJO|P0289071002|1|0|4.0|VOLUMEN|FIJO|P0289071002|1|0|4.0|VOLUMEN|FIJO|P0289071002|1|0|4.0|VOLUMEN|FIJO|P0289071002|1|0|4.0|VOLUMEN|FIJO|P0289071002|1|0|4.0|VOLUMEN|FIJO|P0289071002|1|0|4.0|VOLUMEN|FIJO|P0289071002|1|0|4.0|VOLUMEN|FIJO|P0289071002|1|0|4.0|VOLUMEN|FIJO|P0289071002|1|0|4.0|VOLUMEN|FIJO|P0289071002|1|0|4.0
1195,VOLUMEN|FIJO|P0289071002|1|0|4.0|VOLUMEN|FIJO|P0289071002|1|0|4.0|VOLUMEN|FIJO|P0289071002|1|0|4.0|VOLUMEN|FIJO|P0289071002|1|0|4.0|VOLUMEN|FIJO|P0289071002|1|0|4.0|VOLUMEN|FIJO|P0289071002|1|0|4.0|VOLUMEN|FIJO|P0289071002|1|0|4.0|VOLUMEN|FIJO|P0289071002|1|0|4.0|VOLUMEN|FIJO|P0289071002|1|0|4.0|VOLUMEN|FIJO|P0289071002|1|0|4.0|VOLUMEN|FIJO|P0289071002|1|0|4.0
1196,VOLUMEN|FIJO|P0289071002|1|0|4.0|VOLUMEN|FIJO|P0289071002|1|0|4.0|VOLUMEN|FIJO|P0289071002|1|0|4.0|VOLUMEN|FIJO|P0289071002|1|0|4.0|VOLUMEN|FIJO|P0289071002|1|0|4.0|VOLUMEN|FIJO|P0289071002|1|0|4.0|VOLUMEN|FIJO|P0289071002|1|0|4.0|VOLUMEN|FIJO|P0289071002|1|0|4.0|VOLUMEN|FIJO|P0289071002|1|0|4.0|VOLUMEN|FIJO|P0289071002|1|0|4.0|VOLUMEN|FIJO|P0289071002|1|0|4.0
1197,VOLUMEN|FIJO|P0289071002|1|0|4.0|VOLUMEN|FIJO|P0289071002|1|0|4.0|VOLUMEN|FIJO|P0289071002|1|0|4.0|VOLUMEN|FIJO|P0289071002|1|0|4.0|VOLUMEN|FIJO|P0289071002|1|0|4.0|VOLUMEN|FIJO|P0289071002|1|0|4.0|VOLUMEN|FIJO|P0289071002|1|0|4.0|VOLUMEN|FIJO|P0289071002|1|0|4.0|VOLUMEN|FIJO|P0289071002|1|0|4.0|VOLUMEN|FIJO|P0289071002|1|0|4.0|VOLUMEN|FIJO|P0289071002|1|0|4.0
1198,VOLUMEN|FIJO|P0289071002|1|0|4.0|VOLUMEN|FIJO|P0289071002|1|0|4.0|VOLUMEN|FIJO|P0289071002|1|0|4.0|VOLUMEN|FIJO|P0289071002|1|0|4.0|VOLUMEN|FIJO|P0289071002|1|0|4.0|VOLUMEN|FIJO|P0289071002|1|0|4.0|VOLUMEN|FIJO|P0289071002|1|0|4.0|VOLUMEN|FIJO|P0289071002|1|0|4.0|VOLUMEN|FIJO|P0289071002|1|0|4.0|VOLUMEN|FIJO|P0289071002|1|0|4.0|VOLUMEN|FIJO|P0289071002|1|0|4.0
1199,VOLUMEN|FIJO|P0289071002|1|0|4.0|VOLUMEN|FIJO|P0289071002|1|0|4.0|VOLUMEN|FIJO|P0289071002|1|0|4.0|VOLUMEN|FIJO|P0289071002|1|0|4.0|VOLUMEN|FIJO|P0289071002|1|0|4.0|VOLUMEN|FIJO|P0289071002|1|0|4.0|VOLUMEN|FIJO|P0289071002|1|0|4.0|VOLUMEN|FIJO|P0289071002|1|0|4.0|VOLUMEN|FIJO|P0289071002|1|0|4.0|VOLUMEN|FIJO|P0289071002|1|0|4.0|VOLUMEN|FIJO|P0289071002|1|0|4.0
1200,VOLUMEN|FIJO|P0289071002|1|0|4.0|VOLUMEN|FIJO|P0289071002|1|0|4.0|VOLUMEN|FIJO|P0289071002|1|0|4.0|VOLUMEN|FIJO|P0289071002|1|0|4.0|VOLUMEN|FIJO|P0289071002|1|0|4.0|VOLUMEN|FIJO|P0289071002|1|0|4.0|VOLUMEN|FIJO|P0289071002|1|0|4.0|VOLUMEN|FIJO|P0289071002|1|0|4.0|VOLUMEN|FIJO|P0289071002|1|0|4.0|VOLUMEN|FIJO|P0289071002|1|0|4.0|VOLUMEN|FIJO|P0289071002|1|0|4.0
1201,VOLUMEN|FIJO|P0210133000|1|0|4.0|VOLUMEN|FIJO|P0210133000|1|0|4.0|VOLUMEN|FIJO|P0210133000|1|0|4.0|VOLUMEN|FIJO|P0210133000|1|0|4.0|VOLUMEN|FIJO|P0210133000|1|0|4.0|VOLUMEN|FIJO|P0210133000|1|0|4.0|VOLUMEN|FIJO|P0210133000|1|0|4.0|VOLUMEN|FIJO|P0210133000|1|0|4.0|VOLUMEN|FIJO|P0210133000|1|0|4.0|VOLUMEN|FIJO|P0210133000|1|0|4.0
1202,VOLUMEN|FIJO|P0210133000|1|0|4.0|VOLUMEN|FIJO|P0210133000|1|0|4.0|VOLUMEN|FIJO|P0210133000|1|0|4.0|VOLUMEN|FIJO|P0210133000|1|0|4.0|VOLUMEN|FIJO|P0210133000|1|0|4.0|VOLUMEN|FIJO|P0210133000|1|0|4.0|VOLUMEN|FIJO|P0210133000|1|0|4.0|VOLUMEN|FIJO|P0210133000|1|0|4.0|VOLUMEN|FIJO|P0210133000|1|0|4.0|VOLUMEN|FIJO|P0210133000|1|0|4.0
1203,VOLUMEN|FIJO|P0210133000|1|0|4.0|VOLUMEN|FIJO|P0210133000|1|0|4.0|VOLUMEN|FIJO|P0210133000|1|0|4.0|VOLUMEN|FIJO|P0210133000|1|0|4.0|VOLUMEN|FIJO|P0210133000|1|0|4.0|VOLUMEN|FIJO|P0210133000|1|0|4.0|VOLUMEN|FIJO|P0210133000|1|0|4.0|VOLUMEN|FIJO|P0210133000|1|0|4.0|VOLUMEN|FIJO|P0210133000|1|0|4.0|VOLUMEN|FIJO|P0210133000|1|0|4.0
1204,VOLUMEN|FIJO|P0210133000|1|0|4.0|VOLUMEN|FIJO|P0210133000|1|0|4.0|VOLUMEN|FIJO|P0210133000|1|0|4.0|VOLUMEN|FIJO|P0210133000|1|0|4.0|VOLUMEN|FIJO|P0210133000|1|0|4.0|VOLUMEN|FIJO|P0210133000|1|0|4.0|VOLUMEN|FIJO|P0210133000|1|0|4.0|VOLUMEN|FIJO|P0210133000|1|0|4.0|VOLUMEN|FIJO|P0210133000|1|0|4.0|VOLUMEN|FIJO|P0210133000|1|0|4.0
1205,VOLUMEN|FIJO|P0210133000|1|0|4.0|VOLUMEN|FIJO|P0210133000|1|0|4.0|VOLUMEN|FIJO|P0210133000|1|0|4.0|VOLUMEN|FIJO|P0210133000|1|0|4.0|VOLUMEN|FIJO|P0210133000|1|0|4.0|VOLUMEN|FIJO|P0210133000|1|0|4.0|VOLUMEN|FIJO|P0210133000|1|0|4.0|VOLUMEN|FIJO|P0210133000|1|0|4.0|VOLUMEN|FIJO|P0210133000|1|0|4.0|VOLUMEN|FIJO|P0210133000|1|0|4.0
1206,VOLUMEN|FIJO|P0210133000|1|0|4.0|VOLUMEN|FIJO|P0210133000|1|0|4.0|VOLUMEN|FIJO|P0210133000|1|0|4.0|VOLUMEN|FIJO|P0210133000|1|0|4.0|VOLUMEN|FIJO|P0210133000|1|0|4.0|VOLUMEN|FIJO|P0210133000|1|0|4.0|VOLUMEN|FIJO|P0210133000|1|0|4.0|VOLUMEN|FIJO|P0210133000|1|0|4.0|VOLUMEN|FIJO|P0210133000|1|0|4.0|VOLUMEN|FIJO|P0210133000|1|0|4.0
1207,VOLUMEN|FIJO|P0210133000|1|0|4.0|VOLUMEN|FIJO|P0210133000|1|0|4.0|VOLUMEN|FIJO|P0210133000|1|0|4.0|VOLUMEN|FIJO|P0210133000|1|0|4.0|VOLUMEN|FIJO|P0210133000|1|0|4.0|VOLUMEN|FIJO|P0210133000|1|0|4.0|VOLUMEN|FIJO|P0210133000|1|0|4.0|VOLUMEN|FIJO|P0210133000|1|0|4.0|VOLUMEN|FIJO|P0210133000|1|0|4.0|VOLUMEN|FIJO|P0210133000|1|0|4.0
1208,VOLUMEN|FIJO|P0210133000|1|0|4.0|VOLUMEN|FIJO|P0210133000|1|0|4.0|VOLUMEN|FIJO|P0210133000|1|0|4.0|VOLUMEN|FIJO|P0210133000|1|0|4.0|VOLUMEN|FIJO|P0210133000|1|0|4.0|VOLUMEN|FIJO|P0210133000|1|0|4.0|VOLUMEN|FIJO|P0210133000|1|0|4.0|VOLUMEN|FIJO|P0210133000|1|0|4.0|VOLUMEN|FIJO|P0210133000|1|0|4.0|VOLUMEN|FIJO|P0210133000|1|0|4.0
1209,VOLUMEN|FIJO|P0210133000|1|0|4.0|VOLUMEN|FIJO|P0210133000|1|0|4.0|VOLUMEN|FIJO|P0210133000|1|0|4.0|VOLUMEN|FIJO|P0210133000|1|0|4.0|VOLUMEN|FIJO|P0210133000|1|0|4.0|VOLUMEN|FIJO|P0210133000|1|0|4.0|VOLUMEN|FIJO|P0210133000|1|0|4.0|VOLUMEN|FIJO|P0210133000|1|0|4.0|VOLUMEN|FIJO|P0210133000|1|0|4.0|VOLUMEN|FIJO|P0210133000|1|0|4.0
1210,VOLUMEN|FIJO|P0210133000|1|0|5.0|VOLUMEN|FIJO|P0210133000|1|0|5.0|VOLUMEN|FIJO|P0210133000|1|0|5.0|VOLUMEN|FIJO|P0210133000|1|0|5.0|VOLUMEN|FIJO|P0210133000|1|0|5.0|VOLUMEN|FIJO|P0210133000|1|0|5.0|VOLUMEN|FIJO|P0210133000|1|0|5.0|VOLUMEN|FIJO|P0210133000|1|0|5.0|VOLUMEN|FIJO|P0210133000|1|0|5.0|VOLUMEN|FIJO|P0210133000|1|0|5.0
1211,VOLUMEN|FIJO|P0210133000|1|0|5.0|VOLUMEN|FIJO|P0210133000|1|0|5.0|VOLUMEN|FIJO|P0210133000|1|0|5.0|VOLUMEN|FIJO|P0210133000|1|0|5.0|VOLUMEN|FIJO|P0210133000|1|0|5.0|VOLUMEN|FIJO|P0210133000|1|0|5.0|VOLUMEN|FIJO|P0210133000|1|0|5.0|VOLUMEN|FIJO|P0210133000|1|0|5.0|VOLUMEN|FIJO|P0210133000|1|0|5.0|VOLUMEN|FIJO|P0210133000|1|0|5.0
1212,VOLUMEN|FIJO|P0210133000|1|0|5.0|VOLUMEN|FIJO|P0210133000|1|0|5.0|VOLUMEN|FIJO|P0210133000|1|0|5.0|VOLUMEN|FIJO|P0210133000|1|0|5.0|VOLUMEN|FIJO|P0210133000|1|0|5.0|VOLUMEN|FIJO|P0210133000|1|0|5.0|VOLUMEN|FIJO|P0210133000|1|0|5.0|VOLUMEN|FIJO|P0210133000|1|0|5.0|VOLUMEN|FIJO|P0210133000|1|0|5.0|VOLUMEN|FIJO|P0210133000|1|0|5.0
1213,VOLUMEN|FIJO|P0210133000|1|0|5.0|VOLUMEN|FIJO|P0210133000|1|0|5.0|VOLUMEN|FIJO|P0210133000|1|0|5.0|VOLUMEN|FIJO|P0210133000|1|0|5.0|VOLUMEN|FIJO|P0210133000|1|0|5.0|VOLUMEN|FIJO|P0210133000|1|0|5.0|VOLUMEN|FIJO|P0210133000|1|0|5.0|VOLUMEN|FIJO|P0210133000|1|0|5.0|VOLUMEN|FIJO|P0210133000|1|0|5.0|VOLUMEN|FIJO|P0210133000|1|0|5.0
1214,VOLUMEN|FIJO|P0210133000|1|0|5.0|VOLUMEN|FIJO|P0210133000|1|0|5.0|VOLUMEN|FIJO|P0210133000|1|0|5.0|VOLUMEN|FIJO|P0210133000|1|0|5.0|VOLUMEN|FIJO|P0210133000|1|0|5.0|VOLUMEN|FIJO|P0210133000|1|0|5.0|VOLUMEN|FIJO|P0210133000|1|0|5.0|VOLUMEN|FIJO|P0210133000|1|0|5.0|VOLUMEN|FIJO|P0210133000|1|0|5.0|VOLUMEN|FIJO|P0210133000|1|0|5.0
1215,VOLUMEN|FIJO|P0210133000|1|0|5.0|VOLUMEN|FIJO|P0210133000|1|0|5.0|VOLUMEN|FIJO|P0210133000|1|0|5.0|VOLUMEN|FIJO|P0210133000|1|0|5.0|VOLUMEN|FIJO|P0210133000|1|0|5.0|VOLUMEN|FIJO|P0210133000|1|0|5.0|VOLUMEN|FIJO|P0210133000|1|0|5.0|VOLUMEN|FIJO|P0210133000|1|0|5.0|VOLUMEN|FIJO|P0210133000|1|0|5.0|VOLUMEN|FIJO|P0210133000|1|0|5.0
1216,VOLUMEN|FIJO|P0210133000|1|0|5.0|VOLUMEN|FIJO|P0210133000|1|0|5.0|VOLUMEN|FIJO|P0210133000|1|0|5.0|VOLUMEN|FIJO|P0210133000|1|0|5.0|VOLUMEN|FIJO|P0210133000|1|0|5.0|VOLUMEN|FIJO|P0210133000|1|0|5.0|VOLUMEN|FIJO|P0210133000|1|0|5.0|VOLUMEN|FIJO|P0210133000|1|0|5.0|VOLUMEN|FIJO|P0210133000|1|0|5.0|VOLUMEN|FIJO|P0210133000|1|0|5.0
1217,VOLUMEN|FIJO|P0210133000|1|0|5.0|VOLUMEN|FIJO|P0210133000|1|0|5.0|VOLUMEN|FIJO|P0210133000|1|0|5.0|VOLUMEN|FIJO|P0210133000|1|0|5.0|VOLUMEN|FIJO|P0210133000|1|0|5.0|VOLUMEN|FIJO|P0210133000|1|0|5.0|VOLUMEN|FIJO|P0210133000|1|0|5.0|VOLUMEN|FIJO|P0210133000|1|0|5.0|VOLUMEN|FIJO|P0210133000|1|0|5.0|VOLUMEN|FIJO|P0210133000|1|0|5.0
1218,VOLUMEN|FIJO|P0210133000|1|0|5.0|VOLUMEN|FIJO|P0210133000|1|0|5.0|VOLUMEN|FIJO|P0210133000|1|0|5.0|VOLUMEN|FIJO|P0210133000|1|0|5.0|VOLUMEN|FIJO|P0210133000|1|0|5.0|VOLUMEN|FIJO|P0210133000|1|0|5.0|VOLUMEN|FIJO|P0210133000|1|0|5.0|VOLUMEN|FIJO|P0210133000|1|0|5.0|VOLUMEN|FIJO|P0210133000|1|0|5.0|VOLUMEN|FIJO|P0210133000|1|0|5.0
1219,VOLUMEN|FIJO|P0210133000|1|0|2.0|VOLUMEN|FIJO|P0210133000|1|0|2.0|VOLUMEN|FIJO|P0210133000|1|0|2.0|VOLUMEN|FIJO|P0210133000|1|0|2.0|VOLUMEN|FIJO|P0210133000|1|0|2.0|VOLUMEN|FIJO|P0210133000|1|0|2.0|VOLUMEN|FIJO|P0210133000|1|0|2.0|VOLUMEN|FIJO|P0210133000|1|0|2.0|VOLUMEN|FIJO|P0210133000|1|0|2.0|VOLUMEN|FIJO|P0210133000|1|0|2.0
1220,VOLUMEN|FIJO|P0210133000|1|0|2.0|VOLUMEN|FIJO|P0210133000|1|0|2.0|VOLUMEN|FIJO|P0210133000|1|0|2.0|VOLUMEN|FIJO|P0210133000|1|0|2.0|VOLUMEN|FIJO|P0210133000|1|0|2.0|VOLUMEN|FIJO|P0210133000|1|0|2.0|VOLUMEN|FIJO|P0210133000|1|0|2.0|VOLUMEN|FIJO|P0210133000|1|0|2.0|VOLUMEN|FIJO|P0210133000|1|0|2.0|VOLUMEN|FIJO|P0210133000|1|0|2.0
1221,VOLUMEN|FIJO|P0210133000|1|0|2.0|VOLUMEN|FIJO|P0210133000|1|0|2.0|VOLUMEN|FIJO|P0210133000|1|0|2.0|VOLUMEN|FIJO|P0210133000|1|0|2.0|VOLUMEN|FIJO|P0210133000|1|0|2.0|VOLUMEN|FIJO|P0210133000|1|0|2.0|VOLUMEN|FIJO|P0210133000|1|0|2.0|VOLUMEN|FIJO|P0210133000|1|0|2.0|VOLUMEN|FIJO|P0210133000|1|0|2.0|VOLUMEN|FIJO|P0210133000|1|0|2.0
1222,VOLUMEN|FIJO|P0210133000|1|0|2.0|VOLUMEN|FIJO|P0210133000|1|0|2.0|VOLUMEN|FIJO|P0210133000|1|0|2.0|VOLUMEN|FIJO|P0210133000|1|0|2.0|VOLUMEN|FIJO|P0210133000|1|0|2.0|VOLUMEN|FIJO|P0210133000|1|0|2.0|VOLUMEN|FIJO|P0210133000|1|0|2.0|VOLUMEN|FIJO|P0210133000|1|0|2.0|VOLUMEN|FIJO|P0210133000|1|0|2.0|VOLUMEN|FIJO|P0210133000|1|0|2.0
1223,VOLUMEN|FIJO|P0210133000|1|0|2.0|VOLUMEN|FIJO|P0210133000|1|0|2.0|VOLUMEN|FIJO|P0210133000|1|0|2.0|VOLUMEN|FIJO|P0210133000|1|0|2.0|VOLUMEN|FIJO|P0210133000|1|0|2.0|VOLUMEN|FIJO|P0210133000|1|0|2.0|VOLUMEN|FIJO|P0210133000|1|0|2.0|VOLUMEN|FIJO|P0210133000|1|0|2.0|VOLUMEN|FIJO|P0210133000|1|0|2.0|VOLUMEN|FIJO|P0210133000|1|0|2.0
1224,VOLUMEN|FIJO|P0210133000|1|0|2.0|VOLUMEN|FIJO|P0210133000|1|0|2.0|VOLUMEN|FIJO|P0210133000|1|0|2.0|VOLUMEN|FIJO|P0210133000|1|0|2.0|VOLUMEN|FIJO|P0210133000|1|0|2.0|VOLUMEN|FIJO|P0210133000|1|0|2.0|VOLUMEN|FIJO|P0210133000|1|0|2.0|VOLUMEN|FIJO|P0210133000|1|0|2.0|VOLUMEN|FIJO|P0210133000|1|0|2.0|VOLUMEN|FIJO|P0210133000|1|0|2.0
1225,VOLUMEN|FIJO|P0210133000|1|0|2.0|VOLUMEN|FIJO|P0210133000|1|0|2.0|VOLUMEN|FIJO|P0210133000|1|0|2.0|VOLUMEN|FIJO|P0210133000|1|0|2.0|VOLUMEN|FIJO|P0210133000|1|0|2.0|VOLUMEN|FIJO|P0210133000|1|0|2.0|VOLUMEN|FIJO|P0210133000|1|0|2.0|VOLUMEN|FIJO|P0210133000|1|0|2.0|VOLUMEN|FIJO|P0210133000|1|0|2.0|VOLUMEN|FIJO|P0210133000|1|0|2.0
1226,VOLUMEN|FIJO|P0210133000|1|0|2.0|VOLUMEN|FIJO|P0210133000|1|0|2.0|VOLUMEN|FIJO|P0210133000|1|0|2.0|VOLUMEN|FIJO|P0210133000|1|0|2.0|VOLUMEN|FIJO|P0210133000|1|0|2.0|VOLUMEN|FIJO|P0210133000|1|0|2.0|VOLUMEN|FIJO|P0210133000|1|0|2.0|VOLUMEN|FIJO|P0210133000|1|0|2.0|VOLUMEN|FIJO|P0210133000|1|0|2.0|VOLUMEN|FIJO|P0210133000|1|0|2.0
1227,VOLUMEN|FIJO|P0210133000|1|0|2.0|VOLUMEN|FIJO|P0210133000|1|0|2.0|VOLUMEN|FIJO|P0210133000|1|0|2.0|VOLUMEN|FIJO|P0210133000|1|0|2.0|VOLUMEN|FIJO|P0210133000|1|0|2.0|VOLUMEN|FIJO|P0210133000|1|0|2.0|VOLUMEN|FIJO|P0210133000|1|0|2.0|VOLUMEN|FIJO|P0210133000|1|0|2.0|VOLUMEN|FIJO|P0210133000|1|0|2.0|VOLUMEN|FIJO|P0210133000|1|0|2.0
1228,VOLUMEN|FIJO|200091875|1|0|2.0|VOLUMEN|FIJO|200091875|1|0|2.0|VOLUMEN|FIJO|200091875|1|0|2.0|VOLUMEN|FIJO|200091875|1|0|2.0|VOLUMEN|FIJO|200091875|1|0|2.0|VOLUMEN|FIJO|200091875|1|0|2.0|VOLUMEN|FIJO|200091875|1|0|2.0|VOLUMEN|FIJO|200091875|1|0|2.0|VOLUMEN|FIJO|200091875|1|0|2.0|VOLUMEN|FIJO|200091875|1|0|2.0|VOLUMEN|FIJO|200091875|1|0|2.0|VOLUMEN|FIJO|200091875|1|0|2.0
1229,VOLUMEN|FIJO|200094936|1|0|6.0|VOLUMEN|FIJO|200094936|1|0|6.0|VOLUMEN|FIJO|200094936|1|0|6.0|VOLUMEN|FIJO|200094936|1|0|6.0|VOLUMEN|FIJO|200094936|1|0|6.0|VOLUMEN|FIJO|200094936|1|0|6.0|VOLUMEN|FIJO|200094936|1|0|6.0|VOLUMEN|FIJO|200094936|1|0|6.0|VOLUMEN|FIJO|200094936|1|0|6.0|VOLUMEN|FIJO|200094936|1|0|6.0|VOLUMEN|FIJO|200094936|1|0|6.0|VOLUMEN|FIJO|200094936|1|0|6.0|VOLUMEN|FIJO|200094936|1|0|6.0
1230,VOLUMEN|FIJO|200094936|1|0|2.0|VOLUMEN|FIJO|200094936|1|0|2.0|VOLUMEN|FIJO|200094936|1|0|2.0|VOLUMEN|FIJO|200094936|1|0|2.0|VOLUMEN|FIJO|200094936|1|0|2.0|VOLUMEN|FIJO|200094936|1|0|2.0|VOLUMEN|FIJO|200094936|1|0|2.0|VOLUMEN|FIJO|200094936|1|0|2.0|VOLUMEN|FIJO|200094936|1|0|2.0|VOLUMEN|FIJO|200094936|1|0|2.0|VOLUMEN|FIJO|200094936|1|0|2.0|VOLUMEN|FIJO|200094936|1|0|2.0|VOLUMEN|FIJO|200094936|1|0|2.0
1231,VOLUMEN|FIJO|200094936|1|0|4.0|VOLUMEN|FIJO|200094936|1|0|4.0|VOLUMEN|FIJO|200094936|1|0|4.0|VOLUMEN|FIJO|200094936|1|0|4.0|VOLUMEN|FIJO|200094936|1|0|4.0|VOLUMEN|FIJO|200094936|1|0|4.0|VOLUMEN|FIJO|200094936|1|0|4.0|VOLUMEN|FIJO|200094936|1|0|4.0|VOLUMEN|FIJO|200094936|1|0|4.0|VOLUMEN|FIJO|200094936|1|0|4.0|VOLUMEN|FIJO|200094936|1|0|4.0|VOLUMEN|FIJO|200094936|1|0|4.0|VOLUMEN|FIJO|200094936|1|0|4.0
1232,VOLUMEN|FIJO|200099686|1|0|6.0|VOLUMEN|FIJO|200099686|1|0|6.0|VOLUMEN|FIJO|200099686|1|0|6.0|VOLUMEN|FIJO|200099686|1|0|6.0|VOLUMEN|FIJO|200099686|1|0|6.0|VOLUMEN|FIJO|200099686|1|0|6.0|VOLUMEN|FIJO|200099686|1|0|6.0|VOLUMEN|FIJO|200099686|1|0|6.0|VOLUMEN|FIJO|200099686|1|0|6.0|VOLUMEN|FIJO|200099686|1|0|6.0|VOLUMEN|FIJO|200099686|1|0|6.0|VOLUMEN|FIJO|200099686|1|0|6.0
1233,VOLUMEN|FIJO|200099686|1|0|2.0|VOLUMEN|FIJO|200099686|1|0|2.0|VOLUMEN|FIJO|200099686|1|0|2.0|VOLUMEN|FIJO|200099686|1|0|2.0|VOLUMEN|FIJO|200099686|1|0|2.0|VOLUMEN|FIJO|200099686|1|0|2.0|VOLUMEN|FIJO|200099686|1|0|2.0|VOLUMEN|FIJO|200099686|1|0|2.0|VOLUMEN|FIJO|200099686|1|0|2.0|VOLUMEN|FIJO|200099686|1|0|2.0|VOLUMEN|FIJO|200099686|1|0|2.0|VOLUMEN|FIJO|200099686|1|0|2.0
1234,VOLUMEN|FIJO|200099686|1|0|4.0|VOLUMEN|FIJO|200099686|1|0|4.0|VOLUMEN|FIJO|200099686|1|0|4.0|VOLUMEN|FIJO|200099686|1|0|4.0|VOLUMEN|FIJO|200099686|1|0|4.0|VOLUMEN|FIJO|200099686|1|0|4.0|VOLUMEN|FIJO|200099686|1|0|4.0|VOLUMEN|FIJO|200099686|1|0|4.0|VOLUMEN|FIJO|200099686|1|0|4.0|VOLUMEN|FIJO|200099686|1|0|4.0|VOLUMEN|FIJO|200099686|1|0|4.0|VOLUMEN|FIJO|200099686|1|0|4.0
1235,VOLUMEN|FIJO|200094937|1|0|4.0|VOLUMEN|FIJO|200094937|1|0|4.0|VOLUMEN|FIJO|200094937|1|0|4.0|VOLUMEN|FIJO|200094937|1|0|4.0|VOLUMEN|FIJO|200094937|1|0|4.0|VOLUMEN|FIJO|200094937|1|0|4.0|VOLUMEN|FIJO|200094937|1|0|4.0|VOLUMEN|FIJO|200094937|1|0|4.0|VOLUMEN|FIJO|200094937|1|0|4.0|VOLUMEN|FIJO|200094937|1|0|4.0|VOLUMEN|FIJO|200094937|1|0|4.0|VOLUMEN|FIJO|200094937|1|0|4.0
1236,VOLUMEN|FIJO|200094937|1|0|2.0|VOLUMEN|FIJO|200094937|1|0|2.0|VOLUMEN|FIJO|200094937|1|0|2.0|VOLUMEN|FIJO|200094937|1|0|2.0|VOLUMEN|FIJO|200094937|1|0|2.0|VOLUMEN|FIJO|200094937|1|0|2.0|VOLUMEN|FIJO|200094937|1|0|2.0|VOLUMEN|FIJO|200094937|1|0|2.0|VOLUMEN|FIJO|200094937|1|0|2.0|VOLUMEN|FIJO|200094937|1|0|2.0|VOLUMEN|FIJO|200094937|1|0|2.0|VOLUMEN|FIJO|200094937|1|0|2.0
1237,VOLUMEN|FIJO|200094937|1|0|6.0|VOLUMEN|FIJO|200094937|1|0|6.0|VOLUMEN|FIJO|200094937|1|0|6.0|VOLUMEN|FIJO|200094937|1|0|6.0|VOLUMEN|FIJO|200094937|1|0|6.0|VOLUMEN|FIJO|200094937|1|0|6.0|VOLUMEN|FIJO|200094937|1|0|6.0|VOLUMEN|FIJO|200094937|1|0|6.0|VOLUMEN|FIJO|200094937|1|0|6.0|VOLUMEN|FIJO|200094937|1|0|6.0|VOLUMEN|FIJO|200094937|1|0|6.0|VOLUMEN|FIJO|200094937|1|0|6.0
1238,VOLUMEN|FIJO|200099688|1|0|6.0|VOLUMEN|FIJO|200099688|1|0|6.0|VOLUMEN|FIJO|200099688|1|0|6.0|VOLUMEN|FIJO|200099688|1|0|6.0|VOLUMEN|FIJO|200099688|1|0|6.0|VOLUMEN|FIJO|200099688|1|0|6.0|VOLUMEN|FIJO|200099688|1|0|6.0|VOLUMEN|FIJO|200099688|1|0|6.0|VOLUMEN|FIJO|200099688|1|0|6.0|VOLUMEN|FIJO|200099688|1|0|6.0|VOLUMEN|FIJO|200099688|1|0|6.0|VOLUMEN|FIJO|200099688|1|0|6.0
1239,VOLUMEN|FIJO|200099688|1|0|2.0|VOLUMEN|FIJO|200099688|1|0|2.0|VOLUMEN|FIJO|200099688|1|0|2.0|VOLUMEN|FIJO|200099688|1|0|2.0|VOLUMEN|FIJO|200099688|1|0|2.0|VOLUMEN|FIJO|200099688|1|0|2.0|VOLUMEN|FIJO|200099688|1|0|2.0|VOLUMEN|FIJO|200099688|1|0|2.0|VOLUMEN|FIJO|200099688|1|0|2.0|VOLUMEN|FIJO|200099688|1|0|2.0|VOLUMEN|FIJO|200099688|1|0|2.0|VOLUMEN|FIJO|200099688|1|0|2.0
1240,VOLUMEN|FIJO|200099688|1|0|4.0|VOLUMEN|FIJO|200099688|1|0|4.0|VOLUMEN|FIJO|200099688|1|0|4.0|VOLUMEN|FIJO|200099688|1|0|4.0|VOLUMEN|FIJO|200099688|1|0|4.0|VOLUMEN|FIJO|200099688|1|0|4.0|VOLUMEN|FIJO|200099688|1|0|4.0|VOLUMEN|FIJO|200099688|1|0|4.0|VOLUMEN|FIJO|200099688|1|0|4.0|VOLUMEN|FIJO|200099688|1|0|4.0|VOLUMEN|FIJO|200099688|1|0|4.0|VOLUMEN|FIJO|200099688|1|0|4.0
1241,VOLUMEN|FIJO|200094941|1|0|2.0|VOLUMEN|FIJO|200094941|1|0|2.0|VOLUMEN|FIJO|200094941|1|0|2.0|VOLUMEN|FIJO|200094941|1|0|2.0|VOLUMEN|FIJO|200094941|1|0|2.0|VOLUMEN|FIJO|200094941|1|0|2.0|VOLUMEN|FIJO|200094941|1|0|2.0|VOLUMEN|FIJO|200094941|1|0|2.0|VOLUMEN|FIJO|200094941|1|0|2.0|VOLUMEN|FIJO|200094941|1|0|2.0|VOLUMEN|FIJO|200094941|1|0|2.0|VOLUMEN|FIJO|200094941|1|0|2.0|VOLUMEN|FIJO|200094941|1|0|2.0
1242,VOLUMEN|FIJO|200094941|1|0|6.0|VOLUMEN|FIJO|200094941|1|0|6.0|VOLUMEN|FIJO|200094941|1|0|6.0|VOLUMEN|FIJO|200094941|1|0|6.0|VOLUMEN|FIJO|200094941|1|0|6.0|VOLUMEN|FIJO|200094941|1|0|6.0|VOLUMEN|FIJO|200094941|1|0|6.0|VOLUMEN|FIJO|200094941|1|0|6.0|VOLUMEN|FIJO|200094941|1|0|6.0|VOLUMEN|FIJO|200094941|1|0|6.0|VOLUMEN|FIJO|200094941|1|0|6.0|VOLUMEN|FIJO|200094941|1|0|6.0|VOLUMEN|FIJO|200094941|1|0|6.0
1243,VOLUMEN|FIJO|200094941|1|0|4.0|VOLUMEN|FIJO|200094941|1|0|4.0|VOLUMEN|FIJO|200094941|1|0|4.0|VOLUMEN|FIJO|200094941|1|0|4.0|VOLUMEN|FIJO|200094941|1|0|4.0|VOLUMEN|FIJO|200094941|1|0|4.0|VOLUMEN|FIJO|200094941|1|0|4.0|VOLUMEN|FIJO|200094941|1|0|4.0|VOLUMEN|FIJO|200094941|1|0|4.0|VOLUMEN|FIJO|200094941|1|0|4.0|VOLUMEN|FIJO|200094941|1|0|4.0|VOLUMEN|FIJO|200094941|1|0|4.0|VOLUMEN|FIJO|200094941|1|0|4.0
1244,VOLUMEN|FIJO|200099083|1|0|3.0|VOLUMEN|FIJO|200099083|1|0|3.0|VOLUMEN|FIJO|200099083|1|0|3.0|VOLUMEN|FIJO|200099083|1|0|3.0|VOLUMEN|FIJO|200099083|1|0|3.0|VOLUMEN|FIJO|200099083|1|0|3.0|VOLUMEN|FIJO|200099083|1|0|3.0|VOLUMEN|FIJO|200099083|1|0|3.0|VOLUMEN|FIJO|200099083|1|0|3.0|VOLUMEN|FIJO|200099083|1|0|3.0|VOLUMEN|FIJO|200099083|1|0|3.0
1245,VOLUMEN|FIJO|200099083|1|0|5.0|VOLUMEN|FIJO|200099083|1|0|5.0|VOLUMEN|FIJO|200099083|1|0|5.0|VOLUMEN|FIJO|200099083|1|0|5.0|VOLUMEN|FIJO|200099083|1|0|5.0|VOLUMEN|FIJO|200099083|1|0|5.0|VOLUMEN|FIJO|200099083|1|0|5.0|VOLUMEN|FIJO|200099083|1|0|5.0|VOLUMEN|FIJO|200099083|1|0|5.0|VOLUMEN|FIJO|200099083|1|0|5.0|VOLUMEN|FIJO|200099083|1|0|5.0
1246,VOLUMEN|FIJO|200095931|1|0|3.0|VOLUMEN|FIJO|200095931|1|0|3.0|VOLUMEN|FIJO|200095931|1|0|3.0|VOLUMEN|FIJO|200095931|1|0|3.0|VOLUMEN|FIJO|200095931|1|0|3.0|VOLUMEN|FIJO|200095931|1|0|3.0|VOLUMEN|FIJO|200095931|1|0|3.0|VOLUMEN|FIJO|200095931|1|0|3.0|VOLUMEN|FIJO|200095931|1|0|3.0|VOLUMEN|FIJO|200095931|1|0|3.0|VOLUMEN|FIJO|200095931|1|0|3.0|VOLUMEN|FIJO|200095931|1|0|3.0|VOLUMEN|FIJO|200095931|1|0|3.0
1247,VOLUMEN|FIJO|200098878|1|0|2.0|VOLUMEN|FIJO|200098878|1|0|2.0|VOLUMEN|FIJO|200098878|1|0|2.0|VOLUMEN|FIJO|200098878|1|0|2.0|VOLUMEN|FIJO|200098878|1|0|2.0|VOLUMEN|FIJO|200098878|1|0|2.0|VOLUMEN|FIJO|200098878|1|0|2.0|VOLUMEN|FIJO|200098878|1|0|2.0|VOLUMEN|FIJO|200098878|1|0|2.0|VOLUMEN|FIJO|200098878|1|0|2.0|VOLUMEN|FIJO|200098878|1|0|2.0|VOLUMEN|FIJO|200098878|1|0|2.0
1248,VOLUMEN|FIJO|200103962|1|0|2.0|VOLUMEN|FIJO|200103962|1|0|2.0|VOLUMEN|FIJO|200103962|1|0|2.0|VOLUMEN|FIJO|200103962|1|0|2.0|VOLUMEN|FIJO|200103962|1|0|2.0|VOLUMEN|FIJO|200103962|1|0|2.0|VOLUMEN|FIJO|200103962|1|0|2.0|VOLUMEN|FIJO|200103962|1|0|2.0|VOLUMEN|FIJO|200103962|1|0|2.0|VOLUMEN|FIJO|200103962|1|0|2.0|VOLUMEN|FIJO|200103962|1|0|2.0|VOLUMEN|FIJO|200103962|1|0|2.0
1249,VOLUMEN|FIJO|200103963|1|0|2.0|VOLUMEN|FIJO|200103963|1|0|2.0|VOLUMEN|FIJO|200103963|1|0|2.0|VOLUMEN|FIJO|200103963|1|0|2.0|VOLUMEN|FIJO|200103963|1|0|2.0|VOLUMEN|FIJO|200103963|1|0|2.0|VOLUMEN|FIJO|200103963|1|0|2.0|VOLUMEN|FIJO|200103963|1|0|2.0|VOLUMEN|FIJO|200103963|1|0|2.0|VOLUMEN|FIJO|200103963|1|0|2.0|VOLUMEN|FIJO|200103963|1|0|2.0|VOLUMEN|FIJO|200103963|1|0|2.0
1250,VOLUMEN|FIJO|200092164|1|0|2.0|VOLUMEN|FIJO|200092164|1|0|2.0|VOLUMEN|FIJO|200092164|1|0|2.0|VOLUMEN|FIJO|200092164|1|0|2.0|VOLUMEN|FIJO|200092164|1|0|2.0|VOLUMEN|FIJO|200092164|1|0|2.0|VOLUMEN|FIJO|200092164|1|0|2.0|VOLUMEN|FIJO|200092164|1|0|2.0|VOLUMEN|FIJO|200092164|1|0|2.0|VOLUMEN|FIJO|200092164|1|0|2.0|VOLUMEN|FIJO|200092164|1|0|2.0|VOLUMEN|FIJO|200092164|1|0|2.0
1251,VOLUMEN|FIJO|200056155|1|0|3.0|VOLUMEN|FIJO|200056155|1|0|3.0|VOLUMEN|FIJO|200056155|1|0|3.0|VOLUMEN|FIJO|200056155|1|0|3.0|VOLUMEN|FIJO|200056155|1|0|3.0|VOLUMEN|FIJO|200056155|1|0|3.0|VOLUMEN|FIJO|200056155|1|0|3.0|VOLUMEN|FIJO|200056155|1|0|3.0|VOLUMEN|FIJO|200056155|1|0|3.0
1252,VOLUMEN|FIJO|200051086|1|0|6.0|VOLUMEN|FIJO|200051086|1|0|6.0|VOLUMEN|FIJO|200051086|1|0|6.0|VOLUMEN|FIJO|200051086|1|0|6.0|VOLUMEN|FIJO|200051086|1|0|6.0|VOLUMEN|FIJO|200051086|1|0|6.0|VOLUMEN|FIJO|200051086|1|0|6.0|VOLUMEN|FIJO|200051086|1|0|6.0|VOLUMEN|FIJO|200051086|1|0|6.0|VOLUMEN|FIJO|200051086|1|0|6.0|VOLUMEN|FIJO|200051086|1|0|6.0|VOLUMEN|FIJO|200051086|1|0|6.0
1253,VOLUMEN|FIJO|200051086|1|0|2.0|VOLUMEN|FIJO|200051086|1|0|2.0|VOLUMEN|FIJO|200051086|1|0|2.0|VOLUMEN|FIJO|200051086|1|0|2.0|VOLUMEN|FIJO|200051086|1|0|2.0|VOLUMEN|FIJO|200051086|1|0|2.0|VOLUMEN|FIJO|200051086|1|0|2.0|VOLUMEN|FIJO|200051086|1|0|2.0|VOLUMEN|FIJO|200051086|1|0|2.0|VOLUMEN|FIJO|200051086|1|0|2.0|VOLUMEN|FIJO|200051086|1|0|2.0|VOLUMEN|FIJO|200051086|1|0|2.0
1254,VOLUMEN|FIJO|200051086|1|0|4.0|VOLUMEN|FIJO|200051086|1|0|4.0|VOLUMEN|FIJO|200051086|1|0|4.0|VOLUMEN|FIJO|200051086|1|0|4.0|VOLUMEN|FIJO|200051086|1|0|4.0|VOLUMEN|FIJO|200051086|1|0|4.0|VOLUMEN|FIJO|200051086|1|0|4.0|VOLUMEN|FIJO|200051086|1|0|4.0|VOLUMEN|FIJO|200051086|1|0|4.0|VOLUMEN|FIJO|200051086|1|0|4.0|VOLUMEN|FIJO|200051086|1|0|4.0|VOLUMEN|FIJO|200051086|1|0|4.0
1255,VOLUMEN|FIJO|P0408050000|1|0|4.0|VOLUMEN|FIJO|P0408050000|1|0|4.0|VOLUMEN|FIJO|P0408050000|1|0|4.0|VOLUMEN|FIJO|P0408050000|1|0|4.0|VOLUMEN|FIJO|P0408050000|1|0|4.0|VOLUMEN|FIJO|P0408050000|1|0|4.0|VOLUMEN|FIJO|P0408050000|1|0|4.0|VOLUMEN|FIJO|P0408050000|1|0|4.0|VOLUMEN|FIJO|P0408050000|1|0|4.0|VOLUMEN|FIJO|P0408050000|1|0|4.0|VOLUMEN|FIJO|P0408050000|1|0|4.0|VOLUMEN|FIJO|P0408050000|1|0|4.0|VOLUMEN|FIJO|P0408050000|1|0|4.0
1256,VOLUMEN|FIJO|P0408050000|1|0|4.0|VOLUMEN|FIJO|P0408050000|1|0|4.0|VOLUMEN|FIJO|P0408050000|1|0|4.0|VOLUMEN|FIJO|P0408050000|1|0|4.0|VOLUMEN|FIJO|P0408050000|1|0|4.0|VOLUMEN|FIJO|P0408050000|1|0|4.0|VOLUMEN|FIJO|P0408050000|1|0|4.0|VOLUMEN|FIJO|P0408050000|1|0|4.0|VOLUMEN|FIJO|P0408050000|1|0|4.0|VOLUMEN|FIJO|P0408050000|1|0|4.0|VOLUMEN|FIJO|P0408050000|1|0|4.0|VOLUMEN|FIJO|P0408050000|1|0|4.0|VOLUMEN|FIJO|P0408050000|1|0|4.0
1257,VOLUMEN|FIJO|P0408050000|1|0|4.0|VOLUMEN|FIJO|P0408050000|1|0|4.0|VOLUMEN|FIJO|P0408050000|1|0|4.0|VOLUMEN|FIJO|P0408050000|1|0|4.0|VOLUMEN|FIJO|P0408050000|1|0|4.0|VOLUMEN|FIJO|P0408050000|1|0|4.0|VOLUMEN|FIJO|P0408050000|1|0|4.0|VOLUMEN|FIJO|P0408050000|1|0|4.0|VOLUMEN|FIJO|P0408050000|1|0|4.0|VOLUMEN|FIJO|P0408050000|1|0|4.0|VOLUMEN|FIJO|P0408050000|1|0|4.0|VOLUMEN|FIJO|P0408050000|1|0|4.0|VOLUMEN|FIJO|P0408050000|1|0|4.0
1258,VOLUMEN|FIJO|P0408050000|1|0|4.0|VOLUMEN|FIJO|P0408050000|1|0|4.0|VOLUMEN|FIJO|P0408050000|1|0|4.0|VOLUMEN|FIJO|P0408050000|1|0|4.0|VOLUMEN|FIJO|P0408050000|1|0|4.0|VOLUMEN|FIJO|P0408050000|1|0|4.0|VOLUMEN|FIJO|P0408050000|1|0|4.0|VOLUMEN|FIJO|P0408050000|1|0|4.0|VOLUMEN|FIJO|P0408050000|1|0|4.0|VOLUMEN|FIJO|P0408050000|1|0|4.0|VOLUMEN|FIJO|P0408050000|1|0|4.0|VOLUMEN|FIJO|P0408050000|1|0|4.0|VOLUMEN|FIJO|P0408050000|1|0|4.0
1259,VOLUMEN|FIJO|P0408050000|1|0|2.0|VOLUMEN|FIJO|P0408050000|1|0|2.0|VOLUMEN|FIJO|P0408050000|1|0|2.0|VOLUMEN|FIJO|P0408050000|1|0|2.0|VOLUMEN|FIJO|P0408050000|1|0|2.0|VOLUMEN|FIJO|P0408050000|1|0|2.0|VOLUMEN|FIJO|P0408050000|1|0|2.0|VOLUMEN|FIJO|P0408050000|1|0|2.0|VOLUMEN|FIJO|P0408050000|1|0|2.0|VOLUMEN|FIJO|P0408050000|1|0|2.0|VOLUMEN|FIJO|P0408050000|1|0|2.0|VOLUMEN|FIJO|P0408050000|1|0|2.0|VOLUMEN|FIJO|P0408050000|1|0|2.0
1260,VOLUMEN|FIJO|P0408050000|1|0|2.0|VOLUMEN|FIJO|P0408050000|1|0|2.0|VOLUMEN|FIJO|P0408050000|1|0|2.0|VOLUMEN|FIJO|P0408050000|1|0|2.0|VOLUMEN|FIJO|P0408050000|1|0|2.0|VOLUMEN|FIJO|P0408050000|1|0|2.0|VOLUMEN|FIJO|P0408050000|1|0|2.0|VOLUMEN|FIJO|P0408050000|1|0|2.0|VOLUMEN|FIJO|P0408050000|1|0|2.0|VOLUMEN|FIJO|P0408050000|1|0|2.0|VOLUMEN|FIJO|P0408050000|1|0|2.0|VOLUMEN|FIJO|P0408050000|1|0|2.0|VOLUMEN|FIJO|P0408050000|1|0|2.0
1261,VOLUMEN|FIJO|P0408050000|1|0|2.0|VOLUMEN|FIJO|P0408050000|1|0|2.0|VOLUMEN|FIJO|P0408050000|1|0|2.0|VOLUMEN|FIJO|P0408050000|1|0|2.0|VOLUMEN|FIJO|P0408050000|1|0|2.0|VOLUMEN|FIJO|P0408050000|1|0|2.0|VOLUMEN|FIJO|P0408050000|1|0|2.0|VOLUMEN|FIJO|P0408050000|1|0|2.0|VOLUMEN|FIJO|P0408050000|1|0|2.0|VOLUMEN|FIJO|P0408050000|1|0|2.0|VOLUMEN|FIJO|P0408050000|1|0|2.0|VOLUMEN|FIJO|P0408050000|1|0|2.0|VOLUMEN|FIJO|P0408050000|1|0|2.0
1262,VOLUMEN|FIJO|P0408050000|1|0|2.0|VOLUMEN|FIJO|P0408050000|1|0|2.0|VOLUMEN|FIJO|P0408050000|1|0|2.0|VOLUMEN|FIJO|P0408050000|1|0|2.0|VOLUMEN|FIJO|P0408050000|1|0|2.0|VOLUMEN|FIJO|P0408050000|1|0|2.0|VOLUMEN|FIJO|P0408050000|1|0|2.0|VOLUMEN|FIJO|P0408050000|1|0|2.0|VOLUMEN|FIJO|P0408050000|1|0|2.0|VOLUMEN|FIJO|P0408050000|1|0|2.0|VOLUMEN|FIJO|P0408050000|1|0|2.0|VOLUMEN|FIJO|P0408050000|1|0|2.0|VOLUMEN|FIJO|P0408050000|1|0|2.0
1263,VOLUMEN|FIJO|P0408050000|1|0|2.0|VOLUMEN|FIJO|P0408050000|1|0|2.0|VOLUMEN|FIJO|P0408050000|1|0|2.0|VOLUMEN|FIJO|P0408050000|1|0|2.0|VOLUMEN|FIJO|P0408050000|1|0|2.0|VOLUMEN|FIJO|P0408050000|1|0|2.0|VOLUMEN|FIJO|P0408050000|1|0|2.0|VOLUMEN|FIJO|P0408050000|1|0|2.0|VOLUMEN|FIJO|P0408050000|1|0|2.0|VOLUMEN|FIJO|P0408050000|1|0|2.0|VOLUMEN|FIJO|P0408050000|1|0|2.0|VOLUMEN|FIJO|P0408050000|1|0|2.0|VOLUMEN|FIJO|P0408050000|1|0|2.0
1264,VOLUMEN|FIJO|P0408050000|1|0|2.0|VOLUMEN|FIJO|P0408050000|1|0|2.0|VOLUMEN|FIJO|P0408050000|1|0|2.0|VOLUMEN|FIJO|P0408050000|1|0|2.0|VOLUMEN|FIJO|P0408050000|1|0|2.0|VOLUMEN|FIJO|P0408050000|1|0|2.0|VOLUMEN|FIJO|P0408050000|1|0|2.0|VOLUMEN|FIJO|P0408050000|1|0|2.0|VOLUMEN|FIJO|P0408050000|1|0|2.0|VOLUMEN|FIJO|P0408050000|1|0|2.0|VOLUMEN|FIJO|P0408050000|1|0|2.0|VOLUMEN|FIJO|P0408050000|1|0|2.0|VOLUMEN|FIJO|P0408050000|1|0|2.0
1265,VOLUMEN|FIJO|P0408050000|1|0|2.0|VOLUMEN|FIJO|P0408050000|1|0|2.0|VOLUMEN|FIJO|P0408050000|1|0|2.0|VOLUMEN|FIJO|P0408050000|1|0|2.0|VOLUMEN|FIJO|P0408050000|1|0|2.0|VOLUMEN|FIJO|P0408050000|1|0|2.0|VOLUMEN|FIJO|P0408050000|1|0|2.0|VOLUMEN|FIJO|P0408050000|1|0|2.0|VOLUMEN|FIJO|P0408050000|1|0|2.0|VOLUMEN|FIJO|P0408050000|1|0|2.0|VOLUMEN|FIJO|P0408050000|1|0|2.0|VOLUMEN|FIJO|P0408050000|1|0|2.0|VOLUMEN|FIJO|P0408050000|1|0|2.0
1266,VOLUMEN|FIJO|P0408050000|1|0|2.0|VOLUMEN|FIJO|P0408050000|1|0|2.0|VOLUMEN|FIJO|P0408050000|1|0|2.0|VOLUMEN|FIJO|P0408050000|1|0|2.0|VOLUMEN|FIJO|P0408050000|1|0|2.0|VOLUMEN|FIJO|P0408050000|1|0|2.0|VOLUMEN|FIJO|P0408050000|1|0|2.0|VOLUMEN|FIJO|P0408050000|1|0|2.0|VOLUMEN|FIJO|P0408050000|1|0|2.0|VOLUMEN|FIJO|P0408050000|1|0|2.0|VOLUMEN|FIJO|P0408050000|1|0|2.0|VOLUMEN|FIJO|P0408050000|1|0|2.0|VOLUMEN|FIJO|P0408050000|1|0|2.0
1267,VOLUMEN|FIJO|P0408050000|1|0|2.0|VOLUMEN|FIJO|P0408050000|1|0|2.0|VOLUMEN|FIJO|P0408050000|1|0|2.0|VOLUMEN|FIJO|P0408050000|1|0|2.0|VOLUMEN|FIJO|P0408050000|1|0|2.0|VOLUMEN|FIJO|P0408050000|1|0|2.0|VOLUMEN|FIJO|P0408050000|1|0|2.0|VOLUMEN|FIJO|P0408050000|1|0|2.0|VOLUMEN|FIJO|P0408050000|1|0|2.0|VOLUMEN|FIJO|P0408050000|1|0|2.0|VOLUMEN|FIJO|P0408050000|1|0|2.0|VOLUMEN|FIJO|P0408050000|1|0|2.0|VOLUMEN|FIJO|P0408050000|1|0|2.0
1268,VOLUMEN|FIJO|P0408050000|1|0|2.0|VOLUMEN|FIJO|P0408050000|1|0|2.0|VOLUMEN|FIJO|P0408050000|1|0|2.0|VOLUMEN|FIJO|P0408050000|1|0|2.0|VOLUMEN|FIJO|P0408050000|1|0|2.0|VOLUMEN|FIJO|P0408050000|1|0|2.0|VOLUMEN|FIJO|P0408050000|1|0|2.0|VOLUMEN|FIJO|P0408050000|1|0|2.0|VOLUMEN|FIJO|P0408050000|1|0|2.0|VOLUMEN|FIJO|P0408050000|1|0|2.0|VOLUMEN|FIJO|P0408050000|1|0|2.0|VOLUMEN|FIJO|P0408050000|1|0|2.0|VOLUMEN|FIJO|P0408050000|1|0|2.0
1269,VOLUMEN|FIJO|P0408050000|1|0|2.0|VOLUMEN|FIJO|P0408050000|1|0|2.0|VOLUMEN|FIJO|P0408050000|1|0|2.0|VOLUMEN|FIJO|P0408050000|1|0|2.0|VOLUMEN|FIJO|P0408050000|1|0|2.0|VOLUMEN|FIJO|P0408050000|1|0|2.0|VOLUMEN|FIJO|P0408050000|1|0|2.0|VOLUMEN|FIJO|P0408050000|1|0|2.0|VOLUMEN|FIJO|P0408050000|1|0|2.0|VOLUMEN|FIJO|P0408050000|1|0|2.0|VOLUMEN|FIJO|P0408050000|1|0|2.0|VOLUMEN|FIJO|P0408050000|1|0|2.0|VOLUMEN|FIJO|P0408050000|1|0|2.0
1270,VOLUMEN|FIJO|P0408050000|1|0|2.0|VOLUMEN|FIJO|P0408050000|1|0|2.0|VOLUMEN|FIJO|P0408050000|1|0|2.0|VOLUMEN|FIJO|P0408050000|1|0|2.0|VOLUMEN|FIJO|P0408050000|1|0|2.0|VOLUMEN|FIJO|P0408050000|1|0|2.0|VOLUMEN|FIJO|P0408050000|1|0|2.0|VOLUMEN|FIJO|P0408050000|1|0|2.0|VOLUMEN|FIJO|P0408050000|1|0|2.0|VOLUMEN|FIJO|P0408050000|1|0|2.0|VOLUMEN|FIJO|P0408050000|1|0|2.0|VOLUMEN|FIJO|P0408050000|1|0|2.0|VOLUMEN|FIJO|P0408050000|1|0|2.0
1271,VOLUMEN|FIJO|P0408050000|1|0|2.0|VOLUMEN|FIJO|P0408050000|1|0|2.0|VOLUMEN|FIJO|P0408050000|1|0|2.0|VOLUMEN|FIJO|P0408050000|1|0|2.0|VOLUMEN|FIJO|P0408050000|1|0|2.0|VOLUMEN|FIJO|P0408050000|1|0|2.0|VOLUMEN|FIJO|P0408050000|1|0|2.0|VOLUMEN|FIJO|P0408050000|1|0|2.0|VOLUMEN|FIJO|P0408050000|1|0|2.0|VOLUMEN|FIJO|P0408050000|1|0|2.0|VOLUMEN|FIJO|P0408050000|1|0|2.0|VOLUMEN|FIJO|P0408050000|1|0|2.0
1272,VOLUMEN|FIJO|P0408050000|1|0|2.0|VOLUMEN|FIJO|P0408050000|1|0|2.0|VOLUMEN|FIJO|P0408050000|1|0|2.0|VOLUMEN|FIJO|P0408050000|1|0|2.0|VOLUMEN|FIJO|P0408050000|1|0|2.0|VOLUMEN|FIJO|P0408050000|1|0|2.0|VOLUMEN|FIJO|P0408050000|1|0|2.0|VOLUMEN|FIJO|P0408050000|1|0|2.0|VOLUMEN|FIJO|P0408050000|1|0|2.0|VOLUMEN|FIJO|P0408050000|1|0|2.0|VOLUMEN|FIJO|P0408050000|1|0|2.0|VOLUMEN|FIJO|P0408050000|1|0|2.0|VOLUMEN|FIJO|P0408050000|1|0|2.0
1273,VOLUMEN|FIJO|P0408050000|1|0|2.0|VOLUMEN|FIJO|P0408050000|1|0|2.0|VOLUMEN|FIJO|P0408050000|1|0|2.0|VOLUMEN|FIJO|P0408050000|1|0|2.0|VOLUMEN|FIJO|P0408050000|1|0|2.0|VOLUMEN|FIJO|P0408050000|1|0|2.0|VOLUMEN|FIJO|P0408050000|1|0|2.0|VOLUMEN|FIJO|P0408050000|1|0|2.0|VOLUMEN|FIJO|P0408050000|1|0|2.0|VOLUMEN|FIJO|P0408050000|1|0|2.0|VOLUMEN|FIJO|P0408050000|1|0|2.0|VOLUMEN|FIJO|P0408050000|1|0|2.0|VOLUMEN|FIJO|P0408050000|1|0|2.0
1274,VOLUMEN|FIJO|P0408050000|1|0|2.0|VOLUMEN|FIJO|P0408050000|1|0|2.0|VOLUMEN|FIJO|P0408050000|1|0|2.0|VOLUMEN|FIJO|P0408050000|1|0|2.0|VOLUMEN|FIJO|P0408050000|1|0|2.0|VOLUMEN|FIJO|P0408050000|1|0|2.0|VOLUMEN|FIJO|P0408050000|1|0|2.0|VOLUMEN|FIJO|P0408050000|1|0|2.0|VOLUMEN|FIJO|P0408050000|1|0|2.0|VOLUMEN|FIJO|P0408050000|1|0|2.0|VOLUMEN|FIJO|P0408050000|1|0|2.0|VOLUMEN|FIJO|P0408050000|1|0|2.0
1275,VOLUMEN|FIJO|P0408050000|1|0|2.0|VOLUMEN|FIJO|P0408050000|1|0|2.0|VOLUMEN|FIJO|P0408050000|1|0|2.0|VOLUMEN|FIJO|P0408050000|1|0|2.0|VOLUMEN|FIJO|P0408050000|1|0|2.0|VOLUMEN|FIJO|P0408050000|1|0|2.0|VOLUMEN|FIJO|P0408050000|1|0|2.0|VOLUMEN|FIJO|P0408050000|1|0|2.0|VOLUMEN|FIJO|P0408050000|1|0|2.0|VOLUMEN|FIJO|P0408050000|1|0|2.0|VOLUMEN|FIJO|P0408050000|1|0|2.0|VOLUMEN|FIJO|P0408050000|1|0|2.0
1276,VOLUMEN|FIJO|P0408050000|1|0|2.0|VOLUMEN|FIJO|P0408050000|1|0|2.0|VOLUMEN|FIJO|P0408050000|1|0|2.0|VOLUMEN|FIJO|P0408050000|1|0|2.0|VOLUMEN|FIJO|P0408050000|1|0|2.0|VOLUMEN|FIJO|P0408050000|1|0|2.0|VOLUMEN|FIJO|P0408050000|1|0|2.0|VOLUMEN|FIJO|P0408050000|1|0|2.0|VOLUMEN|FIJO|P0408050000|1|0|2.0|VOLUMEN|FIJO|P0408050000|1|0|2.0|VOLUMEN|FIJO|P0408050000|1|0|2.0|VOLUMEN|FIJO|P0408050000|1|0|2.0|VOLUMEN|FIJO|P0408050000|1|0|2.0
1277,VOLUMEN|FIJO|P0408050000|1|0|2.0|VOLUMEN|FIJO|P0408050000|1|0|2.0|VOLUMEN|FIJO|P0408050000|1|0|2.0|VOLUMEN|FIJO|P0408050000|1|0|2.0|VOLUMEN|FIJO|P0408050000|1|0|2.0|VOLUMEN|FIJO|P0408050000|1|0|2.0|VOLUMEN|FIJO|P0408050000|1|0|2.0|VOLUMEN|FIJO|P0408050000|1|0|2.0|VOLUMEN|FIJO|P0408050000|1|0|2.0|VOLUMEN|FIJO|P0408050000|1|0|2.0|VOLUMEN|FIJO|P0408050000|1|0|2.0|VOLUMEN|FIJO|P0408050000|1|0|2.0|VOLUMEN|FIJO|P0408050000|1|0|2.0
1278,VOLUMEN|FIJO|P0408050000|1|0|2.0|VOLUMEN|FIJO|P0408050000|1|0|2.0|VOLUMEN|FIJO|P0408050000|1|0|2.0|VOLUMEN|FIJO|P0408050000|1|0|2.0|VOLUMEN|FIJO|P0408050000|1|0|2.0|VOLUMEN|FIJO|P0408050000|1|0|2.0|VOLUMEN|FIJO|P0408050000|1|0|2.0|VOLUMEN|FIJO|P0408050000|1|0|2.0|VOLUMEN|FIJO|P0408050000|1|0|2.0|VOLUMEN|FIJO|P0408050000|1|0|2.0|VOLUMEN|FIJO|P0408050000|1|0|2.0|VOLUMEN|FIJO|P0408050000|1|0|2.0|VOLUMEN|FIJO|P0408050000|1|0|2.0
1279,VOLUMEN|FIJO|P0408050000|1|0|2.0|VOLUMEN|FIJO|P0408050000|1|0|2.0|VOLUMEN|FIJO|P0408050000|1|0|2.0|VOLUMEN|FIJO|P0408050000|1|0|2.0|VOLUMEN|FIJO|P0408050000|1|0|2.0|VOLUMEN|FIJO|P0408050000|1|0|2.0|VOLUMEN|FIJO|P0408050000|1|0|2.0|VOLUMEN|FIJO|P0408050000|1|0|2.0|VOLUMEN|FIJO|P0408050000|1|0|2.0|VOLUMEN|FIJO|P0408050000|1|0|2.0|VOLUMEN|FIJO|P0408050000|1|0|2.0|VOLUMEN|FIJO|P0408050000|1|0|2.0|VOLUMEN|FIJO|P0408050000|1|0|2.0
1280,VOLUMEN|FIJO|P0408050000|1|0|2.0|VOLUMEN|FIJO|P0408050000|1|0|2.0|VOLUMEN|FIJO|P0408050000|1|0|2.0|VOLUMEN|FIJO|P0408050000|1|0|2.0|VOLUMEN|FIJO|P0408050000|1|0|2.0|VOLUMEN|FIJO|P0408050000|1|0|2.0|VOLUMEN|FIJO|P0408050000|1|0|2.0|VOLUMEN|FIJO|P0408050000|1|0|2.0|VOLUMEN|FIJO|P0408050000|1|0|2.0|VOLUMEN|FIJO|P0408050000|1|0|2.0|VOLUMEN|FIJO|P0408050000|1|0|2.0|VOLUMEN|FIJO|P0408050000|1|0|2.0|VOLUMEN|FIJO|P0408050000|1|0|2.0
1281,VOLUMEN|FIJO|P0408050000|1|0|2.0|VOLUMEN|FIJO|P0408050000|1|0|2.0|VOLUMEN|FIJO|P0408050000|1|0|2.0|VOLUMEN|FIJO|P0408050000|1|0|2.0|VOLUMEN|FIJO|P0408050000|1|0|2.0|VOLUMEN|FIJO|P0408050000|1|0|2.0|VOLUMEN|FIJO|P0408050000|1|0|2.0|VOLUMEN|FIJO|P0408050000|1|0|2.0|VOLUMEN|FIJO|P0408050000|1|0|2.0|VOLUMEN|FIJO|P0408050000|1|0|2.0|VOLUMEN|FIJO|P0408050000|1|0|2.0|VOLUMEN|FIJO|P0408050000|1|0|2.0|VOLUMEN|FIJO|P0408050000|1|0|2.0
1282,VOLUMEN|FIJO|P0408050000|1|0|4.0|VOLUMEN|FIJO|P0408050000|1|0|4.0|VOLUMEN|FIJO|P0408050000|1|0|4.0|VOLUMEN|FIJO|P0408050000|1|0|4.0|VOLUMEN|FIJO|P0408050000|1|0|4.0|VOLUMEN|FIJO|P0408050000|1|0|4.0|VOLUMEN|FIJO|P0408050000|1|0|4.0|VOLUMEN|FIJO|P0408050000|1|0|4.0|VOLUMEN|FIJO|P0408050000|1|0|4.0|VOLUMEN|FIJO|P0408050000|1|0|4.0|VOLUMEN|FIJO|P0408050000|1|0|4.0|VOLUMEN|FIJO|P0408050000|1|0|4.0|VOLUMEN|FIJO|P0408050000|1|0|4.0
1283,VOLUMEN|FIJO|P0408050000|1|0|4.0|VOLUMEN|FIJO|P0408050000|1|0|4.0|VOLUMEN|FIJO|P0408050000|1|0|4.0|VOLUMEN|FIJO|P0408050000|1|0|4.0|VOLUMEN|FIJO|P0408050000|1|0|4.0|VOLUMEN|FIJO|P0408050000|1|0|4.0|VOLUMEN|FIJO|P0408050000|1|0|4.0|VOLUMEN|FIJO|P0408050000|1|0|4.0|VOLUMEN|FIJO|P0408050000|1|0|4.0|VOLUMEN|FIJO|P0408050000|1|0|4.0|VOLUMEN|FIJO|P0408050000|1|0|4.0|VOLUMEN|FIJO|P0408050000|1|0|4.0|VOLUMEN|FIJO|P0408050000|1|0|4.0
1284,VOLUMEN|FIJO|P0408050000|1|0|4.0|VOLUMEN|FIJO|P0408050000|1|0|4.0|VOLUMEN|FIJO|P0408050000|1|0|4.0|VOLUMEN|FIJO|P0408050000|1|0|4.0|VOLUMEN|FIJO|P0408050000|1|0|4.0|VOLUMEN|FIJO|P0408050000|1|0|4.0|VOLUMEN|FIJO|P0408050000|1|0|4.0|VOLUMEN|FIJO|P0408050000|1|0|4.0|VOLUMEN|FIJO|P0408050000|1|0|4.0|VOLUMEN|FIJO|P0408050000|1|0|4.0|VOLUMEN|FIJO|P0408050000|1|0|4.0|VOLUMEN|FIJO|P0408050000|1|0|4.0|VOLUMEN|FIJO|P0408050000|1|0|4.0
1285,VOLUMEN|FIJO|P0408050000|1|0|4.0|VOLUMEN|FIJO|P0408050000|1|0|4.0|VOLUMEN|FIJO|P0408050000|1|0|4.0|VOLUMEN|FIJO|P0408050000|1|0|4.0|VOLUMEN|FIJO|P0408050000|1|0|4.0|VOLUMEN|FIJO|P0408050000|1|0|4.0|VOLUMEN|FIJO|P0408050000|1|0|4.0|VOLUMEN|FIJO|P0408050000|1|0|4.0|VOLUMEN|FIJO|P0408050000|1|0|4.0|VOLUMEN|FIJO|P0408050000|1|0|4.0|VOLUMEN|FIJO|P0408050000|1|0|4.0|VOLUMEN|FIJO|P0408050000|1|0|4.0|VOLUMEN|FIJO|P0408050000|1|0|4.0
1286,VOLUMEN|FIJO|P0408050000|1|0|4.0|VOLUMEN|FIJO|P0408050000|1|0|4.0|VOLUMEN|FIJO|P0408050000|1|0|4.0|VOLUMEN|FIJO|P0408050000|1|0|4.0|VOLUMEN|FIJO|P0408050000|1|0|4.0|VOLUMEN|FIJO|P0408050000|1|0|4.0|VOLUMEN|FIJO|P0408050000|1|0|4.0|VOLUMEN|FIJO|P0408050000|1|0|4.0|VOLUMEN|FIJO|P0408050000|1|0|4.0|VOLUMEN|FIJO|P0408050000|1|0|4.0|VOLUMEN|FIJO|P0408050000|1|0|4.0|VOLUMEN|FIJO|P0408050000|1|0|4.0|VOLUMEN|FIJO|P0408050000|1|0|4.0
1287,VOLUMEN|FIJO|P0408050000|1|0|4.0|VOLUMEN|FIJO|P0408050000|1|0|4.0|VOLUMEN|FIJO|P0408050000|1|0|4.0|VOLUMEN|FIJO|P0408050000|1|0|4.0|VOLUMEN|FIJO|P0408050000|1|0|4.0|VOLUMEN|FIJO|P0408050000|1|0|4.0|VOLUMEN|FIJO|P0408050000|1|0|4.0|VOLUMEN|FIJO|P0408050000|1|0|4.0|VOLUMEN|FIJO|P0408050000|1|0|4.0|VOLUMEN|FIJO|P0408050000|1|0|4.0|VOLUMEN|FIJO|P0408050000|1|0|4.0|VOLUMEN|FIJO|P0408050000|1|0|4.0|VOLUMEN|FIJO|P0408050000|1|0|4.0
1288,VOLUMEN|FIJO|P0408050000|1|0|4.0|VOLUMEN|FIJO|P0408050000|1|0|4.0|VOLUMEN|FIJO|P0408050000|1|0|4.0|VOLUMEN|FIJO|P0408050000|1|0|4.0|VOLUMEN|FIJO|P0408050000|1|0|4.0|VOLUMEN|FIJO|P0408050000|1|0|4.0|VOLUMEN|FIJO|P0408050000|1|0|4.0|VOLUMEN|FIJO|P0408050000|1|0|4.0|VOLUMEN|FIJO|P0408050000|1|0|4.0|VOLUMEN|FIJO|P0408050000|1|0|4.0|VOLUMEN|FIJO|P0408050000|1|0|4.0|VOLUMEN|FIJO|P0408050000|1|0|4.0|VOLUMEN|FIJO|P0408050000|1|0|4.0
1289,VOLUMEN|FIJO|P0408050000|1|0|4.0|VOLUMEN|FIJO|P0408050000|1|0|4.0|VOLUMEN|FIJO|P0408050000|1|0|4.0|VOLUMEN|FIJO|P0408050000|1|0|4.0|VOLUMEN|FIJO|P0408050000|1|0|4.0|VOLUMEN|FIJO|P0408050000|1|0|4.0|VOLUMEN|FIJO|P0408050000|1|0|4.0|VOLUMEN|FIJO|P0408050000|1|0|4.0|VOLUMEN|FIJO|P0408050000|1|0|4.0|VOLUMEN|FIJO|P0408050000|1|0|4.0|VOLUMEN|FIJO|P0408050000|1|0|4.0|VOLUMEN|FIJO|P0408050000|1|0|4.0|VOLUMEN|FIJO|P0408050000|1|0|4.0
1290,VOLUMEN|FIJO|P0408050000|1|0|4.0|VOLUMEN|FIJO|P0408050000|1|0|4.0|VOLUMEN|FIJO|P0408050000|1|0|4.0|VOLUMEN|FIJO|P0408050000|1|0|4.0|VOLUMEN|FIJO|P0408050000|1|0|4.0|VOLUMEN|FIJO|P0408050000|1|0|4.0|VOLUMEN|FIJO|P0408050000|1|0|4.0|VOLUMEN|FIJO|P0408050000|1|0|4.0|VOLUMEN|FIJO|P0408050000|1|0|4.0|VOLUMEN|FIJO|P0408050000|1|0|4.0|VOLUMEN|FIJO|P0408050000|1|0|4.0|VOLUMEN|FIJO|P0408050000|1|0|4.0|VOLUMEN|FIJO|P0408050000|1|0|4.0
1291,VOLUMEN|FIJO|P0408050000|1|0|4.0|VOLUMEN|FIJO|P0408050000|1|0|4.0|VOLUMEN|FIJO|P0408050000|1|0|4.0|VOLUMEN|FIJO|P0408050000|1|0|4.0|VOLUMEN|FIJO|P0408050000|1|0|4.0|VOLUMEN|FIJO|P0408050000|1|0|4.0|VOLUMEN|FIJO|P0408050000|1|0|4.0|VOLUMEN|FIJO|P0408050000|1|0|4.0|VOLUMEN|FIJO|P0408050000|1|0|4.0|VOLUMEN|FIJO|P0408050000|1|0|4.0|VOLUMEN|FIJO|P0408050000|1|0|4.0|VOLUMEN|FIJO|P0408050000|1|0|4.0|VOLUMEN|FIJO|P0408050000|1|0|4.0
1292,VOLUMEN|FIJO|P0408050000|1|0|4.0|VOLUMEN|FIJO|P0408050000|1|0|4.0|VOLUMEN|FIJO|P0408050000|1|0|4.0|VOLUMEN|FIJO|P0408050000|1|0|4.0|VOLUMEN|FIJO|P0408050000|1|0|4.0|VOLUMEN|FIJO|P0408050000|1|0|4.0|VOLUMEN|FIJO|P0408050000|1|0|4.0|VOLUMEN|FIJO|P0408050000|1|0|4.0|VOLUMEN|FIJO|P0408050000|1|0|4.0|VOLUMEN|FIJO|P0408050000|1|0|4.0|VOLUMEN|FIJO|P0408050000|1|0|4.0|VOLUMEN|FIJO|P0408050000|1|0|4.0|VOLUMEN|FIJO|P0408050000|1|0|4.0
1293,VOLUMEN|FIJO|P0408050000|1|0|4.0|VOLUMEN|FIJO|P0408050000|1|0|4.0|VOLUMEN|FIJO|P0408050000|1|0|4.0|VOLUMEN|FIJO|P0408050000|1|0|4.0|VOLUMEN|FIJO|P0408050000|1|0|4.0|VOLUMEN|FIJO|P0408050000|1|0|4.0|VOLUMEN|FIJO|P0408050000|1|0|4.0|VOLUMEN|FIJO|P0408050000|1|0|4.0|VOLUMEN|FIJO|P0408050000|1|0|4.0|VOLUMEN|FIJO|P0408050000|1|0|4.0|VOLUMEN|FIJO|P0408050000|1|0|4.0|VOLUMEN|FIJO|P0408050000|1|0|4.0|VOLUMEN|FIJO|P0408050000|1|0|4.0
1294,VOLUMEN|FIJO|P0408050000|1|0|4.0|VOLUMEN|FIJO|P0408050000|1|0|4.0|VOLUMEN|FIJO|P0408050000|1|0|4.0|VOLUMEN|FIJO|P0408050000|1|0|4.0|VOLUMEN|FIJO|P0408050000|1|0|4.0|VOLUMEN|FIJO|P0408050000|1|0|4.0|VOLUMEN|FIJO|P0408050000|1|0|4.0|VOLUMEN|FIJO|P0408050000|1|0|4.0|VOLUMEN|FIJO|P0408050000|1|0|4.0|VOLUMEN|FIJO|P0408050000|1|0|4.0|VOLUMEN|FIJO|P0408050000|1|0|4.0|VOLUMEN|FIJO|P0408050000|1|0|4.0
1295,VOLUMEN|FIJO|P0408050000|1|0|4.0|VOLUMEN|FIJO|P0408050000|1|0|4.0|VOLUMEN|FIJO|P0408050000|1|0|4.0|VOLUMEN|FIJO|P0408050000|1|0|4.0|VOLUMEN|FIJO|P0408050000|1|0|4.0|VOLUMEN|FIJO|P0408050000|1|0|4.0|VOLUMEN|FIJO|P0408050000|1|0|4.0|VOLUMEN|FIJO|P0408050000|1|0|4.0|VOLUMEN|FIJO|P0408050000|1|0|4.0|VOLUMEN|FIJO|P0408050000|1|0|4.0|VOLUMEN|FIJO|P0408050000|1|0|4.0|VOLUMEN|FIJO|P0408050000|1|0|4.0|VOLUMEN|FIJO|P0408050000|1|0|4.0
1296,VOLUMEN|FIJO|P0408050000|1|0|4.0|VOLUMEN|FIJO|P0408050000|1|0|4.0|VOLUMEN|FIJO|P0408050000|1|0|4.0|VOLUMEN|FIJO|P0408050000|1|0|4.0|VOLUMEN|FIJO|P0408050000|1|0|4.0|VOLUMEN|FIJO|P0408050000|1|0|4.0|VOLUMEN|FIJO|P0408050000|1|0|4.0|VOLUMEN|FIJO|P0408050000|1|0|4.0|VOLUMEN|FIJO|P0408050000|1|0|4.0|VOLUMEN|FIJO|P0408050000|1|0|4.0|VOLUMEN|FIJO|P0408050000|1|0|4.0|VOLUMEN|FIJO|P0408050000|1|0|4.0|VOLUMEN|FIJO|P0408050000|1|0|4.0
1297,VOLUMEN|FIJO|P0408050000|1|0|4.0|VOLUMEN|FIJO|P0408050000|1|0|4.0|VOLUMEN|FIJO|P0408050000|1|0|4.0|VOLUMEN|FIJO|P0408050000|1|0|4.0|VOLUMEN|FIJO|P0408050000|1|0|4.0|VOLUMEN|FIJO|P0408050000|1|0|4.0|VOLUMEN|FIJO|P0408050000|1|0|4.0|VOLUMEN|FIJO|P0408050000|1|0|4.0|VOLUMEN|FIJO|P0408050000|1|0|4.0|VOLUMEN|FIJO|P0408050000|1|0|4.0|VOLUMEN|FIJO|P0408050000|1|0|4.0|VOLUMEN|FIJO|P0408050000|1|0|4.0
1298,VOLUMEN|FIJO|P0408050000|1|0|4.0|VOLUMEN|FIJO|P0408050000|1|0|4.0|VOLUMEN|FIJO|P0408050000|1|0|4.0|VOLUMEN|FIJO|P0408050000|1|0|4.0|VOLUMEN|FIJO|P0408050000|1|0|4.0|VOLUMEN|FIJO|P0408050000|1|0|4.0|VOLUMEN|FIJO|P0408050000|1|0|4.0|VOLUMEN|FIJO|P0408050000|1|0|4.0|VOLUMEN|FIJO|P0408050000|1|0|4.0|VOLUMEN|FIJO|P0408050000|1|0|4.0|VOLUMEN|FIJO|P0408050000|1|0|4.0|VOLUMEN|FIJO|P0408050000|1|0|4.0
1299,VOLUMEN|FIJO|P0408050000|1|0|4.0|VOLUMEN|FIJO|P0408050000|1|0|4.0|VOLUMEN|FIJO|P0408050000|1|0|4.0|VOLUMEN|FIJO|P0408050000|1|0|4.0|VOLUMEN|FIJO|P0408050000|1|0|4.0|VOLUMEN|FIJO|P0408050000|1|0|4.0|VOLUMEN|FIJO|P0408050000|1|0|4.0|VOLUMEN|FIJO|P0408050000|1|0|4.0|VOLUMEN|FIJO|P0408050000|1|0|4.0|VOLUMEN|FIJO|P0408050000|1|0|4.0|VOLUMEN|FIJO|P0408050000|1|0|4.0|VOLUMEN|FIJO|P0408050000|1|0|4.0|VOLUMEN|FIJO|P0408050000|1|0|4.0
1300,VOLUMEN|FIJO|P0408050000|1|0|4.0|VOLUMEN|FIJO|P0408050000|1|0|4.0|VOLUMEN|FIJO|P0408050000|1|0|4.0|VOLUMEN|FIJO|P0408050000|1|0|4.0|VOLUMEN|FIJO|P0408050000|1|0|4.0|VOLUMEN|FIJO|P0408050000|1|0|4.0|VOLUMEN|FIJO|P0408050000|1|0|4.0|VOLUMEN|FIJO|P0408050000|1|0|4.0|VOLUMEN|FIJO|P0408050000|1|0|4.0|VOLUMEN|FIJO|P0408050000|1|0|4.0|VOLUMEN|FIJO|P0408050000|1|0|4.0|VOLUMEN|FIJO|P0408050000|1|0|4.0|VOLUMEN|FIJO|P0408050000|1|0|4.0
1301,VOLUMEN|FIJO|200060302|1|0|3.0|VOLUMEN|FIJO|200060302|1|0|3.0|VOLUMEN|FIJO|200060302|1|0|3.0|VOLUMEN|FIJO|200060302|1|0|3.0|VOLUMEN|FIJO|200060302|1|0|3.0
1302,VOLUMEN|FIJO|200060302|1|0|5.0|VOLUMEN|FIJO|200060302|1|0|5.0|VOLUMEN|FIJO|200060302|1|0|5.0|VOLUMEN|FIJO|200060302|1|0|5.0|VOLUMEN|FIJO|200060302|1|0|5.0
1303,VOLUMEN|FIJO|200050748|1|0|3.0|VOLUMEN|FIJO|200050748|1|0|3.0|VOLUMEN|FIJO|200050748|1|0|3.0|VOLUMEN|FIJO|200050748|1|0|3.0|VOLUMEN|FIJO|200050748|1|0|3.0|VOLUMEN|FIJO|200050748|1|0|3.0|VOLUMEN|FIJO|200050748|1|0|3.0|VOLUMEN|FIJO|200050748|1|0|3.0|VOLUMEN|FIJO|200050748|1|0|3.0|VOLUMEN|FIJO|200050748|1|0|3.0|VOLUMEN|FIJO|200050748|1|0|3.0
1304,VOLUMEN|FIJO|200050748|1|0|2.0|VOLUMEN|FIJO|200050748|1|0|2.0|VOLUMEN|FIJO|200050748|1|0|2.0|VOLUMEN|FIJO|200050748|1|0|2.0|VOLUMEN|FIJO|200050748|1|0|2.0|VOLUMEN|FIJO|200050748|1|0|2.0|VOLUMEN|FIJO|200050748|1|0|2.0|VOLUMEN|FIJO|200050748|1|0|2.0|VOLUMEN|FIJO|200050748|1|0|2.0|VOLUMEN|FIJO|200050748|1|0|2.0|VOLUMEN|FIJO|200050748|1|0|2.0
1305,VOLUMEN|FIJO|200116535|1|0|2.0|VOLUMEN|FIJO|200116535|1|0|2.0|VOLUMEN|FIJO|200116535|1|0|2.0|VOLUMEN|FIJO|200116535|1|0|2.0|VOLUMEN|FIJO|200116535|1|0|2.0|VOLUMEN|FIJO|200116535|1|0|2.0|VOLUMEN|FIJO|200116535|1|0|2.0|VOLUMEN|FIJO|200116535|1|0|2.0|VOLUMEN|FIJO|200116535|1|0|2.0|VOLUMEN|FIJO|200116535|1|0|2.0
1306,VOLUMEN|FIJO|200116535|1|0|3.0|VOLUMEN|FIJO|200116535|1|0|3.0|VOLUMEN|FIJO|200116535|1|0|3.0|VOLUMEN|FIJO|200116535|1|0|3.0|VOLUMEN|FIJO|200116535|1|0|3.0|VOLUMEN|FIJO|200116535|1|0|3.0|VOLUMEN|FIJO|200116535|1|0|3.0|VOLUMEN|FIJO|200116535|1|0|3.0|VOLUMEN|FIJO|200116535|1|0|3.0|VOLUMEN|FIJO|200116535|1|0|3.0
1307,VOLUMEN|FIJO|200092172|1|0|5.0|VOLUMEN|FIJO|200092172|1|0|5.0|VOLUMEN|FIJO|200092172|1|0|5.0|VOLUMEN|FIJO|200092172|1|0|5.0|VOLUMEN|FIJO|200092172|1|0|5.0|VOLUMEN|FIJO|200092172|1|0|5.0|VOLUMEN|FIJO|200092172|1|0|5.0|VOLUMEN|FIJO|200092172|1|0|5.0|VOLUMEN|FIJO|200092172|1|0|5.0
1308,VOLUMEN|FIJO|200092172|1|0|3.0|VOLUMEN|FIJO|200092172|1|0|3.0|VOLUMEN|FIJO|200092172|1|0|3.0|VOLUMEN|FIJO|200092172|1|0|3.0|VOLUMEN|FIJO|200092172|1|0|3.0|VOLUMEN|FIJO|200092172|1|0|3.0|VOLUMEN|FIJO|200092172|1|0|3.0|VOLUMEN|FIJO|200092172|1|0|3.0|VOLUMEN|FIJO|200092172|1|0|3.0
1309,VOLUMEN|FIJO|200092176|1|0|5.0|VOLUMEN|FIJO|200092176|1|0|5.0|VOLUMEN|FIJO|200092176|1|0|5.0|VOLUMEN|FIJO|200092176|1|0|5.0|VOLUMEN|FIJO|200092176|1|0|5.0|VOLUMEN|FIJO|200092176|1|0|5.0|VOLUMEN|FIJO|200092176|1|0|5.0|VOLUMEN|FIJO|200092176|1|0|5.0|VOLUMEN|FIJO|200092176|1|0|5.0
1310,VOLUMEN|FIJO|200092176|1|0|3.0|VOLUMEN|FIJO|200092176|1|0|3.0|VOLUMEN|FIJO|200092176|1|0|3.0|VOLUMEN|FIJO|200092176|1|0|3.0|VOLUMEN|FIJO|200092176|1|0|3.0|VOLUMEN|FIJO|200092176|1|0|3.0|VOLUMEN|FIJO|200092176|1|0|3.0|VOLUMEN|FIJO|200092176|1|0|3.0|VOLUMEN|FIJO|200092176|1|0|3.0
1311,VOLUMEN|FIJO|200056090|1|0|3.0|VOLUMEN|FIJO|200056090|1|0|3.0|VOLUMEN|FIJO|200056090|1|0|3.0|VOLUMEN|FIJO|200056090|1|0|3.0|VOLUMEN|FIJO|200056090|1|0|3.0|VOLUMEN|FIJO|200056090|1|0|3.0|VOLUMEN|FIJO|200056090|1|0|3.0|VOLUMEN|FIJO|200056090|1|0|3.0|VOLUMEN|FIJO|200056090|1|0|3.0|VOLUMEN|FIJO|200056090|1|0|3.0|VOLUMEN|FIJO|200056090|1|0|3.0
1312,VOLUMEN|FIJO|200056090|1|0|2.0|VOLUMEN|FIJO|200056090|1|0|2.0|VOLUMEN|FIJO|200056090|1|0|2.0|VOLUMEN|FIJO|200056090|1|0|2.0|VOLUMEN|FIJO|200056090|1|0|2.0|VOLUMEN|FIJO|200056090|1|0|2.0|VOLUMEN|FIJO|200056090|1|0|2.0|VOLUMEN|FIJO|200056090|1|0|2.0|VOLUMEN|FIJO|200056090|1|0|2.0|VOLUMEN|FIJO|200056090|1|0|2.0|VOLUMEN|FIJO|200056090|1|0|2.0
1313,VOLUMEN|FIJO|200089499|1|0|2.0|VOLUMEN|FIJO|200089499|1|0|2.0|VOLUMEN|FIJO|200089499|1|0|2.0|VOLUMEN|FIJO|200089499|1|0|2.0|VOLUMEN|FIJO|200089499|1|0|2.0|VOLUMEN|FIJO|200089499|1|0|2.0|VOLUMEN|FIJO|200089499|1|0|2.0|VOLUMEN|FIJO|200089499|1|0|2.0|VOLUMEN|FIJO|200089499|1|0|2.0|VOLUMEN|FIJO|200089499|1|0|2.0|VOLUMEN|FIJO|200089499|1|0|2.0
1314,VOLUMEN|FIJO|200089499|1|0|4.0|VOLUMEN|FIJO|200089499|1|0|4.0|VOLUMEN|FIJO|200089499|1|0|4.0|VOLUMEN|FIJO|200089499|1|0|4.0|VOLUMEN|FIJO|200089499|1|0|4.0|VOLUMEN|FIJO|200089499|1|0|4.0|VOLUMEN|FIJO|200089499|1|0|4.0|VOLUMEN|FIJO|200089499|1|0|4.0|VOLUMEN|FIJO|200089499|1|0|4.0|VOLUMEN|FIJO|200089499|1|0|4.0|VOLUMEN|FIJO|200089499|1|0|4.0
1315,VOLUMEN|FIJO|200111234|1|0|2.0|VOLUMEN|FIJO|200111234|1|0|2.0|VOLUMEN|FIJO|200111234|1|0|2.0|VOLUMEN|FIJO|200111234|1|0|2.0|VOLUMEN|FIJO|200111234|1|0|2.0|VOLUMEN|FIJO|200111234|1|0|2.0|VOLUMEN|FIJO|200111234|1|0|2.0|VOLUMEN|FIJO|200111234|1|0|2.0|VOLUMEN|FIJO|200111234|1|0|2.0|VOLUMEN|FIJO|200111234|1|0|2.0
1316,VOLUMEN|FIJO|200116108|1|0|2.0|VOLUMEN|FIJO|200116108|1|0|2.0|VOLUMEN|FIJO|200116108|1|0|2.0|VOLUMEN|FIJO|200116108|1|0|2.0|VOLUMEN|FIJO|200116108|1|0|2.0|VOLUMEN|FIJO|200116108|1|0|2.0|VOLUMEN|FIJO|200116108|1|0|2.0|VOLUMEN|FIJO|200116108|1|0|2.0
1317,VOLUMEN|FIJO|200060612|1|0|3.0|VOLUMEN|FIJO|200060612|1|0|3.0|VOLUMEN|FIJO|200060612|1|0|3.0|VOLUMEN|FIJO|200060612|1|0|3.0|VOLUMEN|FIJO|200060612|1|0|3.0|VOLUMEN|FIJO|200060612|1|0|3.0|VOLUMEN|FIJO|200060612|1|0|3.0|VOLUMEN|FIJO|200060612|1|0|3.0|VOLUMEN|FIJO|200060612|1|0|3.0|VOLUMEN|FIJO|200060612|1|0|3.0|VOLUMEN|FIJO|200060612|1|0|3.0|VOLUMEN|FIJO|200060612|1|0|3.0
1318,VOLUMEN|FIJO|200060612|1|0|5.0|VOLUMEN|FIJO|200060612|1|0|5.0|VOLUMEN|FIJO|200060612|1|0|5.0|VOLUMEN|FIJO|200060612|1|0|5.0|VOLUMEN|FIJO|200060612|1|0|5.0|VOLUMEN|FIJO|200060612|1|0|5.0|VOLUMEN|FIJO|200060612|1|0|5.0|VOLUMEN|FIJO|200060612|1|0|5.0|VOLUMEN|FIJO|200060612|1|0|5.0|VOLUMEN|FIJO|200060612|1|0|5.0|VOLUMEN|FIJO|200060612|1|0|5.0|VOLUMEN|FIJO|200060612|1|0|5.0
1319,VOLUMEN|FIJO|200109468|1|0|2.0|VOLUMEN|FIJO|200109468|1|0|2.0|VOLUMEN|FIJO|200109468|1|0|2.0|VOLUMEN|FIJO|200109468|1|0|2.0|VOLUMEN|FIJO|200109468|1|0|2.0|VOLUMEN|FIJO|200109468|1|0|2.0|VOLUMEN|FIJO|200109468|1|0|2.0|VOLUMEN|FIJO|200109468|1|0|2.0|VOLUMEN|FIJO|200109468|1|0|2.0|VOLUMEN|FIJO|200109468|1|0|2.0|VOLUMEN|FIJO|200109468|1|0|2.0|VOLUMEN|FIJO|200109468|1|0|2.0|VOLUMEN|FIJO|200109468|1|0|2.0
1320,VOLUMEN|FIJO|200109470|1|0|2.0|VOLUMEN|FIJO|200109470|1|0|2.0|VOLUMEN|FIJO|200109470|1|0|2.0|VOLUMEN|FIJO|200109470|1|0|2.0|VOLUMEN|FIJO|200109470|1|0|2.0|VOLUMEN|FIJO|200109470|1|0|2.0|VOLUMEN|FIJO|200109470|1|0|2.0|VOLUMEN|FIJO|200109470|1|0|2.0|VOLUMEN|FIJO|200109470|1|0|2.0|VOLUMEN|FIJO|200109470|1|0|2.0|VOLUMEN|FIJO|200109470|1|0|2.0|VOLUMEN|FIJO|200109470|1|0|2.0|VOLUMEN|FIJO|200109470|1|0|2.0
1321,VOLUMEN|FIJO|200109472|1|0|2.0|VOLUMEN|FIJO|200109472|1|0|2.0|VOLUMEN|FIJO|200109472|1|0|2.0|VOLUMEN|FIJO|200109472|1|0|2.0|VOLUMEN|FIJO|200109472|1|0|2.0|VOLUMEN|FIJO|200109472|1|0|2.0|VOLUMEN|FIJO|200109472|1|0|2.0|VOLUMEN|FIJO|200109472|1|0|2.0|VOLUMEN|FIJO|200109472|1|0|2.0|VOLUMEN|FIJO|200109472|1|0|2.0|VOLUMEN|FIJO|200109472|1|0|2.0|VOLUMEN|FIJO|200109472|1|0|2.0|VOLUMEN|FIJO|200109472|1|0|2.0
1322,VOLUMEN|FIJO|200109489|1|0|2.0|VOLUMEN|FIJO|200109489|1|0|2.0|VOLUMEN|FIJO|200109489|1|0|2.0|VOLUMEN|FIJO|200109489|1|0|2.0|VOLUMEN|FIJO|200109489|1|0|2.0|VOLUMEN|FIJO|200109489|1|0|2.0|VOLUMEN|FIJO|200109489|1|0|2.0|VOLUMEN|FIJO|200109489|1|0|2.0|VOLUMEN|FIJO|200109489|1|0|2.0|VOLUMEN|FIJO|200109489|1|0|2.0|VOLUMEN|FIJO|200109489|1|0|2.0|VOLUMEN|FIJO|200109489|1|0|2.0|VOLUMEN|FIJO|200109489|1|0|2.0
1323,VOLUMEN|FIJO|P0408051007|1|0|2.0|VOLUMEN|FIJO|P0408051007|1|0|2.0|VOLUMEN|FIJO|P0408051007|1|0|2.0|VOLUMEN|FIJO|P0408051007|1|0|2.0|VOLUMEN|FIJO|P0408051007|1|0|2.0|VOLUMEN|FIJO|P0408051007|1|0|2.0|VOLUMEN|FIJO|P0408051007|1|0|2.0|VOLUMEN|FIJO|P0408051007|1|0|2.0|VOLUMEN|FIJO|P0408051007|1|0|2.0|VOLUMEN|FIJO|P0408051007|1|0|2.0|VOLUMEN|FIJO|P0408051007|1|0|2.0
1324,VOLUMEN|FIJO|P0408051007|1|0|2.0|VOLUMEN|FIJO|P0408051007|1|0|2.0|VOLUMEN|FIJO|P0408051007|1|0|2.0|VOLUMEN|FIJO|P0408051007|1|0|2.0|VOLUMEN|FIJO|P0408051007|1|0|2.0|VOLUMEN|FIJO|P0408051007|1|0|2.0|VOLUMEN|FIJO|P0408051007|1|0|2.0|VOLUMEN|FIJO|P0408051007|1|0|2.0|VOLUMEN|FIJO|P0408051007|1|0|2.0|VOLUMEN|FIJO|P0408051007|1|0|2.0|VOLUMEN|FIJO|P0408051007|1|0|2.0
1325,VOLUMEN|FIJO|P0408051007|1|0|2.0|VOLUMEN|FIJO|P0408051007|1|0|2.0|VOLUMEN|FIJO|P0408051007|1|0|2.0|VOLUMEN|FIJO|P0408051007|1|0|2.0|VOLUMEN|FIJO|P0408051007|1|0|2.0|VOLUMEN|FIJO|P0408051007|1|0|2.0|VOLUMEN|FIJO|P0408051007|1|0|2.0|VOLUMEN|FIJO|P0408051007|1|0|2.0|VOLUMEN|FIJO|P0408051007|1|0|2.0|VOLUMEN|FIJO|P0408051007|1|0|2.0|VOLUMEN|FIJO|P0408051007|1|0|2.0
1326,VOLUMEN|FIJO|P0408051007|1|0|2.0|VOLUMEN|FIJO|P0408051007|1|0|2.0|VOLUMEN|FIJO|P0408051007|1|0|2.0|VOLUMEN|FIJO|P0408051007|1|0|2.0|VOLUMEN|FIJO|P0408051007|1|0|2.0|VOLUMEN|FIJO|P0408051007|1|0|2.0|VOLUMEN|FIJO|P0408051007|1|0|2.0|VOLUMEN|FIJO|P0408051007|1|0|2.0|VOLUMEN|FIJO|P0408051007|1|0|2.0|VOLUMEN|FIJO|P0408051007|1|0|2.0|VOLUMEN|FIJO|P0408051007|1|0|2.0
1327,VOLUMEN|FIJO|P0408051007|1|0|2.0|VOLUMEN|FIJO|P0408051007|1|0|2.0|VOLUMEN|FIJO|P0408051007|1|0|2.0|VOLUMEN|FIJO|P0408051007|1|0|2.0|VOLUMEN|FIJO|P0408051007|1|0|2.0|VOLUMEN|FIJO|P0408051007|1|0|2.0|VOLUMEN|FIJO|P0408051007|1|0|2.0|VOLUMEN|FIJO|P0408051007|1|0|2.0|VOLUMEN|FIJO|P0408051007|1|0|2.0|VOLUMEN|FIJO|P0408051007|1|0|2.0|VOLUMEN|FIJO|P0408051007|1|0|2.0
1328,VOLUMEN|FIJO|P0408051007|1|0|2.0|VOLUMEN|FIJO|P0408051007|1|0|2.0|VOLUMEN|FIJO|P0408051007|1|0|2.0|VOLUMEN|FIJO|P0408051007|1|0|2.0|VOLUMEN|FIJO|P0408051007|1|0|2.0|VOLUMEN|FIJO|P0408051007|1|0|2.0|VOLUMEN|FIJO|P0408051007|1|0|2.0|VOLUMEN|FIJO|P0408051007|1|0|2.0|VOLUMEN|FIJO|P0408051007|1|0|2.0|VOLUMEN|FIJO|P0408051007|1|0|2.0|VOLUMEN|FIJO|P0408051007|1|0|2.0
1329,VOLUMEN|FIJO|P0408051007|1|0|2.0|VOLUMEN|FIJO|P0408051007|1|0|2.0|VOLUMEN|FIJO|P0408051007|1|0|2.0|VOLUMEN|FIJO|P0408051007|1|0|2.0|VOLUMEN|FIJO|P0408051007|1|0|2.0|VOLUMEN|FIJO|P0408051007|1|0|2.0|VOLUMEN|FIJO|P0408051007|1|0|2.0|VOLUMEN|FIJO|P0408051007|1|0|2.0|VOLUMEN|FIJO|P0408051007|1|0|2.0|VOLUMEN|FIJO|P0408051007|1|0|2.0|VOLUMEN|FIJO|P0408051007|1|0|2.0
1330,VOLUMEN|FIJO|P0408051007|1|0|2.0|VOLUMEN|FIJO|P0408051007|1|0|2.0|VOLUMEN|FIJO|P0408051007|1|0|2.0|VOLUMEN|FIJO|P0408051007|1|0|2.0|VOLUMEN|FIJO|P0408051007|1|0|2.0|VOLUMEN|FIJO|P0408051007|1|0|2.0|VOLUMEN|FIJO|P0408051007|1|0|2.0|VOLUMEN|FIJO|P0408051007|1|0|2.0|VOLUMEN|FIJO|P0408051007|1|0|2.0|VOLUMEN|FIJO|P0408051007|1|0|2.0|VOLUMEN|FIJO|P0408051007|1|0|2.0
1331,VOLUMEN|FIJO|P0408051007|1|0|2.0|VOLUMEN|FIJO|P0408051007|1|0|2.0|VOLUMEN|FIJO|P0408051007|1|0|2.0|VOLUMEN|FIJO|P0408051007|1|0|2.0|VOLUMEN|FIJO|P0408051007|1|0|2.0|VOLUMEN|FIJO|P0408051007|1|0|2.0|VOLUMEN|FIJO|P0408051007|1|0|2.0|VOLUMEN|FIJO|P0408051007|1|0|2.0|VOLUMEN|FIJO|P0408051007|1|0|2.0|VOLUMEN|FIJO|P0408051007|1|0|2.0|VOLUMEN|FIJO|P0408051007|1|0|2.0
1332,VOLUMEN|FIJO|P0280076000|1|0|2.0|VOLUMEN|FIJO|P0280076000|1|0|2.0|VOLUMEN|FIJO|P0280076000|1|0|2.0|VOLUMEN|FIJO|P0280076000|1|0|2.0|VOLUMEN|FIJO|P0280076000|1|0|2.0|VOLUMEN|FIJO|P0280076000|1|0|2.0|VOLUMEN|FIJO|P0280076000|1|0|2.0|VOLUMEN|FIJO|P0280076000|1|0|2.0|VOLUMEN|FIJO|P0280076000|1|0|2.0|VOLUMEN|FIJO|P0280076000|1|0|2.0|VOLUMEN|FIJO|P0280076000|1|0|2.0|VOLUMEN|FIJO|P0280076000|1|0|2.0
1333,VOLUMEN|FIJO|P0280076000|1|0|2.0|VOLUMEN|FIJO|P0280076000|1|0|2.0|VOLUMEN|FIJO|P0280076000|1|0|2.0|VOLUMEN|FIJO|P0280076000|1|0|2.0|VOLUMEN|FIJO|P0280076000|1|0|2.0|VOLUMEN|FIJO|P0280076000|1|0|2.0|VOLUMEN|FIJO|P0280076000|1|0|2.0|VOLUMEN|FIJO|P0280076000|1|0|2.0|VOLUMEN|FIJO|P0280076000|1|0|2.0|VOLUMEN|FIJO|P0280076000|1|0|2.0|VOLUMEN|FIJO|P0280076000|1|0|2.0|VOLUMEN|FIJO|P0280076000|1|0|2.0|VOLUMEN|FIJO|P0280076000|1|0|2.0
1334,VOLUMEN|FIJO|P0280076000|1|0|2.0|VOLUMEN|FIJO|P0280076000|1|0|2.0|VOLUMEN|FIJO|P0280076000|1|0|2.0|VOLUMEN|FIJO|P0280076000|1|0|2.0|VOLUMEN|FIJO|P0280076000|1|0|2.0|VOLUMEN|FIJO|P0280076000|1|0|2.0|VOLUMEN|FIJO|P0280076000|1|0|2.0|VOLUMEN|FIJO|P0280076000|1|0|2.0|VOLUMEN|FIJO|P0280076000|1|0|2.0|VOLUMEN|FIJO|P0280076000|1|0|2.0|VOLUMEN|FIJO|P0280076000|1|0|2.0|VOLUMEN|FIJO|P0280076000|1|0|2.0|VOLUMEN|FIJO|P0280076000|1|0|2.0
1335,VOLUMEN|FIJO|P0280076000|1|0|2.0|VOLUMEN|FIJO|P0280076000|1|0|2.0|VOLUMEN|FIJO|P0280076000|1|0|2.0|VOLUMEN|FIJO|P0280076000|1|0|2.0|VOLUMEN|FIJO|P0280076000|1|0|2.0|VOLUMEN|FIJO|P0280076000|1|0|2.0|VOLUMEN|FIJO|P0280076000|1|0|2.0|VOLUMEN|FIJO|P0280076000|1|0|2.0|VOLUMEN|FIJO|P0280076000|1|0|2.0|VOLUMEN|FIJO|P0280076000|1|0|2.0|VOLUMEN|FIJO|P0280076000|1|0|2.0|VOLUMEN|FIJO|P0280076000|1|0|2.0|VOLUMEN|FIJO|P0280076000|1|0|2.0
1336,VOLUMEN|FIJO|P0280076000|1|0|2.0|VOLUMEN|FIJO|P0280076000|1|0|2.0|VOLUMEN|FIJO|P0280076000|1|0|2.0|VOLUMEN|FIJO|P0280076000|1|0|2.0|VOLUMEN|FIJO|P0280076000|1|0|2.0|VOLUMEN|FIJO|P0280076000|1|0|2.0|VOLUMEN|FIJO|P0280076000|1|0|2.0|VOLUMEN|FIJO|P0280076000|1|0|2.0|VOLUMEN|FIJO|P0280076000|1|0|2.0|VOLUMEN|FIJO|P0280076000|1|0|2.0|VOLUMEN|FIJO|P0280076000|1|0|2.0|VOLUMEN|FIJO|P0280076000|1|0|2.0|VOLUMEN|FIJO|P0280076000|1|0|2.0
1337,VOLUMEN|FIJO|P0280076000|1|0|2.0|VOLUMEN|FIJO|P0280076000|1|0|2.0|VOLUMEN|FIJO|P0280076000|1|0|2.0|VOLUMEN|FIJO|P0280076000|1|0|2.0|VOLUMEN|FIJO|P0280076000|1|0|2.0|VOLUMEN|FIJO|P0280076000|1|0|2.0|VOLUMEN|FIJO|P0280076000|1|0|2.0|VOLUMEN|FIJO|P0280076000|1|0|2.0|VOLUMEN|FIJO|P0280076000|1|0|2.0|VOLUMEN|FIJO|P0280076000|1|0|2.0|VOLUMEN|FIJO|P0280076000|1|0|2.0|VOLUMEN|FIJO|P0280076000|1|0|2.0|VOLUMEN|FIJO|P0280076000|1|0|2.0
1338,VOLUMEN|FIJO|200113709|1|0|3.0|VOLUMEN|FIJO|200113709|1|0|3.0|VOLUMEN|FIJO|200113709|1|0|3.0|VOLUMEN|FIJO|200113709|1|0|3.0|VOLUMEN|FIJO|200113709|1|0|3.0|VOLUMEN|FIJO|200113709|1|0|3.0|VOLUMEN|FIJO|200113709|1|0|3.0|VOLUMEN|FIJO|200113709|1|0|3.0|VOLUMEN|FIJO|200113709|1|0|3.0|VOLUMEN|FIJO|200113709|1|0|3.0
1339,VOLUMEN|FIJO|200114924|1|0|3.0|VOLUMEN|FIJO|200114924|1|0|3.0|VOLUMEN|FIJO|200114924|1|0|3.0|VOLUMEN|FIJO|200114924|1|0|3.0|VOLUMEN|FIJO|200114924|1|0|3.0|VOLUMEN|FIJO|200114924|1|0|3.0|VOLUMEN|FIJO|200114924|1|0|3.0|VOLUMEN|FIJO|200114924|1|0|3.0|VOLUMEN|FIJO|200114924|1|0|3.0|VOLUMEN|FIJO|200114924|1|0|3.0
1340,VOLUMEN|FIJO|200116049|1|0|2.0|VOLUMEN|FIJO|200116049|1|0|2.0|VOLUMEN|FIJO|200116049|1|0|2.0|VOLUMEN|FIJO|200116049|1|0|2.0|VOLUMEN|FIJO|200116049|1|0|2.0|VOLUMEN|FIJO|200116049|1|0|2.0|VOLUMEN|FIJO|200116049|1|0|2.0|VOLUMEN|FIJO|200116049|1|0|2.0|VOLUMEN|FIJO|200116049|1|0|2.0|VOLUMEN|FIJO|200116049|1|0|2.0
1341,VOLUMEN|FIJO|200116049|1|0|3.0|VOLUMEN|FIJO|200116049|1|0|3.0|VOLUMEN|FIJO|200116049|1|0|3.0|VOLUMEN|FIJO|200116049|1|0|3.0|VOLUMEN|FIJO|200116049|1|0|3.0|VOLUMEN|FIJO|200116049|1|0|3.0|VOLUMEN|FIJO|200116049|1|0|3.0|VOLUMEN|FIJO|200116049|1|0|3.0|VOLUMEN|FIJO|200116049|1|0|3.0|VOLUMEN|FIJO|200116049|1|0|3.0
1342,VOLUMEN|FIJO|200116050|1|0|3.0|VOLUMEN|FIJO|200116050|1|0|3.0|VOLUMEN|FIJO|200116050|1|0|3.0|VOLUMEN|FIJO|200116050|1|0|3.0|VOLUMEN|FIJO|200116050|1|0|3.0|VOLUMEN|FIJO|200116050|1|0|3.0|VOLUMEN|FIJO|200116050|1|0|3.0|VOLUMEN|FIJO|200116050|1|0|3.0|VOLUMEN|FIJO|200116050|1|0|3.0|VOLUMEN|FIJO|200116050|1|0|3.0
1343,VOLUMEN|FIJO|200116050|1|0|2.0|VOLUMEN|FIJO|200116050|1|0|2.0|VOLUMEN|FIJO|200116050|1|0|2.0|VOLUMEN|FIJO|200116050|1|0|2.0|VOLUMEN|FIJO|200116050|1|0|2.0|VOLUMEN|FIJO|200116050|1|0|2.0|VOLUMEN|FIJO|200116050|1|0|2.0|VOLUMEN|FIJO|200116050|1|0|2.0|VOLUMEN|FIJO|200116050|1|0|2.0|VOLUMEN|FIJO|200116050|1|0|2.0
1344,VOLUMEN|FIJO|200116051|1|0|3.0|VOLUMEN|FIJO|200116051|1|0|3.0|VOLUMEN|FIJO|200116051|1|0|3.0|VOLUMEN|FIJO|200116051|1|0|3.0|VOLUMEN|FIJO|200116051|1|0|3.0|VOLUMEN|FIJO|200116051|1|0|3.0|VOLUMEN|FIJO|200116051|1|0|3.0|VOLUMEN|FIJO|200116051|1|0|3.0|VOLUMEN|FIJO|200116051|1|0|3.0|VOLUMEN|FIJO|200116051|1|0|3.0
1345,VOLUMEN|FIJO|200116051|1|0|2.0|VOLUMEN|FIJO|200116051|1|0|2.0|VOLUMEN|FIJO|200116051|1|0|2.0|VOLUMEN|FIJO|200116051|1|0|2.0|VOLUMEN|FIJO|200116051|1|0|2.0|VOLUMEN|FIJO|200116051|1|0|2.0|VOLUMEN|FIJO|200116051|1|0|2.0|VOLUMEN|FIJO|200116051|1|0|2.0|VOLUMEN|FIJO|200116051|1|0|2.0|VOLUMEN|FIJO|200116051|1|0|2.0
1346,VOLUMEN|FIJO|200117130|1|0|2.0|VOLUMEN|FIJO|200117130|1|0|2.0|VOLUMEN|FIJO|200117130|1|0|2.0|VOLUMEN|FIJO|200117130|1|0|2.0|VOLUMEN|FIJO|200117130|1|0|2.0|VOLUMEN|FIJO|200117130|1|0|2.0|VOLUMEN|FIJO|200117130|1|0|2.0|VOLUMEN|FIJO|200117130|1|0|2.0|VOLUMEN|FIJO|200117130|1|0|2.0|VOLUMEN|FIJO|200117130|1|0|2.0|VOLUMEN|FIJO|200117130|1|0|2.0|VOLUMEN|FIJO|200117130|1|0|2.0
1372,INDIVIDUAL|FIJO|200109875|1|0|1.0|INDIVIDUAL|FIJO|200109875|1|0|1.0|INDIVIDUAL|FIJO|200109875|1|0|1.0|INDIVIDUAL|FIJO|200109875|1|0|1.0|INDIVIDUAL|FIJO|200109875|1|0|1.0|INDIVIDUAL|FIJO|200109875|1|0|1.0|INDIVIDUAL|FIJO|200109875|1|0|1.0|INDIVIDUAL|FIJO|200109875|1|0|1.0|INDIVIDUAL|FIJO|200109875|1|0|1.0|INDIVIDUAL|FIJO|200109875|1|0|1.0|INDIVIDUAL|FIJO|200109875|1|0|1.0|INDIVIDUAL|FIJO|200109875|1|0|1.0|INDIVIDUAL|FIJO|200109875|1|0|1.0
1373,SET FIJO|FIJO|200109794|0|0|1.0|SET FIJO|FIJO|200091331|1|0|1.0|SET FIJO|FIJO|200109794|0|0|1.0|SET FIJO|FIJO|200109794|0|0|1.0|SET FIJO|FIJO|200105074|0|0|1.0|SET FIJO|FIJO|200091331|1|0|1.0|SET FIJO|FIJO|200109794|0|0|1.0|SET FIJO|FIJO|200109794|0|0|1.0|SET FIJO|FIJO|200109794|0|0|1.0|SET FIJO|FIJO|200105074|0|0|1.0|SET FIJO|FIJO|200105074|0|0|1.0|SET FIJO|FIJO|200109794|0|0|1.0|SET FIJO|FIJO|200091331|1|0|1.0|SET FIJO|FIJO|200105074|0|0|1.0|SET FIJO|FIJO|200109794|0|0|1.0|SET FIJO|FIJO|200091331|1|0|1.0|SET FIJO|FIJO|200091331|1|0|1.0|SET FIJO|FIJO|200105074|0|0|1.0|SET FIJO|FIJO|200109794|0|0|1.0|SET FIJO|FIJO|200105074|0|0|1.0|SET FIJO|FIJO|200105074|0|0|1.0|SET FIJO|FIJO|200105074|0|0|1.0|SET FIJO|FIJO|200105074|0|0|1.0|SET FIJO|FIJO|200091331|1|0|1.0|SET FIJO|FIJO|200091331|1|0|1.0|SET FIJO|FIJO|200109794|0|0|1.0|SET FIJO|FIJO|200105074|0|0|1.0|SET FIJO|FIJO|200091331|1|0|1.0|SET FIJO|FIJO|200105074|0|0|1.0|SET FIJO|FIJO|200091331|1|0|1.0|SET FIJO|FIJO|200105074|0|0|1.0|SET FIJO|FIJO|200109794|0|0|1.0|SET FIJO|FIJO|200091331|1|0|1.0|SET FIJO|FIJO|200105074|0|0|1.0|SET FIJO|FIJO|200091331|1|0|1.0|SET FIJO|FIJO|200109794|0|0|1.0
1374,SET FIJO|FIJO|200109794|0|0|1.0|SET FIJO|FIJO|200091331|1|0|1.0|SET FIJO|FIJO|200109794|0|0|1.0|SET FIJO|FIJO|200109794|0|0|1.0|SET FIJO|FIJO|200105074|0|0|1.0|SET FIJO|FIJO|200091331|1|0|1.0|SET FIJO|FIJO|200109794|0|0|1.0|SET FIJO|FIJO|200109794|0|0|1.0|SET FIJO|FIJO|200109794|0|0|1.0|SET FIJO|FIJO|200105074|0|0|1.0|SET FIJO|FIJO|200105074|0|0|1.0|SET FIJO|FIJO|200109794|0|0|1.0|SET FIJO|FIJO|200091331|1|0|1.0|SET FIJO|FIJO|200105074|0|0|1.0|SET FIJO|FIJO|200109794|0|0|1.0|SET FIJO|FIJO|200091331|1|0|1.0|SET FIJO|FIJO|200091331|1|0|1.0|SET FIJO|FIJO|200105074|0|0|1.0|SET FIJO|FIJO|200109794|0|0|1.0|SET FIJO|FIJO|200105074|0|0|1.0|SET FIJO|FIJO|200105074|0|0|1.0|SET FIJO|FIJO|200105074|0|0|1.0|SET FIJO|FIJO|200105074|0|0|1.0|SET FIJO|FIJO|200091331|1|0|1.0|SET FIJO|FIJO|200091331|1|0|1.0|SET FIJO|FIJO|200109794|0|0|1.0|SET FIJO|FIJO|200105074|0|0|1.0|SET FIJO|FIJO|200091331|1|0|1.0|SET FIJO|FIJO|200105074|0|0|1.0|SET FIJO|FIJO|200091331|1|0|1.0|SET FIJO|FIJO|200105074|0|0|1.0|SET FIJO|FIJO|200109794|0|0|1.0|SET FIJO|FIJO|200091331|1|0|1.0|SET FIJO|FIJO|200105074|0|0|1.0|SET FIJO|FIJO|200091331|1|0|1.0|SET FIJO|FIJO|200109794|0|0|1.0
1375,SET FIJO|FIJO|200109794|0|0|1.0|SET FIJO|FIJO|200091331|1|0|1.0|SET FIJO|FIJO|200109794|0|0|1.0|SET FIJO|FIJO|200109794|0|0|1.0|SET FIJO|FIJO|200105074|0|0|1.0|SET FIJO|FIJO|200091331|1|0|1.0|SET FIJO|FIJO|200109794|0|0|1.0|SET FIJO|FIJO|200109794|0|0|1.0|SET FIJO|FIJO|200109794|0|0|1.0|SET FIJO|FIJO|200105074|0|0|1.0|SET FIJO|FIJO|200105074|0|0|1.0|SET FIJO|FIJO|200109794|0|0|1.0|SET FIJO|FIJO|200091331|1|0|1.0|SET FIJO|FIJO|200105074|0|0|1.0|SET FIJO|FIJO|200109794|0|0|1.0|SET FIJO|FIJO|200091331|1|0|1.0|SET FIJO|FIJO|200091331|1|0|1.0|SET FIJO|FIJO|200105074|0|0|1.0|SET FIJO|FIJO|200109794|0|0|1.0|SET FIJO|FIJO|200105074|0|0|1.0|SET FIJO|FIJO|200105074|0|0|1.0|SET FIJO|FIJO|200105074|0|0|1.0|SET FIJO|FIJO|200105074|0|0|1.0|SET FIJO|FIJO|200091331|1|0|1.0|SET FIJO|FIJO|200091331|1|0|1.0|SET FIJO|FIJO|200109794|0|0|1.0|SET FIJO|FIJO|200105074|0|0|1.0|SET FIJO|FIJO|200091331|1|0|1.0|SET FIJO|FIJO|200105074|0|0|1.0|SET FIJO|FIJO|200091331|1|0|1.0|SET FIJO|FIJO|200105074|0|0|1.0|SET FIJO|FIJO|200109794|0|0|1.0|SET FIJO|FIJO|200091331|1|0|1.0|SET FIJO|FIJO|200105074|0|0|1.0|SET FIJO|FIJO|200091331|1|0|1.0|SET FIJO|FIJO|200109794|0|0|1.0
1376,SET FIJO|FIJO|200109794|0|0|1.0|SET FIJO|FIJO|200091331|1|0|1.0|SET FIJO|FIJO|200109794|0|0|1.0|SET FIJO|FIJO|200109794|0|0|1.0|SET FIJO|FIJO|200105074|0|0|1.0|SET FIJO|FIJO|200091331|1|0|1.0|SET FIJO|FIJO|200109794|0|0|1.0|SET FIJO|FIJO|200109794|0|0|1.0|SET FIJO|FIJO|200109794|0|0|1.0|SET FIJO|FIJO|200105074|0|0|1.0|SET FIJO|FIJO|200105074|0|0|1.0|SET FIJO|FIJO|200109794|0|0|1.0|SET FIJO|FIJO|200091331|1|0|1.0|SET FIJO|FIJO|200105074|0|0|1.0|SET FIJO|FIJO|200109794|0|0|1.0|SET FIJO|FIJO|200091331|1|0|1.0|SET FIJO|FIJO|200091331|1|0|1.0|SET FIJO|FIJO|200105074|0|0|1.0|SET FIJO|FIJO|200109794|0|0|1.0|SET FIJO|FIJO|200105074|0|0|1.0|SET FIJO|FIJO|200105074|0|0|1.0|SET FIJO|FIJO|200105074|0|0|1.0|SET FIJO|FIJO|200105074|0|0|1.0|SET FIJO|FIJO|200091331|1|0|1.0|SET FIJO|FIJO|200091331|1|0|1.0|SET FIJO|FIJO|200109794|0|0|1.0|SET FIJO|FIJO|200105074|0|0|1.0|SET FIJO|FIJO|200091331|1|0|1.0|SET FIJO|FIJO|200105074|0|0|1.0|SET FIJO|FIJO|200091331|1|0|1.0|SET FIJO|FIJO|200105074|0|0|1.0|SET FIJO|FIJO|200109794|0|0|1.0|SET FIJO|FIJO|200091331|1|0|1.0|SET FIJO|FIJO|200105074|0|0|1.0|SET FIJO|FIJO|200091331|1|0|1.0|SET FIJO|FIJO|200109794|0|0|1.0
1377,SET FIJO|FIJO|200089619|0|0|1.0|SET FIJO|FIJO|200089619|0|0|1.0|SET FIJO|FIJO|200102432|1|0|1.0|SET FIJO|FIJO|200109286|0|0|1.0|SET FIJO|FIJO|200109286|0|0|1.0|SET FIJO|FIJO|200102432|1|0|1.0|SET FIJO|FIJO|200109286|0|0|1.0|SET FIJO|FIJO|200109286|0|0|1.0|SET FIJO|FIJO|200089619|0|0|1.0|SET FIJO|FIJO|200102432|1|0|1.0|SET FIJO|FIJO|200109286|0|0|1.0|SET FIJO|FIJO|200089619|0|0|1.0|SET FIJO|FIJO|200089619|0|0|1.0|SET FIJO|FIJO|200109286|0|0|1.0|SET FIJO|FIJO|200089619|0|0|1.0|SET FIJO|FIJO|200102432|1|0|1.0|SET FIJO|FIJO|200089619|0|0|1.0|SET FIJO|FIJO|200102432|1|0|1.0|SET FIJO|FIJO|200102432|1|0|1.0|SET FIJO|FIJO|200089619|0|0|1.0|SET FIJO|FIJO|200089619|0|0|1.0|SET FIJO|FIJO|200102432|1|0|1.0|SET FIJO|FIJO|200089619|0|0|1.0|SET FIJO|FIJO|200109286|0|0|1.0|SET FIJO|FIJO|200109286|0|0|1.0|SET FIJO|FIJO|200102432|1|0|1.0|SET FIJO|FIJO|200102432|1|0|1.0|SET FIJO|FIJO|200089619|0|0|1.0|SET FIJO|FIJO|200109286|0|0|1.0|SET FIJO|FIJO|200102432|1|0|1.0|SET FIJO|FIJO|200089619|0|0|1.0|SET FIJO|FIJO|200109286|0|0|1.0|SET FIJO|FIJO|200109286|0|0|1.0|SET FIJO|FIJO|200089619|0|0|1.0|SET FIJO|FIJO|200102432|1|0|1.0|SET FIJO|FIJO|200109286|0|0|1.0|SET FIJO|FIJO|200089619|0|0|1.0
1378,SET FIJO|FIJO|200089619|0|0|1.0|SET FIJO|FIJO|200089619|0|0|1.0|SET FIJO|FIJO|200102432|1|0|1.0|SET FIJO|FIJO|200109286|0|0|1.0|SET FIJO|FIJO|200109286|0|0|1.0|SET FIJO|FIJO|200102432|1|0|1.0|SET FIJO|FIJO|200109286|0|0|1.0|SET FIJO|FIJO|200109286|0|0|1.0|SET FIJO|FIJO|200089619|0|0|1.0|SET FIJO|FIJO|200102432|1|0|1.0|SET FIJO|FIJO|200109286|0|0|1.0|SET FIJO|FIJO|200089619|0|0|1.0|SET FIJO|FIJO|200089619|0|0|1.0|SET FIJO|FIJO|200109286|0|0|1.0|SET FIJO|FIJO|200089619|0|0|1.0|SET FIJO|FIJO|200102432|1|0|1.0|SET FIJO|FIJO|200089619|0|0|1.0|SET FIJO|FIJO|200102432|1|0|1.0|SET FIJO|FIJO|200102432|1|0|1.0|SET FIJO|FIJO|200089619|0|0|1.0|SET FIJO|FIJO|200089619|0|0|1.0|SET FIJO|FIJO|200102432|1|0|1.0|SET FIJO|FIJO|200089619|0|0|1.0|SET FIJO|FIJO|200109286|0|0|1.0|SET FIJO|FIJO|200109286|0|0|1.0|SET FIJO|FIJO|200102432|1|0|1.0|SET FIJO|FIJO|200102432|1|0|1.0|SET FIJO|FIJO|200089619|0|0|1.0|SET FIJO|FIJO|200109286|0|0|1.0|SET FIJO|FIJO|200102432|1|0|1.0|SET FIJO|FIJO|200089619|0|0|1.0|SET FIJO|FIJO|200109286|0|0|1.0|SET FIJO|FIJO|200109286|0|0|1.0|SET FIJO|FIJO|200089619|0|0|1.0|SET FIJO|FIJO|200102432|1|0|1.0|SET FIJO|FIJO|200109286|0|0|1.0|SET FIJO|FIJO|200089619|0|0|1.0
1379,SET FIJO|FIJO|200089619|0|0|1.0|SET FIJO|FIJO|200089619|0|0|1.0|SET FIJO|FIJO|200102432|1|0|1.0|SET FIJO|FIJO|200109286|0|0|1.0|SET FIJO|FIJO|200109286|0|0|1.0|SET FIJO|FIJO|200102432|1|0|1.0|SET FIJO|FIJO|200109286|0|0|1.0|SET FIJO|FIJO|200109286|0|0|1.0|SET FIJO|FIJO|200089619|0|0|1.0|SET FIJO|FIJO|200102432|1|0|1.0|SET FIJO|FIJO|200109286|0|0|1.0|SET FIJO|FIJO|200089619|0|0|1.0|SET FIJO|FIJO|200089619|0|0|1.0|SET FIJO|FIJO|200109286|0|0|1.0|SET FIJO|FIJO|200089619|0|0|1.0|SET FIJO|FIJO|200102432|1|0|1.0|SET FIJO|FIJO|200089619|0|0|1.0|SET FIJO|FIJO|200102432|1|0|1.0|SET FIJO|FIJO|200102432|1|0|1.0|SET FIJO|FIJO|200089619|0|0|1.0|SET FIJO|FIJO|200089619|0|0|1.0|SET FIJO|FIJO|200102432|1|0|1.0|SET FIJO|FIJO|200089619|0|0|1.0|SET FIJO|FIJO|200109286|0|0|1.0|SET FIJO|FIJO|200109286|0|0|1.0|SET FIJO|FIJO|200102432|1|0|1.0|SET FIJO|FIJO|200102432|1|0|1.0|SET FIJO|FIJO|200089619|0|0|1.0|SET FIJO|FIJO|200109286|0|0|1.0|SET FIJO|FIJO|200102432|1|0|1.0|SET FIJO|FIJO|200089619|0|0|1.0|SET FIJO|FIJO|200109286|0|0|1.0|SET FIJO|FIJO|200109286|0|0|1.0|SET FIJO|FIJO|200089619|0|0|1.0|SET FIJO|FIJO|200102432|1|0|1.0|SET FIJO|FIJO|200109286|0|0|1.0|SET FIJO|FIJO|200089619|0|0|1.0
1380,SET FIJO|FIJO|200089619|0|0|1.0|SET FIJO|FIJO|200089619|0|0|1.0|SET FIJO|FIJO|200102432|1|0|1.0|SET FIJO|FIJO|200109286|0|0|1.0|SET FIJO|FIJO|200109286|0|0|1.0|SET FIJO|FIJO|200102432|1|0|1.0|SET FIJO|FIJO|200109286|0|0|1.0|SET FIJO|FIJO|200109286|0|0|1.0|SET FIJO|FIJO|200089619|0|0|1.0|SET FIJO|FIJO|200102432|1|0|1.0|SET FIJO|FIJO|200109286|0|0|1.0|SET FIJO|FIJO|200089619|0|0|1.0|SET FIJO|FIJO|200089619|0|0|1.0|SET FIJO|FIJO|200109286|0|0|1.0|SET FIJO|FIJO|200089619|0|0|1.0|SET FIJO|FIJO|200102432|1|0|1.0|SET FIJO|FIJO|200089619|0|0|1.0|SET FIJO|FIJO|200102432|1|0|1.0|SET FIJO|FIJO|200102432|1|0|1.0|SET FIJO|FIJO|200089619|0|0|1.0|SET FIJO|FIJO|200089619|0|0|1.0|SET FIJO|FIJO|200102432|1|0|1.0|SET FIJO|FIJO|200089619|0|0|1.0|SET FIJO|FIJO|200109286|0|0|1.0|SET FIJO|FIJO|200109286|0|0|1.0|SET FIJO|FIJO|200102432|1|0|1.0|SET FIJO|FIJO|200102432|1|0|1.0|SET FIJO|FIJO|200089619|0|0|1.0|SET FIJO|FIJO|200109286|0|0|1.0|SET FIJO|FIJO|200102432|1|0|1.0|SET FIJO|FIJO|200089619|0|0|1.0|SET FIJO|FIJO|200109286|0|0|1.0|SET FIJO|FIJO|200109286|0|0|1.0|SET FIJO|FIJO|200089619|0|0|1.0|SET FIJO|FIJO|200102432|1|0|1.0|SET FIJO|FIJO|200109286|0|0|1.0|SET FIJO|FIJO|200089619|0|0|1.0
1381,SET FIJO|FIJO|200089619|0|0|1.0|SET FIJO|FIJO|200089619|0|0|1.0|SET FIJO|FIJO|200098266|1|0|1.0|SET FIJO|FIJO|200109286|0|0|1.0|SET FIJO|FIJO|200109286|0|0|1.0|SET FIJO|FIJO|200109286|0|0|1.0|SET FIJO|FIJO|200106355|0|0|1.0|SET FIJO|FIJO|200106355|0|0|1.0|SET FIJO|FIJO|200109286|0|0|1.0|SET FIJO|FIJO|200098266|1|0|1.0|SET FIJO|FIJO|200098266|1|0|1.0|SET FIJO|FIJO|200089619|0|0|1.0|SET FIJO|FIJO|200109286|0|0|1.0|SET FIJO|FIJO|200106355|0|0|1.0|SET FIJO|FIJO|200106358|0|0|1.0|SET FIJO|FIJO|200089619|0|0|1.0|SET FIJO|FIJO|200089619|0|0|1.0|SET FIJO|FIJO|200109286|0|0|1.0|SET FIJO|FIJO|200106358|0|0|1.0|SET FIJO|FIJO|200098266|1|0|1.0|SET FIJO|FIJO|200106358|0|0|1.0|SET FIJO|FIJO|200089619|0|0|1.0|SET FIJO|FIJO|200089619|0|0|1.0|SET FIJO|FIJO|200106355|0|0|1.0|SET FIJO|FIJO|200089619|0|0|1.0|SET FIJO|FIJO|200089619|0|0|1.0|SET FIJO|FIJO|200089619|0|0|1.0|SET FIJO|FIJO|200106355|0|0|1.0|SET FIJO|FIJO|200106355|0|0|1.0|SET FIJO|FIJO|200109286|0|0|1.0|SET FIJO|FIJO|200109286|0|0|1.0|SET FIJO|FIJO|200106355|0|0|1.0|SET FIJO|FIJO|200106358|0|0|1.0|SET FIJO|FIJO|200089619|0|0|1.0|SET FIJO|FIJO|200106355|0|0|1.0|SET FIJO|FIJO|200109286|0|0|1.0|SET FIJO|FIJO|200106355|0|0|1.0|SET FIJO|FIJO|200098266|1|0|1.0|SET FIJO|FIJO|200106355|0|0|1.0|SET FIJO|FIJO|200089619|0|0|1.0|SET FIJO|FIJO|200098266|1|0|1.0|SET FIJO|FIJO|200109286|0|0|1.0|SET FIJO|FIJO|200106358|0|0|1.0|SET FIJO|FIJO|200106358|0|0|1.0|SET FIJO|FIJO|200106358|0|0|1.0|SET FIJO|FIJO|200106358|0|0|1.0|SET FIJO|FIJO|200106358|0|0|1.0|SET FIJO|FIJO|200106358|0|0|1.0|SET FIJO|FIJO|200106358|0|0|1.0|SET FIJO|FIJO|200106358|0|0|1.0|SET FIJO|FIJO|200106355|0|0|1.0|SET FIJO|FIJO|200098266|1|0|1.0|SET FIJO|FIJO|200098266|1|0|1.0|SET FIJO|FIJO|200098266|1|0|1.0|SET FIJO|FIJO|200109286|0|0|1.0|SET FIJO|FIJO|200106355|0|0|1.0|SET FIJO|FIJO|200098266|1|0|1.0|SET FIJO|FIJO|200089619|0|0|1.0|SET FIJO|FIJO|200098266|1|0|1.0|SET FIJO|FIJO|200109286|0|0|1.0|SET FIJO|FIJO|200106355|0|0|1.0|SET FIJO|FIJO|200089619|0|0|1.0
1382,SET FIJO|FIJO|200089619|0|0|1.0|SET FIJO|FIJO|200089619|0|0|1.0|SET FIJO|FIJO|200098266|1|0|1.0|SET FIJO|FIJO|200109286|0|0|1.0|SET FIJO|FIJO|200109286|0|0|1.0|SET FIJO|FIJO|200109286|0|0|1.0|SET FIJO|FIJO|200106355|0|0|1.0|SET FIJO|FIJO|200106355|0|0|1.0|SET FIJO|FIJO|200109286|0|0|1.0|SET FIJO|FIJO|200098266|1|0|1.0|SET FIJO|FIJO|200098266|1|0|1.0|SET FIJO|FIJO|200089619|0|0|1.0|SET FIJO|FIJO|200109286|0|0|1.0|SET FIJO|FIJO|200106355|0|0|1.0|SET FIJO|FIJO|200106358|0|0|1.0|SET FIJO|FIJO|200089619|0|0|1.0|SET FIJO|FIJO|200089619|0|0|1.0|SET FIJO|FIJO|200109286|0|0|1.0|SET FIJO|FIJO|200106358|0|0|1.0|SET FIJO|FIJO|200098266|1|0|1.0|SET FIJO|FIJO|200106358|0|0|1.0|SET FIJO|FIJO|200089619|0|0|1.0|SET FIJO|FIJO|200089619|0|0|1.0|SET FIJO|FIJO|200106355|0|0|1.0|SET FIJO|FIJO|200089619|0|0|1.0|SET FIJO|FIJO|200089619|0|0|1.0|SET FIJO|FIJO|200089619|0|0|1.0|SET FIJO|FIJO|200106355|0|0|1.0|SET FIJO|FIJO|200106355|0|0|1.0|SET FIJO|FIJO|200109286|0|0|1.0|SET FIJO|FIJO|200109286|0|0|1.0|SET FIJO|FIJO|200106355|0|0|1.0|SET FIJO|FIJO|200106358|0|0|1.0|SET FIJO|FIJO|200089619|0|0|1.0|SET FIJO|FIJO|200106355|0|0|1.0|SET FIJO|FIJO|200109286|0|0|1.0|SET FIJO|FIJO|200106355|0|0|1.0|SET FIJO|FIJO|200098266|1|0|1.0|SET FIJO|FIJO|200106355|0|0|1.0|SET FIJO|FIJO|200089619|0|0|1.0|SET FIJO|FIJO|200098266|1|0|1.0|SET FIJO|FIJO|200109286|0|0|1.0|SET FIJO|FIJO|200106358|0|0|1.0|SET FIJO|FIJO|200106358|0|0|1.0|SET FIJO|FIJO|200106358|0|0|1.0|SET FIJO|FIJO|200106358|0|0|1.0|SET FIJO|FIJO|200106358|0|0|1.0|SET FIJO|FIJO|200106358|0|0|1.0|SET FIJO|FIJO|200106358|0|0|1.0|SET FIJO|FIJO|200106358|0|0|1.0|SET FIJO|FIJO|200106355|0|0|1.0|SET FIJO|FIJO|200098266|1|0|1.0|SET FIJO|FIJO|200098266|1|0|1.0|SET FIJO|FIJO|200098266|1|0|1.0|SET FIJO|FIJO|200109286|0|0|1.0|SET FIJO|FIJO|200106355|0|0|1.0|SET FIJO|FIJO|200098266|1|0|1.0|SET FIJO|FIJO|200089619|0|0|1.0|SET FIJO|FIJO|200098266|1|0|1.0|SET FIJO|FIJO|200109286|0|0|1.0|SET FIJO|FIJO|200106355|0|0|1.0|SET FIJO|FIJO|200089619|0|0|1.0
1383,SET FIJO|FIJO|200089619|0|0|1.0|SET FIJO|FIJO|200089619|0|0|1.0|SET FIJO|FIJO|200098266|1|0|1.0|SET FIJO|FIJO|200109286|0|0|1.0|SET FIJO|FIJO|200109286|0|0|1.0|SET FIJO|FIJO|200109286|0|0|1.0|SET FIJO|FIJO|200106355|0|0|1.0|SET FIJO|FIJO|200106355|0|0|1.0|SET FIJO|FIJO|200109286|0|0|1.0|SET FIJO|FIJO|200098266|1|0|1.0|SET FIJO|FIJO|200098266|1|0|1.0|SET FIJO|FIJO|200089619|0|0|1.0|SET FIJO|FIJO|200109286|0|0|1.0|SET FIJO|FIJO|200106355|0|0|1.0|SET FIJO|FIJO|200106358|0|0|1.0|SET FIJO|FIJO|200089619|0|0|1.0|SET FIJO|FIJO|200089619|0|0|1.0|SET FIJO|FIJO|200109286|0|0|1.0|SET FIJO|FIJO|200106358|0|0|1.0|SET FIJO|FIJO|200098266|1|0|1.0|SET FIJO|FIJO|200106358|0|0|1.0|SET FIJO|FIJO|200089619|0|0|1.0|SET FIJO|FIJO|200089619|0|0|1.0|SET FIJO|FIJO|200106355|0|0|1.0|SET FIJO|FIJO|200089619|0|0|1.0|SET FIJO|FIJO|200089619|0|0|1.0|SET FIJO|FIJO|200089619|0|0|1.0|SET FIJO|FIJO|200106355|0|0|1.0|SET FIJO|FIJO|200106355|0|0|1.0|SET FIJO|FIJO|200109286|0|0|1.0|SET FIJO|FIJO|200109286|0|0|1.0|SET FIJO|FIJO|200106355|0|0|1.0|SET FIJO|FIJO|200106358|0|0|1.0|SET FIJO|FIJO|200089619|0|0|1.0|SET FIJO|FIJO|200106355|0|0|1.0|SET FIJO|FIJO|200109286|0|0|1.0|SET FIJO|FIJO|200106355|0|0|1.0|SET FIJO|FIJO|200098266|1|0|1.0|SET FIJO|FIJO|200106355|0|0|1.0|SET FIJO|FIJO|200089619|0|0|1.0|SET FIJO|FIJO|200098266|1|0|1.0|SET FIJO|FIJO|200109286|0|0|1.0|SET FIJO|FIJO|200106358|0|0|1.0|SET FIJO|FIJO|200106358|0|0|1.0|SET FIJO|FIJO|200106358|0|0|1.0|SET FIJO|FIJO|200106358|0|0|1.0|SET FIJO|FIJO|200106358|0|0|1.0|SET FIJO|FIJO|200106358|0|0|1.0|SET FIJO|FIJO|200106358|0|0|1.0|SET FIJO|FIJO|200106358|0|0|1.0|SET FIJO|FIJO|200106355|0|0|1.0|SET FIJO|FIJO|200098266|1|0|1.0|SET FIJO|FIJO|200098266|1|0|1.0|SET FIJO|FIJO|200098266|1|0|1.0|SET FIJO|FIJO|200109286|0|0|1.0|SET FIJO|FIJO|200106355|0|0|1.0|SET FIJO|FIJO|200098266|1|0|1.0|SET FIJO|FIJO|200089619|0|0|1.0|SET FIJO|FIJO|200098266|1|0|1.0|SET FIJO|FIJO|200109286|0|0|1.0|SET FIJO|FIJO|200106355|0|0|1.0|SET FIJO|FIJO|200089619|0|0|1.0
1384,SET FIJO|FIJO|200089619|0|0|1.0|SET FIJO|FIJO|200089619|0|0|1.0|SET FIJO|FIJO|200098266|1|0|1.0|SET FIJO|FIJO|200109286|0|0|1.0|SET FIJO|FIJO|200109286|0|0|1.0|SET FIJO|FIJO|200109286|0|0|1.0|SET FIJO|FIJO|200106355|0|0|1.0|SET FIJO|FIJO|200106355|0|0|1.0|SET FIJO|FIJO|200109286|0|0|1.0|SET FIJO|FIJO|200098266|1|0|1.0|SET FIJO|FIJO|200098266|1|0|1.0|SET FIJO|FIJO|200089619|0|0|1.0|SET FIJO|FIJO|200109286|0|0|1.0|SET FIJO|FIJO|200106355|0|0|1.0|SET FIJO|FIJO|200106358|0|0|1.0|SET FIJO|FIJO|200089619|0|0|1.0|SET FIJO|FIJO|200089619|0|0|1.0|SET FIJO|FIJO|200109286|0|0|1.0|SET FIJO|FIJO|200106358|0|0|1.0|SET FIJO|FIJO|200098266|1|0|1.0|SET FIJO|FIJO|200106358|0|0|1.0|SET FIJO|FIJO|200089619|0|0|1.0|SET FIJO|FIJO|200089619|0|0|1.0|SET FIJO|FIJO|200106355|0|0|1.0|SET FIJO|FIJO|200089619|0|0|1.0|SET FIJO|FIJO|200089619|0|0|1.0|SET FIJO|FIJO|200089619|0|0|1.0|SET FIJO|FIJO|200106355|0|0|1.0|SET FIJO|FIJO|200106355|0|0|1.0|SET FIJO|FIJO|200109286|0|0|1.0|SET FIJO|FIJO|200109286|0|0|1.0|SET FIJO|FIJO|200106355|0|0|1.0|SET FIJO|FIJO|200106358|0|0|1.0|SET FIJO|FIJO|200089619|0|0|1.0|SET FIJO|FIJO|200106355|0|0|1.0|SET FIJO|FIJO|200109286|0|0|1.0|SET FIJO|FIJO|200106355|0|0|1.0|SET FIJO|FIJO|200098266|1|0|1.0|SET FIJO|FIJO|200106355|0|0|1.0|SET FIJO|FIJO|200089619|0|0|1.0|SET FIJO|FIJO|200098266|1|0|1.0|SET FIJO|FIJO|200109286|0|0|1.0|SET FIJO|FIJO|200106358|0|0|1.0|SET FIJO|FIJO|200106358|0|0|1.0|SET FIJO|FIJO|200106358|0|0|1.0|SET FIJO|FIJO|200106358|0|0|1.0|SET FIJO|FIJO|200106358|0|0|1.0|SET FIJO|FIJO|200106358|0|0|1.0|SET FIJO|FIJO|200106358|0|0|1.0|SET FIJO|FIJO|200106358|0|0|1.0|SET FIJO|FIJO|200106355|0|0|1.0|SET FIJO|FIJO|200098266|1|0|1.0|SET FIJO|FIJO|200098266|1|0|1.0|SET FIJO|FIJO|200098266|1|0|1.0|SET FIJO|FIJO|200109286|0|0|1.0|SET FIJO|FIJO|200106355|0|0|1.0|SET FIJO|FIJO|200098266|1|0|1.0|SET FIJO|FIJO|200089619|0|0|1.0|SET FIJO|FIJO|200098266|1|0|1.0|SET FIJO|FIJO|200109286|0|0|1.0|SET FIJO|FIJO|200106355|0|0|1.0|SET FIJO|FIJO|200089619|0|0|1.0
1385,SET FIJO|FIJO|200109794|0|0|1.0|SET FIJO|FIJO|200091331|0|0|1.0|SET FIJO|FIJO|200109794|0|0|1.0|SET FIJO|FIJO|200109794|0|0|1.0|SET FIJO|FIJO|200091235|0|0|1.0|SET FIJO|FIJO|200091235|0|0|1.0|SET FIJO|FIJO|200098266|1|0|1.0|SET FIJO|FIJO|200095865|0|0|1.0|SET FIJO|FIJO|200099339|0|0|1.0|SET FIJO|FIJO|200105074|0|0|1.0|SET FIJO|FIJO|200091331|0|0|1.0|SET FIJO|FIJO|200109794|0|0|1.0|SET FIJO|FIJO|200109794|0|0|1.0|SET FIJO|FIJO|200109794|0|0|1.0|SET FIJO|FIJO|200091235|0|0|1.0|SET FIJO|FIJO|200105074|0|0|1.0|SET FIJO|FIJO|200106355|0|0|1.0|SET FIJO|FIJO|200105074|0|0|1.0|SET FIJO|FIJO|200106355|0|0|1.0|SET FIJO|FIJO|200109794|0|0|1.0|SET FIJO|FIJO|200098266|1|0|1.0|SET FIJO|FIJO|200098266|1|0|1.0|SET FIJO|FIJO|200091235|0|0|1.0|SET FIJO|FIJO|200095865|0|0|1.0|SET FIJO|FIJO|200095865|0|0|1.0|SET FIJO|FIJO|200091331|0|0|1.0|SET FIJO|FIJO|200105074|0|0|1.0|SET FIJO|FIJO|200106355|0|0|1.0|SET FIJO|FIJO|200091235|0|0|1.0|SET FIJO|FIJO|200099339|0|0|1.0|SET FIJO|FIJO|200109794|0|0|1.0|SET FIJO|FIJO|200091331|0|0|1.0|SET FIJO|FIJO|200098266|1|0|1.0|SET FIJO|FIJO|200091331|0|0|1.0|SET FIJO|FIJO|200095865|0|0|1.0|SET FIJO|FIJO|200099339|0|0|1.0|SET FIJO|FIJO|200099339|0|0|1.0|SET FIJO|FIJO|200099339|0|0|1.0|SET FIJO|FIJO|200091235|0|0|1.0|SET FIJO|FIJO|200091235|0|0|1.0|SET FIJO|FIJO|200091235|0|0|1.0|SET FIJO|FIJO|200106355|0|0|1.0|SET FIJO|FIJO|200091235|0|0|1.0|SET FIJO|FIJO|200095865|0|0|1.0|SET FIJO|FIJO|200091235|0|0|1.0|SET FIJO|FIJO|200095865|0|0|1.0|SET FIJO|FIJO|200105074|0|0|1.0|SET FIJO|FIJO|200106355|0|0|1.0|SET FIJO|FIJO|200109794|0|0|1.0|SET FIJO|FIJO|200105074|0|0|1.0|SET FIJO|FIJO|200106355|0|0|1.0|SET FIJO|FIJO|200099339|0|0|1.0|SET FIJO|FIJO|200099339|0|0|1.0|SET FIJO|FIJO|200099339|0|0|1.0|SET FIJO|FIJO|200105074|0|0|1.0|SET FIJO|FIJO|200106355|0|0|1.0|SET FIJO|FIJO|200095865|0|0|1.0|SET FIJO|FIJO|200105074|0|0|1.0|SET FIJO|FIJO|200106355|0|0|1.0|SET FIJO|FIJO|200105074|0|0|1.0|SET FIJO|FIJO|200106355|0|0|1.0|SET FIJO|FIJO|200091331|0|0|1.0|SET FIJO|FIJO|200091331|0|0|1.0|SET FIJO|FIJO|200109794|0|0|1.0|SET FIJO|FIJO|200099339|0|0|1.0|SET FIJO|FIJO|200099339|0|0|1.0|SET FIJO|FIJO|200095865|0|0|1.0|SET FIJO|FIJO|200098266|1|0|1.0|SET FIJO|FIJO|200105074|0|0|1.0|SET FIJO|FIJO|200106355|0|0|1.0|SET FIJO|FIJO|200099339|0|0|1.0|SET FIJO|FIJO|200091235|0|0|1.0|SET FIJO|FIJO|200095865|0|0|1.0|SET FIJO|FIJO|200098266|1|0|1.0|SET FIJO|FIJO|200091331|0|0|1.0|SET FIJO|FIJO|200105074|0|0|1.0|SET FIJO|FIJO|200106355|0|0|1.0|SET FIJO|FIJO|200095865|0|0|1.0|SET FIJO|FIJO|200098266|1|0|1.0|SET FIJO|FIJO|200098266|1|0|1.0|SET FIJO|FIJO|200091331|0|0|1.0|SET FIJO|FIJO|200098266|1|0|1.0|SET FIJO|FIJO|200095865|0|0|1.0|SET FIJO|FIJO|200105074|0|0|1.0|SET FIJO|FIJO|200106355|0|0|1.0|SET FIJO|FIJO|200109794|0|0|1.0|SET FIJO|FIJO|200098266|1|0|1.0|SET FIJO|FIJO|200099339|0|0|1.0|SET FIJO|FIJO|200099339|0|0|1.0|SET FIJO|FIJO|200091235|0|0|1.0|SET FIJO|FIJO|200098266|1|0|1.0|SET FIJO|FIJO|200091331|0|0|1.0|SET FIJO|FIJO|200095865|0|0|1.0|SET FIJO|FIJO|200105074|0|0|1.0|SET FIJO|FIJO|200106355|0|0|1.0|SET FIJO|FIJO|200091235|0|0|1.0|SET FIJO|FIJO|200091331|0|0|1.0|SET FIJO|FIJO|200095865|0|0|1.0|SET FIJO|FIJO|200095865|0|0|1.0|SET FIJO|FIJO|200099339|0|0|1.0|SET FIJO|FIJO|200109794|0|0|1.0
1386,SET FIJO|FIJO|200109794|0|0|1.0|SET FIJO|FIJO|200091331|0|0|1.0|SET FIJO|FIJO|200109794|0|0|1.0|SET FIJO|FIJO|200109794|0|0|1.0|SET FIJO|FIJO|200091235|0|0|1.0|SET FIJO|FIJO|200091235|0|0|1.0|SET FIJO|FIJO|200098266|1|0|1.0|SET FIJO|FIJO|200095865|0|0|1.0|SET FIJO|FIJO|200099339|0|0|1.0|SET FIJO|FIJO|200105074|0|0|1.0|SET FIJO|FIJO|200091331|0|0|1.0|SET FIJO|FIJO|200109794|0|0|1.0|SET FIJO|FIJO|200109794|0|0|1.0|SET FIJO|FIJO|200109794|0|0|1.0|SET FIJO|FIJO|200091235|0|0|1.0|SET FIJO|FIJO|200105074|0|0|1.0|SET FIJO|FIJO|200106355|0|0|1.0|SET FIJO|FIJO|200105074|0|0|1.0|SET FIJO|FIJO|200106355|0|0|1.0|SET FIJO|FIJO|200109794|0|0|1.0|SET FIJO|FIJO|200098266|1|0|1.0|SET FIJO|FIJO|200098266|1|0|1.0|SET FIJO|FIJO|200091235|0|0|1.0|SET FIJO|FIJO|200095865|0|0|1.0|SET FIJO|FIJO|200095865|0|0|1.0|SET FIJO|FIJO|200091331|0|0|1.0|SET FIJO|FIJO|200105074|0|0|1.0|SET FIJO|FIJO|200106355|0|0|1.0|SET FIJO|FIJO|200091235|0|0|1.0|SET FIJO|FIJO|200099339|0|0|1.0|SET FIJO|FIJO|200109794|0|0|1.0|SET FIJO|FIJO|200091331|0|0|1.0|SET FIJO|FIJO|200098266|1|0|1.0|SET FIJO|FIJO|200091331|0|0|1.0|SET FIJO|FIJO|200095865|0|0|1.0|SET FIJO|FIJO|200099339|0|0|1.0|SET FIJO|FIJO|200099339|0|0|1.0|SET FIJO|FIJO|200099339|0|0|1.0|SET FIJO|FIJO|200091235|0|0|1.0|SET FIJO|FIJO|200091235|0|0|1.0|SET FIJO|FIJO|200091235|0|0|1.0|SET FIJO|FIJO|200106355|0|0|1.0|SET FIJO|FIJO|200091235|0|0|1.0|SET FIJO|FIJO|200095865|0|0|1.0|SET FIJO|FIJO|200091235|0|0|1.0|SET FIJO|FIJO|200095865|0|0|1.0|SET FIJO|FIJO|200105074|0|0|1.0|SET FIJO|FIJO|200106355|0|0|1.0|SET FIJO|FIJO|200109794|0|0|1.0|SET FIJO|FIJO|200105074|0|0|1.0|SET FIJO|FIJO|200106355|0|0|1.0|SET FIJO|FIJO|200099339|0|0|1.0|SET FIJO|FIJO|200099339|0|0|1.0|SET FIJO|FIJO|200099339|0|0|1.0|SET FIJO|FIJO|200105074|0|0|1.0|SET FIJO|FIJO|200106355|0|0|1.0|SET FIJO|FIJO|200095865|0|0|1.0|SET FIJO|FIJO|200105074|0|0|1.0|SET FIJO|FIJO|200106355|0|0|1.0|SET FIJO|FIJO|200105074|0|0|1.0|SET FIJO|FIJO|200106355|0|0|1.0|SET FIJO|FIJO|200091331|0|0|1.0|SET FIJO|FIJO|200091331|0|0|1.0|SET FIJO|FIJO|200109794|0|0|1.0|SET FIJO|FIJO|200099339|0|0|1.0|SET FIJO|FIJO|200099339|0|0|1.0|SET FIJO|FIJO|200095865|0|0|1.0|SET FIJO|FIJO|200098266|1|0|1.0|SET FIJO|FIJO|200105074|0|0|1.0|SET FIJO|FIJO|200106355|0|0|1.0|SET FIJO|FIJO|200099339|0|0|1.0|SET FIJO|FIJO|200091235|0|0|1.0|SET FIJO|FIJO|200095865|0|0|1.0|SET FIJO|FIJO|200098266|1|0|1.0|SET FIJO|FIJO|200091331|0|0|1.0|SET FIJO|FIJO|200105074|0|0|1.0|SET FIJO|FIJO|200106355|0|0|1.0|SET FIJO|FIJO|200095865|0|0|1.0|SET FIJO|FIJO|200098266|1|0|1.0|SET FIJO|FIJO|200098266|1|0|1.0|SET FIJO|FIJO|200091331|0|0|1.0|SET FIJO|FIJO|200098266|1|0|1.0|SET FIJO|FIJO|200095865|0|0|1.0|SET FIJO|FIJO|200105074|0|0|1.0|SET FIJO|FIJO|200106355|0|0|1.0|SET FIJO|FIJO|200109794|0|0|1.0|SET FIJO|FIJO|200098266|1|0|1.0|SET FIJO|FIJO|200099339|0|0|1.0|SET FIJO|FIJO|200099339|0|0|1.0|SET FIJO|FIJO|200091235|0|0|1.0|SET FIJO|FIJO|200098266|1|0|1.0|SET FIJO|FIJO|200091331|0|0|1.0|SET FIJO|FIJO|200095865|0|0|1.0|SET FIJO|FIJO|200105074|0|0|1.0|SET FIJO|FIJO|200106355|0|0|1.0|SET FIJO|FIJO|200091235|0|0|1.0|SET FIJO|FIJO|200091331|0|0|1.0|SET FIJO|FIJO|200095865|0|0|1.0|SET FIJO|FIJO|200095865|0|0|1.0|SET FIJO|FIJO|200099339|0|0|1.0|SET FIJO|FIJO|200109794|0|0|1.0
1387,SET FIJO|FIJO|200109794|0|0|1.0|SET FIJO|FIJO|200091331|0|0|1.0|SET FIJO|FIJO|200109794|0|0|1.0|SET FIJO|FIJO|200109794|0|0|1.0|SET FIJO|FIJO|200091235|0|0|1.0|SET FIJO|FIJO|200091235|0|0|1.0|SET FIJO|FIJO|200098266|1|0|1.0|SET FIJO|FIJO|200095865|0|0|1.0|SET FIJO|FIJO|200099339|0|0|1.0|SET FIJO|FIJO|200105074|0|0|1.0|SET FIJO|FIJO|200091331|0|0|1.0|SET FIJO|FIJO|200109794|0|0|1.0|SET FIJO|FIJO|200109794|0|0|1.0|SET FIJO|FIJO|200109794|0|0|1.0|SET FIJO|FIJO|200091235|0|0|1.0|SET FIJO|FIJO|200105074|0|0|1.0|SET FIJO|FIJO|200106355|0|0|1.0|SET FIJO|FIJO|200105074|0|0|1.0|SET FIJO|FIJO|200106355|0|0|1.0|SET FIJO|FIJO|200109794|0|0|1.0|SET FIJO|FIJO|200098266|1|0|1.0|SET FIJO|FIJO|200098266|1|0|1.0|SET FIJO|FIJO|200091235|0|0|1.0|SET FIJO|FIJO|200095865|0|0|1.0|SET FIJO|FIJO|200095865|0|0|1.0|SET FIJO|FIJO|200091331|0|0|1.0|SET FIJO|FIJO|200105074|0|0|1.0|SET FIJO|FIJO|200106355|0|0|1.0|SET FIJO|FIJO|200091235|0|0|1.0|SET FIJO|FIJO|200099339|0|0|1.0|SET FIJO|FIJO|200109794|0|0|1.0|SET FIJO|FIJO|200091331|0|0|1.0|SET FIJO|FIJO|200098266|1|0|1.0|SET FIJO|FIJO|200091331|0|0|1.0|SET FIJO|FIJO|200095865|0|0|1.0|SET FIJO|FIJO|200099339|0|0|1.0|SET FIJO|FIJO|200099339|0|0|1.0|SET FIJO|FIJO|200099339|0|0|1.0|SET FIJO|FIJO|200091235|0|0|1.0|SET FIJO|FIJO|200091235|0|0|1.0|SET FIJO|FIJO|200091235|0|0|1.0|SET FIJO|FIJO|200106355|0|0|1.0|SET FIJO|FIJO|200091235|0|0|1.0|SET FIJO|FIJO|200095865|0|0|1.0|SET FIJO|FIJO|200091235|0|0|1.0|SET FIJO|FIJO|200095865|0|0|1.0|SET FIJO|FIJO|200105074|0|0|1.0|SET FIJO|FIJO|200106355|0|0|1.0|SET FIJO|FIJO|200109794|0|0|1.0|SET FIJO|FIJO|200105074|0|0|1.0|SET FIJO|FIJO|200106355|0|0|1.0|SET FIJO|FIJO|200099339|0|0|1.0|SET FIJO|FIJO|200099339|0|0|1.0|SET FIJO|FIJO|200099339|0|0|1.0|SET FIJO|FIJO|200105074|0|0|1.0|SET FIJO|FIJO|200106355|0|0|1.0|SET FIJO|FIJO|200095865|0|0|1.0|SET FIJO|FIJO|200105074|0|0|1.0|SET FIJO|FIJO|200106355|0|0|1.0|SET FIJO|FIJO|200105074|0|0|1.0|SET FIJO|FIJO|200106355|0|0|1.0|SET FIJO|FIJO|200091331|0|0|1.0|SET FIJO|FIJO|200091331|0|0|1.0|SET FIJO|FIJO|200109794|0|0|1.0|SET FIJO|FIJO|200099339|0|0|1.0|SET FIJO|FIJO|200099339|0|0|1.0|SET FIJO|FIJO|200095865|0|0|1.0|SET FIJO|FIJO|200098266|1|0|1.0|SET FIJO|FIJO|200105074|0|0|1.0|SET FIJO|FIJO|200106355|0|0|1.0|SET FIJO|FIJO|200099339|0|0|1.0|SET FIJO|FIJO|200091235|0|0|1.0|SET FIJO|FIJO|200095865|0|0|1.0|SET FIJO|FIJO|200098266|1|0|1.0|SET FIJO|FIJO|200091331|0|0|1.0|SET FIJO|FIJO|200105074|0|0|1.0|SET FIJO|FIJO|200106355|0|0|1.0|SET FIJO|FIJO|200095865|0|0|1.0|SET FIJO|FIJO|200098266|1|0|1.0|SET FIJO|FIJO|200098266|1|0|1.0|SET FIJO|FIJO|200091331|0|0|1.0|SET FIJO|FIJO|200098266|1|0|1.0|SET FIJO|FIJO|200095865|0|0|1.0|SET FIJO|FIJO|200105074|0|0|1.0|SET FIJO|FIJO|200106355|0|0|1.0|SET FIJO|FIJO|200109794|0|0|1.0|SET FIJO|FIJO|200098266|1|0|1.0|SET FIJO|FIJO|200099339|0|0|1.0|SET FIJO|FIJO|200099339|0|0|1.0|SET FIJO|FIJO|200091235|0|0|1.0|SET FIJO|FIJO|200098266|1|0|1.0|SET FIJO|FIJO|200091331|0|0|1.0|SET FIJO|FIJO|200095865|0|0|1.0|SET FIJO|FIJO|200105074|0|0|1.0|SET FIJO|FIJO|200106355|0|0|1.0|SET FIJO|FIJO|200091235|0|0|1.0|SET FIJO|FIJO|200091331|0|0|1.0|SET FIJO|FIJO|200095865|0|0|1.0|SET FIJO|FIJO|200095865|0|0|1.0|SET FIJO|FIJO|200099339|0|0|1.0|SET FIJO|FIJO|200109794|0|0|1.0
1388,SET FIJO|FIJO|200109794|0|0|1.0|SET FIJO|FIJO|200091331|0|0|1.0|SET FIJO|FIJO|200109794|0|0|1.0|SET FIJO|FIJO|200109794|0|0|1.0|SET FIJO|FIJO|200091235|0|0|1.0|SET FIJO|FIJO|200091235|0|0|1.0|SET FIJO|FIJO|200098266|1|0|1.0|SET FIJO|FIJO|200095865|0|0|1.0|SET FIJO|FIJO|200099339|0|0|1.0|SET FIJO|FIJO|200105074|0|0|1.0|SET FIJO|FIJO|200091331|0|0|1.0|SET FIJO|FIJO|200109794|0|0|1.0|SET FIJO|FIJO|200109794|0|0|1.0|SET FIJO|FIJO|200109794|0|0|1.0|SET FIJO|FIJO|200091235|0|0|1.0|SET FIJO|FIJO|200105074|0|0|1.0|SET FIJO|FIJO|200106355|0|0|1.0|SET FIJO|FIJO|200105074|0|0|1.0|SET FIJO|FIJO|200106355|0|0|1.0|SET FIJO|FIJO|200109794|0|0|1.0|SET FIJO|FIJO|200098266|1|0|1.0|SET FIJO|FIJO|200098266|1|0|1.0|SET FIJO|FIJO|200091235|0|0|1.0|SET FIJO|FIJO|200095865|0|0|1.0|SET FIJO|FIJO|200095865|0|0|1.0|SET FIJO|FIJO|200091331|0|0|1.0|SET FIJO|FIJO|200105074|0|0|1.0|SET FIJO|FIJO|200106355|0|0|1.0|SET FIJO|FIJO|200091235|0|0|1.0|SET FIJO|FIJO|200099339|0|0|1.0|SET FIJO|FIJO|200109794|0|0|1.0|SET FIJO|FIJO|200091331|0|0|1.0|SET FIJO|FIJO|200098266|1|0|1.0|SET FIJO|FIJO|200091331|0|0|1.0|SET FIJO|FIJO|200095865|0|0|1.0|SET FIJO|FIJO|200099339|0|0|1.0|SET FIJO|FIJO|200099339|0|0|1.0|SET FIJO|FIJO|200099339|0|0|1.0|SET FIJO|FIJO|200091235|0|0|1.0|SET FIJO|FIJO|200091235|0|0|1.0|SET FIJO|FIJO|200091235|0|0|1.0|SET FIJO|FIJO|200106355|0|0|1.0|SET FIJO|FIJO|200091235|0|0|1.0|SET FIJO|FIJO|200095865|0|0|1.0|SET FIJO|FIJO|200091235|0|0|1.0|SET FIJO|FIJO|200095865|0|0|1.0|SET FIJO|FIJO|200105074|0|0|1.0|SET FIJO|FIJO|200106355|0|0|1.0|SET FIJO|FIJO|200109794|0|0|1.0|SET FIJO|FIJO|200105074|0|0|1.0|SET FIJO|FIJO|200106355|0|0|1.0|SET FIJO|FIJO|200099339|0|0|1.0|SET FIJO|FIJO|200099339|0|0|1.0|SET FIJO|FIJO|200099339|0|0|1.0|SET FIJO|FIJO|200105074|0|0|1.0|SET FIJO|FIJO|200106355|0|0|1.0|SET FIJO|FIJO|200095865|0|0|1.0|SET FIJO|FIJO|200105074|0|0|1.0|SET FIJO|FIJO|200106355|0|0|1.0|SET FIJO|FIJO|200105074|0|0|1.0|SET FIJO|FIJO|200106355|0|0|1.0|SET FIJO|FIJO|200091331|0|0|1.0|SET FIJO|FIJO|200091331|0|0|1.0|SET FIJO|FIJO|200109794|0|0|1.0|SET FIJO|FIJO|200099339|0|0|1.0|SET FIJO|FIJO|200099339|0|0|1.0|SET FIJO|FIJO|200095865|0|0|1.0|SET FIJO|FIJO|200098266|1|0|1.0|SET FIJO|FIJO|200105074|0|0|1.0|SET FIJO|FIJO|200106355|0|0|1.0|SET FIJO|FIJO|200099339|0|0|1.0|SET FIJO|FIJO|200091235|0|0|1.0|SET FIJO|FIJO|200095865|0|0|1.0|SET FIJO|FIJO|200098266|1|0|1.0|SET FIJO|FIJO|200091331|0|0|1.0|SET FIJO|FIJO|200105074|0|0|1.0|SET FIJO|FIJO|200106355|0|0|1.0|SET FIJO|FIJO|200095865|0|0|1.0|SET FIJO|FIJO|200098266|1|0|1.0|SET FIJO|FIJO|200098266|1|0|1.0|SET FIJO|FIJO|200091331|0|0|1.0|SET FIJO|FIJO|200098266|1|0|1.0|SET FIJO|FIJO|200095865|0|0|1.0|SET FIJO|FIJO|200105074|0|0|1.0|SET FIJO|FIJO|200106355|0|0|1.0|SET FIJO|FIJO|200109794|0|0|1.0|SET FIJO|FIJO|200098266|1|0|1.0|SET FIJO|FIJO|200099339|0|0|1.0|SET FIJO|FIJO|200099339|0|0|1.0|SET FIJO|FIJO|200091235|0|0|1.0|SET FIJO|FIJO|200098266|1|0|1.0|SET FIJO|FIJO|200091331|0|0|1.0|SET FIJO|FIJO|200095865|0|0|1.0|SET FIJO|FIJO|200105074|0|0|1.0|SET FIJO|FIJO|200106355|0|0|1.0|SET FIJO|FIJO|200091235|0|0|1.0|SET FIJO|FIJO|200091331|0|0|1.0|SET FIJO|FIJO|200095865|0|0|1.0|SET FIJO|FIJO|200095865|0|0|1.0|SET FIJO|FIJO|200099339|0|0|1.0|SET FIJO|FIJO|200109794|0|0|1.0
1389,SET FIJO|FIJO|200109794|0|0|1.0|SET FIJO|FIJO|200109794|0|0|1.0|SET FIJO|FIJO|200109794|0|0|1.0|SET FIJO|FIJO|200091235|0|0|1.0|SET FIJO|FIJO|200089619|0|0|1.0|SET FIJO|FIJO|200091235|0|0|1.0|SET FIJO|FIJO|200089619|0|0|1.0|SET FIJO|FIJO|200084982|0|0|1.0|SET FIJO|FIJO|200095865|0|0|1.0|SET FIJO|FIJO|200099339|0|0|1.0|SET FIJO|FIJO|200105074|0|0|1.0|SET FIJO|FIJO|200098341|0|0|1.0|SET FIJO|FIJO|200109794|0|0|1.0|SET FIJO|FIJO|200109794|0|0|1.0|SET FIJO|FIJO|200109794|0|0|1.0|SET FIJO|FIJO|200098341|0|0|1.0|SET FIJO|FIJO|200091235|0|0|1.0|SET FIJO|FIJO|200105074|0|0|1.0|SET FIJO|FIJO|200106355|1|0|1.0|SET FIJO|FIJO|200098341|0|0|1.0|SET FIJO|FIJO|200084982|0|0|1.0|SET FIJO|FIJO|200105074|0|0|1.0|SET FIJO|FIJO|200106355|1|0|1.0|SET FIJO|FIJO|200109794|0|0|1.0|SET FIJO|FIJO|200091235|0|0|1.0|SET FIJO|FIJO|200095865|0|0|1.0|SET FIJO|FIJO|200089619|0|0|1.0|SET FIJO|FIJO|200095865|0|0|1.0|SET FIJO|FIJO|200105074|0|0|1.0|SET FIJO|FIJO|200084982|0|0|1.0|SET FIJO|FIJO|200106355|1|0|1.0|SET FIJO|FIJO|200089619|0|0|1.0|SET FIJO|FIJO|200091235|0|0|1.0|SET FIJO|FIJO|200089619|0|0|1.0|SET FIJO|FIJO|200099339|0|0|1.0|SET FIJO|FIJO|200109794|0|0|1.0|SET FIJO|FIJO|200095865|0|0|1.0|SET FIJO|FIJO|200099339|0|0|1.0|SET FIJO|FIJO|200099339|0|0|1.0|SET FIJO|FIJO|200099339|0|0|1.0|SET FIJO|FIJO|200098341|0|0|1.0|SET FIJO|FIJO|200098341|0|0|1.0|SET FIJO|FIJO|200091235|0|0|1.0|SET FIJO|FIJO|200089619|0|0|1.0|SET FIJO|FIJO|200098341|0|0|1.0|SET FIJO|FIJO|200091235|0|0|1.0|SET FIJO|FIJO|200091235|0|0|1.0|SET FIJO|FIJO|200089619|0|0|1.0|SET FIJO|FIJO|200098341|0|0|1.0|SET FIJO|FIJO|200106355|1|0|1.0|SET FIJO|FIJO|200091235|0|0|1.0|SET FIJO|FIJO|200089619|0|0|1.0|SET FIJO|FIJO|200089619|0|0|1.0|SET FIJO|FIJO|200095865|0|0|1.0|SET FIJO|FIJO|200091235|0|0|1.0|SET FIJO|FIJO|200089619|0|0|1.0|SET FIJO|FIJO|200095865|0|0|1.0|SET FIJO|FIJO|200105074|0|0|1.0|SET FIJO|FIJO|200106355|1|0|1.0|SET FIJO|FIJO|200109794|0|0|1.0|SET FIJO|FIJO|200105074|0|0|1.0|SET FIJO|FIJO|200106355|1|0|1.0|SET FIJO|FIJO|200099339|0|0|1.0|SET FIJO|FIJO|200099339|0|0|1.0|SET FIJO|FIJO|200099339|0|0|1.0|SET FIJO|FIJO|200105074|0|0|1.0|SET FIJO|FIJO|200106355|1|0|1.0|SET FIJO|FIJO|200098341|0|0|1.0|SET FIJO|FIJO|200095865|0|0|1.0|SET FIJO|FIJO|200089619|0|0|1.0|SET FIJO|FIJO|200105074|0|0|1.0|SET FIJO|FIJO|200106355|1|0|1.0|SET FIJO|FIJO|200098341|0|0|1.0|SET FIJO|FIJO|200084982|0|0|1.0|SET FIJO|FIJO|200105074|0|0|1.0|SET FIJO|FIJO|200106355|1|0|1.0|SET FIJO|FIJO|200109794|0|0|1.0|SET FIJO|FIJO|200099339|0|0|1.0|SET FIJO|FIJO|200099339|0|0|1.0|SET FIJO|FIJO|200095865|0|0|1.0|SET FIJO|FIJO|200084982|0|0|1.0|SET FIJO|FIJO|200105074|0|0|1.0|SET FIJO|FIJO|200106355|1|0|1.0|SET FIJO|FIJO|200099339|0|0|1.0|SET FIJO|FIJO|200091235|0|0|1.0|SET FIJO|FIJO|200089619|0|0|1.0|SET FIJO|FIJO|200095865|0|0|1.0|SET FIJO|FIJO|200105074|0|0|1.0|SET FIJO|FIJO|200106355|1|0|1.0|SET FIJO|FIJO|200095865|0|0|1.0|SET FIJO|FIJO|200084982|0|0|1.0|SET FIJO|FIJO|200095865|0|0|1.0|SET FIJO|FIJO|200105074|0|0|1.0|SET FIJO|FIJO|200106355|1|0|1.0|SET FIJO|FIJO|200098341|0|0|1.0|SET FIJO|FIJO|200084982|0|0|1.0|SET FIJO|FIJO|200109794|0|0|1.0|SET FIJO|FIJO|200099339|0|0|1.0|SET FIJO|FIJO|200099339|0|0|1.0|SET FIJO|FIJO|200091235|0|0|1.0|SET FIJO|FIJO|200089619|0|0|1.0|SET FIJO|FIJO|200084982|0|0|1.0|SET FIJO|FIJO|200095865|0|0|1.0|SET FIJO|FIJO|200084982|0|0|1.0|SET FIJO|FIJO|200105074|0|0|1.0|SET FIJO|FIJO|200106355|1|0|1.0|SET FIJO|FIJO|200091235|0|0|1.0|SET FIJO|FIJO|200089619|0|0|1.0|SET FIJO|FIJO|200095865|0|0|1.0|SET FIJO|FIJO|200098341|0|0|1.0|SET FIJO|FIJO|200095865|0|0|1.0|SET FIJO|FIJO|200084982|0|0|1.0|SET FIJO|FIJO|200099339|0|0|1.0|SET FIJO|FIJO|200109794|0|0|1.0
1390,SET FIJO|FIJO|200109794|0|0|1.0|SET FIJO|FIJO|200109794|0|0|1.0|SET FIJO|FIJO|200109794|0|0|1.0|SET FIJO|FIJO|200091235|0|0|1.0|SET FIJO|FIJO|200089619|0|0|1.0|SET FIJO|FIJO|200091235|0|0|1.0|SET FIJO|FIJO|200089619|0|0|1.0|SET FIJO|FIJO|200084982|0|0|1.0|SET FIJO|FIJO|200095865|0|0|1.0|SET FIJO|FIJO|200099339|0|0|1.0|SET FIJO|FIJO|200105074|0|0|1.0|SET FIJO|FIJO|200098341|0|0|1.0|SET FIJO|FIJO|200109794|0|0|1.0|SET FIJO|FIJO|200109794|0|0|1.0|SET FIJO|FIJO|200109794|0|0|1.0|SET FIJO|FIJO|200098341|0|0|1.0|SET FIJO|FIJO|200091235|0|0|1.0|SET FIJO|FIJO|200105074|0|0|1.0|SET FIJO|FIJO|200106355|1|0|1.0|SET FIJO|FIJO|200098341|0|0|1.0|SET FIJO|FIJO|200084982|0|0|1.0|SET FIJO|FIJO|200105074|0|0|1.0|SET FIJO|FIJO|200106355|1|0|1.0|SET FIJO|FIJO|200109794|0|0|1.0|SET FIJO|FIJO|200091235|0|0|1.0|SET FIJO|FIJO|200095865|0|0|1.0|SET FIJO|FIJO|200089619|0|0|1.0|SET FIJO|FIJO|200095865|0|0|1.0|SET FIJO|FIJO|200105074|0|0|1.0|SET FIJO|FIJO|200084982|0|0|1.0|SET FIJO|FIJO|200106355|1|0|1.0|SET FIJO|FIJO|200089619|0|0|1.0|SET FIJO|FIJO|200091235|0|0|1.0|SET FIJO|FIJO|200089619|0|0|1.0|SET FIJO|FIJO|200099339|0|0|1.0|SET FIJO|FIJO|200109794|0|0|1.0|SET FIJO|FIJO|200095865|0|0|1.0|SET FIJO|FIJO|200099339|0|0|1.0|SET FIJO|FIJO|200099339|0|0|1.0|SET FIJO|FIJO|200099339|0|0|1.0|SET FIJO|FIJO|200098341|0|0|1.0|SET FIJO|FIJO|200098341|0|0|1.0|SET FIJO|FIJO|200091235|0|0|1.0|SET FIJO|FIJO|200089619|0|0|1.0|SET FIJO|FIJO|200098341|0|0|1.0|SET FIJO|FIJO|200091235|0|0|1.0|SET FIJO|FIJO|200091235|0|0|1.0|SET FIJO|FIJO|200089619|0|0|1.0|SET FIJO|FIJO|200098341|0|0|1.0|SET FIJO|FIJO|200106355|1|0|1.0|SET FIJO|FIJO|200091235|0|0|1.0|SET FIJO|FIJO|200089619|0|0|1.0|SET FIJO|FIJO|200089619|0|0|1.0|SET FIJO|FIJO|200095865|0|0|1.0|SET FIJO|FIJO|200091235|0|0|1.0|SET FIJO|FIJO|200089619|0|0|1.0|SET FIJO|FIJO|200095865|0|0|1.0|SET FIJO|FIJO|200105074|0|0|1.0|SET FIJO|FIJO|200106355|1|0|1.0|SET FIJO|FIJO|200109794|0|0|1.0|SET FIJO|FIJO|200105074|0|0|1.0|SET FIJO|FIJO|200106355|1|0|1.0|SET FIJO|FIJO|200099339|0|0|1.0|SET FIJO|FIJO|200099339|0|0|1.0|SET FIJO|FIJO|200099339|0|0|1.0|SET FIJO|FIJO|200105074|0|0|1.0|SET FIJO|FIJO|200106355|1|0|1.0|SET FIJO|FIJO|200098341|0|0|1.0|SET FIJO|FIJO|200095865|0|0|1.0|SET FIJO|FIJO|200089619|0|0|1.0|SET FIJO|FIJO|200105074|0|0|1.0|SET FIJO|FIJO|200106355|1|0|1.0|SET FIJO|FIJO|200098341|0|0|1.0|SET FIJO|FIJO|200084982|0|0|1.0|SET FIJO|FIJO|200105074|0|0|1.0|SET FIJO|FIJO|200106355|1|0|1.0|SET FIJO|FIJO|200109794|0|0|1.0|SET FIJO|FIJO|200099339|0|0|1.0|SET FIJO|FIJO|200099339|0|0|1.0|SET FIJO|FIJO|200095865|0|0|1.0|SET FIJO|FIJO|200084982|0|0|1.0|SET FIJO|FIJO|200105074|0|0|1.0|SET FIJO|FIJO|200106355|1|0|1.0|SET FIJO|FIJO|200099339|0|0|1.0|SET FIJO|FIJO|200091235|0|0|1.0|SET FIJO|FIJO|200089619|0|0|1.0|SET FIJO|FIJO|200095865|0|0|1.0|SET FIJO|FIJO|200105074|0|0|1.0|SET FIJO|FIJO|200106355|1|0|1.0|SET FIJO|FIJO|200095865|0|0|1.0|SET FIJO|FIJO|200084982|0|0|1.0|SET FIJO|FIJO|200095865|0|0|1.0|SET FIJO|FIJO|200105074|0|0|1.0|SET FIJO|FIJO|200106355|1|0|1.0|SET FIJO|FIJO|200098341|0|0|1.0|SET FIJO|FIJO|200084982|0|0|1.0|SET FIJO|FIJO|200109794|0|0|1.0|SET FIJO|FIJO|200099339|0|0|1.0|SET FIJO|FIJO|200099339|0|0|1.0|SET FIJO|FIJO|200091235|0|0|1.0|SET FIJO|FIJO|200089619|0|0|1.0|SET FIJO|FIJO|200084982|0|0|1.0|SET FIJO|FIJO|200095865|0|0|1.0|SET FIJO|FIJO|200084982|0|0|1.0|SET FIJO|FIJO|200105074|0|0|1.0|SET FIJO|FIJO|200106355|1|0|1.0|SET FIJO|FIJO|200091235|0|0|1.0|SET FIJO|FIJO|200089619|0|0|1.0|SET FIJO|FIJO|200095865|0|0|1.0|SET FIJO|FIJO|200098341|0|0|1.0|SET FIJO|FIJO|200095865|0|0|1.0|SET FIJO|FIJO|200084982|0|0|1.0|SET FIJO|FIJO|200099339|0|0|1.0|SET FIJO|FIJO|200109794|0|0|1.0
1391,SET FIJO|FIJO|200109794|0|0|1.0|SET FIJO|FIJO|200109794|0|0|1.0|SET FIJO|FIJO|200109794|0|0|1.0|SET FIJO|FIJO|200091235|0|0|1.0|SET FIJO|FIJO|200089619|0|0|1.0|SET FIJO|FIJO|200091235|0|0|1.0|SET FIJO|FIJO|200089619|0|0|1.0|SET FIJO|FIJO|200084982|0|0|1.0|SET FIJO|FIJO|200095865|0|0|1.0|SET FIJO|FIJO|200099339|0|0|1.0|SET FIJO|FIJO|200105074|0|0|1.0|SET FIJO|FIJO|200098341|0|0|1.0|SET FIJO|FIJO|200109794|0|0|1.0|SET FIJO|FIJO|200109794|0|0|1.0|SET FIJO|FIJO|200109794|0|0|1.0|SET FIJO|FIJO|200098341|0|0|1.0|SET FIJO|FIJO|200091235|0|0|1.0|SET FIJO|FIJO|200105074|0|0|1.0|SET FIJO|FIJO|200106355|1|0|1.0|SET FIJO|FIJO|200098341|0|0|1.0|SET FIJO|FIJO|200084982|0|0|1.0|SET FIJO|FIJO|200105074|0|0|1.0|SET FIJO|FIJO|200106355|1|0|1.0|SET FIJO|FIJO|200109794|0|0|1.0|SET FIJO|FIJO|200091235|0|0|1.0|SET FIJO|FIJO|200095865|0|0|1.0|SET FIJO|FIJO|200089619|0|0|1.0|SET FIJO|FIJO|200095865|0|0|1.0|SET FIJO|FIJO|200105074|0|0|1.0|SET FIJO|FIJO|200084982|0|0|1.0|SET FIJO|FIJO|200106355|1|0|1.0|SET FIJO|FIJO|200089619|0|0|1.0|SET FIJO|FIJO|200091235|0|0|1.0|SET FIJO|FIJO|200089619|0|0|1.0|SET FIJO|FIJO|200099339|0|0|1.0|SET FIJO|FIJO|200109794|0|0|1.0|SET FIJO|FIJO|200095865|0|0|1.0|SET FIJO|FIJO|200099339|0|0|1.0|SET FIJO|FIJO|200099339|0|0|1.0|SET FIJO|FIJO|200099339|0|0|1.0|SET FIJO|FIJO|200098341|0|0|1.0|SET FIJO|FIJO|200098341|0|0|1.0|SET FIJO|FIJO|200091235|0|0|1.0|SET FIJO|FIJO|200089619|0|0|1.0|SET FIJO|FIJO|200098341|0|0|1.0|SET FIJO|FIJO|200091235|0|0|1.0|SET FIJO|FIJO|200091235|0|0|1.0|SET FIJO|FIJO|200089619|0|0|1.0|SET FIJO|FIJO|200098341|0|0|1.0|SET FIJO|FIJO|200106355|1|0|1.0|SET FIJO|FIJO|200091235|0|0|1.0|SET FIJO|FIJO|200089619|0|0|1.0|SET FIJO|FIJO|200089619|0|0|1.0|SET FIJO|FIJO|200095865|0|0|1.0|SET FIJO|FIJO|200091235|0|0|1.0|SET FIJO|FIJO|200089619|0|0|1.0|SET FIJO|FIJO|200095865|0|0|1.0|SET FIJO|FIJO|200105074|0|0|1.0|SET FIJO|FIJO|200106355|1|0|1.0|SET FIJO|FIJO|200109794|0|0|1.0|SET FIJO|FIJO|200105074|0|0|1.0|SET FIJO|FIJO|200106355|1|0|1.0|SET FIJO|FIJO|200099339|0|0|1.0|SET FIJO|FIJO|200099339|0|0|1.0|SET FIJO|FIJO|200099339|0|0|1.0|SET FIJO|FIJO|200105074|0|0|1.0|SET FIJO|FIJO|200106355|1|0|1.0|SET FIJO|FIJO|200098341|0|0|1.0|SET FIJO|FIJO|200095865|0|0|1.0|SET FIJO|FIJO|200089619|0|0|1.0|SET FIJO|FIJO|200105074|0|0|1.0|SET FIJO|FIJO|200106355|1|0|1.0|SET FIJO|FIJO|200098341|0|0|1.0|SET FIJO|FIJO|200084982|0|0|1.0|SET FIJO|FIJO|200105074|0|0|1.0|SET FIJO|FIJO|200106355|1|0|1.0|SET FIJO|FIJO|200109794|0|0|1.0|SET FIJO|FIJO|200099339|0|0|1.0|SET FIJO|FIJO|200099339|0|0|1.0|SET FIJO|FIJO|200095865|0|0|1.0|SET FIJO|FIJO|200084982|0|0|1.0|SET FIJO|FIJO|200105074|0|0|1.0|SET FIJO|FIJO|200106355|1|0|1.0|SET FIJO|FIJO|200099339|0|0|1.0|SET FIJO|FIJO|200091235|0|0|1.0|SET FIJO|FIJO|200089619|0|0|1.0|SET FIJO|FIJO|200095865|0|0|1.0|SET FIJO|FIJO|200105074|0|0|1.0|SET FIJO|FIJO|200106355|1|0|1.0|SET FIJO|FIJO|200095865|0|0|1.0|SET FIJO|FIJO|200084982|0|0|1.0|SET FIJO|FIJO|200095865|0|0|1.0|SET FIJO|FIJO|200105074|0|0|1.0|SET FIJO|FIJO|200106355|1|0|1.0|SET FIJO|FIJO|200098341|0|0|1.0|SET FIJO|FIJO|200084982|0|0|1.0|SET FIJO|FIJO|200109794|0|0|1.0|SET FIJO|FIJO|200099339|0|0|1.0|SET FIJO|FIJO|200099339|0|0|1.0|SET FIJO|FIJO|200091235|0|0|1.0|SET FIJO|FIJO|200089619|0|0|1.0|SET FIJO|FIJO|200084982|0|0|1.0|SET FIJO|FIJO|200095865|0|0|1.0|SET FIJO|FIJO|200084982|0|0|1.0|SET FIJO|FIJO|200105074|0|0|1.0|SET FIJO|FIJO|200106355|1|0|1.0|SET FIJO|FIJO|200091235|0|0|1.0|SET FIJO|FIJO|200089619|0|0|1.0|SET FIJO|FIJO|200095865|0|0|1.0|SET FIJO|FIJO|200098341|0|0|1.0|SET FIJO|FIJO|200095865|0|0|1.0|SET FIJO|FIJO|200084982|0|0|1.0|SET FIJO|FIJO|200099339|0|0|1.0|SET FIJO|FIJO|200109794|0|0|1.0
1392,SET FIJO|FIJO|200109794|0|0|1.0|SET FIJO|FIJO|200109794|0|0|1.0|SET FIJO|FIJO|200109794|0|0|1.0|SET FIJO|FIJO|200091235|0|0|1.0|SET FIJO|FIJO|200089619|0|0|1.0|SET FIJO|FIJO|200091235|0|0|1.0|SET FIJO|FIJO|200089619|0|0|1.0|SET FIJO|FIJO|200084982|0|0|1.0|SET FIJO|FIJO|200095865|0|0|1.0|SET FIJO|FIJO|200099339|0|0|1.0|SET FIJO|FIJO|200105074|0|0|1.0|SET FIJO|FIJO|200098341|0|0|1.0|SET FIJO|FIJO|200109794|0|0|1.0|SET FIJO|FIJO|200109794|0|0|1.0|SET FIJO|FIJO|200109794|0|0|1.0|SET FIJO|FIJO|200098341|0|0|1.0|SET FIJO|FIJO|200091235|0|0|1.0|SET FIJO|FIJO|200105074|0|0|1.0|SET FIJO|FIJO|200106355|1|0|1.0|SET FIJO|FIJO|200098341|0|0|1.0|SET FIJO|FIJO|200084982|0|0|1.0|SET FIJO|FIJO|200105074|0|0|1.0|SET FIJO|FIJO|200106355|1|0|1.0|SET FIJO|FIJO|200109794|0|0|1.0|SET FIJO|FIJO|200091235|0|0|1.0|SET FIJO|FIJO|200095865|0|0|1.0|SET FIJO|FIJO|200089619|0|0|1.0|SET FIJO|FIJO|200095865|0|0|1.0|SET FIJO|FIJO|200105074|0|0|1.0|SET FIJO|FIJO|200084982|0|0|1.0|SET FIJO|FIJO|200106355|1|0|1.0|SET FIJO|FIJO|200089619|0|0|1.0|SET FIJO|FIJO|200091235|0|0|1.0|SET FIJO|FIJO|200089619|0|0|1.0|SET FIJO|FIJO|200099339|0|0|1.0|SET FIJO|FIJO|200109794|0|0|1.0|SET FIJO|FIJO|200095865|0|0|1.0|SET FIJO|FIJO|200099339|0|0|1.0|SET FIJO|FIJO|200099339|0|0|1.0|SET FIJO|FIJO|200099339|0|0|1.0|SET FIJO|FIJO|200098341|0|0|1.0|SET FIJO|FIJO|200098341|0|0|1.0|SET FIJO|FIJO|200091235|0|0|1.0|SET FIJO|FIJO|200089619|0|0|1.0|SET FIJO|FIJO|200098341|0|0|1.0|SET FIJO|FIJO|200091235|0|0|1.0|SET FIJO|FIJO|200091235|0|0|1.0|SET FIJO|FIJO|200089619|0|0|1.0|SET FIJO|FIJO|200098341|0|0|1.0|SET FIJO|FIJO|200106355|1|0|1.0|SET FIJO|FIJO|200091235|0|0|1.0|SET FIJO|FIJO|200089619|0|0|1.0|SET FIJO|FIJO|200089619|0|0|1.0|SET FIJO|FIJO|200095865|0|0|1.0|SET FIJO|FIJO|200091235|0|0|1.0|SET FIJO|FIJO|200089619|0|0|1.0|SET FIJO|FIJO|200095865|0|0|1.0|SET FIJO|FIJO|200105074|0|0|1.0|SET FIJO|FIJO|200106355|1|0|1.0|SET FIJO|FIJO|200109794|0|0|1.0|SET FIJO|FIJO|200105074|0|0|1.0|SET FIJO|FIJO|200106355|1|0|1.0|SET FIJO|FIJO|200099339|0|0|1.0|SET FIJO|FIJO|200099339|0|0|1.0|SET FIJO|FIJO|200099339|0|0|1.0|SET FIJO|FIJO|200105074|0|0|1.0|SET FIJO|FIJO|200106355|1|0|1.0|SET FIJO|FIJO|200098341|0|0|1.0|SET FIJO|FIJO|200095865|0|0|1.0|SET FIJO|FIJO|200089619|0|0|1.0|SET FIJO|FIJO|200105074|0|0|1.0|SET FIJO|FIJO|200106355|1|0|1.0|SET FIJO|FIJO|200098341|0|0|1.0|SET FIJO|FIJO|200084982|0|0|1.0|SET FIJO|FIJO|200105074|0|0|1.0|SET FIJO|FIJO|200106355|1|0|1.0|SET FIJO|FIJO|200109794|0|0|1.0|SET FIJO|FIJO|200099339|0|0|1.0|SET FIJO|FIJO|200099339|0|0|1.0|SET FIJO|FIJO|200095865|0|0|1.0|SET FIJO|FIJO|200084982|0|0|1.0|SET FIJO|FIJO|200105074|0|0|1.0|SET FIJO|FIJO|200106355|1|0|1.0|SET FIJO|FIJO|200099339|0|0|1.0|SET FIJO|FIJO|200091235|0|0|1.0|SET FIJO|FIJO|200089619|0|0|1.0|SET FIJO|FIJO|200095865|0|0|1.0|SET FIJO|FIJO|200105074|0|0|1.0|SET FIJO|FIJO|200106355|1|0|1.0|SET FIJO|FIJO|200095865|0|0|1.0|SET FIJO|FIJO|200084982|0|0|1.0|SET FIJO|FIJO|200095865|0|0|1.0|SET FIJO|FIJO|200105074|0|0|1.0|SET FIJO|FIJO|200106355|1|0|1.0|SET FIJO|FIJO|200098341|0|0|1.0|SET FIJO|FIJO|200084982|0|0|1.0|SET FIJO|FIJO|200109794|0|0|1.0|SET FIJO|FIJO|200099339|0|0|1.0|SET FIJO|FIJO|200099339|0|0|1.0|SET FIJO|FIJO|200091235|0|0|1.0|SET FIJO|FIJO|200089619|0|0|1.0|SET FIJO|FIJO|200084982|0|0|1.0|SET FIJO|FIJO|200095865|0|0|1.0|SET FIJO|FIJO|200084982|0|0|1.0|SET FIJO|FIJO|200105074|0|0|1.0|SET FIJO|FIJO|200106355|1|0|1.0|SET FIJO|FIJO|200091235|0|0|1.0|SET FIJO|FIJO|200089619|0|0|1.0|SET FIJO|FIJO|200095865|0|0|1.0|SET FIJO|FIJO|200098341|0|0|1.0|SET FIJO|FIJO|200095865|0|0|1.0|SET FIJO|FIJO|200084982|0|0|1.0|SET FIJO|FIJO|200099339|0|0|1.0|SET FIJO|FIJO|200109794|0|0|1.0
1393,SET FIJO|FIJO|200109794|0|0|1.0|SET FIJO|FIJO|200091331|0|0|1.0|SET FIJO|FIJO|200113689|0|0|1.0|SET FIJO|FIJO|200109794|0|0|1.0|SET FIJO|FIJO|200113689|0|0|1.0|SET FIJO|FIJO|200109794|0|0|1.0|SET FIJO|FIJO|200091235|0|0|1.0|SET FIJO|FIJO|200089619|0|0|1.0|SET FIJO|FIJO|200091235|0|0|1.0|SET FIJO|FIJO|200089619|0|0|1.0|SET FIJO|FIJO|200098266|1|0|1.0|SET FIJO|FIJO|200102432|0|0|1.0|SET FIJO|FIJO|200084982|0|0|1.0|SET FIJO|FIJO|200095865|0|0|1.0|SET FIJO|FIJO|200099339|0|0|1.0|SET FIJO|FIJO|200105074|0|0|1.0|SET FIJO|FIJO|200098341|0|0|1.0|SET FIJO|FIJO|200091331|0|0|1.0|SET FIJO|FIJO|200109286|0|0|1.0|SET FIJO|FIJO|200109794|0|0|1.0|SET FIJO|FIJO|200109794|0|0|1.0|SET FIJO|FIJO|200109286|0|0|1.0|SET FIJO|FIJO|200109794|0|0|1.0|SET FIJO|FIJO|200098341|0|0|1.0|SET FIJO|FIJO|200102432|0|0|1.0|SET FIJO|FIJO|200091235|0|0|1.0|SET FIJO|FIJO|200109286|0|0|1.0|SET FIJO|FIJO|200105074|0|0|1.0|SET FIJO|FIJO|200106355|0|0|1.0|SET FIJO|FIJO|200098341|0|0|1.0|SET FIJO|FIJO|200113689|0|0|1.0|SET FIJO|FIJO|200084982|0|0|1.0|SET FIJO|FIJO|200105074|0|0|1.0|SET FIJO|FIJO|200106355|0|0|1.0|SET FIJO|FIJO|200109794|0|0|1.0|SET FIJO|FIJO|200109286|0|0|1.0|SET FIJO|FIJO|200098266|1|0|1.0|SET FIJO|FIJO|200098266|1|0|1.0|SET FIJO|FIJO|200091235|0|0|1.0|SET FIJO|FIJO|200095865|0|0|1.0|SET FIJO|FIJO|200089619|0|0|1.0|SET FIJO|FIJO|200095865|0|0|1.0|SET FIJO|FIJO|200091331|0|0|1.0|SET FIJO|FIJO|200102432|0|0|1.0|SET FIJO|FIJO|200109286|0|0|1.0|SET FIJO|FIJO|200105074|0|0|1.0|SET FIJO|FIJO|200084982|0|0|1.0|SET FIJO|FIJO|200106355|0|0|1.0|SET FIJO|FIJO|200106358|0|0|1.0|SET FIJO|FIJO|200089619|0|0|1.0|SET FIJO|FIJO|200091235|0|0|1.0|SET FIJO|FIJO|200089619|0|0|1.0|SET FIJO|FIJO|200109286|0|0|1.0|SET FIJO|FIJO|200099339|0|0|1.0|SET FIJO|FIJO|200106358|0|0|1.0|SET FIJO|FIJO|200113689|0|0|1.0|SET FIJO|FIJO|200109794|0|0|1.0|SET FIJO|FIJO|200091331|0|0|1.0|SET FIJO|FIJO|200098266|1|0|1.0|SET FIJO|FIJO|200091331|0|0|1.0|SET FIJO|FIJO|200095865|0|0|1.0|SET FIJO|FIJO|200106358|0|0|1.0|SET FIJO|FIJO|200099339|0|0|1.0|SET FIJO|FIJO|200099339|0|0|1.0|SET FIJO|FIJO|200099339|0|0|1.0|SET FIJO|FIJO|200098341|0|0|1.0|SET FIJO|FIJO|200098341|0|0|1.0|SET FIJO|FIJO|200091235|0|0|1.0|SET FIJO|FIJO|200089619|0|0|1.0|SET FIJO|FIJO|200102432|0|0|1.0|SET FIJO|FIJO|200098341|0|0|1.0|SET FIJO|FIJO|200091235|0|0|1.0|SET FIJO|FIJO|200091235|0|0|1.0|SET FIJO|FIJO|200089619|0|0|1.0|SET FIJO|FIJO|200102432|0|0|1.0|SET FIJO|FIJO|200102432|0|0|1.0|SET FIJO|FIJO|200098341|0|0|1.0|SET FIJO|FIJO|200106355|0|0|1.0|SET FIJO|FIJO|200091235|0|0|1.0|SET FIJO|FIJO|200089619|0|0|1.0|SET FIJO|FIJO|200113689|0|0|1.0|SET FIJO|FIJO|200089619|0|0|1.0|SET FIJO|FIJO|200102432|0|0|1.0|SET FIJO|FIJO|200095865|0|0|1.0|SET FIJO|FIJO|200091235|0|0|1.0|SET FIJO|FIJO|200089619|0|0|1.0|SET FIJO|FIJO|200095865|0|0|1.0|SET FIJO|FIJO|200105074|0|0|1.0|SET FIJO|FIJO|200106355|0|0|1.0|SET FIJO|FIJO|200109794|0|0|1.0|SET FIJO|FIJO|200105074|0|0|1.0|SET FIJO|FIJO|200106355|0|0|1.0|SET FIJO|FIJO|200109286|0|0|1.0|SET FIJO|FIJO|200109286|0|0|1.0|SET FIJO|FIJO|200099339|0|0|1.0|SET FIJO|FIJO|200099339|0|0|1.0|SET FIJO|FIJO|200099339|0|0|1.0|SET FIJO|FIJO|200105074|0|0|1.0|SET FIJO|FIJO|200106355|0|0|1.0|SET FIJO|FIJO|200113689|0|0|1.0|SET FIJO|FIJO|200102432|0|0|1.0|SET FIJO|FIJO|200098341|0|0|1.0|SET FIJO|FIJO|200106358|0|0|1.0|SET FIJO|FIJO|200095865|0|0|1.0|SET FIJO|FIJO|200102432|0|0|1.0|SET FIJO|FIJO|200089619|0|0|1.0|SET FIJO|FIJO|200105074|0|0|1.0|SET FIJO|FIJO|200106355|0|0|1.0|SET FIJO|FIJO|200098341|0|0|1.0|SET FIJO|FIJO|200109286|0|0|1.0|SET FIJO|FIJO|200084982|0|0|1.0|SET FIJO|FIJO|200105074|0|0|1.0|SET FIJO|FIJO|200106355|0|0|1.0|SET FIJO|FIJO|200091331|0|0|1.0|SET FIJO|FIJO|200091331|0|0|1.0|SET FIJO|FIJO|200109794|0|0|1.0|SET FIJO|FIJO|200113689|0|0|1.0|SET FIJO|FIJO|200099339|0|0|1.0|SET FIJO|FIJO|200099339|0|0|1.0|SET FIJO|FIJO|200095865|0|0|1.0|SET FIJO|FIJO|200098266|1|0|1.0|SET FIJO|FIJO|200084982|0|0|1.0|SET FIJO|FIJO|200102432|0|0|1.0|SET FIJO|FIJO|200105074|0|0|1.0|SET FIJO|FIJO|200106355|0|0|1.0|SET FIJO|FIJO|200099339|0|0|1.0|SET FIJO|FIJO|200113689|0|0|1.0|SET FIJO|FIJO|200091235|0|0|1.0|SET FIJO|FIJO|200089619|0|0|1.0|SET FIJO|FIJO|200095865|0|0|1.0|SET FIJO|FIJO|200098266|1|0|1.0|SET FIJO|FIJO|200091331|0|0|1.0|SET FIJO|FIJO|200109286|0|0|1.0|SET FIJO|FIJO|200106358|0|0|1.0|SET FIJO|FIJO|200106358|0|0|1.0|SET FIJO|FIJO|200106358|0|0|1.0|SET FIJO|FIJO|200106358|0|0|1.0|SET FIJO|FIJO|200106358|0|0|1.0|SET FIJO|FIJO|200106358|0|0|1.0|SET FIJO|FIJO|200106358|0|0|1.0|SET FIJO|FIJO|200106358|0|0|1.0|SET FIJO|FIJO|200105074|0|0|1.0|SET FIJO|FIJO|200106355|0|0|1.0|SET FIJO|FIJO|200095865|0|0|1.0|SET FIJO|FIJO|200098266|1|0|1.0|SET FIJO|FIJO|200098266|1|0|1.0|SET FIJO|FIJO|200091331|0|0|1.0|SET FIJO|FIJO|200098266|1|0|1.0|SET FIJO|FIJO|200084982|0|0|1.0|SET FIJO|FIJO|200095865|0|0|1.0|SET FIJO|FIJO|200109286|0|0|1.0|SET FIJO|FIJO|200105074|0|0|1.0|SET FIJO|FIJO|200106355|0|0|1.0|SET FIJO|FIJO|200098341|0|0|1.0|SET FIJO|FIJO|200113689|0|0|1.0|SET FIJO|FIJO|200084982|0|0|1.0|SET FIJO|FIJO|200109794|0|0|1.0|SET FIJO|FIJO|200098266|1|0|1.0|SET FIJO|FIJO|200099339|0|0|1.0|SET FIJO|FIJO|200099339|0|0|1.0|SET FIJO|FIJO|200113689|0|0|1.0|SET FIJO|FIJO|200113689|0|0|1.0|SET FIJO|FIJO|200091235|0|0|1.0|SET FIJO|FIJO|200089619|0|0|1.0|SET FIJO|FIJO|200098266|1|0|1.0|SET FIJO|FIJO|200102432|0|0|1.0|SET FIJO|FIJO|200084982|0|0|1.0|SET FIJO|FIJO|200091331|0|0|1.0|SET FIJO|FIJO|200095865|0|0|1.0|SET FIJO|FIJO|200084982|0|0|1.0|SET FIJO|FIJO|200109286|0|0|1.0|SET FIJO|FIJO|200105074|0|0|1.0|SET FIJO|FIJO|200106355|0|0|1.0|SET FIJO|FIJO|200113689|0|0|1.0|SET FIJO|FIJO|200091235|0|0|1.0|SET FIJO|FIJO|200089619|0|0|1.0|SET FIJO|FIJO|200091331|0|0|1.0|SET FIJO|FIJO|200095865|0|0|1.0|SET FIJO|FIJO|200098341|0|0|1.0|SET FIJO|FIJO|200095865|0|0|1.0|SET FIJO|FIJO|200084982|0|0|1.0|SET FIJO|FIJO|200099339|0|0|1.0|SET FIJO|FIJO|200109794|0|0|1.0
1394,SET FIJO|FIJO|200109794|0|0|1.0|SET FIJO|FIJO|200091331|0|0|1.0|SET FIJO|FIJO|200113689|0|0|1.0|SET FIJO|FIJO|200109794|0|0|1.0|SET FIJO|FIJO|200113689|0|0|1.0|SET FIJO|FIJO|200109794|0|0|1.0|SET FIJO|FIJO|200091235|0|0|1.0|SET FIJO|FIJO|200089619|0|0|1.0|SET FIJO|FIJO|200091235|0|0|1.0|SET FIJO|FIJO|200089619|0|0|1.0|SET FIJO|FIJO|200098266|1|0|1.0|SET FIJO|FIJO|200102432|0|0|1.0|SET FIJO|FIJO|200084982|0|0|1.0|SET FIJO|FIJO|200095865|0|0|1.0|SET FIJO|FIJO|200099339|0|0|1.0|SET FIJO|FIJO|200105074|0|0|1.0|SET FIJO|FIJO|200098341|0|0|1.0|SET FIJO|FIJO|200091331|0|0|1.0|SET FIJO|FIJO|200109286|0|0|1.0|SET FIJO|FIJO|200109794|0|0|1.0|SET FIJO|FIJO|200109794|0|0|1.0|SET FIJO|FIJO|200109286|0|0|1.0|SET FIJO|FIJO|200109794|0|0|1.0|SET FIJO|FIJO|200098341|0|0|1.0|SET FIJO|FIJO|200102432|0|0|1.0|SET FIJO|FIJO|200091235|0|0|1.0|SET FIJO|FIJO|200109286|0|0|1.0|SET FIJO|FIJO|200105074|0|0|1.0|SET FIJO|FIJO|200106355|0|0|1.0|SET FIJO|FIJO|200098341|0|0|1.0|SET FIJO|FIJO|200113689|0|0|1.0|SET FIJO|FIJO|200084982|0|0|1.0|SET FIJO|FIJO|200105074|0|0|1.0|SET FIJO|FIJO|200106355|0|0|1.0|SET FIJO|FIJO|200109794|0|0|1.0|SET FIJO|FIJO|200109286|0|0|1.0|SET FIJO|FIJO|200098266|1|0|1.0|SET FIJO|FIJO|200098266|1|0|1.0|SET FIJO|FIJO|200091235|0|0|1.0|SET FIJO|FIJO|200095865|0|0|1.0|SET FIJO|FIJO|200089619|0|0|1.0|SET FIJO|FIJO|200095865|0|0|1.0|SET FIJO|FIJO|200091331|0|0|1.0|SET FIJO|FIJO|200102432|0|0|1.0|SET FIJO|FIJO|200109286|0|0|1.0|SET FIJO|FIJO|200105074|0|0|1.0|SET FIJO|FIJO|200084982|0|0|1.0|SET FIJO|FIJO|200106355|0|0|1.0|SET FIJO|FIJO|200106358|0|0|1.0|SET FIJO|FIJO|200089619|0|0|1.0|SET FIJO|FIJO|200091235|0|0|1.0|SET FIJO|FIJO|200089619|0|0|1.0|SET FIJO|FIJO|200109286|0|0|1.0|SET FIJO|FIJO|200099339|0|0|1.0|SET FIJO|FIJO|200106358|0|0|1.0|SET FIJO|FIJO|200113689|0|0|1.0|SET FIJO|FIJO|200109794|0|0|1.0|SET FIJO|FIJO|200091331|0|0|1.0|SET FIJO|FIJO|200098266|1|0|1.0|SET FIJO|FIJO|200091331|0|0|1.0|SET FIJO|FIJO|200095865|0|0|1.0|SET FIJO|FIJO|200106358|0|0|1.0|SET FIJO|FIJO|200099339|0|0|1.0|SET FIJO|FIJO|200099339|0|0|1.0|SET FIJO|FIJO|200099339|0|0|1.0|SET FIJO|FIJO|200098341|0|0|1.0|SET FIJO|FIJO|200098341|0|0|1.0|SET FIJO|FIJO|200091235|0|0|1.0|SET FIJO|FIJO|200089619|0|0|1.0|SET FIJO|FIJO|200102432|0|0|1.0|SET FIJO|FIJO|200098341|0|0|1.0|SET FIJO|FIJO|200091235|0|0|1.0|SET FIJO|FIJO|200091235|0|0|1.0|SET FIJO|FIJO|200089619|0|0|1.0|SET FIJO|FIJO|200102432|0|0|1.0|SET FIJO|FIJO|200102432|0|0|1.0|SET FIJO|FIJO|200098341|0|0|1.0|SET FIJO|FIJO|200106355|0|0|1.0|SET FIJO|FIJO|200091235|0|0|1.0|SET FIJO|FIJO|200089619|0|0|1.0|SET FIJO|FIJO|200113689|0|0|1.0|SET FIJO|FIJO|200089619|0|0|1.0|SET FIJO|FIJO|200102432|0|0|1.0|SET FIJO|FIJO|200095865|0|0|1.0|SET FIJO|FIJO|200091235|0|0|1.0|SET FIJO|FIJO|200089619|0|0|1.0|SET FIJO|FIJO|200095865|0|0|1.0|SET FIJO|FIJO|200105074|0|0|1.0|SET FIJO|FIJO|200106355|0|0|1.0|SET FIJO|FIJO|200109794|0|0|1.0|SET FIJO|FIJO|200105074|0|0|1.0|SET FIJO|FIJO|200106355|0|0|1.0|SET FIJO|FIJO|200109286|0|0|1.0|SET FIJO|FIJO|200109286|0|0|1.0|SET FIJO|FIJO|200099339|0|0|1.0|SET FIJO|FIJO|200099339|0|0|1.0|SET FIJO|FIJO|200099339|0|0|1.0|SET FIJO|FIJO|200105074|0|0|1.0|SET FIJO|FIJO|200106355|0|0|1.0|SET FIJO|FIJO|200113689|0|0|1.0|SET FIJO|FIJO|200102432|0|0|1.0|SET FIJO|FIJO|200098341|0|0|1.0|SET FIJO|FIJO|200106358|0|0|1.0|SET FIJO|FIJO|200095865|0|0|1.0|SET FIJO|FIJO|200102432|0|0|1.0|SET FIJO|FIJO|200089619|0|0|1.0|SET FIJO|FIJO|200105074|0|0|1.0|SET FIJO|FIJO|200106355|0|0|1.0|SET FIJO|FIJO|200098341|0|0|1.0|SET FIJO|FIJO|200109286|0|0|1.0|SET FIJO|FIJO|200084982|0|0|1.0|SET FIJO|FIJO|200105074|0|0|1.0|SET FIJO|FIJO|200106355|0|0|1.0|SET FIJO|FIJO|200091331|0|0|1.0|SET FIJO|FIJO|200091331|0|0|1.0|SET FIJO|FIJO|200109794|0|0|1.0|SET FIJO|FIJO|200113689|0|0|1.0|SET FIJO|FIJO|200099339|0|0|1.0|SET FIJO|FIJO|200099339|0|0|1.0|SET FIJO|FIJO|200095865|0|0|1.0|SET FIJO|FIJO|200098266|1|0|1.0|SET FIJO|FIJO|200084982|0|0|1.0|SET FIJO|FIJO|200102432|0|0|1.0|SET FIJO|FIJO|200105074|0|0|1.0|SET FIJO|FIJO|200106355|0|0|1.0|SET FIJO|FIJO|200099339|0|0|1.0|SET FIJO|FIJO|200113689|0|0|1.0|SET FIJO|FIJO|200091235|0|0|1.0|SET FIJO|FIJO|200089619|0|0|1.0|SET FIJO|FIJO|200095865|0|0|1.0|SET FIJO|FIJO|200098266|1|0|1.0|SET FIJO|FIJO|200091331|0|0|1.0|SET FIJO|FIJO|200109286|0|0|1.0|SET FIJO|FIJO|200106358|0|0|1.0|SET FIJO|FIJO|200106358|0|0|1.0|SET FIJO|FIJO|200106358|0|0|1.0|SET FIJO|FIJO|200106358|0|0|1.0|SET FIJO|FIJO|200106358|0|0|1.0|SET FIJO|FIJO|200106358|0|0|1.0|SET FIJO|FIJO|200106358|0|0|1.0|SET FIJO|FIJO|200106358|0|0|1.0|SET FIJO|FIJO|200105074|0|0|1.0|SET FIJO|FIJO|200106355|0|0|1.0|SET FIJO|FIJO|200095865|0|0|1.0|SET FIJO|FIJO|200098266|1|0|1.0|SET FIJO|FIJO|200098266|1|0|1.0|SET FIJO|FIJO|200091331|0|0|1.0|SET FIJO|FIJO|200098266|1|0|1.0|SET FIJO|FIJO|200084982|0|0|1.0|SET FIJO|FIJO|200095865|0|0|1.0|SET FIJO|FIJO|200109286|0|0|1.0|SET FIJO|FIJO|200105074|0|0|1.0|SET FIJO|FIJO|200106355|0|0|1.0|SET FIJO|FIJO|200098341|0|0|1.0|SET FIJO|FIJO|200113689|0|0|1.0|SET FIJO|FIJO|200084982|0|0|1.0|SET FIJO|FIJO|200109794|0|0|1.0|SET FIJO|FIJO|200098266|1|0|1.0|SET FIJO|FIJO|200099339|0|0|1.0|SET FIJO|FIJO|200099339|0|0|1.0|SET FIJO|FIJO|200113689|0|0|1.0|SET FIJO|FIJO|200113689|0|0|1.0|SET FIJO|FIJO|200091235|0|0|1.0|SET FIJO|FIJO|200089619|0|0|1.0|SET FIJO|FIJO|200098266|1|0|1.0|SET FIJO|FIJO|200102432|0|0|1.0|SET FIJO|FIJO|200084982|0|0|1.0|SET FIJO|FIJO|200091331|0|0|1.0|SET FIJO|FIJO|200095865|0|0|1.0|SET FIJO|FIJO|200084982|0|0|1.0|SET FIJO|FIJO|200109286|0|0|1.0|SET FIJO|FIJO|200105074|0|0|1.0|SET FIJO|FIJO|200106355|0|0|1.0|SET FIJO|FIJO|200113689|0|0|1.0|SET FIJO|FIJO|200091235|0|0|1.0|SET FIJO|FIJO|200089619|0|0|1.0|SET FIJO|FIJO|200091331|0|0|1.0|SET FIJO|FIJO|200095865|0|0|1.0|SET FIJO|FIJO|200098341|0|0|1.0|SET FIJO|FIJO|200095865|0|0|1.0|SET FIJO|FIJO|200084982|0|0|1.0|SET FIJO|FIJO|200099339|0|0|1.0|SET FIJO|FIJO|200109794|0|0|1.0
1395,SET FIJO|FIJO|200109794|0|0|1.0|SET FIJO|FIJO|200091331|0|0|1.0|SET FIJO|FIJO|200113689|0|0|1.0|SET FIJO|FIJO|200109794|0|0|1.0|SET FIJO|FIJO|200113689|0|0|1.0|SET FIJO|FIJO|200109794|0|0|1.0|SET FIJO|FIJO|200091235|0|0|1.0|SET FIJO|FIJO|200089619|0|0|1.0|SET FIJO|FIJO|200091235|0|0|1.0|SET FIJO|FIJO|200089619|0|0|1.0|SET FIJO|FIJO|200098266|1|0|1.0|SET FIJO|FIJO|200102432|0|0|1.0|SET FIJO|FIJO|200084982|0|0|1.0|SET FIJO|FIJO|200095865|0|0|1.0|SET FIJO|FIJO|200099339|0|0|1.0|SET FIJO|FIJO|200105074|0|0|1.0|SET FIJO|FIJO|200098341|0|0|1.0|SET FIJO|FIJO|200091331|0|0|1.0|SET FIJO|FIJO|200109286|0|0|1.0|SET FIJO|FIJO|200109794|0|0|1.0|SET FIJO|FIJO|200109794|0|0|1.0|SET FIJO|FIJO|200109286|0|0|1.0|SET FIJO|FIJO|200109794|0|0|1.0|SET FIJO|FIJO|200098341|0|0|1.0|SET FIJO|FIJO|200102432|0|0|1.0|SET FIJO|FIJO|200091235|0|0|1.0|SET FIJO|FIJO|200109286|0|0|1.0|SET FIJO|FIJO|200105074|0|0|1.0|SET FIJO|FIJO|200106355|0|0|1.0|SET FIJO|FIJO|200098341|0|0|1.0|SET FIJO|FIJO|200113689|0|0|1.0|SET FIJO|FIJO|200084982|0|0|1.0|SET FIJO|FIJO|200105074|0|0|1.0|SET FIJO|FIJO|200106355|0|0|1.0|SET FIJO|FIJO|200109794|0|0|1.0|SET FIJO|FIJO|200109286|0|0|1.0|SET FIJO|FIJO|200098266|1|0|1.0|SET FIJO|FIJO|200098266|1|0|1.0|SET FIJO|FIJO|200091235|0|0|1.0|SET FIJO|FIJO|200095865|0|0|1.0|SET FIJO|FIJO|200089619|0|0|1.0|SET FIJO|FIJO|200095865|0|0|1.0|SET FIJO|FIJO|200091331|0|0|1.0|SET FIJO|FIJO|200102432|0|0|1.0|SET FIJO|FIJO|200109286|0|0|1.0|SET FIJO|FIJO|200105074|0|0|1.0|SET FIJO|FIJO|200084982|0|0|1.0|SET FIJO|FIJO|200106355|0|0|1.0|SET FIJO|FIJO|200106358|0|0|1.0|SET FIJO|FIJO|200089619|0|0|1.0|SET FIJO|FIJO|200091235|0|0|1.0|SET FIJO|FIJO|200089619|0|0|1.0|SET FIJO|FIJO|200109286|0|0|1.0|SET FIJO|FIJO|200099339|0|0|1.0|SET FIJO|FIJO|200106358|0|0|1.0|SET FIJO|FIJO|200113689|0|0|1.0|SET FIJO|FIJO|200109794|0|0|1.0|SET FIJO|FIJO|200091331|0|0|1.0|SET FIJO|FIJO|200098266|1|0|1.0|SET FIJO|FIJO|200091331|0|0|1.0|SET FIJO|FIJO|200095865|0|0|1.0|SET FIJO|FIJO|200106358|0|0|1.0|SET FIJO|FIJO|200099339|0|0|1.0|SET FIJO|FIJO|200099339|0|0|1.0|SET FIJO|FIJO|200099339|0|0|1.0|SET FIJO|FIJO|200098341|0|0|1.0|SET FIJO|FIJO|200098341|0|0|1.0|SET FIJO|FIJO|200091235|0|0|1.0|SET FIJO|FIJO|200089619|0|0|1.0|SET FIJO|FIJO|200102432|0|0|1.0|SET FIJO|FIJO|200098341|0|0|1.0|SET FIJO|FIJO|200091235|0|0|1.0|SET FIJO|FIJO|200091235|0|0|1.0|SET FIJO|FIJO|200089619|0|0|1.0|SET FIJO|FIJO|200102432|0|0|1.0|SET FIJO|FIJO|200102432|0|0|1.0|SET FIJO|FIJO|200098341|0|0|1.0|SET FIJO|FIJO|200106355|0|0|1.0|SET FIJO|FIJO|200091235|0|0|1.0|SET FIJO|FIJO|200089619|0|0|1.0|SET FIJO|FIJO|200113689|0|0|1.0|SET FIJO|FIJO|200089619|0|0|1.0|SET FIJO|FIJO|200102432|0|0|1.0|SET FIJO|FIJO|200095865|0|0|1.0|SET FIJO|FIJO|200091235|0|0|1.0|SET FIJO|FIJO|200089619|0|0|1.0|SET FIJO|FIJO|200095865|0|0|1.0|SET FIJO|FIJO|200105074|0|0|1.0|SET FIJO|FIJO|200106355|0|0|1.0|SET FIJO|FIJO|200109794|0|0|1.0|SET FIJO|FIJO|200105074|0|0|1.0|SET FIJO|FIJO|200106355|0|0|1.0|SET FIJO|FIJO|200109286|0|0|1.0|SET FIJO|FIJO|200109286|0|0|1.0|SET FIJO|FIJO|200099339|0|0|1.0|SET FIJO|FIJO|200099339|0|0|1.0|SET FIJO|FIJO|200099339|0|0|1.0|SET FIJO|FIJO|200105074|0|0|1.0|SET FIJO|FIJO|200106355|0|0|1.0|SET FIJO|FIJO|200113689|0|0|1.0|SET FIJO|FIJO|200102432|0|0|1.0|SET FIJO|FIJO|200098341|0|0|1.0|SET FIJO|FIJO|200106358|0|0|1.0|SET FIJO|FIJO|200095865|0|0|1.0|SET FIJO|FIJO|200102432|0|0|1.0|SET FIJO|FIJO|200089619|0|0|1.0|SET FIJO|FIJO|200105074|0|0|1.0|SET FIJO|FIJO|200106355|0|0|1.0|SET FIJO|FIJO|200098341|0|0|1.0|SET FIJO|FIJO|200109286|0|0|1.0|SET FIJO|FIJO|200084982|0|0|1.0|SET FIJO|FIJO|200105074|0|0|1.0|SET FIJO|FIJO|200106355|0|0|1.0|SET FIJO|FIJO|200091331|0|0|1.0|SET FIJO|FIJO|200091331|0|0|1.0|SET FIJO|FIJO|200109794|0|0|1.0|SET FIJO|FIJO|200113689|0|0|1.0|SET FIJO|FIJO|200099339|0|0|1.0|SET FIJO|FIJO|200099339|0|0|1.0|SET FIJO|FIJO|200095865|0|0|1.0|SET FIJO|FIJO|200098266|1|0|1.0|SET FIJO|FIJO|200084982|0|0|1.0|SET FIJO|FIJO|200102432|0|0|1.0|SET FIJO|FIJO|200105074|0|0|1.0|SET FIJO|FIJO|200106355|0|0|1.0|SET FIJO|FIJO|200099339|0|0|1.0|SET FIJO|FIJO|200113689|0|0|1.0|SET FIJO|FIJO|200091235|0|0|1.0|SET FIJO|FIJO|200089619|0|0|1.0|SET FIJO|FIJO|200095865|0|0|1.0|SET FIJO|FIJO|200098266|1|0|1.0|SET FIJO|FIJO|200091331|0|0|1.0|SET FIJO|FIJO|200109286|0|0|1.0|SET FIJO|FIJO|200106358|0|0|1.0|SET FIJO|FIJO|200106358|0|0|1.0|SET FIJO|FIJO|200106358|0|0|1.0|SET FIJO|FIJO|200106358|0|0|1.0|SET FIJO|FIJO|200106358|0|0|1.0|SET FIJO|FIJO|200106358|0|0|1.0|SET FIJO|FIJO|200106358|0|0|1.0|SET FIJO|FIJO|200106358|0|0|1.0|SET FIJO|FIJO|200105074|0|0|1.0|SET FIJO|FIJO|200106355|0|0|1.0|SET FIJO|FIJO|200095865|0|0|1.0|SET FIJO|FIJO|200098266|1|0|1.0|SET FIJO|FIJO|200098266|1|0|1.0|SET FIJO|FIJO|200091331|0|0|1.0|SET FIJO|FIJO|200098266|1|0|1.0|SET FIJO|FIJO|200084982|0|0|1.0|SET FIJO|FIJO|200095865|0|0|1.0|SET FIJO|FIJO|200109286|0|0|1.0|SET FIJO|FIJO|200105074|0|0|1.0|SET FIJO|FIJO|200106355|0|0|1.0|SET FIJO|FIJO|200098341|0|0|1.0|SET FIJO|FIJO|200113689|0|0|1.0|SET FIJO|FIJO|200084982|0|0|1.0|SET FIJO|FIJO|200109794|0|0|1.0|SET FIJO|FIJO|200098266|1|0|1.0|SET FIJO|FIJO|200099339|0|0|1.0|SET FIJO|FIJO|200099339|0|0|1.0|SET FIJO|FIJO|200113689|0|0|1.0|SET FIJO|FIJO|200113689|0|0|1.0|SET FIJO|FIJO|200091235|0|0|1.0|SET FIJO|FIJO|200089619|0|0|1.0|SET FIJO|FIJO|200098266|1|0|1.0|SET FIJO|FIJO|200102432|0|0|1.0|SET FIJO|FIJO|200084982|0|0|1.0|SET FIJO|FIJO|200091331|0|0|1.0|SET FIJO|FIJO|200095865|0|0|1.0|SET FIJO|FIJO|200084982|0|0|1.0|SET FIJO|FIJO|200109286|0|0|1.0|SET FIJO|FIJO|200105074|0|0|1.0|SET FIJO|FIJO|200106355|0|0|1.0|SET FIJO|FIJO|200113689|0|0|1.0|SET FIJO|FIJO|200091235|0|0|1.0|SET FIJO|FIJO|200089619|0|0|1.0|SET FIJO|FIJO|200091331|0|0|1.0|SET FIJO|FIJO|200095865|0|0|1.0|SET FIJO|FIJO|200098341|0|0|1.0|SET FIJO|FIJO|200095865|0|0|1.0|SET FIJO|FIJO|200084982|0|0|1.0|SET FIJO|FIJO|200099339|0|0|1.0|SET FIJO|FIJO|200109794|0|0|1.0
1396,SET FIJO|FIJO|200109794|0|0|1.0|SET FIJO|FIJO|200091331|0|0|1.0|SET FIJO|FIJO|200113689|0|0|1.0|SET FIJO|FIJO|200109794|0|0|1.0|SET FIJO|FIJO|200113689|0|0|1.0|SET FIJO|FIJO|200109794|0|0|1.0|SET FIJO|FIJO|200091235|0|0|1.0|SET FIJO|FIJO|200089619|0|0|1.0|SET FIJO|FIJO|200091235|0|0|1.0|SET FIJO|FIJO|200089619|0|0|1.0|SET FIJO|FIJO|200098266|1|0|1.0|SET FIJO|FIJO|200102432|0|0|1.0|SET FIJO|FIJO|200084982|0|0|1.0|SET FIJO|FIJO|200095865|0|0|1.0|SET FIJO|FIJO|200099339|0|0|1.0|SET FIJO|FIJO|200105074|0|0|1.0|SET FIJO|FIJO|200098341|0|0|1.0|SET FIJO|FIJO|200091331|0|0|1.0|SET FIJO|FIJO|200109286|0|0|1.0|SET FIJO|FIJO|200109794|0|0|1.0|SET FIJO|FIJO|200109794|0|0|1.0|SET FIJO|FIJO|200109286|0|0|1.0|SET FIJO|FIJO|200109794|0|0|1.0|SET FIJO|FIJO|200098341|0|0|1.0|SET FIJO|FIJO|200102432|0|0|1.0|SET FIJO|FIJO|200091235|0|0|1.0|SET FIJO|FIJO|200109286|0|0|1.0|SET FIJO|FIJO|200105074|0|0|1.0|SET FIJO|FIJO|200106355|0|0|1.0|SET FIJO|FIJO|200098341|0|0|1.0|SET FIJO|FIJO|200113689|0|0|1.0|SET FIJO|FIJO|200084982|0|0|1.0|SET FIJO|FIJO|200105074|0|0|1.0|SET FIJO|FIJO|200106355|0|0|1.0|SET FIJO|FIJO|200109794|0|0|1.0|SET FIJO|FIJO|200109286|0|0|1.0|SET FIJO|FIJO|200098266|1|0|1.0|SET FIJO|FIJO|200098266|1|0|1.0|SET FIJO|FIJO|200091235|0|0|1.0|SET FIJO|FIJO|200095865|0|0|1.0|SET FIJO|FIJO|200089619|0|0|1.0|SET FIJO|FIJO|200095865|0|0|1.0|SET FIJO|FIJO|200091331|0|0|1.0|SET FIJO|FIJO|200102432|0|0|1.0|SET FIJO|FIJO|200109286|0|0|1.0|SET FIJO|FIJO|200105074|0|0|1.0|SET FIJO|FIJO|200084982|0|0|1.0|SET FIJO|FIJO|200106355|0|0|1.0|SET FIJO|FIJO|200106358|0|0|1.0|SET FIJO|FIJO|200089619|0|0|1.0|SET FIJO|FIJO|200091235|0|0|1.0|SET FIJO|FIJO|200089619|0|0|1.0|SET FIJO|FIJO|200109286|0|0|1.0|SET FIJO|FIJO|200099339|0|0|1.0|SET FIJO|FIJO|200106358|0|0|1.0|SET FIJO|FIJO|200113689|0|0|1.0|SET FIJO|FIJO|200109794|0|0|1.0|SET FIJO|FIJO|200091331|0|0|1.0|SET FIJO|FIJO|200098266|1|0|1.0|SET FIJO|FIJO|200091331|0|0|1.0|SET FIJO|FIJO|200095865|0|0|1.0|SET FIJO|FIJO|200106358|0|0|1.0|SET FIJO|FIJO|200099339|0|0|1.0|SET FIJO|FIJO|200099339|0|0|1.0|SET FIJO|FIJO|200099339|0|0|1.0|SET FIJO|FIJO|200098341|0|0|1.0|SET FIJO|FIJO|200098341|0|0|1.0|SET FIJO|FIJO|200091235|0|0|1.0|SET FIJO|FIJO|200089619|0|0|1.0|SET FIJO|FIJO|200102432|0|0|1.0|SET FIJO|FIJO|200098341|0|0|1.0|SET FIJO|FIJO|200091235|0|0|1.0|SET FIJO|FIJO|200091235|0|0|1.0|SET FIJO|FIJO|200089619|0|0|1.0|SET FIJO|FIJO|200102432|0|0|1.0|SET FIJO|FIJO|200102432|0|0|1.0|SET FIJO|FIJO|200098341|0|0|1.0|SET FIJO|FIJO|200106355|0|0|1.0|SET FIJO|FIJO|200091235|0|0|1.0|SET FIJO|FIJO|200089619|0|0|1.0|SET FIJO|FIJO|200113689|0|0|1.0|SET FIJO|FIJO|200089619|0|0|1.0|SET FIJO|FIJO|200102432|0|0|1.0|SET FIJO|FIJO|200095865|0|0|1.0|SET FIJO|FIJO|200091235|0|0|1.0|SET FIJO|FIJO|200089619|0|0|1.0|SET FIJO|FIJO|200095865|0|0|1.0|SET FIJO|FIJO|200105074|0|0|1.0|SET FIJO|FIJO|200106355|0|0|1.0|SET FIJO|FIJO|200109794|0|0|1.0|SET FIJO|FIJO|200105074|0|0|1.0|SET FIJO|FIJO|200106355|0|0|1.0|SET FIJO|FIJO|200109286|0|0|1.0|SET FIJO|FIJO|200109286|0|0|1.0|SET FIJO|FIJO|200099339|0|0|1.0|SET FIJO|FIJO|200099339|0|0|1.0|SET FIJO|FIJO|200099339|0|0|1.0|SET FIJO|FIJO|200105074|0|0|1.0|SET FIJO|FIJO|200106355|0|0|1.0|SET FIJO|FIJO|200113689|0|0|1.0|SET FIJO|FIJO|200102432|0|0|1.0|SET FIJO|FIJO|200098341|0|0|1.0|SET FIJO|FIJO|200106358|0|0|1.0|SET FIJO|FIJO|200095865|0|0|1.0|SET FIJO|FIJO|200102432|0|0|1.0|SET FIJO|FIJO|200089619|0|0|1.0|SET FIJO|FIJO|200105074|0|0|1.0|SET FIJO|FIJO|200106355|0|0|1.0|SET FIJO|FIJO|200098341|0|0|1.0|SET FIJO|FIJO|200109286|0|0|1.0|SET FIJO|FIJO|200084982|0|0|1.0|SET FIJO|FIJO|200105074|0|0|1.0|SET FIJO|FIJO|200106355|0|0|1.0|SET FIJO|FIJO|200091331|0|0|1.0|SET FIJO|FIJO|200091331|0|0|1.0|SET FIJO|FIJO|200109794|0|0|1.0|SET FIJO|FIJO|200113689|0|0|1.0|SET FIJO|FIJO|200099339|0|0|1.0|SET FIJO|FIJO|200099339|0|0|1.0|SET FIJO|FIJO|200095865|0|0|1.0|SET FIJO|FIJO|200098266|1|0|1.0|SET FIJO|FIJO|200084982|0|0|1.0|SET FIJO|FIJO|200102432|0|0|1.0|SET FIJO|FIJO|200105074|0|0|1.0|SET FIJO|FIJO|200106355|0|0|1.0|SET FIJO|FIJO|200099339|0|0|1.0|SET FIJO|FIJO|200113689|0|0|1.0|SET FIJO|FIJO|200091235|0|0|1.0|SET FIJO|FIJO|200089619|0|0|1.0|SET FIJO|FIJO|200095865|0|0|1.0|SET FIJO|FIJO|200098266|1|0|1.0|SET FIJO|FIJO|200091331|0|0|1.0|SET FIJO|FIJO|200109286|0|0|1.0|SET FIJO|FIJO|200106358|0|0|1.0|SET FIJO|FIJO|200106358|0|0|1.0|SET FIJO|FIJO|200106358|0|0|1.0|SET FIJO|FIJO|200106358|0|0|1.0|SET FIJO|FIJO|200106358|0|0|1.0|SET FIJO|FIJO|200106358|0|0|1.0|SET FIJO|FIJO|200106358|0|0|1.0|SET FIJO|FIJO|200106358|0|0|1.0|SET FIJO|FIJO|200105074|0|0|1.0|SET FIJO|FIJO|200106355|0|0|1.0|SET FIJO|FIJO|200095865|0|0|1.0|SET FIJO|FIJO|200098266|1|0|1.0|SET FIJO|FIJO|200098266|1|0|1.0|SET FIJO|FIJO|200091331|0|0|1.0|SET FIJO|FIJO|200098266|1|0|1.0|SET FIJO|FIJO|200084982|0|0|1.0|SET FIJO|FIJO|200095865|0|0|1.0|SET FIJO|FIJO|200109286|0|0|1.0|SET FIJO|FIJO|200105074|0|0|1.0|SET FIJO|FIJO|200106355|0|0|1.0|SET FIJO|FIJO|200098341|0|0|1.0|SET FIJO|FIJO|200113689|0|0|1.0|SET FIJO|FIJO|200084982|0|0|1.0|SET FIJO|FIJO|200109794|0|0|1.0|SET FIJO|FIJO|200098266|1|0|1.0|SET FIJO|FIJO|200099339|0|0|1.0|SET FIJO|FIJO|200099339|0|0|1.0|SET FIJO|FIJO|200113689|0|0|1.0|SET FIJO|FIJO|200113689|0|0|1.0|SET FIJO|FIJO|200091235|0|0|1.0|SET FIJO|FIJO|200089619|0|0|1.0|SET FIJO|FIJO|200098266|1|0|1.0|SET FIJO|FIJO|200102432|0|0|1.0|SET FIJO|FIJO|200084982|0|0|1.0|SET FIJO|FIJO|200091331|0|0|1.0|SET FIJO|FIJO|200095865|0|0|1.0|SET FIJO|FIJO|200084982|0|0|1.0|SET FIJO|FIJO|200109286|0|0|1.0|SET FIJO|FIJO|200105074|0|0|1.0|SET FIJO|FIJO|200106355|0|0|1.0|SET FIJO|FIJO|200113689|0|0|1.0|SET FIJO|FIJO|200091235|0|0|1.0|SET FIJO|FIJO|200089619|0|0|1.0|SET FIJO|FIJO|200091331|0|0|1.0|SET FIJO|FIJO|200095865|0|0|1.0|SET FIJO|FIJO|200098341|0|0|1.0|SET FIJO|FIJO|200095865|0|0|1.0|SET FIJO|FIJO|200084982|0|0|1.0|SET FIJO|FIJO|200099339|0|0|1.0|SET FIJO|FIJO|200109794|0|0|1.0
1397,SET FIJO|FIJO|P0292092008|0|0|1.0|SET FIJO|FIJO|200050979|1|0|1.0|SET FIJO|FIJO|200050979|1|0|1.0|SET FIJO|FIJO|P0292092008|0|0|1.0|SET FIJO|FIJO|200050979|1|0|1.0|SET FIJO|FIJO|P0292092008|0|0|1.0|SET FIJO|FIJO|200050979|1|0|1.0|SET FIJO|FIJO|200050979|1|0|1.0|SET FIJO|FIJO|200050979|1|0|1.0|SET FIJO|FIJO|200050979|1|0|1.0|SET FIJO|FIJO|200050979|1|0|1.0|SET FIJO|FIJO|200050979|1|0|1.0|SET FIJO|FIJO|200050979|1|0|1.0|SET FIJO|FIJO|P0292092008|0|0|1.0|SET FIJO|FIJO|P0292092008|0|0|1.0|SET FIJO|FIJO|200050979|1|0|1.0|SET FIJO|FIJO|200050979|1|0|1.0|SET FIJO|FIJO|200050979|1|0|1.0|SET FIJO|FIJO|P0292092008|0|0|1.0|SET FIJO|FIJO|P0292092008|0|0|1.0|SET FIJO|FIJO|P0292092008|0|0|1.0|SET FIJO|FIJO|P0292092008|0|0|1.0|SET FIJO|FIJO|P0292092008|0|0|1.0|SET FIJO|FIJO|200050979|1|0|1.0
1398,SET FIJO|FIJO|200039855|0|0|1.0|SET FIJO|FIJO|200039855|0|0|1.0|SET FIJO|FIJO|200037781|1|0|1.0|SET FIJO|FIJO|200037781|1|0|1.0|SET FIJO|FIJO|200037781|1|0|1.0|SET FIJO|FIJO|200037781|1|0|1.0|SET FIJO|FIJO|200039855|0|0|1.0|SET FIJO|FIJO|200039855|0|0|1.0|SET FIJO|FIJO|200039855|0|0|1.0|SET FIJO|FIJO|200037781|1|0|1.0|SET FIJO|FIJO|200037781|1|0|1.0|SET FIJO|FIJO|200039855|0|0|1.0|SET FIJO|FIJO|200039855|0|0|1.0|SET FIJO|FIJO|200039855|0|0|1.0|SET FIJO|FIJO|200037781|1|0|1.0|SET FIJO|FIJO|200037781|1|0|1.0|SET FIJO|FIJO|200037781|1|0|1.0|SET FIJO|FIJO|200037781|1|0|1.0|SET FIJO|FIJO|200037781|1|0|1.0|SET FIJO|FIJO|200039855|0|0|1.0|SET FIJO|FIJO|200039855|0|0|1.0|SET FIJO|FIJO|200039855|0|0|1.0|SET FIJO|FIJO|200039855|0|0|1.0|SET FIJO|FIJO|200037781|1|0|1.0|SET FIJO|FIJO|200039855|0|0|1.0|SET FIJO|FIJO|200037781|1|0|1.0
1399,SET FIJO|FIJO|200082480|1|0|1.0|SET FIJO|FIJO|200082480|1|0|1.0|SET FIJO|FIJO|200082480|1|0|1.0|SET FIJO|FIJO|200082480|1|0|1.0|SET FIJO|FIJO|200091328|0|0|1.0|SET FIJO|FIJO|200091328|0|0|1.0|SET FIJO|FIJO|200091328|0|0|1.0|SET FIJO|FIJO|200091328|0|0|1.0|SET FIJO|FIJO|200091328|0|0|1.0|SET FIJO|FIJO|200082480|1|0|1.0|SET FIJO|FIJO|200082480|1|0|1.0|SET FIJO|FIJO|200082480|1|0|1.0|SET FIJO|FIJO|200082480|1|0|1.0|SET FIJO|FIJO|200082480|1|0|1.0|SET FIJO|FIJO|200082480|1|0|1.0|SET FIJO|FIJO|200082480|1|0|1.0|SET FIJO|FIJO|200082480|1|0|1.0|SET FIJO|FIJO|200091328|0|0|1.0|SET FIJO|FIJO|200091328|0|0|1.0|SET FIJO|FIJO|200091328|0|0|1.0|SET FIJO|FIJO|200091328|0|0|1.0|SET FIJO|FIJO|200091328|0|0|1.0|SET FIJO|FIJO|200091328|0|0|1.0|SET FIJO|FIJO|200082480|1|0|1.0
