ID_OFERTA,Composite_key
6,INDIVIDUAL|FIJO|200119017|1|0|1.0|INDIVIDUAL|FIJO|200119017|1|0|1.0|INDIVIDUAL|FIJO|200119017|1|0|1.0|INDIVIDUAL|FIJO|200119017|1|0|1.0|INDIVIDUAL|FIJO|200119017|1|0|1.0|INDIVIDUAL|FIJO|200119017|1|0|1.0|INDIVIDUAL|FIJO|200119017|1|0|1.0|INDIVIDUAL|FIJO|200119017|1|0|1.0|INDIVIDUAL|FIJO|200119017|1|0|1.0|INDIVIDUAL|FIJO|200119017|1|0|1.0|INDIVIDUAL|FIJO|200119017|1|0|1.0
7,INDIVIDUAL|FIJO|200091328|1|0|1.0|INDIVIDUAL|FIJO|200091328|1|0|1.0|INDIVIDUAL|FIJO|200091328|1|0|1.0|INDIVIDUAL|FIJO|200091328|1|0|1.0|INDIVIDUAL|FIJO|200091328|1|0|1.0|INDIVIDUAL|FIJO|200091328|1|0|1.0|INDIVIDUAL|FIJO|200091328|1|0|1.0|INDIVIDUAL|FIJO|200091328|1|0|1.0|INDIVIDUAL|FIJO|200091328|1|0|1.0|INDIVIDUAL|FIJO|200091328|1|0|1.0|INDIVIDUAL|FIJO|200091328|1|0|1.0
8,INDIVIDUAL|FIJO|200118363|1|0|1.0|INDIVIDUAL|FIJO|200118363|1|0|1.0|INDIVIDUAL|FIJO|200118363|1|0|1.0|INDIVIDUAL|FIJO|200118363|1|0|1.0|INDIVIDUAL|FIJO|200118363|1|0|1.0|INDIVIDUAL|FIJO|200118363|1|0|1.0|INDIVIDUAL|FIJO|200118363|1|0|1.0|INDIVIDUAL|FIJO|200118363|1|0|1.0|INDIVIDUAL|FIJO|200118363|1|0|1.0|INDIVIDUAL|FIJO|200118363|1|0|1.0
9,INDIVIDUAL|FIJO|200109443|1|0|1.0|INDIVIDUAL|FIJO|200109443|1|0|1.0|INDIVIDUAL|FIJO|200109443|1|0|1.0|INDIVIDUAL|FIJO|200109443|1|0|1.0|INDIVIDUAL|FIJO|200109443|1|0|1.0|INDIVIDUAL|FIJO|200109443|1|0|1.0|INDIVIDUAL|FIJO|200109443|1|0|1.0|INDIVIDUAL|FIJO|200109443|1|0|1.0|INDIVIDUAL|FIJO|200109443|1|0|1.0|INDIVIDUAL|FIJO|200109443|1|0|1.0|INDIVIDUAL|FIJO|200109443|1|0|1.0
10,INDIVIDUAL|FIJO|200113548|1|0|1.0|INDIVIDUAL|FIJO|200113548|1|0|1.0|INDIVIDUAL|FIJO|200113548|1|0|1.0|INDIVIDUAL|FIJO|200113548|1|0|1.0|INDIVIDUAL|FIJO|200113548|1|0|1.0|INDIVIDUAL|FIJO|200113548|1|0|1.0|INDIVIDUAL|FIJO|200113548|1|0|1.0|INDIVIDUAL|FIJO|200113548|1|0|1.0|INDIVIDUAL|FIJO|200113548|1|0|1.0|INDIVIDUAL|FIJO|200113548|1|0|1.0|INDIVIDUAL|FIJO|200113548|1|0|1.0
11,INDIVIDUAL|FIJO|200098555|1|0|1.0|INDIVIDUAL|FIJO|200098555|1|0|1.0|INDIVIDUAL|FIJO|200098555|1|0|1.0|INDIVIDUAL|FIJO|200098555|1|0|1.0|INDIVIDUAL|FIJO|200098555|1|0|1.0|INDIVIDUAL|FIJO|200098555|1|0|1.0|INDIVIDUAL|FIJO|200098555|1|0|1.0|INDIVIDUAL|FIJO|200098555|1|0|1.0|INDIVIDUAL|FIJO|200098555|1|0|1.0|INDIVIDUAL|FIJO|200098555|1|0|1.0|INDIVIDUAL|FIJO|200098555|1|0|1.0
12,INDIVIDUAL|FIJO|200106295|1|0|1.0|INDIVIDUAL|FIJO|200106295|1|0|1.0|INDIVIDUAL|FIJO|200106295|1|0|1.0|INDIVIDUAL|FIJO|200106295|1|0|1.0|INDIVIDUAL|FIJO|200106295|1|0|1.0|INDIVIDUAL|FIJO|200106295|1|0|1.0|INDIVIDUAL|FIJO|200106295|1|0|1.0|INDIVIDUAL|FIJO|200106295|1|0|1.0|INDIVIDUAL|FIJO|200106295|1|0|1.0|INDIVIDUAL|FIJO|200106295|1|0|1.0
13,INDIVIDUAL|FIJO|200095903|1|0|1.0|INDIVIDUAL|FIJO|200095903|1|0|1.0|INDIVIDUAL|FIJO|200095903|1|0|1.0|INDIVIDUAL|FIJO|200095903|1|0|1.0|INDIVIDUAL|FIJO|200095903|1|0|1.0|INDIVIDUAL|FIJO|200095903|1|0|1.0|INDIVIDUAL|FIJO|200095903|1|0|1.0|INDIVIDUAL|FIJO|200095903|1|0|1.0|INDIVIDUAL|FIJO|200095903|1|0|1.0|INDIVIDUAL|FIJO|200095903|1|0|1.0|INDIVIDUAL|FIJO|200095903|1|0|1.0|INDIVIDUAL|FIJO|200095903|1|0|1.0
14,INDIVIDUAL|FIJO|200058661|1|0|1.0
15,INDIVIDUAL|FIJO|200109119|1|0|1.0|INDIVIDUAL|FIJO|200109119|1|0|1.0|INDIVIDUAL|FIJO|200109119|1|0|1.0|INDIVIDUAL|FIJO|200109119|1|0|1.0|INDIVIDUAL|FIJO|200109119|1|0|1.0|INDIVIDUAL|FIJO|200109119|1|0|1.0|INDIVIDUAL|FIJO|200109119|1|0|1.0|INDIVIDUAL|FIJO|200109119|1|0|1.0|INDIVIDUAL|FIJO|200109119|1|0|1.0|INDIVIDUAL|FIJO|200109119|1|0|1.0
16,INDIVIDUAL|FIJO|200108045|1|0|1.0|INDIVIDUAL|FIJO|200108045|1|0|1.0|INDIVIDUAL|FIJO|200108045|1|0|1.0|INDIVIDUAL|FIJO|200108045|1|0|1.0|INDIVIDUAL|FIJO|200108045|1|0|1.0|INDIVIDUAL|FIJO|200108045|1|0|1.0|INDIVIDUAL|FIJO|200108045|1|0|1.0|INDIVIDUAL|FIJO|200108045|1|0|1.0|INDIVIDUAL|FIJO|200108045|1|0|1.0|INDIVIDUAL|FIJO|200108045|1|0|1.0
17,INDIVIDUAL|FIJO|200095931|1|0|1.0|INDIVIDUAL|FIJO|200095931|1|0|1.0|INDIVIDUAL|FIJO|200095931|1|0|1.0|INDIVIDUAL|FIJO|200095931|1|0|1.0|INDIVIDUAL|FIJO|200095931|1|0|1.0|INDIVIDUAL|FIJO|200095931|1|0|1.0|INDIVIDUAL|FIJO|200095931|1|0|1.0|INDIVIDUAL|FIJO|200095931|1|0|1.0|INDIVIDUAL|FIJO|200095931|1|0|1.0|INDIVIDUAL|FIJO|200095931|1|0|1.0|INDIVIDUAL|FIJO|200095931|1|0|1.0|INDIVIDUAL|FIJO|200095931|1|0|1.0|INDIVIDUAL|FIJO|200095931|1|0|1.0
18,INDIVIDUAL|FIJO|200059514|1|0|1.0|INDIVIDUAL|FIJO|200059514|1|0|1.0|INDIVIDUAL|FIJO|200059514|1|0|1.0|INDIVIDUAL|FIJO|200059514|1|0|1.0|INDIVIDUAL|FIJO|200059514|1|0|1.0|INDIVIDUAL|FIJO|200059514|1|0|1.0|INDIVIDUAL|FIJO|200059514|1|0|1.0|INDIVIDUAL|FIJO|200059514|1|0|1.0|INDIVIDUAL|FIJO|200059514|1|0|1.0|INDIVIDUAL|FIJO|200059514|1|0|1.0|INDIVIDUAL|FIJO|200059514|1|0|1.0|INDIVIDUAL|FIJO|200059514|1|0|1.0
19,INDIVIDUAL|FIJO|200088259|1|0|1.0|INDIVIDUAL|FIJO|200088259|1|0|1.0|INDIVIDUAL|FIJO|200088259|1|0|1.0|INDIVIDUAL|FIJO|200088259|1|0|1.0|INDIVIDUAL|FIJO|200088259|1|0|1.0|INDIVIDUAL|FIJO|200088259|1|0|1.0|INDIVIDUAL|FIJO|200088259|1|0|1.0|INDIVIDUAL|FIJO|200088259|1|0|1.0|INDIVIDUAL|FIJO|200088259|1|0|1.0|INDIVIDUAL|FIJO|200088259|1|0|1.0|INDIVIDUAL|FIJO|200088259|1|0|1.0
20,INDIVIDUAL|FIJO|200114940|1|0|1.0|INDIVIDUAL|FIJO|200114940|1|0|1.0|INDIVIDUAL|FIJO|200114940|1|0|1.0|INDIVIDUAL|FIJO|200114940|1|0|1.0|INDIVIDUAL|FIJO|200114940|1|0|1.0|INDIVIDUAL|FIJO|200114940|1|0|1.0|INDIVIDUAL|FIJO|200114940|1|0|1.0|INDIVIDUAL|FIJO|200114940|1|0|1.0|INDIVIDUAL|FIJO|200114940|1|0|1.0|INDIVIDUAL|FIJO|200114940|1|0|1.0
21,INDIVIDUAL|FIJO|200115976|1|0|1.0|INDIVIDUAL|FIJO|200115976|1|0|1.0|INDIVIDUAL|FIJO|200115976|1|0|1.0|INDIVIDUAL|FIJO|200115976|1|0|1.0|INDIVIDUAL|FIJO|200115976|1|0|1.0|INDIVIDUAL|FIJO|200115976|1|0|1.0|INDIVIDUAL|FIJO|200115976|1|0|1.0|INDIVIDUAL|FIJO|200115976|1|0|1.0|INDIVIDUAL|FIJO|200115976|1|0|1.0|INDIVIDUAL|FIJO|200115976|1|0|1.0
22,INDIVIDUAL|FIJO|200056246|1|0|1.0|INDIVIDUAL|FIJO|200056246|1|0|1.0|INDIVIDUAL|FIJO|200056246|1|0|1.0|INDIVIDUAL|FIJO|200056246|1|0|1.0|INDIVIDUAL|FIJO|200056246|1|0|1.0|INDIVIDUAL|FIJO|200056246|1|0|1.0|INDIVIDUAL|FIJO|200056246|1|0|1.0|INDIVIDUAL|FIJO|200056246|1|0|1.0|INDIVIDUAL|FIJO|200056246|1|0|1.0|INDIVIDUAL|FIJO|200056246|1|0|1.0|INDIVIDUAL|FIJO|200056246|1|0|1.0|INDIVIDUAL|FIJO|200056246|1|0|1.0
23,INDIVIDUAL|FIJO|200040636|1|0|1.0|INDIVIDUAL|FIJO|200040636|1|0|1.0
24,INDIVIDUAL|FIJO|200010080|1|0|1.0|INDIVIDUAL|FIJO|200010080|1|0|1.0|INDIVIDUAL|FIJO|200010080|1|0|1.0|INDIVIDUAL|FIJO|200010080|1|0|1.0|INDIVIDUAL|FIJO|200010080|1|0|1.0|INDIVIDUAL|FIJO|200010080|1|0|1.0|INDIVIDUAL|FIJO|200010080|1|0|1.0|INDIVIDUAL|FIJO|200010080|1|0|1.0|INDIVIDUAL|FIJO|200010080|1|0|1.0|INDIVIDUAL|FIJO|200010080|1|0|1.0
25,INDIVIDUAL|FIJO|200011773|1|0|1.0|INDIVIDUAL|FIJO|200011773|1|0|1.0|INDIVIDUAL|FIJO|200011773|1|0|1.0|INDIVIDUAL|FIJO|200011773|1|0|1.0
26,INDIVIDUAL|FIJO|200069875|1|0|1.0|INDIVIDUAL|FIJO|200069875|1|0|1.0|INDIVIDUAL|FIJO|200069875|1|0|1.0|INDIVIDUAL|FIJO|200069875|1|0|1.0|INDIVIDUAL|FIJO|200069875|1|0|1.0|INDIVIDUAL|FIJO|200069875|1|0|1.0|INDIVIDUAL|FIJO|200069875|1|0|1.0|INDIVIDUAL|FIJO|200069875|1|0|1.0|INDIVIDUAL|FIJO|200069875|1|0|1.0|INDIVIDUAL|FIJO|200069875|1|0|1.0|INDIVIDUAL|FIJO|200069875|1|0|1.0
27,INDIVIDUAL|FIJO|200113547|1|0|1.0|INDIVIDUAL|FIJO|200113547|1|0|1.0|INDIVIDUAL|FIJO|200113547|1|0|1.0|INDIVIDUAL|FIJO|200113547|1|0|1.0|INDIVIDUAL|FIJO|200113547|1|0|1.0|INDIVIDUAL|FIJO|200113547|1|0|1.0|INDIVIDUAL|FIJO|200113547|1|0|1.0|INDIVIDUAL|FIJO|200113547|1|0|1.0|INDIVIDUAL|FIJO|200113547|1|0|1.0|INDIVIDUAL|FIJO|200113547|1|0|1.0|INDIVIDUAL|FIJO|200113547|1|0|1.0
28,INDIVIDUAL|FIJO|210092742|1|0|1.0|INDIVIDUAL|FIJO|210092742|1|0|1.0|INDIVIDUAL|FIJO|210092742|1|0|1.0|INDIVIDUAL|FIJO|210092742|1|0|1.0|INDIVIDUAL|FIJO|210092742|1|0|1.0|INDIVIDUAL|FIJO|210092742|1|0|1.0|INDIVIDUAL|FIJO|210092742|1|0|1.0|INDIVIDUAL|FIJO|210092742|1|0|1.0|INDIVIDUAL|FIJO|210092742|1|0|1.0|INDIVIDUAL|FIJO|210092742|1|0|1.0
29,INDIVIDUAL|FIJO|200061196|1|0|1.0|INDIVIDUAL|FIJO|200061196|1|0|1.0|INDIVIDUAL|FIJO|200061196|1|0|1.0|INDIVIDUAL|FIJO|200061196|1|0|1.0|INDIVIDUAL|FIJO|200061196|1|0|1.0|INDIVIDUAL|FIJO|200061196|1|0|1.0|INDIVIDUAL|FIJO|200061196|1|0|1.0|INDIVIDUAL|FIJO|200061196|1|0|1.0|INDIVIDUAL|FIJO|200061196|1|0|1.0|INDIVIDUAL|FIJO|200061196|1|0|1.0
30,INDIVIDUAL|FIJO|P0210065001|1|0|1.0|INDIVIDUAL|FIJO|P0210065001|1|0|1.0|INDIVIDUAL|FIJO|P0210065001|1|0|1.0|INDIVIDUAL|FIJO|P0210065001|1|0|1.0|INDIVIDUAL|FIJO|P0210065001|1|0|1.0|INDIVIDUAL|FIJO|P0210065001|1|0|1.0|INDIVIDUAL|FIJO|P0210065001|1|0|1.0|INDIVIDUAL|FIJO|P0210065001|1|0|1.0|INDIVIDUAL|FIJO|P0210065001|1|0|1.0|INDIVIDUAL|FIJO|P0210065001|1|0|1.0|INDIVIDUAL|FIJO|P0210065001|1|0|1.0
31,INDIVIDUAL|FIJO|P0067077006|1|0|1.0|INDIVIDUAL|FIJO|P0067077006|1|0|1.0|INDIVIDUAL|FIJO|P0067077006|1|0|1.0|INDIVIDUAL|FIJO|P0067077006|1|0|1.0|INDIVIDUAL|FIJO|P0067077006|1|0|1.0|INDIVIDUAL|FIJO|P0067077006|1|0|1.0|INDIVIDUAL|FIJO|P0067077006|1|0|1.0|INDIVIDUAL|FIJO|P0067077006|1|0|1.0|INDIVIDUAL|FIJO|P0067077006|1|0|1.0|INDIVIDUAL|FIJO|P0067077006|1|0|1.0|INDIVIDUAL|FIJO|P0067077006|1|0|1.0
32,INDIVIDUAL|FIJO|200103327|1|0|1.0|INDIVIDUAL|FIJO|200103327|1|0|1.0|INDIVIDUAL|FIJO|200103327|1|0|1.0|INDIVIDUAL|FIJO|200103327|1|0|1.0|INDIVIDUAL|FIJO|200103327|1|0|1.0|INDIVIDUAL|FIJO|200103327|1|0|1.0|INDIVIDUAL|FIJO|200103327|1|0|1.0|INDIVIDUAL|FIJO|200103327|1|0|1.0|INDIVIDUAL|FIJO|200103327|1|0|1.0|INDIVIDUAL|FIJO|200103327|1|0|1.0|INDIVIDUAL|FIJO|200103327|1|0|1.0|INDIVIDUAL|FIJO|200103327|1|0|1.0
33,INDIVIDUAL|FIJO|P0067077007|1|0|1.0|INDIVIDUAL|FIJO|P0067077007|1|0|1.0|INDIVIDUAL|FIJO|P0067077007|1|0|1.0|INDIVIDUAL|FIJO|P0067077007|1|0|1.0|INDIVIDUAL|FIJO|P0067077007|1|0|1.0|INDIVIDUAL|FIJO|P0067077007|1|0|1.0|INDIVIDUAL|FIJO|P0067077007|1|0|1.0|INDIVIDUAL|FIJO|P0067077007|1|0|1.0|INDIVIDUAL|FIJO|P0067077007|1|0|1.0|INDIVIDUAL|FIJO|P0067077007|1|0|1.0|INDIVIDUAL|FIJO|P0067077007|1|0|1.0
34,INDIVIDUAL|FIJO|P0292060005|1|0|1.0|INDIVIDUAL|FIJO|P0292060005|1|0|1.0|INDIVIDUAL|FIJO|P0292060005|1|0|1.0|INDIVIDUAL|FIJO|P0292060005|1|0|1.0|INDIVIDUAL|FIJO|P0292060005|1|0|1.0|INDIVIDUAL|FIJO|P0292060005|1|0|1.0|INDIVIDUAL|FIJO|P0292060005|1|0|1.0|INDIVIDUAL|FIJO|P0292060005|1|0|1.0|INDIVIDUAL|FIJO|P0292060005|1|0|1.0|INDIVIDUAL|FIJO|P0292060005|1|0|1.0
35,INDIVIDUAL|FIJO|P0292090005|1|0|1.0|INDIVIDUAL|FIJO|P0292090005|1|0|1.0|INDIVIDUAL|FIJO|P0292090005|1|0|1.0|INDIVIDUAL|FIJO|P0292090005|1|0|1.0|INDIVIDUAL|FIJO|P0292090005|1|0|1.0|INDIVIDUAL|FIJO|P0292090005|1|0|1.0|INDIVIDUAL|FIJO|P0292090005|1|0|1.0|INDIVIDUAL|FIJO|P0292090005|1|0|1.0|INDIVIDUAL|FIJO|P0292090005|1|0|1.0|INDIVIDUAL|FIJO|P0292090005|1|0|1.0
36,INDIVIDUAL|FIJO|200091875|1|0|1.0|INDIVIDUAL|FIJO|200091875|1|0|1.0|INDIVIDUAL|FIJO|200091875|1|0|1.0|INDIVIDUAL|FIJO|200091875|1|0|1.0|INDIVIDUAL|FIJO|200091875|1|0|1.0|INDIVIDUAL|FIJO|200091875|1|0|1.0|INDIVIDUAL|FIJO|200091875|1|0|1.0|INDIVIDUAL|FIJO|200091875|1|0|1.0|INDIVIDUAL|FIJO|200091875|1|0|1.0|INDIVIDUAL|FIJO|200091875|1|0|1.0|INDIVIDUAL|FIJO|200091875|1|0|1.0|INDIVIDUAL|FIJO|200091875|1|0|1.0
37,INDIVIDUAL|FIJO|200064580|1|0|1.0|INDIVIDUAL|FIJO|200064580|1|0|1.0|INDIVIDUAL|FIJO|200064580|1|0|1.0|INDIVIDUAL|FIJO|200064580|1|0|1.0|INDIVIDUAL|FIJO|200064580|1|0|1.0|INDIVIDUAL|FIJO|200064580|1|0|1.0|INDIVIDUAL|FIJO|200064580|1|0|1.0|INDIVIDUAL|FIJO|200064580|1|0|1.0|INDIVIDUAL|FIJO|200064580|1|0|1.0|INDIVIDUAL|FIJO|200064580|1|0|1.0
38,INDIVIDUAL|FIJO|200115934|1|0|1.0|INDIVIDUAL|FIJO|200115934|1|0|1.0|INDIVIDUAL|FIJO|200115934|1|0|1.0|INDIVIDUAL|FIJO|200115934|1|0|1.0|INDIVIDUAL|FIJO|200115934|1|0|1.0|INDIVIDUAL|FIJO|200115934|1|0|1.0|INDIVIDUAL|FIJO|200115934|1|0|1.0|INDIVIDUAL|FIJO|200115934|1|0|1.0|INDIVIDUAL|FIJO|200115934|1|0|1.0|INDIVIDUAL|FIJO|200115934|1|0|1.0|INDIVIDUAL|FIJO|200115934|1|0|1.0|INDIVIDUAL|FIJO|200115934|1|0|1.0
39,INDIVIDUAL|FIJO|200076945|1|0|1.0|INDIVIDUAL|FIJO|200076945|1|0|1.0|INDIVIDUAL|FIJO|200076945|1|0|1.0|INDIVIDUAL|FIJO|200076945|1|0|1.0|INDIVIDUAL|FIJO|200076945|1|0|1.0|INDIVIDUAL|FIJO|200076945|1|0|1.0|INDIVIDUAL|FIJO|200076945|1|0|1.0|INDIVIDUAL|FIJO|200076945|1|0|1.0|INDIVIDUAL|FIJO|200076945|1|0|1.0|INDIVIDUAL|FIJO|200076945|1|0|1.0
40,INDIVIDUAL|FIJO|200101061|1|0|1.0|INDIVIDUAL|FIJO|200101061|1|0|1.0|INDIVIDUAL|FIJO|200101061|1|0|1.0|INDIVIDUAL|FIJO|200101061|1|0|1.0|INDIVIDUAL|FIJO|200101061|1|0|1.0|INDIVIDUAL|FIJO|200101061|1|0|1.0|INDIVIDUAL|FIJO|200101061|1|0|1.0|INDIVIDUAL|FIJO|200101061|1|0|1.0|INDIVIDUAL|FIJO|200101061|1|0|1.0|INDIVIDUAL|FIJO|200101061|1|0|1.0
41,INDIVIDUAL|FIJO|200115589|1|0|1.0|INDIVIDUAL|FIJO|200115589|1|0|1.0|INDIVIDUAL|FIJO|200115589|1|0|1.0|INDIVIDUAL|FIJO|200115589|1|0|1.0|INDIVIDUAL|FIJO|200115589|1|0|1.0|INDIVIDUAL|FIJO|200115589|1|0|1.0|INDIVIDUAL|FIJO|200115589|1|0|1.0|INDIVIDUAL|FIJO|200115589|1|0|1.0|INDIVIDUAL|FIJO|200115589|1|0|1.0|INDIVIDUAL|FIJO|200115589|1|0|1.0
42,INDIVIDUAL|FIJO|200115300|1|0|1.0|INDIVIDUAL|FIJO|200115300|1|0|1.0|INDIVIDUAL|FIJO|200115300|1|0|1.0|INDIVIDUAL|FIJO|200115300|1|0|1.0|INDIVIDUAL|FIJO|200115300|1|0|1.0|INDIVIDUAL|FIJO|200115300|1|0|1.0|INDIVIDUAL|FIJO|200115300|1|0|1.0|INDIVIDUAL|FIJO|200115300|1|0|1.0|INDIVIDUAL|FIJO|200115300|1|0|1.0|INDIVIDUAL|FIJO|200115300|1|0|1.0|INDIVIDUAL|FIJO|200115300|1|0|1.0
43,INDIVIDUAL|FIJO|200111234|1|0|1.0|INDIVIDUAL|FIJO|200111234|1|0|1.0|INDIVIDUAL|FIJO|200111234|1|0|1.0|INDIVIDUAL|FIJO|200111234|1|0|1.0|INDIVIDUAL|FIJO|200111234|1|0|1.0|INDIVIDUAL|FIJO|200111234|1|0|1.0|INDIVIDUAL|FIJO|200111234|1|0|1.0|INDIVIDUAL|FIJO|200111234|1|0|1.0|INDIVIDUAL|FIJO|200111234|1|0|1.0|INDIVIDUAL|FIJO|200111234|1|0|1.0
44,INDIVIDUAL|FIJO|200116339|1|0|1.0|INDIVIDUAL|FIJO|200116339|1|0|1.0|INDIVIDUAL|FIJO|200116339|1|0|1.0|INDIVIDUAL|FIJO|200116339|1|0|1.0|INDIVIDUAL|FIJO|200116339|1|0|1.0|INDIVIDUAL|FIJO|200116339|1|0|1.0|INDIVIDUAL|FIJO|200116339|1|0|1.0|INDIVIDUAL|FIJO|200116339|1|0|1.0|INDIVIDUAL|FIJO|200116339|1|0|1.0|INDIVIDUAL|FIJO|200116339|1|0|1.0|INDIVIDUAL|FIJO|200116339|1|0|1.0|INDIVIDUAL|FIJO|200116339|1|0|1.0
45,INDIVIDUAL|FIJO|200064825|1|0|1.0|INDIVIDUAL|FIJO|200064825|1|0|1.0|INDIVIDUAL|FIJO|200064825|1|0|1.0|INDIVIDUAL|FIJO|200064825|1|0|1.0|INDIVIDUAL|FIJO|200064825|1|0|1.0|INDIVIDUAL|FIJO|200064825|1|0|1.0|INDIVIDUAL|FIJO|200064825|1|0|1.0|INDIVIDUAL|FIJO|200064825|1|0|1.0|INDIVIDUAL|FIJO|200064825|1|0|1.0|INDIVIDUAL|FIJO|200064825|1|0|1.0|INDIVIDUAL|FIJO|200064825|1|0|1.0
46,INDIVIDUAL|FIJO|200082462|1|0|1.0|INDIVIDUAL|FIJO|200082462|1|0|1.0|INDIVIDUAL|FIJO|200082462|1|0|1.0|INDIVIDUAL|FIJO|200082462|1|0|1.0|INDIVIDUAL|FIJO|200082462|1|0|1.0|INDIVIDUAL|FIJO|200082462|1|0|1.0|INDIVIDUAL|FIJO|200082462|1|0|1.0|INDIVIDUAL|FIJO|200082462|1|0|1.0|INDIVIDUAL|FIJO|200082462|1|0|1.0|INDIVIDUAL|FIJO|200082462|1|0|1.0|INDIVIDUAL|FIJO|200082462|1|0|1.0
47,INDIVIDUAL|FIJO|200064823|1|0|1.0|INDIVIDUAL|FIJO|200064823|1|0|1.0|INDIVIDUAL|FIJO|200064823|1|0|1.0|INDIVIDUAL|FIJO|200064823|1|0|1.0|INDIVIDUAL|FIJO|200064823|1|0|1.0|INDIVIDUAL|FIJO|200064823|1|0|1.0|INDIVIDUAL|FIJO|200064823|1|0|1.0|INDIVIDUAL|FIJO|200064823|1|0|1.0|INDIVIDUAL|FIJO|200064823|1|0|1.0|INDIVIDUAL|FIJO|200064823|1|0|1.0|INDIVIDUAL|FIJO|200064823|1|0|1.0
48,INDIVIDUAL|FIJO|200064826|1|0|1.0|INDIVIDUAL|FIJO|200064826|1|0|1.0|INDIVIDUAL|FIJO|200064826|1|0|1.0|INDIVIDUAL|FIJO|200064826|1|0|1.0|INDIVIDUAL|FIJO|200064826|1|0|1.0|INDIVIDUAL|FIJO|200064826|1|0|1.0|INDIVIDUAL|FIJO|200064826|1|0|1.0|INDIVIDUAL|FIJO|200064826|1|0|1.0|INDIVIDUAL|FIJO|200064826|1|0|1.0|INDIVIDUAL|FIJO|200064826|1|0|1.0|INDIVIDUAL|FIJO|200064826|1|0|1.0
49,INDIVIDUAL|FIJO|200064824|1|0|1.0|INDIVIDUAL|FIJO|200064824|1|0|1.0|INDIVIDUAL|FIJO|200064824|1|0|1.0|INDIVIDUAL|FIJO|200064824|1|0|1.0|INDIVIDUAL|FIJO|200064824|1|0|1.0|INDIVIDUAL|FIJO|200064824|1|0|1.0|INDIVIDUAL|FIJO|200064824|1|0|1.0|INDIVIDUAL|FIJO|200064824|1|0|1.0|INDIVIDUAL|FIJO|200064824|1|0|1.0|INDIVIDUAL|FIJO|200064824|1|0|1.0|INDIVIDUAL|FIJO|200064824|1|0|1.0
50,INDIVIDUAL|FIJO|200082461|1|0|1.0|INDIVIDUAL|FIJO|200082461|1|0|1.0|INDIVIDUAL|FIJO|200082461|1|0|1.0|INDIVIDUAL|FIJO|200082461|1|0|1.0|INDIVIDUAL|FIJO|200082461|1|0|1.0|INDIVIDUAL|FIJO|200082461|1|0|1.0|INDIVIDUAL|FIJO|200082461|1|0|1.0|INDIVIDUAL|FIJO|200082461|1|0|1.0|INDIVIDUAL|FIJO|200082461|1|0|1.0|INDIVIDUAL|FIJO|200082461|1|0|1.0|INDIVIDUAL|FIJO|200082461|1|0|1.0
51,INDIVIDUAL|FIJO|200116108|1|0|1.0|INDIVIDUAL|FIJO|200116108|1|0|1.0|INDIVIDUAL|FIJO|200116108|1|0|1.0|INDIVIDUAL|FIJO|200116108|1|0|1.0|INDIVIDUAL|FIJO|200116108|1|0|1.0|INDIVIDUAL|FIJO|200116108|1|0|1.0|INDIVIDUAL|FIJO|200116108|1|0|1.0|INDIVIDUAL|FIJO|200116108|1|0|1.0
52,INDIVIDUAL|FIJO|200118523|1|0|1.0|INDIVIDUAL|FIJO|200118523|1|0|1.0|INDIVIDUAL|FIJO|200118523|1|0|1.0|INDIVIDUAL|FIJO|200118523|1|0|1.0|INDIVIDUAL|FIJO|200118523|1|0|1.0|INDIVIDUAL|FIJO|200118523|1|0|1.0|INDIVIDUAL|FIJO|200118523|1|0|1.0|INDIVIDUAL|FIJO|200118523|1|0|1.0|INDIVIDUAL|FIJO|200118523|1|0|1.0|INDIVIDUAL|FIJO|200118523|1|0|1.0|INDIVIDUAL|FIJO|200118523|1|0|1.0
53,INDIVIDUAL|FIJO|200089499|1|0|1.0|INDIVIDUAL|FIJO|200089499|1|0|1.0|INDIVIDUAL|FIJO|200089499|1|0|1.0|INDIVIDUAL|FIJO|200089499|1|0|1.0|INDIVIDUAL|FIJO|200089499|1|0|1.0|INDIVIDUAL|FIJO|200089499|1|0|1.0|INDIVIDUAL|FIJO|200089499|1|0|1.0|INDIVIDUAL|FIJO|200089499|1|0|1.0|INDIVIDUAL|FIJO|200089499|1|0|1.0|INDIVIDUAL|FIJO|200089499|1|0|1.0|INDIVIDUAL|FIJO|200089499|1|0|1.0
102,INDIVIDUAL|FIJO|200084785|1|0|1.0|INDIVIDUAL|FIJO|200084785|1|0|1.0|INDIVIDUAL|FIJO|200084785|1|0|1.0|INDIVIDUAL|FIJO|200084785|1|0|1.0|INDIVIDUAL|FIJO|200084785|1|0|1.0|INDIVIDUAL|FIJO|200084785|1|0|1.0|INDIVIDUAL|FIJO|200084785|1|0|1.0|INDIVIDUAL|FIJO|200084785|1|0|1.0|INDIVIDUAL|FIJO|200084785|1|0|1.0|INDIVIDUAL|FIJO|200084785|1|0|1.0
103,INDIVIDUAL|FIJO|200092360|1|0|1.0|INDIVIDUAL|FIJO|200092360|1|0|1.0|INDIVIDUAL|FIJO|200092360|1|0|1.0|INDIVIDUAL|FIJO|200092360|1|0|1.0|INDIVIDUAL|FIJO|200092360|1|0|1.0|INDIVIDUAL|FIJO|200092360|1|0|1.0|INDIVIDUAL|FIJO|200092360|1|0|1.0|INDIVIDUAL|FIJO|200092360|1|0|1.0|INDIVIDUAL|FIJO|200092360|1|0|1.0|INDIVIDUAL|FIJO|200092360|1|0|1.0|INDIVIDUAL|FIJO|200092360|1|0|1.0
104,INDIVIDUAL|FIJO|200092361|1|0|1.0|INDIVIDUAL|FIJO|200092361|1|0|1.0|INDIVIDUAL|FIJO|200092361|1|0|1.0|INDIVIDUAL|FIJO|200092361|1|0|1.0|INDIVIDUAL|FIJO|200092361|1|0|1.0|INDIVIDUAL|FIJO|200092361|1|0|1.0|INDIVIDUAL|FIJO|200092361|1|0|1.0|INDIVIDUAL|FIJO|200092361|1|0|1.0|INDIVIDUAL|FIJO|200092361|1|0|1.0|INDIVIDUAL|FIJO|200092361|1|0|1.0|INDIVIDUAL|FIJO|200092361|1|0|1.0
105,INDIVIDUAL|FIJO|200092280|1|0|1.0|INDIVIDUAL|FIJO|200092280|1|0|1.0|INDIVIDUAL|FIJO|200092280|1|0|1.0|INDIVIDUAL|FIJO|200092280|1|0|1.0|INDIVIDUAL|FIJO|200092280|1|0|1.0|INDIVIDUAL|FIJO|200092280|1|0|1.0|INDIVIDUAL|FIJO|200092280|1|0|1.0|INDIVIDUAL|FIJO|200092280|1|0|1.0|INDIVIDUAL|FIJO|200092280|1|0|1.0|INDIVIDUAL|FIJO|200092280|1|0|1.0|INDIVIDUAL|FIJO|200092280|1|0|1.0
106,INDIVIDUAL|FIJO|200106312|1|0|1.0|INDIVIDUAL|FIJO|200106312|1|0|1.0|INDIVIDUAL|FIJO|200106312|1|0|1.0|INDIVIDUAL|FIJO|200106312|1|0|1.0|INDIVIDUAL|FIJO|200106312|1|0|1.0|INDIVIDUAL|FIJO|200106312|1|0|1.0|INDIVIDUAL|FIJO|200106312|1|0|1.0|INDIVIDUAL|FIJO|200106312|1|0|1.0|INDIVIDUAL|FIJO|200106312|1|0|1.0|INDIVIDUAL|FIJO|200106312|1|0|1.0
107,INDIVIDUAL|FIJO|200106279|1|0|1.0|INDIVIDUAL|FIJO|200106279|1|0|1.0|INDIVIDUAL|FIJO|200106279|1|0|1.0|INDIVIDUAL|FIJO|200106279|1|0|1.0|INDIVIDUAL|FIJO|200106279|1|0|1.0|INDIVIDUAL|FIJO|200106279|1|0|1.0|INDIVIDUAL|FIJO|200106279|1|0|1.0|INDIVIDUAL|FIJO|200106279|1|0|1.0|INDIVIDUAL|FIJO|200106279|1|0|1.0|INDIVIDUAL|FIJO|200106279|1|0|1.0
108,INDIVIDUAL|FIJO|200106398|1|0|1.0|INDIVIDUAL|FIJO|200106398|1|0|1.0|INDIVIDUAL|FIJO|200106398|1|0|1.0|INDIVIDUAL|FIJO|200106398|1|0|1.0|INDIVIDUAL|FIJO|200106398|1|0|1.0|INDIVIDUAL|FIJO|200106398|1|0|1.0|INDIVIDUAL|FIJO|200106398|1|0|1.0|INDIVIDUAL|FIJO|200106398|1|0|1.0|INDIVIDUAL|FIJO|200106398|1|0|1.0|INDIVIDUAL|FIJO|200106398|1|0|1.0
109,INDIVIDUAL|FIJO|200111379|1|0|1.0|INDIVIDUAL|FIJO|200111379|1|0|1.0|INDIVIDUAL|FIJO|200111379|1|0|1.0|INDIVIDUAL|FIJO|200111379|1|0|1.0|INDIVIDUAL|FIJO|200111379|1|0|1.0|INDIVIDUAL|FIJO|200111379|1|0|1.0|INDIVIDUAL|FIJO|200111379|1|0|1.0|INDIVIDUAL|FIJO|200111379|1|0|1.0|INDIVIDUAL|FIJO|200111379|1|0|1.0|INDIVIDUAL|FIJO|200111379|1|0|1.0|INDIVIDUAL|FIJO|200111379|1|0|1.0
110,INDIVIDUAL|FIJO|200106397|1|0|1.0|INDIVIDUAL|FIJO|200106397|1|0|1.0|INDIVIDUAL|FIJO|200106397|1|0|1.0|INDIVIDUAL|FIJO|200106397|1|0|1.0|INDIVIDUAL|FIJO|200106397|1|0|1.0|INDIVIDUAL|FIJO|200106397|1|0|1.0|INDIVIDUAL|FIJO|200106397|1|0|1.0|INDIVIDUAL|FIJO|200106397|1|0|1.0|INDIVIDUAL|FIJO|200106397|1|0|1.0|INDIVIDUAL|FIJO|200106397|1|0|1.0
111,INDIVIDUAL|FIJO|200106396|1|0|1.0|INDIVIDUAL|FIJO|200106396|1|0|1.0|INDIVIDUAL|FIJO|200106396|1|0|1.0|INDIVIDUAL|FIJO|200106396|1|0|1.0|INDIVIDUAL|FIJO|200106396|1|0|1.0|INDIVIDUAL|FIJO|200106396|1|0|1.0|INDIVIDUAL|FIJO|200106396|1|0|1.0|INDIVIDUAL|FIJO|200106396|1|0|1.0|INDIVIDUAL|FIJO|200106396|1|0|1.0|INDIVIDUAL|FIJO|200106396|1|0|1.0
112,INDIVIDUAL|FIJO|200116051|1|0|1.0|INDIVIDUAL|FIJO|200116051|1|0|1.0|INDIVIDUAL|FIJO|200116051|1|0|1.0|INDIVIDUAL|FIJO|200116051|1|0|1.0|INDIVIDUAL|FIJO|200116051|1|0|1.0|INDIVIDUAL|FIJO|200116051|1|0|1.0|INDIVIDUAL|FIJO|200116051|1|0|1.0|INDIVIDUAL|FIJO|200116051|1|0|1.0|INDIVIDUAL|FIJO|200116051|1|0|1.0|INDIVIDUAL|FIJO|200116051|1|0|1.0
113,INDIVIDUAL|FIJO|200116050|1|0|1.0|INDIVIDUAL|FIJO|200116050|1|0|1.0|INDIVIDUAL|FIJO|200116050|1|0|1.0|INDIVIDUAL|FIJO|200116050|1|0|1.0|INDIVIDUAL|FIJO|200116050|1|0|1.0|INDIVIDUAL|FIJO|200116050|1|0|1.0|INDIVIDUAL|FIJO|200116050|1|0|1.0|INDIVIDUAL|FIJO|200116050|1|0|1.0|INDIVIDUAL|FIJO|200116050|1|0|1.0|INDIVIDUAL|FIJO|200116050|1|0|1.0
114,INDIVIDUAL|FIJO|200116049|1|0|1.0|INDIVIDUAL|FIJO|200116049|1|0|1.0|INDIVIDUAL|FIJO|200116049|1|0|1.0|INDIVIDUAL|FIJO|200116049|1|0|1.0|INDIVIDUAL|FIJO|200116049|1|0|1.0|INDIVIDUAL|FIJO|200116049|1|0|1.0|INDIVIDUAL|FIJO|200116049|1|0|1.0|INDIVIDUAL|FIJO|200116049|1|0|1.0|INDIVIDUAL|FIJO|200116049|1|0|1.0|INDIVIDUAL|FIJO|200116049|1|0|1.0
115,INDIVIDUAL|FIJO|200113544|1|0|1.0|INDIVIDUAL|FIJO|200113544|1|0|1.0|INDIVIDUAL|FIJO|200113544|1|0|1.0|INDIVIDUAL|FIJO|200113544|1|0|1.0|INDIVIDUAL|FIJO|200113544|1|0|1.0|INDIVIDUAL|FIJO|200113544|1|0|1.0|INDIVIDUAL|FIJO|200113544|1|0|1.0|INDIVIDUAL|FIJO|200113544|1|0|1.0|INDIVIDUAL|FIJO|200113544|1|0|1.0|INDIVIDUAL|FIJO|200113544|1|0|1.0|INDIVIDUAL|FIJO|200113544|1|0|1.0
116,INDIVIDUAL|FIJO|200076632|1|0|1.0|INDIVIDUAL|FIJO|200076632|1|0|1.0|INDIVIDUAL|FIJO|200076632|1|0|1.0|INDIVIDUAL|FIJO|200076632|1|0|1.0|INDIVIDUAL|FIJO|200076632|1|0|1.0|INDIVIDUAL|FIJO|200076632|1|0|1.0|INDIVIDUAL|FIJO|200076632|1|0|1.0|INDIVIDUAL|FIJO|200076632|1|0|1.0|INDIVIDUAL|FIJO|200076632|1|0|1.0|INDIVIDUAL|FIJO|200076632|1|0|1.0|INDIVIDUAL|FIJO|200076632|1|0|1.0|INDIVIDUAL|FIJO|200076632|1|0|1.0
117,INDIVIDUAL|FIJO|200093884|1|0|1.0|INDIVIDUAL|FIJO|200093884|1|0|1.0|INDIVIDUAL|FIJO|200093884|1|0|1.0|INDIVIDUAL|FIJO|200093884|1|0|1.0|INDIVIDUAL|FIJO|200093884|1|0|1.0|INDIVIDUAL|FIJO|200093884|1|0|1.0|INDIVIDUAL|FIJO|200093884|1|0|1.0|INDIVIDUAL|FIJO|200093884|1|0|1.0|INDIVIDUAL|FIJO|200093884|1|0|1.0|INDIVIDUAL|FIJO|200093884|1|0|1.0|INDIVIDUAL|FIJO|200093884|1|0|1.0|INDIVIDUAL|FIJO|200093884|1|0|1.0
118,INDIVIDUAL|FIJO|200099310|1|0|1.0|INDIVIDUAL|FIJO|200099310|1|0|1.0|INDIVIDUAL|FIJO|200099310|1|0|1.0|INDIVIDUAL|FIJO|200099310|1|0|1.0|INDIVIDUAL|FIJO|200099310|1|0|1.0|INDIVIDUAL|FIJO|200099310|1|0|1.0|INDIVIDUAL|FIJO|200099310|1|0|1.0|INDIVIDUAL|FIJO|200099310|1|0|1.0|INDIVIDUAL|FIJO|200099310|1|0|1.0|INDIVIDUAL|FIJO|200099310|1|0|1.0|INDIVIDUAL|FIJO|200099310|1|0|1.0
119,INDIVIDUAL|FIJO|200072538|1|0|1.0|INDIVIDUAL|FIJO|200072538|1|0|1.0|INDIVIDUAL|FIJO|200072538|1|0|1.0|INDIVIDUAL|FIJO|200072538|1|0|1.0|INDIVIDUAL|FIJO|200072538|1|0|1.0|INDIVIDUAL|FIJO|200072538|1|0|1.0|INDIVIDUAL|FIJO|200072538|1|0|1.0|INDIVIDUAL|FIJO|200072538|1|0|1.0|INDIVIDUAL|FIJO|200072538|1|0|1.0|INDIVIDUAL|FIJO|200072538|1|0|1.0
120,INDIVIDUAL|FIJO|210069985|1|0|1.0|INDIVIDUAL|FIJO|210069985|1|0|1.0|INDIVIDUAL|FIJO|210069985|1|0|1.0|INDIVIDUAL|FIJO|210069985|1|0|1.0|INDIVIDUAL|FIJO|210069985|1|0|1.0|INDIVIDUAL|FIJO|210069985|1|0|1.0|INDIVIDUAL|FIJO|210069985|1|0|1.0|INDIVIDUAL|FIJO|210069985|1|0|1.0|INDIVIDUAL|FIJO|210069985|1|0|1.0|INDIVIDUAL|FIJO|210069985|1|0|1.0
121,INDIVIDUAL|FIJO|200092172|1|0|1.0|INDIVIDUAL|FIJO|200092172|1|0|1.0|INDIVIDUAL|FIJO|200092172|1|0|1.0|INDIVIDUAL|FIJO|200092172|1|0|1.0|INDIVIDUAL|FIJO|200092172|1|0|1.0|INDIVIDUAL|FIJO|200092172|1|0|1.0|INDIVIDUAL|FIJO|200092172|1|0|1.0|INDIVIDUAL|FIJO|200092172|1|0|1.0|INDIVIDUAL|FIJO|200092172|1|0|1.0
122,INDIVIDUAL|FIJO|200058353|1|0|1.0|INDIVIDUAL|FIJO|200058353|1|0|1.0|INDIVIDUAL|FIJO|200058353|1|0|1.0|INDIVIDUAL|FIJO|200058353|1|0|1.0|INDIVIDUAL|FIJO|200058353|1|0|1.0|INDIVIDUAL|FIJO|200058353|1|0|1.0|INDIVIDUAL|FIJO|200058353|1|0|1.0|INDIVIDUAL|FIJO|200058353|1|0|1.0|INDIVIDUAL|FIJO|200058353|1|0|1.0
123,INDIVIDUAL|FIJO|200098820|1|0|1.0|INDIVIDUAL|FIJO|200098820|1|0|1.0|INDIVIDUAL|FIJO|200098820|1|0|1.0|INDIVIDUAL|FIJO|200098820|1|0|1.0|INDIVIDUAL|FIJO|200098820|1|0|1.0|INDIVIDUAL|FIJO|200098820|1|0|1.0|INDIVIDUAL|FIJO|200098820|1|0|1.0|INDIVIDUAL|FIJO|200098820|1|0|1.0|INDIVIDUAL|FIJO|200098820|1|0|1.0|INDIVIDUAL|FIJO|200098820|1|0|1.0
124,INDIVIDUAL|FIJO|200056639|1|0|1.0|INDIVIDUAL|FIJO|200056639|1|0|1.0|INDIVIDUAL|FIJO|200056639|1|0|1.0|INDIVIDUAL|FIJO|200056639|1|0|1.0|INDIVIDUAL|FIJO|200056639|1|0|1.0|INDIVIDUAL|FIJO|200056639|1|0|1.0|INDIVIDUAL|FIJO|200056639|1|0|1.0|INDIVIDUAL|FIJO|200056639|1|0|1.0|INDIVIDUAL|FIJO|200056639|1|0|1.0
125,INDIVIDUAL|FIJO|200092176|1|0|1.0|INDIVIDUAL|FIJO|200092176|1|0|1.0|INDIVIDUAL|FIJO|200092176|1|0|1.0|INDIVIDUAL|FIJO|200092176|1|0|1.0|INDIVIDUAL|FIJO|200092176|1|0|1.0|INDIVIDUAL|FIJO|200092176|1|0|1.0|INDIVIDUAL|FIJO|200092176|1|0|1.0|INDIVIDUAL|FIJO|200092176|1|0|1.0|INDIVIDUAL|FIJO|200092176|1|0|1.0
126,INDIVIDUAL|FIJO|200043496|1|0|1.0|INDIVIDUAL|FIJO|200043496|1|0|1.0|INDIVIDUAL|FIJO|200043496|1|0|1.0|INDIVIDUAL|FIJO|200043496|1|0|1.0|INDIVIDUAL|FIJO|200043496|1|0|1.0|INDIVIDUAL|FIJO|200043496|1|0|1.0|INDIVIDUAL|FIJO|200043496|1|0|1.0|INDIVIDUAL|FIJO|200043496|1|0|1.0|INDIVIDUAL|FIJO|200043496|1|0|1.0|INDIVIDUAL|FIJO|200043496|1|0|1.0
127,INDIVIDUAL|FIJO|200095625|1|0|1.0|INDIVIDUAL|FIJO|200095625|1|0|1.0|INDIVIDUAL|FIJO|200095625|1|0|1.0|INDIVIDUAL|FIJO|200095625|1|0|1.0|INDIVIDUAL|FIJO|200095625|1|0|1.0|INDIVIDUAL|FIJO|200095625|1|0|1.0|INDIVIDUAL|FIJO|200095625|1|0|1.0|INDIVIDUAL|FIJO|200095625|1|0|1.0|INDIVIDUAL|FIJO|200095625|1|0|1.0
128,INDIVIDUAL|FIJO|200046332|1|0|1.0|INDIVIDUAL|FIJO|200046332|1|0|1.0
129,INDIVIDUAL|FIJO|200075012|1|0|1.0|INDIVIDUAL|FIJO|200075012|1|0|1.0|INDIVIDUAL|FIJO|200075012|1|0|1.0|INDIVIDUAL|FIJO|200075012|1|0|1.0
130,INDIVIDUAL|FIJO|200051355|1|0|1.0|INDIVIDUAL|FIJO|200051355|1|0|1.0|INDIVIDUAL|FIJO|200051355|1|0|1.0|INDIVIDUAL|FIJO|200051355|1|0|1.0|INDIVIDUAL|FIJO|200051355|1|0|1.0|INDIVIDUAL|FIJO|200051355|1|0|1.0|INDIVIDUAL|FIJO|200051355|1|0|1.0
131,INDIVIDUAL|FIJO|200043487|1|0|1.0|INDIVIDUAL|FIJO|200043487|1|0|1.0|INDIVIDUAL|FIJO|200043487|1|0|1.0|INDIVIDUAL|FIJO|200043487|1|0|1.0
132,INDIVIDUAL|FIJO|200067116|1|0|1.0|INDIVIDUAL|FIJO|200067116|1|0|1.0|INDIVIDUAL|FIJO|200067116|1|0|1.0|INDIVIDUAL|FIJO|200067116|1|0|1.0|INDIVIDUAL|FIJO|200067116|1|0|1.0|INDIVIDUAL|FIJO|200067116|1|0|1.0|INDIVIDUAL|FIJO|200067116|1|0|1.0|INDIVIDUAL|FIJO|200067116|1|0|1.0|INDIVIDUAL|FIJO|200067116|1|0|1.0
133,INDIVIDUAL|FIJO|200046331|1|0|1.0|INDIVIDUAL|FIJO|200046331|1|0|1.0|INDIVIDUAL|FIJO|200046331|1|0|1.0|INDIVIDUAL|FIJO|200046331|1|0|1.0|INDIVIDUAL|FIJO|200046331|1|0|1.0|INDIVIDUAL|FIJO|200046331|1|0|1.0|INDIVIDUAL|FIJO|200046331|1|0|1.0|INDIVIDUAL|FIJO|200046331|1|0|1.0|INDIVIDUAL|FIJO|200046331|1|0|1.0
134,INDIVIDUAL|FIJO|200059112|1|0|1.0
135,INDIVIDUAL|FIJO|200056121|1|0|1.0|INDIVIDUAL|FIJO|200056121|1|0|1.0|INDIVIDUAL|FIJO|200056121|1|0|1.0|INDIVIDUAL|FIJO|200056121|1|0|1.0|INDIVIDUAL|FIJO|200056121|1|0|1.0
136,INDIVIDUAL|FIJO|200043493|1|0|1.0|INDIVIDUAL|FIJO|200043493|1|0|1.0|INDIVIDUAL|FIJO|200043493|1|0|1.0|INDIVIDUAL|FIJO|200043493|1|0|1.0|INDIVIDUAL|FIJO|200043493|1|0|1.0|INDIVIDUAL|FIJO|200043493|1|0|1.0|INDIVIDUAL|FIJO|200043493|1|0|1.0|INDIVIDUAL|FIJO|200043493|1|0|1.0|INDIVIDUAL|FIJO|200043493|1|0|1.0
137,INDIVIDUAL|FIJO|200093863|1|0|1.0|INDIVIDUAL|FIJO|200093863|1|0|1.0|INDIVIDUAL|FIJO|200093863|1|0|1.0|INDIVIDUAL|FIJO|200093863|1|0|1.0|INDIVIDUAL|FIJO|200093863|1|0|1.0|INDIVIDUAL|FIJO|200093863|1|0|1.0|INDIVIDUAL|FIJO|200093863|1|0|1.0|INDIVIDUAL|FIJO|200093863|1|0|1.0|INDIVIDUAL|FIJO|200093863|1|0|1.0
138,INDIVIDUAL|FIJO|200046326|1|0|1.0|INDIVIDUAL|FIJO|200046326|1|0|1.0|INDIVIDUAL|FIJO|200046326|1|0|1.0|INDIVIDUAL|FIJO|200046326|1|0|1.0|INDIVIDUAL|FIJO|200046326|1|0|1.0|INDIVIDUAL|FIJO|200046326|1|0|1.0|INDIVIDUAL|FIJO|200046326|1|0|1.0|INDIVIDUAL|FIJO|200046326|1|0|1.0|INDIVIDUAL|FIJO|200046326|1|0|1.0
139,INDIVIDUAL|FIJO|200098821|1|0|1.0|INDIVIDUAL|FIJO|200098821|1|0|1.0|INDIVIDUAL|FIJO|200098821|1|0|1.0|INDIVIDUAL|FIJO|200098821|1|0|1.0|INDIVIDUAL|FIJO|200098821|1|0|1.0|INDIVIDUAL|FIJO|200098821|1|0|1.0|INDIVIDUAL|FIJO|200098821|1|0|1.0|INDIVIDUAL|FIJO|200098821|1|0|1.0|INDIVIDUAL|FIJO|200098821|1|0|1.0|INDIVIDUAL|FIJO|200098821|1|0|1.0
140,INDIVIDUAL|FIJO|210086712|1|0|1.0|INDIVIDUAL|FIJO|210086712|1|0|1.0|INDIVIDUAL|FIJO|210086712|1|0|1.0|INDIVIDUAL|FIJO|210086712|1|0|1.0|INDIVIDUAL|FIJO|210086712|1|0|1.0|INDIVIDUAL|FIJO|210086712|1|0|1.0|INDIVIDUAL|FIJO|210086712|1|0|1.0|INDIVIDUAL|FIJO|210086712|1|0|1.0|INDIVIDUAL|FIJO|210086712|1|0|1.0|INDIVIDUAL|FIJO|210086712|1|0|1.0
141,INDIVIDUAL|FIJO|200060302|1|0|1.0|INDIVIDUAL|FIJO|200060302|1|0|1.0|INDIVIDUAL|FIJO|200060302|1|0|1.0|INDIVIDUAL|FIJO|200060302|1|0|1.0|INDIVIDUAL|FIJO|200060302|1|0|1.0
142,INDIVIDUAL|FIJO|200087691|1|0|1.0|INDIVIDUAL|FIJO|200087691|1|0|1.0|INDIVIDUAL|FIJO|200087691|1|0|1.0|INDIVIDUAL|FIJO|200087691|1|0|1.0|INDIVIDUAL|FIJO|200087691|1|0|1.0|INDIVIDUAL|FIJO|200087691|1|0|1.0|INDIVIDUAL|FIJO|200087691|1|0|1.0|INDIVIDUAL|FIJO|200087691|1|0|1.0|INDIVIDUAL|FIJO|200087691|1|0|1.0|INDIVIDUAL|FIJO|200087691|1|0|1.0|INDIVIDUAL|FIJO|200087691|1|0|1.0
143,INDIVIDUAL|FIJO|200098648|1|0|1.0|INDIVIDUAL|FIJO|200098648|1|0|1.0|INDIVIDUAL|FIJO|200098648|1|0|1.0|INDIVIDUAL|FIJO|200098648|1|0|1.0|INDIVIDUAL|FIJO|200098648|1|0|1.0|INDIVIDUAL|FIJO|200098648|1|0|1.0|INDIVIDUAL|FIJO|200098648|1|0|1.0|INDIVIDUAL|FIJO|200098648|1|0|1.0|INDIVIDUAL|FIJO|200098648|1|0|1.0|INDIVIDUAL|FIJO|200098648|1|0|1.0
144,INDIVIDUAL|FIJO|200056090|1|0|1.0|INDIVIDUAL|FIJO|200056090|1|0|1.0|INDIVIDUAL|FIJO|200056090|1|0|1.0|INDIVIDUAL|FIJO|200056090|1|0|1.0|INDIVIDUAL|FIJO|200056090|1|0|1.0|INDIVIDUAL|FIJO|200056090|1|0|1.0|INDIVIDUAL|FIJO|200056090|1|0|1.0|INDIVIDUAL|FIJO|200056090|1|0|1.0|INDIVIDUAL|FIJO|200056090|1|0|1.0|INDIVIDUAL|FIJO|200056090|1|0|1.0|INDIVIDUAL|FIJO|200056090|1|0|1.0
145,INDIVIDUAL|FIJO|200069656|1|0|1.0|INDIVIDUAL|FIJO|200069656|1|0|1.0|INDIVIDUAL|FIJO|200069656|1|0|1.0|INDIVIDUAL|FIJO|200069656|1|0|1.0|INDIVIDUAL|FIJO|200069656|1|0|1.0|INDIVIDUAL|FIJO|200069656|1|0|1.0|INDIVIDUAL|FIJO|200069656|1|0|1.0|INDIVIDUAL|FIJO|200069656|1|0|1.0|INDIVIDUAL|FIJO|200069656|1|0|1.0|INDIVIDUAL|FIJO|200069656|1|0|1.0
146,INDIVIDUAL|FIJO|200079482|1|0|1.0|INDIVIDUAL|FIJO|200079482|1|0|1.0|INDIVIDUAL|FIJO|200079482|1|0|1.0|INDIVIDUAL|FIJO|200079482|1|0|1.0|INDIVIDUAL|FIJO|200079482|1|0|1.0|INDIVIDUAL|FIJO|200079482|1|0|1.0|INDIVIDUAL|FIJO|200079482|1|0|1.0|INDIVIDUAL|FIJO|200079482|1|0|1.0|INDIVIDUAL|FIJO|200079482|1|0|1.0|INDIVIDUAL|FIJO|200079482|1|0|1.0
147,INDIVIDUAL|FIJO|200073399|1|0|1.0|INDIVIDUAL|FIJO|200073399|1|0|1.0|INDIVIDUAL|FIJO|200073399|1|0|1.0|INDIVIDUAL|FIJO|200073399|1|0|1.0|INDIVIDUAL|FIJO|200073399|1|0|1.0|INDIVIDUAL|FIJO|200073399|1|0|1.0|INDIVIDUAL|FIJO|200073399|1|0|1.0|INDIVIDUAL|FIJO|200073399|1|0|1.0|INDIVIDUAL|FIJO|200073399|1|0|1.0|INDIVIDUAL|FIJO|200073399|1|0|1.0
148,INDIVIDUAL|FIJO|200067147|1|0|1.0|INDIVIDUAL|FIJO|200067147|1|0|1.0|INDIVIDUAL|FIJO|200067147|1|0|1.0|INDIVIDUAL|FIJO|200067147|1|0|1.0|INDIVIDUAL|FIJO|200067147|1|0|1.0|INDIVIDUAL|FIJO|200067147|1|0|1.0|INDIVIDUAL|FIJO|200067147|1|0|1.0|INDIVIDUAL|FIJO|200067147|1|0|1.0|INDIVIDUAL|FIJO|200067147|1|0|1.0|INDIVIDUAL|FIJO|200067147|1|0|1.0
149,INDIVIDUAL|FIJO|200050748|1|0|1.0|INDIVIDUAL|FIJO|200050748|1|0|1.0|INDIVIDUAL|FIJO|200050748|1|0|1.0|INDIVIDUAL|FIJO|200050748|1|0|1.0|INDIVIDUAL|FIJO|200050748|1|0|1.0|INDIVIDUAL|FIJO|200050748|1|0|1.0|INDIVIDUAL|FIJO|200050748|1|0|1.0|INDIVIDUAL|FIJO|200050748|1|0|1.0|INDIVIDUAL|FIJO|200050748|1|0|1.0|INDIVIDUAL|FIJO|200050748|1|0|1.0|INDIVIDUAL|FIJO|200050748|1|0|1.0
150,INDIVIDUAL|FIJO|200047325|1|0|1.0|INDIVIDUAL|FIJO|200047325|1|0|1.0|INDIVIDUAL|FIJO|200047325|1|0|1.0|INDIVIDUAL|FIJO|200047325|1|0|1.0|INDIVIDUAL|FIJO|200047325|1|0|1.0|INDIVIDUAL|FIJO|200047325|1|0|1.0|INDIVIDUAL|FIJO|200047325|1|0|1.0|INDIVIDUAL|FIJO|200047325|1|0|1.0|INDIVIDUAL|FIJO|200047325|1|0|1.0|INDIVIDUAL|FIJO|200047325|1|0|1.0|INDIVIDUAL|FIJO|200047325|1|0|1.0
151,INDIVIDUAL|FIJO|200116535|1|0|1.0|INDIVIDUAL|FIJO|200116535|1|0|1.0|INDIVIDUAL|FIJO|200116535|1|0|1.0|INDIVIDUAL|FIJO|200116535|1|0|1.0|INDIVIDUAL|FIJO|200116535|1|0|1.0|INDIVIDUAL|FIJO|200116535|1|0|1.0|INDIVIDUAL|FIJO|200116535|1|0|1.0|INDIVIDUAL|FIJO|200116535|1|0|1.0|INDIVIDUAL|FIJO|200116535|1|0|1.0|INDIVIDUAL|FIJO|200116535|1|0|1.0
152,INDIVIDUAL|FIJO|200084784|1|0|1.0|INDIVIDUAL|FIJO|200084784|1|0|1.0|INDIVIDUAL|FIJO|200084784|1|0|1.0|INDIVIDUAL|FIJO|200084784|1|0|1.0|INDIVIDUAL|FIJO|200084784|1|0|1.0|INDIVIDUAL|FIJO|200084784|1|0|1.0|INDIVIDUAL|FIJO|200084784|1|0|1.0|INDIVIDUAL|FIJO|200084784|1|0|1.0|INDIVIDUAL|FIJO|200084784|1|0|1.0|INDIVIDUAL|FIJO|200084784|1|0|1.0|INDIVIDUAL|FIJO|200084784|1|0|1.0
153,INDIVIDUAL|FIJO|200084783|1|0|1.0|INDIVIDUAL|FIJO|200084783|1|0|1.0|INDIVIDUAL|FIJO|200084783|1|0|1.0|INDIVIDUAL|FIJO|200084783|1|0|1.0|INDIVIDUAL|FIJO|200084783|1|0|1.0|INDIVIDUAL|FIJO|200084783|1|0|1.0|INDIVIDUAL|FIJO|200084783|1|0|1.0|INDIVIDUAL|FIJO|200084783|1|0|1.0|INDIVIDUAL|FIJO|200084783|1|0|1.0|INDIVIDUAL|FIJO|200084783|1|0|1.0|INDIVIDUAL|FIJO|200084783|1|0|1.0
154,INDIVIDUAL|FIJO|200084815|1|0|1.0|INDIVIDUAL|FIJO|200084815|1|0|1.0|INDIVIDUAL|FIJO|200084815|1|0|1.0|INDIVIDUAL|FIJO|200084815|1|0|1.0|INDIVIDUAL|FIJO|200084815|1|0|1.0|INDIVIDUAL|FIJO|200084815|1|0|1.0|INDIVIDUAL|FIJO|200084815|1|0|1.0|INDIVIDUAL|FIJO|200084815|1|0|1.0|INDIVIDUAL|FIJO|200084815|1|0|1.0|INDIVIDUAL|FIJO|200084815|1|0|1.0|INDIVIDUAL|FIJO|200084815|1|0|1.0
155,INDIVIDUAL|FIJO|200056155|1|0|1.0|INDIVIDUAL|FIJO|200056155|1|0|1.0|INDIVIDUAL|FIJO|200056155|1|0|1.0|INDIVIDUAL|FIJO|200056155|1|0|1.0|INDIVIDUAL|FIJO|200056155|1|0|1.0|INDIVIDUAL|FIJO|200056155|1|0|1.0|INDIVIDUAL|FIJO|200056155|1|0|1.0|INDIVIDUAL|FIJO|200056155|1|0|1.0|INDIVIDUAL|FIJO|200056155|1|0|1.0
156,INDIVIDUAL|FIJO|200038324|1|0|1.0|INDIVIDUAL|FIJO|200038324|1|0|1.0|INDIVIDUAL|FIJO|200038324|1|0|1.0|INDIVIDUAL|FIJO|200038324|1|0|1.0|INDIVIDUAL|FIJO|200038324|1|0|1.0|INDIVIDUAL|FIJO|200038324|1|0|1.0|INDIVIDUAL|FIJO|200038324|1|0|1.0
157,INDIVIDUAL|FIJO|200038319|1|0|1.0|INDIVIDUAL|FIJO|200038319|1|0|1.0|INDIVIDUAL|FIJO|200038319|1|0|1.0|INDIVIDUAL|FIJO|200038319|1|0|1.0|INDIVIDUAL|FIJO|200038319|1|0|1.0|INDIVIDUAL|FIJO|200038319|1|0|1.0|INDIVIDUAL|FIJO|200038319|1|0|1.0
158,INDIVIDUAL|FIJO|200058539|1|0|1.0|INDIVIDUAL|FIJO|200058539|1|0|1.0|INDIVIDUAL|FIJO|200058539|1|0|1.0|INDIVIDUAL|FIJO|200058539|1|0|1.0|INDIVIDUAL|FIJO|200058539|1|0|1.0|INDIVIDUAL|FIJO|200058539|1|0|1.0|INDIVIDUAL|FIJO|200058539|1|0|1.0|INDIVIDUAL|FIJO|200058539|1|0|1.0|INDIVIDUAL|FIJO|200058539|1|0|1.0|INDIVIDUAL|FIJO|200058539|1|0|1.0|INDIVIDUAL|FIJO|200058539|1|0|1.0
159,INDIVIDUAL|FIJO|200039963|1|0|1.0|INDIVIDUAL|FIJO|200039963|1|0|1.0|INDIVIDUAL|FIJO|200039963|1|0|1.0|INDIVIDUAL|FIJO|200039963|1|0|1.0|INDIVIDUAL|FIJO|200039963|1|0|1.0|INDIVIDUAL|FIJO|200039963|1|0|1.0|INDIVIDUAL|FIJO|200039963|1|0|1.0|INDIVIDUAL|FIJO|200039963|1|0|1.0|INDIVIDUAL|FIJO|200039963|1|0|1.0|INDIVIDUAL|FIJO|200039963|1|0|1.0|INDIVIDUAL|FIJO|200039963|1|0|1.0
160,INDIVIDUAL|FIJO|200045540|1|0|1.0|INDIVIDUAL|FIJO|200045540|1|0|1.0|INDIVIDUAL|FIJO|200045540|1|0|1.0|INDIVIDUAL|FIJO|200045540|1|0|1.0|INDIVIDUAL|FIJO|200045540|1|0|1.0|INDIVIDUAL|FIJO|200045540|1|0|1.0
161,INDIVIDUAL|FIJO|200017521|1|0|1.0|INDIVIDUAL|FIJO|200017521|1|0|1.0|INDIVIDUAL|FIJO|200017521|1|0|1.0|INDIVIDUAL|FIJO|200017521|1|0|1.0|INDIVIDUAL|FIJO|200017521|1|0|1.0
162,INDIVIDUAL|FIJO|200063934|1|0|1.0|INDIVIDUAL|FIJO|200063934|1|0|1.0|INDIVIDUAL|FIJO|200063934|1|0|1.0|INDIVIDUAL|FIJO|200063934|1|0|1.0|INDIVIDUAL|FIJO|200063934|1|0|1.0|INDIVIDUAL|FIJO|200063934|1|0|1.0|INDIVIDUAL|FIJO|200063934|1|0|1.0|INDIVIDUAL|FIJO|200063934|1|0|1.0|INDIVIDUAL|FIJO|200063934|1|0|1.0
163,INDIVIDUAL|FIJO|200056621|1|0|1.0|INDIVIDUAL|FIJO|200056621|1|0|1.0|INDIVIDUAL|FIJO|200056621|1|0|1.0|INDIVIDUAL|FIJO|200056621|1|0|1.0
164,INDIVIDUAL|FIJO|200062880|1|0|1.0|INDIVIDUAL|FIJO|200062880|1|0|1.0|INDIVIDUAL|FIJO|200062880|1|0|1.0|INDIVIDUAL|FIJO|200062880|1|0|1.0|INDIVIDUAL|FIJO|200062880|1|0|1.0|INDIVIDUAL|FIJO|200062880|1|0|1.0|INDIVIDUAL|FIJO|200062880|1|0|1.0|INDIVIDUAL|FIJO|200062880|1|0|1.0|INDIVIDUAL|FIJO|200062880|1|0|1.0|INDIVIDUAL|FIJO|200062880|1|0|1.0|INDIVIDUAL|FIJO|200062880|1|0|1.0
165,INDIVIDUAL|FIJO|200096703|1|0|1.0|INDIVIDUAL|FIJO|200096703|1|0|1.0|INDIVIDUAL|FIJO|200096703|1|0|1.0|INDIVIDUAL|FIJO|200096703|1|0|1.0|INDIVIDUAL|FIJO|200096703|1|0|1.0|INDIVIDUAL|FIJO|200096703|1|0|1.0|INDIVIDUAL|FIJO|200096703|1|0|1.0|INDIVIDUAL|FIJO|200096703|1|0|1.0
166,INDIVIDUAL|FIJO|200095771|1|0|1.0|INDIVIDUAL|FIJO|200095771|1|0|1.0|INDIVIDUAL|FIJO|200095771|1|0|1.0|INDIVIDUAL|FIJO|200095771|1|0|1.0|INDIVIDUAL|FIJO|200095771|1|0|1.0|INDIVIDUAL|FIJO|200095771|1|0|1.0|INDIVIDUAL|FIJO|200095771|1|0|1.0|INDIVIDUAL|FIJO|200095771|1|0|1.0
167,INDIVIDUAL|FIJO|200062878|1|0|1.0|INDIVIDUAL|FIJO|200062878|1|0|1.0|INDIVIDUAL|FIJO|200062878|1|0|1.0|INDIVIDUAL|FIJO|200062878|1|0|1.0|INDIVIDUAL|FIJO|200062878|1|0|1.0|INDIVIDUAL|FIJO|200062878|1|0|1.0|INDIVIDUAL|FIJO|200062878|1|0|1.0|INDIVIDUAL|FIJO|200062878|1|0|1.0|INDIVIDUAL|FIJO|200062878|1|0|1.0|INDIVIDUAL|FIJO|200062878|1|0|1.0|INDIVIDUAL|FIJO|200062878|1|0|1.0
168,INDIVIDUAL|FIJO|200056617|1|0|1.0|INDIVIDUAL|FIJO|200056617|1|0|1.0|INDIVIDUAL|FIJO|200056617|1|0|1.0|INDIVIDUAL|FIJO|200056617|1|0|1.0|INDIVIDUAL|FIJO|200056617|1|0|1.0|INDIVIDUAL|FIJO|200056617|1|0|1.0|INDIVIDUAL|FIJO|200056617|1|0|1.0|INDIVIDUAL|FIJO|200056617|1|0|1.0|INDIVIDUAL|FIJO|200056617|1|0|1.0|INDIVIDUAL|FIJO|200056617|1|0|1.0|INDIVIDUAL|FIJO|200056617|1|0|1.0|INDIVIDUAL|FIJO|200056617|1|0|1.0
169,INDIVIDUAL|FIJO|200056759|1|0|1.0|INDIVIDUAL|FIJO|200056759|1|0|1.0|INDIVIDUAL|FIJO|200056759|1|0|1.0|INDIVIDUAL|FIJO|200056759|1|0|1.0|INDIVIDUAL|FIJO|200056759|1|0|1.0|INDIVIDUAL|FIJO|200056759|1|0|1.0|INDIVIDUAL|FIJO|200056759|1|0|1.0|INDIVIDUAL|FIJO|200056759|1|0|1.0|INDIVIDUAL|FIJO|200056759|1|0|1.0|INDIVIDUAL|FIJO|200056759|1|0|1.0|INDIVIDUAL|FIJO|200056759|1|0|1.0
170,INDIVIDUAL|FIJO|200039966|1|0|1.0|INDIVIDUAL|FIJO|200039966|1|0|1.0|INDIVIDUAL|FIJO|200039966|1|0|1.0|INDIVIDUAL|FIJO|200039966|1|0|1.0|INDIVIDUAL|FIJO|200039966|1|0|1.0|INDIVIDUAL|FIJO|200039966|1|0|1.0|INDIVIDUAL|FIJO|200039966|1|0|1.0|INDIVIDUAL|FIJO|200039966|1|0|1.0|INDIVIDUAL|FIJO|200039966|1|0|1.0|INDIVIDUAL|FIJO|200039966|1|0|1.0|INDIVIDUAL|FIJO|200039966|1|0|1.0
171,INDIVIDUAL|FIJO|200060588|1|0|1.0|INDIVIDUAL|FIJO|200060588|1|0|1.0|INDIVIDUAL|FIJO|200060588|1|0|1.0|INDIVIDUAL|FIJO|200060588|1|0|1.0|INDIVIDUAL|FIJO|200060588|1|0|1.0|INDIVIDUAL|FIJO|200060588|1|0|1.0
172,INDIVIDUAL|FIJO|200058967|1|0|1.0|INDIVIDUAL|FIJO|200058967|1|0|1.0|INDIVIDUAL|FIJO|200058967|1|0|1.0|INDIVIDUAL|FIJO|200058967|1|0|1.0|INDIVIDUAL|FIJO|200058967|1|0|1.0
173,INDIVIDUAL|FIJO|200035113|1|0|1.0|INDIVIDUAL|FIJO|200035113|1|0|1.0|INDIVIDUAL|FIJO|200035113|1|0|1.0|INDIVIDUAL|FIJO|200035113|1|0|1.0|INDIVIDUAL|FIJO|200035113|1|0|1.0
174,INDIVIDUAL|FIJO|200035116|1|0|1.0|INDIVIDUAL|FIJO|200035116|1|0|1.0|INDIVIDUAL|FIJO|200035116|1|0|1.0|INDIVIDUAL|FIJO|200035116|1|0|1.0|INDIVIDUAL|FIJO|200035116|1|0|1.0|INDIVIDUAL|FIJO|200035116|1|0|1.0
175,INDIVIDUAL|FIJO|200037093|1|0|1.0|INDIVIDUAL|FIJO|200037093|1|0|1.0|INDIVIDUAL|FIJO|200037093|1|0|1.0|INDIVIDUAL|FIJO|200037093|1|0|1.0|INDIVIDUAL|FIJO|200037093|1|0|1.0
176,INDIVIDUAL|FIJO|200037734|1|0|1.0|INDIVIDUAL|FIJO|200037734|1|0|1.0|INDIVIDUAL|FIJO|200037734|1|0|1.0|INDIVIDUAL|FIJO|200037734|1|0|1.0|INDIVIDUAL|FIJO|200037734|1|0|1.0
177,INDIVIDUAL|FIJO|200041010|1|0|1.0|INDIVIDUAL|FIJO|200041010|1|0|1.0|INDIVIDUAL|FIJO|200041010|1|0|1.0|INDIVIDUAL|FIJO|200041010|1|0|1.0|INDIVIDUAL|FIJO|200041010|1|0|1.0
178,INDIVIDUAL|FIJO|200037125|1|0|1.0|INDIVIDUAL|FIJO|200037125|1|0|1.0|INDIVIDUAL|FIJO|200037125|1|0|1.0|INDIVIDUAL|FIJO|200037125|1|0|1.0|INDIVIDUAL|FIJO|200037125|1|0|1.0
179,INDIVIDUAL|FIJO|200073712|1|0|1.0|INDIVIDUAL|FIJO|200073712|1|0|1.0|INDIVIDUAL|FIJO|200073712|1|0|1.0|INDIVIDUAL|FIJO|200073712|1|0|1.0|INDIVIDUAL|FIJO|200073712|1|0|1.0|INDIVIDUAL|FIJO|200073712|1|0|1.0|INDIVIDUAL|FIJO|200073712|1|0|1.0|INDIVIDUAL|FIJO|200073712|1|0|1.0|INDIVIDUAL|FIJO|200073712|1|0|1.0|INDIVIDUAL|FIJO|200073712|1|0|1.0|INDIVIDUAL|FIJO|200073712|1|0|1.0|INDIVIDUAL|FIJO|200073712|1|0|1.0
180,INDIVIDUAL|FIJO|200056743|1|0|1.0|INDIVIDUAL|FIJO|200056743|1|0|1.0|INDIVIDUAL|FIJO|200056743|1|0|1.0|INDIVIDUAL|FIJO|200056743|1|0|1.0|INDIVIDUAL|FIJO|200056743|1|0|1.0|INDIVIDUAL|FIJO|200056743|1|0|1.0|INDIVIDUAL|FIJO|200056743|1|0|1.0|INDIVIDUAL|FIJO|200056743|1|0|1.0|INDIVIDUAL|FIJO|200056743|1|0|1.0|INDIVIDUAL|FIJO|200056743|1|0|1.0|INDIVIDUAL|FIJO|200056743|1|0|1.0|INDIVIDUAL|FIJO|200056743|1|0|1.0
181,INDIVIDUAL|FIJO|200056741|1|0|1.0|INDIVIDUAL|FIJO|200056741|1|0|1.0|INDIVIDUAL|FIJO|200056741|1|0|1.0|INDIVIDUAL|FIJO|200056741|1|0|1.0|INDIVIDUAL|FIJO|200056741|1|0|1.0|INDIVIDUAL|FIJO|200056741|1|0|1.0|INDIVIDUAL|FIJO|200056741|1|0|1.0|INDIVIDUAL|FIJO|200056741|1|0|1.0|INDIVIDUAL|FIJO|200056741|1|0|1.0|INDIVIDUAL|FIJO|200056741|1|0|1.0|INDIVIDUAL|FIJO|200056741|1|0|1.0|INDIVIDUAL|FIJO|200056741|1|0|1.0
182,INDIVIDUAL|FIJO|200056740|1|0|1.0|INDIVIDUAL|FIJO|200056740|1|0|1.0|INDIVIDUAL|FIJO|200056740|1|0|1.0|INDIVIDUAL|FIJO|200056740|1|0|1.0|INDIVIDUAL|FIJO|200056740|1|0|1.0|INDIVIDUAL|FIJO|200056740|1|0|1.0|INDIVIDUAL|FIJO|200056740|1|0|1.0|INDIVIDUAL|FIJO|200056740|1|0|1.0|INDIVIDUAL|FIJO|200056740|1|0|1.0|INDIVIDUAL|FIJO|200056740|1|0|1.0|INDIVIDUAL|FIJO|200056740|1|0|1.0|INDIVIDUAL|FIJO|200056740|1|0|1.0
183,INDIVIDUAL|FIJO|200064292|1|0|1.0|INDIVIDUAL|FIJO|200064292|1|0|1.0|INDIVIDUAL|FIJO|200064292|1|0|1.0|INDIVIDUAL|FIJO|200064292|1|0|1.0|INDIVIDUAL|FIJO|200064292|1|0|1.0|INDIVIDUAL|FIJO|200064292|1|0|1.0|INDIVIDUAL|FIJO|200064292|1|0|1.0|INDIVIDUAL|FIJO|200064292|1|0|1.0|INDIVIDUAL|FIJO|200064292|1|0|1.0|INDIVIDUAL|FIJO|200064292|1|0|1.0|INDIVIDUAL|FIJO|200064292|1|0|1.0
184,INDIVIDUAL|FIJO|200064341|1|0|1.0|INDIVIDUAL|FIJO|200064341|1|0|1.0|INDIVIDUAL|FIJO|200064341|1|0|1.0|INDIVIDUAL|FIJO|200064341|1|0|1.0|INDIVIDUAL|FIJO|200064341|1|0|1.0|INDIVIDUAL|FIJO|200064341|1|0|1.0|INDIVIDUAL|FIJO|200064341|1|0|1.0|INDIVIDUAL|FIJO|200064341|1|0|1.0|INDIVIDUAL|FIJO|200064341|1|0|1.0|INDIVIDUAL|FIJO|200064341|1|0|1.0|INDIVIDUAL|FIJO|200064341|1|0|1.0|INDIVIDUAL|FIJO|200064341|1|0|1.0|INDIVIDUAL|FIJO|200064341|1|0|1.0
185,INDIVIDUAL|FIJO|200072913|1|0|1.0|INDIVIDUAL|FIJO|200072913|1|0|1.0|INDIVIDUAL|FIJO|200072913|1|0|1.0|INDIVIDUAL|FIJO|200072913|1|0|1.0|INDIVIDUAL|FIJO|200072913|1|0|1.0|INDIVIDUAL|FIJO|200072913|1|0|1.0|INDIVIDUAL|FIJO|200072913|1|0|1.0|INDIVIDUAL|FIJO|200072913|1|0|1.0|INDIVIDUAL|FIJO|200072913|1|0|1.0|INDIVIDUAL|FIJO|200072913|1|0|1.0|INDIVIDUAL|FIJO|200072913|1|0|1.0|INDIVIDUAL|FIJO|200072913|1|0|1.0|INDIVIDUAL|FIJO|200072913|1|0|1.0
186,INDIVIDUAL|FIJO|200064310|1|0|1.0|INDIVIDUAL|FIJO|200064310|1|0|1.0|INDIVIDUAL|FIJO|200064310|1|0|1.0|INDIVIDUAL|FIJO|200064310|1|0|1.0|INDIVIDUAL|FIJO|200064310|1|0|1.0|INDIVIDUAL|FIJO|200064310|1|0|1.0|INDIVIDUAL|FIJO|200064310|1|0|1.0|INDIVIDUAL|FIJO|200064310|1|0|1.0|INDIVIDUAL|FIJO|200064310|1|0|1.0|INDIVIDUAL|FIJO|200064310|1|0|1.0|INDIVIDUAL|FIJO|200064310|1|0|1.0|INDIVIDUAL|FIJO|200064310|1|0|1.0|INDIVIDUAL|FIJO|200064310|1|0|1.0
192,INDIVIDUAL|FIJO|200111352|1|0|1.0|INDIVIDUAL|FIJO|200111352|1|0|1.0|INDIVIDUAL|FIJO|200111352|1|0|1.0|INDIVIDUAL|FIJO|200111352|1|0|1.0|INDIVIDUAL|FIJO|200111352|1|0|1.0|INDIVIDUAL|FIJO|200111352|1|0|1.0|INDIVIDUAL|FIJO|200111352|1|0|1.0|INDIVIDUAL|FIJO|200111352|1|0|1.0|INDIVIDUAL|FIJO|200111352|1|0|1.0|INDIVIDUAL|FIJO|200111352|1|0|1.0|INDIVIDUAL|FIJO|200111352|1|0|1.0
193,INDIVIDUAL|FIJO|200088336|1|0|1.0|INDIVIDUAL|FIJO|200088336|1|0|1.0|INDIVIDUAL|FIJO|200088336|1|0|1.0|INDIVIDUAL|FIJO|200088336|1|0|1.0|INDIVIDUAL|FIJO|200088336|1|0|1.0|INDIVIDUAL|FIJO|200088336|1|0|1.0|INDIVIDUAL|FIJO|200088336|1|0|1.0|INDIVIDUAL|FIJO|200088336|1|0|1.0|INDIVIDUAL|FIJO|200088336|1|0|1.0|INDIVIDUAL|FIJO|200088336|1|0|1.0|INDIVIDUAL|FIJO|200088336|1|0|1.0
194,INDIVIDUAL|FIJO|200100617|1|0|1.0|INDIVIDUAL|FIJO|200100617|1|0|1.0|INDIVIDUAL|FIJO|200100617|1|0|1.0|INDIVIDUAL|FIJO|200100617|1|0|1.0|INDIVIDUAL|FIJO|200100617|1|0|1.0|INDIVIDUAL|FIJO|200100617|1|0|1.0|INDIVIDUAL|FIJO|200100617|1|0|1.0|INDIVIDUAL|FIJO|200100617|1|0|1.0|INDIVIDUAL|FIJO|200100617|1|0|1.0|INDIVIDUAL|FIJO|200100617|1|0|1.0
195,INDIVIDUAL|FIJO|200114924|1|0|1.0|INDIVIDUAL|FIJO|200114924|1|0|1.0|INDIVIDUAL|FIJO|200114924|1|0|1.0|INDIVIDUAL|FIJO|200114924|1|0|1.0|INDIVIDUAL|FIJO|200114924|1|0|1.0|INDIVIDUAL|FIJO|200114924|1|0|1.0|INDIVIDUAL|FIJO|200114924|1|0|1.0|INDIVIDUAL|FIJO|200114924|1|0|1.0|INDIVIDUAL|FIJO|200114924|1|0|1.0|INDIVIDUAL|FIJO|200114924|1|0|1.0
196,INDIVIDUAL|FIJO|200106290|1|0|1.0|INDIVIDUAL|FIJO|200106290|1|0|1.0|INDIVIDUAL|FIJO|200106290|1|0|1.0|INDIVIDUAL|FIJO|200106290|1|0|1.0|INDIVIDUAL|FIJO|200106290|1|0|1.0|INDIVIDUAL|FIJO|200106290|1|0|1.0|INDIVIDUAL|FIJO|200106290|1|0|1.0|INDIVIDUAL|FIJO|200106290|1|0|1.0|INDIVIDUAL|FIJO|200106290|1|0|1.0|INDIVIDUAL|FIJO|200106290|1|0|1.0
197,INDIVIDUAL|FIJO|200098377|1|0|1.0|INDIVIDUAL|FIJO|200098377|1|0|1.0|INDIVIDUAL|FIJO|200098377|1|0|1.0|INDIVIDUAL|FIJO|200098377|1|0|1.0|INDIVIDUAL|FIJO|200098377|1|0|1.0|INDIVIDUAL|FIJO|200098377|1|0|1.0|INDIVIDUAL|FIJO|200098377|1|0|1.0|INDIVIDUAL|FIJO|200098377|1|0|1.0|INDIVIDUAL|FIJO|200098377|1|0|1.0|INDIVIDUAL|FIJO|200098377|1|0|1.0|INDIVIDUAL|FIJO|200098377|1|0|1.0
198,INDIVIDUAL|FIJO|200110157|1|0|1.0|INDIVIDUAL|FIJO|200110157|1|0|1.0|INDIVIDUAL|FIJO|200110157|1|0|1.0|INDIVIDUAL|FIJO|200110157|1|0|1.0|INDIVIDUAL|FIJO|200110157|1|0|1.0|INDIVIDUAL|FIJO|200110157|1|0|1.0|INDIVIDUAL|FIJO|200110157|1|0|1.0|INDIVIDUAL|FIJO|200110157|1|0|1.0|INDIVIDUAL|FIJO|200110157|1|0|1.0|INDIVIDUAL|FIJO|200110157|1|0|1.0|INDIVIDUAL|FIJO|200110157|1|0|1.0
199,INDIVIDUAL|FIJO|200051232|1|0|1.0|INDIVIDUAL|FIJO|200051232|1|0|1.0|INDIVIDUAL|FIJO|200051232|1|0|1.0|INDIVIDUAL|FIJO|200051232|1|0|1.0|INDIVIDUAL|FIJO|200051232|1|0|1.0|INDIVIDUAL|FIJO|200051232|1|0|1.0|INDIVIDUAL|FIJO|200051232|1|0|1.0|INDIVIDUAL|FIJO|200051232|1|0|1.0|INDIVIDUAL|FIJO|200051232|1|0|1.0|INDIVIDUAL|FIJO|200051232|1|0|1.0
200,INDIVIDUAL|FIJO|200084602|1|0|1.0|INDIVIDUAL|FIJO|200084602|1|0|1.0|INDIVIDUAL|FIJO|200084602|1|0|1.0|INDIVIDUAL|FIJO|200084602|1|0|1.0|INDIVIDUAL|FIJO|200084602|1|0|1.0|INDIVIDUAL|FIJO|200084602|1|0|1.0|INDIVIDUAL|FIJO|200084602|1|0|1.0|INDIVIDUAL|FIJO|200084602|1|0|1.0|INDIVIDUAL|FIJO|200084602|1|0|1.0|INDIVIDUAL|FIJO|200084602|1|0|1.0|INDIVIDUAL|FIJO|200084602|1|0|1.0
201,INDIVIDUAL|FIJO|200113553|1|0|1.0|INDIVIDUAL|FIJO|200113553|1|0|1.0|INDIVIDUAL|FIJO|200113553|1|0|1.0|INDIVIDUAL|FIJO|200113553|1|0|1.0|INDIVIDUAL|FIJO|200113553|1|0|1.0|INDIVIDUAL|FIJO|200113553|1|0|1.0|INDIVIDUAL|FIJO|200113553|1|0|1.0|INDIVIDUAL|FIJO|200113553|1|0|1.0|INDIVIDUAL|FIJO|200113553|1|0|1.0|INDIVIDUAL|FIJO|200113553|1|0|1.0|INDIVIDUAL|FIJO|200113553|1|0|1.0
202,INDIVIDUAL|FIJO|200009812|1|0|1.0|INDIVIDUAL|FIJO|200009812|1|0|1.0
203,INDIVIDUAL|FIJO|200040880|1|0|1.0|INDIVIDUAL|FIJO|200040880|1|0|1.0|INDIVIDUAL|FIJO|200040880|1|0|1.0
204,INDIVIDUAL|FIJO|200029044|1|0|1.0|INDIVIDUAL|FIJO|200029044|1|0|1.0|INDIVIDUAL|FIJO|200029044|1|0|1.0|INDIVIDUAL|FIJO|200029044|1|0|1.0|INDIVIDUAL|FIJO|200029044|1|0|1.0|INDIVIDUAL|FIJO|200029044|1|0|1.0|INDIVIDUAL|FIJO|200029044|1|0|1.0|INDIVIDUAL|FIJO|200029044|1|0|1.0|INDIVIDUAL|FIJO|200029044|1|0|1.0|INDIVIDUAL|FIJO|200029044|1|0|1.0
205,INDIVIDUAL|FIJO|200056638|1|0|1.0|INDIVIDUAL|FIJO|200056638|1|0|1.0|INDIVIDUAL|FIJO|200056638|1|0|1.0|INDIVIDUAL|FIJO|200056638|1|0|1.0|INDIVIDUAL|FIJO|200056638|1|0|1.0|INDIVIDUAL|FIJO|200056638|1|0|1.0|INDIVIDUAL|FIJO|200056638|1|0|1.0|INDIVIDUAL|FIJO|200056638|1|0|1.0|INDIVIDUAL|FIJO|200056638|1|0|1.0|INDIVIDUAL|FIJO|200056638|1|0|1.0|INDIVIDUAL|FIJO|200056638|1|0|1.0|INDIVIDUAL|FIJO|200056638|1|0|1.0
206,INDIVIDUAL|FIJO|200056636|1|0|1.0|INDIVIDUAL|FIJO|200056636|1|0|1.0|INDIVIDUAL|FIJO|200056636|1|0|1.0|INDIVIDUAL|FIJO|200056636|1|0|1.0|INDIVIDUAL|FIJO|200056636|1|0|1.0
207,INDIVIDUAL|FIJO|200111130|1|0|1.0|INDIVIDUAL|FIJO|200111130|1|0|1.0|INDIVIDUAL|FIJO|200111130|1|0|1.0|INDIVIDUAL|FIJO|200111130|1|0|1.0|INDIVIDUAL|FIJO|200111130|1|0|1.0|INDIVIDUAL|FIJO|200111130|1|0|1.0|INDIVIDUAL|FIJO|200111130|1|0|1.0|INDIVIDUAL|FIJO|200111130|1|0|1.0|INDIVIDUAL|FIJO|200111130|1|0|1.0|INDIVIDUAL|FIJO|200111130|1|0|1.0|INDIVIDUAL|FIJO|200111130|1|0|1.0
208,INDIVIDUAL|FIJO|200116502|1|0|1.0|INDIVIDUAL|FIJO|200116502|1|0|1.0|INDIVIDUAL|FIJO|200116502|1|0|1.0|INDIVIDUAL|FIJO|200116502|1|0|1.0|INDIVIDUAL|FIJO|200116502|1|0|1.0|INDIVIDUAL|FIJO|200116502|1|0|1.0|INDIVIDUAL|FIJO|200116502|1|0|1.0|INDIVIDUAL|FIJO|200116502|1|0|1.0|INDIVIDUAL|FIJO|200116502|1|0|1.0|INDIVIDUAL|FIJO|200116502|1|0|1.0|INDIVIDUAL|FIJO|200116502|1|0|1.0
209,INDIVIDUAL|FIJO|200116502|1|0|1.0|INDIVIDUAL|FIJO|200116502|1|0|1.0|INDIVIDUAL|FIJO|200116502|1|0|1.0|INDIVIDUAL|FIJO|200116502|1|0|1.0|INDIVIDUAL|FIJO|200116502|1|0|1.0|INDIVIDUAL|FIJO|200116502|1|0|1.0|INDIVIDUAL|FIJO|200116502|1|0|1.0|INDIVIDUAL|FIJO|200116502|1|0|1.0|INDIVIDUAL|FIJO|200116502|1|0|1.0|INDIVIDUAL|FIJO|200116502|1|0|1.0|INDIVIDUAL|FIJO|200116502|1|0|1.0
210,INDIVIDUAL|VARIABLE|P0210060001|1|0|1.0|INDIVIDUAL|VARIABLE|P0210060001|1|0|1.0|INDIVIDUAL|VARIABLE|P0210060001|1|0|1.0|INDIVIDUAL|VARIABLE|P0210060001|1|0|1.0|INDIVIDUAL|VARIABLE|P0210060001|1|0|1.0|INDIVIDUAL|VARIABLE|P0210060001|1|0|1.0|INDIVIDUAL|VARIABLE|P0210060001|1|0|1.0|INDIVIDUAL|VARIABLE|P0210060001|1|0|1.0|INDIVIDUAL|VARIABLE|P0210060001|1|0|1.0|INDIVIDUAL|VARIABLE|P0210060001|1|0|1.0|INDIVIDUAL|VARIABLE|P0210060001|1|0|1.0|INDIVIDUAL|VARIABLE|P0210060001|1|0|1.0|INDIVIDUAL|VARIABLE|P0210060001|1|0|1.0|INDIVIDUAL|VARIABLE|P0210060001|1|0|1.0|INDIVIDUAL|VARIABLE|P0210060001|1|0|1.0|INDIVIDUAL|VARIABLE|P0210060001|1|0|1.0|INDIVIDUAL|VARIABLE|P0210060001|1|0|1.0|INDIVIDUAL|VARIABLE|P0210060001|1|0|1.0|INDIVIDUAL|VARIABLE|P0210060001|1|0|1.0|INDIVIDUAL|VARIABLE|P0210060001|1|0|1.0|INDIVIDUAL|VARIABLE|P0210060001|1|0|1.0|INDIVIDUAL|VARIABLE|P0210060001|1|0|1.0|INDIVIDUAL|VARIABLE|P0210060001|1|0|1.0|INDIVIDUAL|VARIABLE|P0210060001|1|0|1.0|INDIVIDUAL|VARIABLE|P0210060001|1|0|1.0|INDIVIDUAL|VARIABLE|P0210060001|1|0|1.0|INDIVIDUAL|VARIABLE|P0210060001|1|0|1.0|INDIVIDUAL|VARIABLE|P0210060001|1|0|1.0|INDIVIDUAL|VARIABLE|P0210060001|1|0|1.0|INDIVIDUAL|VARIABLE|P0210060001|1|0|1.0|INDIVIDUAL|VARIABLE|P0210060001|1|0|1.0|INDIVIDUAL|VARIABLE|P0210060001|1|0|1.0|INDIVIDUAL|VARIABLE|P0210060001|1|0|1.0|INDIVIDUAL|VARIABLE|P0210060001|1|0|1.0|INDIVIDUAL|VARIABLE|P0210060001|1|0|1.0|INDIVIDUAL|VARIABLE|P0210060001|1|0|1.0|INDIVIDUAL|VARIABLE|P0210060001|1|0|1.0|INDIVIDUAL|VARIABLE|P0210060001|1|0|1.0|INDIVIDUAL|VARIABLE|P0210060001|1|0|1.0|INDIVIDUAL|VARIABLE|P0210060001|1|0|1.0|INDIVIDUAL|VARIABLE|P0210060001|1|0|1.0|INDIVIDUAL|VARIABLE|P0210060001|1|0|1.0|INDIVIDUAL|VARIABLE|P0210060001|1|0|1.0|INDIVIDUAL|VARIABLE|P0210060001|1|0|1.0|INDIVIDUAL|VARIABLE|P0210060001|1|0|1.0|INDIVIDUAL|VARIABLE|P0210060001|1|0|1.0|INDIVIDUAL|VARIABLE|P0210060001|1|0|1.0|INDIVIDUAL|VARIABLE|P0210060001|1|0|1.0|INDIVIDUAL|VARIABLE|P0210060001|1|0|1.0|INDIVIDUAL|VARIABLE|P0210060001|1|0|1.0|INDIVIDUAL|VARIABLE|P0210060001|1|0|1.0|INDIVIDUAL|VARIABLE|P0210060001|1|0|1.0|INDIVIDUAL|VARIABLE|P0210060001|1|0|1.0|INDIVIDUAL|VARIABLE|P0210060001|1|0|1.0|INDIVIDUAL|VARIABLE|P0210060001|1|0|1.0|INDIVIDUAL|VARIABLE|P0210060001|1|0|1.0|INDIVIDUAL|VARIABLE|P0210060001|1|0|1.0|INDIVIDUAL|VARIABLE|P0210060001|1|0|1.0|INDIVIDUAL|VARIABLE|P0210060001|1|0|1.0|INDIVIDUAL|VARIABLE|P0210060001|1|0|1.0|INDIVIDUAL|VARIABLE|P0210060001|1|0|1.0|INDIVIDUAL|VARIABLE|P0210060001|1|0|1.0|INDIVIDUAL|VARIABLE|P0210060001|1|0|1.0|INDIVIDUAL|VARIABLE|P0210060001|1|0|1.0|INDIVIDUAL|VARIABLE|P0210060001|1|0|1.0|INDIVIDUAL|VARIABLE|P0210060001|1|0|1.0|INDIVIDUAL|VARIABLE|P0210060001|1|0|1.0|INDIVIDUAL|VARIABLE|P0210060001|1|0|1.0|INDIVIDUAL|VARIABLE|P0210060001|1|0|1.0|INDIVIDUAL|VARIABLE|P0210060001|1|0|1.0|INDIVIDUAL|VARIABLE|P0210060001|1|0|1.0|INDIVIDUAL|VARIABLE|P0210060001|1|0|1.0|INDIVIDUAL|VARIABLE|P0210060001|1|0|1.0|INDIVIDUAL|VARIABLE|P0210060001|1|0|1.0|INDIVIDUAL|VARIABLE|P0210060001|1|0|1.0|INDIVIDUAL|VARIABLE|P0210060001|1|0|1.0|INDIVIDUAL|VARIABLE|P0210060001|1|0|1.0|INDIVIDUAL|VARIABLE|P0210060001|1|0|1.0|INDIVIDUAL|VARIABLE|P0210060001|1|0|1.0|INDIVIDUAL|VARIABLE|P0210060001|1|0|1.0|INDIVIDUAL|VARIABLE|P0210060001|1|0|1.0|INDIVIDUAL|VARIABLE|P0210060001|1|0|1.0|INDIVIDUAL|VARIABLE|P0210060001|1|0|1.0|INDIVIDUAL|VARIABLE|P0210060001|1|0|1.0|INDIVIDUAL|VARIABLE|P0210060001|1|0|1.0|INDIVIDUAL|VARIABLE|P0210060001|1|0|1.0|INDIVIDUAL|VARIABLE|P0210060001|1|0|1.0|INDIVIDUAL|VARIABLE|P0210060001|1|0|1.0|INDIVIDUAL|VARIABLE|P0210060001|1|0|1.0|INDIVIDUAL|VARIABLE|P0210060001|1|0|1.0
211,INDIVIDUAL|VARIABLE|P0067054008|1|0|1.0|INDIVIDUAL|VARIABLE|P0067054008|1|0|1.0|INDIVIDUAL|VARIABLE|P0067054008|1|0|1.0|INDIVIDUAL|VARIABLE|P0067054008|1|0|1.0|INDIVIDUAL|VARIABLE|P0067054008|1|0|1.0|INDIVIDUAL|VARIABLE|P0067054008|1|0|1.0|INDIVIDUAL|VARIABLE|P0067054008|1|0|1.0|INDIVIDUAL|VARIABLE|P0067054008|1|0|1.0|INDIVIDUAL|VARIABLE|P0067054008|1|0|1.0|INDIVIDUAL|VARIABLE|P0067054008|1|0|1.0|INDIVIDUAL|VARIABLE|P0067054008|1|0|1.0|INDIVIDUAL|VARIABLE|P0067054008|1|0|1.0|INDIVIDUAL|VARIABLE|P0067054008|1|0|1.0|INDIVIDUAL|VARIABLE|P0067054008|1|0|1.0|INDIVIDUAL|VARIABLE|P0067054008|1|0|1.0|INDIVIDUAL|VARIABLE|P0067054008|1|0|1.0|INDIVIDUAL|VARIABLE|P0067054008|1|0|1.0|INDIVIDUAL|VARIABLE|P0067054008|1|0|1.0|INDIVIDUAL|VARIABLE|P0067054008|1|0|1.0|INDIVIDUAL|VARIABLE|P0067054008|1|0|1.0|INDIVIDUAL|VARIABLE|P0067054008|1|0|1.0|INDIVIDUAL|VARIABLE|P0067054008|1|0|1.0|INDIVIDUAL|VARIABLE|P0067054008|1|0|1.0|INDIVIDUAL|VARIABLE|P0067054008|1|0|1.0|INDIVIDUAL|VARIABLE|P0067054008|1|0|1.0|INDIVIDUAL|VARIABLE|P0067054008|1|0|1.0|INDIVIDUAL|VARIABLE|P0067054008|1|0|1.0|INDIVIDUAL|VARIABLE|P0067054008|1|0|1.0|INDIVIDUAL|VARIABLE|P0067054008|1|0|1.0|INDIVIDUAL|VARIABLE|P0067054008|1|0|1.0|INDIVIDUAL|VARIABLE|P0067054008|1|0|1.0|INDIVIDUAL|VARIABLE|P0067054008|1|0|1.0|INDIVIDUAL|VARIABLE|P0067054008|1|0|1.0|INDIVIDUAL|VARIABLE|P0067054008|1|0|1.0|INDIVIDUAL|VARIABLE|P0067054008|1|0|1.0|INDIVIDUAL|VARIABLE|P0067054008|1|0|1.0|INDIVIDUAL|VARIABLE|P0067054008|1|0|1.0|INDIVIDUAL|VARIABLE|P0067054008|1|0|1.0|INDIVIDUAL|VARIABLE|P0067054008|1|0|1.0|INDIVIDUAL|VARIABLE|P0067054008|1|0|1.0|INDIVIDUAL|VARIABLE|P0067054008|1|0|1.0|INDIVIDUAL|VARIABLE|P0067054008|1|0|1.0|INDIVIDUAL|VARIABLE|P0067054008|1|0|1.0
212,INDIVIDUAL|VARIABLE|P0210065001|1|0|1.0|INDIVIDUAL|VARIABLE|P0210065001|1|0|1.0|INDIVIDUAL|VARIABLE|P0210065001|1|0|1.0|INDIVIDUAL|VARIABLE|P0210065001|1|0|1.0|INDIVIDUAL|VARIABLE|P0210065001|1|0|1.0|INDIVIDUAL|VARIABLE|P0210065001|1|0|1.0|INDIVIDUAL|VARIABLE|P0210065001|1|0|1.0|INDIVIDUAL|VARIABLE|P0210065001|1|0|1.0|INDIVIDUAL|VARIABLE|P0210065001|1|0|1.0|INDIVIDUAL|VARIABLE|P0210065001|1|0|1.0|INDIVIDUAL|VARIABLE|P0210065001|1|0|1.0|INDIVIDUAL|VARIABLE|P0210065001|1|0|1.0|INDIVIDUAL|VARIABLE|P0210065001|1|0|1.0|INDIVIDUAL|VARIABLE|P0210065001|1|0|1.0|INDIVIDUAL|VARIABLE|P0210065001|1|0|1.0|INDIVIDUAL|VARIABLE|P0210065001|1|0|1.0|INDIVIDUAL|VARIABLE|P0210065001|1|0|1.0|INDIVIDUAL|VARIABLE|P0210065001|1|0|1.0|INDIVIDUAL|VARIABLE|P0210065001|1|0|1.0|INDIVIDUAL|VARIABLE|P0210065001|1|0|1.0
213,INDIVIDUAL|VARIABLE|P0210060001|1|0|1.0|INDIVIDUAL|VARIABLE|P0210060001|1|0|1.0|INDIVIDUAL|VARIABLE|P0210060001|1|0|1.0|INDIVIDUAL|VARIABLE|P0210060001|1|0|1.0|INDIVIDUAL|VARIABLE|P0210060001|1|0|1.0|INDIVIDUAL|VARIABLE|P0210060001|1|0|1.0|INDIVIDUAL|VARIABLE|P0210060001|1|0|1.0|INDIVIDUAL|VARIABLE|P0210060001|1|0|1.0|INDIVIDUAL|VARIABLE|P0210060001|1|0|1.0|INDIVIDUAL|VARIABLE|P0210060001|1|0|1.0|INDIVIDUAL|VARIABLE|P0210060001|1|0|1.0|INDIVIDUAL|VARIABLE|P0210060001|1|0|1.0|INDIVIDUAL|VARIABLE|P0210060001|1|0|1.0|INDIVIDUAL|VARIABLE|P0210060001|1|0|1.0|INDIVIDUAL|VARIABLE|P0210060001|1|0|1.0|INDIVIDUAL|VARIABLE|P0210060001|1|0|1.0|INDIVIDUAL|VARIABLE|P0210060001|1|0|1.0|INDIVIDUAL|VARIABLE|P0210060001|1|0|1.0|INDIVIDUAL|VARIABLE|P0210060001|1|0|1.0|INDIVIDUAL|VARIABLE|P0210060001|1|0|1.0
214,INDIVIDUAL|VARIABLE|P0210065001|1|0|1.0|INDIVIDUAL|VARIABLE|P0210065001|1|0|1.0|INDIVIDUAL|VARIABLE|P0210065001|1|0|1.0|INDIVIDUAL|VARIABLE|P0210065001|1|0|1.0|INDIVIDUAL|VARIABLE|P0210065001|1|0|1.0|INDIVIDUAL|VARIABLE|P0210065001|1|0|1.0|INDIVIDUAL|VARIABLE|P0210065001|1|0|1.0|INDIVIDUAL|VARIABLE|P0210065001|1|0|1.0|INDIVIDUAL|VARIABLE|P0210065001|1|0|1.0|INDIVIDUAL|VARIABLE|P0210065001|1|0|1.0|INDIVIDUAL|VARIABLE|P0210065001|1|0|1.0|INDIVIDUAL|VARIABLE|P0210065001|1|0|1.0|INDIVIDUAL|VARIABLE|P0210065001|1|0|1.0|INDIVIDUAL|VARIABLE|P0210065001|1|0|1.0|INDIVIDUAL|VARIABLE|P0210065001|1|0|1.0|INDIVIDUAL|VARIABLE|P0210065001|1|0|1.0|INDIVIDUAL|VARIABLE|P0210065001|1|0|1.0|INDIVIDUAL|VARIABLE|P0210065001|1|0|1.0|INDIVIDUAL|VARIABLE|P0210065001|1|0|1.0|INDIVIDUAL|VARIABLE|P0210065001|1|0|1.0|INDIVIDUAL|VARIABLE|P0210065001|1|0|1.0|INDIVIDUAL|VARIABLE|P0210065001|1|0|1.0|INDIVIDUAL|VARIABLE|P0210065001|1|0|1.0|INDIVIDUAL|VARIABLE|P0210065001|1|0|1.0|INDIVIDUAL|VARIABLE|P0210065001|1|0|1.0|INDIVIDUAL|VARIABLE|P0210065001|1|0|1.0|INDIVIDUAL|VARIABLE|P0210065001|1|0|1.0|INDIVIDUAL|VARIABLE|P0210065001|1|0|1.0|INDIVIDUAL|VARIABLE|P0210065001|1|0|1.0|INDIVIDUAL|VARIABLE|P0210065001|1|0|1.0|INDIVIDUAL|VARIABLE|P0210065001|1|0|1.0|INDIVIDUAL|VARIABLE|P0210065001|1|0|1.0|INDIVIDUAL|VARIABLE|P0210065001|1|0|1.0|INDIVIDUAL|VARIABLE|P0210065001|1|0|1.0|INDIVIDUAL|VARIABLE|P0210065001|1|0|1.0|INDIVIDUAL|VARIABLE|P0210065001|1|0|1.0|INDIVIDUAL|VARIABLE|P0210065001|1|0|1.0|INDIVIDUAL|VARIABLE|P0210065001|1|0|1.0|INDIVIDUAL|VARIABLE|P0210065001|1|0|1.0|INDIVIDUAL|VARIABLE|P0210065001|1|0|1.0|INDIVIDUAL|VARIABLE|P0210065001|1|0|1.0|INDIVIDUAL|VARIABLE|P0210065001|1|0|1.0|INDIVIDUAL|VARIABLE|P0210065001|1|0|1.0|INDIVIDUAL|VARIABLE|P0210065001|1|0|1.0|INDIVIDUAL|VARIABLE|P0210065001|1|0|1.0|INDIVIDUAL|VARIABLE|P0210065001|1|0|1.0|INDIVIDUAL|VARIABLE|P0210065001|1|0|1.0|INDIVIDUAL|VARIABLE|P0210065001|1|0|1.0|INDIVIDUAL|VARIABLE|P0210065001|1|0|1.0|INDIVIDUAL|VARIABLE|P0210065001|1|0|1.0|INDIVIDUAL|VARIABLE|P0210065001|1|0|1.0|INDIVIDUAL|VARIABLE|P0210065001|1|0|1.0|INDIVIDUAL|VARIABLE|P0210065001|1|0|1.0|INDIVIDUAL|VARIABLE|P0210065001|1|0|1.0|INDIVIDUAL|VARIABLE|P0210065001|1|0|1.0|INDIVIDUAL|VARIABLE|P0210065001|1|0|1.0|INDIVIDUAL|VARIABLE|P0210065001|1|0|1.0|INDIVIDUAL|VARIABLE|P0210065001|1|0|1.0|INDIVIDUAL|VARIABLE|P0210065001|1|0|1.0|INDIVIDUAL|VARIABLE|P0210065001|1|0|1.0|INDIVIDUAL|VARIABLE|P0210065001|1|0|1.0|INDIVIDUAL|VARIABLE|P0210065001|1|0|1.0|INDIVIDUAL|VARIABLE|P0210065001|1|0|1.0|INDIVIDUAL|VARIABLE|P0210065001|1|0|1.0|INDIVIDUAL|VARIABLE|P0210065001|1|0|1.0|INDIVIDUAL|VARIABLE|P0210065001|1|0|1.0|INDIVIDUAL|VARIABLE|P0210065001|1|0|1.0|INDIVIDUAL|VARIABLE|P0210065001|1|0|1.0|INDIVIDUAL|VARIABLE|P0210065001|1|0|1.0|INDIVIDUAL|VARIABLE|P0210065001|1|0|1.0|INDIVIDUAL|VARIABLE|P0210065001|1|0|1.0|INDIVIDUAL|VARIABLE|P0210065001|1|0|1.0|INDIVIDUAL|VARIABLE|P0210065001|1|0|1.0|INDIVIDUAL|VARIABLE|P0210065001|1|0|1.0|INDIVIDUAL|VARIABLE|P0210065001|1|0|1.0|INDIVIDUAL|VARIABLE|P0210065001|1|0|1.0|INDIVIDUAL|VARIABLE|P0210065001|1|0|1.0
215,INDIVIDUAL|VARIABLE|P0292133004|1|0|1.0|INDIVIDUAL|VARIABLE|P0292133004|1|0|1.0|INDIVIDUAL|VARIABLE|P0292133004|1|0|1.0|INDIVIDUAL|VARIABLE|P0292133004|1|0|1.0|INDIVIDUAL|VARIABLE|P0292133004|1|0|1.0|INDIVIDUAL|VARIABLE|P0292133004|1|0|1.0|INDIVIDUAL|VARIABLE|P0292133004|1|0|1.0|INDIVIDUAL|VARIABLE|P0292133004|1|0|1.0|INDIVIDUAL|VARIABLE|P0292133004|1|0|1.0|INDIVIDUAL|VARIABLE|P0292133004|1|0|1.0|INDIVIDUAL|VARIABLE|P0292133004|1|0|1.0|INDIVIDUAL|VARIABLE|P0292133004|1|0|1.0|INDIVIDUAL|VARIABLE|P0292133004|1|0|1.0|INDIVIDUAL|VARIABLE|P0292133004|1|0|1.0|INDIVIDUAL|VARIABLE|P0292133004|1|0|1.0|INDIVIDUAL|VARIABLE|P0292133004|1|0|1.0|INDIVIDUAL|VARIABLE|P0292133004|1|0|1.0|INDIVIDUAL|VARIABLE|P0292133004|1|0|1.0|INDIVIDUAL|VARIABLE|P0292133004|1|0|1.0|INDIVIDUAL|VARIABLE|P0292133004|1|0|1.0|INDIVIDUAL|VARIABLE|P0292133004|1|0|1.0|INDIVIDUAL|VARIABLE|P0292133004|1|0|1.0|INDIVIDUAL|VARIABLE|P0292133004|1|0|1.0|INDIVIDUAL|VARIABLE|P0292133004|1|0|1.0|INDIVIDUAL|VARIABLE|P0292133004|1|0|1.0|INDIVIDUAL|VARIABLE|P0292133004|1|0|1.0|INDIVIDUAL|VARIABLE|P0292133004|1|0|1.0|INDIVIDUAL|VARIABLE|P0292133004|1|0|1.0|INDIVIDUAL|VARIABLE|P0292133004|1|0|1.0|INDIVIDUAL|VARIABLE|P0292133004|1|0|1.0|INDIVIDUAL|VARIABLE|P0292133004|1|0|1.0|INDIVIDUAL|VARIABLE|P0292133004|1|0|1.0|INDIVIDUAL|VARIABLE|P0292133004|1|0|1.0|INDIVIDUAL|VARIABLE|P0292133004|1|0|1.0|INDIVIDUAL|VARIABLE|P0292133004|1|0|1.0|INDIVIDUAL|VARIABLE|P0292133004|1|0|1.0|INDIVIDUAL|VARIABLE|P0292133004|1|0|1.0|INDIVIDUAL|VARIABLE|P0292133004|1|0|1.0|INDIVIDUAL|VARIABLE|P0292133004|1|0|1.0|INDIVIDUAL|VARIABLE|P0292133004|1|0|1.0|INDIVIDUAL|VARIABLE|P0292133004|1|0|1.0|INDIVIDUAL|VARIABLE|P0292133004|1|0|1.0|INDIVIDUAL|VARIABLE|P0292133004|1|0|1.0|INDIVIDUAL|VARIABLE|P0292133004|1|0|1.0|INDIVIDUAL|VARIABLE|P0292133004|1|0|1.0|INDIVIDUAL|VARIABLE|P0292133004|1|0|1.0|INDIVIDUAL|VARIABLE|P0292133004|1|0|1.0|INDIVIDUAL|VARIABLE|P0292133004|1|0|1.0|INDIVIDUAL|VARIABLE|P0292133004|1|0|1.0|INDIVIDUAL|VARIABLE|P0292133004|1|0|1.0|INDIVIDUAL|VARIABLE|P0292133004|1|0|1.0|INDIVIDUAL|VARIABLE|P0292133004|1|0|1.0|INDIVIDUAL|VARIABLE|P0292133004|1|0|1.0|INDIVIDUAL|VARIABLE|P0292133004|1|0|1.0|INDIVIDUAL|VARIABLE|P0292133004|1|0|1.0|INDIVIDUAL|VARIABLE|P0292133004|1|0|1.0|INDIVIDUAL|VARIABLE|P0292133004|1|0|1.0|INDIVIDUAL|VARIABLE|P0292133004|1|0|1.0|INDIVIDUAL|VARIABLE|P0292133004|1|0|1.0|INDIVIDUAL|VARIABLE|P0292133004|1|0|1.0|INDIVIDUAL|VARIABLE|P0292133004|1|0|1.0|INDIVIDUAL|VARIABLE|P0292133004|1|0|1.0|INDIVIDUAL|VARIABLE|P0292133004|1|0|1.0|INDIVIDUAL|VARIABLE|P0292133004|1|0|1.0|INDIVIDUAL|VARIABLE|P0292133004|1|0|1.0|INDIVIDUAL|VARIABLE|P0292133004|1|0|1.0|INDIVIDUAL|VARIABLE|P0292133004|1|0|1.0|INDIVIDUAL|VARIABLE|P0292133004|1|0|1.0|INDIVIDUAL|VARIABLE|P0292133004|1|0|1.0|INDIVIDUAL|VARIABLE|P0292133004|1|0|1.0|INDIVIDUAL|VARIABLE|P0292133004|1|0|1.0|INDIVIDUAL|VARIABLE|P0292133004|1|0|1.0|INDIVIDUAL|VARIABLE|P0292133004|1|0|1.0|INDIVIDUAL|VARIABLE|P0292133004|1|0|1.0|INDIVIDUAL|VARIABLE|P0292133004|1|0|1.0|INDIVIDUAL|VARIABLE|P0292133004|1|0|1.0|INDIVIDUAL|VARIABLE|P0292133004|1|0|1.0|INDIVIDUAL|VARIABLE|P0292133004|1|0|1.0|INDIVIDUAL|VARIABLE|P0292133004|1|0|1.0|INDIVIDUAL|VARIABLE|P0292133004|1|0|1.0|INDIVIDUAL|VARIABLE|P0292133004|1|0|1.0|INDIVIDUAL|VARIABLE|P0292133004|1|0|1.0|INDIVIDUAL|VARIABLE|P0292133004|1|0|1.0|INDIVIDUAL|VARIABLE|P0292133004|1|0|1.0|INDIVIDUAL|VARIABLE|P0292133004|1|0|1.0|INDIVIDUAL|VARIABLE|P0292133004|1|0|1.0|INDIVIDUAL|VARIABLE|P0292133004|1|0|1.0|INDIVIDUAL|VARIABLE|P0292133004|1|0|1.0|INDIVIDUAL|VARIABLE|P0292133004|1|0|1.0|INDIVIDUAL|VARIABLE|P0292133004|1|0|1.0|INDIVIDUAL|VARIABLE|P0292133004|1|0|1.0|INDIVIDUAL|VARIABLE|P0292133004|1|0|1.0|INDIVIDUAL|VARIABLE|P0292133004|1|0|1.0|INDIVIDUAL|VARIABLE|P0292133004|1|0|1.0|INDIVIDUAL|VARIABLE|P0292133004|1|0|1.0|INDIVIDUAL|VARIABLE|P0292133004|1|0|1.0|INDIVIDUAL|VARIABLE|P0292133004|1|0|1.0|INDIVIDUAL|VARIABLE|P0292133004|1|0|1.0|INDIVIDUAL|VARIABLE|P0292133004|1|0|1.0|INDIVIDUAL|VARIABLE|P0292133004|1|0|1.0|INDIVIDUAL|VARIABLE|P0292133004|1|0|1.0|INDIVIDUAL|VARIABLE|P0292133004|1|0|1.0|INDIVIDUAL|VARIABLE|P0292133004|1|0|1.0|INDIVIDUAL|VARIABLE|P0292133004|1|0|1.0|INDIVIDUAL|VARIABLE|P0292133004|1|0|1.0|INDIVIDUAL|VARIABLE|P0292133004|1|0|1.0|INDIVIDUAL|VARIABLE|P0292133004|1|0|1.0|INDIVIDUAL|VARIABLE|P0292133004|1|0|1.0|INDIVIDUAL|VARIABLE|P0292133004|1|0|1.0|INDIVIDUAL|VARIABLE|P0292133004|1|0|1.0|INDIVIDUAL|VARIABLE|P0292133004|1|0|1.0|INDIVIDUAL|VARIABLE|P0292133004|1|0|1.0|INDIVIDUAL|VARIABLE|P0292133004|1|0|1.0|INDIVIDUAL|VARIABLE|P0292133004|1|0|1.0|INDIVIDUAL|VARIABLE|P0292133004|1|0|1.0|INDIVIDUAL|VARIABLE|P0292133004|1|0|1.0|INDIVIDUAL|VARIABLE|P0292133004|1|0|1.0|INDIVIDUAL|VARIABLE|P0292133004|1|0|1.0|INDIVIDUAL|VARIABLE|P0292133004|1|0|1.0|INDIVIDUAL|VARIABLE|P0292133004|1|0|1.0|INDIVIDUAL|VARIABLE|P0292133004|1|0|1.0|INDIVIDUAL|VARIABLE|P0292133004|1|0|1.0|INDIVIDUAL|VARIABLE|P0292133004|1|0|1.0|INDIVIDUAL|VARIABLE|P0292133004|1|0|1.0|INDIVIDUAL|VARIABLE|P0292133004|1|0|1.0|INDIVIDUAL|VARIABLE|P0292133004|1|0|1.0|INDIVIDUAL|VARIABLE|P0292133004|1|0|1.0|INDIVIDUAL|VARIABLE|P0292133004|1|0|1.0|INDIVIDUAL|VARIABLE|P0292133004|1|0|1.0|INDIVIDUAL|VARIABLE|P0292133004|1|0|1.0|INDIVIDUAL|VARIABLE|P0292133004|1|0|1.0|INDIVIDUAL|VARIABLE|P0292133004|1|0|1.0|INDIVIDUAL|VARIABLE|P0292133004|1|0|1.0|INDIVIDUAL|VARIABLE|P0292133004|1|0|1.0|INDIVIDUAL|VARIABLE|P0292133004|1|0|1.0|INDIVIDUAL|VARIABLE|P0292133004|1|0|1.0|INDIVIDUAL|VARIABLE|P0292133004|1|0|1.0|INDIVIDUAL|VARIABLE|P0292133004|1|0|1.0|INDIVIDUAL|VARIABLE|P0292133004|1|0|1.0|INDIVIDUAL|VARIABLE|P0292133004|1|0|1.0|INDIVIDUAL|VARIABLE|P0292133004|1|0|1.0|INDIVIDUAL|VARIABLE|P0292133004|1|0|1.0|INDIVIDUAL|VARIABLE|P0292133004|1|0|1.0|INDIVIDUAL|VARIABLE|P0292133004|1|0|1.0|INDIVIDUAL|VARIABLE|P0292133004|1|0|1.0|INDIVIDUAL|VARIABLE|P0292133004|1|0|1.0|INDIVIDUAL|VARIABLE|P0292133004|1|0|1.0|INDIVIDUAL|VARIABLE|P0292133004|1|0|1.0|INDIVIDUAL|VARIABLE|P0292133004|1|0|1.0|INDIVIDUAL|VARIABLE|P0292133004|1|0|1.0|INDIVIDUAL|VARIABLE|P0292133004|1|0|1.0|INDIVIDUAL|VARIABLE|P0292133004|1|0|1.0|INDIVIDUAL|VARIABLE|P0292133004|1|0|1.0|INDIVIDUAL|VARIABLE|P0292133004|1|0|1.0|INDIVIDUAL|VARIABLE|P0292133004|1|0|1.0|INDIVIDUAL|VARIABLE|P0292133004|1|0|1.0|INDIVIDUAL|VARIABLE|P0292133004|1|0|1.0|INDIVIDUAL|VARIABLE|P0292133004|1|0|1.0|INDIVIDUAL|VARIABLE|P0292133004|1|0|1.0|INDIVIDUAL|VARIABLE|P0292133004|1|0|1.0|INDIVIDUAL|VARIABLE|P0292133004|1|0|1.0|INDIVIDUAL|VARIABLE|P0292133004|1|0|1.0|INDIVIDUAL|VARIABLE|P0292133004|1|0|1.0|INDIVIDUAL|VARIABLE|P0292133004|1|0|1.0|INDIVIDUAL|VARIABLE|P0292133004|1|0|1.0|INDIVIDUAL|VARIABLE|P0292133004|1|0|1.0|INDIVIDUAL|VARIABLE|P0292133004|1|0|1.0|INDIVIDUAL|VARIABLE|P0292133004|1|0|1.0|INDIVIDUAL|VARIABLE|P0292133004|1|0|1.0|INDIVIDUAL|VARIABLE|P0292133004|1|0|1.0|INDIVIDUAL|VARIABLE|P0292133004|1|0|1.0|INDIVIDUAL|VARIABLE|P0292133004|1|0|1.0|INDIVIDUAL|VARIABLE|P0292133004|1|0|1.0|INDIVIDUAL|VARIABLE|P0292133004|1|0|1.0|INDIVIDUAL|VARIABLE|P0292133004|1|0|1.0|INDIVIDUAL|VARIABLE|P0292133004|1|0|1.0|INDIVIDUAL|VARIABLE|P0292133004|1|0|1.0|INDIVIDUAL|VARIABLE|P0292133004|1|0|1.0|INDIVIDUAL|VARIABLE|P0292133004|1|0|1.0|INDIVIDUAL|VARIABLE|P0292133004|1|0|1.0|INDIVIDUAL|VARIABLE|P0292133004|1|0|1.0|INDIVIDUAL|VARIABLE|P0292133004|1|0|1.0|INDIVIDUAL|VARIABLE|P0292133004|1|0|1.0|INDIVIDUAL|VARIABLE|P0292133004|1|0|1.0|INDIVIDUAL|VARIABLE|P0292133004|1|0|1.0|INDIVIDUAL|VARIABLE|P0292133004|1|0|1.0|INDIVIDUAL|VARIABLE|P0292133004|1|0|1.0|INDIVIDUAL|VARIABLE|P0292133004|1|0|1.0|INDIVIDUAL|VARIABLE|P0292133004|1|0|1.0|INDIVIDUAL|VARIABLE|P0292133004|1|0|1.0|INDIVIDUAL|VARIABLE|P0292133004|1|0|1.0|INDIVIDUAL|VARIABLE|P0292133004|1|0|1.0|INDIVIDUAL|VARIABLE|P0292133004|1|0|1.0|INDIVIDUAL|VARIABLE|P0292133004|1|0|1.0|INDIVIDUAL|VARIABLE|P0292133004|1|0|1.0|INDIVIDUAL|VARIABLE|P0292133004|1|0|1.0|INDIVIDUAL|VARIABLE|P0292133004|1|0|1.0|INDIVIDUAL|VARIABLE|P0292133004|1|0|1.0|INDIVIDUAL|VARIABLE|P0292133004|1|0|1.0|INDIVIDUAL|VARIABLE|P0292133004|1|0|1.0|INDIVIDUAL|VARIABLE|P0292133004|1|0|1.0|INDIVIDUAL|VARIABLE|P0292133004|1|0|1.0
216,INDIVIDUAL|VARIABLE|P0067057006|1|0|1.0|INDIVIDUAL|VARIABLE|P0067057006|1|0|1.0|INDIVIDUAL|VARIABLE|P0067057006|1|0|1.0|INDIVIDUAL|VARIABLE|P0067057006|1|0|1.0|INDIVIDUAL|VARIABLE|P0067057006|1|0|1.0|INDIVIDUAL|VARIABLE|P0067057006|1|0|1.0|INDIVIDUAL|VARIABLE|P0067057006|1|0|1.0|INDIVIDUAL|VARIABLE|P0067057006|1|0|1.0|INDIVIDUAL|VARIABLE|P0067057006|1|0|1.0|INDIVIDUAL|VARIABLE|P0067057006|1|0|1.0|INDIVIDUAL|VARIABLE|P0067057006|1|0|1.0|INDIVIDUAL|VARIABLE|P0067057006|1|0|1.0|INDIVIDUAL|VARIABLE|P0067057006|1|0|1.0|INDIVIDUAL|VARIABLE|P0067057006|1|0|1.0|INDIVIDUAL|VARIABLE|P0067057006|1|0|1.0|INDIVIDUAL|VARIABLE|P0067057006|1|0|1.0|INDIVIDUAL|VARIABLE|P0067057006|1|0|1.0|INDIVIDUAL|VARIABLE|P0067057006|1|0|1.0|INDIVIDUAL|VARIABLE|P0067057006|1|0|1.0|INDIVIDUAL|VARIABLE|P0067057006|1|0|1.0|INDIVIDUAL|VARIABLE|P0067057006|1|0|1.0|INDIVIDUAL|VARIABLE|P0067057006|1|0|1.0|INDIVIDUAL|VARIABLE|P0067057006|1|0|1.0|INDIVIDUAL|VARIABLE|P0067057006|1|0|1.0|INDIVIDUAL|VARIABLE|P0067057006|1|0|1.0|INDIVIDUAL|VARIABLE|P0067057006|1|0|1.0|INDIVIDUAL|VARIABLE|P0067057006|1|0|1.0|INDIVIDUAL|VARIABLE|P0067057006|1|0|1.0|INDIVIDUAL|VARIABLE|P0067057006|1|0|1.0|INDIVIDUAL|VARIABLE|P0067057006|1|0|1.0|INDIVIDUAL|VARIABLE|P0067057006|1|0|1.0|INDIVIDUAL|VARIABLE|P0067057006|1|0|1.0|INDIVIDUAL|VARIABLE|P0067057006|1|0|1.0|INDIVIDUAL|VARIABLE|P0067057006|1|0|1.0|INDIVIDUAL|VARIABLE|P0067057006|1|0|1.0|INDIVIDUAL|VARIABLE|P0067057006|1|0|1.0|INDIVIDUAL|VARIABLE|P0067057006|1|0|1.0|INDIVIDUAL|VARIABLE|P0067057006|1|0|1.0|INDIVIDUAL|VARIABLE|P0067057006|1|0|1.0|INDIVIDUAL|VARIABLE|P0067057006|1|0|1.0|INDIVIDUAL|VARIABLE|P0067057006|1|0|1.0|INDIVIDUAL|VARIABLE|P0067057006|1|0|1.0|INDIVIDUAL|VARIABLE|P0067057006|1|0|1.0|INDIVIDUAL|VARIABLE|P0067057006|1|0|1.0|INDIVIDUAL|VARIABLE|P0067057006|1|0|1.0|INDIVIDUAL|VARIABLE|P0067057006|1|0|1.0|INDIVIDUAL|VARIABLE|P0067057006|1|0|1.0|INDIVIDUAL|VARIABLE|P0067057006|1|0|1.0|INDIVIDUAL|VARIABLE|P0067057006|1|0|1.0|INDIVIDUAL|VARIABLE|P0067057006|1|0|1.0|INDIVIDUAL|VARIABLE|P0067057006|1|0|1.0|INDIVIDUAL|VARIABLE|P0067057006|1|0|1.0|INDIVIDUAL|VARIABLE|P0067057006|1|0|1.0|INDIVIDUAL|VARIABLE|P0067057006|1|0|1.0|INDIVIDUAL|VARIABLE|P0067057006|1|0|1.0|INDIVIDUAL|VARIABLE|P0067057006|1|0|1.0|INDIVIDUAL|VARIABLE|P0067057006|1|0|1.0|INDIVIDUAL|VARIABLE|P0067057006|1|0|1.0|INDIVIDUAL|VARIABLE|P0067057006|1|0|1.0|INDIVIDUAL|VARIABLE|P0067057006|1|0|1.0|INDIVIDUAL|VARIABLE|P0067057006|1|0|1.0|INDIVIDUAL|VARIABLE|P0067057006|1|0|1.0|INDIVIDUAL|VARIABLE|P0067057006|1|0|1.0|INDIVIDUAL|VARIABLE|P0067057006|1|0|1.0|INDIVIDUAL|VARIABLE|P0067057006|1|0|1.0|INDIVIDUAL|VARIABLE|P0067057006|1|0|1.0|INDIVIDUAL|VARIABLE|P0067057006|1|0|1.0|INDIVIDUAL|VARIABLE|P0067057006|1|0|1.0|INDIVIDUAL|VARIABLE|P0067057006|1|0|1.0|INDIVIDUAL|VARIABLE|P0067057006|1|0|1.0|INDIVIDUAL|VARIABLE|P0067057006|1|0|1.0|INDIVIDUAL|VARIABLE|P0067057006|1|0|1.0|INDIVIDUAL|VARIABLE|P0067057006|1|0|1.0|INDIVIDUAL|VARIABLE|P0067057006|1|0|1.0|INDIVIDUAL|VARIABLE|P0067057006|1|0|1.0|INDIVIDUAL|VARIABLE|P0067057006|1|0|1.0|INDIVIDUAL|VARIABLE|P0067057006|1|0|1.0|INDIVIDUAL|VARIABLE|P0067057006|1|0|1.0|INDIVIDUAL|VARIABLE|P0067057006|1|0|1.0|INDIVIDUAL|VARIABLE|P0067057006|1|0|1.0|INDIVIDUAL|VARIABLE|P0067057006|1|0|1.0|INDIVIDUAL|VARIABLE|P0067057006|1|0|1.0|INDIVIDUAL|VARIABLE|P0067057006|1|0|1.0|INDIVIDUAL|VARIABLE|P0067057006|1|0|1.0|INDIVIDUAL|VARIABLE|P0067057006|1|0|1.0|INDIVIDUAL|VARIABLE|P0067057006|1|0|1.0|INDIVIDUAL|VARIABLE|P0067057006|1|0|1.0|INDIVIDUAL|VARIABLE|P0067057006|1|0|1.0|INDIVIDUAL|VARIABLE|P0067057006|1|0|1.0|INDIVIDUAL|VARIABLE|P0067057006|1|0|1.0|INDIVIDUAL|VARIABLE|P0067057006|1|0|1.0|INDIVIDUAL|VARIABLE|P0067057006|1|0|1.0|INDIVIDUAL|VARIABLE|P0067057006|1|0|1.0|INDIVIDUAL|VARIABLE|P0067057006|1|0|1.0|INDIVIDUAL|VARIABLE|P0067057006|1|0|1.0|INDIVIDUAL|VARIABLE|P0067057006|1|0|1.0|INDIVIDUAL|VARIABLE|P0067057006|1|0|1.0|INDIVIDUAL|VARIABLE|P0067057006|1|0|1.0|INDIVIDUAL|VARIABLE|P0067057006|1|0|1.0|INDIVIDUAL|VARIABLE|P0067057006|1|0|1.0|INDIVIDUAL|VARIABLE|P0067057006|1|0|1.0|INDIVIDUAL|VARIABLE|P0067057006|1|0|1.0|INDIVIDUAL|VARIABLE|P0067057006|1|0|1.0|INDIVIDUAL|VARIABLE|P0067057006|1|0|1.0|INDIVIDUAL|VARIABLE|P0067057006|1|0|1.0|INDIVIDUAL|VARIABLE|P0067057006|1|0|1.0|INDIVIDUAL|VARIABLE|P0067057006|1|0|1.0|INDIVIDUAL|VARIABLE|P0067057006|1|0|1.0|INDIVIDUAL|VARIABLE|P0067057006|1|0|1.0|INDIVIDUAL|VARIABLE|P0067057006|1|0|1.0|INDIVIDUAL|VARIABLE|P0067057006|1|0|1.0|INDIVIDUAL|VARIABLE|P0067057006|1|0|1.0|INDIVIDUAL|VARIABLE|P0067057006|1|0|1.0|INDIVIDUAL|VARIABLE|P0067057006|1|0|1.0|INDIVIDUAL|VARIABLE|P0067057006|1|0|1.0|INDIVIDUAL|VARIABLE|P0067057006|1|0|1.0|INDIVIDUAL|VARIABLE|P0067057006|1|0|1.0|INDIVIDUAL|VARIABLE|P0067057006|1|0|1.0|INDIVIDUAL|VARIABLE|P0067057006|1|0|1.0|INDIVIDUAL|VARIABLE|P0067057006|1|0|1.0
217,INDIVIDUAL|VARIABLE|P0067058007|1|0|1.0|INDIVIDUAL|VARIABLE|P0067058007|1|0|1.0|INDIVIDUAL|VARIABLE|P0067058007|1|0|1.0|INDIVIDUAL|VARIABLE|P0067058007|1|0|1.0|INDIVIDUAL|VARIABLE|P0067058007|1|0|1.0|INDIVIDUAL|VARIABLE|P0067058007|1|0|1.0|INDIVIDUAL|VARIABLE|P0067058007|1|0|1.0|INDIVIDUAL|VARIABLE|P0067058007|1|0|1.0|INDIVIDUAL|VARIABLE|P0067058007|1|0|1.0|INDIVIDUAL|VARIABLE|P0067058007|1|0|1.0|INDIVIDUAL|VARIABLE|P0067058007|1|0|1.0|INDIVIDUAL|VARIABLE|P0067058007|1|0|1.0|INDIVIDUAL|VARIABLE|P0067058007|1|0|1.0|INDIVIDUAL|VARIABLE|P0067058007|1|0|1.0|INDIVIDUAL|VARIABLE|P0067058007|1|0|1.0|INDIVIDUAL|VARIABLE|P0067058007|1|0|1.0|INDIVIDUAL|VARIABLE|P0067058007|1|0|1.0|INDIVIDUAL|VARIABLE|P0067058007|1|0|1.0|INDIVIDUAL|VARIABLE|P0067058007|1|0|1.0|INDIVIDUAL|VARIABLE|P0067058007|1|0|1.0|INDIVIDUAL|VARIABLE|P0067058007|1|0|1.0|INDIVIDUAL|VARIABLE|P0067058007|1|0|1.0|INDIVIDUAL|VARIABLE|P0067058007|1|0|1.0|INDIVIDUAL|VARIABLE|P0067058007|1|0|1.0|INDIVIDUAL|VARIABLE|P0067058007|1|0|1.0|INDIVIDUAL|VARIABLE|P0067058007|1|0|1.0|INDIVIDUAL|VARIABLE|P0067058007|1|0|1.0|INDIVIDUAL|VARIABLE|P0067058007|1|0|1.0|INDIVIDUAL|VARIABLE|P0067058007|1|0|1.0|INDIVIDUAL|VARIABLE|P0067058007|1|0|1.0|INDIVIDUAL|VARIABLE|P0067058007|1|0|1.0|INDIVIDUAL|VARIABLE|P0067058007|1|0|1.0|INDIVIDUAL|VARIABLE|P0067058007|1|0|1.0|INDIVIDUAL|VARIABLE|P0067058007|1|0|1.0|INDIVIDUAL|VARIABLE|P0067058007|1|0|1.0|INDIVIDUAL|VARIABLE|P0067058007|1|0|1.0|INDIVIDUAL|VARIABLE|P0067058007|1|0|1.0|INDIVIDUAL|VARIABLE|P0067058007|1|0|1.0|INDIVIDUAL|VARIABLE|P0067058007|1|0|1.0|INDIVIDUAL|VARIABLE|P0067058007|1|0|1.0
218,INDIVIDUAL|VARIABLE|P0292060001|1|0|1.0|INDIVIDUAL|VARIABLE|P0292060001|1|0|1.0|INDIVIDUAL|VARIABLE|P0292060001|1|0|1.0|INDIVIDUAL|VARIABLE|P0292060001|1|0|1.0|INDIVIDUAL|VARIABLE|P0292060001|1|0|1.0|INDIVIDUAL|VARIABLE|P0292060001|1|0|1.0|INDIVIDUAL|VARIABLE|P0292060001|1|0|1.0|INDIVIDUAL|VARIABLE|P0292060001|1|0|1.0|INDIVIDUAL|VARIABLE|P0292060001|1|0|1.0|INDIVIDUAL|VARIABLE|P0292060001|1|0|1.0|INDIVIDUAL|VARIABLE|P0292060001|1|0|1.0|INDIVIDUAL|VARIABLE|P0292060001|1|0|1.0|INDIVIDUAL|VARIABLE|P0292060001|1|0|1.0|INDIVIDUAL|VARIABLE|P0292060001|1|0|1.0|INDIVIDUAL|VARIABLE|P0292060001|1|0|1.0|INDIVIDUAL|VARIABLE|P0292060001|1|0|1.0|INDIVIDUAL|VARIABLE|P0292060001|1|0|1.0|INDIVIDUAL|VARIABLE|P0292060001|1|0|1.0|INDIVIDUAL|VARIABLE|P0292060001|1|0|1.0|INDIVIDUAL|VARIABLE|P0292060001|1|0|1.0|INDIVIDUAL|VARIABLE|P0292060001|1|0|1.0|INDIVIDUAL|VARIABLE|P0292060001|1|0|1.0|INDIVIDUAL|VARIABLE|P0292060001|1|0|1.0|INDIVIDUAL|VARIABLE|P0292060001|1|0|1.0|INDIVIDUAL|VARIABLE|P0292060001|1|0|1.0|INDIVIDUAL|VARIABLE|P0292060001|1|0|1.0|INDIVIDUAL|VARIABLE|P0292060001|1|0|1.0|INDIVIDUAL|VARIABLE|P0292060001|1|0|1.0|INDIVIDUAL|VARIABLE|P0292060001|1|0|1.0|INDIVIDUAL|VARIABLE|P0292060001|1|0|1.0|INDIVIDUAL|VARIABLE|P0292060001|1|0|1.0|INDIVIDUAL|VARIABLE|P0292060001|1|0|1.0|INDIVIDUAL|VARIABLE|P0292060001|1|0|1.0|INDIVIDUAL|VARIABLE|P0292060001|1|0|1.0|INDIVIDUAL|VARIABLE|P0292060001|1|0|1.0|INDIVIDUAL|VARIABLE|P0292060001|1|0|1.0|INDIVIDUAL|VARIABLE|P0292060001|1|0|1.0|INDIVIDUAL|VARIABLE|P0292060001|1|0|1.0|INDIVIDUAL|VARIABLE|P0292060001|1|0|1.0|INDIVIDUAL|VARIABLE|P0292060001|1|0|1.0|INDIVIDUAL|VARIABLE|P0292060001|1|0|1.0|INDIVIDUAL|VARIABLE|P0292060001|1|0|1.0|INDIVIDUAL|VARIABLE|P0292060001|1|0|1.0|INDIVIDUAL|VARIABLE|P0292060001|1|0|1.0|INDIVIDUAL|VARIABLE|P0292060001|1|0|1.0|INDIVIDUAL|VARIABLE|P0292060001|1|0|1.0|INDIVIDUAL|VARIABLE|P0292060001|1|0|1.0|INDIVIDUAL|VARIABLE|P0292060001|1|0|1.0|INDIVIDUAL|VARIABLE|P0292060001|1|0|1.0|INDIVIDUAL|VARIABLE|P0292060001|1|0|1.0|INDIVIDUAL|VARIABLE|P0292060001|1|0|1.0|INDIVIDUAL|VARIABLE|P0292060001|1|0|1.0|INDIVIDUAL|VARIABLE|P0292060001|1|0|1.0|INDIVIDUAL|VARIABLE|P0292060001|1|0|1.0|INDIVIDUAL|VARIABLE|P0292060001|1|0|1.0|INDIVIDUAL|VARIABLE|P0292060001|1|0|1.0|INDIVIDUAL|VARIABLE|P0292060001|1|0|1.0|INDIVIDUAL|VARIABLE|P0292060001|1|0|1.0|INDIVIDUAL|VARIABLE|P0292060001|1|0|1.0|INDIVIDUAL|VARIABLE|P0292060001|1|0|1.0
219,INDIVIDUAL|VARIABLE|P0292092008|1|0|1.0|INDIVIDUAL|VARIABLE|P0292092008|1|0|1.0|INDIVIDUAL|VARIABLE|P0292092008|1|0|1.0|INDIVIDUAL|VARIABLE|P0292092008|1|0|1.0|INDIVIDUAL|VARIABLE|P0292092008|1|0|1.0|INDIVIDUAL|VARIABLE|P0292092008|1|0|1.0|INDIVIDUAL|VARIABLE|P0292092008|1|0|1.0|INDIVIDUAL|VARIABLE|P0292092008|1|0|1.0|INDIVIDUAL|VARIABLE|P0292092008|1|0|1.0|INDIVIDUAL|VARIABLE|P0292092008|1|0|1.0|INDIVIDUAL|VARIABLE|P0292092008|1|0|1.0|INDIVIDUAL|VARIABLE|P0292092008|1|0|1.0|INDIVIDUAL|VARIABLE|P0292092008|1|0|1.0|INDIVIDUAL|VARIABLE|P0292092008|1|0|1.0|INDIVIDUAL|VARIABLE|P0292092008|1|0|1.0|INDIVIDUAL|VARIABLE|P0292092008|1|0|1.0|INDIVIDUAL|VARIABLE|P0292092008|1|0|1.0|INDIVIDUAL|VARIABLE|P0292092008|1|0|1.0|INDIVIDUAL|VARIABLE|P0292092008|1|0|1.0|INDIVIDUAL|VARIABLE|P0292092008|1|0|1.0|INDIVIDUAL|VARIABLE|P0292092008|1|0|1.0|INDIVIDUAL|VARIABLE|P0292092008|1|0|1.0|INDIVIDUAL|VARIABLE|P0292092008|1|0|1.0|INDIVIDUAL|VARIABLE|P0292092008|1|0|1.0
220,INDIVIDUAL|VARIABLE|P0292092008|1|0|1.0|INDIVIDUAL|VARIABLE|P0292092008|1|0|1.0|INDIVIDUAL|VARIABLE|P0292092008|1|0|1.0|INDIVIDUAL|VARIABLE|P0292092008|1|0|1.0|INDIVIDUAL|VARIABLE|P0292092008|1|0|1.0|INDIVIDUAL|VARIABLE|P0292092008|1|0|1.0|INDIVIDUAL|VARIABLE|P0292092008|1|0|1.0|INDIVIDUAL|VARIABLE|P0292092008|1|0|1.0|INDIVIDUAL|VARIABLE|P0292092008|1|0|1.0|INDIVIDUAL|VARIABLE|P0292092008|1|0|1.0|INDIVIDUAL|VARIABLE|P0292092008|1|0|1.0|INDIVIDUAL|VARIABLE|P0292092008|1|0|1.0|INDIVIDUAL|VARIABLE|P0292092008|1|0|1.0|INDIVIDUAL|VARIABLE|P0292092008|1|0|1.0|INDIVIDUAL|VARIABLE|P0292092008|1|0|1.0|INDIVIDUAL|VARIABLE|P0292092008|1|0|1.0|INDIVIDUAL|VARIABLE|P0292092008|1|0|1.0|INDIVIDUAL|VARIABLE|P0292092008|1|0|1.0|INDIVIDUAL|VARIABLE|P0292092008|1|0|1.0|INDIVIDUAL|VARIABLE|P0292092008|1|0|1.0|INDIVIDUAL|VARIABLE|P0292092008|1|0|1.0|INDIVIDUAL|VARIABLE|P0292092008|1|0|1.0|INDIVIDUAL|VARIABLE|P0292092008|1|0|1.0|INDIVIDUAL|VARIABLE|P0292092008|1|0|1.0
221,INDIVIDUAL|VARIABLE|P0292139009|1|0|1.0|INDIVIDUAL|VARIABLE|P0292139009|1|0|1.0|INDIVIDUAL|VARIABLE|P0292139009|1|0|1.0|INDIVIDUAL|VARIABLE|P0292139009|1|0|1.0|INDIVIDUAL|VARIABLE|P0292139009|1|0|1.0|INDIVIDUAL|VARIABLE|P0292139009|1|0|1.0|INDIVIDUAL|VARIABLE|P0292139009|1|0|1.0|INDIVIDUAL|VARIABLE|P0292139009|1|0|1.0|INDIVIDUAL|VARIABLE|P0292139009|1|0|1.0|INDIVIDUAL|VARIABLE|P0292139009|1|0|1.0|INDIVIDUAL|VARIABLE|P0292139009|1|0|1.0|INDIVIDUAL|VARIABLE|P0292139009|1|0|1.0|INDIVIDUAL|VARIABLE|P0292139009|1|0|1.0|INDIVIDUAL|VARIABLE|P0292139009|1|0|1.0|INDIVIDUAL|VARIABLE|P0292139009|1|0|1.0|INDIVIDUAL|VARIABLE|P0292139009|1|0|1.0|INDIVIDUAL|VARIABLE|P0292139009|1|0|1.0|INDIVIDUAL|VARIABLE|P0292139009|1|0|1.0|INDIVIDUAL|VARIABLE|P0292139009|1|0|1.0|INDIVIDUAL|VARIABLE|P0292139009|1|0|1.0|INDIVIDUAL|VARIABLE|P0292139009|1|0|1.0|INDIVIDUAL|VARIABLE|P0292139009|1|0|1.0|INDIVIDUAL|VARIABLE|P0292139009|1|0|1.0|INDIVIDUAL|VARIABLE|P0292139009|1|0|1.0|INDIVIDUAL|VARIABLE|P0292139009|1|0|1.0|INDIVIDUAL|VARIABLE|P0292139009|1|0|1.0|INDIVIDUAL|VARIABLE|P0292139009|1|0|1.0|INDIVIDUAL|VARIABLE|P0292139009|1|0|1.0|INDIVIDUAL|VARIABLE|P0292139009|1|0|1.0|INDIVIDUAL|VARIABLE|P0292139009|1|0|1.0|INDIVIDUAL|VARIABLE|P0292139009|1|0|1.0|INDIVIDUAL|VARIABLE|P0292139009|1|0|1.0|INDIVIDUAL|VARIABLE|P0292139009|1|0|1.0|INDIVIDUAL|VARIABLE|P0292139009|1|0|1.0|INDIVIDUAL|VARIABLE|P0292139009|1|0|1.0|INDIVIDUAL|VARIABLE|P0292139009|1|0|1.0|INDIVIDUAL|VARIABLE|P0292139009|1|0|1.0|INDIVIDUAL|VARIABLE|P0292139009|1|0|1.0|INDIVIDUAL|VARIABLE|P0292139009|1|0|1.0|INDIVIDUAL|VARIABLE|P0292139009|1|0|1.0|INDIVIDUAL|VARIABLE|P0292139009|1|0|1.0|INDIVIDUAL|VARIABLE|P0292139009|1|0|1.0|INDIVIDUAL|VARIABLE|P0292139009|1|0|1.0|INDIVIDUAL|VARIABLE|P0292139009|1|0|1.0|INDIVIDUAL|VARIABLE|P0292139009|1|0|1.0|INDIVIDUAL|VARIABLE|P0292139009|1|0|1.0|INDIVIDUAL|VARIABLE|P0292139009|1|0|1.0|INDIVIDUAL|VARIABLE|P0292139009|1|0|1.0|INDIVIDUAL|VARIABLE|P0292139009|1|0|1.0|INDIVIDUAL|VARIABLE|P0292139009|1|0|1.0|INDIVIDUAL|VARIABLE|P0292139009|1|0|1.0|INDIVIDUAL|VARIABLE|P0292139009|1|0|1.0|INDIVIDUAL|VARIABLE|P0292139009|1|0|1.0|INDIVIDUAL|VARIABLE|P0292139009|1|0|1.0|INDIVIDUAL|VARIABLE|P0292139009|1|0|1.0|INDIVIDUAL|VARIABLE|P0292139009|1|0|1.0|INDIVIDUAL|VARIABLE|P0292139009|1|0|1.0|INDIVIDUAL|VARIABLE|P0292139009|1|0|1.0|INDIVIDUAL|VARIABLE|P0292139009|1|0|1.0|INDIVIDUAL|VARIABLE|P0292139009|1|0|1.0|INDIVIDUAL|VARIABLE|P0292139009|1|0|1.0|INDIVIDUAL|VARIABLE|P0292139009|1|0|1.0|INDIVIDUAL|VARIABLE|P0292139009|1|0|1.0|INDIVIDUAL|VARIABLE|P0292139009|1|0|1.0|INDIVIDUAL|VARIABLE|P0292139009|1|0|1.0|INDIVIDUAL|VARIABLE|P0292139009|1|0|1.0|INDIVIDUAL|VARIABLE|P0292139009|1|0|1.0|INDIVIDUAL|VARIABLE|P0292139009|1|0|1.0|INDIVIDUAL|VARIABLE|P0292139009|1|0|1.0|INDIVIDUAL|VARIABLE|P0292139009|1|0|1.0|INDIVIDUAL|VARIABLE|P0292139009|1|0|1.0|INDIVIDUAL|VARIABLE|P0292139009|1|0|1.0|INDIVIDUAL|VARIABLE|P0292139009|1|0|1.0|INDIVIDUAL|VARIABLE|P0292139009|1|0|1.0|INDIVIDUAL|VARIABLE|P0292139009|1|0|1.0|INDIVIDUAL|VARIABLE|P0292139009|1|0|1.0|INDIVIDUAL|VARIABLE|P0292139009|1|0|1.0|INDIVIDUAL|VARIABLE|P0292139009|1|0|1.0|INDIVIDUAL|VARIABLE|P0292139009|1|0|1.0|INDIVIDUAL|VARIABLE|P0292139009|1|0|1.0|INDIVIDUAL|VARIABLE|P0292139009|1|0|1.0|INDIVIDUAL|VARIABLE|P0292139009|1|0|1.0|INDIVIDUAL|VARIABLE|P0292139009|1|0|1.0|INDIVIDUAL|VARIABLE|P0292139009|1|0|1.0|INDIVIDUAL|VARIABLE|P0292139009|1|0|1.0|INDIVIDUAL|VARIABLE|P0292139009|1|0|1.0|INDIVIDUAL|VARIABLE|P0292139009|1|0|1.0|INDIVIDUAL|VARIABLE|P0292139009|1|0|1.0|INDIVIDUAL|VARIABLE|P0292139009|1|0|1.0|INDIVIDUAL|VARIABLE|P0292139009|1|0|1.0|INDIVIDUAL|VARIABLE|P0292139009|1|0|1.0|INDIVIDUAL|VARIABLE|P0292139009|1|0|1.0|INDIVIDUAL|VARIABLE|P0292139009|1|0|1.0|INDIVIDUAL|VARIABLE|P0292139009|1|0|1.0|INDIVIDUAL|VARIABLE|P0292139009|1|0|1.0|INDIVIDUAL|VARIABLE|P0292139009|1|0|1.0|INDIVIDUAL|VARIABLE|P0292139009|1|0|1.0|INDIVIDUAL|VARIABLE|P0292139009|1|0|1.0|INDIVIDUAL|VARIABLE|P0292139009|1|0|1.0|INDIVIDUAL|VARIABLE|P0292139009|1|0|1.0|INDIVIDUAL|VARIABLE|P0292139009|1|0|1.0|INDIVIDUAL|VARIABLE|P0292139009|1|0|1.0|INDIVIDUAL|VARIABLE|P0292139009|1|0|1.0|INDIVIDUAL|VARIABLE|P0292139009|1|0|1.0|INDIVIDUAL|VARIABLE|P0292139009|1|0|1.0|INDIVIDUAL|VARIABLE|P0292139009|1|0|1.0|INDIVIDUAL|VARIABLE|P0292139009|1|0|1.0|INDIVIDUAL|VARIABLE|P0292139009|1|0|1.0|INDIVIDUAL|VARIABLE|P0292139009|1|0|1.0|INDIVIDUAL|VARIABLE|P0292139009|1|0|1.0|INDIVIDUAL|VARIABLE|P0292139009|1|0|1.0|INDIVIDUAL|VARIABLE|P0292139009|1|0|1.0|INDIVIDUAL|VARIABLE|P0292139009|1|0|1.0|INDIVIDUAL|VARIABLE|P0292139009|1|0|1.0|INDIVIDUAL|VARIABLE|P0292139009|1|0|1.0|INDIVIDUAL|VARIABLE|P0292139009|1|0|1.0|INDIVIDUAL|VARIABLE|P0292139009|1|0|1.0|INDIVIDUAL|VARIABLE|P0292139009|1|0|1.0|INDIVIDUAL|VARIABLE|P0292139009|1|0|1.0|INDIVIDUAL|VARIABLE|P0292139009|1|0|1.0|INDIVIDUAL|VARIABLE|P0292139009|1|0|1.0|INDIVIDUAL|VARIABLE|P0292139009|1|0|1.0|INDIVIDUAL|VARIABLE|P0292139009|1|0|1.0|INDIVIDUAL|VARIABLE|P0292139009|1|0|1.0|INDIVIDUAL|VARIABLE|P0292139009|1|0|1.0|INDIVIDUAL|VARIABLE|P0292139009|1|0|1.0|INDIVIDUAL|VARIABLE|P0292139009|1|0|1.0|INDIVIDUAL|VARIABLE|P0292139009|1|0|1.0|INDIVIDUAL|VARIABLE|P0292139009|1|0|1.0|INDIVIDUAL|VARIABLE|P0292139009|1|0|1.0|INDIVIDUAL|VARIABLE|P0292139009|1|0|1.0|INDIVIDUAL|VARIABLE|P0292139009|1|0|1.0|INDIVIDUAL|VARIABLE|P0292139009|1|0|1.0|INDIVIDUAL|VARIABLE|P0292139009|1|0|1.0|INDIVIDUAL|VARIABLE|P0292139009|1|0|1.0|INDIVIDUAL|VARIABLE|P0292139009|1|0|1.0|INDIVIDUAL|VARIABLE|P0292139009|1|0|1.0|INDIVIDUAL|VARIABLE|P0292139009|1|0|1.0|INDIVIDUAL|VARIABLE|P0292139009|1|0|1.0|INDIVIDUAL|VARIABLE|P0292139009|1|0|1.0|INDIVIDUAL|VARIABLE|P0292139009|1|0|1.0|INDIVIDUAL|VARIABLE|P0292139009|1|0|1.0|INDIVIDUAL|VARIABLE|P0292139009|1|0|1.0|INDIVIDUAL|VARIABLE|P0292139009|1|0|1.0|INDIVIDUAL|VARIABLE|P0292139009|1|0|1.0|INDIVIDUAL|VARIABLE|P0292139009|1|0|1.0|INDIVIDUAL|VARIABLE|P0292139009|1|0|1.0|INDIVIDUAL|VARIABLE|P0292139009|1|0|1.0|INDIVIDUAL|VARIABLE|P0292139009|1|0|1.0|INDIVIDUAL|VARIABLE|P0292139009|1|0|1.0|INDIVIDUAL|VARIABLE|P0292139009|1|0|1.0|INDIVIDUAL|VARIABLE|P0292139009|1|0|1.0|INDIVIDUAL|VARIABLE|P0292139009|1|0|1.0|INDIVIDUAL|VARIABLE|P0292139009|1|0|1.0|INDIVIDUAL|VARIABLE|P0292139009|1|0|1.0|INDIVIDUAL|VARIABLE|P0292139009|1|0|1.0|INDIVIDUAL|VARIABLE|P0292139009|1|0|1.0|INDIVIDUAL|VARIABLE|P0292139009|1|0|1.0|INDIVIDUAL|VARIABLE|P0292139009|1|0|1.0|INDIVIDUAL|VARIABLE|P0292139009|1|0|1.0|INDIVIDUAL|VARIABLE|P0292139009|1|0|1.0|INDIVIDUAL|VARIABLE|P0292139009|1|0|1.0|INDIVIDUAL|VARIABLE|P0292139009|1|0|1.0|INDIVIDUAL|VARIABLE|P0292139009|1|0|1.0|INDIVIDUAL|VARIABLE|P0292139009|1|0|1.0|INDIVIDUAL|VARIABLE|P0292139009|1|0|1.0|INDIVIDUAL|VARIABLE|P0292139009|1|0|1.0|INDIVIDUAL|VARIABLE|P0292139009|1|0|1.0|INDIVIDUAL|VARIABLE|P0292139009|1|0|1.0|INDIVIDUAL|VARIABLE|P0292139009|1|0|1.0|INDIVIDUAL|VARIABLE|P0292139009|1|0|1.0|INDIVIDUAL|VARIABLE|P0292139009|1|0|1.0|INDIVIDUAL|VARIABLE|P0292139009|1|0|1.0|INDIVIDUAL|VARIABLE|P0292139009|1|0|1.0|INDIVIDUAL|VARIABLE|P0292139009|1|0|1.0|INDIVIDUAL|VARIABLE|P0292139009|1|0|1.0|INDIVIDUAL|VARIABLE|P0292139009|1|0|1.0|INDIVIDUAL|VARIABLE|P0292139009|1|0|1.0|INDIVIDUAL|VARIABLE|P0292139009|1|0|1.0|INDIVIDUAL|VARIABLE|P0292139009|1|0|1.0|INDIVIDUAL|VARIABLE|P0292139009|1|0|1.0|INDIVIDUAL|VARIABLE|P0292139009|1|0|1.0|INDIVIDUAL|VARIABLE|P0292139009|1|0|1.0|INDIVIDUAL|VARIABLE|P0292139009|1|0|1.0|INDIVIDUAL|VARIABLE|P0292139009|1|0|1.0|INDIVIDUAL|VARIABLE|P0292139009|1|0|1.0|INDIVIDUAL|VARIABLE|P0292139009|1|0|1.0|INDIVIDUAL|VARIABLE|P0292139009|1|0|1.0|INDIVIDUAL|VARIABLE|P0292139009|1|0|1.0|INDIVIDUAL|VARIABLE|P0292139009|1|0|1.0|INDIVIDUAL|VARIABLE|P0292139009|1|0|1.0|INDIVIDUAL|VARIABLE|P0292139009|1|0|1.0|INDIVIDUAL|VARIABLE|P0292139009|1|0|1.0|INDIVIDUAL|VARIABLE|P0292139009|1|0|1.0|INDIVIDUAL|VARIABLE|P0292139009|1|0|1.0|INDIVIDUAL|VARIABLE|P0292139009|1|0|1.0|INDIVIDUAL|VARIABLE|P0292139009|1|0|1.0|INDIVIDUAL|VARIABLE|P0292139009|1|0|1.0|INDIVIDUAL|VARIABLE|P0292139009|1|0|1.0|INDIVIDUAL|VARIABLE|P0292139009|1|0|1.0|INDIVIDUAL|VARIABLE|P0292139009|1|0|1.0|INDIVIDUAL|VARIABLE|P0292139009|1|0|1.0|INDIVIDUAL|VARIABLE|P0292139009|1|0|1.0|INDIVIDUAL|VARIABLE|P0292139009|1|0|1.0|INDIVIDUAL|VARIABLE|P0292139009|1|0|1.0|INDIVIDUAL|VARIABLE|P0292139009|1|0|1.0|INDIVIDUAL|VARIABLE|P0292139009|1|0|1.0|INDIVIDUAL|VARIABLE|P0292139009|1|0|1.0|INDIVIDUAL|VARIABLE|P0292139009|1|0|1.0|INDIVIDUAL|VARIABLE|P0292139009|1|0|1.0
222,INDIVIDUAL|VARIABLE|P0067055006|1|0|1.0|INDIVIDUAL|VARIABLE|P0067055006|1|0|1.0|INDIVIDUAL|VARIABLE|P0067055006|1|0|1.0|INDIVIDUAL|VARIABLE|P0067055006|1|0|1.0|INDIVIDUAL|VARIABLE|P0067055006|1|0|1.0|INDIVIDUAL|VARIABLE|P0067055006|1|0|1.0|INDIVIDUAL|VARIABLE|P0067055006|1|0|1.0|INDIVIDUAL|VARIABLE|P0067055006|1|0|1.0|INDIVIDUAL|VARIABLE|P0067055006|1|0|1.0|INDIVIDUAL|VARIABLE|P0067055006|1|0|1.0|INDIVIDUAL|VARIABLE|P0067055006|1|0|1.0|INDIVIDUAL|VARIABLE|P0067055006|1|0|1.0|INDIVIDUAL|VARIABLE|P0067055006|1|0|1.0|INDIVIDUAL|VARIABLE|P0067055006|1|0|1.0|INDIVIDUAL|VARIABLE|P0067055006|1|0|1.0|INDIVIDUAL|VARIABLE|P0067055006|1|0|1.0|INDIVIDUAL|VARIABLE|P0067055006|1|0|1.0|INDIVIDUAL|VARIABLE|P0067055006|1|0|1.0|INDIVIDUAL|VARIABLE|P0067055006|1|0|1.0|INDIVIDUAL|VARIABLE|P0067055006|1|0|1.0|INDIVIDUAL|VARIABLE|P0067055006|1|0|1.0|INDIVIDUAL|VARIABLE|P0067055006|1|0|1.0|INDIVIDUAL|VARIABLE|P0067055006|1|0|1.0|INDIVIDUAL|VARIABLE|P0067055006|1|0|1.0|INDIVIDUAL|VARIABLE|P0067055006|1|0|1.0|INDIVIDUAL|VARIABLE|P0067055006|1|0|1.0|INDIVIDUAL|VARIABLE|P0067055006|1|0|1.0|INDIVIDUAL|VARIABLE|P0067055006|1|0|1.0|INDIVIDUAL|VARIABLE|P0067055006|1|0|1.0|INDIVIDUAL|VARIABLE|P0067055006|1|0|1.0|INDIVIDUAL|VARIABLE|P0067055006|1|0|1.0|INDIVIDUAL|VARIABLE|P0067055006|1|0|1.0|INDIVIDUAL|VARIABLE|P0067055006|1|0|1.0|INDIVIDUAL|VARIABLE|P0067055006|1|0|1.0|INDIVIDUAL|VARIABLE|P0067055006|1|0|1.0|INDIVIDUAL|VARIABLE|P0067055006|1|0|1.0|INDIVIDUAL|VARIABLE|P0067055006|1|0|1.0|INDIVIDUAL|VARIABLE|P0067055006|1|0|1.0|INDIVIDUAL|VARIABLE|P0067055006|1|0|1.0|INDIVIDUAL|VARIABLE|P0067055006|1|0|1.0|INDIVIDUAL|VARIABLE|P0067055006|1|0|1.0|INDIVIDUAL|VARIABLE|P0067055006|1|0|1.0|INDIVIDUAL|VARIABLE|P0067055006|1|0|1.0|INDIVIDUAL|VARIABLE|P0067055006|1|0|1.0|INDIVIDUAL|VARIABLE|P0067055006|1|0|1.0|INDIVIDUAL|VARIABLE|P0067055006|1|0|1.0|INDIVIDUAL|VARIABLE|P0067055006|1|0|1.0|INDIVIDUAL|VARIABLE|P0067055006|1|0|1.0|INDIVIDUAL|VARIABLE|P0067055006|1|0|1.0|INDIVIDUAL|VARIABLE|P0067055006|1|0|1.0|INDIVIDUAL|VARIABLE|P0067055006|1|0|1.0|INDIVIDUAL|VARIABLE|P0067055006|1|0|1.0|INDIVIDUAL|VARIABLE|P0067055006|1|0|1.0|INDIVIDUAL|VARIABLE|P0067055006|1|0|1.0|INDIVIDUAL|VARIABLE|P0067055006|1|0|1.0|INDIVIDUAL|VARIABLE|P0067055006|1|0|1.0|INDIVIDUAL|VARIABLE|P0067055006|1|0|1.0|INDIVIDUAL|VARIABLE|P0067055006|1|0|1.0|INDIVIDUAL|VARIABLE|P0067055006|1|0|1.0|INDIVIDUAL|VARIABLE|P0067055006|1|0|1.0|INDIVIDUAL|VARIABLE|P0067055006|1|0|1.0|INDIVIDUAL|VARIABLE|P0067055006|1|0|1.0|INDIVIDUAL|VARIABLE|P0067055006|1|0|1.0|INDIVIDUAL|VARIABLE|P0067055006|1|0|1.0|INDIVIDUAL|VARIABLE|P0067055006|1|0|1.0|INDIVIDUAL|VARIABLE|P0067055006|1|0|1.0|INDIVIDUAL|VARIABLE|P0067055006|1|0|1.0|INDIVIDUAL|VARIABLE|P0067055006|1|0|1.0|INDIVIDUAL|VARIABLE|P0067055006|1|0|1.0|INDIVIDUAL|VARIABLE|P0067055006|1|0|1.0
223,INDIVIDUAL|VARIABLE|P0067080000|1|0|1.0|INDIVIDUAL|VARIABLE|P0067080000|1|0|1.0|INDIVIDUAL|VARIABLE|P0067080000|1|0|1.0|INDIVIDUAL|VARIABLE|P0067080000|1|0|1.0|INDIVIDUAL|VARIABLE|P0067080000|1|0|1.0|INDIVIDUAL|VARIABLE|P0067080000|1|0|1.0|INDIVIDUAL|VARIABLE|P0067080000|1|0|1.0|INDIVIDUAL|VARIABLE|P0067080000|1|0|1.0|INDIVIDUAL|VARIABLE|P0067080000|1|0|1.0|INDIVIDUAL|VARIABLE|P0067080000|1|0|1.0|INDIVIDUAL|VARIABLE|P0067080000|1|0|1.0|INDIVIDUAL|VARIABLE|P0067080000|1|0|1.0|INDIVIDUAL|VARIABLE|P0067080000|1|0|1.0|INDIVIDUAL|VARIABLE|P0067080000|1|0|1.0|INDIVIDUAL|VARIABLE|P0067080000|1|0|1.0|INDIVIDUAL|VARIABLE|P0067080000|1|0|1.0|INDIVIDUAL|VARIABLE|P0067080000|1|0|1.0|INDIVIDUAL|VARIABLE|P0067080000|1|0|1.0|INDIVIDUAL|VARIABLE|P0067080000|1|0|1.0|INDIVIDUAL|VARIABLE|P0067080000|1|0|1.0|INDIVIDUAL|VARIABLE|P0067080000|1|0|1.0|INDIVIDUAL|VARIABLE|P0067080000|1|0|1.0|INDIVIDUAL|VARIABLE|P0067080000|1|0|1.0|INDIVIDUAL|VARIABLE|P0067080000|1|0|1.0|INDIVIDUAL|VARIABLE|P0067080000|1|0|1.0|INDIVIDUAL|VARIABLE|P0067080000|1|0|1.0|INDIVIDUAL|VARIABLE|P0067080000|1|0|1.0|INDIVIDUAL|VARIABLE|P0067080000|1|0|1.0|INDIVIDUAL|VARIABLE|P0067080000|1|0|1.0|INDIVIDUAL|VARIABLE|P0067080000|1|0|1.0
224,INDIVIDUAL|VARIABLE|P0067101000|1|0|1.0|INDIVIDUAL|VARIABLE|P0067101000|1|0|1.0|INDIVIDUAL|VARIABLE|P0067101000|1|0|1.0|INDIVIDUAL|VARIABLE|P0067101000|1|0|1.0|INDIVIDUAL|VARIABLE|P0067101000|1|0|1.0|INDIVIDUAL|VARIABLE|P0067101000|1|0|1.0|INDIVIDUAL|VARIABLE|P0067101000|1|0|1.0|INDIVIDUAL|VARIABLE|P0067101000|1|0|1.0|INDIVIDUAL|VARIABLE|P0067101000|1|0|1.0|INDIVIDUAL|VARIABLE|P0067101000|1|0|1.0|INDIVIDUAL|VARIABLE|P0067101000|1|0|1.0|INDIVIDUAL|VARIABLE|P0067101000|1|0|1.0|INDIVIDUAL|VARIABLE|P0067101000|1|0|1.0|INDIVIDUAL|VARIABLE|P0067101000|1|0|1.0|INDIVIDUAL|VARIABLE|P0067101000|1|0|1.0|INDIVIDUAL|VARIABLE|P0067101000|1|0|1.0|INDIVIDUAL|VARIABLE|P0067101000|1|0|1.0|INDIVIDUAL|VARIABLE|P0067101000|1|0|1.0|INDIVIDUAL|VARIABLE|P0067101000|1|0|1.0|INDIVIDUAL|VARIABLE|P0067101000|1|0|1.0|INDIVIDUAL|VARIABLE|P0067101000|1|0|1.0|INDIVIDUAL|VARIABLE|P0067101000|1|0|1.0|INDIVIDUAL|VARIABLE|P0067101000|1|0|1.0|INDIVIDUAL|VARIABLE|P0067101000|1|0|1.0|INDIVIDUAL|VARIABLE|P0067101000|1|0|1.0|INDIVIDUAL|VARIABLE|P0067101000|1|0|1.0|INDIVIDUAL|VARIABLE|P0067101000|1|0|1.0|INDIVIDUAL|VARIABLE|P0067101000|1|0|1.0|INDIVIDUAL|VARIABLE|P0067101000|1|0|1.0|INDIVIDUAL|VARIABLE|P0067101000|1|0|1.0|INDIVIDUAL|VARIABLE|P0067101000|1|0|1.0|INDIVIDUAL|VARIABLE|P0067101000|1|0|1.0|INDIVIDUAL|VARIABLE|P0067101000|1|0|1.0|INDIVIDUAL|VARIABLE|P0067101000|1|0|1.0|INDIVIDUAL|VARIABLE|P0067101000|1|0|1.0|INDIVIDUAL|VARIABLE|P0067101000|1|0|1.0|INDIVIDUAL|VARIABLE|P0067101000|1|0|1.0|INDIVIDUAL|VARIABLE|P0067101000|1|0|1.0|INDIVIDUAL|VARIABLE|P0067101000|1|0|1.0|INDIVIDUAL|VARIABLE|P0067101000|1|0|1.0|INDIVIDUAL|VARIABLE|P0067101000|1|0|1.0|INDIVIDUAL|VARIABLE|P0067101000|1|0|1.0|INDIVIDUAL|VARIABLE|P0067101000|1|0|1.0|INDIVIDUAL|VARIABLE|P0067101000|1|0|1.0|INDIVIDUAL|VARIABLE|P0067101000|1|0|1.0|INDIVIDUAL|VARIABLE|P0067101000|1|0|1.0|INDIVIDUAL|VARIABLE|P0067101000|1|0|1.0|INDIVIDUAL|VARIABLE|P0067101000|1|0|1.0|INDIVIDUAL|VARIABLE|P0067101000|1|0|1.0|INDIVIDUAL|VARIABLE|P0067101000|1|0|1.0|INDIVIDUAL|VARIABLE|P0067101000|1|0|1.0|INDIVIDUAL|VARIABLE|P0067101000|1|0|1.0|INDIVIDUAL|VARIABLE|P0067101000|1|0|1.0|INDIVIDUAL|VARIABLE|P0067101000|1|0|1.0|INDIVIDUAL|VARIABLE|P0067101000|1|0|1.0|INDIVIDUAL|VARIABLE|P0067101000|1|0|1.0|INDIVIDUAL|VARIABLE|P0067101000|1|0|1.0|INDIVIDUAL|VARIABLE|P0067101000|1|0|1.0|INDIVIDUAL|VARIABLE|P0067101000|1|0|1.0|INDIVIDUAL|VARIABLE|P0067101000|1|0|1.0|INDIVIDUAL|VARIABLE|P0067101000|1|0|1.0|INDIVIDUAL|VARIABLE|P0067101000|1|0|1.0|INDIVIDUAL|VARIABLE|P0067101000|1|0|1.0|INDIVIDUAL|VARIABLE|P0067101000|1|0|1.0|INDIVIDUAL|VARIABLE|P0067101000|1|0|1.0|INDIVIDUAL|VARIABLE|P0067101000|1|0|1.0
225,INDIVIDUAL|VARIABLE|P0210111001|1|0|1.0|INDIVIDUAL|VARIABLE|P0210111001|1|0|1.0|INDIVIDUAL|VARIABLE|P0210111001|1|0|1.0|INDIVIDUAL|VARIABLE|P0210111001|1|0|1.0|INDIVIDUAL|VARIABLE|P0210111001|1|0|1.0|INDIVIDUAL|VARIABLE|P0210111001|1|0|1.0|INDIVIDUAL|VARIABLE|P0210111001|1|0|1.0|INDIVIDUAL|VARIABLE|P0210111001|1|0|1.0|INDIVIDUAL|VARIABLE|P0210111001|1|0|1.0|INDIVIDUAL|VARIABLE|P0210111001|1|0|1.0|INDIVIDUAL|VARIABLE|P0210111001|1|0|1.0|INDIVIDUAL|VARIABLE|P0210111001|1|0|1.0|INDIVIDUAL|VARIABLE|P0210111001|1|0|1.0|INDIVIDUAL|VARIABLE|P0210111001|1|0|1.0|INDIVIDUAL|VARIABLE|P0210111001|1|0|1.0|INDIVIDUAL|VARIABLE|P0210111001|1|0|1.0|INDIVIDUAL|VARIABLE|P0210111001|1|0|1.0|INDIVIDUAL|VARIABLE|P0210111001|1|0|1.0|INDIVIDUAL|VARIABLE|P0210111001|1|0|1.0|INDIVIDUAL|VARIABLE|P0210111001|1|0|1.0|INDIVIDUAL|VARIABLE|P0210111001|1|0|1.0|INDIVIDUAL|VARIABLE|P0210111001|1|0|1.0|INDIVIDUAL|VARIABLE|P0210111001|1|0|1.0|INDIVIDUAL|VARIABLE|P0210111001|1|0|1.0|INDIVIDUAL|VARIABLE|P0210111001|1|0|1.0|INDIVIDUAL|VARIABLE|P0210111001|1|0|1.0|INDIVIDUAL|VARIABLE|P0210111001|1|0|1.0|INDIVIDUAL|VARIABLE|P0210111001|1|0|1.0|INDIVIDUAL|VARIABLE|P0210111001|1|0|1.0|INDIVIDUAL|VARIABLE|P0210111001|1|0|1.0|INDIVIDUAL|VARIABLE|P0210111001|1|0|1.0|INDIVIDUAL|VARIABLE|P0210111001|1|0|1.0|INDIVIDUAL|VARIABLE|P0210111001|1|0|1.0|INDIVIDUAL|VARIABLE|P0210111001|1|0|1.0|INDIVIDUAL|VARIABLE|P0210111001|1|0|1.0|INDIVIDUAL|VARIABLE|P0210111001|1|0|1.0|INDIVIDUAL|VARIABLE|P0210111001|1|0|1.0|INDIVIDUAL|VARIABLE|P0210111001|1|0|1.0|INDIVIDUAL|VARIABLE|P0210111001|1|0|1.0|INDIVIDUAL|VARIABLE|P0210111001|1|0|1.0|INDIVIDUAL|VARIABLE|P0210111001|1|0|1.0|INDIVIDUAL|VARIABLE|P0210111001|1|0|1.0|INDIVIDUAL|VARIABLE|P0210111001|1|0|1.0|INDIVIDUAL|VARIABLE|P0210111001|1|0|1.0|INDIVIDUAL|VARIABLE|P0210111001|1|0|1.0|INDIVIDUAL|VARIABLE|P0210111001|1|0|1.0|INDIVIDUAL|VARIABLE|P0210111001|1|0|1.0|INDIVIDUAL|VARIABLE|P0210111001|1|0|1.0|INDIVIDUAL|VARIABLE|P0210111001|1|0|1.0|INDIVIDUAL|VARIABLE|P0210111001|1|0|1.0|INDIVIDUAL|VARIABLE|P0210111001|1|0|1.0|INDIVIDUAL|VARIABLE|P0210111001|1|0|1.0|INDIVIDUAL|VARIABLE|P0210111001|1|0|1.0|INDIVIDUAL|VARIABLE|P0210111001|1|0|1.0|INDIVIDUAL|VARIABLE|P0210111001|1|0|1.0|INDIVIDUAL|VARIABLE|P0210111001|1|0|1.0|INDIVIDUAL|VARIABLE|P0210111001|1|0|1.0|INDIVIDUAL|VARIABLE|P0210111001|1|0|1.0|INDIVIDUAL|VARIABLE|P0210111001|1|0|1.0|INDIVIDUAL|VARIABLE|P0210111001|1|0|1.0|INDIVIDUAL|VARIABLE|P0210111001|1|0|1.0|INDIVIDUAL|VARIABLE|P0210111001|1|0|1.0|INDIVIDUAL|VARIABLE|P0210111001|1|0|1.0|INDIVIDUAL|VARIABLE|P0210111001|1|0|1.0|INDIVIDUAL|VARIABLE|P0210111001|1|0|1.0|INDIVIDUAL|VARIABLE|P0210111001|1|0|1.0|INDIVIDUAL|VARIABLE|P0210111001|1|0|1.0|INDIVIDUAL|VARIABLE|P0210111001|1|0|1.0|INDIVIDUAL|VARIABLE|P0210111001|1|0|1.0|INDIVIDUAL|VARIABLE|P0210111001|1|0|1.0|INDIVIDUAL|VARIABLE|P0210111001|1|0|1.0|INDIVIDUAL|VARIABLE|P0210111001|1|0|1.0|INDIVIDUAL|VARIABLE|P0210111001|1|0|1.0|INDIVIDUAL|VARIABLE|P0210111001|1|0|1.0|INDIVIDUAL|VARIABLE|P0210111001|1|0|1.0|INDIVIDUAL|VARIABLE|P0210111001|1|0|1.0|INDIVIDUAL|VARIABLE|P0210111001|1|0|1.0|INDIVIDUAL|VARIABLE|P0210111001|1|0|1.0|INDIVIDUAL|VARIABLE|P0210111001|1|0|1.0|INDIVIDUAL|VARIABLE|P0210111001|1|0|1.0|INDIVIDUAL|VARIABLE|P0210111001|1|0|1.0|INDIVIDUAL|VARIABLE|P0210111001|1|0|1.0|INDIVIDUAL|VARIABLE|P0210111001|1|0|1.0|INDIVIDUAL|VARIABLE|P0210111001|1|0|1.0|INDIVIDUAL|VARIABLE|P0210111001|1|0|1.0|INDIVIDUAL|VARIABLE|P0210111001|1|0|1.0|INDIVIDUAL|VARIABLE|P0210111001|1|0|1.0|INDIVIDUAL|VARIABLE|P0210111001|1|0|1.0|INDIVIDUAL|VARIABLE|P0210111001|1|0|1.0|INDIVIDUAL|VARIABLE|P0210111001|1|0|1.0|INDIVIDUAL|VARIABLE|P0210111001|1|0|1.0|INDIVIDUAL|VARIABLE|P0210111001|1|0|1.0|INDIVIDUAL|VARIABLE|P0210111001|1|0|1.0|INDIVIDUAL|VARIABLE|P0210111001|1|0|1.0|INDIVIDUAL|VARIABLE|P0210111001|1|0|1.0|INDIVIDUAL|VARIABLE|P0210111001|1|0|1.0|INDIVIDUAL|VARIABLE|P0210111001|1|0|1.0|INDIVIDUAL|VARIABLE|P0210111001|1|0|1.0|INDIVIDUAL|VARIABLE|P0210111001|1|0|1.0|INDIVIDUAL|VARIABLE|P0210111001|1|0|1.0|INDIVIDUAL|VARIABLE|P0210111001|1|0|1.0|INDIVIDUAL|VARIABLE|P0210111001|1|0|1.0|INDIVIDUAL|VARIABLE|P0210111001|1|0|1.0|INDIVIDUAL|VARIABLE|P0210111001|1|0|1.0|INDIVIDUAL|VARIABLE|P0210111001|1|0|1.0|INDIVIDUAL|VARIABLE|P0210111001|1|0|1.0|INDIVIDUAL|VARIABLE|P0210111001|1|0|1.0|INDIVIDUAL|VARIABLE|P0210111001|1|0|1.0|INDIVIDUAL|VARIABLE|P0210111001|1|0|1.0|INDIVIDUAL|VARIABLE|P0210111001|1|0|1.0|INDIVIDUAL|VARIABLE|P0210111001|1|0|1.0|INDIVIDUAL|VARIABLE|P0210111001|1|0|1.0|INDIVIDUAL|VARIABLE|P0210111001|1|0|1.0|INDIVIDUAL|VARIABLE|P0210111001|1|0|1.0|INDIVIDUAL|VARIABLE|P0210111001|1|0|1.0|INDIVIDUAL|VARIABLE|P0210111001|1|0|1.0|INDIVIDUAL|VARIABLE|P0210111001|1|0|1.0|INDIVIDUAL|VARIABLE|P0210111001|1|0|1.0|INDIVIDUAL|VARIABLE|P0210111001|1|0|1.0|INDIVIDUAL|VARIABLE|P0210111001|1|0|1.0|INDIVIDUAL|VARIABLE|P0210111001|1|0|1.0|INDIVIDUAL|VARIABLE|P0210111001|1|0|1.0|INDIVIDUAL|VARIABLE|P0210111001|1|0|1.0|INDIVIDUAL|VARIABLE|P0210111001|1|0|1.0|INDIVIDUAL|VARIABLE|P0210111001|1|0|1.0|INDIVIDUAL|VARIABLE|P0210111001|1|0|1.0|INDIVIDUAL|VARIABLE|P0210111001|1|0|1.0|INDIVIDUAL|VARIABLE|P0210111001|1|0|1.0|INDIVIDUAL|VARIABLE|P0210111001|1|0|1.0|INDIVIDUAL|VARIABLE|P0210111001|1|0|1.0|INDIVIDUAL|VARIABLE|P0210111001|1|0|1.0|INDIVIDUAL|VARIABLE|P0210111001|1|0|1.0|INDIVIDUAL|VARIABLE|P0210111001|1|0|1.0|INDIVIDUAL|VARIABLE|P0210111001|1|0|1.0|INDIVIDUAL|VARIABLE|P0210111001|1|0|1.0|INDIVIDUAL|VARIABLE|P0210111001|1|0|1.0|INDIVIDUAL|VARIABLE|P0210111001|1|0|1.0|INDIVIDUAL|VARIABLE|P0210111001|1|0|1.0|INDIVIDUAL|VARIABLE|P0210111001|1|0|1.0|INDIVIDUAL|VARIABLE|P0210111001|1|0|1.0|INDIVIDUAL|VARIABLE|P0210111001|1|0|1.0|INDIVIDUAL|VARIABLE|P0210111001|1|0|1.0|INDIVIDUAL|VARIABLE|P0210111001|1|0|1.0|INDIVIDUAL|VARIABLE|P0210111001|1|0|1.0|INDIVIDUAL|VARIABLE|P0210111001|1|0|1.0|INDIVIDUAL|VARIABLE|P0210111001|1|0|1.0|INDIVIDUAL|VARIABLE|P0210111001|1|0|1.0|INDIVIDUAL|VARIABLE|P0210111001|1|0|1.0|INDIVIDUAL|VARIABLE|P0210111001|1|0|1.0|INDIVIDUAL|VARIABLE|P0210111001|1|0|1.0|INDIVIDUAL|VARIABLE|P0210111001|1|0|1.0|INDIVIDUAL|VARIABLE|P0210111001|1|0|1.0|INDIVIDUAL|VARIABLE|P0210111001|1|0|1.0|INDIVIDUAL|VARIABLE|P0210111001|1|0|1.0|INDIVIDUAL|VARIABLE|P0210111001|1|0|1.0|INDIVIDUAL|VARIABLE|P0210111001|1|0|1.0|INDIVIDUAL|VARIABLE|P0210111001|1|0|1.0|INDIVIDUAL|VARIABLE|P0210111001|1|0|1.0|INDIVIDUAL|VARIABLE|P0210111001|1|0|1.0|INDIVIDUAL|VARIABLE|P0210111001|1|0|1.0|INDIVIDUAL|VARIABLE|P0210111001|1|0|1.0|INDIVIDUAL|VARIABLE|P0210111001|1|0|1.0|INDIVIDUAL|VARIABLE|P0210111001|1|0|1.0|INDIVIDUAL|VARIABLE|P0210111001|1|0|1.0|INDIVIDUAL|VARIABLE|P0210111001|1|0|1.0|INDIVIDUAL|VARIABLE|P0210111001|1|0|1.0|INDIVIDUAL|VARIABLE|P0210111001|1|0|1.0|INDIVIDUAL|VARIABLE|P0210111001|1|0|1.0|INDIVIDUAL|VARIABLE|P0210111001|1|0|1.0|INDIVIDUAL|VARIABLE|P0210111001|1|0|1.0|INDIVIDUAL|VARIABLE|P0210111001|1|0|1.0|INDIVIDUAL|VARIABLE|P0210111001|1|0|1.0|INDIVIDUAL|VARIABLE|P0210111001|1|0|1.0|INDIVIDUAL|VARIABLE|P0210111001|1|0|1.0|INDIVIDUAL|VARIABLE|P0210111001|1|0|1.0|INDIVIDUAL|VARIABLE|P0210111001|1|0|1.0|INDIVIDUAL|VARIABLE|P0210111001|1|0|1.0|INDIVIDUAL|VARIABLE|P0210111001|1|0|1.0|INDIVIDUAL|VARIABLE|P0210111001|1|0|1.0|INDIVIDUAL|VARIABLE|P0210111001|1|0|1.0|INDIVIDUAL|VARIABLE|P0210111001|1|0|1.0|INDIVIDUAL|VARIABLE|P0210111001|1|0|1.0|INDIVIDUAL|VARIABLE|P0210111001|1|0|1.0|INDIVIDUAL|VARIABLE|P0210111001|1|0|1.0|INDIVIDUAL|VARIABLE|P0210111001|1|0|1.0|INDIVIDUAL|VARIABLE|P0210111001|1|0|1.0|INDIVIDUAL|VARIABLE|P0210111001|1|0|1.0|INDIVIDUAL|VARIABLE|P0210111001|1|0|1.0|INDIVIDUAL|VARIABLE|P0210111001|1|0|1.0|INDIVIDUAL|VARIABLE|P0210111001|1|0|1.0|INDIVIDUAL|VARIABLE|P0210111001|1|0|1.0|INDIVIDUAL|VARIABLE|P0210111001|1|0|1.0|INDIVIDUAL|VARIABLE|P0210111001|1|0|1.0|INDIVIDUAL|VARIABLE|P0210111001|1|0|1.0|INDIVIDUAL|VARIABLE|P0210111001|1|0|1.0|INDIVIDUAL|VARIABLE|P0210111001|1|0|1.0|INDIVIDUAL|VARIABLE|P0210111001|1|0|1.0|INDIVIDUAL|VARIABLE|P0210111001|1|0|1.0|INDIVIDUAL|VARIABLE|P0210111001|1|0|1.0|INDIVIDUAL|VARIABLE|P0210111001|1|0|1.0|INDIVIDUAL|VARIABLE|P0210111001|1|0|1.0|INDIVIDUAL|VARIABLE|P0210111001|1|0|1.0|INDIVIDUAL|VARIABLE|P0210111001|1|0|1.0|INDIVIDUAL|VARIABLE|P0210111001|1|0|1.0|INDIVIDUAL|VARIABLE|P0210111001|1|0|1.0|INDIVIDUAL|VARIABLE|P0210111001|1|0|1.0|INDIVIDUAL|VARIABLE|P0210111001|1|0|1.0|INDIVIDUAL|VARIABLE|P0210111001|1|0|1.0|INDIVIDUAL|VARIABLE|P0210111001|1|0|1.0|INDIVIDUAL|VARIABLE|P0210111001|1|0|1.0|INDIVIDUAL|VARIABLE|P0210111001|1|0|1.0|INDIVIDUAL|VARIABLE|P0210111001|1|0|1.0|INDIVIDUAL|VARIABLE|P0210111001|1|0|1.0|INDIVIDUAL|VARIABLE|P0210111001|1|0|1.0|INDIVIDUAL|VARIABLE|P0210111001|1|0|1.0|INDIVIDUAL|VARIABLE|P0210111001|1|0|1.0|INDIVIDUAL|VARIABLE|P0210111001|1|0|1.0|INDIVIDUAL|VARIABLE|P0210111001|1|0|1.0|INDIVIDUAL|VARIABLE|P0210111001|1|0|1.0|INDIVIDUAL|VARIABLE|P0210111001|1|0|1.0|INDIVIDUAL|VARIABLE|P0210111001|1|0|1.0|INDIVIDUAL|VARIABLE|P0210111001|1|0|1.0|INDIVIDUAL|VARIABLE|P0210111001|1|0|1.0|INDIVIDUAL|VARIABLE|P0210111001|1|0|1.0|INDIVIDUAL|VARIABLE|P0210111001|1|0|1.0|INDIVIDUAL|VARIABLE|P0210111001|1|0|1.0|INDIVIDUAL|VARIABLE|P0210111001|1|0|1.0|INDIVIDUAL|VARIABLE|P0210111001|1|0|1.0|INDIVIDUAL|VARIABLE|P0210111001|1|0|1.0|INDIVIDUAL|VARIABLE|P0210111001|1|0|1.0|INDIVIDUAL|VARIABLE|P0210111001|1|0|1.0|INDIVIDUAL|VARIABLE|P0210111001|1|0|1.0|INDIVIDUAL|VARIABLE|P0210111001|1|0|1.0|INDIVIDUAL|VARIABLE|P0210111001|1|0|1.0|INDIVIDUAL|VARIABLE|P0210111001|1|0|1.0|INDIVIDUAL|VARIABLE|P0210111001|1|0|1.0|INDIVIDUAL|VARIABLE|P0210111001|1|0|1.0|INDIVIDUAL|VARIABLE|P0210111001|1|0|1.0|INDIVIDUAL|VARIABLE|P0210111001|1|0|1.0|INDIVIDUAL|VARIABLE|P0210111001|1|0|1.0|INDIVIDUAL|VARIABLE|P0210111001|1|0|1.0|INDIVIDUAL|VARIABLE|P0210111001|1|0|1.0|INDIVIDUAL|VARIABLE|P0210111001|1|0|1.0|INDIVIDUAL|VARIABLE|P0210111001|1|0|1.0|INDIVIDUAL|VARIABLE|P0210111001|1|0|1.0|INDIVIDUAL|VARIABLE|P0210111001|1|0|1.0|INDIVIDUAL|VARIABLE|P0210111001|1|0|1.0|INDIVIDUAL|VARIABLE|P0210111001|1|0|1.0|INDIVIDUAL|VARIABLE|P0210111001|1|0|1.0|INDIVIDUAL|VARIABLE|P0210111001|1|0|1.0|INDIVIDUAL|VARIABLE|P0210111001|1|0|1.0|INDIVIDUAL|VARIABLE|P0210111001|1|0|1.0|INDIVIDUAL|VARIABLE|P0210111001|1|0|1.0|INDIVIDUAL|VARIABLE|P0210111001|1|0|1.0|INDIVIDUAL|VARIABLE|P0210111001|1|0|1.0|INDIVIDUAL|VARIABLE|P0210111001|1|0|1.0|INDIVIDUAL|VARIABLE|P0210111001|1|0|1.0|INDIVIDUAL|VARIABLE|P0210111001|1|0|1.0|INDIVIDUAL|VARIABLE|P0210111001|1|0|1.0|INDIVIDUAL|VARIABLE|P0210111001|1|0|1.0
226,INDIVIDUAL|VARIABLE|P0292094005|1|0|1.0|INDIVIDUAL|VARIABLE|P0292094005|1|0|1.0|INDIVIDUAL|VARIABLE|P0292094005|1|0|1.0|INDIVIDUAL|VARIABLE|P0292094005|1|0|1.0|INDIVIDUAL|VARIABLE|P0292094005|1|0|1.0|INDIVIDUAL|VARIABLE|P0292094005|1|0|1.0|INDIVIDUAL|VARIABLE|P0292094005|1|0|1.0|INDIVIDUAL|VARIABLE|P0292094005|1|0|1.0|INDIVIDUAL|VARIABLE|P0292094005|1|0|1.0|INDIVIDUAL|VARIABLE|P0292094005|1|0|1.0|INDIVIDUAL|VARIABLE|P0292094005|1|0|1.0|INDIVIDUAL|VARIABLE|P0292094005|1|0|1.0|INDIVIDUAL|VARIABLE|P0292094005|1|0|1.0|INDIVIDUAL|VARIABLE|P0292094005|1|0|1.0|INDIVIDUAL|VARIABLE|P0292094005|1|0|1.0|INDIVIDUAL|VARIABLE|P0292094005|1|0|1.0|INDIVIDUAL|VARIABLE|P0292094005|1|0|1.0|INDIVIDUAL|VARIABLE|P0292094005|1|0|1.0|INDIVIDUAL|VARIABLE|P0292094005|1|0|1.0|INDIVIDUAL|VARIABLE|P0292094005|1|0|1.0|INDIVIDUAL|VARIABLE|P0292094005|1|0|1.0|INDIVIDUAL|VARIABLE|P0292094005|1|0|1.0|INDIVIDUAL|VARIABLE|P0292094005|1|0|1.0|INDIVIDUAL|VARIABLE|P0292094005|1|0|1.0|INDIVIDUAL|VARIABLE|P0292094005|1|0|1.0|INDIVIDUAL|VARIABLE|P0292094005|1|0|1.0|INDIVIDUAL|VARIABLE|P0292094005|1|0|1.0|INDIVIDUAL|VARIABLE|P0292094005|1|0|1.0|INDIVIDUAL|VARIABLE|P0292094005|1|0|1.0|INDIVIDUAL|VARIABLE|P0292094005|1|0|1.0|INDIVIDUAL|VARIABLE|P0292094005|1|0|1.0|INDIVIDUAL|VARIABLE|P0292094005|1|0|1.0|INDIVIDUAL|VARIABLE|P0292094005|1|0|1.0|INDIVIDUAL|VARIABLE|P0292094005|1|0|1.0|INDIVIDUAL|VARIABLE|P0292094005|1|0|1.0|INDIVIDUAL|VARIABLE|P0292094005|1|0|1.0|INDIVIDUAL|VARIABLE|P0292094005|1|0|1.0|INDIVIDUAL|VARIABLE|P0292094005|1|0|1.0|INDIVIDUAL|VARIABLE|P0292094005|1|0|1.0|INDIVIDUAL|VARIABLE|P0292094005|1|0|1.0
227,INDIVIDUAL|VARIABLE|P0210072000|1|0|1.0|INDIVIDUAL|VARIABLE|P0210072000|1|0|1.0|INDIVIDUAL|VARIABLE|P0210072000|1|0|1.0|INDIVIDUAL|VARIABLE|P0210072000|1|0|1.0|INDIVIDUAL|VARIABLE|P0210072000|1|0|1.0|INDIVIDUAL|VARIABLE|P0210072000|1|0|1.0|INDIVIDUAL|VARIABLE|P0210072000|1|0|1.0|INDIVIDUAL|VARIABLE|P0210072000|1|0|1.0|INDIVIDUAL|VARIABLE|P0210072000|1|0|1.0|INDIVIDUAL|VARIABLE|P0210072000|1|0|1.0|INDIVIDUAL|VARIABLE|P0210072000|1|0|1.0|INDIVIDUAL|VARIABLE|P0210072000|1|0|1.0|INDIVIDUAL|VARIABLE|P0210072000|1|0|1.0|INDIVIDUAL|VARIABLE|P0210072000|1|0|1.0|INDIVIDUAL|VARIABLE|P0210072000|1|0|1.0|INDIVIDUAL|VARIABLE|P0210072000|1|0|1.0|INDIVIDUAL|VARIABLE|P0210072000|1|0|1.0|INDIVIDUAL|VARIABLE|P0210072000|1|0|1.0|INDIVIDUAL|VARIABLE|P0210072000|1|0|1.0|INDIVIDUAL|VARIABLE|P0210072000|1|0|1.0|INDIVIDUAL|VARIABLE|P0210072000|1|0|1.0|INDIVIDUAL|VARIABLE|P0210072000|1|0|1.0|INDIVIDUAL|VARIABLE|P0210072000|1|0|1.0|INDIVIDUAL|VARIABLE|P0210072000|1|0|1.0|INDIVIDUAL|VARIABLE|P0210072000|1|0|1.0|INDIVIDUAL|VARIABLE|P0210072000|1|0|1.0|INDIVIDUAL|VARIABLE|P0210072000|1|0|1.0|INDIVIDUAL|VARIABLE|P0210072000|1|0|1.0|INDIVIDUAL|VARIABLE|P0210072000|1|0|1.0|INDIVIDUAL|VARIABLE|P0210072000|1|0|1.0|INDIVIDUAL|VARIABLE|P0210072000|1|0|1.0|INDIVIDUAL|VARIABLE|P0210072000|1|0|1.0|INDIVIDUAL|VARIABLE|P0210072000|1|0|1.0|INDIVIDUAL|VARIABLE|P0210072000|1|0|1.0|INDIVIDUAL|VARIABLE|P0210072000|1|0|1.0|INDIVIDUAL|VARIABLE|P0210072000|1|0|1.0|INDIVIDUAL|VARIABLE|P0210072000|1|0|1.0|INDIVIDUAL|VARIABLE|P0210072000|1|0|1.0|INDIVIDUAL|VARIABLE|P0210072000|1|0|1.0|INDIVIDUAL|VARIABLE|P0210072000|1|0|1.0|INDIVIDUAL|VARIABLE|P0210072000|1|0|1.0|INDIVIDUAL|VARIABLE|P0210072000|1|0|1.0|INDIVIDUAL|VARIABLE|P0210072000|1|0|1.0|INDIVIDUAL|VARIABLE|P0210072000|1|0|1.0|INDIVIDUAL|VARIABLE|P0210072000|1|0|1.0|INDIVIDUAL|VARIABLE|P0210072000|1|0|1.0|INDIVIDUAL|VARIABLE|P0210072000|1|0|1.0|INDIVIDUAL|VARIABLE|P0210072000|1|0|1.0|INDIVIDUAL|VARIABLE|P0210072000|1|0|1.0|INDIVIDUAL|VARIABLE|P0210072000|1|0|1.0|INDIVIDUAL|VARIABLE|P0210072000|1|0|1.0|INDIVIDUAL|VARIABLE|P0210072000|1|0|1.0|INDIVIDUAL|VARIABLE|P0210072000|1|0|1.0|INDIVIDUAL|VARIABLE|P0210072000|1|0|1.0|INDIVIDUAL|VARIABLE|P0210072000|1|0|1.0|INDIVIDUAL|VARIABLE|P0210072000|1|0|1.0|INDIVIDUAL|VARIABLE|P0210072000|1|0|1.0|INDIVIDUAL|VARIABLE|P0210072000|1|0|1.0|INDIVIDUAL|VARIABLE|P0210072000|1|0|1.0|INDIVIDUAL|VARIABLE|P0210072000|1|0|1.0|INDIVIDUAL|VARIABLE|P0210072000|1|0|1.0|INDIVIDUAL|VARIABLE|P0210072000|1|0|1.0|INDIVIDUAL|VARIABLE|P0210072000|1|0|1.0|INDIVIDUAL|VARIABLE|P0210072000|1|0|1.0|INDIVIDUAL|VARIABLE|P0210072000|1|0|1.0|INDIVIDUAL|VARIABLE|P0210072000|1|0|1.0|INDIVIDUAL|VARIABLE|P0210072000|1|0|1.0|INDIVIDUAL|VARIABLE|P0210072000|1|0|1.0|INDIVIDUAL|VARIABLE|P0210072000|1|0|1.0|INDIVIDUAL|VARIABLE|P0210072000|1|0|1.0|INDIVIDUAL|VARIABLE|P0210072000|1|0|1.0|INDIVIDUAL|VARIABLE|P0210072000|1|0|1.0|INDIVIDUAL|VARIABLE|P0210072000|1|0|1.0|INDIVIDUAL|VARIABLE|P0210072000|1|0|1.0|INDIVIDUAL|VARIABLE|P0210072000|1|0|1.0|INDIVIDUAL|VARIABLE|P0210072000|1|0|1.0|INDIVIDUAL|VARIABLE|P0210072000|1|0|1.0|INDIVIDUAL|VARIABLE|P0210072000|1|0|1.0|INDIVIDUAL|VARIABLE|P0210072000|1|0|1.0|INDIVIDUAL|VARIABLE|P0210072000|1|0|1.0|INDIVIDUAL|VARIABLE|P0210072000|1|0|1.0|INDIVIDUAL|VARIABLE|P0210072000|1|0|1.0|INDIVIDUAL|VARIABLE|P0210072000|1|0|1.0|INDIVIDUAL|VARIABLE|P0210072000|1|0|1.0|INDIVIDUAL|VARIABLE|P0210072000|1|0|1.0|INDIVIDUAL|VARIABLE|P0210072000|1|0|1.0|INDIVIDUAL|VARIABLE|P0210072000|1|0|1.0|INDIVIDUAL|VARIABLE|P0210072000|1|0|1.0|INDIVIDUAL|VARIABLE|P0210072000|1|0|1.0|INDIVIDUAL|VARIABLE|P0210072000|1|0|1.0|INDIVIDUAL|VARIABLE|P0210072000|1|0|1.0|INDIVIDUAL|VARIABLE|P0210072000|1|0|1.0|INDIVIDUAL|VARIABLE|P0210072000|1|0|1.0|INDIVIDUAL|VARIABLE|P0210072000|1|0|1.0|INDIVIDUAL|VARIABLE|P0210072000|1|0|1.0|INDIVIDUAL|VARIABLE|P0210072000|1|0|1.0|INDIVIDUAL|VARIABLE|P0210072000|1|0|1.0|INDIVIDUAL|VARIABLE|P0210072000|1|0|1.0|INDIVIDUAL|VARIABLE|P0210072000|1|0|1.0|INDIVIDUAL|VARIABLE|P0210072000|1|0|1.0|INDIVIDUAL|VARIABLE|P0210072000|1|0|1.0|INDIVIDUAL|VARIABLE|P0210072000|1|0|1.0|INDIVIDUAL|VARIABLE|P0210072000|1|0|1.0|INDIVIDUAL|VARIABLE|P0210072000|1|0|1.0|INDIVIDUAL|VARIABLE|P0210072000|1|0|1.0|INDIVIDUAL|VARIABLE|P0210072000|1|0|1.0|INDIVIDUAL|VARIABLE|P0210072000|1|0|1.0|INDIVIDUAL|VARIABLE|P0210072000|1|0|1.0
228,INDIVIDUAL|VARIABLE|P0210061000|1|0|1.0|INDIVIDUAL|VARIABLE|P0210061000|1|0|1.0|INDIVIDUAL|VARIABLE|P0210061000|1|0|1.0|INDIVIDUAL|VARIABLE|P0210061000|1|0|1.0|INDIVIDUAL|VARIABLE|P0210061000|1|0|1.0|INDIVIDUAL|VARIABLE|P0210061000|1|0|1.0|INDIVIDUAL|VARIABLE|P0210061000|1|0|1.0|INDIVIDUAL|VARIABLE|P0210061000|1|0|1.0|INDIVIDUAL|VARIABLE|P0210061000|1|0|1.0|INDIVIDUAL|VARIABLE|P0210061000|1|0|1.0|INDIVIDUAL|VARIABLE|P0210061000|1|0|1.0|INDIVIDUAL|VARIABLE|P0210061000|1|0|1.0|INDIVIDUAL|VARIABLE|P0210061000|1|0|1.0|INDIVIDUAL|VARIABLE|P0210061000|1|0|1.0|INDIVIDUAL|VARIABLE|P0210061000|1|0|1.0|INDIVIDUAL|VARIABLE|P0210061000|1|0|1.0|INDIVIDUAL|VARIABLE|P0210061000|1|0|1.0|INDIVIDUAL|VARIABLE|P0210061000|1|0|1.0|INDIVIDUAL|VARIABLE|P0210061000|1|0|1.0|INDIVIDUAL|VARIABLE|P0210061000|1|0|1.0|INDIVIDUAL|VARIABLE|P0210061000|1|0|1.0|INDIVIDUAL|VARIABLE|P0210061000|1|0|1.0|INDIVIDUAL|VARIABLE|P0210061000|1|0|1.0|INDIVIDUAL|VARIABLE|P0210061000|1|0|1.0|INDIVIDUAL|VARIABLE|P0210061000|1|0|1.0|INDIVIDUAL|VARIABLE|P0210061000|1|0|1.0|INDIVIDUAL|VARIABLE|P0210061000|1|0|1.0|INDIVIDUAL|VARIABLE|P0210061000|1|0|1.0|INDIVIDUAL|VARIABLE|P0210061000|1|0|1.0|INDIVIDUAL|VARIABLE|P0210061000|1|0|1.0
229,INDIVIDUAL|VARIABLE|P0210136000|1|0|1.0|INDIVIDUAL|VARIABLE|P0210136000|1|0|1.0|INDIVIDUAL|VARIABLE|P0210136000|1|0|1.0|INDIVIDUAL|VARIABLE|P0210136000|1|0|1.0|INDIVIDUAL|VARIABLE|P0210136000|1|0|1.0|INDIVIDUAL|VARIABLE|P0210136000|1|0|1.0|INDIVIDUAL|VARIABLE|P0210136000|1|0|1.0|INDIVIDUAL|VARIABLE|P0210136000|1|0|1.0|INDIVIDUAL|VARIABLE|P0210136000|1|0|1.0|INDIVIDUAL|VARIABLE|P0210136000|1|0|1.0|INDIVIDUAL|VARIABLE|P0210136000|1|0|1.0|INDIVIDUAL|VARIABLE|P0210136000|1|0|1.0|INDIVIDUAL|VARIABLE|P0210136000|1|0|1.0|INDIVIDUAL|VARIABLE|P0210136000|1|0|1.0|INDIVIDUAL|VARIABLE|P0210136000|1|0|1.0|INDIVIDUAL|VARIABLE|P0210136000|1|0|1.0|INDIVIDUAL|VARIABLE|P0210136000|1|0|1.0|INDIVIDUAL|VARIABLE|P0210136000|1|0|1.0|INDIVIDUAL|VARIABLE|P0210136000|1|0|1.0|INDIVIDUAL|VARIABLE|P0210136000|1|0|1.0|INDIVIDUAL|VARIABLE|P0210136000|1|0|1.0|INDIVIDUAL|VARIABLE|P0210136000|1|0|1.0|INDIVIDUAL|VARIABLE|P0210136000|1|0|1.0|INDIVIDUAL|VARIABLE|P0210136000|1|0|1.0|INDIVIDUAL|VARIABLE|P0210136000|1|0|1.0|INDIVIDUAL|VARIABLE|P0210136000|1|0|1.0|INDIVIDUAL|VARIABLE|P0210136000|1|0|1.0|INDIVIDUAL|VARIABLE|P0210136000|1|0|1.0|INDIVIDUAL|VARIABLE|P0210136000|1|0|1.0|INDIVIDUAL|VARIABLE|P0210136000|1|0|1.0|INDIVIDUAL|VARIABLE|P0210136000|1|0|1.0|INDIVIDUAL|VARIABLE|P0210136000|1|0|1.0|INDIVIDUAL|VARIABLE|P0210136000|1|0|1.0|INDIVIDUAL|VARIABLE|P0210136000|1|0|1.0|INDIVIDUAL|VARIABLE|P0210136000|1|0|1.0|INDIVIDUAL|VARIABLE|P0210136000|1|0|1.0|INDIVIDUAL|VARIABLE|P0210136000|1|0|1.0|INDIVIDUAL|VARIABLE|P0210136000|1|0|1.0|INDIVIDUAL|VARIABLE|P0210136000|1|0|1.0|INDIVIDUAL|VARIABLE|P0210136000|1|0|1.0|INDIVIDUAL|VARIABLE|P0210136000|1|0|1.0|INDIVIDUAL|VARIABLE|P0210136000|1|0|1.0|INDIVIDUAL|VARIABLE|P0210136000|1|0|1.0|INDIVIDUAL|VARIABLE|P0210136000|1|0|1.0|INDIVIDUAL|VARIABLE|P0210136000|1|0|1.0|INDIVIDUAL|VARIABLE|P0210136000|1|0|1.0|INDIVIDUAL|VARIABLE|P0210136000|1|0|1.0|INDIVIDUAL|VARIABLE|P0210136000|1|0|1.0|INDIVIDUAL|VARIABLE|P0210136000|1|0|1.0|INDIVIDUAL|VARIABLE|P0210136000|1|0|1.0|INDIVIDUAL|VARIABLE|P0210136000|1|0|1.0|INDIVIDUAL|VARIABLE|P0210136000|1|0|1.0|INDIVIDUAL|VARIABLE|P0210136000|1|0|1.0|INDIVIDUAL|VARIABLE|P0210136000|1|0|1.0|INDIVIDUAL|VARIABLE|P0210136000|1|0|1.0|INDIVIDUAL|VARIABLE|P0210136000|1|0|1.0|INDIVIDUAL|VARIABLE|P0210136000|1|0|1.0|INDIVIDUAL|VARIABLE|P0210136000|1|0|1.0|INDIVIDUAL|VARIABLE|P0210136000|1|0|1.0|INDIVIDUAL|VARIABLE|P0210136000|1|0|1.0|INDIVIDUAL|VARIABLE|P0210136000|1|0|1.0|INDIVIDUAL|VARIABLE|P0210136000|1|0|1.0|INDIVIDUAL|VARIABLE|P0210136000|1|0|1.0|INDIVIDUAL|VARIABLE|P0210136000|1|0|1.0|INDIVIDUAL|VARIABLE|P0210136000|1|0|1.0|INDIVIDUAL|VARIABLE|P0210136000|1|0|1.0|INDIVIDUAL|VARIABLE|P0210136000|1|0|1.0|INDIVIDUAL|VARIABLE|P0210136000|1|0|1.0|INDIVIDUAL|VARIABLE|P0210136000|1|0|1.0|INDIVIDUAL|VARIABLE|P0210136000|1|0|1.0
230,INDIVIDUAL|VARIABLE|P0292063000|1|0|1.0|INDIVIDUAL|VARIABLE|P0292063000|1|0|1.0|INDIVIDUAL|VARIABLE|P0292063000|1|0|1.0|INDIVIDUAL|VARIABLE|P0292063000|1|0|1.0|INDIVIDUAL|VARIABLE|P0292063000|1|0|1.0|INDIVIDUAL|VARIABLE|P0292063000|1|0|1.0|INDIVIDUAL|VARIABLE|P0292063000|1|0|1.0|INDIVIDUAL|VARIABLE|P0292063000|1|0|1.0|INDIVIDUAL|VARIABLE|P0292063000|1|0|1.0|INDIVIDUAL|VARIABLE|P0292063000|1|0|1.0|INDIVIDUAL|VARIABLE|P0292063000|1|0|1.0|INDIVIDUAL|VARIABLE|P0292063000|1|0|1.0|INDIVIDUAL|VARIABLE|P0292063000|1|0|1.0|INDIVIDUAL|VARIABLE|P0292063000|1|0|1.0|INDIVIDUAL|VARIABLE|P0292063000|1|0|1.0|INDIVIDUAL|VARIABLE|P0292063000|1|0|1.0|INDIVIDUAL|VARIABLE|P0292063000|1|0|1.0|INDIVIDUAL|VARIABLE|P0292063000|1|0|1.0|INDIVIDUAL|VARIABLE|P0292063000|1|0|1.0|INDIVIDUAL|VARIABLE|P0292063000|1|0|1.0|INDIVIDUAL|VARIABLE|P0292063000|1|0|1.0|INDIVIDUAL|VARIABLE|P0292063000|1|0|1.0|INDIVIDUAL|VARIABLE|P0292063000|1|0|1.0|INDIVIDUAL|VARIABLE|P0292063000|1|0|1.0|INDIVIDUAL|VARIABLE|P0292063000|1|0|1.0|INDIVIDUAL|VARIABLE|P0292063000|1|0|1.0|INDIVIDUAL|VARIABLE|P0292063000|1|0|1.0|INDIVIDUAL|VARIABLE|P0292063000|1|0|1.0|INDIVIDUAL|VARIABLE|P0292063000|1|0|1.0|INDIVIDUAL|VARIABLE|P0292063000|1|0|1.0|INDIVIDUAL|VARIABLE|P0292063000|1|0|1.0|INDIVIDUAL|VARIABLE|P0292063000|1|0|1.0|INDIVIDUAL|VARIABLE|P0292063000|1|0|1.0|INDIVIDUAL|VARIABLE|P0292063000|1|0|1.0|INDIVIDUAL|VARIABLE|P0292063000|1|0|1.0|INDIVIDUAL|VARIABLE|P0292063000|1|0|1.0|INDIVIDUAL|VARIABLE|P0292063000|1|0|1.0|INDIVIDUAL|VARIABLE|P0292063000|1|0|1.0|INDIVIDUAL|VARIABLE|P0292063000|1|0|1.0|INDIVIDUAL|VARIABLE|P0292063000|1|0|1.0|INDIVIDUAL|VARIABLE|P0292063000|1|0|1.0|INDIVIDUAL|VARIABLE|P0292063000|1|0|1.0|INDIVIDUAL|VARIABLE|P0292063000|1|0|1.0|INDIVIDUAL|VARIABLE|P0292063000|1|0|1.0|INDIVIDUAL|VARIABLE|P0292063000|1|0|1.0|INDIVIDUAL|VARIABLE|P0292063000|1|0|1.0|INDIVIDUAL|VARIABLE|P0292063000|1|0|1.0|INDIVIDUAL|VARIABLE|P0292063000|1|0|1.0|INDIVIDUAL|VARIABLE|P0292063000|1|0|1.0|INDIVIDUAL|VARIABLE|P0292063000|1|0|1.0|INDIVIDUAL|VARIABLE|P0292063000|1|0|1.0|INDIVIDUAL|VARIABLE|P0292063000|1|0|1.0|INDIVIDUAL|VARIABLE|P0292063000|1|0|1.0|INDIVIDUAL|VARIABLE|P0292063000|1|0|1.0|INDIVIDUAL|VARIABLE|P0292063000|1|0|1.0|INDIVIDUAL|VARIABLE|P0292063000|1|0|1.0|INDIVIDUAL|VARIABLE|P0292063000|1|0|1.0|INDIVIDUAL|VARIABLE|P0292063000|1|0|1.0|INDIVIDUAL|VARIABLE|P0292063000|1|0|1.0|INDIVIDUAL|VARIABLE|P0292063000|1|0|1.0|INDIVIDUAL|VARIABLE|P0292063000|1|0|1.0|INDIVIDUAL|VARIABLE|P0292063000|1|0|1.0|INDIVIDUAL|VARIABLE|P0292063000|1|0|1.0|INDIVIDUAL|VARIABLE|P0292063000|1|0|1.0|INDIVIDUAL|VARIABLE|P0292063000|1|0|1.0|INDIVIDUAL|VARIABLE|P0292063000|1|0|1.0|INDIVIDUAL|VARIABLE|P0292063000|1|0|1.0|INDIVIDUAL|VARIABLE|P0292063000|1|0|1.0|INDIVIDUAL|VARIABLE|P0292063000|1|0|1.0|INDIVIDUAL|VARIABLE|P0292063000|1|0|1.0
231,INDIVIDUAL|VARIABLE|P0210052000|1|0|1.0|INDIVIDUAL|VARIABLE|P0210052000|1|0|1.0|INDIVIDUAL|VARIABLE|P0210052000|1|0|1.0|INDIVIDUAL|VARIABLE|P0210052000|1|0|1.0|INDIVIDUAL|VARIABLE|P0210052000|1|0|1.0|INDIVIDUAL|VARIABLE|P0210052000|1|0|1.0|INDIVIDUAL|VARIABLE|P0210052000|1|0|1.0|INDIVIDUAL|VARIABLE|P0210052000|1|0|1.0|INDIVIDUAL|VARIABLE|P0210052000|1|0|1.0|INDIVIDUAL|VARIABLE|P0210052000|1|0|1.0|INDIVIDUAL|VARIABLE|P0210052000|1|0|1.0|INDIVIDUAL|VARIABLE|P0210052000|1|0|1.0|INDIVIDUAL|VARIABLE|P0210052000|1|0|1.0|INDIVIDUAL|VARIABLE|P0210052000|1|0|1.0|INDIVIDUAL|VARIABLE|P0210052000|1|0|1.0|INDIVIDUAL|VARIABLE|P0210052000|1|0|1.0|INDIVIDUAL|VARIABLE|P0210052000|1|0|1.0|INDIVIDUAL|VARIABLE|P0210052000|1|0|1.0|INDIVIDUAL|VARIABLE|P0210052000|1|0|1.0|INDIVIDUAL|VARIABLE|P0210052000|1|0|1.0|INDIVIDUAL|VARIABLE|P0210052000|1|0|1.0|INDIVIDUAL|VARIABLE|P0210052000|1|0|1.0|INDIVIDUAL|VARIABLE|P0210052000|1|0|1.0|INDIVIDUAL|VARIABLE|P0210052000|1|0|1.0|INDIVIDUAL|VARIABLE|P0210052000|1|0|1.0|INDIVIDUAL|VARIABLE|P0210052000|1|0|1.0|INDIVIDUAL|VARIABLE|P0210052000|1|0|1.0|INDIVIDUAL|VARIABLE|P0210052000|1|0|1.0|INDIVIDUAL|VARIABLE|P0210052000|1|0|1.0|INDIVIDUAL|VARIABLE|P0210052000|1|0|1.0|INDIVIDUAL|VARIABLE|P0210052000|1|0|1.0|INDIVIDUAL|VARIABLE|P0210052000|1|0|1.0|INDIVIDUAL|VARIABLE|P0210052000|1|0|1.0|INDIVIDUAL|VARIABLE|P0210052000|1|0|1.0|INDIVIDUAL|VARIABLE|P0210052000|1|0|1.0|INDIVIDUAL|VARIABLE|P0210052000|1|0|1.0|INDIVIDUAL|VARIABLE|P0210052000|1|0|1.0|INDIVIDUAL|VARIABLE|P0210052000|1|0|1.0|INDIVIDUAL|VARIABLE|P0210052000|1|0|1.0|INDIVIDUAL|VARIABLE|P0210052000|1|0|1.0|INDIVIDUAL|VARIABLE|P0210052000|1|0|1.0|INDIVIDUAL|VARIABLE|P0210052000|1|0|1.0|INDIVIDUAL|VARIABLE|P0210052000|1|0|1.0|INDIVIDUAL|VARIABLE|P0210052000|1|0|1.0
232,INDIVIDUAL|VARIABLE|P0289058003|1|0|1.0|INDIVIDUAL|VARIABLE|P0289058003|1|0|1.0|INDIVIDUAL|VARIABLE|P0289058003|1|0|1.0|INDIVIDUAL|VARIABLE|P0289058003|1|0|1.0|INDIVIDUAL|VARIABLE|P0289058003|1|0|1.0|INDIVIDUAL|VARIABLE|P0289058003|1|0|1.0|INDIVIDUAL|VARIABLE|P0289058003|1|0|1.0|INDIVIDUAL|VARIABLE|P0289058003|1|0|1.0|INDIVIDUAL|VARIABLE|P0289058003|1|0|1.0|INDIVIDUAL|VARIABLE|P0289058003|1|0|1.0|INDIVIDUAL|VARIABLE|P0289058003|1|0|1.0|INDIVIDUAL|VARIABLE|P0289058003|1|0|1.0|INDIVIDUAL|VARIABLE|P0289058003|1|0|1.0|INDIVIDUAL|VARIABLE|P0289058003|1|0|1.0|INDIVIDUAL|VARIABLE|P0289058003|1|0|1.0|INDIVIDUAL|VARIABLE|P0289058003|1|0|1.0|INDIVIDUAL|VARIABLE|P0289058003|1|0|1.0|INDIVIDUAL|VARIABLE|P0289058003|1|0|1.0|INDIVIDUAL|VARIABLE|P0289058003|1|0|1.0|INDIVIDUAL|VARIABLE|P0289058003|1|0|1.0|INDIVIDUAL|VARIABLE|P0289058003|1|0|1.0|INDIVIDUAL|VARIABLE|P0289058003|1|0|1.0|INDIVIDUAL|VARIABLE|P0289058003|1|0|1.0|INDIVIDUAL|VARIABLE|P0289058003|1|0|1.0|INDIVIDUAL|VARIABLE|P0289058003|1|0|1.0|INDIVIDUAL|VARIABLE|P0289058003|1|0|1.0|INDIVIDUAL|VARIABLE|P0289058003|1|0|1.0|INDIVIDUAL|VARIABLE|P0289058003|1|0|1.0|INDIVIDUAL|VARIABLE|P0289058003|1|0|1.0|INDIVIDUAL|VARIABLE|P0289058003|1|0|1.0|INDIVIDUAL|VARIABLE|P0289058003|1|0|1.0|INDIVIDUAL|VARIABLE|P0289058003|1|0|1.0|INDIVIDUAL|VARIABLE|P0289058003|1|0|1.0|INDIVIDUAL|VARIABLE|P0289058003|1|0|1.0|INDIVIDUAL|VARIABLE|P0289058003|1|0|1.0|INDIVIDUAL|VARIABLE|P0289058003|1|0|1.0|INDIVIDUAL|VARIABLE|P0289058003|1|0|1.0|INDIVIDUAL|VARIABLE|P0289058003|1|0|1.0|INDIVIDUAL|VARIABLE|P0289058003|1|0|1.0|INDIVIDUAL|VARIABLE|P0289058003|1|0|1.0|INDIVIDUAL|VARIABLE|P0289058003|1|0|1.0|INDIVIDUAL|VARIABLE|P0289058003|1|0|1.0|INDIVIDUAL|VARIABLE|P0289058003|1|0|1.0|INDIVIDUAL|VARIABLE|P0289058003|1|0|1.0|INDIVIDUAL|VARIABLE|P0289058003|1|0|1.0|INDIVIDUAL|VARIABLE|P0289058003|1|0|1.0|INDIVIDUAL|VARIABLE|P0289058003|1|0|1.0|INDIVIDUAL|VARIABLE|P0289058003|1|0|1.0|INDIVIDUAL|VARIABLE|P0289058003|1|0|1.0|INDIVIDUAL|VARIABLE|P0289058003|1|0|1.0|INDIVIDUAL|VARIABLE|P0289058003|1|0|1.0|INDIVIDUAL|VARIABLE|P0289058003|1|0|1.0|INDIVIDUAL|VARIABLE|P0289058003|1|0|1.0|INDIVIDUAL|VARIABLE|P0289058003|1|0|1.0|INDIVIDUAL|VARIABLE|P0289058003|1|0|1.0|INDIVIDUAL|VARIABLE|P0289058003|1|0|1.0|INDIVIDUAL|VARIABLE|P0289058003|1|0|1.0|INDIVIDUAL|VARIABLE|P0289058003|1|0|1.0|INDIVIDUAL|VARIABLE|P0289058003|1|0|1.0|INDIVIDUAL|VARIABLE|P0289058003|1|0|1.0|INDIVIDUAL|VARIABLE|P0289058003|1|0|1.0|INDIVIDUAL|VARIABLE|P0289058003|1|0|1.0|INDIVIDUAL|VARIABLE|P0289058003|1|0|1.0|INDIVIDUAL|VARIABLE|P0289058003|1|0|1.0|INDIVIDUAL|VARIABLE|P0289058003|1|0|1.0|INDIVIDUAL|VARIABLE|P0289058003|1|0|1.0|INDIVIDUAL|VARIABLE|P0289058003|1|0|1.0|INDIVIDUAL|VARIABLE|P0289058003|1|0|1.0|INDIVIDUAL|VARIABLE|P0289058003|1|0|1.0|INDIVIDUAL|VARIABLE|P0289058003|1|0|1.0|INDIVIDUAL|VARIABLE|P0289058003|1|0|1.0|INDIVIDUAL|VARIABLE|P0289058003|1|0|1.0|INDIVIDUAL|VARIABLE|P0289058003|1|0|1.0|INDIVIDUAL|VARIABLE|P0289058003|1|0|1.0|INDIVIDUAL|VARIABLE|P0289058003|1|0|1.0|INDIVIDUAL|VARIABLE|P0289058003|1|0|1.0|INDIVIDUAL|VARIABLE|P0289058003|1|0|1.0
233,INDIVIDUAL|VARIABLE|P0289071003|1|0|1.0|INDIVIDUAL|VARIABLE|P0289071003|1|0|1.0|INDIVIDUAL|VARIABLE|P0289071003|1|0|1.0|INDIVIDUAL|VARIABLE|P0289071003|1|0|1.0|INDIVIDUAL|VARIABLE|P0289071003|1|0|1.0|INDIVIDUAL|VARIABLE|P0289071003|1|0|1.0|INDIVIDUAL|VARIABLE|P0289071003|1|0|1.0|INDIVIDUAL|VARIABLE|P0289071003|1|0|1.0|INDIVIDUAL|VARIABLE|P0289071003|1|0|1.0|INDIVIDUAL|VARIABLE|P0289071003|1|0|1.0|INDIVIDUAL|VARIABLE|P0289071003|1|0|1.0|INDIVIDUAL|VARIABLE|P0289071003|1|0|1.0|INDIVIDUAL|VARIABLE|P0289071003|1|0|1.0|INDIVIDUAL|VARIABLE|P0289071003|1|0|1.0|INDIVIDUAL|VARIABLE|P0289071003|1|0|1.0|INDIVIDUAL|VARIABLE|P0289071003|1|0|1.0|INDIVIDUAL|VARIABLE|P0289071003|1|0|1.0|INDIVIDUAL|VARIABLE|P0289071003|1|0|1.0|INDIVIDUAL|VARIABLE|P0289071003|1|0|1.0|INDIVIDUAL|VARIABLE|P0289071003|1|0|1.0|INDIVIDUAL|VARIABLE|P0289071003|1|0|1.0|INDIVIDUAL|VARIABLE|P0289071003|1|0|1.0|INDIVIDUAL|VARIABLE|P0289071003|1|0|1.0|INDIVIDUAL|VARIABLE|P0289071003|1|0|1.0|INDIVIDUAL|VARIABLE|P0289071003|1|0|1.0|INDIVIDUAL|VARIABLE|P0289071003|1|0|1.0|INDIVIDUAL|VARIABLE|P0289071003|1|0|1.0|INDIVIDUAL|VARIABLE|P0289071003|1|0|1.0|INDIVIDUAL|VARIABLE|P0289071003|1|0|1.0|INDIVIDUAL|VARIABLE|P0289071003|1|0|1.0|INDIVIDUAL|VARIABLE|P0289071003|1|0|1.0|INDIVIDUAL|VARIABLE|P0289071003|1|0|1.0|INDIVIDUAL|VARIABLE|P0289071003|1|0|1.0|INDIVIDUAL|VARIABLE|P0289071003|1|0|1.0|INDIVIDUAL|VARIABLE|P0289071003|1|0|1.0|INDIVIDUAL|VARIABLE|P0289071003|1|0|1.0|INDIVIDUAL|VARIABLE|P0289071003|1|0|1.0|INDIVIDUAL|VARIABLE|P0289071003|1|0|1.0|INDIVIDUAL|VARIABLE|P0289071003|1|0|1.0|INDIVIDUAL|VARIABLE|P0289071003|1|0|1.0|INDIVIDUAL|VARIABLE|P0289071003|1|0|1.0|INDIVIDUAL|VARIABLE|P0289071003|1|0|1.0|INDIVIDUAL|VARIABLE|P0289071003|1|0|1.0|INDIVIDUAL|VARIABLE|P0289071003|1|0|1.0|INDIVIDUAL|VARIABLE|P0289071003|1|0|1.0|INDIVIDUAL|VARIABLE|P0289071003|1|0|1.0|INDIVIDUAL|VARIABLE|P0289071003|1|0|1.0|INDIVIDUAL|VARIABLE|P0289071003|1|0|1.0|INDIVIDUAL|VARIABLE|P0289071003|1|0|1.0|INDIVIDUAL|VARIABLE|P0289071003|1|0|1.0|INDIVIDUAL|VARIABLE|P0289071003|1|0|1.0|INDIVIDUAL|VARIABLE|P0289071003|1|0|1.0|INDIVIDUAL|VARIABLE|P0289071003|1|0|1.0|INDIVIDUAL|VARIABLE|P0289071003|1|0|1.0|INDIVIDUAL|VARIABLE|P0289071003|1|0|1.0|INDIVIDUAL|VARIABLE|P0289071003|1|0|1.0|INDIVIDUAL|VARIABLE|P0289071003|1|0|1.0|INDIVIDUAL|VARIABLE|P0289071003|1|0|1.0|INDIVIDUAL|VARIABLE|P0289071003|1|0|1.0|INDIVIDUAL|VARIABLE|P0289071003|1|0|1.0|INDIVIDUAL|VARIABLE|P0289071003|1|0|1.0|INDIVIDUAL|VARIABLE|P0289071003|1|0|1.0|INDIVIDUAL|VARIABLE|P0289071003|1|0|1.0|INDIVIDUAL|VARIABLE|P0289071003|1|0|1.0|INDIVIDUAL|VARIABLE|P0289071003|1|0|1.0|INDIVIDUAL|VARIABLE|P0289071003|1|0|1.0|INDIVIDUAL|VARIABLE|P0289071003|1|0|1.0|INDIVIDUAL|VARIABLE|P0289071003|1|0|1.0|INDIVIDUAL|VARIABLE|P0289071003|1|0|1.0|INDIVIDUAL|VARIABLE|P0289071003|1|0|1.0|INDIVIDUAL|VARIABLE|P0289071003|1|0|1.0|INDIVIDUAL|VARIABLE|P0289071003|1|0|1.0|INDIVIDUAL|VARIABLE|P0289071003|1|0|1.0|INDIVIDUAL|VARIABLE|P0289071003|1|0|1.0|INDIVIDUAL|VARIABLE|P0289071003|1|0|1.0|INDIVIDUAL|VARIABLE|P0289071003|1|0|1.0|INDIVIDUAL|VARIABLE|P0289071003|1|0|1.0
234,INDIVIDUAL|VARIABLE|P0289058009|1|0|1.0|INDIVIDUAL|VARIABLE|P0289058009|1|0|1.0|INDIVIDUAL|VARIABLE|P0289058009|1|0|1.0|INDIVIDUAL|VARIABLE|P0289058009|1|0|1.0|INDIVIDUAL|VARIABLE|P0289058009|1|0|1.0|INDIVIDUAL|VARIABLE|P0289058009|1|0|1.0|INDIVIDUAL|VARIABLE|P0289058009|1|0|1.0|INDIVIDUAL|VARIABLE|P0289058009|1|0|1.0|INDIVIDUAL|VARIABLE|P0289058009|1|0|1.0|INDIVIDUAL|VARIABLE|P0289058009|1|0|1.0|INDIVIDUAL|VARIABLE|P0289058009|1|0|1.0|INDIVIDUAL|VARIABLE|P0289058009|1|0|1.0|INDIVIDUAL|VARIABLE|P0289058009|1|0|1.0|INDIVIDUAL|VARIABLE|P0289058009|1|0|1.0|INDIVIDUAL|VARIABLE|P0289058009|1|0|1.0|INDIVIDUAL|VARIABLE|P0289058009|1|0|1.0|INDIVIDUAL|VARIABLE|P0289058009|1|0|1.0|INDIVIDUAL|VARIABLE|P0289058009|1|0|1.0|INDIVIDUAL|VARIABLE|P0289058009|1|0|1.0|INDIVIDUAL|VARIABLE|P0289058009|1|0|1.0|INDIVIDUAL|VARIABLE|P0289058009|1|0|1.0|INDIVIDUAL|VARIABLE|P0289058009|1|0|1.0|INDIVIDUAL|VARIABLE|P0289058009|1|0|1.0|INDIVIDUAL|VARIABLE|P0289058009|1|0|1.0|INDIVIDUAL|VARIABLE|P0289058009|1|0|1.0|INDIVIDUAL|VARIABLE|P0289058009|1|0|1.0|INDIVIDUAL|VARIABLE|P0289058009|1|0|1.0|INDIVIDUAL|VARIABLE|P0289058009|1|0|1.0|INDIVIDUAL|VARIABLE|P0289058009|1|0|1.0|INDIVIDUAL|VARIABLE|P0289058009|1|0|1.0|INDIVIDUAL|VARIABLE|P0289058009|1|0|1.0|INDIVIDUAL|VARIABLE|P0289058009|1|0|1.0|INDIVIDUAL|VARIABLE|P0289058009|1|0|1.0|INDIVIDUAL|VARIABLE|P0289058009|1|0|1.0|INDIVIDUAL|VARIABLE|P0289058009|1|0|1.0|INDIVIDUAL|VARIABLE|P0289058009|1|0|1.0|INDIVIDUAL|VARIABLE|P0289058009|1|0|1.0|INDIVIDUAL|VARIABLE|P0289058009|1|0|1.0|INDIVIDUAL|VARIABLE|P0289058009|1|0|1.0|INDIVIDUAL|VARIABLE|P0289058009|1|0|1.0|INDIVIDUAL|VARIABLE|P0289058009|1|0|1.0|INDIVIDUAL|VARIABLE|P0289058009|1|0|1.0|INDIVIDUAL|VARIABLE|P0289058009|1|0|1.0|INDIVIDUAL|VARIABLE|P0289058009|1|0|1.0|INDIVIDUAL|VARIABLE|P0289058009|1|0|1.0|INDIVIDUAL|VARIABLE|P0289058009|1|0|1.0|INDIVIDUAL|VARIABLE|P0289058009|1|0|1.0|INDIVIDUAL|VARIABLE|P0289058009|1|0|1.0|INDIVIDUAL|VARIABLE|P0289058009|1|0|1.0|INDIVIDUAL|VARIABLE|P0289058009|1|0|1.0|INDIVIDUAL|VARIABLE|P0289058009|1|0|1.0|INDIVIDUAL|VARIABLE|P0289058009|1|0|1.0|INDIVIDUAL|VARIABLE|P0289058009|1|0|1.0|INDIVIDUAL|VARIABLE|P0289058009|1|0|1.0|INDIVIDUAL|VARIABLE|P0289058009|1|0|1.0|INDIVIDUAL|VARIABLE|P0289058009|1|0|1.0|INDIVIDUAL|VARIABLE|P0289058009|1|0|1.0|INDIVIDUAL|VARIABLE|P0289058009|1|0|1.0|INDIVIDUAL|VARIABLE|P0289058009|1|0|1.0|INDIVIDUAL|VARIABLE|P0289058009|1|0|1.0|INDIVIDUAL|VARIABLE|P0289058009|1|0|1.0|INDIVIDUAL|VARIABLE|P0289058009|1|0|1.0|INDIVIDUAL|VARIABLE|P0289058009|1|0|1.0|INDIVIDUAL|VARIABLE|P0289058009|1|0|1.0|INDIVIDUAL|VARIABLE|P0289058009|1|0|1.0|INDIVIDUAL|VARIABLE|P0289058009|1|0|1.0|INDIVIDUAL|VARIABLE|P0289058009|1|0|1.0|INDIVIDUAL|VARIABLE|P0289058009|1|0|1.0|INDIVIDUAL|VARIABLE|P0289058009|1|0|1.0|INDIVIDUAL|VARIABLE|P0289058009|1|0|1.0|INDIVIDUAL|VARIABLE|P0289058009|1|0|1.0|INDIVIDUAL|VARIABLE|P0289058009|1|0|1.0|INDIVIDUAL|VARIABLE|P0289058009|1|0|1.0|INDIVIDUAL|VARIABLE|P0289058009|1|0|1.0|INDIVIDUAL|VARIABLE|P0289058009|1|0|1.0|INDIVIDUAL|VARIABLE|P0289058009|1|0|1.0|INDIVIDUAL|VARIABLE|P0289058009|1|0|1.0|INDIVIDUAL|VARIABLE|P0289058009|1|0|1.0|INDIVIDUAL|VARIABLE|P0289058009|1|0|1.0|INDIVIDUAL|VARIABLE|P0289058009|1|0|1.0|INDIVIDUAL|VARIABLE|P0289058009|1|0|1.0|INDIVIDUAL|VARIABLE|P0289058009|1|0|1.0|INDIVIDUAL|VARIABLE|P0289058009|1|0|1.0|INDIVIDUAL|VARIABLE|P0289058009|1|0|1.0|INDIVIDUAL|VARIABLE|P0289058009|1|0|1.0|INDIVIDUAL|VARIABLE|P0289058009|1|0|1.0|INDIVIDUAL|VARIABLE|P0289058009|1|0|1.0|INDIVIDUAL|VARIABLE|P0289058009|1|0|1.0|INDIVIDUAL|VARIABLE|P0289058009|1|0|1.0|INDIVIDUAL|VARIABLE|P0289058009|1|0|1.0|INDIVIDUAL|VARIABLE|P0289058009|1|0|1.0|INDIVIDUAL|VARIABLE|P0289058009|1|0|1.0|INDIVIDUAL|VARIABLE|P0289058009|1|0|1.0|INDIVIDUAL|VARIABLE|P0289058009|1|0|1.0|INDIVIDUAL|VARIABLE|P0289058009|1|0|1.0|INDIVIDUAL|VARIABLE|P0289058009|1|0|1.0|INDIVIDUAL|VARIABLE|P0289058009|1|0|1.0|INDIVIDUAL|VARIABLE|P0289058009|1|0|1.0|INDIVIDUAL|VARIABLE|P0289058009|1|0|1.0|INDIVIDUAL|VARIABLE|P0289058009|1|0|1.0|INDIVIDUAL|VARIABLE|P0289058009|1|0|1.0|INDIVIDUAL|VARIABLE|P0289058009|1|0|1.0|INDIVIDUAL|VARIABLE|P0289058009|1|0|1.0|INDIVIDUAL|VARIABLE|P0289058009|1|0|1.0|INDIVIDUAL|VARIABLE|P0289058009|1|0|1.0|INDIVIDUAL|VARIABLE|P0289058009|1|0|1.0|INDIVIDUAL|VARIABLE|P0289058009|1|0|1.0|INDIVIDUAL|VARIABLE|P0289058009|1|0|1.0|INDIVIDUAL|VARIABLE|P0289058009|1|0|1.0|INDIVIDUAL|VARIABLE|P0289058009|1|0|1.0|INDIVIDUAL|VARIABLE|P0289058009|1|0|1.0|INDIVIDUAL|VARIABLE|P0289058009|1|0|1.0|INDIVIDUAL|VARIABLE|P0289058009|1|0|1.0|INDIVIDUAL|VARIABLE|P0289058009|1|0|1.0|INDIVIDUAL|VARIABLE|P0289058009|1|0|1.0|INDIVIDUAL|VARIABLE|P0289058009|1|0|1.0|INDIVIDUAL|VARIABLE|P0289058009|1|0|1.0|INDIVIDUAL|VARIABLE|P0289058009|1|0|1.0|INDIVIDUAL|VARIABLE|P0289058009|1|0|1.0|INDIVIDUAL|VARIABLE|P0289058009|1|0|1.0|INDIVIDUAL|VARIABLE|P0289058009|1|0|1.0|INDIVIDUAL|VARIABLE|P0289058009|1|0|1.0|INDIVIDUAL|VARIABLE|P0289058009|1|0|1.0|INDIVIDUAL|VARIABLE|P0289058009|1|0|1.0|INDIVIDUAL|VARIABLE|P0289058009|1|0|1.0|INDIVIDUAL|VARIABLE|P0289058009|1|0|1.0|INDIVIDUAL|VARIABLE|P0289058009|1|0|1.0|INDIVIDUAL|VARIABLE|P0289058009|1|0|1.0|INDIVIDUAL|VARIABLE|P0289058009|1|0|1.0|INDIVIDUAL|VARIABLE|P0289058009|1|0|1.0|INDIVIDUAL|VARIABLE|P0289058009|1|0|1.0|INDIVIDUAL|VARIABLE|P0289058009|1|0|1.0|INDIVIDUAL|VARIABLE|P0289058009|1|0|1.0|INDIVIDUAL|VARIABLE|P0289058009|1|0|1.0|INDIVIDUAL|VARIABLE|P0289058009|1|0|1.0|INDIVIDUAL|VARIABLE|P0289058009|1|0|1.0|INDIVIDUAL|VARIABLE|P0289058009|1|0|1.0|INDIVIDUAL|VARIABLE|P0289058009|1|0|1.0|INDIVIDUAL|VARIABLE|P0289058009|1|0|1.0|INDIVIDUAL|VARIABLE|P0289058009|1|0|1.0|INDIVIDUAL|VARIABLE|P0289058009|1|0|1.0|INDIVIDUAL|VARIABLE|P0289058009|1|0|1.0|INDIVIDUAL|VARIABLE|P0289058009|1|0|1.0|INDIVIDUAL|VARIABLE|P0289058009|1|0|1.0|INDIVIDUAL|VARIABLE|P0289058009|1|0|1.0|INDIVIDUAL|VARIABLE|P0289058009|1|0|1.0|INDIVIDUAL|VARIABLE|P0289058009|1|0|1.0|INDIVIDUAL|VARIABLE|P0289058009|1|0|1.0|INDIVIDUAL|VARIABLE|P0289058009|1|0|1.0|INDIVIDUAL|VARIABLE|P0289058009|1|0|1.0|INDIVIDUAL|VARIABLE|P0289058009|1|0|1.0|INDIVIDUAL|VARIABLE|P0289058009|1|0|1.0|INDIVIDUAL|VARIABLE|P0289058009|1|0|1.0|INDIVIDUAL|VARIABLE|P0289058009|1|0|1.0|INDIVIDUAL|VARIABLE|P0289058009|1|0|1.0|INDIVIDUAL|VARIABLE|P0289058009|1|0|1.0|INDIVIDUAL|VARIABLE|P0289058009|1|0|1.0|INDIVIDUAL|VARIABLE|P0289058009|1|0|1.0|INDIVIDUAL|VARIABLE|P0289058009|1|0|1.0|INDIVIDUAL|VARIABLE|P0289058009|1|0|1.0|INDIVIDUAL|VARIABLE|P0289058009|1|0|1.0|INDIVIDUAL|VARIABLE|P0289058009|1|0|1.0|INDIVIDUAL|VARIABLE|P0289058009|1|0|1.0|INDIVIDUAL|VARIABLE|P0289058009|1|0|1.0|INDIVIDUAL|VARIABLE|P0289058009|1|0|1.0|INDIVIDUAL|VARIABLE|P0289058009|1|0|1.0|INDIVIDUAL|VARIABLE|P0289058009|1|0|1.0|INDIVIDUAL|VARIABLE|P0289058009|1|0|1.0|INDIVIDUAL|VARIABLE|P0289058009|1|0|1.0|INDIVIDUAL|VARIABLE|P0289058009|1|0|1.0|INDIVIDUAL|VARIABLE|P0289058009|1|0|1.0|INDIVIDUAL|VARIABLE|P0289058009|1|0|1.0|INDIVIDUAL|VARIABLE|P0289058009|1|0|1.0|INDIVIDUAL|VARIABLE|P0289058009|1|0|1.0|INDIVIDUAL|VARIABLE|P0289058009|1|0|1.0|INDIVIDUAL|VARIABLE|P0289058009|1|0|1.0|INDIVIDUAL|VARIABLE|P0289058009|1|0|1.0|INDIVIDUAL|VARIABLE|P0289058009|1|0|1.0|INDIVIDUAL|VARIABLE|P0289058009|1|0|1.0|INDIVIDUAL|VARIABLE|P0289058009|1|0|1.0|INDIVIDUAL|VARIABLE|P0289058009|1|0|1.0|INDIVIDUAL|VARIABLE|P0289058009|1|0|1.0|INDIVIDUAL|VARIABLE|P0289058009|1|0|1.0|INDIVIDUAL|VARIABLE|P0289058009|1|0|1.0|INDIVIDUAL|VARIABLE|P0289058009|1|0|1.0|INDIVIDUAL|VARIABLE|P0289058009|1|0|1.0|INDIVIDUAL|VARIABLE|P0289058009|1|0|1.0|INDIVIDUAL|VARIABLE|P0289058009|1|0|1.0|INDIVIDUAL|VARIABLE|P0289058009|1|0|1.0|INDIVIDUAL|VARIABLE|P0289058009|1|0|1.0|INDIVIDUAL|VARIABLE|P0289058009|1|0|1.0|INDIVIDUAL|VARIABLE|P0289058009|1|0|1.0|INDIVIDUAL|VARIABLE|P0289058009|1|0|1.0|INDIVIDUAL|VARIABLE|P0289058009|1|0|1.0|INDIVIDUAL|VARIABLE|P0289058009|1|0|1.0|INDIVIDUAL|VARIABLE|P0289058009|1|0|1.0|INDIVIDUAL|VARIABLE|P0289058009|1|0|1.0|INDIVIDUAL|VARIABLE|P0289058009|1|0|1.0|INDIVIDUAL|VARIABLE|P0289058009|1|0|1.0|INDIVIDUAL|VARIABLE|P0289058009|1|0|1.0|INDIVIDUAL|VARIABLE|P0289058009|1|0|1.0|INDIVIDUAL|VARIABLE|P0289058009|1|0|1.0|INDIVIDUAL|VARIABLE|P0289058009|1|0|1.0|INDIVIDUAL|VARIABLE|P0289058009|1|0|1.0|INDIVIDUAL|VARIABLE|P0289058009|1|0|1.0|INDIVIDUAL|VARIABLE|P0289058009|1|0|1.0|INDIVIDUAL|VARIABLE|P0289058009|1|0|1.0|INDIVIDUAL|VARIABLE|P0289058009|1|0|1.0|INDIVIDUAL|VARIABLE|P0289058009|1|0|1.0|INDIVIDUAL|VARIABLE|P0289058009|1|0|1.0|INDIVIDUAL|VARIABLE|P0289058009|1|0|1.0|INDIVIDUAL|VARIABLE|P0289058009|1|0|1.0|INDIVIDUAL|VARIABLE|P0289058009|1|0|1.0|INDIVIDUAL|VARIABLE|P0289058009|1|0|1.0|INDIVIDUAL|VARIABLE|P0289058009|1|0|1.0|INDIVIDUAL|VARIABLE|P0289058009|1|0|1.0|INDIVIDUAL|VARIABLE|P0289058009|1|0|1.0|INDIVIDUAL|VARIABLE|P0289058009|1|0|1.0|INDIVIDUAL|VARIABLE|P0289058009|1|0|1.0|INDIVIDUAL|VARIABLE|P0289058009|1|0|1.0|INDIVIDUAL|VARIABLE|P0289058009|1|0|1.0|INDIVIDUAL|VARIABLE|P0289058009|1|0|1.0|INDIVIDUAL|VARIABLE|P0289058009|1|0|1.0|INDIVIDUAL|VARIABLE|P0289058009|1|0|1.0|INDIVIDUAL|VARIABLE|P0289058009|1|0|1.0|INDIVIDUAL|VARIABLE|P0289058009|1|0|1.0|INDIVIDUAL|VARIABLE|P0289058009|1|0|1.0|INDIVIDUAL|VARIABLE|P0289058009|1|0|1.0|INDIVIDUAL|VARIABLE|P0289058009|1|0|1.0|INDIVIDUAL|VARIABLE|P0289058009|1|0|1.0|INDIVIDUAL|VARIABLE|P0289058009|1|0|1.0|INDIVIDUAL|VARIABLE|P0289058009|1|0|1.0|INDIVIDUAL|VARIABLE|P0289058009|1|0|1.0|INDIVIDUAL|VARIABLE|P0289058009|1|0|1.0|INDIVIDUAL|VARIABLE|P0289058009|1|0|1.0|INDIVIDUAL|VARIABLE|P0289058009|1|0|1.0|INDIVIDUAL|VARIABLE|P0289058009|1|0|1.0|INDIVIDUAL|VARIABLE|P0289058009|1|0|1.0|INDIVIDUAL|VARIABLE|P0289058009|1|0|1.0|INDIVIDUAL|VARIABLE|P0289058009|1|0|1.0|INDIVIDUAL|VARIABLE|P0289058009|1|0|1.0|INDIVIDUAL|VARIABLE|P0289058009|1|0|1.0|INDIVIDUAL|VARIABLE|P0289058009|1|0|1.0|INDIVIDUAL|VARIABLE|P0289058009|1|0|1.0|INDIVIDUAL|VARIABLE|P0289058009|1|0|1.0|INDIVIDUAL|VARIABLE|P0289058009|1|0|1.0|INDIVIDUAL|VARIABLE|P0289058009|1|0|1.0|INDIVIDUAL|VARIABLE|P0289058009|1|0|1.0|INDIVIDUAL|VARIABLE|P0289058009|1|0|1.0|INDIVIDUAL|VARIABLE|P0289058009|1|0|1.0|INDIVIDUAL|VARIABLE|P0289058009|1|0|1.0|INDIVIDUAL|VARIABLE|P0289058009|1|0|1.0|INDIVIDUAL|VARIABLE|P0289058009|1|0|1.0
235,INDIVIDUAL|VARIABLE|P0210133000|1|0|1.0|INDIVIDUAL|VARIABLE|P0210133000|1|0|1.0|INDIVIDUAL|VARIABLE|P0210133000|1|0|1.0|INDIVIDUAL|VARIABLE|P0210133000|1|0|1.0|INDIVIDUAL|VARIABLE|P0210133000|1|0|1.0|INDIVIDUAL|VARIABLE|P0210133000|1|0|1.0|INDIVIDUAL|VARIABLE|P0210133000|1|0|1.0|INDIVIDUAL|VARIABLE|P0210133000|1|0|1.0|INDIVIDUAL|VARIABLE|P0210133000|1|0|1.0|INDIVIDUAL|VARIABLE|P0210133000|1|0|1.0|INDIVIDUAL|VARIABLE|P0210133000|1|0|1.0|INDIVIDUAL|VARIABLE|P0210133000|1|0|1.0|INDIVIDUAL|VARIABLE|P0210133000|1|0|1.0|INDIVIDUAL|VARIABLE|P0210133000|1|0|1.0|INDIVIDUAL|VARIABLE|P0210133000|1|0|1.0|INDIVIDUAL|VARIABLE|P0210133000|1|0|1.0|INDIVIDUAL|VARIABLE|P0210133000|1|0|1.0|INDIVIDUAL|VARIABLE|P0210133000|1|0|1.0|INDIVIDUAL|VARIABLE|P0210133000|1|0|1.0|INDIVIDUAL|VARIABLE|P0210133000|1|0|1.0|INDIVIDUAL|VARIABLE|P0210133000|1|0|1.0|INDIVIDUAL|VARIABLE|P0210133000|1|0|1.0|INDIVIDUAL|VARIABLE|P0210133000|1|0|1.0|INDIVIDUAL|VARIABLE|P0210133000|1|0|1.0|INDIVIDUAL|VARIABLE|P0210133000|1|0|1.0|INDIVIDUAL|VARIABLE|P0210133000|1|0|1.0|INDIVIDUAL|VARIABLE|P0210133000|1|0|1.0|INDIVIDUAL|VARIABLE|P0210133000|1|0|1.0|INDIVIDUAL|VARIABLE|P0210133000|1|0|1.0|INDIVIDUAL|VARIABLE|P0210133000|1|0|1.0|INDIVIDUAL|VARIABLE|P0210133000|1|0|1.0|INDIVIDUAL|VARIABLE|P0210133000|1|0|1.0|INDIVIDUAL|VARIABLE|P0210133000|1|0|1.0|INDIVIDUAL|VARIABLE|P0210133000|1|0|1.0|INDIVIDUAL|VARIABLE|P0210133000|1|0|1.0|INDIVIDUAL|VARIABLE|P0210133000|1|0|1.0|INDIVIDUAL|VARIABLE|P0210133000|1|0|1.0|INDIVIDUAL|VARIABLE|P0210133000|1|0|1.0|INDIVIDUAL|VARIABLE|P0210133000|1|0|1.0|INDIVIDUAL|VARIABLE|P0210133000|1|0|1.0|INDIVIDUAL|VARIABLE|P0210133000|1|0|1.0|INDIVIDUAL|VARIABLE|P0210133000|1|0|1.0|INDIVIDUAL|VARIABLE|P0210133000|1|0|1.0|INDIVIDUAL|VARIABLE|P0210133000|1|0|1.0|INDIVIDUAL|VARIABLE|P0210133000|1|0|1.0|INDIVIDUAL|VARIABLE|P0210133000|1|0|1.0|INDIVIDUAL|VARIABLE|P0210133000|1|0|1.0|INDIVIDUAL|VARIABLE|P0210133000|1|0|1.0|INDIVIDUAL|VARIABLE|P0210133000|1|0|1.0|INDIVIDUAL|VARIABLE|P0210133000|1|0|1.0|INDIVIDUAL|VARIABLE|P0210133000|1|0|1.0|INDIVIDUAL|VARIABLE|P0210133000|1|0|1.0|INDIVIDUAL|VARIABLE|P0210133000|1|0|1.0|INDIVIDUAL|VARIABLE|P0210133000|1|0|1.0|INDIVIDUAL|VARIABLE|P0210133000|1|0|1.0|INDIVIDUAL|VARIABLE|P0210133000|1|0|1.0|INDIVIDUAL|VARIABLE|P0210133000|1|0|1.0|INDIVIDUAL|VARIABLE|P0210133000|1|0|1.0|INDIVIDUAL|VARIABLE|P0210133000|1|0|1.0|INDIVIDUAL|VARIABLE|P0210133000|1|0|1.0|INDIVIDUAL|VARIABLE|P0210133000|1|0|1.0|INDIVIDUAL|VARIABLE|P0210133000|1|0|1.0|INDIVIDUAL|VARIABLE|P0210133000|1|0|1.0|INDIVIDUAL|VARIABLE|P0210133000|1|0|1.0|INDIVIDUAL|VARIABLE|P0210133000|1|0|1.0|INDIVIDUAL|VARIABLE|P0210133000|1|0|1.0|INDIVIDUAL|VARIABLE|P0210133000|1|0|1.0|INDIVIDUAL|VARIABLE|P0210133000|1|0|1.0|INDIVIDUAL|VARIABLE|P0210133000|1|0|1.0|INDIVIDUAL|VARIABLE|P0210133000|1|0|1.0|INDIVIDUAL|VARIABLE|P0210133000|1|0|1.0|INDIVIDUAL|VARIABLE|P0210133000|1|0|1.0|INDIVIDUAL|VARIABLE|P0210133000|1|0|1.0|INDIVIDUAL|VARIABLE|P0210133000|1|0|1.0|INDIVIDUAL|VARIABLE|P0210133000|1|0|1.0|INDIVIDUAL|VARIABLE|P0210133000|1|0|1.0|INDIVIDUAL|VARIABLE|P0210133000|1|0|1.0|INDIVIDUAL|VARIABLE|P0210133000|1|0|1.0|INDIVIDUAL|VARIABLE|P0210133000|1|0|1.0|INDIVIDUAL|VARIABLE|P0210133000|1|0|1.0|INDIVIDUAL|VARIABLE|P0210133000|1|0|1.0|INDIVIDUAL|VARIABLE|P0210133000|1|0|1.0|INDIVIDUAL|VARIABLE|P0210133000|1|0|1.0|INDIVIDUAL|VARIABLE|P0210133000|1|0|1.0|INDIVIDUAL|VARIABLE|P0210133000|1|0|1.0|INDIVIDUAL|VARIABLE|P0210133000|1|0|1.0|INDIVIDUAL|VARIABLE|P0210133000|1|0|1.0|INDIVIDUAL|VARIABLE|P0210133000|1|0|1.0|INDIVIDUAL|VARIABLE|P0210133000|1|0|1.0|INDIVIDUAL|VARIABLE|P0210133000|1|0|1.0|INDIVIDUAL|VARIABLE|P0210133000|1|0|1.0|INDIVIDUAL|VARIABLE|P0210133000|1|0|1.0|INDIVIDUAL|VARIABLE|P0210133000|1|0|1.0|INDIVIDUAL|VARIABLE|P0210133000|1|0|1.0|INDIVIDUAL|VARIABLE|P0210133000|1|0|1.0|INDIVIDUAL|VARIABLE|P0210133000|1|0|1.0|INDIVIDUAL|VARIABLE|P0210133000|1|0|1.0|INDIVIDUAL|VARIABLE|P0210133000|1|0|1.0|INDIVIDUAL|VARIABLE|P0210133000|1|0|1.0|INDIVIDUAL|VARIABLE|P0210133000|1|0|1.0|INDIVIDUAL|VARIABLE|P0210133000|1|0|1.0|INDIVIDUAL|VARIABLE|P0210133000|1|0|1.0|INDIVIDUAL|VARIABLE|P0210133000|1|0|1.0|INDIVIDUAL|VARIABLE|P0210133000|1|0|1.0|INDIVIDUAL|VARIABLE|P0210133000|1|0|1.0|INDIVIDUAL|VARIABLE|P0210133000|1|0|1.0|INDIVIDUAL|VARIABLE|P0210133000|1|0|1.0|INDIVIDUAL|VARIABLE|P0210133000|1|0|1.0|INDIVIDUAL|VARIABLE|P0210133000|1|0|1.0|INDIVIDUAL|VARIABLE|P0210133000|1|0|1.0|INDIVIDUAL|VARIABLE|P0210133000|1|0|1.0|INDIVIDUAL|VARIABLE|P0210133000|1|0|1.0|INDIVIDUAL|VARIABLE|P0210133000|1|0|1.0|INDIVIDUAL|VARIABLE|P0210133000|1|0|1.0|INDIVIDUAL|VARIABLE|P0210133000|1|0|1.0|INDIVIDUAL|VARIABLE|P0210133000|1|0|1.0|INDIVIDUAL|VARIABLE|P0210133000|1|0|1.0|INDIVIDUAL|VARIABLE|P0210133000|1|0|1.0|INDIVIDUAL|VARIABLE|P0210133000|1|0|1.0|INDIVIDUAL|VARIABLE|P0210133000|1|0|1.0|INDIVIDUAL|VARIABLE|P0210133000|1|0|1.0|INDIVIDUAL|VARIABLE|P0210133000|1|0|1.0|INDIVIDUAL|VARIABLE|P0210133000|1|0|1.0|INDIVIDUAL|VARIABLE|P0210133000|1|0|1.0|INDIVIDUAL|VARIABLE|P0210133000|1|0|1.0|INDIVIDUAL|VARIABLE|P0210133000|1|0|1.0|INDIVIDUAL|VARIABLE|P0210133000|1|0|1.0|INDIVIDUAL|VARIABLE|P0210133000|1|0|1.0|INDIVIDUAL|VARIABLE|P0210133000|1|0|1.0|INDIVIDUAL|VARIABLE|P0210133000|1|0|1.0|INDIVIDUAL|VARIABLE|P0210133000|1|0|1.0|INDIVIDUAL|VARIABLE|P0210133000|1|0|1.0|INDIVIDUAL|VARIABLE|P0210133000|1|0|1.0|INDIVIDUAL|VARIABLE|P0210133000|1|0|1.0|INDIVIDUAL|VARIABLE|P0210133000|1|0|1.0|INDIVIDUAL|VARIABLE|P0210133000|1|0|1.0|INDIVIDUAL|VARIABLE|P0210133000|1|0|1.0|INDIVIDUAL|VARIABLE|P0210133000|1|0|1.0|INDIVIDUAL|VARIABLE|P0210133000|1|0|1.0|INDIVIDUAL|VARIABLE|P0210133000|1|0|1.0|INDIVIDUAL|VARIABLE|P0210133000|1|0|1.0|INDIVIDUAL|VARIABLE|P0210133000|1|0|1.0|INDIVIDUAL|VARIABLE|P0210133000|1|0|1.0|INDIVIDUAL|VARIABLE|P0210133000|1|0|1.0|INDIVIDUAL|VARIABLE|P0210133000|1|0|1.0|INDIVIDUAL|VARIABLE|P0210133000|1|0|1.0|INDIVIDUAL|VARIABLE|P0210133000|1|0|1.0|INDIVIDUAL|VARIABLE|P0210133000|1|0|1.0|INDIVIDUAL|VARIABLE|P0210133000|1|0|1.0|INDIVIDUAL|VARIABLE|P0210133000|1|0|1.0|INDIVIDUAL|VARIABLE|P0210133000|1|0|1.0|INDIVIDUAL|VARIABLE|P0210133000|1|0|1.0|INDIVIDUAL|VARIABLE|P0210133000|1|0|1.0|INDIVIDUAL|VARIABLE|P0210133000|1|0|1.0|INDIVIDUAL|VARIABLE|P0210133000|1|0|1.0|INDIVIDUAL|VARIABLE|P0210133000|1|0|1.0|INDIVIDUAL|VARIABLE|P0210133000|1|0|1.0|INDIVIDUAL|VARIABLE|P0210133000|1|0|1.0|INDIVIDUAL|VARIABLE|P0210133000|1|0|1.0|INDIVIDUAL|VARIABLE|P0210133000|1|0|1.0|INDIVIDUAL|VARIABLE|P0210133000|1|0|1.0|INDIVIDUAL|VARIABLE|P0210133000|1|0|1.0|INDIVIDUAL|VARIABLE|P0210133000|1|0|1.0|INDIVIDUAL|VARIABLE|P0210133000|1|0|1.0|INDIVIDUAL|VARIABLE|P0210133000|1|0|1.0|INDIVIDUAL|VARIABLE|P0210133000|1|0|1.0|INDIVIDUAL|VARIABLE|P0210133000|1|0|1.0|INDIVIDUAL|VARIABLE|P0210133000|1|0|1.0|INDIVIDUAL|VARIABLE|P0210133000|1|0|1.0|INDIVIDUAL|VARIABLE|P0210133000|1|0|1.0|INDIVIDUAL|VARIABLE|P0210133000|1|0|1.0|INDIVIDUAL|VARIABLE|P0210133000|1|0|1.0|INDIVIDUAL|VARIABLE|P0210133000|1|0|1.0|INDIVIDUAL|VARIABLE|P0210133000|1|0|1.0|INDIVIDUAL|VARIABLE|P0210133000|1|0|1.0|INDIVIDUAL|VARIABLE|P0210133000|1|0|1.0|INDIVIDUAL|VARIABLE|P0210133000|1|0|1.0|INDIVIDUAL|VARIABLE|P0210133000|1|0|1.0|INDIVIDUAL|VARIABLE|P0210133000|1|0|1.0|INDIVIDUAL|VARIABLE|P0210133000|1|0|1.0|INDIVIDUAL|VARIABLE|P0210133000|1|0|1.0|INDIVIDUAL|VARIABLE|P0210133000|1|0|1.0|INDIVIDUAL|VARIABLE|P0210133000|1|0|1.0|INDIVIDUAL|VARIABLE|P0210133000|1|0|1.0|INDIVIDUAL|VARIABLE|P0210133000|1|0|1.0|INDIVIDUAL|VARIABLE|P0210133000|1|0|1.0|INDIVIDUAL|VARIABLE|P0210133000|1|0|1.0|INDIVIDUAL|VARIABLE|P0210133000|1|0|1.0|INDIVIDUAL|VARIABLE|P0210133000|1|0|1.0|INDIVIDUAL|VARIABLE|P0210133000|1|0|1.0|INDIVIDUAL|VARIABLE|P0210133000|1|0|1.0|INDIVIDUAL|VARIABLE|P0210133000|1|0|1.0|INDIVIDUAL|VARIABLE|P0210133000|1|0|1.0|INDIVIDUAL|VARIABLE|P0210133000|1|0|1.0|INDIVIDUAL|VARIABLE|P0210133000|1|0|1.0|INDIVIDUAL|VARIABLE|P0210133000|1|0|1.0|INDIVIDUAL|VARIABLE|P0210133000|1|0|1.0|INDIVIDUAL|VARIABLE|P0210133000|1|0|1.0|INDIVIDUAL|VARIABLE|P0210133000|1|0|1.0|INDIVIDUAL|VARIABLE|P0210133000|1|0|1.0|INDIVIDUAL|VARIABLE|P0210133000|1|0|1.0|INDIVIDUAL|VARIABLE|P0210133000|1|0|1.0|INDIVIDUAL|VARIABLE|P0210133000|1|0|1.0|INDIVIDUAL|VARIABLE|P0210133000|1|0|1.0|INDIVIDUAL|VARIABLE|P0210133000|1|0|1.0|INDIVIDUAL|VARIABLE|P0210133000|1|0|1.0|INDIVIDUAL|VARIABLE|P0210133000|1|0|1.0|INDIVIDUAL|VARIABLE|P0210133000|1|0|1.0|INDIVIDUAL|VARIABLE|P0210133000|1|0|1.0|INDIVIDUAL|VARIABLE|P0210133000|1|0|1.0|INDIVIDUAL|VARIABLE|P0210133000|1|0|1.0|INDIVIDUAL|VARIABLE|P0210133000|1|0|1.0|INDIVIDUAL|VARIABLE|P0210133000|1|0|1.0|INDIVIDUAL|VARIABLE|P0210133000|1|0|1.0|INDIVIDUAL|VARIABLE|P0210133000|1|0|1.0|INDIVIDUAL|VARIABLE|P0210133000|1|0|1.0|INDIVIDUAL|VARIABLE|P0210133000|1|0|1.0|INDIVIDUAL|VARIABLE|P0210133000|1|0|1.0|INDIVIDUAL|VARIABLE|P0210133000|1|0|1.0|INDIVIDUAL|VARIABLE|P0210133000|1|0|1.0|INDIVIDUAL|VARIABLE|P0210133000|1|0|1.0|INDIVIDUAL|VARIABLE|P0210133000|1|0|1.0|INDIVIDUAL|VARIABLE|P0210133000|1|0|1.0|INDIVIDUAL|VARIABLE|P0210133000|1|0|1.0|INDIVIDUAL|VARIABLE|P0210133000|1|0|1.0|INDIVIDUAL|VARIABLE|P0210133000|1|0|1.0|INDIVIDUAL|VARIABLE|P0210133000|1|0|1.0|INDIVIDUAL|VARIABLE|P0210133000|1|0|1.0|INDIVIDUAL|VARIABLE|P0210133000|1|0|1.0|INDIVIDUAL|VARIABLE|P0210133000|1|0|1.0|INDIVIDUAL|VARIABLE|P0210133000|1|0|1.0
236,INDIVIDUAL|VARIABLE|P0210085000|1|0|1.0|INDIVIDUAL|VARIABLE|P0210085000|1|0|1.0|INDIVIDUAL|VARIABLE|P0210085000|1|0|1.0|INDIVIDUAL|VARIABLE|P0210085000|1|0|1.0|INDIVIDUAL|VARIABLE|P0210085000|1|0|1.0|INDIVIDUAL|VARIABLE|P0210085000|1|0|1.0|INDIVIDUAL|VARIABLE|P0210085000|1|0|1.0|INDIVIDUAL|VARIABLE|P0210085000|1|0|1.0|INDIVIDUAL|VARIABLE|P0210085000|1|0|1.0|INDIVIDUAL|VARIABLE|P0210085000|1|0|1.0|INDIVIDUAL|VARIABLE|P0210085000|1|0|1.0|INDIVIDUAL|VARIABLE|P0210085000|1|0|1.0|INDIVIDUAL|VARIABLE|P0210085000|1|0|1.0|INDIVIDUAL|VARIABLE|P0210085000|1|0|1.0|INDIVIDUAL|VARIABLE|P0210085000|1|0|1.0|INDIVIDUAL|VARIABLE|P0210085000|1|0|1.0|INDIVIDUAL|VARIABLE|P0210085000|1|0|1.0|INDIVIDUAL|VARIABLE|P0210085000|1|0|1.0|INDIVIDUAL|VARIABLE|P0210085000|1|0|1.0|INDIVIDUAL|VARIABLE|P0210085000|1|0|1.0|INDIVIDUAL|VARIABLE|P0210085000|1|0|1.0|INDIVIDUAL|VARIABLE|P0210085000|1|0|1.0|INDIVIDUAL|VARIABLE|P0210085000|1|0|1.0|INDIVIDUAL|VARIABLE|P0210085000|1|0|1.0|INDIVIDUAL|VARIABLE|P0210085000|1|0|1.0|INDIVIDUAL|VARIABLE|P0210085000|1|0|1.0|INDIVIDUAL|VARIABLE|P0210085000|1|0|1.0|INDIVIDUAL|VARIABLE|P0210085000|1|0|1.0|INDIVIDUAL|VARIABLE|P0210085000|1|0|1.0|INDIVIDUAL|VARIABLE|P0210085000|1|0|1.0|INDIVIDUAL|VARIABLE|P0210085000|1|0|1.0|INDIVIDUAL|VARIABLE|P0210085000|1|0|1.0|INDIVIDUAL|VARIABLE|P0210085000|1|0|1.0|INDIVIDUAL|VARIABLE|P0210085000|1|0|1.0|INDIVIDUAL|VARIABLE|P0210085000|1|0|1.0|INDIVIDUAL|VARIABLE|P0210085000|1|0|1.0|INDIVIDUAL|VARIABLE|P0210085000|1|0|1.0|INDIVIDUAL|VARIABLE|P0210085000|1|0|1.0|INDIVIDUAL|VARIABLE|P0210085000|1|0|1.0|INDIVIDUAL|VARIABLE|P0210085000|1|0|1.0|INDIVIDUAL|VARIABLE|P0210085000|1|0|1.0|INDIVIDUAL|VARIABLE|P0210085000|1|0|1.0|INDIVIDUAL|VARIABLE|P0210085000|1|0|1.0|INDIVIDUAL|VARIABLE|P0210085000|1|0|1.0|INDIVIDUAL|VARIABLE|P0210085000|1|0|1.0|INDIVIDUAL|VARIABLE|P0210085000|1|0|1.0|INDIVIDUAL|VARIABLE|P0210085000|1|0|1.0|INDIVIDUAL|VARIABLE|P0210085000|1|0|1.0|INDIVIDUAL|VARIABLE|P0210085000|1|0|1.0|INDIVIDUAL|VARIABLE|P0210085000|1|0|1.0|INDIVIDUAL|VARIABLE|P0210085000|1|0|1.0|INDIVIDUAL|VARIABLE|P0210085000|1|0|1.0|INDIVIDUAL|VARIABLE|P0210085000|1|0|1.0|INDIVIDUAL|VARIABLE|P0210085000|1|0|1.0|INDIVIDUAL|VARIABLE|P0210085000|1|0|1.0|INDIVIDUAL|VARIABLE|P0210085000|1|0|1.0|INDIVIDUAL|VARIABLE|P0210085000|1|0|1.0|INDIVIDUAL|VARIABLE|P0210085000|1|0|1.0|INDIVIDUAL|VARIABLE|P0210085000|1|0|1.0|INDIVIDUAL|VARIABLE|P0210085000|1|0|1.0|INDIVIDUAL|VARIABLE|P0210085000|1|0|1.0|INDIVIDUAL|VARIABLE|P0210085000|1|0|1.0|INDIVIDUAL|VARIABLE|P0210085000|1|0|1.0|INDIVIDUAL|VARIABLE|P0210085000|1|0|1.0|INDIVIDUAL|VARIABLE|P0210085000|1|0|1.0|INDIVIDUAL|VARIABLE|P0210085000|1|0|1.0|INDIVIDUAL|VARIABLE|P0210085000|1|0|1.0|INDIVIDUAL|VARIABLE|P0210085000|1|0|1.0|INDIVIDUAL|VARIABLE|P0210085000|1|0|1.0|INDIVIDUAL|VARIABLE|P0210085000|1|0|1.0|INDIVIDUAL|VARIABLE|P0210085000|1|0|1.0|INDIVIDUAL|VARIABLE|P0210085000|1|0|1.0|INDIVIDUAL|VARIABLE|P0210085000|1|0|1.0|INDIVIDUAL|VARIABLE|P0210085000|1|0|1.0|INDIVIDUAL|VARIABLE|P0210085000|1|0|1.0|INDIVIDUAL|VARIABLE|P0210085000|1|0|1.0|INDIVIDUAL|VARIABLE|P0210085000|1|0|1.0|INDIVIDUAL|VARIABLE|P0210085000|1|0|1.0|INDIVIDUAL|VARIABLE|P0210085000|1|0|1.0|INDIVIDUAL|VARIABLE|P0210085000|1|0|1.0|INDIVIDUAL|VARIABLE|P0210085000|1|0|1.0|INDIVIDUAL|VARIABLE|P0210085000|1|0|1.0|INDIVIDUAL|VARIABLE|P0210085000|1|0|1.0|INDIVIDUAL|VARIABLE|P0210085000|1|0|1.0|INDIVIDUAL|VARIABLE|P0210085000|1|0|1.0|INDIVIDUAL|VARIABLE|P0210085000|1|0|1.0|INDIVIDUAL|VARIABLE|P0210085000|1|0|1.0|INDIVIDUAL|VARIABLE|P0210085000|1|0|1.0|INDIVIDUAL|VARIABLE|P0210085000|1|0|1.0|INDIVIDUAL|VARIABLE|P0210085000|1|0|1.0|INDIVIDUAL|VARIABLE|P0210085000|1|0|1.0|INDIVIDUAL|VARIABLE|P0210085000|1|0|1.0|INDIVIDUAL|VARIABLE|P0210085000|1|0|1.0|INDIVIDUAL|VARIABLE|P0210085000|1|0|1.0|INDIVIDUAL|VARIABLE|P0210085000|1|0|1.0|INDIVIDUAL|VARIABLE|P0210085000|1|0|1.0|INDIVIDUAL|VARIABLE|P0210085000|1|0|1.0|INDIVIDUAL|VARIABLE|P0210085000|1|0|1.0|INDIVIDUAL|VARIABLE|P0210085000|1|0|1.0|INDIVIDUAL|VARIABLE|P0210085000|1|0|1.0|INDIVIDUAL|VARIABLE|P0210085000|1|0|1.0|INDIVIDUAL|VARIABLE|P0210085000|1|0|1.0|INDIVIDUAL|VARIABLE|P0210085000|1|0|1.0|INDIVIDUAL|VARIABLE|P0210085000|1|0|1.0|INDIVIDUAL|VARIABLE|P0210085000|1|0|1.0|INDIVIDUAL|VARIABLE|P0210085000|1|0|1.0|INDIVIDUAL|VARIABLE|P0210085000|1|0|1.0|INDIVIDUAL|VARIABLE|P0210085000|1|0|1.0|INDIVIDUAL|VARIABLE|P0210085000|1|0|1.0|INDIVIDUAL|VARIABLE|P0210085000|1|0|1.0|INDIVIDUAL|VARIABLE|P0210085000|1|0|1.0|INDIVIDUAL|VARIABLE|P0210085000|1|0|1.0|INDIVIDUAL|VARIABLE|P0210085000|1|0|1.0|INDIVIDUAL|VARIABLE|P0210085000|1|0|1.0|INDIVIDUAL|VARIABLE|P0210085000|1|0|1.0|INDIVIDUAL|VARIABLE|P0210085000|1|0|1.0|INDIVIDUAL|VARIABLE|P0210085000|1|0|1.0|INDIVIDUAL|VARIABLE|P0210085000|1|0|1.0|INDIVIDUAL|VARIABLE|P0210085000|1|0|1.0|INDIVIDUAL|VARIABLE|P0210085000|1|0|1.0|INDIVIDUAL|VARIABLE|P0210085000|1|0|1.0|INDIVIDUAL|VARIABLE|P0210085000|1|0|1.0|INDIVIDUAL|VARIABLE|P0210085000|1|0|1.0|INDIVIDUAL|VARIABLE|P0210085000|1|0|1.0|INDIVIDUAL|VARIABLE|P0210085000|1|0|1.0|INDIVIDUAL|VARIABLE|P0210085000|1|0|1.0|INDIVIDUAL|VARIABLE|P0210085000|1|0|1.0|INDIVIDUAL|VARIABLE|P0210085000|1|0|1.0|INDIVIDUAL|VARIABLE|P0210085000|1|0|1.0|INDIVIDUAL|VARIABLE|P0210085000|1|0|1.0|INDIVIDUAL|VARIABLE|P0210085000|1|0|1.0|INDIVIDUAL|VARIABLE|P0210085000|1|0|1.0|INDIVIDUAL|VARIABLE|P0210085000|1|0|1.0|INDIVIDUAL|VARIABLE|P0210085000|1|0|1.0|INDIVIDUAL|VARIABLE|P0210085000|1|0|1.0|INDIVIDUAL|VARIABLE|P0210085000|1|0|1.0|INDIVIDUAL|VARIABLE|P0210085000|1|0|1.0|INDIVIDUAL|VARIABLE|P0210085000|1|0|1.0|INDIVIDUAL|VARIABLE|P0210085000|1|0|1.0|INDIVIDUAL|VARIABLE|P0210085000|1|0|1.0|INDIVIDUAL|VARIABLE|P0210085000|1|0|1.0|INDIVIDUAL|VARIABLE|P0210085000|1|0|1.0|INDIVIDUAL|VARIABLE|P0210085000|1|0|1.0|INDIVIDUAL|VARIABLE|P0210085000|1|0|1.0|INDIVIDUAL|VARIABLE|P0210085000|1|0|1.0|INDIVIDUAL|VARIABLE|P0210085000|1|0|1.0|INDIVIDUAL|VARIABLE|P0210085000|1|0|1.0|INDIVIDUAL|VARIABLE|P0210085000|1|0|1.0|INDIVIDUAL|VARIABLE|P0210085000|1|0|1.0|INDIVIDUAL|VARIABLE|P0210085000|1|0|1.0|INDIVIDUAL|VARIABLE|P0210085000|1|0|1.0|INDIVIDUAL|VARIABLE|P0210085000|1|0|1.0|INDIVIDUAL|VARIABLE|P0210085000|1|0|1.0|INDIVIDUAL|VARIABLE|P0210085000|1|0|1.0|INDIVIDUAL|VARIABLE|P0210085000|1|0|1.0|INDIVIDUAL|VARIABLE|P0210085000|1|0|1.0|INDIVIDUAL|VARIABLE|P0210085000|1|0|1.0|INDIVIDUAL|VARIABLE|P0210085000|1|0|1.0|INDIVIDUAL|VARIABLE|P0210085000|1|0|1.0|INDIVIDUAL|VARIABLE|P0210085000|1|0|1.0|INDIVIDUAL|VARIABLE|P0210085000|1|0|1.0|INDIVIDUAL|VARIABLE|P0210085000|1|0|1.0|INDIVIDUAL|VARIABLE|P0210085000|1|0|1.0|INDIVIDUAL|VARIABLE|P0210085000|1|0|1.0|INDIVIDUAL|VARIABLE|P0210085000|1|0|1.0|INDIVIDUAL|VARIABLE|P0210085000|1|0|1.0|INDIVIDUAL|VARIABLE|P0210085000|1|0|1.0|INDIVIDUAL|VARIABLE|P0210085000|1|0|1.0|INDIVIDUAL|VARIABLE|P0210085000|1|0|1.0|INDIVIDUAL|VARIABLE|P0210085000|1|0|1.0|INDIVIDUAL|VARIABLE|P0210085000|1|0|1.0|INDIVIDUAL|VARIABLE|P0210085000|1|0|1.0|INDIVIDUAL|VARIABLE|P0210085000|1|0|1.0|INDIVIDUAL|VARIABLE|P0210085000|1|0|1.0|INDIVIDUAL|VARIABLE|P0210085000|1|0|1.0|INDIVIDUAL|VARIABLE|P0210085000|1|0|1.0|INDIVIDUAL|VARIABLE|P0210085000|1|0|1.0|INDIVIDUAL|VARIABLE|P0210085000|1|0|1.0|INDIVIDUAL|VARIABLE|P0210085000|1|0|1.0|INDIVIDUAL|VARIABLE|P0210085000|1|0|1.0|INDIVIDUAL|VARIABLE|P0210085000|1|0|1.0|INDIVIDUAL|VARIABLE|P0210085000|1|0|1.0|INDIVIDUAL|VARIABLE|P0210085000|1|0|1.0|INDIVIDUAL|VARIABLE|P0210085000|1|0|1.0|INDIVIDUAL|VARIABLE|P0210085000|1|0|1.0|INDIVIDUAL|VARIABLE|P0210085000|1|0|1.0|INDIVIDUAL|VARIABLE|P0210085000|1|0|1.0|INDIVIDUAL|VARIABLE|P0210085000|1|0|1.0|INDIVIDUAL|VARIABLE|P0210085000|1|0|1.0|INDIVIDUAL|VARIABLE|P0210085000|1|0|1.0|INDIVIDUAL|VARIABLE|P0210085000|1|0|1.0|INDIVIDUAL|VARIABLE|P0210085000|1|0|1.0|INDIVIDUAL|VARIABLE|P0210085000|1|0|1.0|INDIVIDUAL|VARIABLE|P0210085000|1|0|1.0|INDIVIDUAL|VARIABLE|P0210085000|1|0|1.0|INDIVIDUAL|VARIABLE|P0210085000|1|0|1.0|INDIVIDUAL|VARIABLE|P0210085000|1|0|1.0|INDIVIDUAL|VARIABLE|P0210085000|1|0|1.0|INDIVIDUAL|VARIABLE|P0210085000|1|0|1.0|INDIVIDUAL|VARIABLE|P0210085000|1|0|1.0|INDIVIDUAL|VARIABLE|P0210085000|1|0|1.0|INDIVIDUAL|VARIABLE|P0210085000|1|0|1.0|INDIVIDUAL|VARIABLE|P0210085000|1|0|1.0|INDIVIDUAL|VARIABLE|P0210085000|1|0|1.0|INDIVIDUAL|VARIABLE|P0210085000|1|0|1.0|INDIVIDUAL|VARIABLE|P0210085000|1|0|1.0|INDIVIDUAL|VARIABLE|P0210085000|1|0|1.0|INDIVIDUAL|VARIABLE|P0210085000|1|0|1.0|INDIVIDUAL|VARIABLE|P0210085000|1|0|1.0
237,INDIVIDUAL|VARIABLE|P0292082007|1|0|1.0|INDIVIDUAL|VARIABLE|P0292082007|1|0|1.0|INDIVIDUAL|VARIABLE|P0292082007|1|0|1.0|INDIVIDUAL|VARIABLE|P0292082007|1|0|1.0|INDIVIDUAL|VARIABLE|P0292082007|1|0|1.0|INDIVIDUAL|VARIABLE|P0292082007|1|0|1.0|INDIVIDUAL|VARIABLE|P0292082007|1|0|1.0|INDIVIDUAL|VARIABLE|P0292082007|1|0|1.0|INDIVIDUAL|VARIABLE|P0292082007|1|0|1.0|INDIVIDUAL|VARIABLE|P0292082007|1|0|1.0|INDIVIDUAL|VARIABLE|P0292082007|1|0|1.0|INDIVIDUAL|VARIABLE|P0292082007|1|0|1.0|INDIVIDUAL|VARIABLE|P0292082007|1|0|1.0|INDIVIDUAL|VARIABLE|P0292082007|1|0|1.0|INDIVIDUAL|VARIABLE|P0292082007|1|0|1.0|INDIVIDUAL|VARIABLE|P0292082007|1|0|1.0|INDIVIDUAL|VARIABLE|P0292082007|1|0|1.0|INDIVIDUAL|VARIABLE|P0292082007|1|0|1.0|INDIVIDUAL|VARIABLE|P0292082007|1|0|1.0|INDIVIDUAL|VARIABLE|P0292082007|1|0|1.0|INDIVIDUAL|VARIABLE|P0292082007|1|0|1.0|INDIVIDUAL|VARIABLE|P0292082007|1|0|1.0|INDIVIDUAL|VARIABLE|P0292082007|1|0|1.0|INDIVIDUAL|VARIABLE|P0292082007|1|0|1.0|INDIVIDUAL|VARIABLE|P0292082007|1|0|1.0|INDIVIDUAL|VARIABLE|P0292082007|1|0|1.0|INDIVIDUAL|VARIABLE|P0292082007|1|0|1.0|INDIVIDUAL|VARIABLE|P0292082007|1|0|1.0|INDIVIDUAL|VARIABLE|P0292082007|1|0|1.0|INDIVIDUAL|VARIABLE|P0292082007|1|0|1.0|INDIVIDUAL|VARIABLE|P0292082007|1|0|1.0|INDIVIDUAL|VARIABLE|P0292082007|1|0|1.0|INDIVIDUAL|VARIABLE|P0292082007|1|0|1.0
238,INDIVIDUAL|VARIABLE|P0210055000|1|0|1.0|INDIVIDUAL|VARIABLE|P0210055000|1|0|1.0|INDIVIDUAL|VARIABLE|P0210055000|1|0|1.0|INDIVIDUAL|VARIABLE|P0210055000|1|0|1.0|INDIVIDUAL|VARIABLE|P0210055000|1|0|1.0|INDIVIDUAL|VARIABLE|P0210055000|1|0|1.0|INDIVIDUAL|VARIABLE|P0210055000|1|0|1.0|INDIVIDUAL|VARIABLE|P0210055000|1|0|1.0|INDIVIDUAL|VARIABLE|P0210055000|1|0|1.0|INDIVIDUAL|VARIABLE|P0210055000|1|0|1.0|INDIVIDUAL|VARIABLE|P0210055000|1|0|1.0|INDIVIDUAL|VARIABLE|P0210055000|1|0|1.0|INDIVIDUAL|VARIABLE|P0210055000|1|0|1.0|INDIVIDUAL|VARIABLE|P0210055000|1|0|1.0|INDIVIDUAL|VARIABLE|P0210055000|1|0|1.0|INDIVIDUAL|VARIABLE|P0210055000|1|0|1.0|INDIVIDUAL|VARIABLE|P0210055000|1|0|1.0|INDIVIDUAL|VARIABLE|P0210055000|1|0|1.0|INDIVIDUAL|VARIABLE|P0210055000|1|0|1.0|INDIVIDUAL|VARIABLE|P0210055000|1|0|1.0|INDIVIDUAL|VARIABLE|P0210055000|1|0|1.0|INDIVIDUAL|VARIABLE|P0210055000|1|0|1.0|INDIVIDUAL|VARIABLE|P0210055000|1|0|1.0|INDIVIDUAL|VARIABLE|P0210055000|1|0|1.0|INDIVIDUAL|VARIABLE|P0210055000|1|0|1.0|INDIVIDUAL|VARIABLE|P0210055000|1|0|1.0|INDIVIDUAL|VARIABLE|P0210055000|1|0|1.0|INDIVIDUAL|VARIABLE|P0210055000|1|0|1.0|INDIVIDUAL|VARIABLE|P0210055000|1|0|1.0|INDIVIDUAL|VARIABLE|P0210055000|1|0|1.0|INDIVIDUAL|VARIABLE|P0210055000|1|0|1.0|INDIVIDUAL|VARIABLE|P0210055000|1|0|1.0|INDIVIDUAL|VARIABLE|P0210055000|1|0|1.0|INDIVIDUAL|VARIABLE|P0210055000|1|0|1.0|INDIVIDUAL|VARIABLE|P0210055000|1|0|1.0|INDIVIDUAL|VARIABLE|P0210055000|1|0|1.0|INDIVIDUAL|VARIABLE|P0210055000|1|0|1.0|INDIVIDUAL|VARIABLE|P0210055000|1|0|1.0|INDIVIDUAL|VARIABLE|P0210055000|1|0|1.0|INDIVIDUAL|VARIABLE|P0210055000|1|0|1.0
239,INDIVIDUAL|VARIABLE|P0292127008|1|0|1.0|INDIVIDUAL|VARIABLE|P0292127008|1|0|1.0|INDIVIDUAL|VARIABLE|P0292127008|1|0|1.0|INDIVIDUAL|VARIABLE|P0292127008|1|0|1.0|INDIVIDUAL|VARIABLE|P0292127008|1|0|1.0|INDIVIDUAL|VARIABLE|P0292127008|1|0|1.0|INDIVIDUAL|VARIABLE|P0292127008|1|0|1.0|INDIVIDUAL|VARIABLE|P0292127008|1|0|1.0|INDIVIDUAL|VARIABLE|P0292127008|1|0|1.0|INDIVIDUAL|VARIABLE|P0292127008|1|0|1.0|INDIVIDUAL|VARIABLE|P0292127008|1|0|1.0|INDIVIDUAL|VARIABLE|P0292127008|1|0|1.0|INDIVIDUAL|VARIABLE|P0292127008|1|0|1.0|INDIVIDUAL|VARIABLE|P0292127008|1|0|1.0|INDIVIDUAL|VARIABLE|P0292127008|1|0|1.0|INDIVIDUAL|VARIABLE|P0292127008|1|0|1.0|INDIVIDUAL|VARIABLE|P0292127008|1|0|1.0|INDIVIDUAL|VARIABLE|P0292127008|1|0|1.0|INDIVIDUAL|VARIABLE|P0292127008|1|0|1.0|INDIVIDUAL|VARIABLE|P0292127008|1|0|1.0|INDIVIDUAL|VARIABLE|P0292127008|1|0|1.0|INDIVIDUAL|VARIABLE|P0292127008|1|0|1.0|INDIVIDUAL|VARIABLE|P0292127008|1|0|1.0|INDIVIDUAL|VARIABLE|P0292127008|1|0|1.0|INDIVIDUAL|VARIABLE|P0292127008|1|0|1.0|INDIVIDUAL|VARIABLE|P0292127008|1|0|1.0|INDIVIDUAL|VARIABLE|P0292127008|1|0|1.0|INDIVIDUAL|VARIABLE|P0292127008|1|0|1.0|INDIVIDUAL|VARIABLE|P0292127008|1|0|1.0|INDIVIDUAL|VARIABLE|P0292127008|1|0|1.0|INDIVIDUAL|VARIABLE|P0292127008|1|0|1.0|INDIVIDUAL|VARIABLE|P0292127008|1|0|1.0|INDIVIDUAL|VARIABLE|P0292127008|1|0|1.0|INDIVIDUAL|VARIABLE|P0292127008|1|0|1.0|INDIVIDUAL|VARIABLE|P0292127008|1|0|1.0|INDIVIDUAL|VARIABLE|P0292127008|1|0|1.0|INDIVIDUAL|VARIABLE|P0292127008|1|0|1.0|INDIVIDUAL|VARIABLE|P0292127008|1|0|1.0|INDIVIDUAL|VARIABLE|P0292127008|1|0|1.0|INDIVIDUAL|VARIABLE|P0292127008|1|0|1.0|INDIVIDUAL|VARIABLE|P0292127008|1|0|1.0|INDIVIDUAL|VARIABLE|P0292127008|1|0|1.0|INDIVIDUAL|VARIABLE|P0292127008|1|0|1.0|INDIVIDUAL|VARIABLE|P0292127008|1|0|1.0|INDIVIDUAL|VARIABLE|P0292127008|1|0|1.0|INDIVIDUAL|VARIABLE|P0292127008|1|0|1.0|INDIVIDUAL|VARIABLE|P0292127008|1|0|1.0|INDIVIDUAL|VARIABLE|P0292127008|1|0|1.0|INDIVIDUAL|VARIABLE|P0292127008|1|0|1.0|INDIVIDUAL|VARIABLE|P0292127008|1|0|1.0|INDIVIDUAL|VARIABLE|P0292127008|1|0|1.0|INDIVIDUAL|VARIABLE|P0292127008|1|0|1.0|INDIVIDUAL|VARIABLE|P0292127008|1|0|1.0|INDIVIDUAL|VARIABLE|P0292127008|1|0|1.0|INDIVIDUAL|VARIABLE|P0292127008|1|0|1.0|INDIVIDUAL|VARIABLE|P0292127008|1|0|1.0|INDIVIDUAL|VARIABLE|P0292127008|1|0|1.0|INDIVIDUAL|VARIABLE|P0292127008|1|0|1.0|INDIVIDUAL|VARIABLE|P0292127008|1|0|1.0|INDIVIDUAL|VARIABLE|P0292127008|1|0|1.0|INDIVIDUAL|VARIABLE|P0292127008|1|0|1.0|INDIVIDUAL|VARIABLE|P0292127008|1|0|1.0|INDIVIDUAL|VARIABLE|P0292127008|1|0|1.0|INDIVIDUAL|VARIABLE|P0292127008|1|0|1.0|INDIVIDUAL|VARIABLE|P0292127008|1|0|1.0|INDIVIDUAL|VARIABLE|P0292127008|1|0|1.0|INDIVIDUAL|VARIABLE|P0292127008|1|0|1.0|INDIVIDUAL|VARIABLE|P0292127008|1|0|1.0|INDIVIDUAL|VARIABLE|P0292127008|1|0|1.0|INDIVIDUAL|VARIABLE|P0292127008|1|0|1.0|INDIVIDUAL|VARIABLE|P0292127008|1|0|1.0|INDIVIDUAL|VARIABLE|P0292127008|1|0|1.0|INDIVIDUAL|VARIABLE|P0292127008|1|0|1.0|INDIVIDUAL|VARIABLE|P0292127008|1|0|1.0|INDIVIDUAL|VARIABLE|P0292127008|1|0|1.0|INDIVIDUAL|VARIABLE|P0292127008|1|0|1.0|INDIVIDUAL|VARIABLE|P0292127008|1|0|1.0|INDIVIDUAL|VARIABLE|P0292127008|1|0|1.0|INDIVIDUAL|VARIABLE|P0292127008|1|0|1.0|INDIVIDUAL|VARIABLE|P0292127008|1|0|1.0
241,SET FIJO|FIJO|200117167|1|0|1.0|SET FIJO|FIJO|200119017|0|0|1.0|SET FIJO|FIJO|200119017|0|0|1.0|SET FIJO|FIJO|200119017|0|0|1.0|SET FIJO|FIJO|200117167|1|0|1.0|SET FIJO|FIJO|200117167|1|0|1.0|SET FIJO|FIJO|200117167|1|0|1.0|SET FIJO|FIJO|200117167|1|0|1.0|SET FIJO|FIJO|200117167|1|0|1.0|SET FIJO|FIJO|200117167|1|0|1.0|SET FIJO|FIJO|200117167|1|0|1.0|SET FIJO|FIJO|200119017|0|0|1.0|SET FIJO|FIJO|200119017|0|0|1.0|SET FIJO|FIJO|200119017|0|0|1.0|SET FIJO|FIJO|200119017|0|0|1.0|SET FIJO|FIJO|200119017|0|0|1.0|SET FIJO|FIJO|200119017|0|0|1.0|SET FIJO|FIJO|200119017|0|0|1.0|SET FIJO|FIJO|200119017|0|0|1.0|SET FIJO|FIJO|200117167|1|0|1.0|SET FIJO|FIJO|200117167|1|0|1.0|SET FIJO|FIJO|200117167|1|0|1.0
242,SET FIJO|FIJO|200117167|1|0|1.0|SET FIJO|FIJO|200119017|0|0|1.0|SET FIJO|FIJO|200119017|0|0|1.0|SET FIJO|FIJO|200119017|0|0|1.0|SET FIJO|FIJO|P0292082007|0|0|1.0|SET FIJO|FIJO|200117167|1|0|1.0|SET FIJO|FIJO|200117167|1|0|1.0|SET FIJO|FIJO|200117167|1|0|1.0|SET FIJO|FIJO|200117167|1|0|1.0|SET FIJO|FIJO|200117167|1|0|1.0|SET FIJO|FIJO|200117167|1|0|1.0|SET FIJO|FIJO|200117167|1|0|1.0|SET FIJO|FIJO|P0292082007|0|0|1.0|SET FIJO|FIJO|P0292082007|0|0|1.0|SET FIJO|FIJO|200119017|0|0|1.0|SET FIJO|FIJO|200119017|0|0|1.0|SET FIJO|FIJO|200119017|0|0|1.0|SET FIJO|FIJO|200119017|0|0|1.0|SET FIJO|FIJO|200119017|0|0|1.0|SET FIJO|FIJO|200119017|0|0|1.0|SET FIJO|FIJO|200119017|0|0|1.0|SET FIJO|FIJO|200119017|0|0|1.0|SET FIJO|FIJO|200117167|1|0|1.0|SET FIJO|FIJO|200117167|1|0|1.0|SET FIJO|FIJO|P0292082007|0|0|1.0|SET FIJO|FIJO|P0292082007|0|0|1.0|SET FIJO|FIJO|P0292082007|0|0|1.0|SET FIJO|FIJO|P0292082007|0|0|1.0|SET FIJO|FIJO|P0292082007|0|0|1.0|SET FIJO|FIJO|P0292082007|0|0|1.0|SET FIJO|FIJO|P0292082007|0|0|1.0|SET FIJO|FIJO|P0292082007|0|0|1.0|SET FIJO|FIJO|200117167|1|0|1.0
243,SET FIJO|FIJO|200084602|1|0|1.0|SET FIJO|FIJO|200084602|1|0|1.0|SET FIJO|FIJO|200117167|0|0|1.0|SET FIJO|FIJO|200119017|0|0|1.0|SET FIJO|FIJO|200119017|0|0|1.0|SET FIJO|FIJO|200119017|0|0|1.0|SET FIJO|FIJO|200117167|0|0|1.0|SET FIJO|FIJO|200117167|0|0|1.0|SET FIJO|FIJO|200084602|1|0|1.0|SET FIJO|FIJO|200084602|1|0|1.0|SET FIJO|FIJO|200084602|1|0|1.0|SET FIJO|FIJO|200084602|1|0|1.0|SET FIJO|FIJO|200117167|0|0|1.0|SET FIJO|FIJO|200117167|0|0|1.0|SET FIJO|FIJO|200117167|0|0|1.0|SET FIJO|FIJO|200117167|0|0|1.0|SET FIJO|FIJO|200117167|0|0|1.0|SET FIJO|FIJO|200119017|0|0|1.0|SET FIJO|FIJO|200119017|0|0|1.0|SET FIJO|FIJO|200119017|0|0|1.0|SET FIJO|FIJO|200119017|0|0|1.0|SET FIJO|FIJO|200119017|0|0|1.0|SET FIJO|FIJO|200119017|0|0|1.0|SET FIJO|FIJO|200119017|0|0|1.0|SET FIJO|FIJO|200119017|0|0|1.0|SET FIJO|FIJO|200117167|0|0|1.0|SET FIJO|FIJO|200117167|0|0|1.0|SET FIJO|FIJO|200084602|1|0|1.0|SET FIJO|FIJO|200084602|1|0|1.0|SET FIJO|FIJO|200084602|1|0|1.0|SET FIJO|FIJO|200084602|1|0|1.0|SET FIJO|FIJO|200084602|1|0|1.0|SET FIJO|FIJO|200117167|0|0|1.0
244,SET FIJO|FIJO|200099702|0|0|1.0|SET FIJO|FIJO|200099702|0|0|1.0|SET FIJO|FIJO|200100407|0|0|1.0|SET FIJO|FIJO|200100407|0|0|1.0|SET FIJO|FIJO|200100407|0|0|1.0|SET FIJO|FIJO|200091328|1|0|1.0|SET FIJO|FIJO|200091328|1|0|1.0|SET FIJO|FIJO|200091328|1|0|1.0|SET FIJO|FIJO|200091328|1|0|1.0|SET FIJO|FIJO|200091328|1|0|1.0|SET FIJO|FIJO|200099702|0|0|1.0|SET FIJO|FIJO|200100407|0|0|1.0|SET FIJO|FIJO|200099702|0|0|1.0|SET FIJO|FIJO|200099702|0|0|1.0|SET FIJO|FIJO|200091328|1|0|1.0|SET FIJO|FIJO|200091328|1|0|1.0|SET FIJO|FIJO|200091328|1|0|1.0|SET FIJO|FIJO|200091328|1|0|1.0|SET FIJO|FIJO|200091328|1|0|1.0|SET FIJO|FIJO|200091328|1|0|1.0|SET FIJO|FIJO|200100407|0|0|1.0|SET FIJO|FIJO|200100407|0|0|1.0|SET FIJO|FIJO|200100407|0|0|1.0|SET FIJO|FIJO|200100407|0|0|1.0|SET FIJO|FIJO|200100407|0|0|1.0|SET FIJO|FIJO|200100407|0|0|1.0|SET FIJO|FIJO|200099702|0|0|1.0|SET FIJO|FIJO|200099702|0|0|1.0|SET FIJO|FIJO|200099702|0|0|1.0|SET FIJO|FIJO|200099702|0|0|1.0|SET FIJO|FIJO|200099702|0|0|1.0
245,SET FIJO|FIJO|P0210065001|0|0|1.0|SET FIJO|FIJO|P0210065001|0|0|1.0|SET FIJO|FIJO|P0210065001|0|0|1.0|SET FIJO|FIJO|P0210065001|0|0|1.0|SET FIJO|FIJO|P0210065001|0|0|1.0|SET FIJO|FIJO|P0210065001|0|0|1.0|SET FIJO|FIJO|P0210065001|0|0|1.0|SET FIJO|FIJO|P0292082007|0|0|1.0|SET FIJO|FIJO|P0210065001|0|0|1.0|SET FIJO|FIJO|P0210065001|0|0|1.0|SET FIJO|FIJO|P0210065001|0|0|1.0|SET FIJO|FIJO|P0210065001|0|0|1.0|SET FIJO|FIJO|P0292082007|0|0|1.0|SET FIJO|FIJO|P0292082007|0|0|1.0|SET FIJO|FIJO|200113548|1|0|1.0|SET FIJO|FIJO|P0292082007|0|0|1.0|SET FIJO|FIJO|P0292082007|0|0|1.0|SET FIJO|FIJO|P0292082007|0|0|1.0|SET FIJO|FIJO|P0292082007|0|0|1.0|SET FIJO|FIJO|P0292082007|0|0|1.0|SET FIJO|FIJO|P0292082007|0|0|1.0|SET FIJO|FIJO|P0292082007|0|0|1.0|SET FIJO|FIJO|P0292082007|0|0|1.0|SET FIJO|FIJO|200113548|1|0|1.0|SET FIJO|FIJO|200113548|1|0|1.0|SET FIJO|FIJO|200113548|1|0|1.0|SET FIJO|FIJO|200113548|1|0|1.0|SET FIJO|FIJO|200113548|1|0|1.0|SET FIJO|FIJO|200113548|1|0|1.0|SET FIJO|FIJO|200113548|1|0|1.0|SET FIJO|FIJO|200113548|1|0|1.0|SET FIJO|FIJO|200113548|1|0|1.0|SET FIJO|FIJO|200113548|1|0|1.0
246,SET FIJO|FIJO|200108044|0|0|1.0|SET FIJO|FIJO|200108044|0|0|1.0|SET FIJO|FIJO|200108044|0|0|1.0|SET FIJO|FIJO|P0210133000|0|0|1.0|SET FIJO|FIJO|P0210133000|0|0|1.0|SET FIJO|FIJO|P0210133000|0|0|1.0|SET FIJO|FIJO|200108044|0|0|1.0|SET FIJO|FIJO|200108044|0|0|1.0|SET FIJO|FIJO|P0210133000|0|0|1.0|SET FIJO|FIJO|200108044|0|0|1.0|SET FIJO|FIJO|P0210133000|0|0|1.0|SET FIJO|FIJO|200108044|0|0|1.0|SET FIJO|FIJO|200098555|1|0|1.0|SET FIJO|FIJO|200098555|1|0|1.0|SET FIJO|FIJO|200098555|1|0|1.0|SET FIJO|FIJO|200098555|1|0|1.0|SET FIJO|FIJO|P0210133000|0|0|1.0|SET FIJO|FIJO|P0210133000|0|0|1.0|SET FIJO|FIJO|200098555|1|0|1.0|SET FIJO|FIJO|200098555|1|0|1.0|SET FIJO|FIJO|200098555|1|0|1.0|SET FIJO|FIJO|200098555|1|0|1.0|SET FIJO|FIJO|P0210133000|0|0|1.0|SET FIJO|FIJO|P0210133000|0|0|1.0|SET FIJO|FIJO|P0210133000|0|0|1.0|SET FIJO|FIJO|200108044|0|0|1.0|SET FIJO|FIJO|P0210133000|0|0|1.0|SET FIJO|FIJO|200108044|0|0|1.0|SET FIJO|FIJO|200098555|1|0|1.0|SET FIJO|FIJO|200098555|1|0|1.0|SET FIJO|FIJO|200098555|1|0|1.0|SET FIJO|FIJO|200108044|0|0|1.0
247,SET FIJO|FIJO|200109119|0|0|1.0|SET FIJO|FIJO|200109119|0|0|1.0|SET FIJO|FIJO|200109119|0|0|1.0|SET FIJO|FIJO|200106274|1|0|1.0|SET FIJO|FIJO|200109119|0|0|1.0|SET FIJO|FIJO|200109119|0|0|1.0|SET FIJO|FIJO|200106274|1|0|1.0|SET FIJO|FIJO|200106274|1|0|1.0|SET FIJO|FIJO|200109119|0|0|1.0|SET FIJO|FIJO|200106274|1|0|1.0|SET FIJO|FIJO|200109119|0|0|1.0|SET FIJO|FIJO|200106274|1|0|1.0|SET FIJO|FIJO|200106274|1|0|1.0|SET FIJO|FIJO|200106274|1|0|1.0|SET FIJO|FIJO|200109119|0|0|1.0|SET FIJO|FIJO|200106274|1|0|1.0|SET FIJO|FIJO|200109119|0|0|1.0|SET FIJO|FIJO|200106274|1|0|1.0|SET FIJO|FIJO|200109119|0|0|1.0|SET FIJO|FIJO|200106274|1|0|1.0
248,SET FIJO|FIJO|200102820|0|0|1.0|SET FIJO|FIJO|200102820|0|0|1.0|SET FIJO|FIJO|200117382|1|0|1.0|SET FIJO|FIJO|200117382|1|0|1.0|SET FIJO|FIJO|200117382|1|0|1.0|SET FIJO|FIJO|200102820|0|0|1.0|SET FIJO|FIJO|200102820|0|0|1.0|SET FIJO|FIJO|200102820|0|0|1.0|SET FIJO|FIJO|200102820|0|0|1.0|SET FIJO|FIJO|200102820|0|0|1.0|SET FIJO|FIJO|200102820|0|0|1.0|SET FIJO|FIJO|200102820|0|0|1.0
249,SET FIJO|FIJO|200108045|0|0|1.0|SET FIJO|FIJO|200095931|1|0|1.0|SET FIJO|FIJO|200108045|0|0|1.0|SET FIJO|FIJO|200108045|0|0|1.0|SET FIJO|FIJO|200106397|0|0|1.0|SET FIJO|FIJO|200106397|0|0|1.0|SET FIJO|FIJO|200108045|0|0|1.0|SET FIJO|FIJO|200108045|0|0|1.0|SET FIJO|FIJO|200108045|0|0|1.0|SET FIJO|FIJO|200095931|1|0|1.0|SET FIJO|FIJO|200095931|1|0|1.0|SET FIJO|FIJO|200108045|0|0|1.0|SET FIJO|FIJO|200106397|0|0|1.0|SET FIJO|FIJO|200095931|1|0|1.0|SET FIJO|FIJO|200095931|1|0|1.0|SET FIJO|FIJO|200106397|0|0|1.0|SET FIJO|FIJO|200095931|1|0|1.0|SET FIJO|FIJO|200108045|0|0|1.0|SET FIJO|FIJO|200095931|1|0|1.0|SET FIJO|FIJO|200108045|0|0|1.0|SET FIJO|FIJO|200106397|0|0|1.0|SET FIJO|FIJO|200106397|0|0|1.0|SET FIJO|FIJO|200106397|0|0|1.0|SET FIJO|FIJO|200106397|0|0|1.0|SET FIJO|FIJO|200106397|0|0|1.0|SET FIJO|FIJO|200095931|1|0|1.0|SET FIJO|FIJO|200095931|1|0|1.0|SET FIJO|FIJO|200095931|1|0|1.0|SET FIJO|FIJO|200095931|1|0|1.0|SET FIJO|FIJO|200106397|0|0|1.0|SET FIJO|FIJO|200108045|0|0|1.0|SET FIJO|FIJO|200095931|1|0|1.0|SET FIJO|FIJO|200095931|1|0|1.0
250,SET FIJO|FIJO|200059514|1|0|1.0|SET FIJO|FIJO|200059514|1|0|1.0|SET FIJO|FIJO|200059514|1|0|1.0|SET FIJO|FIJO|200059514|1|0|1.0|SET FIJO|FIJO|200059514|1|0|1.0|SET FIJO|FIJO|200059514|1|0|1.0|SET FIJO|FIJO|200106279|0|0|1.0|SET FIJO|FIJO|200106279|0|0|1.0|SET FIJO|FIJO|200106279|0|0|1.0|SET FIJO|FIJO|200106279|0|0|1.0|SET FIJO|FIJO|200106279|0|0|1.0|SET FIJO|FIJO|200106279|0|0|1.0|SET FIJO|FIJO|200106279|0|0|1.0|SET FIJO|FIJO|200106279|0|0|1.0|SET FIJO|FIJO|200106279|0|0|1.0|SET FIJO|FIJO|200106279|0|0|1.0|SET FIJO|FIJO|200059514|1|0|1.0|SET FIJO|FIJO|200059514|1|0|1.0|SET FIJO|FIJO|200059514|1|0|1.0|SET FIJO|FIJO|200059514|1|0|1.0|SET FIJO|FIJO|200059514|1|0|1.0|SET FIJO|FIJO|200059514|1|0|1.0
251,SET FIJO|FIJO|200088259|1|0|1.0|SET FIJO|FIJO|200095625|0|0|1.0|SET FIJO|FIJO|200088259|1|0|1.0|SET FIJO|FIJO|200088259|1|0|1.0|SET FIJO|FIJO|200088259|1|0|1.0|SET FIJO|FIJO|200095625|0|0|1.0|SET FIJO|FIJO|200088259|1|0|1.0|SET FIJO|FIJO|200088259|1|0|1.0|SET FIJO|FIJO|200088259|1|0|1.0|SET FIJO|FIJO|200088259|1|0|1.0|SET FIJO|FIJO|200088259|1|0|1.0|SET FIJO|FIJO|200095625|0|0|1.0|SET FIJO|FIJO|200095625|0|0|1.0|SET FIJO|FIJO|200095625|0|0|1.0|SET FIJO|FIJO|200088259|1|0|1.0|SET FIJO|FIJO|200095625|0|0|1.0|SET FIJO|FIJO|200095625|0|0|1.0|SET FIJO|FIJO|200088259|1|0|1.0|SET FIJO|FIJO|200095625|0|0|1.0|SET FIJO|FIJO|200095625|0|0|1.0
252,SET FIJO|FIJO|200056246|1|0|1.0|SET FIJO|FIJO|200056246|1|0|1.0|SET FIJO|FIJO|200056246|1|0|1.0|SET FIJO|FIJO|200056246|1|0|1.0|SET FIJO|FIJO|200056246|1|0|1.0|SET FIJO|FIJO|200056246|1|0|1.0|SET FIJO|FIJO|200056246|1|0|1.0|SET FIJO|FIJO|200056246|1|0|1.0|SET FIJO|FIJO|200056258|0|0|1.0|SET FIJO|FIJO|200056246|1|0|1.0|SET FIJO|FIJO|200056246|1|0|1.0|SET FIJO|FIJO|200056258|0|0|1.0|SET FIJO|FIJO|200056246|1|0|1.0|SET FIJO|FIJO|200056258|0|0|1.0|SET FIJO|FIJO|200056258|0|0|1.0|SET FIJO|FIJO|200056258|0|0|1.0|SET FIJO|FIJO|200056258|0|0|1.0|SET FIJO|FIJO|200056258|0|0|1.0|SET FIJO|FIJO|200056258|0|0|1.0|SET FIJO|FIJO|200056258|0|0|1.0|SET FIJO|FIJO|200056258|0|0|1.0|SET FIJO|FIJO|200056246|1|0|1.0
253,SET FIJO|FIJO|200056246|1|0|1.0|SET FIJO|FIJO|200056617|0|0|1.0|SET FIJO|FIJO|200046326|0|0|1.0|SET FIJO|FIJO|200056246|1|0|1.0|SET FIJO|FIJO|200056617|0|0|1.0|SET FIJO|FIJO|200056617|0|0|1.0|SET FIJO|FIJO|200046326|0|0|1.0|SET FIJO|FIJO|200056246|1|0|1.0|SET FIJO|FIJO|200056246|1|0|1.0|SET FIJO|FIJO|200056617|0|0|1.0|SET FIJO|FIJO|200056617|0|0|1.0|SET FIJO|FIJO|200056246|1|0|1.0|SET FIJO|FIJO|200056617|0|0|1.0|SET FIJO|FIJO|200056246|1|0|1.0|SET FIJO|FIJO|200056246|1|0|1.0|SET FIJO|FIJO|200046326|0|0|1.0|SET FIJO|FIJO|200056246|1|0|1.0|SET FIJO|FIJO|200056617|0|0|1.0|SET FIJO|FIJO|200056258|0|0|1.0|SET FIJO|FIJO|200056617|0|0|1.0|SET FIJO|FIJO|200056246|1|0|1.0|SET FIJO|FIJO|200056617|0|0|1.0|SET FIJO|FIJO|200056246|1|0|1.0|SET FIJO|FIJO|200046326|0|0|1.0|SET FIJO|FIJO|200056258|0|0|1.0|SET FIJO|FIJO|200046326|0|0|1.0|SET FIJO|FIJO|200046326|0|0|1.0|SET FIJO|FIJO|200056617|0|0|1.0|SET FIJO|FIJO|200056246|1|0|1.0|SET FIJO|FIJO|200056258|0|0|1.0|SET FIJO|FIJO|200056258|0|0|1.0|SET FIJO|FIJO|200056258|0|0|1.0|SET FIJO|FIJO|200056258|0|0|1.0|SET FIJO|FIJO|200056258|0|0|1.0|SET FIJO|FIJO|200056258|0|0|1.0|SET FIJO|FIJO|200056258|0|0|1.0|SET FIJO|FIJO|200056258|0|0|1.0|SET FIJO|FIJO|200046326|0|0|1.0|SET FIJO|FIJO|200056246|1|0|1.0|SET FIJO|FIJO|200046326|0|0|1.0|SET FIJO|FIJO|200056617|0|0|1.0|SET FIJO|FIJO|200056617|0|0|1.0|SET FIJO|FIJO|200046326|0|0|1.0
254,SET FIJO|FIJO|200111145|1|0|1.0|SET FIJO|FIJO|200106397|0|0|1.0|SET FIJO|FIJO|200111145|1|0|1.0|SET FIJO|FIJO|200111145|1|0|1.0|SET FIJO|FIJO|200111145|1|0|1.0|SET FIJO|FIJO|200111145|1|0|1.0|SET FIJO|FIJO|200111145|1|0|1.0|SET FIJO|FIJO|200106397|0|0|1.0|SET FIJO|FIJO|200116347|0|0|1.0|SET FIJO|FIJO|200116347|0|0|1.0|SET FIJO|FIJO|200116347|0|0|1.0|SET FIJO|FIJO|200116347|0|0|1.0|SET FIJO|FIJO|200116347|0|0|1.0|SET FIJO|FIJO|200116347|0|0|1.0|SET FIJO|FIJO|200116347|0|0|1.0|SET FIJO|FIJO|200106397|0|0|1.0|SET FIJO|FIJO|200116347|0|0|1.0|SET FIJO|FIJO|200116347|0|0|1.0|SET FIJO|FIJO|200116347|0|0|1.0|SET FIJO|FIJO|200111145|1|0|1.0|SET FIJO|FIJO|200111145|1|0|1.0|SET FIJO|FIJO|200106397|0|0|1.0|SET FIJO|FIJO|200111145|1|0|1.0|SET FIJO|FIJO|200111145|1|0|1.0|SET FIJO|FIJO|200111145|1|0|1.0|SET FIJO|FIJO|200106397|0|0|1.0|SET FIJO|FIJO|200106397|0|0|1.0|SET FIJO|FIJO|200106397|0|0|1.0|SET FIJO|FIJO|200106397|0|0|1.0|SET FIJO|FIJO|200106397|0|0|1.0|SET FIJO|FIJO|200106397|0|0|1.0
255,SET FIJO|FIJO|200040636|1|0|1.0|SET FIJO|FIJO|P0292092008|0|0|1.0|SET FIJO|FIJO|P0292092008|0|0|1.0|SET FIJO|FIJO|P0292092008|0|0|1.0|SET FIJO|FIJO|P0292092008|0|0|1.0|SET FIJO|FIJO|P0292092008|0|0|1.0|SET FIJO|FIJO|P0292092008|0|0|1.0|SET FIJO|FIJO|P0292092008|0|0|1.0|SET FIJO|FIJO|P0292092008|0|0|1.0|SET FIJO|FIJO|P0292092008|0|0|1.0|SET FIJO|FIJO|P0292092008|0|0|1.0|SET FIJO|FIJO|P0292092008|0|0|1.0|SET FIJO|FIJO|P0292092008|0|0|1.0|SET FIJO|FIJO|200040636|1|0|1.0
256,SET FIJO|FIJO|200040636|1|0|1.0|SET FIJO|FIJO|P0292092008|0|0|1.0|SET FIJO|FIJO|200106279|0|0|1.0|SET FIJO|FIJO|P0292092008|0|0|1.0|SET FIJO|FIJO|P0292092008|0|0|1.0|SET FIJO|FIJO|P0292092008|0|0|1.0|SET FIJO|FIJO|P0292092008|0|0|1.0|SET FIJO|FIJO|P0292092008|0|0|1.0|SET FIJO|FIJO|P0292092008|0|0|1.0|SET FIJO|FIJO|200106279|0|0|1.0|SET FIJO|FIJO|200106279|0|0|1.0|SET FIJO|FIJO|200106279|0|0|1.0|SET FIJO|FIJO|P0292092008|0|0|1.0|SET FIJO|FIJO|P0292092008|0|0|1.0|SET FIJO|FIJO|P0292092008|0|0|1.0|SET FIJO|FIJO|P0292092008|0|0|1.0|SET FIJO|FIJO|P0292092008|0|0|1.0|SET FIJO|FIJO|200106279|0|0|1.0|SET FIJO|FIJO|200106279|0|0|1.0|SET FIJO|FIJO|200106279|0|0|1.0|SET FIJO|FIJO|200106279|0|0|1.0|SET FIJO|FIJO|200106279|0|0|1.0|SET FIJO|FIJO|200106279|0|0|1.0|SET FIJO|FIJO|200040636|1|0|1.0
257,SET FIJO|FIJO|200043496|0|0|1.0|SET FIJO|FIJO|200011767|0|0|1.0|SET FIJO|FIJO|200043496|0|0|1.0|SET FIJO|FIJO|200043496|0|0|1.0|SET FIJO|FIJO|200011767|0|0|1.0|SET FIJO|FIJO|200043496|0|0|1.0|SET FIJO|FIJO|200113547|1|0|1.0|SET FIJO|FIJO|200011767|0|0|1.0|SET FIJO|FIJO|200043496|0|0|1.0|SET FIJO|FIJO|200113547|1|0|1.0|SET FIJO|FIJO|200113547|1|0|1.0|SET FIJO|FIJO|200043496|0|0|1.0|SET FIJO|FIJO|200011767|0|0|1.0|SET FIJO|FIJO|200043496|0|0|1.0|SET FIJO|FIJO|200113547|1|0|1.0|SET FIJO|FIJO|200113547|1|0|1.0|SET FIJO|FIJO|200113547|1|0|1.0|SET FIJO|FIJO|200043496|0|0|1.0|SET FIJO|FIJO|200113547|1|0|1.0|SET FIJO|FIJO|200011767|0|0|1.0|SET FIJO|FIJO|200113547|1|0|1.0|SET FIJO|FIJO|200113547|1|0|1.0|SET FIJO|FIJO|200113547|1|0|1.0|SET FIJO|FIJO|200043496|0|0|1.0|SET FIJO|FIJO|200043496|0|0|1.0|SET FIJO|FIJO|200113547|1|0|1.0
258,SET FIJO|FIJO|200043496|0|0|1.0|SET FIJO|FIJO|200011767|0|0|1.0|SET FIJO|FIJO|200043496|0|0|1.0|SET FIJO|FIJO|200043496|0|0|1.0|SET FIJO|FIJO|200011767|0|0|1.0|SET FIJO|FIJO|200043496|0|0|1.0|SET FIJO|FIJO|200011767|0|0|1.0|SET FIJO|FIJO|200043496|0|0|1.0|SET FIJO|FIJO|200043496|0|0|1.0|SET FIJO|FIJO|200011767|0|0|1.0|SET FIJO|FIJO|200011773|1|0|1.0|SET FIJO|FIJO|200043496|0|0|1.0|SET FIJO|FIJO|200011773|1|0|1.0|SET FIJO|FIJO|200043496|0|0|1.0|SET FIJO|FIJO|200011767|0|0|1.0|SET FIJO|FIJO|200011773|1|0|1.0|SET FIJO|FIJO|200043496|0|0|1.0|SET FIJO|FIJO|200011773|1|0|1.0|SET FIJO|FIJO|200043496|0|0|1.0
259,SET FIJO|FIJO|P0067077006|1|0|1.0|SET FIJO|FIJO|P0067077006|1|0|1.0|SET FIJO|FIJO|P0067077006|1|0|1.0|SET FIJO|FIJO|P0210133000|0|0|1.0|SET FIJO|FIJO|P0210133000|0|0|1.0|SET FIJO|FIJO|P0210133000|0|0|1.0|SET FIJO|FIJO|P0210133000|0|0|1.0|SET FIJO|FIJO|P0067077006|1|0|1.0|SET FIJO|FIJO|P0210133000|0|0|1.0|SET FIJO|FIJO|P0210133000|0|0|1.0|SET FIJO|FIJO|P0210133000|0|0|1.0|SET FIJO|FIJO|P0210133000|0|0|1.0|SET FIJO|FIJO|P0210133000|0|0|1.0|SET FIJO|FIJO|P0210133000|0|0|1.0|SET FIJO|FIJO|P0210133000|0|0|1.0|SET FIJO|FIJO|P0067077006|1|0|1.0|SET FIJO|FIJO|P0067077006|1|0|1.0|SET FIJO|FIJO|P0067077006|1|0|1.0|SET FIJO|FIJO|P0067077006|1|0|1.0|SET FIJO|FIJO|P0067077006|1|0|1.0|SET FIJO|FIJO|P0067077006|1|0|1.0|SET FIJO|FIJO|P0067077006|1|0|1.0
260,SET FIJO|FIJO|200101061|0|0|1.0|SET FIJO|FIJO|200116339|1|0|1.0|SET FIJO|FIJO|200116339|1|0|1.0|SET FIJO|FIJO|200116339|1|0|1.0|SET FIJO|FIJO|200116339|1|0|1.0|SET FIJO|FIJO|200116339|1|0|1.0|SET FIJO|FIJO|200116339|1|0|1.0|SET FIJO|FIJO|200116339|1|0|1.0|SET FIJO|FIJO|200116339|1|0|1.0|SET FIJO|FIJO|200116339|1|0|1.0|SET FIJO|FIJO|200101061|0|0|1.0|SET FIJO|FIJO|200116339|1|0|1.0|SET FIJO|FIJO|200116339|1|0|1.0|SET FIJO|FIJO|200101061|0|0|1.0|SET FIJO|FIJO|200101061|0|0|1.0|SET FIJO|FIJO|200116339|1|0|1.0|SET FIJO|FIJO|200101061|0|0|1.0|SET FIJO|FIJO|200101061|0|0|1.0|SET FIJO|FIJO|200101061|0|0|1.0|SET FIJO|FIJO|200101061|0|0|1.0|SET FIJO|FIJO|200101061|0|0|1.0|SET FIJO|FIJO|200101061|0|0|1.0
261,SET FIJO|FIJO|200089499|0|0|1.0|SET FIJO|FIJO|200089499|0|0|1.0|SET FIJO|FIJO|200089499|0|0|1.0|SET FIJO|FIJO|200089499|0|0|1.0|SET FIJO|FIJO|200089499|0|0|1.0|SET FIJO|FIJO|200089499|0|0|1.0|SET FIJO|FIJO|200089499|0|0|1.0|SET FIJO|FIJO|200089499|0|0|1.0|SET FIJO|FIJO|200089499|0|0|1.0|SET FIJO|FIJO|200089499|0|0|1.0|SET FIJO|FIJO|200116339|1|0|1.0|SET FIJO|FIJO|200116339|1|0|1.0|SET FIJO|FIJO|200116339|1|0|1.0|SET FIJO|FIJO|200116339|1|0|1.0|SET FIJO|FIJO|200116339|1|0|1.0|SET FIJO|FIJO|200116339|1|0|1.0|SET FIJO|FIJO|200116339|1|0|1.0|SET FIJO|FIJO|200116339|1|0|1.0|SET FIJO|FIJO|200116339|1|0|1.0|SET FIJO|FIJO|200116339|1|0|1.0|SET FIJO|FIJO|200116339|1|0|1.0|SET FIJO|FIJO|200116339|1|0|1.0|SET FIJO|FIJO|200089499|0|0|1.0
262,SET FIJO|FIJO|200056759|0|0|1.0|SET FIJO|FIJO|200056759|0|0|1.0|SET FIJO|FIJO|200056759|0|0|1.0|SET FIJO|FIJO|200039966|1|0|1.0|SET FIJO|FIJO|200039966|1|0|1.0|SET FIJO|FIJO|200039966|1|0|1.0|SET FIJO|FIJO|200039966|1|0|1.0|SET FIJO|FIJO|200039966|1|0|1.0|SET FIJO|FIJO|200039966|1|0|1.0|SET FIJO|FIJO|200056759|0|0|1.0|SET FIJO|FIJO|200039966|1|0|1.0|SET FIJO|FIJO|200039966|1|0|1.0|SET FIJO|FIJO|200039966|1|0|1.0|SET FIJO|FIJO|200039966|1|0|1.0|SET FIJO|FIJO|200056759|0|0|1.0|SET FIJO|FIJO|200056759|0|0|1.0|SET FIJO|FIJO|200056759|0|0|1.0|SET FIJO|FIJO|200056759|0|0|1.0|SET FIJO|FIJO|200039966|1|0|1.0|SET FIJO|FIJO|200056759|0|0|1.0|SET FIJO|FIJO|200056759|0|0|1.0|SET FIJO|FIJO|200056759|0|0|1.0
263,SET FIJO|FIJO|200099704|0|0|1.0|SET FIJO|FIJO|200099704|0|0|1.0|SET FIJO|FIJO|200079595|1|0|1.0|SET FIJO|FIJO|200079595|1|0|1.0|SET FIJO|FIJO|200099704|0|0|1.0|SET FIJO|FIJO|200079595|1|0|1.0|SET FIJO|FIJO|200079595|1|0|1.0|SET FIJO|FIJO|200079595|1|0|1.0|SET FIJO|FIJO|200079595|1|0|1.0|SET FIJO|FIJO|200079595|1|0|1.0|SET FIJO|FIJO|200079595|1|0|1.0|SET FIJO|FIJO|200079595|1|0|1.0|SET FIJO|FIJO|200099704|0|0|1.0|SET FIJO|FIJO|200099704|0|0|1.0|SET FIJO|FIJO|200099704|0|0|1.0|SET FIJO|FIJO|200099704|0|0|1.0|SET FIJO|FIJO|200079595|1|0|1.0|SET FIJO|FIJO|200099704|0|0|1.0|SET FIJO|FIJO|200099704|0|0|1.0|SET FIJO|FIJO|200099704|0|0|1.0
264,SET FIJO|FIJO|200111352|1|0|1.0|SET FIJO|FIJO|200076632|0|0|1.0|SET FIJO|FIJO|200076632|0|0|1.0|SET FIJO|FIJO|200111352|1|0|1.0|SET FIJO|FIJO|200111352|1|0|1.0|SET FIJO|FIJO|200111352|1|0|1.0|SET FIJO|FIJO|200111352|1|0|1.0|SET FIJO|FIJO|200111352|1|0|1.0|SET FIJO|FIJO|200076632|0|0|1.0|SET FIJO|FIJO|200076632|0|0|1.0|SET FIJO|FIJO|200076632|0|0|1.0|SET FIJO|FIJO|200076632|0|0|1.0|SET FIJO|FIJO|200076632|0|0|1.0|SET FIJO|FIJO|200111352|1|0|1.0|SET FIJO|FIJO|200111352|1|0|1.0|SET FIJO|FIJO|200111352|1|0|1.0|SET FIJO|FIJO|200111352|1|0|1.0|SET FIJO|FIJO|200111352|1|0|1.0|SET FIJO|FIJO|200076632|0|0|1.0|SET FIJO|FIJO|200076632|0|0|1.0|SET FIJO|FIJO|200076632|0|0|1.0|SET FIJO|FIJO|200076632|0|0|1.0|SET FIJO|FIJO|200076632|0|0|1.0
265,SET FIJO|FIJO|200088336|1|0|1.0|SET FIJO|FIJO|200093863|0|0|1.0|SET FIJO|FIJO|200100617|0|0|1.0|SET FIJO|FIJO|200100617|0|0|1.0|SET FIJO|FIJO|200093863|0|0|1.0|SET FIJO|FIJO|200100617|0|0|1.0|SET FIJO|FIJO|200100617|0|0|1.0|SET FIJO|FIJO|200093863|0|0|1.0|SET FIJO|FIJO|200088336|1|0|1.0|SET FIJO|FIJO|200088336|1|0|1.0|SET FIJO|FIJO|200088336|1|0|1.0|SET FIJO|FIJO|200088336|1|0|1.0|SET FIJO|FIJO|200088336|1|0|1.0|SET FIJO|FIJO|200088336|1|0|1.0|SET FIJO|FIJO|200088336|1|0|1.0|SET FIJO|FIJO|200088336|1|0|1.0|SET FIJO|FIJO|200088336|1|0|1.0|SET FIJO|FIJO|200088336|1|0|1.0|SET FIJO|FIJO|200100617|0|0|1.0|SET FIJO|FIJO|200100617|0|0|1.0|SET FIJO|FIJO|200093863|0|0|1.0|SET FIJO|FIJO|200093863|0|0|1.0|SET FIJO|FIJO|200093863|0|0|1.0|SET FIJO|FIJO|200100617|0|0|1.0|SET FIJO|FIJO|200093863|0|0|1.0|SET FIJO|FIJO|200100617|0|0|1.0|SET FIJO|FIJO|200100617|0|0|1.0|SET FIJO|FIJO|200093863|0|0|1.0|SET FIJO|FIJO|200100617|0|0|1.0|SET FIJO|FIJO|200093863|0|0|1.0
266,SET FIJO|FIJO|200084602|1|0|1.0|SET FIJO|FIJO|200092176|0|0|1.0|SET FIJO|FIJO|200090097|0|0|1.0|SET FIJO|FIJO|200084602|1|0|1.0|SET FIJO|FIJO|200090097|0|0|1.0|SET FIJO|FIJO|200092176|0|0|1.0|SET FIJO|FIJO|200090097|0|0|1.0|SET FIJO|FIJO|200090097|0|0|1.0|SET FIJO|FIJO|200084602|1|0|1.0|SET FIJO|FIJO|200084602|1|0|1.0|SET FIJO|FIJO|200084602|1|0|1.0|SET FIJO|FIJO|200084602|1|0|1.0|SET FIJO|FIJO|200090097|0|0|1.0|SET FIJO|FIJO|200090097|0|0|1.0|SET FIJO|FIJO|200084602|1|0|1.0|SET FIJO|FIJO|200084602|1|0|1.0|SET FIJO|FIJO|200084602|1|0|1.0|SET FIJO|FIJO|200090097|0|0|1.0|SET FIJO|FIJO|200084602|1|0|1.0|SET FIJO|FIJO|200092176|0|0|1.0|SET FIJO|FIJO|200090097|0|0|1.0|SET FIJO|FIJO|200092176|0|0|1.0|SET FIJO|FIJO|200092176|0|0|1.0|SET FIJO|FIJO|200090097|0|0|1.0|SET FIJO|FIJO|200092176|0|0|1.0|SET FIJO|FIJO|200084602|1|0|1.0|SET FIJO|FIJO|200092176|0|0|1.0|SET FIJO|FIJO|200092176|0|0|1.0|SET FIJO|FIJO|200090097|0|0|1.0|SET FIJO|FIJO|200092176|0|0|1.0
267,SET FIJO|FIJO|200059276|0|0|1.0|SET FIJO|FIJO|200059276|0|0|1.0|SET FIJO|FIJO|200059276|0|0|1.0|SET FIJO|FIJO|200058349|1|0|1.0|SET FIJO|FIJO|200058349|1|0|1.0|SET FIJO|FIJO|200058349|1|0|1.0|SET FIJO|FIJO|200058349|1|0|1.0|SET FIJO|FIJO|200059276|0|0|1.0|SET FIJO|FIJO|200058349|1|0|1.0|SET FIJO|FIJO|200059276|0|0|1.0|SET FIJO|FIJO|200059276|0|0|1.0|SET FIJO|FIJO|200059276|0|0|1.0|SET FIJO|FIJO|200059276|0|0|1.0|SET FIJO|FIJO|200058349|1|0|1.0|SET FIJO|FIJO|200058349|1|0|1.0|SET FIJO|FIJO|200058349|1|0|1.0|SET FIJO|FIJO|200059276|0|0|1.0|SET FIJO|FIJO|200059276|0|0|1.0|SET FIJO|FIJO|200059276|0|0|1.0|SET FIJO|FIJO|200058349|1|0|1.0|SET FIJO|FIJO|200058349|1|0|1.0|SET FIJO|FIJO|200058349|1|0|1.0|SET FIJO|FIJO|200058349|1|0|1.0
268,SET FIJO|FIJO|200043493|0|0|1.0|SET FIJO|FIJO|200056636|1|0|1.0|SET FIJO|FIJO|200056636|1|0|1.0|SET FIJO|FIJO|200043493|0|0|1.0|SET FIJO|FIJO|200017521|0|0|1.0|SET FIJO|FIJO|200043493|0|0|1.0|SET FIJO|FIJO|200017521|0|0|1.0|SET FIJO|FIJO|200056636|1|0|1.0|SET FIJO|FIJO|200056636|1|0|1.0|SET FIJO|FIJO|200043493|0|0|1.0|SET FIJO|FIJO|200056636|1|0|1.0|SET FIJO|FIJO|200043493|0|0|1.0|SET FIJO|FIJO|200043493|0|0|1.0|SET FIJO|FIJO|200017521|0|0|1.0|SET FIJO|FIJO|200043493|0|0|1.0|SET FIJO|FIJO|200017521|0|0|1.0|SET FIJO|FIJO|200043493|0|0|1.0|SET FIJO|FIJO|200017521|0|0|1.0|SET FIJO|FIJO|200043493|0|0|1.0
269,SET FIJO|FIJO|200043496|0|0|1.0|SET FIJO|FIJO|200011767|0|0|1.0|SET FIJO|FIJO|200043496|0|0|1.0|SET FIJO|FIJO|200043496|0|0|1.0|SET FIJO|FIJO|200069875|1|0|1.0|SET FIJO|FIJO|200011767|0|0|1.0|SET FIJO|FIJO|200043496|0|0|1.0|SET FIJO|FIJO|200069875|1|0|1.0|SET FIJO|FIJO|200011767|0|0|1.0|SET FIJO|FIJO|200043496|0|0|1.0|SET FIJO|FIJO|200043496|0|0|1.0|SET FIJO|FIJO|200011767|0|0|1.0|SET FIJO|FIJO|200069875|1|0|1.0|SET FIJO|FIJO|200043496|0|0|1.0|SET FIJO|FIJO|200043496|0|0|1.0|SET FIJO|FIJO|200011767|0|0|1.0|SET FIJO|FIJO|200069875|1|0|1.0|SET FIJO|FIJO|200069875|1|0|1.0|SET FIJO|FIJO|200069875|1|0|1.0|SET FIJO|FIJO|200043496|0|0|1.0|SET FIJO|FIJO|200069875|1|0|1.0|SET FIJO|FIJO|200069875|1|0|1.0|SET FIJO|FIJO|200043496|0|0|1.0|SET FIJO|FIJO|200069875|1|0|1.0|SET FIJO|FIJO|200069875|1|0|1.0|SET FIJO|FIJO|200069875|1|0|1.0
270,SET FIJO|FIJO|P0210106001|1|0|1.0|SET FIJO|FIJO|P0210106001|1|0|1.0|SET FIJO|FIJO|P0210106001|1|0|1.0|SET FIJO|FIJO|P0292060001|0|0|1.0|SET FIJO|FIJO|P0292060001|0|0|1.0|SET FIJO|FIJO|P0292060001|0|0|1.0|SET FIJO|FIJO|P0210106001|1|0|1.0|SET FIJO|FIJO|P0210106001|1|0|1.0|SET FIJO|FIJO|P0292060001|0|0|1.0|SET FIJO|FIJO|P0292060001|0|0|1.0|SET FIJO|FIJO|P0292060001|0|0|1.0|SET FIJO|FIJO|P0292060001|0|0|1.0|SET FIJO|FIJO|P0292060001|0|0|1.0|SET FIJO|FIJO|P0292060001|0|0|1.0|SET FIJO|FIJO|P0292060001|0|0|1.0|SET FIJO|FIJO|P0210106001|1|0|1.0|SET FIJO|FIJO|P0210106001|1|0|1.0|SET FIJO|FIJO|P0210106001|1|0|1.0|SET FIJO|FIJO|P0210106001|1|0|1.0|SET FIJO|FIJO|P0210106001|1|0|1.0
271,SET FIJO|FIJO|P0210052000|0|0|1.0|SET FIJO|FIJO|P0292107001|1|0|1.0|SET FIJO|FIJO|P0210052000|0|0|1.0|SET FIJO|FIJO|P0210052000|0|0|1.0|SET FIJO|FIJO|P0210052000|0|0|1.0|SET FIJO|FIJO|P0210052000|0|0|1.0|SET FIJO|FIJO|P0210052000|0|0|1.0|SET FIJO|FIJO|P0210052000|0|0|1.0|SET FIJO|FIJO|P0210052000|0|0|1.0|SET FIJO|FIJO|P0292107001|1|0|1.0|SET FIJO|FIJO|P0292107001|1|0|1.0|SET FIJO|FIJO|P0292107001|1|0|1.0|SET FIJO|FIJO|P0210052000|0|0|1.0|SET FIJO|FIJO|P0292107001|1|0|1.0|SET FIJO|FIJO|P0210052000|0|0|1.0|SET FIJO|FIJO|P0292107001|1|0|1.0|SET FIJO|FIJO|P0292107001|1|0|1.0|SET FIJO|FIJO|P0292107001|1|0|1.0|SET FIJO|FIJO|P0292107001|1|0|1.0|SET FIJO|FIJO|P0210052000|0|0|1.0|SET FIJO|FIJO|P0292107001|1|0|1.0|SET FIJO|FIJO|P0292107001|1|0|1.0
272,SET FIJO|FIJO|200046830|1|0|1.0|SET FIJO|FIJO|200046830|1|0|1.0|SET FIJO|FIJO|200046830|1|0|1.0|SET FIJO|FIJO|200046830|1|0|1.0|SET FIJO|FIJO|200046830|1|0|1.0|SET FIJO|FIJO|200046830|1|0|1.0|SET FIJO|FIJO|200046830|1|0|1.0|SET FIJO|FIJO|200046830|1|0|1.0|SET FIJO|FIJO|200058661|0|0|1.0|SET FIJO|FIJO|200046830|1|0|1.0|SET FIJO|FIJO|200046830|1|0|1.0
274,SET VARIABLE|VARIABLE|P0210106001|1|0|1.0|SET VARIABLE|VARIABLE|P0210106001|1|0|1.0|SET VARIABLE|FIJO|P0292060001|0|0|1.0|SET VARIABLE|FIJO|P0292060001|0|0|1.0|SET VARIABLE|FIJO|P0292060001|0|0|1.0|SET VARIABLE|VARIABLE|P0210106001|1|0|1.0|SET VARIABLE|VARIABLE|P0210106001|1|0|1.0|SET VARIABLE|VARIABLE|P0210106001|1|0|1.0|SET VARIABLE|VARIABLE|P0210106001|1|0|1.0|SET VARIABLE|VARIABLE|P0210106001|1|0|1.0|SET VARIABLE|VARIABLE|P0210106001|1|0|1.0|SET VARIABLE|VARIABLE|P0210106001|1|0|1.0|SET VARIABLE|VARIABLE|P0210106001|1|0|1.0|SET VARIABLE|VARIABLE|P0210106001|1|0|1.0|SET VARIABLE|VARIABLE|P0210106001|1|0|1.0|SET VARIABLE|VARIABLE|P0210106001|1|0|1.0|SET VARIABLE|VARIABLE|P0210106001|1|0|1.0|SET VARIABLE|VARIABLE|P0210106001|1|0|1.0|SET VARIABLE|FIJO|P0292060001|0|0|1.0|SET VARIABLE|VARIABLE|P0210106001|1|0|1.0|SET VARIABLE|VARIABLE|P0210106001|1|0|1.0|SET VARIABLE|VARIABLE|P0210106001|1|0|1.0|SET VARIABLE|FIJO|P0292060001|0|0|1.0|SET VARIABLE|FIJO|P0292060001|0|0|1.0|SET VARIABLE|FIJO|P0292060001|0|0|1.0|SET VARIABLE|FIJO|P0292060001|0|0|1.0|SET VARIABLE|FIJO|P0292060001|0|0|1.0|SET VARIABLE|FIJO|P0292060001|0|0|1.0|SET VARIABLE|VARIABLE|P0210106001|1|0|1.0|SET VARIABLE|VARIABLE|P0210106001|1|0|1.0
275,SET VARIABLE|VARIABLE|P0292107001|1|0|1.0|SET VARIABLE|VARIABLE|P0292107001|1|0|1.0|SET VARIABLE|VARIABLE|P0292107001|1|0|1.0|SET VARIABLE|VARIABLE|P0292107001|1|0|1.0|SET VARIABLE|FIJO|P0210052000|0|0|1.0|SET VARIABLE|FIJO|P0210052000|0|0|1.0|SET VARIABLE|FIJO|P0210052000|0|0|1.0|SET VARIABLE|FIJO|P0210052000|0|0|1.0|SET VARIABLE|FIJO|P0210052000|0|0|1.0|SET VARIABLE|VARIABLE|P0292107001|1|0|1.0|SET VARIABLE|VARIABLE|P0292107001|1|0|1.0|SET VARIABLE|VARIABLE|P0292107001|1|0|1.0|SET VARIABLE|VARIABLE|P0292107001|1|0|1.0|SET VARIABLE|VARIABLE|P0292107001|1|0|1.0|SET VARIABLE|VARIABLE|P0292107001|1|0|1.0|SET VARIABLE|VARIABLE|P0292107001|1|0|1.0|SET VARIABLE|VARIABLE|P0292107001|1|0|1.0|SET VARIABLE|FIJO|P0210052000|0|0|1.0|SET VARIABLE|FIJO|P0210052000|0|0|1.0|SET VARIABLE|FIJO|P0210052000|0|0|1.0|SET VARIABLE|VARIABLE|P0292107001|1|0|1.0|SET VARIABLE|VARIABLE|P0292107001|1|0|1.0|SET VARIABLE|FIJO|P0210052000|0|0|1.0|SET VARIABLE|FIJO|P0210052000|0|0|1.0|SET VARIABLE|VARIABLE|P0292107001|1|0|1.0|SET VARIABLE|VARIABLE|P0292107001|1|0|1.0|SET VARIABLE|FIJO|P0210052000|0|0|1.0|SET VARIABLE|VARIABLE|P0292107001|1|0|1.0|SET VARIABLE|VARIABLE|P0292107001|1|0|1.0|SET VARIABLE|VARIABLE|P0292107001|1|0|1.0|SET VARIABLE|VARIABLE|P0292107001|1|0|1.0|SET VARIABLE|VARIABLE|P0292107001|1|0|1.0|SET VARIABLE|VARIABLE|P0292107001|1|0|1.0
276,SET VARIABLE|VARIABLE|P0210106001|1|0|1.0|SET VARIABLE|FIJO|P0292060001|0|0|1.0|SET VARIABLE|VARIABLE|P0210106001|1|0|1.0|SET VARIABLE|VARIABLE|P0210106001|1|0|1.0|SET VARIABLE|VARIABLE|P0210106001|1|0|1.0|SET VARIABLE|VARIABLE|P0210106001|1|0|1.0|SET VARIABLE|VARIABLE|P0210106001|1|0|1.0|SET VARIABLE|VARIABLE|P0210106001|1|0|1.0|SET VARIABLE|VARIABLE|P0210106001|1|0|1.0|SET VARIABLE|VARIABLE|P0210106001|1|0|1.0|SET VARIABLE|VARIABLE|P0210106001|1|0|1.0|SET VARIABLE|VARIABLE|P0210106001|1|0|1.0|SET VARIABLE|VARIABLE|P0210106001|1|0|1.0|SET VARIABLE|VARIABLE|P0210106001|1|0|1.0|SET VARIABLE|VARIABLE|P0210106001|1|0|1.0|SET VARIABLE|VARIABLE|P0210106001|1|0|1.0|SET VARIABLE|VARIABLE|P0210106001|1|0|1.0|SET VARIABLE|VARIABLE|P0210106001|1|0|1.0|SET VARIABLE|VARIABLE|P0210106001|1|0|1.0|SET VARIABLE|FIJO|P0292060001|0|0|1.0|SET VARIABLE|VARIABLE|P0210106001|1|0|1.0|SET VARIABLE|VARIABLE|P0210106001|1|0|1.0|SET VARIABLE|FIJO|P0292060001|0|0|1.0|SET VARIABLE|FIJO|P0292060001|0|0|1.0|SET VARIABLE|FIJO|P0292060001|0|0|1.0|SET VARIABLE|FIJO|P0292060001|0|0|1.0|SET VARIABLE|FIJO|P0292060001|0|0|1.0|SET VARIABLE|FIJO|P0292060001|0|0|1.0|SET VARIABLE|FIJO|P0292060001|0|0|1.0|SET VARIABLE|FIJO|P0292060001|0|0|1.0
277,SET VARIABLE|VARIABLE|P0210106001|1|0|1.0|SET VARIABLE|FIJO|P0292060001|0|0|1.0|SET VARIABLE|VARIABLE|P0210106001|1|0|1.0|SET VARIABLE|VARIABLE|P0210106001|1|0|1.0|SET VARIABLE|VARIABLE|P0210106001|1|0|1.0|SET VARIABLE|VARIABLE|P0210106001|1|0|1.0|SET VARIABLE|VARIABLE|P0210106001|1|0|1.0|SET VARIABLE|VARIABLE|P0210106001|1|0|1.0|SET VARIABLE|VARIABLE|P0210106001|1|0|1.0|SET VARIABLE|VARIABLE|P0210106001|1|0|1.0|SET VARIABLE|VARIABLE|P0210106001|1|0|1.0|SET VARIABLE|VARIABLE|P0210106001|1|0|1.0|SET VARIABLE|VARIABLE|P0210106001|1|0|1.0|SET VARIABLE|VARIABLE|P0210106001|1|0|1.0|SET VARIABLE|VARIABLE|P0210106001|1|0|1.0|SET VARIABLE|VARIABLE|P0210106001|1|0|1.0|SET VARIABLE|VARIABLE|P0210106001|1|0|1.0|SET VARIABLE|VARIABLE|P0210106001|1|0|1.0|SET VARIABLE|VARIABLE|P0210106001|1|0|1.0|SET VARIABLE|FIJO|P0292060001|0|0|1.0|SET VARIABLE|FIJO|P0292060001|0|0|1.0|SET VARIABLE|VARIABLE|P0210106001|1|0|1.0|SET VARIABLE|VARIABLE|P0210106001|1|0|1.0|SET VARIABLE|FIJO|P0292060001|0|0|1.0|SET VARIABLE|FIJO|P0292060001|0|0|1.0|SET VARIABLE|FIJO|P0292060001|0|0|1.0|SET VARIABLE|FIJO|P0292060001|0|0|1.0|SET VARIABLE|FIJO|P0292060001|0|0|1.0|SET VARIABLE|FIJO|P0292060001|0|0|1.0|SET VARIABLE|FIJO|P0292060001|0|0|1.0
278,SET VARIABLE|VARIABLE|P0210106001|1|0|1.0|SET VARIABLE|VARIABLE|P0210106001|1|0|1.0|SET VARIABLE|VARIABLE|P0210106001|1|0|1.0|SET VARIABLE|VARIABLE|P0210106001|1|0|1.0|SET VARIABLE|FIJO|P0292060001|0|0|1.0|SET VARIABLE|FIJO|P0292060001|0|0|1.0|SET VARIABLE|VARIABLE|P0210106001|1|0|1.0|SET VARIABLE|VARIABLE|P0210106001|1|0|1.0|SET VARIABLE|VARIABLE|P0210106001|1|0|1.0|SET VARIABLE|VARIABLE|P0210106001|1|0|1.0|SET VARIABLE|VARIABLE|P0210106001|1|0|1.0|SET VARIABLE|VARIABLE|P0210106001|1|0|1.0|SET VARIABLE|FIJO|P0292060001|0|0|1.0|SET VARIABLE|FIJO|P0292060001|0|0|1.0|SET VARIABLE|FIJO|P0292060001|0|0|1.0|SET VARIABLE|FIJO|P0292060001|0|0|1.0|SET VARIABLE|FIJO|P0292060001|0|0|1.0|SET VARIABLE|FIJO|P0292060001|0|0|1.0|SET VARIABLE|FIJO|P0292060001|0|0|1.0|SET VARIABLE|FIJO|P0292060001|0|0|1.0|SET VARIABLE|VARIABLE|P0210106001|1|0|1.0|SET VARIABLE|VARIABLE|P0210106001|1|0|1.0|SET VARIABLE|VARIABLE|P0210106001|1|0|1.0|SET VARIABLE|VARIABLE|P0210106001|1|0|1.0|SET VARIABLE|VARIABLE|P0210106001|1|0|1.0|SET VARIABLE|VARIABLE|P0210106001|1|0|1.0|SET VARIABLE|VARIABLE|P0210106001|1|0|1.0|SET VARIABLE|VARIABLE|P0210106001|1|0|1.0|SET VARIABLE|VARIABLE|P0210106001|1|0|1.0|SET VARIABLE|VARIABLE|P0210106001|1|0|1.0
279,SET VARIABLE|VARIABLE|P0210106001|1|0|1.0|SET VARIABLE|VARIABLE|P0210106001|1|0|1.0|SET VARIABLE|VARIABLE|P0210106001|1|0|1.0|SET VARIABLE|VARIABLE|P0210106001|1|0|1.0|SET VARIABLE|VARIABLE|P0210106001|1|0|1.0|SET VARIABLE|VARIABLE|P0210106001|1|0|1.0|SET VARIABLE|FIJO|P0292060001|0|0|1.0|SET VARIABLE|FIJO|P0292060001|0|0|1.0|SET VARIABLE|FIJO|P0292060001|0|0|1.0|SET VARIABLE|VARIABLE|P0210106001|1|0|1.0|SET VARIABLE|VARIABLE|P0210106001|1|0|1.0|SET VARIABLE|VARIABLE|P0210106001|1|0|1.0|SET VARIABLE|FIJO|P0292060001|0|0|1.0|SET VARIABLE|VARIABLE|P0210106001|1|0|1.0|SET VARIABLE|VARIABLE|P0210106001|1|0|1.0|SET VARIABLE|VARIABLE|P0210106001|1|0|1.0|SET VARIABLE|VARIABLE|P0210106001|1|0|1.0|SET VARIABLE|VARIABLE|P0210106001|1|0|1.0|SET VARIABLE|VARIABLE|P0210106001|1|0|1.0|SET VARIABLE|FIJO|P0292060001|0|0|1.0|SET VARIABLE|FIJO|P0292060001|0|0|1.0|SET VARIABLE|FIJO|P0292060001|0|0|1.0|SET VARIABLE|FIJO|P0292060001|0|0|1.0|SET VARIABLE|FIJO|P0292060001|0|0|1.0|SET VARIABLE|FIJO|P0292060001|0|0|1.0|SET VARIABLE|VARIABLE|P0210106001|1|0|1.0|SET VARIABLE|VARIABLE|P0210106001|1|0|1.0|SET VARIABLE|VARIABLE|P0210106001|1|0|1.0|SET VARIABLE|VARIABLE|P0210106001|1|0|1.0|SET VARIABLE|VARIABLE|P0210106001|1|0|1.0|SET VARIABLE|VARIABLE|P0210106001|1|0|1.0|SET VARIABLE|VARIABLE|P0210106001|1|0|1.0|SET VARIABLE|VARIABLE|P0210106001|1|0|1.0|SET VARIABLE|VARIABLE|P0210106001|1|0|1.0|SET VARIABLE|VARIABLE|P0210106001|1|0|1.0|SET VARIABLE|VARIABLE|P0210106001|1|0|1.0|SET VARIABLE|VARIABLE|P0210106001|1|0|1.0|SET VARIABLE|VARIABLE|P0210106001|1|0|1.0|SET VARIABLE|VARIABLE|P0210106001|1|0|1.0|SET VARIABLE|VARIABLE|P0210106001|1|0|1.0
280,SET VARIABLE|VARIABLE|P0292107001|1|0|1.0|SET VARIABLE|VARIABLE|P0292107001|1|0|1.0|SET VARIABLE|VARIABLE|P0292107001|1|0|1.0|SET VARIABLE|VARIABLE|P0292107001|1|0|1.0|SET VARIABLE|VARIABLE|P0292107001|1|0|1.0|SET VARIABLE|FIJO|P0210052000|0|0|1.0|SET VARIABLE|FIJO|P0210052000|0|0|1.0|SET VARIABLE|VARIABLE|P0292107001|1|0|1.0|SET VARIABLE|VARIABLE|P0292107001|1|0|1.0|SET VARIABLE|VARIABLE|P0292107001|1|0|1.0|SET VARIABLE|VARIABLE|P0292107001|1|0|1.0|SET VARIABLE|VARIABLE|P0292107001|1|0|1.0|SET VARIABLE|VARIABLE|P0292107001|1|0|1.0|SET VARIABLE|VARIABLE|P0292107001|1|0|1.0|SET VARIABLE|VARIABLE|P0292107001|1|0|1.0|SET VARIABLE|VARIABLE|P0292107001|1|0|1.0|SET VARIABLE|VARIABLE|P0292107001|1|0|1.0|SET VARIABLE|VARIABLE|P0292107001|1|0|1.0|SET VARIABLE|FIJO|P0210052000|0|0|1.0|SET VARIABLE|VARIABLE|P0292107001|1|0|1.0|SET VARIABLE|VARIABLE|P0292107001|1|0|1.0|SET VARIABLE|VARIABLE|P0292107001|1|0|1.0|SET VARIABLE|VARIABLE|P0292107001|1|0|1.0|SET VARIABLE|VARIABLE|P0292107001|1|0|1.0|SET VARIABLE|VARIABLE|P0292107001|1|0|1.0|SET VARIABLE|VARIABLE|P0292107001|1|0|1.0|SET VARIABLE|VARIABLE|P0292107001|1|0|1.0|SET VARIABLE|VARIABLE|P0292107001|1|0|1.0|SET VARIABLE|FIJO|P0210052000|0|0|1.0|SET VARIABLE|FIJO|P0210052000|0|0|1.0|SET VARIABLE|FIJO|P0210052000|0|0|1.0|SET VARIABLE|FIJO|P0210052000|0|0|1.0|SET VARIABLE|FIJO|P0210052000|0|0|1.0|SET VARIABLE|FIJO|P0210052000|0|0|1.0|SET VARIABLE|VARIABLE|P0292107001|1|0|1.0|SET VARIABLE|VARIABLE|P0292107001|1|0|1.0|SET VARIABLE|VARIABLE|P0292107001|1|0|1.0|SET VARIABLE|VARIABLE|P0292107001|1|0|1.0|SET VARIABLE|VARIABLE|P0292107001|1|0|1.0|SET VARIABLE|VARIABLE|P0292107001|1|0|1.0|SET VARIABLE|VARIABLE|P0292107001|1|0|1.0|SET VARIABLE|FIJO|P0210052000|0|0|1.0|SET VARIABLE|VARIABLE|P0292107001|1|0|1.0|SET VARIABLE|VARIABLE|P0292107001|1|0|1.0|SET VARIABLE|VARIABLE|P0292107001|1|0|1.0|SET VARIABLE|VARIABLE|P0292107001|1|0|1.0|SET VARIABLE|VARIABLE|P0292107001|1|0|1.0|SET VARIABLE|VARIABLE|P0292107001|1|0|1.0|SET VARIABLE|VARIABLE|P0292107001|1|0|1.0|SET VARIABLE|VARIABLE|P0292107001|1|0|1.0|SET VARIABLE|VARIABLE|P0292107001|1|0|1.0|SET VARIABLE|FIJO|P0210052000|0|0|1.0|SET VARIABLE|VARIABLE|P0292107001|1|0|1.0|SET VARIABLE|VARIABLE|P0292107001|1|0|1.0|SET VARIABLE|VARIABLE|P0292107001|1|0|1.0
281,SET VARIABLE|VARIABLE|P0292107001|1|0|1.0|SET VARIABLE|VARIABLE|P0292107001|1|0|1.0|SET VARIABLE|VARIABLE|P0292107001|1|0|1.0|SET VARIABLE|VARIABLE|P0292107001|1|0|1.0|SET VARIABLE|VARIABLE|P0292107001|1|0|1.0|SET VARIABLE|VARIABLE|P0292107001|1|0|1.0|SET VARIABLE|VARIABLE|P0292107001|1|0|1.0|SET VARIABLE|VARIABLE|P0292107001|1|0|1.0|SET VARIABLE|VARIABLE|P0292107001|1|0|1.0|SET VARIABLE|VARIABLE|P0292107001|1|0|1.0|SET VARIABLE|FIJO|P0210052000|0|0|1.0|SET VARIABLE|VARIABLE|P0292107001|1|0|1.0|SET VARIABLE|VARIABLE|P0292107001|1|0|1.0|SET VARIABLE|VARIABLE|P0292107001|1|0|1.0|SET VARIABLE|VARIABLE|P0292107001|1|0|1.0|SET VARIABLE|VARIABLE|P0292107001|1|0|1.0|SET VARIABLE|FIJO|P0210052000|0|0|1.0|SET VARIABLE|FIJO|P0210052000|0|0|1.0|SET VARIABLE|FIJO|P0210052000|0|0|1.0|SET VARIABLE|FIJO|P0210052000|0|0|1.0|SET VARIABLE|VARIABLE|P0292107001|1|0|1.0|SET VARIABLE|VARIABLE|P0292107001|1|0|1.0|SET VARIABLE|VARIABLE|P0292107001|1|0|1.0|SET VARIABLE|VARIABLE|P0292107001|1|0|1.0|SET VARIABLE|VARIABLE|P0292107001|1|0|1.0|SET VARIABLE|VARIABLE|P0292107001|1|0|1.0|SET VARIABLE|VARIABLE|P0292107001|1|0|1.0|SET VARIABLE|FIJO|P0210052000|0|0|1.0|SET VARIABLE|FIJO|P0210052000|0|0|1.0|SET VARIABLE|FIJO|P0210052000|0|0|1.0|SET VARIABLE|VARIABLE|P0292107001|1|0|1.0|SET VARIABLE|VARIABLE|P0292107001|1|0|1.0|SET VARIABLE|VARIABLE|P0292107001|1|0|1.0|SET VARIABLE|FIJO|P0210052000|0|0|1.0|SET VARIABLE|VARIABLE|P0292107001|1|0|1.0|SET VARIABLE|VARIABLE|P0292107001|1|0|1.0|SET VARIABLE|VARIABLE|P0292107001|1|0|1.0|SET VARIABLE|VARIABLE|P0292107001|1|0|1.0|SET VARIABLE|VARIABLE|P0292107001|1|0|1.0|SET VARIABLE|VARIABLE|P0292107001|1|0|1.0|SET VARIABLE|FIJO|P0210052000|0|0|1.0|SET VARIABLE|VARIABLE|P0292107001|1|0|1.0|SET VARIABLE|VARIABLE|P0292107001|1|0|1.0|SET VARIABLE|VARIABLE|P0292107001|1|0|1.0|SET VARIABLE|VARIABLE|P0292107001|1|0|1.0|SET VARIABLE|VARIABLE|P0292107001|1|0|1.0|SET VARIABLE|VARIABLE|P0292107001|1|0|1.0|SET VARIABLE|VARIABLE|P0292107001|1|0|1.0|SET VARIABLE|VARIABLE|P0292107001|1|0|1.0|SET VARIABLE|VARIABLE|P0292107001|1|0|1.0|SET VARIABLE|VARIABLE|P0292107001|1|0|1.0|SET VARIABLE|VARIABLE|P0292107001|1|0|1.0|SET VARIABLE|VARIABLE|P0292107001|1|0|1.0|SET VARIABLE|VARIABLE|P0292107001|1|0|1.0|SET VARIABLE|VARIABLE|P0292107001|1|0|1.0|SET VARIABLE|VARIABLE|P0292107001|1|0|1.0|SET VARIABLE|VARIABLE|P0292107001|1|0|1.0|SET VARIABLE|VARIABLE|P0292107001|1|0|1.0|SET VARIABLE|VARIABLE|P0292107001|1|0|1.0|SET VARIABLE|VARIABLE|P0292107001|1|0|1.0|SET VARIABLE|FIJO|P0210052000|0|0|1.0|SET VARIABLE|VARIABLE|P0292107001|1|0|1.0|SET VARIABLE|VARIABLE|P0292107001|1|0|1.0|SET VARIABLE|VARIABLE|P0292107001|1|0|1.0|SET VARIABLE|VARIABLE|P0292107001|1|0|1.0|SET VARIABLE|VARIABLE|P0292107001|1|0|1.0
284,PROMOCIÓN INDIVIDUAL|FIJO|200012014|1|0|1.0|PROMOCIÓN INDIVIDUAL|FIJO|200012014|1|0|1.0|PROMOCIÓN INDIVIDUAL|FIJO|200012014|1|0|1.0|PROMOCIÓN INDIVIDUAL|FIJO|200012014|1|0|1.0|PROMOCIÓN INDIVIDUAL|FIJO|200012014|1|0|1.0|PROMOCIÓN INDIVIDUAL|FIJO|200012014|1|0|1.0|PROMOCIÓN INDIVIDUAL|FIJO|200012014|1|0|1.0|PROMOCIÓN INDIVIDUAL|FIJO|200012014|1|0|1.0|PROMOCIÓN INDIVIDUAL|FIJO|200012014|1|0|1.0|PROMOCIÓN INDIVIDUAL|FIJO|200012014|1|0|1.0|PROMOCIÓN INDIVIDUAL|FIJO|200012014|1|0|1.0
285,PROMOCIÓN INDIVIDUAL|VARIABLE|200056815|1|0|1.0|PROMOCIÓN INDIVIDUAL|VARIABLE|200056815|1|0|1.0|PROMOCIÓN INDIVIDUAL|VARIABLE|200056815|1|0|1.0|PROMOCIÓN INDIVIDUAL|VARIABLE|200102820|1|0|1.0|PROMOCIÓN INDIVIDUAL|VARIABLE|200102820|1|0|1.0|PROMOCIÓN INDIVIDUAL|VARIABLE|200116631|1|0|1.0|PROMOCIÓN INDIVIDUAL|VARIABLE|200116631|1|0|1.0|PROMOCIÓN INDIVIDUAL|VARIABLE|200116632|1|0|1.0|PROMOCIÓN INDIVIDUAL|VARIABLE|200116632|1|0|1.0|PROMOCIÓN INDIVIDUAL|VARIABLE|200116632|1|0|1.0|PROMOCIÓN INDIVIDUAL|VARIABLE|200116632|1|0|1.0|PROMOCIÓN INDIVIDUAL|VARIABLE|200116632|1|0|1.0|PROMOCIÓN INDIVIDUAL|VARIABLE|200116631|1|0|1.0|PROMOCIÓN INDIVIDUAL|VARIABLE|200116632|1|0|1.0|PROMOCIÓN INDIVIDUAL|VARIABLE|200116632|1|0|1.0|PROMOCIÓN INDIVIDUAL|VARIABLE|200116631|1|0|1.0|PROMOCIÓN INDIVIDUAL|VARIABLE|200116632|1|0|1.0|PROMOCIÓN INDIVIDUAL|VARIABLE|200116632|1|0|1.0|PROMOCIÓN INDIVIDUAL|VARIABLE|200116631|1|0|1.0|PROMOCIÓN INDIVIDUAL|VARIABLE|200116631|1|0|1.0|PROMOCIÓN INDIVIDUAL|VARIABLE|200116631|1|0|1.0|PROMOCIÓN INDIVIDUAL|VARIABLE|200116631|1|0|1.0|PROMOCIÓN INDIVIDUAL|VARIABLE|200116631|1|0|1.0|PROMOCIÓN INDIVIDUAL|VARIABLE|200116632|1|0|1.0|PROMOCIÓN INDIVIDUAL|VARIABLE|200116631|1|0|1.0|PROMOCIÓN INDIVIDUAL|VARIABLE|200116631|1|0|1.0|PROMOCIÓN INDIVIDUAL|VARIABLE|200116632|1|0|1.0|PROMOCIÓN INDIVIDUAL|VARIABLE|200056815|1|0|1.0|PROMOCIÓN INDIVIDUAL|VARIABLE|200056815|1|0|1.0|PROMOCIÓN INDIVIDUAL|VARIABLE|200056815|1|0|1.0|PROMOCIÓN INDIVIDUAL|VARIABLE|200056815|1|0|1.0|PROMOCIÓN INDIVIDUAL|VARIABLE|200102820|1|0|1.0|PROMOCIÓN INDIVIDUAL|VARIABLE|200102820|1|0|1.0|PROMOCIÓN INDIVIDUAL|VARIABLE|200056815|1|0|1.0|PROMOCIÓN INDIVIDUAL|VARIABLE|200102820|1|0|1.0|PROMOCIÓN INDIVIDUAL|VARIABLE|200102820|1|0|1.0|PROMOCIÓN INDIVIDUAL|VARIABLE|200056815|1|0|1.0|PROMOCIÓN INDIVIDUAL|VARIABLE|200102820|1|0|1.0|PROMOCIÓN INDIVIDUAL|VARIABLE|200056815|1|0|1.0|PROMOCIÓN INDIVIDUAL|VARIABLE|200102820|1|0|1.0|PROMOCIÓN INDIVIDUAL|VARIABLE|200056815|1|0|1.0|PROMOCIÓN INDIVIDUAL|VARIABLE|200102820|1|0|1.0|PROMOCIÓN INDIVIDUAL|VARIABLE|200056815|1|0|1.0
286,VOLUMEN|FIJO|P0210060001|1|0|2.0|VOLUMEN|FIJO|P0210060001|1|0|2.0|VOLUMEN|FIJO|P0210060001|1|0|2.0|VOLUMEN|FIJO|P0210060001|1|0|2.0|VOLUMEN|FIJO|P0210060001|1|0|2.0|VOLUMEN|FIJO|P0210060001|1|0|2.0|VOLUMEN|FIJO|P0210060001|1|0|2.0|VOLUMEN|FIJO|P0210060001|1|0|2.0|VOLUMEN|FIJO|P0210060001|1|0|2.0|VOLUMEN|FIJO|P0210060001|1|0|2.0
287,VOLUMEN|FIJO|P0210060001|1|0|2.0|VOLUMEN|FIJO|P0210060001|1|0|2.0|VOLUMEN|FIJO|P0210060001|1|0|2.0|VOLUMEN|FIJO|P0210060001|1|0|2.0|VOLUMEN|FIJO|P0210060001|1|0|2.0|VOLUMEN|FIJO|P0210060001|1|0|2.0|VOLUMEN|FIJO|P0210060001|1|0|2.0|VOLUMEN|FIJO|P0210060001|1|0|2.0|VOLUMEN|FIJO|P0210060001|1|0|2.0|VOLUMEN|FIJO|P0210060001|1|0|2.0
288,VOLUMEN|FIJO|P0210060001|1|0|2.0|VOLUMEN|FIJO|P0210060001|1|0|2.0|VOLUMEN|FIJO|P0210060001|1|0|2.0|VOLUMEN|FIJO|P0210060001|1|0|2.0|VOLUMEN|FIJO|P0210060001|1|0|2.0|VOLUMEN|FIJO|P0210060001|1|0|2.0|VOLUMEN|FIJO|P0210060001|1|0|2.0|VOLUMEN|FIJO|P0210060001|1|0|2.0|VOLUMEN|FIJO|P0210060001|1|0|2.0|VOLUMEN|FIJO|P0210060001|1|0|2.0|VOLUMEN|FIJO|P0210060001|1|0|2.0|VOLUMEN|FIJO|P0210060001|1|0|2.0
289,VOLUMEN|FIJO|P0210060001|1|0|2.0|VOLUMEN|FIJO|P0210060001|1|0|2.0|VOLUMEN|FIJO|P0210060001|1|0|2.0|VOLUMEN|FIJO|P0210060001|1|0|2.0|VOLUMEN|FIJO|P0210060001|1|0|2.0|VOLUMEN|FIJO|P0210060001|1|0|2.0|VOLUMEN|FIJO|P0210060001|1|0|2.0|VOLUMEN|FIJO|P0210060001|1|0|2.0|VOLUMEN|FIJO|P0210060001|1|0|2.0|VOLUMEN|FIJO|P0210060001|1|0|2.0|VOLUMEN|FIJO|P0210060001|1|0|2.0|VOLUMEN|FIJO|P0210060001|1|0|2.0
290,VOLUMEN|FIJO|P0210060001|1|0|2.0|VOLUMEN|FIJO|P0210060001|1|0|2.0|VOLUMEN|FIJO|P0210060001|1|0|2.0|VOLUMEN|FIJO|P0210060001|1|0|2.0|VOLUMEN|FIJO|P0210060001|1|0|2.0|VOLUMEN|FIJO|P0210060001|1|0|2.0|VOLUMEN|FIJO|P0210060001|1|0|2.0|VOLUMEN|FIJO|P0210060001|1|0|2.0|VOLUMEN|FIJO|P0210060001|1|0|2.0|VOLUMEN|FIJO|P0210060001|1|0|2.0|VOLUMEN|FIJO|P0210060001|1|0|2.0|VOLUMEN|FIJO|P0210060001|1|0|2.0
291,VOLUMEN|FIJO|P0210060001|1|0|2.0|VOLUMEN|FIJO|P0210060001|1|0|2.0|VOLUMEN|FIJO|P0210060001|1|0|2.0|VOLUMEN|FIJO|P0210060001|1|0|2.0|VOLUMEN|FIJO|P0210060001|1|0|2.0|VOLUMEN|FIJO|P0210060001|1|0|2.0|VOLUMEN|FIJO|P0210060001|1|0|2.0|VOLUMEN|FIJO|P0210060001|1|0|2.0|VOLUMEN|FIJO|P0210060001|1|0|2.0|VOLUMEN|FIJO|P0210060001|1|0|2.0|VOLUMEN|FIJO|P0210060001|1|0|2.0|VOLUMEN|FIJO|P0210060001|1|0|2.0
292,VOLUMEN|FIJO|P0210060001|1|0|2.0|VOLUMEN|FIJO|P0210060001|1|0|2.0|VOLUMEN|FIJO|P0210060001|1|0|2.0|VOLUMEN|FIJO|P0210060001|1|0|2.0|VOLUMEN|FIJO|P0210060001|1|0|2.0|VOLUMEN|FIJO|P0210060001|1|0|2.0|VOLUMEN|FIJO|P0210060001|1|0|2.0|VOLUMEN|FIJO|P0210060001|1|0|2.0|VOLUMEN|FIJO|P0210060001|1|0|2.0|VOLUMEN|FIJO|P0210060001|1|0|2.0|VOLUMEN|FIJO|P0210060001|1|0|2.0|VOLUMEN|FIJO|P0210060001|1|0|2.0
293,VOLUMEN|FIJO|P0210060001|1|0|2.0|VOLUMEN|FIJO|P0210060001|1|0|2.0|VOLUMEN|FIJO|P0210060001|1|0|2.0|VOLUMEN|FIJO|P0210060001|1|0|2.0|VOLUMEN|FIJO|P0210060001|1|0|2.0|VOLUMEN|FIJO|P0210060001|1|0|2.0|VOLUMEN|FIJO|P0210060001|1|0|2.0|VOLUMEN|FIJO|P0210060001|1|0|2.0|VOLUMEN|FIJO|P0210060001|1|0|2.0|VOLUMEN|FIJO|P0210060001|1|0|2.0
294,VOLUMEN|FIJO|P0210065001|1|0|2.0|VOLUMEN|FIJO|P0210065001|1|0|2.0|VOLUMEN|FIJO|P0210065001|1|0|2.0|VOLUMEN|FIJO|P0210065001|1|0|2.0|VOLUMEN|FIJO|P0210065001|1|0|2.0|VOLUMEN|FIJO|P0210065001|1|0|2.0|VOLUMEN|FIJO|P0210065001|1|0|2.0|VOLUMEN|FIJO|P0210065001|1|0|2.0|VOLUMEN|FIJO|P0210065001|1|0|2.0|VOLUMEN|FIJO|P0210065001|1|0|2.0
295,VOLUMEN|FIJO|P0210065001|1|0|2.0|VOLUMEN|FIJO|P0210065001|1|0|2.0|VOLUMEN|FIJO|P0210065001|1|0|2.0|VOLUMEN|FIJO|P0210065001|1|0|2.0|VOLUMEN|FIJO|P0210065001|1|0|2.0|VOLUMEN|FIJO|P0210065001|1|0|2.0|VOLUMEN|FIJO|P0210065001|1|0|2.0|VOLUMEN|FIJO|P0210065001|1|0|2.0|VOLUMEN|FIJO|P0210065001|1|0|2.0|VOLUMEN|FIJO|P0210065001|1|0|2.0
296,VOLUMEN|FIJO|P0210060001|1|0|2.0|VOLUMEN|FIJO|P0210060001|1|0|2.0|VOLUMEN|FIJO|P0210060001|1|0|2.0|VOLUMEN|FIJO|P0210060001|1|0|2.0|VOLUMEN|FIJO|P0210060001|1|0|2.0|VOLUMEN|FIJO|P0210060001|1|0|2.0|VOLUMEN|FIJO|P0210060001|1|0|2.0|VOLUMEN|FIJO|P0210060001|1|0|2.0|VOLUMEN|FIJO|P0210060001|1|0|2.0|VOLUMEN|FIJO|P0210060001|1|0|2.0
297,VOLUMEN|FIJO|P0210060001|1|0|2.0|VOLUMEN|FIJO|P0210060001|1|0|2.0|VOLUMEN|FIJO|P0210060001|1|0|2.0|VOLUMEN|FIJO|P0210060001|1|0|2.0|VOLUMEN|FIJO|P0210060001|1|0|2.0|VOLUMEN|FIJO|P0210060001|1|0|2.0|VOLUMEN|FIJO|P0210060001|1|0|2.0|VOLUMEN|FIJO|P0210060001|1|0|2.0|VOLUMEN|FIJO|P0210060001|1|0|2.0|VOLUMEN|FIJO|P0210060001|1|0|2.0
298,VOLUMEN|FIJO|P0210065001|1|0|2.0|VOLUMEN|FIJO|P0210065001|1|0|2.0|VOLUMEN|FIJO|P0210065001|1|0|2.0|VOLUMEN|FIJO|P0210065001|1|0|2.0|VOLUMEN|FIJO|P0210065001|1|0|2.0|VOLUMEN|FIJO|P0210065001|1|0|2.0|VOLUMEN|FIJO|P0210065001|1|0|2.0|VOLUMEN|FIJO|P0210065001|1|0|2.0|VOLUMEN|FIJO|P0210065001|1|0|2.0|VOLUMEN|FIJO|P0210065001|1|0|2.0|VOLUMEN|FIJO|P0210065001|1|0|2.0
299,VOLUMEN|FIJO|P0210065001|1|0|2.0|VOLUMEN|FIJO|P0210065001|1|0|2.0|VOLUMEN|FIJO|P0210065001|1|0|2.0|VOLUMEN|FIJO|P0210065001|1|0|2.0|VOLUMEN|FIJO|P0210065001|1|0|2.0|VOLUMEN|FIJO|P0210065001|1|0|2.0|VOLUMEN|FIJO|P0210065001|1|0|2.0|VOLUMEN|FIJO|P0210065001|1|0|2.0|VOLUMEN|FIJO|P0210065001|1|0|2.0|VOLUMEN|FIJO|P0210065001|1|0|2.0|VOLUMEN|FIJO|P0210065001|1|0|2.0
300,VOLUMEN|FIJO|P0210065001|1|0|2.0|VOLUMEN|FIJO|P0210065001|1|0|2.0|VOLUMEN|FIJO|P0210065001|1|0|2.0|VOLUMEN|FIJO|P0210065001|1|0|2.0|VOLUMEN|FIJO|P0210065001|1|0|2.0|VOLUMEN|FIJO|P0210065001|1|0|2.0|VOLUMEN|FIJO|P0210065001|1|0|2.0|VOLUMEN|FIJO|P0210065001|1|0|2.0|VOLUMEN|FIJO|P0210065001|1|0|2.0|VOLUMEN|FIJO|P0210065001|1|0|2.0|VOLUMEN|FIJO|P0210065001|1|0|2.0
301,VOLUMEN|FIJO|P0210065001|1|0|2.0|VOLUMEN|FIJO|P0210065001|1|0|2.0|VOLUMEN|FIJO|P0210065001|1|0|2.0|VOLUMEN|FIJO|P0210065001|1|0|2.0|VOLUMEN|FIJO|P0210065001|1|0|2.0|VOLUMEN|FIJO|P0210065001|1|0|2.0|VOLUMEN|FIJO|P0210065001|1|0|2.0|VOLUMEN|FIJO|P0210065001|1|0|2.0|VOLUMEN|FIJO|P0210065001|1|0|2.0|VOLUMEN|FIJO|P0210065001|1|0|2.0|VOLUMEN|FIJO|P0210065001|1|0|2.0
302,VOLUMEN|FIJO|P0210065001|1|0|2.0|VOLUMEN|FIJO|P0210065001|1|0|2.0|VOLUMEN|FIJO|P0210065001|1|0|2.0|VOLUMEN|FIJO|P0210065001|1|0|2.0|VOLUMEN|FIJO|P0210065001|1|0|2.0|VOLUMEN|FIJO|P0210065001|1|0|2.0|VOLUMEN|FIJO|P0210065001|1|0|2.0|VOLUMEN|FIJO|P0210065001|1|0|2.0|VOLUMEN|FIJO|P0210065001|1|0|2.0|VOLUMEN|FIJO|P0210065001|1|0|2.0|VOLUMEN|FIJO|P0210065001|1|0|2.0
303,VOLUMEN|FIJO|P0210065001|1|0|2.0|VOLUMEN|FIJO|P0210065001|1|0|2.0|VOLUMEN|FIJO|P0210065001|1|0|2.0|VOLUMEN|FIJO|P0210065001|1|0|2.0|VOLUMEN|FIJO|P0210065001|1|0|2.0|VOLUMEN|FIJO|P0210065001|1|0|2.0|VOLUMEN|FIJO|P0210065001|1|0|2.0|VOLUMEN|FIJO|P0210065001|1|0|2.0|VOLUMEN|FIJO|P0210065001|1|0|2.0|VOLUMEN|FIJO|P0210065001|1|0|2.0|VOLUMEN|FIJO|P0210065001|1|0|2.0
304,VOLUMEN|FIJO|P0210065001|1|0|2.0|VOLUMEN|FIJO|P0210065001|1|0|2.0|VOLUMEN|FIJO|P0210065001|1|0|2.0|VOLUMEN|FIJO|P0210065001|1|0|2.0|VOLUMEN|FIJO|P0210065001|1|0|2.0|VOLUMEN|FIJO|P0210065001|1|0|2.0|VOLUMEN|FIJO|P0210065001|1|0|2.0|VOLUMEN|FIJO|P0210065001|1|0|2.0|VOLUMEN|FIJO|P0210065001|1|0|2.0|VOLUMEN|FIJO|P0210065001|1|0|2.0|VOLUMEN|FIJO|P0210065001|1|0|2.0
305,VOLUMEN|FIJO|P0210111001|1|0|2.0|VOLUMEN|FIJO|P0210111001|1|0|2.0|VOLUMEN|FIJO|P0210111001|1|0|2.0|VOLUMEN|FIJO|P0210111001|1|0|2.0|VOLUMEN|FIJO|P0210111001|1|0|2.0|VOLUMEN|FIJO|P0210111001|1|0|2.0|VOLUMEN|FIJO|P0210111001|1|0|2.0|VOLUMEN|FIJO|P0210111001|1|0|2.0|VOLUMEN|FIJO|P0210111001|1|0|2.0|VOLUMEN|FIJO|P0210111001|1|0|2.0
306,VOLUMEN|FIJO|P0210111001|1|0|2.0|VOLUMEN|FIJO|P0210111001|1|0|2.0|VOLUMEN|FIJO|P0210111001|1|0|2.0|VOLUMEN|FIJO|P0210111001|1|0|2.0|VOLUMEN|FIJO|P0210111001|1|0|2.0|VOLUMEN|FIJO|P0210111001|1|0|2.0|VOLUMEN|FIJO|P0210111001|1|0|2.0|VOLUMEN|FIJO|P0210111001|1|0|2.0|VOLUMEN|FIJO|P0210111001|1|0|2.0|VOLUMEN|FIJO|P0210111001|1|0|2.0
307,VOLUMEN|FIJO|P0210111001|1|0|2.0|VOLUMEN|FIJO|P0210111001|1|0|2.0|VOLUMEN|FIJO|P0210111001|1|0|2.0|VOLUMEN|FIJO|P0210111001|1|0|2.0|VOLUMEN|FIJO|P0210111001|1|0|2.0|VOLUMEN|FIJO|P0210111001|1|0|2.0|VOLUMEN|FIJO|P0210111001|1|0|2.0|VOLUMEN|FIJO|P0210111001|1|0|2.0|VOLUMEN|FIJO|P0210111001|1|0|2.0|VOLUMEN|FIJO|P0210111001|1|0|2.0
308,VOLUMEN|FIJO|P0210111001|1|0|2.0|VOLUMEN|FIJO|P0210111001|1|0|2.0|VOLUMEN|FIJO|P0210111001|1|0|2.0|VOLUMEN|FIJO|P0210111001|1|0|2.0|VOLUMEN|FIJO|P0210111001|1|0|2.0|VOLUMEN|FIJO|P0210111001|1|0|2.0|VOLUMEN|FIJO|P0210111001|1|0|2.0|VOLUMEN|FIJO|P0210111001|1|0|2.0|VOLUMEN|FIJO|P0210111001|1|0|2.0|VOLUMEN|FIJO|P0210111001|1|0|2.0
309,VOLUMEN|FIJO|P0210111001|1|0|2.0|VOLUMEN|FIJO|P0210111001|1|0|2.0|VOLUMEN|FIJO|P0210111001|1|0|2.0|VOLUMEN|FIJO|P0210111001|1|0|2.0|VOLUMEN|FIJO|P0210111001|1|0|2.0|VOLUMEN|FIJO|P0210111001|1|0|2.0|VOLUMEN|FIJO|P0210111001|1|0|2.0|VOLUMEN|FIJO|P0210111001|1|0|2.0|VOLUMEN|FIJO|P0210111001|1|0|2.0|VOLUMEN|FIJO|P0210111001|1|0|2.0
310,VOLUMEN|FIJO|P0210111001|1|0|2.0|VOLUMEN|FIJO|P0210111001|1|0|2.0|VOLUMEN|FIJO|P0210111001|1|0|2.0|VOLUMEN|FIJO|P0210111001|1|0|2.0|VOLUMEN|FIJO|P0210111001|1|0|2.0|VOLUMEN|FIJO|P0210111001|1|0|2.0|VOLUMEN|FIJO|P0210111001|1|0|2.0|VOLUMEN|FIJO|P0210111001|1|0|2.0|VOLUMEN|FIJO|P0210111001|1|0|2.0|VOLUMEN|FIJO|P0210111001|1|0|2.0
311,VOLUMEN|FIJO|P0210111001|1|0|2.0|VOLUMEN|FIJO|P0210111001|1|0|2.0|VOLUMEN|FIJO|P0210111001|1|0|2.0|VOLUMEN|FIJO|P0210111001|1|0|2.0|VOLUMEN|FIJO|P0210111001|1|0|2.0|VOLUMEN|FIJO|P0210111001|1|0|2.0|VOLUMEN|FIJO|P0210111001|1|0|2.0|VOLUMEN|FIJO|P0210111001|1|0|2.0|VOLUMEN|FIJO|P0210111001|1|0|2.0|VOLUMEN|FIJO|P0210111001|1|0|2.0
312,VOLUMEN|FIJO|P0210111001|1|0|2.0|VOLUMEN|FIJO|P0210111001|1|0|2.0|VOLUMEN|FIJO|P0210111001|1|0|2.0|VOLUMEN|FIJO|P0210111001|1|0|2.0|VOLUMEN|FIJO|P0210111001|1|0|2.0|VOLUMEN|FIJO|P0210111001|1|0|2.0|VOLUMEN|FIJO|P0210111001|1|0|2.0|VOLUMEN|FIJO|P0210111001|1|0|2.0|VOLUMEN|FIJO|P0210111001|1|0|2.0|VOLUMEN|FIJO|P0210111001|1|0|2.0
313,VOLUMEN|FIJO|P0210111001|1|0|2.0|VOLUMEN|FIJO|P0210111001|1|0|2.0|VOLUMEN|FIJO|P0210111001|1|0|2.0|VOLUMEN|FIJO|P0210111001|1|0|2.0|VOLUMEN|FIJO|P0210111001|1|0|2.0|VOLUMEN|FIJO|P0210111001|1|0|2.0|VOLUMEN|FIJO|P0210111001|1|0|2.0|VOLUMEN|FIJO|P0210111001|1|0|2.0|VOLUMEN|FIJO|P0210111001|1|0|2.0|VOLUMEN|FIJO|P0210111001|1|0|2.0
314,VOLUMEN|FIJO|P0210111001|1|0|2.0|VOLUMEN|FIJO|P0210111001|1|0|2.0|VOLUMEN|FIJO|P0210111001|1|0|2.0|VOLUMEN|FIJO|P0210111001|1|0|2.0|VOLUMEN|FIJO|P0210111001|1|0|2.0|VOLUMEN|FIJO|P0210111001|1|0|2.0|VOLUMEN|FIJO|P0210111001|1|0|2.0|VOLUMEN|FIJO|P0210111001|1|0|2.0|VOLUMEN|FIJO|P0210111001|1|0|2.0|VOLUMEN|FIJO|P0210111001|1|0|2.0
315,VOLUMEN|FIJO|P0210111001|1|0|2.0|VOLUMEN|FIJO|P0210111001|1|0|2.0|VOLUMEN|FIJO|P0210111001|1|0|2.0|VOLUMEN|FIJO|P0210111001|1|0|2.0|VOLUMEN|FIJO|P0210111001|1|0|2.0|VOLUMEN|FIJO|P0210111001|1|0|2.0|VOLUMEN|FIJO|P0210111001|1|0|2.0|VOLUMEN|FIJO|P0210111001|1|0|2.0|VOLUMEN|FIJO|P0210111001|1|0|2.0|VOLUMEN|FIJO|P0210111001|1|0|2.0
316,VOLUMEN|FIJO|P0210111001|1|0|2.0|VOLUMEN|FIJO|P0210111001|1|0|2.0|VOLUMEN|FIJO|P0210111001|1|0|2.0|VOLUMEN|FIJO|P0210111001|1|0|2.0|VOLUMEN|FIJO|P0210111001|1|0|2.0|VOLUMEN|FIJO|P0210111001|1|0|2.0|VOLUMEN|FIJO|P0210111001|1|0|2.0|VOLUMEN|FIJO|P0210111001|1|0|2.0|VOLUMEN|FIJO|P0210111001|1|0|2.0|VOLUMEN|FIJO|P0210111001|1|0|2.0
317,VOLUMEN|FIJO|P0210111001|1|0|2.0|VOLUMEN|FIJO|P0210111001|1|0|2.0|VOLUMEN|FIJO|P0210111001|1|0|2.0|VOLUMEN|FIJO|P0210111001|1|0|2.0|VOLUMEN|FIJO|P0210111001|1|0|2.0|VOLUMEN|FIJO|P0210111001|1|0|2.0|VOLUMEN|FIJO|P0210111001|1|0|2.0|VOLUMEN|FIJO|P0210111001|1|0|2.0|VOLUMEN|FIJO|P0210111001|1|0|2.0|VOLUMEN|FIJO|P0210111001|1|0|2.0
318,VOLUMEN|FIJO|P0210111001|1|0|2.0|VOLUMEN|FIJO|P0210111001|1|0|2.0|VOLUMEN|FIJO|P0210111001|1|0|2.0|VOLUMEN|FIJO|P0210111001|1|0|2.0|VOLUMEN|FIJO|P0210111001|1|0|2.0|VOLUMEN|FIJO|P0210111001|1|0|2.0|VOLUMEN|FIJO|P0210111001|1|0|2.0|VOLUMEN|FIJO|P0210111001|1|0|2.0|VOLUMEN|FIJO|P0210111001|1|0|2.0|VOLUMEN|FIJO|P0210111001|1|0|2.0
319,VOLUMEN|FIJO|P0210111001|1|0|2.0|VOLUMEN|FIJO|P0210111001|1|0|2.0|VOLUMEN|FIJO|P0210111001|1|0|2.0|VOLUMEN|FIJO|P0210111001|1|0|2.0|VOLUMEN|FIJO|P0210111001|1|0|2.0|VOLUMEN|FIJO|P0210111001|1|0|2.0|VOLUMEN|FIJO|P0210111001|1|0|2.0|VOLUMEN|FIJO|P0210111001|1|0|2.0|VOLUMEN|FIJO|P0210111001|1|0|2.0|VOLUMEN|FIJO|P0210111001|1|0|2.0
320,VOLUMEN|FIJO|P0210111001|1|0|2.0|VOLUMEN|FIJO|P0210111001|1|0|2.0|VOLUMEN|FIJO|P0210111001|1|0|2.0|VOLUMEN|FIJO|P0210111001|1|0|2.0|VOLUMEN|FIJO|P0210111001|1|0|2.0|VOLUMEN|FIJO|P0210111001|1|0|2.0|VOLUMEN|FIJO|P0210111001|1|0|2.0|VOLUMEN|FIJO|P0210111001|1|0|2.0|VOLUMEN|FIJO|P0210111001|1|0|2.0|VOLUMEN|FIJO|P0210111001|1|0|2.0
321,VOLUMEN|FIJO|P0210111001|1|0|2.0|VOLUMEN|FIJO|P0210111001|1|0|2.0|VOLUMEN|FIJO|P0210111001|1|0|2.0|VOLUMEN|FIJO|P0210111001|1|0|2.0|VOLUMEN|FIJO|P0210111001|1|0|2.0|VOLUMEN|FIJO|P0210111001|1|0|2.0|VOLUMEN|FIJO|P0210111001|1|0|2.0|VOLUMEN|FIJO|P0210111001|1|0|2.0|VOLUMEN|FIJO|P0210111001|1|0|2.0|VOLUMEN|FIJO|P0210111001|1|0|2.0
322,VOLUMEN|FIJO|P0210111001|1|0|2.0|VOLUMEN|FIJO|P0210111001|1|0|2.0|VOLUMEN|FIJO|P0210111001|1|0|2.0|VOLUMEN|FIJO|P0210111001|1|0|2.0|VOLUMEN|FIJO|P0210111001|1|0|2.0|VOLUMEN|FIJO|P0210111001|1|0|2.0|VOLUMEN|FIJO|P0210111001|1|0|2.0|VOLUMEN|FIJO|P0210111001|1|0|2.0|VOLUMEN|FIJO|P0210111001|1|0|2.0|VOLUMEN|FIJO|P0210111001|1|0|2.0
323,VOLUMEN|FIJO|P0210111001|1|0|2.0|VOLUMEN|FIJO|P0210111001|1|0|2.0|VOLUMEN|FIJO|P0210111001|1|0|2.0|VOLUMEN|FIJO|P0210111001|1|0|2.0|VOLUMEN|FIJO|P0210111001|1|0|2.0|VOLUMEN|FIJO|P0210111001|1|0|2.0|VOLUMEN|FIJO|P0210111001|1|0|2.0|VOLUMEN|FIJO|P0210111001|1|0|2.0|VOLUMEN|FIJO|P0210111001|1|0|2.0|VOLUMEN|FIJO|P0210111001|1|0|2.0
324,VOLUMEN|FIJO|P0210111001|1|0|2.0|VOLUMEN|FIJO|P0210111001|1|0|2.0|VOLUMEN|FIJO|P0210111001|1|0|2.0|VOLUMEN|FIJO|P0210111001|1|0|2.0|VOLUMEN|FIJO|P0210111001|1|0|2.0|VOLUMEN|FIJO|P0210111001|1|0|2.0|VOLUMEN|FIJO|P0210111001|1|0|2.0|VOLUMEN|FIJO|P0210111001|1|0|2.0|VOLUMEN|FIJO|P0210111001|1|0|2.0|VOLUMEN|FIJO|P0210111001|1|0|2.0
325,VOLUMEN|FIJO|P0210111001|1|0|2.0|VOLUMEN|FIJO|P0210111001|1|0|2.0|VOLUMEN|FIJO|P0210111001|1|0|2.0|VOLUMEN|FIJO|P0210111001|1|0|2.0|VOLUMEN|FIJO|P0210111001|1|0|2.0|VOLUMEN|FIJO|P0210111001|1|0|2.0|VOLUMEN|FIJO|P0210111001|1|0|2.0|VOLUMEN|FIJO|P0210111001|1|0|2.0|VOLUMEN|FIJO|P0210111001|1|0|2.0|VOLUMEN|FIJO|P0210111001|1|0|2.0
326,VOLUMEN|FIJO|P0210111001|1|0|2.0|VOLUMEN|FIJO|P0210111001|1|0|2.0|VOLUMEN|FIJO|P0210111001|1|0|2.0|VOLUMEN|FIJO|P0210111001|1|0|2.0|VOLUMEN|FIJO|P0210111001|1|0|2.0|VOLUMEN|FIJO|P0210111001|1|0|2.0|VOLUMEN|FIJO|P0210111001|1|0|2.0|VOLUMEN|FIJO|P0210111001|1|0|2.0|VOLUMEN|FIJO|P0210111001|1|0|2.0|VOLUMEN|FIJO|P0210111001|1|0|2.0
327,VOLUMEN|FIJO|P0210111001|1|0|2.0|VOLUMEN|FIJO|P0210111001|1|0|2.0|VOLUMEN|FIJO|P0210111001|1|0|2.0|VOLUMEN|FIJO|P0210111001|1|0|2.0|VOLUMEN|FIJO|P0210111001|1|0|2.0|VOLUMEN|FIJO|P0210111001|1|0|2.0|VOLUMEN|FIJO|P0210111001|1|0|2.0|VOLUMEN|FIJO|P0210111001|1|0|2.0|VOLUMEN|FIJO|P0210111001|1|0|2.0|VOLUMEN|FIJO|P0210111001|1|0|2.0
328,VOLUMEN|FIJO|P0210111001|1|0|2.0|VOLUMEN|FIJO|P0210111001|1|0|2.0|VOLUMEN|FIJO|P0210111001|1|0|2.0|VOLUMEN|FIJO|P0210111001|1|0|2.0|VOLUMEN|FIJO|P0210111001|1|0|2.0|VOLUMEN|FIJO|P0210111001|1|0|2.0|VOLUMEN|FIJO|P0210111001|1|0|2.0|VOLUMEN|FIJO|P0210111001|1|0|2.0|VOLUMEN|FIJO|P0210111001|1|0|2.0|VOLUMEN|FIJO|P0210111001|1|0|2.0
329,VOLUMEN|FIJO|P0210111001|1|0|2.0|VOLUMEN|FIJO|P0210111001|1|0|2.0|VOLUMEN|FIJO|P0210111001|1|0|2.0|VOLUMEN|FIJO|P0210111001|1|0|2.0|VOLUMEN|FIJO|P0210111001|1|0|2.0|VOLUMEN|FIJO|P0210111001|1|0|2.0|VOLUMEN|FIJO|P0210111001|1|0|2.0|VOLUMEN|FIJO|P0210111001|1|0|2.0|VOLUMEN|FIJO|P0210111001|1|0|2.0|VOLUMEN|FIJO|P0210111001|1|0|2.0
330,VOLUMEN|FIJO|P0210111001|1|0|2.0|VOLUMEN|FIJO|P0210111001|1|0|2.0|VOLUMEN|FIJO|P0210111001|1|0|2.0|VOLUMEN|FIJO|P0210111001|1|0|2.0|VOLUMEN|FIJO|P0210111001|1|0|2.0|VOLUMEN|FIJO|P0210111001|1|0|2.0|VOLUMEN|FIJO|P0210111001|1|0|2.0|VOLUMEN|FIJO|P0210111001|1|0|2.0|VOLUMEN|FIJO|P0210111001|1|0|2.0|VOLUMEN|FIJO|P0210111001|1|0|2.0
331,VOLUMEN|FIJO|200111130|0|0|1.0|VOLUMEN|FIJO|200111130|0|0|1.0|VOLUMEN|FIJO|200111130|0|0|1.0|VOLUMEN|FIJO|200111130|0|0|1.0|VOLUMEN|FIJO|200111130|0|0|1.0|VOLUMEN|FIJO|200111130|0|0|1.0|VOLUMEN|FIJO|200111130|0|0|1.0|VOLUMEN|FIJO|200012014|1|0|1.0|VOLUMEN|FIJO|200012014|1|0|1.0|VOLUMEN|FIJO|200012014|1|0|1.0|VOLUMEN|FIJO|200012014|1|0|1.0|VOLUMEN|FIJO|200012014|1|0|1.0|VOLUMEN|FIJO|200012014|1|0|1.0|VOLUMEN|FIJO|200111130|0|0|1.0|VOLUMEN|FIJO|200111130|0|0|1.0|VOLUMEN|FIJO|200012014|1|0|1.0|VOLUMEN|FIJO|200012014|1|0|1.0|VOLUMEN|FIJO|200012014|1|0|1.0|VOLUMEN|FIJO|200012014|1|0|1.0|VOLUMEN|FIJO|200111130|0|0|1.0|VOLUMEN|FIJO|200012014|1|0|1.0|VOLUMEN|FIJO|200012014|1|0|1.0|VOLUMEN|FIJO|200012014|1|0|1.0|VOLUMEN|FIJO|200012014|1|0|1.0|VOLUMEN|FIJO|200012014|1|0|1.0|VOLUMEN|FIJO|200012014|1|0|1.0|VOLUMEN|FIJO|200012014|1|0|1.0|VOLUMEN|FIJO|200012014|1|0|1.0|VOLUMEN|FIJO|200012014|1|0|1.0|VOLUMEN|FIJO|200012014|1|0|1.0|VOLUMEN|FIJO|200012014|1|0|1.0|VOLUMEN|FIJO|200012014|1|0|1.0|VOLUMEN|FIJO|200111130|0|0|1.0
332,VOLUMEN|FIJO|200058967|1|0|2.0|VOLUMEN|FIJO|200058967|1|0|2.0|VOLUMEN|FIJO|200058967|1|0|2.0|VOLUMEN|FIJO|200058967|1|0|2.0|VOLUMEN|FIJO|200058967|1|0|2.0
333,VOLUMEN|FIJO|P0210065001|1|0|2.0|VOLUMEN|FIJO|P0210065001|1|0|2.0|VOLUMEN|FIJO|P0210065001|1|0|2.0|VOLUMEN|FIJO|P0210065001|1|0|2.0|VOLUMEN|FIJO|P0210065001|1|0|2.0|VOLUMEN|FIJO|P0210065001|1|0|2.0|VOLUMEN|FIJO|P0210065001|1|0|2.0|VOLUMEN|FIJO|P0210065001|1|0|2.0|VOLUMEN|FIJO|P0210065001|1|0|2.0|VOLUMEN|FIJO|P0210065001|1|0|2.0|VOLUMEN|FIJO|P0210065001|1|0|2.0
334,VOLUMEN|FIJO|200106295|1|0|2.0|VOLUMEN|FIJO|200106295|1|0|2.0|VOLUMEN|FIJO|200106295|1|0|2.0|VOLUMEN|FIJO|200106295|1|0|2.0|VOLUMEN|FIJO|200106295|1|0|2.0|VOLUMEN|FIJO|200106295|1|0|2.0|VOLUMEN|FIJO|200106295|1|0|2.0|VOLUMEN|FIJO|200106295|1|0|2.0|VOLUMEN|FIJO|200106295|1|0|2.0|VOLUMEN|FIJO|200106295|1|0|2.0
335,VOLUMEN|FIJO|200095903|1|0|2.0|VOLUMEN|FIJO|200095903|1|0|2.0|VOLUMEN|FIJO|200095903|1|0|2.0|VOLUMEN|FIJO|200095903|1|0|2.0|VOLUMEN|FIJO|200095903|1|0|2.0|VOLUMEN|FIJO|200095903|1|0|2.0|VOLUMEN|FIJO|200095903|1|0|2.0|VOLUMEN|FIJO|200095903|1|0|2.0|VOLUMEN|FIJO|200095903|1|0|2.0|VOLUMEN|FIJO|200095903|1|0|2.0|VOLUMEN|FIJO|200095903|1|0|2.0|VOLUMEN|FIJO|200095903|1|0|2.0
336,VOLUMEN|FIJO|200115300|1|0|2.0|VOLUMEN|FIJO|200115300|1|0|2.0|VOLUMEN|FIJO|200115300|1|0|2.0|VOLUMEN|FIJO|200115300|1|0|2.0|VOLUMEN|FIJO|200115300|1|0|2.0|VOLUMEN|FIJO|200115300|1|0|2.0|VOLUMEN|FIJO|200115300|1|0|2.0|VOLUMEN|FIJO|200115300|1|0|2.0|VOLUMEN|FIJO|200115300|1|0|2.0|VOLUMEN|FIJO|200115300|1|0|2.0|VOLUMEN|FIJO|200115300|1|0|2.0
337,VOLUMEN|FIJO|200115589|1|0|2.0|VOLUMEN|FIJO|200115589|1|0|2.0|VOLUMEN|FIJO|200115589|1|0|2.0|VOLUMEN|FIJO|200115589|1|0|2.0|VOLUMEN|FIJO|200115589|1|0|2.0|VOLUMEN|FIJO|200115589|1|0|2.0|VOLUMEN|FIJO|200115589|1|0|2.0|VOLUMEN|FIJO|200115589|1|0|2.0|VOLUMEN|FIJO|200115589|1|0|2.0|VOLUMEN|FIJO|200115589|1|0|2.0
