consultant_id,product_id,category,brand,price,date,purchase_frequency,daily_total_spent,average_purchasing_power,recency,purchase_frequency_normalized,recency_normalized,total_spent,purchase_count,unique_products,normalized_f,normalized_r,combined_score,bundle_id,is_anchor,bundle_score,category_score,business_score,score,selection_score
3441296,200106290,FRAGANCIAS,ESIKA,13.3,2023-04-11,17,391.1,430.195,619,0.2807017543859649,0.8371777476255088,7206.76,261,194,1.0,0.8535564853556485,0.9121338912133892,3441296_Bundle_1,1,0.5448894202032278,,,,
3441296,200106661,MAQUILLAJE,ESIKA,19.9,2024-10-29,9,261.3,430.195,52,0.1403508771929824,0.0678426051560379,7206.76,261,194,0.5,0.06276150627615062,0.23765690376569037,3441296_Bundle_1,0,0.5448894202032278,1.0,3.0,2.5,2.5
3441296,200112748,MAQUILLAJE,ESIKA,12.88,2024-11-19,9,271.3,430.195,31,0.1403508771929824,0.039348710990502,7206.76,261,194,0.5,0.03347280334728033,0.2200836820083682,3441296_Bundle_1,0,0.5448894202032278,1.0,3.0,2.5,2.5
3441296,210098499,MAQUILLAJE,ESIKA,32.9,2023-05-19,8,374.0,430.195,581,0.1228070175438596,0.7856173677069199,7206.76,261,194,0.4375,0.800557880055788,0.6553347280334728,3441296_Bundle_1,0,0.5448894202032278,1.0,3.0,2.5,2.5
3441296,200112361,CUIDADO PERSONAL,ESIKA,25.9,2023-12-11,10,266.21999999999997,430.195,375,0.1578947368421052,0.5061058344640434,7206.76,261,194,0.5625,0.5132496513249651,0.5329497907949791,3441296_Bundle_1,0,0.5448894202032278,1.0,3.0,2.5,2.5
3441296,200110734,TRATAMIENTO FACIAL,LBEL,79.5,2023-05-19,8,374.0,430.195,581,0.1228070175438596,0.7856173677069199,7206.76,261,194,0.4375,0.800557880055788,0.6553347280334728,3441296_Bundle_1,0,0.5448894202032278,1.0,3.0,2.5,2.5
3441296,200112295,MAQUILLAJE,CYZONE,11.5,2023-09-21,10,216.07,430.195,456,0.1578947368421052,0.6160108548168249,7206.76,261,194,0.5625,0.6262203626220363,0.6007322175732218,3441296_Bundle_1,0,0.5448894202032278,1.0,3.0,2.5,2.5
3441296,200106290,FRAGANCIAS,ESIKA,13.3,2023-04-11,17,391.1,430.195,619,0.2807017543859649,0.8371777476255088,7206.76,261,194,1.0,0.8535564853556485,0.9121338912133892,3441296_Bundle_2,1,0.6230424387328154,,,,
3441296,200090349,CUIDADO PERSONAL,ESIKA,23.9,2023-02-07,8,273.3,430.195,682,0.1228070175438596,0.9226594301221168,7206.76,261,194,0.4375,0.9414225941422594,0.7398535564853557,3441296_Bundle_2,0,0.6230424387328154,1.0,3.0,2.5,2.5
3441296,210103127,RELOJES,ESIKA,94.9,2023-07-04,8,301.2,430.195,535,0.1228070175438596,0.723202170963365,7206.76,261,194,0.4375,0.7364016736401674,0.6168410041841005,3441296_Bundle_2,0,0.6230424387328154,1.0,3.0,2.5,2.5
3441296,200115484,TRATAMIENTO FACIAL,CYZONE,18.9,2024-10-09,7,172.39999999999998,430.195,72,0.1052631578947368,0.0949796472184531,7206.76,261,194,0.375,0.09065550906555091,0.20439330543933057,3441296_Bundle_2,0,0.6230424387328154,1.0,3.0,2.5,2.5
3441296,200090346,CUIDADO PERSONAL,ESIKA,24.9,2023-08-15,11,156.66,430.195,493,0.175438596491228,0.666214382632293,7206.76,261,194,0.625,0.6778242677824268,0.6566945606694561,3441296_Bundle_2,0,0.6230424387328154,1.0,3.0,2.5,2.5
3441296,200105188,CUIDADO PERSONAL,ESIKA,7.38,2023-08-15,11,156.66,430.195,493,0.175438596491228,0.666214382632293,7206.76,261,194,0.625,0.6778242677824268,0.6566945606694561,3441296_Bundle_2,0,0.6230424387328154,1.0,3.0,2.5,2.5
3441296,210098785,BIJOUTERIE,CYZONE,31.9,2023-11-21,11,288.25,430.195,395,0.175438596491228,0.5332428765264586,7206.76,261,194,0.625,0.5411436541143654,0.5746861924686193,3441296_Bundle_2,0,0.6230424387328154,1.0,3.0,2.5,2.5
4623541,210098842,MAQUILLAJE,CYZONE,24.5,2023-01-20,24,457.7,430.195,700,0.4035087719298245,0.9470827679782904,4624.35,181,151,1.0,0.8899082568807339,0.9339449541284404,4623541_Bundle_1,1,0.704677890916423,,,,
4623541,210100628,COMPLEMENTOS,CYZONE,49.9,2023-03-17,22,476.75,430.195,644,0.3684210526315789,0.8710990502035278,4624.35,181,151,0.8461538461538461,0.6330275229357798,0.7182780522230063,4623541_Bundle_1,0,0.704677890916423,1.0,3.0,2.5,2.5
4623541,200099339,MUESTRAS COSMETICOS,LBEL,1.9,2022-12-27,11,133.3,430.195,724,0.175438596491228,0.9796472184531886,4624.35,181,151,0.0,1.0,0.6,4623541_Bundle_1,0,0.704677890916423,1.0,3.0,2.5,2.5
4623541,210101264,COMPLEMENTOS,CYZONE,46.9,2023-03-17,22,476.75,430.195,644,0.3684210526315789,0.8710990502035278,4624.35,181,151,0.8461538461538461,0.6330275229357798,0.7182780522230063,4623541_Bundle_1,0,0.704677890916423,1.0,3.0,2.5,2.5
4623541,210099614,COMPLEMENTOS,CYZONE,66.9,2023-04-28,12,483.9,430.195,602,0.1929824561403508,0.8141112618724559,4624.35,181,151,0.07692307692307693,0.44036697247706424,0.2949894142554693,4623541_Bundle_1,0,0.704677890916423,1.0,3.0,2.5,2.5
4623541,200105190,CUIDADO PERSONAL,ESIKA,7.38,2023-01-20,24,457.7,430.195,700,0.4035087719298245,0.9470827679782904,4624.35,181,151,1.0,0.8899082568807339,0.9339449541284404,4623541_Bundle_1,0,0.704677890916423,1.0,3.0,2.5,2.5
4623541,210097030,CUIDADO PERSONAL,LBEL,12.9,2023-02-06,19,558.3,430.195,683,0.3157894736842105,0.9240162822252376,4624.35,181,151,0.6153846153846154,0.8119266055045872,0.7333098094565984,4623541_Bundle_1,0,0.704677890916423,1.0,3.0,2.5,2.5
4623541,210098842,MAQUILLAJE,CYZONE,24.5,2023-01-20,24,457.7,430.195,700,0.4035087719298245,0.9470827679782904,4624.35,181,151,1.0,0.8899082568807339,0.9339449541284404,4623541_Bundle_2,1,0.581863091037403,,,,
4623541,200101369,FRAGANCIAS,LBEL,19.95,2023-07-10,12,367.0,430.195,529,0.1929824561403508,0.7150610583446404,4624.35,181,151,0.07692307692307693,0.10550458715596331,0.09407198306280876,4623541_Bundle_2,0,0.581863091037403,1.0,3.0,2.5,2.5
4623541,200106398,FRAGANCIAS,ESIKA,34.9,2023-04-08,19,564.4,430.195,622,0.3157894736842105,0.841248303934871,4624.35,181,151,0.6153846153846154,0.5321100917431193,0.5654199011997177,4623541_Bundle_2,0,0.581863091037403,1.0,3.0,2.5,2.5
4623541,200109263,TRATAMIENTO FACIAL,CYZONE,18.9,2023-07-10,12,367.0,430.195,529,0.1929824561403508,0.7150610583446404,4624.35,181,151,0.07692307692307693,0.10550458715596331,0.09407198306280876,4623541_Bundle_2,0,0.581863091037403,1.0,3.0,2.5,2.5
4623541,210100407,CUIDADO PERSONAL,CYZONE,15.51,2023-01-20,24,457.7,430.195,700,0.4035087719298245,0.9470827679782904,4624.35,181,151,1.0,0.8899082568807339,0.9339449541284404,4623541_Bundle_2,0,0.581863091037403,1.0,3.0,2.5,2.5
4623541,210101561,BIJOUTERIE,ESIKA,39.9,2023-02-06,19,558.3,430.195,683,0.3157894736842105,0.9240162822252376,4624.35,181,151,0.6153846153846154,0.8119266055045872,0.7333098094565984,4623541_Bundle_2,0,0.581863091037403,1.0,3.0,2.5,2.5
4623541,200102430,FRAGANCIAS,ESIKA,20.0,2023-03-17,22,476.75,430.195,644,0.3684210526315789,0.8710990502035278,4624.35,181,151,0.8461538461538461,0.6330275229357798,0.7182780522230063,4623541_Bundle_2,0,0.581863091037403,1.0,3.0,2.5,2.5
8351554,200110329,MAQUILLAJE,ESIKA,25.9,2023-08-17,24,737.8,430.195,491,0.4035087719298245,0.6635006784260515,15202.7,478,309,0.8214285714285714,0.847985347985348,0.8373626373626373,8351554_Bundle_1,1,0.5182103610675038,,,,
8351554,200115453,CUIDADO PERSONAL,ESIKA,24.9,2024-01-18,16,435.5,430.195,337,0.2631578947368421,0.4545454545454545,15202.7,478,309,0.5357142857142857,0.5659340659340659,0.5538461538461539,8351554_Bundle_1,0,0.5182103610675038,1.0,3.0,2.5,2.5
8351554,200095374,CUIDADO PERSONAL,ESIKA,10.67,2024-06-13,17,540.8,430.195,190,0.2807017543859649,0.2550881953867028,15202.7,478,309,0.5714285714285714,0.2967032967032967,0.4065934065934066,8351554_Bundle_1,0,0.5182103610675038,1.0,3.0,2.5,2.5
8351554,200087691,TRATAMIENTO CORPORAL,ESIKA,36.9,2024-01-18,16,435.5,430.195,337,0.2631578947368421,0.4545454545454545,15202.7,478,309,0.5357142857142857,0.5659340659340659,0.5538461538461539,8351554_Bundle_1,0,0.5182103610675038,1.0,3.0,2.5,2.5
8351554,200105041,FRAGANCIAS,ESIKA,48.9,2024-01-18,16,435.5,430.195,337,0.2631578947368421,0.4545454545454545,15202.7,478,309,0.5357142857142857,0.5659340659340659,0.5538461538461539,8351554_Bundle_1,0,0.5182103610675038,1.0,3.0,2.5,2.5
8351554,210105330,COMPLEMENTOS,CYZONE,64.9,2024-10-11,19,522.3,430.195,70,0.3157894736842105,0.0922659430122116,15202.7,478,309,0.6428571428571429,0.07692307692307693,0.30329670329670333,8351554_Bundle_1,0,0.5182103610675038,1.0,3.0,2.5,2.5
8351554,200094217,FRAGANCIAS,ESIKA,19.34,2024-11-05,29,851.5,430.195,45,0.4912280701754385,0.0583446404341926,15202.7,478,309,1.0,0.031135531135531136,0.4186813186813187,8351554_Bundle_1,0,0.5182103610675038,1.0,3.0,2.5,2.5
8351554,200110329,MAQUILLAJE,ESIKA,25.9,2023-08-17,24,737.8,430.195,491,0.4035087719298245,0.6635006784260515,15202.7,478,309,0.8214285714285714,0.847985347985348,0.8373626373626373,8351554_Bundle_2,1,0.6293563579277864,,,,
8351554,200100926,FRAGANCIAS,ESIKA,64.9,2024-03-21,11,374.9,430.195,274,0.175438596491228,0.3690637720488466,15202.7,478,309,0.35714285714285715,0.45054945054945056,0.41318681318681316,8351554_Bundle_2,0,0.6293563579277864,1.0,3.0,2.5,2.5
8351554,200108807,CUIDADO PERSONAL,ESIKA,7.63,2023-07-26,21,638.36,430.195,513,0.3508771929824561,0.6933514246947082,15202.7,478,309,0.7142857142857143,0.8882783882783882,0.8186813186813187,8351554_Bundle_2,0,0.6293563579277864,1.0,3.0,2.5,2.5
8351554,200108408,FRAGANCIAS,ESIKA,16.0,2023-06-19,15,566.7,430.195,550,0.2456140350877192,0.7435549525101763,15202.7,478,309,0.5,0.9560439560439561,0.7736263736263735,8351554_Bundle_2,0,0.6293563579277864,1.0,3.0,2.5,2.5
8351554,200095430,CUIDADO PERSONAL,CYZONE,10.0,2023-05-26,14,364.9,430.195,574,0.2280701754385964,0.7761194029850746,15202.7,478,309,0.4642857142857143,1.0,0.7857142857142857,8351554_Bundle_2,0,0.6293563579277864,1.0,3.0,2.5,2.5
8351554,200103025,CUIDADO PERSONAL,ESIKA,29.9,2024-11-21,14,609.6,430.195,29,0.2280701754385964,0.0366350067842605,15202.7,478,309,0.4642857142857143,0.0018315018315018315,0.18681318681318682,8351554_Bundle_2,0,0.6293563579277864,1.0,3.0,2.5,2.5
8351554,200039855,FRAGANCIAS,CYZONE,49.9,2023-12-29,17,554.3,430.195,357,0.2807017543859649,0.4816824966078697,15202.7,478,309,0.5714285714285714,0.6025641025641025,0.5901098901098901,8351554_Bundle_2,0,0.6293563579277864,1.0,3.0,2.5,2.5
8592470,210101651,COMPLEMENTOS,ESIKA,59.9,2024-08-09,7,248.3,430.195,133,0.1052631578947368,0.1777476255088195,1371.96,46,43,0.375,1.0,0.75,8592470_Bundle_1,1,0.635007072135785,,,,
8592470,200115799,MAQUILLAJE,LBEL,17.9,2024-10-03,11,364.2999999999999,430.195,78,0.175438596491228,0.1031207598371777,1371.96,46,43,0.875,0.45544554455445546,0.6232673267326734,8592470_Bundle_1,0,0.635007072135785,1.0,3.0,2.5,2.5
8592470,200095931,FRAGANCIAS,ESIKA,28.94,2024-10-25,12,295.2,430.195,56,0.1929824561403508,0.073270013568521,1371.96,46,43,1.0,0.2376237623762376,0.5425742574257426,8592470_Bundle_1,0,0.635007072135785,1.0,3.0,2.5,2.5
8592470,200086432,FRAGANCIAS,ESIKA,46.9,2024-09-19,4,111.76,430.195,92,0.0526315789473684,0.1221166892808683,1371.96,46,43,0.0,0.594059405940594,0.3564356435643564,8592470_Bundle_1,0,0.635007072135785,1.0,3.0,2.5,2.5
8592470,200108408,FRAGANCIAS,ESIKA,27.79,2024-08-22,7,177.5,430.195,120,0.1052631578947368,0.1601085481682496,1371.96,46,43,0.375,0.8712871287128713,0.6727722772277228,8592470_Bundle_1,0,0.635007072135785,1.0,3.0,2.5,2.5
8592470,200116780,MAQUILLAJE,CYZONE,18.9,2024-08-09,7,248.3,430.195,133,0.1052631578947368,0.1777476255088195,1371.96,46,43,0.375,1.0,0.75,8592470_Bundle_1,0,0.635007072135785,1.0,3.0,2.5,2.5
8592470,200106569,MAQUILLAJE,CYZONE,20.9,2024-08-09,7,248.3,430.195,133,0.1052631578947368,0.1777476255088195,1371.96,46,43,0.375,1.0,0.75,8592470_Bundle_1,0,0.635007072135785,1.0,3.0,2.5,2.5
8592470,210101651,COMPLEMENTOS,ESIKA,59.9,2024-08-09,7,248.3,430.195,133,0.1052631578947368,0.1777476255088195,1371.96,46,43,0.375,1.0,0.75,8592470_Bundle_2,1,0.5787835926449788,,,,
8592470,200115799,MAQUILLAJE,LBEL,17.9,2024-10-03,11,364.2999999999999,430.195,78,0.175438596491228,0.1031207598371777,1371.96,46,43,0.875,0.45544554455445546,0.6232673267326734,8592470_Bundle_2,0,0.5787835926449788,1.0,3.0,2.5,2.5
8592470,200108409,FRAGANCIAS,ESIKA,20.11,2024-08-22,7,177.5,430.195,120,0.1052631578947368,0.1601085481682496,1371.96,46,43,0.375,0.8712871287128713,0.6727722772277228,8592470_Bundle_2,0,0.5787835926449788,1.0,3.0,2.5,2.5
8592470,200116780,MAQUILLAJE,CYZONE,18.9,2024-08-09,7,248.3,430.195,133,0.1052631578947368,0.1777476255088195,1371.96,46,43,0.375,1.0,0.75,8592470_Bundle_2,0,0.5787835926449788,1.0,3.0,2.5,2.5
8592470,210100298,PROMOCION USUARIOS,ESIKA,1.0,2024-10-25,12,295.2,430.195,56,0.1929824561403508,0.073270013568521,1371.96,46,43,1.0,0.2376237623762376,0.5425742574257426,8592470_Bundle_2,0,0.5787835926449788,1.0,3.0,2.5,2.5
8592470,200086432,FRAGANCIAS,ESIKA,46.9,2024-09-19,4,111.76,430.195,92,0.0526315789473684,0.1221166892808683,1371.96,46,43,0.0,0.594059405940594,0.3564356435643564,8592470_Bundle_2,0,0.5787835926449788,1.0,3.0,2.5,2.5
8592470,200115170,CUIDADO PERSONAL,ESIKA,19.96,2024-09-19,4,111.76,430.195,92,0.0526315789473684,0.1221166892808683,1371.96,46,43,0.0,0.594059405940594,0.3564356435643564,8592470_Bundle_2,0,0.5787835926449788,1.0,3.0,2.5,2.5
9687599,200109873,FRAGANCIAS,CYZONE,21.9,2024-06-12,15,200.94,430.195,191,0.2456140350877192,0.2564450474898236,1690.79,96,72,0.6666666666666666,0.875968992248062,0.7922480620155039,9687599_Bundle_1,1,0.441860465116279,,,,
9687599,200103452,CUIDADO PERSONAL,LBEL,4.98,2024-07-26,12,193.09,430.195,147,0.1929824561403508,0.1967435549525101,1690.79,96,72,0.4166666666666667,0.5348837209302325,0.4875968992248062,9687599_Bundle_1,0,0.441860465116279,1.0,3.0,2.5,2.5
9687599,200117564,TRATAMIENTO FACIAL,LBEL,13.62,2024-10-03,7,189.76,430.195,78,0.1052631578947368,0.1031207598371777,1690.79,96,72,0.0,0.0,0.0,9687599_Bundle_1,0,0.441860465116279,1.0,3.0,2.5,2.5
9687599,200106445,MAQUILLAJE,ESIKA,19.9,2024-07-26,12,193.09,430.195,147,0.1929824561403508,0.1967435549525101,1690.79,96,72,0.4166666666666667,0.5348837209302325,0.4875968992248062,9687599_Bundle_1,0,0.441860465116279,1.0,3.0,2.5,2.5
9687599,200102110,MAQUILLAJE,CYZONE,8.5,2024-07-26,12,193.09,430.195,147,0.1929824561403508,0.1967435549525101,1690.79,96,72,0.4166666666666667,0.5348837209302325,0.4875968992248062,9687599_Bundle_1,0,0.441860465116279,1.0,3.0,2.5,2.5
9687599,210096207,MAQUILLAJE,ESIKA,17.9,2024-09-19,19,296.89,430.195,92,0.3157894736842105,0.1221166892808683,1690.79,96,72,1.0,0.10852713178294573,0.4651162790697675,9687599_Bundle_1,0,0.441860465116279,1.0,3.0,2.5,2.5
9687599,210103887,PROMOCION USUARIOS,LBEL,0.1,2024-09-03,14,238.33,430.195,108,0.2280701754385964,0.1438263229308005,1690.79,96,72,0.5833333333333334,0.23255813953488372,0.3728682170542636,9687599_Bundle_1,0,0.441860465116279,1.0,3.0,2.5,2.5
9687599,200109873,FRAGANCIAS,CYZONE,21.9,2024-06-12,15,200.94,430.195,191,0.2456140350877192,0.2564450474898236,1690.79,96,72,0.6666666666666666,0.875968992248062,0.7922480620155039,9687599_Bundle_2,1,0.5105204872646733,,,,
9687599,200106445,MAQUILLAJE,ESIKA,19.9,2024-07-26,12,193.09,430.195,147,0.1929824561403508,0.1967435549525101,1690.79,96,72,0.4166666666666667,0.5348837209302325,0.4875968992248062,9687599_Bundle_2,0,0.5105204872646733,1.0,3.0,2.5,2.5
9687599,200105180,CUIDADO PERSONAL,CYZONE,4.98,2024-07-26,12,193.09,430.195,147,0.1929824561403508,0.1967435549525101,1690.79,96,72,0.4166666666666667,0.5348837209302325,0.4875968992248062,9687599_Bundle_2,0,0.5105204872646733,1.0,3.0,2.5,2.5
9687599,200103022,CUIDADO PERSONAL,ESIKA,10.99,2024-07-08,8,106.15,430.195,165,0.1228070175438596,0.2211668928086838,1690.79,96,72,0.08333333333333333,0.6744186046511628,0.43798449612403095,9687599_Bundle_2,0,0.5105204872646733,1.0,3.0,2.5,2.5
9687599,200117468,MAQUILLAJE,ESIKA,14.9,2024-07-08,8,106.15,430.195,165,0.1228070175438596,0.2211668928086838,1690.79,96,72,0.08333333333333333,0.6744186046511628,0.43798449612403095,9687599_Bundle_2,0,0.5105204872646733,1.0,3.0,2.5,2.5
9687599,210100495,MAQUILLAJE,CYZONE,8.9,2024-09-19,19,296.89,430.195,92,0.3157894736842105,0.1221166892808683,1690.79,96,72,1.0,0.10852713178294573,0.4651162790697675,9687599_Bundle_2,0,0.5105204872646733,1.0,3.0,2.5,2.5
9687599,200108674,CUIDADO PERSONAL,ESIKA,4.98,2024-09-19,19,296.89,430.195,92,0.3157894736842105,0.1221166892808683,1690.79,96,72,1.0,0.10852713178294573,0.4651162790697675,9687599_Bundle_2,0,0.5105204872646733,1.0,3.0,2.5,2.5
10018668,210107064,BIJOUTERIE,CYZONE,39.9,2024-05-23,12,367.0,430.195,211,0.1929824561403508,0.2835820895522388,2455.6,63,60,0.625,0.6428571428571429,0.6357142857142857,10018668_Bundle_1,1,0.5265306122448979,,,,
10018668,200106852,FRAGANCIAS,LBEL,69.5,2024-07-25,7,341.9,430.195,148,0.1052631578947368,0.1981004070556309,2455.6,63,60,0.0,0.0,0.0,10018668_Bundle_1,0,0.5265306122448979,1.0,3.0,2.5,2.5
10018668,210100605,PROMOCION USUARIOS,ESIKA,64.9,2024-06-13,14,671.3000000000001,430.195,190,0.2280701754385964,0.2550881953867028,2455.6,63,60,0.875,0.42857142857142855,0.6071428571428572,10018668_Bundle_1,0,0.5265306122448979,1.0,3.0,2.5,2.5
10018668,200103354,MAQUILLAJE,ESIKA,21.9,2024-04-18,7,276.3,430.195,246,0.1052631578947368,0.3310719131614654,2455.6,63,60,0.0,1.0,0.6,10018668_Bundle_1,0,0.5265306122448979,1.0,3.0,2.5,2.5
10018668,200106604,MAQUILLAJE,CYZONE,23.9,2024-05-23,12,367.0,430.195,211,0.1929824561403508,0.2835820895522388,2455.6,63,60,0.625,0.6428571428571429,0.6357142857142857,10018668_Bundle_1,0,0.5265306122448979,1.0,3.0,2.5,2.5
10018668,200083940,FRAGANCIAS,LBEL,100.0,2024-06-13,14,671.3000000000001,430.195,190,0.2280701754385964,0.2550881953867028,2455.6,63,60,0.875,0.42857142857142855,0.6071428571428572,10018668_Bundle_1,0,0.5265306122448979,1.0,3.0,2.5,2.5
10018668,200115941,VARIOS,GENERICA,59.9,2024-04-18,7,276.3,430.195,246,0.1052631578947368,0.3310719131614654,2455.6,63,60,0.0,1.0,0.6,10018668_Bundle_1,0,0.5265306122448979,1.0,3.0,2.5,2.5
10018668,210107064,BIJOUTERIE,CYZONE,39.9,2024-05-23,12,367.0,430.195,211,0.1929824561403508,0.2835820895522388,2455.6,63,60,0.625,0.6428571428571429,0.6357142857142857,10018668_Bundle_2,1,0.4193877551020408,,,,
10018668,200112748,MAQUILLAJE,ESIKA,13.9,2024-07-04,15,379.6,430.195,169,0.2456140350877192,0.2265943012211669,2455.6,63,60,1.0,0.21428571428571427,0.5285714285714286,10018668_Bundle_2,0,0.4193877551020408,1.0,3.0,2.5,2.5
10018668,210105389,COMPLEMENTOS,CYZONE,24.9,2024-07-04,15,379.6,430.195,169,0.2456140350877192,0.2265943012211669,2455.6,63,60,1.0,0.21428571428571427,0.5285714285714286,10018668_Bundle_2,0,0.4193877551020408,1.0,3.0,2.5,2.5
10018668,200111184,TRATAMIENTO CORPORAL,ESIKA,36.9,2024-07-25,7,341.9,430.195,148,0.1052631578947368,0.1981004070556309,2455.6,63,60,0.0,0.0,0.0,10018668_Bundle_2,0,0.4193877551020408,1.0,3.0,2.5,2.5
10018668,200110088,CUIDADO PERSONAL,LBEL,23.0,2024-06-13,14,671.3000000000001,430.195,190,0.2280701754385964,0.2550881953867028,2455.6,63,60,0.875,0.42857142857142855,0.6071428571428572,10018668_Bundle_2,0,0.4193877551020408,1.0,3.0,2.5,2.5
10018668,200113781,FRAGANCIAS,CYZONE,29.9,2024-05-23,12,367.0,430.195,211,0.1929824561403508,0.2835820895522388,2455.6,63,60,0.625,0.6428571428571429,0.6357142857142857,10018668_Bundle_2,0,0.4193877551020408,1.0,3.0,2.5,2.5
10018668,200108507,CUIDADO PERSONAL,ESIKA,16.9,2024-07-25,7,341.9,430.195,148,0.1052631578947368,0.1981004070556309,2455.6,63,60,0.0,0.0,0.0,10018668_Bundle_2,0,0.4193877551020408,1.0,3.0,2.5,2.5
10316898,200103354,MAQUILLAJE,ESIKA,10.0,2024-04-15,13,301.33,430.195,249,0.2105263157894736,0.3351424694708276,4132.0,152,133,0.631578947368421,1.0,0.8526315789473684,10316898_Bundle_1,1,0.7004481647468425,,,,
10316898,200095159,CUIDADO PERSONAL,ESIKA,7.38,2024-10-14,20,327.67,430.195,67,0.3333333333333333,0.0881953867028493,4132.0,152,133,1.0,0.10344827586206896,0.4620689655172414,10316898_Bundle_1,0,0.7004481647468425,1.0,3.0,2.5,2.5
10316898,200089488,TRATAMIENTO CORPORAL,ESIKA,29.97,2024-05-23,17,431.54,430.195,211,0.2807017543859649,0.2835820895522388,4132.0,152,133,0.8421052631578947,0.812807881773399,0.8245268343271972,10316898_Bundle_1,0,0.7004481647468425,1.0,3.0,2.5,2.5
10316898,200101449,FRAGANCIAS,CYZONE,37.9,2024-05-03,13,442.9,430.195,231,0.2105263157894736,0.310719131614654,4132.0,152,133,0.631578947368421,0.9113300492610837,0.7994296085040187,10316898_Bundle_1,0,0.7004481647468425,1.0,3.0,2.5,2.5
10316898,200089498,TRATAMIENTO CORPORAL,ESIKA,29.97,2024-05-23,17,431.54,430.195,211,0.2807017543859649,0.2835820895522388,4132.0,152,133,0.8421052631578947,0.812807881773399,0.8245268343271972,10316898_Bundle_1,0,0.7004481647468425,1.0,3.0,2.5,2.5
10316898,200113639,FRAGANCIAS,CYZONE,41.9,2024-06-06,12,402.35,430.195,197,0.1929824561403508,0.2645861601085482,4132.0,152,133,0.5789473684210527,0.7438423645320197,0.6778843660876329,10316898_Bundle_1,0,0.7004481647468425,1.0,3.0,2.5,2.5
10316898,210106689,BIJOUTERIE,ESIKA,54.9,2024-10-14,20,327.67,430.195,67,0.3333333333333333,0.0881953867028493,4132.0,152,133,1.0,0.10344827586206896,0.4620689655172414,10316898_Bundle_1,0,0.7004481647468425,1.0,3.0,2.5,2.5
10316898,200103354,MAQUILLAJE,ESIKA,10.0,2024-04-15,13,301.33,430.195,249,0.2105263157894736,0.3351424694708276,4132.0,152,133,0.631578947368421,1.0,0.8526315789473684,10316898_Bundle_2,1,0.45383162339345906,,,,
10316898,210106076,LENTES,ESIKA,54.9,2024-06-27,15,530.18,430.195,176,0.2456140350877192,0.2360922659430122,4132.0,152,133,0.7368421052631579,0.6403940886699507,0.6789732953072336,10316898_Bundle_2,0,0.45383162339345906,1.0,3.0,2.5,2.5
10316898,200105180,CUIDADO PERSONAL,CYZONE,11.9,2024-06-06,12,402.35,430.195,197,0.1929824561403508,0.2645861601085482,4132.0,152,133,0.5789473684210527,0.7438423645320197,0.6778843660876329,10316898_Bundle_2,0,0.45383162339345906,1.0,3.0,2.5,2.5
10316898,200105188,CUIDADO PERSONAL,ESIKA,7.38,2024-10-14,20,327.67,430.195,67,0.3333333333333333,0.0881953867028493,4132.0,152,133,1.0,0.10344827586206896,0.4620689655172414,10316898_Bundle_2,0,0.45383162339345906,1.0,3.0,2.5,2.5
10316898,210104117,BIJOUTERIE,ESIKA,59.9,2024-11-04,9,281.09999999999997,430.195,46,0.1403508771929824,0.0597014925373134,4132.0,152,133,0.42105263157894735,0.0,0.16842105263157894,10316898_Bundle_2,0,0.45383162339345906,1.0,3.0,2.5,2.5
10316898,200115499,TRATAMIENTO CORPORAL,CYZONE,17.9,2024-11-04,9,281.09999999999997,430.195,46,0.1403508771929824,0.0597014925373134,4132.0,152,133,0.42105263157894735,0.0,0.16842105263157894,10316898_Bundle_2,0,0.45383162339345906,1.0,3.0,2.5,2.5
10316898,210106583,BIJOUTERIE,ESIKA,29.9,2024-11-04,9,281.09999999999997,430.195,46,0.1403508771929824,0.0597014925373134,4132.0,152,133,0.42105263157894735,0.0,0.16842105263157894,10316898_Bundle_2,0,0.45383162339345906,1.0,3.0,2.5,2.5
10459362,210102328,BIJOUTERIE,ESIKA,34.9,2022-12-16,17,522.6,430.195,735,0.2807017543859649,0.994572591587517,1324.3,46,45,0.8571428571428571,1.0,0.9428571428571428,10459362_Bundle_1,1,0.7551020408163264,,,,
10459362,200093884,FRAGANCIAS,ESIKA,24.39,2023-01-09,18,512.6,430.195,711,0.2982456140350877,0.9620081411126188,1324.3,46,45,1.0,0.4666666666666667,0.6799999999999999,10459362_Bundle_1,0,0.7551020408163264,1.0,3.0,2.5,2.5
10459362,200102291,MAQUILLAJE,ESIKA,47.9,2022-12-16,17,522.6,430.195,735,0.2807017543859649,0.994572591587517,1324.3,46,45,0.8571428571428571,1.0,0.9428571428571428,10459362_Bundle_1,0,0.7551020408163264,1.0,3.0,2.5,2.5
10459362,210096268,MAQUILLAJE,ESIKA,20.9,2023-01-09,18,512.6,430.195,711,0.2982456140350877,0.9620081411126188,1324.3,46,45,1.0,0.4666666666666667,0.6799999999999999,10459362_Bundle_1,0,0.7551020408163264,1.0,3.0,2.5,2.5
10459362,210102041,COMPLEMENTOS,CYZONE,22.9,2023-01-09,18,512.6,430.195,711,0.2982456140350877,0.9620081411126188,1324.3,46,45,1.0,0.4666666666666667,0.6799999999999999,10459362_Bundle_1,0,0.7551020408163264,1.0,3.0,2.5,2.5
10459362,200109649,TRATAMIENTO CORPORAL,CYZONE,12.9,2023-01-09,18,512.6,430.195,711,0.2982456140350877,0.9620081411126188,1324.3,46,45,1.0,0.4666666666666667,0.6799999999999999,10459362_Bundle_1,0,0.7551020408163264,1.0,3.0,2.5,2.5
10459362,200095374,CUIDADO PERSONAL,ESIKA,7.57,2023-01-09,18,512.6,430.195,711,0.2982456140350877,0.9620081411126188,1324.3,46,45,1.0,0.4666666666666667,0.6799999999999999,10459362_Bundle_1,0,0.7551020408163264,1.0,3.0,2.5,2.5
10459362,210102328,BIJOUTERIE,ESIKA,34.9,2022-12-16,17,522.6,430.195,735,0.2807017543859649,0.994572591587517,1324.3,46,45,0.8571428571428571,1.0,0.9428571428571428,10459362_Bundle_2,1,0.5012244897959184,,,,
10459362,200105005,FRAGANCIAS,CYZONE,33.9,2023-01-09,18,512.6,430.195,711,0.2982456140350877,0.9620081411126188,1324.3,46,45,1.0,0.4666666666666667,0.6799999999999999,10459362_Bundle_2,0,0.5012244897959184,1.0,3.0,2.5,2.5
10459362,200102433,FRAGANCIAS,ESIKA,26.3,2023-01-30,11,289.1,430.195,690,0.175438596491228,0.9335142469470828,1324.3,46,45,0.0,0.0,0.0,10459362_Bundle_2,0,0.5012244897959184,1.0,3.0,2.5,2.5
10459362,200094941,FRAGANCIAS,CYZONE,21.9,2023-01-30,11,289.1,430.195,690,0.175438596491228,0.9335142469470828,1324.3,46,45,0.0,0.0,0.0,10459362_Bundle_2,0,0.5012244897959184,1.0,3.0,2.5,2.5
10459362,200109657,MAQUILLAJE,CYZONE,24.9,2023-01-30,11,289.1,430.195,690,0.175438596491228,0.9335142469470828,1324.3,46,45,0.0,0.0,0.0,10459362_Bundle_2,0,0.5012244897959184,1.0,3.0,2.5,2.5
10459362,210098530,MAQUILLAJE,CYZONE,15.9,2022-12-16,17,522.6,430.195,735,0.2807017543859649,0.994572591587517,1324.3,46,45,0.8571428571428571,1.0,0.9428571428571428,10459362_Bundle_2,0,0.5012244897959184,1.0,3.0,2.5,2.5
10459362,200103716,MAQUILLAJE,ESIKA,24.95,2022-12-16,17,522.6,430.195,735,0.2807017543859649,0.994572591587517,1324.3,46,45,0.8571428571428571,1.0,0.9428571428571428,10459362_Bundle_2,0,0.5012244897959184,1.0,3.0,2.5,2.5
10576075,200103732,MAQUILLAJE,ESIKA,24.95,2022-12-19,19,626.53,430.195,732,0.3157894736842105,0.9905020352781548,2775.23,84,83,1.0,1.0,1.0,10576075_Bundle_1,1,0.6084353741496599,,,,
10576075,210100046,BIJOUTERIE,ESIKA,39.9,2023-04-24,14,486.76,430.195,606,0.2280701754385964,0.819538670284939,2775.23,84,83,0.6666666666666666,0.14285714285714285,0.35238095238095235,10576075_Bundle_1,0,0.6084353741496599,1.0,3.0,2.5,2.5
10576075,200064310,FRAGANCIAS,ESIKA,22.9,2023-04-03,17,531.9,430.195,627,0.2807017543859649,0.8480325644504749,2775.23,84,83,0.8666666666666667,0.2857142857142857,0.518095238095238,10576075_Bundle_1,0,0.6084353741496599,1.0,3.0,2.5,2.5
10576075,200102045,FRAGANCIAS,ESIKA,13.3,2023-04-03,17,531.9,430.195,627,0.2807017543859649,0.8480325644504749,2775.23,84,83,0.8666666666666667,0.2857142857142857,0.518095238095238,10576075_Bundle_1,0,0.6084353741496599,1.0,3.0,2.5,2.5
10576075,210101256,COMPLEMENTOS,CYZONE,66.9,2023-04-24,14,486.76,430.195,606,0.2280701754385964,0.819538670284939,2775.23,84,83,0.6666666666666666,0.14285714285714285,0.35238095238095235,10576075_Bundle_1,0,0.6084353741496599,1.0,3.0,2.5,2.5
10576075,200089222,FRAGANCIAS,ESIKA,48.44,2022-12-19,19,626.53,430.195,732,0.3157894736842105,0.9905020352781548,2775.23,84,83,1.0,1.0,1.0,10576075_Bundle_1,0,0.6084353741496599,1.0,3.0,2.5,2.5
10576075,200105000,FRAGANCIAS,LBEL,90.0,2023-04-03,17,531.9,430.195,627,0.2807017543859649,0.8480325644504749,2775.23,84,83,0.8666666666666667,0.2857142857142857,0.518095238095238,10576075_Bundle_1,0,0.6084353741496599,1.0,3.0,2.5,2.5
10576075,200103732,MAQUILLAJE,ESIKA,24.95,2022-12-19,19,626.53,430.195,732,0.3157894736842105,0.9905020352781548,2775.23,84,83,1.0,1.0,1.0,10576075_Bundle_2,1,0.6225850340136054,,,,
10576075,200095464,CUIDADO PERSONAL,ESIKA,7.38,2023-04-24,14,486.76,430.195,606,0.2280701754385964,0.819538670284939,2775.23,84,83,0.6666666666666666,0.14285714285714285,0.35238095238095235,10576075_Bundle_2,0,0.6225850340136054,1.0,3.0,2.5,2.5
10576075,200064310,FRAGANCIAS,ESIKA,22.9,2023-04-03,17,531.9,430.195,627,0.2807017543859649,0.8480325644504749,2775.23,84,83,0.8666666666666667,0.2857142857142857,0.518095238095238,10576075_Bundle_2,0,0.6225850340136054,1.0,3.0,2.5,2.5
10576075,200089508,TRATAMIENTO CORPORAL,ESIKA,29.9,2023-01-30,8,157.22,430.195,690,0.1228070175438596,0.9335142469470828,2775.23,84,83,0.26666666666666666,0.7142857142857143,0.5352380952380952,10576075_Bundle_2,0,0.6225850340136054,1.0,3.0,2.5,2.5
10576075,200112474,TRATAMIENTO CORPORAL,LBEL,45.0,2022-12-19,19,626.53,430.195,732,0.3157894736842105,0.9905020352781548,2775.23,84,83,1.0,1.0,1.0,10576075_Bundle_2,0,0.6225850340136054,1.0,3.0,2.5,2.5
10576075,210100855,RELOJES,ESIKA,159.9,2023-02-20,9,390.1,430.195,669,0.1403508771929824,0.9050203527815468,2775.23,84,83,0.3333333333333333,0.5714285714285714,0.47619047619047616,10576075_Bundle_2,0,0.6225850340136054,1.0,3.0,2.5,2.5
10576075,200108893,FRAGANCIAS,CYZONE,59.9,2023-02-20,9,390.1,430.195,669,0.1403508771929824,0.9050203527815468,2775.23,84,83,0.3333333333333333,0.5714285714285714,0.47619047619047616,10576075_Bundle_2,0,0.6225850340136054,1.0,3.0,2.5,2.5
11692060,200090352,TRATAMIENTO CORPORAL,ESIKA,28.9,2023-01-16,18,548.25,430.195,704,0.2982456140350877,0.9525101763907734,3201.69,130,102,0.6538461538461539,0.7719298245614035,0.7246963562753036,11692060_Bundle_1,1,0.6573163678426835,,,,
11692060,200107620,MAQUILLAJE,LBEL,13.3,2023-03-20,25,518.4,430.195,641,0.4210526315789473,0.8670284938941656,3201.69,130,102,0.9230769230769231,0.21929824561403508,0.5008097165991903,11692060_Bundle_1,0,0.6573163678426835,1.0,3.0,2.5,2.5
11692060,200102045,FRAGANCIAS,ESIKA,44.9,2023-02-27,27,509.58,430.195,662,0.4561403508771929,0.8955223880597015,3201.69,130,102,1.0,0.40350877192982454,0.6421052631578947,11692060_Bundle_1,0,0.6573163678426835,1.0,3.0,2.5,2.5
11692060,200103354,MAQUILLAJE,ESIKA,13.68,2023-02-27,27,509.58,430.195,662,0.4561403508771929,0.8955223880597015,3201.69,130,102,1.0,0.40350877192982454,0.6421052631578947,11692060_Bundle_1,0,0.6573163678426835,1.0,3.0,2.5,2.5
11692060,200086399,FRAGANCIAS,LBEL,30.0,2023-02-27,27,509.58,430.195,662,0.4561403508771929,0.8955223880597015,3201.69,130,102,1.0,0.40350877192982454,0.6421052631578947,11692060_Bundle_1,0,0.6573163678426835,1.0,3.0,2.5,2.5
11692060,200104173,MAQUILLAJE,ESIKA,17.47,2023-01-16,18,548.25,430.195,704,0.2982456140350877,0.9525101763907734,3201.69,130,102,0.6538461538461539,0.7719298245614035,0.7246963562753036,11692060_Bundle_1,0,0.6573163678426835,1.0,3.0,2.5,2.5
11692060,210102010,COMPLEMENTOS,CYZONE,62.9,2023-01-16,18,548.25,430.195,704,0.2982456140350877,0.9525101763907734,3201.69,130,102,0.6538461538461539,0.7719298245614035,0.7246963562753036,11692060_Bundle_1,0,0.6573163678426835,1.0,3.0,2.5,2.5
11692060,200090352,TRATAMIENTO CORPORAL,ESIKA,28.9,2023-01-16,18,548.25,430.195,704,0.2982456140350877,0.9525101763907734,3201.69,130,102,0.6538461538461539,0.7719298245614035,0.7246963562753036,11692060_Bundle_2,1,0.6463273568536726,,,,
11692060,200085822,FRAGANCIAS,ESIKA,59.9,2023-04-10,22,592.7,430.195,620,0.3684210526315789,0.8385345997286295,3201.69,130,102,0.8076923076923077,0.03508771929824561,0.3441295546558705,11692060_Bundle_2,0,0.6463273568536726,1.0,3.0,2.5,2.5
11692060,200104176,MAQUILLAJE,ESIKA,21.9,2023-02-06,23,525.75,430.195,683,0.3859649122807017,0.9240162822252376,3201.69,130,102,0.8461538461538461,0.5877192982456141,0.691093117408907,11692060_Bundle_2,0,0.6463273568536726,1.0,3.0,2.5,2.5
11692060,200109685,MAQUILLAJE,CYZONE,16.9,2023-02-06,23,525.75,430.195,683,0.3859649122807017,0.9240162822252376,3201.69,130,102,0.8461538461538461,0.5877192982456141,0.691093117408907,11692060_Bundle_2,0,0.6463273568536726,1.0,3.0,2.5,2.5
11692060,200095162,CUIDADO PERSONAL,ESIKA,5.9,2023-02-06,23,525.75,430.195,683,0.3859649122807017,0.9240162822252376,3201.69,130,102,0.8461538461538461,0.5877192982456141,0.691093117408907,11692060_Bundle_2,0,0.6463273568536726,1.0,3.0,2.5,2.5
11692060,200099047,FRAGANCIAS,ESIKA,20.0,2023-02-06,23,525.75,430.195,683,0.3859649122807017,0.9240162822252376,3201.69,130,102,0.8461538461538461,0.5877192982456141,0.691093117408907,11692060_Bundle_2,0,0.6463273568536726,1.0,3.0,2.5,2.5
11692060,200078931,CUIDADO PERSONAL,ESIKA,13.3,2023-02-06,23,525.75,430.195,683,0.3859649122807017,0.9240162822252376,3201.69,130,102,0.8461538461538461,0.5877192982456141,0.691093117408907,11692060_Bundle_2,0,0.6463273568536726,1.0,3.0,2.5,2.5
11774652,200092457,MUESTRAS COSMETICOS,CYZONE,1.5,2024-08-23,7,186.0,430.195,119,0.1052631578947368,0.1587516960651289,990.92,38,38,1.0,0.8446601941747572,0.9067961165048544,11774652_Bundle_1,1,0.623855755894591,,,,
11774652,200111391,CUIDADO PERSONAL,CYZONE,16.9,2024-11-18,7,118.32,430.195,32,0.1052631578947368,0.0407055630936228,990.92,38,38,1.0,0.0,0.4,11774652_Bundle_1,0,0.623855755894591,1.0,3.0,2.5,2.5
11774652,210105134,BIJOUTERIE,ESIKA,44.9,2024-08-23,7,186.0,430.195,119,0.1052631578947368,0.1587516960651289,990.92,38,38,1.0,0.8446601941747572,0.9067961165048544,11774652_Bundle_1,0,0.623855755894591,1.0,3.0,2.5,2.5
11774652,200108674,CUIDADO PERSONAL,ESIKA,9.04,2024-09-10,6,150.6,430.195,101,0.087719298245614,0.1343283582089552,990.92,38,38,0.5,0.6699029126213593,0.6019417475728155,11774652_Bundle_1,0,0.623855755894591,1.0,3.0,2.5,2.5
11774652,200114988,TRATAMIENTO CORPORAL,ESIKA,9.0,2024-08-23,7,186.0,430.195,119,0.1052631578947368,0.1587516960651289,990.92,38,38,1.0,0.8446601941747572,0.9067961165048544,11774652_Bundle_1,0,0.623855755894591,1.0,3.0,2.5,2.5
11774652,200102430,FRAGANCIAS,ESIKA,33.3,2024-10-28,6,184.7,430.195,53,0.087719298245614,0.0691994572591587,990.92,38,38,0.5,0.20388349514563106,0.32233009708737864,11774652_Bundle_1,0,0.623855755894591,1.0,3.0,2.5,2.5
11774652,200113639,FRAGANCIAS,CYZONE,33.3,2024-10-28,6,184.7,430.195,53,0.087719298245614,0.0691994572591587,990.92,38,38,0.5,0.20388349514563106,0.32233009708737864,11774652_Bundle_1,0,0.623855755894591,1.0,3.0,2.5,2.5
11774652,200092457,MUESTRAS COSMETICOS,CYZONE,1.5,2024-08-23,7,186.0,430.195,119,0.1052631578947368,0.1587516960651289,990.92,38,38,1.0,0.8446601941747572,0.9067961165048544,11774652_Bundle_2,1,0.6954230235783634,,,,
11774652,210098840,MAQUILLAJE,CYZONE,27.9,2024-08-07,5,176.5,430.195,135,0.0701754385964912,0.180461329715061,990.92,38,38,0.0,1.0,0.6,11774652_Bundle_2,0,0.6954230235783634,1.0,3.0,2.5,2.5
11774652,200115399,MAQUILLAJE,CYZONE,17.9,2024-08-23,7,186.0,430.195,119,0.1052631578947368,0.1587516960651289,990.92,38,38,1.0,0.8446601941747572,0.9067961165048544,11774652_Bundle_2,0,0.6954230235783634,1.0,3.0,2.5,2.5
11774652,200095931,FRAGANCIAS,ESIKA,30.46,2024-09-23,7,174.8,430.195,88,0.1052631578947368,0.1166892808683853,990.92,38,38,1.0,0.5436893203883495,0.7262135922330097,11774652_Bundle_2,0,0.6954230235783634,1.0,3.0,2.5,2.5
11774652,200114935,FRAGANCIAS,CYZONE,33.7,2024-09-23,7,174.8,430.195,88,0.1052631578947368,0.1166892808683853,990.92,38,38,1.0,0.5436893203883495,0.7262135922330097,11774652_Bundle_2,0,0.6954230235783634,1.0,3.0,2.5,2.5
11774652,200108674,CUIDADO PERSONAL,ESIKA,9.04,2024-09-10,6,150.6,430.195,101,0.087719298245614,0.1343283582089552,990.92,38,38,0.5,0.6699029126213593,0.6019417475728155,11774652_Bundle_2,0,0.6954230235783634,1.0,3.0,2.5,2.5
11774652,200108807,CUIDADO PERSONAL,ESIKA,7.38,2024-11-18,7,118.32,430.195,32,0.1052631578947368,0.0407055630936228,990.92,38,38,1.0,0.0,0.4,11774652_Bundle_2,0,0.6954230235783634,1.0,3.0,2.5,2.5
11976964,200101577,MAQUILLAJE,ESIKA,17.9,2023-01-09,22,644.4,430.195,711,0.3684210526315789,0.9620081411126188,5404.78,190,161,1.0,0.9169960474308301,0.9501976284584981,11976964_Bundle_1,1,0.5534575569358179,,,,
11976964,210096699,BIJOUTERIE,ESIKA,19.9,2023-02-20,20,544.1,430.195,669,0.3333333333333333,0.9050203527815468,5404.78,190,161,0.8666666666666667,0.7509881422924901,0.7972595520421607,11976964_Bundle_1,0,0.5534575569358179,1.0,3.0,2.5,2.5
11976964,200106284,FRAGANCIAS,ESIKA,52.9,2023-03-13,19,589.3000000000001,430.195,648,0.3157894736842105,0.8765264586160109,5404.78,190,161,0.8,0.6679841897233202,0.7207905138339922,11976964_Bundle_1,0,0.5534575569358179,1.0,3.0,2.5,2.5
11976964,210100317,COMPLEMENTOS,CYZONE,79.9,2023-03-13,19,589.3000000000001,430.195,648,0.3157894736842105,0.8765264586160109,5404.78,190,161,0.8,0.6679841897233202,0.7207905138339922,11976964_Bundle_1,0,0.5534575569358179,1.0,3.0,2.5,2.5
11976964,210102012,COMPLEMENTOS,CYZONE,89.9,2023-06-02,11,434.7,430.195,567,0.175438596491228,0.7666214382632293,5404.78,190,161,0.26666666666666666,0.34782608695652173,0.3153623188405797,11976964_Bundle_1,0,0.5534575569358179,1.0,3.0,2.5,2.5
11976964,200107822,CUIDADO PERSONAL,LBEL,23.0,2023-08-08,16,319.9,430.195,500,0.2631578947368421,0.6757123473541384,5404.78,190,161,0.6,0.08300395256916997,0.28980237154150196,11976964_Bundle_1,0,0.5534575569358179,1.0,3.0,2.5,2.5
11976964,200103960,CUIDADO PERSONAL,ESIKA,9.9,2023-08-29,10,227.73,430.195,479,0.1578947368421052,0.6472184531886025,5404.78,190,161,0.2,0.0,0.08000000000000002,11976964_Bundle_1,0,0.5534575569358179,1.0,3.0,2.5,2.5
11976964,200101577,MAQUILLAJE,ESIKA,17.9,2023-01-09,22,644.4,430.195,711,0.3684210526315789,0.9620081411126188,5404.78,190,161,1.0,0.9169960474308301,0.9501976284584981,11976964_Bundle_2,1,0.7542330133634482,,,,
11976964,210096699,BIJOUTERIE,ESIKA,19.9,2023-02-20,20,544.1,430.195,669,0.3333333333333333,0.9050203527815468,5404.78,190,161,0.8666666666666667,0.7509881422924901,0.7972595520421607,11976964_Bundle_2,0,0.7542330133634482,1.0,3.0,2.5,2.5
11976964,210095249,CUIDADO PERSONAL,CYZONE,23.9,2023-01-09,22,644.4,430.195,711,0.3684210526315789,0.9620081411126188,5404.78,190,161,1.0,0.9169960474308301,0.9501976284584981,11976964_Bundle_2,0,0.7542330133634482,1.0,3.0,2.5,2.5
11976964,200078924,CUIDADO PERSONAL,ESIKA,22.9,2023-04-03,19,485.4,430.195,627,0.3157894736842105,0.8480325644504749,5404.78,190,161,0.8,0.5849802371541502,0.6709881422924902,11976964_Bundle_2,0,0.7542330133634482,1.0,3.0,2.5,2.5
11976964,200097066,CUIDADO PERSONAL,ESIKA,30.9,2023-08-08,16,319.9,430.195,500,0.2631578947368421,0.6757123473541384,5404.78,190,161,0.6,0.08300395256916997,0.28980237154150196,11976964_Bundle_2,0,0.7542330133634482,1.0,3.0,2.5,2.5
11976964,200090351,TRATAMIENTO CORPORAL,ESIKA,31.9,2023-04-03,19,485.4,430.195,627,0.3157894736842105,0.8480325644504749,5404.78,190,161,0.8,0.5849802371541502,0.6709881422924902,11976964_Bundle_2,0,0.7542330133634482,1.0,3.0,2.5,2.5
11976964,200105216,TRATAMIENTO FACIAL,ESIKA,18.8,2023-01-09,22,644.4,430.195,711,0.3684210526315789,0.9620081411126188,5404.78,190,161,1.0,0.9169960474308301,0.9501976284584981,11976964_Bundle_2,0,0.7542330133634482,1.0,3.0,2.5,2.5
12221789,200105190,CUIDADO PERSONAL,ESIKA,7.38,2023-04-14,23,465.26,430.195,616,0.3859649122807017,0.8331071913161465,6434.14,218,166,0.88,0.8241206030150754,0.8464723618090453,12221789_Bundle_1,1,0.5982885857860732,,,,
12221789,200113203,MAQUILLAJE,LBEL,14.97,2023-09-13,11,202.76,430.195,464,0.175438596491228,0.6268656716417911,6434.14,218,166,0.4,0.06030150753768844,0.1961809045226131,12221789_Bundle_1,0,0.5982885857860732,1.0,3.0,2.5,2.5
12221789,200109157,MAQUILLAJE,LBEL,22.47,2023-05-19,26,793.13,430.195,581,0.4385964912280701,0.7856173677069199,6434.14,218,166,1.0,0.6482412060301508,0.7889447236180904,12221789_Bundle_1,0,0.5982885857860732,1.0,3.0,2.5,2.5
12221789,200103917,MAQUILLAJE,CYZONE,18.9,2023-03-24,11,453.3,430.195,637,0.175438596491228,0.8616010854816825,6434.14,218,166,0.4,0.9296482412060302,0.7177889447236181,12221789_Bundle_1,0,0.5982885857860732,1.0,3.0,2.5,2.5
12221789,200107613,MAQUILLAJE,LBEL,22.0,2023-07-31,17,475.9,430.195,508,0.2807017543859649,0.6865671641791045,6434.14,218,166,0.64,0.2814070351758794,0.42484422110552766,12221789_Bundle_1,0,0.5982885857860732,1.0,3.0,2.5,2.5
12221789,200112752,MAQUILLAJE,ESIKA,12.9,2023-07-31,17,475.9,430.195,508,0.2807017543859649,0.6865671641791045,6434.14,218,166,0.64,0.2814070351758794,0.42484422110552766,12221789_Bundle_1,0,0.5982885857860732,1.0,3.0,2.5,2.5
12221789,200098788,TRATAMIENTO FACIAL,LBEL,27.98,2023-05-19,26,793.13,430.195,581,0.4385964912280701,0.7856173677069199,6434.14,218,166,1.0,0.6482412060301508,0.7889447236180904,12221789_Bundle_1,0,0.5982885857860732,1.0,3.0,2.5,2.5
12221789,200105190,CUIDADO PERSONAL,ESIKA,7.38,2023-04-14,23,465.26,430.195,616,0.3859649122807017,0.8331071913161465,6434.14,218,166,0.88,0.8241206030150754,0.8464723618090453,12221789_Bundle_2,1,0.5831098348887294,,,,
12221789,200105070,MAQUILLAJE,LBEL,39.9,2023-07-10,26,559.11,430.195,529,0.4385964912280701,0.7150610583446404,6434.14,218,166,1.0,0.3869346733668342,0.6321608040201006,12221789_Bundle_2,0,0.5831098348887294,1.0,3.0,2.5,2.5
12221789,200109803,MAQUILLAJE,LBEL,31.45,2023-09-13,11,202.76,430.195,464,0.175438596491228,0.6268656716417911,6434.14,218,166,0.4,0.06030150753768844,0.1961809045226131,12221789_Bundle_2,0,0.5831098348887294,1.0,3.0,2.5,2.5
12221789,200101369,FRAGANCIAS,LBEL,14.98,2023-07-10,26,559.11,430.195,529,0.4385964912280701,0.7150610583446404,6434.14,218,166,1.0,0.3869346733668342,0.6321608040201006,12221789_Bundle_2,0,0.5831098348887294,1.0,3.0,2.5,2.5
12221789,210098829,MAQUILLAJE,CYZONE,32.9,2023-07-31,17,475.9,430.195,508,0.2807017543859649,0.6865671641791045,6434.14,218,166,0.64,0.2814070351758794,0.42484422110552766,12221789_Bundle_2,0,0.5831098348887294,1.0,3.0,2.5,2.5
12221789,200103963,TRATAMIENTO CORPORAL,LBEL,13.65,2023-03-24,11,453.3,430.195,637,0.175438596491228,0.8616010854816825,6434.14,218,166,0.4,0.9296482412060302,0.7177889447236181,12221789_Bundle_2,0,0.5831098348887294,1.0,3.0,2.5,2.5
12221789,200073557,TRATAMIENTO FACIAL,LBEL,24.9,2023-07-10,26,559.11,430.195,529,0.4385964912280701,0.7150610583446404,6434.14,218,166,1.0,0.3869346733668342,0.6321608040201006,12221789_Bundle_2,0,0.5831098348887294,1.0,3.0,2.5,2.5
20312556,200072913,FRAGANCIAS,ESIKA,21.9,2022-12-22,7,265.3,430.195,729,0.1052631578947368,0.9864314789687924,265.3,7,7,0.0,0.0,0.0,20312556_Bundle_1,1,0.0,,,,
20312556,200108908,CUIDADO PERSONAL,CYZONE,22.9,2022-12-22,7,265.3,430.195,729,0.1052631578947368,0.9864314789687924,265.3,7,7,0.0,0.0,0.0,20312556_Bundle_1,0,0.0,1.0,3.0,2.5,2.5
20312556,210102331,BIJOUTERIE,ESIKA,34.9,2022-12-22,7,265.3,430.195,729,0.1052631578947368,0.9864314789687924,265.3,7,7,0.0,0.0,0.0,20312556_Bundle_1,0,0.0,1.0,3.0,2.5,2.5
20312556,210097864,COMPLEMENTOS,CYZONE,84.9,2022-12-22,7,265.3,430.195,729,0.1052631578947368,0.9864314789687924,265.3,7,7,0.0,0.0,0.0,20312556_Bundle_1,0,0.0,1.0,2.0,1.75,1.75
20312556,200091727,FRAGANCIAS,ESIKA,43.9,2022-12-22,7,265.3,430.195,729,0.1052631578947368,0.9864314789687924,265.3,7,7,0.0,0.0,0.0,20312556_Bundle_1,0,0.0,0.0,2.0,1.5,1.5
20312556,200103025,CUIDADO PERSONAL,ESIKA,29.9,2022-12-22,7,265.3,430.195,729,0.1052631578947368,0.9864314789687924,265.3,7,7,0.0,0.0,0.0,20312556_Bundle_1,0,0.0,1.0,1.0,1.0,1.0
20312556,200091357,FRAGANCIAS,ESIKA,26.9,2022-12-22,7,265.3,430.195,729,0.1052631578947368,0.9864314789687924,265.3,7,7,0.0,0.0,0.0,20312556_Bundle_1,0,0.0,0.0,1.0,0.75,0.75
20312556,200072913,FRAGANCIAS,ESIKA,21.9,2022-12-22,7,265.3,430.195,729,0.1052631578947368,0.9864314789687924,265.3,7,7,0.0,0.0,0.0,20312556_Bundle_2,1,0.0,,,,
20312556,210097864,COMPLEMENTOS,CYZONE,84.9,2022-12-22,7,265.3,430.195,729,0.1052631578947368,0.9864314789687924,265.3,7,7,0.0,0.0,0.0,20312556_Bundle_2,0,0.0,1.0,2.0,1.75,1.75
20312556,210102331,BIJOUTERIE,ESIKA,34.9,2022-12-22,7,265.3,430.195,729,0.1052631578947368,0.9864314789687924,265.3,7,7,0.0,0.0,0.0,20312556_Bundle_2,0,0.0,1.0,2.0,1.75,1.75
20312556,200091727,FRAGANCIAS,ESIKA,43.9,2022-12-22,7,265.3,430.195,729,0.1052631578947368,0.9864314789687924,265.3,7,7,0.0,0.0,0.0,20312556_Bundle_2,0,0.0,0.0,1.0,0.75,0.75
20312556,200091357,FRAGANCIAS,ESIKA,26.9,2022-12-22,7,265.3,430.195,729,0.1052631578947368,0.9864314789687924,265.3,7,7,0.0,0.0,0.0,20312556_Bundle_2,0,0.0,0.0,1.0,0.75,0.75
20312556,200103025,CUIDADO PERSONAL,ESIKA,29.9,2022-12-22,7,265.3,430.195,729,0.1052631578947368,0.9864314789687924,265.3,7,7,0.0,0.0,0.0,20312556_Bundle_2,0,0.0,1.0,0.0,0.25,0.25
20312556,200108908,CUIDADO PERSONAL,CYZONE,22.9,2022-12-22,7,265.3,430.195,729,0.1052631578947368,0.9864314789687924,265.3,7,7,0.0,0.0,0.0,20312556_Bundle_2,0,0.0,1.0,0.0,0.25,0.25
21793760,200105188,CUIDADO PERSONAL,ESIKA,7.38,2023-10-27,21,471.7,430.195,420,0.3508771929824561,0.5671641791044776,8202.48,291,200,0.7272727272727273,1.0,0.8909090909090909,21793760_Bundle_1,1,0.7854370348752372,,,,
21793760,200106556,MAQUILLAJE,CYZONE,18.9,2023-12-15,14,360.75,430.195,371,0.2280701754385964,0.5006784260515604,8202.48,291,200,0.4090909090909091,0.8623595505617978,0.6810520939734424,21793760_Bundle_1,0,0.7854370348752372,1.0,3.0,2.5,2.5
21793760,200105216,TRATAMIENTO FACIAL,ESIKA,25.9,2024-02-09,26,779.5,430.195,315,0.4385964912280701,0.4246947082767978,8202.48,291,200,0.9545454545454546,0.7050561797752809,0.8048518896833503,21793760_Bundle_1,0,0.7854370348752372,1.0,3.0,2.5,2.5
21793760,200114988,TRATAMIENTO CORPORAL,ESIKA,14.2,2024-03-21,24,499.32,430.195,274,0.4035087719298245,0.3690637720488466,8202.48,291,200,0.8636363636363636,0.5898876404494382,0.6993871297242084,21793760_Bundle_1,0,0.7854370348752372,1.0,3.0,2.5,2.5
21793760,200112904,MAQUILLAJE,CYZONE,22.9,2023-12-07,23,582.9,430.195,379,0.3859649122807017,0.5115332428765265,8202.48,291,200,0.8181818181818182,0.8848314606741573,0.8581716036772218,21793760_Bundle_1,0,0.7854370348752372,1.0,3.0,2.5,2.5
21793760,210095971,MAQUILLAJE,CYZONE,25.9,2024-01-19,17,527.6999999999999,430.195,336,0.2807017543859649,0.4531886024423338,8202.48,291,200,0.5454545454545454,0.7640449438202247,0.676608784473953,21793760_Bundle_1,0,0.7854370348752372,1.0,3.0,2.5,2.5
21793760,200105079,FRAGANCIAS,CYZONE,16.64,2024-01-02,27,707.1999999999999,430.195,353,0.4561403508771929,0.4762550881953867,8202.48,291,200,1.0,0.8117977528089888,0.8870786516853932,21793760_Bundle_1,0,0.7854370348752372,1.0,3.0,2.5,2.5
21793760,200105188,CUIDADO PERSONAL,ESIKA,7.38,2023-10-27,21,471.7,430.195,420,0.3508771929824561,0.5671641791044776,8202.48,291,200,0.7272727272727273,1.0,0.8909090909090909,21793760_Bundle_2,1,0.5956734276958995,,,,
21793760,200109890,MAQUILLAJE,CYZONE,16.9,2023-10-27,21,471.7,430.195,420,0.3508771929824561,0.5671641791044776,8202.48,291,200,0.7272727272727273,1.0,0.8909090909090909,21793760_Bundle_2,0,0.5956734276958995,1.0,3.0,2.5,2.5
21793760,200101421,FRAGANCIAS,ESIKA,115.9,2024-07-25,11,416.3,430.195,148,0.175438596491228,0.1981004070556309,8202.48,291,200,0.2727272727272727,0.23595505617977527,0.25066394279877424,21793760_Bundle_2,0,0.5956734276958995,1.0,3.0,2.5,2.5
21793760,200090452,FRAGANCIAS,ESIKA,42.9,2024-05-24,12,479.0,430.195,210,0.1929824561403508,0.282225237449118,8202.48,291,200,0.3181818181818182,0.4101123595505618,0.3733401430030644,21793760_Bundle_2,0,0.5956734276958995,1.0,3.0,2.5,2.5
21793760,200103354,MAQUILLAJE,ESIKA,17.9,2024-05-24,12,479.0,430.195,210,0.1929824561403508,0.282225237449118,8202.48,291,200,0.3181818181818182,0.4101123595505618,0.3733401430030644,21793760_Bundle_2,0,0.5956734276958995,1.0,3.0,2.5,2.5
21793760,210101851,PROMOCION USUARIOS,CYZONE,2.0,2023-10-27,21,471.7,430.195,420,0.3508771929824561,0.5671641791044776,8202.48,291,200,0.7272727272727273,1.0,0.8909090909090909,21793760_Bundle_2,0,0.5956734276958995,1.0,3.0,2.5,2.5
21793760,200086432,FRAGANCIAS,ESIKA,20.3,2024-05-03,17,435.9,430.195,231,0.2807017543859649,0.310719131614654,8202.48,291,200,0.5454545454545454,0.4691011235955056,0.4996424923391215,21793760_Bundle_2,0,0.5956734276958995,1.0,3.0,2.5,2.5
23240475,210103599,BIJOUTERIE,ESIKA,44.9,2023-09-22,9,412.1,430.195,455,0.1403508771929824,0.6146540027137042,4480.2,132,126,0.35714285714285715,0.9627659574468085,0.7205167173252279,23240475_Bundle_1,1,0.5087060356057316,,,,
23240475,200107358,MAQUILLAJE,CYZONE,13.9,2023-10-11,10,322.4,430.195,436,0.1578947368421052,0.5888738127544098,4480.2,132,126,0.42857142857142855,0.9122340425531915,0.7187689969604862,23240475_Bundle_1,0,0.5087060356057316,1.0,3.0,2.5,2.5
23240475,210105297,COMPLEMENTOS,CYZONE,49.9,2024-02-07,7,264.0,430.195,317,0.1052631578947368,0.4274084124830393,4480.2,132,126,0.21428571428571427,0.5957446808510638,0.443161094224924,23240475_Bundle_1,0,0.5087060356057316,1.0,3.0,2.5,2.5
23240475,210106172,COMPLEMENTOS,CYZONE,40.9,2024-09-18,4,177.6,430.195,93,0.0526315789473684,0.1234735413839891,4480.2,132,126,0.0,0.0,0.0,23240475_Bundle_1,0,0.5087060356057316,1.0,3.0,2.5,2.5
23240475,200113293,MAQUILLAJE,ESIKA,19.95,2024-06-11,10,300.4,430.195,192,0.1578947368421052,0.2578018995929443,4480.2,132,126,0.42857142857142855,0.2632978723404255,0.3294072948328267,23240475_Bundle_1,0,0.5087060356057316,1.0,3.0,2.5,2.5
23240475,200108409,FRAGANCIAS,ESIKA,28.88,2023-09-08,5,287.6,430.195,469,0.0701754385964912,0.6336499321573948,4480.2,132,126,0.07142857142857142,1.0,0.6285714285714286,23240475_Bundle_1,0,0.5087060356057316,1.0,3.0,2.5,2.5
23240475,200105041,FRAGANCIAS,ESIKA,32.9,2023-09-22,9,412.1,430.195,455,0.1403508771929824,0.6146540027137042,4480.2,132,126,0.35714285714285715,0.9627659574468085,0.7205167173252279,23240475_Bundle_1,0,0.5087060356057316,1.0,3.0,2.5,2.5
23240475,210103599,BIJOUTERIE,ESIKA,44.9,2023-09-22,9,412.1,430.195,455,0.1403508771929824,0.6146540027137042,4480.2,132,126,0.35714285714285715,0.9627659574468085,0.7205167173252279,23240475_Bundle_2,1,0.5623643074250977,,,,
23240475,210104319,MAQUILLAJE,CYZONE,13.9,2024-07-03,15,421.7,430.195,170,0.2456140350877192,0.2279511533242876,4480.2,132,126,0.7857142857142857,0.2047872340425532,0.4371580547112462,23240475_Bundle_2,0,0.5623643074250977,1.0,3.0,2.5,2.5
23240475,200086399,FRAGANCIAS,LBEL,57.52,2023-10-11,10,322.4,430.195,436,0.1578947368421052,0.5888738127544098,4480.2,132,126,0.42857142857142855,0.9122340425531915,0.7187689969604862,23240475_Bundle_2,0,0.5623643074250977,1.0,3.0,2.5,2.5
23240475,200113781,FRAGANCIAS,CYZONE,25.9,2024-01-17,15,493.0,430.195,338,0.2456140350877192,0.4559023066485753,4480.2,132,126,0.7857142857142857,0.651595744680851,0.7052431610942249,23240475_Bundle_2,0,0.5623643074250977,1.0,3.0,2.5,2.5
23240475,200115982,FRAGANCIAS,CYZONE,36.9,2024-02-07,7,264.0,430.195,317,0.1052631578947368,0.4274084124830393,4480.2,132,126,0.21428571428571427,0.5957446808510638,0.443161094224924,23240475_Bundle_2,0,0.5623643074250977,1.0,3.0,2.5,2.5
23240475,200105214,TRATAMIENTO FACIAL,ESIKA,32.45,2024-08-14,18,471.7,430.195,128,0.2982456140350877,0.1709633649932157,4480.2,132,126,1.0,0.09308510638297872,0.45585106382978724,23240475_Bundle_2,0,0.5623643074250977,1.0,3.0,2.5,2.5
23240475,200114209,MAQUILLAJE,CYZONE,15.9,2024-08-14,18,471.7,430.195,128,0.2982456140350877,0.1709633649932157,4480.2,132,126,1.0,0.09308510638297872,0.45585106382978724,23240475_Bundle_2,0,0.5623643074250977,1.0,3.0,2.5,2.5
24730247,210097111,HOGAR,CYZONE,9.9,2024-02-13,12,379.9,430.195,311,0.1929824561403508,0.4192672998643147,1925.37,71,63,0.6,1.0,0.84,24730247_Bundle_1,1,0.531588785046729,,,,
24730247,200103449,CUIDADO PERSONAL,CYZONE,5.4,2024-05-30,12,287.85,430.195,204,0.1929824561403508,0.2740841248303934,1925.37,71,63,0.6,0.0,0.24,24730247_Bundle_1,0,0.531588785046729,1.0,3.0,2.5,2.5
24730247,200095162,CUIDADO PERSONAL,ESIKA,5.4,2024-05-30,12,287.85,430.195,204,0.1929824561403508,0.2740841248303934,1925.37,71,63,0.6,0.0,0.24,24730247_Bundle_1,0,0.531588785046729,1.0,3.0,2.5,2.5
24730247,200112361,CUIDADO PERSONAL,ESIKA,22.45,2024-02-13,12,379.9,430.195,311,0.1929824561403508,0.4192672998643147,1925.37,71,63,0.6,1.0,0.84,24730247_Bundle_1,0,0.531588785046729,1.0,3.0,2.5,2.5
24730247,210104921,COMPLEMENTOS,CYZONE,59.9,2024-04-17,14,391.24,430.195,247,0.2280701754385964,0.3324287652645861,1925.37,71,63,1.0,0.40186915887850466,0.6411214953271028,24730247_Bundle_1,0,0.531588785046729,1.0,3.0,2.5,2.5
24730247,200105190,CUIDADO PERSONAL,ESIKA,7.38,2024-05-10,9,251.64,430.195,224,0.1403508771929824,0.3012211668928087,1925.37,71,63,0.0,0.18691588785046728,0.11214953271028037,24730247_Bundle_1,0,0.531588785046729,1.0,3.0,2.5,2.5
24730247,210095412,BIJOUTERIE,ESIKA,34.9,2024-03-04,13,399.63,430.195,291,0.2105263157894736,0.3921302578018996,1925.37,71,63,0.8,0.8130841121495327,0.8078504672897197,24730247_Bundle_1,0,0.531588785046729,1.0,3.0,2.5,2.5
24730247,210097111,HOGAR,CYZONE,9.9,2024-02-13,12,379.9,430.195,311,0.1929824561403508,0.4192672998643147,1925.37,71,63,0.6,1.0,0.84,24730247_Bundle_2,1,0.6774365821094793,,,,
24730247,200095426,CUIDADO PERSONAL,CYZONE,7.38,2024-04-17,14,391.24,430.195,247,0.2280701754385964,0.3324287652645861,1925.37,71,63,1.0,0.40186915887850466,0.6411214953271028,24730247_Bundle_2,0,0.6774365821094793,1.0,3.0,2.5,2.5
24730247,200104873,CUIDADO PERSONAL,ESIKA,14.95,2024-04-17,14,391.24,430.195,247,0.2280701754385964,0.3324287652645861,1925.37,71,63,1.0,0.40186915887850466,0.6411214953271028,24730247_Bundle_2,0,0.6774365821094793,1.0,3.0,2.5,2.5
24730247,200112314,FRAGANCIAS,ESIKA,27.48,2024-03-04,13,399.63,430.195,291,0.2105263157894736,0.3921302578018996,1925.37,71,63,0.8,0.8130841121495327,0.8078504672897197,24730247_Bundle_2,0,0.6774365821094793,1.0,3.0,2.5,2.5
24730247,200103327,MAQUILLAJE,ESIKA,23.9,2024-03-30,11,215.11,430.195,265,0.175438596491228,0.3568521031207598,1925.37,71,63,0.4,0.5700934579439252,0.5020560747663552,24730247_Bundle_2,0,0.6774365821094793,1.0,3.0,2.5,2.5
24730247,200091269,CUIDADO PERSONAL,LBEL,17.9,2024-03-30,11,215.11,430.195,265,0.175438596491228,0.3568521031207598,1925.37,71,63,0.4,0.5700934579439252,0.5020560747663552,24730247_Bundle_2,0,0.6774365821094793,1.0,3.0,2.5,2.5
24730247,200089509,FRAGANCIAS,ESIKA,20.0,2024-03-04,13,399.63,430.195,291,0.2105263157894736,0.3921302578018996,1925.37,71,63,0.8,0.8130841121495327,0.8078504672897197,24730247_Bundle_2,0,0.6774365821094793,1.0,3.0,2.5,2.5
26864194,200106606,MAQUILLAJE,CYZONE,18.9,2023-11-20,16,433.5,430.195,396,0.2631578947368421,0.5345997286295794,3527.81,130,117,0.8823529411764706,1.0,0.9529411764705882,26864194_Bundle_1,1,0.5920650227304035,,,,
26864194,200111412,CUIDADO PERSONAL,CYZONE,28.9,2024-02-09,13,345.7,430.195,315,0.2105263157894736,0.4246947082767978,3527.81,130,117,0.7058823529411765,0.5573770491803278,0.6167791706846673,26864194_Bundle_1,0,0.5920650227304035,1.0,3.0,2.5,2.5
26864194,200106356,FRAGANCIAS,CYZONE,32.9,2024-04-10,17,282.81,430.195,254,0.2807017543859649,0.3419267299864315,3527.81,130,117,0.9411764705882353,0.22404371584699453,0.5108968177434908,26864194_Bundle_1,0,0.5920650227304035,1.0,3.0,2.5,2.5
26864194,210099151,BIJOUTERIE,ESIKA,59.9,2024-05-21,18,500.6,430.195,213,0.2982456140350877,0.2862957937584803,3527.81,130,117,1.0,0.0,0.4,26864194_Bundle_1,0,0.5920650227304035,1.0,3.0,2.5,2.5
26864194,200109874,FRAGANCIAS,CYZONE,24.95,2023-11-20,16,433.5,430.195,396,0.2631578947368421,0.5345997286295794,3527.81,130,117,0.8823529411764706,1.0,0.9529411764705882,26864194_Bundle_1,0,0.5920650227304035,1.0,3.0,2.5,2.5
26864194,200094941,FRAGANCIAS,CYZONE,32.9,2024-03-21,1,32.9,430.195,274,0.0,0.3690637720488466,3527.81,130,117,0.0,0.3333333333333333,0.19999999999999998,26864194_Bundle_1,0,0.5920650227304035,1.0,3.0,2.5,2.5
26864194,200105188,CUIDADO PERSONAL,ESIKA,7.63,2024-04-10,17,282.81,430.195,254,0.2807017543859649,0.3419267299864315,3527.81,130,117,0.9411764705882353,0.22404371584699453,0.5108968177434908,26864194_Bundle_1,0,0.5920650227304035,1.0,3.0,2.5,2.5
26864194,200106606,MAQUILLAJE,CYZONE,18.9,2023-11-20,16,433.5,430.195,396,0.2631578947368421,0.5345997286295794,3527.81,130,117,0.8823529411764706,1.0,0.9529411764705882,26864194_Bundle_2,1,0.5777104284336686,,,,
26864194,210097536,TRATAMIENTO CORPORAL,CYZONE,27.9,2024-02-09,13,345.7,430.195,315,0.2105263157894736,0.4246947082767978,3527.81,130,117,0.7058823529411765,0.5573770491803278,0.6167791706846673,26864194_Bundle_2,0,0.5777104284336686,1.0,3.0,2.5,2.5
26864194,200109537,CUIDADO PERSONAL,ESIKA,7.63,2024-04-10,17,282.81,430.195,254,0.2807017543859649,0.3419267299864315,3527.81,130,117,0.9411764705882353,0.22404371584699453,0.5108968177434908,26864194_Bundle_2,0,0.5777104284336686,1.0,3.0,2.5,2.5
26864194,200115554,FRAGANCIAS,LBEL,44.9,2024-04-10,17,282.81,430.195,254,0.2807017543859649,0.3419267299864315,3527.81,130,117,0.9411764705882353,0.22404371584699453,0.5108968177434908,26864194_Bundle_2,0,0.5777104284336686,1.0,3.0,2.5,2.5
26864194,210104208,BIJOUTERIE,ESIKA,39.9,2024-02-29,8,276.2,430.195,295,0.1228070175438596,0.3975576662143826,3527.81,130,117,0.4117647058823529,0.44808743169398907,0.4335583413693346,26864194_Bundle_2,0,0.5777104284336686,1.0,3.0,2.5,2.5
26864194,200094936,FRAGANCIAS,CYZONE,25.9,2024-02-09,13,345.7,430.195,315,0.2105263157894736,0.4246947082767978,3527.81,130,117,0.7058823529411765,0.5573770491803278,0.6167791706846673,26864194_Bundle_2,0,0.5777104284336686,1.0,3.0,2.5,2.5
26864194,200114986,TRATAMIENTO CORPORAL,ESIKA,24.3,2024-05-06,16,473.8,430.195,228,0.2631578947368421,0.3066485753052917,3527.81,130,117,0.8823529411764706,0.08196721311475409,0.4021215043394407,26864194_Bundle_2,0,0.5777104284336686,1.0,3.0,2.5,2.5
30185862,200106852,FRAGANCIAS,LBEL,79.0,2022-12-15,11,404.7,430.195,736,0.175438596491228,0.9959294436906376,969.9,27,26,1.0,1.0,1.0,30185862_Bundle_1,1,0.8179939209726445,,,,
30185862,200109538,FRAGANCIAS,LBEL,71.9,2022-12-15,11,404.7,430.195,736,0.175438596491228,0.9959294436906376,969.9,27,26,1.0,1.0,1.0,30185862_Bundle_1,0,0.8179939209726445,0.0,3.0,2.25,2.25
30185862,200094149,FRAGANCIAS,CYZONE,17.5,2023-01-11,10,345.8,430.195,709,0.1578947368421052,0.9592944369063772,969.9,27,26,0.8,0.425531914893617,0.5753191489361702,30185862_Bundle_1,0,0.8179939209726445,0.0,3.0,2.25,2.25
30185862,200106354,FRAGANCIAS,LBEL,24.95,2022-12-15,11,404.7,430.195,736,0.175438596491228,0.9959294436906376,969.9,27,26,1.0,1.0,1.0,30185862_Bundle_1,0,0.8179939209726445,0.0,3.0,2.25,2.25
30185862,200083916,FRAGANCIAS,LBEL,54.95,2023-01-11,10,345.8,430.195,709,0.1578947368421052,0.9592944369063772,969.9,27,26,0.8,0.425531914893617,0.5753191489361702,30185862_Bundle_1,0,0.8179939209726445,0.0,3.0,2.25,2.25
30185862,200039855,FRAGANCIAS,CYZONE,26.6,2022-12-15,11,404.7,430.195,736,0.175438596491228,0.9959294436906376,969.9,27,26,1.0,1.0,1.0,30185862_Bundle_1,0,0.8179939209726445,0.0,3.0,2.25,2.25
30185862,200082974,FRAGANCIAS,LBEL,54.95,2023-01-11,10,345.8,430.195,709,0.1578947368421052,0.9592944369063772,969.9,27,26,0.8,0.425531914893617,0.5753191489361702,30185862_Bundle_1,0,0.8179939209726445,0.0,3.0,2.25,2.25
30185862,200106852,FRAGANCIAS,LBEL,79.0,2022-12-15,11,404.7,430.195,736,0.175438596491228,0.9959294436906376,969.9,27,26,1.0,1.0,1.0,30185862_Bundle_2,1,0.5929483282674772,,,,
30185862,210097908,HOGAR,CYZONE,26.9,2023-01-31,6,219.4,430.195,689,0.087719298245614,0.932157394843962,969.9,27,26,0.0,0.0,0.0,30185862_Bundle_2,0,0.5929483282674772,1.0,3.0,2.5,2.5
30185862,200105035,TRATAMIENTO FACIAL,CYZONE,15.9,2023-01-11,10,345.8,430.195,709,0.1578947368421052,0.9592944369063772,969.9,27,26,0.8,0.425531914893617,0.5753191489361702,30185862_Bundle_2,0,0.5929483282674772,1.0,3.0,2.5,2.5
30185862,210104543,BIJOUTERIE,ESIKA,29.9,2023-01-11,10,345.8,430.195,709,0.1578947368421052,0.9592944369063772,969.9,27,26,0.8,0.425531914893617,0.5753191489361702,30185862_Bundle_2,0,0.5929483282674772,1.0,3.0,2.5,2.5
30185862,210102311,BIJOUTERIE,ESIKA,47.9,2023-01-31,6,219.4,430.195,689,0.087719298245614,0.932157394843962,969.9,27,26,0.0,0.0,0.0,30185862_Bundle_2,0,0.5929483282674772,1.0,3.0,2.5,2.5
30185862,200105041,FRAGANCIAS,ESIKA,26.6,2022-12-15,11,404.7,430.195,736,0.175438596491228,0.9959294436906376,969.9,27,26,1.0,1.0,1.0,30185862_Bundle_2,0,0.5929483282674772,0.0,3.0,2.25,2.25
30185862,200099047,FRAGANCIAS,ESIKA,38.3,2022-12-15,11,404.7,430.195,736,0.175438596491228,0.9959294436906376,969.9,27,26,1.0,1.0,1.0,30185862_Bundle_2,0,0.5929483282674772,0.0,3.0,2.25,2.25
30803868,200105041,FRAGANCIAS,ESIKA,19.9,2023-01-04,13,419.0,430.195,716,0.2105263157894736,0.9687924016282226,3890.96,156,125,0.5217391304347826,1.0,0.808695652173913,30803868_Bundle_1,1,0.63552662171588,,,,
30803868,200101061,TRATAMIENTO FACIAL,ESIKA,29.9,2023-01-24,16,387.5,430.195,696,0.2631578947368421,0.9416553595658074,3890.96,156,125,0.6521739130434783,0.893048128342246,0.7966984422227388,30803868_Bundle_1,0,0.63552662171588,1.0,3.0,2.5,2.5
30803868,210102163,BIJOUTERIE,CYZONE,37.9,2023-04-11,8,177.78,430.195,619,0.1228070175438596,0.8371777476255088,3890.96,156,125,0.30434782608695654,0.48128342245989303,0.41050918391071844,30803868_Bundle_1,0,0.63552662171588,1.0,3.0,2.5,2.5
30803868,210102159,BIJOUTERIE,CYZONE,49.95,2023-01-24,16,387.5,430.195,696,0.2631578947368421,0.9416553595658074,3890.96,156,125,0.6521739130434783,0.893048128342246,0.7966984422227388,30803868_Bundle_1,0,0.63552662171588,1.0,3.0,2.5,2.5
30803868,200108807,CUIDADO PERSONAL,ESIKA,5.1,2023-06-09,24,537.65,430.195,560,0.4035087719298245,0.757123473541384,3890.96,156,125,1.0,0.1657754010695187,0.49946524064171127,30803868_Bundle_1,0,0.63552662171588,1.0,3.0,2.5,2.5
30803868,210095652,MAQUILLAJE,CYZONE,19.9,2023-05-23,11,271.69,430.195,577,0.175438596491228,0.7801899592944369,3890.96,156,125,0.43478260869565216,0.25668449197860965,0.3279237386654267,30803868_Bundle_1,0,0.63552662171588,1.0,3.0,2.5,2.5
30803868,200109163,MAQUILLAJE,CYZONE,9.9,2023-01-04,13,419.0,430.195,716,0.2105263157894736,0.9687924016282226,3890.96,156,125,0.5217391304347826,1.0,0.808695652173913,30803868_Bundle_1,0,0.63552662171588,1.0,3.0,2.5,2.5
30803868,200105041,FRAGANCIAS,ESIKA,19.9,2023-01-04,13,419.0,430.195,716,0.2105263157894736,0.9687924016282226,3890.96,156,125,0.5217391304347826,1.0,0.808695652173913,30803868_Bundle_2,1,0.7259707044873285,,,,
30803868,200095157,TRATAMIENTO CORPORAL,CYZONE,18.39,2023-02-07,15,437.9,430.195,682,0.2456140350877192,0.9226594301221168,3890.96,156,125,0.6086956521739131,0.8181818181818182,0.7343873517786561,30803868_Bundle_2,0,0.7259707044873285,1.0,3.0,2.5,2.5
30803868,210102160,BIJOUTERIE,CYZONE,49.95,2023-01-24,16,387.5,430.195,696,0.2631578947368421,0.9416553595658074,3890.96,156,125,0.6521739130434783,0.893048128342246,0.7966984422227388,30803868_Bundle_2,0,0.7259707044873285,1.0,3.0,2.5,2.5
30803868,200111995,MAQUILLAJE,CYZONE,17.9,2023-01-04,13,419.0,430.195,716,0.2105263157894736,0.9687924016282226,3890.96,156,125,0.5217391304347826,1.0,0.808695652173913,30803868_Bundle_2,0,0.7259707044873285,1.0,3.0,2.5,2.5
30803868,200103026,CUIDADO PERSONAL,ESIKA,9.9,2023-01-04,13,419.0,430.195,716,0.2105263157894736,0.9687924016282226,3890.96,156,125,0.5217391304347826,1.0,0.808695652173913,30803868_Bundle_2,0,0.7259707044873285,1.0,3.0,2.5,2.5
30803868,210102159,BIJOUTERIE,CYZONE,49.95,2023-01-24,16,387.5,430.195,696,0.2631578947368421,0.9416553595658074,3890.96,156,125,0.6521739130434783,0.893048128342246,0.7966984422227388,30803868_Bundle_2,0,0.7259707044873285,1.0,3.0,2.5,2.5
30803868,210095652,MAQUILLAJE,CYZONE,19.9,2023-05-23,11,271.69,430.195,577,0.175438596491228,0.7801899592944369,3890.96,156,125,0.43478260869565216,0.25668449197860965,0.3279237386654267,30803868_Bundle_2,0,0.7259707044873285,1.0,3.0,2.5,2.5
31344638,200105335,FRAGANCIAS,LBEL,40.0,2024-06-11,10,391.0,430.195,192,0.1578947368421052,0.2578018995929443,1633.65,63,56,1.0,1.0,1.0,31344638_Bundle_1,1,0.5346031746031746,,,,
31344638,210103926,BIJOUTERIE,CYZONE,22.9,2024-10-09,6,162.29999999999998,430.195,72,0.087719298245614,0.0949796472184531,1633.65,63,56,0.2,0.1111111111111111,0.14666666666666667,31344638_Bundle_1,0,0.5346031746031746,1.0,3.0,2.5,2.5
31344638,200095430,CUIDADO PERSONAL,CYZONE,7.63,2024-06-27,9,172.29,430.195,176,0.1403508771929824,0.2360922659430122,1633.65,63,56,0.8,0.8814814814814815,0.8488888888888889,31344638_Bundle_1,0,0.5346031746031746,1.0,3.0,2.5,2.5
31344638,200103450,CUIDADO PERSONAL,CYZONE,7.63,2024-06-27,9,172.29,430.195,176,0.1403508771929824,0.2360922659430122,1633.65,63,56,0.8,0.8814814814814815,0.8488888888888889,31344638_Bundle_1,0,0.5346031746031746,1.0,3.0,2.5,2.5
31344638,200111182,TRATAMIENTO CORPORAL,ESIKA,32.9,2024-09-19,7,131.29999999999998,430.195,92,0.1052631578947368,0.1221166892808683,1633.65,63,56,0.4,0.25925925925925924,0.3155555555555556,31344638_Bundle_1,0,0.5346031746031746,1.0,3.0,2.5,2.5
31344638,200113410,TRATAMIENTO CORPORAL,LBEL,29.9,2024-10-24,8,191.4,430.195,57,0.1228070175438596,0.0746268656716417,1633.65,63,56,0.6,0.0,0.24,31344638_Bundle_1,0,0.5346031746031746,1.0,3.0,2.5,2.5
31344638,200115451,CUIDADO PERSONAL,ESIKA,25.9,2024-08-08,5,135.6,430.195,134,0.0701754385964912,0.1791044776119403,1633.65,63,56,0.0,0.5703703703703704,0.34222222222222226,31344638_Bundle_1,0,0.5346031746031746,1.0,3.0,2.5,2.5
31344638,200105335,FRAGANCIAS,LBEL,40.0,2024-06-11,10,391.0,430.195,192,0.1578947368421052,0.2578018995929443,1633.65,63,56,1.0,1.0,1.0,31344638_Bundle_2,1,0.6177777777777778,,,,
31344638,200115484,TRATAMIENTO FACIAL,CYZONE,9.3,2024-10-24,8,191.4,430.195,57,0.1228070175438596,0.0746268656716417,1633.65,63,56,0.6,0.0,0.24,31344638_Bundle_2,0,0.6177777777777778,1.0,3.0,2.5,2.5
31344638,200117467,MAQUILLAJE,ESIKA,23.9,2024-06-27,9,172.29,430.195,176,0.1403508771929824,0.2360922659430122,1633.65,63,56,0.8,0.8814814814814815,0.8488888888888889,31344638_Bundle_2,0,0.6177777777777778,1.0,3.0,2.5,2.5
31344638,210100495,MAQUILLAJE,CYZONE,7.9,2024-08-28,10,251.0,430.195,114,0.1578947368421052,0.1519674355495251,1633.65,63,56,1.0,0.4222222222222222,0.6533333333333333,31344638_Bundle_2,0,0.6177777777777778,1.0,3.0,2.5,2.5
31344638,200113410,TRATAMIENTO CORPORAL,LBEL,29.9,2024-10-24,8,191.4,430.195,57,0.1228070175438596,0.0746268656716417,1633.65,63,56,0.6,0.0,0.24,31344638_Bundle_2,0,0.6177777777777778,1.0,3.0,2.5,2.5
31344638,200115942,VARIOS,GENERICA,59.9,2024-06-11,10,391.0,430.195,192,0.1578947368421052,0.2578018995929443,1633.65,63,56,1.0,1.0,1.0,31344638_Bundle_2,0,0.6177777777777778,1.0,3.0,2.5,2.5
31344638,200115454,CUIDADO PERSONAL,ESIKA,25.9,2024-08-08,5,135.6,430.195,134,0.0701754385964912,0.1791044776119403,1633.65,63,56,0.0,0.5703703703703704,0.34222222222222226,31344638_Bundle_2,0,0.6177777777777778,1.0,3.0,2.5,2.5
31826446,200101159,CUIDADO PERSONAL,CYZONE,12.17,2023-02-27,18,337.27,430.195,662,0.2982456140350877,0.8955223880597015,2136.43,108,89,0.8181818181818182,0.4925373134328358,0.6227951153324288,31826446_Bundle_1,1,0.5733475479744137,,,,
31826446,200105041,FRAGANCIAS,ESIKA,35.9,2023-01-19,12,159.12,430.195,701,0.1929824561403508,0.9484396200814112,2136.43,108,89,0.2727272727272727,0.7835820895522388,0.5792401628222524,31826446_Bundle_1,0,0.5733475479744137,1.0,3.0,2.5,2.5
31826446,200113720,MAQUILLAJE,CYZONE,11.98,2023-04-14,18,401.6,430.195,616,0.2982456140350877,0.8331071913161465,2136.43,108,89,0.8181818181818182,0.14925373134328357,0.41682496607869746,31826446_Bundle_1,0,0.5733475479744137,1.0,3.0,2.5,2.5
31826446,200106556,MAQUILLAJE,CYZONE,10.73,2023-02-27,18,337.27,430.195,662,0.2982456140350877,0.8955223880597015,2136.43,108,89,0.8181818181818182,0.4925373134328358,0.6227951153324288,31826446_Bundle_1,0,0.5733475479744137,1.0,3.0,2.5,2.5
31826446,200082674,FRAGANCIAS,ESIKA,9.95,2023-01-19,12,159.12,430.195,701,0.1929824561403508,0.9484396200814112,2136.43,108,89,0.2727272727272727,0.7835820895522388,0.5792401628222524,31826446_Bundle_1,0,0.5733475479744137,1.0,3.0,2.5,2.5
31826446,200111180,FRAGANCIAS,CYZONE,21.71,2022-12-21,9,166.69,430.195,730,0.1403508771929824,0.9877883310719132,2136.43,108,89,0.0,1.0,0.6,31826446_Bundle_1,0,0.5733475479744137,1.0,3.0,2.5,2.5
31826446,200039855,FRAGANCIAS,CYZONE,34.9,2023-03-22,20,378.4,430.195,639,0.3333333333333333,0.864314789687924,2136.43,108,89,1.0,0.3208955223880597,0.5925373134328358,31826446_Bundle_1,0,0.5733475479744137,1.0,3.0,2.5,2.5
31826446,200101159,CUIDADO PERSONAL,CYZONE,12.17,2023-02-27,18,337.27,430.195,662,0.2982456140350877,0.8955223880597015,2136.43,108,89,0.8181818181818182,0.4925373134328358,0.6227951153324288,31826446_Bundle_2,1,0.5177166117464626,,,,
31826446,200109874,FRAGANCIAS,CYZONE,24.9,2023-02-07,12,262.2,430.195,682,0.1929824561403508,0.9226594301221168,2136.43,108,89,0.2727272727272727,0.6417910447761194,0.4941655359565807,31826446_Bundle_2,0,0.5177166117464626,1.0,3.0,2.5,2.5
31826446,210100667,COMPLEMENTOS,CYZONE,24.9,2023-04-14,18,401.6,430.195,616,0.2982456140350877,0.8331071913161465,2136.43,108,89,0.8181818181818182,0.14925373134328357,0.41682496607869746,31826446_Bundle_2,0,0.5177166117464626,1.0,3.0,2.5,2.5
31826446,210096548,BIJOUTERIE,ESIKA,18.9,2022-12-21,9,166.69,430.195,730,0.1403508771929824,0.9877883310719132,2136.43,108,89,0.0,1.0,0.6,31826446_Bundle_2,0,0.5177166117464626,1.0,3.0,2.5,2.5
31826446,200084840,TRATAMIENTO CORPORAL,ESIKA,19.95,2023-01-19,12,159.12,430.195,701,0.1929824561403508,0.9484396200814112,2136.43,108,89,0.2727272727272727,0.7835820895522388,0.5792401628222524,31826446_Bundle_2,0,0.5177166117464626,1.0,3.0,2.5,2.5
31826446,210102031,COMPLEMENTOS,CYZONE,64.9,2023-04-14,18,401.6,430.195,616,0.2982456140350877,0.8331071913161465,2136.43,108,89,0.8181818181818182,0.14925373134328357,0.41682496607869746,31826446_Bundle_2,0,0.5177166117464626,1.0,3.0,2.5,2.5
31826446,210092742,MAQUILLAJE,ESIKA,29.9,2023-02-07,12,262.2,430.195,682,0.1929824561403508,0.9226594301221168,2136.43,108,89,0.2727272727272727,0.6417910447761194,0.4941655359565807,31826446_Bundle_2,0,0.5177166117464626,1.0,3.0,2.5,2.5
32452310,200114125,MAQUILLAJE,CYZONE,16.9,2024-05-02,18,457.4,430.195,232,0.2982456140350877,0.3120759837177748,1528.84,66,65,0.9375,1.0,0.975,32452310_Bundle_1,1,0.4443548387096774,,,,
32452310,200111145,FRAGANCIAS,ESIKA,34.9,2024-06-20,3,66.8,430.195,183,0.0350877192982456,0.2455902306648575,1528.84,66,65,0.0,0.6048387096774194,0.3629032258064516,32452310_Bundle_1,0,0.4443548387096774,1.0,3.0,2.5,2.5
32452310,200113640,MUESTRAS COSMETICOS,CYZONE,1.9,2024-06-20,3,66.8,430.195,183,0.0350877192982456,0.2455902306648575,1528.84,66,65,0.0,0.6048387096774194,0.3629032258064516,32452310_Bundle_1,0,0.4443548387096774,1.0,3.0,2.5,2.5
32452310,200111391,CUIDADO PERSONAL,CYZONE,16.9,2024-08-01,5,82.7,430.195,141,0.0701754385964912,0.1886024423337856,1528.84,66,65,0.125,0.2661290322580645,0.2096774193548387,32452310_Bundle_1,0,0.4443548387096774,1.0,3.0,2.5,2.5
32452310,210105846,BIJOUTERIE,ESIKA,54.9,2024-09-03,19,421.5,430.195,108,0.3157894736842105,0.1438263229308005,1528.84,66,65,1.0,0.0,0.4,32452310_Bundle_1,0,0.4443548387096774,1.0,3.0,2.5,2.5
32452310,200114917,MUESTRAS COSMETICOS,CYZONE,1.9,2024-09-03,19,421.5,430.195,108,0.3157894736842105,0.1438263229308005,1528.84,66,65,1.0,0.0,0.4,32452310_Bundle_1,0,0.4443548387096774,1.0,3.0,2.5,2.5
32452310,200115279,CUIDADO PERSONAL,LBEL,34.9,2024-09-03,19,421.5,430.195,108,0.3157894736842105,0.1438263229308005,1528.84,66,65,1.0,0.0,0.4,32452310_Bundle_1,0,0.4443548387096774,1.0,3.0,2.5,2.5
32452310,200114125,MAQUILLAJE,CYZONE,16.9,2024-05-02,18,457.4,430.195,232,0.2982456140350877,0.3120759837177748,1528.84,66,65,0.9375,1.0,0.975,32452310_Bundle_2,1,0.4823732718894009,,,,
32452310,200111145,FRAGANCIAS,ESIKA,34.9,2024-06-20,3,66.8,430.195,183,0.0350877192982456,0.2455902306648575,1528.84,66,65,0.0,0.6048387096774194,0.3629032258064516,32452310_Bundle_2,0,0.4823732718894009,1.0,3.0,2.5,2.5
32452310,210106053,COMPLEMENTOS,CYZONE,15.9,2024-08-01,5,82.7,430.195,141,0.0701754385964912,0.1886024423337856,1528.84,66,65,0.125,0.2661290322580645,0.2096774193548387,32452310_Bundle_2,0,0.4823732718894009,1.0,3.0,2.5,2.5
32452310,200115279,CUIDADO PERSONAL,LBEL,34.9,2024-09-03,19,421.5,430.195,108,0.3157894736842105,0.1438263229308005,1528.84,66,65,1.0,0.0,0.4,32452310_Bundle_2,0,0.4823732718894009,1.0,3.0,2.5,2.5
32452310,200112353,FRAGANCIAS,CYZONE,32.9,2024-09-03,19,421.5,430.195,108,0.3157894736842105,0.1438263229308005,1528.84,66,65,1.0,0.0,0.4,32452310_Bundle_2,0,0.4823732718894009,1.0,3.0,2.5,2.5
32452310,200105041,FRAGANCIAS,ESIKA,34.9,2024-05-27,9,241.1,430.195,207,0.1403508771929824,0.2781546811397558,1528.84,66,65,0.375,0.7983870967741935,0.6290322580645161,32452310_Bundle_2,0,0.4823732718894009,1.0,3.0,2.5,2.5
32452310,200114784,TRATAMIENTO FACIAL,CYZONE,13.32,2024-09-03,19,421.5,430.195,108,0.3157894736842105,0.1438263229308005,1528.84,66,65,1.0,0.0,0.4,32452310_Bundle_2,0,0.4823732718894009,1.0,3.0,2.5,2.5
33090625,200103405,MAQUILLAJE,ESIKA,19.34,2023-01-19,18,584.4,430.195,701,0.2982456140350877,0.9484396200814112,3056.31,117,102,1.0,1.0,1.0,33090625_Bundle_1,1,0.4602484472049689,,,,
33090625,200086566,CUIDADO PERSONAL,ESIKA,24.9,2023-03-07,6,110.84,430.195,654,0.087719298245614,0.8846675712347354,3056.31,117,102,0.0,0.7729468599033816,0.46376811594202894,33090625_Bundle_1,0,0.4602484472049689,1.0,3.0,2.5,2.5
33090625,200102433,FRAGANCIAS,ESIKA,19.64,2023-06-08,8,300.0,430.195,561,0.1228070175438596,0.7584803256445047,3056.31,117,102,0.16666666666666666,0.32367149758454106,0.2608695652173913,33090625_Bundle_1,0,0.4602484472049689,1.0,3.0,2.5,2.5
33090625,200089507,FRAGANCIAS,ESIKA,41.9,2023-02-09,9,248.3,430.195,680,0.1403508771929824,0.9199457259158752,3056.31,117,102,0.25,0.8985507246376812,0.6391304347826087,33090625_Bundle_1,0,0.4602484472049689,1.0,3.0,2.5,2.5
33090625,200114037,TRATAMIENTO FACIAL,LBEL,17.9,2023-08-14,10,255.33,430.195,494,0.1578947368421052,0.6675712347354138,3056.31,117,102,0.3333333333333333,0.0,0.13333333333333333,33090625_Bundle_1,0,0.4602484472049689,1.0,3.0,2.5,2.5
33090625,200095158,CUIDADO PERSONAL,ESIKA,7.38,2023-03-07,6,110.84,430.195,654,0.087719298245614,0.8846675712347354,3056.31,117,102,0.0,0.7729468599033816,0.46376811594202894,33090625_Bundle_1,0,0.4602484472049689,1.0,3.0,2.5,2.5
33090625,210103569,BIJOUTERIE,ESIKA,89.9,2023-06-08,8,300.0,430.195,561,0.1228070175438596,0.7584803256445047,3056.31,117,102,0.16666666666666666,0.32367149758454106,0.2608695652173913,33090625_Bundle_1,0,0.4602484472049689,1.0,3.0,2.5,2.5
33090625,200103405,MAQUILLAJE,ESIKA,19.34,2023-01-19,18,584.4,430.195,701,0.2982456140350877,0.9484396200814112,3056.31,117,102,1.0,1.0,1.0,33090625_Bundle_2,1,0.5561076604554864,,,,
33090625,210100846,LENTES,ESIKA,59.9,2023-01-19,18,584.4,430.195,701,0.2982456140350877,0.9484396200814112,3056.31,117,102,1.0,1.0,1.0,33090625_Bundle_2,0,0.5561076604554864,1.0,3.0,2.5,2.5
33090625,210103888,PROMOCION USUARIOS,LBEL,2.5,2023-07-22,16,250.1,430.195,517,0.2631578947368421,0.6987788331071914,3056.31,117,102,0.8333333333333334,0.1111111111111111,0.4,33090625_Bundle_2,0,0.5561076604554864,1.0,3.0,2.5,2.5
33090625,200082687,CUIDADO PERSONAL,ESIKA,10.0,2023-07-22,16,250.1,430.195,517,0.2631578947368421,0.6987788331071914,3056.31,117,102,0.8333333333333334,0.1111111111111111,0.4,33090625_Bundle_2,0,0.5561076604554864,1.0,3.0,2.5,2.5
33090625,200086566,CUIDADO PERSONAL,ESIKA,24.9,2023-03-07,6,110.84,430.195,654,0.087719298245614,0.8846675712347354,3056.31,117,102,0.0,0.7729468599033816,0.46376811594202894,33090625_Bundle_2,0,0.5561076604554864,1.0,3.0,2.5,2.5
33090625,200103020,CUIDADO PERSONAL,ESIKA,13.3,2023-05-02,8,229.65,430.195,598,0.1228070175438596,0.8086838534599728,3056.31,117,102,0.16666666666666666,0.5024154589371981,0.3681159420289855,33090625_Bundle_2,0,0.5561076604554864,1.0,3.0,2.5,2.5
33090625,200113891,FRAGANCIAS,ESIKA,52.37,2023-06-08,8,300.0,430.195,561,0.1228070175438596,0.7584803256445047,3056.31,117,102,0.16666666666666666,0.32367149758454106,0.2608695652173913,33090625_Bundle_2,0,0.5561076604554864,1.0,3.0,2.5,2.5
33529260,210098466,MAQUILLAJE,CYZONE,17.9,2022-12-28,31,486.75,430.195,723,0.5263157894736842,0.9782903663500678,20404.69,757,481,0.6382978723404256,1.0,0.8553191489361702,33529260_Bundle_1,1,0.530566246882409,,,,
33529260,200109584,FRAGANCIAS,ESIKA,32.9,2023-10-27,37,1007.7,430.195,420,0.631578947368421,0.5671641791044776,20404.69,757,481,0.7659574468085106,0.5615050651230101,0.6432860177972104,33529260_Bundle_1,0,0.530566246882409,1.0,3.0,2.5,2.5
33529260,210104997,BIJOUTERIE,CYZONE,30.9,2024-03-18,17,471.8,430.195,277,0.2807017543859649,0.373134328358209,20404.69,757,481,0.3404255319148936,0.3545586107091172,0.3489053791914278,33529260_Bundle_1,0,0.530566246882409,1.0,3.0,2.5,2.5
33529260,210098161,RELOJES,ESIKA,139.9,2023-10-09,14,490.78,430.195,438,0.2280701754385964,0.5915875169606513,20404.69,757,481,0.2765957446808511,0.5875542691751086,0.46317085937740554,33529260_Bundle_1,0,0.530566246882409,1.0,3.0,2.5,2.5
33529260,210102228,RELOJES,ESIKA,139.9,2024-02-05,41,1364.17,430.195,319,0.7017543859649122,0.4301221166892808,20404.69,757,481,0.851063829787234,0.4153400868306802,0.5896295840133018,33529260_Bundle_1,0,0.530566246882409,1.0,3.0,2.5,2.5
33529260,200095159,CUIDADO PERSONAL,ESIKA,7.38,2023-05-23,33,667.0,430.195,577,0.5614035087719298,0.7801899592944369,20404.69,757,481,0.6808510638297872,0.788712011577424,0.7455676324783693,33529260_Bundle_1,0,0.530566246882409,1.0,3.0,2.5,2.5
33529260,200114988,TRATAMIENTO CORPORAL,ESIKA,18.26,2024-11-18,9,266.3,430.195,32,0.1403508771929824,0.0407055630936228,20404.69,757,481,0.1702127659574468,0.0,0.06808510638297872,33529260_Bundle_1,0,0.530566246882409,1.0,3.0,2.5,2.5
33529260,210098466,MAQUILLAJE,CYZONE,17.9,2022-12-28,31,486.75,430.195,723,0.5263157894736842,0.9782903663500678,20404.69,757,481,0.6382978723404256,1.0,0.8553191489361702,33529260_Bundle_2,1,0.49781251786978914,,,,
33529260,200098673,FRAGANCIAS,ESIKA,50.64,2024-11-18,9,266.3,430.195,32,0.1403508771929824,0.0407055630936228,20404.69,757,481,0.1702127659574468,0.0,0.06808510638297872,33529260_Bundle_2,0,0.49781251786978914,1.0,3.0,2.5,2.5
33529260,200094973,TRATAMIENTO FACIAL,LBEL,86.0,2023-12-20,11,359.85,430.195,366,0.175438596491228,0.4938941655359565,20404.69,757,481,0.2127659574468085,0.4833574529667149,0.37512085475875234,33529260_Bundle_2,0,0.49781251786978914,1.0,3.0,2.5,2.5
33529260,200109261,TRATAMIENTO CORPORAL,LBEL,30.53,2024-10-28,23,832.06,430.195,53,0.3859649122807017,0.0691994572591587,20404.69,757,481,0.46808510638297873,0.030390738060781478,0.2054684853896604,33529260_Bundle_2,0,0.49781251786978914,1.0,3.0,2.5,2.5
33529260,200108908,CUIDADO PERSONAL,CYZONE,15.9,2023-03-21,22,612.1999999999999,430.195,640,0.3684210526315789,0.8656716417910447,20404.69,757,481,0.44680851063829785,0.8798842257597684,0.7066539397111802,33529260_Bundle_2,0,0.49781251786978914,1.0,3.0,2.5,2.5
33529260,200100407,TRATAMIENTO CORPORAL,ESIKA,19.9,2023-07-03,25,573.0,430.195,536,0.4210526315789473,0.7245590230664858,20404.69,757,481,0.5106382978723404,0.7293777134587555,0.6418819472241895,33529260_Bundle_2,0,0.49781251786978914,1.0,3.0,2.5,2.5
33529260,200098885,MUESTRAS COSMETICOS,ESIKA,2.4,2023-07-24,26,639.8,430.195,515,0.4385964912280701,0.6960651289009498,20404.69,757,481,0.5319148936170213,0.6989869753979739,0.6321581426855929,33529260_Bundle_2,0,0.49781251786978914,1.0,3.0,2.5,2.5
33740395,200089168,FRAGANCIAS,CYZONE,17.5,2023-10-06,6,208.3,430.195,441,0.087719298245614,0.5956580732700135,3734.35,145,126,0.1111111111111111,1.0,0.6444444444444444,33740395_Bundle_1,1,0.5119571544999417,,,,
33740395,200106440,MAQUILLAJE,ESIKA,13.96,2024-07-01,14,262.18,430.195,172,0.2280701754385964,0.2306648575305291,3734.35,145,126,1.0,0.3422982885085575,0.6053789731051344,33740395_Bundle_1,0,0.5119571544999417,1.0,3.0,2.5,2.5
33740395,200117505,TRATAMIENTO FACIAL,ESIKA,15.6,2024-10-28,8,204.6,430.195,53,0.1228070175438596,0.0691994572591587,3734.35,145,126,0.3333333333333333,0.05134474327628362,0.16414017929910352,33740395_Bundle_1,0,0.5119571544999417,1.0,3.0,2.5,2.5
33740395,200095158,CUIDADO PERSONAL,ESIKA,7.38,2024-06-10,13,266.78,430.195,193,0.2105263157894736,0.2591587516960651,3734.35,145,126,0.8888888888888888,0.39364303178484106,0.5917413746264601,33740395_Bundle_1,0,0.5119571544999417,1.0,3.0,2.5,2.5
33740395,200115170,CUIDADO PERSONAL,ESIKA,19.96,2024-09-16,10,340.26,430.195,95,0.1578947368421052,0.1261872455902306,3734.35,145,126,0.5555555555555556,0.15403422982885084,0.31464276011953274,33740395_Bundle_1,0,0.5119571544999417,1.0,3.0,2.5,2.5
33740395,200105214,TRATAMIENTO FACIAL,ESIKA,27.0,2023-11-14,7,209.7,430.195,402,0.1052631578947368,0.5427408412483039,3734.35,145,126,0.2222222222222222,0.9046454767726161,0.6316761749524585,33740395_Bundle_1,0,0.5119571544999417,1.0,3.0,2.5,2.5
33740395,200076057,MAQUILLAJE,LBEL,59.0,2023-11-14,7,209.7,430.195,402,0.1052631578947368,0.5427408412483039,3734.35,145,126,0.2222222222222222,0.9046454767726161,0.6316761749524585,33740395_Bundle_1,0,0.5119571544999417,1.0,3.0,2.5,2.5
33740395,200089168,FRAGANCIAS,CYZONE,17.5,2023-10-06,6,208.3,430.195,441,0.087719298245614,0.5956580732700135,3734.35,145,126,0.1111111111111111,1.0,0.6444444444444444,33740395_Bundle_2,1,0.4862420925990608,,,,
33740395,200105125,CUIDADO PERSONAL,ESIKA,7.63,2024-03-13,8,167.04,430.195,282,0.1228070175438596,0.3799185888738127,3734.35,145,126,0.3333333333333333,0.6112469437652812,0.500081499592502,33740395_Bundle_2,0,0.4862420925990608,1.0,3.0,2.5,2.5
33740395,200103025,CUIDADO PERSONAL,ESIKA,24.97,2024-08-07,7,176.67,430.195,135,0.1052631578947368,0.180461329715061,3734.35,145,126,0.2222222222222222,0.25183374083129584,0.23998913338766636,33740395_Bundle_2,0,0.4862420925990608,1.0,3.0,2.5,2.5
33740395,200109610,MAQUILLAJE,CYZONE,14.9,2024-07-17,13,260.25,430.195,156,0.2105263157894736,0.208955223880597,3734.35,145,126,0.8888888888888888,0.30317848410757947,0.5374626460201033,33740395_Bundle_2,0,0.4862420925990608,1.0,3.0,2.5,2.5
33740395,210096264,MAQUILLAJE,ESIKA,17.9,2024-08-29,12,394.95,430.195,113,0.1929824561403508,0.1506105834464043,3734.35,145,126,0.7777777777777778,0.1980440097799511,0.4299375169790818,33740395_Bundle_2,0,0.4862420925990608,1.0,3.0,2.5,2.5
33740395,210104482,BIJOUTERIE,ESIKA,34.9,2024-08-29,12,394.95,430.195,113,0.1929824561403508,0.1506105834464043,3734.35,145,126,0.7777777777777778,0.1980440097799511,0.4299375169790818,33740395_Bundle_2,0,0.4862420925990608,1.0,3.0,2.5,2.5
33740395,200113372,TRATAMIENTO FACIAL,LBEL,19.9,2023-12-21,8,211.2,430.195,365,0.1228070175438596,0.4925373134328358,3734.35,145,126,0.3333333333333333,0.8141809290953546,0.6218418907905461,33740395_Bundle_2,0,0.4862420925990608,1.0,3.0,2.5,2.5
33777957,210100409,CUIDADO PERSONAL,LBEL,15.9,2022-12-22,18,443.62,430.195,729,0.2982456140350877,0.9864314789687924,6585.54,197,146,0.5151515151515151,1.0,0.806060606060606,33777957_Bundle_1,1,0.6252187528783273,,,,
33777957,200096218,TRATAMIENTO CORPORAL,ESIKA,27.9,2023-02-24,18,701.2,430.195,665,0.2982456140350877,0.8995929443690638,6585.54,197,146,0.5151515151515151,0.6595744680851063,0.6018052869116699,33777957_Bundle_1,0,0.6252187528783273,1.0,3.0,2.5,2.5
33777957,200106557,MAQUILLAJE,CYZONE,12.9,2023-05-17,34,1160.1,430.195,583,0.5789473684210527,0.7883310719131614,6585.54,197,146,1.0,0.22340425531914893,0.5340425531914894,33777957_Bundle_1,0,0.6252187528783273,1.0,3.0,2.5,2.5
33777957,200105215,TRATAMIENTO FACIAL,ESIKA,34.9,2023-04-05,18,691.93,430.195,625,0.2982456140350877,0.8453188602442334,6585.54,197,146,0.5151515151515151,0.44680851063829785,0.4741457124435848,33777957_Bundle_1,0,0.6252187528783273,1.0,3.0,2.5,2.5
33777957,200106346,FRAGANCIAS,ESIKA,28.3,2023-02-24,18,701.2,430.195,665,0.2982456140350877,0.8995929443690638,6585.54,197,146,0.5151515151515151,0.6595744680851063,0.6018052869116699,33777957_Bundle_1,0,0.6252187528783273,1.0,3.0,2.5,2.5
33777957,200106661,MAQUILLAJE,ESIKA,16.9,2023-02-02,25,689.7,430.195,687,0.4210526315789473,0.9294436906377204,6585.54,197,146,0.7272727272727273,0.776595744680851,0.7568665377176016,33777957_Bundle_1,0,0.6252187528783273,1.0,3.0,2.5,2.5
33777957,200089508,TRATAMIENTO CORPORAL,ESIKA,24.9,2023-02-24,18,701.2,430.195,665,0.2982456140350877,0.8995929443690638,6585.54,197,146,0.5151515151515151,0.6595744680851063,0.6018052869116699,33777957_Bundle_1,0,0.6252187528783273,1.0,3.0,2.5,2.5
33777957,210100409,CUIDADO PERSONAL,LBEL,15.9,2022-12-22,18,443.62,430.195,729,0.2982456140350877,0.9864314789687924,6585.54,197,146,0.5151515151515151,1.0,0.806060606060606,33777957_Bundle_2,1,0.5988809063277148,,,,
33777957,200088035,MAQUILLAJE,LBEL,46.0,2023-02-02,25,689.7,430.195,687,0.4210526315789473,0.9294436906377204,6585.54,197,146,0.7272727272727273,0.776595744680851,0.7568665377176016,33777957_Bundle_2,0,0.5988809063277148,1.0,3.0,2.5,2.5
33777957,200106463,MAQUILLAJE,ESIKA,18.45,2023-06-07,12,467.45,430.195,562,0.1929824561403508,0.7598371777476255,6585.54,197,146,0.3333333333333333,0.11170212765957446,0.200354609929078,33777957_Bundle_2,0,0.5988809063277148,1.0,3.0,2.5,2.5
33777957,200106661,MAQUILLAJE,ESIKA,16.9,2023-02-02,25,689.7,430.195,687,0.4210526315789473,0.9294436906377204,6585.54,197,146,0.7272727272727273,0.776595744680851,0.7568665377176016,33777957_Bundle_2,0,0.5988809063277148,1.0,3.0,2.5,2.5
33777957,200091357,FRAGANCIAS,ESIKA,38.9,2023-02-02,25,689.7,430.195,687,0.4210526315789473,0.9294436906377204,6585.54,197,146,0.7272727272727273,0.776595744680851,0.7568665377176016,33777957_Bundle_2,0,0.5988809063277148,1.0,3.0,2.5,2.5
33777957,200106651,MAQUILLAJE,ESIKA,16.45,2023-06-07,12,467.45,430.195,562,0.1929824561403508,0.7598371777476255,6585.54,197,146,0.3333333333333333,0.11170212765957446,0.200354609929078,33777957_Bundle_2,0,0.5988809063277148,1.0,3.0,2.5,2.5
33777957,210104543,BIJOUTERIE,ESIKA,29.9,2023-01-12,16,577.35,430.195,708,0.2631578947368421,0.9579375848032564,6585.54,197,146,0.45454545454545453,0.8882978723404256,0.7147969052224372,33777957_Bundle_2,0,0.5988809063277148,1.0,3.0,2.5,2.5
33905173,200109264,TRATAMIENTO FACIAL,CYZONE,18.27,2022-12-17,26,611.99,430.195,734,0.4385964912280701,0.9932157394843962,7659.24,280,220,0.9259259259259259,1.0,0.9703703703703703,33905173_Bundle_1,1,0.6243793243793243,,,,
33905173,210102381,BIJOUTERIE,ESIKA,44.9,2023-01-31,20,552.56,430.195,689,0.3333333333333333,0.932157394843962,7659.24,280,220,0.7037037037037037,0.8076923076923077,0.7660968660968661,33905173_Bundle_1,0,0.6243793243793243,1.0,3.0,2.5,2.5
33905173,200111319,FRAGANCIAS,LBEL,24.95,2023-08-08,24,694.4,430.195,500,0.4035087719298245,0.6757123473541384,7659.24,280,220,0.8518518518518519,0.0,0.3407407407407408,33905173_Bundle_1,0,0.6243793243793243,1.0,3.0,2.5,2.5
33905173,210102163,BIJOUTERIE,CYZONE,39.9,2023-04-07,7,132.7,430.195,623,0.1052631578947368,0.8426051560379919,7659.24,280,220,0.2222222222222222,0.5256410256410257,0.4042735042735043,33905173_Bundle_1,0,0.6243793243793243,1.0,3.0,2.5,2.5
33905173,200072913,FRAGANCIAS,ESIKA,21.9,2023-01-31,20,552.56,430.195,689,0.3333333333333333,0.932157394843962,7659.24,280,220,0.7037037037037037,0.8076923076923077,0.7660968660968661,33905173_Bundle_1,0,0.6243793243793243,1.0,3.0,2.5,2.5
33905173,200102061,FRAGANCIAS,ESIKA,19.64,2023-06-06,28,808.4,430.195,563,0.4736842105263157,0.7611940298507462,7659.24,280,220,1.0,0.2692307692307692,0.5615384615384615,33905173_Bundle_1,0,0.6243793243793243,1.0,3.0,2.5,2.5
33905173,200102264,MAQUILLAJE,CYZONE,12.9,2023-06-06,28,808.4,430.195,563,0.4736842105263157,0.7611940298507462,7659.24,280,220,1.0,0.2692307692307692,0.5615384615384615,33905173_Bundle_1,0,0.6243793243793243,1.0,3.0,2.5,2.5
33905173,200109264,TRATAMIENTO FACIAL,CYZONE,18.27,2022-12-17,26,611.99,430.195,734,0.4385964912280701,0.9932157394843962,7659.24,280,220,0.9259259259259259,1.0,0.9703703703703703,33905173_Bundle_2,1,0.5885632885632887,,,,
33905173,210091709,PROMOCION USUARIOS,CYZONE,21.9,2023-05-16,25,580.91,430.195,584,0.4210526315789473,0.7896879240162822,7659.24,280,220,0.8888888888888888,0.358974358974359,0.5709401709401709,33905173_Bundle_2,0,0.5885632885632887,1.0,3.0,2.5,2.5
33905173,210096238,MAQUILLAJE,ESIKA,16.6,2023-07-18,19,445.4,430.195,521,0.3157894736842105,0.7042062415196744,7659.24,280,220,0.6666666666666666,0.08974358974358974,0.3205128205128205,33905173_Bundle_2,0,0.5885632885632887,1.0,3.0,2.5,2.5
33905173,200102104,MAQUILLAJE,CYZONE,14.95,2023-04-04,21,628.49,430.195,626,0.3508771929824561,0.8466757123473542,7659.24,280,220,0.7407407407407407,0.5384615384615384,0.6193732193732193,33905173_Bundle_2,0,0.5885632885632887,1.0,3.0,2.5,2.5
33905173,210105031,BIJOUTERIE,ESIKA,29.9,2023-08-08,24,694.4,430.195,500,0.4035087719298245,0.6757123473541384,7659.24,280,220,0.8518518518518519,0.0,0.3407407407407408,33905173_Bundle_2,0,0.5885632885632887,1.0,3.0,2.5,2.5
33905173,200105011,FRAGANCIAS,CYZONE,35.9,2023-04-25,18,665.64,430.195,605,0.2982456140350877,0.8181818181818182,7659.24,280,220,0.6296296296296297,0.44871794871794873,0.5210826210826212,33905173_Bundle_2,0,0.5885632885632887,1.0,3.0,2.5,2.5
33905173,200107616,MAQUILLAJE,LBEL,19.95,2023-03-14,28,711.6,430.195,647,0.4736842105263157,0.8751696065128901,7659.24,280,220,1.0,0.6282051282051282,0.7769230769230769,33905173_Bundle_2,0,0.5885632885632887,1.0,3.0,2.5,2.5
33999992,200090337,CUIDADO PERSONAL,ESIKA,18.3,2023-10-05,18,383.18,430.195,442,0.2982456140350877,0.5970149253731343,2396.33,82,69,1.0,0.7083333333333334,0.825,33999992_Bundle_1,1,0.505,,,,
33999992,210095971,MAQUILLAJE,CYZONE,14.9,2023-09-15,9,290.40999999999997,430.195,462,0.1403508771929824,0.6241519674355496,2396.33,82,69,0.4375,0.875,0.7000000000000001,33999992_Bundle_1,0,0.505,1.0,3.0,2.5,2.5
33999992,200108408,FRAGANCIAS,ESIKA,29.97,2023-12-09,9,330.34,430.195,377,0.1403508771929824,0.508819538670285,2396.33,82,69,0.4375,0.16666666666666666,0.275,33999992_Bundle_1,0,0.505,1.0,3.0,2.5,2.5
33999992,200114070,MAQUILLAJE,ESIKA,32.9,2023-10-05,18,383.18,430.195,442,0.2982456140350877,0.5970149253731343,2396.33,82,69,1.0,0.7083333333333334,0.825,33999992_Bundle_1,0,0.505,1.0,3.0,2.5,2.5
33999992,200090452,FRAGANCIAS,ESIKA,29.97,2023-12-09,9,330.34,430.195,377,0.1403508771929824,0.508819538670285,2396.33,82,69,0.4375,0.16666666666666666,0.275,33999992_Bundle_1,0,0.505,1.0,3.0,2.5,2.5
33999992,200098788,TRATAMIENTO FACIAL,LBEL,19.9,2023-11-17,8,228.39,430.195,399,0.1228070175438596,0.5386702849389416,2396.33,82,69,0.375,0.35,0.36,33999992_Bundle_1,0,0.505,1.0,3.0,2.5,2.5
33999992,200099103,MAQUILLAJE,LBEL,49.0,2023-12-09,9,330.34,430.195,377,0.1403508771929824,0.508819538670285,2396.33,82,69,0.4375,0.16666666666666666,0.275,33999992_Bundle_1,0,0.505,1.0,3.0,2.5,2.5
33999992,200090337,CUIDADO PERSONAL,ESIKA,18.3,2023-10-05,18,383.18,430.195,442,0.2982456140350877,0.5970149253731343,2396.33,82,69,1.0,0.7083333333333334,0.825,33999992_Bundle_2,1,0.565,,,,
33999992,200098802,MAQUILLAJE,CYZONE,22.9,2023-09-01,2,72.8,430.195,476,0.0175438596491228,0.6431478968792401,2396.33,82,69,0.0,0.9916666666666667,0.595,33999992_Bundle_2,0,0.565,1.0,3.0,2.5,2.5
33999992,200105706,TRATAMIENTO CORPORAL,ESIKA,9.9,2023-11-03,16,419.14,430.195,413,0.2631578947368421,0.5576662143826323,2396.33,82,69,0.875,0.4666666666666667,0.63,33999992_Bundle_2,0,0.565,1.0,3.0,2.5,2.5
33999992,200103356,MAQUILLAJE,ESIKA,14.9,2023-11-03,16,419.14,430.195,413,0.2631578947368421,0.5576662143826323,2396.33,82,69,0.875,0.4666666666666667,0.63,33999992_Bundle_2,0,0.565,1.0,3.0,2.5,2.5
33999992,200113372,TRATAMIENTO FACIAL,LBEL,27.06,2023-12-29,10,326.2,430.195,357,0.1578947368421052,0.4816824966078697,2396.33,82,69,0.5,0.0,0.2,33999992_Bundle_2,0,0.565,1.0,3.0,2.5,2.5
33999992,200115941,VARIOS,GENERICA,59.9,2023-08-31,10,345.87,430.195,477,0.1578947368421052,0.6445047489823609,2396.33,82,69,0.5,1.0,0.8,33999992_Bundle_2,0,0.565,1.0,3.0,2.5,2.5
33999992,200112304,FRAGANCIAS,ESIKA,43.9,2023-12-09,9,330.34,430.195,377,0.1403508771929824,0.508819538670285,2396.33,82,69,0.4375,0.16666666666666666,0.275,33999992_Bundle_2,0,0.565,1.0,3.0,2.5,2.5
34191115,200102097,MAQUILLAJE,CYZONE,19.95,2023-01-03,17,378.4,430.195,717,0.2807017543859649,0.9701492537313432,1825.76,74,60,0.8421052631578947,1.0,0.9368421052631579,34191115_Bundle_1,1,0.704110744150095,,,,
34191115,210100409,CUIDADO PERSONAL,LBEL,13.9,2023-03-24,13,357.7,430.195,637,0.2105263157894736,0.8616010854816825,1825.76,74,60,0.631578947368421,0.2523364485981308,0.4040334481062469,34191115_Bundle_1,0,0.704110744150095,1.0,3.0,2.5,2.5
34191115,200082674,FRAGANCIAS,ESIKA,9.95,2023-01-17,20,523.86,430.195,703,0.3333333333333333,0.9511533242876526,1825.76,74,60,1.0,0.8691588785046729,0.9214953271028037,34191115_Bundle_1,0,0.704110744150095,1.0,3.0,2.5,2.5
34191115,200106488,TRATAMIENTO FACIAL,CYZONE,17.6,2023-03-24,13,357.7,430.195,637,0.2105263157894736,0.8616010854816825,1825.76,74,60,0.631578947368421,0.2523364485981308,0.4040334481062469,34191115_Bundle_1,0,0.704110744150095,1.0,3.0,2.5,2.5
34191115,200073558,TRATAMIENTO FACIAL,LBEL,19.0,2023-01-17,20,523.86,430.195,703,0.3333333333333333,0.9511533242876526,1825.76,74,60,1.0,0.8691588785046729,0.9214953271028037,34191115_Bundle_1,0,0.704110744150095,1.0,3.0,2.5,2.5
34191115,200103025,CUIDADO PERSONAL,ESIKA,29.9,2023-01-03,17,378.4,430.195,717,0.2807017543859649,0.9701492537313432,1825.76,74,60,0.8421052631578947,1.0,0.9368421052631579,34191115_Bundle_1,0,0.704110744150095,1.0,3.0,2.5,2.5
34191115,200109443,FRAGANCIAS,ESIKA,34.9,2023-03-24,13,357.7,430.195,637,0.2105263157894736,0.8616010854816825,1825.76,74,60,0.631578947368421,0.2523364485981308,0.4040334481062469,34191115_Bundle_1,0,0.704110744150095,1.0,3.0,2.5,2.5
34191115,200102097,MAQUILLAJE,CYZONE,19.95,2023-01-03,17,378.4,430.195,717,0.2807017543859649,0.9701492537313432,1825.76,74,60,0.8421052631578947,1.0,0.9368421052631579,34191115_Bundle_2,1,0.6327594687653714,,,,
34191115,200106304,FRAGANCIAS,ESIKA,29.9,2023-01-17,20,523.86,430.195,703,0.3333333333333333,0.9511533242876526,1825.76,74,60,1.0,0.8691588785046729,0.9214953271028037,34191115_Bundle_2,0,0.6327594687653714,1.0,3.0,2.5,2.5
34191115,200104391,TRATAMIENTO CORPORAL,LBEL,10.0,2023-02-13,13,302.0,430.195,676,0.2105263157894736,0.914518317503392,1825.76,74,60,0.631578947368421,0.616822429906542,0.6227250368912935,34191115_Bundle_2,0,0.6327594687653714,1.0,3.0,2.5,2.5
34191115,200082674,FRAGANCIAS,ESIKA,9.95,2023-01-17,20,523.86,430.195,703,0.3333333333333333,0.9511533242876526,1825.76,74,60,1.0,0.8691588785046729,0.9214953271028037,34191115_Bundle_2,0,0.6327594687653714,1.0,3.0,2.5,2.5
34191115,200086399,FRAGANCIAS,LBEL,29.9,2023-02-13,13,302.0,430.195,676,0.2105263157894736,0.914518317503392,1825.76,74,60,0.631578947368421,0.616822429906542,0.6227250368912935,34191115_Bundle_2,0,0.6327594687653714,1.0,3.0,2.5,2.5
34191115,200109443,FRAGANCIAS,ESIKA,9.9,2023-04-20,1,9.9,430.195,610,0.0,0.824966078697422,1825.76,74,60,0.0,0.0,0.0,34191115_Bundle_2,0,0.6327594687653714,1.0,3.0,2.5,2.5
34191115,200109443,FRAGANCIAS,ESIKA,34.9,2023-03-24,13,357.7,430.195,637,0.2105263157894736,0.8616010854816825,1825.76,74,60,0.631578947368421,0.2523364485981308,0.4040334481062469,34191115_Bundle_2,0,0.6327594687653714,1.0,3.0,2.5,2.5
34216002,210098229,BIJOUTERIE,ESIKA,49.9,2023-05-04,26,790.5,430.195,596,0.4385964912280701,0.8059701492537313,4282.42,149,137,1.0,0.7485029940119761,0.8491017964071856,34216002_Bundle_1,1,0.4663815226689478,,,,
34216002,210102079,COMPLEMENTOS,ESIKA,69.9,2023-09-06,24,987.5,430.195,471,0.4035087719298245,0.6363636363636364,4282.42,149,137,0.8947368421052632,0.0,0.35789473684210527,34216002_Bundle_1,0,0.4663815226689478,1.0,3.0,2.5,2.5
34216002,200108655,MAQUILLAJE,ESIKA,8.5,2023-07-06,14,250.9,430.195,533,0.2280701754385964,0.7204884667571235,4282.42,149,137,0.3684210526315789,0.3712574850299401,0.3701229120705956,34216002_Bundle_1,0,0.4663815226689478,1.0,3.0,2.5,2.5
34216002,200112064,MAQUILLAJE,LBEL,57.0,2023-09-06,24,987.5,430.195,471,0.4035087719298245,0.6363636363636364,4282.42,149,137,0.8947368421052632,0.0,0.35789473684210527,34216002_Bundle_1,0,0.4663815226689478,1.0,3.0,2.5,2.5
34216002,200103963,TRATAMIENTO CORPORAL,LBEL,13.45,2023-05-04,26,790.5,430.195,596,0.4385964912280701,0.8059701492537313,4282.42,149,137,1.0,0.7485029940119761,0.8491017964071856,34216002_Bundle_1,0,0.4663815226689478,1.0,3.0,2.5,2.5
34216002,200077266,MAQUILLAJE,LBEL,27.0,2023-08-17,15,337.78999999999996,430.195,491,0.2456140350877192,0.6635006784260515,4282.42,149,137,0.42105263157894735,0.11976047904191617,0.24027734005672863,34216002_Bundle_1,0,0.4663815226689478,1.0,3.0,2.5,2.5
34216002,200095426,CUIDADO PERSONAL,CYZONE,7.38,2023-08-17,15,337.78999999999996,430.195,491,0.2456140350877192,0.6635006784260515,4282.42,149,137,0.42105263157894735,0.11976047904191617,0.24027734005672863,34216002_Bundle_1,0,0.4663815226689478,1.0,3.0,2.5,2.5
34216002,210098229,BIJOUTERIE,ESIKA,49.9,2023-05-04,26,790.5,430.195,596,0.4385964912280701,0.8059701492537313,4282.42,149,137,1.0,0.7485029940119761,0.8491017964071856,34216002_Bundle_2,1,0.6398361172392057,,,,
34216002,210102583,COMPLEMENTOS,CYZONE,54.9,2023-05-25,7,277.3,430.195,575,0.1052631578947368,0.7774762550881954,4282.42,149,137,0.0,0.6227544910179641,0.37365269461077844,34216002_Bundle_2,0,0.6398361172392057,1.0,3.0,2.5,2.5
34216002,200103963,TRATAMIENTO CORPORAL,LBEL,13.45,2023-05-04,26,790.5,430.195,596,0.4385964912280701,0.8059701492537313,4282.42,149,137,1.0,0.7485029940119761,0.8491017964071856,34216002_Bundle_2,0,0.6398361172392057,1.0,3.0,2.5,2.5
34216002,210095652,MAQUILLAJE,CYZONE,19.9,2023-07-06,14,250.9,430.195,533,0.2280701754385964,0.7204884667571235,4282.42,149,137,0.3684210526315789,0.3712574850299401,0.3701229120705956,34216002_Bundle_2,0,0.6398361172392057,1.0,3.0,2.5,2.5
34216002,210103644,VARIOS,CYZONE,21.9,2023-04-13,17,416.83,430.195,617,0.2807017543859649,0.8344640434192673,4282.42,149,137,0.5263157894736842,0.874251497005988,0.7350772139930665,34216002_Bundle_2,0,0.6398361172392057,1.0,3.0,2.5,2.5
34216002,200103356,MAQUILLAJE,ESIKA,25.9,2023-03-23,13,373.9,430.195,638,0.2105263157894736,0.8629579375848032,4282.42,149,137,0.3157894736842105,1.0,0.7263157894736842,34216002_Bundle_2,0,0.6398361172392057,1.0,3.0,2.5,2.5
34216002,210101851,PROMOCION USUARIOS,CYZONE,0.95,2023-06-14,20,387.7,430.195,555,0.3333333333333333,0.7503392130257802,4282.42,149,137,0.6842105263157895,0.5029940119760479,0.5754806177119445,34216002_Bundle_2,0,0.6398361172392057,1.0,3.0,2.5,2.5
34766592,200115772,TRATAMIENTO CORPORAL,LBEL,25.0,2024-07-19,8,331.3,430.195,154,0.1228070175438596,0.2062415196743555,1476.6,51,42,1.0,1.0,1.0,34766592_Bundle_1,1,0.5727891156462585,,,,
34766592,200089509,FRAGANCIAS,ESIKA,44.9,2024-09-09,6,197.4,430.195,102,0.087719298245614,0.1356852103120759,1476.6,51,42,0.0,0.5873015873015873,0.3523809523809524,34766592_Bundle_1,0,0.5727891156462585,1.0,3.0,2.5,2.5
34766592,200116780,MAQUILLAJE,CYZONE,16.9,2024-07-19,8,331.3,430.195,154,0.1228070175438596,0.2062415196743555,1476.6,51,42,1.0,1.0,1.0,34766592_Bundle_1,0,0.5727891156462585,1.0,3.0,2.5,2.5
34766592,200105133,MAQUILLAJE,LBEL,15.9,2024-09-27,7,221.3,430.195,84,0.1052631578947368,0.1112618724559023,1476.6,51,42,0.5,0.4444444444444444,0.4666666666666667,34766592_Bundle_1,0,0.5727891156462585,1.0,3.0,2.5,2.5
34766592,200105017,FRAGANCIAS,CYZONE,23.9,2024-09-27,7,221.3,430.195,84,0.1052631578947368,0.1112618724559023,1476.6,51,42,0.5,0.4444444444444444,0.4666666666666667,34766592_Bundle_1,0,0.5727891156462585,1.0,3.0,2.5,2.5
34766592,200115300,TRATAMIENTO FACIAL,ESIKA,44.9,2024-09-09,6,197.4,430.195,102,0.087719298245614,0.1356852103120759,1476.6,51,42,0.0,0.5873015873015873,0.3523809523809524,34766592_Bundle_1,0,0.5727891156462585,1.0,3.0,2.5,2.5
34766592,200105180,CUIDADO PERSONAL,CYZONE,11.9,2024-10-17,7,156.5,430.195,64,0.1052631578947368,0.0841248303934871,1476.6,51,42,0.5,0.2857142857142857,0.37142857142857144,34766592_Bundle_1,0,0.5727891156462585,1.0,3.0,2.5,2.5
34766592,200115772,TRATAMIENTO CORPORAL,LBEL,25.0,2024-07-19,8,331.3,430.195,154,0.1228070175438596,0.2062415196743555,1476.6,51,42,1.0,1.0,1.0,34766592_Bundle_2,1,0.592517006802721,,,,
34766592,200089509,FRAGANCIAS,ESIKA,44.9,2024-09-09,6,197.4,430.195,102,0.087719298245614,0.1356852103120759,1476.6,51,42,0.0,0.5873015873015873,0.3523809523809524,34766592_Bundle_2,0,0.592517006802721,1.0,3.0,2.5,2.5
34766592,200113646,FRAGANCIAS,LBEL,71.09,2024-11-05,8,201.6,430.195,45,0.1228070175438596,0.0583446404341926,1476.6,51,42,1.0,0.1349206349206349,0.48095238095238096,34766592_Bundle_2,0,0.592517006802721,1.0,3.0,2.5,2.5
34766592,200111132,MAQUILLAJE,CYZONE,17.9,2024-08-20,7,183.3,430.195,122,0.1052631578947368,0.1628222523744912,1476.6,51,42,0.5,0.746031746031746,0.6476190476190476,34766592_Bundle_2,0,0.592517006802721,1.0,3.0,2.5,2.5
34766592,200105017,FRAGANCIAS,CYZONE,26.9,2024-08-20,7,183.3,430.195,122,0.1052631578947368,0.1628222523744912,1476.6,51,42,0.5,0.746031746031746,0.6476190476190476,34766592_Bundle_2,0,0.592517006802721,1.0,3.0,2.5,2.5
34766592,200111134,MAQUILLAJE,CYZONE,17.9,2024-08-20,7,183.3,430.195,122,0.1052631578947368,0.1628222523744912,1476.6,51,42,0.5,0.746031746031746,0.6476190476190476,34766592_Bundle_2,0,0.592517006802721,1.0,3.0,2.5,2.5
34766592,200105180,CUIDADO PERSONAL,CYZONE,11.9,2024-10-17,7,156.5,430.195,64,0.1052631578947368,0.0841248303934871,1476.6,51,42,0.5,0.2857142857142857,0.37142857142857144,34766592_Bundle_2,0,0.592517006802721,1.0,3.0,2.5,2.5
34978506,200105188,CUIDADO PERSONAL,ESIKA,7.38,2023-01-04,5,100.46,430.195,716,0.0701754385964912,0.9687924016282226,1337.98,63,60,0.125,1.0,0.65,34978506_Bundle_1,1,0.3492163009404389,,,,
34978506,200109258,TRATAMIENTO CORPORAL,ESIKA,12.3,2024-07-18,7,178.9,430.195,155,0.1052631578947368,0.2075983717774762,1337.98,63,60,0.375,0.1206896551724138,0.2224137931034483,34978506_Bundle_1,0,0.3492163009404389,1.0,3.0,2.5,2.5
34978506,200095865,MUESTRAS COSMETICOS,LBEL,1.3,2024-10-03,4,169.0,430.195,78,0.0526315789473684,0.1031207598371777,1337.98,63,60,0.0,0.0,0.0,34978506_Bundle_1,0,0.3492163009404389,1.0,3.0,2.5,2.5
34978506,200109119,TRATAMIENTO CORPORAL,ESIKA,12.3,2024-07-18,7,178.9,430.195,155,0.1052631578947368,0.2075983717774762,1337.98,63,60,0.375,0.1206896551724138,0.2224137931034483,34978506_Bundle_1,0,0.3492163009404389,1.0,3.0,2.5,2.5
34978506,200082674,FRAGANCIAS,ESIKA,9.25,2024-08-29,10,156.9,430.195,113,0.1578947368421052,0.1506105834464043,1337.98,63,60,0.75,0.054858934169279,0.33291536050156745,34978506_Bundle_1,0,0.3492163009404389,1.0,3.0,2.5,2.5
34978506,200108388,MUESTRAS COSMETICOS,LBEL,1.3,2024-07-09,11,131.26,430.195,164,0.175438596491228,0.2198100407055631,1337.98,63,60,0.875,0.13479623824451412,0.4308777429467085,34978506_Bundle_1,0,0.3492163009404389,1.0,3.0,2.5,2.5
34978506,210097974,COMPLEMENTOS,CYZONE,49.9,2023-01-19,4,127.6,430.195,701,0.0526315789473684,0.9484396200814112,1337.98,63,60,0.0,0.9764890282131662,0.5858934169278996,34978506_Bundle_1,0,0.3492163009404389,1.0,3.0,2.5,2.5
34978506,200105188,CUIDADO PERSONAL,ESIKA,7.38,2023-01-04,5,100.46,430.195,716,0.0701754385964912,0.9687924016282226,1337.98,63,60,0.125,1.0,0.65,34978506_Bundle_2,1,0.44413345275414245,,,,
34978506,200109873,FRAGANCIAS,CYZONE,14.39,2024-08-29,10,156.9,430.195,113,0.1578947368421052,0.1506105834464043,1337.98,63,60,0.75,0.054858934169279,0.33291536050156745,34978506_Bundle_2,0,0.44413345275414245,1.0,3.0,2.5,2.5
34978506,200108388,MUESTRAS COSMETICOS,LBEL,1.3,2024-07-09,11,131.26,430.195,164,0.175438596491228,0.2198100407055631,1337.98,63,60,0.875,0.13479623824451412,0.4308777429467085,34978506_Bundle_2,0,0.44413345275414245,1.0,3.0,2.5,2.5
34978506,200094941,FRAGANCIAS,CYZONE,9.59,2024-08-29,10,156.9,430.195,113,0.1578947368421052,0.1506105834464043,1337.98,63,60,0.75,0.054858934169279,0.33291536050156745,34978506_Bundle_2,0,0.44413345275414245,1.0,3.0,2.5,2.5
34978506,200096218,TRATAMIENTO CORPORAL,ESIKA,22.9,2023-01-04,5,100.46,430.195,716,0.0701754385964912,0.9687924016282226,1337.98,63,60,0.125,1.0,0.65,34978506_Bundle_2,0,0.44413345275414245,1.0,3.0,2.5,2.5
34978506,200099047,FRAGANCIAS,ESIKA,25.9,2024-08-15,5,76.1,430.195,127,0.0701754385964912,0.1696065128900949,1337.98,63,60,0.125,0.0768025078369906,0.09608150470219436,34978506_Bundle_2,0,0.44413345275414245,1.0,3.0,2.5,2.5
34978506,210098462,MAQUILLAJE,CYZONE,9.6,2023-02-09,5,79.56,430.195,680,0.0701754385964912,0.9199457259158752,1337.98,63,60,0.125,0.9435736677115988,0.6161442006269593,34978506_Bundle_2,0,0.44413345275414245,1.0,3.0,2.5,2.5
35591273,210102610,COMPLEMENTOS,CYZONE,32.9,2023-07-24,14,452.6,430.195,515,0.2280701754385964,0.6960651289009498,1740.75,49,48,1.0,0.77,0.862,35591273_Bundle_1,1,0.4471428571428572,,,,
35591273,200098519,FRAGANCIAS,ESIKA,74.9,2023-08-14,6,331.40000000000003,430.195,494,0.087719298245614,0.6675712347354138,1740.75,49,48,0.0,0.56,0.336,35591273_Bundle_1,0,0.4471428571428572,1.0,3.0,2.5,2.5
35591273,200090346,CUIDADO PERSONAL,ESIKA,24.9,2023-07-01,7,195.3,430.195,538,0.1052631578947368,0.7272727272727273,1740.75,49,48,0.125,1.0,0.65,35591273_Bundle_1,0,0.4471428571428572,1.0,3.0,2.5,2.5
35591273,200107082,MAQUILLAJE,ESIKA,59.9,2023-09-19,8,390.2999999999999,430.195,458,0.1228070175438596,0.6187245590230664,1740.75,49,48,0.25,0.2,0.22,35591273_Bundle_1,0,0.4471428571428572,1.0,3.0,2.5,2.5
35591273,200082678,FRAGANCIAS,ESIKA,9.95,2023-10-09,8,146.54999999999998,430.195,438,0.1228070175438596,0.5915875169606513,1740.75,49,48,0.25,0.0,0.1,35591273_Bundle_1,0,0.4471428571428572,1.0,3.0,2.5,2.5
35591273,200112361,CUIDADO PERSONAL,ESIKA,24.9,2023-10-09,8,146.54999999999998,430.195,438,0.1228070175438596,0.5915875169606513,1740.75,49,48,0.25,0.0,0.1,35591273_Bundle_1,0,0.4471428571428572,1.0,3.0,2.5,2.5
35591273,200110336,MAQUILLAJE,ESIKA,22.9,2023-07-24,14,452.6,430.195,515,0.2280701754385964,0.6960651289009498,1740.75,49,48,1.0,0.77,0.862,35591273_Bundle_1,0,0.4471428571428572,1.0,3.0,2.5,2.5
35591273,210102610,COMPLEMENTOS,CYZONE,32.9,2023-07-24,14,452.6,430.195,515,0.2280701754385964,0.6960651289009498,1740.75,49,48,1.0,0.77,0.862,35591273_Bundle_2,1,0.5665714285714286,,,,
35591273,200110333,MAQUILLAJE,ESIKA,22.9,2023-07-24,14,452.6,430.195,515,0.2280701754385964,0.6960651289009498,1740.75,49,48,1.0,0.77,0.862,35591273_Bundle_2,0,0.5665714285714286,1.0,3.0,2.5,2.5
35591273,200095964,FRAGANCIAS,CYZONE,22.9,2023-09-19,8,390.2999999999999,430.195,458,0.1228070175438596,0.6187245590230664,1740.75,49,48,0.25,0.2,0.22,35591273_Bundle_2,0,0.5665714285714286,1.0,3.0,2.5,2.5
35591273,210097338,BIJOUTERIE,ESIKA,59.9,2023-09-06,6,224.6,430.195,471,0.087719298245614,0.6363636363636364,1740.75,49,48,0.0,0.33,0.198,35591273_Bundle_2,0,0.5665714285714286,1.0,3.0,2.5,2.5
35591273,200112607,MAQUILLAJE,ESIKA,25.9,2023-07-24,14,452.6,430.195,515,0.2280701754385964,0.6960651289009498,1740.75,49,48,1.0,0.77,0.862,35591273_Bundle_2,0,0.5665714285714286,1.0,3.0,2.5,2.5
35591273,200078931,CUIDADO PERSONAL,ESIKA,11.65,2023-10-09,8,146.54999999999998,430.195,438,0.1228070175438596,0.5915875169606513,1740.75,49,48,0.25,0.0,0.1,35591273_Bundle_2,0,0.5665714285714286,1.0,3.0,2.5,2.5
35591273,200111162,FRAGANCIAS,CYZONE,55.9,2023-07-24,14,452.6,430.195,515,0.2280701754385964,0.6960651289009498,1740.75,49,48,1.0,0.77,0.862,35591273_Bundle_2,0,0.5665714285714286,1.0,3.0,2.5,2.5
35775838,200114199,MAQUILLAJE,CYZONE,10.49,2024-07-30,18,286.3,430.195,143,0.2982456140350877,0.1913161465400271,2877.0,114,97,0.8095238095238095,0.910958904109589,0.8703848662752771,35775838_Bundle_1,1,0.6684372379088621,,,,
35775838,200099047,FRAGANCIAS,ESIKA,43.65,2024-07-30,18,286.3,430.195,143,0.2982456140350877,0.1913161465400271,2877.0,114,97,0.8095238095238095,0.910958904109589,0.8703848662752771,35775838_Bundle_1,0,0.6684372379088621,1.0,3.0,2.5,2.5
35775838,200108217,FRAGANCIAS,LBEL,15.06,2024-11-05,18,420.6,430.195,45,0.2982456140350877,0.0583446404341926,2877.0,114,97,0.8095238095238095,0.23972602739726026,0.46764514024787995,35775838_Bundle_1,0,0.6684372379088621,1.0,3.0,2.5,2.5
35775838,200105017,FRAGANCIAS,CYZONE,13.0,2024-11-05,18,420.6,430.195,45,0.2982456140350877,0.0583446404341926,2877.0,114,97,0.8095238095238095,0.23972602739726026,0.46764514024787995,35775838_Bundle_1,0,0.6684372379088621,1.0,3.0,2.5,2.5
35775838,200089509,FRAGANCIAS,ESIKA,31.64,2024-07-17,11,357.4,430.195,156,0.175438596491228,0.208955223880597,2877.0,114,97,0.47619047619047616,1.0,0.7904761904761904,35775838_Bundle_1,0,0.6684372379088621,1.0,3.0,2.5,2.5
35775838,200114911,FRAGANCIAS,CYZONE,34.95,2024-09-23,16,409.15,430.195,88,0.2631578947368421,0.1166892808683853,2877.0,114,97,0.7142857142857143,0.5342465753424658,0.6062622309197652,35775838_Bundle_1,0,0.6684372379088621,1.0,3.0,2.5,2.5
35775838,200082674,FRAGANCIAS,ESIKA,13.3,2024-09-23,16,409.15,430.195,88,0.2631578947368421,0.1166892808683853,2877.0,114,97,0.7142857142857143,0.5342465753424658,0.6062622309197652,35775838_Bundle_1,0,0.6684372379088621,1.0,3.0,2.5,2.5
35775838,200114199,MAQUILLAJE,CYZONE,10.49,2024-07-30,18,286.3,430.195,143,0.2982456140350877,0.1913161465400271,2877.0,114,97,0.8095238095238095,0.910958904109589,0.8703848662752771,35775838_Bundle_2,1,0.6467151244059268,,,,
35775838,200100866,FRAGANCIAS,ESIKA,52.49,2024-07-17,11,357.4,430.195,156,0.175438596491228,0.208955223880597,2877.0,114,97,0.47619047619047616,1.0,0.7904761904761904,35775838_Bundle_2,0,0.6467151244059268,1.0,3.0,2.5,2.5
35775838,210106616,BIJOUTERIE,ESIKA,34.9,2024-10-21,22,500.85,430.195,60,0.3684210526315789,0.078697421981004,2877.0,114,97,1.0,0.3424657534246575,0.6054794520547946,35775838_Bundle_2,0,0.6467151244059268,1.0,3.0,2.5,2.5
35775838,210104911,COMPLEMENTOS,CYZONE,44.9,2024-08-23,8,353.0,430.195,119,0.1228070175438596,0.1587516960651289,2877.0,114,97,0.3333333333333333,0.7465753424657534,0.5812785388127854,35775838_Bundle_2,0,0.6467151244059268,1.0,3.0,2.5,2.5
35775838,200082678,FRAGANCIAS,ESIKA,13.3,2024-11-05,18,420.6,430.195,45,0.2982456140350877,0.0583446404341926,2877.0,114,97,0.8095238095238095,0.23972602739726026,0.46764514024787995,35775838_Bundle_2,0,0.6467151244059268,1.0,3.0,2.5,2.5
35775838,200111145,FRAGANCIAS,ESIKA,40.15,2024-09-23,16,409.15,430.195,88,0.2631578947368421,0.1166892808683853,2877.0,114,97,0.7142857142857143,0.5342465753424658,0.6062622309197652,35775838_Bundle_2,0,0.6467151244059268,1.0,3.0,2.5,2.5
35775838,200105017,FRAGANCIAS,CYZONE,15.16,2024-10-21,22,500.85,430.195,60,0.3684210526315789,0.078697421981004,2877.0,114,97,1.0,0.3424657534246575,0.6054794520547946,35775838_Bundle_2,0,0.6467151244059268,1.0,3.0,2.5,2.5
36649356,200100926,FRAGANCIAS,ESIKA,39.9,2023-05-24,16,553.0,430.195,576,0.2631578947368421,0.7788331071913162,9730.2,272,165,1.0,0.7,0.8200000000000001,36649356_Bundle_1,1,0.5500734048560135,,,,
36649356,210100407,CUIDADO PERSONAL,CYZONE,30.9,2023-02-15,7,383.6,430.195,674,0.1052631578947368,0.9118046132971506,9730.2,272,165,0.18181818181818182,0.9130434782608695,0.6205533596837944,36649356_Bundle_1,0,0.5500734048560135,1.0,3.0,2.5,2.5
36649356,200108050,CUIDADO PERSONAL,ESIKA,22.9,2023-03-22,12,407.3,430.195,639,0.1929824561403508,0.864314789687924,9730.2,272,165,0.6363636363636364,0.8369565217391305,0.7567193675889328,36649356_Bundle_1,0,0.5500734048560135,1.0,3.0,2.5,2.5
36649356,200112310,MAQUILLAJE,CYZONE,15.95,2024-01-17,14,389.4,430.195,338,0.2280701754385964,0.4559023066485753,9730.2,272,165,0.8181818181818182,0.1826086956521739,0.4368379446640317,36649356_Bundle_1,0,0.5500734048560135,1.0,3.0,2.5,2.5
36649356,200106450,MAQUILLAJE,ESIKA,19.9,2023-12-27,11,372.2,430.195,359,0.175438596491228,0.4843962008141113,9730.2,272,165,0.5454545454545454,0.22826086956521738,0.35513833992094856,36649356_Bundle_1,0,0.5500734048560135,1.0,3.0,2.5,2.5
36649356,210092772,MAQUILLAJE,LBEL,25.0,2023-11-27,12,466.1,430.195,389,0.1929824561403508,0.5251017639077341,9730.2,272,165,0.6363636363636364,0.29347826086956524,0.43063241106719374,36649356_Bundle_1,0,0.5500734048560135,1.0,3.0,2.5,2.5
36649356,200110864,MAQUILLAJE,CYZONE,24.9,2023-11-27,12,466.1,430.195,389,0.1929824561403508,0.5251017639077341,9730.2,272,165,0.6363636363636364,0.29347826086956524,0.43063241106719374,36649356_Bundle_1,0,0.5500734048560135,1.0,3.0,2.5,2.5
36649356,200100926,FRAGANCIAS,ESIKA,39.9,2023-05-24,16,553.0,430.195,576,0.2631578947368421,0.7788331071913162,9730.2,272,165,1.0,0.7,0.8200000000000001,36649356_Bundle_2,1,0.659028797289667,,,,
36649356,210097035,MAQUILLAJE,CYZONE,16.9,2023-07-25,13,424.1,430.195,514,0.2105263157894736,0.694708276797829,9730.2,272,165,0.7272727272727273,0.5652173913043478,0.6300395256916996,36649356_Bundle_2,0,0.659028797289667,1.0,3.0,2.5,2.5
36649356,200106595,MAQUILLAJE,CYZONE,17.9,2023-04-12,12,344.0,430.195,618,0.1929824561403508,0.835820895522388,9730.2,272,165,0.6363636363636364,0.7913043478260869,0.7293280632411068,36649356_Bundle_2,0,0.659028797289667,1.0,3.0,2.5,2.5
36649356,200103354,MAQUILLAJE,ESIKA,14.9,2023-04-12,12,344.0,430.195,618,0.1929824561403508,0.835820895522388,9730.2,272,165,0.6363636363636364,0.7913043478260869,0.7293280632411068,36649356_Bundle_2,0,0.659028797289667,1.0,3.0,2.5,2.5
36649356,200084840,TRATAMIENTO CORPORAL,ESIKA,25.9,2023-06-07,9,326.4,430.195,562,0.1403508771929824,0.7598371777476255,9730.2,272,165,0.36363636363636365,0.6695652173913044,0.5471936758893281,36649356_Bundle_2,0,0.659028797289667,1.0,3.0,2.5,2.5
36649356,200105070,MAQUILLAJE,LBEL,39.9,2023-07-05,7,295.3,430.195,534,0.1052631578947368,0.7218453188602443,9730.2,272,165,0.18181818181818182,0.6086956521739131,0.4379446640316206,36649356_Bundle_2,0,0.659028797289667,1.0,3.0,2.5,2.5
36649356,200106437,MAQUILLAJE,ESIKA,18.9,2023-01-26,9,313.4,430.195,694,0.1403508771929824,0.9389416553595658,9730.2,272,165,0.36363636363636365,0.9565217391304348,0.7193675889328064,36649356_Bundle_2,0,0.659028797289667,1.0,3.0,2.5,2.5
36888067,200115942,VARIOS,GENERICA,59.9,2024-04-25,12,322.7,430.195,239,0.1929824561403508,0.32157394843962,1761.2,79,67,0.3333333333333333,1.0,0.7333333333333333,36888067_Bundle_1,1,0.4575642646439106,,,,
36888067,200112304,FRAGANCIAS,ESIKA,37.92,2024-07-25,13,349.9,430.195,148,0.2105263157894736,0.1981004070556309,1761.2,79,67,0.5,0.19469026548672566,0.3168141592920354,36888067_Bundle_1,0,0.4575642646439106,1.0,3.0,2.5,2.5
36888067,200039855,FRAGANCIAS,CYZONE,24.9,2024-06-13,14,395.9,430.195,190,0.2280701754385964,0.2550881953867028,1761.2,79,67,0.6666666666666666,0.5663716814159292,0.6064896755162241,36888067_Bundle_1,0,0.4575642646439106,1.0,3.0,2.5,2.5
36888067,200095420,CUIDADO PERSONAL,ESIKA,5.4,2024-07-05,16,251.5,430.195,168,0.2631578947368421,0.2252374491180461,1761.2,79,67,1.0,0.37168141592920356,0.6230088495575221,36888067_Bundle_1,0,0.4575642646439106,1.0,3.0,2.5,2.5
36888067,200094217,FRAGANCIAS,ESIKA,49.95,2024-07-25,13,349.9,430.195,148,0.2105263157894736,0.1981004070556309,1761.2,79,67,0.5,0.19469026548672566,0.3168141592920354,36888067_Bundle_1,0,0.4575642646439106,1.0,3.0,2.5,2.5
36888067,200114817,TRATAMIENTO FACIAL,CYZONE,10.0,2024-08-16,10,179.6,430.195,126,0.1578947368421052,0.1682496607869742,1761.2,79,67,0.0,0.0,0.0,36888067_Bundle_1,0,0.4575642646439106,1.0,3.0,2.5,2.5
36888067,200111352,FRAGANCIAS,ESIKA,79.9,2024-06-13,14,395.9,430.195,190,0.2280701754385964,0.2550881953867028,1761.2,79,67,0.6666666666666666,0.5663716814159292,0.6064896755162241,36888067_Bundle_1,0,0.4575642646439106,1.0,3.0,2.5,2.5
36888067,200115942,VARIOS,GENERICA,59.9,2024-04-25,12,322.7,430.195,239,0.1929824561403508,0.32157394843962,1761.2,79,67,0.3333333333333333,1.0,0.7333333333333333,36888067_Bundle_2,1,0.6972608512431522,,,,
36888067,200094857,MAQUILLAJE,ESIKA,13.9,2024-05-23,14,261.6,430.195,211,0.2280701754385964,0.2835820895522388,1761.2,79,67,0.6666666666666666,0.7522123893805309,0.7179941002949852,36888067_Bundle_2,0,0.6972608512431522,1.0,3.0,2.5,2.5
36888067,200113318,MAQUILLAJE,ESIKA,14.9,2024-06-13,14,395.9,430.195,190,0.2280701754385964,0.2550881953867028,1761.2,79,67,0.6666666666666666,0.5663716814159292,0.6064896755162241,36888067_Bundle_2,0,0.6972608512431522,1.0,3.0,2.5,2.5
36888067,200095420,CUIDADO PERSONAL,ESIKA,5.4,2024-07-05,16,251.5,430.195,168,0.2631578947368421,0.2252374491180461,1761.2,79,67,1.0,0.37168141592920356,0.6230088495575221,36888067_Bundle_2,0,0.6972608512431522,1.0,3.0,2.5,2.5
36888067,210105919,BIJOUTERIE,CYZONE,59.9,2024-04-25,12,322.7,430.195,239,0.1929824561403508,0.32157394843962,1761.2,79,67,0.3333333333333333,1.0,0.7333333333333333,36888067_Bundle_2,0,0.6972608512431522,1.0,3.0,2.5,2.5
36888067,200091709,FRAGANCIAS,CYZONE,23.3,2024-04-25,12,322.7,430.195,239,0.1929824561403508,0.32157394843962,1761.2,79,67,0.3333333333333333,1.0,0.7333333333333333,36888067_Bundle_2,0,0.6972608512431522,1.0,3.0,2.5,2.5
36888067,200089168,FRAGANCIAS,CYZONE,17.5,2024-04-25,12,322.7,430.195,239,0.1929824561403508,0.32157394843962,1761.2,79,67,0.3333333333333333,1.0,0.7333333333333333,36888067_Bundle_2,0,0.6972608512431522,1.0,3.0,2.5,2.5
36949902,200105017,FRAGANCIAS,CYZONE,16.9,2023-01-13,17,399.4,430.195,707,0.2807017543859649,0.9565807327001355,3459.6,116,102,0.5294117647058824,0.8376623376623377,0.7143621084797556,36949902_Bundle_1,1,0.4747462621412201,,,,
36949902,200110341,MAQUILLAJE,ESIKA,25.9,2023-05-22,16,446.1,430.195,578,0.2631578947368421,0.7815468113975577,3459.6,116,102,0.47058823529411764,0.0,0.18823529411764706,36949902_Bundle_1,0,0.4747462621412201,1.0,3.0,2.5,2.5
36949902,210101544,PROMOCION USUARIOS,LBEL,2.5,2023-01-13,17,399.4,430.195,707,0.2807017543859649,0.9565807327001355,3459.6,116,102,0.5294117647058824,0.8376623376623377,0.7143621084797556,36949902_Bundle_1,0,0.4747462621412201,1.0,3.0,2.5,2.5
36949902,210098307,MAQUILLAJE,ESIKA,24.9,2023-03-14,14,419.7,430.195,647,0.2280701754385964,0.8751696065128901,3459.6,116,102,0.35294117647058826,0.44805194805194803,0.4100076394194041,36949902_Bundle_1,0,0.4747462621412201,1.0,3.0,2.5,2.5
36949902,210092742,MAQUILLAJE,ESIKA,26.9,2023-04-26,11,424.2,430.195,604,0.175438596491228,0.8168249660786974,3459.6,116,102,0.17647058823529413,0.16883116883116883,0.17188693659281895,36949902_Bundle_1,0,0.4747462621412201,1.0,3.0,2.5,2.5
36949902,210100312,PROMOCION USUARIOS,LBEL,3.0,2023-01-13,17,399.4,430.195,707,0.2807017543859649,0.9565807327001355,3459.6,116,102,0.5294117647058824,0.8376623376623377,0.7143621084797556,36949902_Bundle_1,0,0.4747462621412201,1.0,3.0,2.5,2.5
36949902,200112232,MAQUILLAJE,CYZONE,21.9,2023-03-14,14,419.7,430.195,647,0.2280701754385964,0.8751696065128901,3459.6,116,102,0.35294117647058826,0.44805194805194803,0.4100076394194041,36949902_Bundle_1,0,0.4747462621412201,1.0,3.0,2.5,2.5
36949902,200105017,FRAGANCIAS,CYZONE,16.9,2023-01-13,17,399.4,430.195,707,0.2807017543859649,0.9565807327001355,3459.6,116,102,0.5294117647058824,0.8376623376623377,0.7143621084797556,36949902_Bundle_2,1,0.5157372039724981,,,,
36949902,200110341,MAQUILLAJE,ESIKA,25.9,2023-05-22,16,446.1,430.195,578,0.2631578947368421,0.7815468113975577,3459.6,116,102,0.47058823529411764,0.0,0.18823529411764706,36949902_Bundle_2,0,0.5157372039724981,1.0,3.0,2.5,2.5
36949902,200105218,TRATAMIENTO FACIAL,ESIKA,34.9,2023-02-22,9,360.4,430.195,667,0.1403508771929824,0.9023066485753052,3459.6,116,102,0.058823529411764705,0.577922077922078,0.3702826585179526,36949902_Bundle_2,0,0.5157372039724981,1.0,3.0,2.5,2.5
36949902,210096207,MAQUILLAJE,ESIKA,17.9,2023-01-13,17,399.4,430.195,707,0.2807017543859649,0.9565807327001355,3459.6,116,102,0.5294117647058824,0.8376623376623377,0.7143621084797556,36949902_Bundle_2,0,0.5157372039724981,1.0,3.0,2.5,2.5
36949902,210102151,BIJOUTERIE,CYZONE,31.9,2022-12-19,8,219.4,430.195,732,0.1228070175438596,0.9905020352781548,3459.6,116,102,0.0,1.0,0.6,36949902_Bundle_2,0,0.5157372039724981,1.0,3.0,2.5,2.5
36949902,200091875,MAQUILLAJE,ESIKA,41.9,2023-03-14,14,419.7,430.195,647,0.2280701754385964,0.8751696065128901,3459.6,116,102,0.35294117647058826,0.44805194805194803,0.4100076394194041,36949902_Bundle_2,0,0.5157372039724981,1.0,3.0,2.5,2.5
36949902,200102351,MAQUILLAJE,ESIKA,22.9,2023-02-02,16,403.9,430.195,687,0.2631578947368421,0.9294436906377204,3459.6,116,102,0.47058823529411764,0.7077922077922078,0.6129106187929717,36949902_Bundle_2,0,0.5157372039724981,1.0,3.0,2.5,2.5
37789771,200095170,CUIDADO PERSONAL,ESIKA,5.89,2023-06-08,10,343.4,430.195,561,0.1578947368421052,0.7584803256445047,1948.1,58,57,0.75,0.8728813559322034,0.823728813559322,37789771_Bundle_1,1,0.5117433414043584,,,,
37789771,200109443,FRAGANCIAS,ESIKA,59.9,2023-08-14,8,306.2,430.195,494,0.1228070175438596,0.6675712347354138,1948.1,58,57,0.5,0.3050847457627119,0.38305084745762713,37789771_Bundle_1,0,0.5117433414043584,1.0,3.0,2.5,2.5
37789771,200060760,FRAGANCIAS,CYZONE,24.58,2023-06-08,10,343.4,430.195,561,0.1578947368421052,0.7584803256445047,1948.1,58,57,0.75,0.8728813559322034,0.823728813559322,37789771_Bundle_1,0,0.5117433414043584,1.0,3.0,2.5,2.5
37789771,200105017,FRAGANCIAS,CYZONE,39.9,2023-08-14,8,306.2,430.195,494,0.1228070175438596,0.6675712347354138,1948.1,58,57,0.5,0.3050847457627119,0.38305084745762713,37789771_Bundle_1,0,0.5117433414043584,1.0,3.0,2.5,2.5
37789771,200112528,MAQUILLAJE,ESIKA,32.9,2023-09-12,7,220.3,430.195,465,0.1052631578947368,0.6282225237449118,1948.1,58,57,0.375,0.059322033898305086,0.18559322033898307,37789771_Bundle_1,0,0.5117433414043584,1.0,3.0,2.5,2.5
37789771,210092772,MAQUILLAJE,LBEL,31.0,2023-05-24,4,154.9,430.195,576,0.0526315789473684,0.7788331071913162,1948.1,58,57,0.0,1.0,0.6,37789771_Bundle_1,0,0.5117433414043584,1.0,3.0,2.5,2.5
37789771,210104015,COMPLEMENTOS,CYZONE,24.9,2023-08-14,8,306.2,430.195,494,0.1228070175438596,0.6675712347354138,1948.1,58,57,0.5,0.3050847457627119,0.38305084745762713,37789771_Bundle_1,0,0.5117433414043584,1.0,3.0,2.5,2.5
37789771,200095170,CUIDADO PERSONAL,ESIKA,5.89,2023-06-08,10,343.4,430.195,561,0.1578947368421052,0.7584803256445047,1948.1,58,57,0.75,0.8728813559322034,0.823728813559322,37789771_Bundle_2,1,0.49382566585956417,,,,
37789771,200114137,MAQUILLAJE,ESIKA,32.9,2023-08-14,8,306.2,430.195,494,0.1228070175438596,0.6675712347354138,1948.1,58,57,0.5,0.3050847457627119,0.38305084745762713,37789771_Bundle_2,0,0.49382566585956417,1.0,3.0,2.5,2.5
37789771,200113891,FRAGANCIAS,ESIKA,52.37,2023-06-08,10,343.4,430.195,561,0.1578947368421052,0.7584803256445047,1948.1,58,57,0.75,0.8728813559322034,0.823728813559322,37789771_Bundle_2,0,0.49382566585956417,1.0,3.0,2.5,2.5
37789771,210104279,BIJOUTERIE,ESIKA,24.9,2023-07-21,12,398.0,430.195,518,0.1929824561403508,0.7001356852103121,1948.1,58,57,1.0,0.5084745762711864,0.7050847457627119,37789771_Bundle_2,0,0.49382566585956417,1.0,3.0,2.5,2.5
37789771,200105041,FRAGANCIAS,ESIKA,32.9,2023-09-19,11,328.9,430.195,458,0.175438596491228,0.6187245590230664,1948.1,58,57,0.875,0.0,0.35000000000000003,37789771_Bundle_2,0,0.49382566585956417,1.0,3.0,2.5,2.5
37789771,210096269,MAQUILLAJE,ESIKA,21.9,2023-09-12,7,220.3,430.195,465,0.1052631578947368,0.6282225237449118,1948.1,58,57,0.375,0.059322033898305086,0.18559322033898307,37789771_Bundle_2,0,0.49382566585956417,1.0,3.0,2.5,2.5
37789771,200106608,MAQUILLAJE,CYZONE,22.9,2023-09-12,7,220.3,430.195,465,0.1052631578947368,0.6282225237449118,1948.1,58,57,0.375,0.059322033898305086,0.18559322033898307,37789771_Bundle_2,0,0.49382566585956417,1.0,3.0,2.5,2.5
38267000,200103027,CUIDADO PERSONAL,ESIKA,18.0,2023-01-04,4,146.5,430.195,716,0.0526315789473684,0.9687924016282226,146.5,4,4,0.0,0.0,0.0,38267000_Bundle_1,1,0.0,,,,
38267000,200083596,TRATAMIENTO CORPORAL,LBEL,44.9,2023-01-04,4,146.5,430.195,716,0.0526315789473684,0.9687924016282226,146.5,4,4,0.0,0.0,0.0,38267000_Bundle_1,0,0.0,1.0,2.0,1.75,1.75
38267000,200098267,FRAGANCIAS,ESIKA,31.9,2023-01-04,4,146.5,430.195,716,0.0526315789473684,0.9687924016282226,146.5,4,4,0.0,0.0,0.0,38267000_Bundle_1,0,0.0,1.0,1.0,1.0,1.0
38267000,200084293,TRATAMIENTO CORPORAL,LBEL,51.7,2023-01-04,4,146.5,430.195,716,0.0526315789473684,0.9687924016282226,146.5,4,4,0.0,0.0,0.0,38267000_Bundle_1,0,0.0,1.0,1.0,1.0,1.0
38267000,200103027,CUIDADO PERSONAL,ESIKA,18.0,2023-01-04,4,146.5,430.195,716,0.0526315789473684,0.9687924016282226,146.5,4,4,0.0,0.0,0.0,38267000_Bundle_2,1,0.0,,,,
38267000,200098267,FRAGANCIAS,ESIKA,31.9,2023-01-04,4,146.5,430.195,716,0.0526315789473684,0.9687924016282226,146.5,4,4,0.0,0.0,0.0,38267000_Bundle_2,0,0.0,1.0,2.0,1.75,1.75
38267000,200084293,TRATAMIENTO CORPORAL,LBEL,51.7,2023-01-04,4,146.5,430.195,716,0.0526315789473684,0.9687924016282226,146.5,4,4,0.0,0.0,0.0,38267000_Bundle_2,0,0.0,1.0,2.0,1.75,1.75
38267000,200083596,TRATAMIENTO CORPORAL,LBEL,44.9,2023-01-04,4,146.5,430.195,716,0.0526315789473684,0.9687924016282226,146.5,4,4,0.0,0.0,0.0,38267000_Bundle_2,0,0.0,1.0,1.0,1.0,1.0
38304471,200103028,CUIDADO PERSONAL,ESIKA,14.98,2023-03-24,4,77.75999999999999,430.195,637,0.0526315789473684,0.8616010854816825,3390.72,107,99,0.1,0.9654036243822076,0.6192421746293246,38304471_Bundle_1,1,0.42496587432337024,,,,
38304471,200105079,FRAGANCIAS,CYZONE,15.9,2024-09-02,19,561.5,430.195,109,0.3157894736842105,0.1451831750339213,3390.72,107,99,0.85,0.09555189456342669,0.39733113673805603,38304471_Bundle_1,0,0.42496587432337024,1.0,3.0,2.5,2.5
38304471,210098529,MAQUILLAJE,CYZONE,20.9,2024-08-13,22,659.1,430.195,129,0.3684210526315789,0.1723202170963365,3390.72,107,99,1.0,0.128500823723229,0.4771004942339374,38304471_Bundle_1,0,0.42496587432337024,1.0,3.0,2.5,2.5
38304471,200113290,MAQUILLAJE,ESIKA,22.9,2024-08-13,22,659.1,430.195,129,0.3684210526315789,0.1723202170963365,3390.72,107,99,1.0,0.128500823723229,0.4771004942339374,38304471_Bundle_1,0,0.42496587432337024,1.0,3.0,2.5,2.5
38304471,200113327,MAQUILLAJE,ESIKA,13.9,2024-06-28,11,402.0,430.195,175,0.175438596491228,0.2347354138398914,3390.72,107,99,0.45,0.2042833607907743,0.3025700164744646,38304471_Bundle_1,0,0.42496587432337024,1.0,3.0,2.5,2.5
38304471,210096239,MAQUILLAJE,ESIKA,17.9,2024-06-28,11,402.0,430.195,175,0.175438596491228,0.2347354138398914,3390.72,107,99,0.45,0.2042833607907743,0.3025700164744646,38304471_Bundle_1,0,0.42496587432337024,1.0,3.0,2.5,2.5
38304471,210102480,PROMOCION USUARIOS,CYZONE,11.0,2024-07-22,17,399.86,430.195,151,0.2807017543859649,0.2021709633649932,3390.72,107,99,0.75,0.16474464579901152,0.39884678747940694,38304471_Bundle_1,0,0.42496587432337024,1.0,3.0,2.5,2.5
38304471,200103028,CUIDADO PERSONAL,ESIKA,14.98,2023-03-24,4,77.75999999999999,430.195,637,0.0526315789473684,0.8616010854816825,3390.72,107,99,0.1,0.9654036243822076,0.6192421746293246,38304471_Bundle_2,1,0.3846740409508119,,,,
38304471,200114192,MAQUILLAJE,CYZONE,23.9,2024-09-17,7,155.29999999999998,430.195,94,0.1052631578947368,0.1248303934871099,3390.72,107,99,0.25,0.07084019769357495,0.14250411861614498,38304471_Bundle_2,0,0.3846740409508119,1.0,3.0,2.5,2.5
38304471,210103958,COMPLEMENTOS,CYZONE,74.9,2024-09-02,19,561.5,430.195,109,0.3157894736842105,0.1451831750339213,3390.72,107,99,0.85,0.09555189456342669,0.39733113673805603,38304471_Bundle_2,0,0.3846740409508119,1.0,3.0,2.5,2.5
38304471,200113298,MAQUILLAJE,ESIKA,22.9,2024-08-13,22,659.1,430.195,129,0.3684210526315789,0.1723202170963365,3390.72,107,99,1.0,0.128500823723229,0.4771004942339374,38304471_Bundle_2,0,0.3846740409508119,1.0,3.0,2.5,2.5
38304471,210106098,BIJOUTERIE,ESIKA,39.9,2024-07-22,17,399.86,430.195,151,0.2807017543859649,0.2021709633649932,3390.72,107,99,0.75,0.16474464579901152,0.39884678747940694,38304471_Bundle_2,0,0.3846740409508119,1.0,3.0,2.5,2.5
38304471,200105041,FRAGANCIAS,ESIKA,46.9,2024-06-10,8,351.3,430.195,193,0.1228070175438596,0.2591587516960651,3390.72,107,99,0.3,0.23393739703459637,0.2603624382207578,38304471_Bundle_2,0,0.3846740409508119,1.0,3.0,2.5,2.5
38304471,210106474,BIJOUTERIE,CYZONE,44.9,2024-09-02,19,561.5,430.195,109,0.3157894736842105,0.1451831750339213,3390.72,107,99,0.85,0.09555189456342669,0.39733113673805603,38304471_Bundle_2,0,0.3846740409508119,1.0,3.0,2.5,2.5
39061287,200095895,FRAGANCIAS,CYZONE,23.98,2023-02-08,7,141.84,430.195,681,0.1052631578947368,0.921302578018996,3029.84,115,99,0.6,0.9736346516007532,0.8241807909604519,39061287_Bundle_1,1,0.610363196125908,,,,
39061287,200111301,MAQUILLAJE,LBEL,30.0,2023-09-22,4,159.9,430.195,455,0.0526315789473684,0.6146540027137042,3029.84,115,99,0.3,0.5480225988700564,0.4488135593220339,39061287_Bundle_1,0,0.610363196125908,1.0,3.0,2.5,2.5
39061287,200103957,TRATAMIENTO CORPORAL,LBEL,10.9,2023-11-07,4,142.6,430.195,409,0.0526315789473684,0.5522388059701493,3029.84,115,99,0.3,0.4613935969868173,0.3968361581920904,39061287_Bundle_1,0,0.610363196125908,1.0,3.0,2.5,2.5
39061287,210104375,BIJOUTERIE,ESIKA,39.9,2023-04-12,3,171.7,430.195,618,0.0350877192982456,0.835820895522388,3029.84,115,99,0.2,0.8549905838041432,0.5929943502824859,39061287_Bundle_1,0,0.610363196125908,1.0,3.0,2.5,2.5
39061287,200106661,MAQUILLAJE,ESIKA,19.9,2024-03-25,10,160.75,430.195,270,0.1578947368421052,0.3636363636363636,3029.84,115,99,0.9,0.19962335216572505,0.4797740112994351,39061287_Bundle_1,0,0.610363196125908,1.0,3.0,2.5,2.5
39061287,200109582,MAQUILLAJE,ESIKA,19.9,2023-08-21,11,169.43,430.195,487,0.175438596491228,0.6580732700135685,3029.84,115,99,1.0,0.608286252354049,0.7649717514124295,39061287_Bundle_1,0,0.610363196125908,1.0,3.0,2.5,2.5
39061287,210103869,BIJOUTERIE,ESIKA,29.9,2023-08-21,11,169.43,430.195,487,0.175438596491228,0.6580732700135685,3029.84,115,99,1.0,0.608286252354049,0.7649717514124295,39061287_Bundle_1,0,0.610363196125908,1.0,3.0,2.5,2.5
39061287,200095895,FRAGANCIAS,CYZONE,23.98,2023-02-08,7,141.84,430.195,681,0.1052631578947368,0.921302578018996,3029.84,115,99,0.6,0.9736346516007532,0.8241807909604519,39061287_Bundle_2,1,0.6401614205004035,,,,
39061287,200111301,MAQUILLAJE,LBEL,30.0,2023-09-22,4,159.9,430.195,455,0.0526315789473684,0.6146540027137042,3029.84,115,99,0.3,0.5480225988700564,0.4488135593220339,39061287_Bundle_2,0,0.6401614205004035,1.0,3.0,2.5,2.5
39061287,200115451,CUIDADO PERSONAL,ESIKA,24.9,2024-01-18,8,243.3,430.195,337,0.1228070175438596,0.4545454545454545,3029.84,115,99,0.7,0.3258003766478343,0.47548022598870054,39061287_Bundle_2,0,0.6401614205004035,1.0,3.0,2.5,2.5
39061287,210103869,BIJOUTERIE,ESIKA,29.9,2023-08-21,11,169.43,430.195,487,0.175438596491228,0.6580732700135685,3029.84,115,99,1.0,0.608286252354049,0.7649717514124295,39061287_Bundle_2,0,0.6401614205004035,1.0,3.0,2.5,2.5
39061287,200109537,CUIDADO PERSONAL,ESIKA,7.38,2023-06-20,8,100.65,430.195,549,0.1228070175438596,0.7421981004070556,3029.84,115,99,0.7,0.7250470809792844,0.7150282485875705,39061287_Bundle_2,0,0.6401614205004035,1.0,3.0,2.5,2.5
39061287,210102487,PROMOCION USUARIOS,ESIKA,59.9,2023-05-31,3,174.8,430.195,569,0.0350877192982456,0.7693351424694709,3029.84,115,99,0.2,0.7627118644067796,0.5376271186440678,39061287_Bundle_2,0,0.6401614205004035,1.0,3.0,2.5,2.5
39061287,200105195,CUIDADO PERSONAL,ESIKA,7.38,2023-06-20,8,100.65,430.195,549,0.1228070175438596,0.7421981004070556,3029.84,115,99,0.7,0.7250470809792844,0.7150282485875705,39061287_Bundle_2,0,0.6401614205004035,1.0,3.0,2.5,2.5
39520125,200115453,CUIDADO PERSONAL,ESIKA,16.98,2024-05-16,30,472.83,430.195,218,0.5087719298245614,0.2930800542740841,3968.54,180,136,1.0,0.7454545454545455,0.8472727272727273,39520125_Bundle_1,1,0.5749121466768525,,,,
39520125,200112315,MAQUILLAJE,CYZONE,6.9,2024-05-30,19,437.85,430.195,204,0.3157894736842105,0.2740841248303934,3968.54,180,136,0.35294117647058826,0.6606060606060606,0.5375401069518717,39520125_Bundle_1,0,0.5749121466768525,1.0,3.0,2.5,2.5
39520125,200115470,MAQUILLAJE,LBEL,37.25,2024-07-11,21,399.79,430.195,162,0.3508771929824561,0.2170963364993215,3968.54,180,136,0.47058823529411764,0.40606060606060607,0.4318716577540107,39520125_Bundle_1,0,0.5749121466768525,1.0,3.0,2.5,2.5
39520125,200113781,FRAGANCIAS,CYZONE,18.3,2024-08-01,26,608.54,430.195,141,0.4385964912280701,0.1886024423337856,3968.54,180,136,0.7647058823529411,0.2787878787878788,0.47315508021390373,39520125_Bundle_1,0,0.5749121466768525,1.0,3.0,2.5,2.5
39520125,200105005,FRAGANCIAS,CYZONE,20.0,2024-06-20,17,388.1,430.195,183,0.2807017543859649,0.2455902306648575,3968.54,180,136,0.23529411764705882,0.5333333333333333,0.41411764705882353,39520125_Bundle_1,0,0.5749121466768525,1.0,3.0,2.5,2.5
39520125,200109538,FRAGANCIAS,LBEL,32.9,2024-05-16,30,472.83,430.195,218,0.5087719298245614,0.2930800542740841,3968.54,180,136,1.0,0.7454545454545455,0.8472727272727273,39520125_Bundle_1,0,0.5749121466768525,1.0,3.0,2.5,2.5
39520125,200106455,MAQUILLAJE,ESIKA,10.47,2024-08-01,26,608.54,430.195,141,0.4385964912280701,0.1886024423337856,3968.54,180,136,0.7647058823529411,0.2787878787878788,0.47315508021390373,39520125_Bundle_1,0,0.5749121466768525,1.0,3.0,2.5,2.5
39520125,200115453,CUIDADO PERSONAL,ESIKA,16.98,2024-05-16,30,472.83,430.195,218,0.5087719298245614,0.2930800542740841,3968.54,180,136,1.0,0.7454545454545455,0.8472727272727273,39520125_Bundle_2,1,0.4747746371275783,,,,
39520125,200086399,FRAGANCIAS,LBEL,31.0,2024-08-22,15,442.3,430.195,120,0.2456140350877192,0.1601085481682496,3968.54,180,136,0.11764705882352941,0.15151515151515152,0.13796791443850268,39520125_Bundle_2,0,0.4747746371275783,1.0,3.0,2.5,2.5
39520125,200114935,FRAGANCIAS,CYZONE,25.0,2024-09-16,13,237.9,430.195,95,0.2105263157894736,0.1261872455902306,3968.54,180,136,0.0,0.0,0.0,39520125_Bundle_2,0,0.4747746371275783,1.0,3.0,2.5,2.5
39520125,200089168,FRAGANCIAS,CYZONE,23.65,2024-04-04,17,489.9,430.195,260,0.2807017543859649,0.350067842605156,3968.54,180,136,0.23529411764705882,1.0,0.6941176470588235,39520125_Bundle_2,0,0.4747746371275783,1.0,3.0,2.5,2.5
39520125,200105041,FRAGANCIAS,ESIKA,26.6,2024-04-24,22,491.33,430.195,240,0.3684210526315789,0.3229308005427408,3968.54,180,136,0.5294117647058824,0.8787878787878788,0.7390374331550802,39520125_Bundle_2,0,0.4747746371275783,1.0,3.0,2.5,2.5
39520125,210106028,BIJOUTERIE,ESIKA,26.9,2024-08-01,26,608.54,430.195,141,0.4385964912280701,0.1886024423337856,3968.54,180,136,0.7647058823529411,0.2787878787878788,0.47315508021390373,39520125_Bundle_2,0,0.4747746371275783,1.0,3.0,2.5,2.5
39520125,200115496,FRAGANCIAS,CYZONE,14.15,2024-07-11,21,399.79,430.195,162,0.3508771929824561,0.2170963364993215,3968.54,180,136,0.47058823529411764,0.40606060606060607,0.4318716577540107,39520125_Bundle_2,0,0.4747746371275783,1.0,3.0,2.5,2.5
39523851,200105041,FRAGANCIAS,ESIKA,33.33,2023-06-13,22,574.5,430.195,556,0.3684210526315789,0.751696065128901,4013.95,141,119,0.7368421052631579,1.0,0.894736842105263,39523851_Bundle_1,1,0.6325107246644217,,,,
39523851,200098885,MUESTRAS COSMETICOS,ESIKA,3.5,2023-06-13,22,574.5,430.195,556,0.3684210526315789,0.751696065128901,4013.95,141,119,0.7368421052631579,1.0,0.894736842105263,39523851_Bundle_1,0,0.6325107246644217,1.0,3.0,2.5,2.5
39523851,200106941,MAQUILLAJE,CYZONE,29.9,2023-08-17,10,373.1,430.195,491,0.1578947368421052,0.6635006784260515,4013.95,141,119,0.10526315789473684,0.6012269938650306,0.40284145947691313,39523851_Bundle_1,0,0.6325107246644217,1.0,3.0,2.5,2.5
39523851,200103720,MAQUILLAJE,ESIKA,34.9,2023-07-27,15,493.5,430.195,512,0.2456140350877192,0.6919945725915875,4013.95,141,119,0.3684210526315789,0.7300613496932515,0.5854052308685824,39523851_Bundle_1,0,0.6325107246644217,1.0,3.0,2.5,2.5
39523851,210102022,COMPLEMENTOS,CYZONE,26.9,2023-10-28,27,726.55,430.195,419,0.4561403508771929,0.5658073270013568,4013.95,141,119,1.0,0.15950920245398773,0.49570552147239266,39523851_Bundle_1,0,0.6325107246644217,1.0,3.0,2.5,2.5
39523851,200112552,TRATAMIENTO CORPORAL,LBEL,17.9,2023-07-27,15,493.5,430.195,512,0.2456140350877192,0.6919945725915875,4013.95,141,119,0.3684210526315789,0.7300613496932515,0.5854052308685824,39523851_Bundle_1,0,0.6325107246644217,1.0,3.0,2.5,2.5
39523851,210095246,CUIDADO PERSONAL,CYZONE,23.9,2023-09-21,24,588.5999999999999,430.195,456,0.4035087719298245,0.6160108548168249,4013.95,141,119,0.8421052631578947,0.38650306748466257,0.5687439457539554,39523851_Bundle_1,0,0.6325107246644217,1.0,3.0,2.5,2.5
39523851,200105041,FRAGANCIAS,ESIKA,33.33,2023-06-13,22,574.5,430.195,556,0.3684210526315789,0.751696065128901,4013.95,141,119,0.7368421052631579,1.0,0.894736842105263,39523851_Bundle_2,1,0.6410166520595968,,,,
39523851,200098885,MUESTRAS COSMETICOS,ESIKA,3.5,2023-06-13,22,574.5,430.195,556,0.3684210526315789,0.751696065128901,4013.95,141,119,0.7368421052631579,1.0,0.894736842105263,39523851_Bundle_2,0,0.6410166520595968,1.0,3.0,2.5,2.5
39523851,210101561,BIJOUTERIE,ESIKA,34.9,2023-09-21,24,588.5999999999999,430.195,456,0.4035087719298245,0.6160108548168249,4013.95,141,119,0.8421052631578947,0.38650306748466257,0.5687439457539554,39523851_Bundle_2,0,0.6410166520595968,1.0,3.0,2.5,2.5
39523851,200094836,MAQUILLAJE,ESIKA,15.9,2023-09-21,24,588.5999999999999,430.195,456,0.4035087719298245,0.6160108548168249,4013.95,141,119,0.8421052631578947,0.38650306748466257,0.5687439457539554,39523851_Bundle_2,0,0.6410166520595968,1.0,3.0,2.5,2.5
39523851,200109612,MAQUILLAJE,CYZONE,9.9,2023-09-21,24,588.5999999999999,430.195,456,0.4035087719298245,0.6160108548168249,4013.95,141,119,0.8421052631578947,0.38650306748466257,0.5687439457539554,39523851_Bundle_2,0,0.6410166520595968,1.0,3.0,2.5,2.5
39523851,200109890,MAQUILLAJE,CYZONE,16.9,2023-10-28,27,726.55,430.195,419,0.4561403508771929,0.5658073270013568,4013.95,141,119,1.0,0.15950920245398773,0.49570552147239266,39523851_Bundle_2,0,0.6410166520595968,1.0,3.0,2.5,2.5
39523851,200095374,CUIDADO PERSONAL,ESIKA,7.54,2023-10-28,27,726.55,430.195,419,0.4561403508771929,0.5658073270013568,4013.95,141,119,1.0,0.15950920245398773,0.49570552147239266,39523851_Bundle_2,0,0.6410166520595968,1.0,3.0,2.5,2.5
39592525,210100496,MAQUILLAJE,CYZONE,7.9,2023-04-18,16,167.9,430.195,612,0.2631578947368421,0.8276797829036635,5143.91,248,162,1.0,0.8422619047619048,0.9053571428571429,39592525_Bundle_1,1,0.5870663265306122,,,,
39592525,200095666,CUIDADO PERSONAL,CYZONE,10.9,2024-07-23,14,272.8,430.195,150,0.2280701754385964,0.2008141112618724,5143.91,248,162,0.8666666666666667,0.15476190476190477,0.43952380952380954,39592525_Bundle_1,0,0.5870663265306122,1.0,3.0,2.5,2.5
39592525,200116056,TRATAMIENTO FACIAL,ESIKA,30.9,2024-11-04,11,290.17,430.195,46,0.175438596491228,0.0597014925373134,5143.91,248,162,0.6666666666666666,0.0,0.26666666666666666,39592525_Bundle_1,0,0.5870663265306122,1.0,3.0,2.5,2.5
39592525,200089509,FRAGANCIAS,ESIKA,39.9,2023-12-14,6,194.6,430.195,372,0.087719298245614,0.5020352781546812,5143.91,248,162,0.3333333333333333,0.4851190476190476,0.42440476190476184,39592525_Bundle_1,0,0.5870663265306122,1.0,3.0,2.5,2.5
39592525,200100926,FRAGANCIAS,ESIKA,28.3,2024-06-12,6,188.6,430.195,191,0.087719298245614,0.2564450474898236,5143.91,248,162,0.3333333333333333,0.21577380952380953,0.26279761904761906,39592525_Bundle_1,0,0.5870663265306122,1.0,3.0,2.5,2.5
39592525,200105188,CUIDADO PERSONAL,ESIKA,7.38,2023-04-18,16,167.9,430.195,612,0.2631578947368421,0.8276797829036635,5143.91,248,162,1.0,0.8422619047619048,0.9053571428571429,39592525_Bundle_1,0,0.5870663265306122,1.0,3.0,2.5,2.5
39592525,210097089,CUIDADO PERSONAL,LBEL,12.9,2023-04-18,16,167.9,430.195,612,0.2631578947368421,0.8276797829036635,5143.91,248,162,1.0,0.8422619047619048,0.9053571428571429,39592525_Bundle_1,0,0.5870663265306122,1.0,3.0,2.5,2.5
39592525,210100496,MAQUILLAJE,CYZONE,7.9,2023-04-18,16,167.9,430.195,612,0.2631578947368421,0.8276797829036635,5143.91,248,162,1.0,0.8422619047619048,0.9053571428571429,39592525_Bundle_2,1,0.6038775510204081,,,,
39592525,210097030,CUIDADO PERSONAL,LBEL,14.9,2023-06-20,10,182.2,430.195,549,0.1578947368421052,0.7421981004070556,5143.91,248,162,0.6,0.7485119047619048,0.6891071428571429,39592525_Bundle_2,0,0.6038775510204081,1.0,3.0,2.5,2.5
39592525,200114983,TRATAMIENTO CORPORAL,ESIKA,25.9,2024-06-12,6,188.6,430.195,191,0.087719298245614,0.2564450474898236,5143.91,248,162,0.3333333333333333,0.21577380952380953,0.26279761904761906,39592525_Bundle_2,0,0.6038775510204081,1.0,3.0,2.5,2.5
39592525,200095170,CUIDADO PERSONAL,ESIKA,7.63,2023-05-24,10,189.82,430.195,576,0.1578947368421052,0.7788331071913162,5143.91,248,162,0.6,0.7886904761904762,0.7132142857142857,39592525_Bundle_2,0,0.6038775510204081,1.0,3.0,2.5,2.5
39592525,200108908,CUIDADO PERSONAL,CYZONE,16.9,2023-02-09,11,224.45,430.195,680,0.175438596491228,0.9199457259158752,5143.91,248,162,0.6666666666666666,0.9434523809523809,0.8327380952380952,39592525_Bundle_2,0,0.6038775510204081,1.0,3.0,2.5,2.5
39592525,200105218,TRATAMIENTO FACIAL,ESIKA,36.9,2024-07-03,12,222.34,430.195,170,0.1929824561403508,0.2279511533242876,5143.91,248,162,0.7333333333333333,0.18452380952380953,0.40404761904761904,39592525_Bundle_2,0,0.6038775510204081,1.0,3.0,2.5,2.5
39592525,200095158,CUIDADO PERSONAL,ESIKA,7.38,2024-08-14,14,245.57,430.195,128,0.2280701754385964,0.1709633649932157,5143.91,248,162,0.8666666666666667,0.12202380952380952,0.41988095238095235,39592525_Bundle_2,0,0.6038775510204081,1.0,3.0,2.5,2.5
39625989,200108807,CUIDADO PERSONAL,ESIKA,7.63,2023-01-10,18,309.49,430.195,710,0.2982456140350877,0.960651289009498,8838.3,356,233,0.68,0.9701492537313433,0.854089552238806,39625989_Bundle_1,1,0.41177825159914716,,,,
39625989,210105347,COMPLEMENTOS,CYZONE,30.0,2024-08-26,1,30.0,430.195,116,0.0,0.1546811397557666,8838.3,356,233,0.0,0.08358208955223881,0.05014925373134328,39625989_Bundle_1,0,0.41177825159914716,1.0,3.0,2.5,2.5
39625989,210104319,MAQUILLAJE,CYZONE,18.9,2024-06-25,15,371.45,430.195,178,0.2456140350877192,0.2388059701492537,8838.3,356,233,0.56,0.1761194029850746,0.3296716417910448,39625989_Bundle_1,0,0.41177825159914716,1.0,3.0,2.5,2.5
39625989,200114911,FRAGANCIAS,CYZONE,29.9,2024-08-06,16,487.49,430.195,136,0.2631578947368421,0.1818181818181818,8838.3,356,233,0.6,0.11343283582089553,0.3080597014925373,39625989_Bundle_1,0,0.41177825159914716,1.0,3.0,2.5,2.5
39625989,200106457,MAQUILLAJE,ESIKA,13.9,2023-12-19,13,292.62,430.195,367,0.2105263157894736,0.4952510176390773,8838.3,356,233,0.48,0.4582089552238806,0.46692537313432836,39625989_Bundle_1,0,0.41177825159914716,1.0,3.0,2.5,2.5
39625989,200105017,FRAGANCIAS,CYZONE,17.45,2023-09-04,10,338.2,430.195,473,0.1578947368421052,0.6390773405698779,8838.3,356,233,0.36,0.6164179104477612,0.5138507462686567,39625989_Bundle_1,0,0.41177825159914716,1.0,3.0,2.5,2.5
39625989,200111162,FRAGANCIAS,CYZONE,24.97,2024-03-12,11,261.09999999999997,430.195,283,0.175438596491228,0.3812754409769335,8838.3,356,233,0.4,0.3328358208955224,0.3597014925373134,39625989_Bundle_1,0,0.41177825159914716,1.0,3.0,2.5,2.5
39625989,200108807,CUIDADO PERSONAL,ESIKA,7.63,2023-01-10,18,309.49,430.195,710,0.2982456140350877,0.960651289009498,8838.3,356,233,0.68,0.9701492537313433,0.854089552238806,39625989_Bundle_2,1,0.5867633262260128,,,,
39625989,200098377,FRAGANCIAS,ESIKA,106.9,2022-12-21,16,468.64,430.195,730,0.2631578947368421,0.9877883310719132,8838.3,356,233,0.6,1.0,0.84,39625989_Bundle_2,0,0.5867633262260128,1.0,3.0,2.5,2.5
39625989,200101588,MAQUILLAJE,ESIKA,16.9,2023-08-08,20,343.89,430.195,500,0.3333333333333333,0.6757123473541384,8838.3,356,233,0.76,0.6567164179104478,0.6980298507462688,39625989_Bundle_2,0,0.5867633262260128,1.0,3.0,2.5,2.5
39625989,200093883,FRAGANCIAS,ESIKA,14.15,2024-07-15,17,411.36,430.195,158,0.2807017543859649,0.2116689280868385,8838.3,356,233,0.64,0.14626865671641792,0.3437611940298507,39625989_Bundle_2,0,0.5867633262260128,1.0,3.0,2.5,2.5
39625989,200106397,FRAGANCIAS,ESIKA,22.45,2023-08-08,20,343.89,430.195,500,0.3333333333333333,0.6757123473541384,8838.3,356,233,0.76,0.6567164179104478,0.6980298507462688,39625989_Bundle_2,0,0.5867633262260128,1.0,3.0,2.5,2.5
39625989,200109163,MAQUILLAJE,CYZONE,16.9,2024-07-15,17,411.36,430.195,158,0.2807017543859649,0.2116689280868385,8838.3,356,233,0.64,0.14626865671641792,0.3437611940298507,39625989_Bundle_2,0,0.5867633262260128,1.0,3.0,2.5,2.5
39625989,200093884,FRAGANCIAS,ESIKA,26.36,2024-06-25,15,371.45,430.195,178,0.2456140350877192,0.2388059701492537,8838.3,356,233,0.56,0.1761194029850746,0.3296716417910448,39625989_Bundle_2,0,0.5867633262260128,1.0,3.0,2.5,2.5
39630249,200098345,FRAGANCIAS,ESIKA,31.9,2023-01-13,23,563.68,430.195,707,0.3859649122807017,0.9565807327001355,1350.32,46,45,1.0,0.5714285714285714,0.7428571428571429,39630249_Bundle_1,1,0.5959183673469388,,,,
39630249,200103025,CUIDADO PERSONAL,ESIKA,29.9,2022-12-26,9,355.90999999999997,430.195,725,0.1403508771929824,0.9810040705563092,1350.32,46,45,0.0,1.0,0.6,39630249_Bundle_1,0,0.5959183673469388,1.0,3.0,2.5,2.5
39630249,200100053,MAQUILLAJE,ESIKA,32.9,2022-12-26,9,355.90999999999997,430.195,725,0.1403508771929824,0.9810040705563092,1350.32,46,45,0.0,1.0,0.6,39630249_Bundle_1,0,0.5959183673469388,1.0,3.0,2.5,2.5
39630249,200103027,CUIDADO PERSONAL,ESIKA,22.9,2023-01-13,23,563.68,430.195,707,0.3859649122807017,0.9565807327001355,1350.32,46,45,1.0,0.5714285714285714,0.7428571428571429,39630249_Bundle_1,0,0.5959183673469388,1.0,3.0,2.5,2.5
39630249,200098648,TRATAMIENTO FACIAL,ESIKA,27.92,2022-12-26,9,355.90999999999997,430.195,725,0.1403508771929824,0.9810040705563092,1350.32,46,45,0.0,1.0,0.6,39630249_Bundle_1,0,0.5959183673469388,1.0,3.0,2.5,2.5
39630249,210097914,HOGAR,CYZONE,49.9,2023-02-06,14,430.73,430.195,683,0.2280701754385964,0.9240162822252376,1350.32,46,45,0.35714285714285715,0.0,0.14285714285714288,39630249_Bundle_1,0,0.5959183673469388,1.0,3.0,2.5,2.5
39630249,210102353,BIJOUTERIE,ESIKA,39.9,2023-01-13,23,563.68,430.195,707,0.3859649122807017,0.9565807327001355,1350.32,46,45,1.0,0.5714285714285714,0.7428571428571429,39630249_Bundle_1,0,0.5959183673469388,1.0,3.0,2.5,2.5
39630249,200098345,FRAGANCIAS,ESIKA,31.9,2023-01-13,23,563.68,430.195,707,0.3859649122807017,0.9565807327001355,1350.32,46,45,1.0,0.5714285714285714,0.7428571428571429,39630249_Bundle_2,1,0.5714285714285714,,,,
39630249,200087253,MAQUILLAJE,CYZONE,25.9,2023-02-06,14,430.73,430.195,683,0.2280701754385964,0.9240162822252376,1350.32,46,45,0.35714285714285715,0.0,0.14285714285714288,39630249_Bundle_2,0,0.5714285714285714,1.0,3.0,2.5,2.5
39630249,210104543,BIJOUTERIE,ESIKA,29.9,2023-01-13,23,563.68,430.195,707,0.3859649122807017,0.9565807327001355,1350.32,46,45,1.0,0.5714285714285714,0.7428571428571429,39630249_Bundle_2,0,0.5714285714285714,1.0,3.0,2.5,2.5
39630249,200106606,MAQUILLAJE,CYZONE,16.9,2023-02-06,14,430.73,430.195,683,0.2280701754385964,0.9240162822252376,1350.32,46,45,0.35714285714285715,0.0,0.14285714285714288,39630249_Bundle_2,0,0.5714285714285714,1.0,3.0,2.5,2.5
39630249,200108726,TRATAMIENTO CORPORAL,LBEL,9.66,2023-01-13,23,563.68,430.195,707,0.3859649122807017,0.9565807327001355,1350.32,46,45,1.0,0.5714285714285714,0.7428571428571429,39630249_Bundle_2,0,0.5714285714285714,1.0,3.0,2.5,2.5
39630249,200108161,MAQUILLAJE,CYZONE,13.9,2023-01-13,23,563.68,430.195,707,0.3859649122807017,0.9565807327001355,1350.32,46,45,1.0,0.5714285714285714,0.7428571428571429,39630249_Bundle_2,0,0.5714285714285714,1.0,3.0,2.5,2.5
39630249,200097066,CUIDADO PERSONAL,ESIKA,29.9,2023-01-13,23,563.68,430.195,707,0.3859649122807017,0.9565807327001355,1350.32,46,45,1.0,0.5714285714285714,0.7428571428571429,39630249_Bundle_2,0,0.5714285714285714,1.0,3.0,2.5,2.5
40307516,200106461,MAQUILLAJE,ESIKA,10.0,2023-03-01,12,288.4,430.195,660,0.1929824561403508,0.89280868385346,1827.1,74,59,1.0,0.891156462585034,0.9346938775510204,40307516_Bundle_1,1,0.5005247813411079,,,,
40307516,200097067,CUIDADO PERSONAL,ESIKA,32.9,2023-04-18,8,168.39999999999998,430.195,612,0.1228070175438596,0.8276797829036635,1827.1,74,59,0.2,0.564625850340136,0.4187755102040816,40307516_Bundle_1,0,0.5005247813411079,1.0,3.0,2.5,2.5
40307516,200104924,CUIDADO PERSONAL,ESIKA,15.9,2023-05-08,10,232.1,430.195,592,0.1578947368421052,0.8005427408412483,1827.1,74,59,0.6,0.42857142857142855,0.4971428571428571,40307516_Bundle_1,0,0.5005247813411079,1.0,3.0,2.5,2.5
40307516,200103025,CUIDADO PERSONAL,ESIKA,23.8,2023-05-08,10,232.1,430.195,592,0.1578947368421052,0.8005427408412483,1827.1,74,59,0.6,0.42857142857142855,0.4971428571428571,40307516_Bundle_1,0,0.5005247813411079,1.0,3.0,2.5,2.5
40307516,200099047,FRAGANCIAS,ESIKA,19.9,2023-07-10,10,221.55,430.195,529,0.1578947368421052,0.7150610583446404,1827.1,74,59,0.6,0.0,0.24,40307516_Bundle_1,0,0.5005247813411079,1.0,3.0,2.5,2.5
40307516,200088617,CUIDADO PERSONAL,ESIKA,3.9,2023-04-18,8,168.39999999999998,430.195,612,0.1228070175438596,0.8276797829036635,1827.1,74,59,0.2,0.564625850340136,0.4187755102040816,40307516_Bundle_1,0,0.5005247813411079,1.0,3.0,2.5,2.5
40307516,200104938,CUIDADO PERSONAL,ESIKA,18.9,2023-05-08,10,232.1,430.195,592,0.1578947368421052,0.8005427408412483,1827.1,74,59,0.6,0.42857142857142855,0.4971428571428571,40307516_Bundle_1,0,0.5005247813411079,1.0,3.0,2.5,2.5
40307516,200106461,MAQUILLAJE,ESIKA,10.0,2023-03-01,12,288.4,430.195,660,0.1929824561403508,0.89280868385346,1827.1,74,59,1.0,0.891156462585034,0.9346938775510204,40307516_Bundle_2,1,0.6022157434402332,,,,
40307516,200091269,CUIDADO PERSONAL,LBEL,33.55,2023-03-01,12,288.4,430.195,660,0.1929824561403508,0.89280868385346,1827.1,74,59,1.0,0.891156462585034,0.9346938775510204,40307516_Bundle_2,0,0.6022157434402332,1.0,3.0,2.5,2.5
40307516,200099047,FRAGANCIAS,ESIKA,42.69,2023-04-18,8,168.39999999999998,430.195,612,0.1228070175438596,0.8276797829036635,1827.1,74,59,0.2,0.564625850340136,0.4187755102040816,40307516_Bundle_2,0,0.6022157434402332,1.0,3.0,2.5,2.5
40307516,200100407,TRATAMIENTO CORPORAL,ESIKA,24.9,2023-03-27,8,168.1,430.195,634,0.1228070175438596,0.8575305291723202,1827.1,74,59,0.2,0.7142857142857143,0.5085714285714286,40307516_Bundle_2,0,0.6022157434402332,1.0,3.0,2.5,2.5
40307516,210101436,BIJOUTERIE,ESIKA,39.9,2023-03-27,8,168.1,430.195,634,0.1228070175438596,0.8575305291723202,1827.1,74,59,0.2,0.7142857142857143,0.5085714285714286,40307516_Bundle_2,0,0.6022157434402332,1.0,3.0,2.5,2.5
40307516,200090346,CUIDADO PERSONAL,ESIKA,19.9,2023-03-27,8,168.1,430.195,634,0.1228070175438596,0.8575305291723202,1827.1,74,59,0.2,0.7142857142857143,0.5085714285714286,40307516_Bundle_2,0,0.6022157434402332,1.0,3.0,2.5,2.5
40307516,200093883,FRAGANCIAS,ESIKA,17.45,2023-06-20,11,271.25,430.195,549,0.175438596491228,0.7421981004070556,1827.1,74,59,0.8,0.1360544217687075,0.40163265306122453,40307516_Bundle_2,0,0.6022157434402332,1.0,3.0,2.5,2.5
40764801,210102010,COMPLEMENTOS,CYZONE,62.9,2023-01-16,13,383.9,430.195,704,0.2105263157894736,0.9525101763907734,2782.73,82,69,0.9230769230769231,0.8852459016393442,0.9003783102143758,40764801_Bundle_1,1,0.6525130607097821,,,,
40764801,210103561,BIJOUTERIE,ESIKA,29.9,2023-05-04,9,275.38,430.195,596,0.1403508771929824,0.8059701492537313,2782.73,82,69,0.6153846153846154,0.0,0.24615384615384617,40764801_Bundle_1,0,0.6525130607097821,1.0,3.0,2.5,2.5
40764801,200108047,FRAGANCIAS,CYZONE,17.47,2023-02-02,13,307.84,430.195,687,0.2105263157894736,0.9294436906377204,2782.73,82,69,0.9230769230769231,0.7459016393442623,0.8167717528373266,40764801_Bundle_1,0,0.6525130607097821,1.0,3.0,2.5,2.5
40764801,200105188,CUIDADO PERSONAL,ESIKA,7.37,2023-03-16,14,415.1,430.195,645,0.2280701754385964,0.8724559023066486,2782.73,82,69,1.0,0.4016393442622951,0.6409836065573771,40764801_Bundle_1,0,0.6525130607097821,1.0,3.0,2.5,2.5
40764801,200095895,FRAGANCIAS,CYZONE,39.9,2023-01-16,13,383.9,430.195,704,0.2105263157894736,0.9525101763907734,2782.73,82,69,0.9230769230769231,0.8852459016393442,0.9003783102143758,40764801_Bundle_1,0,0.6525130607097821,1.0,3.0,2.5,2.5
40764801,210096207,MAQUILLAJE,ESIKA,24.9,2023-02-02,13,307.84,430.195,687,0.2105263157894736,0.9294436906377204,2782.73,82,69,0.9230769230769231,0.7459016393442623,0.8167717528373266,40764801_Bundle_1,0,0.6525130607097821,1.0,3.0,2.5,2.5
40764801,200082678,FRAGANCIAS,ESIKA,14.97,2023-05-04,9,275.38,430.195,596,0.1403508771929824,0.8059701492537313,2782.73,82,69,0.6153846153846154,0.0,0.24615384615384617,40764801_Bundle_1,0,0.6525130607097821,1.0,3.0,2.5,2.5
40764801,210102010,COMPLEMENTOS,CYZONE,62.9,2023-01-16,13,383.9,430.195,704,0.2105263157894736,0.9525101763907734,2782.73,82,69,0.9230769230769231,0.8852459016393442,0.9003783102143758,40764801_Bundle_2,1,0.5437578814627996,,,,
40764801,210103561,BIJOUTERIE,ESIKA,29.9,2023-05-04,9,275.38,430.195,596,0.1403508771929824,0.8059701492537313,2782.73,82,69,0.6153846153846154,0.0,0.24615384615384617,40764801_Bundle_2,0,0.5437578814627996,1.0,3.0,2.5,2.5
40764801,200108048,FRAGANCIAS,CYZONE,23.9,2023-01-16,13,383.9,430.195,704,0.2105263157894736,0.9525101763907734,2782.73,82,69,0.9230769230769231,0.8852459016393442,0.9003783102143758,40764801_Bundle_2,0,0.5437578814627996,1.0,3.0,2.5,2.5
40764801,200106295,FRAGANCIAS,ESIKA,89.9,2023-05-04,9,275.38,430.195,596,0.1403508771929824,0.8059701492537313,2782.73,82,69,0.6153846153846154,0.0,0.24615384615384617,40764801_Bundle_2,0,0.5437578814627996,1.0,3.0,2.5,2.5
40764801,200097066,CUIDADO PERSONAL,ESIKA,32.9,2023-05-04,9,275.38,430.195,596,0.1403508771929824,0.8059701492537313,2782.73,82,69,0.6153846153846154,0.0,0.24615384615384617,40764801_Bundle_2,0,0.5437578814627996,1.0,3.0,2.5,2.5
40764801,200105017,FRAGANCIAS,CYZONE,39.9,2023-02-22,10,529.1,430.195,667,0.1578947368421052,0.9023066485753052,2782.73,82,69,0.6923076923076923,0.5819672131147541,0.6261034047919294,40764801_Bundle_2,0,0.5437578814627996,1.0,3.0,2.5,2.5
40764801,200103394,MAQUILLAJE,ESIKA,25.9,2023-03-16,14,415.1,430.195,645,0.2280701754385964,0.8724559023066486,2782.73,82,69,1.0,0.4016393442622951,0.6409836065573771,40764801_Bundle_2,0,0.5437578814627996,1.0,3.0,2.5,2.5
41059117,200103449,CUIDADO PERSONAL,CYZONE,7.38,2024-05-22,21,461.76,430.195,212,0.3508771929824561,0.2849389416553595,4721.0199999999995,158,133,0.9090909090909091,0.8412698412698413,0.8683982683982684,41059117_Bundle_1,1,0.6406101834673262,,,,
41059117,210105042,BIJOUTERIE,ESIKA,39.9,2024-04-22,12,441.3,430.195,242,0.1929824561403508,0.3256445047489824,4721.0199999999995,158,133,0.5,1.0,0.8,41059117_Bundle_1,0,0.6406101834673262,1.0,3.0,2.5,2.5
41059117,210102219,HOGAR,CYZONE,74.9,2024-10-07,12,389.1,430.195,74,0.1929824561403508,0.0976933514246947,4721.0199999999995,158,133,0.5,0.1111111111111111,0.26666666666666666,41059117_Bundle_1,0,0.6406101834673262,1.0,3.0,2.5,2.5
41059117,200112352,FRAGANCIAS,CYZONE,32.9,2024-09-03,22,679.5,430.195,108,0.3684210526315789,0.1438263229308005,4721.0199999999995,158,133,0.9545454545454546,0.291005291005291,0.5564213564213565,41059117_Bundle_1,0,0.6406101834673262,1.0,3.0,2.5,2.5
41059117,200091709,FRAGANCIAS,CYZONE,23.3,2024-04-22,12,441.3,430.195,242,0.1929824561403508,0.3256445047489824,4721.0199999999995,158,133,0.5,1.0,0.8,41059117_Bundle_1,0,0.6406101834673262,1.0,3.0,2.5,2.5
41059117,210105845,BIJOUTERIE,ESIKA,39.9,2024-06-11,13,432.9,430.195,192,0.2105263157894736,0.2578018995929443,4721.0199999999995,158,133,0.5454545454545454,0.7354497354497355,0.6594516594516594,41059117_Bundle_1,0,0.6406101834673262,1.0,3.0,2.5,2.5
41059117,200088133,FRAGANCIAS,ESIKA,22.0,2024-09-16,23,575.76,430.195,95,0.3859649122807017,0.1261872455902306,4721.0199999999995,158,133,1.0,0.2222222222222222,0.5333333333333333,41059117_Bundle_1,0,0.6406101834673262,1.0,3.0,2.5,2.5
41059117,200103449,CUIDADO PERSONAL,CYZONE,7.38,2024-05-22,21,461.76,430.195,212,0.3508771929824561,0.2849389416553595,4721.0199999999995,158,133,0.9090909090909091,0.8412698412698413,0.8683982683982684,41059117_Bundle_2,1,0.5781076066790352,,,,
41059117,210105042,BIJOUTERIE,ESIKA,39.9,2024-04-22,12,441.3,430.195,242,0.1929824561403508,0.3256445047489824,4721.0199999999995,158,133,0.5,1.0,0.8,41059117_Bundle_2,0,0.5781076066790352,1.0,3.0,2.5,2.5
41059117,210105845,BIJOUTERIE,ESIKA,39.9,2024-06-11,13,432.9,430.195,192,0.2105263157894736,0.2578018995929443,4721.0199999999995,158,133,0.5454545454545454,0.7354497354497355,0.6594516594516594,41059117_Bundle_2,0,0.5781076066790352,1.0,3.0,2.5,2.5
41059117,200039855,FRAGANCIAS,CYZONE,37.9,2024-10-07,12,389.1,430.195,74,0.1929824561403508,0.0976933514246947,4721.0199999999995,158,133,0.5,0.1111111111111111,0.26666666666666666,41059117_Bundle_2,0,0.5781076066790352,1.0,3.0,2.5,2.5
41059117,200082481,FRAGANCIAS,CYZONE,38.9,2024-07-02,13,423.97,430.195,171,0.2105263157894736,0.2293080054274084,4721.0199999999995,158,133,0.5454545454545454,0.6243386243386243,0.5927849927849927,41059117_Bundle_2,0,0.5781076066790352,1.0,3.0,2.5,2.5
41059117,210102219,HOGAR,CYZONE,74.9,2024-10-07,12,389.1,430.195,74,0.1929824561403508,0.0976933514246947,4721.0199999999995,158,133,0.5,0.1111111111111111,0.26666666666666666,41059117_Bundle_2,0,0.5781076066790352,1.0,3.0,2.5,2.5
41059117,210104068,RELOJES,ESIKA,99.9,2024-07-02,13,423.97,430.195,171,0.2105263157894736,0.2293080054274084,4721.0199999999995,158,133,0.5454545454545454,0.6243386243386243,0.5927849927849927,41059117_Bundle_2,0,0.5781076066790352,1.0,3.0,2.5,2.5
41317310,200095162,CUIDADO PERSONAL,ESIKA,7.38,2023-04-27,31,713.23,430.195,603,0.5263157894736842,0.8154681139755766,6238.5,260,177,0.9565217391304348,0.5668016194331984,0.7226896673120929,41317310_Bundle_1,1,0.6466768929011492,,,,
41317310,200094857,MAQUILLAJE,ESIKA,15.9,2023-02-24,11,258.9,430.195,665,0.175438596491228,0.8995929443690638,6238.5,260,177,0.08695652173913043,0.8178137651821862,0.5254708678049639,41317310_Bundle_1,0,0.6466768929011492,1.0,3.0,2.5,2.5
41317310,210098478,MAQUILLAJE,ESIKA,46.9,2023-04-27,31,713.23,430.195,603,0.5263157894736842,0.8154681139755766,6238.5,260,177,0.9565217391304348,0.5668016194331984,0.7226896673120929,41317310_Bundle_1,0,0.6466768929011492,1.0,3.0,2.5,2.5
41317310,200103327,MAQUILLAJE,ESIKA,27.9,2023-04-27,31,713.23,430.195,603,0.5263157894736842,0.8154681139755766,6238.5,260,177,0.9565217391304348,0.5668016194331984,0.7226896673120929,41317310_Bundle_1,0,0.6466768929011492,1.0,3.0,2.5,2.5
41317310,200106279,FRAGANCIAS,ESIKA,26.9,2023-01-31,18,397.06,430.195,689,0.2982456140350877,0.932157394843962,6238.5,260,177,0.391304347826087,0.9149797570850202,0.7055095933814469,41317310_Bundle_1,0,0.6466768929011492,1.0,3.0,2.5,2.5
41317310,200092744,FRAGANCIAS,CYZONE,39.9,2023-02-24,11,258.9,430.195,665,0.175438596491228,0.8995929443690638,6238.5,260,177,0.08695652173913043,0.8178137651821862,0.5254708678049639,41317310_Bundle_1,0,0.6466768929011492,1.0,3.0,2.5,2.5
41317310,210101990,COMPLEMENTOS,CYZONE,44.9,2023-04-05,21,655.4,430.195,625,0.3508771929824561,0.8453188602442334,6238.5,260,177,0.5217391304347826,0.6558704453441295,0.6022179193803907,41317310_Bundle_1,0,0.6466768929011492,1.0,3.0,2.5,2.5
41317310,200095162,CUIDADO PERSONAL,ESIKA,7.38,2023-04-27,31,713.23,430.195,603,0.5263157894736842,0.8154681139755766,6238.5,260,177,0.9565217391304348,0.5668016194331984,0.7226896673120929,41317310_Bundle_2,1,0.5575577740337465,,,,
41317310,210097034,MAQUILLAJE,CYZONE,19.95,2023-04-05,21,655.4,430.195,625,0.3508771929824561,0.8453188602442334,6238.5,260,177,0.5217391304347826,0.6558704453441295,0.6022179193803907,41317310_Bundle_2,0,0.5575577740337465,1.0,3.0,2.5,2.5
41317310,210102155,BIJOUTERIE,CYZONE,31.9,2023-04-05,21,655.4,430.195,625,0.3508771929824561,0.8453188602442334,6238.5,260,177,0.5217391304347826,0.6558704453441295,0.6022179193803907,41317310_Bundle_2,0,0.5575577740337465,1.0,3.0,2.5,2.5
41317310,200098673,FRAGANCIAS,ESIKA,16.63,2023-08-10,29,734.6,430.195,498,0.4912280701754385,0.6729986431478969,6238.5,260,177,0.8695652173913043,0.1417004048582996,0.4328463298715015,41317310_Bundle_2,0,0.5575577740337465,1.0,3.0,2.5,2.5
41317310,200094857,MAQUILLAJE,ESIKA,15.9,2023-02-24,11,258.9,430.195,665,0.175438596491228,0.8995929443690638,6238.5,260,177,0.08695652173913043,0.8178137651821862,0.5254708678049639,41317310_Bundle_2,0,0.5575577740337465,1.0,3.0,2.5,2.5
41317310,200094832,MAQUILLAJE,ESIKA,15.9,2023-06-30,32,681.52,430.195,539,0.543859649122807,0.728629579375848,6238.5,260,177,1.0,0.3076923076923077,0.5846153846153846,41317310_Bundle_2,0,0.5575577740337465,1.0,3.0,2.5,2.5
41317310,200107369,MAQUILLAJE,CYZONE,13.9,2023-08-10,29,734.6,430.195,498,0.4912280701754385,0.6729986431478969,6238.5,260,177,0.8695652173913043,0.1417004048582996,0.4328463298715015,41317310_Bundle_2,0,0.5575577740337465,1.0,3.0,2.5,2.5
42265901,200098788,TRATAMIENTO FACIAL,LBEL,14.95,2023-01-09,6,110.1,430.195,711,0.087719298245614,0.9620081411126188,483.42,22,20,1.0,0.6461538461538462,0.7876923076923077,42265901_Bundle_1,1,0.5903296703296703,,,,
42265901,210104094,BIJOUTERIE,ESIKA,59.9,2023-02-20,5,132.3,430.195,669,0.0701754385964912,0.9050203527815468,483.42,22,20,0.0,0.0,0.0,42265901_Bundle_1,0,0.5903296703296703,1.0,3.0,2.5,2.5
42265901,210102013,COMPLEMENTOS,CYZONE,66.9,2023-01-31,6,129.6,430.195,689,0.087719298245614,0.932157394843962,483.42,22,20,1.0,0.3076923076923077,0.5846153846153846,42265901_Bundle_1,0,0.5903296703296703,1.0,3.0,2.5,2.5
42265901,210097108,HOGAR,CYZONE,30.5,2023-01-09,6,110.1,430.195,711,0.087719298245614,0.9620081411126188,483.42,22,20,1.0,0.6461538461538462,0.7876923076923077,42265901_Bundle_1,0,0.5903296703296703,1.0,3.0,2.5,2.5
42265901,200111180,FRAGANCIAS,CYZONE,23.38,2022-12-17,5,111.42,430.195,734,0.0701754385964912,0.9932157394843962,483.42,22,20,0.0,1.0,0.6,42265901_Bundle_1,0,0.5903296703296703,1.0,2.0,1.75,1.75
42265901,200108048,FRAGANCIAS,CYZONE,23.9,2023-01-09,6,110.1,430.195,711,0.087719298245614,0.9620081411126188,483.42,22,20,1.0,0.6461538461538462,0.7876923076923077,42265901_Bundle_1,0,0.5903296703296703,1.0,2.0,1.75,1.75
42265901,210103644,VARIOS,CYZONE,21.9,2023-01-31,6,129.6,430.195,689,0.087719298245614,0.932157394843962,483.42,22,20,1.0,0.3076923076923077,0.5846153846153846,42265901_Bundle_1,0,0.5903296703296703,1.0,2.0,1.75,1.75
42265901,200098788,TRATAMIENTO FACIAL,LBEL,14.95,2023-01-09,6,110.1,430.195,711,0.087719298245614,0.9620081411126188,483.42,22,20,1.0,0.6461538461538462,0.7876923076923077,42265901_Bundle_2,1,0.4778021978021978,,,,
42265901,210098990,PROMOCION USUARIOS,CYZONE,9.9,2023-02-20,5,132.3,430.195,669,0.0701754385964912,0.9050203527815468,483.42,22,20,0.0,0.0,0.0,42265901_Bundle_2,0,0.4778021978021978,1.0,3.0,2.5,2.5
42265901,200103920,MAQUILLAJE,CYZONE,19.95,2022-12-17,5,111.42,430.195,734,0.0701754385964912,0.9932157394843962,483.42,22,20,0.0,1.0,0.6,42265901_Bundle_2,0,0.4778021978021978,1.0,3.0,2.5,2.5
42265901,210099696,PROMOCION USUARIOS,CYZONE,0.96,2023-01-31,6,129.6,430.195,689,0.087719298245614,0.932157394843962,483.42,22,20,1.0,0.3076923076923077,0.5846153846153846,42265901_Bundle_2,0,0.4778021978021978,1.0,3.0,2.5,2.5
42265901,210096207,MAQUILLAJE,ESIKA,16.9,2023-02-20,5,132.3,430.195,669,0.0701754385964912,0.9050203527815468,483.42,22,20,0.0,0.0,0.0,42265901_Bundle_2,0,0.4778021978021978,1.0,3.0,2.5,2.5
42265901,200107184,MAQUILLAJE,CYZONE,15.9,2023-01-09,6,110.1,430.195,711,0.087719298245614,0.9620081411126188,483.42,22,20,1.0,0.6461538461538462,0.7876923076923077,42265901_Bundle_2,0,0.4778021978021978,1.0,2.0,1.75,1.75
42265901,200105180,CUIDADO PERSONAL,CYZONE,10.9,2023-01-31,6,129.6,430.195,689,0.087719298245614,0.932157394843962,483.42,22,20,1.0,0.3076923076923077,0.5846153846153846,42265901_Bundle_2,0,0.4778021978021978,1.0,2.0,1.75,1.75
42382701,200103452,CUIDADO PERSONAL,LBEL,14.0,2022-12-30,14,333.79999999999995,430.195,721,0.2280701754385964,0.9755766621438264,7478.88,310,254,0.4642857142857143,1.0,0.7857142857142857,42382701_Bundle_1,1,0.5524956970740104,,,,
42382701,210099579,HOGAR,CYZONE,44.9,2023-01-19,11,254.5,430.195,701,0.175438596491228,0.9484396200814112,7478.88,310,254,0.35714285714285715,0.9397590361445783,0.7067125645438899,42382701_Bundle_1,0,0.5524956970740104,1.0,3.0,2.5,2.5
42382701,210097037,MAQUILLAJE,CYZONE,16.9,2023-08-18,26,684.25,430.195,490,0.4385964912280701,0.6621438263229308,7478.88,310,254,0.8928571428571429,0.3042168674698795,0.5396729776247849,42382701_Bundle_1,0,0.5524956970740104,1.0,3.0,2.5,2.5
42382701,210100260,PROMOCION USUARIOS,LBEL,51.88,2023-08-18,26,684.25,430.195,490,0.4385964912280701,0.6621438263229308,7478.88,310,254,0.8928571428571429,0.3042168674698795,0.5396729776247849,42382701_Bundle_1,0,0.5524956970740104,1.0,3.0,2.5,2.5
42382701,210103679,BIJOUTERIE,CYZONE,21.9,2023-08-19,4,71.78999999999999,430.195,489,0.0526315789473684,0.66078697421981,7478.88,310,254,0.10714285714285714,0.30120481927710846,0.2235800344234079,42382701_Bundle_1,0,0.5524956970740104,1.0,3.0,2.5,2.5
42382701,210102540,BIJOUTERIE,CYZONE,19.9,2023-07-10,7,161.29999999999998,430.195,529,0.1052631578947368,0.7150610583446404,7478.88,310,254,0.21428571428571427,0.42168674698795183,0.33872633390705675,42382701_Bundle_1,0,0.5524956970740104,1.0,3.0,2.5,2.5
42382701,200098244,MAQUILLAJE,ESIKA,15.9,2023-04-17,24,490.0,430.195,613,0.4035087719298245,0.8290366350067843,7478.88,310,254,0.8214285714285714,0.6746987951807228,0.7333907056798623,42382701_Bundle_1,0,0.5524956970740104,1.0,3.0,2.5,2.5
42382701,200103452,CUIDADO PERSONAL,LBEL,14.0,2022-12-30,14,333.79999999999995,430.195,721,0.2280701754385964,0.9755766621438264,7478.88,310,254,0.4642857142857143,1.0,0.7857142857142857,42382701_Bundle_2,1,0.6248586181460537,,,,
42382701,200102092,MAQUILLAJE,CYZONE,22.9,2023-02-09,17,225.22,430.195,680,0.2807017543859649,0.9199457259158752,7478.88,310,254,0.5714285714285714,0.8765060240963856,0.7544750430292598,42382701_Bundle_2,0,0.6248586181460537,1.0,3.0,2.5,2.5
42382701,200113693,FRAGANCIAS,ESIKA,42.9,2023-03-03,11,255.9,430.195,658,0.175438596491228,0.8900949796472184,7478.88,310,254,0.35714285714285715,0.8102409638554217,0.6290017211703959,42382701_Bundle_2,0,0.6248586181460537,1.0,3.0,2.5,2.5
42382701,200108409,FRAGANCIAS,ESIKA,20.37,2023-11-27,25,761.2,430.195,389,0.4210526315789473,0.5251017639077341,7478.88,310,254,0.8571428571428571,0.0,0.34285714285714286,42382701_Bundle_2,0,0.6248586181460537,1.0,3.0,2.5,2.5
42382701,200106660,MAQUILLAJE,ESIKA,17.45,2022-12-30,14,333.79999999999995,430.195,721,0.2280701754385964,0.9755766621438264,7478.88,310,254,0.4642857142857143,1.0,0.7857142857142857,42382701_Bundle_2,0,0.6248586181460537,1.0,3.0,2.5,2.5
42382701,200115587,FRAGANCIAS,CYZONE,43.27,2023-11-27,25,761.2,430.195,389,0.4210526315789473,0.5251017639077341,7478.88,310,254,0.8571428571428571,0.0,0.34285714285714286,42382701_Bundle_2,0,0.6248586181460537,1.0,3.0,2.5,2.5
42382701,200086399,FRAGANCIAS,LBEL,13.3,2023-04-17,24,490.0,430.195,613,0.4035087719298245,0.8290366350067843,7478.88,310,254,0.8214285714285714,0.6746987951807228,0.7333907056798623,42382701_Bundle_2,0,0.6248586181460537,1.0,3.0,2.5,2.5
42498750,200089508,TRATAMIENTO CORPORAL,ESIKA,21.9,2023-01-23,16,402.5,430.195,697,0.2631578947368421,0.943012211668928,808.6999999999999,32,32,1.0,0.6190476190476191,0.7714285714285715,42498750_Bundle_1,1,0.5510204081632654,,,,
42498750,200102708,MAQUILLAJE,ESIKA,31.9,2023-01-23,16,402.5,430.195,697,0.2631578947368421,0.943012211668928,808.6999999999999,32,32,1.0,0.6190476190476191,0.7714285714285715,42498750_Bundle_1,0,0.5510204081632654,1.0,3.0,2.5,2.5
42498750,210102382,BIJOUTERIE,ESIKA,39.9,2023-02-18,7,221.3,430.195,671,0.1052631578947368,0.9077340569877884,808.6999999999999,32,32,0.0,0.0,0.0,42498750_Bundle_1,0,0.5510204081632654,1.0,3.0,2.5,2.5
42498750,210096238,MAQUILLAJE,ESIKA,18.9,2023-02-18,7,221.3,430.195,671,0.1052631578947368,0.9077340569877884,808.6999999999999,32,32,0.0,0.0,0.0,42498750_Bundle_1,0,0.5510204081632654,1.0,3.0,2.5,2.5
42498750,200102727,MAQUILLAJE,ESIKA,31.9,2023-01-23,16,402.5,430.195,697,0.2631578947368421,0.943012211668928,808.6999999999999,32,32,1.0,0.6190476190476191,0.7714285714285715,42498750_Bundle_1,0,0.5510204081632654,1.0,3.0,2.5,2.5
42498750,200105017,FRAGANCIAS,CYZONE,19.54,2023-01-23,16,402.5,430.195,697,0.2631578947368421,0.943012211668928,808.6999999999999,32,32,1.0,0.6190476190476191,0.7714285714285715,42498750_Bundle_1,0,0.5510204081632654,1.0,3.0,2.5,2.5
42498750,200105982,MAQUILLAJE,LBEL,18.0,2023-01-23,16,402.5,430.195,697,0.2631578947368421,0.943012211668928,808.6999999999999,32,32,1.0,0.6190476190476191,0.7714285714285715,42498750_Bundle_1,0,0.5510204081632654,1.0,3.0,2.5,2.5
42498750,200089508,TRATAMIENTO CORPORAL,ESIKA,21.9,2023-01-23,16,402.5,430.195,697,0.2631578947368421,0.943012211668928,808.6999999999999,32,32,1.0,0.6190476190476191,0.7714285714285715,42498750_Bundle_2,1,0.6376417233560091,,,,
42498750,210096213,MAQUILLAJE,ESIKA,18.9,2023-02-18,7,221.3,430.195,671,0.1052631578947368,0.9077340569877884,808.6999999999999,32,32,0.0,0.0,0.0,42498750_Bundle_2,0,0.6376417233560091,1.0,3.0,2.5,2.5
42498750,200105017,FRAGANCIAS,CYZONE,19.54,2023-01-23,16,402.5,430.195,697,0.2631578947368421,0.943012211668928,808.6999999999999,32,32,1.0,0.6190476190476191,0.7714285714285715,42498750_Bundle_2,0,0.6376417233560091,1.0,3.0,2.5,2.5
42498750,200084777,CUIDADO PERSONAL,CYZONE,15.9,2023-01-07,9,184.9,430.195,713,0.1403508771929824,0.9647218453188604,808.6999999999999,32,32,0.2222222222222222,1.0,0.6888888888888889,42498750_Bundle_2,0,0.6376417233560091,1.0,3.0,2.5,2.5
42498750,200105079,FRAGANCIAS,CYZONE,19.54,2023-01-23,16,402.5,430.195,697,0.2631578947368421,0.943012211668928,808.6999999999999,32,32,1.0,0.6190476190476191,0.7714285714285715,42498750_Bundle_2,0,0.6376417233560091,1.0,3.0,2.5,2.5
42498750,200086432,FRAGANCIAS,ESIKA,29.45,2023-01-07,9,184.9,430.195,713,0.1403508771929824,0.9647218453188604,808.6999999999999,32,32,0.2222222222222222,1.0,0.6888888888888889,42498750_Bundle_2,0,0.6376417233560091,1.0,3.0,2.5,2.5
42498750,200105985,MAQUILLAJE,LBEL,18.0,2023-01-23,16,402.5,430.195,697,0.2631578947368421,0.943012211668928,808.6999999999999,32,32,1.0,0.6190476190476191,0.7714285714285715,42498750_Bundle_2,0,0.6376417233560091,1.0,3.0,2.5,2.5
42567566,200110157,FRAGANCIAS,ESIKA,85.71,2023-03-20,14,300.3,430.195,641,0.2280701754385964,0.8670284938941656,2139.04,81,76,0.9,0.6938775510204082,0.7763265306122449,42567566_Bundle_1,1,0.614927113702624,,,,
42567566,200111179,CUIDADO PERSONAL,CYZONE,11.9,2023-06-30,12,322.48,430.195,539,0.1929824561403508,0.728629579375848,2139.04,81,76,0.7,0.0,0.27999999999999997,42567566_Bundle_1,0,0.614927113702624,1.0,3.0,2.5,2.5
42567566,200094867,MAQUILLAJE,ESIKA,13.95,2023-03-20,14,300.3,430.195,641,0.2280701754385964,0.8670284938941656,2139.04,81,76,0.9,0.6938775510204082,0.7763265306122449,42567566_Bundle_1,0,0.614927113702624,1.0,3.0,2.5,2.5
42567566,210103637,BIJOUTERIE,ESIKA,24.9,2023-04-07,15,418.2,430.195,623,0.2456140350877192,0.8426051560379919,2139.04,81,76,1.0,0.5714285714285714,0.7428571428571429,42567566_Bundle_1,0,0.614927113702624,1.0,3.0,2.5,2.5
42567566,210099254,BIJOUTERIE,ESIKA,19.0,2023-04-07,15,418.2,430.195,623,0.2456140350877192,0.8426051560379919,2139.04,81,76,1.0,0.5714285714285714,0.7428571428571429,42567566_Bundle_1,0,0.614927113702624,1.0,3.0,2.5,2.5
42567566,200103441,CUIDADO PERSONAL,ESIKA,7.38,2023-03-20,14,300.3,430.195,641,0.2280701754385964,0.8670284938941656,2139.04,81,76,0.9,0.6938775510204082,0.7763265306122449,42567566_Bundle_1,0,0.614927113702624,1.0,3.0,2.5,2.5
42567566,200095374,CUIDADO PERSONAL,ESIKA,7.38,2023-06-08,8,132.36,430.195,561,0.1228070175438596,0.7584803256445047,2139.04,81,76,0.3,0.14965986394557823,0.20979591836734693,42567566_Bundle_1,0,0.614927113702624,1.0,3.0,2.5,2.5
42567566,200110157,FRAGANCIAS,ESIKA,85.71,2023-03-20,14,300.3,430.195,641,0.2280701754385964,0.8670284938941656,2139.04,81,76,0.9,0.6938775510204082,0.7763265306122449,42567566_Bundle_2,1,0.4199416909620991,,,,
42567566,200103025,CUIDADO PERSONAL,ESIKA,21.98,2023-06-30,12,322.48,430.195,539,0.1929824561403508,0.728629579375848,2139.04,81,76,0.7,0.0,0.27999999999999997,42567566_Bundle_2,0,0.4199416909620991,1.0,3.0,2.5,2.5
42567566,200103441,CUIDADO PERSONAL,ESIKA,7.38,2023-03-20,14,300.3,430.195,641,0.2280701754385964,0.8670284938941656,2139.04,81,76,0.9,0.6938775510204082,0.7763265306122449,42567566_Bundle_2,0,0.4199416909620991,1.0,3.0,2.5,2.5
42567566,210088016,PROMOCION USUARIOS,LBEL,34.9,2023-06-30,12,322.48,430.195,539,0.1929824561403508,0.728629579375848,2139.04,81,76,0.7,0.0,0.27999999999999997,42567566_Bundle_2,0,0.4199416909620991,1.0,3.0,2.5,2.5
42567566,210103140,LENTES,ESIKA,54.9,2023-06-30,12,322.48,430.195,539,0.1929824561403508,0.728629579375848,2139.04,81,76,0.7,0.0,0.27999999999999997,42567566_Bundle_2,0,0.4199416909620991,1.0,3.0,2.5,2.5
42567566,210095336,BIJOUTERIE,ESIKA,59.9,2023-04-28,7,255.4,430.195,602,0.1052631578947368,0.8141112618724559,2139.04,81,76,0.2,0.42857142857142855,0.33714285714285713,42567566_Bundle_2,0,0.4199416909620991,1.0,3.0,2.5,2.5
42567566,200104247,MAQUILLAJE,CYZONE,34.9,2023-06-08,8,132.36,430.195,561,0.1228070175438596,0.7584803256445047,2139.04,81,76,0.3,0.14965986394557823,0.20979591836734693,42567566_Bundle_2,0,0.4199416909620991,1.0,3.0,2.5,2.5
42670251,200107354,MAQUILLAJE,CYZONE,13.9,2023-02-21,27,584.3,430.195,668,0.4561403508771929,0.903663500678426,8105.94,383,247,1.0,0.961038961038961,0.9766233766233766,42670251_Bundle_1,1,0.7041529898672756,,,,
42670251,200106852,FRAGANCIAS,LBEL,24.95,2023-08-14,18,509.9,430.195,494,0.2982456140350877,0.6675712347354138,8105.94,383,247,0.6538461538461539,0.509090909090909,0.5669930069930069,42670251_Bundle_1,0,0.7041529898672756,1.0,3.0,2.5,2.5
42670251,200082652,CUIDADO PERSONAL,ESIKA,29.9,2023-02-06,20,352.95,430.195,683,0.3333333333333333,0.9240162822252376,8105.94,383,247,0.7307692307692307,1.0,0.8923076923076922,42670251_Bundle_1,0,0.7041529898672756,1.0,3.0,2.5,2.5
42670251,200095158,CUIDADO PERSONAL,ESIKA,7.38,2023-02-06,20,352.95,430.195,683,0.3333333333333333,0.9240162822252376,8105.94,383,247,0.7307692307692307,1.0,0.8923076923076922,42670251_Bundle_1,0,0.7041529898672756,1.0,3.0,2.5,2.5
42670251,200064310,FRAGANCIAS,ESIKA,12.3,2023-02-06,20,352.95,430.195,683,0.3333333333333333,0.9240162822252376,8105.94,383,247,0.7307692307692307,1.0,0.8923076923076922,42670251_Bundle_1,0,0.7041529898672756,1.0,3.0,2.5,2.5
42670251,200103452,CUIDADO PERSONAL,LBEL,8.71,2023-10-30,23,470.27,430.195,417,0.3859649122807017,0.5630936227951153,8105.94,383,247,0.8461538461538461,0.3090909090909091,0.5239160839160839,42670251_Bundle_1,0,0.7041529898672756,1.0,3.0,2.5,2.5
42670251,210104966,COMPLEMENTOS,CYZONE,34.9,2024-02-26,13,304.0,430.195,298,0.2105263157894736,0.4016282225237449,8105.94,383,247,0.46153846153846156,0.0,0.18461538461538463,42670251_Bundle_1,0,0.7041529898672756,1.0,3.0,2.5,2.5
42670251,200107354,MAQUILLAJE,CYZONE,13.9,2023-02-21,27,584.3,430.195,668,0.4561403508771929,0.903663500678426,8105.94,383,247,1.0,0.961038961038961,0.9766233766233766,42670251_Bundle_2,1,0.679069501926645,,,,
42670251,200086566,CUIDADO PERSONAL,ESIKA,24.9,2023-04-28,21,420.23,430.195,602,0.3508771929824561,0.8141112618724559,8105.94,383,247,0.7692307692307693,0.7896103896103897,0.7814585414585415,42670251_Bundle_2,0,0.679069501926645,1.0,3.0,2.5,2.5
42670251,200096220,TRATAMIENTO CORPORAL,ESIKA,35.9,2023-03-15,24,565.52,430.195,646,0.4035087719298245,0.8738127544097694,8105.94,383,247,0.8846153846153846,0.9038961038961039,0.8961838161838163,42670251_Bundle_2,0,0.679069501926645,1.0,3.0,2.5,2.5
42670251,200103025,CUIDADO PERSONAL,ESIKA,12.9,2023-09-04,20,324.01,430.195,473,0.3333333333333333,0.6390773405698779,8105.94,383,247,0.7307692307692307,0.45454545454545453,0.5650349650349651,42670251_Bundle_2,0,0.679069501926645,1.0,3.0,2.5,2.5
42670251,200095865,MUESTRAS COSMETICOS,LBEL,1.9,2023-07-01,26,354.75,430.195,538,0.4385964912280701,0.7272727272727273,8105.94,383,247,0.9615384615384616,0.6233766233766234,0.7586413586413586,42670251_Bundle_2,0,0.679069501926645,1.0,3.0,2.5,2.5
42670251,210103996,COMPLEMENTOS,CYZONE,59.9,2023-12-07,18,449.68,430.195,379,0.2982456140350877,0.5115332428765265,8105.94,383,247,0.6538461538461539,0.21038961038961038,0.38777222777222775,42670251_Bundle_2,0,0.679069501926645,1.0,3.0,2.5,2.5
42670251,210099696,PROMOCION USUARIOS,CYZONE,1.02,2023-12-07,18,449.68,430.195,379,0.2982456140350877,0.5115332428765265,8105.94,383,247,0.6538461538461539,0.21038961038961038,0.38777222777222775,42670251_Bundle_2,0,0.679069501926645,1.0,3.0,2.5,2.5
42759880,210102043,COMPLEMENTOS,CYZONE,34.9,2023-01-31,27,561.4,430.195,689,0.4561403508771929,0.932157394843962,9042.67,338,250,1.0,0.8810198300283286,0.9286118980169972,42759880_Bundle_1,1,0.6810942938081749,,,,
42759880,200103448,CUIDADO PERSONAL,ESIKA,5.1,2023-08-07,16,300.97999999999996,430.195,501,0.2631578947368421,0.6770691994572592,9042.67,338,250,0.56,0.34844192634560905,0.4330651558073655,42759880_Bundle_1,0,0.6810942938081749,1.0,3.0,2.5,2.5
42759880,200093883,FRAGANCIAS,ESIKA,19.9,2023-12-08,14,257.1,430.195,378,0.2280701754385964,0.5101763907734057,9042.67,338,250,0.48,0.0,0.192,42759880_Bundle_1,0,0.6810942938081749,1.0,3.0,2.5,2.5
42759880,200108791,MAQUILLAJE,ESIKA,23.9,2023-01-31,27,561.4,430.195,689,0.4561403508771929,0.932157394843962,9042.67,338,250,1.0,0.8810198300283286,0.9286118980169972,42759880_Bundle_1,0,0.6810942938081749,1.0,3.0,2.5,2.5
42759880,200105017,FRAGANCIAS,CYZONE,14.9,2023-01-31,27,561.4,430.195,689,0.4561403508771929,0.932157394843962,9042.67,338,250,1.0,0.8810198300283286,0.9286118980169972,42759880_Bundle_1,0,0.6810942938081749,1.0,3.0,2.5,2.5
42759880,200094941,FRAGANCIAS,CYZONE,14.95,2023-07-17,18,383.95,430.195,522,0.2982456140350877,0.7055630936227951,9042.67,338,250,0.64,0.40793201133144474,0.5007592067988669,42759880_Bundle_1,0,0.6810942938081749,1.0,3.0,2.5,2.5
42759880,200082481,FRAGANCIAS,CYZONE,34.9,2022-12-20,18,556.9,430.195,731,0.2982456140350877,0.989145183175034,9042.67,338,250,0.64,1.0,0.856,42759880_Bundle_1,0,0.6810942938081749,1.0,3.0,2.5,2.5
42759880,210102043,COMPLEMENTOS,CYZONE,34.9,2023-01-31,27,561.4,430.195,689,0.4561403508771929,0.932157394843962,9042.67,338,250,1.0,0.8810198300283286,0.9286118980169972,42759880_Bundle_2,1,0.7349834075273168,,,,
42759880,200108089,MAQUILLAJE,ESIKA,26.9,2023-02-21,17,618.7,430.195,668,0.2807017543859649,0.903663500678426,9042.67,338,250,0.6,0.8215297450424929,0.7329178470254957,42759880_Bundle_2,0,0.7349834075273168,1.0,3.0,2.5,2.5
42759880,200108409,FRAGANCIAS,ESIKA,18.34,2023-01-31,27,561.4,430.195,689,0.4561403508771929,0.932157394843962,9042.67,338,250,1.0,0.8810198300283286,0.9286118980169972,42759880_Bundle_2,0,0.7349834075273168,1.0,3.0,2.5,2.5
42759880,200099047,FRAGANCIAS,ESIKA,16.63,2023-06-26,17,448.8,430.195,543,0.2807017543859649,0.7340569877883311,9042.67,338,250,0.6,0.46742209631728043,0.5204532577903682,42759880_Bundle_2,0,0.7349834075273168,1.0,3.0,2.5,2.5
42759880,200097066,CUIDADO PERSONAL,ESIKA,29.9,2023-01-10,11,439.3,430.195,710,0.175438596491228,0.960651289009498,9042.67,338,250,0.36,0.9405099150141643,0.7083059490084985,42759880_Bundle_2,0,0.7349834075273168,1.0,3.0,2.5,2.5
42759880,200108768,CUIDADO PERSONAL,ESIKA,35.9,2023-08-28,16,395.7,430.195,480,0.2631578947368421,0.6485753052917232,9042.67,338,250,0.56,0.28895184135977336,0.397371104815864,42759880_Bundle_2,0,0.7349834075273168,1.0,3.0,2.5,2.5
42759880,200108791,MAQUILLAJE,ESIKA,23.9,2023-01-31,27,561.4,430.195,689,0.4561403508771929,0.932157394843962,9042.67,338,250,1.0,0.8810198300283286,0.9286118980169972,42759880_Bundle_2,0,0.7349834075273168,1.0,3.0,2.5,2.5
42829803,200105188,CUIDADO PERSONAL,ESIKA,8.67,2024-05-17,11,356.4,430.195,217,0.175438596491228,0.2917232021709633,2590.65,77,66,0.8888888888888888,0.7469879518072289,0.8037483266398928,42829803_Bundle_1,1,0.5420921782367566,,,,
42829803,200108408,FRAGANCIAS,ESIKA,40.17,2024-04-26,9,281.6,430.195,238,0.1403508771929824,0.3202170963364993,2590.65,77,66,0.6666666666666666,0.8734939759036144,0.7907630522088354,42829803_Bundle_1,0,0.5420921782367566,1.0,3.0,2.5,2.5
42829803,200116799,TRATAMIENTO CORPORAL,LBEL,39.43,2024-08-29,9,391.4,430.195,113,0.1403508771929824,0.1506105834464043,2590.65,77,66,0.6666666666666666,0.12048192771084337,0.3389558232931727,42829803_Bundle_1,0,0.5420921782367566,1.0,3.0,2.5,2.5
42829803,200108409,FRAGANCIAS,ESIKA,29.73,2024-04-26,9,281.6,430.195,238,0.1403508771929824,0.3202170963364993,2590.65,77,66,0.6666666666666666,0.8734939759036144,0.7907630522088354,42829803_Bundle_1,0,0.5420921782367566,1.0,3.0,2.5,2.5
42829803,210106134,COMPLEMENTOS,CYZONE,84.9,2024-09-18,3,190.7,430.195,93,0.0350877192982456,0.1234735413839891,2590.65,77,66,0.0,0.0,0.0,42829803_Bundle_1,0,0.5420921782367566,1.0,3.0,2.5,2.5
42829803,200113633,FRAGANCIAS,LBEL,85.57,2024-08-29,9,391.4,430.195,113,0.1403508771929824,0.1506105834464043,2590.65,77,66,0.6666666666666666,0.12048192771084337,0.3389558232931727,42829803_Bundle_1,0,0.5420921782367566,1.0,3.0,2.5,2.5
42829803,210104907,COMPLEMENTOS,CYZONE,24.9,2024-06-06,11,348.09999999999997,430.195,197,0.175438596491228,0.2645861601085482,2590.65,77,66,0.8888888888888888,0.6265060240963856,0.7314591700133869,42829803_Bundle_1,0,0.5420921782367566,1.0,3.0,2.5,2.5
42829803,200105188,CUIDADO PERSONAL,ESIKA,8.67,2024-05-17,11,356.4,430.195,217,0.175438596491228,0.2917232021709633,2590.65,77,66,0.8888888888888888,0.7469879518072289,0.8037483266398928,42829803_Bundle_2,1,0.658768406961178,,,,
42829803,200091727,FRAGANCIAS,ESIKA,50.9,2024-08-29,9,391.4,430.195,113,0.1403508771929824,0.1506105834464043,2590.65,77,66,0.6666666666666666,0.12048192771084337,0.3389558232931727,42829803_Bundle_2,0,0.658768406961178,1.0,3.0,2.5,2.5
42829803,200102045,FRAGANCIAS,ESIKA,79.9,2024-08-29,9,391.4,430.195,113,0.1403508771929824,0.1506105834464043,2590.65,77,66,0.6666666666666666,0.12048192771084337,0.3389558232931727,42829803_Bundle_2,0,0.658768406961178,1.0,3.0,2.5,2.5
42829803,200099047,FRAGANCIAS,ESIKA,52.84,2024-05-17,11,356.4,430.195,217,0.175438596491228,0.2917232021709633,2590.65,77,66,0.8888888888888888,0.7469879518072289,0.8037483266398928,42829803_Bundle_2,0,0.658768406961178,1.0,3.0,2.5,2.5
42829803,200106346,FRAGANCIAS,ESIKA,41.9,2024-04-26,9,281.6,430.195,238,0.1403508771929824,0.3202170963364993,2590.65,77,66,0.6666666666666666,0.8734939759036144,0.7907630522088354,42829803_Bundle_2,0,0.658768406961178,1.0,3.0,2.5,2.5
42829803,200088259,FRAGANCIAS,ESIKA,46.9,2024-06-06,11,348.09999999999997,430.195,197,0.175438596491228,0.2645861601085482,2590.65,77,66,0.8888888888888888,0.6265060240963856,0.7314591700133869,42829803_Bundle_2,0,0.658768406961178,1.0,3.0,2.5,2.5
42829803,200093883,FRAGANCIAS,ESIKA,28.02,2024-05-17,11,356.4,430.195,217,0.175438596491228,0.2917232021709633,2590.65,77,66,0.8888888888888888,0.7469879518072289,0.8037483266398928,42829803_Bundle_2,0,0.658768406961178,1.0,3.0,2.5,2.5
42845353,200095159,CUIDADO PERSONAL,ESIKA,7.38,2024-03-15,16,243.9,430.195,280,0.2631578947368421,0.3772048846675712,3866.54,146,115,1.0,0.9067796610169492,0.9440677966101695,42845353_Bundle_1,1,0.3808178638687113,,,,
42845353,200114199,MAQUILLAJE,CYZONE,12.9,2024-08-08,10,186.1,430.195,134,0.1578947368421052,0.1791044776119403,3866.54,146,115,0.3333333333333333,0.288135593220339,0.30621468926553674,42845353_Bundle_1,0,0.3808178638687113,1.0,3.0,2.5,2.5
42845353,200064310,FRAGANCIAS,ESIKA,13.3,2024-06-05,13,340.28,430.195,198,0.2105263157894736,0.2659430122116689,3866.54,146,115,0.6666666666666666,0.559322033898305,0.6022598870056497,42845353_Bundle_1,0,0.3808178638687113,1.0,3.0,2.5,2.5
42845353,200099047,FRAGANCIAS,ESIKA,37.37,2024-10-04,7,391.5,430.195,77,0.1052631578947368,0.1017639077340569,3866.54,146,115,0.0,0.046610169491525424,0.027966101694915254,42845353_Bundle_1,0,0.3808178638687113,1.0,3.0,2.5,2.5
42845353,200115402,MAQUILLAJE,CYZONE,11.9,2024-08-08,10,186.1,430.195,134,0.1578947368421052,0.1791044776119403,3866.54,146,115,0.3333333333333333,0.288135593220339,0.30621468926553674,42845353_Bundle_1,0,0.3808178638687113,1.0,3.0,2.5,2.5
42845353,210098526,MAQUILLAJE,CYZONE,20.9,2024-08-08,10,186.1,430.195,134,0.1578947368421052,0.1791044776119403,3866.54,146,115,0.3333333333333333,0.288135593220339,0.30621468926553674,42845353_Bundle_1,0,0.3808178638687113,1.0,3.0,2.5,2.5
42845353,200082678,FRAGANCIAS,ESIKA,12.5,2024-09-12,9,401.8,430.195,99,0.1403508771929824,0.1316146540027137,3866.54,146,115,0.2222222222222222,0.13983050847457626,0.17278719397363465,42845353_Bundle_1,0,0.3808178638687113,1.0,3.0,2.5,2.5
42845353,200095159,CUIDADO PERSONAL,ESIKA,7.38,2024-03-15,16,243.9,430.195,280,0.2631578947368421,0.3772048846675712,3866.54,146,115,1.0,0.9067796610169492,0.9440677966101695,42845353_Bundle_2,1,0.5480091471616896,,,,
42845353,200109874,FRAGANCIAS,CYZONE,24.23,2024-04-05,16,265.1,430.195,259,0.2631578947368421,0.3487109905020353,3866.54,146,115,1.0,0.8177966101694916,0.8906779661016949,42845353_Bundle_2,0,0.5480091471616896,1.0,3.0,2.5,2.5
42845353,200115631,MAQUILLAJE,CYZONE,12.9,2024-03-15,16,243.9,430.195,280,0.2631578947368421,0.3772048846675712,3866.54,146,115,1.0,0.9067796610169492,0.9440677966101695,42845353_Bundle_2,0,0.5480091471616896,1.0,3.0,2.5,2.5
42845353,200105158,MAQUILLAJE,LBEL,13.9,2024-05-14,15,281.7,430.195,220,0.2456140350877192,0.2957937584803256,3866.54,146,115,0.8888888888888888,0.652542372881356,0.7470809792843691,42845353_Bundle_2,0,0.5480091471616896,1.0,3.0,2.5,2.5
42845353,200064310,FRAGANCIAS,ESIKA,13.3,2024-06-26,7,208.9,430.195,177,0.1052631578947368,0.2374491180461329,3866.54,146,115,0.0,0.4703389830508475,0.28220338983050847,42845353_Bundle_2,0,0.5480091471616896,1.0,3.0,2.5,2.5
42845353,200114177,MAQUILLAJE,CYZONE,14.9,2024-10-15,7,308.3,430.195,66,0.1052631578947368,0.0868385345997286,3866.54,146,115,0.0,0.0,0.0,42845353_Bundle_2,0,0.5480091471616896,1.0,3.0,2.5,2.5
42845353,200116781,MAQUILLAJE,CYZONE,14.95,2024-10-04,7,391.5,430.195,77,0.1052631578947368,0.1017639077340569,3866.54,146,115,0.0,0.046610169491525424,0.027966101694915254,42845353_Bundle_2,0,0.5480091471616896,1.0,3.0,2.5,2.5
42909386,200102761,MAQUILLAJE,ESIKA,25.9,2023-03-03,20,795.3,430.195,658,0.3333333333333333,0.8900949796472184,3747.44,102,89,1.0,0.9020979020979021,0.9412587412587412,42909386_Bundle_1,1,0.7030303030303031,,,,
42909386,200105190,CUIDADO PERSONAL,ESIKA,5.1,2023-03-24,19,477.8,430.195,637,0.3157894736842105,0.8616010854816825,3747.44,102,89,0.9333333333333333,0.7552447552447552,0.8264801864801865,42909386_Bundle_1,0,0.7030303030303031,1.0,3.0,2.5,2.5
42909386,200097066,CUIDADO PERSONAL,ESIKA,30.9,2023-04-14,10,533.2,430.195,616,0.1578947368421052,0.8331071913161465,3747.44,102,89,0.3333333333333333,0.6083916083916084,0.49836829836829843,42909386_Bundle_1,0,0.7030303030303031,1.0,3.0,2.5,2.5
42909386,210103597,BIJOUTERIE,ESIKA,44.9,2023-06-16,11,568.0,430.195,553,0.175438596491228,0.7476255088195387,3747.44,102,89,0.4,0.16783216783216784,0.26069930069930075,42909386_Bundle_1,0,0.7030303030303031,1.0,3.0,2.5,2.5
42909386,200111179,CUIDADO PERSONAL,CYZONE,11.9,2023-03-03,20,795.3,430.195,658,0.3333333333333333,0.8900949796472184,3747.44,102,89,1.0,0.9020979020979021,0.9412587412587412,42909386_Bundle_1,0,0.7030303030303031,1.0,3.0,2.5,2.5
42909386,200108048,FRAGANCIAS,CYZONE,25.9,2023-03-24,19,477.8,430.195,637,0.3157894736842105,0.8616010854816825,3747.44,102,89,0.9333333333333333,0.7552447552447552,0.8264801864801865,42909386_Bundle_1,0,0.7030303030303031,1.0,3.0,2.5,2.5
42909386,200095420,CUIDADO PERSONAL,ESIKA,7.38,2023-02-17,6,105.84,430.195,672,0.087719298245614,0.9090909090909092,3747.44,102,89,0.06666666666666667,1.0,0.6266666666666666,42909386_Bundle_1,0,0.7030303030303031,1.0,3.0,2.5,2.5
42909386,200102761,MAQUILLAJE,ESIKA,25.9,2023-03-03,20,795.3,430.195,658,0.3333333333333333,0.8900949796472184,3747.44,102,89,1.0,0.9020979020979021,0.9412587412587412,42909386_Bundle_2,1,0.6778554778554778,,,,
42909386,200108671,FRAGANCIAS,ESIKA,19.95,2023-05-26,10,283.09999999999997,430.195,574,0.1578947368421052,0.7761194029850746,3747.44,102,89,0.3333333333333333,0.3146853146853147,0.32214452214452216,42909386_Bundle_2,0,0.6778554778554778,1.0,3.0,2.5,2.5
42909386,200103442,CUIDADO PERSONAL,ESIKA,7.38,2023-02-17,6,105.84,430.195,672,0.087719298245614,0.9090909090909092,3747.44,102,89,0.06666666666666667,1.0,0.6266666666666666,42909386_Bundle_2,0,0.6778554778554778,1.0,3.0,2.5,2.5
42909386,210103597,BIJOUTERIE,ESIKA,44.9,2023-06-16,11,568.0,430.195,553,0.175438596491228,0.7476255088195387,3747.44,102,89,0.4,0.16783216783216784,0.26069930069930075,42909386_Bundle_2,0,0.6778554778554778,1.0,3.0,2.5,2.5
42909386,200095374,CUIDADO PERSONAL,ESIKA,5.1,2023-03-24,19,477.8,430.195,637,0.3157894736842105,0.8616010854816825,3747.44,102,89,0.9333333333333333,0.7552447552447552,0.8264801864801865,42909386_Bundle_2,0,0.6778554778554778,1.0,3.0,2.5,2.5
42909386,200108674,CUIDADO PERSONAL,ESIKA,5.1,2023-03-24,19,477.8,430.195,637,0.3157894736842105,0.8616010854816825,3747.44,102,89,0.9333333333333333,0.7552447552447552,0.8264801864801865,42909386_Bundle_2,0,0.6778554778554778,1.0,3.0,2.5,2.5
42909386,200111179,CUIDADO PERSONAL,CYZONE,11.9,2023-03-03,20,795.3,430.195,658,0.3333333333333333,0.8900949796472184,3747.44,102,89,1.0,0.9020979020979021,0.9412587412587412,42909386_Bundle_2,0,0.6778554778554778,1.0,3.0,2.5,2.5
43063650,210102309,BIJOUTERIE,ESIKA,39.9,2022-12-20,10,398.33,430.195,731,0.1578947368421052,0.989145183175034,398.33,10,8,0.0,0.0,0.0,43063650_Bundle_1,1,0.0,,,,
43063650,200082678,FRAGANCIAS,ESIKA,21.9,2022-12-20,10,398.33,430.195,731,0.1578947368421052,0.989145183175034,398.33,10,8,0.0,0.0,0.0,43063650_Bundle_1,0,0.0,1.0,3.0,2.5,2.5
43063650,200064310,FRAGANCIAS,ESIKA,21.9,2022-12-20,10,398.33,430.195,731,0.1578947368421052,0.989145183175034,398.33,10,8,0.0,0.0,0.0,43063650_Bundle_1,0,0.0,1.0,2.0,1.75,1.75
43063650,200098555,FRAGANCIAS,ESIKA,69.9,2022-12-20,10,398.33,430.195,731,0.1578947368421052,0.989145183175034,398.33,10,8,0.0,0.0,0.0,43063650_Bundle_1,0,0.0,1.0,2.0,1.75,1.75
43063650,200098264,FRAGANCIAS,ESIKA,76.99,2022-12-20,10,398.33,430.195,731,0.1578947368421052,0.989145183175034,398.33,10,8,0.0,0.0,0.0,43063650_Bundle_1,0,0.0,1.0,2.0,1.75,1.75
43063650,200098555,FRAGANCIAS,ESIKA,24.95,2022-12-20,10,398.33,430.195,731,0.1578947368421052,0.989145183175034,398.33,10,8,0.0,0.0,0.0,43063650_Bundle_1,0,0.0,1.0,1.0,1.0,1.0
43063650,200102430,FRAGANCIAS,ESIKA,44.97,2022-12-20,10,398.33,430.195,731,0.1578947368421052,0.989145183175034,398.33,10,8,0.0,0.0,0.0,43063650_Bundle_1,0,0.0,1.0,1.0,1.0,1.0
43063650,210102309,BIJOUTERIE,ESIKA,39.9,2022-12-20,10,398.33,430.195,731,0.1578947368421052,0.989145183175034,398.33,10,8,0.0,0.0,0.0,43063650_Bundle_2,1,0.0,,,,
43063650,200064310,FRAGANCIAS,ESIKA,21.9,2022-12-20,10,398.33,430.195,731,0.1578947368421052,0.989145183175034,398.33,10,8,0.0,0.0,0.0,43063650_Bundle_2,0,0.0,1.0,3.0,2.5,2.5
43063650,200102430,FRAGANCIAS,ESIKA,44.97,2022-12-20,10,398.33,430.195,731,0.1578947368421052,0.989145183175034,398.33,10,8,0.0,0.0,0.0,43063650_Bundle_2,0,0.0,1.0,3.0,2.5,2.5
43063650,200099310,FRAGANCIAS,ESIKA,27.91,2022-12-20,10,398.33,430.195,731,0.1578947368421052,0.989145183175034,398.33,10,8,0.0,0.0,0.0,43063650_Bundle_2,0,0.0,1.0,3.0,2.5,2.5
43063650,200098264,FRAGANCIAS,ESIKA,76.99,2022-12-20,10,398.33,430.195,731,0.1578947368421052,0.989145183175034,398.33,10,8,0.0,0.0,0.0,43063650_Bundle_2,0,0.0,1.0,3.0,2.5,2.5
43063650,200098555,FRAGANCIAS,ESIKA,24.95,2022-12-20,10,398.33,430.195,731,0.1578947368421052,0.989145183175034,398.33,10,8,0.0,0.0,0.0,43063650_Bundle_2,0,0.0,1.0,2.0,1.75,1.75
43063650,200102430,FRAGANCIAS,ESIKA,44.96,2022-12-20,10,398.33,430.195,731,0.1578947368421052,0.989145183175034,398.33,10,8,0.0,0.0,0.0,43063650_Bundle_2,0,0.0,1.0,2.0,1.75,1.75
43364677,200108176,TRATAMIENTO FACIAL,LBEL,65.0,2024-05-20,24,708.8,430.195,214,0.4035087719298245,0.2876526458616011,4535.3,192,169,1.0,0.7459016393442623,0.8475409836065575,43364677_Bundle_1,1,0.5833723653395785,,,,
43364677,200112289,MAQUILLAJE,CYZONE,9.9,2024-07-19,12,253.95,430.195,154,0.1929824561403508,0.2062415196743555,4535.3,192,169,0.3333333333333333,0.5,0.43333333333333335,43364677_Bundle_1,0,0.5833723653395785,1.0,3.0,2.5,2.5
43364677,210098324,ACCESORIOS COSMETICOS,CYZONE,20.9,2024-07-19,12,253.95,430.195,154,0.1929824561403508,0.2062415196743555,4535.3,192,169,0.3333333333333333,0.5,0.43333333333333335,43364677_Bundle_1,0,0.5833723653395785,1.0,3.0,2.5,2.5
43364677,200113883,MAQUILLAJE,ESIKA,16.45,2024-07-01,16,329.59999999999997,430.195,172,0.2631578947368421,0.2306648575305291,4535.3,192,169,0.5555555555555556,0.5737704918032787,0.5664845173041895,43364677_Bundle_1,0,0.5833723653395785,1.0,3.0,2.5,2.5
43364677,200093883,FRAGANCIAS,ESIKA,10.11,2024-05-20,24,708.8,430.195,214,0.4035087719298245,0.2876526458616011,4535.3,192,169,1.0,0.7459016393442623,0.8475409836065575,43364677_Bundle_1,0,0.5833723653395785,1.0,3.0,2.5,2.5
43364677,200102064,MAQUILLAJE,CYZONE,32.9,2024-04-09,16,401.4,430.195,255,0.2631578947368421,0.3432835820895522,4535.3,192,169,0.5555555555555556,0.9139344262295082,0.7705828779599271,43364677_Bundle_1,0,0.5833723653395785,1.0,3.0,2.5,2.5
43364677,200116549,MAQUILLAJE,LBEL,27.0,2024-10-10,10,165.1,430.195,71,0.1578947368421052,0.0936227951153324,4535.3,192,169,0.2222222222222222,0.1598360655737705,0.18479052823315117,43364677_Bundle_1,0,0.5833723653395785,1.0,3.0,2.5,2.5
43364677,200108176,TRATAMIENTO FACIAL,LBEL,65.0,2024-05-20,24,708.8,430.195,214,0.4035087719298245,0.2876526458616011,4535.3,192,169,1.0,0.7459016393442623,0.8475409836065575,43364677_Bundle_2,1,0.5017694509497789,,,,
43364677,200114191,MAQUILLAJE,CYZONE,16.9,2024-04-29,11,308.0,430.195,235,0.175438596491228,0.316146540027137,4535.3,192,169,0.2777777777777778,0.8319672131147541,0.6102914389799635,43364677_Bundle_2,0,0.5017694509497789,1.0,3.0,2.5,2.5
43364677,200091269,CUIDADO PERSONAL,LBEL,29.95,2024-07-19,12,253.95,430.195,154,0.1929824561403508,0.2062415196743555,4535.3,192,169,0.3333333333333333,0.5,0.43333333333333335,43364677_Bundle_2,0,0.5017694509497789,1.0,3.0,2.5,2.5
43364677,200107825,CUIDADO PERSONAL,LBEL,17.95,2024-10-28,19,348.09999999999997,430.195,53,0.3157894736842105,0.0691994572591587,4535.3,192,169,0.7222222222222222,0.0860655737704918,0.34052823315118397,43364677_Bundle_2,0,0.5017694509497789,1.0,3.0,2.5,2.5
43364677,200114104,MAQUILLAJE,CYZONE,17.9,2024-08-12,11,292.2,430.195,130,0.175438596491228,0.1736770691994572,4535.3,192,169,0.2777777777777778,0.4016393442622951,0.35209471766848816,43364677_Bundle_2,0,0.5017694509497789,1.0,3.0,2.5,2.5
43364677,210096241,MAQUILLAJE,ESIKA,17.9,2024-09-16,6,158.65,430.195,95,0.087719298245614,0.1261872455902306,4535.3,192,169,0.0,0.2581967213114754,0.15491803278688523,43364677_Bundle_2,0,0.5017694509497789,1.0,3.0,2.5,2.5
43364677,200094901,MAQUILLAJE,LBEL,29.0,2024-06-10,23,497.5,430.195,193,0.3859649122807017,0.2591587516960651,4535.3,192,169,0.9444444444444444,0.6598360655737705,0.77367941712204,43364677_Bundle_2,0,0.5017694509497789,1.0,3.0,2.5,2.5
43767909,210099696,PROMOCION USUARIOS,CYZONE,1.24,2023-01-10,12,346.1,430.195,710,0.1929824561403508,0.960651289009498,675.65,25,24,1.0,0.5,0.7,43767909_Bundle_1,1,0.4904761904761904,,,,
43767909,200094149,FRAGANCIAS,CYZONE,39.77,2023-01-10,12,346.1,430.195,710,0.1929824561403508,0.960651289009498,675.65,25,24,1.0,0.5,0.7,43767909_Bundle_1,0,0.4904761904761904,1.0,3.0,2.5,2.5
43767909,200102650,MAQUILLAJE,ESIKA,18.9,2023-01-10,12,346.1,430.195,710,0.1929824561403508,0.960651289009498,675.65,25,24,1.0,0.5,0.7,43767909_Bundle_1,0,0.4904761904761904,1.0,3.0,2.5,2.5
43767909,200102673,MAQUILLAJE,ESIKA,19.9,2023-01-31,6,170.95,430.195,689,0.087719298245614,0.932157394843962,675.65,25,24,0.0,0.0,0.0,43767909_Bundle_1,0,0.4904761904761904,1.0,3.0,2.5,2.5
43767909,200100838,FRAGANCIAS,ESIKA,57.9,2022-12-20,7,158.6,430.195,731,0.1052631578947368,0.989145183175034,675.65,25,24,0.16666666666666666,1.0,0.6666666666666666,43767909_Bundle_1,0,0.4904761904761904,1.0,3.0,2.5,2.5
43767909,200109649,TRATAMIENTO CORPORAL,CYZONE,12.45,2022-12-20,7,158.6,430.195,731,0.1052631578947368,0.989145183175034,675.65,25,24,0.16666666666666666,1.0,0.6666666666666666,43767909_Bundle_1,0,0.4904761904761904,1.0,3.0,2.5,2.5
43767909,200102111,MAQUILLAJE,CYZONE,22.9,2023-01-31,6,170.95,430.195,689,0.087719298245614,0.932157394843962,675.65,25,24,0.0,0.0,0.0,43767909_Bundle_1,0,0.4904761904761904,1.0,3.0,2.5,2.5
43767909,210099696,PROMOCION USUARIOS,CYZONE,1.24,2023-01-10,12,346.1,430.195,710,0.1929824561403508,0.960651289009498,675.65,25,24,1.0,0.5,0.7,43767909_Bundle_2,1,0.5952380952380951,,,,
43767909,200102820,TRATAMIENTO CORPORAL,ESIKA,19.9,2023-01-10,12,346.1,430.195,710,0.1929824561403508,0.960651289009498,675.65,25,24,1.0,0.5,0.7,43767909_Bundle_2,0,0.5952380952380951,1.0,3.0,2.5,2.5
43767909,210101976,COMPLEMENTOS,CYZONE,51.9,2023-01-10,12,346.1,430.195,710,0.1929824561403508,0.960651289009498,675.65,25,24,1.0,0.5,0.7,43767909_Bundle_2,0,0.5952380952380951,1.0,3.0,2.5,2.5
43767909,200107359,MAQUILLAJE,CYZONE,13.9,2023-01-10,12,346.1,430.195,710,0.1929824561403508,0.960651289009498,675.65,25,24,1.0,0.5,0.7,43767909_Bundle_2,0,0.5952380952380951,1.0,3.0,2.5,2.5
43767909,200102111,MAQUILLAJE,CYZONE,22.9,2023-01-31,6,170.95,430.195,689,0.087719298245614,0.932157394843962,675.65,25,24,0.0,0.0,0.0,43767909_Bundle_2,0,0.5952380952380951,1.0,3.0,2.5,2.5
43767909,200102673,MAQUILLAJE,ESIKA,19.95,2022-12-20,7,158.6,430.195,731,0.1052631578947368,0.989145183175034,675.65,25,24,0.16666666666666666,1.0,0.6666666666666666,43767909_Bundle_2,0,0.5952380952380951,1.0,3.0,2.5,2.5
43767909,200090349,CUIDADO PERSONAL,ESIKA,23.9,2023-01-10,12,346.1,430.195,710,0.1929824561403508,0.960651289009498,675.65,25,24,1.0,0.5,0.7,43767909_Bundle_2,0,0.5952380952380951,1.0,3.0,2.5,2.5
44045680,200112640,TRATAMIENTO FACIAL,ESIKA,42.9,2022-12-22,10,340.2,430.195,729,0.1578947368421052,0.9864314789687924,4409.45,131,103,0.4117647058823529,1.0,0.7647058823529411,44045680_Bundle_1,1,0.42798965740142203,,,,
44045680,210086462,CUIDADO PERSONAL,ESIKA,21.9,2023-02-02,12,306.25,430.195,687,0.1929824561403508,0.9294436906377204,4409.45,131,103,0.5294117647058824,0.8846153846153846,0.7425339366515837,44045680_Bundle_1,0,0.42798965740142203,1.0,3.0,2.5,2.5
44045680,210104481,BIJOUTERIE,ESIKA,29.9,2023-06-30,7,253.4,430.195,539,0.1052631578947368,0.728629579375848,4409.45,131,103,0.23529411764705882,0.47802197802197804,0.3809308338720103,44045680_Bundle_1,0,0.42798965740142203,1.0,3.0,2.5,2.5
44045680,210098197,BIJOUTERIE,ESIKA,49.9,2023-11-16,4,185.7,430.195,400,0.0526315789473684,0.5400271370420624,4409.45,131,103,0.058823529411764705,0.09615384615384616,0.08122171945701358,44045680_Bundle_1,0,0.42798965740142203,1.0,3.0,2.5,2.5
44045680,210104122,BIJOUTERIE,ESIKA,74.9,2023-10-25,9,393.1,430.195,422,0.1403508771929824,0.5698778833107191,4409.45,131,103,0.35294117647058826,0.1565934065934066,0.23513251454427928,44045680_Bundle_1,0,0.42798965740142203,1.0,3.0,2.5,2.5
44045680,210100408,CUIDADO PERSONAL,CYZONE,15.98,2023-07-21,10,350.36,430.195,518,0.1578947368421052,0.7001356852103121,4409.45,131,103,0.4117647058823529,0.42032967032967034,0.41690368455074334,44045680_Bundle_1,0,0.42798965740142203,1.0,3.0,2.5,2.5
44045680,210100407,CUIDADO PERSONAL,CYZONE,15.07,2023-08-30,11,363.4,430.195,478,0.175438596491228,0.6458616010854816,4409.45,131,103,0.47058823529411764,0.31043956043956045,0.3744990303813833,44045680_Bundle_1,0,0.42798965740142203,1.0,3.0,2.5,2.5
44045680,200112640,TRATAMIENTO FACIAL,ESIKA,42.9,2022-12-22,10,340.2,430.195,729,0.1578947368421052,0.9864314789687924,4409.45,131,103,0.4117647058823529,1.0,0.7647058823529411,44045680_Bundle_2,1,0.4112106381013944,,,,
44045680,210095994,MAQUILLAJE,ESIKA,21.9,2023-12-21,5,151.6,430.195,365,0.0701754385964912,0.4925373134328358,4409.45,131,103,0.11764705882352941,0.0,0.047058823529411764,44045680_Bundle_2,0,0.4112106381013944,1.0,3.0,2.5,2.5
44045680,200106360,FRAGANCIAS,CYZONE,47.9,2023-05-24,7,153.48999999999998,430.195,576,0.1052631578947368,0.7788331071913162,4409.45,131,103,0.23529411764705882,0.5796703296703297,0.44191984486102137,44045680_Bundle_2,0,0.4112106381013944,1.0,3.0,2.5,2.5
44045680,200106081,CUIDADO PERSONAL,ESIKA,9.9,2023-12-11,20,605.5,430.195,375,0.3333333333333333,0.5061058344640434,4409.45,131,103,1.0,0.027472527472527472,0.4164835164835165,44045680_Bundle_2,0,0.4112106381013944,1.0,3.0,2.5,2.5
44045680,200105041,FRAGANCIAS,ESIKA,32.9,2023-07-21,10,350.36,430.195,518,0.1578947368421052,0.7001356852103121,4409.45,131,103,0.4117647058823529,0.42032967032967034,0.41690368455074334,44045680_Bundle_2,0,0.4112106381013944,1.0,3.0,2.5,2.5
44045680,210100408,CUIDADO PERSONAL,CYZONE,15.98,2023-07-21,10,350.36,430.195,518,0.1578947368421052,0.7001356852103121,4409.45,131,103,0.4117647058823529,0.42032967032967034,0.41690368455074334,44045680_Bundle_2,0,0.4112106381013944,1.0,3.0,2.5,2.5
44045680,210096207,MAQUILLAJE,ESIKA,18.9,2023-08-30,11,363.4,430.195,478,0.175438596491228,0.6458616010854816,4409.45,131,103,0.47058823529411764,0.31043956043956045,0.3744990303813833,44045680_Bundle_2,0,0.4112106381013944,1.0,3.0,2.5,2.5
44047470,200098788,TRATAMIENTO FACIAL,LBEL,14.95,2023-01-11,11,219.3,430.195,709,0.175438596491228,0.9592944369063772,2541.4,88,85,0.5555555555555556,1.0,0.8222222222222222,44047470_Bundle_1,1,0.5659551176792555,,,,
44047470,200095826,FRAGANCIAS,LBEL,74.0,2023-01-31,10,380.1,430.195,689,0.1578947368421052,0.932157394843962,2541.4,88,85,0.4444444444444444,0.8620689655172413,0.6950191570881226,44047470_Bundle_1,0,0.5659551176792555,1.0,3.0,2.5,2.5
44047470,210100407,CUIDADO PERSONAL,CYZONE,22.9,2023-04-25,15,415.6,430.195,605,0.2456140350877192,0.8181818181818182,2541.4,88,85,1.0,0.2827586206896552,0.5696551724137932,44047470_Bundle_1,0,0.5659551176792555,1.0,3.0,2.5,2.5
44047470,200106592,MAQUILLAJE,CYZONE,17.9,2023-03-13,9,212.7,430.195,648,0.1403508771929824,0.8765264586160109,2541.4,88,85,0.3333333333333333,0.5793103448275863,0.48091954022988503,44047470_Bundle_1,0,0.5659551176792555,1.0,3.0,2.5,2.5
44047470,210100043,BIJOUTERIE,ESIKA,79.9,2023-03-13,9,212.7,430.195,648,0.1403508771929824,0.8765264586160109,2541.4,88,85,0.3333333333333333,0.5793103448275863,0.48091954022988503,44047470_Bundle_1,0,0.5659551176792555,1.0,3.0,2.5,2.5
44047470,200105017,FRAGANCIAS,CYZONE,21.9,2023-05-17,10,179.0,430.195,583,0.1578947368421052,0.7883310719131614,2541.4,88,85,0.4444444444444444,0.1310344827586207,0.2563984674329502,44047470_Bundle_1,0,0.5659551176792555,1.0,3.0,2.5,2.5
44047470,210101990,COMPLEMENTOS,CYZONE,44.9,2023-04-04,15,494.12,430.195,626,0.2456140350877192,0.8466757123473542,2541.4,88,85,1.0,0.42758620689655175,0.6565517241379311,44047470_Bundle_1,0,0.5659551176792555,1.0,3.0,2.5,2.5
44047470,200098788,TRATAMIENTO FACIAL,LBEL,14.95,2023-01-11,11,219.3,430.195,709,0.175438596491228,0.9592944369063772,2541.4,88,85,0.5555555555555556,1.0,0.8222222222222222,44047470_Bundle_2,1,0.7703338806787083,,,,
44047470,200105041,FRAGANCIAS,ESIKA,32.8,2023-01-11,11,219.3,430.195,709,0.175438596491228,0.9592944369063772,2541.4,88,85,0.5555555555555556,1.0,0.8222222222222222,44047470_Bundle_2,0,0.7703338806787083,1.0,3.0,2.5,2.5
44047470,200095374,CUIDADO PERSONAL,ESIKA,7.57,2023-01-11,11,219.3,430.195,709,0.175438596491228,0.9592944369063772,2541.4,88,85,0.5555555555555556,1.0,0.8222222222222222,44047470_Bundle_2,0,0.7703338806787083,1.0,3.0,2.5,2.5
44047470,200109168,MAQUILLAJE,CYZONE,19.96,2023-02-20,12,386.98,430.195,669,0.1929824561403508,0.9050203527815468,2541.4,88,85,0.6666666666666666,0.7241379310344828,0.7011494252873562,44047470_Bundle_2,0,0.7703338806787083,1.0,3.0,2.5,2.5
44047470,200103022,CUIDADO PERSONAL,ESIKA,15.14,2023-01-11,11,219.3,430.195,709,0.175438596491228,0.9592944369063772,2541.4,88,85,0.5555555555555556,1.0,0.8222222222222222,44047470_Bundle_2,0,0.7703338806787083,1.0,3.0,2.5,2.5
44047470,210100650,COMPLEMENTOS,CYZONE,62.9,2023-02-20,12,386.98,430.195,669,0.1929824561403508,0.9050203527815468,2541.4,88,85,0.6666666666666666,0.7241379310344828,0.7011494252873562,44047470_Bundle_2,0,0.7703338806787083,1.0,3.0,2.5,2.5
44047470,200108917,MAQUILLAJE,ESIKA,28.9,2023-02-20,12,386.98,430.195,669,0.1929824561403508,0.9050203527815468,2541.4,88,85,0.6666666666666666,0.7241379310344828,0.7011494252873562,44047470_Bundle_2,0,0.7703338806787083,1.0,3.0,2.5,2.5
44109905,200103327,MAQUILLAJE,ESIKA,27.9,2023-03-23,21,405.1,430.195,638,0.3508771929824561,0.8629579375848032,4548.33,159,125,1.0,0.8576158940397351,0.9145695364238411,44109905_Bundle_1,1,0.5971807000946073,,,,
44109905,200086432,FRAGANCIAS,ESIKA,23.89,2024-08-22,7,202.3,430.195,120,0.1052631578947368,0.1601085481682496,4548.33,159,125,0.06666666666666667,0.0,0.02666666666666667,44109905_Bundle_1,0,0.5971807000946073,1.0,3.0,2.5,2.5
44109905,200098673,FRAGANCIAS,ESIKA,69.9,2023-02-09,17,427.4,430.195,680,0.2807017543859649,0.9199457259158752,4548.33,159,125,0.7333333333333333,0.9271523178807947,0.8496247240618101,44109905_Bundle_1,0,0.5971807000946073,1.0,3.0,2.5,2.5
44109905,200092456,TRATAMIENTO CORPORAL,ESIKA,13.09,2023-02-09,17,427.4,430.195,680,0.2807017543859649,0.9199457259158752,4548.33,159,125,0.7333333333333333,0.9271523178807947,0.8496247240618101,44109905_Bundle_1,0,0.5971807000946073,1.0,3.0,2.5,2.5
44109905,200108671,FRAGANCIAS,ESIKA,52.9,2023-02-09,17,427.4,430.195,680,0.2807017543859649,0.9199457259158752,4548.33,159,125,0.7333333333333333,0.9271523178807947,0.8496247240618101,44109905_Bundle_1,0,0.5971807000946073,1.0,3.0,2.5,2.5
44109905,200089498,TRATAMIENTO CORPORAL,ESIKA,41.9,2023-07-10,9,276.1,430.195,529,0.1403508771929824,0.7150610583446404,4548.33,159,125,0.2,0.6771523178807947,0.4862913907284768,44109905_Bundle_1,0,0.5971807000946073,1.0,3.0,2.5,2.5
44109905,200090452,FRAGANCIAS,ESIKA,41.9,2024-06-12,11,339.1,430.195,191,0.175438596491228,0.2564450474898236,4548.33,159,125,0.3333333333333333,0.11754966887417219,0.20386313465783665,44109905_Bundle_1,0,0.5971807000946073,1.0,3.0,2.5,2.5
44109905,200103327,MAQUILLAJE,ESIKA,27.9,2023-03-23,21,405.1,430.195,638,0.3508771929824561,0.8629579375848032,4548.33,159,125,1.0,0.8576158940397351,0.9145695364238411,44109905_Bundle_2,1,0.6055849889624724,,,,
44109905,200086432,FRAGANCIAS,ESIKA,23.89,2024-08-22,7,202.3,430.195,120,0.1052631578947368,0.1601085481682496,4548.33,159,125,0.06666666666666667,0.0,0.02666666666666667,44109905_Bundle_2,0,0.6055849889624724,1.0,3.0,2.5,2.5
44109905,200086399,FRAGANCIAS,LBEL,110.0,2023-05-05,16,496.65,430.195,595,0.2631578947368421,0.8046132971506106,4548.33,159,125,0.6666666666666666,0.7864238410596026,0.7385209713024282,44109905_Bundle_2,0,0.6055849889624724,1.0,3.0,2.5,2.5
44109905,210095249,CUIDADO PERSONAL,CYZONE,14.95,2023-05-05,16,496.65,430.195,595,0.2631578947368421,0.8046132971506106,4548.33,159,125,0.6666666666666666,0.7864238410596026,0.7385209713024282,44109905_Bundle_2,0,0.6055849889624724,1.0,3.0,2.5,2.5
44109905,200115170,CUIDADO PERSONAL,ESIKA,24.9,2024-06-12,11,339.1,430.195,191,0.175438596491228,0.2564450474898236,4548.33,159,125,0.3333333333333333,0.11754966887417219,0.20386313465783665,44109905_Bundle_2,0,0.6055849889624724,1.0,3.0,2.5,2.5
44109905,200090337,CUIDADO PERSONAL,ESIKA,23.9,2023-02-23,12,353.79999999999995,430.195,666,0.1929824561403508,0.9009497964721844,4548.33,159,125,0.4,0.9039735099337748,0.7023841059602649,44109905_Bundle_2,0,0.6055849889624724,1.0,3.0,2.5,2.5
44109905,210100065,BIJOUTERIE,ESIKA,39.9,2023-03-23,21,405.1,430.195,638,0.3508771929824561,0.8629579375848032,4548.33,159,125,1.0,0.8576158940397351,0.9145695364238411,44109905_Bundle_2,0,0.6055849889624724,1.0,3.0,2.5,2.5
44196425,200102670,MAQUILLAJE,ESIKA,18.9,2023-01-16,13,298.21999999999997,430.195,704,0.2105263157894736,0.9525101763907734,5949.54,225,192,0.32432432432432434,0.9694835680751174,0.7114198705748002,44196425_Bundle_1,1,0.49089673174180215,,,,
44196425,200105270,TRATAMIENTO FACIAL,LBEL,57.0,2023-02-03,15,373.2,430.195,686,0.2456140350877192,0.9280868385345996,5949.54,225,192,0.3783783783783784,0.9272300469483568,0.7076893795203654,44196425_Bundle_1,0,0.49089673174180215,1.0,3.0,2.5,2.5
44196425,200106852,FRAGANCIAS,LBEL,22.9,2023-12-07,24,617.15,430.195,379,0.4035087719298245,0.5115332428765265,5949.54,225,192,0.6216216216216216,0.20657276995305165,0.37259231062047965,44196425_Bundle_1,0,0.49089673174180215,1.0,3.0,2.5,2.5
44196425,210095249,CUIDADO PERSONAL,CYZONE,13.45,2023-11-20,21,423.0499999999999,430.195,396,0.3508771929824561,0.5345997286295794,5949.54,225,192,0.5405405405405406,0.24647887323943662,0.3641035401598782,44196425_Bundle_1,0,0.49089673174180215,1.0,3.0,2.5,2.5
44196425,200095517,CUIDADO PERSONAL,ESIKA,19.9,2023-02-28,10,370.1,430.195,661,0.1578947368421052,0.8941655359565808,5949.54,225,192,0.24324324324324326,0.8685446009389671,0.6184240578606776,44196425_Bundle_1,0,0.49089673174180215,1.0,3.0,2.5,2.5
44196425,200086399,FRAGANCIAS,LBEL,24.9,2024-01-12,21,589.1,430.195,343,0.3508771929824561,0.4626865671641791,5949.54,225,192,0.5405405405405406,0.12206572769953052,0.28945565283593455,44196425_Bundle_1,0,0.49089673174180215,1.0,3.0,2.5,2.5
44196425,200108908,CUIDADO PERSONAL,CYZONE,22.9,2023-12-07,24,617.15,430.195,379,0.4035087719298245,0.5115332428765265,5949.54,225,192,0.6216216216216216,0.20657276995305165,0.37259231062047965,44196425_Bundle_1,0,0.49089673174180215,1.0,3.0,2.5,2.5
44196425,200102670,MAQUILLAJE,ESIKA,18.9,2023-01-16,13,298.21999999999997,430.195,704,0.2105263157894736,0.9525101763907734,5949.54,225,192,0.32432432432432434,0.9694835680751174,0.7114198705748002,44196425_Bundle_2,1,0.4245418456686062,,,,
44196425,200102045,FRAGANCIAS,ESIKA,40.43,2023-12-22,38,726.86,430.195,364,0.6491228070175439,0.491180461329715,5949.54,225,192,1.0,0.17136150234741784,0.5028169014084507,44196425_Bundle_2,0,0.4245418456686062,1.0,3.0,2.5,2.5
44196425,200108908,CUIDADO PERSONAL,CYZONE,22.9,2023-12-07,24,617.15,430.195,379,0.4035087719298245,0.5115332428765265,5949.54,225,192,0.6216216216216216,0.20657276995305165,0.37259231062047965,44196425_Bundle_2,0,0.4245418456686062,1.0,3.0,2.5,2.5
44196425,210100407,CUIDADO PERSONAL,CYZONE,13.45,2023-11-20,21,423.0499999999999,430.195,396,0.3508771929824561,0.5345997286295794,5949.54,225,192,0.5405405405405406,0.24647887323943662,0.3641035401598782,44196425_Bundle_2,0,0.4245418456686062,1.0,3.0,2.5,2.5
44196425,200111412,CUIDADO PERSONAL,CYZONE,19.9,2023-12-07,24,617.15,430.195,379,0.4035087719298245,0.5115332428765265,5949.54,225,192,0.6216216216216216,0.20657276995305165,0.37259231062047965,44196425_Bundle_2,0,0.4245418456686062,1.0,3.0,2.5,2.5
44196425,210103967,COMPLEMENTOS,CYZONE,42.9,2023-10-31,11,292.2,430.195,416,0.175438596491228,0.5617367706919946,5949.54,225,192,0.2702702702702703,0.2934272300469484,0.2841644461362771,44196425_Bundle_2,0,0.4245418456686062,1.0,3.0,2.5,2.5
44196425,200060841,TRATAMIENTO CORPORAL,ESIKA,10.58,2023-11-20,21,423.0499999999999,430.195,396,0.3508771929824561,0.5345997286295794,5949.54,225,192,0.5405405405405406,0.24647887323943662,0.3641035401598782,44196425_Bundle_2,0,0.4245418456686062,1.0,3.0,2.5,2.5
44242133,200112474,TRATAMIENTO CORPORAL,LBEL,45.0,2023-01-03,14,397.0,430.195,717,0.2280701754385964,0.9701492537313432,1294.88,46,44,0.75,1.0,0.9,44242133_Bundle_1,1,0.5970443349753695,,,,
44242133,210102026,COMPLEMENTOS,CYZONE,62.9,2023-01-23,16,430.1,430.195,697,0.2631578947368421,0.943012211668928,1294.88,46,44,1.0,0.6551724137931034,0.7931034482758621,44242133_Bundle_1,0,0.5970443349753695,1.0,3.0,2.5,2.5
44242133,200107184,MAQUILLAJE,CYZONE,19.96,2023-03-02,8,233.38,430.195,659,0.1228070175438596,0.8914518317503393,1294.88,46,44,0.0,0.0,0.0,44242133_Bundle_1,0,0.5970443349753695,1.0,3.0,2.5,2.5
44242133,200109169,MAQUILLAJE,CYZONE,19.96,2023-03-02,8,233.38,430.195,659,0.1228070175438596,0.8914518317503393,1294.88,46,44,0.0,0.0,0.0,44242133_Bundle_1,0,0.5970443349753695,1.0,3.0,2.5,2.5
44242133,200108408,FRAGANCIAS,ESIKA,16.33,2023-01-23,16,430.1,430.195,697,0.2631578947368421,0.943012211668928,1294.88,46,44,1.0,0.6551724137931034,0.7931034482758621,44242133_Bundle_1,0,0.5970443349753695,1.0,3.0,2.5,2.5
44242133,210102378,BIJOUTERIE,ESIKA,39.9,2023-01-03,14,397.0,430.195,717,0.2280701754385964,0.9701492537313432,1294.88,46,44,0.75,1.0,0.9,44242133_Bundle_1,0,0.5970443349753695,1.0,3.0,2.5,2.5
44242133,200098673,FRAGANCIAS,ESIKA,23.57,2023-01-23,16,430.1,430.195,697,0.2631578947368421,0.943012211668928,1294.88,46,44,1.0,0.6551724137931034,0.7931034482758621,44242133_Bundle_1,0,0.5970443349753695,1.0,3.0,2.5,2.5
44242133,200112474,TRATAMIENTO CORPORAL,LBEL,45.0,2023-01-03,14,397.0,430.195,717,0.2280701754385964,0.9701492537313432,1294.88,46,44,0.75,1.0,0.9,44242133_Bundle_2,1,0.6123152709359606,,,,
44242133,200108408,FRAGANCIAS,ESIKA,16.33,2023-01-23,16,430.1,430.195,697,0.2631578947368421,0.943012211668928,1294.88,46,44,1.0,0.6551724137931034,0.7931034482758621,44242133_Bundle_2,0,0.6123152709359606,1.0,3.0,2.5,2.5
44242133,200105017,FRAGANCIAS,CYZONE,16.26,2023-01-03,14,397.0,430.195,717,0.2280701754385964,0.9701492537313432,1294.88,46,44,0.75,1.0,0.9,44242133_Bundle_2,0,0.6123152709359606,1.0,3.0,2.5,2.5
44242133,200095374,CUIDADO PERSONAL,ESIKA,7.57,2023-01-23,16,430.1,430.195,697,0.2631578947368421,0.943012211668928,1294.88,46,44,1.0,0.6551724137931034,0.7931034482758621,44242133_Bundle_2,0,0.6123152709359606,1.0,3.0,2.5,2.5
44242133,210102161,BIJOUTERIE,CYZONE,39.9,2023-03-02,8,233.38,430.195,659,0.1228070175438596,0.8914518317503393,1294.88,46,44,0.0,0.0,0.0,44242133_Bundle_2,0,0.6123152709359606,1.0,3.0,2.5,2.5
44242133,200107184,MAQUILLAJE,CYZONE,19.96,2023-03-02,8,233.38,430.195,659,0.1228070175438596,0.8914518317503393,1294.88,46,44,0.0,0.0,0.0,44242133_Bundle_2,0,0.6123152709359606,1.0,3.0,2.5,2.5
44242133,210099426,MAQUILLAJE,CYZONE,38.9,2023-01-03,14,397.0,430.195,717,0.2280701754385964,0.9701492537313432,1294.88,46,44,0.75,1.0,0.9,44242133_Bundle_2,0,0.6123152709359606,1.0,3.0,2.5,2.5
44371774,200118629,VARIOS,GENERICA,59.9,2024-07-05,7,213.5,430.195,168,0.1052631578947368,0.2252374491180461,1128.88,40,38,1.0,1.0,1.0,44371774_Bundle_1,1,0.6993523809523811,,,,
44371774,200115796,MAQUILLAJE,LBEL,24.5,2024-07-05,7,213.5,430.195,168,0.1052631578947368,0.2252374491180461,1128.88,40,38,1.0,1.0,1.0,44371774_Bundle_1,0,0.6993523809523811,1.0,3.0,2.5,2.5
44371774,210104961,COMPLEMENTOS,CYZONE,69.9,2024-07-31,5,179.6,430.195,142,0.0701754385964912,0.1899592944369063,1128.88,40,38,0.3333333333333333,0.792,0.6085333333333334,44371774_Bundle_1,0,0.6993523809523811,1.0,3.0,2.5,2.5
44371774,210101853,MAQUILLAJE,CYZONE,34.95,2024-09-10,7,252.4,430.195,101,0.1052631578947368,0.1343283582089552,1128.88,40,38,1.0,0.464,0.6784,44371774_Bundle_1,0,0.6993523809523811,1.0,3.0,2.5,2.5
44371774,200108047,FRAGANCIAS,CYZONE,22.9,2024-07-05,7,213.5,430.195,168,0.1052631578947368,0.2252374491180461,1128.88,40,38,1.0,1.0,1.0,44371774_Bundle_1,0,0.6993523809523811,1.0,3.0,2.5,2.5
44371774,200064310,FRAGANCIAS,ESIKA,12.5,2024-11-07,4,74.69999999999999,430.195,43,0.0526315789473684,0.0556309362279511,1128.88,40,38,0.0,0.0,0.0,44371774_Bundle_1,0,0.6993523809523811,1.0,3.0,2.5,2.5
44371774,200099047,FRAGANCIAS,ESIKA,25.9,2024-07-31,5,179.6,430.195,142,0.0701754385964912,0.1899592944369063,1128.88,40,38,0.3333333333333333,0.792,0.6085333333333334,44371774_Bundle_1,0,0.6993523809523811,1.0,3.0,2.5,2.5
44371774,200118629,VARIOS,GENERICA,59.9,2024-07-05,7,213.5,430.195,168,0.1052631578947368,0.2252374491180461,1128.88,40,38,1.0,1.0,1.0,44371774_Bundle_2,1,0.592152380952381,,,,
44371774,200108160,FRAGANCIAS,LBEL,27.9,2024-08-21,5,184.7,430.195,121,0.0701754385964912,0.1614654002713704,1128.88,40,38,0.3333333333333333,0.624,0.5077333333333334,44371774_Bundle_2,0,0.592152380952381,1.0,3.0,2.5,2.5
44371774,210104961,COMPLEMENTOS,CYZONE,69.9,2024-07-31,5,179.6,430.195,142,0.0701754385964912,0.1899592944369063,1128.88,40,38,0.3333333333333333,0.792,0.6085333333333334,44371774_Bundle_2,0,0.592152380952381,1.0,3.0,2.5,2.5
44371774,210099973,LENTES,ESIKA,74.9,2024-08-21,5,184.7,430.195,121,0.0701754385964912,0.1614654002713704,1128.88,40,38,0.3333333333333333,0.624,0.5077333333333334,44371774_Bundle_2,0,0.592152380952381,1.0,3.0,2.5,2.5
44371774,200086399,FRAGANCIAS,LBEL,30.9,2024-08-21,5,184.7,430.195,121,0.0701754385964912,0.1614654002713704,1128.88,40,38,0.3333333333333333,0.624,0.5077333333333334,44371774_Bundle_2,0,0.592152380952381,1.0,3.0,2.5,2.5
44371774,200116072,TRATAMIENTO FACIAL,ESIKA,24.9,2024-09-10,7,252.4,430.195,101,0.1052631578947368,0.1343283582089552,1128.88,40,38,1.0,0.464,0.6784,44371774_Bundle_2,0,0.592152380952381,1.0,3.0,2.5,2.5
44371774,210096241,MAQUILLAJE,ESIKA,17.9,2024-09-26,5,79.1,430.195,85,0.0701754385964912,0.112618724559023,1128.88,40,38,0.3333333333333333,0.336,0.3349333333333333,44371774_Bundle_2,0,0.592152380952381,1.0,3.0,2.5,2.5
44413795,200108728,TRATAMIENTO CORPORAL,LBEL,9.66,2023-01-17,15,353.98,430.195,703,0.2456140350877192,0.9511533242876526,1760.33,66,61,1.0,0.8829787234042553,0.9297872340425531,44413795_Bundle_1,1,0.6642012833502194,,,,
44413795,200102645,MAQUILLAJE,ESIKA,18.9,2023-01-17,15,353.98,430.195,703,0.2456140350877192,0.9511533242876526,1760.33,66,61,1.0,0.8829787234042553,0.9297872340425531,44413795_Bundle_1,0,0.6642012833502194,1.0,3.0,2.5,2.5
44413795,200105079,FRAGANCIAS,CYZONE,10.9,2023-01-17,15,353.98,430.195,703,0.2456140350877192,0.9511533242876526,1760.33,66,61,1.0,0.8829787234042553,0.9297872340425531,44413795_Bundle_1,0,0.6642012833502194,1.0,3.0,2.5,2.5
44413795,200102430,FRAGANCIAS,ESIKA,51.22,2023-02-02,10,338.40000000000003,430.195,687,0.1578947368421052,0.9294436906377204,1760.33,66,61,0.4444444444444444,0.7127659574468085,0.6054373522458628,44413795_Bundle_1,0,0.6642012833502194,1.0,3.0,2.5,2.5
44413795,210090991,BIJOUTERIE,ESIKA,21.9,2023-04-10,10,194.3,430.195,620,0.1578947368421052,0.8385345997286295,1760.33,66,61,0.4444444444444444,0.0,0.17777777777777778,44413795_Bundle_1,0,0.6642012833502194,1.0,3.0,2.5,2.5
44413795,210102015,COMPLEMENTOS,CYZONE,54.9,2023-02-23,10,323.2,430.195,666,0.1578947368421052,0.9009497964721844,1760.33,66,61,0.4444444444444444,0.48936170212765956,0.47139479905437354,44413795_Bundle_1,0,0.6642012833502194,1.0,3.0,2.5,2.5
44413795,200107348,MAQUILLAJE,CYZONE,13.9,2023-02-02,10,338.40000000000003,430.195,687,0.1578947368421052,0.9294436906377204,1760.33,66,61,0.4444444444444444,0.7127659574468085,0.6054373522458628,44413795_Bundle_1,0,0.6642012833502194,1.0,3.0,2.5,2.5
44413795,200108728,TRATAMIENTO CORPORAL,LBEL,9.66,2023-01-17,15,353.98,430.195,703,0.2456140350877192,0.9511533242876526,1760.33,66,61,1.0,0.8829787234042553,0.9297872340425531,44413795_Bundle_2,1,0.6275582573454913,,,,
44413795,200103354,MAQUILLAJE,ESIKA,9.0,2023-03-16,15,372.95,430.195,645,0.2456140350877192,0.8724559023066486,1760.33,66,61,1.0,0.26595744680851063,0.5595744680851064,44413795_Bundle_2,0,0.6275582573454913,1.0,3.0,2.5,2.5
44413795,200073558,TRATAMIENTO FACIAL,LBEL,9.9,2023-02-23,10,323.2,430.195,666,0.1578947368421052,0.9009497964721844,1760.33,66,61,0.4444444444444444,0.48936170212765956,0.47139479905437354,44413795_Bundle_2,0,0.6275582573454913,1.0,3.0,2.5,2.5
44413795,210102015,COMPLEMENTOS,CYZONE,54.9,2023-02-23,10,323.2,430.195,666,0.1578947368421052,0.9009497964721844,1760.33,66,61,0.4444444444444444,0.48936170212765956,0.47139479905437354,44413795_Bundle_2,0,0.6275582573454913,1.0,3.0,2.5,2.5
44413795,200108408,FRAGANCIAS,ESIKA,26.56,2023-01-17,15,353.98,430.195,703,0.2456140350877192,0.9511533242876526,1760.33,66,61,1.0,0.8829787234042553,0.9297872340425531,44413795_Bundle_2,0,0.6275582573454913,1.0,3.0,2.5,2.5
44413795,200106443,MAQUILLAJE,ESIKA,29.9,2023-02-23,10,323.2,430.195,666,0.1578947368421052,0.9009497964721844,1760.33,66,61,0.4444444444444444,0.48936170212765956,0.47139479905437354,44413795_Bundle_2,0,0.6275582573454913,1.0,3.0,2.5,2.5
44413795,200099615,MAQUILLAJE,ESIKA,1.0,2023-03-16,15,372.95,430.195,645,0.2456140350877192,0.8724559023066486,1760.33,66,61,1.0,0.26595744680851063,0.5595744680851064,44413795_Bundle_2,0,0.6275582573454913,1.0,3.0,2.5,2.5
44424029,200086399,FRAGANCIAS,LBEL,33.3,2024-04-12,15,369.95,430.195,252,0.2456140350877192,0.3392130257801899,1691.22,59,57,0.9230769230769231,0.7884615384615384,0.8423076923076923,44424029_Bundle_1,1,0.6942307692307692,,,,
44424029,200115941,VARIOS,GENERICA,59.9,2024-03-21,6,155.29,430.195,274,0.087719298245614,0.3690637720488466,1691.22,59,57,0.23076923076923078,1.0,0.6923076923076923,44424029_Bundle_1,0,0.6942307692307692,1.0,3.0,2.5,2.5
44424029,200113886,MAQUILLAJE,ESIKA,16.45,2024-04-12,15,369.95,430.195,252,0.2456140350877192,0.3392130257801899,1691.22,59,57,0.9230769230769231,0.7884615384615384,0.8423076923076923,44424029_Bundle_1,0,0.6942307692307692,1.0,3.0,2.5,2.5
44424029,210103948,COMPLEMENTOS,CYZONE,49.9,2024-04-12,15,369.95,430.195,252,0.2456140350877192,0.3392130257801899,1691.22,59,57,0.9230769230769231,0.7884615384615384,0.8423076923076923,44424029_Bundle_1,0,0.6942307692307692,1.0,3.0,2.5,2.5
44424029,200106606,MAQUILLAJE,CYZONE,16.9,2024-04-12,15,369.95,430.195,252,0.2456140350877192,0.3392130257801899,1691.22,59,57,0.9230769230769231,0.7884615384615384,0.8423076923076923,44424029_Bundle_1,0,0.6942307692307692,1.0,3.0,2.5,2.5
44424029,200101245,TRATAMIENTO FACIAL,LBEL,59.0,2024-07-03,9,370.5,430.195,170,0.1403508771929824,0.2279511533242876,1691.22,59,57,0.46153846153846156,0.0,0.18461538461538463,44424029_Bundle_1,0,0.6942307692307692,1.0,3.0,2.5,2.5
44424029,210095326,BIJOUTERIE,ESIKA,59.9,2024-05-27,16,307.03999999999996,430.195,207,0.2631578947368421,0.2781546811397558,1691.22,59,57,1.0,0.3557692307692308,0.6134615384615385,44424029_Bundle_1,0,0.6942307692307692,1.0,3.0,2.5,2.5
44424029,200086399,FRAGANCIAS,LBEL,33.3,2024-04-12,15,369.95,430.195,252,0.2456140350877192,0.3392130257801899,1691.22,59,57,0.9230769230769231,0.7884615384615384,0.8423076923076923,44424029_Bundle_2,1,0.725,,,,
44424029,210105032,PROMOCION USUARIOS,LBEL,69.0,2024-05-06,10,358.64,430.195,228,0.1578947368421052,0.3066485753052917,1691.22,59,57,0.5384615384615384,0.5576923076923077,0.55,44424029_Bundle_2,0,0.725,1.0,3.0,2.5,2.5
44424029,200113886,MAQUILLAJE,ESIKA,16.45,2024-04-12,15,369.95,430.195,252,0.2456140350877192,0.3392130257801899,1691.22,59,57,0.9230769230769231,0.7884615384615384,0.8423076923076923,44424029_Bundle_2,0,0.725,1.0,3.0,2.5,2.5
44424029,200112355,CUIDADO PERSONAL,ESIKA,30.9,2024-05-27,16,307.03999999999996,430.195,207,0.2631578947368421,0.2781546811397558,1691.22,59,57,1.0,0.3557692307692308,0.6134615384615385,44424029_Bundle_2,0,0.725,1.0,3.0,2.5,2.5
44424029,200103354,MAQUILLAJE,ESIKA,16.9,2024-03-21,6,155.29,430.195,274,0.087719298245614,0.3690637720488466,1691.22,59,57,0.23076923076923078,1.0,0.6923076923076923,44424029_Bundle_2,0,0.725,1.0,3.0,2.5,2.5
44424029,200112316,MAQUILLAJE,CYZONE,12.07,2024-03-21,6,155.29,430.195,274,0.087719298245614,0.3690637720488466,1691.22,59,57,0.23076923076923078,1.0,0.6923076923076923,44424029_Bundle_2,0,0.725,1.0,3.0,2.5,2.5
44424029,210103948,COMPLEMENTOS,CYZONE,49.9,2024-04-12,15,369.95,430.195,252,0.2456140350877192,0.3392130257801899,1691.22,59,57,0.9230769230769231,0.7884615384615384,0.8423076923076923,44424029_Bundle_2,0,0.725,1.0,3.0,2.5,2.5
44474727,200116388,MAQUILLAJE,CYZONE,12.9,2024-10-07,15,267.84,430.195,74,0.2456140350877192,0.0976933514246947,2274.49,78,71,1.0,0.34146341463414637,0.6048780487804879,44474727_Bundle_1,1,0.4065040650406505,,,,
44474727,210104222,RELOJES,CYZONE,59.9,2024-10-28,9,330.2,430.195,53,0.1403508771929824,0.0691994572591587,2274.49,78,71,0.0,0.17073170731707318,0.10243902439024391,44474727_Bundle_1,0,0.4065040650406505,1.0,3.0,2.5,2.5
44474727,200114911,FRAGANCIAS,CYZONE,41.9,2024-08-28,11,280.35,430.195,114,0.175438596491228,0.1519674355495251,2274.49,78,71,0.3333333333333333,0.6666666666666666,0.5333333333333333,44474727_Bundle_1,0,0.4065040650406505,1.0,3.0,2.5,2.5
44474727,210104957,COMPLEMENTOS,CYZONE,59.9,2024-07-18,9,309.2,430.195,155,0.1403508771929824,0.2075983717774762,2274.49,78,71,0.0,1.0,0.6,44474727_Bundle_1,0,0.4065040650406505,1.0,3.0,2.5,2.5
44474727,200109537,CUIDADO PERSONAL,ESIKA,9.9,2024-10-07,15,267.84,430.195,74,0.2456140350877192,0.0976933514246947,2274.49,78,71,1.0,0.34146341463414637,0.6048780487804879,44474727_Bundle_1,0,0.4065040650406505,1.0,3.0,2.5,2.5
44474727,200111319,FRAGANCIAS,LBEL,44.9,2024-11-18,12,327.0,430.195,32,0.1929824561403508,0.0407055630936228,2274.49,78,71,0.5,0.0,0.2,44474727_Bundle_1,0,0.4065040650406505,1.0,3.0,2.5,2.5
44474727,210106993,BIJOUTERIE,CYZONE,19.9,2024-11-18,12,327.0,430.195,32,0.1929824561403508,0.0407055630936228,2274.49,78,71,0.5,0.0,0.2,44474727_Bundle_1,0,0.4065040650406505,1.0,3.0,2.5,2.5
44474727,200116388,MAQUILLAJE,CYZONE,12.9,2024-10-07,15,267.84,430.195,74,0.2456140350877192,0.0976933514246947,2274.49,78,71,1.0,0.34146341463414637,0.6048780487804879,44474727_Bundle_2,1,0.580952380952381,,,,
44474727,200108807,CUIDADO PERSONAL,ESIKA,8.65,2024-10-07,15,267.84,430.195,74,0.2456140350877192,0.0976933514246947,2274.49,78,71,1.0,0.34146341463414637,0.6048780487804879,44474727_Bundle_2,0,0.580952380952381,1.0,3.0,2.5,2.5
44474727,200103448,CUIDADO PERSONAL,ESIKA,8.65,2024-10-07,15,267.84,430.195,74,0.2456140350877192,0.0976933514246947,2274.49,78,71,1.0,0.34146341463414637,0.6048780487804879,44474727_Bundle_2,0,0.580952380952381,1.0,3.0,2.5,2.5
44474727,210104905,COMPLEMENTOS,CYZONE,29.9,2024-07-18,9,309.2,430.195,155,0.1403508771929824,0.2075983717774762,2274.49,78,71,0.0,1.0,0.6,44474727_Bundle_2,0,0.580952380952381,1.0,3.0,2.5,2.5
44474727,200114567,TRATAMIENTO FACIAL,LBEL,79.0,2024-08-09,10,327.1,430.195,133,0.1578947368421052,0.1777476255088195,2274.49,78,71,0.16666666666666666,0.8211382113821138,0.5593495934959349,44474727_Bundle_2,0,0.580952380952381,1.0,3.0,2.5,2.5
44474727,200115976,FRAGANCIAS,ESIKA,26.2,2024-08-09,10,327.1,430.195,133,0.1578947368421052,0.1777476255088195,2274.49,78,71,0.16666666666666666,0.8211382113821138,0.5593495934959349,44474727_Bundle_2,0,0.580952380952381,1.0,3.0,2.5,2.5
44474727,200105017,FRAGANCIAS,CYZONE,14.95,2024-08-28,11,280.35,430.195,114,0.175438596491228,0.1519674355495251,2274.49,78,71,0.3333333333333333,0.6666666666666666,0.5333333333333333,44474727_Bundle_2,0,0.580952380952381,1.0,3.0,2.5,2.5
44479885,200082678,FRAGANCIAS,ESIKA,13.0,2023-01-24,17,431.93,430.195,696,0.2807017543859649,0.9416553595658074,1311.76,47,41,1.0,0.7471264367816092,0.8482758620689654,44479885_Bundle_1,1,0.7483462350457424,,,,
44479885,210102043,COMPLEMENTOS,CYZONE,46.9,2023-02-16,11,365.2,430.195,673,0.175438596491228,0.9104477611940298,1311.76,47,41,0.5714285714285714,0.4827586206896552,0.5182266009852217,44479885_Bundle_1,0,0.7483462350457424,1.0,3.0,2.5,2.5
44479885,210099758,BIJOUTERIE,ESIKA,44.9,2023-02-16,11,365.2,430.195,673,0.175438596491228,0.9104477611940298,1311.76,47,41,0.5714285714285714,0.4827586206896552,0.5182266009852217,44479885_Bundle_1,0,0.7483462350457424,1.0,3.0,2.5,2.5
44479885,210097538,TRATAMIENTO CORPORAL,CYZONE,19.48,2023-01-24,17,431.93,430.195,696,0.2807017543859649,0.9416553595658074,1311.76,47,41,1.0,0.7471264367816092,0.8482758620689654,44479885_Bundle_1,0,0.7483462350457424,1.0,3.0,2.5,2.5
44479885,200102092,MAQUILLAJE,CYZONE,19.95,2023-01-02,11,251.65,430.195,718,0.175438596491228,0.971506105834464,1311.76,47,41,0.5714285714285714,1.0,0.8285714285714285,44479885_Bundle_1,0,0.7483462350457424,1.0,3.0,2.5,2.5
44479885,200100836,MUESTRAS COSMETICOS,ESIKA,1.5,2023-01-02,11,251.65,430.195,718,0.175438596491228,0.971506105834464,1311.76,47,41,0.5714285714285714,1.0,0.8285714285714285,44479885_Bundle_1,0,0.7483462350457424,1.0,3.0,2.5,2.5
44479885,200091235,MUESTRAS COSMETICOS,LBEL,1.0,2023-01-24,17,431.93,430.195,696,0.2807017543859649,0.9416553595658074,1311.76,47,41,1.0,0.7471264367816092,0.8482758620689654,44479885_Bundle_1,0,0.7483462350457424,1.0,3.0,2.5,2.5
44479885,200082678,FRAGANCIAS,ESIKA,13.0,2023-01-24,17,431.93,430.195,696,0.2807017543859649,0.9416553595658074,1311.76,47,41,1.0,0.7471264367816092,0.8482758620689654,44479885_Bundle_2,1,0.6568613652357496,,,,
44479885,210098492,MAQUILLAJE,ESIKA,25.9,2023-02-16,11,365.2,430.195,673,0.175438596491228,0.9104477611940298,1311.76,47,41,0.5714285714285714,0.4827586206896552,0.5182266009852217,44479885_Bundle_2,0,0.6568613652357496,1.0,3.0,2.5,2.5
44479885,200107184,MAQUILLAJE,CYZONE,19.95,2023-01-02,11,251.65,430.195,718,0.175438596491228,0.971506105834464,1311.76,47,41,0.5714285714285714,1.0,0.8285714285714285,44479885_Bundle_2,0,0.6568613652357496,1.0,3.0,2.5,2.5
44479885,210103623,BIJOUTERIE,ESIKA,39.9,2023-02-16,11,365.2,430.195,673,0.175438596491228,0.9104477611940298,1311.76,47,41,0.5714285714285714,0.4827586206896552,0.5182266009852217,44479885_Bundle_2,0,0.6568613652357496,1.0,3.0,2.5,2.5
44479885,200099198,FRAGANCIAS,LBEL,41.9,2023-01-24,17,431.93,430.195,696,0.2807017543859649,0.9416553595658074,1311.76,47,41,1.0,0.7471264367816092,0.8482758620689654,44479885_Bundle_2,0,0.6568613652357496,0.0,3.0,2.25,2.25
44479885,200089507,FRAGANCIAS,ESIKA,33.0,2023-02-16,11,365.2,430.195,673,0.175438596491228,0.9104477611940298,1311.76,47,41,0.5714285714285714,0.4827586206896552,0.5182266009852217,44479885_Bundle_2,0,0.6568613652357496,0.0,3.0,2.25,2.25
44479885,200102045,FRAGANCIAS,ESIKA,45.9,2023-02-16,11,365.2,430.195,673,0.175438596491228,0.9104477611940298,1311.76,47,41,0.5714285714285714,0.4827586206896552,0.5182266009852217,44479885_Bundle_2,0,0.6568613652357496,0.0,3.0,2.25,2.25
44661489,200106430,MAQUILLAJE,ESIKA,18.9,2023-01-18,21,434.4,430.195,702,0.3508771929824561,0.949796472184532,1613.04,61,56,1.0,0.9495412844036697,0.9697247706422019,44661489_Bundle_1,1,0.8376539973787679,,,,
44661489,200078930,CUIDADO PERSONAL,ESIKA,15.9,2023-01-18,21,434.4,430.195,702,0.3508771929824561,0.949796472184532,1613.04,61,56,1.0,0.9495412844036697,0.9697247706422019,44661489_Bundle_1,0,0.8376539973787679,1.0,3.0,2.5,2.5
44661489,200099310,FRAGANCIAS,ESIKA,20.02,2023-01-18,21,434.4,430.195,702,0.3508771929824561,0.949796472184532,1613.04,61,56,1.0,0.9495412844036697,0.9697247706422019,44661489_Bundle_1,0,0.8376539973787679,1.0,3.0,2.5,2.5
44661489,210099655,COMPLEMENTOS,CYZONE,62.9,2023-02-08,12,439.7,430.195,681,0.1929824561403508,0.921302578018996,1613.04,61,56,0.55,0.9013761467889908,0.7608256880733946,44661489_Bundle_1,0,0.8376539973787679,1.0,3.0,2.5,2.5
44661489,200082974,FRAGANCIAS,LBEL,132.0,2023-02-08,12,439.7,430.195,681,0.1929824561403508,0.921302578018996,1613.04,61,56,0.55,0.9013761467889908,0.7608256880733946,44661489_Bundle_1,0,0.8376539973787679,1.0,3.0,2.5,2.5
44661489,210101981,COMPLEMENTOS,CYZONE,46.9,2023-02-08,12,439.7,430.195,681,0.1929824561403508,0.921302578018996,1613.04,61,56,0.55,0.9013761467889908,0.7608256880733946,44661489_Bundle_1,0,0.8376539973787679,1.0,3.0,2.5,2.5
44661489,210101882,HOGAR,CYZONE,107.9,2023-03-01,9,337.3,430.195,660,0.1403508771929824,0.89280868385346,1613.04,61,56,0.4,0.8532110091743119,0.6719266055045872,44661489_Bundle_1,0,0.8376539973787679,1.0,3.0,2.5,2.5
44661489,200106430,MAQUILLAJE,ESIKA,18.9,2023-01-18,21,434.4,430.195,702,0.3508771929824561,0.949796472184532,1613.04,61,56,1.0,0.9495412844036697,0.9697247706422019,44661489_Bundle_2,1,0.8761467889908258,,,,
44661489,200094941,FRAGANCIAS,CYZONE,14.98,2022-12-27,18,361.74,430.195,724,0.2982456140350877,0.9796472184531886,1613.04,61,56,0.85,1.0,0.94,44661489_Bundle_2,0,0.8761467889908258,1.0,3.0,2.5,2.5
44661489,200098673,FRAGANCIAS,ESIKA,49.9,2023-03-01,9,337.3,430.195,660,0.1403508771929824,0.89280868385346,1613.04,61,56,0.4,0.8532110091743119,0.6719266055045872,44661489_Bundle_2,0,0.8761467889908258,1.0,3.0,2.5,2.5
44661489,200109649,TRATAMIENTO CORPORAL,CYZONE,8.08,2023-03-01,9,337.3,430.195,660,0.1403508771929824,0.89280868385346,1613.04,61,56,0.4,0.8532110091743119,0.6719266055045872,44661489_Bundle_2,0,0.8761467889908258,1.0,3.0,2.5,2.5
44661489,200095659,FRAGANCIAS,LBEL,75.0,2022-12-27,18,361.74,430.195,724,0.2982456140350877,0.9796472184531886,1613.04,61,56,0.85,1.0,0.94,44661489_Bundle_2,0,0.8761467889908258,1.0,3.0,2.5,2.5
44661489,210091733,BIJOUTERIE,ESIKA,34.9,2023-01-18,21,434.4,430.195,702,0.3508771929824561,0.949796472184532,1613.04,61,56,1.0,0.9495412844036697,0.9697247706422019,44661489_Bundle_2,0,0.8761467889908258,1.0,3.0,2.5,2.5
44661489,210097030,CUIDADO PERSONAL,LBEL,12.9,2023-01-18,21,434.4,430.195,702,0.3508771929824561,0.949796472184532,1613.04,61,56,1.0,0.9495412844036697,0.9697247706422019,44661489_Bundle_2,0,0.8761467889908258,1.0,3.0,2.5,2.5
45325695,200108807,CUIDADO PERSONAL,ESIKA,5.1,2023-07-26,22,436.5,430.195,513,0.3684210526315789,0.6933514246947082,10254.43,429,274,0.84,0.8184991273996509,0.8270994764397905,45325695_Bundle_1,1,0.6298818249813014,,,,
45325695,210103498,BIJOUTERIE,ESIKA,49.9,2023-05-25,12,266.3,430.195,575,0.1929824561403508,0.7774762550881954,10254.43,429,274,0.44,0.9267015706806283,0.732020942408377,45325695_Bundle_1,0,0.6298818249813014,1.0,3.0,2.5,2.5
45325695,200112309,MAQUILLAJE,CYZONE,15.95,2023-12-28,16,356.5,430.195,358,0.2631578947368421,0.4830393487109905,10254.43,429,274,0.6,0.5479930191972077,0.5687958115183246,45325695_Bundle_1,0,0.6298818249813014,1.0,3.0,2.5,2.5
45325695,200102430,FRAGANCIAS,ESIKA,24.95,2023-11-23,20,430.22,430.195,393,0.3333333333333333,0.5305291723202171,10254.43,429,274,0.76,0.6090750436300174,0.6694450261780105,45325695_Bundle_1,0,0.6298818249813014,1.0,3.0,2.5,2.5
45325695,200106556,MAQUILLAJE,CYZONE,11.31,2023-11-23,20,430.22,430.195,393,0.3333333333333333,0.5305291723202171,10254.43,429,274,0.76,0.6090750436300174,0.6694450261780105,45325695_Bundle_1,0,0.6298818249813014,1.0,3.0,2.5,2.5
45325695,200106609,MAQUILLAJE,CYZONE,18.9,2023-11-23,20,430.22,430.195,393,0.3333333333333333,0.5305291723202171,10254.43,429,274,0.76,0.6090750436300174,0.6694450261780105,45325695_Bundle_1,0,0.6298818249813014,1.0,3.0,2.5,2.5
45325695,200115016,MAQUILLAJE,ESIKA,23.9,2024-09-05,14,253.2,430.195,106,0.2280701754385964,0.141112618724559,10254.43,429,274,0.52,0.1082024432809773,0.2729214659685864,45325695_Bundle_1,0,0.6298818249813014,1.0,3.0,2.5,2.5
45325695,200108807,CUIDADO PERSONAL,ESIKA,5.1,2023-07-26,22,436.5,430.195,513,0.3684210526315789,0.6933514246947082,10254.43,429,274,0.84,0.8184991273996509,0.8270994764397905,45325695_Bundle_2,1,0.6617741211667914,,,,
45325695,200102069,MAQUILLAJE,ESIKA,23.9,2024-07-23,10,324.23,430.195,150,0.1578947368421052,0.2008141112618724,10254.43,429,274,0.36,0.1849912739965096,0.25499476439790575,45325695_Bundle_2,0,0.6617741211667914,1.0,3.0,2.5,2.5
45325695,210099852,MAQUILLAJE,CYZONE,59.9,2023-05-04,15,412.01,430.195,596,0.2456140350877192,0.8059701492537313,10254.43,429,274,0.56,0.9633507853403142,0.8020104712041884,45325695_Bundle_2,0,0.6617741211667914,1.0,3.0,2.5,2.5
45325695,200106606,MAQUILLAJE,CYZONE,18.9,2023-06-15,18,362.65,430.195,554,0.2982456140350877,0.7489823609226595,10254.43,429,274,0.68,0.8900523560209425,0.8060314136125655,45325695_Bundle_2,0,0.6617741211667914,1.0,3.0,2.5,2.5
45325695,210099696,PROMOCION USUARIOS,CYZONE,0.74,2023-11-23,20,430.22,430.195,393,0.3333333333333333,0.5305291723202171,10254.43,429,274,0.76,0.6090750436300174,0.6694450261780105,45325695_Bundle_2,0,0.6617741211667914,1.0,3.0,2.5,2.5
45325695,200090452,FRAGANCIAS,ESIKA,39.9,2023-06-15,18,362.65,430.195,554,0.2982456140350877,0.7489823609226595,10254.43,429,274,0.68,0.8900523560209425,0.8060314136125655,45325695_Bundle_2,0,0.6617741211667914,1.0,3.0,2.5,2.5
45325695,200105041,FRAGANCIAS,ESIKA,26.63,2024-01-18,11,218.74,430.195,337,0.175438596491228,0.4545454545454545,10254.43,429,274,0.4,0.5113438045375218,0.4668062827225131,45325695_Bundle_2,0,0.6617741211667914,1.0,3.0,2.5,2.5
45494314,200090349,CUIDADO PERSONAL,ESIKA,23.9,2023-02-06,15,350.5,430.195,683,0.2456140350877192,0.9240162822252376,6437.58,204,165,0.9333333333333333,0.90625,0.9170833333333333,45494314_Bundle_1,1,0.6748681972789116,,,,
45494314,200105017,FRAGANCIAS,CYZONE,16.4,2024-01-11,12,367.2,430.195,344,0.1929824561403508,0.4640434192672998,6437.58,204,165,0.7333333333333333,0.14955357142857142,0.3830654761904762,45494314_Bundle_1,0,0.6748681972789116,1.0,3.0,2.5,2.5
45494314,200106556,MAQUILLAJE,CYZONE,17.9,2023-03-20,13,422.8,430.195,641,0.2105263157894736,0.8670284938941656,6437.58,204,165,0.8,0.8125,0.8075000000000001,45494314_Bundle_1,0,0.6748681972789116,1.0,3.0,2.5,2.5
45494314,210103537,BIJOUTERIE,ESIKA,64.9,2023-06-09,4,201.6,430.195,560,0.0526315789473684,0.757123473541384,6437.58,204,165,0.2,0.6316964285714286,0.45901785714285714,45494314_Bundle_1,0,0.6748681972789116,1.0,3.0,2.5,2.5
45494314,210102036,COMPLEMENTOS,CYZONE,46.9,2022-12-26,9,341.4,430.195,725,0.1403508771929824,0.9810040705563092,6437.58,204,165,0.5333333333333333,1.0,0.8133333333333334,45494314_Bundle_1,0,0.6748681972789116,1.0,3.0,2.5,2.5
45494314,200109875,FRAGANCIAS,LBEL,70.0,2023-05-02,5,299.67,430.195,598,0.0701754385964912,0.8086838534599728,6437.58,204,165,0.26666666666666666,0.7165178571428571,0.536577380952381,45494314_Bundle_1,0,0.6748681972789116,1.0,3.0,2.5,2.5
45494314,200107349,MAQUILLAJE,CYZONE,13.9,2023-03-20,13,422.8,430.195,641,0.2105263157894736,0.8670284938941656,6437.58,204,165,0.8,0.8125,0.8075000000000001,45494314_Bundle_1,0,0.6748681972789116,1.0,3.0,2.5,2.5
45494314,200090349,CUIDADO PERSONAL,ESIKA,23.9,2023-02-06,15,350.5,430.195,683,0.2456140350877192,0.9240162822252376,6437.58,204,165,0.9333333333333333,0.90625,0.9170833333333333,45494314_Bundle_2,1,0.6176785714285715,,,,
45494314,200099704,FRAGANCIAS,ESIKA,19.8,2023-05-22,10,330.89,430.195,578,0.1578947368421052,0.7815468113975577,6437.58,204,165,0.6,0.671875,0.643125,45494314_Bundle_2,0,0.6176785714285715,1.0,3.0,2.5,2.5
45494314,200112474,TRATAMIENTO CORPORAL,LBEL,45.0,2022-12-26,9,341.4,430.195,725,0.1403508771929824,0.9810040705563092,6437.58,204,165,0.5333333333333333,1.0,0.8133333333333334,45494314_Bundle_2,0,0.6176785714285715,1.0,3.0,2.5,2.5
45494314,200107362,MAQUILLAJE,CYZONE,13.9,2024-02-26,11,383.1,430.195,298,0.175438596491228,0.4016282225237449,6437.58,204,165,0.6666666666666666,0.046875,0.2947916666666667,45494314_Bundle_2,0,0.6176785714285715,1.0,3.0,2.5,2.5
45494314,210102588,COMPLEMENTOS,CYZONE,61.9,2023-06-09,4,201.6,430.195,560,0.0526315789473684,0.757123473541384,6437.58,204,165,0.2,0.6316964285714286,0.45901785714285714,45494314_Bundle_2,0,0.6176785714285715,1.0,3.0,2.5,2.5
45494314,210102036,COMPLEMENTOS,CYZONE,46.9,2022-12-26,9,341.4,430.195,725,0.1403508771929824,0.9810040705563092,6437.58,204,165,0.5333333333333333,1.0,0.8133333333333334,45494314_Bundle_2,0,0.6176785714285715,1.0,3.0,2.5,2.5
45494314,210104222,RELOJES,CYZONE,69.9,2024-01-11,12,367.2,430.195,344,0.1929824561403508,0.4640434192672998,6437.58,204,165,0.7333333333333333,0.14955357142857142,0.3830654761904762,45494314_Bundle_2,0,0.6176785714285715,1.0,3.0,2.5,2.5
45579557,200113835,MAQUILLAJE,LBEL,13.9,2024-05-22,17,475.4,430.195,212,0.2807017543859649,0.2849389416553595,2947.09,91,80,1.0,0.8829787234042553,0.9297872340425531,45579557_Bundle_1,1,0.7009335649153279,,,,
45579557,200113548,FRAGANCIAS,ESIKA,59.9,2024-07-19,9,358.7,430.195,154,0.1403508771929824,0.2062415196743555,2947.09,91,80,0.42857142857142855,0.574468085106383,0.5161094224924012,45579557_Bundle_1,0,0.7009335649153279,1.0,3.0,2.5,2.5
45579557,200115942,VARIOS,GENERICA,59.9,2024-04-30,6,314.48,430.195,234,0.087719298245614,0.3147896879240163,2947.09,91,80,0.21428571428571427,1.0,0.6857142857142857,45579557_Bundle_1,0,0.7009335649153279,1.0,3.0,2.5,2.5
45579557,200108160,FRAGANCIAS,LBEL,39.9,2024-06-11,16,356.52,430.195,192,0.2631578947368421,0.2578018995929443,2947.09,91,80,0.9285714285714286,0.776595744680851,0.837386018237082,45579557_Bundle_1,0,0.7009335649153279,1.0,3.0,2.5,2.5
45579557,200090452,FRAGANCIAS,ESIKA,39.9,2024-08-13,5,164.6,430.195,129,0.0701754385964912,0.1723202170963365,2947.09,91,80,0.14285714285714285,0.44148936170212766,0.3220364741641337,45579557_Bundle_1,0,0.7009335649153279,1.0,3.0,2.5,2.5
45579557,200090452,FRAGANCIAS,ESIKA,29.9,2024-05-22,17,475.4,430.195,212,0.2807017543859649,0.2849389416553595,2947.09,91,80,1.0,0.8829787234042553,0.9297872340425531,45579557_Bundle_1,0,0.7009335649153279,1.0,3.0,2.5,2.5
45579557,200105008,FRAGANCIAS,CYZONE,34.9,2024-04-30,6,314.48,430.195,234,0.087719298245614,0.3147896879240163,2947.09,91,80,0.21428571428571427,1.0,0.6857142857142857,45579557_Bundle_1,0,0.7009335649153279,1.0,3.0,2.5,2.5
45579557,200113835,MAQUILLAJE,LBEL,13.9,2024-05-22,17,475.4,430.195,212,0.2807017543859649,0.2849389416553595,2947.09,91,80,1.0,0.8829787234042553,0.9297872340425531,45579557_Bundle_2,1,0.6298306556665219,,,,
45579557,200112357,CUIDADO PERSONAL,ESIKA,29.06,2024-05-22,17,475.4,430.195,212,0.2807017543859649,0.2849389416553595,2947.09,91,80,1.0,0.8829787234042553,0.9297872340425531,45579557_Bundle_2,0,0.6298306556665219,1.0,3.0,2.5,2.5
45579557,210102560,COMPLEMENTOS,CYZONE,44.9,2024-07-02,9,420.58,430.195,171,0.1403508771929824,0.2293080054274084,2947.09,91,80,0.42857142857142855,0.6648936170212766,0.5703647416413373,45579557_Bundle_2,0,0.6298306556665219,1.0,3.0,2.5,2.5
45579557,200108176,TRATAMIENTO FACIAL,LBEL,69.0,2024-07-19,9,358.7,430.195,154,0.1403508771929824,0.2062415196743555,2947.09,91,80,0.42857142857142855,0.574468085106383,0.5161094224924012,45579557_Bundle_2,0,0.6298306556665219,1.0,3.0,2.5,2.5
45579557,210101264,COMPLEMENTOS,CYZONE,36.9,2024-07-02,9,420.58,430.195,171,0.1403508771929824,0.2293080054274084,2947.09,91,80,0.42857142857142855,0.6648936170212766,0.5703647416413373,45579557_Bundle_2,0,0.6298306556665219,1.0,3.0,2.5,2.5
45579557,210102559,COMPLEMENTOS,CYZONE,46.9,2024-07-02,9,420.58,430.195,171,0.1403508771929824,0.2293080054274084,2947.09,91,80,0.42857142857142855,0.6648936170212766,0.5703647416413373,45579557_Bundle_2,0,0.6298306556665219,1.0,3.0,2.5,2.5
45579557,200115770,TRATAMIENTO CORPORAL,LBEL,18.0,2024-08-13,5,164.6,430.195,129,0.0701754385964912,0.1723202170963365,2947.09,91,80,0.14285714285714285,0.44148936170212766,0.3220364741641337,45579557_Bundle_2,0,0.6298306556665219,1.0,3.0,2.5,2.5
45680231,200103026,CUIDADO PERSONAL,ESIKA,18.9,2023-02-08,17,399.6,430.195,681,0.2807017543859649,0.921302578018996,2895.14,100,79,1.0,0.8493150684931506,0.9095890410958903,45680231_Bundle_1,1,0.5694324853228963,,,,
45680231,200086399,FRAGANCIAS,LBEL,13.3,2023-04-10,12,395.1,430.195,620,0.1929824561403508,0.8385345997286295,2895.14,100,79,0.5,0.4315068493150685,0.4589041095890411,45680231_Bundle_1,0,0.5694324853228963,1.0,3.0,2.5,2.5
45680231,200102282,MAQUILLAJE,ESIKA,21.96,2023-02-08,17,399.6,430.195,681,0.2807017543859649,0.921302578018996,2895.14,100,79,1.0,0.8493150684931506,0.9095890410958903,45680231_Bundle_1,0,0.5694324853228963,1.0,3.0,2.5,2.5
45680231,200103354,MAQUILLAJE,ESIKA,24.9,2023-05-04,14,401.1,430.195,596,0.2280701754385964,0.8059701492537313,2895.14,100,79,0.7,0.2671232876712329,0.4402739726027397,45680231_Bundle_1,0,0.5694324853228963,1.0,3.0,2.5,2.5
45680231,210102098,PROMOCION USUARIOS,ESIKA,45.0,2023-02-28,11,381.3,430.195,661,0.175438596491228,0.8941655359565808,2895.14,100,79,0.4,0.7123287671232876,0.5873972602739725,45680231_Bundle_1,0,0.5694324853228963,1.0,3.0,2.5,2.5
45680231,200110703,TRATAMIENTO CORPORAL,CYZONE,10.0,2023-06-12,13,383.94,430.195,557,0.2105263157894736,0.7530529172320217,2895.14,100,79,0.6,0.0,0.24,45680231_Bundle_1,0,0.5694324853228963,1.0,3.0,2.5,2.5
45680231,200101424,FRAGANCIAS,ESIKA,79.9,2023-05-04,14,401.1,430.195,596,0.2280701754385964,0.8059701492537313,2895.14,100,79,0.7,0.2671232876712329,0.4402739726027397,45680231_Bundle_1,0,0.5694324853228963,1.0,3.0,2.5,2.5
45680231,200103026,CUIDADO PERSONAL,ESIKA,18.9,2023-02-08,17,399.6,430.195,681,0.2807017543859649,0.921302578018996,2895.14,100,79,1.0,0.8493150684931506,0.9095890410958903,45680231_Bundle_2,1,0.7305675146771036,,,,
45680231,200107374,MAQUILLAJE,CYZONE,13.9,2023-02-08,17,399.6,430.195,681,0.2807017543859649,0.921302578018996,2895.14,100,79,1.0,0.8493150684931506,0.9095890410958903,45680231_Bundle_2,0,0.7305675146771036,1.0,3.0,2.5,2.5
45680231,210092742,MAQUILLAJE,ESIKA,30.9,2023-01-17,14,405.7,430.195,703,0.2280701754385964,0.9511533242876526,2895.14,100,79,0.7,1.0,0.8799999999999999,45680231_Bundle_2,0,0.7305675146771036,1.0,3.0,2.5,2.5
45680231,200108408,FRAGANCIAS,ESIKA,13.3,2023-04-10,12,395.1,430.195,620,0.1929824561403508,0.8385345997286295,2895.14,100,79,0.5,0.4315068493150685,0.4589041095890411,45680231_Bundle_2,0,0.7305675146771036,1.0,3.0,2.5,2.5
45680231,200107369,MAQUILLAJE,CYZONE,13.9,2023-04-10,12,395.1,430.195,620,0.1929824561403508,0.8385345997286295,2895.14,100,79,0.5,0.4315068493150685,0.4589041095890411,45680231_Bundle_2,0,0.7305675146771036,1.0,3.0,2.5,2.5
45680231,200106656,MAQUILLAJE,ESIKA,16.9,2023-02-08,17,399.6,430.195,681,0.2807017543859649,0.921302578018996,2895.14,100,79,1.0,0.8493150684931506,0.9095890410958903,45680231_Bundle_2,0,0.7305675146771036,1.0,3.0,2.5,2.5
45680231,200110157,FRAGANCIAS,ESIKA,54.9,2023-02-28,11,381.3,430.195,661,0.175438596491228,0.8941655359565808,2895.14,100,79,0.4,0.7123287671232876,0.5873972602739725,45680231_Bundle_2,0,0.7305675146771036,1.0,3.0,2.5,2.5
45697525,200103923,MAQUILLAJE,CYZONE,10.99,2023-04-12,33,549.62,430.195,618,0.5614035087719298,0.835820895522388,2614.95,119,87,1.0,0.3674698795180723,0.6204819277108434,45697525_Bundle_1,1,0.4357892399089445,,,,
45697525,200095159,CUIDADO PERSONAL,ESIKA,7.6,2023-03-07,21,377.4,430.195,654,0.3508771929824561,0.8846675712347354,2614.95,119,87,0.6129032258064516,0.5843373493975904,0.5957636999611349,45697525_Bundle_1,0,0.4357892399089445,1.0,3.0,2.5,2.5
45697525,200103025,CUIDADO PERSONAL,ESIKA,29.9,2023-04-12,33,549.62,430.195,618,0.5614035087719298,0.835820895522388,2614.95,119,87,1.0,0.3674698795180723,0.6204819277108434,45697525_Bundle_1,0,0.4357892399089445,1.0,3.0,2.5,2.5
45697525,200106312,FRAGANCIAS,ESIKA,19.6,2023-06-01,14,181.9,430.195,568,0.2280701754385964,0.76797829036635,2614.95,119,87,0.3870967741935484,0.06626506024096386,0.19459774582199768,45697525_Bundle_1,0,0.4357892399089445,1.0,3.0,2.5,2.5
45697525,210102592,COMPLEMENTOS,CYZONE,31.45,2023-05-10,9,235.75,430.195,590,0.1403508771929824,0.7978290366350068,2614.95,119,87,0.22580645161290322,0.19879518072289157,0.20959968907889623,45697525_Bundle_1,0,0.4357892399089445,1.0,3.0,2.5,2.5
45697525,200101080,TRATAMIENTO FACIAL,ESIKA,9.9,2023-05-10,9,235.75,430.195,590,0.1403508771929824,0.7978290366350068,2614.95,119,87,0.22580645161290322,0.19879518072289157,0.20959968907889623,45697525_Bundle_1,0,0.4357892399089445,1.0,3.0,2.5,2.5
45697525,210100811,BIJOUTERIE,CYZONE,74.9,2022-12-28,2,164.8,430.195,723,0.0175438596491228,0.9782903663500678,2614.95,119,87,0.0,1.0,0.6,45697525_Bundle_1,0,0.4357892399089445,1.0,3.0,2.5,2.5
45697525,200103923,MAQUILLAJE,CYZONE,10.99,2023-04-12,33,549.62,430.195,618,0.5614035087719298,0.835820895522388,2614.95,119,87,1.0,0.3674698795180723,0.6204819277108434,45697525_Bundle_2,1,0.4608850147132308,,,,
45697525,200108408,FRAGANCIAS,ESIKA,12.5,2023-03-29,12,404.2,430.195,632,0.1929824561403508,0.8548168249660787,2614.95,119,87,0.3225806451612903,0.45180722891566266,0.4001165954139137,45697525_Bundle_2,0,0.4608850147132308,1.0,3.0,2.5,2.5
45697525,210098206,BIJOUTERIE,ESIKA,34.9,2023-03-29,12,404.2,430.195,632,0.1929824561403508,0.8548168249660787,2614.95,119,87,0.3225806451612903,0.45180722891566266,0.4001165954139137,45697525_Bundle_2,0,0.4608850147132308,1.0,3.0,2.5,2.5
45697525,210101336,BIJOUTERIE,ESIKA,89.9,2022-12-28,2,164.8,430.195,723,0.0175438596491228,0.9782903663500678,2614.95,119,87,0.0,1.0,0.6,45697525_Bundle_2,0,0.4608850147132308,1.0,3.0,2.5,2.5
45697525,210099206,RELOJES,ESIKA,129.9,2023-03-07,21,377.4,430.195,654,0.3508771929824561,0.8846675712347354,2614.95,119,87,0.6129032258064516,0.5843373493975904,0.5957636999611349,45697525_Bundle_2,0,0.4608850147132308,1.0,3.0,2.5,2.5
45697525,200102430,FRAGANCIAS,ESIKA,12.5,2023-03-29,12,404.2,430.195,632,0.1929824561403508,0.8548168249660787,2614.95,119,87,0.3225806451612903,0.45180722891566266,0.4001165954139137,45697525_Bundle_2,0,0.4608850147132308,1.0,3.0,2.5,2.5
45697525,210102542,BIJOUTERIE,CYZONE,66.9,2023-05-10,9,235.75,430.195,590,0.1403508771929824,0.7978290366350068,2614.95,119,87,0.22580645161290322,0.19879518072289157,0.20959968907889623,45697525_Bundle_2,0,0.4608850147132308,1.0,3.0,2.5,2.5
45869830,200105222,TRATAMIENTO FACIAL,ESIKA,25.9,2023-02-28,12,253.8,430.195,661,0.1929824561403508,0.8941655359565808,7292.2,285,203,0.5,0.9319620253164557,0.7591772151898735,45869830_Bundle_1,1,0.49376541180338646,,,,
45869830,200098673,FRAGANCIAS,ESIKA,40.9,2024-10-09,9,309.29999999999995,430.195,72,0.1403508771929824,0.0949796472184531,7292.2,285,203,0.36363636363636365,0.0,0.14545454545454548,45869830_Bundle_1,0,0.49376541180338646,1.0,3.0,2.5,2.5
45869830,200060760,FRAGANCIAS,CYZONE,26.64,2023-01-16,9,172.57,430.195,704,0.1403508771929824,0.9525101763907734,7292.2,285,203,0.36363636363636365,1.0,0.7454545454545455,45869830_Bundle_1,0,0.49376541180338646,1.0,3.0,2.5,2.5
45869830,200089507,FRAGANCIAS,ESIKA,29.16,2024-02-07,7,183.5,430.195,317,0.1052631578947368,0.4274084124830393,7292.2,285,203,0.2727272727272727,0.3876582278481013,0.34168584579976985,45869830_Bundle_1,0,0.49376541180338646,1.0,3.0,2.5,2.5
45869830,200085822,FRAGANCIAS,ESIKA,40.0,2024-04-12,11,305.2,430.195,252,0.175438596491228,0.3392130257801899,7292.2,285,203,0.45454545454545453,0.2848101265822785,0.3527042577675489,45869830_Bundle_1,0,0.49376541180338646,1.0,3.0,2.5,2.5
45869830,200084777,CUIDADO PERSONAL,CYZONE,12.9,2024-04-12,11,305.2,430.195,252,0.175438596491228,0.3392130257801899,7292.2,285,203,0.45454545454545453,0.2848101265822785,0.3527042577675489,45869830_Bundle_1,0,0.49376541180338646,1.0,3.0,2.5,2.5
45869830,200105655,CUIDADO PERSONAL,ESIKA,21.9,2023-02-28,12,253.8,430.195,661,0.1929824561403508,0.8941655359565808,7292.2,285,203,0.5,0.9319620253164557,0.7591772151898735,45869830_Bundle_1,0,0.49376541180338646,1.0,3.0,2.5,2.5
45869830,200105222,TRATAMIENTO FACIAL,ESIKA,25.9,2023-02-28,12,253.8,430.195,661,0.1929824561403508,0.8941655359565808,7292.2,285,203,0.5,0.9319620253164557,0.7591772151898735,45869830_Bundle_2,1,0.42712066414598066,,,,
45869830,200102110,MAQUILLAJE,CYZONE,14.9,2023-07-04,8,190.8,430.195,535,0.1228070175438596,0.723202170963365,7292.2,285,203,0.3181818181818182,0.7325949367088608,0.5668296892980438,45869830_Bundle_2,0,0.42712066414598066,1.0,3.0,2.5,2.5
45869830,200107372,MAQUILLAJE,CYZONE,13.9,2024-04-12,11,305.2,430.195,252,0.175438596491228,0.3392130257801899,7292.2,285,203,0.45454545454545453,0.2848101265822785,0.3527042577675489,45869830_Bundle_2,0,0.42712066414598066,1.0,3.0,2.5,2.5
45869830,200116901,MAQUILLAJE,CYZONE,14.95,2024-10-09,9,309.29999999999995,430.195,72,0.1403508771929824,0.0949796472184531,7292.2,285,203,0.36363636363636365,0.0,0.14545454545454548,45869830_Bundle_2,0,0.42712066414598066,1.0,3.0,2.5,2.5
45869830,210100816,MAQUILLAJE,ESIKA,31.9,2024-05-20,6,156.65,430.195,214,0.087719298245614,0.2876526458616011,7292.2,285,203,0.22727272727272727,0.22468354430379747,0.2257192174913694,45869830_Bundle_2,0,0.42712066414598066,1.0,3.0,2.5,2.5
45869830,200095162,CUIDADO PERSONAL,ESIKA,11.9,2024-01-15,18,346.75,430.195,340,0.2982456140350877,0.4586160108548168,7292.2,285,203,0.7727272727272727,0.4240506329113924,0.5635212888377445,45869830_Bundle_2,0,0.42712066414598066,1.0,3.0,2.5,2.5
45869830,200112304,FRAGANCIAS,ESIKA,44.9,2024-03-18,11,291.09999999999997,430.195,277,0.175438596491228,0.373134328358209,7292.2,285,203,0.45454545454545453,0.32436708860759494,0.37643843498273877,45869830_Bundle_2,0,0.42712066414598066,1.0,3.0,2.5,2.5
46016947,200102092,MAQUILLAJE,CYZONE,17.9,2023-05-02,15,456.5,430.195,598,0.2456140350877192,0.8086838534599728,3881.34,153,124,0.6666666666666666,1.0,0.8666666666666667,46016947_Bundle_1,1,0.5668067226890756,,,,
46016947,200108807,CUIDADO PERSONAL,ESIKA,7.38,2023-09-01,19,323.6,430.195,476,0.3157894736842105,0.6431478968792401,3881.34,153,124,1.0,0.4019607843137255,0.6411764705882353,46016947_Bundle_1,0,0.5668067226890756,1.0,3.0,2.5,2.5
46016947,200064310,FRAGANCIAS,ESIKA,9.95,2023-10-16,15,371.52,430.195,431,0.2456140350877192,0.582089552238806,3881.34,153,124,0.6666666666666666,0.18137254901960784,0.37549019607843137,46016947_Bundle_1,0,0.5668067226890756,1.0,3.0,2.5,2.5
46016947,200108408,FRAGANCIAS,ESIKA,25.0,2023-10-31,11,388.6,430.195,416,0.175438596491228,0.5617367706919946,3881.34,153,124,0.3333333333333333,0.10784313725490197,0.19803921568627453,46016947_Bundle_1,0,0.5668067226890756,1.0,3.0,2.5,2.5
46016947,200109532,FRAGANCIAS,ESIKA,39.9,2023-09-01,19,323.6,430.195,476,0.3157894736842105,0.6431478968792401,3881.34,153,124,1.0,0.4019607843137255,0.6411764705882353,46016947_Bundle_1,0,0.5668067226890756,1.0,3.0,2.5,2.5
46016947,200109537,CUIDADO PERSONAL,ESIKA,7.38,2023-09-01,19,323.6,430.195,476,0.3157894736842105,0.6431478968792401,3881.34,153,124,1.0,0.4019607843137255,0.6411764705882353,46016947_Bundle_1,0,0.5668067226890756,1.0,3.0,2.5,2.5
46016947,200089509,FRAGANCIAS,ESIKA,37.45,2023-06-15,11,382.2,430.195,554,0.175438596491228,0.7489823609226595,3881.34,153,124,0.3333333333333333,0.7843137254901961,0.6039215686274509,46016947_Bundle_1,0,0.5668067226890756,1.0,3.0,2.5,2.5
46016947,200102092,MAQUILLAJE,CYZONE,17.9,2023-05-02,15,456.5,430.195,598,0.2456140350877192,0.8086838534599728,3881.34,153,124,0.6666666666666666,1.0,0.8666666666666667,46016947_Bundle_2,1,0.44215686274509813,,,,
46016947,200095911,FRAGANCIAS,CYZONE,22.9,2023-10-31,11,388.6,430.195,416,0.175438596491228,0.5617367706919946,3881.34,153,124,0.3333333333333333,0.10784313725490197,0.19803921568627453,46016947_Bundle_2,0,0.44215686274509813,1.0,3.0,2.5,2.5
46016947,200109532,FRAGANCIAS,ESIKA,39.9,2023-09-01,19,323.6,430.195,476,0.3157894736842105,0.6431478968792401,3881.34,153,124,1.0,0.4019607843137255,0.6411764705882353,46016947_Bundle_2,0,0.44215686274509813,1.0,3.0,2.5,2.5
46016947,200109873,FRAGANCIAS,CYZONE,23.9,2023-09-15,8,284.27,430.195,462,0.1228070175438596,0.6241519674355496,3881.34,153,124,0.08333333333333333,0.3333333333333333,0.2333333333333333,46016947_Bundle_2,0,0.44215686274509813,1.0,3.0,2.5,2.5
46016947,200109443,FRAGANCIAS,ESIKA,49.9,2023-09-15,8,284.27,430.195,462,0.1228070175438596,0.6241519674355496,3881.34,153,124,0.08333333333333333,0.3333333333333333,0.2333333333333333,46016947_Bundle_2,0,0.44215686274509813,1.0,3.0,2.5,2.5
46016947,200112357,CUIDADO PERSONAL,ESIKA,26.46,2023-11-22,13,267.0,430.195,394,0.2105263157894736,0.5318860244233379,3881.34,153,124,0.5,0.0,0.2,46016947_Bundle_2,0,0.44215686274509813,1.0,3.0,2.5,2.5
46016947,200097066,CUIDADO PERSONAL,ESIKA,27.47,2023-07-24,18,294.11,430.195,515,0.2982456140350877,0.6960651289009498,3881.34,153,124,0.9166666666666666,0.5931372549019608,0.7225490196078432,46016947_Bundle_2,0,0.44215686274509813,1.0,3.0,2.5,2.5
46114531,200107324,TRATAMIENTO FACIAL,CYZONE,25.9,2022-12-16,14,422.74,430.195,735,0.2280701754385964,0.994572591587517,6815.04,161,143,0.8571428571428571,1.0,0.9428571428571428,46114531_Bundle_1,1,0.6646390412120526,,,,
46114531,210102072,PROMOCION USUARIOS,CYZONE,30.0,2023-02-21,11,469.1,430.195,668,0.175438596491228,0.903663500678426,6815.04,161,143,0.6428571428571429,0.814404432132964,0.7457855164226355,46114531_Bundle_1,0,0.6646390412120526,1.0,3.0,2.5,2.5
46114531,200111380,MAQUILLAJE,LBEL,34.0,2023-02-21,11,469.1,430.195,668,0.175438596491228,0.903663500678426,6815.04,161,143,0.6428571428571429,0.814404432132964,0.7457855164226355,46114531_Bundle_1,0,0.6646390412120526,1.0,3.0,2.5,2.5
46114531,210101429,BIJOUTERIE,ESIKA,49.9,2023-06-28,9,323.2,430.195,541,0.1403508771929824,0.7313432835820896,6815.04,161,143,0.5,0.4626038781163435,0.4775623268698061,46114531_Bundle_1,0,0.6646390412120526,1.0,3.0,2.5,2.5
46114531,200113796,MAQUILLAJE,CYZONE,22.9,2023-06-02,11,399.0,430.195,567,0.175438596491228,0.7666214382632293,6815.04,161,143,0.6428571428571429,0.5346260387811634,0.5779184804115552,46114531_Bundle_1,0,0.6646390412120526,1.0,3.0,2.5,2.5
46114531,200112474,TRATAMIENTO CORPORAL,LBEL,33.3,2023-03-13,7,358.8,430.195,648,0.1052631578947368,0.8765264586160109,6815.04,161,143,0.35714285714285715,0.7590027700831025,0.5982588049070043,46114531_Bundle_1,0,0.6646390412120526,1.0,3.0,2.5,2.5
46114531,210093292,BIJOUTERIE,ESIKA,30.9,2023-05-24,10,419.5,430.195,576,0.1578947368421052,0.7788331071913162,6815.04,161,143,0.5714285714285714,0.5595567867036011,0.5643055005935892,46114531_Bundle_1,0,0.6646390412120526,1.0,3.0,2.5,2.5
46114531,200107324,TRATAMIENTO FACIAL,CYZONE,25.9,2022-12-16,14,422.74,430.195,735,0.2280701754385964,0.994572591587517,6815.04,161,143,0.8571428571428571,1.0,0.9428571428571428,46114531_Bundle_2,1,0.5756006557747753,,,,
46114531,200106304,FRAGANCIAS,ESIKA,45.75,2023-01-09,10,443.2,430.195,711,0.1578947368421052,0.9620081411126188,6815.04,161,143,0.5714285714285714,0.9335180055401662,0.7886822318955282,46114531_Bundle_2,0,0.5756006557747753,1.0,3.0,2.5,2.5
46114531,210102369,BIJOUTERIE,ESIKA,54.9,2023-08-28,9,435.5,430.195,480,0.1403508771929824,0.6485753052917232,6815.04,161,143,0.5,0.29362880886426596,0.37617728531855954,46114531_Bundle_2,0,0.5756006557747753,1.0,3.0,2.5,2.5
46114531,200116169,MAQUILLAJE,LBEL,45.0,2023-11-17,7,409.6,430.195,399,0.1052631578947368,0.5386702849389416,6815.04,161,143,0.35714285714285715,0.06925207756232687,0.184408389394539,46114531_Bundle_2,0,0.5756006557747753,1.0,3.0,2.5,2.5
46114531,200096218,TRATAMIENTO CORPORAL,ESIKA,27.9,2023-02-21,11,469.1,430.195,668,0.175438596491228,0.903663500678426,6815.04,161,143,0.6428571428571429,0.814404432132964,0.7457855164226355,46114531_Bundle_2,0,0.5756006557747753,1.0,3.0,2.5,2.5
46114531,210101390,BIJOUTERIE,ESIKA,74.9,2023-05-24,10,419.5,430.195,576,0.1578947368421052,0.7788331071913162,6815.04,161,143,0.5714285714285714,0.5595567867036011,0.5643055005935892,46114531_Bundle_2,0,0.5756006557747753,1.0,3.0,2.5,2.5
46114531,200108160,FRAGANCIAS,LBEL,29.9,2023-09-18,12,491.0,430.195,459,0.1929824561403508,0.6200814111261872,6815.04,161,143,0.7142857142857143,0.23545706371191136,0.42698852394143255,46114531_Bundle_2,0,0.5756006557747753,1.0,3.0,2.5,2.5
46219902,210098811,HOGAR,CYZONE,94.9,2023-01-03,8,338.3,430.195,717,0.1228070175438596,0.9701492537313432,1194.6,25,25,1.0,1.0,1.0,46219902_Bundle_1,1,0.7050691244239632,,,,
46219902,210100846,LENTES,ESIKA,59.9,2023-01-27,4,174.6,430.195,693,0.0526315789473684,0.937584803256445,1194.6,25,25,0.0,0.6129032258064516,0.36774193548387096,46219902_Bundle_1,0,0.7050691244239632,1.0,3.0,2.5,2.5
46219902,210102638,BIJOUTERIE,ESIKA,59.9,2023-01-03,8,338.3,430.195,717,0.1228070175438596,0.9701492537313432,1194.6,25,25,1.0,1.0,1.0,46219902_Bundle_1,0,0.7050691244239632,1.0,3.0,2.5,2.5
46219902,210100101,BIJOUTERIE,ESIKA,34.9,2023-01-03,8,338.3,430.195,717,0.1228070175438596,0.9701492537313432,1194.6,25,25,1.0,1.0,1.0,46219902_Bundle_1,0,0.7050691244239632,1.0,3.0,2.5,2.5
46219902,210102331,BIJOUTERIE,ESIKA,34.9,2023-01-03,8,338.3,430.195,717,0.1228070175438596,0.9701492537313432,1194.6,25,25,1.0,1.0,1.0,46219902_Bundle_1,0,0.7050691244239632,1.0,3.0,2.5,2.5
46219902,210102209,BIJOUTERIE,ESIKA,44.9,2023-01-27,4,174.6,430.195,693,0.0526315789473684,0.937584803256445,1194.6,25,25,0.0,0.6129032258064516,0.36774193548387096,46219902_Bundle_1,0,0.7050691244239632,1.0,3.0,2.5,2.5
46219902,210102066,HOGAR,CYZONE,99.9,2023-03-06,6,282.4,430.195,655,0.087719298245614,0.8860244233378561,1194.6,25,25,0.5,0.0,0.2,46219902_Bundle_1,0,0.7050691244239632,0.0,3.0,2.25,2.25
46219902,210098811,HOGAR,CYZONE,94.9,2023-01-03,8,338.3,430.195,717,0.1228070175438596,0.9701492537313432,1194.6,25,25,1.0,1.0,1.0,46219902_Bundle_2,1,0.5152073732718895,,,,
46219902,210097089,CUIDADO PERSONAL,LBEL,12.9,2023-03-06,6,282.4,430.195,655,0.087719298245614,0.8860244233378561,1194.6,25,25,0.5,0.0,0.2,46219902_Bundle_2,0,0.5152073732718895,1.0,3.0,2.5,2.5
46219902,210102012,COMPLEMENTOS,CYZONE,66.9,2023-02-13,7,399.3,430.195,676,0.1052631578947368,0.914518317503392,1194.6,25,25,0.75,0.3387096774193548,0.503225806451613,46219902_Bundle_2,0,0.5152073732718895,1.0,3.0,2.5,2.5
46219902,210104344,BIJOUTERIE,ESIKA,44.9,2023-03-06,6,282.4,430.195,655,0.087719298245614,0.8860244233378561,1194.6,25,25,0.5,0.0,0.2,46219902_Bundle_2,0,0.5152073732718895,1.0,3.0,2.5,2.5
46219902,200105041,FRAGANCIAS,ESIKA,27.0,2023-01-03,8,338.3,430.195,717,0.1228070175438596,0.9701492537313432,1194.6,25,25,1.0,1.0,1.0,46219902_Bundle_2,0,0.5152073732718895,1.0,3.0,2.5,2.5
46219902,210101561,BIJOUTERIE,ESIKA,39.9,2023-02-13,7,399.3,430.195,676,0.1052631578947368,0.914518317503392,1194.6,25,25,0.75,0.3387096774193548,0.503225806451613,46219902_Bundle_2,0,0.5152073732718895,1.0,3.0,2.5,2.5
46219902,210098780,BIJOUTERIE,CYZONE,39.9,2023-03-06,6,282.4,430.195,655,0.087719298245614,0.8860244233378561,1194.6,25,25,0.5,0.0,0.2,46219902_Bundle_2,0,0.5152073732718895,1.0,3.0,2.5,2.5
46289234,200105017,FRAGANCIAS,CYZONE,21.9,2023-05-17,13,425.7,430.195,583,0.2105263157894736,0.7883310719131614,2984.3,67,62,1.0,1.0,1.0,46289234_Bundle_1,1,0.49841794569067294,,,,
46289234,210103503,BIJOUTERIE,ESIKA,39.9,2023-06-30,8,472.3,430.195,539,0.1228070175438596,0.728629579375848,2984.3,67,62,0.0,0.6363636363636364,0.3818181818181818,46289234_Bundle_1,0,0.49841794569067294,1.0,3.0,2.5,2.5
46289234,200113794,MAQUILLAJE,CYZONE,14.9,2023-08-31,8,386.7,430.195,477,0.1228070175438596,0.6445047489823609,2984.3,67,62,0.0,0.12396694214876033,0.0743801652892562,46289234_Bundle_1,0,0.49841794569067294,1.0,3.0,2.5,2.5
46289234,200095430,CUIDADO PERSONAL,CYZONE,8.9,2023-05-17,13,425.7,430.195,583,0.2105263157894736,0.7883310719131614,2984.3,67,62,1.0,1.0,1.0,46289234_Bundle_1,0,0.49841794569067294,1.0,3.0,2.5,2.5
46289234,200106448,MAQUILLAJE,ESIKA,14.9,2023-06-30,8,472.3,430.195,539,0.1228070175438596,0.728629579375848,2984.3,67,62,0.0,0.6363636363636364,0.3818181818181818,46289234_Bundle_1,0,0.49841794569067294,1.0,3.0,2.5,2.5
46289234,210103128,RELOJES,ESIKA,139.9,2023-06-08,9,466.4,430.195,561,0.1403508771929824,0.7584803256445047,2984.3,67,62,0.2,0.8181818181818182,0.5709090909090909,46289234_Bundle_1,0,0.49841794569067294,1.0,3.0,2.5,2.5
46289234,210095971,MAQUILLAJE,CYZONE,14.9,2023-09-15,9,433.1,430.195,462,0.1403508771929824,0.6241519674355496,2984.3,67,62,0.2,0.0,0.08000000000000002,46289234_Bundle_1,0,0.49841794569067294,1.0,3.0,2.5,2.5
46289234,200105017,FRAGANCIAS,CYZONE,21.9,2023-05-17,13,425.7,430.195,583,0.2105263157894736,0.7883310719131614,2984.3,67,62,1.0,1.0,1.0,46289234_Bundle_2,1,0.5284533648170012,,,,
46289234,200113793,MAQUILLAJE,CYZONE,22.9,2023-09-15,9,433.1,430.195,462,0.1403508771929824,0.6241519674355496,2984.3,67,62,0.2,0.0,0.08000000000000002,46289234_Bundle_2,0,0.5284533648170012,1.0,3.0,2.5,2.5
46289234,210102330,BIJOUTERIE,ESIKA,54.9,2023-08-14,9,400.1,430.195,494,0.1403508771929824,0.6675712347354138,2984.3,67,62,0.2,0.2644628099173554,0.23867768595041325,46289234_Bundle_2,0,0.5284533648170012,1.0,3.0,2.5,2.5
46289234,200074842,TRATAMIENTO FACIAL,LBEL,54.0,2023-06-08,9,466.4,430.195,561,0.1403508771929824,0.7584803256445047,2984.3,67,62,0.2,0.8181818181818182,0.5709090909090909,46289234_Bundle_2,0,0.5284533648170012,1.0,3.0,2.5,2.5
46289234,200095430,CUIDADO PERSONAL,CYZONE,8.9,2023-05-17,13,425.7,430.195,583,0.2105263157894736,0.7883310719131614,2984.3,67,62,1.0,1.0,1.0,46289234_Bundle_2,0,0.5284533648170012,1.0,3.0,2.5,2.5
46289234,210102079,COMPLEMENTOS,ESIKA,44.9,2023-06-08,9,466.4,430.195,561,0.1403508771929824,0.7584803256445047,2984.3,67,62,0.2,0.8181818181818182,0.5709090909090909,46289234_Bundle_2,0,0.5284533648170012,1.0,3.0,2.5,2.5
46289234,200090349,CUIDADO PERSONAL,ESIKA,24.9,2023-08-14,9,400.1,430.195,494,0.1403508771929824,0.6675712347354138,2984.3,67,62,0.2,0.2644628099173554,0.23867768595041325,46289234_Bundle_2,0,0.5284533648170012,1.0,3.0,2.5,2.5
46359186,200097066,CUIDADO PERSONAL,ESIKA,30.9,2023-07-06,7,173.0,430.195,533,0.1052631578947368,0.7204884667571235,1417.4,41,31,0.8,0.8526315789473684,0.8315789473684211,46359186_Bundle_1,1,0.6700751879699248,,,,
46359186,200113891,FRAGANCIAS,ESIKA,44.29,2023-09-14,8,242.4,430.195,463,0.1228070175438596,0.6255088195386703,1417.4,41,31,1.0,0.11578947368421053,0.4694736842105263,46359186_Bundle_1,0,0.6700751879699248,1.0,3.0,2.5,2.5
46359186,200099196,FRAGANCIAS,LBEL,37.9,2023-08-11,6,255.4,430.195,497,0.087719298245614,0.6716417910447762,1417.4,41,31,0.6,0.47368421052631576,0.5242105263157895,46359186_Bundle_1,0,0.6700751879699248,1.0,3.0,2.5,2.5
46359186,200113733,VARIOS,GENERICA,59.9,2023-06-22,5,229.2,430.195,547,0.0701754385964912,0.7394843962008141,1417.4,41,31,0.4,1.0,0.76,46359186_Bundle_1,0,0.6700751879699248,1.0,3.0,2.5,2.5
46359186,200098519,FRAGANCIAS,ESIKA,82.73,2023-06-22,5,229.2,430.195,547,0.0701754385964912,0.7394843962008141,1417.4,41,31,0.4,1.0,0.76,46359186_Bundle_1,0,0.6700751879699248,1.0,3.0,2.5,2.5
46359186,200106354,FRAGANCIAS,LBEL,54.9,2023-09-07,8,242.4,430.195,470,0.1228070175438596,0.6350067842605156,1417.4,41,31,1.0,0.18947368421052632,0.5136842105263159,46359186_Bundle_1,0,0.6700751879699248,1.0,3.0,2.5,2.5
46359186,200090828,FRAGANCIAS,ESIKA,24.5,2023-07-06,7,173.0,430.195,533,0.1052631578947368,0.7204884667571235,1417.4,41,31,0.8,0.8526315789473684,0.8315789473684211,46359186_Bundle_1,0,0.6700751879699248,1.0,3.0,2.5,2.5
46359186,200097066,CUIDADO PERSONAL,ESIKA,30.9,2023-07-06,7,173.0,430.195,533,0.1052631578947368,0.7204884667571235,1417.4,41,31,0.8,0.8526315789473684,0.8315789473684211,46359186_Bundle_2,1,0.56,,,,
46359186,200089168,FRAGANCIAS,CYZONE,17.5,2023-06-22,5,229.2,430.195,547,0.0701754385964912,0.7394843962008141,1417.4,41,31,0.4,1.0,0.76,46359186_Bundle_2,0,0.56,1.0,3.0,2.5,2.5
46359186,200113891,FRAGANCIAS,ESIKA,44.29,2023-09-07,8,242.4,430.195,470,0.1228070175438596,0.6350067842605156,1417.4,41,31,1.0,0.18947368421052632,0.5136842105263159,46359186_Bundle_2,0,0.56,1.0,3.0,2.5,2.5
46359186,200083902,FRAGANCIAS,ESIKA,34.9,2023-09-25,3,88.3,430.195,452,0.0350877192982456,0.6105834464043419,1417.4,41,31,0.0,0.0,0.0,46359186_Bundle_2,0,0.56,1.0,3.0,2.5,2.5
46359186,200095426,CUIDADO PERSONAL,CYZONE,9.9,2023-09-14,8,242.4,430.195,463,0.1228070175438596,0.6255088195386703,1417.4,41,31,1.0,0.11578947368421053,0.4694736842105263,46359186_Bundle_2,0,0.56,0.0,3.0,2.25,2.25
46359186,200095426,CUIDADO PERSONAL,CYZONE,9.9,2023-09-07,8,242.4,430.195,470,0.1228070175438596,0.6350067842605156,1417.4,41,31,1.0,0.18947368421052632,0.5136842105263159,46359186_Bundle_2,0,0.56,0.0,3.0,2.25,2.25
46359186,200103452,CUIDADO PERSONAL,LBEL,8.15,2023-07-06,7,173.0,430.195,533,0.1052631578947368,0.7204884667571235,1417.4,41,31,0.8,0.8526315789473684,0.8315789473684211,46359186_Bundle_2,0,0.56,0.0,3.0,2.25,2.25
46518039,200108726,TRATAMIENTO CORPORAL,LBEL,9.66,2023-01-24,11,214.58,430.195,696,0.175438596491228,0.9416553595658074,1565.61,69,68,0.7777777777777778,0.9490566037735849,0.880545073375262,46518039_Bundle_1,1,0.5896855345911949,,,,
46518039,200105017,FRAGANCIAS,CYZONE,14.9,2024-04-26,13,296.18,430.195,238,0.2105263157894736,0.3202170963364993,1565.61,69,68,1.0,0.08490566037735849,0.4509433962264151,46518039_Bundle_1,0,0.5896855345911949,1.0,3.0,2.5,2.5
46518039,200102520,MAQUILLAJE,ESIKA,41.9,2023-01-24,11,214.58,430.195,696,0.175438596491228,0.9416553595658074,1565.61,69,68,0.7777777777777778,0.9490566037735849,0.880545073375262,46518039_Bundle_1,0,0.5896855345911949,1.0,3.0,2.5,2.5
46518039,210100409,CUIDADO PERSONAL,LBEL,5.0,2024-04-26,13,296.18,430.195,238,0.2105263157894736,0.3202170963364993,1565.61,69,68,1.0,0.08490566037735849,0.4509433962264151,46518039_Bundle_1,0,0.5896855345911949,1.0,3.0,2.5,2.5
46518039,200106556,MAQUILLAJE,CYZONE,23.9,2023-01-24,11,214.58,430.195,696,0.175438596491228,0.9416553595658074,1565.61,69,68,0.7777777777777778,0.9490566037735849,0.880545073375262,46518039_Bundle_1,0,0.5896855345911949,1.0,3.0,2.5,2.5
46518039,200095464,CUIDADO PERSONAL,ESIKA,7.38,2024-06-10,7,128.94,430.195,193,0.1052631578947368,0.2591587516960651,1565.61,69,68,0.3333333333333333,0.0,0.13333333333333333,46518039_Bundle_1,0,0.5896855345911949,1.0,3.0,2.5,2.5
46518039,200111319,FRAGANCIAS,LBEL,43.3,2024-04-26,13,296.18,430.195,238,0.2105263157894736,0.3202170963364993,1565.61,69,68,1.0,0.08490566037735849,0.4509433962264151,46518039_Bundle_1,0,0.5896855345911949,1.0,3.0,2.5,2.5
46518039,200108726,TRATAMIENTO CORPORAL,LBEL,9.66,2023-01-24,11,214.58,430.195,696,0.175438596491228,0.9416553595658074,1565.61,69,68,0.7777777777777778,0.9490566037735849,0.880545073375262,46518039_Bundle_2,1,0.4358610362383947,,,,
46518039,200105188,CUIDADO PERSONAL,ESIKA,7.38,2024-06-10,7,128.94,430.195,193,0.1052631578947368,0.2591587516960651,1565.61,69,68,0.3333333333333333,0.0,0.13333333333333333,46518039_Bundle_2,0,0.4358610362383947,1.0,3.0,2.5,2.5
46518039,200113854,MAQUILLAJE,LBEL,15.9,2024-02-28,8,302.3,430.195,296,0.1228070175438596,0.3989145183175034,1565.61,69,68,0.4444444444444444,0.19433962264150945,0.29438155136268346,46518039_Bundle_2,0,0.4358610362383947,1.0,3.0,2.5,2.5
46518039,200102111,MAQUILLAJE,CYZONE,16.9,2024-03-22,4,91.68,430.195,273,0.0526315789473684,0.3677069199457259,1565.61,69,68,0.0,0.1509433962264151,0.09056603773584905,46518039_Bundle_2,0,0.4358610362383947,1.0,3.0,2.5,2.5
46518039,200105017,FRAGANCIAS,CYZONE,14.9,2024-04-26,13,296.18,430.195,238,0.2105263157894736,0.3202170963364993,1565.61,69,68,1.0,0.08490566037735849,0.4509433962264151,46518039_Bundle_2,0,0.4358610362383947,1.0,3.0,2.5,2.5
46518039,210092694,MAQUILLAJE,LBEL,33.0,2022-12-28,9,250.2,430.195,723,0.1403508771929824,0.9782903663500678,1565.61,69,68,0.5555555555555556,1.0,0.8222222222222222,46518039_Bundle_2,0,0.4358610362383947,1.0,3.0,2.5,2.5
46518039,200108807,CUIDADO PERSONAL,ESIKA,7.38,2024-04-11,11,111.15,430.195,253,0.175438596491228,0.3405698778833107,1565.61,69,68,0.7777777777777778,0.11320754716981132,0.3790356394129979,46518039_Bundle_2,0,0.4358610362383947,1.0,3.0,2.5,2.5
46587790,200108409,FRAGANCIAS,ESIKA,16.54,2022-12-26,21,517.98,430.195,725,0.3508771929824561,0.9810040705563092,5454.17,197,150,0.625,1.0,0.85,46587790_Bundle_1,1,0.5957528957528958,,,,
46587790,210102001,COMPLEMENTOS,CYZONE,56.9,2023-01-13,13,385.9,430.195,707,0.2105263157894736,0.9565807327001355,5454.17,197,150,0.375,0.918918918918919,0.7013513513513514,46587790_Bundle_1,0,0.5957528957528958,1.0,3.0,2.5,2.5
46587790,200105195,CUIDADO PERSONAL,ESIKA,11.9,2023-05-19,13,249.9,430.195,581,0.2105263157894736,0.7856173677069199,5454.17,197,150,0.375,0.35135135135135137,0.36081081081081084,46587790_Bundle_1,0,0.5957528957528958,1.0,3.0,2.5,2.5
46587790,200109154,MAQUILLAJE,LBEL,11.9,2023-05-19,13,249.9,430.195,581,0.2105263157894736,0.7856173677069199,5454.17,197,150,0.375,0.35135135135135137,0.36081081081081084,46587790_Bundle_1,0,0.5957528957528958,1.0,3.0,2.5,2.5
46587790,200102263,MAQUILLAJE,CYZONE,20.9,2022-12-26,21,517.98,430.195,725,0.3508771929824561,0.9810040705563092,5454.17,197,150,0.625,1.0,0.85,46587790_Bundle_1,0,0.5957528957528958,1.0,3.0,2.5,2.5
46587790,200112636,MAQUILLAJE,ESIKA,21.9,2023-03-20,13,353.9,430.195,641,0.2105263157894736,0.8670284938941656,5454.17,197,150,0.375,0.6216216216216216,0.522972972972973,46587790_Bundle_1,0,0.5957528957528958,1.0,3.0,2.5,2.5
46587790,200112474,TRATAMIENTO CORPORAL,LBEL,36.9,2023-04-07,17,363.42,430.195,623,0.2807017543859649,0.8426051560379919,5454.17,197,150,0.5,0.5405405405405406,0.5243243243243243,46587790_Bundle_1,0,0.5957528957528958,1.0,3.0,2.5,2.5
46587790,200108409,FRAGANCIAS,ESIKA,16.54,2022-12-26,21,517.98,430.195,725,0.3508771929824561,0.9810040705563092,5454.17,197,150,0.625,1.0,0.85,46587790_Bundle_2,1,0.7007722007722007,,,,
46587790,200112636,MAQUILLAJE,ESIKA,21.9,2023-03-20,13,353.9,430.195,641,0.2105263157894736,0.8670284938941656,5454.17,197,150,0.375,0.6216216216216216,0.522972972972973,46587790_Bundle_2,0,0.7007722007722007,1.0,3.0,2.5,2.5
46587790,210101381,BIJOUTERIE,ESIKA,24.9,2023-02-03,10,318.19,430.195,686,0.1578947368421052,0.9280868385345996,5454.17,197,150,0.28125,0.8243243243243243,0.6070945945945946,46587790_Bundle_2,0,0.7007722007722007,1.0,3.0,2.5,2.5
46587790,210097537,TRATAMIENTO CORPORAL,CYZONE,27.9,2023-02-24,30,767.5,430.195,665,0.5087719298245614,0.8995929443690638,5454.17,197,150,0.90625,0.7297297297297297,0.8003378378378379,46587790_Bundle_2,0,0.7007722007722007,1.0,3.0,2.5,2.5
46587790,200105195,CUIDADO PERSONAL,ESIKA,7.38,2023-02-24,30,767.5,430.195,665,0.5087719298245614,0.8995929443690638,5454.17,197,150,0.90625,0.7297297297297297,0.8003378378378379,46587790_Bundle_2,0,0.7007722007722007,1.0,3.0,2.5,2.5
46587790,210103644,VARIOS,CYZONE,21.9,2023-02-24,30,767.5,430.195,665,0.5087719298245614,0.8995929443690638,5454.17,197,150,0.90625,0.7297297297297297,0.8003378378378379,46587790_Bundle_2,0,0.7007722007722007,1.0,3.0,2.5,2.5
46587790,200109537,CUIDADO PERSONAL,ESIKA,7.38,2023-04-07,17,363.42,430.195,623,0.2807017543859649,0.8426051560379919,5454.17,197,150,0.5,0.5405405405405406,0.5243243243243243,46587790_Bundle_2,0,0.7007722007722007,1.0,3.0,2.5,2.5
46611063,200109350,MAQUILLAJE,CYZONE,6.9,2023-01-31,20,481.0,430.195,689,0.3333333333333333,0.932157394843962,4015.92,156,127,0.9230769230769231,1.0,0.9692307692307692,46611063_Bundle_1,1,0.6440502354788069,,,,
46611063,210099771,HOGAR,CYZONE,21.0,2023-01-31,20,481.0,430.195,689,0.3333333333333333,0.932157394843962,4015.92,156,127,0.9230769230769231,1.0,0.9692307692307692,46611063_Bundle_1,0,0.6440502354788069,1.0,3.0,2.5,2.5
46611063,210095249,CUIDADO PERSONAL,CYZONE,23.9,2023-06-26,21,569.1,430.195,543,0.3508771929824561,0.7340569877883311,4015.92,156,127,1.0,0.3047619047619048,0.5828571428571429,46611063_Bundle_1,0,0.6440502354788069,1.0,3.0,2.5,2.5
46611063,210102595,COMPLEMENTOS,CYZONE,44.9,2023-06-26,21,569.1,430.195,543,0.3508771929824561,0.7340569877883311,4015.92,156,127,1.0,0.3047619047619048,0.5828571428571429,46611063_Bundle_1,0,0.6440502354788069,1.0,3.0,2.5,2.5
46611063,210102024,COMPLEMENTOS,CYZONE,46.9,2023-07-17,9,267.1,430.195,522,0.1403508771929824,0.7055630936227951,4015.92,156,127,0.07692307692307693,0.20476190476190476,0.1536263736263736,46611063_Bundle_1,0,0.6440502354788069,1.0,3.0,2.5,2.5
46611063,200082678,FRAGANCIAS,ESIKA,13.06,2023-03-14,20,495.35,430.195,647,0.3333333333333333,0.8751696065128901,4015.92,156,127,0.9230769230769231,0.8,0.8492307692307692,46611063_Bundle_1,0,0.6440502354788069,1.0,3.0,2.5,2.5
46611063,210102564,COMPLEMENTOS,CYZONE,44.9,2023-08-07,19,451.87,430.195,501,0.3157894736842105,0.6770691994572592,4015.92,156,127,0.8461538461538461,0.10476190476190476,0.4013186813186813,46611063_Bundle_1,0,0.6440502354788069,1.0,3.0,2.5,2.5
46611063,200109350,MAQUILLAJE,CYZONE,6.9,2023-01-31,20,481.0,430.195,689,0.3333333333333333,0.932157394843962,4015.92,156,127,0.9230769230769231,1.0,0.9692307692307692,46611063_Bundle_2,1,0.6581789638932495,,,,
46611063,210099771,HOGAR,CYZONE,21.0,2023-01-31,20,481.0,430.195,689,0.3333333333333333,0.932157394843962,4015.92,156,127,0.9230769230769231,1.0,0.9692307692307692,46611063_Bundle_2,0,0.6581789638932495,1.0,3.0,2.5,2.5
46611063,200105041,FRAGANCIAS,ESIKA,25.35,2023-01-31,20,481.0,430.195,689,0.3333333333333333,0.932157394843962,4015.92,156,127,0.9230769230769231,1.0,0.9692307692307692,46611063_Bundle_2,0,0.6581789638932495,1.0,3.0,2.5,2.5
46611063,210102086,PROMOCION USUARIOS,ESIKA,44.9,2023-04-08,8,166.4,430.195,622,0.1228070175438596,0.841248303934871,4015.92,156,127,0.0,0.680952380952381,0.4085714285714286,46611063_Bundle_2,0,0.6581789638932495,1.0,3.0,2.5,2.5
46611063,200091727,FRAGANCIAS,ESIKA,20.0,2023-05-16,8,165.6,430.195,584,0.1228070175438596,0.7896879240162822,4015.92,156,127,0.0,0.5,0.3,46611063_Bundle_2,0,0.6581789638932495,1.0,3.0,2.5,2.5
46611063,210097894,TRATAMIENTO CORPORAL,ESIKA,21.9,2023-05-16,8,165.6,430.195,584,0.1228070175438596,0.7896879240162822,4015.92,156,127,0.0,0.5,0.3,46611063_Bundle_2,0,0.6581789638932495,1.0,3.0,2.5,2.5
46611063,200097947,FRAGANCIAS,CYZONE,17.5,2023-02-22,13,233.5,430.195,667,0.2105263157894736,0.9023066485753052,4015.92,156,127,0.38461538461538464,0.8952380952380953,0.690989010989011,46611063_Bundle_2,0,0.6581789638932495,1.0,3.0,2.5,2.5
46627121,200105158,MAQUILLAJE,LBEL,31.0,2023-01-17,20,941.26,430.195,703,0.3333333333333333,0.9511533242876526,1489.4,42,40,1.0,0.5121951219512195,0.7073170731707317,46627121_Bundle_1,1,0.5013240418118466,,,,
46627121,200098267,FRAGANCIAS,ESIKA,89.9,2023-01-17,20,941.26,430.195,703,0.3333333333333333,0.9511533242876526,1489.4,42,40,1.0,0.5121951219512195,0.7073170731707317,46627121_Bundle_1,0,0.5013240418118466,1.0,3.0,2.5,2.5
46627121,200105195,CUIDADO PERSONAL,ESIKA,7.38,2022-12-28,12,270.94,430.195,723,0.1929824561403508,0.9782903663500678,1489.4,42,40,0.2,1.0,0.6799999999999999,46627121_Bundle_1,0,0.5013240418118466,1.0,3.0,2.5,2.5
46627121,200112474,TRATAMIENTO CORPORAL,LBEL,65.0,2023-02-07,10,277.2,430.195,682,0.1578947368421052,0.9226594301221168,1489.4,42,40,0.0,0.0,0.0,46627121_Bundle_1,0,0.5013240418118466,1.0,3.0,2.5,2.5
46627121,200112640,TRATAMIENTO FACIAL,ESIKA,42.9,2023-02-07,10,277.2,430.195,682,0.1578947368421052,0.9226594301221168,1489.4,42,40,0.0,0.0,0.0,46627121_Bundle_1,0,0.5013240418118466,1.0,3.0,2.5,2.5
46627121,200083913,FRAGANCIAS,LBEL,79.0,2023-01-17,20,941.26,430.195,703,0.3333333333333333,0.9511533242876526,1489.4,42,40,1.0,0.5121951219512195,0.7073170731707317,46627121_Bundle_1,0,0.5013240418118466,1.0,3.0,2.5,2.5
46627121,200086139,TRATAMIENTO FACIAL,LBEL,63.0,2023-01-17,20,941.26,430.195,703,0.3333333333333333,0.9511533242876526,1489.4,42,40,1.0,0.5121951219512195,0.7073170731707317,46627121_Bundle_1,0,0.5013240418118466,1.0,3.0,2.5,2.5
46627121,200105158,MAQUILLAJE,LBEL,31.0,2023-01-17,20,941.26,430.195,703,0.3333333333333333,0.9511533242876526,1489.4,42,40,1.0,0.5121951219512195,0.7073170731707317,46627121_Bundle_2,1,0.6956097560975608,,,,
46627121,200103452,CUIDADO PERSONAL,LBEL,8.9,2022-12-28,12,270.94,430.195,723,0.1929824561403508,0.9782903663500678,1489.4,42,40,0.2,1.0,0.6799999999999999,46627121_Bundle_2,0,0.6956097560975608,1.0,3.0,2.5,2.5
46627121,200112346,FRAGANCIAS,LBEL,125.0,2023-01-17,20,941.26,430.195,703,0.3333333333333333,0.9511533242876526,1489.4,42,40,1.0,0.5121951219512195,0.7073170731707317,46627121_Bundle_2,0,0.6956097560975608,1.0,3.0,2.5,2.5
46627121,200090400,TRATAMIENTO FACIAL,LBEL,63.0,2023-01-17,20,941.26,430.195,703,0.3333333333333333,0.9511533242876526,1489.4,42,40,1.0,0.5121951219512195,0.7073170731707317,46627121_Bundle_2,0,0.6956097560975608,1.0,3.0,2.5,2.5
46627121,200105125,CUIDADO PERSONAL,ESIKA,7.38,2022-12-28,12,270.94,430.195,723,0.1929824561403508,0.9782903663500678,1489.4,42,40,0.2,1.0,0.6799999999999999,46627121_Bundle_2,0,0.6956097560975608,1.0,3.0,2.5,2.5
46627121,200105017,FRAGANCIAS,CYZONE,29.34,2023-01-17,20,941.26,430.195,703,0.3333333333333333,0.9511533242876526,1489.4,42,40,1.0,0.5121951219512195,0.7073170731707317,46627121_Bundle_2,0,0.6956097560975608,1.0,3.0,2.5,2.5
46627121,210100409,CUIDADO PERSONAL,LBEL,13.0,2022-12-28,12,270.94,430.195,723,0.1929824561403508,0.9782903663500678,1489.4,42,40,0.2,1.0,0.6799999999999999,46627121_Bundle_2,0,0.6956097560975608,1.0,3.0,2.5,2.5
46669258,200107142,MAQUILLAJE,CYZONE,9.9,2023-01-18,24,374.4,430.195,702,0.4035087719298245,0.949796472184532,1461.81,71,59,1.0,0.6349206349206349,0.780952380952381,46669258_Bundle_1,1,0.5270253555967842,,,,
46669258,200112474,TRATAMIENTO CORPORAL,LBEL,29.9,2023-01-18,24,374.4,430.195,702,0.4035087719298245,0.949796472184532,1461.81,71,59,1.0,0.6349206349206349,0.780952380952381,46669258_Bundle_1,0,0.5270253555967842,1.0,3.0,2.5,2.5
46669258,200098640,TRATAMIENTO FACIAL,ESIKA,46.9,2022-12-26,16,372.29,430.195,725,0.2631578947368421,0.9810040705563092,1461.81,71,59,0.2727272727272727,1.0,0.7090909090909091,46669258_Bundle_1,0,0.5270253555967842,1.0,3.0,2.5,2.5
46669258,200098673,FRAGANCIAS,ESIKA,19.9,2022-12-26,16,372.29,430.195,725,0.2631578947368421,0.9810040705563092,1461.81,71,59,0.2727272727272727,1.0,0.7090909090909091,46669258_Bundle_1,0,0.5270253555967842,1.0,3.0,2.5,2.5
46669258,200095931,FRAGANCIAS,ESIKA,49.9,2023-02-27,13,367.36,430.195,662,0.2105263157894736,0.8955223880597015,1461.81,71,59,0.0,0.0,0.0,46669258_Bundle_1,0,0.5270253555967842,1.0,3.0,2.5,2.5
46669258,200104257,FRAGANCIAS,ESIKA,26.63,2023-02-27,13,367.36,430.195,662,0.2105263157894736,0.8955223880597015,1461.81,71,59,0.0,0.0,0.0,46669258_Bundle_1,0,0.5270253555967842,1.0,3.0,2.5,2.5
46669258,200106354,FRAGANCIAS,LBEL,19.9,2022-12-26,16,372.29,430.195,725,0.2631578947368421,0.9810040705563092,1461.81,71,59,0.2727272727272727,1.0,0.7090909090909091,46669258_Bundle_1,0,0.5270253555967842,1.0,3.0,2.5,2.5
46669258,200107142,MAQUILLAJE,CYZONE,9.9,2023-01-18,24,374.4,430.195,702,0.4035087719298245,0.949796472184532,1461.81,71,59,1.0,0.6349206349206349,0.780952380952381,46669258_Bundle_2,1,0.5833024118738405,,,,
46669258,200112474,TRATAMIENTO CORPORAL,LBEL,29.9,2023-01-18,24,374.4,430.195,702,0.4035087719298245,0.949796472184532,1461.81,71,59,1.0,0.6349206349206349,0.780952380952381,46669258_Bundle_2,0,0.5833024118738405,1.0,3.0,2.5,2.5
46669258,200095374,CUIDADO PERSONAL,ESIKA,5.85,2023-02-10,18,347.76,430.195,679,0.2982456140350877,0.9185888738127544,1461.81,71,59,0.45454545454545453,0.2698412698412698,0.3437229437229437,46669258_Bundle_2,0,0.5833024118738405,1.0,3.0,2.5,2.5
46669258,200082674,FRAGANCIAS,ESIKA,9.95,2023-01-18,24,374.4,430.195,702,0.4035087719298245,0.949796472184532,1461.81,71,59,1.0,0.6349206349206349,0.780952380952381,46669258_Bundle_2,0,0.5833024118738405,1.0,3.0,2.5,2.5
46669258,200086399,FRAGANCIAS,LBEL,19.9,2022-12-26,16,372.29,430.195,725,0.2631578947368421,0.9810040705563092,1461.81,71,59,0.2727272727272727,1.0,0.7090909090909091,46669258_Bundle_2,0,0.5833024118738405,1.0,3.0,2.5,2.5
46669258,210102164,BIJOUTERIE,CYZONE,39.9,2023-02-10,18,347.76,430.195,679,0.2982456140350877,0.9185888738127544,1461.81,71,59,0.45454545454545453,0.2698412698412698,0.3437229437229437,46669258_Bundle_2,0,0.5833024118738405,1.0,3.0,2.5,2.5
46669258,200082678,FRAGANCIAS,ESIKA,16.0,2023-02-10,18,347.76,430.195,679,0.2982456140350877,0.9185888738127544,1461.81,71,59,0.45454545454545453,0.2698412698412698,0.3437229437229437,46669258_Bundle_2,0,0.5833024118738405,1.0,3.0,2.5,2.5
46779789,210099696,PROMOCION USUARIOS,CYZONE,0.85,2023-02-08,15,347.59999999999997,430.195,681,0.2456140350877192,0.921302578018996,4312.88,152,119,0.3333333333333333,1.0,0.7333333333333333,46779789_Bundle_1,1,0.49722101606600083,,,,
46779789,200103449,CUIDADO PERSONAL,CYZONE,11.9,2023-02-08,15,347.59999999999997,430.195,681,0.2456140350877192,0.921302578018996,4312.88,152,119,0.3333333333333333,1.0,0.7333333333333333,46779789_Bundle_1,0,0.49722101606600083,1.0,3.0,2.5,2.5
46779789,200113891,FRAGANCIAS,ESIKA,75.9,2023-06-09,13,375.25,430.195,560,0.2105263157894736,0.757123473541384,4312.88,152,119,0.23809523809523808,0.35638297872340424,0.3090678824721378,46779789_Bundle_1,0,0.49722101606600083,1.0,3.0,2.5,2.5
46779789,200089507,FRAGANCIAS,ESIKA,37.45,2023-03-27,19,461.75,430.195,634,0.3157894736842105,0.8575305291723202,4312.88,152,119,0.5238095238095238,0.75,0.6595238095238095,46779789_Bundle_1,0,0.49722101606600083,1.0,3.0,2.5,2.5
46779789,200094941,FRAGANCIAS,CYZONE,21.9,2023-02-08,15,347.59999999999997,430.195,681,0.2456140350877192,0.921302578018996,4312.88,152,119,0.3333333333333333,1.0,0.7333333333333333,46779789_Bundle_1,0,0.49722101606600083,1.0,3.0,2.5,2.5
46779789,200109549,MAQUILLAJE,CYZONE,21.45,2023-07-21,12,417.1,430.195,518,0.1929824561403508,0.7001356852103121,4312.88,152,119,0.19047619047619047,0.13297872340425532,0.15597771023302937,46779789_Bundle_1,0,0.49722101606600083,1.0,3.0,2.5,2.5
46779789,200089507,FRAGANCIAS,ESIKA,40.0,2023-07-21,12,417.1,430.195,518,0.1929824561403508,0.7001356852103121,4312.88,152,119,0.19047619047619047,0.13297872340425532,0.15597771023302937,46779789_Bundle_1,0,0.49722101606600083,1.0,3.0,2.5,2.5
46779789,210099696,PROMOCION USUARIOS,CYZONE,0.85,2023-02-08,15,347.59999999999997,430.195,681,0.2456140350877192,0.921302578018996,4312.88,152,119,0.3333333333333333,1.0,0.7333333333333333,46779789_Bundle_2,1,0.47980170791720933,,,,
46779789,200108160,FRAGANCIAS,LBEL,19.95,2023-05-23,29,703.6999999999999,430.195,577,0.4912280701754385,0.7801899592944369,4312.88,152,119,1.0,0.44680851063829785,0.6680851063829787,46779789_Bundle_2,0,0.47980170791720933,1.0,3.0,2.5,2.5
46779789,200099047,FRAGANCIAS,ESIKA,19.95,2023-05-23,29,703.6999999999999,430.195,577,0.4912280701754385,0.7801899592944369,4312.88,152,119,1.0,0.44680851063829785,0.6680851063829787,46779789_Bundle_2,0,0.47980170791720933,1.0,3.0,2.5,2.5
46779789,200089509,FRAGANCIAS,ESIKA,29.9,2023-07-21,12,417.1,430.195,518,0.1929824561403508,0.7001356852103121,4312.88,152,119,0.19047619047619047,0.13297872340425532,0.15597771023302937,46779789_Bundle_2,0,0.47980170791720933,1.0,3.0,2.5,2.5
46779789,200109549,MAQUILLAJE,CYZONE,21.45,2023-07-21,12,417.1,430.195,518,0.1929824561403508,0.7001356852103121,4312.88,152,119,0.19047619047619047,0.13297872340425532,0.15597771023302937,46779789_Bundle_2,0,0.47980170791720933,1.0,3.0,2.5,2.5
46779789,200082674,FRAGANCIAS,ESIKA,22.9,2023-05-23,29,703.6999999999999,430.195,577,0.4912280701754385,0.7801899592944369,4312.88,152,119,1.0,0.44680851063829785,0.6680851063829787,46779789_Bundle_2,0,0.47980170791720933,1.0,3.0,2.5,2.5
46779789,200098673,FRAGANCIAS,ESIKA,19.95,2023-06-09,13,375.25,430.195,560,0.2105263157894736,0.757123473541384,4312.88,152,119,0.23809523809523808,0.35638297872340424,0.3090678824721378,46779789_Bundle_2,0,0.47980170791720933,1.0,3.0,2.5,2.5
46941012,200107645,MAQUILLAJE,LBEL,24.0,2023-02-06,9,324.4,430.195,683,0.1403508771929824,0.9240162822252376,1674.0,48,46,0.8,1.0,0.92,46941012_Bundle_1,1,0.5594233289646134,,,,
46941012,210103623,BIJOUTERIE,ESIKA,39.9,2023-02-06,9,324.4,430.195,683,0.1403508771929824,0.9240162822252376,1674.0,48,46,0.8,1.0,0.92,46941012_Bundle_1,0,0.5594233289646134,1.0,3.0,2.5,2.5
46941012,210102335,BIJOUTERIE,ESIKA,49.9,2023-03-22,10,234.2,430.195,639,0.1578947368421052,0.864314789687924,1674.0,48,46,1.0,0.5963302752293578,0.7577981651376147,46941012_Bundle_1,0,0.5594233289646134,1.0,3.0,2.5,2.5
46941012,200105017,FRAGANCIAS,CYZONE,21.9,2023-05-26,9,314.7,430.195,574,0.1403508771929824,0.7761194029850746,1674.0,48,46,0.8,0.0,0.32000000000000006,46941012_Bundle_1,0,0.5594233289646134,1.0,3.0,2.5,2.5
46941012,200103963,TRATAMIENTO CORPORAL,LBEL,12.9,2023-05-26,9,314.7,430.195,574,0.1403508771929824,0.7761194029850746,1674.0,48,46,0.8,0.0,0.32000000000000006,46941012_Bundle_1,0,0.5594233289646134,1.0,3.0,2.5,2.5
46941012,210102592,COMPLEMENTOS,CYZONE,52.9,2023-05-08,8,252.2,430.195,592,0.1228070175438596,0.8005427408412483,1674.0,48,46,0.6,0.1651376146788991,0.33908256880733945,46941012_Bundle_1,0,0.5594233289646134,1.0,3.0,2.5,2.5
46941012,210098701,COMPLEMENTOS,CYZONE,22.9,2023-05-08,8,252.2,430.195,592,0.1228070175438596,0.8005427408412483,1674.0,48,46,0.6,0.1651376146788991,0.33908256880733945,46941012_Bundle_1,0,0.5594233289646134,1.0,3.0,2.5,2.5
46941012,200107645,MAQUILLAJE,LBEL,24.0,2023-02-06,9,324.4,430.195,683,0.1403508771929824,0.9240162822252376,1674.0,48,46,0.8,1.0,0.92,46941012_Bundle_2,1,0.5876277850589778,,,,
46941012,210103623,BIJOUTERIE,ESIKA,39.9,2023-02-06,9,324.4,430.195,683,0.1403508771929824,0.9240162822252376,1674.0,48,46,0.8,1.0,0.92,46941012_Bundle_2,0,0.5876277850589778,1.0,3.0,2.5,2.5
46941012,200103963,TRATAMIENTO CORPORAL,LBEL,19.9,2023-03-22,10,234.2,430.195,639,0.1578947368421052,0.864314789687924,1674.0,48,46,1.0,0.5963302752293578,0.7577981651376147,46941012_Bundle_2,0,0.5876277850589778,1.0,3.0,2.5,2.5
46941012,210102032,COMPLEMENTOS,CYZONE,64.9,2023-04-17,5,290.5,430.195,613,0.0701754385964912,0.8290366350067843,1674.0,48,46,0.0,0.3577981651376147,0.21467889908256882,46941012_Bundle_2,0,0.5876277850589778,1.0,3.0,2.5,2.5
46941012,210102029,COMPLEMENTOS,CYZONE,66.9,2023-02-24,7,258.0,430.195,665,0.1052631578947368,0.8995929443690638,1674.0,48,46,0.4,0.8348623853211009,0.6609174311926606,46941012_Bundle_2,0,0.5876277850589778,1.0,3.0,2.5,2.5
46941012,210103672,VARIOS,CYZONE,22.9,2023-05-26,9,314.7,430.195,574,0.1403508771929824,0.7761194029850746,1674.0,48,46,0.8,0.0,0.32000000000000006,46941012_Bundle_2,0,0.5876277850589778,1.0,3.0,2.5,2.5
46941012,210102003,COMPLEMENTOS,CYZONE,52.9,2023-05-26,9,314.7,430.195,574,0.1403508771929824,0.7761194029850746,1674.0,48,46,0.8,0.0,0.32000000000000006,46941012_Bundle_2,0,0.5876277850589778,1.0,3.0,2.5,2.5
47097371,200103716,MAQUILLAJE,ESIKA,25.9,2023-01-18,10,180.73,430.195,702,0.1578947368421052,0.949796472184532,537.1,19,19,1.0,0.44680851063829785,0.6680851063829787,47097371_Bundle_1,1,0.4767983789260385,,,,
47097371,210100408,CUIDADO PERSONAL,CYZONE,14.98,2023-02-08,4,94.68,430.195,681,0.0526315789473684,0.921302578018996,537.1,19,19,0.0,0.0,0.0,47097371_Bundle_1,0,0.4767983789260385,1.0,3.0,2.5,2.5
47097371,200105195,CUIDADO PERSONAL,ESIKA,7.38,2023-01-18,10,180.73,430.195,702,0.1578947368421052,0.949796472184532,537.1,19,19,1.0,0.44680851063829785,0.6680851063829787,47097371_Bundle_1,0,0.4767983789260385,1.0,3.0,2.5,2.5
47097371,200108807,CUIDADO PERSONAL,ESIKA,7.38,2023-01-18,10,180.73,430.195,702,0.1578947368421052,0.949796472184532,537.1,19,19,1.0,0.44680851063829785,0.6680851063829787,47097371_Bundle_1,0,0.4767983789260385,1.0,3.0,2.5,2.5
47097371,200095826,FRAGANCIAS,LBEL,64.95,2022-12-23,5,261.69,430.195,728,0.0701754385964912,0.9850746268656716,537.1,19,19,0.16666666666666666,1.0,0.6666666666666666,47097371_Bundle_1,0,0.4767983789260385,1.0,2.0,1.75,1.75
47097371,200103961,TRATAMIENTO CORPORAL,LBEL,14.9,2023-02-08,4,94.68,430.195,681,0.0526315789473684,0.921302578018996,537.1,19,19,0.0,0.0,0.0,47097371_Bundle_1,0,0.4767983789260385,1.0,2.0,1.75,1.75
47097371,200105017,FRAGANCIAS,CYZONE,13.99,2022-12-23,5,261.69,430.195,728,0.0701754385964912,0.9850746268656716,537.1,19,19,0.16666666666666666,1.0,0.6666666666666666,47097371_Bundle_1,0,0.4767983789260385,1.0,2.0,1.75,1.75
47097371,200103716,MAQUILLAJE,ESIKA,25.9,2023-01-18,10,180.73,430.195,702,0.1578947368421052,0.949796472184532,537.1,19,19,1.0,0.44680851063829785,0.6680851063829787,47097371_Bundle_2,1,0.5722391084093211,,,,
47097371,200108908,CUIDADO PERSONAL,CYZONE,14.9,2023-01-18,10,180.73,430.195,702,0.1578947368421052,0.949796472184532,537.1,19,19,1.0,0.44680851063829785,0.6680851063829787,47097371_Bundle_2,0,0.5722391084093211,1.0,3.0,2.5,2.5
47097371,200091269,CUIDADO PERSONAL,LBEL,33.23,2023-01-18,10,180.73,430.195,702,0.1578947368421052,0.949796472184532,537.1,19,19,1.0,0.44680851063829785,0.6680851063829787,47097371_Bundle_2,0,0.5722391084093211,1.0,3.0,2.5,2.5
47097371,200095430,CUIDADO PERSONAL,CYZONE,7.38,2023-01-18,10,180.73,430.195,702,0.1578947368421052,0.949796472184532,537.1,19,19,1.0,0.44680851063829785,0.6680851063829787,47097371_Bundle_2,0,0.5722391084093211,1.0,3.0,2.5,2.5
47097371,210102383,BIJOUTERIE,ESIKA,39.9,2023-02-08,4,94.68,430.195,681,0.0526315789473684,0.921302578018996,537.1,19,19,0.0,0.0,0.0,47097371_Bundle_2,0,0.5722391084093211,1.0,3.0,2.5,2.5
47097371,200095826,FRAGANCIAS,LBEL,64.95,2022-12-23,5,261.69,430.195,728,0.0701754385964912,0.9850746268656716,537.1,19,19,0.16666666666666666,1.0,0.6666666666666666,47097371_Bundle_2,0,0.5722391084093211,1.0,3.0,2.5,2.5
47097371,210101439,COMPLEMENTOS,CYZONE,62.9,2022-12-23,5,261.69,430.195,728,0.0701754385964912,0.9850746268656716,537.1,19,19,0.16666666666666666,1.0,0.6666666666666666,47097371_Bundle_2,0,0.5722391084093211,1.0,3.0,2.5,2.5
47257492,200107822,CUIDADO PERSONAL,LBEL,16.9,2023-02-15,19,437.39,430.195,674,0.3157894736842105,0.9118046132971506,1844.69,71,66,1.0,0.7890909090909091,0.8734545454545455,47257492_Bundle_1,1,0.7139855699855701,,,,
47257492,200106495,MAQUILLAJE,ESIKA,19.9,2023-02-15,19,437.39,430.195,674,0.3157894736842105,0.9118046132971506,1844.69,71,66,1.0,0.7890909090909091,0.8734545454545455,47257492_Bundle_1,0,0.7139855699855701,1.0,3.0,2.5,2.5
47257492,200111304,MAQUILLAJE,LBEL,16.9,2023-02-15,19,437.39,430.195,674,0.3157894736842105,0.9118046132971506,1844.69,71,66,1.0,0.7890909090909091,0.8734545454545455,47257492_Bundle_1,0,0.7139855699855701,1.0,3.0,2.5,2.5
47257492,210102302,BIJOUTERIE,ESIKA,49.9,2023-03-15,6,194.0,430.195,646,0.087719298245614,0.8738127544097694,1844.69,71,66,0.2777777777777778,0.6872727272727273,0.5234747474747474,47257492_Bundle_1,0,0.7139855699855701,1.0,3.0,2.5,2.5
47257492,210085428,MAQUILLAJE,CYZONE,9.9,2023-03-15,6,194.0,430.195,646,0.087719298245614,0.8738127544097694,1844.69,71,66,0.2777777777777778,0.6872727272727273,0.5234747474747474,47257492_Bundle_1,0,0.7139855699855701,1.0,3.0,2.5,2.5
47257492,200104247,MAQUILLAJE,CYZONE,24.0,2023-01-09,6,128.2,430.195,711,0.087719298245614,0.9620081411126188,1844.69,71,66,0.2777777777777778,0.9236363636363636,0.6652929292929293,47257492_Bundle_1,0,0.7139855699855701,1.0,3.0,2.5,2.5
47257492,210098773,HOGAR,CYZONE,39.9,2023-01-09,6,128.2,430.195,711,0.087719298245614,0.9620081411126188,1844.69,71,66,0.2777777777777778,0.9236363636363636,0.6652929292929293,47257492_Bundle_1,0,0.7139855699855701,1.0,3.0,2.5,2.5
47257492,200107822,CUIDADO PERSONAL,LBEL,16.9,2023-02-15,19,437.39,430.195,674,0.3157894736842105,0.9118046132971506,1844.69,71,66,1.0,0.7890909090909091,0.8734545454545455,47257492_Bundle_2,1,0.6933333333333332,,,,
47257492,200107142,MAQUILLAJE,CYZONE,20.9,2023-02-15,19,437.39,430.195,674,0.3157894736842105,0.9118046132971506,1844.69,71,66,1.0,0.7890909090909091,0.8734545454545455,47257492_Bundle_2,0,0.6933333333333332,1.0,3.0,2.5,2.5
47257492,210102059,HOGAR,CYZONE,34.9,2023-03-15,6,194.0,430.195,646,0.087719298245614,0.8738127544097694,1844.69,71,66,0.2777777777777778,0.6872727272727273,0.5234747474747474,47257492_Bundle_2,0,0.6933333333333332,1.0,3.0,2.5,2.5
47257492,210097822,COMPLEMENTOS,CYZONE,37.9,2023-01-30,7,273.3,430.195,690,0.1052631578947368,0.9335142469470828,1844.69,71,66,0.3333333333333333,0.8472727272727273,0.6416969696969697,47257492_Bundle_2,0,0.6933333333333332,1.0,3.0,2.5,2.5
47257492,200077440,MAQUILLAJE,LBEL,48.9,2023-04-05,9,207.2,430.195,625,0.1403508771929824,0.8453188602442334,1844.69,71,66,0.4444444444444444,0.610909090909091,0.5443232323232323,47257492_Bundle_2,0,0.6933333333333332,1.0,3.0,2.5,2.5
47257492,210100793,HOGAR,CYZONE,36.9,2023-02-15,19,437.39,430.195,674,0.3157894736842105,0.9118046132971506,1844.69,71,66,1.0,0.7890909090909091,0.8734545454545455,47257492_Bundle_2,0,0.6933333333333332,1.0,3.0,2.5,2.5
47257492,210102302,BIJOUTERIE,ESIKA,49.9,2023-03-15,6,194.0,430.195,646,0.087719298245614,0.8738127544097694,1844.69,71,66,0.2777777777777778,0.6872727272727273,0.5234747474747474,47257492_Bundle_2,0,0.6933333333333332,1.0,3.0,2.5,2.5
47266211,200097895,TRATAMIENTO FACIAL,CYZONE,4.9,2024-08-16,27,601.9,430.195,126,0.4561403508771929,0.1682496607869742,2767.5299999999997,127,116,1.0,0.5517241379310345,0.7310344827586207,47266211_Bundle_1,1,0.6127564789034053,,,,
47266211,200113421,MAQUILLAJE,LBEL,17.3,2024-09-23,22,408.38,430.195,88,0.3684210526315789,0.1166892808683853,2767.5299999999997,127,116,0.782608695652174,0.2896551724137931,0.48683658170914546,47266211_Bundle_1,0,0.6127564789034053,1.0,3.0,2.5,2.5
47266211,200106650,MAQUILLAJE,ESIKA,12.45,2024-09-04,20,369.85,430.195,107,0.3333333333333333,0.1424694708276797,2767.5299999999997,127,116,0.6956521739130435,0.4206896551724138,0.5306746626686656,47266211_Bundle_1,0,0.6127564789034053,1.0,3.0,2.5,2.5
47266211,210099593,COMPLEMENTOS,CYZONE,38.9,2024-08-16,27,601.9,430.195,126,0.4561403508771929,0.1682496607869742,2767.5299999999997,127,116,1.0,0.5517241379310345,0.7310344827586207,47266211_Bundle_1,0,0.6127564789034053,1.0,3.0,2.5,2.5
47266211,200116798,FRAGANCIAS,CYZONE,39.9,2024-07-26,14,290.8,430.195,147,0.2280701754385964,0.1967435549525101,2767.5299999999997,127,116,0.43478260869565216,0.696551724137931,0.5918440779610195,47266211_Bundle_1,0,0.6127564789034053,1.0,3.0,2.5,2.5
47266211,200114281,MAQUILLAJE,CYZONE,12.5,2024-09-23,22,408.38,430.195,88,0.3684210526315789,0.1166892808683853,2767.5299999999997,127,116,0.782608695652174,0.2896551724137931,0.48683658170914546,47266211_Bundle_1,0,0.6127564789034053,1.0,3.0,2.5,2.5
47266211,200098673,FRAGANCIAS,ESIKA,44.9,2024-08-16,27,601.9,430.195,126,0.4561403508771929,0.1682496607869742,2767.5299999999997,127,116,1.0,0.5517241379310345,0.7310344827586207,47266211_Bundle_1,0,0.6127564789034053,1.0,3.0,2.5,2.5
47266211,200097895,TRATAMIENTO FACIAL,CYZONE,4.9,2024-08-16,27,601.9,430.195,126,0.4561403508771929,0.1682496607869742,2767.5299999999997,127,116,1.0,0.5517241379310345,0.7310344827586207,47266211_Bundle_2,1,0.5306575283786679,,,,
47266211,200109613,MAQUILLAJE,CYZONE,13.9,2024-06-12,4,183.6,430.195,191,0.0526315789473684,0.2564450474898236,2767.5299999999997,127,116,0.0,1.0,0.6,47266211_Bundle_2,0,0.5306575283786679,1.0,3.0,2.5,2.5
47266211,200103025,CUIDADO PERSONAL,ESIKA,29.9,2024-11-04,10,188.5,430.195,46,0.1578947368421052,0.0597014925373134,2767.5299999999997,127,116,0.2608695652173913,0.0,0.10434782608695653,47266211_Bundle_2,0,0.5306575283786679,1.0,3.0,2.5,2.5
47266211,200099047,FRAGANCIAS,ESIKA,43.65,2024-08-16,27,601.9,430.195,126,0.4561403508771929,0.1682496607869742,2767.5299999999997,127,116,1.0,0.5517241379310345,0.7310344827586207,47266211_Bundle_2,0,0.5306575283786679,1.0,3.0,2.5,2.5
47266211,200110331,MAQUILLAJE,ESIKA,13.7,2024-09-04,20,369.85,430.195,107,0.3333333333333333,0.1424694708276797,2767.5299999999997,127,116,0.6956521739130435,0.4206896551724138,0.5306746626686656,47266211_Bundle_2,0,0.5306575283786679,1.0,3.0,2.5,2.5
47266211,200095170,CUIDADO PERSONAL,ESIKA,9.9,2024-09-04,20,369.85,430.195,107,0.3333333333333333,0.1424694708276797,2767.5299999999997,127,116,0.6956521739130435,0.4206896551724138,0.5306746626686656,47266211_Bundle_2,0,0.5306575283786679,1.0,3.0,2.5,2.5
47266211,210099854,MAQUILLAJE,CYZONE,32.4,2024-09-23,22,408.38,430.195,88,0.3684210526315789,0.1166892808683853,2767.5299999999997,127,116,0.782608695652174,0.2896551724137931,0.48683658170914546,47266211_Bundle_2,0,0.5306575283786679,1.0,3.0,2.5,2.5
47383358,210100663,COMPLEMENTOS,CYZONE,46.9,2023-02-20,10,445.6,430.195,669,0.1578947368421052,0.9050203527815468,1639.7,46,45,1.0,1.0,1.0,47383358_Bundle_1,1,0.6678571428571428,,,,
47383358,200098799,MAQUILLAJE,CYZONE,18.9,2023-05-15,7,192.6,430.195,585,0.1052631578947368,0.7910447761194029,1639.7,46,45,0.25,0.25,0.25,47383358_Bundle_1,0,0.6678571428571428,1.0,3.0,2.5,2.5
47383358,200111302,MAQUILLAJE,LBEL,41.0,2023-04-24,7,375.4,430.195,606,0.1052631578947368,0.819538670284939,1639.7,46,45,0.25,0.4375,0.36250000000000004,47383358_Bundle_1,0,0.6678571428571428,1.0,3.0,2.5,2.5
47383358,200112951,MAQUILLAJE,ESIKA,21.9,2023-03-13,8,182.2,430.195,648,0.1228070175438596,0.8765264586160109,1639.7,46,45,0.5,0.8125,0.6875,47383358_Bundle_1,0,0.6678571428571428,1.0,3.0,2.5,2.5
47383358,200102045,FRAGANCIAS,ESIKA,29.9,2023-03-13,8,182.2,430.195,648,0.1228070175438596,0.8765264586160109,1639.7,46,45,0.5,0.8125,0.6875,47383358_Bundle_1,0,0.6678571428571428,1.0,3.0,2.5,2.5
47383358,200112640,TRATAMIENTO FACIAL,ESIKA,44.9,2023-03-13,8,182.2,430.195,648,0.1228070175438596,0.8765264586160109,1639.7,46,45,0.5,0.8125,0.6875,47383358_Bundle_1,0,0.6678571428571428,1.0,3.0,2.5,2.5
47383358,200102063,MAQUILLAJE,CYZONE,51.9,2023-02-20,10,445.6,430.195,669,0.1578947368421052,0.9050203527815468,1639.7,46,45,1.0,1.0,1.0,47383358_Bundle_1,0,0.6678571428571428,1.0,3.0,2.5,2.5
47383358,210100663,COMPLEMENTOS,CYZONE,46.9,2023-02-20,10,445.6,430.195,669,0.1578947368421052,0.9050203527815468,1639.7,46,45,1.0,1.0,1.0,47383358_Bundle_2,1,0.35892857142857143,,,,
47383358,200093883,FRAGANCIAS,ESIKA,17.45,2023-06-12,6,142.5,430.195,557,0.087719298245614,0.7530529172320217,1639.7,46,45,0.0,0.0,0.0,47383358_Bundle_2,0,0.35892857142857143,1.0,3.0,2.5,2.5
47383358,200109613,MAQUILLAJE,CYZONE,13.9,2023-05-15,7,192.6,430.195,585,0.1052631578947368,0.7910447761194029,1639.7,46,45,0.25,0.25,0.25,47383358_Bundle_2,0,0.35892857142857143,1.0,3.0,2.5,2.5
47383358,200093884,FRAGANCIAS,ESIKA,17.45,2023-06-12,6,142.5,430.195,557,0.087719298245614,0.7530529172320217,1639.7,46,45,0.0,0.0,0.0,47383358_Bundle_2,0,0.35892857142857143,1.0,3.0,2.5,2.5
47383358,200109874,FRAGANCIAS,CYZONE,39.9,2023-04-03,8,301.4,430.195,627,0.1228070175438596,0.8480325644504749,1639.7,46,45,0.5,0.625,0.575,47383358_Bundle_2,0,0.35892857142857143,1.0,3.0,2.5,2.5
47383358,200112640,TRATAMIENTO FACIAL,ESIKA,44.9,2023-03-13,8,182.2,430.195,648,0.1228070175438596,0.8765264586160109,1639.7,46,45,0.5,0.8125,0.6875,47383358_Bundle_2,0,0.35892857142857143,1.0,3.0,2.5,2.5
47383358,200106556,MAQUILLAJE,CYZONE,17.9,2023-06-12,6,142.5,430.195,557,0.087719298245614,0.7530529172320217,1639.7,46,45,0.0,0.0,0.0,47383358_Bundle_2,0,0.35892857142857143,1.0,3.0,2.5,2.5
47412552,200106648,MAQUILLAJE,ESIKA,16.9,2023-02-03,16,391.6,430.195,686,0.2631578947368421,0.9280868385345996,6237.55,253,170,0.6363636363636364,0.9446153846153846,0.8213146853146853,47412552_Bundle_1,1,0.5682237762237763,,,,
47412552,200095385,TRATAMIENTO CORPORAL,ESIKA,48.9,2023-02-03,16,391.6,430.195,686,0.2631578947368421,0.9280868385345996,6237.55,253,170,0.6363636363636364,0.9446153846153846,0.8213146853146853,47412552_Bundle_1,0,0.5682237762237763,1.0,3.0,2.5,2.5
47412552,200105041,FRAGANCIAS,ESIKA,25.35,2023-03-20,13,336.2,430.195,641,0.2105263157894736,0.8670284938941656,6237.55,253,170,0.5,0.8061538461538461,0.6836923076923076,47412552_Bundle_1,0,0.5682237762237763,1.0,3.0,2.5,2.5
47412552,200082674,FRAGANCIAS,ESIKA,14.97,2023-12-07,9,167.93,430.195,379,0.1403508771929824,0.5115332428765265,6237.55,253,170,0.3181818181818182,0.0,0.1272727272727273,47412552_Bundle_1,0,0.5682237762237763,1.0,3.0,2.5,2.5
47412552,200090452,FRAGANCIAS,ESIKA,29.74,2023-04-10,12,233.45,430.195,620,0.1929824561403508,0.8385345997286295,6237.55,253,170,0.45454545454545453,0.7415384615384616,0.6267412587412587,47412552_Bundle_1,0,0.5682237762237763,1.0,3.0,2.5,2.5
47412552,200112307,FRAGANCIAS,ESIKA,32.45,2023-10-26,23,518.6,430.195,421,0.3859649122807017,0.5685210312075983,6237.55,253,170,0.9545454545454546,0.12923076923076923,0.4593566433566434,47412552_Bundle_1,0,0.5682237762237763,1.0,3.0,2.5,2.5
47412552,210102383,BIJOUTERIE,ESIKA,59.9,2023-08-10,14,595.7,430.195,498,0.2280701754385964,0.6729986431478969,6237.55,253,170,0.5454545454545454,0.36615384615384616,0.4378741258741259,47412552_Bundle_1,0,0.5682237762237763,1.0,3.0,2.5,2.5
47412552,200106648,MAQUILLAJE,ESIKA,16.9,2023-02-03,16,391.6,430.195,686,0.2631578947368421,0.9280868385345996,6237.55,253,170,0.6363636363636364,0.9446153846153846,0.8213146853146853,47412552_Bundle_2,1,0.6496703296703297,,,,
47412552,200097066,CUIDADO PERSONAL,ESIKA,30.9,2023-06-30,14,420.0,430.195,539,0.2280701754385964,0.728629579375848,6237.55,253,170,0.5454545454545454,0.49230769230769234,0.5135664335664336,47412552_Bundle_2,0,0.6496703296703297,1.0,3.0,2.5,2.5
47412552,200105041,FRAGANCIAS,ESIKA,31.9,2023-04-10,12,233.45,430.195,620,0.1929824561403508,0.8385345997286295,6237.55,253,170,0.45454545454545453,0.7415384615384616,0.6267412587412587,47412552_Bundle_2,0,0.6496703296703297,1.0,3.0,2.5,2.5
47412552,200109874,FRAGANCIAS,CYZONE,24.9,2023-02-03,16,391.6,430.195,686,0.2631578947368421,0.9280868385345996,6237.55,253,170,0.6363636363636364,0.9446153846153846,0.8213146853146853,47412552_Bundle_2,0,0.6496703296703297,1.0,3.0,2.5,2.5
47412552,200105188,CUIDADO PERSONAL,ESIKA,7.78,2023-05-22,18,431.54,430.195,578,0.2982456140350877,0.7815468113975577,6237.55,253,170,0.7272727272727273,0.6123076923076923,0.6582937062937063,47412552_Bundle_2,0,0.6496703296703297,1.0,3.0,2.5,2.5
47412552,200087691,TRATAMIENTO CORPORAL,ESIKA,41.9,2023-09-15,24,570.65,430.195,462,0.4035087719298245,0.6241519674355496,6237.55,253,170,1.0,0.2553846153846154,0.5532307692307692,47412552_Bundle_2,0,0.6496703296703297,1.0,3.0,2.5,2.5
47412552,200078931,CUIDADO PERSONAL,ESIKA,11.65,2023-09-15,24,570.65,430.195,462,0.4035087719298245,0.6241519674355496,6237.55,253,170,1.0,0.2553846153846154,0.5532307692307692,47412552_Bundle_2,0,0.6496703296703297,1.0,3.0,2.5,2.5
47430550,200102089,MAQUILLAJE,CYZONE,15.9,2023-01-12,20,486.32,430.195,708,0.3333333333333333,0.9579375848032564,11728.68,414,309,0.9,0.9738219895287958,0.9442931937172776,47430550_Bundle_1,1,0.7468062827225131,,,,
47430550,200095903,FRAGANCIAS,ESIKA,39.42,2023-12-14,19,631.9,430.195,372,0.3157894736842105,0.5020352781546812,11728.68,414,309,0.85,0.387434554973822,0.5724607329842932,47430550_Bundle_1,0,0.7468062827225131,1.0,3.0,2.5,2.5
47430550,210102018,COMPLEMENTOS,CYZONE,39.9,2023-03-02,19,347.4,430.195,659,0.3157894736842105,0.8914518317503393,11728.68,414,309,0.85,0.8883071553228621,0.8729842931937173,47430550_Bundle_1,0,0.7468062827225131,1.0,3.0,2.5,2.5
47430550,200102430,FRAGANCIAS,ESIKA,13.3,2023-04-13,15,400.7,430.195,617,0.2456140350877192,0.8344640434192673,11728.68,414,309,0.65,0.8150087260034904,0.7490052356020942,47430550_Bundle_1,0,0.7468062827225131,1.0,3.0,2.5,2.5
47430550,200090365,TRATAMIENTO FACIAL,LBEL,203.0,2023-02-03,3,231.8,430.195,686,0.0350877192982456,0.9280868385345996,11728.68,414,309,0.05,0.9354275741710296,0.5812565445026178,47430550_Bundle_1,0,0.7468062827225131,1.0,3.0,2.5,2.5
47430550,210101779,BIJOUTERIE,ESIKA,39.9,2023-08-11,12,344.09,430.195,497,0.1929824561403508,0.6716417910447762,11728.68,414,309,0.5,0.6055846422338569,0.5633507853403141,47430550_Bundle_1,0,0.7468062827225131,1.0,3.0,2.5,2.5
47430550,200082652,CUIDADO PERSONAL,ESIKA,27.48,2023-01-12,20,486.32,430.195,708,0.3333333333333333,0.9579375848032564,11728.68,414,309,0.9,0.9738219895287958,0.9442931937172776,47430550_Bundle_1,0,0.7468062827225131,1.0,3.0,2.5,2.5
47430550,200102089,MAQUILLAJE,CYZONE,15.9,2023-01-12,20,486.32,430.195,708,0.3333333333333333,0.9579375848032564,11728.68,414,309,0.9,0.9738219895287958,0.9442931937172776,47430550_Bundle_2,1,0.7340164547494391,,,,
47430550,210090126,BIJOUTERIE,ESIKA,49.9,2023-07-06,18,423.7,430.195,533,0.2982456140350877,0.7204884667571235,11728.68,414,309,0.8,0.6684118673647469,0.7210471204188482,47430550_Bundle_2,0,0.7340164547494391,1.0,3.0,2.5,2.5
47430550,210098701,COMPLEMENTOS,CYZONE,22.9,2023-05-04,17,242.69,430.195,596,0.2807017543859649,0.8059701492537313,11728.68,414,309,0.75,0.7783595113438045,0.7670157068062827,47430550_Bundle_2,0,0.7340164547494391,1.0,3.0,2.5,2.5
47430550,200039855,FRAGANCIAS,CYZONE,34.9,2023-03-23,15,407.7999999999999,430.195,638,0.2456140350877192,0.8629579375848032,11728.68,414,309,0.65,0.8516579406631762,0.7709947643979057,47430550_Bundle_2,0,0.7340164547494391,1.0,3.0,2.5,2.5
47430550,200095374,CUIDADO PERSONAL,ESIKA,5.1,2023-06-14,14,219.8,430.195,555,0.2280701754385964,0.7503392130257802,11728.68,414,309,0.6,0.7068062827225131,0.6640837696335078,47430550_Bundle_2,0,0.7340164547494391,1.0,3.0,2.5,2.5
47430550,200086399,FRAGANCIAS,LBEL,13.3,2023-04-13,15,400.7,430.195,617,0.2456140350877192,0.8344640434192673,11728.68,414,309,0.65,0.8150087260034904,0.7490052356020942,47430550_Bundle_2,0,0.7340164547494391,1.0,3.0,2.5,2.5
47430550,200103028,CUIDADO PERSONAL,ESIKA,14.9,2023-10-28,14,420.17,430.195,419,0.2280701754385964,0.5658073270013568,11728.68,414,309,0.6,0.4694589877835951,0.5216753926701571,47430550_Bundle_2,0,0.7340164547494391,1.0,3.0,2.5,2.5
47499070,200112293,MAQUILLAJE,CYZONE,9.5,2023-01-20,20,629.7,430.195,700,0.3333333333333333,0.9470827679782904,10074.13,449,279,0.475,0.9648829431438127,0.7689297658862877,47499070_Bundle_1,1,0.547257525083612,,,,
47499070,200097067,CUIDADO PERSONAL,ESIKA,24.88,2023-02-10,18,423.4,430.195,679,0.2982456140350877,0.9185888738127544,10074.13,449,279,0.425,0.9297658862876255,0.7278595317725753,47499070_Bundle_1,0,0.547257525083612,1.0,3.0,2.5,2.5
47499070,200096723,TRATAMIENTO CORPORAL,ESIKA,16.55,2023-05-29,22,377.22,430.195,571,0.3684210526315789,0.7720488466757124,10074.13,449,279,0.525,0.7491638795986622,0.6594983277591973,47499070_Bundle_1,0,0.547257525083612,1.0,3.0,2.5,2.5
47499070,200115588,FRAGANCIAS,CYZONE,34.9,2024-07-30,24,451.46,430.195,143,0.4035087719298245,0.1913161465400271,10074.13,449,279,0.575,0.033444816053511704,0.250066889632107,47499070_Bundle_1,0,0.547257525083612,1.0,3.0,2.5,2.5
47499070,200103022,CUIDADO PERSONAL,ESIKA,11.65,2024-08-19,39,878.23,430.195,123,0.6666666666666666,0.1641791044776119,10074.13,449,279,0.95,0.0,0.38,47499070_Bundle_1,0,0.547257525083612,1.0,3.0,2.5,2.5
47499070,200086432,FRAGANCIAS,ESIKA,15.92,2024-08-19,39,878.23,430.195,123,0.6666666666666666,0.1641791044776119,10074.13,449,279,0.95,0.0,0.38,47499070_Bundle_1,0,0.547257525083612,1.0,3.0,2.5,2.5
47499070,200095162,CUIDADO PERSONAL,ESIKA,5.1,2023-06-13,24,422.11,430.195,556,0.4035087719298245,0.751696065128901,10074.13,449,279,0.575,0.7240802675585284,0.664448160535117,47499070_Bundle_1,0,0.547257525083612,1.0,3.0,2.5,2.5
47499070,200112293,MAQUILLAJE,CYZONE,9.5,2023-01-20,20,629.7,430.195,700,0.3333333333333333,0.9470827679782904,10074.13,449,279,0.475,0.9648829431438127,0.7689297658862877,47499070_Bundle_2,1,0.6302723363592929,,,,
47499070,200097067,CUIDADO PERSONAL,ESIKA,24.88,2023-02-10,18,423.4,430.195,679,0.2982456140350877,0.9185888738127544,10074.13,449,279,0.425,0.9297658862876255,0.7278595317725753,47499070_Bundle_2,0,0.6302723363592929,1.0,3.0,2.5,2.5
47499070,200078944,CUIDADO PERSONAL,ESIKA,13.3,2023-05-29,22,377.22,430.195,571,0.3684210526315789,0.7720488466757124,10074.13,449,279,0.525,0.7491638795986622,0.6594983277591973,47499070_Bundle_2,0,0.6302723363592929,1.0,3.0,2.5,2.5
47499070,200093883,FRAGANCIAS,ESIKA,18.99,2023-06-13,24,422.11,430.195,556,0.4035087719298245,0.751696065128901,10074.13,449,279,0.575,0.7240802675585284,0.664448160535117,47499070_Bundle_2,0,0.6302723363592929,1.0,3.0,2.5,2.5
47499070,200103450,CUIDADO PERSONAL,CYZONE,5.1,2023-05-29,22,377.22,430.195,571,0.3684210526315789,0.7720488466757124,10074.13,449,279,0.525,0.7491638795986622,0.6594983277591973,47499070_Bundle_2,0,0.6302723363592929,1.0,3.0,2.5,2.5
47499070,210105940,BIJOUTERIE,CYZONE,24.9,2024-06-13,21,606.9,430.195,190,0.3508771929824561,0.2550881953867028,10074.13,449,279,0.5,0.11204013377926421,0.2672240802675585,47499070_Bundle_2,0,0.6302723363592929,1.0,3.0,2.5,2.5
47499070,200105041,FRAGANCIAS,ESIKA,29.35,2023-06-13,24,422.11,430.195,556,0.4035087719298245,0.751696065128901,10074.13,449,279,0.575,0.7240802675585284,0.664448160535117,47499070_Bundle_2,0,0.6302723363592929,1.0,3.0,2.5,2.5
47687314,210100605,PROMOCION USUARIOS,ESIKA,64.9,2024-06-14,17,613.58,430.195,189,0.2807017543859649,0.2537313432835821,4060.28,123,103,1.0,0.772972972972973,0.8637837837837838,47687314_Bundle_1,1,0.5976833976833976,,,,
47687314,200108752,CUIDADO PERSONAL,ESIKA,16.9,2024-07-05,15,423.7999999999999,430.195,168,0.2456140350877192,0.2252374491180461,4060.28,123,103,0.7777777777777778,0.6594594594594595,0.7067867867867867,47687314_Bundle_1,0,0.5976833976833976,1.0,3.0,2.5,2.5
47687314,200111180,FRAGANCIAS,CYZONE,35.9,2024-05-03,10,367.1,430.195,231,0.1578947368421052,0.310719131614654,4060.28,123,103,0.2222222222222222,1.0,0.6888888888888889,47687314_Bundle_1,0,0.5976833976833976,1.0,3.0,2.5,2.5
47687314,200082687,CUIDADO PERSONAL,ESIKA,13.9,2024-10-10,17,593.6999999999999,430.195,71,0.2807017543859649,0.0936227951153324,4060.28,123,103,1.0,0.13513513513513514,0.4810810810810811,47687314_Bundle_1,0,0.5976833976833976,1.0,3.0,2.5,2.5
47687314,200099047,FRAGANCIAS,ESIKA,37.37,2024-10-10,17,593.6999999999999,430.195,71,0.2807017543859649,0.0936227951153324,4060.28,123,103,1.0,0.13513513513513514,0.4810810810810811,47687314_Bundle_1,0,0.5976833976833976,1.0,3.0,2.5,2.5
47687314,200095864,FRAGANCIAS,LBEL,83.1,2024-10-10,17,593.6999999999999,430.195,71,0.2807017543859649,0.0936227951153324,4060.28,123,103,1.0,0.13513513513513514,0.4810810810810811,47687314_Bundle_1,0,0.5976833976833976,1.0,3.0,2.5,2.5
47687314,200091727,FRAGANCIAS,ESIKA,54.9,2024-10-10,17,593.6999999999999,430.195,71,0.2807017543859649,0.0936227951153324,4060.28,123,103,1.0,0.13513513513513514,0.4810810810810811,47687314_Bundle_1,0,0.5976833976833976,1.0,3.0,2.5,2.5
47687314,210100605,PROMOCION USUARIOS,ESIKA,64.9,2024-06-14,17,613.58,430.195,189,0.2807017543859649,0.2537313432835821,4060.28,123,103,1.0,0.772972972972973,0.8637837837837838,47687314_Bundle_2,1,0.5447447447447448,,,,
47687314,200115453,CUIDADO PERSONAL,ESIKA,25.9,2024-11-04,8,297.4,430.195,46,0.1228070175438596,0.0597014925373134,4060.28,123,103,0.0,0.0,0.0,47687314_Bundle_2,0,0.5447447447447448,1.0,3.0,2.5,2.5
47687314,200111136,MAQUILLAJE,CYZONE,17.9,2024-08-19,11,405.6,430.195,123,0.175438596491228,0.1641791044776119,4060.28,123,103,0.3333333333333333,0.41621621621621624,0.38306306306306304,47687314_Bundle_2,0,0.5447447447447448,1.0,3.0,2.5,2.5
47687314,200090452,FRAGANCIAS,ESIKA,39.9,2024-09-20,13,403.1,430.195,91,0.2105263157894736,0.1207598371777476,4060.28,123,103,0.5555555555555556,0.24324324324324326,0.3681681681681682,47687314_Bundle_2,0,0.5447447447447448,1.0,3.0,2.5,2.5
47687314,200095430,CUIDADO PERSONAL,CYZONE,10.0,2024-06-14,17,613.58,430.195,189,0.2807017543859649,0.2537313432835821,4060.28,123,103,1.0,0.772972972972973,0.8637837837837838,47687314_Bundle_2,0,0.5447447447447448,1.0,3.0,2.5,2.5
47687314,200109581,MAQUILLAJE,ESIKA,33.9,2024-06-14,17,613.58,430.195,189,0.2807017543859649,0.2537313432835821,4060.28,123,103,1.0,0.772972972972973,0.8637837837837838,47687314_Bundle_2,0,0.5447447447447448,1.0,3.0,2.5,2.5
47687314,210105357,COMPLEMENTOS,CYZONE,65.9,2024-07-23,11,351.0,430.195,150,0.175438596491228,0.2008141112618724,4060.28,123,103,0.3333333333333333,0.5621621621621622,0.4706306306306306,47687314_Bundle_2,0,0.5447447447447448,1.0,3.0,2.5,2.5
47780152,200103449,CUIDADO PERSONAL,CYZONE,11.8,2024-07-23,20,669.3,430.195,150,0.3333333333333333,0.2008141112618724,3854.2,115,96,1.0,0.6303030303030303,0.7781818181818181,47780152_Bundle_1,1,0.6032900432900432,,,,
47780152,200114935,FRAGANCIAS,CYZONE,54.9,2024-09-18,16,592.9,430.195,93,0.2631578947368421,0.1234735413839891,3854.2,115,96,0.6666666666666666,0.28484848484848485,0.43757575757575756,47780152_Bundle_1,0,0.6032900432900432,1.0,3.0,2.5,2.5
47780152,200100926,FRAGANCIAS,ESIKA,25.45,2024-05-23,13,365.9,430.195,211,0.2105263157894736,0.2835820895522388,3854.2,115,96,0.4166666666666667,1.0,0.7666666666666666,47780152_Bundle_1,0,0.6032900432900432,1.0,3.0,2.5,2.5
47780152,200102351,MAQUILLAJE,ESIKA,20.9,2024-07-02,11,330.9,430.195,171,0.175438596491228,0.2293080054274084,3854.2,115,96,0.25,0.7575757575757576,0.5545454545454546,47780152_Bundle_1,0,0.6032900432900432,1.0,3.0,2.5,2.5
47780152,200082674,FRAGANCIAS,ESIKA,26.9,2024-07-02,11,330.9,430.195,171,0.175438596491228,0.2293080054274084,3854.2,115,96,0.25,0.7575757575757576,0.5545454545454546,47780152_Bundle_1,0,0.6032900432900432,1.0,3.0,2.5,2.5
47780152,200116807,FRAGANCIAS,CYZONE,32.9,2024-06-12,13,584.8000000000001,430.195,191,0.2105263157894736,0.2564450474898236,3854.2,115,96,0.4166666666666667,0.8787878787878788,0.6939393939393939,47780152_Bundle_1,0,0.6032900432900432,1.0,3.0,2.5,2.5
47780152,200118597,MAQUILLAJE,LBEL,36.0,2024-09-18,16,592.9,430.195,93,0.2631578947368421,0.1234735413839891,3854.2,115,96,0.6666666666666666,0.28484848484848485,0.43757575757575756,47780152_Bundle_1,0,0.6032900432900432,1.0,3.0,2.5,2.5
47780152,200103449,CUIDADO PERSONAL,CYZONE,11.8,2024-07-23,20,669.3,430.195,150,0.3333333333333333,0.2008141112618724,3854.2,115,96,1.0,0.6303030303030303,0.7781818181818181,47780152_Bundle_2,1,0.46761904761904766,,,,
47780152,200100926,FRAGANCIAS,ESIKA,25.45,2024-05-23,13,365.9,430.195,211,0.2105263157894736,0.2835820895522388,3854.2,115,96,0.4166666666666667,1.0,0.7666666666666666,47780152_Bundle_2,0,0.46761904761904766,1.0,3.0,2.5,2.5
47780152,210099073,BIJOUTERIE,ESIKA,54.9,2024-08-14,14,382.7,430.195,128,0.2280701754385964,0.1709633649932157,3854.2,115,96,0.5,0.49696969696969695,0.49818181818181817,47780152_Bundle_2,0,0.46761904761904766,1.0,3.0,2.5,2.5
47780152,200116558,FRAGANCIAS,LBEL,47.0,2024-11-04,10,314.3,430.195,46,0.1578947368421052,0.0597014925373134,3854.2,115,96,0.16666666666666666,0.0,0.06666666666666667,47780152_Bundle_2,0,0.46761904761904766,1.0,3.0,2.5,2.5
47780152,210103935,COMPLEMENTOS,CYZONE,41.9,2024-09-04,10,355.2,430.195,107,0.1578947368421052,0.1424694708276797,3854.2,115,96,0.16666666666666666,0.3696969696969697,0.28848484848484846,47780152_Bundle_2,0,0.46761904761904766,1.0,3.0,2.5,2.5
47780152,200115473,MAQUILLAJE,LBEL,54.0,2024-09-18,16,592.9,430.195,93,0.2631578947368421,0.1234735413839891,3854.2,115,96,0.6666666666666666,0.28484848484848485,0.43757575757575756,47780152_Bundle_2,0,0.46761904761904766,1.0,3.0,2.5,2.5
47780152,200118597,MAQUILLAJE,LBEL,36.0,2024-09-18,16,592.9,430.195,93,0.2631578947368421,0.1234735413839891,3854.2,115,96,0.6666666666666666,0.28484848484848485,0.43757575757575756,47780152_Bundle_2,0,0.46761904761904766,1.0,3.0,2.5,2.5
47880688,200105017,FRAGANCIAS,CYZONE,15.0,2023-11-21,16,488.9,430.195,395,0.2631578947368421,0.5332428765264586,3332.03,111,82,1.0,0.35,0.61,47880688_Bundle_1,1,0.4406625258799172,,,,
47880688,200090349,CUIDADO PERSONAL,ESIKA,17.3,2023-01-26,4,75.8,430.195,694,0.0526315789473684,0.9389416553595658,3332.03,111,82,0.0,1.0,0.6,47880688_Bundle_1,0,0.4406625258799172,1.0,3.0,2.5,2.5
47880688,210105378,COMPLEMENTOS,CYZONE,51.9,2024-04-30,4,137.99,430.195,234,0.0526315789473684,0.3147896879240163,3332.03,111,82,0.0,0.0,0.0,47880688_Bundle_1,0,0.4406625258799172,1.0,3.0,2.5,2.5
47880688,210100298,PROMOCION USUARIOS,ESIKA,1.0,2023-12-15,14,447.1,430.195,371,0.2280701754385964,0.5006784260515604,3332.03,111,82,0.8333333333333334,0.29782608695652174,0.5120289855072464,47880688_Bundle_1,0,0.4406625258799172,1.0,3.0,2.5,2.5
47880688,200113950,TRATAMIENTO FACIAL,CYZONE,18.9,2024-01-03,13,380.35,430.195,352,0.2105263157894736,0.4748982360922659,3332.03,111,82,0.75,0.2565217391304348,0.4539130434782609,47880688_Bundle_1,0,0.4406625258799172,1.0,3.0,2.5,2.5
47880688,210105885,COMPLEMENTOS,CYZONE,49.9,2024-03-19,16,430.8,430.195,276,0.2631578947368421,0.3717774762550881,3332.03,111,82,1.0,0.09130434782608696,0.4547826086956522,47880688_Bundle_1,0,0.4406625258799172,1.0,3.0,2.5,2.5
47880688,200115279,CUIDADO PERSONAL,LBEL,34.4,2024-01-03,13,380.35,430.195,352,0.2105263157894736,0.4748982360922659,3332.03,111,82,0.75,0.2565217391304348,0.4539130434782609,47880688_Bundle_1,0,0.4406625258799172,1.0,3.0,2.5,2.5
47880688,200105017,FRAGANCIAS,CYZONE,15.0,2023-11-21,16,488.9,430.195,395,0.2631578947368421,0.5332428765264586,3332.03,111,82,1.0,0.35,0.61,47880688_Bundle_2,1,0.5015734989648033,,,,
47880688,200106447,MAQUILLAJE,ESIKA,13.9,2024-01-03,13,380.35,430.195,352,0.2105263157894736,0.4748982360922659,3332.03,111,82,0.75,0.2565217391304348,0.4539130434782609,47880688_Bundle_2,0,0.5015734989648033,1.0,3.0,2.5,2.5
47880688,200113721,MAQUILLAJE,CYZONE,16.9,2023-12-15,14,447.1,430.195,371,0.2280701754385964,0.5006784260515604,3332.03,111,82,0.8333333333333334,0.29782608695652174,0.5120289855072464,47880688_Bundle_2,0,0.5015734989648033,1.0,3.0,2.5,2.5
47880688,200090337,CUIDADO PERSONAL,ESIKA,17.3,2023-01-26,4,75.8,430.195,694,0.0526315789473684,0.9389416553595658,3332.03,111,82,0.0,1.0,0.6,47880688_Bundle_2,0,0.5015734989648033,1.0,3.0,2.5,2.5
47880688,210105885,COMPLEMENTOS,CYZONE,49.9,2024-03-19,16,430.8,430.195,276,0.2631578947368421,0.3717774762550881,3332.03,111,82,1.0,0.09130434782608696,0.4547826086956522,47880688_Bundle_2,0,0.5015734989648033,1.0,3.0,2.5,2.5
47880688,210101851,PROMOCION USUARIOS,CYZONE,0.94,2023-11-21,16,488.9,430.195,395,0.2631578947368421,0.5332428765264586,3332.03,111,82,1.0,0.35,0.61,47880688_Bundle_2,0,0.5015734989648033,1.0,3.0,2.5,2.5
47880688,200115279,CUIDADO PERSONAL,LBEL,22.2,2024-01-16,8,254.7,430.195,339,0.1228070175438596,0.457259158751696,3332.03,111,82,0.3333333333333333,0.22826086956521738,0.2702898550724637,47880688_Bundle_2,0,0.5015734989648033,1.0,3.0,2.5,2.5
47948835,200105125,CUIDADO PERSONAL,ESIKA,7.38,2023-02-21,31,683.0,430.195,668,0.5263157894736842,0.903663500678426,8933.47,357,234,1.0,0.847457627118644,0.9084745762711864,47948835_Bundle_1,1,0.7325123947884239,,,,
47948835,200105207,FRAGANCIAS,LBEL,49.3,2024-01-15,12,247.4,430.195,340,0.1929824561403508,0.4586160108548168,8933.47,357,234,0.36666666666666664,0.053268765133171914,0.17862792574656983,47948835_Bundle_1,0,0.7325123947884239,1.0,3.0,2.5,2.5
47948835,200111234,TRATAMIENTO FACIAL,ESIKA,17.9,2023-04-05,17,431.56,430.195,625,0.2807017543859649,0.8453188602442334,8933.47,357,234,0.5333333333333333,0.7433414043583535,0.6593381759483454,47948835_Bundle_1,0,0.7325123947884239,1.0,3.0,2.5,2.5
47948835,200099047,FRAGANCIAS,ESIKA,15.0,2023-02-01,19,499.98,430.195,688,0.3157894736842105,0.9308005427408412,8933.47,357,234,0.6,0.8958837772397095,0.7775302663438256,47948835_Bundle_1,0,0.7325123947884239,1.0,3.0,2.5,2.5
47948835,210102306,BIJOUTERIE,ESIKA,54.9,2022-12-20,15,444.9,430.195,731,0.2456140350877192,0.989145183175034,8933.47,357,234,0.4666666666666667,1.0,0.7866666666666666,47948835_Bundle_1,0,0.7325123947884239,1.0,3.0,2.5,2.5
47948835,200073558,TRATAMIENTO FACIAL,LBEL,9.9,2023-02-21,31,683.0,430.195,668,0.5263157894736842,0.903663500678426,8933.47,357,234,1.0,0.847457627118644,0.9084745762711864,47948835_Bundle_1,0,0.7325123947884239,1.0,3.0,2.5,2.5
47948835,200098788,TRATAMIENTO FACIAL,LBEL,14.9,2023-02-21,31,683.0,430.195,668,0.5263157894736842,0.903663500678426,8933.47,357,234,1.0,0.847457627118644,0.9084745762711864,47948835_Bundle_1,0,0.7325123947884239,1.0,3.0,2.5,2.5
47948835,200105125,CUIDADO PERSONAL,ESIKA,7.38,2023-02-21,31,683.0,430.195,668,0.5263157894736842,0.903663500678426,8933.47,357,234,1.0,0.847457627118644,0.9084745762711864,47948835_Bundle_2,1,0.6727914216534071,,,,
47948835,200105207,FRAGANCIAS,LBEL,49.3,2024-01-15,12,247.4,430.195,340,0.1929824561403508,0.4586160108548168,8933.47,357,234,0.36666666666666664,0.053268765133171914,0.17862792574656983,47948835_Bundle_2,0,0.6727914216534071,1.0,3.0,2.5,2.5
47948835,200090452,FRAGANCIAS,ESIKA,61.9,2022-12-20,15,444.9,430.195,731,0.2456140350877192,0.989145183175034,8933.47,357,234,0.4666666666666667,1.0,0.7866666666666666,47948835_Bundle_2,0,0.6727914216534071,1.0,3.0,2.5,2.5
47948835,200105041,FRAGANCIAS,ESIKA,27.0,2023-07-17,30,696.8,430.195,522,0.5087719298245614,0.7055630936227951,8933.47,357,234,0.9666666666666667,0.4939467312348668,0.6830347054075868,47948835_Bundle_2,0,0.6727914216534071,1.0,3.0,2.5,2.5
47948835,200089508,TRATAMIENTO CORPORAL,ESIKA,25.9,2023-07-17,30,696.8,430.195,522,0.5087719298245614,0.7055630936227951,8933.47,357,234,0.9666666666666667,0.4939467312348668,0.6830347054075868,47948835_Bundle_2,0,0.6727914216534071,1.0,3.0,2.5,2.5
47948835,210095972,MAQUILLAJE,CYZONE,18.9,2022-12-20,15,444.9,430.195,731,0.2456140350877192,0.989145183175034,8933.47,357,234,0.4666666666666667,1.0,0.7866666666666666,47948835_Bundle_2,0,0.6727914216534071,1.0,3.0,2.5,2.5
47948835,200111162,FRAGANCIAS,CYZONE,24.95,2023-07-17,30,696.8,430.195,522,0.5087719298245614,0.7055630936227951,8933.47,357,234,0.9666666666666667,0.4939467312348668,0.6830347054075868,47948835_Bundle_2,0,0.6727914216534071,1.0,3.0,2.5,2.5
48047378,210096268,MAQUILLAJE,ESIKA,17.9,2023-01-04,14,330.2,430.195,716,0.2280701754385964,0.9687924016282226,2927.48,110,89,0.4,1.0,0.76,48047378_Bundle_1,1,0.5556756756756756,,,,
48047378,200109443,FRAGANCIAS,ESIKA,34.9,2023-03-28,17,403.32,430.195,633,0.2807017543859649,0.8561736770691994,2927.48,110,89,0.7,0.4391891891891892,0.5435135135135134,48047378_Bundle_1,0,0.5556756756756756,1.0,3.0,2.5,2.5
48047378,210102035,COMPLEMENTOS,CYZONE,32.9,2023-03-28,17,403.32,430.195,633,0.2807017543859649,0.8561736770691994,2927.48,110,89,0.7,0.4391891891891892,0.5435135135135134,48047378_Bundle_1,0,0.5556756756756756,1.0,3.0,2.5,2.5
48047378,200090349,CUIDADO PERSONAL,ESIKA,18.3,2023-03-28,17,403.32,430.195,633,0.2807017543859649,0.8561736770691994,2927.48,110,89,0.7,0.4391891891891892,0.5435135135135134,48047378_Bundle_1,0,0.5556756756756756,1.0,3.0,2.5,2.5
48047378,210100667,COMPLEMENTOS,CYZONE,22.9,2023-01-23,10,206.2,430.195,697,0.1578947368421052,0.943012211668928,2927.48,110,89,0.0,0.8716216216216216,0.522972972972973,48047378_Bundle_1,0,0.5556756756756756,1.0,3.0,2.5,2.5
48047378,200097066,CUIDADO PERSONAL,ESIKA,27.48,2023-03-28,17,403.32,430.195,633,0.2807017543859649,0.8561736770691994,2927.48,110,89,0.7,0.4391891891891892,0.5435135135135134,48047378_Bundle_1,0,0.5556756756756756,1.0,3.0,2.5,2.5
48047378,210097030,CUIDADO PERSONAL,LBEL,21.0,2023-03-06,12,370.6,430.195,655,0.1929824561403508,0.8860244233378561,2927.48,110,89,0.2,0.5878378378378378,0.4327027027027027,48047378_Bundle_1,0,0.5556756756756756,1.0,3.0,2.5,2.5
48047378,210096268,MAQUILLAJE,ESIKA,17.9,2023-01-04,14,330.2,430.195,716,0.2280701754385964,0.9687924016282226,2927.48,110,89,0.4,1.0,0.76,48047378_Bundle_2,1,0.5411969111969113,,,,
48047378,200102045,FRAGANCIAS,ESIKA,79.9,2023-05-11,13,381.9,430.195,589,0.2105263157894736,0.7964721845318861,2927.48,110,89,0.3,0.14189189189189189,0.20513513513513512,48047378_Bundle_2,0,0.5411969111969113,1.0,3.0,2.5,2.5
48047378,210102021,COMPLEMENTOS,CYZONE,86.9,2023-02-13,11,479.7,430.195,676,0.175438596491228,0.914518317503392,2927.48,110,89,0.1,0.7297297297297297,0.47783783783783784,48047378_Bundle_2,0,0.5411969111969113,1.0,3.0,2.5,2.5
48047378,210102057,COMPLEMENTOS,CYZONE,16.9,2023-01-04,14,330.2,430.195,716,0.2280701754385964,0.9687924016282226,2927.48,110,89,0.4,1.0,0.76,48047378_Bundle_2,0,0.5411969111969113,1.0,3.0,2.5,2.5
48047378,200103452,CUIDADO PERSONAL,LBEL,7.0,2023-01-23,10,206.2,430.195,697,0.1578947368421052,0.943012211668928,2927.48,110,89,0.0,0.8716216216216216,0.522972972972973,48047378_Bundle_2,0,0.5411969111969113,1.0,3.0,2.5,2.5
48047378,200109632,TRATAMIENTO CORPORAL,ESIKA,16.9,2023-01-04,14,330.2,430.195,716,0.2280701754385964,0.9687924016282226,2927.48,110,89,0.4,1.0,0.76,48047378_Bundle_2,0,0.5411969111969113,1.0,3.0,2.5,2.5
48047378,210088426,BIJOUTERIE,ESIKA,19.0,2023-04-17,13,448.0,430.195,613,0.2105263157894736,0.8290366350067843,2927.48,110,89,0.3,0.30405405405405406,0.30243243243243245,48047378_Bundle_2,0,0.5411969111969113,1.0,3.0,2.5,2.5
48177719,200108752,CUIDADO PERSONAL,ESIKA,12.06,2023-04-28,18,323.18,430.195,602,0.2982456140350877,0.8141112618724559,4474.79,186,133,0.6923076923076923,0.7047146401985112,0.6997518610421836,48177719_Bundle_1,1,0.40241049273307344,,,,
48177719,200110332,MAQUILLAJE,ESIKA,29.9,2023-12-12,22,523.7,430.195,374,0.3684210526315789,0.5047489823609227,4474.79,186,133,1.0,0.13895781637717122,0.4833746898263028,48177719_Bundle_1,0,0.40241049273307344,1.0,3.0,2.5,2.5
48177719,200106346,FRAGANCIAS,ESIKA,31.81,2023-04-28,18,323.18,430.195,602,0.2982456140350877,0.8141112618724559,4474.79,186,133,0.6923076923076923,0.7047146401985112,0.6997518610421836,48177719_Bundle_1,0,0.40241049273307344,1.0,3.0,2.5,2.5
48177719,200089509,FRAGANCIAS,ESIKA,27.3,2023-10-27,16,345.0,430.195,420,0.2631578947368421,0.5671641791044776,4474.79,186,133,0.5384615384615384,0.2531017369727047,0.36724565756823824,48177719_Bundle_1,0,0.40241049273307344,1.0,3.0,2.5,2.5
48177719,200060760,FRAGANCIAS,CYZONE,31.9,2024-02-06,12,305.3,430.195,318,0.1929824561403508,0.4287652645861601,4474.79,186,133,0.23076923076923078,0.0,0.09230769230769231,48177719_Bundle_1,0,0.40241049273307344,1.0,3.0,2.5,2.5
48177719,200106455,MAQUILLAJE,ESIKA,13.9,2023-12-28,12,365.0,430.195,358,0.1929824561403508,0.4830393487109905,4474.79,186,133,0.23076923076923078,0.09925558312655088,0.15186104218362284,48177719_Bundle_1,0,0.40241049273307344,1.0,3.0,2.5,2.5
48177719,200112530,TRATAMIENTO CORPORAL,ESIKA,20.74,2023-07-25,10,263.52,430.195,514,0.1578947368421052,0.694708276797829,4474.79,186,133,0.07692307692307693,0.48635235732009924,0.3225806451612903,48177719_Bundle_1,0,0.40241049273307344,1.0,3.0,2.5,2.5
48177719,200108752,CUIDADO PERSONAL,ESIKA,12.06,2023-04-28,18,323.18,430.195,602,0.2982456140350877,0.8141112618724559,4474.79,186,133,0.6923076923076923,0.7047146401985112,0.6997518610421836,48177719_Bundle_2,1,0.3779510811768877,,,,
48177719,200105079,FRAGANCIAS,CYZONE,29.9,2023-02-06,12,256.3,430.195,683,0.1929824561403508,0.9240162822252376,4474.79,186,133,0.23076923076923078,0.9057071960297767,0.6357320099255583,48177719_Bundle_2,0,0.3779510811768877,1.0,3.0,2.5,2.5
48177719,210098462,MAQUILLAJE,CYZONE,12.9,2023-09-04,10,287.1,430.195,473,0.1578947368421052,0.6390773405698779,4474.79,186,133,0.07692307692307693,0.38461538461538464,0.26153846153846155,48177719_Bundle_2,0,0.3779510811768877,1.0,3.0,2.5,2.5
48177719,200060760,FRAGANCIAS,CYZONE,42.9,2023-09-04,10,287.1,430.195,473,0.1578947368421052,0.6390773405698779,4474.79,186,133,0.07692307692307693,0.38461538461538464,0.26153846153846155,48177719_Bundle_2,0,0.3779510811768877,1.0,3.0,2.5,2.5
48177719,200105041,FRAGANCIAS,ESIKA,28.0,2023-12-12,22,523.7,430.195,374,0.3684210526315789,0.5047489823609227,4474.79,186,133,1.0,0.13895781637717122,0.4833746898263028,48177719_Bundle_2,0,0.3779510811768877,1.0,3.0,2.5,2.5
48177719,200101449,FRAGANCIAS,CYZONE,24.17,2023-12-28,12,365.0,430.195,358,0.1929824561403508,0.4830393487109905,4474.79,186,133,0.23076923076923078,0.09925558312655088,0.15186104218362284,48177719_Bundle_2,0,0.3779510811768877,1.0,3.0,2.5,2.5
48177719,200089507,FRAGANCIAS,ESIKA,44.9,2023-12-28,12,365.0,430.195,358,0.1929824561403508,0.4830393487109905,4474.79,186,133,0.23076923076923078,0.09925558312655088,0.15186104218362284,48177719_Bundle_2,0,0.3779510811768877,1.0,3.0,2.5,2.5
48212689,200086399,FRAGANCIAS,LBEL,16.64,2023-01-10,27,610.92,430.195,710,0.4561403508771929,0.960651289009498,4286.23,196,146,1.0,0.933993399339934,0.9603960396039604,48212689_Bundle_1,1,0.5161716171617161,,,,
48212689,200106604,MAQUILLAJE,CYZONE,18.95,2023-06-26,12,218.52,430.195,543,0.1929824561403508,0.7340569877883311,4286.23,196,146,0.2857142857142857,0.38283828382838286,0.343988684582744,48212689_Bundle_1,0,0.5161716171617161,1.0,3.0,2.5,2.5
48212689,200087691,TRATAMIENTO CORPORAL,ESIKA,41.9,2023-01-10,27,610.92,430.195,710,0.4561403508771929,0.960651289009498,4286.23,196,146,1.0,0.933993399339934,0.9603960396039604,48212689_Bundle_1,0,0.5161716171617161,1.0,3.0,2.5,2.5
48212689,210095652,MAQUILLAJE,CYZONE,12.9,2023-07-18,15,211.1,430.195,521,0.2456140350877192,0.7042062415196744,4286.23,196,146,0.42857142857142855,0.3102310231023102,0.35756718528995757,48212689_Bundle_1,0,0.5161716171617161,1.0,3.0,2.5,2.5
48212689,200112904,MAQUILLAJE,CYZONE,17.9,2023-03-20,6,114.56,430.195,641,0.087719298245614,0.8670284938941656,4286.23,196,146,0.0,0.7062706270627063,0.42376237623762375,48212689_Bundle_1,0,0.5161716171617161,1.0,3.0,2.5,2.5
48212689,200106455,MAQUILLAJE,ESIKA,19.9,2023-10-20,17,336.7,430.195,427,0.2807017543859649,0.576662143826323,4286.23,196,146,0.5238095238095238,0.0,0.20952380952380956,48212689_Bundle_1,0,0.5161716171617161,1.0,3.0,2.5,2.5
48212689,200105217,TRATAMIENTO FACIAL,ESIKA,27.45,2023-07-18,15,211.1,430.195,521,0.2456140350877192,0.7042062415196744,4286.23,196,146,0.42857142857142855,0.3102310231023102,0.35756718528995757,48212689_Bundle_1,0,0.5161716171617161,1.0,3.0,2.5,2.5
48212689,200086399,FRAGANCIAS,LBEL,16.64,2023-01-10,27,610.92,430.195,710,0.4561403508771929,0.960651289009498,4286.23,196,146,1.0,0.933993399339934,0.9603960396039604,48212689_Bundle_2,1,0.5322017916077321,,,,
48212689,200103028,CUIDADO PERSONAL,ESIKA,14.98,2023-03-20,6,114.56,430.195,641,0.087719298245614,0.8670284938941656,4286.23,196,146,0.0,0.7062706270627063,0.42376237623762375,48212689_Bundle_2,0,0.5322017916077321,1.0,3.0,2.5,2.5
48212689,200103733,MAQUILLAJE,ESIKA,22.9,2023-01-30,22,460.45,430.195,690,0.3684210526315789,0.9335142469470828,4286.23,196,146,0.7619047619047619,0.8679867986798679,0.8255539839698255,48212689_Bundle_2,0,0.5322017916077321,1.0,3.0,2.5,2.5
48212689,200095465,CUIDADO PERSONAL,ESIKA,7.38,2023-07-18,15,211.1,430.195,521,0.2456140350877192,0.7042062415196744,4286.23,196,146,0.42857142857142855,0.3102310231023102,0.35756718528995757,48212689_Bundle_2,0,0.5322017916077321,1.0,3.0,2.5,2.5
48212689,200106606,MAQUILLAJE,CYZONE,16.9,2023-01-30,22,460.45,430.195,690,0.3684210526315789,0.9335142469470828,4286.23,196,146,0.7619047619047619,0.8679867986798679,0.8255539839698255,48212689_Bundle_2,0,0.5322017916077321,1.0,3.0,2.5,2.5
48212689,200106606,MAQUILLAJE,CYZONE,18.9,2023-08-07,11,286.97999999999996,430.195,501,0.175438596491228,0.6770691994572592,4286.23,196,146,0.23809523809523808,0.24422442244224424,0.24177274870344176,48212689_Bundle_2,0,0.5322017916077321,1.0,3.0,2.5,2.5
48212689,200103327,MAQUILLAJE,ESIKA,34.9,2023-10-03,9,240.3,430.195,444,0.1403508771929824,0.5997286295793759,4286.23,196,146,0.14285714285714285,0.056105610561056105,0.0908062234794908,48212689_Bundle_2,0,0.5322017916077321,1.0,3.0,2.5,2.5
48297765,200082688,CUIDADO PERSONAL,ESIKA,21.9,2022-12-28,14,287.84,430.195,723,0.2280701754385964,0.9782903663500678,9000.74,373,230,0.4444444444444444,1.0,0.7777777777777778,48297765_Bundle_1,1,0.5424813331355388,,,,
48297765,200102351,MAQUILLAJE,ESIKA,21.0,2024-06-03,12,327.44,430.195,200,0.1929824561403508,0.2686567164179104,9000.74,373,230,0.37037037037037035,0.1853582554517134,0.2593631014191762,48297765_Bundle_1,0,0.5424813331355388,1.0,3.0,2.5,2.5
48297765,200115940,MAQUILLAJE,CYZONE,13.95,2024-01-16,15,317.8,430.195,339,0.2456140350877192,0.457259158751696,9000.74,373,230,0.48148148148148145,0.40186915887850466,0.43371408791969535,48297765_Bundle_1,0,0.5424813331355388,1.0,3.0,2.5,2.5
48297765,200089507,FRAGANCIAS,ESIKA,41.9,2023-02-03,9,285.93,430.195,686,0.1403508771929824,0.9280868385345996,9000.74,373,230,0.25925925925925924,0.942367601246106,0.6691242644513673,48297765_Bundle_1,0,0.5424813331355388,1.0,3.0,2.5,2.5
48297765,210102162,BIJOUTERIE,CYZONE,39.9,2023-02-27,15,422.76,430.195,662,0.2456140350877192,0.8955223880597015,9000.74,373,230,0.48148148148148145,0.9049844236760125,0.7355832467982,48297765_Bundle_1,0,0.5424813331355388,1.0,3.0,2.5,2.5
48297765,200113883,MAQUILLAJE,ESIKA,10.98,2024-06-26,13,349.71999999999997,430.195,177,0.2105263157894736,0.2374491180461329,9000.74,373,230,0.4074074074074074,0.14953271028037382,0.25268258913118724,48297765_Bundle_1,0,0.5424813331355388,1.0,3.0,2.5,2.5
48297765,210098462,MAQUILLAJE,CYZONE,17.9,2023-02-03,9,285.93,430.195,686,0.1403508771929824,0.9280868385345996,9000.74,373,230,0.25925925925925924,0.942367601246106,0.6691242644513673,48297765_Bundle_1,0,0.5424813331355388,1.0,3.0,2.5,2.5
48297765,200082688,CUIDADO PERSONAL,ESIKA,21.9,2022-12-28,14,287.84,430.195,723,0.2280701754385964,0.9782903663500678,9000.74,373,230,0.4444444444444444,1.0,0.7777777777777778,48297765_Bundle_2,1,0.5575483360530089,,,,
48297765,200109872,FRAGANCIAS,CYZONE,13.3,2023-04-12,16,527.6999999999999,430.195,618,0.2631578947368421,0.835820895522388,9000.74,373,230,0.5185185185185185,0.8364485981308412,0.7092765662859121,48297765_Bundle_2,0,0.5575483360530089,1.0,3.0,2.5,2.5
48297765,210101986,COMPLEMENTOS,CYZONE,99.9,2023-02-27,15,422.76,430.195,662,0.2456140350877192,0.8955223880597015,9000.74,373,230,0.48148148148148145,0.9049844236760125,0.7355832467982,48297765_Bundle_2,0,0.5575483360530089,1.0,3.0,2.5,2.5
48297765,200105017,FRAGANCIAS,CYZONE,17.45,2023-08-24,21,339.52,430.195,484,0.3508771929824561,0.6540027137042063,9000.74,373,230,0.7037037037037037,0.6277258566978193,0.6581169955001731,48297765_Bundle_2,0,0.5575483360530089,1.0,3.0,2.5,2.5
48297765,200115588,FRAGANCIAS,CYZONE,34.9,2024-07-15,17,348.75,430.195,158,0.2807017543859649,0.2116689280868385,9000.74,373,230,0.5555555555555556,0.11993769470404984,0.29418483904465215,48297765_Bundle_2,0,0.5575483360530089,1.0,3.0,2.5,2.5
48297765,200111184,TRATAMIENTO CORPORAL,ESIKA,36.9,2024-07-15,17,348.75,430.195,158,0.2807017543859649,0.2116689280868385,9000.74,373,230,0.5555555555555556,0.11993769470404984,0.29418483904465215,48297765_Bundle_2,0,0.5575483360530089,1.0,3.0,2.5,2.5
48297765,200115937,MAQUILLAJE,CYZONE,13.95,2024-01-16,15,317.8,430.195,339,0.2456140350877192,0.457259158751696,9000.74,373,230,0.48148148148148145,0.40186915887850466,0.43371408791969535,48297765_Bundle_2,0,0.5575483360530089,1.0,3.0,2.5,2.5
48341519,200107360,MAQUILLAJE,CYZONE,13.9,2023-01-13,30,654.23,430.195,707,0.5087719298245614,0.9565807327001355,9324.74,384,284,1.0,0.9737704918032787,0.9842622950819672,48341519_Bundle_1,1,0.7929836065573771,,,,
48341519,400095684,Others,ESIKA,3.3,2023-01-13,30,654.23,430.195,707,0.5087719298245614,0.9565807327001355,9324.74,384,284,1.0,0.9737704918032787,0.9842622950819672,48341519_Bundle_1,0,0.7929836065573771,1.0,3.0,2.5,2.5
48341519,200106396,FRAGANCIAS,ESIKA,25.9,2023-03-03,17,356.95000000000005,430.195,658,0.2807017543859649,0.8900949796472184,9324.74,384,284,0.48,0.8934426229508197,0.7280655737704917,48341519_Bundle_1,0,0.7929836065573771,1.0,3.0,2.5,2.5
48341519,200106284,FRAGANCIAS,ESIKA,52.9,2023-05-05,16,452.2,430.195,595,0.2631578947368421,0.8046132971506106,9324.74,384,284,0.44,0.7901639344262295,0.6500983606557377,48341519_Bundle_1,0,0.7929836065573771,1.0,3.0,2.5,2.5
48341519,200099047,FRAGANCIAS,ESIKA,12.5,2023-03-17,27,862.06,430.195,644,0.4561403508771929,0.8710990502035278,9324.74,384,284,0.88,0.8704918032786885,0.8742950819672131,48341519_Bundle_1,0,0.7929836065573771,1.0,3.0,2.5,2.5
48341519,200095168,CUIDADO PERSONAL,ESIKA,7.38,2023-05-05,16,452.2,430.195,595,0.2631578947368421,0.8046132971506106,9324.74,384,284,0.44,0.7901639344262295,0.6500983606557377,48341519_Bundle_1,0,0.7929836065573771,1.0,3.0,2.5,2.5
48341519,400095715,Others,LBEL,3.3,2023-10-17,28,502.32,430.195,430,0.4736842105263157,0.5807327001356852,9324.74,384,284,0.92,0.519672131147541,0.6798032786885246,48341519_Bundle_1,0,0.7929836065573771,1.0,3.0,2.5,2.5
48341519,200107360,MAQUILLAJE,CYZONE,13.9,2023-01-13,30,654.23,430.195,707,0.5087719298245614,0.9565807327001355,9324.74,384,284,1.0,0.9737704918032787,0.9842622950819672,48341519_Bundle_2,1,0.7164215456674473,,,,
48341519,200091727,FRAGANCIAS,ESIKA,29.9,2023-07-10,29,857.5,430.195,529,0.4912280701754385,0.7150610583446404,9324.74,384,284,0.96,0.6819672131147541,0.7931803278688525,48341519_Bundle_2,0,0.7164215456674473,1.0,3.0,2.5,2.5
48341519,200109537,CUIDADO PERSONAL,ESIKA,7.38,2024-06-14,20,331.95,430.195,189,0.3333333333333333,0.2537313432835821,9324.74,384,284,0.6,0.12459016393442623,0.3147540983606557,48341519_Bundle_2,0,0.7164215456674473,1.0,3.0,2.5,2.5
48341519,210102563,COMPLEMENTOS,CYZONE,44.9,2023-08-18,7,299.4,430.195,490,0.1052631578947368,0.6621438263229308,9324.74,384,284,0.08,0.6180327868852459,0.40281967213114755,48341519_Bundle_2,0,0.7164215456674473,1.0,3.0,2.5,2.5
48341519,200086399,FRAGANCIAS,LBEL,16.64,2023-01-13,30,654.23,430.195,707,0.5087719298245614,0.9565807327001355,9324.74,384,284,1.0,0.9737704918032787,0.9842622950819672,48341519_Bundle_2,0,0.7164215456674473,1.0,3.0,2.5,2.5
48341519,400095665,Others,CYZONE,3.3,2022-12-28,24,377.2,430.195,723,0.4035087719298245,0.9782903663500678,9324.74,384,284,0.76,1.0,0.904,48341519_Bundle_2,0,0.7164215456674473,1.0,3.0,2.5,2.5
48341519,200093884,FRAGANCIAS,ESIKA,20.0,2023-06-09,17,290.92,430.195,560,0.2807017543859649,0.757123473541384,9324.74,384,284,0.48,0.7327868852459016,0.631672131147541,48341519_Bundle_2,0,0.7164215456674473,1.0,3.0,2.5,2.5
48346014,210101378,BIJOUTERIE,ESIKA,40.9,2023-01-19,53,1196.91,430.195,701,0.912280701754386,0.9484396200814112,16470.829999999998,665,469,0.9122807017543859,0.946078431372549,0.9325593395252838,48346014_Bundle_1,1,0.8517322718561109,,,,
48346014,200091710,MUESTRAS COSMETICOS,CYZONE,1.2,2023-05-29,39,676.97,430.195,571,0.6666666666666666,0.7720488466757124,16470.829999999998,665,469,0.6666666666666666,0.6274509803921569,0.6431372549019607,48346014_Bundle_1,0,0.8517322718561109,1.0,3.0,2.5,2.5
48346014,200107850,TRATAMIENTO FACIAL,LBEL,25.95,2023-02-09,51,1211.71,430.195,680,0.8771929824561403,0.9199457259158752,16470.829999999998,665,469,0.8771929824561403,0.8946078431372549,0.887641898864809,48346014_Bundle_1,0,0.8517322718561109,1.0,3.0,2.5,2.5
48346014,200105075,MUESTRAS COSMETICOS,LBEL,1.2,2022-12-28,42,636.23,430.195,723,0.7192982456140351,0.9782903663500678,16470.829999999998,665,469,0.7192982456140351,1.0,0.887719298245614,48346014_Bundle_1,0,0.8517322718561109,1.0,3.0,2.5,2.5
48346014,200098648,TRATAMIENTO FACIAL,ESIKA,36.9,2022-12-28,42,636.23,430.195,723,0.7192982456140351,0.9782903663500678,16470.829999999998,665,469,0.7192982456140351,1.0,0.887719298245614,48346014_Bundle_1,0,0.8517322718561109,1.0,3.0,2.5,2.5
48346014,210102004,COMPLEMENTOS,CYZONE,39.9,2023-03-02,48,1257.5,430.195,659,0.8245614035087719,0.8914518317503393,16470.829999999998,665,469,0.8245614035087719,0.8431372549019608,0.8357069143446852,48346014_Bundle_1,0,0.8517322718561109,1.0,3.0,2.5,2.5
48346014,200109538,FRAGANCIAS,LBEL,29.9,2023-02-09,51,1211.71,430.195,680,0.8771929824561403,0.9199457259158752,16470.829999999998,665,469,0.8771929824561403,0.8946078431372549,0.887641898864809,48346014_Bundle_1,0,0.8517322718561109,1.0,3.0,2.5,2.5
48346014,210101378,BIJOUTERIE,ESIKA,40.9,2023-01-19,53,1196.91,430.195,701,0.912280701754386,0.9484396200814112,16470.829999999998,665,469,0.9122807017543859,0.946078431372549,0.9325593395252838,48346014_Bundle_2,1,0.7169504643962848,,,,
48346014,210098493,MAQUILLAJE,ESIKA,25.9,2023-02-09,51,1211.71,430.195,680,0.8771929824561403,0.9199457259158752,16470.829999999998,665,469,0.8771929824561403,0.8946078431372549,0.887641898864809,48346014_Bundle_2,0,0.7169504643962848,1.0,3.0,2.5,2.5
48346014,210101853,MAQUILLAJE,CYZONE,34.95,2023-10-16,21,509.05,430.195,431,0.3508771929824561,0.582089552238806,16470.829999999998,665,469,0.3508771929824561,0.28431372549019607,0.31093911248710004,48346014_Bundle_2,0,0.7169504643962848,1.0,3.0,2.5,2.5
48346014,200098673,FRAGANCIAS,ESIKA,32.59,2023-04-13,33,686.53,430.195,617,0.5614035087719298,0.8344640434192673,16470.829999999998,665,469,0.5614035087719298,0.7401960784313726,0.6686790505675955,48346014_Bundle_2,0,0.7169504643962848,1.0,3.0,2.5,2.5
48346014,200112476,MAQUILLAJE,ESIKA,12.9,2023-01-19,53,1196.91,430.195,701,0.912280701754386,0.9484396200814112,16470.829999999998,665,469,0.9122807017543859,0.946078431372549,0.9325593395252838,48346014_Bundle_2,0,0.7169504643962848,1.0,3.0,2.5,2.5
48346014,200088910,MUESTRAS COSMETICOS,ESIKA,1.2,2023-05-29,39,676.97,430.195,571,0.6666666666666666,0.7720488466757124,16470.829999999998,665,469,0.6666666666666666,0.6274509803921569,0.6431372549019607,48346014_Bundle_2,0,0.7169504643962848,1.0,3.0,2.5,2.5
48346014,200106158,TRATAMIENTO CORPORAL,LBEL,12.5,2023-05-29,39,676.97,430.195,571,0.6666666666666666,0.7720488466757124,16470.829999999998,665,469,0.6666666666666666,0.6274509803921569,0.6431372549019607,48346014_Bundle_2,0,0.7169504643962848,1.0,3.0,2.5,2.5
48372104,200103025,CUIDADO PERSONAL,ESIKA,22.18,2022-12-19,6,157.7,430.195,732,0.087719298245614,0.9905020352781548,157.7,6,6,0.0,0.0,0.0,48372104_Bundle_1,1,0.0,,,,
48372104,200090349,CUIDADO PERSONAL,ESIKA,23.9,2022-12-19,6,157.7,430.195,732,0.087719298245614,0.9905020352781548,157.7,6,6,0.0,0.0,0.0,48372104_Bundle_1,0,0.0,0.0,3.0,2.25,2.25
48372104,200097066,CUIDADO PERSONAL,ESIKA,23.15,2022-12-19,6,157.7,430.195,732,0.087719298245614,0.9905020352781548,157.7,6,6,0.0,0.0,0.0,48372104_Bundle_1,0,0.0,0.0,1.0,0.75,0.75
48372104,200112474,TRATAMIENTO CORPORAL,LBEL,45.0,2022-12-19,6,157.7,430.195,732,0.087719298245614,0.9905020352781548,157.7,6,6,0.0,0.0,0.0,48372104_Bundle_1,0,0.0,1.0,0.0,0.25,0.25
48372104,200105017,FRAGANCIAS,CYZONE,19.57,2022-12-19,6,157.7,430.195,732,0.087719298245614,0.9905020352781548,157.7,6,6,0.0,0.0,0.0,48372104_Bundle_1,0,0.0,1.0,0.0,0.25,0.25
48372104,200090346,CUIDADO PERSONAL,ESIKA,23.9,2022-12-19,6,157.7,430.195,732,0.087719298245614,0.9905020352781548,157.7,6,6,0.0,0.0,0.0,48372104_Bundle_1,0,0.0,0.0,0.0,0.0,0.0
48372104,200103025,CUIDADO PERSONAL,ESIKA,22.18,2022-12-19,6,157.7,430.195,732,0.087719298245614,0.9905020352781548,157.7,6,6,0.0,0.0,0.0,48372104_Bundle_2,1,0.0,,,,
48372104,200105017,FRAGANCIAS,CYZONE,19.57,2022-12-19,6,157.7,430.195,732,0.087719298245614,0.9905020352781548,157.7,6,6,0.0,0.0,0.0,48372104_Bundle_2,0,0.0,1.0,3.0,2.5,2.5
48372104,200090349,CUIDADO PERSONAL,ESIKA,23.9,2022-12-19,6,157.7,430.195,732,0.087719298245614,0.9905020352781548,157.7,6,6,0.0,0.0,0.0,48372104_Bundle_2,0,0.0,0.0,2.0,1.5,1.5
48372104,200097066,CUIDADO PERSONAL,ESIKA,23.15,2022-12-19,6,157.7,430.195,732,0.087719298245614,0.9905020352781548,157.7,6,6,0.0,0.0,0.0,48372104_Bundle_2,0,0.0,0.0,2.0,1.5,1.5
48372104,200112474,TRATAMIENTO CORPORAL,LBEL,45.0,2022-12-19,6,157.7,430.195,732,0.087719298245614,0.9905020352781548,157.7,6,6,0.0,0.0,0.0,48372104_Bundle_2,0,0.0,1.0,1.0,1.0,1.0
48372104,200090346,CUIDADO PERSONAL,ESIKA,23.9,2022-12-19,6,157.7,430.195,732,0.087719298245614,0.9905020352781548,157.7,6,6,0.0,0.0,0.0,48372104_Bundle_2,0,0.0,0.0,1.0,0.75,0.75
48433154,200095464,CUIDADO PERSONAL,ESIKA,11.9,2023-05-05,22,441.68,430.195,595,0.3684210526315789,0.8046132971506106,12139.58,470,285,0.9,0.812220566318927,0.8473323397913562,48433154_Bundle_1,1,0.5738215882478178,,,,
48433154,210104357,MAQUILLAJE,CYZONE,23.9,2024-10-11,18,420.05,430.195,70,0.2982456140350877,0.0922659430122116,12139.58,470,285,0.7,0.029806259314456036,0.2978837555886736,48433154_Bundle_1,0,0.5738215882478178,1.0,3.0,2.5,2.5
48433154,200112475,TRATAMIENTO FACIAL,ESIKA,23.5,2023-06-19,10,417.3,430.195,550,0.1578947368421052,0.7435549525101763,12139.58,470,285,0.3,0.7451564828614009,0.5670938897168405,48433154_Bundle_1,0,0.5738215882478178,1.0,3.0,2.5,2.5
48433154,200114179,MAQUILLAJE,CYZONE,9.9,2024-10-31,12,230.35,430.195,50,0.1929824561403508,0.0651289009497964,12139.58,470,285,0.4,0.0,0.16000000000000003,48433154_Bundle_1,0,0.5738215882478178,1.0,3.0,2.5,2.5
48433154,200109875,FRAGANCIAS,LBEL,19.95,2023-05-05,22,441.68,430.195,595,0.3684210526315789,0.8046132971506106,12139.58,470,285,0.9,0.812220566318927,0.8473323397913562,48433154_Bundle_1,0,0.5738215882478178,1.0,3.0,2.5,2.5
48433154,210099104,BIJOUTERIE,ESIKA,79.9,2023-05-26,13,439.88,430.195,574,0.2105263157894736,0.7761194029850746,12139.58,470,285,0.45,0.7809239940387481,0.6485543964232489,48433154_Bundle_1,0,0.5738215882478178,1.0,3.0,2.5,2.5
48433154,200086432,FRAGANCIAS,ESIKA,27.94,2023-05-26,13,439.88,430.195,574,0.2105263157894736,0.7761194029850746,12139.58,470,285,0.45,0.7809239940387481,0.6485543964232489,48433154_Bundle_1,0,0.5738215882478178,1.0,3.0,2.5,2.5
48433154,200095464,CUIDADO PERSONAL,ESIKA,11.9,2023-05-05,22,441.68,430.195,595,0.3684210526315789,0.8046132971506106,12139.58,470,285,0.9,0.812220566318927,0.8473323397913562,48433154_Bundle_2,1,0.6017202469661486,,,,
48433154,210104357,MAQUILLAJE,CYZONE,23.9,2024-10-11,18,420.05,430.195,70,0.2982456140350877,0.0922659430122116,12139.58,470,285,0.7,0.029806259314456036,0.2978837555886736,48433154_Bundle_2,0,0.6017202469661486,1.0,3.0,2.5,2.5
48433154,200103923,MAQUILLAJE,CYZONE,11.6,2023-03-24,16,360.53,430.195,637,0.2631578947368421,0.8616010854816825,12139.58,470,285,0.6,0.8748137108792846,0.7648882265275707,48433154_Bundle_2,0,0.6017202469661486,1.0,3.0,2.5,2.5
48433154,200090455,FRAGANCIAS,ESIKA,47.9,2024-06-12,17,479.5,430.195,191,0.2807017543859649,0.2564450474898236,12139.58,470,285,0.65,0.21013412816691504,0.386080476900149,48433154_Bundle_2,0,0.6017202469661486,1.0,3.0,2.5,2.5
48433154,200094066,FRAGANCIAS,CYZONE,22.9,2023-03-24,16,360.53,430.195,637,0.2631578947368421,0.8616010854816825,12139.58,470,285,0.6,0.8748137108792846,0.7648882265275707,48433154_Bundle_2,0,0.6017202469661486,1.0,3.0,2.5,2.5
48433154,200102111,MAQUILLAJE,CYZONE,11.6,2023-03-24,16,360.53,430.195,637,0.2631578947368421,0.8616010854816825,12139.58,470,285,0.6,0.8748137108792846,0.7648882265275707,48433154_Bundle_2,0,0.6017202469661486,1.0,3.0,2.5,2.5
48433154,200111184,TRATAMIENTO CORPORAL,ESIKA,36.9,2024-06-12,17,479.5,430.195,191,0.2807017543859649,0.2564450474898236,12139.58,470,285,0.65,0.21013412816691504,0.386080476900149,48433154_Bundle_2,0,0.6017202469661486,1.0,3.0,2.5,2.5
48605184,200090346,CUIDADO PERSONAL,ESIKA,24.9,2023-11-02,19,405.73,430.195,414,0.3157894736842105,0.5590230664857531,6802.23,266,190,0.6875,0.9455040871934605,0.8423024523160763,48605184_Bundle_1,1,0.5757103931490851,,,,
48605184,200105041,FRAGANCIAS,ESIKA,35.9,2024-08-22,8,167.2,430.195,120,0.1228070175438596,0.1601085481682496,6802.23,266,190,0.0,0.1444141689373297,0.08664850136239781,48605184_Bundle_1,0,0.5757103931490851,1.0,3.0,2.5,2.5
48605184,200098673,FRAGANCIAS,ESIKA,39.9,2024-01-18,15,417.6,430.195,337,0.2456140350877192,0.4545454545454545,6802.23,266,190,0.4375,0.7356948228882834,0.61641689373297,48605184_Bundle_1,0,0.5757103931490851,1.0,3.0,2.5,2.5
48605184,200109166,MAQUILLAJE,CYZONE,14.95,2023-11-02,19,405.73,430.195,414,0.3157894736842105,0.5590230664857531,6802.23,266,190,0.6875,0.9455040871934605,0.8423024523160763,48605184_Bundle_1,0,0.5757103931490851,1.0,3.0,2.5,2.5
48605184,200106559,MAQUILLAJE,CYZONE,13.9,2023-11-02,19,405.73,430.195,414,0.3157894736842105,0.5590230664857531,6802.23,266,190,0.6875,0.9455040871934605,0.8423024523160763,48605184_Bundle_1,0,0.5757103931490851,1.0,3.0,2.5,2.5
48605184,200117579,MAQUILLAJE,CYZONE,12.45,2024-10-14,24,407.2,430.195,67,0.4035087719298245,0.0881953867028493,6802.23,266,190,1.0,0.0,0.4,48605184_Bundle_1,0,0.5757103931490851,1.0,3.0,2.5,2.5
48605184,200102430,FRAGANCIAS,ESIKA,24.9,2024-10-14,24,407.2,430.195,67,0.4035087719298245,0.0881953867028493,6802.23,266,190,1.0,0.0,0.4,48605184_Bundle_1,0,0.5757103931490851,1.0,3.0,2.5,2.5
48605184,200090346,CUIDADO PERSONAL,ESIKA,24.9,2023-11-02,19,405.73,430.195,414,0.3157894736842105,0.5590230664857531,6802.23,266,190,0.6875,0.9455040871934605,0.8423024523160763,48605184_Bundle_2,1,0.4976936551187232,,,,
48605184,200105041,FRAGANCIAS,ESIKA,26.25,2024-04-11,15,397.7,430.195,253,0.2456140350877192,0.3405698778833107,6802.23,266,190,0.4375,0.5068119891008175,0.47908719346049045,48605184_Bundle_2,0,0.4976936551187232,1.0,3.0,2.5,2.5
48605184,200108160,FRAGANCIAS,LBEL,20.0,2023-12-28,19,464.5,430.195,358,0.3157894736842105,0.4830393487109905,6802.23,266,190,0.6875,0.7929155313351499,0.75074931880109,48605184_Bundle_2,0,0.4976936551187232,1.0,3.0,2.5,2.5
48605184,210096491,PROMOCION USUARIOS,LBEL,67.9,2023-10-13,10,502.0,430.195,434,0.1578947368421052,0.5861601085481682,6802.23,266,190,0.125,1.0,0.65,48605184_Bundle_2,0,0.4976936551187232,1.0,3.0,2.5,2.5
48605184,200110328,MAQUILLAJE,ESIKA,15.06,2024-06-17,12,326.1,430.195,186,0.1929824561403508,0.2496607869742198,6802.23,266,190,0.25,0.3242506811989101,0.29455040871934607,48605184_Bundle_2,0,0.4976936551187232,1.0,3.0,2.5,2.5
48605184,200116780,MAQUILLAJE,CYZONE,16.9,2024-07-31,10,394.5,430.195,142,0.1578947368421052,0.1899592944369063,6802.23,266,190,0.125,0.20435967302452315,0.1726158038147139,48605184_Bundle_2,0,0.4976936551187232,1.0,3.0,2.5,2.5
48605184,200116807,FRAGANCIAS,CYZONE,32.9,2024-06-17,12,326.1,430.195,186,0.1929824561403508,0.2496607869742198,6802.23,266,190,0.25,0.3242506811989101,0.29455040871934607,48605184_Bundle_2,0,0.4976936551187232,1.0,3.0,2.5,2.5
48655904,210102378,BIJOUTERIE,ESIKA,39.9,2022-12-22,12,409.95,430.195,729,0.1929824561403508,0.9864314789687924,537.44,19,19,1.0,1.0,1.0,48655904_Bundle_1,1,0.7142857142857143,,,,
48655904,200106030,MAQUILLAJE,LBEL,35.0,2022-12-22,12,409.95,430.195,729,0.1929824561403508,0.9864314789687924,537.44,19,19,1.0,1.0,1.0,48655904_Bundle_1,0,0.7142857142857143,1.0,3.0,2.5,2.5
48655904,210099191,RELOJES,ESIKA,89.9,2022-12-22,12,409.95,430.195,729,0.1929824561403508,0.9864314789687924,537.44,19,19,1.0,1.0,1.0,48655904_Bundle_1,0,0.7142857142857143,1.0,3.0,2.5,2.5
48655904,200093884,FRAGANCIAS,ESIKA,16.87,2022-12-22,12,409.95,430.195,729,0.1929824561403508,0.9864314789687924,537.44,19,19,1.0,1.0,1.0,48655904_Bundle_1,0,0.7142857142857143,1.0,3.0,2.5,2.5
48655904,200101369,FRAGANCIAS,LBEL,46.14,2022-12-22,12,409.95,430.195,729,0.1929824561403508,0.9864314789687924,537.44,19,19,1.0,1.0,1.0,48655904_Bundle_1,0,0.7142857142857143,1.0,3.0,2.5,2.5
48655904,200107825,CUIDADO PERSONAL,LBEL,17.99,2023-01-12,7,127.49,430.195,708,0.1052631578947368,0.9579375848032564,537.44,19,19,0.0,0.0,0.0,48655904_Bundle_1,0,0.7142857142857143,1.0,3.0,2.5,2.5
48655904,200088133,FRAGANCIAS,ESIKA,29.9,2023-01-12,7,127.49,430.195,708,0.1052631578947368,0.9579375848032564,537.44,19,19,0.0,0.0,0.0,48655904_Bundle_1,0,0.7142857142857143,1.0,2.0,1.75,1.75
48655904,210102378,BIJOUTERIE,ESIKA,39.9,2022-12-22,12,409.95,430.195,729,0.1929824561403508,0.9864314789687924,537.44,19,19,1.0,1.0,1.0,48655904_Bundle_2,1,0.8571428571428571,,,,
48655904,200101159,CUIDADO PERSONAL,CYZONE,27.9,2022-12-22,12,409.95,430.195,729,0.1929824561403508,0.9864314789687924,537.44,19,19,1.0,1.0,1.0,48655904_Bundle_2,0,0.8571428571428571,1.0,3.0,2.5,2.5
48655904,200106030,MAQUILLAJE,LBEL,35.0,2022-12-22,12,409.95,430.195,729,0.1929824561403508,0.9864314789687924,537.44,19,19,1.0,1.0,1.0,48655904_Bundle_2,0,0.8571428571428571,1.0,3.0,2.5,2.5
48655904,200107824,CUIDADO PERSONAL,LBEL,18.0,2023-01-12,7,127.49,430.195,708,0.1052631578947368,0.9579375848032564,537.44,19,19,0.0,0.0,0.0,48655904_Bundle_2,0,0.8571428571428571,1.0,3.0,2.5,2.5
48655904,200109539,MUESTRAS COSMETICOS,LBEL,1.5,2022-12-22,12,409.95,430.195,729,0.1929824561403508,0.9864314789687924,537.44,19,19,1.0,1.0,1.0,48655904_Bundle_2,0,0.8571428571428571,1.0,2.0,1.75,1.75
48655904,200093884,FRAGANCIAS,ESIKA,16.87,2022-12-22,12,409.95,430.195,729,0.1929824561403508,0.9864314789687924,537.44,19,19,1.0,1.0,1.0,48655904_Bundle_2,0,0.8571428571428571,1.0,2.0,1.75,1.75
48655904,200101369,FRAGANCIAS,LBEL,46.14,2022-12-22,12,409.95,430.195,729,0.1929824561403508,0.9864314789687924,537.44,19,19,1.0,1.0,1.0,48655904_Bundle_2,0,0.8571428571428571,1.0,2.0,1.75,1.75
48658954,200103441,CUIDADO PERSONAL,ESIKA,7.38,2023-01-04,10,234.22000000000003,430.195,716,0.1578947368421052,0.9687924016282226,767.72,30,27,0.5,1.0,0.8,48658954_Bundle_1,1,0.4771428571428572,,,,
48658954,200098264,FRAGANCIAS,ESIKA,79.9,2023-01-26,9,244.2,430.195,694,0.1403508771929824,0.9389416553595658,767.72,30,27,0.0,0.45,0.27,48658954_Bundle_1,0,0.4771428571428572,1.0,3.0,2.5,2.5
48658954,200102282,MAQUILLAJE,ESIKA,4.29,2023-02-13,11,289.3,430.195,676,0.175438596491228,0.914518317503392,767.72,30,27,1.0,0.0,0.4,48658954_Bundle_1,0,0.4771428571428572,1.0,3.0,2.5,2.5
48658954,200099047,FRAGANCIAS,ESIKA,35.22,2023-01-04,10,234.22000000000003,430.195,716,0.1578947368421052,0.9687924016282226,767.72,30,27,0.5,1.0,0.8,48658954_Bundle_1,0,0.4771428571428572,1.0,3.0,2.5,2.5
48658954,200106593,MAQUILLAJE,CYZONE,14.9,2023-02-13,11,289.3,430.195,676,0.175438596491228,0.914518317503392,767.72,30,27,1.0,0.0,0.4,48658954_Bundle_1,0,0.4771428571428572,1.0,3.0,2.5,2.5
48658954,210104543,BIJOUTERIE,ESIKA,29.9,2023-01-26,9,244.2,430.195,694,0.1403508771929824,0.9389416553595658,767.72,30,27,0.0,0.45,0.27,48658954_Bundle_1,0,0.4771428571428572,1.0,3.0,2.5,2.5
48658954,200089168,FRAGANCIAS,CYZONE,12.61,2023-02-13,11,289.3,430.195,676,0.175438596491228,0.914518317503392,767.72,30,27,1.0,0.0,0.4,48658954_Bundle_1,0,0.4771428571428572,1.0,2.0,1.75,1.75
48658954,200103441,CUIDADO PERSONAL,ESIKA,7.38,2023-01-04,10,234.22000000000003,430.195,716,0.1578947368421052,0.9687924016282226,767.72,30,27,0.5,1.0,0.8,48658954_Bundle_2,1,0.5342857142857144,,,,
48658954,200105017,FRAGANCIAS,CYZONE,16.26,2023-01-04,10,234.22000000000003,430.195,716,0.1578947368421052,0.9687924016282226,767.72,30,27,0.5,1.0,0.8,48658954_Bundle_2,0,0.5342857142857144,1.0,3.0,2.5,2.5
48658954,210098500,MAQUILLAJE,ESIKA,28.8,2023-01-26,9,244.2,430.195,694,0.1403508771929824,0.9389416553595658,767.72,30,27,0.0,0.45,0.27,48658954_Bundle_2,0,0.5342857142857144,1.0,3.0,2.5,2.5
48658954,200112474,TRATAMIENTO CORPORAL,LBEL,29.9,2023-01-26,9,244.2,430.195,694,0.1403508771929824,0.9389416553595658,767.72,30,27,0.0,0.45,0.27,48658954_Bundle_2,0,0.5342857142857144,1.0,3.0,2.5,2.5
48658954,200109537,CUIDADO PERSONAL,ESIKA,7.38,2023-01-04,10,234.22000000000003,430.195,716,0.1578947368421052,0.9687924016282226,767.72,30,27,0.5,1.0,0.8,48658954_Bundle_2,0,0.5342857142857144,0.0,3.0,2.25,2.25
48658954,200103022,CUIDADO PERSONAL,ESIKA,16.34,2023-02-13,11,289.3,430.195,676,0.175438596491228,0.914518317503392,767.72,30,27,1.0,0.0,0.4,48658954_Bundle_2,0,0.5342857142857144,0.0,3.0,2.25,2.25
48658954,200105041,FRAGANCIAS,ESIKA,35.4,2023-02-13,11,289.3,430.195,676,0.175438596491228,0.914518317503392,767.72,30,27,1.0,0.0,0.4,48658954_Bundle_2,0,0.5342857142857144,1.0,2.0,1.75,1.75
48674135,200102430,FRAGANCIAS,ESIKA,31.9,2022-12-27,10,240.1,430.195,724,0.1578947368421052,0.9796472184531886,729.3,26,24,1.0,1.0,1.0,48674135_Bundle_1,1,0.52,,,,
48674135,200097066,CUIDADO PERSONAL,ESIKA,29.9,2023-01-17,6,176.39999999999998,430.195,703,0.087719298245614,0.9511533242876526,729.3,26,24,0.2,0.6666666666666666,0.48,48674135_Bundle_1,0,0.52,1.0,3.0,2.5,2.5
48674135,200105188,CUIDADO PERSONAL,ESIKA,7.93,2023-02-07,5,152.7,430.195,682,0.0701754385964912,0.9226594301221168,729.3,26,24,0.0,0.3333333333333333,0.19999999999999998,48674135_Bundle_1,0,0.52,1.0,3.0,2.5,2.5
48674135,200107337,TRATAMIENTO FACIAL,CYZONE,30.9,2023-01-17,6,176.39999999999998,430.195,703,0.087719298245614,0.9511533242876526,729.3,26,24,0.2,0.6666666666666666,0.48,48674135_Bundle_1,0,0.52,1.0,3.0,2.5,2.5
48674135,210101277,BIJOUTERIE,CYZONE,31.9,2023-02-28,5,160.1,430.195,661,0.0701754385964912,0.8941655359565808,729.3,26,24,0.0,0.0,0.0,48674135_Bundle_1,0,0.52,1.0,3.0,2.5,2.5
48674135,200101082,TRATAMIENTO FACIAL,ESIKA,21.9,2022-12-27,10,240.1,430.195,724,0.1578947368421052,0.9796472184531886,729.3,26,24,1.0,1.0,1.0,48674135_Bundle_1,0,0.52,1.0,3.0,2.5,2.5
48674135,200090351,TRATAMIENTO CORPORAL,ESIKA,28.9,2023-01-17,6,176.39999999999998,430.195,703,0.087719298245614,0.9511533242876526,729.3,26,24,0.2,0.6666666666666666,0.48,48674135_Bundle_1,0,0.52,1.0,3.0,2.5,2.5
48674135,200102430,FRAGANCIAS,ESIKA,31.9,2022-12-27,10,240.1,430.195,724,0.1578947368421052,0.9796472184531886,729.3,26,24,1.0,1.0,1.0,48674135_Bundle_2,1,0.48000000000000004,,,,
48674135,200107337,TRATAMIENTO FACIAL,CYZONE,30.9,2023-01-17,6,176.39999999999998,430.195,703,0.087719298245614,0.9511533242876526,729.3,26,24,0.2,0.6666666666666666,0.48,48674135_Bundle_2,0,0.48000000000000004,1.0,3.0,2.5,2.5
48674135,210101277,BIJOUTERIE,CYZONE,31.9,2023-02-28,5,160.1,430.195,661,0.0701754385964912,0.8941655359565808,729.3,26,24,0.0,0.0,0.0,48674135_Bundle_2,0,0.48000000000000004,1.0,3.0,2.5,2.5
48674135,210098782,BIJOUTERIE,CYZONE,26.9,2022-12-27,10,240.1,430.195,724,0.1578947368421052,0.9796472184531886,729.3,26,24,1.0,1.0,1.0,48674135_Bundle_2,0,0.48000000000000004,1.0,3.0,2.5,2.5
48674135,200108045,TRATAMIENTO CORPORAL,ESIKA,27.9,2023-01-17,6,176.39999999999998,430.195,703,0.087719298245614,0.9511533242876526,729.3,26,24,0.2,0.6666666666666666,0.48,48674135_Bundle_2,0,0.48000000000000004,1.0,3.0,2.5,2.5
48674135,200099047,FRAGANCIAS,ESIKA,57.29,2023-02-07,5,152.7,430.195,682,0.0701754385964912,0.9226594301221168,729.3,26,24,0.0,0.3333333333333333,0.19999999999999998,48674135_Bundle_2,0,0.48000000000000004,0.0,3.0,2.25,2.25
48674135,210101981,COMPLEMENTOS,CYZONE,46.9,2023-02-07,5,152.7,430.195,682,0.0701754385964912,0.9226594301221168,729.3,26,24,0.0,0.3333333333333333,0.19999999999999998,48674135_Bundle_2,0,0.48000000000000004,1.0,2.0,1.75,1.75
48765629,200082688,CUIDADO PERSONAL,ESIKA,13.3,2023-01-11,21,353.0,430.195,709,0.3508771929824561,0.9592944369063772,3693.36,171,126,0.8695652173913043,0.9105960264900662,0.8941837028505615,48765629_Bundle_1,1,0.4899099173213771,,,,
48765629,200083997,FRAGANCIAS,ESIKA,27.47,2023-01-30,12,285.87,430.195,690,0.1929824561403508,0.9335142469470828,3693.36,171,126,0.4782608695652174,0.847682119205298,0.6999136193492658,48765629_Bundle_1,0,0.4899099173213771,1.0,3.0,2.5,2.5
48765629,200111319,FRAGANCIAS,LBEL,39.9,2023-08-07,17,284.28999999999996,430.195,501,0.2807017543859649,0.6770691994572592,3693.36,171,126,0.6956521739130435,0.22185430463576158,0.41137345234667433,48765629_Bundle_1,0,0.4899099173213771,1.0,3.0,2.5,2.5
48765629,210105919,BIJOUTERIE,CYZONE,37.9,2023-10-11,1,37.9,430.195,436,0.0,0.5888738127544098,3693.36,171,126,0.0,0.006622516556291391,0.003973509933774834,48765629_Bundle_1,0,0.4899099173213771,1.0,3.0,2.5,2.5
48765629,210095971,MAQUILLAJE,CYZONE,14.9,2023-08-28,16,317.46999999999997,430.195,480,0.2631578947368421,0.6485753052917232,3693.36,171,126,0.6521739130434783,0.152317880794702,0.35226029369421247,48765629_Bundle_1,0,0.4899099173213771,1.0,3.0,2.5,2.5
48765629,200106453,MAQUILLAJE,ESIKA,18.45,2023-06-06,24,335.56,430.195,563,0.4035087719298245,0.7611940298507462,3693.36,171,126,1.0,0.4271523178807947,0.6562913907284769,48765629_Bundle_1,0,0.4899099173213771,1.0,3.0,2.5,2.5
48765629,200102090,MAQUILLAJE,CYZONE,9.99,2023-08-07,17,284.28999999999996,430.195,501,0.2807017543859649,0.6770691994572592,3693.36,171,126,0.6956521739130435,0.22185430463576158,0.41137345234667433,48765629_Bundle_1,0,0.4899099173213771,1.0,3.0,2.5,2.5
48765629,200082688,CUIDADO PERSONAL,ESIKA,13.3,2023-01-11,21,353.0,430.195,709,0.3508771929824561,0.9592944369063772,3693.36,171,126,0.8695652173913043,0.9105960264900662,0.8941837028505615,48765629_Bundle_2,1,0.5588828102505038,,,,
48765629,200102116,MAQUILLAJE,CYZONE,10.0,2023-07-18,16,442.6,430.195,521,0.2631578947368421,0.7042062415196744,3693.36,171,126,0.6521739130434783,0.28807947019867547,0.43371724733659656,48765629_Bundle_2,0,0.5588828102505038,1.0,3.0,2.5,2.5
48765629,200098788,TRATAMIENTO FACIAL,LBEL,44.5,2023-01-11,21,353.0,430.195,709,0.3508771929824561,0.9592944369063772,3693.36,171,126,0.8695652173913043,0.9105960264900662,0.8941837028505615,48765629_Bundle_2,0,0.5588828102505038,1.0,3.0,2.5,2.5
48765629,200110157,FRAGANCIAS,ESIKA,90.0,2023-02-22,4,190.7,430.195,667,0.0526315789473684,0.9023066485753052,3693.36,171,126,0.13043478260869565,0.7715231788079471,0.5150878203282465,48765629_Bundle_2,0,0.5588828102505038,1.0,3.0,2.5,2.5
48765629,200113794,MAQUILLAJE,CYZONE,9.99,2023-08-07,17,284.28999999999996,430.195,501,0.2807017543859649,0.6770691994572592,3693.36,171,126,0.6956521739130435,0.22185430463576158,0.41137345234667433,48765629_Bundle_2,0,0.5588828102505038,1.0,3.0,2.5,2.5
48765629,200102104,MAQUILLAJE,CYZONE,9.99,2023-08-07,17,284.28999999999996,430.195,501,0.2807017543859649,0.6770691994572592,3693.36,171,126,0.6956521739130435,0.22185430463576158,0.41137345234667433,48765629_Bundle_2,0,0.5588828102505038,1.0,3.0,2.5,2.5
48765629,200089509,FRAGANCIAS,ESIKA,19.95,2023-08-28,16,317.46999999999997,430.195,480,0.2631578947368421,0.6485753052917232,3693.36,171,126,0.6521739130434783,0.152317880794702,0.35226029369421247,48765629_Bundle_2,0,0.5588828102505038,1.0,3.0,2.5,2.5
48823106,200102430,FRAGANCIAS,ESIKA,44.96,2022-12-27,9,343.63,430.195,724,0.1403508771929824,0.9796472184531886,1722.08,78,72,0.0,1.0,0.6,48823106_Bundle_1,1,0.38854731766124173,,,,
48823106,200102708,MAQUILLAJE,ESIKA,31.9,2023-01-23,13,259.32,430.195,697,0.2105263157894736,0.943012211668928,1722.08,78,72,0.26666666666666666,0.6582278481012658,0.5016033755274261,48823106_Bundle_1,0,0.38854731766124173,1.0,3.0,2.5,2.5
48823106,200082688,CUIDADO PERSONAL,ESIKA,21.9,2023-03-16,16,379.73,430.195,645,0.2631578947368421,0.8724559023066486,1722.08,78,72,0.4666666666666667,0.0,0.18666666666666668,48823106_Bundle_1,0,0.38854731766124173,1.0,3.0,2.5,2.5
48823106,200105143,MAQUILLAJE,LBEL,12.0,2023-03-16,16,379.73,430.195,645,0.2631578947368421,0.8724559023066486,1722.08,78,72,0.4666666666666667,0.0,0.18666666666666668,48823106_Bundle_1,0,0.38854731766124173,1.0,3.0,2.5,2.5
48823106,200108752,CUIDADO PERSONAL,ESIKA,11.65,2023-02-27,24,344.9,430.195,662,0.4035087719298245,0.8955223880597015,1722.08,78,72,1.0,0.21518987341772153,0.529113924050633,48823106_Bundle_1,0,0.38854731766124173,1.0,3.0,2.5,2.5
48823106,210099154,BIJOUTERIE,ESIKA,35.5,2023-03-16,16,379.73,430.195,645,0.2631578947368421,0.8724559023066486,1722.08,78,72,0.4666666666666667,0.0,0.18666666666666668,48823106_Bundle_1,0,0.38854731766124173,1.0,3.0,2.5,2.5
48823106,200078931,CUIDADO PERSONAL,ESIKA,11.65,2023-02-27,24,344.9,430.195,662,0.4035087719298245,0.8955223880597015,1722.08,78,72,1.0,0.21518987341772153,0.529113924050633,48823106_Bundle_1,0,0.38854731766124173,1.0,3.0,2.5,2.5
48823106,200102430,FRAGANCIAS,ESIKA,44.96,2022-12-27,9,343.63,430.195,724,0.1403508771929824,0.9796472184531886,1722.08,78,72,0.0,1.0,0.6,48823106_Bundle_2,1,0.4374683544303798,,,,
48823106,200082652,CUIDADO PERSONAL,ESIKA,27.48,2023-01-23,13,259.32,430.195,697,0.2105263157894736,0.943012211668928,1722.08,78,72,0.26666666666666666,0.6582278481012658,0.5016033755274261,48823106_Bundle_2,0,0.4374683544303798,1.0,3.0,2.5,2.5
48823106,200098099,MAQUILLAJE,ESIKA,8.0,2023-03-16,16,379.73,430.195,645,0.2631578947368421,0.8724559023066486,1722.08,78,72,0.4666666666666667,0.0,0.18666666666666668,48823106_Bundle_2,0,0.4374683544303798,1.0,3.0,2.5,2.5
48823106,200082688,CUIDADO PERSONAL,ESIKA,21.9,2023-03-16,16,379.73,430.195,645,0.2631578947368421,0.8724559023066486,1722.08,78,72,0.4666666666666667,0.0,0.18666666666666668,48823106_Bundle_2,0,0.4374683544303798,1.0,3.0,2.5,2.5
48823106,200103020,CUIDADO PERSONAL,ESIKA,11.65,2023-02-27,24,344.9,430.195,662,0.4035087719298245,0.8955223880597015,1722.08,78,72,1.0,0.21518987341772153,0.529113924050633,48823106_Bundle_2,0,0.4374683544303798,1.0,3.0,2.5,2.5
48823106,200078924,CUIDADO PERSONAL,ESIKA,11.65,2023-02-27,24,344.9,430.195,662,0.4035087719298245,0.8955223880597015,1722.08,78,72,1.0,0.21518987341772153,0.529113924050633,48823106_Bundle_2,0,0.4374683544303798,1.0,3.0,2.5,2.5
48823106,200109169,MAQUILLAJE,CYZONE,19.96,2023-02-27,24,344.9,430.195,662,0.4035087719298245,0.8955223880597015,1722.08,78,72,1.0,0.21518987341772153,0.529113924050633,48823106_Bundle_2,0,0.4374683544303798,1.0,3.0,2.5,2.5
48855490,200086566,CUIDADO PERSONAL,ESIKA,20.68,2022-12-15,14,303.1,430.195,736,0.2280701754385964,0.9959294436906376,899.9,46,42,0.8125,1.0,0.925,48855490_Bundle_1,1,0.653416149068323,,,,
48855490,200112453,FRAGANCIAS,ESIKA,19.31,2023-01-30,17,326.47,430.195,690,0.2807017543859649,0.9335142469470828,899.9,46,42,1.0,0.0,0.4,48855490_Bundle_1,0,0.653416149068323,1.0,3.0,2.5,2.5
48855490,200106606,MAQUILLAJE,CYZONE,22.9,2022-12-15,14,303.1,430.195,736,0.2280701754385964,0.9959294436906376,899.9,46,42,0.8125,1.0,0.925,48855490_Bundle_1,0,0.653416149068323,1.0,3.0,2.5,2.5
48855490,200102111,MAQUILLAJE,CYZONE,11.98,2023-01-30,17,326.47,430.195,690,0.2807017543859649,0.9335142469470828,899.9,46,42,1.0,0.0,0.4,48855490_Bundle_1,0,0.653416149068323,1.0,3.0,2.5,2.5
48855490,200095931,FRAGANCIAS,ESIKA,29.9,2023-01-09,14,256.43,430.195,711,0.2280701754385964,0.9620081411126188,899.9,46,42,0.8125,0.45652173913043476,0.5989130434782608,48855490_Bundle_1,0,0.653416149068323,1.0,3.0,2.5,2.5
48855490,210100658,COMPLEMENTOS,CYZONE,84.9,2023-01-30,17,326.47,430.195,690,0.2807017543859649,0.9335142469470828,899.9,46,42,1.0,0.0,0.4,48855490_Bundle_1,0,0.653416149068323,1.0,3.0,2.5,2.5
48855490,200083997,FRAGANCIAS,ESIKA,34.34,2022-12-15,14,303.1,430.195,736,0.2280701754385964,0.9959294436906376,899.9,46,42,0.8125,1.0,0.925,48855490_Bundle_1,0,0.653416149068323,1.0,3.0,2.5,2.5
48855490,200086566,CUIDADO PERSONAL,ESIKA,20.68,2022-12-15,14,303.1,430.195,736,0.2280701754385964,0.9959294436906376,899.9,46,42,0.8125,1.0,0.925,48855490_Bundle_2,1,0.653416149068323,,,,
48855490,200112640,TRATAMIENTO FACIAL,ESIKA,31.1,2023-01-09,14,256.43,430.195,711,0.2280701754385964,0.9620081411126188,899.9,46,42,0.8125,0.45652173913043476,0.5989130434782608,48855490_Bundle_2,0,0.653416149068323,1.0,3.0,2.5,2.5
48855490,200098795,MAQUILLAJE,CYZONE,12.9,2022-12-15,14,303.1,430.195,736,0.2280701754385964,0.9959294436906376,899.9,46,42,0.8125,1.0,0.925,48855490_Bundle_2,0,0.653416149068323,1.0,3.0,2.5,2.5
48855490,200093883,FRAGANCIAS,ESIKA,16.36,2023-01-30,17,326.47,430.195,690,0.2807017543859649,0.9335142469470828,899.9,46,42,1.0,0.0,0.4,48855490_Bundle_2,0,0.653416149068323,1.0,3.0,2.5,2.5
48855490,210100658,COMPLEMENTOS,CYZONE,84.9,2023-01-30,17,326.47,430.195,690,0.2807017543859649,0.9335142469470828,899.9,46,42,1.0,0.0,0.4,48855490_Bundle_2,0,0.653416149068323,1.0,3.0,2.5,2.5
48855490,200039855,FRAGANCIAS,CYZONE,28.0,2023-01-30,17,326.47,430.195,690,0.2807017543859649,0.9335142469470828,899.9,46,42,1.0,0.0,0.4,48855490_Bundle_2,0,0.653416149068323,1.0,3.0,2.5,2.5
48855490,210098470,MAQUILLAJE,CYZONE,17.9,2022-12-15,14,303.1,430.195,736,0.2280701754385964,0.9959294436906376,899.9,46,42,0.8125,1.0,0.925,48855490_Bundle_2,0,0.653416149068323,1.0,3.0,2.5,2.5
48893864,200109165,MAQUILLAJE,CYZONE,15.9,2023-01-19,7,167.0,430.195,701,0.1052631578947368,0.9484396200814112,880.04,26,26,0.6666666666666666,0.75,0.7166666666666666,48893864_Bundle_1,1,0.5702380952380952,,,,
48893864,200109470,TRATAMIENTO FACIAL,LBEL,64.95,2023-01-05,5,283.8,430.195,715,0.0701754385964912,0.9674355495251018,880.04,26,26,0.0,1.0,0.6,48893864_Bundle_1,0,0.5702380952380952,1.0,3.0,2.5,2.5
48893864,210097974,COMPLEMENTOS,CYZONE,49.9,2023-01-19,7,167.0,430.195,701,0.1052631578947368,0.9484396200814112,880.04,26,26,0.6666666666666666,0.75,0.7166666666666666,48893864_Bundle_1,0,0.5702380952380952,1.0,3.0,2.5,2.5
48893864,210099146,BIJOUTERIE,ESIKA,25.9,2023-02-09,6,161.5,430.195,680,0.087719298245614,0.9199457259158752,880.04,26,26,0.3333333333333333,0.375,0.3583333333333333,48893864_Bundle_1,0,0.5702380952380952,1.0,3.0,2.5,2.5
48893864,200106852,FRAGANCIAS,LBEL,79.0,2023-01-05,5,283.8,430.195,715,0.0701754385964912,0.9674355495251018,880.04,26,26,0.0,1.0,0.6,48893864_Bundle_1,0,0.5702380952380952,1.0,3.0,2.5,2.5
48893864,200108807,CUIDADO PERSONAL,ESIKA,7.38,2023-03-02,8,267.74,430.195,659,0.1228070175438596,0.8914518317503393,880.04,26,26,1.0,0.0,0.4,48893864_Bundle_1,0,0.5702380952380952,1.0,3.0,2.5,2.5
48893864,200099206,MAQUILLAJE,LBEL,37.45,2023-01-05,5,283.8,430.195,715,0.0701754385964912,0.9674355495251018,880.04,26,26,0.0,1.0,0.6,48893864_Bundle_1,0,0.5702380952380952,0.0,3.0,2.25,2.25
48893864,200109165,MAQUILLAJE,CYZONE,15.9,2023-01-19,7,167.0,430.195,701,0.1052631578947368,0.9484396200814112,880.04,26,26,0.6666666666666666,0.75,0.7166666666666666,48893864_Bundle_2,1,0.5583333333333333,,,,
48893864,200095464,CUIDADO PERSONAL,ESIKA,7.38,2023-03-02,8,267.74,430.195,659,0.1228070175438596,0.8914518317503393,880.04,26,26,1.0,0.0,0.4,48893864_Bundle_2,0,0.5583333333333333,1.0,3.0,2.5,2.5
48893864,200103448,CUIDADO PERSONAL,ESIKA,7.38,2023-03-02,8,267.74,430.195,659,0.1228070175438596,0.8914518317503393,880.04,26,26,1.0,0.0,0.4,48893864_Bundle_2,0,0.5583333333333333,1.0,3.0,2.5,2.5
48893864,200109470,TRATAMIENTO FACIAL,LBEL,64.95,2023-01-05,5,283.8,430.195,715,0.0701754385964912,0.9674355495251018,880.04,26,26,0.0,1.0,0.6,48893864_Bundle_2,0,0.5583333333333333,1.0,3.0,2.5,2.5
48893864,200105990,TRATAMIENTO FACIAL,ESIKA,52.9,2023-02-09,6,161.5,430.195,680,0.087719298245614,0.9199457259158752,880.04,26,26,0.3333333333333333,0.375,0.3583333333333333,48893864_Bundle_2,0,0.5583333333333333,1.0,3.0,2.5,2.5
48893864,200105034,TRATAMIENTO FACIAL,CYZONE,19.9,2023-01-19,7,167.0,430.195,701,0.1052631578947368,0.9484396200814112,880.04,26,26,0.6666666666666666,0.75,0.7166666666666666,48893864_Bundle_2,0,0.5583333333333333,1.0,3.0,2.5,2.5
48893864,210096888,HOGAR,CYZONE,22.5,2023-01-19,7,167.0,430.195,701,0.1052631578947368,0.9484396200814112,880.04,26,26,0.6666666666666666,0.75,0.7166666666666666,48893864_Bundle_2,0,0.5583333333333333,1.0,2.0,1.75,1.75
48904033,200106606,MAQUILLAJE,CYZONE,16.9,2024-08-02,7,141.29999999999998,430.195,140,0.1052631578947368,0.1872455902306648,1502.22,65,62,0.4,0.925,0.7150000000000001,48904033_Bundle_1,1,0.5800000000000001,,,,
48904033,210105360,COMPLEMENTOS,CYZONE,38.9,2024-11-12,1,38.9,430.195,38,0.0,0.0488466757123473,1502.22,65,62,0.0,0.075,0.045,48904033_Bundle_1,0,0.5800000000000001,1.0,3.0,2.5,2.5
48904033,200111162,FRAGANCIAS,CYZONE,20.0,2024-08-23,8,170.39999999999998,430.195,119,0.1228070175438596,0.1587516960651289,1502.22,65,62,0.4666666666666667,0.75,0.6366666666666666,48904033_Bundle_1,0,0.5800000000000001,1.0,3.0,2.5,2.5
48904033,210105418,BIJOUTERIE,CYZONE,24.9,2024-08-02,7,141.29999999999998,430.195,140,0.1052631578947368,0.1872455902306648,1502.22,65,62,0.4,0.925,0.7150000000000001,48904033_Bundle_1,0,0.5800000000000001,1.0,3.0,2.5,2.5
48904033,200117564,TRATAMIENTO FACIAL,LBEL,17.9,2024-10-25,16,383.07,430.195,56,0.2631578947368421,0.073270013568521,1502.22,65,62,1.0,0.225,0.535,48904033_Bundle_1,0,0.5800000000000001,1.0,3.0,2.5,2.5
48904033,200114550,TRATAMIENTO FACIAL,CYZONE,18.9,2024-08-02,7,141.29999999999998,430.195,140,0.1052631578947368,0.1872455902306648,1502.22,65,62,0.4,0.925,0.7150000000000001,48904033_Bundle_1,0,0.5800000000000001,1.0,3.0,2.5,2.5
48904033,200105190,CUIDADO PERSONAL,ESIKA,4.98,2024-09-17,15,194.47,430.195,94,0.2456140350877192,0.1248303934871099,1502.22,65,62,0.9333333333333333,0.5416666666666666,0.6983333333333333,48904033_Bundle_1,0,0.5800000000000001,1.0,3.0,2.5,2.5
48904033,200106606,MAQUILLAJE,CYZONE,16.9,2024-08-02,7,141.29999999999998,430.195,140,0.1052631578947368,0.1872455902306648,1502.22,65,62,0.4,0.925,0.7150000000000001,48904033_Bundle_2,1,0.6733333333333335,,,,
48904033,200114550,TRATAMIENTO FACIAL,CYZONE,18.9,2024-08-02,7,141.29999999999998,430.195,140,0.1052631578947368,0.1872455902306648,1502.22,65,62,0.4,0.925,0.7150000000000001,48904033_Bundle_2,0,0.6733333333333335,1.0,3.0,2.5,2.5
48904033,210106096,BIJOUTERIE,ESIKA,19.9,2024-08-02,7,141.29999999999998,430.195,140,0.1052631578947368,0.1872455902306648,1502.22,65,62,0.4,0.925,0.7150000000000001,48904033_Bundle_2,0,0.6733333333333335,1.0,3.0,2.5,2.5
48904033,200113646,FRAGANCIAS,LBEL,47.35,2024-10-25,16,383.07,430.195,56,0.2631578947368421,0.073270013568521,1502.22,65,62,1.0,0.225,0.535,48904033_Bundle_2,0,0.6733333333333335,1.0,3.0,2.5,2.5
48904033,200095465,CUIDADO PERSONAL,ESIKA,4.98,2024-09-17,15,194.47,430.195,94,0.2456140350877192,0.1248303934871099,1502.22,65,62,0.9333333333333333,0.5416666666666666,0.6983333333333333,48904033_Bundle_2,0,0.6733333333333335,1.0,3.0,2.5,2.5
48904033,200082678,FRAGANCIAS,ESIKA,16.5,2024-08-23,8,170.39999999999998,430.195,119,0.1228070175438596,0.1587516960651289,1502.22,65,62,0.4666666666666667,0.75,0.6366666666666666,48904033_Bundle_2,0,0.6733333333333335,1.0,3.0,2.5,2.5
48904033,200095570,CUIDADO PERSONAL,ESIKA,4.98,2024-09-17,15,194.47,430.195,94,0.2456140350877192,0.1248303934871099,1502.22,65,62,0.9333333333333333,0.5416666666666666,0.6983333333333333,48904033_Bundle_2,0,0.6733333333333335,1.0,3.0,2.5,2.5
48950426,200106398,FRAGANCIAS,ESIKA,16.1,2023-01-03,11,196.1,430.195,717,0.175438596491228,0.9701492537313432,237.0,13,13,1.0,1.0,1.0,48950426_Bundle_1,1,0.7683516483516483,,,,
48950426,210104543,BIJOUTERIE,ESIKA,29.9,2023-01-27,1,29.9,430.195,693,0.0,0.937584803256445,237.0,13,13,0.0,0.6307692307692307,0.37846153846153846,48950426_Bundle_1,0,0.7683516483516483,1.0,3.0,2.5,2.5
48950426,200099646,MAQUILLAJE,ESIKA,6.5,2023-01-03,11,196.1,430.195,717,0.175438596491228,0.9701492537313432,237.0,13,13,1.0,1.0,1.0,48950426_Bundle_1,0,0.7683516483516483,1.0,3.0,2.5,2.5
48950426,200105329,FRAGANCIAS,ESIKA,11.0,2023-03-09,1,11.0,430.195,652,0.0,0.8819538670284939,237.0,13,13,0.0,0.0,0.0,48950426_Bundle_1,0,0.7683516483516483,0.0,3.0,2.25,2.25
48950426,200101481,FRAGANCIAS,CYZONE,16.1,2023-01-03,11,196.1,430.195,717,0.175438596491228,0.9701492537313432,237.0,13,13,1.0,1.0,1.0,48950426_Bundle_1,0,0.7683516483516483,0.0,2.0,1.5,1.5
48950426,200095911,FRAGANCIAS,CYZONE,16.1,2023-01-03,11,196.1,430.195,717,0.175438596491228,0.9701492537313432,237.0,13,13,1.0,1.0,1.0,48950426_Bundle_1,0,0.7683516483516483,0.0,2.0,1.5,1.5
48950426,210099770,BIJOUTERIE,ESIKA,36.9,2023-01-03,11,196.1,430.195,717,0.175438596491228,0.9701492537313432,237.0,13,13,1.0,1.0,1.0,48950426_Bundle_1,0,0.7683516483516483,1.0,1.0,1.0,1.0
48950426,200106398,FRAGANCIAS,ESIKA,16.1,2023-01-03,11,196.1,430.195,717,0.175438596491228,0.9701492537313432,237.0,13,13,1.0,1.0,1.0,48950426_Bundle_2,1,0.9112087912087912,,,,
48950426,210099770,BIJOUTERIE,ESIKA,36.9,2023-01-03,11,196.1,430.195,717,0.175438596491228,0.9701492537313432,237.0,13,13,1.0,1.0,1.0,48950426_Bundle_2,0,0.9112087912087912,1.0,3.0,2.5,2.5
48950426,200095964,FRAGANCIAS,CYZONE,16.1,2023-01-03,11,196.1,430.195,717,0.175438596491228,0.9701492537313432,237.0,13,13,1.0,1.0,1.0,48950426_Bundle_2,0,0.9112087912087912,0.0,3.0,2.25,2.25
48950426,200094066,FRAGANCIAS,CYZONE,23.9,2023-01-03,11,196.1,430.195,717,0.175438596491228,0.9701492537313432,237.0,13,13,1.0,1.0,1.0,48950426_Bundle_2,0,0.9112087912087912,0.0,3.0,2.25,2.25
48950426,200093883,FRAGANCIAS,ESIKA,16.1,2023-01-03,11,196.1,430.195,717,0.175438596491228,0.9701492537313432,237.0,13,13,1.0,1.0,1.0,48950426_Bundle_2,0,0.9112087912087912,0.0,3.0,2.25,2.25
48950426,210104543,BIJOUTERIE,ESIKA,29.9,2023-01-27,1,29.9,430.195,693,0.0,0.937584803256445,237.0,13,13,0.0,0.6307692307692307,0.37846153846153846,48950426_Bundle_2,0,0.9112087912087912,1.0,2.0,1.75,1.75
48950426,200099646,MAQUILLAJE,ESIKA,6.5,2023-01-03,11,196.1,430.195,717,0.175438596491228,0.9701492537313432,237.0,13,13,1.0,1.0,1.0,48950426_Bundle_2,0,0.9112087912087912,1.0,2.0,1.75,1.75
49075782,200086399,FRAGANCIAS,LBEL,82.59,2022-12-26,12,399.44,430.195,725,0.1929824561403508,0.9810040705563092,782.84,27,21,0.0,1.0,0.6,49075782_Bundle_1,1,0.5142857142857143,,,,
49075782,200089988,MAQUILLAJE,CYZONE,13.5,2023-01-23,15,383.4,430.195,697,0.2456140350877192,0.943012211668928,782.84,27,21,1.0,0.0,0.4,49075782_Bundle_1,0,0.5142857142857143,1.0,3.0,2.5,2.5
49075782,200103025,CUIDADO PERSONAL,ESIKA,23.9,2022-12-26,12,399.44,430.195,725,0.1929824561403508,0.9810040705563092,782.84,27,21,0.0,1.0,0.6,49075782_Bundle_1,0,0.5142857142857143,1.0,3.0,2.5,2.5
49075782,210102057,COMPLEMENTOS,CYZONE,24.9,2022-12-26,12,399.44,430.195,725,0.1929824561403508,0.9810040705563092,782.84,27,21,0.0,1.0,0.6,49075782_Bundle_1,0,0.5142857142857143,1.0,3.0,2.5,2.5
49075782,200112480,MAQUILLAJE,ESIKA,19.9,2023-01-23,15,383.4,430.195,697,0.2456140350877192,0.943012211668928,782.84,27,21,1.0,0.0,0.4,49075782_Bundle_1,0,0.5142857142857143,1.0,3.0,2.5,2.5
49075782,200104257,FRAGANCIAS,ESIKA,26.63,2022-12-26,12,399.44,430.195,725,0.1929824561403508,0.9810040705563092,782.84,27,21,0.0,1.0,0.6,49075782_Bundle_1,0,0.5142857142857143,0.0,3.0,2.25,2.25
49075782,200112476,MAQUILLAJE,ESIKA,12.9,2023-01-23,15,383.4,430.195,697,0.2456140350877192,0.943012211668928,782.84,27,21,1.0,0.0,0.4,49075782_Bundle_1,0,0.5142857142857143,1.0,2.0,1.75,1.75
49075782,200086399,FRAGANCIAS,LBEL,82.59,2022-12-26,12,399.44,430.195,725,0.1929824561403508,0.9810040705563092,782.84,27,21,0.0,1.0,0.6,49075782_Bundle_2,1,0.4857142857142857,,,,
49075782,200089988,MAQUILLAJE,CYZONE,13.5,2023-01-23,15,383.4,430.195,697,0.2456140350877192,0.943012211668928,782.84,27,21,1.0,0.0,0.4,49075782_Bundle_2,0,0.4857142857142857,1.0,3.0,2.5,2.5
49075782,200103025,CUIDADO PERSONAL,ESIKA,23.9,2022-12-26,12,399.44,430.195,725,0.1929824561403508,0.9810040705563092,782.84,27,21,0.0,1.0,0.6,49075782_Bundle_2,0,0.4857142857142857,1.0,3.0,2.5,2.5
49075782,200094864,MAQUILLAJE,ESIKA,12.9,2023-01-23,15,383.4,430.195,697,0.2456140350877192,0.943012211668928,782.84,27,21,1.0,0.0,0.4,49075782_Bundle_2,0,0.4857142857142857,1.0,3.0,2.5,2.5
49075782,200089504,TRATAMIENTO CORPORAL,ESIKA,36.9,2022-12-26,12,399.44,430.195,725,0.1929824561403508,0.9810040705563092,782.84,27,21,0.0,1.0,0.6,49075782_Bundle_2,0,0.4857142857142857,1.0,3.0,2.5,2.5
49075782,200105017,FRAGANCIAS,CYZONE,19.9,2023-01-23,15,383.4,430.195,697,0.2456140350877192,0.943012211668928,782.84,27,21,1.0,0.0,0.4,49075782_Bundle_2,0,0.4857142857142857,0.0,3.0,2.25,2.25
49075782,200104255,FRAGANCIAS,ESIKA,38.39,2023-01-23,15,383.4,430.195,697,0.2456140350877192,0.943012211668928,782.84,27,21,1.0,0.0,0.4,49075782_Bundle_2,0,0.4857142857142857,0.0,3.0,2.25,2.25
49086741,200095162,CUIDADO PERSONAL,ESIKA,5.36,2022-12-23,8,161.6,430.195,728,0.1228070175438596,0.9850746268656716,2276.26,85,74,0.18181818181818182,1.0,0.6727272727272727,49086741_Bundle_1,1,0.5857313738892687,,,,
49086741,200105005,FRAGANCIAS,CYZONE,20.0,2023-04-12,26,632.7,430.195,618,0.4385964912280701,0.835820895522388,2276.26,85,74,1.0,0.27631578947368424,0.5657894736842106,49086741_Bundle_1,0,0.5857313738892687,1.0,3.0,2.5,2.5
49086741,210103773,PROMOCION USUARIOS,LBEL,45.53,2023-04-12,26,632.7,430.195,618,0.4385964912280701,0.835820895522388,2276.26,85,74,1.0,0.27631578947368424,0.5657894736842106,49086741_Bundle_1,0,0.5857313738892687,1.0,3.0,2.5,2.5
49086741,210095652,MAQUILLAJE,CYZONE,10.94,2022-12-23,8,161.6,430.195,728,0.1228070175438596,0.9850746268656716,2276.26,85,74,0.18181818181818182,1.0,0.6727272727272727,49086741_Bundle_1,0,0.5857313738892687,1.0,3.0,2.5,2.5
49086741,210104543,BIJOUTERIE,ESIKA,29.9,2023-01-18,5,198.2,430.195,702,0.0701754385964912,0.949796472184532,2276.26,85,74,0.045454545454545456,0.8289473684210527,0.5155502392344498,49086741_Bundle_1,0,0.5857313738892687,1.0,3.0,2.5,2.5
49086741,210102699,COMPLEMENTOS,CYZONE,64.9,2023-02-08,11,384.55,430.195,681,0.175438596491228,0.921302578018996,2276.26,85,74,0.3181818181818182,0.6907894736842105,0.5417464114832535,49086741_Bundle_1,0,0.5857313738892687,1.0,3.0,2.5,2.5
49086741,210099585,COMPLEMENTOS,CYZONE,89.9,2023-04-12,26,632.7,430.195,618,0.4385964912280701,0.835820895522388,2276.26,85,74,1.0,0.27631578947368424,0.5657894736842106,49086741_Bundle_1,0,0.5857313738892687,1.0,3.0,2.5,2.5
49086741,200095162,CUIDADO PERSONAL,ESIKA,5.36,2022-12-23,8,161.6,430.195,728,0.1228070175438596,0.9850746268656716,2276.26,85,74,0.18181818181818182,1.0,0.6727272727272727,49086741_Bundle_2,1,0.3172761449077238,,,,
49086741,200113244,FRAGANCIAS,LBEL,46.74,2023-02-08,11,384.55,430.195,681,0.175438596491228,0.921302578018996,2276.26,85,74,0.3181818181818182,0.6907894736842105,0.5417464114832535,49086741_Bundle_2,0,0.3172761449077238,1.0,3.0,2.5,2.5
49086741,210103587,BIJOUTERIE,ESIKA,44.9,2023-05-24,5,190.5,430.195,576,0.0701754385964912,0.7788331071913162,2276.26,85,74,0.045454545454545456,0.0,0.018181818181818184,49086741_Bundle_2,0,0.3172761449077238,1.0,3.0,2.5,2.5
49086741,200089619,MUESTRAS COSMETICOS,LBEL,0.53,2023-02-08,11,384.55,430.195,681,0.175438596491228,0.921302578018996,2276.26,85,74,0.3181818181818182,0.6907894736842105,0.5417464114832535,49086741_Bundle_2,0,0.3172761449077238,1.0,3.0,2.5,2.5
49086741,210098701,COMPLEMENTOS,CYZONE,22.9,2023-05-03,22,434.31,430.195,597,0.3684210526315789,0.8073270013568521,2276.26,85,74,0.8181818181818182,0.13815789473684212,0.4101674641148326,49086741_Bundle_2,0,0.3172761449077238,1.0,3.0,2.5,2.5
49086741,210101975,COMPLEMENTOS,CYZONE,69.9,2023-05-24,5,190.5,430.195,576,0.0701754385964912,0.7788331071913162,2276.26,85,74,0.045454545454545456,0.0,0.018181818181818184,49086741_Bundle_2,0,0.3172761449077238,1.0,3.0,2.5,2.5
49086741,200102846,TRATAMIENTO CORPORAL,ESIKA,12.9,2023-05-24,5,190.5,430.195,576,0.0701754385964912,0.7788331071913162,2276.26,85,74,0.045454545454545456,0.0,0.018181818181818184,49086741_Bundle_2,0,0.3172761449077238,1.0,3.0,2.5,2.5
49103301,200108047,FRAGANCIAS,CYZONE,14.95,2023-07-20,16,392.95,430.195,519,0.2631578947368421,0.7014925373134329,2107.9,80,74,0.9090909090909091,1.0,0.9636363636363636,49103301_Bundle_1,1,0.732838589981447,,,,
49103301,200112748,MAQUILLAJE,ESIKA,20.9,2023-07-20,16,392.95,430.195,519,0.2631578947368421,0.7014925373134329,2107.9,80,74,0.9090909090909091,1.0,0.9636363636363636,49103301_Bundle_1,0,0.732838589981447,1.0,3.0,2.5,2.5
49103301,200091269,CUIDADO PERSONAL,LBEL,34.67,2023-07-20,16,392.95,430.195,519,0.2631578947368421,0.7014925373134329,2107.9,80,74,0.9090909090909091,1.0,0.9636363636363636,49103301_Bundle_1,0,0.732838589981447,1.0,3.0,2.5,2.5
49103301,200115055,MAQUILLAJE,ESIKA,33.9,2023-11-23,12,289.8,430.195,393,0.1929824561403508,0.5305291723202171,2107.9,80,74,0.5454545454545454,0.0,0.21818181818181817,49103301_Bundle_1,0,0.732838589981447,1.0,3.0,2.5,2.5
49103301,200101074,MAQUILLAJE,CYZONE,24.9,2023-10-27,17,386.3,430.195,420,0.2807017543859649,0.5671641791044776,2107.9,80,74,1.0,0.21428571428571427,0.5285714285714286,49103301_Bundle_1,0,0.732838589981447,1.0,3.0,2.5,2.5
49103301,200108768,CUIDADO PERSONAL,ESIKA,20.23,2023-07-20,16,392.95,430.195,519,0.2631578947368421,0.7014925373134329,2107.9,80,74,0.9090909090909091,1.0,0.9636363636363636,49103301_Bundle_1,0,0.732838589981447,1.0,3.0,2.5,2.5
49103301,200108507,CUIDADO PERSONAL,ESIKA,15.9,2023-10-27,17,386.3,430.195,420,0.2807017543859649,0.5671641791044776,2107.9,80,74,1.0,0.21428571428571427,0.5285714285714286,49103301_Bundle_1,0,0.732838589981447,1.0,3.0,2.5,2.5
49103301,200108047,FRAGANCIAS,CYZONE,14.95,2023-07-20,16,392.95,430.195,519,0.2631578947368421,0.7014925373134329,2107.9,80,74,0.9090909090909091,1.0,0.9636363636363636,49103301_Bundle_2,1,0.6776128633271491,,,,
49103301,200101074,MAQUILLAJE,CYZONE,24.9,2023-10-27,17,386.3,430.195,420,0.2807017543859649,0.5671641791044776,2107.9,80,74,1.0,0.21428571428571427,0.5285714285714286,49103301_Bundle_2,0,0.6776128633271491,1.0,3.0,2.5,2.5
49103301,210100408,CUIDADO PERSONAL,CYZONE,13.45,2023-09-01,11,318.45,430.195,476,0.175438596491228,0.6431478968792401,2107.9,80,74,0.45454545454545453,0.6587301587301587,0.577056277056277,49103301_Bundle_2,0,0.6776128633271491,1.0,3.0,2.5,2.5
49103301,200109677,MAQUILLAJE,CYZONE,21.45,2023-07-20,16,392.95,430.195,519,0.2631578947368421,0.7014925373134329,2107.9,80,74,0.9090909090909091,1.0,0.9636363636363636,49103301_Bundle_2,0,0.6776128633271491,1.0,3.0,2.5,2.5
49103301,210103678,BIJOUTERIE,CYZONE,21.9,2023-10-27,17,386.3,430.195,420,0.2807017543859649,0.5671641791044776,2107.9,80,74,1.0,0.21428571428571427,0.5285714285714286,49103301_Bundle_2,0,0.6776128633271491,1.0,3.0,2.5,2.5
49103301,200109550,MAQUILLAJE,CYZONE,21.45,2023-07-20,16,392.95,430.195,519,0.2631578947368421,0.7014925373134329,2107.9,80,74,0.9090909090909091,1.0,0.9636363636363636,49103301_Bundle_2,0,0.6776128633271491,1.0,3.0,2.5,2.5
49103301,200111136,MAQUILLAJE,CYZONE,16.9,2023-11-23,12,289.8,430.195,393,0.1929824561403508,0.5305291723202171,2107.9,80,74,0.5454545454545454,0.0,0.21818181818181817,49103301_Bundle_2,0,0.6776128633271491,1.0,3.0,2.5,2.5
49206860,210102346,BIJOUTERIE,ESIKA,64.9,2023-01-09,22,679.89,430.195,711,0.3684210526315789,0.9620081411126188,1490.79,54,48,1.0,0.7049180327868853,0.8229508196721311,49206860_Bundle_1,1,0.4337236533957845,,,,
49206860,200113244,FRAGANCIAS,LBEL,55.24,2023-02-01,15,429.04,430.195,688,0.2456140350877192,0.9308005427408412,1490.79,54,48,0.5333333333333333,0.32786885245901637,0.41005464480874315,49206860_Bundle_1,0,0.4337236533957845,1.0,3.0,2.5,2.5
49206860,200082708,MAQUILLAJE,LBEL,33.0,2023-01-09,22,679.89,430.195,711,0.3684210526315789,0.9620081411126188,1490.79,54,48,1.0,0.7049180327868853,0.8229508196721311,49206860_Bundle_1,0,0.4337236533957845,1.0,3.0,2.5,2.5
49206860,200082674,FRAGANCIAS,ESIKA,11.98,2023-02-21,10,130.16,430.195,668,0.1578947368421052,0.903663500678426,1490.79,54,48,0.2,0.0,0.08000000000000002,49206860_Bundle_1,0,0.4337236533957845,1.0,3.0,2.5,2.5
49206860,200105190,CUIDADO PERSONAL,ESIKA,7.38,2023-02-21,10,130.16,430.195,668,0.1578947368421052,0.903663500678426,1490.79,54,48,0.2,0.0,0.08000000000000002,49206860_Bundle_1,0,0.4337236533957845,1.0,3.0,2.5,2.5
49206860,200090349,CUIDADO PERSONAL,ESIKA,23.9,2023-02-01,15,429.04,430.195,688,0.2456140350877192,0.9308005427408412,1490.79,54,48,0.5333333333333333,0.32786885245901637,0.41005464480874315,49206860_Bundle_1,0,0.4337236533957845,1.0,3.0,2.5,2.5
49206860,200109874,FRAGANCIAS,CYZONE,24.9,2023-02-01,15,429.04,430.195,688,0.2456140350877192,0.9308005427408412,1490.79,54,48,0.5333333333333333,0.32786885245901637,0.41005464480874315,49206860_Bundle_1,0,0.4337236533957845,1.0,3.0,2.5,2.5
49206860,210102346,BIJOUTERIE,ESIKA,64.9,2023-01-09,22,679.89,430.195,711,0.3684210526315789,0.9620081411126188,1490.79,54,48,1.0,0.7049180327868853,0.8229508196721311,49206860_Bundle_2,1,0.5516939890710383,,,,
49206860,200108752,CUIDADO PERSONAL,ESIKA,17.61,2023-01-09,22,679.89,430.195,711,0.3684210526315789,0.9620081411126188,1490.79,54,48,1.0,0.7049180327868853,0.8229508196721311,49206860_Bundle_2,0,0.5516939890710383,1.0,3.0,2.5,2.5
49206860,200105079,FRAGANCIAS,CYZONE,19.54,2023-01-09,22,679.89,430.195,711,0.3684210526315789,0.9620081411126188,1490.79,54,48,1.0,0.7049180327868853,0.8229508196721311,49206860_Bundle_2,0,0.5516939890710383,1.0,3.0,2.5,2.5
49206860,200105190,CUIDADO PERSONAL,ESIKA,7.38,2023-02-21,10,130.16,430.195,668,0.1578947368421052,0.903663500678426,1490.79,54,48,0.2,0.0,0.08000000000000002,49206860_Bundle_2,0,0.5516939890710383,1.0,3.0,2.5,2.5
49206860,200082708,MAQUILLAJE,LBEL,33.0,2023-01-09,22,679.89,430.195,711,0.3684210526315789,0.9620081411126188,1490.79,54,48,1.0,0.7049180327868853,0.8229508196721311,49206860_Bundle_2,0,0.5516939890710383,1.0,3.0,2.5,2.5
49206860,200105041,FRAGANCIAS,ESIKA,23.7,2023-02-21,10,130.16,430.195,668,0.1578947368421052,0.903663500678426,1490.79,54,48,0.2,0.0,0.08000000000000002,49206860_Bundle_2,0,0.5516939890710383,1.0,3.0,2.5,2.5
49206860,210100408,CUIDADO PERSONAL,CYZONE,14.98,2023-02-01,15,429.04,430.195,688,0.2456140350877192,0.9308005427408412,1490.79,54,48,0.5333333333333333,0.32786885245901637,0.41005464480874315,49206860_Bundle_2,0,0.5516939890710383,1.0,3.0,2.5,2.5
49222114,200095162,CUIDADO PERSONAL,ESIKA,8.9,2022-12-14,6,151.5,430.195,737,0.087719298245614,0.9972862957937584,151.5,6,6,0.0,0.0,0.0,49222114_Bundle_1,1,0.0,,,,
49222114,210097030,CUIDADO PERSONAL,LBEL,21.0,2022-12-14,6,151.5,430.195,737,0.087719298245614,0.9972862957937584,151.5,6,6,0.0,0.0,0.0,49222114_Bundle_1,0,0.0,0.0,3.0,2.25,2.25
49222114,200098108,TRATAMIENTO CORPORAL,ESIKA,24.9,2022-12-14,6,151.5,430.195,737,0.087719298245614,0.9972862957937584,151.5,6,6,0.0,0.0,0.0,49222114_Bundle_1,0,0.0,1.0,2.0,1.75,1.75
49222114,200109537,CUIDADO PERSONAL,ESIKA,8.9,2022-12-14,6,151.5,430.195,737,0.087719298245614,0.9972862957937584,151.5,6,6,0.0,0.0,0.0,49222114_Bundle_1,0,0.0,0.0,2.0,1.5,1.5
49222114,210099621,COMPLEMENTOS,CYZONE,62.9,2022-12-14,6,151.5,430.195,737,0.087719298245614,0.9972862957937584,151.5,6,6,0.0,0.0,0.0,49222114_Bundle_1,0,0.0,1.0,1.0,1.0,1.0
49222114,200113242,TRATAMIENTO CORPORAL,ESIKA,24.9,2022-12-14,6,151.5,430.195,737,0.087719298245614,0.9972862957937584,151.5,6,6,0.0,0.0,0.0,49222114_Bundle_1,0,0.0,1.0,0.0,0.25,0.25
49222114,200095162,CUIDADO PERSONAL,ESIKA,8.9,2022-12-14,6,151.5,430.195,737,0.087719298245614,0.9972862957937584,151.5,6,6,0.0,0.0,0.0,49222114_Bundle_2,1,0.0,,,,
49222114,200109537,CUIDADO PERSONAL,ESIKA,8.9,2022-12-14,6,151.5,430.195,737,0.087719298245614,0.9972862957937584,151.5,6,6,0.0,0.0,0.0,49222114_Bundle_2,0,0.0,0.0,2.0,1.5,1.5
49222114,210097030,CUIDADO PERSONAL,LBEL,21.0,2022-12-14,6,151.5,430.195,737,0.087719298245614,0.9972862957937584,151.5,6,6,0.0,0.0,0.0,49222114_Bundle_2,0,0.0,0.0,1.0,0.75,0.75
49222114,200098108,TRATAMIENTO CORPORAL,ESIKA,24.9,2022-12-14,6,151.5,430.195,737,0.087719298245614,0.9972862957937584,151.5,6,6,0.0,0.0,0.0,49222114_Bundle_2,0,0.0,1.0,0.0,0.25,0.25
49222114,200113242,TRATAMIENTO CORPORAL,ESIKA,24.9,2022-12-14,6,151.5,430.195,737,0.087719298245614,0.9972862957937584,151.5,6,6,0.0,0.0,0.0,49222114_Bundle_2,0,0.0,1.0,0.0,0.25,0.25
49222114,210099621,COMPLEMENTOS,CYZONE,62.9,2022-12-14,6,151.5,430.195,737,0.087719298245614,0.9972862957937584,151.5,6,6,0.0,0.0,0.0,49222114_Bundle_2,0,0.0,1.0,0.0,0.25,0.25
49330626,200109677,MAQUILLAJE,CYZONE,24.9,2023-01-04,12,364.9,430.195,716,0.1929824561403508,0.9687924016282226,2931.83,92,85,0.25,1.0,0.7,49330626_Bundle_1,1,0.5308736717827627,,,,
49330626,200082652,CUIDADO PERSONAL,ESIKA,30.9,2023-04-17,18,431.25,430.195,613,0.2982456140350877,0.8290366350067843,2931.83,92,85,1.0,0.1487603305785124,0.48925619834710743,49330626_Bundle_1,0,0.5308736717827627,1.0,3.0,2.5,2.5
49330626,200106396,FRAGANCIAS,ESIKA,25.9,2023-03-07,10,399.1,430.195,654,0.1578947368421052,0.8846675712347354,2931.83,92,85,0.0,0.48760330578512395,0.29256198347107437,49330626_Bundle_1,0,0.5308736717827627,1.0,3.0,2.5,2.5
49330626,210098237,BIJOUTERIE,ESIKA,59.9,2023-01-04,12,364.9,430.195,716,0.1929824561403508,0.9687924016282226,2931.83,92,85,0.25,1.0,0.7,49330626_Bundle_1,0,0.5308736717827627,1.0,3.0,2.5,2.5
49330626,200104257,FRAGANCIAS,ESIKA,26.29,2023-04-17,18,431.25,430.195,613,0.2982456140350877,0.8290366350067843,2931.83,92,85,1.0,0.1487603305785124,0.48925619834710743,49330626_Bundle_1,0,0.5308736717827627,1.0,3.0,2.5,2.5
49330626,210102040,COMPLEMENTOS,CYZONE,37.9,2023-01-23,11,435.2,430.195,697,0.175438596491228,0.943012211668928,2931.83,92,85,0.125,0.8429752066115702,0.5557851239669421,49330626_Bundle_1,0,0.5308736717827627,1.0,3.0,2.5,2.5
49330626,210101990,COMPLEMENTOS,CYZONE,44.9,2023-04-17,18,431.25,430.195,613,0.2982456140350877,0.8290366350067843,2931.83,92,85,1.0,0.1487603305785124,0.48925619834710743,49330626_Bundle_1,0,0.5308736717827627,1.0,3.0,2.5,2.5
49330626,200109677,MAQUILLAJE,CYZONE,24.9,2023-01-04,12,364.9,430.195,716,0.1929824561403508,0.9687924016282226,2931.83,92,85,0.25,1.0,0.7,49330626_Bundle_2,1,0.5481109799291618,,,,
49330626,210102383,BIJOUTERIE,ESIKA,39.9,2023-02-13,13,299.24,430.195,676,0.2105263157894736,0.914518317503392,2931.83,92,85,0.375,0.6694214876033058,0.5516528925619835,49330626_Bundle_2,0,0.5481109799291618,1.0,3.0,2.5,2.5
49330626,200083997,FRAGANCIAS,ESIKA,43.9,2023-04-17,18,431.25,430.195,613,0.2982456140350877,0.8290366350067843,2931.83,92,85,1.0,0.1487603305785124,0.48925619834710743,49330626_Bundle_2,0,0.5481109799291618,1.0,3.0,2.5,2.5
49330626,200105011,FRAGANCIAS,CYZONE,35.9,2023-03-07,10,399.1,430.195,654,0.1578947368421052,0.8846675712347354,2931.83,92,85,0.0,0.48760330578512395,0.29256198347107437,49330626_Bundle_2,0,0.5481109799291618,1.0,3.0,2.5,2.5
49330626,210103726,BIJOUTERIE,ESIKA,39.9,2023-02-13,13,299.24,430.195,676,0.2105263157894736,0.914518317503392,2931.83,92,85,0.375,0.6694214876033058,0.5516528925619835,49330626_Bundle_2,0,0.5481109799291618,1.0,3.0,2.5,2.5
49330626,200039855,FRAGANCIAS,CYZONE,33.49,2023-02-13,13,299.24,430.195,676,0.2105263157894736,0.914518317503392,2931.83,92,85,0.375,0.6694214876033058,0.5516528925619835,49330626_Bundle_2,0,0.5481109799291618,1.0,3.0,2.5,2.5
49330626,200092025,FRAGANCIAS,CYZONE,23.9,2023-01-04,12,364.9,430.195,716,0.1929824561403508,0.9687924016282226,2931.83,92,85,0.25,1.0,0.7,49330626_Bundle_2,0,0.5481109799291618,1.0,3.0,2.5,2.5
49377649,210100409,CUIDADO PERSONAL,LBEL,13.0,2022-12-30,8,160.84,430.195,721,0.1228070175438596,0.9755766621438264,258.44,12,12,1.0,1.0,1.0,49377649_Bundle_1,1,0.5714285714285714,,,,
49377649,200105017,FRAGANCIAS,CYZONE,19.9,2023-01-17,4,97.6,430.195,703,0.0526315789473684,0.9511533242876526,258.44,12,12,0.0,0.0,0.0,49377649_Bundle_1,0,0.5714285714285714,1.0,3.0,2.5,2.5
49377649,200083997,FRAGANCIAS,ESIKA,43.9,2022-12-30,8,160.84,430.195,721,0.1228070175438596,0.9755766621438264,258.44,12,12,1.0,1.0,1.0,49377649_Bundle_1,0,0.5714285714285714,1.0,3.0,2.5,2.5
49377649,200095931,FRAGANCIAS,ESIKA,29.9,2023-01-17,4,97.6,430.195,703,0.0526315789473684,0.9511533242876526,258.44,12,12,0.0,0.0,0.0,49377649_Bundle_1,0,0.5714285714285714,1.0,3.0,2.5,2.5
49377649,210095249,CUIDADO PERSONAL,CYZONE,23.9,2023-01-17,4,97.6,430.195,703,0.0526315789473684,0.9511533242876526,258.44,12,12,0.0,0.0,0.0,49377649_Bundle_1,0,0.5714285714285714,0.0,3.0,2.25,2.25
49377649,200095170,CUIDADO PERSONAL,ESIKA,7.37,2022-12-30,8,160.84,430.195,721,0.1228070175438596,0.9755766621438264,258.44,12,12,1.0,1.0,1.0,49377649_Bundle_1,0,0.5714285714285714,0.0,3.0,2.25,2.25
49377649,200095177,CUIDADO PERSONAL,ESIKA,7.38,2022-12-30,8,160.84,430.195,721,0.1228070175438596,0.9755766621438264,258.44,12,12,1.0,1.0,1.0,49377649_Bundle_1,0,0.5714285714285714,0.0,3.0,2.25,2.25
49377649,210100409,CUIDADO PERSONAL,LBEL,13.0,2022-12-30,8,160.84,430.195,721,0.1228070175438596,0.9755766621438264,258.44,12,12,1.0,1.0,1.0,49377649_Bundle_2,1,0.5714285714285714,,,,
49377649,200102430,FRAGANCIAS,ESIKA,65.53,2022-12-30,8,160.84,430.195,721,0.1228070175438596,0.9755766621438264,258.44,12,12,1.0,1.0,1.0,49377649_Bundle_2,0,0.5714285714285714,1.0,3.0,2.5,2.5
49377649,200095931,FRAGANCIAS,ESIKA,29.9,2023-01-17,4,97.6,430.195,703,0.0526315789473684,0.9511533242876526,258.44,12,12,0.0,0.0,0.0,49377649_Bundle_2,0,0.5714285714285714,1.0,3.0,2.5,2.5
49377649,200095170,CUIDADO PERSONAL,ESIKA,7.37,2022-12-30,8,160.84,430.195,721,0.1228070175438596,0.9755766621438264,258.44,12,12,1.0,1.0,1.0,49377649_Bundle_2,0,0.5714285714285714,0.0,3.0,2.25,2.25
49377649,200095177,CUIDADO PERSONAL,ESIKA,7.38,2022-12-30,8,160.84,430.195,721,0.1228070175438596,0.9755766621438264,258.44,12,12,1.0,1.0,1.0,49377649_Bundle_2,0,0.5714285714285714,0.0,3.0,2.25,2.25
49377649,200090349,CUIDADO PERSONAL,ESIKA,23.9,2023-01-17,4,97.6,430.195,703,0.0526315789473684,0.9511533242876526,258.44,12,12,0.0,0.0,0.0,49377649_Bundle_2,0,0.5714285714285714,0.0,3.0,2.25,2.25
49377649,200105017,FRAGANCIAS,CYZONE,19.9,2023-01-17,4,97.6,430.195,703,0.0526315789473684,0.9511533242876526,258.44,12,12,0.0,0.0,0.0,49377649_Bundle_2,0,0.5714285714285714,1.0,2.0,1.75,1.75
49389949,200103448,CUIDADO PERSONAL,ESIKA,7.38,2022-12-22,13,203.62,430.195,729,0.2105263157894736,0.9864314789687924,3747.06,132,101,0.6111111111111112,1.0,0.8444444444444444,49389949_Bundle_1,1,0.547286379621709,,,,
49389949,210101979,COMPLEMENTOS,CYZONE,62.9,2023-02-23,13,634.1,430.195,666,0.2105263157894736,0.9009497964721844,3747.06,132,101,0.6111111111111112,0.6227544910179641,0.6180971390552229,49389949_Bundle_1,0,0.547286379621709,1.0,3.0,2.5,2.5
49389949,200086399,FRAGANCIAS,LBEL,13.3,2023-04-05,20,472.7,430.195,625,0.3333333333333333,0.8453188602442334,3747.06,132,101,1.0,0.3772455089820359,0.6263473053892216,49389949_Bundle_1,0,0.547286379621709,1.0,3.0,2.5,2.5
49389949,210095421,BIJOUTERIE,ESIKA,49.9,2023-02-23,13,634.1,430.195,666,0.2105263157894736,0.9009497964721844,3747.06,132,101,0.6111111111111112,0.6227544910179641,0.6180971390552229,49389949_Bundle_1,0,0.547286379621709,1.0,3.0,2.5,2.5
49389949,200107363,MAQUILLAJE,CYZONE,13.9,2023-06-07,9,257.29,430.195,562,0.1403508771929824,0.7598371777476255,3747.06,132,101,0.3888888888888889,0.0,0.15555555555555556,49389949_Bundle_1,0,0.547286379621709,1.0,3.0,2.5,2.5
49389949,200090452,FRAGANCIAS,ESIKA,29.74,2023-05-17,14,274.1,430.195,583,0.2280701754385964,0.7883310719131614,3747.06,132,101,0.6666666666666666,0.12574850299401197,0.34211576846307384,49389949_Bundle_1,0,0.547286379621709,1.0,3.0,2.5,2.5
49389949,210103458,COMPLEMENTOS,CYZONE,62.9,2023-04-05,20,472.7,430.195,625,0.3333333333333333,0.8453188602442334,3747.06,132,101,1.0,0.3772455089820359,0.6263473053892216,49389949_Bundle_1,0,0.547286379621709,1.0,3.0,2.5,2.5
49389949,200103448,CUIDADO PERSONAL,ESIKA,7.38,2022-12-22,13,203.62,430.195,729,0.2105263157894736,0.9864314789687924,3747.06,132,101,0.6111111111111112,1.0,0.8444444444444444,49389949_Bundle_2,1,0.6743465450052277,,,,
49389949,210102389,BIJOUTERIE,ESIKA,29.9,2023-05-17,14,274.1,430.195,583,0.2280701754385964,0.7883310719131614,3747.06,132,101,0.6666666666666666,0.12574850299401197,0.34211576846307384,49389949_Bundle_2,0,0.6743465450052277,1.0,3.0,2.5,2.5
49389949,200083997,FRAGANCIAS,ESIKA,42.9,2023-01-12,11,325.1,430.195,708,0.175438596491228,0.9579375848032564,3747.06,132,101,0.5,0.874251497005988,0.7245508982035929,49389949_Bundle_2,0,0.6743465450052277,1.0,3.0,2.5,2.5
49389949,200106290,FRAGANCIAS,ESIKA,13.3,2023-04-05,20,472.7,430.195,625,0.3333333333333333,0.8453188602442334,3747.06,132,101,1.0,0.3772455089820359,0.6263473053892216,49389949_Bundle_2,0,0.6743465450052277,1.0,3.0,2.5,2.5
49389949,200083997,FRAGANCIAS,ESIKA,62.9,2023-02-02,17,514.5,430.195,687,0.2807017543859649,0.9294436906377204,3747.06,132,101,0.8333333333333334,0.7485029940119761,0.782435129740519,49389949_Bundle_2,0,0.6743465450052277,1.0,3.0,2.5,2.5
49389949,200091727,FRAGANCIAS,ESIKA,46.9,2023-02-23,13,634.1,430.195,666,0.2105263157894736,0.9009497964721844,3747.06,132,101,0.6111111111111112,0.6227544910179641,0.6180971390552229,49389949_Bundle_2,0,0.6743465450052277,1.0,3.0,2.5,2.5
49389949,200105217,TRATAMIENTO FACIAL,ESIKA,29.9,2023-02-02,17,514.5,430.195,687,0.2807017543859649,0.9294436906377204,3747.06,132,101,0.8333333333333334,0.7485029940119761,0.782435129740519,49389949_Bundle_2,0,0.6743465450052277,1.0,3.0,2.5,2.5
49397003,200097067,CUIDADO PERSONAL,ESIKA,20.9,2023-01-02,10,375.8,430.195,718,0.1578947368421052,0.971506105834464,2378.44,70,66,0.5625,1.0,0.825,49397003_Bundle_1,1,0.6380650994575044,,,,
49397003,210102012,COMPLEMENTOS,CYZONE,66.9,2023-02-08,13,595.0,430.195,681,0.2105263157894736,0.921302578018996,2378.44,70,66,0.75,0.5316455696202531,0.6189873417721519,49397003_Bundle_1,0,0.6380650994575044,1.0,3.0,2.5,2.5
49397003,200090352,TRATAMIENTO CORPORAL,ESIKA,42.9,2023-01-02,10,375.8,430.195,718,0.1578947368421052,0.971506105834464,2378.44,70,66,0.5625,1.0,0.825,49397003_Bundle_1,0,0.6380650994575044,1.0,3.0,2.5,2.5
49397003,210100793,HOGAR,CYZONE,36.9,2023-03-01,17,369.46,430.195,660,0.2807017543859649,0.89280868385346,2378.44,70,66,1.0,0.26582278481012656,0.5594936708860759,49397003_Bundle_1,0,0.6380650994575044,1.0,3.0,2.5,2.5
49397003,200109443,FRAGANCIAS,ESIKA,34.9,2023-03-22,17,630.8,430.195,639,0.2807017543859649,0.864314789687924,2378.44,70,66,1.0,0.0,0.4,49397003_Bundle_1,0,0.6380650994575044,1.0,3.0,2.5,2.5
49397003,200085523,TRATAMIENTO FACIAL,LBEL,62.0,2023-02-08,13,595.0,430.195,681,0.2105263157894736,0.921302578018996,2378.44,70,66,0.75,0.5316455696202531,0.6189873417721519,49397003_Bundle_1,0,0.6380650994575044,1.0,3.0,2.5,2.5
49397003,210101976,COMPLEMENTOS,CYZONE,34.5,2023-02-08,13,595.0,430.195,681,0.2105263157894736,0.921302578018996,2378.44,70,66,0.75,0.5316455696202531,0.6189873417721519,49397003_Bundle_1,0,0.6380650994575044,1.0,3.0,2.5,2.5
49397003,200097067,CUIDADO PERSONAL,ESIKA,20.9,2023-01-02,10,375.8,430.195,718,0.1578947368421052,0.971506105834464,2378.44,70,66,0.5625,1.0,0.825,49397003_Bundle_2,1,0.6662748643761303,,,,
49397003,210102012,COMPLEMENTOS,CYZONE,66.9,2023-02-08,13,595.0,430.195,681,0.2105263157894736,0.921302578018996,2378.44,70,66,0.75,0.5316455696202531,0.6189873417721519,49397003_Bundle_2,0,0.6662748643761303,1.0,3.0,2.5,2.5
49397003,200108892,TRATAMIENTO FACIAL,CYZONE,13.9,2023-03-01,17,369.46,430.195,660,0.2807017543859649,0.89280868385346,2378.44,70,66,1.0,0.26582278481012656,0.5594936708860759,49397003_Bundle_2,0,0.6662748643761303,1.0,3.0,2.5,2.5
49397003,200108909,MAQUILLAJE,ESIKA,22.3,2023-03-22,17,630.8,430.195,639,0.2807017543859649,0.864314789687924,2378.44,70,66,1.0,0.0,0.4,49397003_Bundle_2,0,0.6662748643761303,1.0,3.0,2.5,2.5
49397003,210098751,COMPLEMENTOS,CYZONE,49.9,2023-01-18,12,385.4,430.195,702,0.1929824561403508,0.949796472184532,2378.44,70,66,0.6875,0.7974683544303798,0.7534810126582279,49397003_Bundle_2,0,0.6662748643761303,1.0,3.0,2.5,2.5
49397003,200112474,TRATAMIENTO CORPORAL,LBEL,29.9,2023-01-18,12,385.4,430.195,702,0.1929824561403508,0.949796472184532,2378.44,70,66,0.6875,0.7974683544303798,0.7534810126582279,49397003_Bundle_2,0,0.6662748643761303,1.0,3.0,2.5,2.5
49397003,210101977,COMPLEMENTOS,CYZONE,51.9,2023-01-18,12,385.4,430.195,702,0.1929824561403508,0.949796472184532,2378.44,70,66,0.6875,0.7974683544303798,0.7534810126582279,49397003_Bundle_2,0,0.6662748643761303,1.0,3.0,2.5,2.5
49401760,200105017,FRAGANCIAS,CYZONE,17.4,2022-12-27,16,356.3,430.195,724,0.2631578947368421,0.9796472184531886,4609.07,191,155,0.5,1.0,0.8,49401760_Bundle_1,1,0.6593840445269017,,,,
49401760,200098957,MAQUILLAJE,LBEL,14.9,2022-12-27,16,356.3,430.195,724,0.2631578947368421,0.9796472184531886,4609.07,191,155,0.5,1.0,0.8,49401760_Bundle_1,0,0.6593840445269017,1.0,3.0,2.5,2.5
49401760,200095374,CUIDADO PERSONAL,ESIKA,4.9,2022-12-27,16,356.3,430.195,724,0.2631578947368421,0.9796472184531886,4609.07,191,155,0.5,1.0,0.8,49401760_Bundle_1,0,0.6593840445269017,1.0,3.0,2.5,2.5
49401760,200106577,MAQUILLAJE,CYZONE,21.9,2023-04-12,17,418.0,430.195,618,0.2807017543859649,0.835820895522388,4609.07,191,155,0.5454545454545454,0.6971428571428572,0.6364675324675325,49401760_Bundle_1,0,0.6593840445269017,1.0,3.0,2.5,2.5
49401760,200103963,TRATAMIENTO CORPORAL,LBEL,14.0,2023-05-25,18,399.2,430.195,575,0.2982456140350877,0.7774762550881954,4609.07,191,155,0.5909090909090909,0.5742857142857143,0.580935064935065,49401760_Bundle_1,0,0.6593840445269017,1.0,3.0,2.5,2.5
49401760,210097089,CUIDADO PERSONAL,LBEL,12.9,2023-02-28,15,381.9,430.195,661,0.2456140350877192,0.8941655359565808,4609.07,191,155,0.45454545454545453,0.82,0.6738181818181818,49401760_Bundle_1,0,0.6593840445269017,1.0,3.0,2.5,2.5
49401760,200110733,TRATAMIENTO FACIAL,LBEL,129.0,2023-10-11,17,480.6,430.195,436,0.2807017543859649,0.5888738127544098,4609.07,191,155,0.5454545454545454,0.17714285714285713,0.32446753246753246,49401760_Bundle_1,0,0.6593840445269017,1.0,3.0,2.5,2.5
49401760,200105017,FRAGANCIAS,CYZONE,17.4,2022-12-27,16,356.3,430.195,724,0.2631578947368421,0.9796472184531886,4609.07,191,155,0.5,1.0,0.8,49401760_Bundle_2,1,0.6291948051948053,,,,
49401760,200082688,CUIDADO PERSONAL,ESIKA,12.3,2023-02-07,9,370.5,430.195,682,0.1403508771929824,0.9226594301221168,4609.07,191,155,0.18181818181818182,0.88,0.6007272727272728,49401760_Bundle_2,0,0.6291948051948053,1.0,3.0,2.5,2.5
49401760,210098356,ACCESORIOS COSMETICOS,CYZONE,15.9,2022-12-27,16,356.3,430.195,724,0.2631578947368421,0.9796472184531886,4609.07,191,155,0.5,1.0,0.8,49401760_Bundle_2,0,0.6291948051948053,1.0,3.0,2.5,2.5
49401760,200104173,MAQUILLAJE,ESIKA,18.37,2022-12-27,16,356.3,430.195,724,0.2631578947368421,0.9796472184531886,4609.07,191,155,0.5,1.0,0.8,49401760_Bundle_2,0,0.6291948051948053,1.0,3.0,2.5,2.5
49401760,200107852,TRATAMIENTO FACIAL,LBEL,42.9,2023-04-29,14,388.9,430.195,601,0.2280701754385964,0.8127544097693351,4609.07,191,155,0.4090909090909091,0.6485714285714286,0.5527792207792208,49401760_Bundle_2,0,0.6291948051948053,1.0,3.0,2.5,2.5
49401760,200103354,MAQUILLAJE,ESIKA,14.9,2023-04-12,17,418.0,430.195,618,0.2807017543859649,0.835820895522388,4609.07,191,155,0.5454545454545454,0.6971428571428572,0.6364675324675325,49401760_Bundle_2,0,0.6291948051948053,1.0,3.0,2.5,2.5
49401760,200114067,MAQUILLAJE,LBEL,49.0,2023-11-23,15,315.0,430.195,393,0.2456140350877192,0.5305291723202171,4609.07,191,155,0.45454545454545453,0.054285714285714284,0.2143896103896104,49401760_Bundle_2,0,0.6291948051948053,1.0,3.0,2.5,2.5
49434669,200098796,MAQUILLAJE,CYZONE,12.9,2022-12-12,26,576.3,430.195,739,0.4385964912280701,1.0,2558.96,112,100,0.9259259259259259,1.0,0.9703703703703703,49434669_Bundle_1,1,0.48111866969009814,,,,
49434669,200097067,CUIDADO PERSONAL,ESIKA,32.9,2023-03-27,28,557.27,430.195,634,0.4736842105263157,0.8575305291723202,2558.96,112,100,1.0,0.0,0.4,49434669_Bundle_1,0,0.48111866969009814,1.0,3.0,2.5,2.5
49434669,200089488,TRATAMIENTO CORPORAL,ESIKA,31.63,2023-03-27,28,557.27,430.195,634,0.4736842105263157,0.8575305291723202,2558.96,112,100,1.0,0.0,0.4,49434669_Bundle_1,0,0.48111866969009814,1.0,3.0,2.5,2.5
49434669,200107824,CUIDADO PERSONAL,LBEL,22.5,2023-02-13,11,271.42,430.195,676,0.175438596491228,0.914518317503392,2558.96,112,100,0.37037037037037035,0.4,0.38814814814814813,49434669_Bundle_1,0,0.48111866969009814,1.0,3.0,2.5,2.5
49434669,210102155,BIJOUTERIE,CYZONE,31.9,2023-03-27,28,557.27,430.195,634,0.4736842105263157,0.8575305291723202,2558.96,112,100,1.0,0.0,0.4,49434669_Bundle_1,0,0.48111866969009814,1.0,3.0,2.5,2.5
49434669,200039855,FRAGANCIAS,CYZONE,34.9,2023-03-08,10,247.93,430.195,653,0.1578947368421052,0.8833107191316146,2558.96,112,100,0.3333333333333333,0.18095238095238095,0.2419047619047619,49434669_Bundle_1,0,0.48111866969009814,1.0,3.0,2.5,2.5
49434669,200103022,CUIDADO PERSONAL,ESIKA,11.7,2023-01-23,15,382.96,430.195,697,0.2456140350877192,0.943012211668928,2558.96,112,100,0.5185185185185185,0.6,0.5674074074074074,49434669_Bundle_1,0,0.48111866969009814,1.0,3.0,2.5,2.5
49434669,200098796,MAQUILLAJE,CYZONE,12.9,2022-12-12,26,576.3,430.195,739,0.4385964912280701,1.0,2558.96,112,100,0.9259259259259259,1.0,0.9703703703703703,49434669_Bundle_2,1,0.7440060468631897,,,,
49434669,200082687,CUIDADO PERSONAL,ESIKA,17.9,2023-01-03,21,481.08,430.195,717,0.3508771929824561,0.9701492537313432,2558.96,112,100,0.7407407407407407,0.7904761904761904,0.7705820105820105,49434669_Bundle_2,0,0.7440060468631897,1.0,3.0,2.5,2.5
49434669,200091727,FRAGANCIAS,ESIKA,43.9,2022-12-12,26,576.3,430.195,739,0.4385964912280701,1.0,2558.96,112,100,0.9259259259259259,1.0,0.9703703703703703,49434669_Bundle_2,0,0.7440060468631897,1.0,3.0,2.5,2.5
49434669,200086172,FRAGANCIAS,CYZONE,25.42,2023-01-03,21,481.08,430.195,717,0.3508771929824561,0.9701492537313432,2558.96,112,100,0.7407407407407407,0.7904761904761904,0.7705820105820105,49434669_Bundle_2,0,0.7440060468631897,1.0,3.0,2.5,2.5
49434669,200094217,FRAGANCIAS,ESIKA,47.4,2023-01-03,21,481.08,430.195,717,0.3508771929824561,0.9701492537313432,2558.96,112,100,0.7407407407407407,0.7904761904761904,0.7705820105820105,49434669_Bundle_2,0,0.7440060468631897,1.0,3.0,2.5,2.5
49434669,200106346,FRAGANCIAS,ESIKA,39.9,2023-01-23,15,382.96,430.195,697,0.2456140350877192,0.943012211668928,2558.96,112,100,0.5185185185185185,0.6,0.5674074074074074,49434669_Bundle_2,0,0.7440060468631897,1.0,3.0,2.5,2.5
49434669,200095170,CUIDADO PERSONAL,ESIKA,7.63,2023-02-13,11,271.42,430.195,676,0.175438596491228,0.914518317503392,2558.96,112,100,0.37037037037037035,0.4,0.38814814814814813,49434669_Bundle_2,0,0.7440060468631897,1.0,3.0,2.5,2.5
49470762,200106572,MAQUILLAJE,CYZONE,12.9,2023-05-15,31,726.0,430.195,585,0.5263157894736842,0.7910447761194029,9000.23,341,244,1.0,0.5994550408719346,0.7596730245231608,49470762_Bundle_1,1,0.41592491674235543,,,,
49470762,200078924,CUIDADO PERSONAL,ESIKA,11.9,2023-05-15,31,726.0,430.195,585,0.5263157894736842,0.7910447761194029,9000.23,341,244,1.0,0.5994550408719346,0.7596730245231608,49470762_Bundle_1,0,0.41592491674235543,1.0,3.0,2.5,2.5
49470762,200089168,FRAGANCIAS,CYZONE,23.06,2023-08-03,14,370.05,430.195,505,0.2280701754385964,0.6824966078697422,9000.23,341,244,0.05555555555555555,0.3814713896457766,0.25110505600968813,49470762_Bundle_1,0,0.41592491674235543,1.0,3.0,2.5,2.5
49470762,200115515,TRATAMIENTO FACIAL,CYZONE,15.9,2023-10-02,17,485.6,430.195,445,0.2807017543859649,0.6010854816824966,9000.23,341,244,0.2222222222222222,0.21798365122615804,0.21967907962458372,49470762_Bundle_1,0,0.41592491674235543,1.0,3.0,2.5,2.5
49470762,210102069,HOGAR,CYZONE,22.9,2023-10-02,17,485.6,430.195,445,0.2807017543859649,0.6010854816824966,9000.23,341,244,0.2222222222222222,0.21798365122615804,0.21967907962458372,49470762_Bundle_1,0,0.41592491674235543,1.0,3.0,2.5,2.5
49470762,200108768,CUIDADO PERSONAL,ESIKA,27.9,2023-11-16,13,339.9,430.195,400,0.2105263157894736,0.5400271370420624,9000.23,341,244,0.0,0.09536784741144415,0.05722070844686648,49470762_Bundle_1,0,0.41592491674235543,1.0,3.0,2.5,2.5
49470762,210102025,COMPLEMENTOS,CYZONE,49.9,2022-12-19,15,578.6,430.195,732,0.2456140350877192,0.9905020352781548,9000.23,341,244,0.1111111111111111,1.0,0.6444444444444444,49470762_Bundle_1,0,0.41592491674235543,1.0,3.0,2.5,2.5
49470762,200106572,MAQUILLAJE,CYZONE,12.9,2023-05-15,31,726.0,430.195,585,0.5263157894736842,0.7910447761194029,9000.23,341,244,1.0,0.5994550408719346,0.7596730245231608,49470762_Bundle_2,1,0.5709441633147355,,,,
49470762,200108752,CUIDADO PERSONAL,ESIKA,15.9,2023-01-30,18,606.5,430.195,690,0.2982456140350877,0.9335142469470828,9000.23,341,244,0.2777777777777778,0.885558583106267,0.6424462609748713,49470762_Bundle_2,0,0.5709441633147355,1.0,3.0,2.5,2.5
49470762,200099704,FRAGANCIAS,ESIKA,20.76,2023-12-21,13,350.26,430.195,365,0.2105263157894736,0.4925373134328358,9000.23,341,244,0.0,0.0,0.0,49470762_Bundle_2,0,0.5709441633147355,1.0,3.0,2.5,2.5
49470762,210100083,BIJOUTERIE,ESIKA,79.9,2022-12-19,15,578.6,430.195,732,0.2456140350877192,0.9905020352781548,9000.23,341,244,0.1111111111111111,1.0,0.6444444444444444,49470762_Bundle_2,0,0.5709441633147355,1.0,3.0,2.5,2.5
49470762,200106290,FRAGANCIAS,ESIKA,13.3,2023-04-03,23,713.2,430.195,627,0.3859649122807017,0.8480325644504749,9000.23,341,244,0.5555555555555556,0.7138964577656676,0.6505600968816228,49470762_Bundle_2,0,0.5709441633147355,1.0,3.0,2.5,2.5
49470762,200105125,CUIDADO PERSONAL,ESIKA,7.38,2023-02-21,15,421.62,430.195,668,0.2456140350877192,0.903663500678426,9000.23,341,244,0.1111111111111111,0.8256130790190735,0.5398122918558885,49470762_Bundle_2,0,0.5709441633147355,1.0,3.0,2.5,2.5
49470762,200109134,FRAGANCIAS,ESIKA,44.9,2023-05-15,31,726.0,430.195,585,0.5263157894736842,0.7910447761194029,9000.23,341,244,1.0,0.5994550408719346,0.7596730245231608,49470762_Bundle_2,0,0.5709441633147355,1.0,3.0,2.5,2.5
49506570,210102072,PROMOCION USUARIOS,CYZONE,30.0,2023-03-02,11,372.4,430.195,659,0.175438596491228,0.8914518317503393,3279.6,108,96,0.9090909090909091,0.8535564853556485,0.8757702548497528,49506570_Bundle_1,1,0.6959191436178884,,,,
49506570,200109890,MAQUILLAJE,CYZONE,12.9,2023-06-15,12,275.3,430.195,554,0.1929824561403508,0.7489823609226595,3279.6,108,96,1.0,0.41422594142259417,0.6485355648535565,49506570_Bundle_1,0,0.6959191436178884,1.0,3.0,2.5,2.5
49506570,200113107,FRAGANCIAS,LBEL,55.48,2023-05-31,9,334.29999999999995,430.195,569,0.1403508771929824,0.7693351424694709,3279.6,108,96,0.7272727272727273,0.4769874476987448,0.5771015595283377,49506570_Bundle_1,0,0.6959191436178884,1.0,3.0,2.5,2.5
49506570,200103441,CUIDADO PERSONAL,ESIKA,14.9,2023-07-26,11,279.2,430.195,513,0.175438596491228,0.6933514246947082,3279.6,108,96,0.9090909090909091,0.24267782426778242,0.5092430581970331,49506570_Bundle_1,0,0.6959191436178884,1.0,3.0,2.5,2.5
49506570,200106356,FRAGANCIAS,CYZONE,24.6,2023-07-26,11,279.2,430.195,513,0.175438596491228,0.6933514246947082,3279.6,108,96,0.9090909090909091,0.24267782426778242,0.5092430581970331,49506570_Bundle_1,0,0.6959191436178884,1.0,3.0,2.5,2.5
49506570,200092281,CUIDADO PERSONAL,ESIKA,16.9,2023-03-02,11,372.4,430.195,659,0.175438596491228,0.8914518317503393,3279.6,108,96,0.9090909090909091,0.8535564853556485,0.8757702548497528,49506570_Bundle_1,0,0.6959191436178884,1.0,3.0,2.5,2.5
49506570,200109874,FRAGANCIAS,CYZONE,49.9,2023-03-02,11,372.4,430.195,659,0.175438596491228,0.8914518317503393,3279.6,108,96,0.9090909090909091,0.8535564853556485,0.8757702548497528,49506570_Bundle_1,0,0.6959191436178884,1.0,3.0,2.5,2.5
49506570,210102072,PROMOCION USUARIOS,CYZONE,30.0,2023-03-02,11,372.4,430.195,659,0.175438596491228,0.8914518317503393,3279.6,108,96,0.9090909090909091,0.8535564853556485,0.8757702548497528,49506570_Bundle_2,1,0.7007553116339728,,,,
49506570,200105982,MAQUILLAJE,LBEL,19.5,2023-06-15,12,275.3,430.195,554,0.1929824561403508,0.7489823609226595,3279.6,108,96,1.0,0.41422594142259417,0.6485355648535565,49506570_Bundle_2,0,0.7007553116339728,1.0,3.0,2.5,2.5
49506570,210099429,MAQUILLAJE,CYZONE,39.9,2023-05-31,9,334.29999999999995,430.195,569,0.1403508771929824,0.7693351424694709,3279.6,108,96,0.7272727272727273,0.4769874476987448,0.5771015595283377,49506570_Bundle_2,0,0.7007553116339728,1.0,3.0,2.5,2.5
49506570,200112748,MAQUILLAJE,ESIKA,20.9,2023-07-26,11,279.2,430.195,513,0.175438596491228,0.6933514246947082,3279.6,108,96,0.9090909090909091,0.24267782426778242,0.5092430581970331,49506570_Bundle_2,0,0.7007553116339728,1.0,3.0,2.5,2.5
49506570,200092333,FRAGANCIAS,CYZONE,39.12,2023-04-13,11,261.3,430.195,617,0.175438596491228,0.8344640434192673,3279.6,108,96,0.9090909090909091,0.6778242677824268,0.7703309243058196,49506570_Bundle_2,0,0.7007553116339728,1.0,3.0,2.5,2.5
49506570,200105125,CUIDADO PERSONAL,ESIKA,11.9,2023-03-02,11,372.4,430.195,659,0.175438596491228,0.8914518317503393,3279.6,108,96,0.9090909090909091,0.8535564853556485,0.8757702548497528,49506570_Bundle_2,0,0.7007553116339728,1.0,3.0,2.5,2.5
49506570,200099702,FRAGANCIAS,ESIKA,16.78,2023-06-15,12,275.3,430.195,554,0.1929824561403508,0.7489823609226595,3279.6,108,96,1.0,0.41422594142259417,0.6485355648535565,49506570_Bundle_2,0,0.7007553116339728,1.0,3.0,2.5,2.5
49517033,200107337,TRATAMIENTO FACIAL,CYZONE,25.9,2022-12-26,24,581.55,430.195,725,0.4035087719298245,0.9810040705563092,581.55,24,22,0.0,0.0,0.0,49517033_Bundle_1,1,0.0,,,,
49517033,200095464,CUIDADO PERSONAL,ESIKA,5.0,2022-12-26,24,581.55,430.195,725,0.4035087719298245,0.9810040705563092,581.55,24,22,0.0,0.0,0.0,49517033_Bundle_1,0,0.0,1.0,3.0,2.5,2.5
49517033,200086399,FRAGANCIAS,LBEL,14.95,2022-12-26,24,581.55,430.195,725,0.4035087719298245,0.9810040705563092,581.55,24,22,0.0,0.0,0.0,49517033_Bundle_1,0,0.0,1.0,3.0,2.5,2.5
49517033,210097034,MAQUILLAJE,CYZONE,16.78,2022-12-26,24,581.55,430.195,725,0.4035087719298245,0.9810040705563092,581.55,24,22,0.0,0.0,0.0,49517033_Bundle_1,0,0.0,1.0,3.0,2.5,2.5
49517033,200108892,TRATAMIENTO FACIAL,CYZONE,17.9,2022-12-26,24,581.55,430.195,725,0.4035087719298245,0.9810040705563092,581.55,24,22,0.0,0.0,0.0,49517033_Bundle_1,0,0.0,0.0,3.0,2.25,2.25
49517033,200105070,MAQUILLAJE,LBEL,48.0,2022-12-26,24,581.55,430.195,725,0.4035087719298245,0.9810040705563092,581.55,24,22,0.0,0.0,0.0,49517033_Bundle_1,0,0.0,1.0,2.0,1.75,1.75
49517033,200087685,TRATAMIENTO CORPORAL,ESIKA,19.9,2022-12-26,24,581.55,430.195,725,0.4035087719298245,0.9810040705563092,581.55,24,22,0.0,0.0,0.0,49517033_Bundle_1,0,0.0,1.0,2.0,1.75,1.75
49517033,200107337,TRATAMIENTO FACIAL,CYZONE,25.9,2022-12-26,24,581.55,430.195,725,0.4035087719298245,0.9810040705563092,581.55,24,22,0.0,0.0,0.0,49517033_Bundle_2,1,0.0,,,,
49517033,200109169,MAQUILLAJE,CYZONE,19.95,2022-12-26,24,581.55,430.195,725,0.4035087719298245,0.9810040705563092,581.55,24,22,0.0,0.0,0.0,49517033_Bundle_2,0,0.0,1.0,3.0,2.5,2.5
49517033,200108408,FRAGANCIAS,ESIKA,27.0,2022-12-26,24,581.55,430.195,725,0.4035087719298245,0.9810040705563092,581.55,24,22,0.0,0.0,0.0,49517033_Bundle_2,0,0.0,1.0,3.0,2.5,2.5
49517033,200103920,MAQUILLAJE,CYZONE,16.72,2022-12-26,24,581.55,430.195,725,0.4035087719298245,0.9810040705563092,581.55,24,22,0.0,0.0,0.0,49517033_Bundle_2,0,0.0,1.0,3.0,2.5,2.5
49517033,200102089,MAQUILLAJE,CYZONE,9.9,2022-12-26,24,581.55,430.195,725,0.4035087719298245,0.9810040705563092,581.55,24,22,0.0,0.0,0.0,49517033_Bundle_2,0,0.0,1.0,3.0,2.5,2.5
49517033,200109537,CUIDADO PERSONAL,ESIKA,4.9,2022-12-26,24,581.55,430.195,725,0.4035087719298245,0.9810040705563092,581.55,24,22,0.0,0.0,0.0,49517033_Bundle_2,0,0.0,1.0,3.0,2.5,2.5
49517033,200095917,TRATAMIENTO FACIAL,ESIKA,20.9,2022-12-26,24,581.55,430.195,725,0.4035087719298245,0.9810040705563092,581.55,24,22,0.0,0.0,0.0,49517033_Bundle_2,0,0.0,0.0,3.0,2.25,2.25
49521464,200109538,FRAGANCIAS,LBEL,29.9,2023-02-08,10,172.1,430.195,681,0.1578947368421052,0.921302578018996,1283.54,60,56,0.8181818181818182,0.9443507588532883,0.8938831825847002,49521464_Bundle_1,1,0.4700422680186592,,,,
49521464,200095170,CUIDADO PERSONAL,ESIKA,7.38,2024-07-24,8,89.4,430.195,149,0.1228070175438596,0.1994572591587517,1283.54,60,56,0.6363636363636364,0.047217537942664416,0.28287597731105324,49521464_Bundle_1,0,0.4700422680186592,1.0,3.0,2.5,2.5
49521464,200078931,CUIDADO PERSONAL,ESIKA,11.65,2024-06-06,9,129.88,430.195,197,0.1403508771929824,0.2645861601085482,1283.54,60,56,0.7272727272727273,0.1281618887015177,0.3678062241300016,49521464_Bundle_1,0,0.4700422680186592,1.0,3.0,2.5,2.5
49521464,200103020,CUIDADO PERSONAL,ESIKA,11.65,2024-06-06,9,129.88,430.195,197,0.1403508771929824,0.2645861601085482,1283.54,60,56,0.7272727272727273,0.1281618887015177,0.3678062241300016,49521464_Bundle_1,0,0.4700422680186592,1.0,3.0,2.5,2.5
49521464,200109263,TRATAMIENTO FACIAL,CYZONE,11.85,2023-02-08,10,172.1,430.195,681,0.1578947368421052,0.921302578018996,1283.54,60,56,0.8181818181818182,0.9443507588532883,0.8938831825847002,49521464_Bundle_1,0,0.4700422680186592,1.0,3.0,2.5,2.5
49521464,200105125,CUIDADO PERSONAL,ESIKA,7.38,2024-07-24,8,89.4,430.195,149,0.1228070175438596,0.1994572591587517,1283.54,60,56,0.6363636363636364,0.047217537942664416,0.28287597731105324,49521464_Bundle_1,0,0.4700422680186592,1.0,3.0,2.5,2.5
49521464,210105496,RELOJES,ESIKA,124.9,2024-05-22,4,264.6,430.195,212,0.0526315789473684,0.2849389416553595,1283.54,60,56,0.2727272727272727,0.15345699831365936,0.2011651080791047,49521464_Bundle_1,0,0.4700422680186592,1.0,3.0,2.5,2.5
49521464,200109538,FRAGANCIAS,LBEL,29.9,2023-02-08,10,172.1,430.195,681,0.1578947368421052,0.921302578018996,1283.54,60,56,0.8181818181818182,0.9443507588532883,0.8938831825847002,49521464_Bundle_2,1,0.5406889906046736,,,,
49521464,200095162,CUIDADO PERSONAL,ESIKA,7.38,2024-07-24,8,89.4,430.195,149,0.1228070175438596,0.1994572591587517,1283.54,60,56,0.6363636363636364,0.047217537942664416,0.28287597731105324,49521464_Bundle_2,0,0.5406889906046736,1.0,3.0,2.5,2.5
49521464,200108752,CUIDADO PERSONAL,ESIKA,11.65,2024-06-06,9,129.88,430.195,197,0.1403508771929824,0.2645861601085482,1283.54,60,56,0.7272727272727273,0.1281618887015177,0.3678062241300016,49521464_Bundle_2,0,0.5406889906046736,1.0,3.0,2.5,2.5
49521464,210101749,MAQUILLAJE,ESIKA,10.0,2024-08-21,12,197.63,430.195,121,0.1929824561403508,0.1614654002713704,1283.54,60,56,1.0,0.0,0.4,49521464_Bundle_2,0,0.5406889906046736,1.0,3.0,2.5,2.5
49521464,200102547,MAQUILLAJE,LBEL,45.0,2023-02-08,10,172.1,430.195,681,0.1578947368421052,0.921302578018996,1283.54,60,56,0.8181818181818182,0.9443507588532883,0.8938831825847002,49521464_Bundle_2,0,0.5406889906046736,1.0,3.0,2.5,2.5
49521464,210092772,MAQUILLAJE,LBEL,35.0,2023-03-28,5,150.9,430.195,633,0.0701754385964912,0.8561736770691994,1283.54,60,56,0.36363636363636365,0.863406408094435,0.6634983903112065,49521464_Bundle_2,0,0.5406889906046736,1.0,3.0,2.5,2.5
49521464,200105125,CUIDADO PERSONAL,ESIKA,7.38,2024-07-24,8,89.4,430.195,149,0.1228070175438596,0.1994572591587517,1283.54,60,56,0.6363636363636364,0.047217537942664416,0.28287597731105324,49521464_Bundle_2,0,0.5406889906046736,1.0,3.0,2.5,2.5
49561199,200105188,CUIDADO PERSONAL,ESIKA,4.95,2022-12-22,17,508.29,430.195,729,0.2807017543859649,0.9864314789687924,710.79,24,24,1.0,1.0,1.0,49561199_Bundle_1,1,0.5714285714285714,,,,
49561199,200091759,FRAGANCIAS,LBEL,75.0,2022-12-22,17,508.29,430.195,729,0.2807017543859649,0.9864314789687924,710.79,24,24,1.0,1.0,1.0,49561199_Bundle_1,0,0.5714285714285714,1.0,3.0,2.5,2.5
49561199,200085506,FRAGANCIAS,LBEL,65.44,2022-12-22,17,508.29,430.195,729,0.2807017543859649,0.9864314789687924,710.79,24,24,1.0,1.0,1.0,49561199_Bundle_1,0,0.5714285714285714,1.0,3.0,2.5,2.5
49561199,210092015,BIJOUTERIE,ESIKA,26.6,2023-01-16,7,202.5,430.195,704,0.1052631578947368,0.9525101763907734,710.79,24,24,0.0,0.0,0.0,49561199_Bundle_1,0,0.5714285714285714,1.0,3.0,2.5,2.5
49561199,210102328,BIJOUTERIE,ESIKA,26.6,2023-01-16,7,202.5,430.195,704,0.1052631578947368,0.9525101763907734,710.79,24,24,0.0,0.0,0.0,49561199_Bundle_1,0,0.5714285714285714,1.0,3.0,2.5,2.5
49561199,200108674,CUIDADO PERSONAL,ESIKA,4.95,2022-12-22,17,508.29,430.195,729,0.2807017543859649,0.9864314789687924,710.79,24,24,1.0,1.0,1.0,49561199_Bundle_1,0,0.5714285714285714,0.0,3.0,2.25,2.25
49561199,210099121,BIJOUTERIE,ESIKA,26.6,2023-01-16,7,202.5,430.195,704,0.1052631578947368,0.9525101763907734,710.79,24,24,0.0,0.0,0.0,49561199_Bundle_1,0,0.5714285714285714,1.0,2.0,1.75,1.75
49561199,200105188,CUIDADO PERSONAL,ESIKA,4.95,2022-12-22,17,508.29,430.195,729,0.2807017543859649,0.9864314789687924,710.79,24,24,1.0,1.0,1.0,49561199_Bundle_2,1,0.7142857142857143,,,,
49561199,200106354,FRAGANCIAS,LBEL,24.95,2022-12-22,17,508.29,430.195,729,0.2807017543859649,0.9864314789687924,710.79,24,24,1.0,1.0,1.0,49561199_Bundle_2,0,0.7142857142857143,1.0,3.0,2.5,2.5
49561199,200095659,FRAGANCIAS,LBEL,75.0,2022-12-22,17,508.29,430.195,729,0.2807017543859649,0.9864314789687924,710.79,24,24,1.0,1.0,1.0,49561199_Bundle_2,0,0.7142857142857143,1.0,3.0,2.5,2.5
49561199,200098555,FRAGANCIAS,ESIKA,24.95,2022-12-22,17,508.29,430.195,729,0.2807017543859649,0.9864314789687924,710.79,24,24,1.0,1.0,1.0,49561199_Bundle_2,0,0.7142857142857143,1.0,3.0,2.5,2.5
49561199,210099121,BIJOUTERIE,ESIKA,26.6,2023-01-16,7,202.5,430.195,704,0.1052631578947368,0.9525101763907734,710.79,24,24,0.0,0.0,0.0,49561199_Bundle_2,0,0.7142857142857143,1.0,3.0,2.5,2.5
49561199,200095170,CUIDADO PERSONAL,ESIKA,4.95,2022-12-22,17,508.29,430.195,729,0.2807017543859649,0.9864314789687924,710.79,24,24,1.0,1.0,1.0,49561199_Bundle_2,0,0.7142857142857143,0.0,3.0,2.25,2.25
49561199,200082687,CUIDADO PERSONAL,ESIKA,17.78,2023-01-16,7,202.5,430.195,704,0.1052631578947368,0.9525101763907734,710.79,24,24,0.0,0.0,0.0,49561199_Bundle_2,0,0.7142857142857143,0.0,3.0,2.25,2.25
49566263,200100866,FRAGANCIAS,ESIKA,31.24,2023-02-01,12,394.6,430.195,688,0.1929824561403508,0.9308005427408412,1433.51,52,40,1.0,0.9053254437869822,0.9431952662721893,49566263_Bundle_1,1,0.5510660279891049,,,,
49566263,200107078,MAQUILLAJE,ESIKA,42.9,2023-04-28,6,129.4,430.195,602,0.087719298245614,0.8141112618724559,1433.51,52,40,0.3333333333333333,0.39644970414201186,0.37120315581854046,49566263_Bundle_1,0,0.5510660279891049,1.0,3.0,2.5,2.5
49566263,200110368,MAQUILLAJE,CYZONE,15.9,2023-04-28,6,129.4,430.195,602,0.087719298245614,0.8141112618724559,1433.51,52,40,0.3333333333333333,0.39644970414201186,0.37120315581854046,49566263_Bundle_1,0,0.5510660279891049,1.0,3.0,2.5,2.5
49566263,200101110,TRATAMIENTO FACIAL,LBEL,38.14,2023-01-16,7,171.6,430.195,704,0.1052631578947368,0.9525101763907734,1433.51,52,40,0.4444444444444444,1.0,0.7777777777777778,49566263_Bundle_1,0,0.5510660279891049,1.0,3.0,2.5,2.5
49566263,200112904,MAQUILLAJE,CYZONE,17.9,2023-06-14,5,124.5,430.195,555,0.0701754385964912,0.7503392130257802,1433.51,52,40,0.2222222222222222,0.11834319526627218,0.1598948060486522,49566263_Bundle_1,0,0.5510660279891049,1.0,3.0,2.5,2.5
49566263,200101225,TRATAMIENTO FACIAL,LBEL,19.97,2023-01-16,7,171.6,430.195,704,0.1052631578947368,0.9525101763907734,1433.51,52,40,0.4444444444444444,1.0,0.7777777777777778,49566263_Bundle_1,0,0.5510660279891049,1.0,3.0,2.5,2.5
49566263,200101225,TRATAMIENTO FACIAL,LBEL,18.36,2023-04-04,6,152.6,430.195,626,0.087719298245614,0.8466757123473542,1433.51,52,40,0.3333333333333333,0.5384615384615384,0.45641025641025634,49566263_Bundle_1,0,0.5510660279891049,1.0,3.0,2.5,2.5
49566263,200100866,FRAGANCIAS,ESIKA,31.24,2023-02-01,12,394.6,430.195,688,0.1929824561403508,0.9308005427408412,1433.51,52,40,1.0,0.9053254437869822,0.9431952662721893,49566263_Bundle_2,1,0.6449516295670142,,,,
49566263,200089510,CUIDADO PERSONAL,CYZONE,27.9,2023-06-14,5,124.5,430.195,555,0.0701754385964912,0.7503392130257802,1433.51,52,40,0.2222222222222222,0.11834319526627218,0.1598948060486522,49566263_Bundle_2,0,0.6449516295670142,1.0,3.0,2.5,2.5
49566263,200104065,TRATAMIENTO FACIAL,LBEL,21.79,2023-01-16,7,171.6,430.195,704,0.1052631578947368,0.9525101763907734,1433.51,52,40,0.4444444444444444,1.0,0.7777777777777778,49566263_Bundle_2,0,0.6449516295670142,1.0,3.0,2.5,2.5
49566263,200101225,TRATAMIENTO FACIAL,LBEL,18.36,2023-04-04,6,152.6,430.195,626,0.087719298245614,0.8466757123473542,1433.51,52,40,0.3333333333333333,0.5384615384615384,0.45641025641025634,49566263_Bundle_2,0,0.6449516295670142,1.0,3.0,2.5,2.5
49566263,200102282,MAQUILLAJE,ESIKA,23.9,2023-04-04,6,152.6,430.195,626,0.087719298245614,0.8466757123473542,1433.51,52,40,0.3333333333333333,0.5384615384615384,0.45641025641025634,49566263_Bundle_2,0,0.6449516295670142,1.0,3.0,2.5,2.5
49566263,200113791,MAQUILLAJE,CYZONE,15.9,2023-02-01,12,394.6,430.195,688,0.1929824561403508,0.9308005427408412,1433.51,52,40,1.0,0.9053254437869822,0.9431952662721893,49566263_Bundle_2,0,0.6449516295670142,1.0,3.0,2.5,2.5
49566263,200101225,TRATAMIENTO FACIAL,LBEL,19.97,2023-01-16,7,171.6,430.195,704,0.1052631578947368,0.9525101763907734,1433.51,52,40,0.4444444444444444,1.0,0.7777777777777778,49566263_Bundle_2,0,0.6449516295670142,1.0,3.0,2.5,2.5
49583834,200105041,FRAGANCIAS,ESIKA,31.9,2022-12-28,11,279.1,430.195,723,0.175438596491228,0.9782903663500678,440.2,15,14,1.0,1.0,1.0,49583834_Bundle_1,1,0.5714285714285714,,,,
49583834,210096208,MAQUILLAJE,ESIKA,23.9,2022-12-28,11,279.1,430.195,723,0.175438596491228,0.9782903663500678,440.2,15,14,1.0,1.0,1.0,49583834_Bundle_1,0,0.5714285714285714,1.0,3.0,2.5,2.5
49583834,210100408,CUIDADO PERSONAL,CYZONE,17.45,2022-12-28,11,279.1,430.195,723,0.175438596491228,0.9782903663500678,440.2,15,14,1.0,1.0,1.0,49583834_Bundle_1,0,0.5714285714285714,1.0,3.0,2.5,2.5
49583834,210098275,BIJOUTERIE,ESIKA,69.9,2023-01-23,4,161.1,430.195,697,0.0526315789473684,0.943012211668928,440.2,15,14,0.0,0.0,0.0,49583834_Bundle_1,0,0.5714285714285714,1.0,3.0,2.5,2.5
49583834,210100408,CUIDADO PERSONAL,CYZONE,16.4,2023-01-23,4,161.1,430.195,697,0.0526315789473684,0.943012211668928,440.2,15,14,0.0,0.0,0.0,49583834_Bundle_1,0,0.5714285714285714,1.0,3.0,2.5,2.5
49583834,210098782,BIJOUTERIE,CYZONE,26.9,2022-12-28,11,279.1,430.195,723,0.175438596491228,0.9782903663500678,440.2,15,14,1.0,1.0,1.0,49583834_Bundle_1,0,0.5714285714285714,1.0,3.0,2.5,2.5
49583834,200112474,TRATAMIENTO CORPORAL,LBEL,29.9,2023-01-23,4,161.1,430.195,697,0.0526315789473684,0.943012211668928,440.2,15,14,0.0,0.0,0.0,49583834_Bundle_1,0,0.5714285714285714,1.0,3.0,2.5,2.5
49583834,200105041,FRAGANCIAS,ESIKA,31.9,2022-12-28,11,279.1,430.195,723,0.175438596491228,0.9782903663500678,440.2,15,14,1.0,1.0,1.0,49583834_Bundle_2,1,0.8571428571428571,,,,
49583834,210100407,CUIDADO PERSONAL,CYZONE,17.45,2022-12-28,11,279.1,430.195,723,0.175438596491228,0.9782903663500678,440.2,15,14,1.0,1.0,1.0,49583834_Bundle_2,0,0.8571428571428571,1.0,3.0,2.5,2.5
49583834,200082687,CUIDADO PERSONAL,ESIKA,15.0,2022-12-28,11,279.1,430.195,723,0.175438596491228,0.9782903663500678,440.2,15,14,1.0,1.0,1.0,49583834_Bundle_2,0,0.8571428571428571,1.0,3.0,2.5,2.5
49583834,200112474,TRATAMIENTO CORPORAL,LBEL,29.9,2023-01-23,4,161.1,430.195,697,0.0526315789473684,0.943012211668928,440.2,15,14,0.0,0.0,0.0,49583834_Bundle_2,0,0.8571428571428571,1.0,3.0,2.5,2.5
49583834,200064310,FRAGANCIAS,ESIKA,21.9,2022-12-28,11,279.1,430.195,723,0.175438596491228,0.9782903663500678,440.2,15,14,1.0,1.0,1.0,49583834_Bundle_2,0,0.8571428571428571,0.0,3.0,2.25,2.25
49583834,200106560,MAQUILLAJE,CYZONE,14.9,2022-12-28,11,279.1,430.195,723,0.175438596491228,0.9782903663500678,440.2,15,14,1.0,1.0,1.0,49583834_Bundle_2,0,0.8571428571428571,1.0,2.0,1.75,1.75
49583834,210098782,BIJOUTERIE,CYZONE,26.9,2022-12-28,11,279.1,430.195,723,0.175438596491228,0.9782903663500678,440.2,15,14,1.0,1.0,1.0,49583834_Bundle_2,0,0.8571428571428571,1.0,2.0,1.75,1.75
49588232,200104065,TRATAMIENTO FACIAL,LBEL,34.0,2023-01-17,29,978.6,430.195,703,0.4912280701754385,0.9511533242876526,12048.73,475,327,0.6222222222222222,0.949874686716792,0.8188137009189641,49588232_Bundle_1,1,0.6815801408282611,,,,
49588232,200111155,FRAGANCIAS,CYZONE,26.63,2023-10-28,39,1007.77,430.195,419,0.6666666666666666,0.5658073270013568,12048.73,475,327,0.8444444444444444,0.23809523809523808,0.48063492063492064,49588232_Bundle_1,0,0.6815801408282611,1.0,3.0,2.5,2.5
49588232,200106455,MAQUILLAJE,ESIKA,18.45,2023-06-12,46,948.76,430.195,557,0.7894736842105263,0.7530529172320217,12048.73,475,327,1.0,0.5839598997493735,0.7503759398496241,49588232_Bundle_1,0,0.6815801408282611,1.0,3.0,2.5,2.5
49588232,210098520,MAQUILLAJE,CYZONE,14.9,2023-05-04,39,1030.46,430.195,596,0.6666666666666666,0.8059701492537313,12048.73,475,327,0.8444444444444444,0.681704260651629,0.7468003341687552,49588232_Bundle_1,0,0.6815801408282611,1.0,3.0,2.5,2.5
49588232,200105188,CUIDADO PERSONAL,ESIKA,7.38,2023-06-12,46,948.76,430.195,557,0.7894736842105263,0.7530529172320217,12048.73,475,327,1.0,0.5839598997493735,0.7503759398496241,49588232_Bundle_1,0,0.6815801408282611,1.0,3.0,2.5,2.5
49588232,210098307,MAQUILLAJE,ESIKA,18.9,2023-02-06,24,609.3,430.195,683,0.4035087719298245,0.9240162822252376,12048.73,475,327,0.5111111111111111,0.899749373433584,0.7442940685045948,49588232_Bundle_1,0,0.6815801408282611,1.0,3.0,2.5,2.5
49588232,200090351,TRATAMIENTO CORPORAL,ESIKA,32.45,2023-07-26,23,608.6899999999999,430.195,513,0.3859649122807017,0.6933514246947082,12048.73,475,327,0.4888888888888889,0.47368421052631576,0.47976608187134506,49588232_Bundle_1,0,0.6815801408282611,1.0,3.0,2.5,2.5
49588232,200104065,TRATAMIENTO FACIAL,LBEL,34.0,2023-01-17,29,978.6,430.195,703,0.4912280701754385,0.9511533242876526,12048.73,475,327,0.6222222222222222,0.949874686716792,0.8188137009189641,49588232_Bundle_2,1,0.5687790905836019,,,,
49588232,200094869,MAQUILLAJE,ESIKA,12.9,2023-10-28,39,1007.77,430.195,419,0.6666666666666666,0.5658073270013568,12048.73,475,327,0.8444444444444444,0.23809523809523808,0.48063492063492064,49588232_Bundle_2,0,0.5687790905836019,1.0,3.0,2.5,2.5
49588232,200095158,CUIDADO PERSONAL,ESIKA,7.38,2023-09-20,21,473.17,430.195,457,0.3508771929824561,0.6173677069199457,12048.73,475,327,0.4444444444444444,0.3333333333333333,0.37777777777777777,49588232_Bundle_2,0,0.5687790905836019,1.0,3.0,2.5,2.5
49588232,200106161,TRATAMIENTO CORPORAL,CYZONE,25.0,2023-08-14,22,655.59,430.195,494,0.3684210526315789,0.6675712347354138,12048.73,475,327,0.4666666666666667,0.42606516290726815,0.44230576441102754,49588232_Bundle_2,0,0.5687790905836019,1.0,3.0,2.5,2.5
49588232,210102546,BIJOUTERIE,CYZONE,49.9,2023-08-14,22,655.59,430.195,494,0.3684210526315789,0.6675712347354138,12048.73,475,327,0.4666666666666667,0.42606516290726815,0.44230576441102754,49588232_Bundle_2,0,0.5687790905836019,1.0,3.0,2.5,2.5
49588232,210098520,MAQUILLAJE,CYZONE,12.9,2023-03-22,23,516.02,430.195,639,0.3859649122807017,0.864314789687924,12048.73,475,327,0.4888888888888889,0.7894736842105263,0.6692397660818713,49588232_Bundle_2,0,0.5687790905836019,1.0,3.0,2.5,2.5
49588232,210101258,COMPLEMENTOS,CYZONE,66.9,2023-06-12,46,948.76,430.195,557,0.7894736842105263,0.7530529172320217,12048.73,475,327,1.0,0.5839598997493735,0.7503759398496241,49588232_Bundle_2,0,0.5687790905836019,1.0,3.0,2.5,2.5
49599102,210102013,COMPLEMENTOS,CYZONE,66.9,2023-02-03,10,380.0,430.195,686,0.1578947368421052,0.9280868385345996,2461.9,68,61,0.7142857142857143,0.7094594594594594,0.7113899613899615,49599102_Bundle_1,1,0.4946773303916161,,,,
49599102,200085523,TRATAMIENTO FACIAL,LBEL,55.0,2023-03-17,9,399.4,430.195,644,0.1403508771929824,0.8710990502035278,2461.9,68,61,0.5714285714285714,0.42567567567567566,0.483976833976834,49599102_Bundle_1,0,0.4946773303916161,1.0,3.0,2.5,2.5
49599102,200112951,MAQUILLAJE,ESIKA,21.9,2023-03-17,9,399.4,430.195,644,0.1403508771929824,0.8710990502035278,2461.9,68,61,0.5714285714285714,0.42567567567567566,0.483976833976834,49599102_Bundle_1,0,0.4946773303916161,1.0,3.0,2.5,2.5
49599102,200106556,MAQUILLAJE,CYZONE,17.9,2023-02-03,10,380.0,430.195,686,0.1578947368421052,0.9280868385345996,2461.9,68,61,0.7142857142857143,0.7094594594594594,0.7113899613899615,49599102_Bundle_1,0,0.4946773303916161,1.0,3.0,2.5,2.5
49599102,200103354,MAQUILLAJE,ESIKA,14.9,2023-04-10,8,231.3,430.195,620,0.1228070175438596,0.8385345997286295,2461.9,68,61,0.42857142857142855,0.2635135135135135,0.32953667953667953,49599102_Bundle_1,0,0.4946773303916161,1.0,3.0,2.5,2.5
49599102,200097066,CUIDADO PERSONAL,ESIKA,43.9,2023-05-05,10,387.6,430.195,595,0.1578947368421052,0.8046132971506106,2461.9,68,61,0.7142857142857143,0.0945945945945946,0.34247104247104254,49599102_Bundle_1,0,0.4946773303916161,1.0,3.0,2.5,2.5
49599102,210098417,VARIOS,ESIKA,109.9,2023-05-19,12,438.0,430.195,581,0.1929824561403508,0.7856173677069199,2461.9,68,61,1.0,0.0,0.4,49599102_Bundle_1,0,0.4946773303916161,1.0,3.0,2.5,2.5
49599102,210102013,COMPLEMENTOS,CYZONE,66.9,2023-02-03,10,380.0,430.195,686,0.1578947368421052,0.9280868385345996,2461.9,68,61,0.7142857142857143,0.7094594594594594,0.7113899613899615,49599102_Bundle_2,1,0.47851627137341424,,,,
49599102,200090452,FRAGANCIAS,ESIKA,39.9,2023-02-24,7,246.5,430.195,665,0.1052631578947368,0.8995929443690638,2461.9,68,61,0.2857142857142857,0.5675675675675675,0.45482625482625477,49599102_Bundle_2,0,0.47851627137341424,1.0,3.0,2.5,2.5
49599102,210098417,VARIOS,ESIKA,109.9,2023-05-19,12,438.0,430.195,581,0.1929824561403508,0.7856173677069199,2461.9,68,61,1.0,0.0,0.4,49599102_Bundle_2,0,0.47851627137341424,1.0,3.0,2.5,2.5
49599102,210100056,BIJOUTERIE,ESIKA,33.3,2023-05-05,10,387.6,430.195,595,0.1578947368421052,0.8046132971506106,2461.9,68,61,0.7142857142857143,0.0945945945945946,0.34247104247104254,49599102_Bundle_2,0,0.47851627137341424,1.0,3.0,2.5,2.5
49599102,200106556,MAQUILLAJE,CYZONE,17.9,2023-02-03,10,380.0,430.195,686,0.1578947368421052,0.9280868385345996,2461.9,68,61,0.7142857142857143,0.7094594594594594,0.7113899613899615,49599102_Bundle_2,0,0.47851627137341424,1.0,3.0,2.5,2.5
49599102,200108768,CUIDADO PERSONAL,ESIKA,34.9,2023-05-19,12,438.0,430.195,581,0.1929824561403508,0.7856173677069199,2461.9,68,61,1.0,0.0,0.4,49599102_Bundle_2,0,0.47851627137341424,1.0,3.0,2.5,2.5
49599102,200106279,FRAGANCIAS,ESIKA,18.16,2023-04-10,8,231.3,430.195,620,0.1228070175438596,0.8385345997286295,2461.9,68,61,0.42857142857142855,0.2635135135135135,0.32953667953667953,49599102_Bundle_2,0,0.47851627137341424,1.0,3.0,2.5,2.5
49621434,200111180,FRAGANCIAS,CYZONE,34.9,2023-01-16,14,352.0,430.195,704,0.2280701754385964,0.9525101763907734,1132.1,36,35,1.0,0.5333333333333333,0.72,49621434_Bundle_1,1,0.5542857142857143,,,,
49621434,200102092,MAQUILLAJE,CYZONE,10.5,2023-01-16,14,352.0,430.195,704,0.2280701754385964,0.9525101763907734,1132.1,36,35,1.0,0.5333333333333333,0.72,49621434_Bundle_1,0,0.5542857142857143,1.0,3.0,2.5,2.5
49621434,210102057,COMPLEMENTOS,CYZONE,24.9,2022-12-26,10,397.0,430.195,725,0.1578947368421052,0.9810040705563092,1132.1,36,35,0.0,1.0,0.6,49621434_Bundle_1,0,0.5542857142857143,1.0,3.0,2.5,2.5
49621434,210102041,COMPLEMENTOS,CYZONE,22.9,2023-01-16,14,352.0,430.195,704,0.2280701754385964,0.9525101763907734,1132.1,36,35,1.0,0.5333333333333333,0.72,49621434_Bundle_1,0,0.5542857142857143,1.0,3.0,2.5,2.5
49621434,210098773,HOGAR,CYZONE,39.9,2023-01-16,14,352.0,430.195,704,0.2280701754385964,0.9525101763907734,1132.1,36,35,1.0,0.5333333333333333,0.72,49621434_Bundle_1,0,0.5542857142857143,1.0,3.0,2.5,2.5
49621434,200090452,FRAGANCIAS,ESIKA,30.54,2023-02-09,12,383.1,430.195,680,0.1929824561403508,0.9199457259158752,1132.1,36,35,0.5,0.0,0.2,49621434_Bundle_1,0,0.5542857142857143,0.0,3.0,2.25,2.25
49621434,200095931,FRAGANCIAS,ESIKA,37.51,2023-02-09,12,383.1,430.195,680,0.1929824561403508,0.9199457259158752,1132.1,36,35,0.5,0.0,0.2,49621434_Bundle_1,0,0.5542857142857143,0.0,3.0,2.25,2.25
49621434,200111180,FRAGANCIAS,CYZONE,34.9,2023-01-16,14,352.0,430.195,704,0.2280701754385964,0.9525101763907734,1132.1,36,35,1.0,0.5333333333333333,0.72,49621434_Bundle_2,1,0.6685714285714285,,,,
49621434,210095652,MAQUILLAJE,CYZONE,10.5,2023-01-16,14,352.0,430.195,704,0.2280701754385964,0.9525101763907734,1132.1,36,35,1.0,0.5333333333333333,0.72,49621434_Bundle_2,0,0.6685714285714285,1.0,3.0,2.5,2.5
49621434,200086566,CUIDADO PERSONAL,ESIKA,24.9,2022-12-26,10,397.0,430.195,725,0.1578947368421052,0.9810040705563092,1132.1,36,35,0.0,1.0,0.6,49621434_Bundle_2,0,0.6685714285714285,1.0,3.0,2.5,2.5
49621434,210101439,COMPLEMENTOS,CYZONE,62.9,2022-12-26,10,397.0,430.195,725,0.1578947368421052,0.9810040705563092,1132.1,36,35,0.0,1.0,0.6,49621434_Bundle_2,0,0.6685714285714285,1.0,3.0,2.5,2.5
49621434,210098773,HOGAR,CYZONE,39.9,2023-01-16,14,352.0,430.195,704,0.2280701754385964,0.9525101763907734,1132.1,36,35,1.0,0.5333333333333333,0.72,49621434_Bundle_2,0,0.6685714285714285,1.0,3.0,2.5,2.5
49621434,210102011,COMPLEMENTOS,CYZONE,26.9,2023-01-16,14,352.0,430.195,704,0.2280701754385964,0.9525101763907734,1132.1,36,35,1.0,0.5333333333333333,0.72,49621434_Bundle_2,0,0.6685714285714285,1.0,3.0,2.5,2.5
49621434,210102008,COMPLEMENTOS,CYZONE,79.9,2022-12-26,10,397.0,430.195,725,0.1578947368421052,0.9810040705563092,1132.1,36,35,0.0,1.0,0.6,49621434_Bundle_2,0,0.6685714285714285,1.0,3.0,2.5,2.5
49642350,210097036,MAQUILLAJE,CYZONE,16.9,2023-02-13,19,549.0,430.195,676,0.3157894736842105,0.914518317503392,3193.37,114,82,1.0,0.7032258064516129,0.8219354838709678,49642350_Bundle_1,1,0.6246153846153846,,,,
49642350,200089498,TRATAMIENTO CORPORAL,ESIKA,35.9,2023-06-02,13,357.27,430.195,567,0.2105263157894736,0.7666214382632293,3193.37,114,82,0.5384615384615384,0.0,0.2153846153846154,49642350_Bundle_1,0,0.6246153846153846,1.0,3.0,2.5,2.5
49642350,200105017,FRAGANCIAS,CYZONE,16.98,2023-03-02,19,456.9,430.195,659,0.3157894736842105,0.8914518317503393,3193.37,114,82,1.0,0.5935483870967742,0.7561290322580645,49642350_Bundle_1,0,0.6246153846153846,1.0,3.0,2.5,2.5
49642350,210086462,CUIDADO PERSONAL,ESIKA,18.9,2023-01-19,15,406.25,430.195,701,0.2456140350877192,0.9484396200814112,3193.37,114,82,0.6923076923076923,0.864516129032258,0.7956327543424317,49642350_Bundle_1,0,0.6246153846153846,1.0,3.0,2.5,2.5
49642350,200109443,FRAGANCIAS,ESIKA,34.9,2023-03-23,15,406.55,430.195,638,0.2456140350877192,0.8629579375848032,3193.37,114,82,0.6923076923076923,0.45806451612903226,0.5517617866004962,49642350_Bundle_1,0,0.6246153846153846,1.0,3.0,2.5,2.5
49642350,200105017,FRAGANCIAS,CYZONE,17.45,2023-04-14,14,264.0,430.195,616,0.2280701754385964,0.8331071913161465,3193.37,114,82,0.6153846153846154,0.3161290322580645,0.4358312655086849,49642350_Bundle_1,0,0.6246153846153846,1.0,3.0,2.5,2.5
49642350,200112474,TRATAMIENTO CORPORAL,LBEL,29.9,2023-01-19,15,406.25,430.195,701,0.2456140350877192,0.9484396200814112,3193.37,114,82,0.6923076923076923,0.864516129032258,0.7956327543424317,49642350_Bundle_1,0,0.6246153846153846,1.0,3.0,2.5,2.5
49642350,210097036,MAQUILLAJE,CYZONE,16.9,2023-02-13,19,549.0,430.195,676,0.3157894736842105,0.914518317503392,3193.37,114,82,1.0,0.7032258064516129,0.8219354838709678,49642350_Bundle_2,1,0.6345409429280396,,,,
49642350,200105079,FRAGANCIAS,CYZONE,16.64,2023-06-02,13,357.27,430.195,567,0.2105263157894736,0.7666214382632293,3193.37,114,82,0.5384615384615384,0.0,0.2153846153846154,49642350_Bundle_2,0,0.6345409429280396,1.0,3.0,2.5,2.5
49642350,200106360,FRAGANCIAS,CYZONE,25.0,2023-06-02,13,357.27,430.195,567,0.2105263157894736,0.7666214382632293,3193.37,114,82,0.5384615384615384,0.0,0.2153846153846154,49642350_Bundle_2,0,0.6345409429280396,1.0,3.0,2.5,2.5
49642350,200109874,FRAGANCIAS,CYZONE,24.9,2023-02-13,19,549.0,430.195,676,0.3157894736842105,0.914518317503392,3193.37,114,82,1.0,0.7032258064516129,0.8219354838709678,49642350_Bundle_2,0,0.6345409429280396,1.0,3.0,2.5,2.5
49642350,200112474,TRATAMIENTO CORPORAL,LBEL,29.9,2023-01-19,15,406.25,430.195,701,0.2456140350877192,0.9484396200814112,3193.37,114,82,0.6923076923076923,0.864516129032258,0.7956327543424317,49642350_Bundle_2,0,0.6345409429280396,1.0,3.0,2.5,2.5
49642350,210102157,BIJOUTERIE,CYZONE,39.9,2022-12-29,13,418.75,430.195,722,0.2105263157894736,0.9769335142469472,3193.37,114,82,0.5384615384615384,1.0,0.8153846153846154,49642350_Bundle_2,0,0.6345409429280396,1.0,3.0,2.5,2.5
49642350,200082687,CUIDADO PERSONAL,ESIKA,17.9,2023-03-02,19,456.9,430.195,659,0.3157894736842105,0.8914518317503393,3193.37,114,82,1.0,0.5935483870967742,0.7561290322580645,49642350_Bundle_2,0,0.6345409429280396,1.0,3.0,2.5,2.5
49657315,200093883,FRAGANCIAS,ESIKA,24.01,2022-12-21,8,183.4,430.195,730,0.1228070175438596,0.9877883310719132,1820.98,74,62,0.4,1.0,0.76,49657315_Bundle_1,1,0.6128011204481792,,,,
49657315,200109163,MAQUILLAJE,CYZONE,13.3,2023-02-21,17,475.2,430.195,668,0.2807017543859649,0.903663500678426,1820.98,74,62,1.0,0.5441176470588235,0.7264705882352941,49657315_Bundle_1,0,0.6128011204481792,1.0,3.0,2.5,2.5
49657315,200102110,MAQUILLAJE,CYZONE,17.9,2023-04-28,8,180.3,430.195,602,0.1228070175438596,0.8141112618724559,1820.98,74,62,0.4,0.058823529411764705,0.19529411764705884,49657315_Bundle_1,0,0.6128011204481792,1.0,3.0,2.5,2.5
49657315,210099758,BIJOUTERIE,ESIKA,34.9,2022-12-21,8,183.4,430.195,730,0.1228070175438596,0.9877883310719132,1820.98,74,62,0.4,1.0,0.76,49657315_Bundle_1,0,0.6128011204481792,1.0,3.0,2.5,2.5
49657315,200105188,CUIDADO PERSONAL,ESIKA,8.9,2022-12-21,8,183.4,430.195,730,0.1228070175438596,0.9877883310719132,1820.98,74,62,0.4,1.0,0.76,49657315_Bundle_1,0,0.6128011204481792,1.0,3.0,2.5,2.5
49657315,200105222,TRATAMIENTO FACIAL,ESIKA,29.38,2023-04-04,9,286.6,430.195,626,0.1403508771929824,0.8466757123473542,1820.98,74,62,0.4666666666666667,0.23529411764705882,0.327843137254902,49657315_Bundle_1,0,0.6128011204481792,1.0,3.0,2.5,2.5
49657315,200108125,TRATAMIENTO CORPORAL,ESIKA,5.9,2022-12-21,8,183.4,430.195,730,0.1228070175438596,0.9877883310719132,1820.98,74,62,0.4,1.0,0.76,49657315_Bundle_1,0,0.6128011204481792,1.0,3.0,2.5,2.5
49657315,200093883,FRAGANCIAS,ESIKA,24.01,2022-12-21,8,183.4,430.195,730,0.1228070175438596,0.9877883310719132,1820.98,74,62,0.4,1.0,0.76,49657315_Bundle_2,1,0.677170868347339,,,,
49657315,200095158,CUIDADO PERSONAL,ESIKA,7.45,2022-12-21,8,183.4,430.195,730,0.1228070175438596,0.9877883310719132,1820.98,74,62,0.4,1.0,0.76,49657315_Bundle_2,0,0.677170868347339,1.0,3.0,2.5,2.5
49657315,200078924,CUIDADO PERSONAL,ESIKA,15.9,2023-01-12,5,111.6,430.195,708,0.0701754385964912,0.9579375848032564,1820.98,74,62,0.2,0.8382352941176471,0.5829411764705883,49657315_Bundle_2,0,0.677170868347339,1.0,3.0,2.5,2.5
49657315,200103917,MAQUILLAJE,CYZONE,13.3,2023-02-21,17,475.2,430.195,668,0.2807017543859649,0.903663500678426,1820.98,74,62,1.0,0.5441176470588235,0.7264705882352941,49657315_Bundle_2,0,0.677170868347339,1.0,3.0,2.5,2.5
49657315,200097066,CUIDADO PERSONAL,ESIKA,29.9,2023-01-12,5,111.6,430.195,708,0.0701754385964912,0.9579375848032564,1820.98,74,62,0.2,0.8382352941176471,0.5829411764705883,49657315_Bundle_2,0,0.677170868347339,1.0,3.0,2.5,2.5
49657315,200102282,MAQUILLAJE,ESIKA,12.66,2023-02-01,9,246.18,430.195,688,0.1403508771929824,0.9308005427408412,1820.98,74,62,0.4666666666666667,0.6911764705882353,0.6013725490196078,49657315_Bundle_2,0,0.677170868347339,1.0,3.0,2.5,2.5
49657315,210101249,COMPLEMENTOS,CYZONE,54.9,2023-02-21,17,475.2,430.195,668,0.2807017543859649,0.903663500678426,1820.98,74,62,1.0,0.5441176470588235,0.7264705882352941,49657315_Bundle_2,0,0.677170868347339,1.0,3.0,2.5,2.5
49691823,200103354,MAQUILLAJE,ESIKA,10.0,2024-03-19,13,391.0,430.195,276,0.2105263157894736,0.3717774762550881,2267.15,77,69,0.8,1.0,0.92,49691823_Bundle_1,1,0.5010153482880756,,,,
49691823,200112357,CUIDADO PERSONAL,ESIKA,29.06,2024-04-05,13,386.2,430.195,259,0.2105263157894736,0.3487109905020353,2267.15,77,69,0.8,0.859504132231405,0.835702479338843,49691823_Bundle_1,0,0.5010153482880756,1.0,3.0,2.5,2.5
49691823,200111393,CUIDADO PERSONAL,CYZONE,16.9,2024-07-18,9,245.1,430.195,155,0.1403508771929824,0.2075983717774762,2267.15,77,69,0.0,0.0,0.0,49691823_Bundle_1,0,0.5010153482880756,1.0,3.0,2.5,2.5
49691823,200114988,TRATAMIENTO CORPORAL,ESIKA,29.9,2024-07-18,9,245.1,430.195,155,0.1403508771929824,0.2075983717774762,2267.15,77,69,0.0,0.0,0.0,49691823_Bundle_1,0,0.5010153482880756,1.0,3.0,2.5,2.5
49691823,210103944,COMPLEMENTOS,CYZONE,49.9,2024-04-25,14,395.5,430.195,239,0.2280701754385964,0.32157394843962,2267.15,77,69,1.0,0.6942148760330579,0.8165289256198347,49691823_Bundle_1,0,0.5010153482880756,1.0,3.0,2.5,2.5
49691823,200108176,TRATAMIENTO FACIAL,LBEL,49.9,2024-06-28,9,256.3,430.195,175,0.1403508771929824,0.2347354138398914,2267.15,77,69,0.0,0.1652892561983471,0.09917355371900827,49691823_Bundle_1,0,0.5010153482880756,1.0,3.0,2.5,2.5
49691823,200115554,FRAGANCIAS,LBEL,44.9,2024-04-05,13,386.2,430.195,259,0.2105263157894736,0.3487109905020353,2267.15,77,69,0.8,0.859504132231405,0.835702479338843,49691823_Bundle_1,0,0.5010153482880756,1.0,3.0,2.5,2.5
49691823,200103354,MAQUILLAJE,ESIKA,10.0,2024-03-19,13,391.0,430.195,276,0.2105263157894736,0.3717774762550881,2267.15,77,69,0.8,1.0,0.92,49691823_Bundle_2,1,0.5165997638724911,,,,
49691823,210100298,PROMOCION USUARIOS,ESIKA,0.1,2024-04-05,13,386.2,430.195,259,0.2105263157894736,0.3487109905020353,2267.15,77,69,0.8,0.859504132231405,0.835702479338843,49691823_Bundle_2,0,0.5165997638724911,1.0,3.0,2.5,2.5
49691823,210105341,COMPLEMENTOS,CYZONE,64.9,2024-06-06,9,239.25,430.195,197,0.1403508771929824,0.2645861601085482,2267.15,77,69,0.0,0.34710743801652894,0.20826446280991737,49691823_Bundle_2,0,0.5165997638724911,1.0,3.0,2.5,2.5
49691823,200103025,CUIDADO PERSONAL,ESIKA,23.9,2024-07-18,9,245.1,430.195,155,0.1403508771929824,0.2075983717774762,2267.15,77,69,0.0,0.0,0.0,49691823_Bundle_2,0,0.5165997638724911,1.0,3.0,2.5,2.5
49691823,200111162,FRAGANCIAS,CYZONE,35.76,2024-04-25,14,395.5,430.195,239,0.2280701754385964,0.32157394843962,2267.15,77,69,1.0,0.6942148760330579,0.8165289256198347,49691823_Bundle_2,0,0.5165997638724911,1.0,3.0,2.5,2.5
49691823,210100689,HOGAR,CYZONE,74.9,2024-07-18,9,245.1,430.195,155,0.1403508771929824,0.2075983717774762,2267.15,77,69,0.0,0.0,0.0,49691823_Bundle_2,0,0.5165997638724911,1.0,3.0,2.5,2.5
49691823,200115554,FRAGANCIAS,LBEL,44.9,2024-04-05,13,386.2,430.195,259,0.2105263157894736,0.3487109905020353,2267.15,77,69,0.8,0.859504132231405,0.835702479338843,49691823_Bundle_2,0,0.5165997638724911,1.0,3.0,2.5,2.5
49703155,210100667,COMPLEMENTOS,CYZONE,24.9,2023-04-12,12,359.09999999999997,430.195,618,0.1929824561403508,0.835820895522388,4127.97,136,111,0.5789473684210527,0.9302325581395349,0.789718482252142,49703155_Bundle_1,1,0.7051782279619313,,,,
49703155,210097030,CUIDADO PERSONAL,LBEL,24.9,2023-05-03,11,393.9,430.195,597,0.175438596491228,0.8073270013568521,4127.97,136,111,0.5263157894736842,0.8604651162790697,0.7268053855569155,49703155_Bundle_1,0,0.7051782279619313,1.0,3.0,2.5,2.5
49703155,200088568,TRATAMIENTO CORPORAL,ESIKA,26.9,2023-07-26,11,437.1,430.195,513,0.175438596491228,0.6933514246947082,4127.97,136,111,0.5263157894736842,0.5813953488372093,0.5593635250917992,49703155_Bundle_1,0,0.7051782279619313,1.0,3.0,2.5,2.5
49703155,200106608,MAQUILLAJE,CYZONE,18.9,2023-06-15,13,385.0,430.195,554,0.2105263157894736,0.7489823609226595,4127.97,136,111,0.631578947368421,0.717607973421927,0.6831963630005247,49703155_Bundle_1,0,0.7051782279619313,1.0,3.0,2.5,2.5
49703155,200083997,FRAGANCIAS,ESIKA,44.9,2023-05-03,11,393.9,430.195,597,0.175438596491228,0.8073270013568521,4127.97,136,111,0.5263157894736842,0.8604651162790697,0.7268053855569155,49703155_Bundle_1,0,0.7051782279619313,1.0,3.0,2.5,2.5
49703155,200097947,FRAGANCIAS,CYZONE,39.9,2023-06-15,13,385.0,430.195,554,0.2105263157894736,0.7489823609226595,4127.97,136,111,0.631578947368421,0.717607973421927,0.6831963630005247,49703155_Bundle_1,0,0.7051782279619313,1.0,3.0,2.5,2.5
49703155,200103442,CUIDADO PERSONAL,ESIKA,5.0,2023-05-25,15,399.9,430.195,575,0.2456140350877192,0.7774762550881954,4127.97,136,111,0.7368421052631579,0.7873754152823921,0.7671620912746984,49703155_Bundle_1,0,0.7051782279619313,1.0,3.0,2.5,2.5
49703155,210100667,COMPLEMENTOS,CYZONE,24.9,2023-04-12,12,359.09999999999997,430.195,618,0.1929824561403508,0.835820895522388,4127.97,136,111,0.5789473684210527,0.9302325581395349,0.789718482252142,49703155_Bundle_2,1,0.72984287962431,,,,
49703155,200106360,FRAGANCIAS,CYZONE,45.33,2023-06-15,13,385.0,430.195,554,0.2105263157894736,0.7489823609226595,4127.97,136,111,0.631578947368421,0.717607973421927,0.6831963630005247,49703155_Bundle_2,0,0.72984287962431,1.0,3.0,2.5,2.5
49703155,200110648,MAQUILLAJE,ESIKA,24.9,2023-05-03,11,393.9,430.195,597,0.175438596491228,0.8073270013568521,4127.97,136,111,0.5263157894736842,0.8604651162790697,0.7268053855569155,49703155_Bundle_2,0,0.72984287962431,1.0,3.0,2.5,2.5
49703155,210100495,MAQUILLAJE,CYZONE,9.9,2023-08-16,20,530.5,430.195,492,0.3333333333333333,0.6648575305291723,4127.97,136,111,1.0,0.5116279069767442,0.7069767441860466,49703155_Bundle_2,0,0.72984287962431,1.0,3.0,2.5,2.5
49703155,200104714,TRATAMIENTO CORPORAL,LBEL,17.9,2023-08-16,20,530.5,430.195,492,0.3333333333333333,0.6648575305291723,4127.97,136,111,1.0,0.5116279069767442,0.7069767441860466,49703155_Bundle_2,0,0.72984287962431,1.0,3.0,2.5,2.5
49703155,200112303,FRAGANCIAS,ESIKA,69.9,2023-03-22,9,346.2,430.195,639,0.1403508771929824,0.864314789687924,4127.97,136,111,0.42105263157894735,1.0,0.7684210526315789,49703155_Bundle_2,0,0.72984287962431,1.0,3.0,2.5,2.5
49703155,200083997,FRAGANCIAS,ESIKA,44.9,2023-05-03,11,393.9,430.195,597,0.175438596491228,0.8073270013568521,4127.97,136,111,0.5263157894736842,0.8604651162790697,0.7268053855569155,49703155_Bundle_2,0,0.72984287962431,1.0,3.0,2.5,2.5
49705387,200105079,FRAGANCIAS,CYZONE,19.54,2023-01-17,10,230.5,430.195,703,0.1578947368421052,0.9511533242876526,1341.41,52,47,1.0,0.8345864661654135,0.9007518796992481,49705387_Bundle_1,1,0.539892588614393,,,,
49705387,200110089,CUIDADO PERSONAL,LBEL,22.5,2023-03-06,5,116.17,430.195,655,0.0701754385964912,0.8860244233378561,1341.41,52,47,0.0,0.47368421052631576,0.28421052631578947,49705387_Bundle_1,0,0.539892588614393,1.0,3.0,2.5,2.5
49705387,210095971,MAQUILLAJE,CYZONE,18.9,2022-12-26,7,173.29999999999998,430.195,725,0.1052631578947368,0.9810040705563092,1341.41,52,47,0.4,1.0,0.76,49705387_Bundle_1,0,0.539892588614393,1.0,3.0,2.5,2.5
49705387,200110330,MAQUILLAJE,ESIKA,18.72,2023-05-08,7,133.76,430.195,592,0.1052631578947368,0.8005427408412483,1341.41,52,47,0.4,0.0,0.16000000000000003,49705387_Bundle_1,0,0.539892588614393,1.0,3.0,2.5,2.5
49705387,210097838,COMPLEMENTOS,CYZONE,46.9,2023-02-07,10,265.88,430.195,682,0.1578947368421052,0.9226594301221168,1341.41,52,47,1.0,0.6766917293233082,0.806015037593985,49705387_Bundle_1,0,0.539892588614393,1.0,3.0,2.5,2.5
49705387,200103025,CUIDADO PERSONAL,ESIKA,26.6,2023-04-14,5,196.3,430.195,616,0.0701754385964912,0.8331071913161465,1341.41,52,47,0.0,0.18045112781954886,0.10827067669172931,49705387_Bundle_1,0,0.539892588614393,1.0,3.0,2.5,2.5
49705387,210095972,MAQUILLAJE,CYZONE,18.9,2022-12-26,7,173.29999999999998,430.195,725,0.1052631578947368,0.9810040705563092,1341.41,52,47,0.4,1.0,0.76,49705387_Bundle_1,0,0.539892588614393,1.0,3.0,2.5,2.5
49705387,200105079,FRAGANCIAS,CYZONE,19.54,2023-01-17,10,230.5,430.195,703,0.1578947368421052,0.9511533242876526,1341.41,52,47,1.0,0.8345864661654135,0.9007518796992481,49705387_Bundle_2,1,0.6664661654135339,,,,
49705387,200082652,CUIDADO PERSONAL,ESIKA,27.48,2023-01-17,10,230.5,430.195,703,0.1578947368421052,0.9511533242876526,1341.41,52,47,1.0,0.8345864661654135,0.9007518796992481,49705387_Bundle_2,0,0.6664661654135339,1.0,3.0,2.5,2.5
49705387,210100260,PROMOCION USUARIOS,LBEL,79.9,2023-04-14,5,196.3,430.195,616,0.0701754385964912,0.8331071913161465,1341.41,52,47,0.0,0.18045112781954886,0.10827067669172931,49705387_Bundle_2,0,0.6664661654135339,1.0,3.0,2.5,2.5
49705387,200103964,TRATAMIENTO CORPORAL,LBEL,29.25,2023-03-27,8,225.5,430.195,634,0.1228070175438596,0.8575305291723202,1341.41,52,47,0.6,0.3157894736842105,0.4294736842105263,49705387_Bundle_2,0,0.6664661654135339,1.0,3.0,2.5,2.5
49705387,200107359,MAQUILLAJE,CYZONE,13.9,2022-12-26,7,173.29999999999998,430.195,725,0.1052631578947368,0.9810040705563092,1341.41,52,47,0.4,1.0,0.76,49705387_Bundle_2,0,0.6664661654135339,1.0,3.0,2.5,2.5
49705387,210095972,MAQUILLAJE,CYZONE,18.9,2022-12-26,7,173.29999999999998,430.195,725,0.1052631578947368,0.9810040705563092,1341.41,52,47,0.4,1.0,0.76,49705387_Bundle_2,0,0.6664661654135339,1.0,3.0,2.5,2.5
49705387,200109649,TRATAMIENTO CORPORAL,CYZONE,9.6,2023-02-07,10,265.88,430.195,682,0.1578947368421052,0.9226594301221168,1341.41,52,47,1.0,0.6766917293233082,0.806015037593985,49705387_Bundle_2,0,0.6664661654135339,1.0,3.0,2.5,2.5
49711530,200095570,CUIDADO PERSONAL,ESIKA,7.11,2023-12-12,20,629.6,430.195,374,0.3333333333333333,0.5047489823609227,2464.34,89,74,1.0,0.8155339805825242,0.8893203883495145,49711530_Bundle_1,1,0.5017105871474803,,,,
49711530,200111132,MAQUILLAJE,CYZONE,16.9,2024-03-05,11,364.35,430.195,290,0.175438596491228,0.3907734056987788,2464.34,89,74,0.0,0.0,0.0,49711530_Bundle_1,0,0.5017105871474803,1.0,3.0,2.5,2.5
49711530,210099696,PROMOCION USUARIOS,CYZONE,1.29,2023-11-23,17,390.7,430.195,393,0.2807017543859649,0.5305291723202171,2464.34,89,74,0.6666666666666666,1.0,0.8666666666666667,49711530_Bundle_1,0,0.5017105871474803,1.0,3.0,2.5,2.5
49711530,200115489,FRAGANCIAS,CYZONE,35.75,2024-03-05,11,364.35,430.195,290,0.175438596491228,0.3907734056987788,2464.34,89,74,0.0,0.0,0.0,49711530_Bundle_1,0,0.5017105871474803,1.0,3.0,2.5,2.5
49711530,200102104,MAQUILLAJE,CYZONE,19.65,2023-11-23,17,390.7,430.195,393,0.2807017543859649,0.5305291723202171,2464.34,89,74,0.6666666666666666,1.0,0.8666666666666667,49711530_Bundle_1,0,0.5017105871474803,1.0,3.0,2.5,2.5
49711530,200101225,TRATAMIENTO FACIAL,LBEL,36.8,2024-03-05,11,364.35,430.195,290,0.175438596491228,0.3907734056987788,2464.34,89,74,0.0,0.0,0.0,49711530_Bundle_1,0,0.5017105871474803,1.0,3.0,2.5,2.5
49711530,210101854,MAQUILLAJE,CYZONE,43.9,2023-12-12,20,629.6,430.195,374,0.3333333333333333,0.5047489823609227,2464.34,89,74,1.0,0.8155339805825242,0.8893203883495145,49711530_Bundle_1,0,0.5017105871474803,1.0,3.0,2.5,2.5
49711530,200095570,CUIDADO PERSONAL,ESIKA,7.11,2023-12-12,20,629.6,430.195,374,0.3333333333333333,0.5047489823609227,2464.34,89,74,1.0,0.8155339805825242,0.8893203883495145,49711530_Bundle_2,1,0.6234550778240099,,,,
49711530,200091727,FRAGANCIAS,ESIKA,27.5,2024-02-14,16,359.29,430.195,310,0.2631578947368421,0.417910447761194,2464.34,89,74,0.5555555555555556,0.1941747572815534,0.33872707659115425,49711530_Bundle_2,0,0.6234550778240099,1.0,3.0,2.5,2.5
49711530,200114924,FRAGANCIAS,ESIKA,49.9,2024-03-05,11,364.35,430.195,290,0.175438596491228,0.3907734056987788,2464.34,89,74,0.0,0.0,0.0,49711530_Bundle_2,0,0.6234550778240099,1.0,3.0,2.5,2.5
49711530,210095652,MAQUILLAJE,CYZONE,19.9,2023-12-27,13,356.4,430.195,359,0.2105263157894736,0.4843962008141113,2464.34,89,74,0.2222222222222222,0.6699029126213593,0.49083063646170444,49711530_Bundle_2,0,0.6234550778240099,1.0,3.0,2.5,2.5
49711530,200100866,FRAGANCIAS,ESIKA,79.58,2023-12-12,20,629.6,430.195,374,0.3333333333333333,0.5047489823609227,2464.34,89,74,1.0,0.8155339805825242,0.8893203883495145,49711530_Bundle_2,0,0.6234550778240099,1.0,3.0,2.5,2.5
49711530,200091727,FRAGANCIAS,ESIKA,45.9,2023-12-12,20,629.6,430.195,374,0.3333333333333333,0.5047489823609227,2464.34,89,74,1.0,0.8155339805825242,0.8893203883495145,49711530_Bundle_2,0,0.6234550778240099,1.0,3.0,2.5,2.5
49711530,210102540,BIJOUTERIE,CYZONE,20.9,2023-11-23,17,390.7,430.195,393,0.2807017543859649,0.5305291723202171,2464.34,89,74,0.6666666666666666,1.0,0.8666666666666667,49711530_Bundle_2,0,0.6234550778240099,1.0,3.0,2.5,2.5
49728603,210099605,BIJOUTERIE,CYZONE,66.9,2023-02-02,29,852.15,430.195,687,0.4912280701754385,0.9294436906377204,12167.17,458,314,1.0,0.9016393442622951,0.940983606557377,49728603_Bundle_1,1,0.7376305713542247,,,,
49728603,200103919,MAQUILLAJE,CYZONE,14.9,2023-06-28,18,374.3,430.195,541,0.2982456140350877,0.7313432835820896,12167.17,458,314,0.3888888888888889,0.5597189695550351,0.4913869372885766,49728603_Bundle_1,0,0.7376305713542247,1.0,3.0,2.5,2.5
49728603,200095517,CUIDADO PERSONAL,ESIKA,19.9,2023-08-29,17,487.0,430.195,479,0.2807017543859649,0.6472184531886025,12167.17,458,314,0.3333333333333333,0.41451990632318503,0.38204527712724434,49728603_Bundle_1,0,0.7376305713542247,1.0,3.0,2.5,2.5
49728603,200113006,MAQUILLAJE,LBEL,52.0,2022-12-22,22,661.9,430.195,729,0.3684210526315789,0.9864314789687924,12167.17,458,314,0.6111111111111112,1.0,0.8444444444444444,49728603_Bundle_1,0,0.7376305713542247,1.0,3.0,2.5,2.5
49728603,200082687,CUIDADO PERSONAL,ESIKA,11.0,2023-02-02,29,852.15,430.195,687,0.4912280701754385,0.9294436906377204,12167.17,458,314,1.0,0.9016393442622951,0.940983606557377,49728603_Bundle_1,0,0.7376305713542247,1.0,3.0,2.5,2.5
49728603,200106346,FRAGANCIAS,ESIKA,39.9,2023-02-02,29,852.15,430.195,687,0.4912280701754385,0.9294436906377204,12167.17,458,314,1.0,0.9016393442622951,0.940983606557377,49728603_Bundle_1,0,0.7376305713542247,1.0,3.0,2.5,2.5
49728603,210098482,MAQUILLAJE,ESIKA,36.9,2023-02-23,16,669.1,430.195,666,0.2631578947368421,0.9009497964721844,12167.17,458,314,0.2777777777777778,0.8524590163934426,0.6225865209471767,49728603_Bundle_1,0,0.7376305713542247,1.0,3.0,2.5,2.5
49728603,210099605,BIJOUTERIE,CYZONE,66.9,2023-02-02,29,852.15,430.195,687,0.4912280701754385,0.9294436906377204,12167.17,458,314,1.0,0.9016393442622951,0.940983606557377,49728603_Bundle_2,1,0.4781978365116539,,,,
49728603,210092742,MAQUILLAJE,ESIKA,5.39,2023-05-17,26,690.59,430.195,583,0.4385964912280701,0.7883310719131614,12167.17,458,314,0.8333333333333334,0.65807962529274,0.7281811085089773,49728603_Bundle_2,0,0.4781978365116539,1.0,3.0,2.5,2.5
49728603,200105195,CUIDADO PERSONAL,ESIKA,11.03,2024-02-01,16,438.9,430.195,323,0.2631578947368421,0.4355495251017639,12167.17,458,314,0.2777777777777778,0.04918032786885246,0.1406193078324226,49728603_Bundle_2,0,0.4781978365116539,1.0,3.0,2.5,2.5
49728603,200108807,CUIDADO PERSONAL,ESIKA,12.9,2024-02-22,11,230.0,430.195,302,0.175438596491228,0.4070556309362279,12167.17,458,314,0.0,0.0,0.0,49728603_Bundle_2,0,0.4781978365116539,1.0,3.0,2.5,2.5
49728603,200082688,CUIDADO PERSONAL,ESIKA,19.9,2024-01-11,18,404.8,430.195,344,0.2982456140350877,0.4640434192672998,12167.17,458,314,0.3888888888888889,0.09836065573770492,0.2145719489981785,49728603_Bundle_2,0,0.4781978365116539,1.0,3.0,2.5,2.5
49728603,200082687,CUIDADO PERSONAL,ESIKA,11.0,2023-02-02,29,852.15,430.195,687,0.4912280701754385,0.9294436906377204,12167.17,458,314,1.0,0.9016393442622951,0.940983606557377,49728603_Bundle_2,0,0.4781978365116539,1.0,3.0,2.5,2.5
49728603,200109165,MAQUILLAJE,CYZONE,13.3,2023-08-29,17,487.0,430.195,479,0.2807017543859649,0.6472184531886025,12167.17,458,314,0.3333333333333333,0.41451990632318503,0.38204527712724434,49728603_Bundle_2,0,0.4781978365116539,1.0,3.0,2.5,2.5
49740433,200098555,FRAGANCIAS,ESIKA,19.9,2022-12-19,25,605.38,430.195,732,0.4210526315789473,0.9905020352781548,4620.46,171,138,0.8823529411764706,1.0,0.9529411764705882,49740433_Bundle_1,1,0.5050862450243255,,,,
49740433,200102090,MAQUILLAJE,CYZONE,24.9,2023-02-24,25,661.19,430.195,665,0.4210526315789473,0.8995929443690638,4620.46,171,138,0.8823529411764706,0.6473684210526316,0.7413622291021672,49740433_Bundle_1,0,0.5050862450243255,1.0,3.0,2.5,2.5
49740433,200105215,TRATAMIENTO FACIAL,ESIKA,49.9,2023-05-02,27,598.4499999999999,430.195,598,0.4561403508771929,0.8086838534599728,4620.46,171,138,1.0,0.29473684210526313,0.5768421052631579,49740433_Bundle_1,0,0.5050862450243255,1.0,3.0,2.5,2.5
49740433,210102638,BIJOUTERIE,ESIKA,49.9,2023-03-14,10,277.0,430.195,647,0.1578947368421052,0.8751696065128901,4620.46,171,138,0.0,0.5526315789473685,0.3315789473684211,49740433_Bundle_1,0,0.5050862450243255,1.0,3.0,2.5,2.5
49740433,200090337,CUIDADO PERSONAL,ESIKA,19.5,2023-06-09,14,416.9,430.195,560,0.2280701754385964,0.757123473541384,4620.46,171,138,0.23529411764705882,0.09473684210526316,0.15095975232198142,49740433_Bundle_1,0,0.5050862450243255,1.0,3.0,2.5,2.5
49740433,200095374,CUIDADO PERSONAL,ESIKA,4.9,2023-04-05,18,424.7,430.195,625,0.2982456140350877,0.8453188602442334,4620.46,171,138,0.47058823529411764,0.4368421052631579,0.4503405572755418,49740433_Bundle_1,0,0.5050862450243255,1.0,3.0,2.5,2.5
49740433,210101447,COMPLEMENTOS,CYZONE,52.9,2023-03-14,10,277.0,430.195,647,0.1578947368421052,0.8751696065128901,4620.46,171,138,0.0,0.5526315789473685,0.3315789473684211,49740433_Bundle_1,0,0.5050862450243255,1.0,3.0,2.5,2.5
49740433,200098555,FRAGANCIAS,ESIKA,19.9,2022-12-19,25,605.38,430.195,732,0.4210526315789473,0.9905020352781548,4620.46,171,138,0.8823529411764706,1.0,0.9529411764705882,49740433_Bundle_2,1,0.5013622291021671,,,,
49740433,210099579,HOGAR,CYZONE,44.9,2023-01-11,15,340.79999999999995,430.195,709,0.2456140350877192,0.9592944369063772,4620.46,171,138,0.29411764705882354,0.8789473684210526,0.6450154798761609,49740433_Bundle_2,0,0.5013622291021671,1.0,3.0,2.5,2.5
49740433,210098531,MAQUILLAJE,CYZONE,18.9,2023-03-14,10,277.0,430.195,647,0.1578947368421052,0.8751696065128901,4620.46,171,138,0.0,0.5526315789473685,0.3315789473684211,49740433_Bundle_2,0,0.5013622291021671,1.0,3.0,2.5,2.5
49740433,200103963,TRATAMIENTO CORPORAL,LBEL,12.9,2023-05-24,11,387.0,430.195,576,0.175438596491228,0.7788331071913162,4620.46,171,138,0.058823529411764705,0.17894736842105263,0.13089783281733747,49740433_Bundle_2,0,0.5013622291021671,1.0,3.0,2.5,2.5
49740433,200105035,TRATAMIENTO FACIAL,CYZONE,8.9,2023-05-24,11,387.0,430.195,576,0.175438596491228,0.7788331071913162,4620.46,171,138,0.058823529411764705,0.17894736842105263,0.13089783281733747,49740433_Bundle_2,0,0.5013622291021671,1.0,3.0,2.5,2.5
49740433,210098477,MAQUILLAJE,ESIKA,32.9,2023-05-02,27,598.4499999999999,430.195,598,0.4561403508771929,0.8086838534599728,4620.46,171,138,1.0,0.29473684210526313,0.5768421052631579,49740433_Bundle_2,0,0.5013622291021671,1.0,3.0,2.5,2.5
49740433,200098945,MAQUILLAJE,LBEL,26.9,2023-02-24,25,661.19,430.195,665,0.4210526315789473,0.8995929443690638,4620.46,171,138,0.8823529411764706,0.6473684210526316,0.7413622291021672,49740433_Bundle_2,0,0.5013622291021671,1.0,3.0,2.5,2.5
49746229,210097037,MAQUILLAJE,CYZONE,19.95,2022-12-19,3,119.8,430.195,732,0.0350877192982456,0.9905020352781548,119.8,3,3,0.0,0.0,0.0,49746229_Bundle_1,1,0.0,,,,
49746229,210102008,COMPLEMENTOS,CYZONE,79.9,2022-12-19,3,119.8,430.195,732,0.0350877192982456,0.9905020352781548,119.8,3,3,0.0,0.0,0.0,49746229_Bundle_1,0,0.0,1.0,1.0,1.0,1.0
49746229,210095652,MAQUILLAJE,CYZONE,19.95,2022-12-19,3,119.8,430.195,732,0.0350877192982456,0.9905020352781548,119.8,3,3,0.0,0.0,0.0,49746229_Bundle_1,0,0.0,0.0,1.0,0.75,0.75
49746229,210097037,MAQUILLAJE,CYZONE,19.95,2022-12-19,3,119.8,430.195,732,0.0350877192982456,0.9905020352781548,119.8,3,3,0.0,0.0,0.0,49746229_Bundle_2,1,0.0,,,,
49746229,210095652,MAQUILLAJE,CYZONE,19.95,2022-12-19,3,119.8,430.195,732,0.0350877192982456,0.9905020352781548,119.8,3,3,0.0,0.0,0.0,49746229_Bundle_2,0,0.0,0.0,3.0,2.25,2.25
49746229,210102008,COMPLEMENTOS,CYZONE,79.9,2022-12-19,3,119.8,430.195,732,0.0350877192982456,0.9905020352781548,119.8,3,3,0.0,0.0,0.0,49746229_Bundle_2,0,0.0,1.0,2.0,1.75,1.75
49754906,200088564,CUIDADO PERSONAL,ESIKA,7.38,2023-01-17,13,333.3,430.195,703,0.2105263157894736,0.9511533242876526,9579.65,323,242,0.5454545454545454,0.9776785714285714,0.8047889610389609,49754906_Bundle_1,1,0.4941790352504638,,,,
49754906,200107144,MAQUILLAJE,CYZONE,16.9,2023-08-08,12,323.09999999999997,430.195,500,0.1929824561403508,0.6757123473541384,9579.65,323,242,0.5,0.6755952380952381,0.6053571428571429,49754906_Bundle_1,0,0.4941790352504638,1.0,3.0,2.5,2.5
49754906,200106346,FRAGANCIAS,ESIKA,35.03,2024-05-24,12,280.34,430.195,210,0.1929824561403508,0.282225237449118,9579.65,323,242,0.5,0.24404761904761904,0.3464285714285714,49754906_Bundle_1,0,0.4941790352504638,1.0,3.0,2.5,2.5
49754906,210102480,PROMOCION USUARIOS,CYZONE,9.9,2024-09-17,16,347.88,430.195,94,0.2631578947368421,0.1248303934871099,9579.65,323,242,0.6818181818181818,0.07142857142857142,0.3155844155844156,49754906_Bundle_1,0,0.4941790352504638,1.0,3.0,2.5,2.5
49754906,200117170,MAQUILLAJE,CYZONE,14.95,2024-10-07,18,507.4,430.195,74,0.2982456140350877,0.0976933514246947,9579.65,323,242,0.7727272727272727,0.041666666666666664,0.3340909090909091,49754906_Bundle_1,0,0.4941790352504638,1.0,3.0,2.5,2.5
49754906,200109874,FRAGANCIAS,CYZONE,32.9,2024-08-15,14,443.7,430.195,127,0.2280701754385964,0.1696065128900949,9579.65,323,242,0.5909090909090909,0.12053571428571429,0.308685064935065,49754906_Bundle_1,0,0.4941790352504638,1.0,3.0,2.5,2.5
49754906,210099703,COMPLEMENTOS,ESIKA,54.9,2023-02-13,11,194.21,430.195,676,0.175438596491228,0.914518317503392,9579.65,323,242,0.45454545454545453,0.9375,0.7443181818181819,49754906_Bundle_1,0,0.4941790352504638,1.0,3.0,2.5,2.5
49754906,200088564,CUIDADO PERSONAL,ESIKA,7.38,2023-01-17,13,333.3,430.195,703,0.2105263157894736,0.9511533242876526,9579.65,323,242,0.5454545454545454,0.9776785714285714,0.8047889610389609,49754906_Bundle_2,1,0.5206284786641929,,,,
49754906,200106559,MAQUILLAJE,CYZONE,15.9,2024-09-17,16,347.88,430.195,94,0.2631578947368421,0.1248303934871099,9579.65,323,242,0.6818181818181818,0.07142857142857142,0.3155844155844156,49754906_Bundle_2,0,0.5206284786641929,1.0,3.0,2.5,2.5
49754906,200106604,MAQUILLAJE,CYZONE,18.9,2024-10-07,18,507.4,430.195,74,0.2982456140350877,0.0976933514246947,9579.65,323,242,0.7727272727272727,0.041666666666666664,0.3340909090909091,49754906_Bundle_2,0,0.5206284786641929,1.0,3.0,2.5,2.5
49754906,200097947,FRAGANCIAS,CYZONE,39.9,2023-06-13,19,617.0,430.195,556,0.3157894736842105,0.751696065128901,9579.65,323,242,0.8181818181818182,0.7589285714285714,0.7826298701298702,49754906_Bundle_2,0,0.5206284786641929,1.0,3.0,2.5,2.5
49754906,200115406,MAQUILLAJE,CYZONE,14.95,2024-10-07,18,507.4,430.195,74,0.2982456140350877,0.0976933514246947,9579.65,323,242,0.7727272727272727,0.041666666666666664,0.3340909090909091,49754906_Bundle_2,0,0.5206284786641929,1.0,3.0,2.5,2.5
49754906,200116440,TRATAMIENTO CORPORAL,ESIKA,37.9,2024-09-03,18,699.85,430.195,108,0.2982456140350877,0.1438263229308005,9579.65,323,242,0.7727272727272727,0.09226190476190477,0.36444805194805197,49754906_Bundle_2,0,0.5206284786641929,1.0,3.0,2.5,2.5
49754906,200102430,FRAGANCIAS,ESIKA,38.74,2023-07-25,17,463.35,430.195,514,0.2807017543859649,0.694708276797829,9579.65,323,242,0.7272727272727273,0.6964285714285714,0.7087662337662337,49754906_Bundle_2,0,0.5206284786641929,1.0,3.0,2.5,2.5
49765991,200103025,CUIDADO PERSONAL,ESIKA,22.18,2022-12-26,11,282.5,430.195,725,0.175438596491228,0.9810040705563092,282.5,11,11,0.0,0.0,0.0,49765991_Bundle_1,1,0.0,,,,
49765991,210095652,MAQUILLAJE,CYZONE,10.94,2022-12-26,11,282.5,430.195,725,0.175438596491228,0.9810040705563092,282.5,11,11,0.0,0.0,0.0,49765991_Bundle_1,0,0.0,1.0,3.0,2.5,2.5
49765991,200102430,FRAGANCIAS,ESIKA,39.9,2022-12-26,11,282.5,430.195,725,0.175438596491228,0.9810040705563092,282.5,11,11,0.0,0.0,0.0,49765991_Bundle_1,0,0.0,1.0,3.0,2.5,2.5
49765991,200105011,FRAGANCIAS,CYZONE,23.03,2022-12-26,11,282.5,430.195,725,0.175438596491228,0.9810040705563092,282.5,11,11,0.0,0.0,0.0,49765991_Bundle_1,0,0.0,1.0,3.0,2.5,2.5
49765991,200097066,CUIDADO PERSONAL,ESIKA,23.15,2022-12-26,11,282.5,430.195,725,0.175438596491228,0.9810040705563092,282.5,11,11,0.0,0.0,0.0,49765991_Bundle_1,0,0.0,0.0,3.0,2.25,2.25
49765991,200082687,CUIDADO PERSONAL,ESIKA,10.93,2022-12-26,11,282.5,430.195,725,0.175438596491228,0.9810040705563092,282.5,11,11,0.0,0.0,0.0,49765991_Bundle_1,0,0.0,0.0,3.0,2.25,2.25
49765991,200105655,CUIDADO PERSONAL,ESIKA,24.9,2022-12-26,11,282.5,430.195,725,0.175438596491228,0.9810040705563092,282.5,11,11,0.0,0.0,0.0,49765991_Bundle_1,0,0.0,0.0,2.0,1.5,1.5
49765991,200103025,CUIDADO PERSONAL,ESIKA,22.18,2022-12-26,11,282.5,430.195,725,0.175438596491228,0.9810040705563092,282.5,11,11,0.0,0.0,0.0,49765991_Bundle_2,1,0.0,,,,
49765991,200105655,CUIDADO PERSONAL,ESIKA,24.9,2022-12-26,11,282.5,430.195,725,0.175438596491228,0.9810040705563092,282.5,11,11,0.0,0.0,0.0,49765991_Bundle_2,0,0.0,0.0,3.0,2.25,2.25
49765991,210095652,MAQUILLAJE,CYZONE,10.94,2022-12-26,11,282.5,430.195,725,0.175438596491228,0.9810040705563092,282.5,11,11,0.0,0.0,0.0,49765991_Bundle_2,0,0.0,1.0,2.0,1.75,1.75
49765991,200089168,FRAGANCIAS,CYZONE,23.9,2022-12-26,11,282.5,430.195,725,0.175438596491228,0.9810040705563092,282.5,11,11,0.0,0.0,0.0,49765991_Bundle_2,0,0.0,1.0,2.0,1.75,1.75
49765991,200095826,FRAGANCIAS,LBEL,75.0,2022-12-26,11,282.5,430.195,725,0.175438596491228,0.9810040705563092,282.5,11,11,0.0,0.0,0.0,49765991_Bundle_2,0,0.0,1.0,2.0,1.75,1.75
49765991,200097066,CUIDADO PERSONAL,ESIKA,23.15,2022-12-26,11,282.5,430.195,725,0.175438596491228,0.9810040705563092,282.5,11,11,0.0,0.0,0.0,49765991_Bundle_2,0,0.0,0.0,2.0,1.5,1.5
49765991,200082687,CUIDADO PERSONAL,ESIKA,10.93,2022-12-26,11,282.5,430.195,725,0.175438596491228,0.9810040705563092,282.5,11,11,0.0,0.0,0.0,49765991_Bundle_2,0,0.0,0.0,2.0,1.5,1.5
49769725,210094925,COMPLEMENTOS,CYZONE,37.9,2023-01-05,5,153.1,430.195,715,0.0701754385964912,0.9674355495251018,153.1,5,5,0.0,0.0,0.0,49769725_Bundle_1,1,0.0,,,,
49769725,210100407,CUIDADO PERSONAL,CYZONE,30.9,2023-01-05,5,153.1,430.195,715,0.0701754385964912,0.9674355495251018,153.1,5,5,0.0,0.0,0.0,49769725_Bundle_1,0,0.0,1.0,3.0,2.5,2.5
49769725,210101975,COMPLEMENTOS,CYZONE,47.9,2023-01-05,5,153.1,430.195,715,0.0701754385964912,0.9674355495251018,153.1,5,5,0.0,0.0,0.0,49769725_Bundle_1,0,0.0,0.0,2.0,1.5,1.5
49769725,200090349,CUIDADO PERSONAL,ESIKA,23.9,2023-01-05,5,153.1,430.195,715,0.0701754385964912,0.9674355495251018,153.1,5,5,0.0,0.0,0.0,49769725_Bundle_1,0,0.0,1.0,1.0,1.0,1.0
49769725,210083802,VARIOS,CYZONE,12.5,2023-01-05,5,153.1,430.195,715,0.0701754385964912,0.9674355495251018,153.1,5,5,0.0,0.0,0.0,49769725_Bundle_1,0,0.0,1.0,0.0,0.25,0.25
49769725,210094925,COMPLEMENTOS,CYZONE,37.9,2023-01-05,5,153.1,430.195,715,0.0701754385964912,0.9674355495251018,153.1,5,5,0.0,0.0,0.0,49769725_Bundle_2,1,0.0,,,,
49769725,210083802,VARIOS,CYZONE,12.5,2023-01-05,5,153.1,430.195,715,0.0701754385964912,0.9674355495251018,153.1,5,5,0.0,0.0,0.0,49769725_Bundle_2,0,0.0,1.0,2.0,1.75,1.75
49769725,210101975,COMPLEMENTOS,CYZONE,47.9,2023-01-05,5,153.1,430.195,715,0.0701754385964912,0.9674355495251018,153.1,5,5,0.0,0.0,0.0,49769725_Bundle_2,0,0.0,0.0,1.0,0.75,0.75
49769725,200090349,CUIDADO PERSONAL,ESIKA,23.9,2023-01-05,5,153.1,430.195,715,0.0701754385964912,0.9674355495251018,153.1,5,5,0.0,0.0,0.0,49769725_Bundle_2,0,0.0,1.0,0.0,0.25,0.25
49769725,210100407,CUIDADO PERSONAL,CYZONE,30.9,2023-01-05,5,153.1,430.195,715,0.0701754385964912,0.9674355495251018,153.1,5,5,0.0,0.0,0.0,49769725_Bundle_2,0,0.0,1.0,0.0,0.25,0.25
49794401,210102157,BIJOUTERIE,CYZONE,39.9,2022-12-21,12,286.79999999999995,430.195,730,0.1929824561403508,0.9877883310719132,1160.4,42,40,0.8,1.0,0.92,49794401_Bundle_1,1,0.5322448979591836,,,,
49794401,200091727,FRAGANCIAS,ESIKA,29.9,2023-01-16,13,303.4,430.195,704,0.2105263157894736,0.9525101763907734,1160.4,42,40,1.0,0.6285714285714286,0.7771428571428571,49794401_Bundle_1,0,0.5322448979591836,1.0,3.0,2.5,2.5
49794401,200106560,MAQUILLAJE,CYZONE,14.95,2023-01-16,13,303.4,430.195,704,0.2105263157894736,0.9525101763907734,1160.4,42,40,1.0,0.6285714285714286,0.7771428571428571,49794401_Bundle_1,0,0.5322448979591836,1.0,3.0,2.5,2.5
49794401,200098099,MAQUILLAJE,ESIKA,7.9,2023-02-06,8,342.40000000000003,430.195,683,0.1228070175438596,0.9240162822252376,1160.4,42,40,0.0,0.32857142857142857,0.19714285714285715,49794401_Bundle_1,0,0.5322448979591836,1.0,3.0,2.5,2.5
49794401,210103682,COMPLEMENTOS,CYZONE,86.9,2023-03-01,9,227.8,430.195,660,0.1403508771929824,0.89280868385346,1160.4,42,40,0.2,0.0,0.08000000000000002,49794401_Bundle_1,0,0.5322448979591836,1.0,3.0,2.5,2.5
49794401,200106656,MAQUILLAJE,ESIKA,17.9,2023-01-16,13,303.4,430.195,704,0.2105263157894736,0.9525101763907734,1160.4,42,40,1.0,0.6285714285714286,0.7771428571428571,49794401_Bundle_1,0,0.5322448979591836,1.0,3.0,2.5,2.5
49794401,200108507,CUIDADO PERSONAL,ESIKA,14.9,2023-02-06,8,342.40000000000003,430.195,683,0.1228070175438596,0.9240162822252376,1160.4,42,40,0.0,0.32857142857142857,0.19714285714285715,49794401_Bundle_1,0,0.5322448979591836,1.0,3.0,2.5,2.5
49794401,210102157,BIJOUTERIE,CYZONE,39.9,2022-12-21,12,286.79999999999995,430.195,730,0.1929824561403508,0.9877883310719132,1160.4,42,40,0.8,1.0,0.92,49794401_Bundle_2,1,0.6595918367346939,,,,
49794401,200106556,MAQUILLAJE,CYZONE,17.9,2022-12-21,12,286.79999999999995,430.195,730,0.1929824561403508,0.9877883310719132,1160.4,42,40,0.8,1.0,0.92,49794401_Bundle_2,0,0.6595918367346939,1.0,3.0,2.5,2.5
49794401,200103920,MAQUILLAJE,CYZONE,24.9,2022-12-21,12,286.79999999999995,430.195,730,0.1929824561403508,0.9877883310719132,1160.4,42,40,0.8,1.0,0.92,49794401_Bundle_2,0,0.6595918367346939,1.0,3.0,2.5,2.5
49794401,200097895,TRATAMIENTO FACIAL,CYZONE,10.9,2023-01-16,13,303.4,430.195,704,0.2105263157894736,0.9525101763907734,1160.4,42,40,1.0,0.6285714285714286,0.7771428571428571,49794401_Bundle_2,0,0.6595918367346939,1.0,3.0,2.5,2.5
49794401,200107077,MUESTRAS COSMETICOS,LBEL,3.6,2023-03-01,9,227.8,430.195,660,0.1403508771929824,0.89280868385346,1160.4,42,40,0.2,0.0,0.08000000000000002,49794401_Bundle_2,0,0.6595918367346939,1.0,3.0,2.5,2.5
49794401,200082687,CUIDADO PERSONAL,ESIKA,17.9,2022-12-21,12,286.79999999999995,430.195,730,0.1929824561403508,0.9877883310719132,1160.4,42,40,0.8,1.0,0.92,49794401_Bundle_2,0,0.6595918367346939,1.0,3.0,2.5,2.5
49794401,200085205,MAQUILLAJE,CYZONE,5.9,2023-03-01,9,227.8,430.195,660,0.1403508771929824,0.89280868385346,1160.4,42,40,0.2,0.0,0.08000000000000002,49794401_Bundle_2,0,0.6595918367346939,1.0,3.0,2.5,2.5
49794657,200100883,MAQUILLAJE,CYZONE,39.9,2022-12-22,5,136.75,430.195,729,0.0701754385964912,0.9864314789687924,340.65,17,17,0.0,1.0,0.6,49794657_Bundle_1,1,0.4857142857142857,,,,
49794657,200099673,FRAGANCIAS,CYZONE,14.0,2023-01-20,12,203.9,430.195,700,0.1929824561403508,0.9470827679782904,340.65,17,17,1.0,0.0,0.4,49794657_Bundle_1,0,0.4857142857142857,1.0,3.0,2.5,2.5
49794657,200095930,CUIDADO PERSONAL,ESIKA,22.9,2023-01-20,12,203.9,430.195,700,0.1929824561403508,0.9470827679782904,340.65,17,17,1.0,0.0,0.4,49794657_Bundle_1,0,0.4857142857142857,1.0,3.0,2.5,2.5
49794657,200101580,MAQUILLAJE,ESIKA,17.9,2023-01-20,12,203.9,430.195,700,0.1929824561403508,0.9470827679782904,340.65,17,17,1.0,0.0,0.4,49794657_Bundle_1,0,0.4857142857142857,0.0,3.0,2.25,2.25
49794657,200107852,TRATAMIENTO FACIAL,LBEL,49.95,2022-12-22,5,136.75,430.195,729,0.0701754385964912,0.9864314789687924,340.65,17,17,0.0,1.0,0.6,49794657_Bundle_1,0,0.4857142857142857,1.0,2.0,1.75,1.75
49794657,200084777,CUIDADO PERSONAL,CYZONE,15.9,2022-12-22,5,136.75,430.195,729,0.0701754385964912,0.9864314789687924,340.65,17,17,0.0,1.0,0.6,49794657_Bundle_1,0,0.4857142857142857,1.0,2.0,1.75,1.75
49794657,200101590,MAQUILLAJE,ESIKA,17.9,2023-01-20,12,203.9,430.195,700,0.1929824561403508,0.9470827679782904,340.65,17,17,1.0,0.0,0.4,49794657_Bundle_1,0,0.4857142857142857,0.0,2.0,1.5,1.5
49794657,200100883,MAQUILLAJE,CYZONE,39.9,2022-12-22,5,136.75,430.195,729,0.0701754385964912,0.9864314789687924,340.65,17,17,0.0,1.0,0.6,49794657_Bundle_2,1,0.5142857142857143,,,,
49794657,200095930,CUIDADO PERSONAL,ESIKA,22.9,2023-01-20,12,203.9,430.195,700,0.1929824561403508,0.9470827679782904,340.65,17,17,1.0,0.0,0.4,49794657_Bundle_2,0,0.5142857142857143,1.0,3.0,2.5,2.5
49794657,200101580,MAQUILLAJE,ESIKA,17.9,2023-01-20,12,203.9,430.195,700,0.1929824561403508,0.9470827679782904,340.65,17,17,1.0,0.0,0.4,49794657_Bundle_2,0,0.5142857142857143,0.0,3.0,2.25,2.25
49794657,200084777,CUIDADO PERSONAL,CYZONE,15.9,2022-12-22,5,136.75,430.195,729,0.0701754385964912,0.9864314789687924,340.65,17,17,0.0,1.0,0.6,49794657_Bundle_2,0,0.5142857142857143,1.0,2.0,1.75,1.75
49794657,200101439,MUESTRAS COSMETICOS,LBEL,14.0,2022-12-22,5,136.75,430.195,729,0.0701754385964912,0.9864314789687924,340.65,17,17,0.0,1.0,0.6,49794657_Bundle_2,0,0.5142857142857143,1.0,2.0,1.75,1.75
49794657,200109487,MUESTRAS COSMETICOS,LBEL,17.0,2022-12-22,5,136.75,430.195,729,0.0701754385964912,0.9864314789687924,340.65,17,17,0.0,1.0,0.6,49794657_Bundle_2,0,0.5142857142857143,1.0,2.0,1.75,1.75
49794657,200101584,MAQUILLAJE,ESIKA,17.9,2023-01-20,12,203.9,430.195,700,0.1929824561403508,0.9470827679782904,340.65,17,17,1.0,0.0,0.4,49794657_Bundle_2,0,0.5142857142857143,0.0,2.0,1.5,1.5
49814240,200098103,MAQUILLAJE,ESIKA,12.9,2023-01-16,16,518.7,430.195,704,0.2631578947368421,0.9525101763907734,1022.55,34,34,1.0,0.8157894736842105,0.8894736842105263,49814240_Bundle_1,1,0.7254135338345865,,,,
49814240,210100408,CUIDADO PERSONAL,CYZONE,23.9,2023-01-16,16,518.7,430.195,704,0.2631578947368421,0.9525101763907734,1022.55,34,34,1.0,0.8157894736842105,0.8894736842105263,49814240_Bundle_1,0,0.7254135338345865,1.0,3.0,2.5,2.5
49814240,200108752,CUIDADO PERSONAL,ESIKA,22.9,2022-12-26,7,197.3,430.195,725,0.1052631578947368,0.9810040705563092,1022.55,34,34,0.4,1.0,0.76,49814240_Bundle_1,0,0.7254135338345865,1.0,3.0,2.5,2.5
49814240,210102476,BIJOUTERIE,ESIKA,39.9,2023-01-16,16,518.7,430.195,704,0.2631578947368421,0.9525101763907734,1022.55,34,34,1.0,0.8157894736842105,0.8894736842105263,49814240_Bundle_1,0,0.7254135338345865,1.0,3.0,2.5,2.5
49814240,200101159,CUIDADO PERSONAL,CYZONE,27.9,2022-12-26,7,197.3,430.195,725,0.1052631578947368,0.9810040705563092,1022.55,34,34,0.4,1.0,0.76,49814240_Bundle_1,0,0.7254135338345865,1.0,3.0,2.5,2.5
49814240,200113739,VARIOS,GENERICA,21.45,2023-04-19,1,21.45,430.195,611,0.0,0.8263229308005428,1022.55,34,34,0.0,0.0,0.0,49814240_Bundle_1,0,0.7254135338345865,1.0,3.0,2.5,2.5
49814240,210101999,COMPLEMENTOS,CYZONE,56.9,2023-01-16,16,518.7,430.195,704,0.2631578947368421,0.9525101763907734,1022.55,34,34,1.0,0.8157894736842105,0.8894736842105263,49814240_Bundle_1,0,0.7254135338345865,1.0,3.0,2.5,2.5
49814240,200098103,MAQUILLAJE,ESIKA,12.9,2023-01-16,16,518.7,430.195,704,0.2631578947368421,0.9525101763907734,1022.55,34,34,1.0,0.8157894736842105,0.8894736842105263,49814240_Bundle_2,1,0.775187969924812,,,,
49814240,200101159,CUIDADO PERSONAL,CYZONE,27.9,2022-12-26,7,197.3,430.195,725,0.1052631578947368,0.9810040705563092,1022.55,34,34,0.4,1.0,0.76,49814240_Bundle_2,0,0.775187969924812,1.0,3.0,2.5,2.5
49814240,210098750,COMPLEMENTOS,CYZONE,59.9,2023-02-06,10,285.09999999999997,430.195,683,0.1578947368421052,0.9240162822252376,1022.55,34,34,0.6,0.631578947368421,0.6189473684210526,49814240_Bundle_2,0,0.775187969924812,1.0,3.0,2.5,2.5
49814240,210101999,COMPLEMENTOS,CYZONE,56.9,2023-01-16,16,518.7,430.195,704,0.2631578947368421,0.9525101763907734,1022.55,34,34,1.0,0.8157894736842105,0.8894736842105263,49814240_Bundle_2,0,0.775187969924812,1.0,3.0,2.5,2.5
49814240,210102377,BIJOUTERIE,ESIKA,59.9,2023-01-16,16,518.7,430.195,704,0.2631578947368421,0.9525101763907734,1022.55,34,34,1.0,0.8157894736842105,0.8894736842105263,49814240_Bundle_2,0,0.775187969924812,1.0,3.0,2.5,2.5
49814240,210096627,BIJOUTERIE,ESIKA,59.9,2022-12-26,7,197.3,430.195,725,0.1052631578947368,0.9810040705563092,1022.55,34,34,0.4,1.0,0.76,49814240_Bundle_2,0,0.775187969924812,1.0,3.0,2.5,2.5
49814240,210102383,BIJOUTERIE,ESIKA,59.9,2023-02-06,10,285.09999999999997,430.195,683,0.1578947368421052,0.9240162822252376,1022.55,34,34,0.6,0.631578947368421,0.6189473684210526,49814240_Bundle_2,0,0.775187969924812,1.0,3.0,2.5,2.5
49819226,200095374,CUIDADO PERSONAL,ESIKA,7.38,2023-04-26,11,178.9,430.195,604,0.175438596491228,0.8168249660786974,1084.45,49,45,1.0,0.6116504854368932,0.7669902912621359,49819226_Bundle_1,1,0.615755894590846,,,,
49819226,200109875,FRAGANCIAS,LBEL,29.9,2023-04-26,11,178.9,430.195,604,0.175438596491228,0.8168249660786974,1084.45,49,45,1.0,0.6116504854368932,0.7669902912621359,49819226_Bundle_1,0,0.615755894590846,1.0,3.0,2.5,2.5
49819226,200112635,MAQUILLAJE,ESIKA,21.9,2023-06-28,6,206.4,430.195,541,0.087719298245614,0.7313432835820896,1084.45,49,45,0.0,0.0,0.0,49819226_Bundle_1,0,0.615755894590846,1.0,3.0,2.5,2.5
49819226,200098789,TRATAMIENTO FACIAL,LBEL,50.0,2023-03-17,7,202.4,430.195,644,0.1052631578947368,0.8710990502035278,1084.45,49,45,0.2,1.0,0.6799999999999999,49819226_Bundle_1,0,0.615755894590846,1.0,3.0,2.5,2.5
49819226,200106346,FRAGANCIAS,ESIKA,25.5,2023-04-26,11,178.9,430.195,604,0.175438596491228,0.8168249660786974,1084.45,49,45,1.0,0.6116504854368932,0.7669902912621359,49819226_Bundle_1,0,0.615755894590846,1.0,3.0,2.5,2.5
49819226,200091727,FRAGANCIAS,ESIKA,53.9,2023-04-05,8,136.70000000000002,430.195,625,0.1228070175438596,0.8453188602442334,1084.45,49,45,0.4,0.8155339805825242,0.6493203883495146,49819226_Bundle_1,0,0.615755894590846,1.0,3.0,2.5,2.5
49819226,200102282,MAQUILLAJE,ESIKA,20.9,2023-03-17,7,202.4,430.195,644,0.1052631578947368,0.8710990502035278,1084.45,49,45,0.2,1.0,0.6799999999999999,49819226_Bundle_1,0,0.615755894590846,1.0,3.0,2.5,2.5
49819226,200095374,CUIDADO PERSONAL,ESIKA,7.38,2023-04-26,11,178.9,430.195,604,0.175438596491228,0.8168249660786974,1084.45,49,45,1.0,0.6116504854368932,0.7669902912621359,49819226_Bundle_2,1,0.5597780859916782,,,,
49819226,200109875,FRAGANCIAS,LBEL,29.9,2023-04-26,11,178.9,430.195,604,0.175438596491228,0.8168249660786974,1084.45,49,45,1.0,0.6116504854368932,0.7669902912621359,49819226_Bundle_2,0,0.5597780859916782,1.0,3.0,2.5,2.5
49819226,200112635,MAQUILLAJE,ESIKA,21.9,2023-06-28,6,206.4,430.195,541,0.087719298245614,0.7313432835820896,1084.45,49,45,0.0,0.0,0.0,49819226_Bundle_2,0,0.5597780859916782,1.0,3.0,2.5,2.5
49819226,200102282,MAQUILLAJE,ESIKA,13.9,2023-04-05,8,136.70000000000002,430.195,625,0.1228070175438596,0.8453188602442334,1084.45,49,45,0.4,0.8155339805825242,0.6493203883495146,49819226_Bundle_2,0,0.5597780859916782,1.0,3.0,2.5,2.5
49819226,200106440,MAQUILLAJE,ESIKA,18.45,2023-06-08,10,181.5,430.195,561,0.1578947368421052,0.7584803256445047,1084.45,49,45,0.8,0.1941747572815534,0.4365048543689321,49819226_Bundle_2,0,0.5597780859916782,1.0,3.0,2.5,2.5
49819226,200091727,FRAGANCIAS,ESIKA,53.9,2023-04-05,8,136.70000000000002,430.195,625,0.1228070175438596,0.8453188602442334,1084.45,49,45,0.4,0.8155339805825242,0.6493203883495146,49819226_Bundle_2,0,0.5597780859916782,1.0,3.0,2.5,2.5
49819226,200102092,MAQUILLAJE,CYZONE,11.98,2023-04-05,8,136.70000000000002,430.195,625,0.1228070175438596,0.8453188602442334,1084.45,49,45,0.4,0.8155339805825242,0.6493203883495146,49819226_Bundle_2,0,0.5597780859916782,1.0,3.0,2.5,2.5
49857217,210095971,MAQUILLAJE,CYZONE,18.9,2023-01-03,5,108.6,430.195,717,0.0701754385964912,0.9701492537313432,216.68,13,13,0.0,1.0,0.6,49857217_Bundle_1,1,0.45714285714285713,,,,
49857217,200108169,TRATAMIENTO CORPORAL,LBEL,10.5,2023-01-19,8,108.08,430.195,701,0.1228070175438596,0.9484396200814112,216.68,13,13,1.0,0.0,0.4,49857217_Bundle_1,0,0.45714285714285713,1.0,3.0,2.5,2.5
49857217,200107033,MAQUILLAJE,LBEL,51.0,2023-01-03,5,108.6,430.195,717,0.0701754385964912,0.9701492537313432,216.68,13,13,0.0,1.0,0.6,49857217_Bundle_1,0,0.45714285714285713,0.0,3.0,2.25,2.25
49857217,200085181,MAQUILLAJE,CYZONE,2.18,2023-01-19,8,108.08,430.195,701,0.1228070175438596,0.9484396200814112,216.68,13,13,1.0,0.0,0.4,49857217_Bundle_1,0,0.45714285714285713,0.0,3.0,2.25,2.25
49857217,200087685,TRATAMIENTO CORPORAL,ESIKA,20.9,2023-01-19,8,108.08,430.195,701,0.1228070175438596,0.9484396200814112,216.68,13,13,1.0,0.0,0.4,49857217_Bundle_1,0,0.45714285714285713,1.0,2.0,1.75,1.75
49857217,200091960,TRATAMIENTO CORPORAL,ESIKA,8.9,2023-01-19,8,108.08,430.195,701,0.1228070175438596,0.9484396200814112,216.68,13,13,1.0,0.0,0.4,49857217_Bundle_1,0,0.45714285714285713,1.0,2.0,1.75,1.75
49857217,210092215,CUIDADO PERSONAL,ESIKA,19.9,2023-01-19,8,108.08,430.195,701,0.1228070175438596,0.9484396200814112,216.68,13,13,1.0,0.0,0.4,49857217_Bundle_1,0,0.45714285714285713,1.0,1.0,1.0,1.0
49857217,210095971,MAQUILLAJE,CYZONE,18.9,2023-01-03,5,108.6,430.195,717,0.0701754385964912,0.9701492537313432,216.68,13,13,0.0,1.0,0.6,49857217_Bundle_2,1,0.45714285714285713,,,,
49857217,200108768,CUIDADO PERSONAL,ESIKA,26.9,2023-01-03,5,108.6,430.195,717,0.0701754385964912,0.9701492537313432,216.68,13,13,0.0,1.0,0.6,49857217_Bundle_2,0,0.45714285714285713,1.0,3.0,2.5,2.5
49857217,200112474,TRATAMIENTO CORPORAL,LBEL,29.9,2023-01-19,8,108.08,430.195,701,0.1228070175438596,0.9484396200814112,216.68,13,13,1.0,0.0,0.4,49857217_Bundle_2,0,0.45714285714285713,1.0,3.0,2.5,2.5
49857217,200108169,TRATAMIENTO CORPORAL,LBEL,10.5,2023-01-19,8,108.08,430.195,701,0.1228070175438596,0.9484396200814112,216.68,13,13,1.0,0.0,0.4,49857217_Bundle_2,0,0.45714285714285713,1.0,3.0,2.5,2.5
49857217,200087685,TRATAMIENTO CORPORAL,ESIKA,20.9,2023-01-19,8,108.08,430.195,701,0.1228070175438596,0.9484396200814112,216.68,13,13,1.0,0.0,0.4,49857217_Bundle_2,0,0.45714285714285713,1.0,1.0,1.0,1.0
49857217,200091960,TRATAMIENTO CORPORAL,ESIKA,8.9,2023-01-19,8,108.08,430.195,701,0.1228070175438596,0.9484396200814112,216.68,13,13,1.0,0.0,0.4,49857217_Bundle_2,0,0.45714285714285713,1.0,1.0,1.0,1.0
49857217,200093330,TRATAMIENTO CORPORAL,ESIKA,8.9,2023-01-19,8,108.08,430.195,701,0.1228070175438596,0.9484396200814112,216.68,13,13,1.0,0.0,0.4,49857217_Bundle_2,0,0.45714285714285713,1.0,1.0,1.0,1.0
49864310,210096888,HOGAR,CYZONE,24.9,2022-12-30,32,912.5,430.195,721,0.543859649122807,0.9755766621438264,3896.38,149,144,1.0,1.0,1.0,49864310_Bundle_1,1,0.7398527552613966,,,,
49864310,200108583,MAQUILLAJE,CYZONE,16.9,2023-01-20,25,617.0,430.195,700,0.4210526315789473,0.9470827679782904,3896.38,149,144,0.5882352941176471,0.8141592920353983,0.7237896928682978,49864310_Bundle_1,0,0.7398527552613966,1.0,3.0,2.5,2.5
49864310,200108408,FRAGANCIAS,ESIKA,25.0,2023-04-22,19,557.9,430.195,608,0.3157894736842105,0.8222523744911805,3896.38,149,144,0.23529411764705882,0.0,0.09411764705882353,49864310_Bundle_1,0,0.7398527552613966,1.0,3.0,2.5,2.5
49864310,200098673,FRAGANCIAS,ESIKA,14.95,2022-12-30,32,912.5,430.195,721,0.543859649122807,0.9755766621438264,3896.38,149,144,1.0,1.0,1.0,49864310_Bundle_1,0,0.7398527552613966,1.0,3.0,2.5,2.5
49864310,200103025,CUIDADO PERSONAL,ESIKA,20.82,2022-12-30,32,912.5,430.195,721,0.543859649122807,0.9755766621438264,3896.38,149,144,1.0,1.0,1.0,49864310_Bundle_1,0,0.7398527552613966,1.0,3.0,2.5,2.5
49864310,210098926,MAQUILLAJE,ESIKA,32.9,2022-12-30,32,912.5,430.195,721,0.543859649122807,0.9755766621438264,3896.38,149,144,1.0,1.0,1.0,49864310_Bundle_1,0,0.7398527552613966,1.0,3.0,2.5,2.5
49864310,200110968,MAQUILLAJE,LBEL,27.5,2023-02-13,15,427.38,430.195,676,0.2456140350877192,0.914518317503392,3896.38,149,144,0.0,0.6017699115044248,0.36106194690265486,49864310_Bundle_1,0,0.7398527552613966,1.0,3.0,2.5,2.5
49864310,210096888,HOGAR,CYZONE,24.9,2022-12-30,32,912.5,430.195,721,0.543859649122807,0.9755766621438264,3896.38,149,144,1.0,1.0,1.0,49864310_Bundle_2,1,0.6716144865025655,,,,
49864310,200103338,TRATAMIENTO FACIAL,CYZONE,12.77,2023-03-03,28,946.0,430.195,658,0.4736842105263157,0.8900949796472184,3896.38,149,144,0.7647058823529411,0.4424778761061947,0.5713690786048933,49864310_Bundle_2,0,0.6716144865025655,1.0,3.0,2.5,2.5
49864310,200101061,TRATAMIENTO FACIAL,ESIKA,21.9,2022-12-30,32,912.5,430.195,721,0.543859649122807,0.9755766621438264,3896.38,149,144,1.0,1.0,1.0,49864310_Bundle_2,0,0.6716144865025655,1.0,3.0,2.5,2.5
49864310,200099618,MAQUILLAJE,ESIKA,3.9,2023-04-01,30,435.6,430.195,629,0.5087719298245614,0.8507462686567164,3896.38,149,144,0.8823529411764706,0.18584070796460178,0.4644456012493493,49864310_Bundle_2,0,0.6716144865025655,1.0,3.0,2.5,2.5
49864310,210100228,BIJOUTERIE,ESIKA,33.9,2023-03-03,28,946.0,430.195,658,0.4736842105263157,0.8900949796472184,3896.38,149,144,0.7647058823529411,0.4424778761061947,0.5713690786048933,49864310_Bundle_2,0,0.6716144865025655,1.0,3.0,2.5,2.5
49864310,210099020,PROMOCION USUARIOS,ESIKA,49.9,2022-12-30,32,912.5,430.195,721,0.543859649122807,0.9755766621438264,3896.38,149,144,1.0,1.0,1.0,49864310_Bundle_2,0,0.6716144865025655,1.0,3.0,2.5,2.5
49864310,210101279,BIJOUTERIE,CYZONE,25.9,2023-04-22,19,557.9,430.195,608,0.3157894736842105,0.8222523744911805,3896.38,149,144,0.23529411764705882,0.0,0.09411764705882353,49864310_Bundle_2,0,0.6716144865025655,1.0,3.0,2.5,2.5
49864469,210083802,VARIOS,CYZONE,12.9,2023-01-17,18,546.3,430.195,703,0.2982456140350877,0.9511533242876526,1983.8,67,66,1.0,0.78,0.868,49864469_Bundle_1,1,0.48527472527472526,,,,
49864469,210099703,COMPLEMENTOS,ESIKA,49.9,2023-02-02,9,373.4,430.195,687,0.1403508771929824,0.9294436906377204,1983.8,67,66,0.3076923076923077,0.62,0.4950769230769231,49864469_Bundle_1,0,0.48527472527472526,1.0,3.0,2.5,2.5
49864469,210092742,MAQUILLAJE,ESIKA,26.9,2023-02-23,10,299.09999999999997,430.195,666,0.1578947368421052,0.9009497964721844,1983.8,67,66,0.38461538461538464,0.41,0.39984615384615385,49864469_Bundle_1,0,0.48527472527472526,1.0,3.0,2.5,2.5
49864469,200064341,CUIDADO PERSONAL,ESIKA,21.9,2023-02-23,10,299.09999999999997,430.195,666,0.1578947368421052,0.9009497964721844,1983.8,67,66,0.38461538461538464,0.41,0.39984615384615385,49864469_Bundle_1,0,0.48527472527472526,1.0,3.0,2.5,2.5
49864469,200098417,MAQUILLAJE,LBEL,14.9,2023-01-17,18,546.3,430.195,703,0.2982456140350877,0.9511533242876526,1983.8,67,66,1.0,0.78,0.868,49864469_Bundle_1,0,0.48527472527472526,1.0,3.0,2.5,2.5
49864469,200103405,MAQUILLAJE,ESIKA,16.4,2023-04-05,5,154.6,430.195,625,0.0701754385964912,0.8453188602442334,1983.8,67,66,0.0,0.0,0.0,49864469_Bundle_1,0,0.48527472527472526,1.0,3.0,2.5,2.5
49864469,200103354,MAQUILLAJE,ESIKA,9.0,2023-03-16,13,326.8,430.195,645,0.2105263157894736,0.8724559023066486,1983.8,67,66,0.6153846153846154,0.2,0.36615384615384616,49864469_Bundle_1,0,0.48527472527472526,1.0,3.0,2.5,2.5
49864469,210083802,VARIOS,CYZONE,12.9,2023-01-17,18,546.3,430.195,703,0.2982456140350877,0.9511533242876526,1983.8,67,66,1.0,0.78,0.868,49864469_Bundle_2,1,0.5398241758241759,,,,
49864469,200101065,TRATAMIENTO FACIAL,ESIKA,52.9,2023-02-02,9,373.4,430.195,687,0.1403508771929824,0.9294436906377204,1983.8,67,66,0.3076923076923077,0.62,0.4950769230769231,49864469_Bundle_2,0,0.5398241758241759,1.0,3.0,2.5,2.5
49864469,200101080,TRATAMIENTO FACIAL,ESIKA,29.9,2022-12-26,12,283.6,430.195,725,0.1929824561403508,0.9810040705563092,1983.8,67,66,0.5384615384615384,1.0,0.8153846153846154,49864469_Bundle_2,0,0.5398241758241759,1.0,3.0,2.5,2.5
49864469,200095170,CUIDADO PERSONAL,ESIKA,11.9,2023-03-16,13,326.8,430.195,645,0.2105263157894736,0.8724559023066486,1983.8,67,66,0.6153846153846154,0.2,0.36615384615384616,49864469_Bundle_2,0,0.5398241758241759,1.0,3.0,2.5,2.5
49864469,210102014,COMPLEMENTOS,CYZONE,66.9,2023-04-05,5,154.6,430.195,625,0.0701754385964912,0.8453188602442334,1983.8,67,66,0.0,0.0,0.0,49864469_Bundle_2,0,0.5398241758241759,1.0,3.0,2.5,2.5
49864469,200090352,TRATAMIENTO CORPORAL,ESIKA,28.9,2023-01-17,18,546.3,430.195,703,0.2982456140350877,0.9511533242876526,1983.8,67,66,1.0,0.78,0.868,49864469_Bundle_2,0,0.5398241758241759,1.0,3.0,2.5,2.5
49864469,210100409,CUIDADO PERSONAL,LBEL,15.9,2023-03-16,13,326.8,430.195,645,0.2105263157894736,0.8724559023066486,1983.8,67,66,0.6153846153846154,0.2,0.36615384615384616,49864469_Bundle_2,0,0.5398241758241759,1.0,3.0,2.5,2.5
49877986,210100844,RELOJES,CYZONE,114.9,2023-01-23,17,555.39,430.195,697,0.2807017543859649,0.943012211668928,4341.39,181,149,0.6363636363636364,0.8723404255319149,0.7779497098646035,49877986_Bundle_1,1,0.5866814037026804,,,,
49877986,200105041,FRAGANCIAS,ESIKA,24.9,2023-03-06,5,146.6,430.195,655,0.0701754385964912,0.8860244233378561,4341.39,181,149,0.09090909090909091,0.7446808510638298,0.4831721470019342,49877986_Bundle_1,0,0.5866814037026804,1.0,3.0,2.5,2.5
49877986,200082678,FRAGANCIAS,ESIKA,9.95,2023-09-25,16,337.58,430.195,452,0.2631578947368421,0.6105834464043419,4341.39,181,149,0.5909090909090909,0.1276595744680851,0.31295938104448745,49877986_Bundle_1,0,0.5866814037026804,1.0,3.0,2.5,2.5
49877986,210102566,COMPLEMENTOS,CYZONE,72.9,2023-06-19,9,259.3,430.195,550,0.1403508771929824,0.7435549525101763,4341.39,181,149,0.2727272727272727,0.425531914893617,0.36441005802707926,49877986_Bundle_1,0,0.5866814037026804,1.0,3.0,2.5,2.5
49877986,200101082,TRATAMIENTO FACIAL,ESIKA,21.9,2022-12-12,12,162.9,430.195,739,0.1929824561403508,1.0,4341.39,181,149,0.4090909090909091,1.0,0.7636363636363637,49877986_Bundle_1,0,0.5866814037026804,1.0,3.0,2.5,2.5
49877986,200099339,MUESTRAS COSMETICOS,LBEL,1.9,2022-12-12,12,162.9,430.195,739,0.1929824561403508,1.0,4341.39,181,149,0.4090909090909091,1.0,0.7636363636363637,49877986_Bundle_1,0,0.5866814037026804,1.0,3.0,2.5,2.5
49877986,200105188,CUIDADO PERSONAL,ESIKA,7.38,2023-05-08,20,425.77,430.195,592,0.3333333333333333,0.8005427408412483,4341.39,181,149,0.7727272727272727,0.5531914893617021,0.6410058027079304,49877986_Bundle_1,0,0.5866814037026804,1.0,3.0,2.5,2.5
49877986,210100844,RELOJES,CYZONE,114.9,2023-01-23,17,555.39,430.195,697,0.2807017543859649,0.943012211668928,4341.39,181,149,0.6363636363636364,0.8723404255319149,0.7779497098646035,49877986_Bundle_2,1,0.5477203647416414,,,,
49877986,200098698,TRATAMIENTO FACIAL,ESIKA,27.9,2023-05-08,20,425.77,430.195,592,0.3333333333333333,0.8005427408412483,4341.39,181,149,0.7727272727272727,0.5531914893617021,0.6410058027079304,49877986_Bundle_2,0,0.5477203647416414,1.0,3.0,2.5,2.5
49877986,200082674,FRAGANCIAS,ESIKA,9.95,2023-09-25,16,337.58,430.195,452,0.2631578947368421,0.6105834464043419,4341.39,181,149,0.5909090909090909,0.1276595744680851,0.31295938104448745,49877986_Bundle_2,0,0.5477203647416414,1.0,3.0,2.5,2.5
49877986,200090364,TRATAMIENTO CORPORAL,ESIKA,32.9,2023-10-16,25,564.35,430.195,431,0.4210526315789473,0.582089552238806,4341.39,181,149,1.0,0.06382978723404255,0.43829787234042555,49877986_Bundle_2,0,0.5477203647416414,1.0,3.0,2.5,2.5
49877986,200106444,MAQUILLAJE,ESIKA,14.9,2023-06-19,9,259.3,430.195,550,0.1403508771929824,0.7435549525101763,4341.39,181,149,0.2727272727272727,0.425531914893617,0.36441005802707926,49877986_Bundle_2,0,0.5477203647416414,1.0,3.0,2.5,2.5
49877986,210098750,COMPLEMENTOS,CYZONE,59.9,2023-01-23,17,555.39,430.195,697,0.2807017543859649,0.943012211668928,4341.39,181,149,0.6363636363636364,0.8723404255319149,0.7779497098646035,49877986_Bundle_2,0,0.5477203647416414,1.0,3.0,2.5,2.5
49877986,200103025,CUIDADO PERSONAL,ESIKA,21.98,2023-02-13,5,198.68,430.195,676,0.0701754385964912,0.914518317503392,4341.39,181,149,0.09090909090909091,0.8085106382978723,0.5214700193423597,49877986_Bundle_2,0,0.5477203647416414,1.0,3.0,2.5,2.5
49885083,200103025,CUIDADO PERSONAL,ESIKA,18.42,2022-12-23,13,301.3,430.195,728,0.2105263157894736,0.9850746268656716,574.55,25,21,1.0,1.0,1.0,49885083_Bundle_1,1,0.8571428571428571,,,,
49885083,210098493,MAQUILLAJE,ESIKA,25.9,2023-02-07,6,156.4,430.195,682,0.087719298245614,0.9226594301221168,574.55,25,21,0.0,0.0,0.0,49885083_Bundle_1,0,0.8571428571428571,1.0,3.0,2.5,2.5
49885083,200113242,TRATAMIENTO CORPORAL,ESIKA,24.9,2022-12-23,13,301.3,430.195,728,0.2105263157894736,0.9850746268656716,574.55,25,21,1.0,1.0,1.0,49885083_Bundle_1,0,0.8571428571428571,1.0,3.0,2.5,2.5
49885083,200098634,MUESTRAS COSMETICOS,LBEL,1.9,2022-12-23,13,301.3,430.195,728,0.2105263157894736,0.9850746268656716,574.55,25,21,1.0,1.0,1.0,49885083_Bundle_1,0,0.8571428571428571,1.0,3.0,2.5,2.5
49885083,210096498,PROMOCION USUARIOS,ESIKA,56.9,2022-12-23,13,301.3,430.195,728,0.2105263157894736,0.9850746268656716,574.55,25,21,1.0,1.0,1.0,49885083_Bundle_1,0,0.8571428571428571,1.0,3.0,2.5,2.5
49885083,200106284,FRAGANCIAS,ESIKA,33.0,2022-12-23,13,301.3,430.195,728,0.2105263157894736,0.9850746268656716,574.55,25,21,1.0,1.0,1.0,49885083_Bundle_1,0,0.8571428571428571,1.0,3.0,2.5,2.5
49885083,200105188,CUIDADO PERSONAL,ESIKA,4.9,2022-12-23,13,301.3,430.195,728,0.2105263157894736,0.9850746268656716,574.55,25,21,1.0,1.0,1.0,49885083_Bundle_1,0,0.8571428571428571,0.0,3.0,2.25,2.25
49885083,200103025,CUIDADO PERSONAL,ESIKA,18.42,2022-12-23,13,301.3,430.195,728,0.2105263157894736,0.9850746268656716,574.55,25,21,1.0,1.0,1.0,49885083_Bundle_2,1,0.751552795031056,,,,
49885083,200099047,FRAGANCIAS,ESIKA,35.22,2022-12-23,13,301.3,430.195,728,0.2105263157894736,0.9850746268656716,574.55,25,21,1.0,1.0,1.0,49885083_Bundle_2,0,0.751552795031056,1.0,3.0,2.5,2.5
49885083,200105017,FRAGANCIAS,CYZONE,18.31,2022-12-23,13,301.3,430.195,728,0.2105263157894736,0.9850746268656716,574.55,25,21,1.0,1.0,1.0,49885083_Bundle_2,0,0.751552795031056,1.0,3.0,2.5,2.5
49885083,200105188,CUIDADO PERSONAL,ESIKA,4.9,2022-12-23,13,301.3,430.195,728,0.2105263157894736,0.9850746268656716,574.55,25,21,1.0,1.0,1.0,49885083_Bundle_2,0,0.751552795031056,0.0,3.0,2.25,2.25
49885083,200110122,CUIDADO PERSONAL,LBEL,24.5,2023-01-18,6,116.85,430.195,702,0.087719298245614,0.949796472184532,574.55,25,21,0.0,0.43478260869565216,0.2608695652173913,49885083_Bundle_2,0,0.751552795031056,0.0,3.0,2.25,2.25
49885083,200106284,FRAGANCIAS,ESIKA,33.0,2022-12-23,13,301.3,430.195,728,0.2105263157894736,0.9850746268656716,574.55,25,21,1.0,1.0,1.0,49885083_Bundle_2,0,0.751552795031056,1.0,2.0,1.75,1.75
49885083,200108747,MAQUILLAJE,ESIKA,40.9,2023-02-07,6,156.4,430.195,682,0.087719298245614,0.9226594301221168,574.55,25,21,0.0,0.0,0.0,49885083_Bundle_2,0,0.751552795031056,1.0,2.0,1.75,1.75
49931050,200106360,FRAGANCIAS,CYZONE,31.23,2023-02-09,16,435.7,430.195,680,0.2631578947368421,0.9199457259158752,2597.89,94,85,1.0,0.6865671641791045,0.8119402985074626,49931050_Bundle_1,1,0.45749822316986505,,,,
49931050,210097030,CUIDADO PERSONAL,LBEL,8.9,2023-03-02,12,406.0,430.195,659,0.1929824561403508,0.8914518317503393,2597.89,94,85,0.3333333333333333,0.5298507462686567,0.45124378109452734,49931050_Bundle_1,0,0.45749822316986505,1.0,3.0,2.5,2.5
49931050,200108726,TRATAMIENTO CORPORAL,LBEL,9.66,2023-01-23,14,298.88,430.195,697,0.2280701754385964,0.943012211668928,2597.89,94,85,0.6666666666666666,0.8134328358208955,0.754726368159204,49931050_Bundle_1,0,0.45749822316986505,1.0,3.0,2.5,2.5
49931050,200098788,TRATAMIENTO FACIAL,LBEL,24.9,2023-05-12,11,262.19,430.195,588,0.175438596491228,0.7951153324287653,2597.89,94,85,0.16666666666666666,0.0,0.06666666666666667,49931050_Bundle_1,0,0.45749822316986505,1.0,3.0,2.5,2.5
49931050,200103025,CUIDADO PERSONAL,ESIKA,23.8,2023-05-12,11,262.19,430.195,588,0.175438596491228,0.7951153324287653,2597.89,94,85,0.16666666666666666,0.0,0.06666666666666667,49931050_Bundle_1,0,0.45749822316986505,1.0,3.0,2.5,2.5
49931050,200098086,TRATAMIENTO CORPORAL,ESIKA,27.9,2023-03-27,15,318.28,430.195,634,0.2456140350877192,0.8575305291723202,2597.89,94,85,0.8333333333333334,0.34328358208955223,0.5393034825870647,49931050_Bundle_1,0,0.45749822316986505,1.0,3.0,2.5,2.5
49931050,200103354,MAQUILLAJE,ESIKA,14.9,2023-04-17,16,485.52,430.195,613,0.2631578947368421,0.8290366350067843,2597.89,94,85,1.0,0.1865671641791045,0.5119402985074627,49931050_Bundle_1,0,0.45749822316986505,1.0,3.0,2.5,2.5
49931050,200106360,FRAGANCIAS,CYZONE,31.23,2023-02-09,16,435.7,430.195,680,0.2631578947368421,0.9199457259158752,2597.89,94,85,1.0,0.6865671641791045,0.8119402985074626,49931050_Bundle_2,1,0.45273631840796025,,,,
49931050,200103721,MAQUILLAJE,ESIKA,21.9,2022-12-29,10,391.32,430.195,722,0.1578947368421052,0.9769335142469472,2597.89,94,85,0.0,1.0,0.6,49931050_Bundle_2,0,0.45273631840796025,1.0,3.0,2.5,2.5
49931050,200103027,CUIDADO PERSONAL,ESIKA,16.1,2023-05-12,11,262.19,430.195,588,0.175438596491228,0.7951153324287653,2597.89,94,85,0.16666666666666666,0.0,0.06666666666666667,49931050_Bundle_2,0,0.45273631840796025,1.0,3.0,2.5,2.5
49931050,200092456,TRATAMIENTO CORPORAL,ESIKA,24.9,2023-05-12,11,262.19,430.195,588,0.175438596491228,0.7951153324287653,2597.89,94,85,0.16666666666666666,0.0,0.06666666666666667,49931050_Bundle_2,0,0.45273631840796025,1.0,3.0,2.5,2.5
49931050,200091269,CUIDADO PERSONAL,LBEL,32.9,2023-04-17,16,485.52,430.195,613,0.2631578947368421,0.8290366350067843,2597.89,94,85,1.0,0.1865671641791045,0.5119402985074627,49931050_Bundle_2,0,0.45273631840796025,1.0,3.0,2.5,2.5
49931050,200095159,CUIDADO PERSONAL,ESIKA,7.37,2023-04-17,16,485.52,430.195,613,0.2631578947368421,0.8290366350067843,2597.89,94,85,1.0,0.1865671641791045,0.5119402985074627,49931050_Bundle_2,0,0.45273631840796025,1.0,3.0,2.5,2.5
49931050,200092456,TRATAMIENTO CORPORAL,ESIKA,21.9,2022-12-29,10,391.32,430.195,722,0.1578947368421052,0.9769335142469472,2597.89,94,85,0.0,1.0,0.6,49931050_Bundle_2,0,0.45273631840796025,1.0,3.0,2.5,2.5
49931492,200099206,MAQUILLAJE,LBEL,52.9,2022-12-20,3,118.7,430.195,731,0.0350877192982456,0.989145183175034,481.92,23,21,0.0,1.0,0.6,49931492_Bundle_1,1,0.526984126984127,,,,
49931492,200093884,FRAGANCIAS,ESIKA,24.39,2023-01-10,8,166.2,430.195,710,0.1228070175438596,0.960651289009498,481.92,23,21,0.5555555555555556,0.5,0.5222222222222223,49931492_Bundle_1,0,0.526984126984127,1.0,3.0,2.5,2.5
49931492,200105041,FRAGANCIAS,ESIKA,32.8,2023-01-10,8,166.2,430.195,710,0.1228070175438596,0.960651289009498,481.92,23,21,0.5555555555555556,0.5,0.5222222222222223,49931492_Bundle_1,0,0.526984126984127,1.0,3.0,2.5,2.5
49931492,200103441,CUIDADO PERSONAL,ESIKA,7.38,2023-01-31,12,197.02,430.195,689,0.1929824561403508,0.932157394843962,481.92,23,21,1.0,0.0,0.4,49931492_Bundle_1,0,0.526984126984127,1.0,3.0,2.5,2.5
49931492,200092794,MAQUILLAJE,LBEL,19.9,2023-01-10,8,166.2,430.195,710,0.1228070175438596,0.960651289009498,481.92,23,21,0.5555555555555556,0.5,0.5222222222222223,49931492_Bundle_1,0,0.526984126984127,0.0,3.0,2.25,2.25
49931492,210101975,COMPLEMENTOS,CYZONE,47.9,2022-12-20,3,118.7,430.195,731,0.0350877192982456,0.989145183175034,481.92,23,21,0.0,1.0,0.6,49931492_Bundle_1,0,0.526984126984127,1.0,2.0,1.75,1.75
49931492,200103022,CUIDADO PERSONAL,ESIKA,15.14,2023-01-10,8,166.2,430.195,710,0.1228070175438596,0.960651289009498,481.92,23,21,0.5555555555555556,0.5,0.5222222222222223,49931492_Bundle_1,0,0.526984126984127,1.0,2.0,1.75,1.75
49931492,200099206,MAQUILLAJE,LBEL,52.9,2022-12-20,3,118.7,430.195,731,0.0350877192982456,0.989145183175034,481.92,23,21,0.0,1.0,0.6,49931492_Bundle_2,1,0.5333333333333333,,,,
49931492,200093884,FRAGANCIAS,ESIKA,24.39,2023-01-10,8,166.2,430.195,710,0.1228070175438596,0.960651289009498,481.92,23,21,0.5555555555555556,0.5,0.5222222222222223,49931492_Bundle_2,0,0.5333333333333333,1.0,3.0,2.5,2.5
49931492,200095374,CUIDADO PERSONAL,ESIKA,7.57,2023-01-10,8,166.2,430.195,710,0.1228070175438596,0.960651289009498,481.92,23,21,0.5555555555555556,0.5,0.5222222222222223,49931492_Bundle_2,0,0.5333333333333333,1.0,3.0,2.5,2.5
49931492,200105041,FRAGANCIAS,ESIKA,32.8,2023-01-10,8,166.2,430.195,710,0.1228070175438596,0.960651289009498,481.92,23,21,0.5555555555555556,0.5,0.5222222222222223,49931492_Bundle_2,0,0.5333333333333333,1.0,3.0,2.5,2.5
49931492,200105150,MAQUILLAJE,LBEL,31.0,2023-01-10,8,166.2,430.195,710,0.1228070175438596,0.960651289009498,481.92,23,21,0.5555555555555556,0.5,0.5222222222222223,49931492_Bundle_2,0,0.5333333333333333,0.0,3.0,2.25,2.25
49931492,200109686,MAQUILLAJE,CYZONE,19.5,2023-01-10,8,166.2,430.195,710,0.1228070175438596,0.960651289009498,481.92,23,21,0.5555555555555556,0.5,0.5222222222222223,49931492_Bundle_2,0,0.5333333333333333,0.0,3.0,2.25,2.25
49931492,200103022,CUIDADO PERSONAL,ESIKA,15.14,2023-01-10,8,166.2,430.195,710,0.1228070175438596,0.960651289009498,481.92,23,21,0.5555555555555556,0.5,0.5222222222222223,49931492_Bundle_2,0,0.5333333333333333,1.0,2.0,1.75,1.75
49961014,210100101,BIJOUTERIE,ESIKA,34.9,2022-12-22,13,165.18,430.195,729,0.2105263157894736,0.9864314789687924,7645.06,353,236,0.3235294117647059,1.0,0.7294117647058823,49961014_Bundle_1,1,0.5666688049265508,,,,
49961014,200098555,FRAGANCIAS,ESIKA,44.97,2023-05-19,29,782.11,430.195,581,0.4912280701754385,0.7856173677069199,7645.06,353,236,0.7941176470588235,0.6234096692111959,0.6916928603502469,49961014_Bundle_1,0,0.5666688049265508,1.0,3.0,2.5,2.5
49961014,200106488,TRATAMIENTO FACIAL,CYZONE,17.9,2023-06-09,28,514.06,430.195,560,0.4736842105263157,0.757123473541384,7645.06,353,236,0.7647058823529411,0.5699745547073791,0.6478670857656039,49961014_Bundle_1,0,0.5666688049265508,1.0,3.0,2.5,2.5
49961014,200098698,TRATAMIENTO FACIAL,ESIKA,36.9,2023-04-08,12,255.5,430.195,622,0.1929824561403508,0.841248303934871,7645.06,353,236,0.29411764705882354,0.727735368956743,0.5542882801975751,49961014_Bundle_1,0,0.5666688049265508,1.0,3.0,2.5,2.5
49961014,200112315,MAQUILLAJE,CYZONE,17.9,2023-10-05,31,729.35,430.195,442,0.5263157894736842,0.5970149253731343,7645.06,353,236,0.8529411764705882,0.2697201017811705,0.5030085316569376,49961014_Bundle_1,0,0.5666688049265508,1.0,3.0,2.5,2.5
49961014,200095903,FRAGANCIAS,ESIKA,16.63,2023-08-11,36,771.79,430.195,497,0.6140350877192983,0.6716417910447762,7645.06,353,236,1.0,0.40966921119592875,0.6458015267175572,49961014_Bundle_1,0,0.5666688049265508,1.0,3.0,2.5,2.5
49961014,210100499,MAQUILLAJE,CYZONE,7.9,2023-12-15,14,307.24,430.195,371,0.2280701754385964,0.5006784260515604,7645.06,353,236,0.35294117647058826,0.089058524173028,0.19461158509205212,49961014_Bundle_1,0,0.5666688049265508,1.0,3.0,2.5,2.5
49961014,210100101,BIJOUTERIE,ESIKA,34.9,2022-12-22,13,165.18,430.195,729,0.2105263157894736,0.9864314789687924,7645.06,353,236,0.3235294117647059,1.0,0.7294117647058823,49961014_Bundle_2,1,0.5807556610430432,,,,
49961014,200095517,CUIDADO PERSONAL,ESIKA,19.9,2022-12-22,13,165.18,430.195,729,0.2105263157894736,0.9864314789687924,7645.06,353,236,0.3235294117647059,1.0,0.7294117647058823,49961014_Bundle_2,0,0.5807556610430432,1.0,3.0,2.5,2.5
49961014,200110863,MAQUILLAJE,CYZONE,31.9,2023-10-05,31,729.35,430.195,442,0.5263157894736842,0.5970149253731343,7645.06,353,236,0.8529411764705882,0.2697201017811705,0.5030085316569376,49961014_Bundle_2,0,0.5807556610430432,1.0,3.0,2.5,2.5
49961014,210095971,MAQUILLAJE,CYZONE,25.9,2023-05-19,29,782.11,430.195,581,0.4912280701754385,0.7856173677069199,7645.06,353,236,0.7941176470588235,0.6234096692111959,0.6916928603502469,49961014_Bundle_2,0,0.5807556610430432,1.0,3.0,2.5,2.5
49961014,200112312,MAQUILLAJE,CYZONE,12.45,2023-09-15,8,212.5,430.195,462,0.1228070175438596,0.6241519674355496,7645.06,353,236,0.17647058823529413,0.32061068702290074,0.2629546475078581,49961014_Bundle_2,0,0.5807556610430432,1.0,3.0,2.5,2.5
49961014,200072913,FRAGANCIAS,ESIKA,11.5,2023-08-11,36,771.79,430.195,497,0.6140350877192983,0.6716417910447762,7645.06,353,236,1.0,0.40966921119592875,0.6458015267175572,49961014_Bundle_2,0,0.5807556610430432,1.0,3.0,2.5,2.5
49961014,200115515,TRATAMIENTO FACIAL,CYZONE,15.9,2023-10-05,31,729.35,430.195,442,0.5263157894736842,0.5970149253731343,7645.06,353,236,0.8529411764705882,0.2697201017811705,0.5030085316569376,49961014_Bundle_2,0,0.5807556610430432,1.0,3.0,2.5,2.5
49968221,210095652,MAQUILLAJE,CYZONE,11.9,2023-01-20,27,622.05,430.195,700,0.4561403508771929,0.9470827679782904,3674.05,137,120,1.0,0.84,0.904,49968221_Bundle_1,1,0.5925714285714285,,,,
49968221,210096995,BIJOUTERIE,ESIKA,39.9,2023-02-10,21,406.2999999999999,430.195,679,0.3508771929824561,0.9185888738127544,3674.05,137,120,0.6,0.7,0.6599999999999999,49968221_Bundle_1,0,0.5925714285714285,1.0,3.0,2.5,2.5
49968221,400095665,Others,CYZONE,3.3,2022-12-27,12,333.1,430.195,724,0.1929824561403508,0.9796472184531886,3674.05,137,120,0.0,1.0,0.6,49968221_Bundle_1,0,0.5925714285714285,1.0,3.0,2.5,2.5
49968221,200102433,FRAGANCIAS,ESIKA,26.3,2023-03-24,16,439.9,430.195,637,0.2631578947368421,0.8616010854816825,3674.05,137,120,0.26666666666666666,0.42,0.3586666666666667,49968221_Bundle_1,0,0.5925714285714285,1.0,3.0,2.5,2.5
49968221,200064341,CUIDADO PERSONAL,ESIKA,21.9,2023-01-20,27,622.05,430.195,700,0.4561403508771929,0.9470827679782904,3674.05,137,120,1.0,0.84,0.904,49968221_Bundle_1,0,0.5925714285714285,1.0,3.0,2.5,2.5
49968221,400095706,Others,LBEL,3.3,2023-03-24,16,439.9,430.195,637,0.2631578947368421,0.8616010854816825,3674.05,137,120,0.26666666666666666,0.42,0.3586666666666667,49968221_Bundle_1,0,0.5925714285714285,1.0,3.0,2.5,2.5
49968221,400095669,Others,CYZONE,3.3,2023-03-03,13,352.9,430.195,658,0.2105263157894736,0.8900949796472184,3674.05,137,120,0.06666666666666667,0.56,0.3626666666666667,49968221_Bundle_1,0,0.5925714285714285,1.0,3.0,2.5,2.5
49968221,210095652,MAQUILLAJE,CYZONE,11.9,2023-01-20,27,622.05,430.195,700,0.4561403508771929,0.9470827679782904,3674.05,137,120,1.0,0.84,0.904,49968221_Bundle_2,1,0.5321904761904762,,,,
49968221,210102000,COMPLEMENTOS,CYZONE,62.9,2023-03-24,16,439.9,430.195,637,0.2631578947368421,0.8616010854816825,3674.05,137,120,0.26666666666666666,0.42,0.3586666666666667,49968221_Bundle_2,0,0.5321904761904762,1.0,3.0,2.5,2.5
49968221,200092742,FRAGANCIAS,CYZONE,49.9,2023-05-26,12,403.7999999999999,430.195,574,0.1929824561403508,0.7761194029850746,3674.05,137,120,0.0,0.0,0.0,49968221_Bundle_2,0,0.5321904761904762,1.0,3.0,2.5,2.5
49968221,200103026,CUIDADO PERSONAL,ESIKA,14.95,2023-01-20,27,622.05,430.195,700,0.4561403508771929,0.9470827679782904,3674.05,137,120,1.0,0.84,0.904,49968221_Bundle_2,0,0.5321904761904762,1.0,3.0,2.5,2.5
49968221,200095170,CUIDADO PERSONAL,ESIKA,8.45,2023-03-24,16,439.9,430.195,637,0.2631578947368421,0.8616010854816825,3674.05,137,120,0.26666666666666666,0.42,0.3586666666666667,49968221_Bundle_2,0,0.5321904761904762,1.0,3.0,2.5,2.5
49968221,400095665,Others,CYZONE,3.3,2022-12-27,12,333.1,430.195,724,0.1929824561403508,0.9796472184531886,3674.05,137,120,0.0,1.0,0.6,49968221_Bundle_2,0,0.5321904761904762,1.0,3.0,2.5,2.5
49968221,210094925,COMPLEMENTOS,CYZONE,37.9,2022-12-27,12,333.1,430.195,724,0.1929824561403508,0.9796472184531886,3674.05,137,120,0.0,1.0,0.6,49968221_Bundle_2,0,0.5321904761904762,1.0,3.0,2.5,2.5
49975686,200103733,MAQUILLAJE,ESIKA,25.9,2023-01-25,17,339.71999999999997,430.195,695,0.2807017543859649,0.9402985074626866,1910.87,64,40,1.0,0.6142857142857143,0.7685714285714287,49975686_Bundle_1,1,0.5006122448979592,,,,
49975686,200083997,FRAGANCIAS,ESIKA,43.9,2023-03-09,13,491.71,430.195,652,0.2105263157894736,0.8819538670284939,1910.87,64,40,0.75,0.0,0.30000000000000004,49975686_Bundle_1,0,0.5006122448979592,1.0,3.0,2.5,2.5
49975686,200108671,FRAGANCIAS,ESIKA,52.9,2023-02-13,11,336.24,430.195,676,0.175438596491228,0.914518317503392,1910.87,64,40,0.625,0.34285714285714286,0.45571428571428574,49975686_Bundle_1,0,0.5006122448979592,1.0,3.0,2.5,2.5
49975686,200108671,FRAGANCIAS,ESIKA,79.9,2023-03-09,13,491.71,430.195,652,0.2105263157894736,0.8819538670284939,1910.87,64,40,0.75,0.0,0.30000000000000004,49975686_Bundle_1,0,0.5006122448979592,1.0,3.0,2.5,2.5
49975686,200090349,CUIDADO PERSONAL,ESIKA,23.9,2023-02-13,11,336.24,430.195,676,0.175438596491228,0.914518317503392,1910.87,64,40,0.625,0.34285714285714286,0.45571428571428574,49975686_Bundle_1,0,0.5006122448979592,1.0,3.0,2.5,2.5
49975686,200105017,FRAGANCIAS,CYZONE,16.22,2023-01-25,17,339.71999999999997,430.195,695,0.2807017543859649,0.9402985074626866,1910.87,64,40,1.0,0.6142857142857143,0.7685714285714287,49975686_Bundle_1,0,0.5006122448979592,1.0,3.0,2.5,2.5
49975686,200097066,CUIDADO PERSONAL,ESIKA,27.48,2023-02-13,11,336.24,430.195,676,0.175438596491228,0.914518317503392,1910.87,64,40,0.625,0.34285714285714286,0.45571428571428574,49975686_Bundle_1,0,0.5006122448979592,1.0,3.0,2.5,2.5
49975686,200103733,MAQUILLAJE,ESIKA,25.9,2023-01-25,17,339.71999999999997,430.195,695,0.2807017543859649,0.9402985074626866,1910.87,64,40,1.0,0.6142857142857143,0.7685714285714287,49975686_Bundle_2,1,0.5855102040816327,,,,
49975686,200083902,FRAGANCIAS,ESIKA,28.73,2023-03-09,13,491.71,430.195,652,0.2105263157894736,0.8819538670284939,1910.87,64,40,0.75,0.0,0.30000000000000004,49975686_Bundle_2,0,0.5855102040816327,1.0,3.0,2.5,2.5
49975686,200105017,FRAGANCIAS,CYZONE,12.72,2023-02-21,10,310.31,430.195,668,0.1578947368421052,0.903663500678426,1910.87,64,40,0.5625,0.22857142857142856,0.3621428571428571,49975686_Bundle_2,0,0.5855102040816327,1.0,3.0,2.5,2.5
49975686,210097853,COMPLEMENTOS,CYZONE,17.45,2022-12-29,4,152.15,430.195,722,0.0526315789473684,0.9769335142469472,1910.87,64,40,0.1875,1.0,0.675,49975686_Bundle_2,0,0.5855102040816327,1.0,3.0,2.5,2.5
49975686,200107883,CUIDADO PERSONAL,CYZONE,4.9,2023-02-13,11,336.24,430.195,676,0.175438596491228,0.914518317503392,1910.87,64,40,0.625,0.34285714285714286,0.45571428571428574,49975686_Bundle_2,0,0.5855102040816327,1.0,3.0,2.5,2.5
49975686,200103026,CUIDADO PERSONAL,ESIKA,16.63,2023-01-25,17,339.71999999999997,430.195,695,0.2807017543859649,0.9402985074626866,1910.87,64,40,1.0,0.6142857142857143,0.7685714285714287,49975686_Bundle_2,0,0.5855102040816327,1.0,3.0,2.5,2.5
49975686,200039855,FRAGANCIAS,CYZONE,16.0,2023-01-25,17,339.71999999999997,430.195,695,0.2807017543859649,0.9402985074626866,1910.87,64,40,1.0,0.6142857142857143,0.7685714285714287,49975686_Bundle_2,0,0.5855102040816327,1.0,3.0,2.5,2.5
50014223,210092116,MAQUILLAJE,CYZONE,10.5,2023-01-17,19,388.9,430.195,703,0.3157894736842105,0.9511533242876526,683.6,33,33,1.0,0.7846153846153846,0.8707692307692307,50014223_Bundle_1,1,0.6033613445378151,,,,
50014223,210094410,ACCESORIOS COSMETICOS,ESIKA,8.9,2023-01-17,19,388.9,430.195,703,0.3157894736842105,0.9511533242876526,683.6,33,33,1.0,0.7846153846153846,0.8707692307692307,50014223_Bundle_1,0,0.6033613445378151,1.0,3.0,2.5,2.5
50014223,200108408,FRAGANCIAS,ESIKA,28.0,2023-01-03,7,120.6,430.195,717,0.1052631578947368,0.9701492537313432,683.6,33,33,0.29411764705882354,1.0,0.7176470588235294,50014223_Bundle_1,0,0.6033613445378151,1.0,3.0,2.5,2.5
50014223,210099817,ACCESORIOS COSMETICOS,ESIKA,14.9,2023-01-03,7,120.6,430.195,717,0.1052631578947368,0.9701492537313432,683.6,33,33,0.29411764705882354,1.0,0.7176470588235294,50014223_Bundle_1,0,0.6033613445378151,1.0,3.0,2.5,2.5
50014223,200108914,MAQUILLAJE,ESIKA,23.9,2023-02-09,5,134.3,430.195,680,0.0701754385964912,0.9199457259158752,683.6,33,33,0.17647058823529413,0.4307692307692308,0.32904977375565614,50014223_Bundle_1,0,0.6033613445378151,0.0,3.0,2.25,2.25
50014223,200101074,MAQUILLAJE,CYZONE,24.9,2023-03-09,2,39.8,430.195,652,0.0175438596491228,0.8819538670284939,683.6,33,33,0.0,0.0,0.0,50014223_Bundle_1,0,0.6033613445378151,0.0,3.0,2.25,2.25
50014223,200099647,MAQUILLAJE,ESIKA,6.5,2023-01-03,7,120.6,430.195,717,0.1052631578947368,0.9701492537313432,683.6,33,33,0.29411764705882354,1.0,0.7176470588235294,50014223_Bundle_1,0,0.6033613445378151,0.0,3.0,2.25,2.25
50014223,210092116,MAQUILLAJE,CYZONE,10.5,2023-01-17,19,388.9,430.195,703,0.3157894736842105,0.9511533242876526,683.6,33,33,1.0,0.7846153846153846,0.8707692307692307,50014223_Bundle_2,1,0.6503684550743375,,,,
50014223,200108408,FRAGANCIAS,ESIKA,28.0,2023-01-03,7,120.6,430.195,717,0.1052631578947368,0.9701492537313432,683.6,33,33,0.29411764705882354,1.0,0.7176470588235294,50014223_Bundle_2,0,0.6503684550743375,1.0,3.0,2.5,2.5
50014223,210083802,VARIOS,CYZONE,12.5,2023-01-03,7,120.6,430.195,717,0.1052631578947368,0.9701492537313432,683.6,33,33,0.29411764705882354,1.0,0.7176470588235294,50014223_Bundle_2,0,0.6503684550743375,1.0,3.0,2.5,2.5
50014223,210099817,ACCESORIOS COSMETICOS,ESIKA,14.9,2023-01-03,7,120.6,430.195,717,0.1052631578947368,0.9701492537313432,683.6,33,33,0.29411764705882354,1.0,0.7176470588235294,50014223_Bundle_2,0,0.6503684550743375,1.0,3.0,2.5,2.5
50014223,200108914,MAQUILLAJE,ESIKA,23.9,2023-02-09,5,134.3,430.195,680,0.0701754385964912,0.9199457259158752,683.6,33,33,0.17647058823529413,0.4307692307692308,0.32904977375565614,50014223_Bundle_2,0,0.6503684550743375,0.0,3.0,2.25,2.25
50014223,200109311,MAQUILLAJE,LBEL,8.5,2023-02-09,5,134.3,430.195,680,0.0701754385964912,0.9199457259158752,683.6,33,33,0.17647058823529413,0.4307692307692308,0.32904977375565614,50014223_Bundle_2,0,0.6503684550743375,0.0,3.0,2.25,2.25
50014223,200109314,MAQUILLAJE,LBEL,8.9,2023-01-17,19,388.9,430.195,703,0.3157894736842105,0.9511533242876526,683.6,33,33,1.0,0.7846153846153846,0.8707692307692307,50014223_Bundle_2,0,0.6503684550743375,0.0,3.0,2.25,2.25
50015882,200090452,FRAGANCIAS,ESIKA,39.9,2023-01-13,12,484.4,430.195,707,0.1929824561403508,0.9565807327001355,3814.75,112,91,0.4444444444444444,0.9097744360902256,0.7236424394319131,50015882_Bundle_1,1,0.5855113975414727,,,,
50015882,200091455,MAQUILLAJE,LBEL,33.0,2023-01-13,12,484.4,430.195,707,0.1929824561403508,0.9565807327001355,3814.75,112,91,0.4444444444444444,0.9097744360902256,0.7236424394319131,50015882_Bundle_1,0,0.5855113975414727,1.0,3.0,2.5,2.5
50015882,210092742,MAQUILLAJE,ESIKA,28.9,2023-09-12,15,450.8,430.195,465,0.2456140350877192,0.6282225237449118,3814.75,112,91,0.7777777777777778,0.0,0.3111111111111111,50015882_Bundle_1,0,0.5855113975414727,1.0,3.0,2.5,2.5
50015882,200095465,CUIDADO PERSONAL,ESIKA,8.45,2023-01-13,12,484.4,430.195,707,0.1929824561403508,0.9565807327001355,3814.75,112,91,0.4444444444444444,0.9097744360902256,0.7236424394319131,50015882_Bundle_1,0,0.5855113975414727,1.0,3.0,2.5,2.5
50015882,210100408,CUIDADO PERSONAL,CYZONE,23.9,2023-01-13,12,484.4,430.195,707,0.1929824561403508,0.9565807327001355,3814.75,112,91,0.4444444444444444,0.9097744360902256,0.7236424394319131,50015882_Bundle_1,0,0.5855113975414727,1.0,3.0,2.5,2.5
50015882,200095170,CUIDADO PERSONAL,ESIKA,5.67,2023-05-15,15,413.8,430.195,585,0.2456140350877192,0.7910447761194029,3814.75,112,91,0.7777777777777778,0.45112781954887216,0.5817878028404344,50015882_Bundle_1,0,0.5855113975414727,1.0,3.0,2.5,2.5
50015882,200110330,MAQUILLAJE,ESIKA,19.9,2023-09-12,15,450.8,430.195,465,0.2456140350877192,0.6282225237449118,3814.75,112,91,0.7777777777777778,0.0,0.3111111111111111,50015882_Bundle_1,0,0.5855113975414727,1.0,3.0,2.5,2.5
50015882,200090452,FRAGANCIAS,ESIKA,39.9,2023-01-13,12,484.4,430.195,707,0.1929824561403508,0.9565807327001355,3814.75,112,91,0.4444444444444444,0.9097744360902256,0.7236424394319131,50015882_Bundle_2,1,0.5069936746628476,,,,
50015882,200105188,CUIDADO PERSONAL,ESIKA,6.15,2023-06-08,17,449.1,430.195,561,0.2807017543859649,0.7584803256445047,3814.75,112,91,1.0,0.3609022556390977,0.6165413533834586,50015882_Bundle_2,0,0.5069936746628476,1.0,3.0,2.5,2.5
50015882,200105180,CUIDADO PERSONAL,CYZONE,12.9,2023-05-15,15,413.8,430.195,585,0.2456140350877192,0.7910447761194029,3814.75,112,91,0.7777777777777778,0.45112781954887216,0.5817878028404344,50015882_Bundle_2,0,0.5069936746628476,1.0,3.0,2.5,2.5
50015882,210100194,PROMOCION USUARIOS,ESIKA,39.9,2023-08-08,11,361.2,430.195,500,0.175438596491228,0.6757123473541384,3814.75,112,91,0.3333333333333333,0.13157894736842105,0.21228070175438596,50015882_Bundle_2,0,0.5069936746628476,1.0,3.0,2.5,2.5
50015882,200105132,MAQUILLAJE,LBEL,33.0,2023-09-12,15,450.8,430.195,465,0.2456140350877192,0.6282225237449118,3814.75,112,91,0.7777777777777778,0.0,0.3111111111111111,50015882_Bundle_2,0,0.5069936746628476,1.0,3.0,2.5,2.5
50015882,200105188,CUIDADO PERSONAL,ESIKA,11.9,2023-06-26,15,400.8,430.195,543,0.2456140350877192,0.7340569877883311,3814.75,112,91,0.7777777777777778,0.2932330827067669,0.4870509607351713,50015882_Bundle_2,0,0.5069936746628476,1.0,3.0,2.5,2.5
50015882,210102493,PROMOCION USUARIOS,ESIKA,64.9,2023-06-08,17,449.1,430.195,561,0.2807017543859649,0.7584803256445047,3814.75,112,91,1.0,0.3609022556390977,0.6165413533834586,50015882_Bundle_2,0,0.5069936746628476,1.0,3.0,2.5,2.5
50034054,200097066,CUIDADO PERSONAL,ESIKA,28.73,2022-12-27,13,477.57,430.195,724,0.2105263157894736,0.9796472184531886,2440.17,80,69,0.8,1.0,0.92,50034054_Bundle_1,1,0.48517435320584923,,,,
50034054,200106356,FRAGANCIAS,CYZONE,39.9,2023-05-03,9,288.4,430.195,597,0.1403508771929824,0.8073270013568521,2440.17,80,69,0.4,0.0,0.16000000000000003,50034054_Bundle_1,0,0.48517435320584923,1.0,3.0,2.5,2.5
50034054,200087252,MAQUILLAJE,CYZONE,21.9,2023-04-11,12,381.1,430.195,619,0.1929824561403508,0.8371777476255088,2440.17,80,69,0.7,0.1732283464566929,0.38393700787401575,50034054_Bundle_1,0,0.48517435320584923,1.0,3.0,2.5,2.5
50034054,200105017,FRAGANCIAS,CYZONE,15.0,2023-03-20,14,418.7,430.195,641,0.2280701754385964,0.8670284938941656,2440.17,80,69,0.9,0.3464566929133858,0.5678740157480315,50034054_Bundle_1,0,0.48517435320584923,1.0,3.0,2.5,2.5
50034054,210098701,COMPLEMENTOS,CYZONE,24.9,2023-04-11,12,381.1,430.195,619,0.1929824561403508,0.8371777476255088,2440.17,80,69,0.7,0.1732283464566929,0.38393700787401575,50034054_Bundle_1,0,0.48517435320584923,1.0,3.0,2.5,2.5
50034054,210102576,COMPLEMENTOS,CYZONE,59.9,2023-05-03,9,288.4,430.195,597,0.1403508771929824,0.8073270013568521,2440.17,80,69,0.4,0.0,0.16000000000000003,50034054_Bundle_1,0,0.48517435320584923,1.0,3.0,2.5,2.5
50034054,200039855,FRAGANCIAS,CYZONE,16.0,2023-02-03,15,395.7,430.195,686,0.2456140350877192,0.9280868385345996,2440.17,80,69,1.0,0.7007874015748031,0.8204724409448818,50034054_Bundle_1,0,0.48517435320584923,1.0,3.0,2.5,2.5
50034054,200097066,CUIDADO PERSONAL,ESIKA,28.73,2022-12-27,13,477.57,430.195,724,0.2105263157894736,0.9796472184531886,2440.17,80,69,0.8,1.0,0.92,50034054_Bundle_2,1,0.5384026996625422,,,,
50034054,200105985,MAQUILLAJE,LBEL,19.0,2023-05-03,9,288.4,430.195,597,0.1403508771929824,0.8073270013568521,2440.17,80,69,0.4,0.0,0.16000000000000003,50034054_Bundle_2,0,0.5384026996625422,1.0,3.0,2.5,2.5
50034054,200106854,FRAGANCIAS,LBEL,46.53,2023-03-20,14,418.7,430.195,641,0.2280701754385964,0.8670284938941656,2440.17,80,69,0.9,0.3464566929133858,0.5678740157480315,50034054_Bundle_2,0,0.5384026996625422,1.0,3.0,2.5,2.5
50034054,200084882,FRAGANCIAS,LBEL,58.9,2023-03-20,14,418.7,430.195,641,0.2280701754385964,0.8670284938941656,2440.17,80,69,0.9,0.3464566929133858,0.5678740157480315,50034054_Bundle_2,0,0.5384026996625422,1.0,3.0,2.5,2.5
50034054,210101671,PROMOCION USUARIOS,CYZONE,23.0,2023-02-24,12,354.1,430.195,665,0.1929824561403508,0.8995929443690638,2440.17,80,69,0.7,0.5354330708661418,0.601259842519685,50034054_Bundle_2,0,0.5384026996625422,1.0,3.0,2.5,2.5
50034054,210102638,BIJOUTERIE,ESIKA,49.9,2023-03-20,14,418.7,430.195,641,0.2280701754385964,0.8670284938941656,2440.17,80,69,0.9,0.3464566929133858,0.5678740157480315,50034054_Bundle_2,0,0.5384026996625422,1.0,3.0,2.5,2.5
50034054,200103354,MAQUILLAJE,ESIKA,14.9,2023-04-11,12,381.1,430.195,619,0.1929824561403508,0.8371777476255088,2440.17,80,69,0.7,0.1732283464566929,0.38393700787401575,50034054_Bundle_2,0,0.5384026996625422,1.0,3.0,2.5,2.5
50051617,210098179,BIJOUTERIE,ESIKA,30.9,2023-01-04,8,178.29999999999998,430.195,716,0.1228070175438596,0.9687924016282226,1557.73,61,57,0.19047619047619047,1.0,0.6761904761904762,50051617_Bundle_1,1,0.5258072849392922,,,,
50051617,200108795,MAQUILLAJE,ESIKA,26.9,2023-01-20,12,384.9,430.195,700,0.1929824561403508,0.9470827679782904,1557.73,61,57,0.38095238095238093,0.7974683544303798,0.6308619650391802,50051617_Bundle_1,0,0.5258072849392922,1.0,3.0,2.5,2.5
50051617,200039855,FRAGANCIAS,CYZONE,16.0,2023-01-20,12,384.9,430.195,700,0.1929824561403508,0.9470827679782904,1557.73,61,57,0.38095238095238093,0.7974683544303798,0.6308619650391802,50051617_Bundle_1,0,0.5258072849392922,1.0,3.0,2.5,2.5
50051617,210102012,COMPLEMENTOS,CYZONE,66.9,2023-02-10,12,205.12,430.195,679,0.1929824561403508,0.9185888738127544,1557.73,61,57,0.38095238095238093,0.5316455696202531,0.4713682941531043,50051617_Bundle_1,0,0.5258072849392922,1.0,3.0,2.5,2.5
50051617,200105188,CUIDADO PERSONAL,ESIKA,7.38,2023-02-10,12,205.12,430.195,679,0.1929824561403508,0.9185888738127544,1557.73,61,57,0.38095238095238093,0.5316455696202531,0.4713682941531043,50051617_Bundle_1,0,0.5258072849392922,1.0,3.0,2.5,2.5
50051617,200105188,CUIDADO PERSONAL,ESIKA,8.9,2023-03-24,25,623.81,430.195,637,0.4210526315789473,0.8616010854816825,1557.73,61,57,1.0,0.0,0.4,50051617_Bundle_1,0,0.5258072849392922,1.0,3.0,2.5,2.5
50051617,200103354,MAQUILLAJE,ESIKA,9.0,2023-03-24,25,623.81,430.195,637,0.4210526315789473,0.8616010854816825,1557.73,61,57,1.0,0.0,0.4,50051617_Bundle_1,0,0.5258072849392922,1.0,3.0,2.5,2.5
50051617,210098179,BIJOUTERIE,ESIKA,30.9,2023-01-04,8,178.29999999999998,430.195,716,0.1228070175438596,0.9687924016282226,1557.73,61,57,0.19047619047619047,1.0,0.6761904761904762,50051617_Bundle_2,1,0.5322827865323345,,,,
50051617,200098266,MUESTRAS COSMETICOS,ESIKA,1.9,2023-01-04,8,178.29999999999998,430.195,716,0.1228070175438596,0.9687924016282226,1557.73,61,57,0.19047619047619047,1.0,0.6761904761904762,50051617_Bundle_2,0,0.5322827865323345,1.0,3.0,2.5,2.5
50051617,200095170,CUIDADO PERSONAL,ESIKA,7.38,2023-02-10,12,205.12,430.195,679,0.1929824561403508,0.9185888738127544,1557.73,61,57,0.38095238095238093,0.5316455696202531,0.4713682941531043,50051617_Bundle_2,0,0.5322827865323345,1.0,3.0,2.5,2.5
50051617,200090351,TRATAMIENTO CORPORAL,ESIKA,29.9,2023-02-10,12,205.12,430.195,679,0.1929824561403508,0.9185888738127544,1557.73,61,57,0.38095238095238093,0.5316455696202531,0.4713682941531043,50051617_Bundle_2,0,0.5322827865323345,1.0,3.0,2.5,2.5
50051617,210097035,MAQUILLAJE,CYZONE,18.9,2023-01-20,12,384.9,430.195,700,0.1929824561403508,0.9470827679782904,1557.73,61,57,0.38095238095238093,0.7974683544303798,0.6308619650391802,50051617_Bundle_2,0,0.5322827865323345,1.0,3.0,2.5,2.5
50051617,200098086,TRATAMIENTO CORPORAL,ESIKA,27.9,2023-03-24,25,623.81,430.195,637,0.4210526315789473,0.8616010854816825,1557.73,61,57,1.0,0.0,0.4,50051617_Bundle_2,0,0.5322827865323345,1.0,3.0,2.5,2.5
50051617,200108807,CUIDADO PERSONAL,ESIKA,7.63,2023-03-24,25,623.81,430.195,637,0.4210526315789473,0.8616010854816825,1557.73,61,57,1.0,0.0,0.4,50051617_Bundle_2,0,0.5322827865323345,1.0,3.0,2.5,2.5
50052273,200108584,MAQUILLAJE,CYZONE,16.9,2023-01-12,11,358.2,430.195,708,0.175438596491228,0.9579375848032564,1062.8,31,31,1.0,0.9074074074074074,0.9444444444444444,50052273_Bundle_1,1,0.445124716553288,,,,
50052273,200089509,FRAGANCIAS,ESIKA,47.9,2023-03-02,5,180.6,430.195,659,0.0701754385964912,0.8914518317503393,1062.8,31,31,0.14285714285714285,0.0,0.05714285714285714,50052273_Bundle_1,0,0.445124716553288,1.0,3.0,2.5,2.5
50052273,200092025,FRAGANCIAS,CYZONE,32.9,2023-01-19,4,106.6,430.195,701,0.0526315789473684,0.9484396200814112,1062.8,31,31,0.0,0.7777777777777778,0.4666666666666667,50052273_Bundle_1,0,0.445124716553288,1.0,3.0,2.5,2.5
50052273,200090452,FRAGANCIAS,ESIKA,17.36,2023-03-02,5,180.6,430.195,659,0.0701754385964912,0.8914518317503393,1062.8,31,31,0.14285714285714285,0.0,0.05714285714285714,50052273_Bundle_1,0,0.445124716553288,1.0,3.0,2.5,2.5
50052273,200092744,FRAGANCIAS,CYZONE,39.9,2023-01-19,4,106.6,430.195,701,0.0526315789473684,0.9484396200814112,1062.8,31,31,0.0,0.7777777777777778,0.4666666666666667,50052273_Bundle_1,0,0.445124716553288,1.0,3.0,2.5,2.5
50052273,200082678,FRAGANCIAS,ESIKA,21.9,2023-01-19,4,106.6,430.195,701,0.0526315789473684,0.9484396200814112,1062.8,31,31,0.0,0.7777777777777778,0.4666666666666667,50052273_Bundle_1,0,0.445124716553288,1.0,3.0,2.5,2.5
50052273,200102061,FRAGANCIAS,ESIKA,5.0,2023-01-07,5,245.7,430.195,713,0.0701754385964912,0.9647218453188604,1062.8,31,31,0.14285714285714285,1.0,0.6571428571428571,50052273_Bundle_1,0,0.445124716553288,1.0,3.0,2.5,2.5
50052273,200108584,MAQUILLAJE,CYZONE,16.9,2023-01-12,11,358.2,430.195,708,0.175438596491228,0.9579375848032564,1062.8,31,31,1.0,0.9074074074074074,0.9444444444444444,50052273_Bundle_2,1,0.7766439909297053,,,,
50052273,200098648,TRATAMIENTO FACIAL,ESIKA,36.9,2023-03-02,5,180.6,430.195,659,0.0701754385964912,0.8914518317503393,1062.8,31,31,0.14285714285714285,0.0,0.05714285714285714,50052273_Bundle_2,0,0.7766439909297053,1.0,3.0,2.5,2.5
50052273,210099090,BIJOUTERIE,ESIKA,59.9,2023-01-12,11,358.2,430.195,708,0.175438596491228,0.9579375848032564,1062.8,31,31,1.0,0.9074074074074074,0.9444444444444444,50052273_Bundle_2,0,0.7766439909297053,1.0,3.0,2.5,2.5
50052273,210102079,COMPLEMENTOS,ESIKA,79.9,2023-01-12,11,358.2,430.195,708,0.175438596491228,0.9579375848032564,1062.8,31,31,1.0,0.9074074074074074,0.9444444444444444,50052273_Bundle_2,0,0.7766439909297053,1.0,3.0,2.5,2.5
50052273,200102045,FRAGANCIAS,ESIKA,57.9,2023-01-07,5,245.7,430.195,713,0.0701754385964912,0.9647218453188604,1062.8,31,31,0.14285714285714285,1.0,0.6571428571428571,50052273_Bundle_2,0,0.7766439909297053,1.0,3.0,2.5,2.5
50052273,200095465,CUIDADO PERSONAL,ESIKA,11.9,2023-01-12,11,358.2,430.195,708,0.175438596491228,0.9579375848032564,1062.8,31,31,1.0,0.9074074074074074,0.9444444444444444,50052273_Bundle_2,0,0.7766439909297053,1.0,2.0,1.75,1.75
50052273,200102433,FRAGANCIAS,ESIKA,17.92,2023-01-12,11,358.2,430.195,708,0.175438596491228,0.9579375848032564,1062.8,31,31,1.0,0.9074074074074074,0.9444444444444444,50052273_Bundle_2,0,0.7766439909297053,1.0,2.0,1.75,1.75
50086135,200095170,CUIDADO PERSONAL,ESIKA,7.38,2022-12-17,15,361.24,430.195,734,0.2456140350877192,0.9932157394843962,1459.06,55,43,1.0,1.0,1.0,50086135_Bundle_1,1,0.6183603338242515,,,,
50086135,210102043,COMPLEMENTOS,CYZONE,34.9,2023-02-01,14,373.86,430.195,688,0.2280701754385964,0.9308005427408412,1459.06,55,43,0.8888888888888888,0.5257731958762887,0.6710194730813288,50086135_Bundle_1,0,0.6183603338242515,1.0,3.0,2.5,2.5
50086135,200106440,MAQUILLAJE,ESIKA,19.9,2023-02-23,13,367.76,430.195,666,0.2105263157894736,0.9009497964721844,1459.06,55,43,0.7777777777777778,0.29896907216494845,0.4904925544100802,50086135_Bundle_1,0,0.6183603338242515,1.0,3.0,2.5,2.5
50086135,200106556,MAQUILLAJE,CYZONE,17.9,2022-12-17,15,361.24,430.195,734,0.2456140350877192,0.9932157394843962,1459.06,55,43,1.0,1.0,1.0,50086135_Bundle_1,0,0.6183603338242515,1.0,3.0,2.5,2.5
50086135,210102079,COMPLEMENTOS,ESIKA,54.9,2023-01-10,7,200.8,430.195,710,0.1052631578947368,0.960651289009498,1459.06,55,43,0.1111111111111111,0.7525773195876289,0.4959908361970217,50086135_Bundle_1,0,0.6183603338242515,1.0,3.0,2.5,2.5
50086135,210104328,BIJOUTERIE,ESIKA,59.9,2023-03-24,6,155.4,430.195,637,0.087719298245614,0.8616010854816825,1459.06,55,43,0.0,0.0,0.0,50086135_Bundle_1,0,0.6183603338242515,1.0,3.0,2.5,2.5
50086135,210099146,BIJOUTERIE,ESIKA,25.9,2023-02-01,14,373.86,430.195,688,0.2280701754385964,0.9308005427408412,1459.06,55,43,0.8888888888888888,0.5257731958762887,0.6710194730813288,50086135_Bundle_1,0,0.6183603338242515,1.0,3.0,2.5,2.5
50086135,200095170,CUIDADO PERSONAL,ESIKA,7.38,2022-12-17,15,361.24,430.195,734,0.2456140350877192,0.9932157394843962,1459.06,55,43,1.0,1.0,1.0,50086135_Bundle_2,1,0.7862215676648667,,,,
50086135,200105017,FRAGANCIAS,CYZONE,25.9,2022-12-17,15,361.24,430.195,734,0.2456140350877192,0.9932157394843962,1459.06,55,43,1.0,1.0,1.0,50086135_Bundle_2,0,0.7862215676648667,1.0,3.0,2.5,2.5
50086135,210100101,BIJOUTERIE,ESIKA,34.9,2022-12-17,15,361.24,430.195,734,0.2456140350877192,0.9932157394843962,1459.06,55,43,1.0,1.0,1.0,50086135_Bundle_2,0,0.7862215676648667,1.0,3.0,2.5,2.5
50086135,200097066,CUIDADO PERSONAL,ESIKA,30.9,2023-02-23,13,367.76,430.195,666,0.2105263157894736,0.9009497964721844,1459.06,55,43,0.7777777777777778,0.29896907216494845,0.4904925544100802,50086135_Bundle_2,0,0.7862215676648667,0.0,3.0,2.25,2.25
50086135,200105655,CUIDADO PERSONAL,ESIKA,24.9,2023-02-01,14,373.86,430.195,688,0.2280701754385964,0.9308005427408412,1459.06,55,43,0.8888888888888888,0.5257731958762887,0.6710194730813288,50086135_Bundle_2,0,0.7862215676648667,0.0,3.0,2.25,2.25
50086135,200082687,CUIDADO PERSONAL,ESIKA,16.0,2023-02-01,14,373.86,430.195,688,0.2280701754385964,0.9308005427408412,1459.06,55,43,0.8888888888888888,0.5257731958762887,0.6710194730813288,50086135_Bundle_2,0,0.7862215676648667,0.0,3.0,2.25,2.25
50086135,200112453,FRAGANCIAS,ESIKA,38.17,2023-02-01,14,373.86,430.195,688,0.2280701754385964,0.9308005427408412,1459.06,55,43,0.8888888888888888,0.5257731958762887,0.6710194730813288,50086135_Bundle_2,0,0.7862215676648667,1.0,2.0,1.75,1.75
50147800,200105070,MAQUILLAJE,LBEL,38.35,2023-01-18,14,576.5,430.195,702,0.2280701754385964,0.949796472184532,2395.0,65,63,0.8181818181818182,0.8504672897196262,0.837553101104503,50147800_Bundle_1,1,0.7580531617914797,,,,
50147800,200098648,TRATAMIENTO FACIAL,ESIKA,36.9,2023-01-02,8,395.8,430.195,718,0.1228070175438596,0.971506105834464,2395.0,65,63,0.2727272727272727,1.0,0.7090909090909091,50147800_Bundle_1,0,0.7580531617914797,1.0,3.0,2.5,2.5
50147800,200086399,FRAGANCIAS,LBEL,65.5,2023-01-18,14,576.5,430.195,702,0.2280701754385964,0.949796472184532,2395.0,65,63,0.8181818181818182,0.8504672897196262,0.837553101104503,50147800_Bundle_1,0,0.7580531617914797,1.0,3.0,2.5,2.5
50147800,200105034,TRATAMIENTO FACIAL,CYZONE,25.9,2023-01-02,8,395.8,430.195,718,0.1228070175438596,0.971506105834464,2395.0,65,63,0.2727272727272727,1.0,0.7090909090909091,50147800_Bundle_1,0,0.7580531617914797,1.0,3.0,2.5,2.5
50147800,200105011,FRAGANCIAS,CYZONE,51.9,2023-01-18,14,576.5,430.195,702,0.2280701754385964,0.949796472184532,2395.0,65,63,0.8181818181818182,0.8504672897196262,0.837553101104503,50147800_Bundle_1,0,0.7580531617914797,1.0,3.0,2.5,2.5
50147800,210102054,HOGAR,CYZONE,49.9,2023-01-18,14,576.5,430.195,702,0.2280701754385964,0.949796472184532,2395.0,65,63,0.8181818181818182,0.8504672897196262,0.837553101104503,50147800_Bundle_1,0,0.7580531617914797,1.0,3.0,2.5,2.5
50147800,200105005,FRAGANCIAS,CYZONE,19.9,2023-02-08,9,396.4,430.195,681,0.1403508771929824,0.921302578018996,2395.0,65,63,0.36363636363636365,0.6542056074766355,0.5379779099405267,50147800_Bundle_1,0,0.7580531617914797,1.0,3.0,2.5,2.5
50147800,200105070,MAQUILLAJE,LBEL,38.35,2023-01-18,14,576.5,430.195,702,0.2280701754385964,0.949796472184532,2395.0,65,63,0.8181818181818182,0.8504672897196262,0.837553101104503,50147800_Bundle_2,1,0.5956062628959825,,,,
50147800,200108908,CUIDADO PERSONAL,CYZONE,15.9,2023-03-22,16,416.56,430.195,639,0.2631578947368421,0.864314789687924,2395.0,65,63,1.0,0.2616822429906542,0.5570093457943925,50147800_Bundle_2,0,0.5956062628959825,1.0,3.0,2.5,2.5
50147800,200105017,FRAGANCIAS,CYZONE,29.9,2023-03-22,16,416.56,430.195,639,0.2631578947368421,0.864314789687924,2395.0,65,63,1.0,0.2616822429906542,0.5570093457943925,50147800_Bundle_2,0,0.5956062628959825,1.0,3.0,2.5,2.5
50147800,200095464,CUIDADO PERSONAL,ESIKA,7.38,2023-03-01,13,433.24,430.195,660,0.2105263157894736,0.89280868385346,2395.0,65,63,0.7272727272727273,0.45794392523364486,0.5656754460492779,50147800_Bundle_2,0,0.5956062628959825,1.0,3.0,2.5,2.5
50147800,200084778,CUIDADO PERSONAL,CYZONE,15.9,2023-02-08,9,396.4,430.195,681,0.1403508771929824,0.921302578018996,2395.0,65,63,0.36363636363636365,0.6542056074766355,0.5379779099405267,50147800_Bundle_2,0,0.5956062628959825,1.0,3.0,2.5,2.5
50147800,200103028,CUIDADO PERSONAL,ESIKA,14.98,2023-03-22,16,416.56,430.195,639,0.2631578947368421,0.864314789687924,2395.0,65,63,1.0,0.2616822429906542,0.5570093457943925,50147800_Bundle_2,0,0.5956062628959825,1.0,3.0,2.5,2.5
50147800,210101989,COMPLEMENTOS,CYZONE,89.9,2023-03-22,16,416.56,430.195,639,0.2631578947368421,0.864314789687924,2395.0,65,63,1.0,0.2616822429906542,0.5570093457943925,50147800_Bundle_2,0,0.5956062628959825,1.0,3.0,2.5,2.5
50156648,200108674,CUIDADO PERSONAL,ESIKA,5.23,2022-12-28,10,247.0,430.195,723,0.1578947368421052,0.9782903663500678,1125.7,48,46,0.875,1.0,0.95,50156648_Bundle_1,1,0.5930612244897959,,,,
50156648,210099606,BIJOUTERIE,CYZONE,39.9,2023-03-01,9,251.2,430.195,660,0.1403508771929824,0.89280868385346,1125.7,48,46,0.75,0.4,0.54,50156648_Bundle_1,0,0.5930612244897959,1.0,3.0,2.5,2.5
50156648,200110341,MAQUILLAJE,ESIKA,21.9,2023-03-28,11,208.0,430.195,633,0.175438596491228,0.8561736770691994,1125.7,48,46,1.0,0.14285714285714285,0.4857142857142857,50156648_Bundle_1,0,0.5930612244897959,1.0,3.0,2.5,2.5
50156648,210095994,MAQUILLAJE,ESIKA,16.9,2023-04-12,7,144.89999999999998,430.195,618,0.1052631578947368,0.835820895522388,1125.7,48,46,0.5,0.0,0.2,50156648_Bundle_1,0,0.5930612244897959,1.0,3.0,2.5,2.5
50156648,210099817,ACCESORIOS COSMETICOS,ESIKA,14.9,2023-03-01,9,251.2,430.195,660,0.1403508771929824,0.89280868385346,1125.7,48,46,0.75,0.4,0.54,50156648_Bundle_1,0,0.5930612244897959,1.0,3.0,2.5,2.5
50156648,200106346,FRAGANCIAS,ESIKA,30.0,2022-12-28,10,247.0,430.195,723,0.1578947368421052,0.9782903663500678,1125.7,48,46,0.875,1.0,0.95,50156648_Bundle_1,0,0.5930612244897959,1.0,3.0,2.5,2.5
50156648,200094853,MAQUILLAJE,ESIKA,15.9,2023-03-28,11,208.0,430.195,633,0.175438596491228,0.8561736770691994,1125.7,48,46,1.0,0.14285714285714285,0.4857142857142857,50156648_Bundle_1,0,0.5930612244897959,1.0,3.0,2.5,2.5
50156648,200108674,CUIDADO PERSONAL,ESIKA,5.23,2022-12-28,10,247.0,430.195,723,0.1578947368421052,0.9782903663500678,1125.7,48,46,0.875,1.0,0.95,50156648_Bundle_2,1,0.539795918367347,,,,
50156648,200102061,FRAGANCIAS,ESIKA,17.92,2023-01-23,8,201.1,430.195,697,0.1228070175438596,0.943012211668928,1125.7,48,46,0.625,0.7523809523809524,0.7014285714285714,50156648_Bundle_2,0,0.539795918367347,1.0,3.0,2.5,2.5
50156648,200039855,FRAGANCIAS,CYZONE,34.9,2023-03-28,11,208.0,430.195,633,0.175438596491228,0.8561736770691994,1125.7,48,46,1.0,0.14285714285714285,0.4857142857142857,50156648_Bundle_2,0,0.539795918367347,1.0,3.0,2.5,2.5
50156648,200105005,FRAGANCIAS,CYZONE,19.9,2023-01-23,8,201.1,430.195,697,0.1228070175438596,0.943012211668928,1125.7,48,46,0.625,0.7523809523809524,0.7014285714285714,50156648_Bundle_2,0,0.539795918367347,1.0,3.0,2.5,2.5
50156648,200112293,MAQUILLAJE,CYZONE,10.5,2023-04-12,7,144.89999999999998,430.195,618,0.1052631578947368,0.835820895522388,1125.7,48,46,0.5,0.0,0.2,50156648_Bundle_2,0,0.539795918367347,1.0,3.0,2.5,2.5
50156648,200098946,MAQUILLAJE,LBEL,21.45,2023-03-01,9,251.2,430.195,660,0.1403508771929824,0.89280868385346,1125.7,48,46,0.75,0.4,0.54,50156648_Bundle_2,0,0.539795918367347,1.0,3.0,2.5,2.5
50156648,200103716,MAQUILLAJE,ESIKA,26.9,2023-04-12,7,144.89999999999998,430.195,618,0.1052631578947368,0.835820895522388,1125.7,48,46,0.5,0.0,0.2,50156648_Bundle_2,0,0.539795918367347,1.0,3.0,2.5,2.5
50172864,200108408,FRAGANCIAS,ESIKA,16.0,2023-01-31,20,403.0,430.195,689,0.3333333333333333,0.932157394843962,2325.6,94,88,1.0,0.8444444444444444,0.9066666666666666,50172864_Bundle_1,1,0.7687552213868003,,,,
50172864,210099703,COMPLEMENTOS,ESIKA,54.9,2023-01-31,20,403.0,430.195,689,0.3333333333333333,0.932157394843962,2325.6,94,88,1.0,0.8444444444444444,0.9066666666666666,50172864_Bundle_1,0,0.7687552213868003,1.0,3.0,2.5,2.5
50172864,210103559,BIJOUTERIE,ESIKA,29.9,2023-05-03,20,549.5,430.195,597,0.3333333333333333,0.8073270013568521,2325.6,94,88,1.0,0.16296296296296298,0.4977777777777778,50172864_Bundle_1,0,0.7687552213868003,1.0,3.0,2.5,2.5
50172864,210101851,PROMOCION USUARIOS,CYZONE,2.5,2023-01-31,20,403.0,430.195,689,0.3333333333333333,0.932157394843962,2325.6,94,88,1.0,0.8444444444444444,0.9066666666666666,50172864_Bundle_1,0,0.7687552213868003,1.0,3.0,2.5,2.5
50172864,200111995,MAQUILLAJE,CYZONE,14.9,2023-01-10,8,228.9,430.195,710,0.1228070175438596,0.960651289009498,2325.6,94,88,0.3684210526315789,1.0,0.7473684210526316,50172864_Bundle_1,0,0.7687552213868003,1.0,3.0,2.5,2.5
50172864,200109649,TRATAMIENTO CORPORAL,CYZONE,7.2,2023-02-21,15,359.8,430.195,668,0.2456140350877192,0.903663500678426,2325.6,94,88,0.7368421052631579,0.6888888888888889,0.7080701754385965,50172864_Bundle_1,0,0.7687552213868003,1.0,3.0,2.5,2.5
50172864,200108752,CUIDADO PERSONAL,ESIKA,22.9,2023-02-21,15,359.8,430.195,668,0.2456140350877192,0.903663500678426,2325.6,94,88,0.7368421052631579,0.6888888888888889,0.7080701754385965,50172864_Bundle_1,0,0.7687552213868003,1.0,3.0,2.5,2.5
50172864,200108408,FRAGANCIAS,ESIKA,16.0,2023-01-31,20,403.0,430.195,689,0.3333333333333333,0.932157394843962,2325.6,94,88,1.0,0.8444444444444444,0.9066666666666666,50172864_Bundle_2,1,0.6457477025898077,,,,
50172864,200103026,CUIDADO PERSONAL,ESIKA,19.9,2023-05-03,20,549.5,430.195,597,0.3333333333333333,0.8073270013568521,2325.6,94,88,1.0,0.16296296296296298,0.4977777777777778,50172864_Bundle_2,0,0.6457477025898077,1.0,3.0,2.5,2.5
50172864,200103354,MAQUILLAJE,ESIKA,14.9,2023-04-04,17,398.7,430.195,626,0.2807017543859649,0.8466757123473542,2325.6,94,88,0.8421052631578947,0.37777777777777777,0.5635087719298245,50172864_Bundle_2,0,0.6457477025898077,1.0,3.0,2.5,2.5
50172864,200089510,CUIDADO PERSONAL,CYZONE,27.9,2023-03-14,13,360.7999999999999,430.195,647,0.2105263157894736,0.8751696065128901,2325.6,94,88,0.631578947368421,0.5333333333333333,0.5726315789473684,50172864_Bundle_2,0,0.6457477025898077,1.0,3.0,2.5,2.5
50172864,200110345,MAQUILLAJE,ESIKA,21.9,2023-02-21,15,359.8,430.195,668,0.2456140350877192,0.903663500678426,2325.6,94,88,0.7368421052631579,0.6888888888888889,0.7080701754385965,50172864_Bundle_2,0,0.6457477025898077,1.0,3.0,2.5,2.5
50172864,200082688,CUIDADO PERSONAL,ESIKA,21.9,2023-02-21,15,359.8,430.195,668,0.2456140350877192,0.903663500678426,2325.6,94,88,0.7368421052631579,0.6888888888888889,0.7080701754385965,50172864_Bundle_2,0,0.6457477025898077,1.0,3.0,2.5,2.5
50172864,200112609,MAQUILLAJE,ESIKA,28.9,2023-04-04,17,398.7,430.195,626,0.2807017543859649,0.8466757123473542,2325.6,94,88,0.8421052631578947,0.37777777777777777,0.5635087719298245,50172864_Bundle_2,0,0.6457477025898077,1.0,3.0,2.5,2.5
50224287,200103354,MAQUILLAJE,ESIKA,14.8,2023-02-07,13,292.13,430.195,682,0.2105263157894736,0.9226594301221168,1325.21,68,58,0.6,0.8130841121495327,0.7278504672897196,50224287_Bundle_1,1,0.5756475300400534,,,,
50224287,200095931,FRAGANCIAS,ESIKA,29.03,2023-02-07,13,292.13,430.195,682,0.2105263157894736,0.9226594301221168,1325.21,68,58,0.6,0.8130841121495327,0.7278504672897196,50224287_Bundle_1,0,0.5756475300400534,1.0,3.0,2.5,2.5
50224287,200108408,FRAGANCIAS,ESIKA,27.36,2023-03-21,14,249.08,430.195,640,0.2280701754385964,0.8656716417910447,1325.21,68,58,0.7,0.4205607476635514,0.5323364485981308,50224287_Bundle_1,0,0.5756475300400534,1.0,3.0,2.5,2.5
50224287,200105188,CUIDADO PERSONAL,ESIKA,7.38,2023-02-27,10,168.03,430.195,662,0.1578947368421052,0.8955223880597015,1325.21,68,58,0.3,0.6261682242990654,0.4957009345794392,50224287_Bundle_1,0,0.5756475300400534,1.0,3.0,2.5,2.5
50224287,200105190,CUIDADO PERSONAL,ESIKA,7.38,2023-03-21,14,249.08,430.195,640,0.2280701754385964,0.8656716417910447,1325.21,68,58,0.7,0.4205607476635514,0.5323364485981308,50224287_Bundle_1,0,0.5756475300400534,1.0,3.0,2.5,2.5
50224287,200108752,CUIDADO PERSONAL,ESIKA,11.65,2023-04-14,17,310.3,430.195,616,0.2807017543859649,0.8331071913161465,1325.21,68,58,1.0,0.19626168224299065,0.5177570093457944,50224287_Bundle_1,0,0.5756475300400534,1.0,3.0,2.5,2.5
50224287,200083902,FRAGANCIAS,ESIKA,28.72,2023-02-27,10,168.03,430.195,662,0.1578947368421052,0.8955223880597015,1325.21,68,58,0.3,0.6261682242990654,0.4957009345794392,50224287_Bundle_1,0,0.5756475300400534,1.0,3.0,2.5,2.5
50224287,200103354,MAQUILLAJE,ESIKA,14.8,2023-02-07,13,292.13,430.195,682,0.2105263157894736,0.9226594301221168,1325.21,68,58,0.6,0.8130841121495327,0.7278504672897196,50224287_Bundle_2,1,0.5808811748998665,,,,
50224287,200078931,CUIDADO PERSONAL,ESIKA,11.65,2023-04-14,17,310.3,430.195,616,0.2807017543859649,0.8331071913161465,1325.21,68,58,1.0,0.19626168224299065,0.5177570093457944,50224287_Bundle_2,0,0.5808811748998665,1.0,3.0,2.5,2.5
50224287,200105188,CUIDADO PERSONAL,ESIKA,7.38,2023-03-21,14,249.08,430.195,640,0.2280701754385964,0.8656716417910447,1325.21,68,58,0.7,0.4205607476635514,0.5323364485981308,50224287_Bundle_2,0,0.5808811748998665,1.0,3.0,2.5,2.5
50224287,200109537,CUIDADO PERSONAL,ESIKA,7.38,2023-03-21,14,249.08,430.195,640,0.2280701754385964,0.8656716417910447,1325.21,68,58,0.7,0.4205607476635514,0.5323364485981308,50224287_Bundle_2,0,0.5808811748998665,1.0,3.0,2.5,2.5
50224287,200090452,FRAGANCIAS,ESIKA,26.45,2023-02-07,13,292.13,430.195,682,0.2105263157894736,0.9226594301221168,1325.21,68,58,0.6,0.8130841121495327,0.7278504672897196,50224287_Bundle_2,0,0.5808811748998665,1.0,3.0,2.5,2.5
50224287,200105190,CUIDADO PERSONAL,ESIKA,7.38,2023-03-21,14,249.08,430.195,640,0.2280701754385964,0.8656716417910447,1325.21,68,58,0.7,0.4205607476635514,0.5323364485981308,50224287_Bundle_2,0,0.5808811748998665,1.0,3.0,2.5,2.5
50224287,200083902,FRAGANCIAS,ESIKA,28.72,2023-02-27,10,168.03,430.195,662,0.1578947368421052,0.8955223880597015,1325.21,68,58,0.3,0.6261682242990654,0.4957009345794392,50224287_Bundle_2,0,0.5808811748998665,1.0,3.0,2.5,2.5
50291766,200095170,CUIDADO PERSONAL,ESIKA,7.63,2023-02-27,18,355.69,430.195,662,0.2982456140350877,0.8955223880597015,2607.69,100,89,1.0,0.9178743961352657,0.9507246376811594,50291766_Bundle_1,1,0.5443478260869565,,,,
50291766,200103964,TRATAMIENTO CORPORAL,LBEL,25.74,2023-05-26,17,397.4,430.195,574,0.2807017543859649,0.7761194029850746,2607.69,100,89,0.9333333333333333,0.4927536231884058,0.6689855072463768,50291766_Bundle_1,0,0.5443478260869565,1.0,3.0,2.5,2.5
50291766,200112752,MAQUILLAJE,ESIKA,12.9,2023-08-05,12,260.09999999999997,430.195,503,0.1929824561403508,0.6797829036635007,2607.69,100,89,0.6,0.1497584541062802,0.3298550724637681,50291766_Bundle_1,0,0.5443478260869565,1.0,3.0,2.5,2.5
50291766,200094946,TRATAMIENTO FACIAL,LBEL,51.87,2023-08-26,3,159.0,430.195,482,0.0350877192982456,0.6512890094979648,2607.69,100,89,0.0,0.04830917874396135,0.02898550724637681,50291766_Bundle_1,0,0.5443478260869565,1.0,3.0,2.5,2.5
50291766,200106137,MUESTRAS COSMETICOS,LBEL,2.5,2023-07-07,13,275.2,430.195,532,0.2105263157894736,0.7191316146540027,2607.69,100,89,0.6666666666666666,0.2898550724637681,0.4405797101449275,50291766_Bundle_1,0,0.5443478260869565,1.0,3.0,2.5,2.5
50291766,210102594,COMPLEMENTOS,CYZONE,44.9,2023-07-07,13,275.2,430.195,532,0.2105263157894736,0.7191316146540027,2607.69,100,89,0.6666666666666666,0.2898550724637681,0.4405797101449275,50291766_Bundle_1,0,0.5443478260869565,1.0,3.0,2.5,2.5
50291766,200090352,TRATAMIENTO CORPORAL,ESIKA,34.9,2023-02-27,18,355.69,430.195,662,0.2982456140350877,0.8955223880597015,2607.69,100,89,1.0,0.9178743961352657,0.9507246376811594,50291766_Bundle_1,0,0.5443478260869565,1.0,3.0,2.5,2.5
50291766,200095170,CUIDADO PERSONAL,ESIKA,7.63,2023-02-27,18,355.69,430.195,662,0.2982456140350877,0.8955223880597015,2607.69,100,89,1.0,0.9178743961352657,0.9507246376811594,50291766_Bundle_2,1,0.6239337474120082,,,,
50291766,200102715,MAQUILLAJE,ESIKA,21.9,2023-02-10,10,406.3,430.195,679,0.1578947368421052,0.9185888738127544,2607.69,100,89,0.4666666666666667,1.0,0.7866666666666666,50291766_Bundle_2,0,0.6239337474120082,1.0,3.0,2.5,2.5
50291766,200108160,FRAGANCIAS,LBEL,19.95,2023-05-26,17,397.4,430.195,574,0.2807017543859649,0.7761194029850746,2607.69,100,89,0.9333333333333333,0.4927536231884058,0.6689855072463768,50291766_Bundle_2,0,0.6239337474120082,1.0,3.0,2.5,2.5
50291766,210103930,COMPLEMENTOS,CYZONE,32.9,2023-09-05,12,396.1,430.195,472,0.1929824561403508,0.6377204884667571,2607.69,100,89,0.6,0.0,0.24,50291766_Bundle_2,0,0.6239337474120082,1.0,3.0,2.5,2.5
50291766,200098673,FRAGANCIAS,ESIKA,38.23,2023-08-05,12,260.09999999999997,430.195,503,0.1929824561403508,0.6797829036635007,2607.69,100,89,0.6,0.1497584541062802,0.3298550724637681,50291766_Bundle_2,0,0.6239337474120082,1.0,3.0,2.5,2.5
50291766,200106137,MUESTRAS COSMETICOS,LBEL,2.5,2023-07-07,13,275.2,430.195,532,0.2105263157894736,0.7191316146540027,2607.69,100,89,0.6666666666666666,0.2898550724637681,0.4405797101449275,50291766_Bundle_2,0,0.6239337474120082,1.0,3.0,2.5,2.5
50291766,200090352,TRATAMIENTO CORPORAL,ESIKA,34.9,2023-02-27,18,355.69,430.195,662,0.2982456140350877,0.8955223880597015,2607.69,100,89,1.0,0.9178743961352657,0.9507246376811594,50291766_Bundle_2,0,0.6239337474120082,1.0,3.0,2.5,2.5
50302369,210100298,PROMOCION USUARIOS,ESIKA,0.77,2023-02-09,10,287.4,430.195,680,0.1578947368421052,0.9199457259158752,1348.57,58,51,0.9,1.0,0.96,50302369_Bundle_1,1,0.7728,,,,
50302369,210097482,MAQUILLAJE,CYZONE,2.98,2023-05-03,5,126.24,430.195,597,0.0701754385964912,0.8073270013568521,1348.57,58,51,0.4,0.336,0.36160000000000003,50302369_Bundle_1,0,0.7728,1.0,3.0,2.5,2.5
50302369,200106346,FRAGANCIAS,ESIKA,24.49,2023-02-09,10,287.4,430.195,680,0.1578947368421052,0.9199457259158752,1348.57,58,51,0.9,1.0,0.96,50302369_Bundle_1,0,0.7728,1.0,3.0,2.5,2.5
50302369,200105005,FRAGANCIAS,CYZONE,19.9,2023-02-23,11,207.8,430.195,666,0.175438596491228,0.9009497964721844,1348.57,58,51,1.0,0.888,0.9328,50302369_Bundle_1,0,0.7728,1.0,3.0,2.5,2.5
50302369,200064310,FRAGANCIAS,ESIKA,13.05,2023-03-20,11,215.0,430.195,641,0.175438596491228,0.8670284938941656,1348.57,58,51,1.0,0.688,0.8128,50302369_Bundle_1,0,0.7728,1.0,3.0,2.5,2.5
50302369,200089509,FRAGANCIAS,ESIKA,32.9,2023-05-18,9,151.23,430.195,582,0.1403508771929824,0.7869742198100407,1348.57,58,51,0.8,0.216,0.44960000000000006,50302369_Bundle_1,0,0.7728,1.0,3.0,2.5,2.5
50302369,200105035,TRATAMIENTO FACIAL,CYZONE,13.9,2023-02-23,11,207.8,430.195,666,0.175438596491228,0.9009497964721844,1348.57,58,51,1.0,0.888,0.9328,50302369_Bundle_1,0,0.7728,1.0,3.0,2.5,2.5
50302369,210100298,PROMOCION USUARIOS,ESIKA,0.77,2023-02-09,10,287.4,430.195,680,0.1578947368421052,0.9199457259158752,1348.57,58,51,0.9,1.0,0.96,50302369_Bundle_2,1,0.7481142857142858,,,,
50302369,200090452,FRAGANCIAS,ESIKA,33.0,2023-02-09,10,287.4,430.195,680,0.1578947368421052,0.9199457259158752,1348.57,58,51,0.9,1.0,0.96,50302369_Bundle_2,0,0.7481142857142858,1.0,3.0,2.5,2.5
50302369,210099429,MAQUILLAJE,CYZONE,31.9,2023-04-10,10,311.09999999999997,430.195,620,0.1578947368421052,0.8385345997286295,1348.57,58,51,0.9,0.52,0.672,50302369_Bundle_2,0,0.7481142857142858,1.0,3.0,2.5,2.5
50302369,200109611,MAQUILLAJE,CYZONE,13.9,2023-05-18,9,151.23,430.195,582,0.1403508771929824,0.7869742198100407,1348.57,58,51,0.8,0.216,0.44960000000000006,50302369_Bundle_2,0,0.7481142857142858,1.0,3.0,2.5,2.5
50302369,200106346,FRAGANCIAS,ESIKA,25.5,2023-03-20,11,215.0,430.195,641,0.175438596491228,0.8670284938941656,1348.57,58,51,1.0,0.688,0.8128,50302369_Bundle_2,0,0.7481142857142858,1.0,3.0,2.5,2.5
50302369,200089509,FRAGANCIAS,ESIKA,32.9,2023-05-18,9,151.23,430.195,582,0.1403508771929824,0.7869742198100407,1348.57,58,51,0.8,0.216,0.44960000000000006,50302369_Bundle_2,0,0.7481142857142858,1.0,3.0,2.5,2.5
50302369,200102127,MAQUILLAJE,CYZONE,8.9,2023-02-23,11,207.8,430.195,666,0.175438596491228,0.9009497964721844,1348.57,58,51,1.0,0.888,0.9328,50302369_Bundle_2,0,0.7481142857142858,1.0,3.0,2.5,2.5
50310043,210100407,CUIDADO PERSONAL,CYZONE,19.95,2023-03-20,14,300.8,430.195,641,0.2280701754385964,0.8670284938941656,1137.89,42,39,1.0,0.6428571428571429,0.7857142857142858,50310043_Bundle_1,1,0.6255298273155416,,,,
50310043,200102591,MAQUILLAJE,LBEL,26.0,2023-05-03,8,179.59,430.195,597,0.1228070175438596,0.8073270013568521,1137.89,42,39,0.5384615384615384,0.25,0.3653846153846154,50310043_Bundle_1,0,0.6255298273155416,1.0,3.0,2.5,2.5
50310043,200101577,MAQUILLAJE,ESIKA,18.9,2023-03-06,5,153.5,430.195,655,0.0701754385964912,0.8860244233378561,1137.89,42,39,0.3076923076923077,0.7678571428571429,0.5837912087912088,50310043_Bundle_1,0,0.6255298273155416,1.0,3.0,2.5,2.5
50310043,210098527,MAQUILLAJE,CYZONE,12.9,2023-03-20,14,300.8,430.195,641,0.2280701754385964,0.8670284938941656,1137.89,42,39,1.0,0.6428571428571429,0.7857142857142858,50310043_Bundle_1,0,0.6255298273155416,1.0,3.0,2.5,2.5
50310043,200039855,FRAGANCIAS,CYZONE,34.9,2023-03-20,14,300.8,430.195,641,0.2280701754385964,0.8670284938941656,1137.89,42,39,1.0,0.6428571428571429,0.7857142857142858,50310043_Bundle_1,0,0.6255298273155416,1.0,3.0,2.5,2.5
50310043,200108048,FRAGANCIAS,CYZONE,29.9,2023-03-06,5,153.5,430.195,655,0.0701754385964912,0.8860244233378561,1137.89,42,39,0.3076923076923077,0.7678571428571429,0.5837912087912088,50310043_Bundle_1,0,0.6255298273155416,1.0,3.0,2.5,2.5
50310043,210092742,MAQUILLAJE,ESIKA,31.9,2023-04-10,8,234.5,430.195,620,0.1228070175438596,0.8385345997286295,1137.89,42,39,0.5384615384615384,0.45535714285714285,0.4885989010989011,50310043_Bundle_1,0,0.6255298273155416,1.0,3.0,2.5,2.5
50310043,210100407,CUIDADO PERSONAL,CYZONE,19.95,2023-03-20,14,300.8,430.195,641,0.2280701754385964,0.8670284938941656,1137.89,42,39,1.0,0.6428571428571429,0.7857142857142858,50310043_Bundle_2,1,0.6917189952904239,,,,
50310043,200106556,MAQUILLAJE,CYZONE,17.9,2023-03-20,14,300.8,430.195,641,0.2280701754385964,0.8670284938941656,1137.89,42,39,1.0,0.6428571428571429,0.7857142857142858,50310043_Bundle_2,0,0.6917189952904239,1.0,3.0,2.5,2.5
50310043,200113734,VARIOS,GENERICA,54.9,2023-02-08,6,245.6,430.195,681,0.087719298245614,0.921302578018996,1137.89,42,39,0.38461538461538464,1.0,0.7538461538461538,50310043_Bundle_2,0,0.6917189952904239,1.0,3.0,2.5,2.5
50310043,210102039,COMPLEMENTOS,CYZONE,49.9,2023-04-10,8,234.5,430.195,620,0.1228070175438596,0.8385345997286295,1137.89,42,39,0.5384615384615384,0.45535714285714285,0.4885989010989011,50310043_Bundle_2,0,0.6917189952904239,1.0,3.0,2.5,2.5
50310043,210098527,MAQUILLAJE,CYZONE,12.9,2023-03-20,14,300.8,430.195,641,0.2280701754385964,0.8670284938941656,1137.89,42,39,1.0,0.6428571428571429,0.7857142857142858,50310043_Bundle_2,0,0.6917189952904239,1.0,3.0,2.5,2.5
50310043,200085524,TRATAMIENTO FACIAL,LBEL,62.0,2023-02-08,6,245.6,430.195,681,0.087719298245614,0.921302578018996,1137.89,42,39,0.38461538461538464,1.0,0.7538461538461538,50310043_Bundle_2,0,0.6917189952904239,1.0,3.0,2.5,2.5
50310043,210092772,MAQUILLAJE,LBEL,31.0,2023-04-10,8,234.5,430.195,620,0.1228070175438596,0.8385345997286295,1137.89,42,39,0.5384615384615384,0.45535714285714285,0.4885989010989011,50310043_Bundle_2,0,0.6917189952904239,1.0,3.0,2.5,2.5
50349691,200072913,FRAGANCIAS,ESIKA,17.45,2023-05-04,16,440.25,430.195,596,0.2631578947368421,0.8059701492537313,4795.95,159,126,0.6428571428571429,0.6798029556650246,0.6650246305418719,50349691_Bundle_1,1,0.5099225897255454,,,,
50349691,200103027,CUIDADO PERSONAL,ESIKA,23.9,2023-07-04,13,452.0,430.195,535,0.2105263157894736,0.723202170963365,4795.95,159,126,0.42857142857142855,0.3793103448275862,0.3990147783251231,50349691_Bundle_1,0,0.5099225897255454,1.0,3.0,2.5,2.5
50349691,200103923,MAQUILLAJE,CYZONE,12.47,2023-07-22,20,438.44,430.195,517,0.3333333333333333,0.6987788331071914,4795.95,159,126,0.9285714285714286,0.29064039408866993,0.5458128078817734,50349691_Bundle_1,0,0.5099225897255454,1.0,3.0,2.5,2.5
50349691,200106488,TRATAMIENTO FACIAL,CYZONE,17.9,2023-06-13,14,552.2,430.195,556,0.2280701754385964,0.751696065128901,4795.95,159,126,0.5,0.4827586206896552,0.48965517241379314,50349691_Bundle_1,0,0.5099225897255454,1.0,3.0,2.5,2.5
50349691,200102111,MAQUILLAJE,CYZONE,16.5,2023-05-23,15,488.9,430.195,577,0.2456140350877192,0.7801899592944369,4795.95,159,126,0.5714285714285714,0.5862068965517241,0.5802955665024631,50349691_Bundle_1,0,0.5099225897255454,1.0,3.0,2.5,2.5
50349691,200112233,MAQUILLAJE,CYZONE,20.9,2023-06-13,14,552.2,430.195,556,0.2280701754385964,0.751696065128901,4795.95,159,126,0.5,0.4827586206896552,0.48965517241379314,50349691_Bundle_1,0,0.5099225897255454,1.0,3.0,2.5,2.5
50349691,200110961,MAQUILLAJE,LBEL,33.0,2023-09-19,21,516.67,430.195,458,0.3508771929824561,0.6187245590230664,4795.95,159,126,1.0,0.0,0.4,50349691_Bundle_1,0,0.5099225897255454,1.0,3.0,2.5,2.5
50349691,200072913,FRAGANCIAS,ESIKA,17.45,2023-05-04,16,440.25,430.195,596,0.2631578947368421,0.8059701492537313,4795.95,159,126,0.6428571428571429,0.6798029556650246,0.6650246305418719,50349691_Bundle_2,1,0.5197748064743138,,,,
50349691,200109263,TRATAMIENTO FACIAL,CYZONE,18.9,2023-05-04,16,440.25,430.195,596,0.2631578947368421,0.8059701492537313,4795.95,159,126,0.6428571428571429,0.6798029556650246,0.6650246305418719,50349691_Bundle_2,0,0.5197748064743138,1.0,3.0,2.5,2.5
50349691,200113211,MAQUILLAJE,LBEL,26.9,2023-09-05,20,522.29,430.195,472,0.3333333333333333,0.6377204884667571,4795.95,159,126,0.9285714285714286,0.06896551724137931,0.412807881773399,50349691_Bundle_2,0,0.5197748064743138,1.0,3.0,2.5,2.5
50349691,210101379,BIJOUTERIE,ESIKA,39.9,2023-09-05,20,522.29,430.195,472,0.3333333333333333,0.6377204884667571,4795.95,159,126,0.9285714285714286,0.06896551724137931,0.412807881773399,50349691_Bundle_2,0,0.5197748064743138,1.0,3.0,2.5,2.5
50349691,200109612,MAQUILLAJE,CYZONE,20.9,2023-09-05,20,522.29,430.195,472,0.3333333333333333,0.6377204884667571,4795.95,159,126,0.9285714285714286,0.06896551724137931,0.412807881773399,50349691_Bundle_2,0,0.5197748064743138,1.0,3.0,2.5,2.5
50349691,200103027,CUIDADO PERSONAL,ESIKA,22.9,2023-02-28,9,337.2,430.195,661,0.1403508771929824,0.8941655359565808,4795.95,159,126,0.14285714285714285,1.0,0.6571428571428571,50349691_Bundle_2,0,0.5197748064743138,1.0,3.0,2.5,2.5
50349691,210098463,MAQUILLAJE,CYZONE,12.9,2023-09-05,20,522.29,430.195,472,0.3333333333333333,0.6377204884667571,4795.95,159,126,0.9285714285714286,0.06896551724137931,0.412807881773399,50349691_Bundle_2,0,0.5197748064743138,1.0,3.0,2.5,2.5
50366901,200095170,CUIDADO PERSONAL,ESIKA,4.83,2023-02-27,19,443.7,430.195,662,0.3157894736842105,0.8955223880597015,3583.24,130,96,0.9473684210526315,1.0,0.9789473684210526,50366901_Bundle_1,1,0.6812811248901474,,,,
50366901,200103354,MAQUILLAJE,ESIKA,13.68,2023-02-27,19,443.7,430.195,662,0.3157894736842105,0.8955223880597015,3583.24,130,96,0.9473684210526315,1.0,0.9789473684210526,50366901_Bundle_1,0,0.6812811248901474,1.0,3.0,2.5,2.5
50366901,210095161,TRATAMIENTO FACIAL,LBEL,9.9,2023-09-25,9,283.1,430.195,452,0.1403508771929824,0.6105834464043419,3583.24,130,96,0.42105263157894735,0.09090909090909091,0.22296650717703348,50366901_Bundle_1,0,0.6812811248901474,1.0,3.0,2.5,2.5
50366901,200106441,MAQUILLAJE,ESIKA,11.0,2023-02-27,19,443.7,430.195,662,0.3157894736842105,0.8955223880597015,3583.24,130,96,0.9473684210526315,1.0,0.9789473684210526,50366901_Bundle_1,0,0.6812811248901474,1.0,3.0,2.5,2.5
50366901,200105035,TRATAMIENTO FACIAL,CYZONE,8.9,2023-05-18,6,182.5,430.195,582,0.087719298245614,0.7869742198100407,3583.24,130,96,0.2631578947368421,0.6536796536796536,0.497470950102529,50366901_Bundle_1,0,0.6812811248901474,1.0,3.0,2.5,2.5
50366901,200106852,FRAGANCIAS,LBEL,24.95,2023-08-17,20,530.6999999999999,430.195,491,0.3333333333333333,0.6635006784260515,3583.24,130,96,1.0,0.2597402597402597,0.5558441558441558,50366901_Bundle_1,0,0.6812811248901474,1.0,3.0,2.5,2.5
50366901,200109610,MAQUILLAJE,CYZONE,12.45,2023-08-17,20,530.6999999999999,430.195,491,0.3333333333333333,0.6635006784260515,3583.24,130,96,1.0,0.2597402597402597,0.5558441558441558,50366901_Bundle_1,0,0.6812811248901474,1.0,3.0,2.5,2.5
50366901,200095170,CUIDADO PERSONAL,ESIKA,4.83,2023-02-27,19,443.7,430.195,662,0.3157894736842105,0.8955223880597015,3583.24,130,96,0.9473684210526315,1.0,0.9789473684210526,50366901_Bundle_2,1,0.4730006835269993,,,,
50366901,200105079,FRAGANCIAS,CYZONE,19.9,2023-08-17,20,530.6999999999999,430.195,491,0.3333333333333333,0.6635006784260515,3583.24,130,96,1.0,0.2597402597402597,0.5558441558441558,50366901_Bundle_2,0,0.4730006835269993,1.0,3.0,2.5,2.5
50366901,200109539,MUESTRAS COSMETICOS,LBEL,1.9,2023-09-01,1,1.9,430.195,476,0.0,0.6431478968792401,3583.24,130,96,0.0,0.19480519480519481,0.11688311688311688,50366901_Bundle_2,0,0.4730006835269993,1.0,3.0,2.5,2.5
50366901,200095185,MUESTRAS COSMETICOS,ESIKA,1.9,2023-08-31,13,380.8,430.195,477,0.2105263157894736,0.6445047489823609,3583.24,130,96,0.631578947368421,0.19913419913419914,0.3721120984278879,50366901_Bundle_2,0,0.4730006835269993,1.0,3.0,2.5,2.5
50366901,200096220,TRATAMIENTO CORPORAL,ESIKA,28.9,2023-06-28,11,236.9,430.195,541,0.175438596491228,0.7313432835820896,3583.24,130,96,0.5263157894736842,0.47619047619047616,0.49624060150375937,50366901_Bundle_2,0,0.4730006835269993,1.0,3.0,2.5,2.5
50366901,200094834,MAQUILLAJE,ESIKA,13.9,2023-10-16,15,414.5,430.195,431,0.2456140350877192,0.582089552238806,3583.24,130,96,0.7368421052631579,0.0,0.29473684210526313,50366901_Bundle_2,0,0.4730006835269993,1.0,3.0,2.5,2.5
50366901,200094162,MUESTRAS COSMETICOS,CYZONE,1.9,2023-06-28,11,236.9,430.195,541,0.175438596491228,0.7313432835820896,3583.24,130,96,0.5263157894736842,0.47619047619047616,0.49624060150375937,50366901_Bundle_2,0,0.4730006835269993,1.0,3.0,2.5,2.5
50368645,200102045,FRAGANCIAS,ESIKA,19.95,2023-04-12,20,357.95,430.195,618,0.3333333333333333,0.835820895522388,9109.95,482,280,0.6428571428571429,0.9361702127659575,0.8188449848024317,50368645_Bundle_1,1,0.6387755102040816,,,,
50368645,210102004,COMPLEMENTOS,CYZONE,49.9,2023-07-25,12,385.4,430.195,514,0.1929824561403508,0.694708276797829,9109.95,482,280,0.35714285714285715,0.7781155015197568,0.609726443768997,50368645_Bundle_1,0,0.6387755102040816,1.0,3.0,2.5,2.5
50368645,200103449,CUIDADO PERSONAL,CYZONE,5.1,2023-07-06,13,197.2,430.195,533,0.2105263157894736,0.7204884667571235,9109.95,482,280,0.39285714285714285,0.8069908814589666,0.6413373860182371,50368645_Bundle_1,0,0.6387755102040816,1.0,3.0,2.5,2.5
50368645,200102109,MAQUILLAJE,CYZONE,16.9,2024-01-31,13,223.06,430.195,324,0.2105263157894736,0.4369063772048847,9109.95,482,280,0.39285714285714285,0.48936170212765956,0.45075987841945286,50368645_Bundle_1,0,0.6387755102040816,1.0,3.0,2.5,2.5
50368645,200095170,CUIDADO PERSONAL,ESIKA,5.4,2024-04-15,28,532.5,430.195,249,0.4736842105263157,0.3351424694708276,9109.95,482,280,0.9285714285714286,0.37537993920972645,0.5966565349544073,50368645_Bundle_1,0,0.6387755102040816,1.0,3.0,2.5,2.5
50368645,200114986,TRATAMIENTO CORPORAL,ESIKA,19.41,2024-04-15,28,532.5,430.195,249,0.4736842105263157,0.3351424694708276,9109.95,482,280,0.9285714285714286,0.37537993920972645,0.5966565349544073,50368645_Bundle_1,0,0.6387755102040816,1.0,3.0,2.5,2.5
50368645,200084638,TRATAMIENTO FACIAL,LBEL,135.0,2023-11-22,30,501.91,430.195,394,0.5087719298245614,0.5318860244233379,9109.95,482,280,1.0,0.5957446808510638,0.7574468085106383,50368645_Bundle_1,0,0.6387755102040816,1.0,3.0,2.5,2.5
50368645,200102045,FRAGANCIAS,ESIKA,19.95,2023-04-12,20,357.95,430.195,618,0.3333333333333333,0.835820895522388,9109.95,482,280,0.6428571428571429,0.9361702127659575,0.8188449848024317,50368645_Bundle_2,1,0.6817194963091621,,,,
50368645,210102004,COMPLEMENTOS,CYZONE,49.9,2023-07-25,12,385.4,430.195,514,0.1929824561403508,0.694708276797829,9109.95,482,280,0.35714285714285715,0.7781155015197568,0.609726443768997,50368645_Bundle_2,0,0.6817194963091621,1.0,3.0,2.5,2.5
50368645,200103027,CUIDADO PERSONAL,ESIKA,16.63,2024-07-23,27,284.6,430.195,150,0.4561403508771929,0.2008141112618724,9109.95,482,280,0.8928571428571429,0.22492401215805471,0.49209726443769003,50368645_Bundle_2,0,0.6817194963091621,1.0,3.0,2.5,2.5
50368645,200106452,MAQUILLAJE,ESIKA,6.0,2023-12-13,22,383.2,430.195,373,0.3684210526315789,0.5033921302578019,9109.95,482,280,0.7142857142857143,0.5638297872340425,0.6240121580547113,50368645_Bundle_2,0,0.6817194963091621,1.0,3.0,2.5,2.5
50368645,200106575,MAQUILLAJE,CYZONE,10.34,2023-03-22,15,364.0,430.195,639,0.2456140350877192,0.864314789687924,9109.95,482,280,0.4642857142857143,0.9680851063829787,0.766565349544073,50368645_Bundle_2,0,0.6817194963091621,1.0,3.0,2.5,2.5
50368645,200105190,CUIDADO PERSONAL,ESIKA,5.1,2023-04-12,20,357.95,430.195,618,0.3333333333333333,0.835820895522388,9109.95,482,280,0.6428571428571429,0.9361702127659575,0.8188449848024317,50368645_Bundle_2,0,0.6817194963091621,1.0,3.0,2.5,2.5
50368645,210100408,CUIDADO PERSONAL,CYZONE,17.2,2023-09-06,17,385.5,430.195,471,0.2807017543859649,0.6363636363636364,9109.95,482,280,0.5357142857142857,0.7127659574468085,0.6419452887537993,50368645_Bundle_2,0,0.6817194963091621,1.0,3.0,2.5,2.5
50387488,200105041,FRAGANCIAS,ESIKA,23.58,2023-03-03,15,410.8,430.195,658,0.2456140350877192,0.8900949796472184,2409.2,85,74,0.8333333333333334,1.0,0.9333333333333333,50387488_Bundle_1,1,0.43920265780730894,,,,
50387488,200106604,MAQUILLAJE,CYZONE,18.9,2023-06-21,13,336.43,430.195,548,0.2105263157894736,0.7408412483039348,2409.2,85,74,0.6666666666666666,0.14728682170542637,0.3550387596899225,50387488_Bundle_1,0,0.43920265780730894,1.0,3.0,2.5,2.5
50387488,210094271,BIJOUTERIE,ESIKA,44.9,2023-07-10,5,170.6,430.195,529,0.0701754385964912,0.7150610583446404,2409.2,85,74,0.0,0.0,0.0,50387488_Bundle_1,0,0.43920265780730894,1.0,3.0,2.5,2.5
50387488,200090349,CUIDADO PERSONAL,ESIKA,23.9,2023-05-29,17,425.27,430.195,571,0.2807017543859649,0.7720488466757124,2409.2,85,74,1.0,0.32558139534883723,0.5953488372093023,50387488_Bundle_1,0,0.43920265780730894,1.0,3.0,2.5,2.5
50387488,210105042,BIJOUTERIE,ESIKA,29.9,2023-05-29,17,425.27,430.195,571,0.2807017543859649,0.7720488466757124,2409.2,85,74,1.0,0.32558139534883723,0.5953488372093023,50387488_Bundle_1,0,0.43920265780730894,1.0,3.0,2.5,2.5
50387488,200103025,CUIDADO PERSONAL,ESIKA,27.38,2023-07-10,5,170.6,430.195,529,0.0701754385964912,0.7150610583446404,2409.2,85,74,0.0,0.0,0.0,50387488_Bundle_1,0,0.43920265780730894,1.0,3.0,2.5,2.5
50387488,200108892,TRATAMIENTO FACIAL,CYZONE,16.0,2023-05-29,17,425.27,430.195,571,0.2807017543859649,0.7720488466757124,2409.2,85,74,1.0,0.32558139534883723,0.5953488372093023,50387488_Bundle_1,0,0.43920265780730894,1.0,3.0,2.5,2.5
50387488,200105041,FRAGANCIAS,ESIKA,23.58,2023-03-03,15,410.8,430.195,658,0.2456140350877192,0.8900949796472184,2409.2,85,74,0.8333333333333334,1.0,0.9333333333333333,50387488_Bundle_2,1,0.4753045404208195,,,,
50387488,200086139,TRATAMIENTO FACIAL,LBEL,65.0,2023-03-27,12,350.09999999999997,430.195,634,0.1929824561403508,0.8575305291723202,2409.2,85,74,0.5833333333333334,0.813953488372093,0.7217054263565892,50387488_Bundle_2,0,0.4753045404208195,1.0,3.0,2.5,2.5
50387488,200090346,CUIDADO PERSONAL,ESIKA,18.3,2023-06-21,13,336.43,430.195,548,0.2105263157894736,0.7408412483039348,2409.2,85,74,0.6666666666666666,0.14728682170542637,0.3550387596899225,50387488_Bundle_2,0,0.4753045404208195,1.0,3.0,2.5,2.5
50387488,200105035,TRATAMIENTO FACIAL,CYZONE,8.9,2023-05-29,17,425.27,430.195,571,0.2807017543859649,0.7720488466757124,2409.2,85,74,1.0,0.32558139534883723,0.5953488372093023,50387488_Bundle_2,0,0.4753045404208195,1.0,3.0,2.5,2.5
50387488,210095475,BIJOUTERIE,ESIKA,29.9,2023-07-10,5,170.6,430.195,529,0.0701754385964912,0.7150610583446404,2409.2,85,74,0.0,0.0,0.0,50387488_Bundle_2,0,0.4753045404208195,1.0,3.0,2.5,2.5
50387488,210101264,COMPLEMENTOS,CYZONE,46.9,2023-03-27,12,350.09999999999997,430.195,634,0.1929824561403508,0.8575305291723202,2409.2,85,74,0.5833333333333334,0.813953488372093,0.7217054263565892,50387488_Bundle_2,0,0.4753045404208195,1.0,3.0,2.5,2.5
50387488,210101779,BIJOUTERIE,ESIKA,49.9,2023-07-10,5,170.6,430.195,529,0.0701754385964912,0.7150610583446404,2409.2,85,74,0.0,0.0,0.0,50387488_Bundle_2,0,0.4753045404208195,1.0,3.0,2.5,2.5
50391108,200107621,MAQUILLAJE,LBEL,13.3,2023-03-21,16,560.6,430.195,640,0.2631578947368421,0.8656716417910447,3809.5,116,112,0.8,0.8793103448275862,0.8475862068965517,50391108_Bundle_1,1,0.5144827586206897,,,,
50391108,210101392,BIJOUTERIE,ESIKA,74.9,2023-05-29,8,349.2,430.195,571,0.1228070175438596,0.7720488466757124,3809.5,116,112,0.0,0.4827586206896552,0.2896551724137931,50391108_Bundle_1,0,0.5144827586206897,1.0,3.0,2.5,2.5
50391108,210102054,HOGAR,CYZONE,39.9,2023-06-19,16,514.3,430.195,550,0.2631578947368421,0.7435549525101763,3809.5,116,112,0.8,0.3620689655172414,0.5372413793103449,50391108_Bundle_1,0,0.5144827586206897,1.0,3.0,2.5,2.5
50391108,210098748,COMPLEMENTOS,CYZONE,82.9,2023-06-19,16,514.3,430.195,550,0.2631578947368421,0.7435549525101763,3809.5,116,112,0.8,0.3620689655172414,0.5372413793103449,50391108_Bundle_1,0,0.5144827586206897,1.0,3.0,2.5,2.5
50391108,210102151,BIJOUTERIE,CYZONE,19.9,2023-08-01,18,410.8,430.195,507,0.2982456140350877,0.6852103120759837,3809.5,116,112,1.0,0.11494252873563218,0.46896551724137936,50391108_Bundle_1,0,0.5144827586206897,1.0,3.0,2.5,2.5
50391108,210100629,COMPLEMENTOS,CYZONE,49.9,2023-05-04,14,424.7,430.195,596,0.2280701754385964,0.8059701492537313,3809.5,116,112,0.6,0.6264367816091954,0.6158620689655172,50391108_Bundle_1,0,0.5144827586206897,1.0,3.0,2.5,2.5
50391108,200090346,CUIDADO PERSONAL,ESIKA,24.9,2023-07-10,12,368.8,430.195,529,0.1929824561403508,0.7150610583446404,3809.5,116,112,0.4,0.2413793103448276,0.3048275862068966,50391108_Bundle_1,0,0.5144827586206897,1.0,3.0,2.5,2.5
50391108,200107621,MAQUILLAJE,LBEL,13.3,2023-03-21,16,560.6,430.195,640,0.2631578947368421,0.8656716417910447,3809.5,116,112,0.8,0.8793103448275862,0.8475862068965517,50391108_Bundle_2,1,0.594088669950739,,,,
50391108,210097536,TRATAMIENTO CORPORAL,CYZONE,25.9,2023-08-01,18,410.8,430.195,507,0.2982456140350877,0.6852103120759837,3809.5,116,112,1.0,0.11494252873563218,0.46896551724137936,50391108_Bundle_2,0,0.594088669950739,1.0,3.0,2.5,2.5
50391108,200111279,FRAGANCIAS,LBEL,84.0,2023-03-21,16,560.6,430.195,640,0.2631578947368421,0.8656716417910447,3809.5,116,112,0.8,0.8793103448275862,0.8475862068965517,50391108_Bundle_2,0,0.594088669950739,1.0,3.0,2.5,2.5
50391108,210104543,BIJOUTERIE,ESIKA,69.9,2023-07-10,12,368.8,430.195,529,0.1929824561403508,0.7150610583446404,3809.5,116,112,0.4,0.2413793103448276,0.3048275862068966,50391108_Bundle_2,0,0.594088669950739,1.0,3.0,2.5,2.5
50391108,200090349,CUIDADO PERSONAL,ESIKA,24.9,2023-07-10,12,368.8,430.195,529,0.1929824561403508,0.7150610583446404,3809.5,116,112,0.4,0.2413793103448276,0.3048275862068966,50391108_Bundle_2,0,0.594088669950739,1.0,3.0,2.5,2.5
50391108,210098748,COMPLEMENTOS,CYZONE,82.9,2023-06-19,16,514.3,430.195,550,0.2631578947368421,0.7435549525101763,3809.5,116,112,0.8,0.3620689655172414,0.5372413793103449,50391108_Bundle_2,0,0.594088669950739,1.0,3.0,2.5,2.5
50391108,210100409,CUIDADO PERSONAL,LBEL,15.9,2023-03-21,16,560.6,430.195,640,0.2631578947368421,0.8656716417910447,3809.5,116,112,0.8,0.8793103448275862,0.8475862068965517,50391108_Bundle_2,0,0.594088669950739,1.0,3.0,2.5,2.5
50405737,200106279,FRAGANCIAS,ESIKA,30.54,2023-03-07,19,497.8,430.195,654,0.3157894736842105,0.8846675712347354,2209.1,82,72,0.9,1.0,0.96,50405737_Bundle_1,1,0.7619362455726091,,,,
50405737,200103961,TRATAMIENTO CORPORAL,LBEL,12.9,2023-03-07,19,497.8,430.195,654,0.3157894736842105,0.8846675712347354,2209.1,82,72,0.9,1.0,0.96,50405737_Bundle_1,0,0.7619362455726091,1.0,3.0,2.5,2.5
50405737,200102110,MAQUILLAJE,CYZONE,18.9,2023-03-28,21,397.0,430.195,633,0.3508771929824561,0.8561736770691994,2209.1,82,72,1.0,0.8264462809917356,0.8958677685950414,50405737_Bundle_1,0,0.7619362455726091,1.0,3.0,2.5,2.5
50405737,200103020,CUIDADO PERSONAL,ESIKA,13.3,2023-06-19,7,263.2,430.195,550,0.1052631578947368,0.7435549525101763,2209.1,82,72,0.3,0.14049586776859505,0.20429752066115703,50405737_Bundle_1,0,0.7619362455726091,1.0,3.0,2.5,2.5
50405737,200112479,MAQUILLAJE,ESIKA,15.9,2023-04-17,15,401.4,430.195,613,0.2456140350877192,0.8290366350067843,2209.1,82,72,0.7,0.6611570247933884,0.6766942148760331,50405737_Bundle_1,0,0.7619362455726091,1.0,3.0,2.5,2.5
50405737,200103354,MAQUILLAJE,ESIKA,19.97,2023-03-07,19,497.8,430.195,654,0.3157894736842105,0.8846675712347354,2209.1,82,72,0.9,1.0,0.96,50405737_Bundle_1,0,0.7619362455726091,1.0,3.0,2.5,2.5
50405737,200105188,CUIDADO PERSONAL,ESIKA,8.79,2023-04-17,15,401.4,430.195,613,0.2456140350877192,0.8290366350067843,2209.1,82,72,0.7,0.6611570247933884,0.6766942148760331,50405737_Bundle_1,0,0.7619362455726091,1.0,3.0,2.5,2.5
50405737,200106279,FRAGANCIAS,ESIKA,30.54,2023-03-07,19,497.8,430.195,654,0.3157894736842105,0.8846675712347354,2209.1,82,72,0.9,1.0,0.96,50405737_Bundle_2,1,0.7946871310507674,,,,
50405737,210091811,VARIOS,CYZONE,18.9,2023-05-31,6,169.4,430.195,569,0.087719298245614,0.7693351424694709,2209.1,82,72,0.25,0.2975206611570248,0.2785123966942149,50405737_Bundle_2,0,0.7946871310507674,1.0,3.0,2.5,2.5
50405737,200095177,CUIDADO PERSONAL,ESIKA,7.38,2023-03-28,21,397.0,430.195,633,0.3508771929824561,0.8561736770691994,2209.1,82,72,1.0,0.8264462809917356,0.8958677685950414,50405737_Bundle_2,0,0.7946871310507674,1.0,3.0,2.5,2.5
50405737,200113734,VARIOS,GENERICA,54.9,2023-03-07,19,497.8,430.195,654,0.3157894736842105,0.8846675712347354,2209.1,82,72,0.9,1.0,0.96,50405737_Bundle_2,0,0.7946871310507674,1.0,3.0,2.5,2.5
50405737,200105188,CUIDADO PERSONAL,ESIKA,8.79,2023-04-17,15,401.4,430.195,613,0.2456140350877192,0.8290366350067843,2209.1,82,72,0.7,0.6611570247933884,0.6766942148760331,50405737_Bundle_2,0,0.7946871310507674,1.0,3.0,2.5,2.5
50405737,200102282,MAQUILLAJE,ESIKA,20.9,2023-03-28,21,397.0,430.195,633,0.3508771929824561,0.8561736770691994,2209.1,82,72,1.0,0.8264462809917356,0.8958677685950414,50405737_Bundle_2,0,0.7946871310507674,1.0,3.0,2.5,2.5
50405737,200105125,CUIDADO PERSONAL,ESIKA,7.38,2023-03-28,21,397.0,430.195,633,0.3508771929824561,0.8561736770691994,2209.1,82,72,1.0,0.8264462809917356,0.8958677685950414,50405737_Bundle_2,0,0.7946871310507674,1.0,3.0,2.5,2.5
50409260,200090452,FRAGANCIAS,ESIKA,37.52,2023-03-15,17,367.1,430.195,646,0.2807017543859649,0.8738127544097694,1430.54,52,45,1.0,1.0,1.0,50409260_Bundle_1,1,0.5838143165245969,,,,
50409260,200099798,MAQUILLAJE,LBEL,45.0,2023-06-30,8,198.2,430.195,539,0.1228070175438596,0.728629579375848,1430.54,52,45,0.3076923076923077,0.0,0.12307692307692308,50409260_Bundle_1,0,0.5838143165245969,1.0,3.0,2.5,2.5
50409260,210102019,COMPLEMENTOS,CYZONE,59.9,2023-03-15,17,367.1,430.195,646,0.2807017543859649,0.8738127544097694,1430.54,52,45,1.0,1.0,1.0,50409260_Bundle_1,0,0.5838143165245969,1.0,3.0,2.5,2.5
50409260,200095465,CUIDADO PERSONAL,ESIKA,7.38,2023-05-18,11,210.3,430.195,582,0.175438596491228,0.7869742198100407,1430.54,52,45,0.5384615384615384,0.40186915887850466,0.4565061107117182,50409260_Bundle_1,0,0.5838143165245969,1.0,3.0,2.5,2.5
50409260,200108674,CUIDADO PERSONAL,ESIKA,7.38,2023-05-18,11,210.3,430.195,582,0.175438596491228,0.7869742198100407,1430.54,52,45,0.5384615384615384,0.40186915887850466,0.4565061107117182,50409260_Bundle_1,0,0.5838143165245969,1.0,3.0,2.5,2.5
50409260,210096995,BIJOUTERIE,ESIKA,27.9,2023-05-18,11,210.3,430.195,582,0.175438596491228,0.7869742198100407,1430.54,52,45,0.5384615384615384,0.40186915887850466,0.4565061107117182,50409260_Bundle_1,0,0.5838143165245969,1.0,3.0,2.5,2.5
50409260,200112474,TRATAMIENTO CORPORAL,LBEL,44.9,2023-04-07,8,308.3,430.195,623,0.1228070175438596,0.8426051560379919,1430.54,52,45,0.3076923076923077,0.7850467289719626,0.5941049604601006,50409260_Bundle_1,0,0.5838143165245969,1.0,3.0,2.5,2.5
50409260,200090452,FRAGANCIAS,ESIKA,37.52,2023-03-15,17,367.1,430.195,646,0.2807017543859649,0.8738127544097694,1430.54,52,45,1.0,1.0,1.0,50409260_Bundle_2,1,0.6386361302249153,,,,
50409260,200097066,CUIDADO PERSONAL,ESIKA,27.48,2023-06-12,4,199.94,430.195,557,0.0526315789473684,0.7530529172320217,1430.54,52,45,0.0,0.16822429906542055,0.10093457943925233,50409260_Bundle_2,0,0.6386361302249153,1.0,3.0,2.5,2.5
50409260,210102019,COMPLEMENTOS,CYZONE,59.9,2023-03-15,17,367.1,430.195,646,0.2807017543859649,0.8738127544097694,1430.54,52,45,1.0,1.0,1.0,50409260_Bundle_2,0,0.6386361302249153,1.0,3.0,2.5,2.5
50409260,200095374,CUIDADO PERSONAL,ESIKA,7.38,2023-05-18,11,210.3,430.195,582,0.175438596491228,0.7869742198100407,1430.54,52,45,0.5384615384615384,0.40186915887850466,0.4565061107117182,50409260_Bundle_2,0,0.6386361302249153,1.0,3.0,2.5,2.5
50409260,200090349,CUIDADO PERSONAL,ESIKA,23.9,2023-05-18,11,210.3,430.195,582,0.175438596491228,0.7869742198100407,1430.54,52,45,0.5384615384615384,0.40186915887850466,0.4565061107117182,50409260_Bundle_2,0,0.6386361302249153,1.0,3.0,2.5,2.5
50409260,200095159,CUIDADO PERSONAL,ESIKA,7.38,2023-03-15,17,367.1,430.195,646,0.2807017543859649,0.8738127544097694,1430.54,52,45,1.0,1.0,1.0,50409260_Bundle_2,0,0.6386361302249153,1.0,3.0,2.5,2.5
50409260,210096995,BIJOUTERIE,ESIKA,27.9,2023-05-18,11,210.3,430.195,582,0.175438596491228,0.7869742198100407,1430.54,52,45,0.5384615384615384,0.40186915887850466,0.4565061107117182,50409260_Bundle_2,0,0.6386361302249153,1.0,3.0,2.5,2.5
50432777,200113733,VARIOS,GENERICA,54.9,2023-03-13,24,551.42,430.195,648,0.4035087719298245,0.8765264586160109,4997.43,199,155,1.0,1.0,1.0,50432777_Bundle_1,1,0.5813094468556654,,,,
50432777,200110333,MAQUILLAJE,ESIKA,22.9,2023-11-16,10,224.54,430.195,400,0.1578947368421052,0.5400271370420624,4997.43,199,155,0.17647058823529413,0.09157509157509157,0.1255332902391726,50432777_Bundle_1,0,0.5813094468556654,1.0,3.0,2.5,2.5
50432777,210097089,CUIDADO PERSONAL,LBEL,9.06,2023-06-09,17,519.5,430.195,560,0.2807017543859649,0.757123473541384,4997.43,199,155,0.5882352941176471,0.6776556776556777,0.6418875242404655,50432777_Bundle_1,0,0.5813094468556654,1.0,3.0,2.5,2.5
50432777,200105655,CUIDADO PERSONAL,ESIKA,21.9,2023-10-23,22,553.14,430.195,424,0.3684210526315789,0.5725915875169606,4997.43,199,155,0.8823529411764706,0.1794871794871795,0.46063348416289596,50432777_Bundle_1,0,0.5813094468556654,1.0,3.0,2.5,2.5
50432777,200109584,FRAGANCIAS,ESIKA,44.9,2023-10-23,22,553.14,430.195,424,0.3684210526315789,0.5725915875169606,4997.43,199,155,0.8823529411764706,0.1794871794871795,0.46063348416289596,50432777_Bundle_1,0,0.5813094468556654,1.0,3.0,2.5,2.5
50432777,210102537,BIJOUTERIE,CYZONE,26.9,2023-05-18,17,552.37,430.195,582,0.2807017543859649,0.7869742198100407,4997.43,199,155,0.5882352941176471,0.7582417582417582,0.6902391725921138,50432777_Bundle_1,0,0.5813094468556654,1.0,3.0,2.5,2.5
50432777,210099604,BIJOUTERIE,CYZONE,42.9,2023-05-18,17,552.37,430.195,582,0.2807017543859649,0.7869742198100407,4997.43,199,155,0.5882352941176471,0.7582417582417582,0.6902391725921138,50432777_Bundle_1,0,0.5813094468556654,1.0,3.0,2.5,2.5
50432777,200113733,VARIOS,GENERICA,54.9,2023-03-13,24,551.42,430.195,648,0.4035087719298245,0.8765264586160109,4997.43,199,155,1.0,1.0,1.0,50432777_Bundle_2,1,0.47505771539384983,,,,
50432777,200110333,MAQUILLAJE,ESIKA,22.9,2023-11-16,10,224.54,430.195,400,0.1578947368421052,0.5400271370420624,4997.43,199,155,0.17647058823529413,0.09157509157509157,0.1255332902391726,50432777_Bundle_2,0,0.47505771539384983,1.0,3.0,2.5,2.5
50432777,210104143,BIJOUTERIE,ESIKA,39.9,2023-11-16,10,224.54,430.195,400,0.1578947368421052,0.5400271370420624,4997.43,199,155,0.17647058823529413,0.09157509157509157,0.1255332902391726,50432777_Bundle_2,0,0.47505771539384983,1.0,3.0,2.5,2.5
50432777,200108409,FRAGANCIAS,ESIKA,20.37,2023-09-06,10,219.5,430.195,471,0.1578947368421052,0.6363636363636364,4997.43,199,155,0.17647058823529413,0.3516483516483517,0.28157724628312863,50432777_Bundle_2,0,0.47505771539384983,1.0,3.0,2.5,2.5
50432777,200082652,CUIDADO PERSONAL,ESIKA,32.9,2023-06-09,17,519.5,430.195,560,0.2807017543859649,0.757123473541384,4997.43,199,155,0.5882352941176471,0.6776556776556777,0.6418875242404655,50432777_Bundle_2,0,0.47505771539384983,1.0,3.0,2.5,2.5
50432777,210104122,BIJOUTERIE,ESIKA,44.9,2023-10-23,22,553.14,430.195,424,0.3684210526315789,0.5725915875169606,4997.43,199,155,0.8823529411764706,0.1794871794871795,0.46063348416289596,50432777_Bundle_2,0,0.47505771539384983,1.0,3.0,2.5,2.5
50432777,210101143,PROMOCION USUARIOS,CYZONE,48.9,2023-05-18,17,552.37,430.195,582,0.2807017543859649,0.7869742198100407,4997.43,199,155,0.5882352941176471,0.7582417582417582,0.6902391725921138,50432777_Bundle_2,0,0.47505771539384983,1.0,3.0,2.5,2.5
50437760,200084840,TRATAMIENTO CORPORAL,ESIKA,25.9,2023-05-25,15,151.7,430.195,575,0.2456140350877192,0.7774762550881954,1146.19,48,42,1.0,0.4921875,0.6953125,50437760_Bundle_1,1,0.4238667582417583,,,,
50437760,200084777,CUIDADO PERSONAL,CYZONE,15.9,2023-07-07,13,180.89,430.195,532,0.2105263157894736,0.7191316146540027,1146.19,48,42,0.8461538461538461,0.15625,0.4322115384615385,50437760_Bundle_1,0,0.4238667582417583,1.0,3.0,2.5,2.5
50437760,200095162,CUIDADO PERSONAL,ESIKA,7.63,2023-07-07,13,180.89,430.195,532,0.2105263157894736,0.7191316146540027,1146.19,48,42,0.8461538461538461,0.15625,0.4322115384615385,50437760_Bundle_1,0,0.4238667582417583,1.0,3.0,2.5,2.5
50437760,200112060,MAQUILLAJE,LBEL,67.0,2023-07-27,3,181.8,430.195,512,0.0350877192982456,0.6919945725915875,1146.19,48,42,0.07692307692307693,0.0,0.03076923076923077,50437760_Bundle_1,0,0.4238667582417583,1.0,3.0,2.5,2.5
50437760,210104482,BIJOUTERIE,ESIKA,29.9,2023-07-07,13,180.89,430.195,532,0.2105263157894736,0.7191316146540027,1146.19,48,42,0.8461538461538461,0.15625,0.4322115384615385,50437760_Bundle_1,0,0.4238667582417583,1.0,3.0,2.5,2.5
50437760,200106668,MAQUILLAJE,ESIKA,16.9,2023-05-05,6,150.39999999999998,430.195,595,0.087719298245614,0.8046132971506106,1146.19,48,42,0.3076923076923077,0.6484375,0.5121394230769231,50437760_Bundle_1,0,0.4238667582417583,1.0,2.0,1.75,1.75
50437760,200092457,MUESTRAS COSMETICOS,CYZONE,1.9,2023-07-07,13,180.89,430.195,532,0.2105263157894736,0.7191316146540027,1146.19,48,42,0.8461538461538461,0.15625,0.4322115384615385,50437760_Bundle_1,0,0.4238667582417583,1.0,2.0,1.75,1.75
50437760,200084840,TRATAMIENTO CORPORAL,ESIKA,25.9,2023-05-25,15,151.7,430.195,575,0.2456140350877192,0.7774762550881954,1146.19,48,42,1.0,0.4921875,0.6953125,50437760_Bundle_2,1,0.6196428571428572,,,,
50437760,200106668,MAQUILLAJE,ESIKA,16.9,2023-05-05,6,150.39999999999998,430.195,595,0.087719298245614,0.8046132971506106,1146.19,48,42,0.3076923076923077,0.6484375,0.5121394230769231,50437760_Bundle_2,0,0.6196428571428572,1.0,3.0,2.5,2.5
50437760,210097030,CUIDADO PERSONAL,LBEL,9.95,2023-05-25,15,151.7,430.195,575,0.2456140350877192,0.7774762550881954,1146.19,48,42,1.0,0.4921875,0.6953125,50437760_Bundle_2,0,0.6196428571428572,1.0,3.0,2.5,2.5
50437760,200113734,VARIOS,GENERICA,54.9,2023-03-21,3,169.79999999999998,430.195,640,0.0350877192982456,0.8656716417910447,1146.19,48,42,0.07692307692307693,1.0,0.6307692307692307,50437760_Bundle_2,0,0.6196428571428572,1.0,3.0,2.5,2.5
50437760,200095159,CUIDADO PERSONAL,ESIKA,5.1,2023-05-25,15,151.7,430.195,575,0.2456140350877192,0.7774762550881954,1146.19,48,42,1.0,0.4921875,0.6953125,50437760_Bundle_2,0,0.6196428571428572,1.0,3.0,2.5,2.5
50437760,200106356,FRAGANCIAS,CYZONE,39.9,2023-05-05,6,150.39999999999998,430.195,595,0.087719298245614,0.8046132971506106,1146.19,48,42,0.3076923076923077,0.6484375,0.5121394230769231,50437760_Bundle_2,0,0.6196428571428572,1.0,3.0,2.5,2.5
50437760,210099762,BIJOUTERIE,ESIKA,19.0,2023-04-17,6,156.6,430.195,613,0.087719298245614,0.8290366350067843,1146.19,48,42,0.3076923076923077,0.7890625,0.596514423076923,50437760_Bundle_2,0,0.6196428571428572,1.0,3.0,2.5,2.5
50438384,200106440,MAQUILLAJE,ESIKA,17.18,2023-04-11,15,387.8,430.195,619,0.2456140350877192,0.8371777476255088,1589.7,55,47,1.0,0.8590604026845637,0.9154362416107382,50438384_Bundle_1,1,0.6201068346801808,,,,
50438384,200090337,CUIDADO PERSONAL,ESIKA,24.9,2023-08-17,7,183.3,430.195,491,0.1052631578947368,0.6635006784260515,1589.7,55,47,0.42857142857142855,0.0,0.17142857142857143,50438384_Bundle_1,0,0.6201068346801808,1.0,3.0,2.5,2.5
50438384,200108045,TRATAMIENTO CORPORAL,ESIKA,14.62,2023-04-11,15,387.8,430.195,619,0.2456140350877192,0.8371777476255088,1589.7,55,47,1.0,0.8590604026845637,0.9154362416107382,50438384_Bundle_1,0,0.6201068346801808,1.0,3.0,2.5,2.5
50438384,200082678,FRAGANCIAS,ESIKA,22.9,2023-03-21,4,149.6,430.195,640,0.0526315789473684,0.8656716417910447,1589.7,55,47,0.21428571428571427,1.0,0.6857142857142857,50438384_Bundle_1,0,0.6201068346801808,1.0,3.0,2.5,2.5
50438384,200091709,FRAGANCIAS,CYZONE,36.9,2023-03-21,4,149.6,430.195,640,0.0526315789473684,0.8656716417910447,1589.7,55,47,0.21428571428571427,1.0,0.6857142857142857,50438384_Bundle_1,0,0.6201068346801808,1.0,3.0,2.5,2.5
50438384,200105219,TRATAMIENTO FACIAL,ESIKA,37.9,2023-07-04,7,150.6,430.195,535,0.1052631578947368,0.723202170963365,1589.7,55,47,0.42857142857142855,0.2953020134228188,0.3486097794822627,50438384_Bundle_1,0,0.6201068346801808,1.0,3.0,2.5,2.5
50438384,200105011,FRAGANCIAS,CYZONE,35.9,2023-04-28,7,161.1,430.195,602,0.1052631578947368,0.8141112618724559,1589.7,55,47,0.42857142857142855,0.7449664429530202,0.6184084372003835,50438384_Bundle_1,0,0.6201068346801808,1.0,3.0,2.5,2.5
50438384,200106440,MAQUILLAJE,ESIKA,17.18,2023-04-11,15,387.8,430.195,619,0.2456140350877192,0.8371777476255088,1589.7,55,47,1.0,0.8590604026845637,0.9154362416107382,50438384_Bundle_2,1,0.501766881249144,,,,
50438384,200105017,FRAGANCIAS,CYZONE,28.9,2023-04-28,7,161.1,430.195,602,0.1052631578947368,0.8141112618724559,1589.7,55,47,0.42857142857142855,0.7449664429530202,0.6184084372003835,50438384_Bundle_2,0,0.501766881249144,1.0,3.0,2.5,2.5
50438384,200094066,FRAGANCIAS,CYZONE,10.0,2023-07-04,7,150.6,430.195,535,0.1052631578947368,0.723202170963365,1589.7,55,47,0.42857142857142855,0.2953020134228188,0.3486097794822627,50438384_Bundle_2,0,0.501766881249144,1.0,3.0,2.5,2.5
50438384,210104015,COMPLEMENTOS,CYZONE,24.9,2023-08-17,7,183.3,430.195,491,0.1052631578947368,0.6635006784260515,1589.7,55,47,0.42857142857142855,0.0,0.17142857142857143,50438384_Bundle_2,0,0.501766881249144,1.0,3.0,2.5,2.5
50438384,200105217,TRATAMIENTO FACIAL,ESIKA,34.9,2023-07-04,7,150.6,430.195,535,0.1052631578947368,0.723202170963365,1589.7,55,47,0.42857142857142855,0.2953020134228188,0.3486097794822627,50438384_Bundle_2,0,0.501766881249144,1.0,3.0,2.5,2.5
50438384,200090349,CUIDADO PERSONAL,ESIKA,23.9,2023-04-11,15,387.8,430.195,619,0.2456140350877192,0.8371777476255088,1589.7,55,47,1.0,0.8590604026845637,0.9154362416107382,50438384_Bundle_2,0,0.501766881249144,1.0,3.0,2.5,2.5
50438384,200109472,TRATAMIENTO FACIAL,LBEL,79.0,2023-07-21,4,175.8,430.195,518,0.0526315789473684,0.7001356852103121,1589.7,55,47,0.21428571428571427,0.18120805369127516,0.1944391179290508,50438384_Bundle_2,0,0.501766881249144,1.0,3.0,2.5,2.5
50445577,200103354,MAQUILLAJE,ESIKA,20.5,2023-03-27,12,248.1,430.195,634,0.1929824561403508,0.8575305291723202,2256.55,104,89,0.5,1.0,0.8,50445577_Bundle_1,1,0.654719776867428,,,,
50445577,200104412,FRAGANCIAS,LBEL,25.0,2023-07-10,22,412.3,430.195,529,0.3684210526315789,0.7150610583446404,2256.55,104,89,0.9545454545454546,0.2953020134228188,0.5589993898718731,50445577_Bundle_1,0,0.654719776867428,1.0,3.0,2.5,2.5
50445577,200103452,CUIDADO PERSONAL,LBEL,7.44,2023-06-20,18,374.1,430.195,549,0.2982456140350877,0.7421981004070556,2256.55,104,89,0.7727272727272727,0.42953020134228187,0.5668090298962782,50445577_Bundle_1,0,0.654719776867428,1.0,3.0,2.5,2.5
50445577,200039855,FRAGANCIAS,CYZONE,31.21,2023-04-04,10,222.0,430.195,626,0.1578947368421052,0.8466757123473542,2256.55,104,89,0.4090909090909091,0.9463087248322147,0.7314215985356926,50445577_Bundle_1,0,0.654719776867428,1.0,3.0,2.5,2.5
50445577,200104532,FRAGANCIAS,LBEL,29.9,2023-06-20,18,374.1,430.195,549,0.2982456140350877,0.7421981004070556,2256.55,104,89,0.7727272727272727,0.42953020134228187,0.5668090298962782,50445577_Bundle_1,0,0.654719776867428,1.0,3.0,2.5,2.5
50445577,200090346,CUIDADO PERSONAL,ESIKA,28.9,2023-03-27,12,248.1,430.195,634,0.1929824561403508,0.8575305291723202,2256.55,104,89,0.5,1.0,0.8,50445577_Bundle_1,0,0.654719776867428,1.0,3.0,2.5,2.5
50445577,200104411,FRAGANCIAS,LBEL,24.9,2023-07-10,22,412.3,430.195,529,0.3684210526315789,0.7150610583446404,2256.55,104,89,0.9545454545454546,0.2953020134228188,0.5589993898718731,50445577_Bundle_1,0,0.654719776867428,1.0,3.0,2.5,2.5
50445577,200103354,MAQUILLAJE,ESIKA,20.5,2023-03-27,12,248.1,430.195,634,0.1929824561403508,0.8575305291723202,2256.55,104,89,0.5,1.0,0.8,50445577_Bundle_2,1,0.6696417676283449,,,,
50445577,200104412,FRAGANCIAS,LBEL,25.0,2023-07-10,22,412.3,430.195,529,0.3684210526315789,0.7150610583446404,2256.55,104,89,0.9545454545454546,0.2953020134228188,0.5589993898718731,50445577_Bundle_2,0,0.6696417676283449,1.0,3.0,2.5,2.5
50445577,200109509,MUESTRAS COSMETICOS,LBEL,17.0,2023-07-10,22,412.3,430.195,529,0.3684210526315789,0.7150610583446404,2256.55,104,89,0.9545454545454546,0.2953020134228188,0.5589993898718731,50445577_Bundle_2,0,0.6696417676283449,1.0,3.0,2.5,2.5
50445577,200039855,FRAGANCIAS,CYZONE,31.21,2023-04-04,10,222.0,430.195,626,0.1578947368421052,0.8466757123473542,2256.55,104,89,0.4090909090909091,0.9463087248322147,0.7314215985356926,50445577_Bundle_2,0,0.6696417676283449,1.0,3.0,2.5,2.5
50445577,200110691,FRAGANCIAS,ESIKA,19.9,2023-06-20,18,374.1,430.195,549,0.2982456140350877,0.7421981004070556,2256.55,104,89,0.7727272727272727,0.42953020134228187,0.5668090298962782,50445577_Bundle_2,0,0.6696417676283449,1.0,3.0,2.5,2.5
50445577,200095430,CUIDADO PERSONAL,CYZONE,6.69,2023-04-04,10,222.0,430.195,626,0.1578947368421052,0.8466757123473542,2256.55,104,89,0.4090909090909091,0.9463087248322147,0.7314215985356926,50445577_Bundle_2,0,0.6696417676283449,1.0,3.0,2.5,2.5
50445577,210099969,RELOJES,ESIKA,134.9,2023-04-29,16,424.95,430.195,601,0.2631578947368421,0.8127544097693351,2256.55,104,89,0.6818181818181818,0.7785234899328859,0.7398413666870043,50445577_Bundle_2,0,0.6696417676283449,1.0,3.0,2.5,2.5
50462889,200092792,MAQUILLAJE,LBEL,12.0,2023-05-03,15,346.4,430.195,597,0.2456140350877192,0.8073270013568521,5417.03,191,159,0.6428571428571429,0.8450184501845018,0.7641539272535582,50462889_Bundle_1,1,0.6031026432713306,,,,
50462889,200082687,CUIDADO PERSONAL,ESIKA,22.9,2023-10-11,13,392.7,430.195,436,0.2105263157894736,0.5888738127544098,5417.03,191,159,0.5,0.25092250922509224,0.3505535055350554,50462889_Bundle_1,0,0.6031026432713306,1.0,3.0,2.5,2.5
50462889,200089509,FRAGANCIAS,ESIKA,44.9,2023-11-06,20,513.94,430.195,410,0.3333333333333333,0.55359565807327,5417.03,191,159,1.0,0.15498154981549817,0.49298892988929893,50462889_Bundle_1,0,0.6031026432713306,1.0,3.0,2.5,2.5
50462889,200106161,TRATAMIENTO CORPORAL,CYZONE,18.15,2023-05-03,15,346.4,430.195,597,0.2456140350877192,0.8073270013568521,5417.03,191,159,0.6428571428571429,0.8450184501845018,0.7641539272535582,50462889_Bundle_1,0,0.6031026432713306,1.0,3.0,2.5,2.5
50462889,200095382,CUIDADO PERSONAL,ESIKA,7.38,2023-03-22,9,186.5,430.195,639,0.1403508771929824,0.864314789687924,5417.03,191,159,0.21428571428571427,1.0,0.6857142857142857,50462889_Bundle_1,0,0.6031026432713306,1.0,3.0,2.5,2.5
50462889,210103974,COMPLEMENTOS,CYZONE,47.9,2023-12-18,20,454.59,430.195,368,0.3333333333333333,0.4966078697421981,5417.03,191,159,1.0,0.0,0.4,50462889_Bundle_1,0,0.6031026432713306,1.0,3.0,2.5,2.5
50462889,200109119,TRATAMIENTO CORPORAL,ESIKA,17.2,2023-05-03,15,346.4,430.195,597,0.2456140350877192,0.8073270013568521,5417.03,191,159,0.6428571428571429,0.8450184501845018,0.7641539272535582,50462889_Bundle_1,0,0.6031026432713306,1.0,3.0,2.5,2.5
50462889,200092792,MAQUILLAJE,LBEL,12.0,2023-05-03,15,346.4,430.195,597,0.2456140350877192,0.8073270013568521,5417.03,191,159,0.6428571428571429,0.8450184501845018,0.7641539272535582,50462889_Bundle_2,1,0.4774907749077491,,,,
50462889,210102022,COMPLEMENTOS,CYZONE,39.9,2023-07-03,19,466.6,430.195,536,0.3157894736842105,0.7245590230664858,5417.03,191,159,0.9285714285714286,0.6199261992619927,0.7433842909857671,50462889_Bundle_2,0,0.4774907749077491,1.0,3.0,2.5,2.5
50462889,200109874,FRAGANCIAS,CYZONE,49.9,2023-07-25,12,393.35,430.195,514,0.1929824561403508,0.694708276797829,5417.03,191,159,0.42857142857142855,0.5387453874538746,0.49467580390089616,50462889_Bundle_2,0,0.4774907749077491,1.0,3.0,2.5,2.5
50462889,210103932,COMPLEMENTOS,CYZONE,39.9,2023-10-11,13,392.7,430.195,436,0.2105263157894736,0.5888738127544098,5417.03,191,159,0.5,0.25092250922509224,0.3505535055350554,50462889_Bundle_2,0,0.4774907749077491,1.0,3.0,2.5,2.5
50462889,210103952,COMPLEMENTOS,CYZONE,46.9,2023-10-11,13,392.7,430.195,436,0.2105263157894736,0.5888738127544098,5417.03,191,159,0.5,0.25092250922509224,0.3505535055350554,50462889_Bundle_2,0,0.4774907749077491,1.0,3.0,2.5,2.5
50462889,210102484,PROMOCION USUARIOS,LBEL,70.0,2023-11-24,7,292.6,430.195,392,0.1052631578947368,0.5291723202170964,5417.03,191,159,0.07142857142857142,0.08856088560885608,0.08170795993674222,50462889_Bundle_2,0,0.4774907749077491,1.0,3.0,2.5,2.5
50462889,200102430,FRAGANCIAS,ESIKA,12.9,2023-09-25,19,484.2999999999999,430.195,452,0.3157894736842105,0.6105834464043419,5417.03,191,159,0.9285714285714286,0.30996309963099633,0.5574064312071693,50462889_Bundle_2,0,0.4774907749077491,1.0,3.0,2.5,2.5
50476650,200106355,MUESTRAS COSMETICOS,LBEL,1.5,2023-04-14,15,123.1,430.195,616,0.2456140350877192,0.8331071913161465,1516.25,80,70,0.6666666666666666,0.7941176470588235,0.7431372549019608,50476650_Bundle_1,1,0.5131652661064426,,,,
50476650,200099047,FRAGANCIAS,ESIKA,29.9,2023-05-05,5,171.5,430.195,595,0.0701754385964912,0.8046132971506106,1516.25,80,70,0.0,0.5882352941176471,0.35294117647058826,50476650_Bundle_1,0,0.5131652661064426,1.0,3.0,2.5,2.5
50476650,200092742,FRAGANCIAS,CYZONE,24.95,2023-05-19,19,445.29,430.195,581,0.3157894736842105,0.7856173677069199,1516.25,80,70,0.9333333333333333,0.45098039215686275,0.643921568627451,50476650_Bundle_1,0,0.5131652661064426,1.0,3.0,2.5,2.5
50476650,200105041,FRAGANCIAS,ESIKA,29.35,2023-06-07,16,238.66,430.195,562,0.2631578947368421,0.7598371777476255,1516.25,80,70,0.7333333333333333,0.2647058823529412,0.45215686274509803,50476650_Bundle_1,0,0.5131652661064426,1.0,3.0,2.5,2.5
50476650,200106558,MAQUILLAJE,CYZONE,9.2,2023-07-04,20,411.0,430.195,535,0.3333333333333333,0.723202170963365,1516.25,80,70,1.0,0.0,0.4,50476650_Bundle_1,0,0.5131652661064426,1.0,3.0,2.5,2.5
50476650,200105041,FRAGANCIAS,ESIKA,24.9,2023-07-04,20,411.0,430.195,535,0.3333333333333333,0.723202170963365,1516.25,80,70,1.0,0.0,0.4,50476650_Bundle_1,0,0.5131652661064426,1.0,3.0,2.5,2.5
50476650,200106608,MAQUILLAJE,CYZONE,15.95,2023-03-24,5,126.7,430.195,637,0.0701754385964912,0.8616010854816825,1516.25,80,70,0.0,1.0,0.6,50476650_Bundle_1,0,0.5131652661064426,1.0,3.0,2.5,2.5
50476650,200106355,MUESTRAS COSMETICOS,LBEL,1.5,2023-04-14,15,123.1,430.195,616,0.2456140350877192,0.8331071913161465,1516.25,80,70,0.6666666666666666,0.7941176470588235,0.7431372549019608,50476650_Bundle_2,1,0.5884033613445379,,,,
50476650,200105005,FRAGANCIAS,CYZONE,24.3,2023-07-04,20,411.0,430.195,535,0.3333333333333333,0.723202170963365,1516.25,80,70,1.0,0.0,0.4,50476650_Bundle_2,0,0.5884033613445379,1.0,3.0,2.5,2.5
50476650,200092742,FRAGANCIAS,CYZONE,24.95,2023-05-19,19,445.29,430.195,581,0.3157894736842105,0.7856173677069199,1516.25,80,70,0.9333333333333333,0.45098039215686275,0.643921568627451,50476650_Bundle_2,0,0.5884033613445379,1.0,3.0,2.5,2.5
50476650,200105188,CUIDADO PERSONAL,ESIKA,5.18,2023-05-19,19,445.29,430.195,581,0.3157894736842105,0.7856173677069199,1516.25,80,70,0.9333333333333333,0.45098039215686275,0.643921568627451,50476650_Bundle_2,0,0.5884033613445379,1.0,3.0,2.5,2.5
50476650,200102370,FRAGANCIAS,ESIKA,17.28,2023-05-19,19,445.29,430.195,581,0.3157894736842105,0.7856173677069199,1516.25,80,70,0.9333333333333333,0.45098039215686275,0.643921568627451,50476650_Bundle_2,0,0.5884033613445379,1.0,3.0,2.5,2.5
50476650,200108671,FRAGANCIAS,ESIKA,19.95,2023-05-19,19,445.29,430.195,581,0.3157894736842105,0.7856173677069199,1516.25,80,70,0.9333333333333333,0.45098039215686275,0.643921568627451,50476650_Bundle_2,0,0.5884033613445379,1.0,3.0,2.5,2.5
50476650,200086399,FRAGANCIAS,LBEL,29.9,2023-07-04,20,411.0,430.195,535,0.3333333333333333,0.723202170963365,1516.25,80,70,1.0,0.0,0.4,50476650_Bundle_2,0,0.5884033613445379,1.0,3.0,2.5,2.5
50491358,200108807,CUIDADO PERSONAL,ESIKA,5.1,2023-05-26,15,216.9,430.195,574,0.2456140350877192,0.7761194029850746,2643.23,88,82,1.0,0.7857142857142857,0.8714285714285714,50491358_Bundle_1,1,0.6616326530612244,,,,
50491358,210090126,BIJOUTERIE,ESIKA,49.9,2023-07-07,12,394.9,430.195,532,0.1929824561403508,0.7191316146540027,2643.23,88,82,0.7857142857142857,0.5857142857142857,0.6657142857142857,50491358_Bundle_1,0,0.6616326530612244,1.0,3.0,2.5,2.5
50491358,200105041,FRAGANCIAS,ESIKA,19.9,2023-05-26,15,216.9,430.195,574,0.2456140350877192,0.7761194029850746,2643.23,88,82,1.0,0.7857142857142857,0.8714285714285714,50491358_Bundle_1,0,0.6616326530612244,1.0,3.0,2.5,2.5
50491358,200103919,MAQUILLAJE,CYZONE,15.9,2023-04-11,9,370.2,430.195,619,0.1403508771929824,0.8371777476255088,2643.23,88,82,0.5714285714285714,1.0,0.8285714285714285,50491358_Bundle_1,0,0.6616326530612244,1.0,3.0,2.5,2.5
50491358,200103961,TRATAMIENTO CORPORAL,LBEL,12.9,2023-06-15,14,459.1,430.195,554,0.2280701754385964,0.7489823609226595,2643.23,88,82,0.9285714285714286,0.6904761904761905,0.7857142857142857,50491358_Bundle_1,0,0.6616326530612244,1.0,3.0,2.5,2.5
50491358,200095895,FRAGANCIAS,CYZONE,52.9,2023-07-27,10,298.5,430.195,512,0.1578947368421052,0.6919945725915875,2643.23,88,82,0.6428571428571429,0.49047619047619045,0.5514285714285714,50491358_Bundle_1,0,0.6616326530612244,1.0,3.0,2.5,2.5
50491358,200103354,MAQUILLAJE,ESIKA,14.9,2023-10-18,1,14.9,430.195,429,0.0,0.5793758480325645,2643.23,88,82,0.0,0.09523809523809523,0.057142857142857134,50491358_Bundle_1,0,0.6616326530612244,1.0,3.0,2.5,2.5
50491358,200108807,CUIDADO PERSONAL,ESIKA,5.1,2023-05-26,15,216.9,430.195,574,0.2456140350877192,0.7761194029850746,2643.23,88,82,1.0,0.7857142857142857,0.8714285714285714,50491358_Bundle_2,1,0.7371428571428572,,,,
50491358,210090126,BIJOUTERIE,ESIKA,49.9,2023-07-07,12,394.9,430.195,532,0.1929824561403508,0.7191316146540027,2643.23,88,82,0.7857142857142857,0.5857142857142857,0.6657142857142857,50491358_Bundle_2,0,0.7371428571428572,1.0,3.0,2.5,2.5
50491358,200113722,MAQUILLAJE,CYZONE,10.8,2023-06-15,14,459.1,430.195,554,0.2280701754385964,0.7489823609226595,2643.23,88,82,0.9285714285714286,0.6904761904761905,0.7857142857142857,50491358_Bundle_2,0,0.7371428571428572,1.0,3.0,2.5,2.5
50491358,200064310,FRAGANCIAS,ESIKA,19.9,2023-05-09,12,454.4,430.195,591,0.1929824561403508,0.7991858887381276,2643.23,88,82,0.7857142857142857,0.8666666666666667,0.8342857142857143,50491358_Bundle_2,0,0.7371428571428572,1.0,3.0,2.5,2.5
50491358,200105219,TRATAMIENTO FACIAL,ESIKA,19.9,2023-07-27,10,298.5,430.195,512,0.1578947368421052,0.6919945725915875,2643.23,88,82,0.6428571428571429,0.49047619047619045,0.5514285714285714,50491358_Bundle_2,0,0.7371428571428572,1.0,3.0,2.5,2.5
50491358,200113791,MAQUILLAJE,CYZONE,14.9,2023-07-07,12,394.9,430.195,532,0.1929824561403508,0.7191316146540027,2643.23,88,82,0.7857142857142857,0.5857142857142857,0.6657142857142857,50491358_Bundle_2,0,0.7371428571428572,1.0,3.0,2.5,2.5
50491358,210103750,HOGAR,CYZONE,86.9,2023-06-15,14,459.1,430.195,554,0.2280701754385964,0.7489823609226595,2643.23,88,82,0.9285714285714286,0.6904761904761905,0.7857142857142857,50491358_Bundle_2,0,0.7371428571428572,1.0,3.0,2.5,2.5
50496473,200085860,CUIDADO PERSONAL,ESIKA,16.9,2023-04-14,14,398.4,430.195,616,0.2280701754385964,0.8331071913161465,2768.68,121,112,0.07692307692307693,1.0,0.6307692307692307,50496473_Bundle_1,1,0.4256481382694975,,,,
50496473,210102062,HOGAR,CYZONE,69.9,2023-04-14,14,398.4,430.195,616,0.2280701754385964,0.8331071913161465,2768.68,121,112,0.07692307692307693,1.0,0.6307692307692307,50496473_Bundle_1,0,0.4256481382694975,1.0,3.0,2.5,2.5
50496473,210097034,MAQUILLAJE,CYZONE,19.9,2023-07-07,38,670.28,430.195,532,0.6491228070175439,0.7191316146540027,2768.68,121,112,1.0,0.18446601941747573,0.5106796116504855,50496473_Bundle_1,0,0.4256481382694975,1.0,3.0,2.5,2.5
50496473,200106445,MAQUILLAJE,ESIKA,18.45,2023-06-13,23,457.9,430.195,556,0.3859649122807017,0.751696065128901,2768.68,121,112,0.4230769230769231,0.4174757281553398,0.4197162061239731,50496473_Bundle_1,0,0.4256481382694975,1.0,3.0,2.5,2.5
50496473,200090352,TRATAMIENTO CORPORAL,ESIKA,34.9,2023-07-07,38,670.28,430.195,532,0.6491228070175439,0.7191316146540027,2768.68,121,112,1.0,0.18446601941747573,0.5106796116504855,50496473_Bundle_1,0,0.4256481382694975,1.0,3.0,2.5,2.5
50496473,210093312,ACCESORIOS COSMETICOS,ESIKA,14.9,2023-07-26,21,608.6,430.195,513,0.3508771929824561,0.6933514246947082,2768.68,121,112,0.34615384615384615,0.0,0.13846153846153847,50496473_Bundle_1,0,0.4256481382694975,1.0,3.0,2.5,2.5
50496473,200088593,TRATAMIENTO CORPORAL,ESIKA,26.9,2023-07-26,21,608.6,430.195,513,0.3508771929824561,0.6933514246947082,2768.68,121,112,0.34615384615384615,0.0,0.13846153846153847,50496473_Bundle_1,0,0.4256481382694975,1.0,3.0,2.5,2.5
50496473,200085860,CUIDADO PERSONAL,ESIKA,16.9,2023-04-14,14,398.4,430.195,616,0.2280701754385964,0.8331071913161465,2768.68,121,112,0.07692307692307693,1.0,0.6307692307692307,50496473_Bundle_2,1,0.4771364557772325,,,,
50496473,200095904,MUESTRAS COSMETICOS,ESIKA,1.37,2023-07-07,38,670.28,430.195,532,0.6491228070175439,0.7191316146540027,2768.68,121,112,1.0,0.18446601941747573,0.5106796116504855,50496473_Bundle_2,0,0.4771364557772325,1.0,3.0,2.5,2.5
50496473,200100838,FRAGANCIAS,ESIKA,84.9,2023-07-26,21,608.6,430.195,513,0.3508771929824561,0.6933514246947082,2768.68,121,112,0.34615384615384615,0.0,0.13846153846153847,50496473_Bundle_2,0,0.4771364557772325,1.0,3.0,2.5,2.5
50496473,200113733,VARIOS,GENERICA,59.9,2023-04-14,14,398.4,430.195,616,0.2280701754385964,0.8331071913161465,2768.68,121,112,0.07692307692307693,1.0,0.6307692307692307,50496473_Bundle_2,0,0.4771364557772325,1.0,3.0,2.5,2.5
50496473,200109875,FRAGANCIAS,LBEL,29.9,2023-05-04,13,400.0,430.195,596,0.2105263157894736,0.8059701492537313,2768.68,121,112,0.038461538461538464,0.8058252427184466,0.4988797610156833,50496473_Bundle_2,0,0.4771364557772325,1.0,3.0,2.5,2.5
50496473,210101851,PROMOCION USUARIOS,CYZONE,1.16,2023-06-13,23,457.9,430.195,556,0.3859649122807017,0.751696065128901,2768.68,121,112,0.4230769230769231,0.4174757281553398,0.4197162061239731,50496473_Bundle_2,0,0.4771364557772325,1.0,3.0,2.5,2.5
50496473,200087949,MUESTRAS COSMETICOS,ESIKA,3.5,2023-07-07,38,670.28,430.195,532,0.6491228070175439,0.7191316146540027,2768.68,121,112,1.0,0.18446601941747573,0.5106796116504855,50496473_Bundle_2,0,0.4771364557772325,1.0,3.0,2.5,2.5
50507157,200108507,CUIDADO PERSONAL,ESIKA,15.9,2023-06-08,26,683.6999999999999,430.195,561,0.4385964912280701,0.7584803256445047,5865.44,225,170,0.8620689655172413,0.6611111111111111,0.7414942528735633,50507157_Bundle_1,1,0.604367816091954,,,,
50507157,200090350,TRATAMIENTO CORPORAL,ESIKA,35.9,2023-09-18,26,676.5,430.195,459,0.4385964912280701,0.6200814111261872,5865.44,225,170,0.8620689655172413,0.09444444444444444,0.4014942528735632,50507157_Bundle_1,0,0.604367816091954,1.0,3.0,2.5,2.5
50507157,200107434,MAQUILLAJE,CYZONE,43.9,2023-07-22,26,571.5,430.195,517,0.4385964912280701,0.6987788331071914,5865.44,225,170,0.8620689655172413,0.4166666666666667,0.5948275862068966,50507157_Bundle_1,0,0.604367816091954,1.0,3.0,2.5,2.5
50507157,200100855,TRATAMIENTO FACIAL,CYZONE,24.9,2023-06-08,26,683.6999999999999,430.195,561,0.4385964912280701,0.7584803256445047,5865.44,225,170,0.8620689655172413,0.6611111111111111,0.7414942528735633,50507157_Bundle_1,0,0.604367816091954,1.0,3.0,2.5,2.5
50507157,210098832,MAQUILLAJE,CYZONE,32.9,2023-05-22,21,581.8,430.195,578,0.3508771929824561,0.7815468113975577,5865.44,225,170,0.6896551724137931,0.7555555555555555,0.7291954022988506,50507157_Bundle_1,0,0.604367816091954,1.0,3.0,2.5,2.5
50507157,200090452,FRAGANCIAS,ESIKA,39.9,2023-09-02,24,671.9499999999999,430.195,475,0.4035087719298245,0.6417910447761194,5865.44,225,170,0.7931034482758621,0.18333333333333332,0.42724137931034484,50507157_Bundle_1,0,0.604367816091954,1.0,3.0,2.5,2.5
50507157,200112748,MAQUILLAJE,ESIKA,12.9,2023-07-22,26,571.5,430.195,517,0.4385964912280701,0.6987788331071914,5865.44,225,170,0.8620689655172413,0.4166666666666667,0.5948275862068966,50507157_Bundle_1,0,0.604367816091954,1.0,3.0,2.5,2.5
50507157,200108507,CUIDADO PERSONAL,ESIKA,15.9,2023-06-08,26,683.6999999999999,430.195,561,0.4385964912280701,0.7584803256445047,5865.44,225,170,0.8620689655172413,0.6611111111111111,0.7414942528735633,50507157_Bundle_2,1,0.5874220032840723,,,,
50507157,200090350,TRATAMIENTO CORPORAL,ESIKA,35.9,2023-09-18,26,676.5,430.195,459,0.4385964912280701,0.6200814111261872,5865.44,225,170,0.8620689655172413,0.09444444444444444,0.4014942528735632,50507157_Bundle_2,0,0.5874220032840723,1.0,3.0,2.5,2.5
50507157,200103923,MAQUILLAJE,CYZONE,14.9,2023-07-03,30,690.3,430.195,536,0.5087719298245614,0.7245590230664858,5865.44,225,170,1.0,0.5222222222222223,0.7133333333333334,50507157_Bundle_2,0,0.5874220032840723,1.0,3.0,2.5,2.5
50507157,200089989,MAQUILLAJE,CYZONE,7.91,2023-07-22,26,571.5,430.195,517,0.4385964912280701,0.6987788331071914,5865.44,225,170,0.8620689655172413,0.4166666666666667,0.5948275862068966,50507157_Bundle_2,0,0.5874220032840723,1.0,3.0,2.5,2.5
50507157,200094826,MAQUILLAJE,ESIKA,11.9,2023-08-14,25,553.79,430.195,494,0.4210526315789473,0.6675712347354138,5865.44,225,170,0.8275862068965517,0.28888888888888886,0.504367816091954,50507157_Bundle_2,0,0.5874220032840723,1.0,3.0,2.5,2.5
50507157,200105017,FRAGANCIAS,CYZONE,17.45,2023-09-02,24,671.9499999999999,430.195,475,0.4035087719298245,0.6417910447761194,5865.44,225,170,0.7931034482758621,0.18333333333333332,0.42724137931034484,50507157_Bundle_2,0,0.5874220032840723,1.0,3.0,2.5,2.5
50507157,200106346,FRAGANCIAS,ESIKA,25.5,2023-05-22,21,581.8,430.195,578,0.3508771929824561,0.7815468113975577,5865.44,225,170,0.6896551724137931,0.7555555555555555,0.7291954022988506,50507157_Bundle_2,0,0.5874220032840723,1.0,3.0,2.5,2.5
50513580,200113735,VARIOS,GENERICA,59.9,2023-04-17,7,160.5,430.195,613,0.1052631578947368,0.8290366350067843,1088.67,52,45,0.36363636363636365,1.0,0.7454545454545455,50513580_Bundle_1,1,0.5797402597402598,,,,
50513580,200108045,TRATAMIENTO CORPORAL,ESIKA,13.4,2023-04-17,7,160.5,430.195,613,0.1052631578947368,0.8290366350067843,1088.67,52,45,0.36363636363636365,1.0,0.7454545454545455,50513580_Bundle_1,0,0.5797402597402598,1.0,3.0,2.5,2.5
50513580,200101369,FRAGANCIAS,LBEL,29.9,2023-07-13,14,171.29999999999998,430.195,526,0.2280701754385964,0.7109905020352781,1088.67,52,45,1.0,0.17142857142857143,0.5028571428571429,50513580_Bundle_1,0,0.5797402597402598,1.0,3.0,2.5,2.5
50513580,210100498,MAQUILLAJE,CYZONE,7.9,2023-04-17,7,160.5,430.195,613,0.1052631578947368,0.8290366350067843,1088.67,52,45,0.36363636363636365,1.0,0.7454545454545455,50513580_Bundle_1,0,0.5797402597402598,1.0,3.0,2.5,2.5
50513580,200101369,FRAGANCIAS,LBEL,35.2,2023-06-16,3,69.8,430.195,553,0.0350877192982456,0.7476255088195387,1088.67,52,45,0.0,0.42857142857142855,0.2571428571428571,50513580_Bundle_1,0,0.5797402597402598,1.0,3.0,2.5,2.5
50513580,200113244,FRAGANCIAS,LBEL,54.95,2023-05-08,8,380.0,430.195,592,0.1228070175438596,0.8005427408412483,1088.67,52,45,0.45454545454545453,0.8,0.6618181818181819,50513580_Bundle_1,0,0.5797402597402598,1.0,3.0,2.5,2.5
50513580,200105195,CUIDADO PERSONAL,ESIKA,5.1,2023-07-31,14,181.5,430.195,508,0.2280701754385964,0.6865671641791045,1088.67,52,45,1.0,0.0,0.4,50513580_Bundle_1,0,0.5797402597402598,1.0,3.0,2.5,2.5
50513580,200113735,VARIOS,GENERICA,59.9,2023-04-17,7,160.5,430.195,613,0.1052631578947368,0.8290366350067843,1088.67,52,45,0.36363636363636365,1.0,0.7454545454545455,50513580_Bundle_2,1,0.5227458256029685,,,,
50513580,200111102,MAQUILLAJE,LBEL,35.04,2023-07-13,14,171.29999999999998,430.195,526,0.2280701754385964,0.7109905020352781,1088.67,52,45,1.0,0.17142857142857143,0.5028571428571429,50513580_Bundle_2,0,0.5227458256029685,1.0,3.0,2.5,2.5
50513580,200103450,CUIDADO PERSONAL,CYZONE,5.1,2023-07-13,14,171.29999999999998,430.195,526,0.2280701754385964,0.7109905020352781,1088.67,52,45,1.0,0.17142857142857143,0.5028571428571429,50513580_Bundle_2,0,0.5227458256029685,1.0,3.0,2.5,2.5
50513580,200103963,TRATAMIENTO CORPORAL,LBEL,12.9,2023-05-26,6,125.57,430.195,574,0.087719298245614,0.7761194029850746,1088.67,52,45,0.2727272727272727,0.6285714285714286,0.4862337662337662,50513580_Bundle_2,0,0.5227458256029685,1.0,3.0,2.5,2.5
50513580,200105335,FRAGANCIAS,LBEL,54.95,2023-05-08,8,380.0,430.195,592,0.1228070175438596,0.8005427408412483,1088.67,52,45,0.45454545454545453,0.8,0.6618181818181819,50513580_Bundle_2,0,0.5227458256029685,1.0,3.0,2.5,2.5
50513580,200102827,TRATAMIENTO CORPORAL,ESIKA,24.9,2023-06-16,3,69.8,430.195,553,0.0350877192982456,0.7476255088195387,1088.67,52,45,0.0,0.42857142857142855,0.2571428571428571,50513580_Bundle_2,0,0.5227458256029685,1.0,3.0,2.5,2.5
50513580,200108674,CUIDADO PERSONAL,ESIKA,5.1,2023-07-13,14,171.29999999999998,430.195,526,0.2280701754385964,0.7109905020352781,1088.67,52,45,1.0,0.17142857142857143,0.5028571428571429,50513580_Bundle_2,0,0.5227458256029685,1.0,2.0,1.75,1.75
50529959,200102045,FRAGANCIAS,ESIKA,59.29,2023-04-12,14,390.34,430.195,618,0.2280701754385964,0.835820895522388,2226.14,79,70,0.6,1.0,0.84,50529959_Bundle_1,1,0.683265306122449,,,,
50529959,200100407,TRATAMIENTO CORPORAL,ESIKA,20.29,2023-07-26,18,394.7,430.195,513,0.2982456140350877,0.6933514246947082,2226.14,79,70,1.0,0.0,0.4,50529959_Bundle_1,0,0.683265306122449,1.0,3.0,2.5,2.5
50529959,200103963,TRATAMIENTO CORPORAL,LBEL,18.0,2023-05-04,15,331.6,430.195,596,0.2456140350877192,0.8059701492537313,2226.14,79,70,0.7,0.7904761904761904,0.7542857142857142,50529959_Bundle_1,0,0.683265306122449,1.0,3.0,2.5,2.5
50529959,200103028,CUIDADO PERSONAL,ESIKA,14.98,2023-05-04,15,331.6,430.195,596,0.2456140350877192,0.8059701492537313,2226.14,79,70,0.7,0.7904761904761904,0.7542857142857142,50529959_Bundle_1,0,0.683265306122449,1.0,3.0,2.5,2.5
50529959,200084777,CUIDADO PERSONAL,CYZONE,15.9,2023-05-04,15,331.6,430.195,596,0.2456140350877192,0.8059701492537313,2226.14,79,70,0.7,0.7904761904761904,0.7542857142857142,50529959_Bundle_1,0,0.683265306122449,1.0,3.0,2.5,2.5
50529959,200108807,CUIDADO PERSONAL,ESIKA,7.38,2023-04-12,14,390.34,430.195,618,0.2280701754385964,0.835820895522388,2226.14,79,70,0.6,1.0,0.84,50529959_Bundle_1,0,0.683265306122449,1.0,3.0,2.5,2.5
50529959,200109537,CUIDADO PERSONAL,ESIKA,11.9,2023-05-24,10,241.0,430.195,576,0.1578947368421052,0.7788331071913162,2226.14,79,70,0.2,0.6,0.44,50529959_Bundle_1,0,0.683265306122449,1.0,3.0,2.5,2.5
50529959,200102045,FRAGANCIAS,ESIKA,59.29,2023-04-12,14,390.34,430.195,618,0.2280701754385964,0.835820895522388,2226.14,79,70,0.6,1.0,0.84,50529959_Bundle_2,1,0.6889795918367346,,,,
50529959,200100407,TRATAMIENTO CORPORAL,ESIKA,20.29,2023-07-26,18,394.7,430.195,513,0.2982456140350877,0.6933514246947082,2226.14,79,70,1.0,0.0,0.4,50529959_Bundle_2,0,0.6889795918367346,1.0,3.0,2.5,2.5
50529959,210100496,MAQUILLAJE,CYZONE,12.9,2023-05-04,15,331.6,430.195,596,0.2456140350877192,0.8059701492537313,2226.14,79,70,0.7,0.7904761904761904,0.7542857142857142,50529959_Bundle_2,0,0.6889795918367346,1.0,3.0,2.5,2.5
50529959,200108584,MAQUILLAJE,CYZONE,21.9,2023-04-12,14,390.34,430.195,618,0.2280701754385964,0.835820895522388,2226.14,79,70,0.6,1.0,0.84,50529959_Bundle_2,0,0.6889795918367346,1.0,3.0,2.5,2.5
50529959,200110328,MAQUILLAJE,ESIKA,32.9,2023-05-04,15,331.6,430.195,596,0.2456140350877192,0.8059701492537313,2226.14,79,70,0.7,0.7904761904761904,0.7542857142857142,50529959_Bundle_2,0,0.6889795918367346,1.0,3.0,2.5,2.5
50529959,200106453,MAQUILLAJE,ESIKA,21.9,2023-06-14,14,487.9,430.195,555,0.2280701754385964,0.7503392130257802,2226.14,79,70,0.6,0.4,0.48,50529959_Bundle_2,0,0.6889795918367346,1.0,3.0,2.5,2.5
50529959,200064341,CUIDADO PERSONAL,ESIKA,26.9,2023-05-04,15,331.6,430.195,596,0.2456140350877192,0.8059701492537313,2226.14,79,70,0.7,0.7904761904761904,0.7542857142857142,50529959_Bundle_2,0,0.6889795918367346,1.0,3.0,2.5,2.5
50530272,200106346,FRAGANCIAS,ESIKA,30.0,2023-05-19,13,178.05,430.195,581,0.2105263157894736,0.7856173677069199,902.91,42,37,1.0,0.61,0.766,50530272_Bundle_1,1,0.574857142857143,,,,
50530272,210095652,MAQUILLAJE,CYZONE,16.9,2023-07-19,11,129.48,430.195,520,0.175438596491228,0.7028493894165536,902.91,42,37,0.8,0.0,0.32000000000000006,50530272_Bundle_1,0,0.574857142857143,1.0,3.0,2.5,2.5
50530272,200106440,MAQUILLAJE,ESIKA,19.9,2023-05-19,13,178.05,430.195,581,0.2105263157894736,0.7856173677069199,902.91,42,37,1.0,0.61,0.766,50530272_Bundle_1,0,0.574857142857143,1.0,3.0,2.5,2.5
50530272,200108807,CUIDADO PERSONAL,ESIKA,4.9,2023-05-19,13,178.05,430.195,581,0.2105263157894736,0.7856173677069199,902.91,42,37,1.0,0.61,0.766,50530272_Bundle_1,0,0.574857142857143,1.0,3.0,2.5,2.5
50530272,200102111,MAQUILLAJE,CYZONE,10.8,2023-07-19,11,129.48,430.195,520,0.175438596491228,0.7028493894165536,902.91,42,37,0.8,0.0,0.32000000000000006,50530272_Bundle_1,0,0.574857142857143,1.0,3.0,2.5,2.5
50530272,200103025,CUIDADO PERSONAL,ESIKA,24.48,2023-05-19,13,178.05,430.195,581,0.2105263157894736,0.7856173677069199,902.91,42,37,1.0,0.61,0.766,50530272_Bundle_1,0,0.574857142857143,1.0,3.0,2.5,2.5
50530272,200113791,MAQUILLAJE,CYZONE,10.8,2023-07-19,11,129.48,430.195,520,0.175438596491228,0.7028493894165536,902.91,42,37,0.8,0.0,0.32000000000000006,50530272_Bundle_1,0,0.574857142857143,1.0,3.0,2.5,2.5
50530272,200106346,FRAGANCIAS,ESIKA,30.0,2023-05-19,13,178.05,430.195,581,0.2105263157894736,0.7856173677069199,902.91,42,37,1.0,0.61,0.766,50530272_Bundle_2,1,0.6385714285714287,,,,
50530272,200109168,MAQUILLAJE,CYZONE,10.8,2023-07-19,11,129.48,430.195,520,0.175438596491228,0.7028493894165536,902.91,42,37,0.8,0.0,0.32000000000000006,50530272_Bundle_2,0,0.6385714285714287,1.0,3.0,2.5,2.5
50530272,200102102,MAQUILLAJE,CYZONE,10.8,2023-07-19,11,129.48,430.195,520,0.175438596491228,0.7028493894165536,902.91,42,37,0.8,0.0,0.32000000000000006,50530272_Bundle_2,0,0.6385714285714287,1.0,3.0,2.5,2.5
50530272,200113793,MAQUILLAJE,CYZONE,13.3,2023-05-19,13,178.05,430.195,581,0.2105263157894736,0.7856173677069199,902.91,42,37,1.0,0.61,0.766,50530272_Bundle_2,0,0.6385714285714287,1.0,3.0,2.5,2.5
50530272,200108807,CUIDADO PERSONAL,ESIKA,4.9,2023-05-19,13,178.05,430.195,581,0.2105263157894736,0.7856173677069199,902.91,42,37,1.0,0.61,0.766,50530272_Bundle_2,0,0.6385714285714287,1.0,3.0,2.5,2.5
50530272,200106440,MAQUILLAJE,ESIKA,19.9,2023-05-19,13,178.05,430.195,581,0.2105263157894736,0.7856173677069199,902.91,42,37,1.0,0.61,0.766,50530272_Bundle_2,0,0.6385714285714287,1.0,3.0,2.5,2.5
50530272,200078944,CUIDADO PERSONAL,ESIKA,13.01,2023-05-19,13,178.05,430.195,581,0.2105263157894736,0.7856173677069199,902.91,42,37,1.0,0.61,0.766,50530272_Bundle_2,0,0.6385714285714287,1.0,3.0,2.5,2.5
50545385,200106446,MAQUILLAJE,ESIKA,14.97,2023-04-13,23,543.38,430.195,617,0.3859649122807017,0.8344640434192673,4815.47,173,147,0.7333333333333333,1.0,0.8933333333333333,50545385_Bundle_1,1,0.5100460829493088,,,,
50545385,200097067,CUIDADO PERSONAL,ESIKA,30.9,2023-09-08,21,607.74,430.195,469,0.3508771929824561,0.6336499321573948,4815.47,173,147,0.6666666666666666,0.04516129032258064,0.29376344086021505,50545385_Bundle_1,0,0.5100460829493088,1.0,3.0,2.5,2.5
50545385,200094217,FRAGANCIAS,ESIKA,27.9,2023-07-26,15,655.1,430.195,513,0.2456140350877192,0.6933514246947082,4815.47,173,147,0.4666666666666667,0.32903225806451614,0.38408602150537635,50545385_Bundle_1,0,0.5100460829493088,1.0,3.0,2.5,2.5
50545385,210102493,PROMOCION USUARIOS,ESIKA,64.9,2023-06-19,25,735.4,430.195,550,0.4210526315789473,0.7435549525101763,4815.47,173,147,0.8,0.567741935483871,0.6606451612903226,50545385_Bundle_1,0,0.5100460829493088,1.0,3.0,2.5,2.5
50545385,200106854,FRAGANCIAS,LBEL,84.0,2023-07-26,15,655.1,430.195,513,0.2456140350877192,0.6933514246947082,4815.47,173,147,0.4666666666666667,0.32903225806451614,0.38408602150537635,50545385_Bundle_1,0,0.5100460829493088,1.0,3.0,2.5,2.5
50545385,200103022,CUIDADO PERSONAL,ESIKA,15.39,2023-06-19,25,735.4,430.195,550,0.4210526315789473,0.7435549525101763,4815.47,173,147,0.8,0.567741935483871,0.6606451612903226,50545385_Bundle_1,0,0.5100460829493088,1.0,3.0,2.5,2.5
50545385,200094066,FRAGANCIAS,CYZONE,22.9,2023-09-08,21,607.74,430.195,469,0.3508771929824561,0.6336499321573948,4815.47,173,147,0.6666666666666666,0.04516129032258064,0.29376344086021505,50545385_Bundle_1,0,0.5100460829493088,1.0,3.0,2.5,2.5
50545385,200106446,MAQUILLAJE,ESIKA,14.97,2023-04-13,23,543.38,430.195,617,0.3859649122807017,0.8344640434192673,4815.47,173,147,0.7333333333333333,1.0,0.8933333333333333,50545385_Bundle_2,1,0.6232258064516127,,,,
50545385,200097067,CUIDADO PERSONAL,ESIKA,30.9,2023-09-08,21,607.74,430.195,469,0.3508771929824561,0.6336499321573948,4815.47,173,147,0.6666666666666666,0.04516129032258064,0.29376344086021505,50545385_Bundle_2,0,0.6232258064516127,1.0,3.0,2.5,2.5
50545385,200098673,FRAGANCIAS,ESIKA,39.9,2023-04-13,23,543.38,430.195,617,0.3859649122807017,0.8344640434192673,4815.47,173,147,0.7333333333333333,1.0,0.8933333333333333,50545385_Bundle_2,0,0.6232258064516127,1.0,3.0,2.5,2.5
50545385,200101369,FRAGANCIAS,LBEL,83.0,2023-05-10,25,606.64,430.195,590,0.4210526315789473,0.7978290366350068,4815.47,173,147,0.8,0.8258064516129032,0.815483870967742,50545385_Bundle_2,0,0.6232258064516127,1.0,3.0,2.5,2.5
50545385,200095162,CUIDADO PERSONAL,ESIKA,6.64,2023-05-10,25,606.64,430.195,590,0.4210526315789473,0.7978290366350068,4815.47,173,147,0.8,0.8258064516129032,0.815483870967742,50545385_Bundle_2,0,0.6232258064516127,1.0,3.0,2.5,2.5
50545385,200105188,CUIDADO PERSONAL,ESIKA,7.63,2023-08-17,17,550.16,430.195,491,0.2807017543859649,0.6635006784260515,4815.47,173,147,0.5333333333333333,0.1870967741935484,0.3255913978494624,50545385_Bundle_2,0,0.6232258064516127,1.0,3.0,2.5,2.5
50545385,200108674,CUIDADO PERSONAL,ESIKA,7.63,2023-08-17,17,550.16,430.195,491,0.2807017543859649,0.6635006784260515,4815.47,173,147,0.5333333333333333,0.1870967741935484,0.3255913978494624,50545385_Bundle_2,0,0.6232258064516127,1.0,3.0,2.5,2.5
50574822,200093883,FRAGANCIAS,ESIKA,27.59,2023-05-08,15,352.9,430.195,592,0.2456140350877192,0.8005427408412483,2034.35,74,71,0.6666666666666666,0.8095238095238095,0.7523809523809524,50574822_Bundle_1,1,0.4466666666666667,,,,
50574822,200098795,MAQUILLAJE,CYZONE,17.9,2023-08-01,8,189.4,430.195,507,0.1228070175438596,0.6852103120759837,2034.35,74,71,0.08333333333333333,0.0,0.03333333333333333,50574822_Bundle_1,0,0.4466666666666667,1.0,3.0,2.5,2.5
50574822,200105217,TRATAMIENTO FACIAL,ESIKA,27.45,2023-08-01,8,189.4,430.195,507,0.1228070175438596,0.6852103120759837,2034.35,74,71,0.08333333333333333,0.0,0.03333333333333333,50574822_Bundle_1,0,0.4466666666666667,1.0,3.0,2.5,2.5
50574822,200108752,CUIDADO PERSONAL,ESIKA,12.06,2023-05-08,15,352.9,430.195,592,0.2456140350877192,0.8005427408412483,2034.35,74,71,0.6666666666666666,0.8095238095238095,0.7523809523809524,50574822_Bundle_1,0,0.4466666666666667,1.0,3.0,2.5,2.5
50574822,200106462,MAQUILLAJE,ESIKA,13.3,2023-06-10,19,649.36,430.195,559,0.3157894736842105,0.7557666214382632,2034.35,74,71,1.0,0.49523809523809526,0.6971428571428572,50574822_Bundle_1,0,0.4466666666666667,1.0,3.0,2.5,2.5
50574822,200084778,CUIDADO PERSONAL,CYZONE,13.9,2023-05-29,7,160.29999999999998,430.195,571,0.1052631578947368,0.7720488466757124,2034.35,74,71,0.0,0.6095238095238096,0.3657142857142857,50574822_Bundle_1,0,0.4466666666666667,1.0,3.0,2.5,2.5
50574822,200105219,TRATAMIENTO FACIAL,ESIKA,21.0,2023-07-10,18,428.89,430.195,529,0.2982456140350877,0.7150610583446404,2034.35,74,71,0.9166666666666666,0.20952380952380953,0.4923809523809524,50574822_Bundle_1,0,0.4466666666666667,1.0,3.0,2.5,2.5
50574822,200093883,FRAGANCIAS,ESIKA,27.59,2023-05-08,15,352.9,430.195,592,0.2456140350877192,0.8005427408412483,2034.35,74,71,0.6666666666666666,0.8095238095238095,0.7523809523809524,50574822_Bundle_2,1,0.49836734693877555,,,,
50574822,200095158,CUIDADO PERSONAL,ESIKA,7.63,2023-07-10,18,428.89,430.195,529,0.2982456140350877,0.7150610583446404,2034.35,74,71,0.9166666666666666,0.20952380952380953,0.4923809523809524,50574822_Bundle_2,0,0.49836734693877555,1.0,3.0,2.5,2.5
50574822,200105218,TRATAMIENTO FACIAL,ESIKA,27.45,2023-08-01,8,189.4,430.195,507,0.1228070175438596,0.6852103120759837,2034.35,74,71,0.08333333333333333,0.0,0.03333333333333333,50574822_Bundle_2,0,0.49836734693877555,1.0,3.0,2.5,2.5
50574822,200106446,MAQUILLAJE,ESIKA,16.45,2023-04-18,7,253.5,430.195,612,0.1052631578947368,0.8276797829036635,2034.35,74,71,0.0,1.0,0.6,50574822_Bundle_2,0,0.49836734693877555,1.0,3.0,2.5,2.5
50574822,200073557,TRATAMIENTO FACIAL,LBEL,37.5,2023-05-08,15,352.9,430.195,592,0.2456140350877192,0.8005427408412483,2034.35,74,71,0.6666666666666666,0.8095238095238095,0.7523809523809524,50574822_Bundle_2,0,0.49836734693877555,1.0,3.0,2.5,2.5
50574822,200103022,CUIDADO PERSONAL,ESIKA,13.3,2023-07-10,18,428.89,430.195,529,0.2982456140350877,0.7150610583446404,2034.35,74,71,0.9166666666666666,0.20952380952380953,0.4923809523809524,50574822_Bundle_2,0,0.49836734693877555,1.0,3.0,2.5,2.5
50574822,200106556,MAQUILLAJE,CYZONE,17.9,2023-05-29,7,160.29999999999998,430.195,571,0.1052631578947368,0.7720488466757124,2034.35,74,71,0.0,0.6095238095238096,0.3657142857142857,50574822_Bundle_2,0,0.49836734693877555,1.0,3.0,2.5,2.5
50639266,200108747,MAQUILLAJE,ESIKA,26.9,2023-05-05,13,315.7,430.195,595,0.2105263157894736,0.8046132971506106,2462.89,97,79,0.7058823529411765,1.0,0.8823529411764706,50639266_Bundle_1,1,0.5437973790914967,,,,
50639266,210102605,COMPLEMENTOS,CYZONE,59.9,2023-08-17,11,393.0,430.195,491,0.175438596491228,0.6635006784260515,2462.89,97,79,0.5882352941176471,0.2727272727272727,0.39893048128342246,50639266_Bundle_1,0,0.5437973790914967,1.0,3.0,2.5,2.5
50639266,200099047,FRAGANCIAS,ESIKA,29.9,2023-05-25,13,387.85,430.195,575,0.2105263157894736,0.7774762550881954,2462.89,97,79,0.7058823529411765,0.8601398601398601,0.7984368572603866,50639266_Bundle_1,0,0.5437973790914967,1.0,3.0,2.5,2.5
50639266,200108409,FRAGANCIAS,ESIKA,20.37,2023-09-11,12,202.4,430.195,466,0.1929824561403508,0.6295793758480326,2462.89,97,79,0.6470588235294118,0.0979020979020979,0.31756478815302347,50639266_Bundle_1,0,0.5437973790914967,1.0,3.0,2.5,2.5
50639266,200097947,FRAGANCIAS,CYZONE,39.9,2023-08-17,11,393.0,430.195,491,0.175438596491228,0.6635006784260515,2462.89,97,79,0.5882352941176471,0.2727272727272727,0.39893048128342246,50639266_Bundle_1,0,0.5437973790914967,1.0,3.0,2.5,2.5
50639266,200108752,CUIDADO PERSONAL,ESIKA,11.98,2023-09-11,12,202.4,430.195,466,0.1929824561403508,0.6295793758480326,2462.89,97,79,0.6470588235294118,0.0979020979020979,0.31756478815302347,50639266_Bundle_1,0,0.5437973790914967,1.0,3.0,2.5,2.5
50639266,200090349,CUIDADO PERSONAL,ESIKA,24.9,2023-07-06,16,384.8,430.195,533,0.2631578947368421,0.7204884667571235,2462.89,97,79,0.8823529411764706,0.5664335664335665,0.6928013163307281,50639266_Bundle_1,0,0.5437973790914967,1.0,3.0,2.5,2.5
50639266,200108747,MAQUILLAJE,ESIKA,26.9,2023-05-05,13,315.7,430.195,595,0.2105263157894736,0.8046132971506106,2462.89,97,79,0.7058823529411765,1.0,0.8823529411764706,50639266_Bundle_2,1,0.6404301580772168,,,,
50639266,200095374,CUIDADO PERSONAL,ESIKA,4.9,2023-07-27,12,278.44,430.195,512,0.1929824561403508,0.6919945725915875,2462.89,97,79,0.6470588235294118,0.4195804195804196,0.5105717811600164,50639266_Bundle_2,0,0.6404301580772168,1.0,3.0,2.5,2.5
50639266,210102605,COMPLEMENTOS,CYZONE,59.9,2023-08-17,11,393.0,430.195,491,0.175438596491228,0.6635006784260515,2462.89,97,79,0.5882352941176471,0.2727272727272727,0.39893048128342246,50639266_Bundle_2,0,0.6404301580772168,1.0,3.0,2.5,2.5
50639266,200105005,FRAGANCIAS,CYZONE,19.9,2023-07-06,16,384.8,430.195,533,0.2631578947368421,0.7204884667571235,2462.89,97,79,0.8823529411764706,0.5664335664335665,0.6928013163307281,50639266_Bundle_2,0,0.6404301580772168,1.0,3.0,2.5,2.5
50639266,200102846,TRATAMIENTO CORPORAL,ESIKA,12.9,2023-05-25,13,387.85,430.195,575,0.2105263157894736,0.7774762550881954,2462.89,97,79,0.7058823529411765,0.8601398601398601,0.7984368572603866,50639266_Bundle_2,0,0.6404301580772168,1.0,3.0,2.5,2.5
50639266,200108408,FRAGANCIAS,ESIKA,27.53,2023-09-11,12,202.4,430.195,466,0.1929824561403508,0.6295793758480326,2462.89,97,79,0.6470588235294118,0.0979020979020979,0.31756478815302347,50639266_Bundle_2,0,0.6404301580772168,1.0,3.0,2.5,2.5
50639266,200095170,CUIDADO PERSONAL,ESIKA,8.9,2023-05-05,13,315.7,430.195,595,0.2105263157894736,0.8046132971506106,2462.89,97,79,0.7058823529411765,1.0,0.8823529411764706,50639266_Bundle_2,0,0.6404301580772168,1.0,3.0,2.5,2.5
50680312,200105190,CUIDADO PERSONAL,ESIKA,7.38,2023-06-28,18,374.0,430.195,541,0.2982456140350877,0.7313432835820896,1875.36,75,66,1.0,0.6692913385826772,0.8015748031496064,50680312_Bundle_1,1,0.45509765824726456,,,,
50680312,200083902,FRAGANCIAS,ESIKA,24.9,2023-06-28,18,374.0,430.195,541,0.2982456140350877,0.7313432835820896,1875.36,75,66,1.0,0.6692913385826772,0.8015748031496064,50680312_Bundle_1,0,0.45509765824726456,1.0,3.0,2.5,2.5
50680312,210095971,MAQUILLAJE,CYZONE,14.9,2023-09-21,9,176.4,430.195,456,0.1403508771929824,0.6160108548168249,1875.36,75,66,0.18181818181818182,0.0,0.07272727272727274,50680312_Bundle_1,0,0.45509765824726456,1.0,3.0,2.5,2.5
50680312,200103405,MAQUILLAJE,ESIKA,32.9,2023-08-16,7,195.3,430.195,492,0.1052631578947368,0.6648575305291723,1875.36,75,66,0.0,0.28346456692913385,0.1700787401574803,50680312_Bundle_1,0,0.45509765824726456,1.0,3.0,2.5,2.5
50680312,200103327,MAQUILLAJE,ESIKA,24.9,2023-08-16,7,195.3,430.195,492,0.1052631578947368,0.6648575305291723,1875.36,75,66,0.0,0.28346456692913385,0.1700787401574803,50680312_Bundle_1,0,0.45509765824726456,1.0,3.0,2.5,2.5
50680312,200091875,MAQUILLAJE,ESIKA,41.9,2023-05-17,8,265.2,430.195,583,0.1228070175438596,0.7883310719131614,1875.36,75,66,0.09090909090909091,1.0,0.6363636363636364,50680312_Bundle_1,0,0.45509765824726456,1.0,3.0,2.5,2.5
50680312,200105017,FRAGANCIAS,CYZONE,21.9,2023-07-24,14,206.26,430.195,515,0.2280701754385964,0.6960651289009498,1875.36,75,66,0.6363636363636364,0.4645669291338583,0.5332856120257695,50680312_Bundle_1,0,0.45509765824726456,1.0,3.0,2.5,2.5
50680312,200105190,CUIDADO PERSONAL,ESIKA,7.38,2023-06-28,18,374.0,430.195,541,0.2982456140350877,0.7313432835820896,1875.36,75,66,1.0,0.6692913385826772,0.8015748031496064,50680312_Bundle_2,1,0.5024644646691891,,,,
50680312,200106459,MAQUILLAJE,ESIKA,14.9,2023-06-28,18,374.0,430.195,541,0.2982456140350877,0.7313432835820896,1875.36,75,66,1.0,0.6692913385826772,0.8015748031496064,50680312_Bundle_2,0,0.5024644646691891,1.0,3.0,2.5,2.5
50680312,210095971,MAQUILLAJE,CYZONE,14.9,2023-09-21,9,176.4,430.195,456,0.1403508771929824,0.6160108548168249,1875.36,75,66,0.18181818181818182,0.0,0.07272727272727274,50680312_Bundle_2,0,0.5024644646691891,1.0,3.0,2.5,2.5
50680312,210102487,PROMOCION USUARIOS,ESIKA,60.0,2023-06-09,9,415.1,430.195,560,0.1403508771929824,0.757123473541384,1875.36,75,66,0.18181818181818182,0.8188976377952756,0.5640658554044381,50680312_Bundle_2,0,0.5024644646691891,1.0,3.0,2.5,2.5
50680312,200106378,FRAGANCIAS,CYZONE,49.9,2023-09-06,10,243.1,430.195,471,0.1578947368421052,0.6363636363636364,1875.36,75,66,0.2727272727272727,0.11811023622047244,0.17995705082319255,50680312_Bundle_2,0,0.5024644646691891,1.0,3.0,2.5,2.5
50680312,200100866,FRAGANCIAS,ESIKA,78.13,2023-06-09,9,415.1,430.195,560,0.1403508771929824,0.757123473541384,1875.36,75,66,0.18181818181818182,0.8188976377952756,0.5640658554044381,50680312_Bundle_2,0,0.5024644646691891,1.0,3.0,2.5,2.5
50680312,200103923,MAQUILLAJE,CYZONE,12.47,2023-07-24,14,206.26,430.195,515,0.2280701754385964,0.6960651289009498,1875.36,75,66,0.6363636363636364,0.4645669291338583,0.5332856120257695,50680312_Bundle_2,0,0.5024644646691891,1.0,3.0,2.5,2.5
50692213,210100040,BIJOUTERIE,ESIKA,39.9,2023-05-24,12,397.9,430.195,576,0.1929824561403508,0.7788331071913162,6500.24,243,167,0.3235294117647059,1.0,0.7294117647058823,50692213_Bundle_1,1,0.5519452225334579,,,,
50692213,200106441,MAQUILLAJE,ESIKA,12.91,2023-11-22,35,874.8,430.195,394,0.5964912280701754,0.5318860244233379,6500.24,243,167,1.0,0.25102880658436216,0.5506172839506174,50692213_Bundle_1,0,0.5519452225334579,1.0,3.0,2.5,2.5
50692213,200108752,CUIDADO PERSONAL,ESIKA,15.9,2023-08-31,19,580.97,430.195,477,0.3157894736842105,0.6445047489823609,6500.24,243,167,0.5294117647058824,0.5925925925925926,0.5673202614379085,50692213_Bundle_1,0,0.5519452225334579,1.0,3.0,2.5,2.5
50692213,200099047,FRAGANCIAS,ESIKA,54.9,2023-07-05,12,361.9,430.195,534,0.1929824561403508,0.7218453188602443,6500.24,243,167,0.3235294117647059,0.8271604938271605,0.6257080610021787,50692213_Bundle_1,0,0.5519452225334579,1.0,3.0,2.5,2.5
50692213,200103356,MAQUILLAJE,ESIKA,24.9,2023-10-11,26,652.0,430.195,436,0.4385964912280701,0.5888738127544098,6500.24,243,167,0.7352941176470589,0.42386831275720166,0.5484386347131445,50692213_Bundle_1,0,0.5519452225334579,1.0,3.0,2.5,2.5
50692213,200060760,FRAGANCIAS,CYZONE,34.9,2023-11-03,20,509.59,430.195,413,0.3333333333333333,0.5576662143826323,6500.24,243,167,0.5588235294117647,0.3292181069958848,0.4210602759622367,50692213_Bundle_1,0,0.5519452225334579,1.0,3.0,2.5,2.5
50692213,200102351,MAQUILLAJE,ESIKA,14.9,2023-11-03,20,509.59,430.195,413,0.3333333333333333,0.5576662143826323,6500.24,243,167,0.5588235294117647,0.3292181069958848,0.4210602759622367,50692213_Bundle_1,0,0.5519452225334579,1.0,3.0,2.5,2.5
50692213,210100040,BIJOUTERIE,ESIKA,39.9,2023-05-24,12,397.9,430.195,576,0.1929824561403508,0.7788331071913162,6500.24,243,167,0.3235294117647059,1.0,0.7294117647058823,50692213_Bundle_2,1,0.5489781097624234,,,,
50692213,200102102,MAQUILLAJE,CYZONE,14.9,2023-08-31,19,580.97,430.195,477,0.3157894736842105,0.6445047489823609,6500.24,243,167,0.5294117647058824,0.5925925925925926,0.5673202614379085,50692213_Bundle_2,0,0.5489781097624234,1.0,3.0,2.5,2.5
50692213,200106440,MAQUILLAJE,ESIKA,14.9,2023-12-15,23,594.3000000000001,430.195,371,0.3859649122807017,0.5006784260515604,6500.24,243,167,0.6470588235294118,0.15637860082304528,0.3526506899055919,50692213_Bundle_2,0,0.5489781097624234,1.0,3.0,2.5,2.5
50692213,200106852,FRAGANCIAS,LBEL,24.95,2023-08-16,25,638.35,430.195,492,0.4210526315789473,0.6648575305291723,6500.24,243,167,0.7058823529411765,0.654320987654321,0.6749455337690633,50692213_Bundle_2,0,0.5489781097624234,1.0,3.0,2.5,2.5
50692213,200082687,CUIDADO PERSONAL,ESIKA,15.93,2023-09-20,18,452.25,430.195,457,0.2982456140350877,0.6173677069199457,6500.24,243,167,0.5,0.5102880658436214,0.5061728395061729,50692213_Bundle_2,0,0.5489781097624234,1.0,3.0,2.5,2.5
50692213,200082688,CUIDADO PERSONAL,ESIKA,15.93,2023-09-20,18,452.25,430.195,457,0.2982456140350877,0.6173677069199457,6500.24,243,167,0.5,0.5102880658436214,0.5061728395061729,50692213_Bundle_2,0,0.5489781097624234,1.0,3.0,2.5,2.5
50692213,200103025,CUIDADO PERSONAL,ESIKA,27.45,2023-09-20,18,452.25,430.195,457,0.2982456140350877,0.6173677069199457,6500.24,243,167,0.5,0.5102880658436214,0.5061728395061729,50692213_Bundle_2,0,0.5489781097624234,1.0,3.0,2.5,2.5
50697932,200095465,CUIDADO PERSONAL,ESIKA,5.67,2023-05-23,13,418.1,430.195,577,0.2105263157894736,0.7801899592944369,2854.73,103,94,0.6666666666666666,1.0,0.8666666666666667,50697932_Bundle_1,1,0.7454545454545454,,,,
50697932,200113953,FRAGANCIAS,ESIKA,19.57,2023-05-23,13,418.1,430.195,577,0.2105263157894736,0.7801899592944369,2854.73,103,94,0.6666666666666666,1.0,0.8666666666666667,50697932_Bundle_1,0,0.7454545454545454,1.0,3.0,2.5,2.5
50697932,210102506,COMPLEMENTOS,CYZONE,64.9,2023-05-23,13,418.1,430.195,577,0.2105263157894736,0.7801899592944369,2854.73,103,94,0.6666666666666666,1.0,0.8666666666666667,50697932_Bundle_1,0,0.7454545454545454,1.0,3.0,2.5,2.5
50697932,200092742,FRAGANCIAS,CYZONE,52.9,2023-08-07,19,532.03,430.195,501,0.3157894736842105,0.6770691994572592,2854.73,103,94,1.0,0.42424242424242425,0.6545454545454545,50697932_Bundle_1,0,0.7454545454545454,1.0,3.0,2.5,2.5
50697932,200114037,TRATAMIENTO FACIAL,LBEL,17.9,2023-08-07,19,532.03,430.195,501,0.3157894736842105,0.6770691994572592,2854.73,103,94,1.0,0.42424242424242425,0.6545454545454545,50697932_Bundle_1,0,0.7454545454545454,1.0,3.0,2.5,2.5
50697932,200098673,FRAGANCIAS,ESIKA,16.63,2023-08-07,19,532.03,430.195,501,0.3157894736842105,0.6770691994572592,2854.73,103,94,1.0,0.42424242424242425,0.6545454545454545,50697932_Bundle_1,0,0.7454545454545454,1.0,3.0,2.5,2.5
50697932,200106360,FRAGANCIAS,CYZONE,16.63,2023-08-07,19,532.03,430.195,501,0.3157894736842105,0.6770691994572592,2854.73,103,94,1.0,0.42424242424242425,0.6545454545454545,50697932_Bundle_1,0,0.7454545454545454,1.0,3.0,2.5,2.5
50697932,200095465,CUIDADO PERSONAL,ESIKA,5.67,2023-05-23,13,418.1,430.195,577,0.2105263157894736,0.7801899592944369,2854.73,103,94,0.6666666666666666,1.0,0.8666666666666667,50697932_Bundle_2,1,0.6572871572871574,,,,
50697932,210100028,BIJOUTERIE,ESIKA,49.9,2023-08-07,19,532.03,430.195,501,0.3157894736842105,0.6770691994572592,2854.73,103,94,1.0,0.42424242424242425,0.6545454545454545,50697932_Bundle_2,0,0.6572871572871574,1.0,3.0,2.5,2.5
50697932,200109611,MAQUILLAJE,CYZONE,22.9,2023-06-05,13,297.7,430.195,564,0.2105263157894736,0.762550881953867,2854.73,103,94,0.6666666666666666,0.9015151515151515,0.8075757575757576,50697932_Bundle_2,0,0.6572871572871574,1.0,3.0,2.5,2.5
50697932,210102071,HOGAR,CYZONE,34.9,2023-09-13,11,246.9,430.195,464,0.175438596491228,0.6268656716417911,2854.73,103,94,0.5555555555555556,0.14393939393939395,0.30858585858585863,50697932_Bundle_2,0,0.6572871572871574,1.0,3.0,2.5,2.5
50697932,200103354,MAQUILLAJE,ESIKA,23.9,2023-08-07,19,532.03,430.195,501,0.3157894736842105,0.6770691994572592,2854.73,103,94,1.0,0.42424242424242425,0.6545454545454545,50697932_Bundle_2,0,0.6572871572871574,1.0,3.0,2.5,2.5
50697932,200102045,FRAGANCIAS,ESIKA,27.9,2023-08-07,19,532.03,430.195,501,0.3157894736842105,0.6770691994572592,2854.73,103,94,1.0,0.42424242424242425,0.6545454545454545,50697932_Bundle_2,0,0.6572871572871574,1.0,3.0,2.5,2.5
50697932,210102577,COMPLEMENTOS,CYZONE,57.9,2023-08-07,19,532.03,430.195,501,0.3157894736842105,0.6770691994572592,2854.73,103,94,1.0,0.42424242424242425,0.6545454545454545,50697932_Bundle_2,0,0.6572871572871574,1.0,3.0,2.5,2.5
50773094,200105217,TRATAMIENTO FACIAL,ESIKA,34.9,2023-06-26,19,523.0,430.195,543,0.3157894736842105,0.7340569877883311,2235.62,96,90,0.8,0.8173076923076923,0.8103846153846155,50773094_Bundle_1,1,0.57010989010989,,,,
50773094,200095426,CUIDADO PERSONAL,CYZONE,11.9,2023-08-09,16,257.2,430.195,499,0.2631578947368421,0.6743554952510177,2235.62,96,90,0.5,0.3942307692307692,0.43653846153846154,50773094_Bundle_1,0,0.57010989010989,1.0,3.0,2.5,2.5
50773094,200107370,MAQUILLAJE,CYZONE,7.9,2023-08-09,16,257.2,430.195,499,0.2631578947368421,0.6743554952510177,2235.62,96,90,0.5,0.3942307692307692,0.43653846153846154,50773094_Bundle_1,0,0.57010989010989,1.0,3.0,2.5,2.5
50773094,200109613,MAQUILLAJE,CYZONE,15.9,2023-07-18,21,472.4,430.195,521,0.3508771929824561,0.7042062415196744,2235.62,96,90,1.0,0.6057692307692307,0.7634615384615384,50773094_Bundle_1,0,0.57010989010989,1.0,3.0,2.5,2.5
50773094,200077266,MAQUILLAJE,LBEL,16.9,2023-08-09,16,257.2,430.195,499,0.2631578947368421,0.6743554952510177,2235.62,96,90,0.5,0.3942307692307692,0.43653846153846154,50773094_Bundle_1,0,0.57010989010989,1.0,3.0,2.5,2.5
50773094,200105017,FRAGANCIAS,CYZONE,17.45,2023-09-01,17,401.85,430.195,476,0.2807017543859649,0.6431478968792401,2235.62,96,90,0.6,0.17307692307692307,0.3438461538461538,50773094_Bundle_1,0,0.57010989010989,1.0,3.0,2.5,2.5
50773094,210100490,BIJOUTERIE,CYZONE,35.9,2023-07-18,21,472.4,430.195,521,0.3508771929824561,0.7042062415196744,2235.62,96,90,1.0,0.6057692307692307,0.7634615384615384,50773094_Bundle_1,0,0.57010989010989,1.0,3.0,2.5,2.5
50773094,200105217,TRATAMIENTO FACIAL,ESIKA,34.9,2023-06-26,19,523.0,430.195,543,0.3157894736842105,0.7340569877883311,2235.62,96,90,0.8,0.8173076923076923,0.8103846153846155,50773094_Bundle_2,1,0.6881868131868131,,,,
50773094,210101261,COMPLEMENTOS,CYZONE,35.9,2023-07-18,21,472.4,430.195,521,0.3508771929824561,0.7042062415196744,2235.62,96,90,1.0,0.6057692307692307,0.7634615384615384,50773094_Bundle_2,0,0.6881868131868131,1.0,3.0,2.5,2.5
50773094,200105190,CUIDADO PERSONAL,ESIKA,11.9,2023-08-09,16,257.2,430.195,499,0.2631578947368421,0.6743554952510177,2235.62,96,90,0.5,0.3942307692307692,0.43653846153846154,50773094_Bundle_2,0,0.6881868131868131,1.0,3.0,2.5,2.5
50773094,200105079,FRAGANCIAS,CYZONE,12.9,2023-07-18,21,472.4,430.195,521,0.3508771929824561,0.7042062415196744,2235.62,96,90,1.0,0.6057692307692307,0.7634615384615384,50773094_Bundle_2,0,0.6881868131868131,1.0,3.0,2.5,2.5
50773094,200105011,FRAGANCIAS,CYZONE,37.9,2023-07-18,21,472.4,430.195,521,0.3508771929824561,0.7042062415196744,2235.62,96,90,1.0,0.6057692307692307,0.7634615384615384,50773094_Bundle_2,0,0.6881868131868131,1.0,3.0,2.5,2.5
50773094,200113791,MAQUILLAJE,CYZONE,15.9,2023-06-07,12,345.07,430.195,562,0.1929824561403508,0.7598371777476255,2235.62,96,90,0.1,1.0,0.64,50773094_Bundle_2,0,0.6881868131868131,1.0,3.0,2.5,2.5
50773094,200105041,FRAGANCIAS,ESIKA,29.9,2023-06-07,12,345.07,430.195,562,0.1929824561403508,0.7598371777476255,2235.62,96,90,0.1,1.0,0.64,50773094_Bundle_2,0,0.6881868131868131,1.0,3.0,2.5,2.5
50773493,200113734,VARIOS,GENERICA,59.9,2023-06-07,20,386.8,430.195,562,0.3333333333333333,0.7598371777476255,2243.26,93,83,1.0,1.0,1.0,50773493_Bundle_1,1,0.5875,,,,
50773493,200095157,TRATAMIENTO CORPORAL,CYZONE,13.0,2023-06-21,15,319.3,430.195,548,0.2456140350877192,0.7408412483039348,2243.26,93,83,0.4444444444444444,0.8541666666666666,0.6902777777777778,50773493_Bundle_1,0,0.5875,1.0,3.0,2.5,2.5
50773493,200105017,FRAGANCIAS,CYZONE,17.3,2023-09-11,19,438.35,430.195,466,0.3157894736842105,0.6295793758480326,2243.26,93,83,0.8888888888888888,0.0,0.35555555555555557,50773493_Bundle_1,0,0.5875,1.0,3.0,2.5,2.5
50773493,200108908,CUIDADO PERSONAL,CYZONE,16.9,2023-06-07,20,386.8,430.195,562,0.3333333333333333,0.7598371777476255,2243.26,93,83,1.0,1.0,1.0,50773493_Bundle_1,0,0.5875,1.0,3.0,2.5,2.5
50773493,200105011,FRAGANCIAS,CYZONE,24.52,2023-09-11,19,438.35,430.195,466,0.3157894736842105,0.6295793758480326,2243.26,93,83,0.8888888888888888,0.0,0.35555555555555557,50773493_Bundle_1,0,0.5875,1.0,3.0,2.5,2.5
50773493,200105017,FRAGANCIAS,CYZONE,16.0,2023-09-11,19,438.35,430.195,466,0.3157894736842105,0.6295793758480326,2243.26,93,83,0.8888888888888888,0.0,0.35555555555555557,50773493_Bundle_1,0,0.5875,1.0,3.0,2.5,2.5
50773493,200105188,CUIDADO PERSONAL,ESIKA,7.38,2023-09-11,19,438.35,430.195,466,0.3157894736842105,0.6295793758480326,2243.26,93,83,0.8888888888888888,0.0,0.35555555555555557,50773493_Bundle_1,0,0.5875,1.0,3.0,2.5,2.5
50773493,200113734,VARIOS,GENERICA,59.9,2023-06-07,20,386.8,430.195,562,0.3333333333333333,0.7598371777476255,2243.26,93,83,1.0,1.0,1.0,50773493_Bundle_2,1,0.7547619047619047,,,,
50773493,210097405,BIJOUTERIE,ESIKA,34.9,2023-08-04,11,446.6,430.195,504,0.175438596491228,0.6811397557666214,2243.26,93,83,0.0,0.3958333333333333,0.2375,50773493_Bundle_2,0,0.7547619047619047,1.0,3.0,2.5,2.5
50773493,210102594,COMPLEMENTOS,CYZONE,56.9,2023-06-21,15,319.3,430.195,548,0.2456140350877192,0.7408412483039348,2243.26,93,83,0.4444444444444444,0.8541666666666666,0.6902777777777778,50773493_Bundle_2,0,0.7547619047619047,1.0,3.0,2.5,2.5
50773493,210102539,BIJOUTERIE,CYZONE,31.9,2023-06-07,20,386.8,430.195,562,0.3333333333333333,0.7598371777476255,2243.26,93,83,1.0,1.0,1.0,50773493_Bundle_2,0,0.7547619047619047,1.0,3.0,2.5,2.5
50773493,200105017,FRAGANCIAS,CYZONE,16.0,2023-09-11,19,438.35,430.195,466,0.3157894736842105,0.6295793758480326,2243.26,93,83,0.8888888888888888,0.0,0.35555555555555557,50773493_Bundle_2,0,0.7547619047619047,1.0,3.0,2.5,2.5
50773493,200108908,CUIDADO PERSONAL,CYZONE,16.9,2023-06-07,20,386.8,430.195,562,0.3333333333333333,0.7598371777476255,2243.26,93,83,1.0,1.0,1.0,50773493_Bundle_2,0,0.7547619047619047,1.0,3.0,2.5,2.5
50773493,200113795,MAQUILLAJE,CYZONE,10.81,2023-06-07,20,386.8,430.195,562,0.3333333333333333,0.7598371777476255,2243.26,93,83,1.0,1.0,1.0,50773493_Bundle_2,0,0.7547619047619047,1.0,3.0,2.5,2.5
50795365,200114037,TRATAMIENTO FACIAL,LBEL,17.9,2023-08-04,20,568.1999999999999,430.195,504,0.3333333333333333,0.6811397557666214,2773.09,85,73,1.0,0.4044943820224719,0.6426966292134831,50795365_Bundle_1,1,0.3546709470304977,,,,
50795365,200091727,FRAGANCIAS,ESIKA,47.81,2023-06-12,11,365.4,430.195,557,0.175438596491228,0.7530529172320217,2773.09,85,73,0.1,1.0,0.64,50795365_Bundle_1,0,0.3546709470304977,1.0,3.0,2.5,2.5
50795365,200102820,TRATAMIENTO CORPORAL,ESIKA,23.9,2023-09-09,16,707.8,430.195,468,0.2631578947368421,0.6322930800542741,2773.09,85,73,0.6,0.0,0.24,50795365_Bundle_1,0,0.3546709470304977,1.0,3.0,2.5,2.5
50795365,200105070,MAQUILLAJE,LBEL,47.9,2023-09-09,16,707.8,430.195,468,0.2631578947368421,0.6322930800542741,2773.09,85,73,0.6,0.0,0.24,50795365_Bundle_1,0,0.3546709470304977,1.0,3.0,2.5,2.5
50795365,200108908,CUIDADO PERSONAL,CYZONE,16.9,2023-09-09,16,707.8,430.195,468,0.2631578947368421,0.6322930800542741,2773.09,85,73,0.6,0.0,0.24,50795365_Bundle_1,0,0.3546709470304977,1.0,3.0,2.5,2.5
50795365,200106346,FRAGANCIAS,ESIKA,39.9,2023-09-09,16,707.8,430.195,468,0.2631578947368421,0.6322930800542741,2773.09,85,73,0.6,0.0,0.24,50795365_Bundle_1,0,0.3546709470304977,1.0,3.0,2.5,2.5
50795365,200095517,CUIDADO PERSONAL,ESIKA,20.9,2023-09-09,16,707.8,430.195,468,0.2631578947368421,0.6322930800542741,2773.09,85,73,0.6,0.0,0.24,50795365_Bundle_1,0,0.3546709470304977,1.0,3.0,2.5,2.5
50795365,200114037,TRATAMIENTO FACIAL,LBEL,17.9,2023-08-04,20,568.1999999999999,430.195,504,0.3333333333333333,0.6811397557666214,2773.09,85,73,1.0,0.4044943820224719,0.6426966292134831,50795365_Bundle_2,1,0.41765650080256833,,,,
50795365,200103020,CUIDADO PERSONAL,ESIKA,17.59,2023-06-12,11,365.4,430.195,557,0.175438596491228,0.7530529172320217,2773.09,85,73,0.1,1.0,0.64,50795365_Bundle_2,0,0.41765650080256833,1.0,3.0,2.5,2.5
50795365,200095182,TRATAMIENTO CORPORAL,CYZONE,16.9,2023-08-28,15,392.89,430.195,480,0.2456140350877192,0.6485753052917232,2773.09,85,73,0.5,0.1348314606741573,0.2808988764044944,50795365_Bundle_2,0,0.41765650080256833,1.0,3.0,2.5,2.5
50795365,200105188,CUIDADO PERSONAL,ESIKA,8.79,2023-06-12,11,365.4,430.195,557,0.175438596491228,0.7530529172320217,2773.09,85,73,0.1,1.0,0.64,50795365_Bundle_2,0,0.41765650080256833,1.0,3.0,2.5,2.5
50795365,200102820,TRATAMIENTO CORPORAL,ESIKA,23.9,2023-09-09,16,707.8,430.195,468,0.2631578947368421,0.6322930800542741,2773.09,85,73,0.6,0.0,0.24,50795365_Bundle_2,0,0.41765650080256833,1.0,3.0,2.5,2.5
50795365,200111393,CUIDADO PERSONAL,CYZONE,20.9,2023-09-09,16,707.8,430.195,468,0.2631578947368421,0.6322930800542741,2773.09,85,73,0.6,0.0,0.24,50795365_Bundle_2,0,0.41765650080256833,1.0,3.0,2.5,2.5
50795365,200095517,CUIDADO PERSONAL,ESIKA,20.9,2023-09-09,16,707.8,430.195,468,0.2631578947368421,0.6322930800542741,2773.09,85,73,0.6,0.0,0.24,50795365_Bundle_2,0,0.41765650080256833,1.0,3.0,2.5,2.5
50837122,210103505,BIJOUTERIE,ESIKA,39.9,2023-07-22,19,602.4,430.195,517,0.3157894736842105,0.6987788331071914,1646.99,56,53,1.0,0.9196428571428571,0.9517857142857142,50837122_Bundle_1,1,0.6855867346938774,,,,
50837122,200115589,TRATAMIENTO FACIAL,ESIKA,14.95,2023-10-17,5,156.6,430.195,430,0.0701754385964912,0.5807327001356852,1646.99,56,53,0.2222222222222222,0.53125,0.4076388888888889,50837122_Bundle_1,0,0.6855867346938774,1.0,3.0,2.5,2.5
50837122,200114037,TRATAMIENTO FACIAL,LBEL,17.9,2023-08-15,8,268.5,430.195,493,0.1228070175438596,0.666214382632293,1646.99,56,53,0.3888888888888889,0.8125,0.6430555555555555,50837122_Bundle_1,0,0.6855867346938774,1.0,3.0,2.5,2.5
50837122,200098673,FRAGANCIAS,ESIKA,69.9,2023-08-31,6,197.8,430.195,477,0.087719298245614,0.6445047489823609,1646.99,56,53,0.2777777777777778,0.7410714285714286,0.5557539682539683,50837122_Bundle_1,0,0.6855867346938774,1.0,3.0,2.5,2.5
50837122,210095652,MAQUILLAJE,CYZONE,19.9,2023-07-04,7,223.85,430.195,535,0.1052631578947368,0.723202170963365,1646.99,56,53,0.3333333333333333,1.0,0.7333333333333333,50837122_Bundle_1,0,0.6855867346938774,1.0,3.0,2.5,2.5
50837122,210098469,MAQUILLAJE,CYZONE,12.9,2023-08-31,6,197.8,430.195,477,0.087719298245614,0.6445047489823609,1646.99,56,53,0.2777777777777778,0.7410714285714286,0.5557539682539683,50837122_Bundle_1,0,0.6855867346938774,1.0,3.0,2.5,2.5
50837122,210097511,MAQUILLAJE,CYZONE,31.9,2023-07-22,19,602.4,430.195,517,0.3157894736842105,0.6987788331071914,1646.99,56,53,1.0,0.9196428571428571,0.9517857142857142,50837122_Bundle_1,0,0.6855867346938774,1.0,3.0,2.5,2.5
50837122,210103505,BIJOUTERIE,ESIKA,39.9,2023-07-22,19,602.4,430.195,517,0.3157894736842105,0.6987788331071914,1646.99,56,53,1.0,0.9196428571428571,0.9517857142857142,50837122_Bundle_2,1,0.7343820861678004,,,,
50837122,200112292,MAQUILLAJE,CYZONE,11.5,2023-09-28,9,163.79999999999998,430.195,449,0.1403508771929824,0.6065128900949797,1646.99,56,53,0.4444444444444444,0.6160714285714286,0.547420634920635,50837122_Bundle_2,0,0.7343820861678004,1.0,3.0,2.5,2.5
50837122,200107143,MAQUILLAJE,CYZONE,16.9,2023-09-28,9,163.79999999999998,430.195,449,0.1403508771929824,0.6065128900949797,1646.99,56,53,0.4444444444444444,0.6160714285714286,0.547420634920635,50837122_Bundle_2,0,0.7343820861678004,1.0,3.0,2.5,2.5
50837122,200107361,MAQUILLAJE,CYZONE,11.9,2023-09-28,9,163.79999999999998,430.195,449,0.1403508771929824,0.6065128900949797,1646.99,56,53,0.4444444444444444,0.6160714285714286,0.547420634920635,50837122_Bundle_2,0,0.7343820861678004,1.0,3.0,2.5,2.5
50837122,200102109,MAQUILLAJE,CYZONE,22.9,2023-07-22,19,602.4,430.195,517,0.3157894736842105,0.6987788331071914,1646.99,56,53,1.0,0.9196428571428571,0.9517857142857142,50837122_Bundle_2,0,0.7343820861678004,1.0,3.0,2.5,2.5
50837122,200106604,MAQUILLAJE,CYZONE,22.9,2023-07-22,19,602.4,430.195,517,0.3157894736842105,0.6987788331071914,1646.99,56,53,1.0,0.9196428571428571,0.9517857142857142,50837122_Bundle_2,0,0.7343820861678004,1.0,3.0,2.5,2.5
50837122,200114037,TRATAMIENTO FACIAL,LBEL,17.9,2023-08-15,8,268.5,430.195,493,0.1228070175438596,0.666214382632293,1646.99,56,53,0.3888888888888889,0.8125,0.6430555555555555,50837122_Bundle_2,0,0.7343820861678004,1.0,3.0,2.5,2.5
50843157,200072406,CUIDADO PERSONAL,LBEL,14.41,2023-07-04,8,252.0,430.195,535,0.1228070175438596,0.723202170963365,1739.1,70,64,0.2,1.0,0.6799999999999999,50843157_Bundle_1,1,0.5412725090036014,,,,
50843157,200089987,MAQUILLAJE,CYZONE,14.5,2023-07-24,9,236.9,430.195,515,0.1403508771929824,0.6960651289009498,1739.1,70,64,0.3,0.8319327731092437,0.6191596638655462,50843157_Bundle_1,0,0.5412725090036014,1.0,3.0,2.5,2.5
50843157,200090351,TRATAMIENTO CORPORAL,ESIKA,36.9,2023-10-17,14,272.0,430.195,430,0.2280701754385964,0.5807327001356852,1739.1,70,64,0.8,0.11764705882352941,0.3905882352941177,50843157_Bundle_1,0,0.5412725090036014,1.0,3.0,2.5,2.5
50843157,200113721,MAQUILLAJE,CYZONE,5.0,2023-10-31,16,336.7,430.195,416,0.2631578947368421,0.5617367706919946,1739.1,70,64,1.0,0.0,0.4,50843157_Bundle_1,0,0.5412725090036014,1.0,3.0,2.5,2.5
50843157,200102433,FRAGANCIAS,ESIKA,29.14,2023-07-24,9,236.9,430.195,515,0.1403508771929824,0.6960651289009498,1739.1,70,64,0.3,0.8319327731092437,0.6191596638655462,50843157_Bundle_1,0,0.5412725090036014,1.0,3.0,2.5,2.5
50843157,200094066,FRAGANCIAS,CYZONE,22.9,2023-10-31,16,336.7,430.195,416,0.2631578947368421,0.5617367706919946,1739.1,70,64,1.0,0.0,0.4,50843157_Bundle_1,0,0.5412725090036014,1.0,3.0,2.5,2.5
50843157,200104833,MUESTRAS COSMETICOS,LBEL,6.5,2023-07-04,8,252.0,430.195,535,0.1228070175438596,0.723202170963365,1739.1,70,64,0.2,1.0,0.6799999999999999,50843157_Bundle_1,0,0.5412725090036014,1.0,3.0,2.5,2.5
50843157,200072406,CUIDADO PERSONAL,LBEL,14.41,2023-07-04,8,252.0,430.195,535,0.1228070175438596,0.723202170963365,1739.1,70,64,0.2,1.0,0.6799999999999999,50843157_Bundle_2,1,0.598655462184874,,,,
50843157,200108157,FRAGANCIAS,LBEL,21.28,2023-07-04,8,252.0,430.195,535,0.1228070175438596,0.723202170963365,1739.1,70,64,0.2,1.0,0.6799999999999999,50843157_Bundle_2,0,0.598655462184874,1.0,3.0,2.5,2.5
50843157,200106852,FRAGANCIAS,LBEL,54.21,2023-07-04,8,252.0,430.195,535,0.1228070175438596,0.723202170963365,1739.1,70,64,0.2,1.0,0.6799999999999999,50843157_Bundle_2,0,0.598655462184874,1.0,3.0,2.5,2.5
50843157,200091709,FRAGANCIAS,CYZONE,32.9,2023-07-04,8,252.0,430.195,535,0.1228070175438596,0.723202170963365,1739.1,70,64,0.2,1.0,0.6799999999999999,50843157_Bundle_2,0,0.598655462184874,1.0,3.0,2.5,2.5
50843157,200113721,MAQUILLAJE,CYZONE,5.0,2023-10-31,16,336.7,430.195,416,0.2631578947368421,0.5617367706919946,1739.1,70,64,1.0,0.0,0.4,50843157_Bundle_2,0,0.598655462184874,1.0,3.0,2.5,2.5
50843157,200115942,VARIOS,GENERICA,59.9,2023-07-04,8,252.0,430.195,535,0.1228070175438596,0.723202170963365,1739.1,70,64,0.2,1.0,0.6799999999999999,50843157_Bundle_2,0,0.598655462184874,1.0,3.0,2.5,2.5
50843157,200105005,FRAGANCIAS,CYZONE,41.9,2023-10-17,14,272.0,430.195,430,0.2280701754385964,0.5807327001356852,1739.1,70,64,0.8,0.11764705882352941,0.3905882352941177,50843157_Bundle_2,0,0.598655462184874,1.0,3.0,2.5,2.5
50852121,210098522,MAQUILLAJE,CYZONE,14.9,2023-07-22,19,398.73,430.195,517,0.3157894736842105,0.6987788331071914,10290.04,453,277,0.6538461538461539,0.9547325102880658,0.834377967711301,50852121_Bundle_1,1,0.5355040021706688,,,,
50852121,200090346,CUIDADO PERSONAL,ESIKA,18.3,2024-06-10,16,330.90999999999997,430.195,193,0.2631578947368421,0.2591587516960651,10290.04,453,277,0.5384615384615384,0.2880658436213992,0.3882241215574549,50852121_Bundle_1,0,0.5355040021706688,1.0,3.0,2.5,2.5
50852121,200105041,FRAGANCIAS,ESIKA,19.9,2023-07-01,15,307.33,430.195,538,0.2456140350877192,0.7272727272727273,10290.04,453,277,0.5,0.9979423868312757,0.7987654320987654,50852121_Bundle_1,0,0.5355040021706688,1.0,3.0,2.5,2.5
50852121,200108408,FRAGANCIAS,ESIKA,27.79,2024-08-29,14,301.59,430.195,113,0.2280701754385964,0.1506105834464043,10290.04,453,277,0.46153846153846156,0.12345679012345678,0.2586894586894587,50852121_Bundle_1,0,0.5355040021706688,1.0,3.0,2.5,2.5
50852121,200097947,FRAGANCIAS,CYZONE,21.1,2024-07-19,18,453.72,430.195,154,0.2982456140350877,0.2062415196743555,10290.04,453,277,0.6153846153846154,0.20781893004115226,0.3708452041785375,50852121_Bundle_1,0,0.5355040021706688,1.0,3.0,2.5,2.5
50852121,200115453,CUIDADO PERSONAL,ESIKA,29.9,2024-03-20,15,387.1,430.195,275,0.2456140350877192,0.3704206241519674,10290.04,453,277,0.5,0.4567901234567901,0.47407407407407404,50852121_Bundle_1,0,0.5355040021706688,1.0,3.0,2.5,2.5
50852121,200078924,CUIDADO PERSONAL,ESIKA,11.65,2024-04-05,26,427.32,430.195,259,0.4385964912280701,0.3487109905020353,10290.04,453,277,0.9230769230769231,0.42386831275720166,0.6235517568850902,50852121_Bundle_1,0,0.5355040021706688,1.0,3.0,2.5,2.5
50852121,210098522,MAQUILLAJE,CYZONE,14.9,2023-07-22,19,398.73,430.195,517,0.3157894736842105,0.6987788331071914,10290.04,453,277,0.6538461538461539,0.9547325102880658,0.834377967711301,50852121_Bundle_2,1,0.4976258309591643,,,,
50852121,200089168,FRAGANCIAS,CYZONE,19.99,2023-09-15,16,400.37,430.195,462,0.2631578947368421,0.6241519674355496,10290.04,453,277,0.5384615384615384,0.8415637860082305,0.7203228869895536,50852121_Bundle_2,0,0.4976258309591643,1.0,3.0,2.5,2.5
50852121,200113781,FRAGANCIAS,CYZONE,13.99,2024-10-28,16,402.98,430.195,53,0.2631578947368421,0.0691994572591587,10290.04,453,277,0.5384615384615384,0.0,0.2153846153846154,50852121_Bundle_2,0,0.4976258309591643,1.0,3.0,2.5,2.5
50852121,200090346,CUIDADO PERSONAL,ESIKA,18.3,2024-06-10,16,330.90999999999997,430.195,193,0.2631578947368421,0.2591587516960651,10290.04,453,277,0.5384615384615384,0.2880658436213992,0.3882241215574549,50852121_Bundle_2,0,0.4976258309591643,1.0,3.0,2.5,2.5
50852121,200086399,FRAGANCIAS,LBEL,23.37,2024-07-19,18,453.72,430.195,154,0.2982456140350877,0.2062415196743555,10290.04,453,277,0.6153846153846154,0.20781893004115226,0.3708452041785375,50852121_Bundle_2,0,0.4976258309591643,1.0,3.0,2.5,2.5
50852121,200103450,CUIDADO PERSONAL,CYZONE,4.98,2024-05-20,27,428.36,430.195,214,0.4561403508771929,0.2876526458616011,10290.04,453,277,0.9615384615384616,0.33127572016460904,0.5833808167141501,50852121_Bundle_2,0,0.4976258309591643,1.0,3.0,2.5,2.5
50852121,200109872,FRAGANCIAS,CYZONE,24.95,2024-07-19,18,453.72,430.195,154,0.2982456140350877,0.2062415196743555,10290.04,453,277,0.6153846153846154,0.20781893004115226,0.3708452041785375,50852121_Bundle_2,0,0.4976258309591643,1.0,3.0,2.5,2.5
50860264,210102578,COMPLEMENTOS,CYZONE,62.9,2023-07-20,19,537.4,430.195,519,0.3157894736842105,0.7014925373134329,2342.3,77,62,1.0,0.7938144329896907,0.8762886597938144,50860264_Bundle_1,1,0.6192439862542954,,,,
50860264,200103025,CUIDADO PERSONAL,ESIKA,29.9,2023-07-20,19,537.4,430.195,519,0.3157894736842105,0.7014925373134329,2342.3,77,62,1.0,0.7938144329896907,0.8762886597938144,50860264_Bundle_1,0,0.6192439862542954,1.0,3.0,2.5,2.5
50860264,200095903,FRAGANCIAS,ESIKA,59.9,2023-08-30,12,378.2,430.195,478,0.1929824561403508,0.6458616010854816,2342.3,77,62,0.2222222222222222,0.3711340206185567,0.3115693012600229,50860264_Bundle_1,0,0.6192439862542954,1.0,3.0,2.5,2.5
50860264,210102151,BIJOUTERIE,CYZONE,22.9,2023-07-20,19,537.4,430.195,519,0.3157894736842105,0.7014925373134329,2342.3,77,62,1.0,0.7938144329896907,0.8762886597938144,50860264_Bundle_1,0,0.6192439862542954,1.0,3.0,2.5,2.5
50860264,200102762,MAQUILLAJE,ESIKA,24.9,2023-08-11,14,443.8,430.195,497,0.2280701754385964,0.6716417910447762,2342.3,77,62,0.4444444444444444,0.5670103092783505,0.517983963344788,50860264_Bundle_1,0,0.6192439862542954,1.0,3.0,2.5,2.5
50860264,200103020,CUIDADO PERSONAL,ESIKA,22.9,2023-10-05,10,298.8,430.195,442,0.1578947368421052,0.5970149253731343,2342.3,77,62,0.0,0.0,0.0,50860264_Bundle_1,0,0.6192439862542954,1.0,3.0,2.5,2.5
50860264,200105655,CUIDADO PERSONAL,ESIKA,24.9,2023-07-20,19,537.4,430.195,519,0.3157894736842105,0.7014925373134329,2342.3,77,62,1.0,0.7938144329896907,0.8762886597938144,50860264_Bundle_1,0,0.6192439862542954,1.0,3.0,2.5,2.5
50860264,210102578,COMPLEMENTOS,CYZONE,62.9,2023-07-20,19,537.4,430.195,519,0.3157894736842105,0.7014925373134329,2342.3,77,62,1.0,0.7938144329896907,0.8762886597938144,50860264_Bundle_2,1,0.6101456390116183,,,,
50860264,200113794,MAQUILLAJE,CYZONE,14.9,2023-06-30,10,293.09999999999997,430.195,539,0.1578947368421052,0.728629579375848,2342.3,77,62,0.0,1.0,0.6,50860264_Bundle_2,0,0.6101456390116183,1.0,3.0,2.5,2.5
50860264,200102430,FRAGANCIAS,ESIKA,82.9,2023-09-15,12,391.0,430.195,462,0.1929824561403508,0.6241519674355496,2342.3,77,62,0.2222222222222222,0.20618556701030927,0.21260022909507445,50860264_Bundle_2,0,0.6101456390116183,1.0,3.0,2.5,2.5
50860264,200106941,MAQUILLAJE,CYZONE,29.9,2023-08-11,14,443.8,430.195,497,0.2280701754385964,0.6716417910447762,2342.3,77,62,0.4444444444444444,0.5670103092783505,0.517983963344788,50860264_Bundle_2,0,0.6101456390116183,1.0,3.0,2.5,2.5
50860264,200112748,MAQUILLAJE,ESIKA,12.9,2023-07-20,19,537.4,430.195,519,0.3157894736842105,0.7014925373134329,2342.3,77,62,1.0,0.7938144329896907,0.8762886597938144,50860264_Bundle_2,0,0.6101456390116183,1.0,3.0,2.5,2.5
50860264,200106360,FRAGANCIAS,CYZONE,42.9,2023-07-20,19,537.4,430.195,519,0.3157894736842105,0.7014925373134329,2342.3,77,62,1.0,0.7938144329896907,0.8762886597938144,50860264_Bundle_2,0,0.6101456390116183,1.0,3.0,2.5,2.5
50860264,200091727,FRAGANCIAS,ESIKA,44.9,2023-08-30,12,378.2,430.195,478,0.1929824561403508,0.6458616010854816,2342.3,77,62,0.2222222222222222,0.3711340206185567,0.3115693012600229,50860264_Bundle_2,0,0.6101456390116183,1.0,3.0,2.5,2.5
50935558,200108674,CUIDADO PERSONAL,ESIKA,7.38,2023-09-13,18,355.9,430.195,464,0.2982456140350877,0.6268656716417911,2184.75,75,64,1.0,0.7,0.8200000000000001,50935558_Bundle_1,1,0.626218487394958,,,,
50935558,210103898,RELOJES,CYZONE,139.9,2023-12-06,8,339.4,430.195,380,0.1228070175438596,0.5128900949796472,2184.75,75,64,0.4117647058823529,0.0,0.16470588235294117,50935558_Bundle_1,0,0.626218487394958,1.0,3.0,2.5,2.5
50935558,200098236,MAQUILLAJE,ESIKA,14.9,2023-08-28,6,278.15000000000003,430.195,480,0.087719298245614,0.6485753052917232,2184.75,75,64,0.29411764705882354,0.8333333333333334,0.6176470588235294,50935558_Bundle_1,0,0.626218487394958,1.0,3.0,2.5,2.5
50935558,200105017,FRAGANCIAS,CYZONE,17.45,2023-08-28,6,278.15000000000003,430.195,480,0.087719298245614,0.6485753052917232,2184.75,75,64,0.29411764705882354,0.8333333333333334,0.6176470588235294,50935558_Bundle_1,0,0.626218487394958,1.0,3.0,2.5,2.5
50935558,210093292,BIJOUTERIE,ESIKA,25.97,2023-09-13,18,355.9,430.195,464,0.2982456140350877,0.6268656716417911,2184.75,75,64,1.0,0.7,0.8200000000000001,50935558_Bundle_1,0,0.626218487394958,1.0,3.0,2.5,2.5
50935558,200110337,MAQUILLAJE,ESIKA,25.9,2023-08-08,8,282.2,430.195,500,0.1228070175438596,0.6757123473541384,2184.75,75,64,0.4117647058823529,1.0,0.7647058823529411,50935558_Bundle_1,0,0.626218487394958,1.0,3.0,2.5,2.5
50935558,200109610,MAQUILLAJE,CYZONE,20.9,2023-10-03,12,271.0,430.195,444,0.1929824561403508,0.5997286295793759,2184.75,75,64,0.6470588235294118,0.5333333333333333,0.5788235294117647,50935558_Bundle_1,0,0.626218487394958,1.0,3.0,2.5,2.5
50935558,200108674,CUIDADO PERSONAL,ESIKA,7.38,2023-09-13,18,355.9,430.195,464,0.2982456140350877,0.6268656716417911,2184.75,75,64,1.0,0.7,0.8200000000000001,50935558_Bundle_2,1,0.4784453781512606,,,,
50935558,200102045,FRAGANCIAS,ESIKA,39.9,2023-12-06,8,339.4,430.195,380,0.1228070175438596,0.5128900949796472,2184.75,75,64,0.4117647058823529,0.0,0.16470588235294117,50935558_Bundle_2,0,0.4784453781512606,1.0,3.0,2.5,2.5
50935558,200103354,MAQUILLAJE,ESIKA,14.9,2023-10-25,10,243.5,430.195,422,0.1578947368421052,0.5698778833107191,2184.75,75,64,0.5294117647058824,0.35,0.42176470588235293,50935558_Bundle_2,0,0.4784453781512606,1.0,3.0,2.5,2.5
50935558,210103898,RELOJES,CYZONE,139.9,2023-12-06,8,339.4,430.195,380,0.1228070175438596,0.5128900949796472,2184.75,75,64,0.4117647058823529,0.0,0.16470588235294117,50935558_Bundle_2,0,0.4784453781512606,1.0,3.0,2.5,2.5
50935558,200106352,FRAGANCIAS,LBEL,137.0,2023-08-28,6,278.15000000000003,430.195,480,0.087719298245614,0.6485753052917232,2184.75,75,64,0.29411764705882354,0.8333333333333334,0.6176470588235294,50935558_Bundle_2,0,0.4784453781512606,1.0,3.0,2.5,2.5
50935558,200088828,FRAGANCIAS,LBEL,21.95,2023-11-15,11,327.8,430.195,401,0.175438596491228,0.5413839891451832,2184.75,75,64,0.5882352941176471,0.175,0.34029411764705886,50935558_Bundle_2,0,0.4784453781512606,1.0,3.0,2.5,2.5
50935558,200101603,MAQUILLAJE,ESIKA,13.0,2023-09-13,18,355.9,430.195,464,0.2982456140350877,0.6268656716417911,2184.75,75,64,1.0,0.7,0.8200000000000001,50935558_Bundle_2,0,0.4784453781512606,1.0,3.0,2.5,2.5
50941108,200095420,CUIDADO PERSONAL,ESIKA,5.1,2023-08-15,21,476.7,430.195,493,0.3508771929824561,0.666214382632293,1802.35,85,75,1.0,0.7967479674796748,0.8780487804878049,50941108_Bundle_1,1,0.6630662020905923,,,,
50941108,200115941,VARIOS,GENERICA,59.9,2023-07-21,11,201.36,430.195,518,0.175438596491228,0.7001356852103121,1802.35,85,75,0.5,1.0,0.8,50941108_Bundle_1,0,0.6630662020905923,1.0,3.0,2.5,2.5
50941108,200104714,TRATAMIENTO CORPORAL,LBEL,10.0,2023-09-05,8,163.5,430.195,472,0.1228070175438596,0.6377204884667571,1802.35,85,75,0.35,0.6260162601626016,0.5156097560975609,50941108_Bundle_1,0,0.6630662020905923,1.0,3.0,2.5,2.5
50941108,200098673,FRAGANCIAS,ESIKA,24.95,2023-08-15,21,476.7,430.195,493,0.3508771929824561,0.666214382632293,1802.35,85,75,1.0,0.7967479674796748,0.8780487804878049,50941108_Bundle_1,0,0.6630662020905923,1.0,3.0,2.5,2.5
50941108,200106290,FRAGANCIAS,ESIKA,29.9,2023-10-30,11,306.35,430.195,417,0.175438596491228,0.5630936227951153,1802.35,85,75,0.5,0.17886178861788618,0.3073170731707317,50941108_Bundle_1,0,0.6630662020905923,1.0,3.0,2.5,2.5
50941108,200113615,FRAGANCIAS,LBEL,24.95,2023-10-06,9,249.61,430.195,441,0.1403508771929824,0.5956580732700135,1802.35,85,75,0.4,0.37398373983739835,0.38439024390243903,50941108_Bundle_1,0,0.6630662020905923,1.0,3.0,2.5,2.5
50941108,200106852,FRAGANCIAS,LBEL,24.95,2023-08-15,21,476.7,430.195,493,0.3508771929824561,0.666214382632293,1802.35,85,75,1.0,0.7967479674796748,0.8780487804878049,50941108_Bundle_1,0,0.6630662020905923,1.0,3.0,2.5,2.5
50941108,200095420,CUIDADO PERSONAL,ESIKA,5.1,2023-08-15,21,476.7,430.195,493,0.3508771929824561,0.666214382632293,1802.35,85,75,1.0,0.7967479674796748,0.8780487804878049,50941108_Bundle_2,1,0.553170731707317,,,,
50941108,200109875,FRAGANCIAS,LBEL,39.9,2023-11-21,13,261.72,430.195,395,0.2105263157894736,0.5332428765264586,1802.35,85,75,0.6,0.0,0.24,50941108_Bundle_2,0,0.553170731707317,1.0,3.0,2.5,2.5
50941108,210100064,BIJOUTERIE,ESIKA,49.9,2023-07-21,11,201.36,430.195,518,0.175438596491228,0.7001356852103121,1802.35,85,75,0.5,1.0,0.8,50941108_Bundle_2,0,0.553170731707317,1.0,3.0,2.5,2.5
50941108,210097405,BIJOUTERIE,ESIKA,34.9,2023-08-15,21,476.7,430.195,493,0.3508771929824561,0.666214382632293,1802.35,85,75,1.0,0.7967479674796748,0.8780487804878049,50941108_Bundle_2,0,0.553170731707317,1.0,3.0,2.5,2.5
50941108,200113615,FRAGANCIAS,LBEL,24.95,2023-10-06,9,249.61,430.195,441,0.1403508771929824,0.5956580732700135,1802.35,85,75,0.4,0.37398373983739835,0.38439024390243903,50941108_Bundle_2,0,0.553170731707317,1.0,3.0,2.5,2.5
50941108,200113410,TRATAMIENTO CORPORAL,LBEL,28.81,2023-10-30,11,306.35,430.195,417,0.175438596491228,0.5630936227951153,1802.35,85,75,0.5,0.17886178861788618,0.3073170731707317,50941108_Bundle_2,0,0.553170731707317,1.0,3.0,2.5,2.5
50941108,200060760,FRAGANCIAS,CYZONE,24.97,2023-10-06,9,249.61,430.195,441,0.1403508771929824,0.5956580732700135,1802.35,85,75,0.4,0.37398373983739835,0.38439024390243903,50941108_Bundle_2,0,0.553170731707317,1.0,3.0,2.5,2.5
50955184,200085860,CUIDADO PERSONAL,ESIKA,17.9,2023-07-22,17,519.39,430.195,517,0.2807017543859649,0.6987788331071914,2005.57,74,64,1.0,1.0,1.0,50955184_Bundle_1,1,0.4395428571428572,,,,
50955184,200106161,TRATAMIENTO CORPORAL,CYZONE,25.9,2023-09-22,10,298.09999999999997,430.195,455,0.1578947368421052,0.6146540027137042,2005.57,74,64,0.3,0.504,0.4224,50955184_Bundle_1,0,0.4395428571428572,1.0,3.0,2.5,2.5
50955184,200111234,TRATAMIENTO FACIAL,ESIKA,38.9,2023-11-24,7,201.3,430.195,392,0.1052631578947368,0.5291723202170964,2005.57,74,64,0.0,0.0,0.0,50955184_Bundle_1,0,0.4395428571428572,1.0,3.0,2.5,2.5
50955184,210103107,COMPLEMENTOS,ESIKA,59.9,2023-09-22,10,298.09999999999997,430.195,455,0.1578947368421052,0.6146540027137042,2005.57,74,64,0.3,0.504,0.4224,50955184_Bundle_1,0,0.4395428571428572,1.0,3.0,2.5,2.5
50955184,210099064,BIJOUTERIE,ESIKA,74.9,2023-09-06,8,267.4,430.195,471,0.1228070175438596,0.6363636363636364,2005.57,74,64,0.1,0.632,0.4192,50955184_Bundle_1,0,0.4395428571428572,1.0,3.0,2.5,2.5
50955184,200105017,FRAGANCIAS,CYZONE,22.45,2023-10-12,12,199.23,430.195,435,0.1929824561403508,0.587516960651289,2005.57,74,64,0.5,0.344,0.4064,50955184_Bundle_1,0,0.4395428571428572,1.0,3.0,2.5,2.5
50955184,200099199,MUESTRAS COSMETICOS,LBEL,1.9,2023-10-12,12,199.23,430.195,435,0.1929824561403508,0.587516960651289,2005.57,74,64,0.5,0.344,0.4064,50955184_Bundle_1,0,0.4395428571428572,1.0,3.0,2.5,2.5
50955184,200085860,CUIDADO PERSONAL,ESIKA,17.9,2023-07-22,17,519.39,430.195,517,0.2807017543859649,0.6987788331071914,2005.57,74,64,1.0,1.0,1.0,50955184_Bundle_2,1,0.6246857142857143,,,,
50955184,200101421,FRAGANCIAS,ESIKA,110.9,2023-08-16,9,257.05,430.195,492,0.1403508771929824,0.6648575305291723,2005.57,74,64,0.2,0.8,0.56,50955184_Bundle_2,0,0.6246857142857143,1.0,3.0,2.5,2.5
50955184,200099199,MUESTRAS COSMETICOS,LBEL,1.9,2023-10-12,12,199.23,430.195,435,0.1929824561403508,0.587516960651289,2005.57,74,64,0.5,0.344,0.4064,50955184_Bundle_2,0,0.6246857142857143,1.0,3.0,2.5,2.5
50955184,210096211,MAQUILLAJE,ESIKA,12.9,2023-11-24,7,201.3,430.195,392,0.1052631578947368,0.5291723202170964,2005.57,74,64,0.0,0.0,0.0,50955184_Bundle_2,0,0.6246857142857143,1.0,3.0,2.5,2.5
50955184,210102338,BIJOUTERIE,ESIKA,49.9,2023-07-22,17,519.39,430.195,517,0.2807017543859649,0.6987788331071914,2005.57,74,64,1.0,1.0,1.0,50955184_Bundle_2,0,0.6246857142857143,1.0,3.0,2.5,2.5
50955184,210100689,HOGAR,CYZONE,99.9,2023-07-22,17,519.39,430.195,517,0.2807017543859649,0.6987788331071914,2005.57,74,64,1.0,1.0,1.0,50955184_Bundle_2,0,0.6246857142857143,1.0,3.0,2.5,2.5
50955184,200098520,MUESTRAS COSMETICOS,ESIKA,1.37,2023-10-12,12,199.23,430.195,435,0.1929824561403508,0.587516960651289,2005.57,74,64,0.5,0.344,0.4064,50955184_Bundle_2,0,0.6246857142857143,1.0,3.0,2.5,2.5
50967689,200111391,CUIDADO PERSONAL,CYZONE,20.9,2023-09-15,20,456.7,430.195,462,0.3333333333333333,0.6241519674355496,2714.88,98,80,1.0,0.5478260869565217,0.728695652173913,50967689_Bundle_1,1,0.4943685300207039,,,,
50967689,210095421,BIJOUTERIE,ESIKA,25.97,2023-09-15,20,456.7,430.195,462,0.3333333333333333,0.6241519674355496,2714.88,98,80,1.0,0.5478260869565217,0.728695652173913,50967689_Bundle_1,0,0.4943685300207039,1.0,3.0,2.5,2.5
50967689,210103927,BIJOUTERIE,CYZONE,29.9,2023-08-30,15,392.6,430.195,478,0.2456140350877192,0.6458616010854816,2714.88,98,80,0.5833333333333334,0.6869565217391305,0.6455072463768117,50967689_Bundle_1,0,0.4943685300207039,1.0,3.0,2.5,2.5
50967689,210103638,BIJOUTERIE,ESIKA,44.9,2023-11-17,17,460.8,430.195,399,0.2807017543859649,0.5386702849389416,2714.88,98,80,0.75,0.0,0.30000000000000004,50967689_Bundle_1,0,0.4943685300207039,1.0,3.0,2.5,2.5
50967689,200102370,FRAGANCIAS,ESIKA,24.66,2023-11-17,17,460.8,430.195,399,0.2807017543859649,0.5386702849389416,2714.88,98,80,0.75,0.0,0.30000000000000004,50967689_Bundle_1,0,0.4943685300207039,1.0,3.0,2.5,2.5
50967689,200109649,TRATAMIENTO CORPORAL,CYZONE,12.9,2023-11-17,17,460.8,430.195,399,0.2807017543859649,0.5386702849389416,2714.88,98,80,0.75,0.0,0.30000000000000004,50967689_Bundle_1,0,0.4943685300207039,1.0,3.0,2.5,2.5
50967689,200115164,MAQUILLAJE,ESIKA,17.9,2023-10-05,15,403.7,430.195,442,0.2456140350877192,0.5970149253731343,2714.88,98,80,0.5833333333333334,0.3739130434782609,0.45768115942028986,50967689_Bundle_1,0,0.4943685300207039,1.0,3.0,2.5,2.5
50967689,200111391,CUIDADO PERSONAL,CYZONE,20.9,2023-09-15,20,456.7,430.195,462,0.3333333333333333,0.6241519674355496,2714.88,98,80,1.0,0.5478260869565217,0.728695652173913,50967689_Bundle_2,1,0.4914285714285714,,,,
50967689,200109584,FRAGANCIAS,ESIKA,44.9,2023-10-26,12,517.0,430.195,421,0.1929824561403508,0.5685210312075983,2714.88,98,80,0.3333333333333333,0.19130434782608696,0.24811594202898551,50967689_Bundle_2,0,0.4914285714285714,1.0,3.0,2.5,2.5
50967689,200108161,MAQUILLAJE,CYZONE,13.9,2023-11-17,17,460.8,430.195,399,0.2807017543859649,0.5386702849389416,2714.88,98,80,0.75,0.0,0.30000000000000004,50967689_Bundle_2,0,0.4914285714285714,1.0,3.0,2.5,2.5
50967689,200103354,MAQUILLAJE,ESIKA,24.9,2023-10-05,15,403.7,430.195,442,0.2456140350877192,0.5970149253731343,2714.88,98,80,0.5833333333333334,0.3739130434782609,0.45768115942028986,50967689_Bundle_2,0,0.4914285714285714,1.0,3.0,2.5,2.5
50967689,200114988,TRATAMIENTO CORPORAL,ESIKA,14.2,2023-09-15,20,456.7,430.195,462,0.3333333333333333,0.6241519674355496,2714.88,98,80,1.0,0.5478260869565217,0.728695652173913,50967689_Bundle_2,0,0.4914285714285714,1.0,3.0,2.5,2.5
50967689,210102618,COMPLEMENTOS,CYZONE,86.9,2023-10-26,12,517.0,430.195,421,0.1929824561403508,0.5685210312075983,2714.88,98,80,0.3333333333333333,0.19130434782608696,0.24811594202898551,50967689_Bundle_2,0,0.4914285714285714,1.0,3.0,2.5,2.5
50967689,200089168,FRAGANCIAS,CYZONE,28.93,2023-09-15,20,456.7,430.195,462,0.3333333333333333,0.6241519674355496,2714.88,98,80,1.0,0.5478260869565217,0.728695652173913,50967689_Bundle_2,0,0.4914285714285714,1.0,3.0,2.5,2.5
50973573,200095159,CUIDADO PERSONAL,ESIKA,5.1,2023-08-22,14,221.8,430.195,486,0.2280701754385964,0.6567164179104478,3657.33,136,94,0.8666666666666667,0.905982905982906,0.8902564102564102,50973573_Bundle_1,1,0.6578754578754579,,,,
50973573,200115585,FRAGANCIAS,CYZONE,26.3,2023-11-23,16,289.3,430.195,393,0.2631578947368421,0.5305291723202171,3657.33,136,94,1.0,0.5085470085470085,0.7051282051282051,50973573_Bundle_1,0,0.6578754578754579,1.0,3.0,2.5,2.5
50973573,200113540,TRATAMIENTO CORPORAL,LBEL,69.0,2023-12-26,5,202.7,430.195,360,0.0701754385964912,0.485753052917232,3657.33,136,94,0.26666666666666666,0.36752136752136755,0.3271794871794872,50973573_Bundle_1,0,0.6578754578754579,1.0,3.0,2.5,2.5
50973573,200101074,MAQUILLAJE,CYZONE,27.9,2023-08-22,14,221.8,430.195,486,0.2280701754385964,0.6567164179104478,3657.33,136,94,0.8666666666666667,0.905982905982906,0.8902564102564102,50973573_Bundle_1,0,0.6578754578754579,1.0,3.0,2.5,2.5
50973573,210095652,MAQUILLAJE,CYZONE,13.0,2023-11-03,9,255.9,430.195,413,0.1403508771929824,0.5576662143826323,3657.33,136,94,0.5333333333333333,0.594017094017094,0.5697435897435897,50973573_Bundle_1,0,0.6578754578754579,1.0,3.0,2.5,2.5
50973573,200114037,TRATAMIENTO FACIAL,LBEL,17.9,2023-08-21,5,171.5,430.195,487,0.0701754385964912,0.6580732700135685,3657.33,136,94,0.26666666666666666,0.9102564102564102,0.6528205128205128,50973573_Bundle_1,0,0.6578754578754579,1.0,3.0,2.5,2.5
50973573,200103354,MAQUILLAJE,ESIKA,14.9,2023-11-03,9,255.9,430.195,413,0.1403508771929824,0.5576662143826323,3657.33,136,94,0.5333333333333333,0.594017094017094,0.5697435897435897,50973573_Bundle_1,0,0.6578754578754579,1.0,3.0,2.5,2.5
50973573,200095159,CUIDADO PERSONAL,ESIKA,5.1,2023-08-22,14,221.8,430.195,486,0.2280701754385964,0.6567164179104478,3657.33,136,94,0.8666666666666667,0.905982905982906,0.8902564102564102,50973573_Bundle_2,1,0.5032967032967034,,,,
50973573,200102433,FRAGANCIAS,ESIKA,18.0,2024-02-08,9,221.76,430.195,316,0.1403508771929824,0.4260515603799186,3657.33,136,94,0.5333333333333333,0.1794871794871795,0.321025641025641,50973573_Bundle_2,0,0.5032967032967034,1.0,3.0,2.5,2.5
50973573,200090452,FRAGANCIAS,ESIKA,39.9,2024-01-18,16,338.2,430.195,337,0.2631578947368421,0.4545454545454545,3657.33,136,94,1.0,0.2692307692307692,0.5615384615384615,50973573_Bundle_2,0,0.5032967032967034,1.0,3.0,2.5,2.5
50973573,200100617,FRAGANCIAS,ESIKA,20.0,2023-12-06,11,240.6,430.195,380,0.175438596491228,0.5128900949796472,3657.33,136,94,0.6666666666666666,0.452991452991453,0.5384615384615384,50973573_Bundle_2,0,0.5032967032967034,1.0,3.0,2.5,2.5
50973573,200115589,TRATAMIENTO FACIAL,ESIKA,29.9,2024-02-08,9,221.76,430.195,316,0.1403508771929824,0.4260515603799186,3657.33,136,94,0.5333333333333333,0.1794871794871795,0.321025641025641,50973573_Bundle_2,0,0.5032967032967034,1.0,3.0,2.5,2.5
50973573,200089498,TRATAMIENTO CORPORAL,ESIKA,41.9,2024-02-08,9,221.76,430.195,316,0.1403508771929824,0.4260515603799186,3657.33,136,94,0.5333333333333333,0.1794871794871795,0.321025641025641,50973573_Bundle_2,0,0.5032967032967034,1.0,3.0,2.5,2.5
50973573,210103107,COMPLEMENTOS,ESIKA,54.9,2023-11-03,9,255.9,430.195,413,0.1403508771929824,0.5576662143826323,3657.33,136,94,0.5333333333333333,0.594017094017094,0.5697435897435897,50973573_Bundle_2,0,0.5032967032967034,1.0,3.0,2.5,2.5
50974227,200089507,FRAGANCIAS,ESIKA,34.95,2023-08-18,7,212.35,430.195,490,0.1052631578947368,0.6621438263229308,1733.84,74,59,0.14285714285714285,1.0,0.6571428571428571,50974227_Bundle_1,1,0.5303544575725027,,,,
50974227,200078931,CUIDADO PERSONAL,ESIKA,15.11,2023-11-21,19,420.87,430.195,395,0.3157894736842105,0.5332428765264586,1733.84,74,59,1.0,0.0,0.4,50974227_Bundle_1,0,0.5303544575725027,1.0,3.0,2.5,2.5
50974227,200103922,MAQUILLAJE,CYZONE,14.9,2023-09-11,6,204.5,430.195,466,0.087719298245614,0.6295793758480326,1733.84,74,59,0.07142857142857142,0.7473684210526316,0.4769924812030075,50974227_Bundle_1,0,0.5303544575725027,1.0,3.0,2.5,2.5
50974227,200114765,MAQUILLAJE,ESIKA,29.9,2023-10-31,17,294.76,430.195,416,0.2807017543859649,0.5617367706919946,1733.84,74,59,0.8571428571428571,0.22105263157894736,0.4754887218045113,50974227_Bundle_1,0,0.5303544575725027,1.0,3.0,2.5,2.5
50974227,200102109,MAQUILLAJE,CYZONE,22.9,2023-09-25,15,333.06,430.195,452,0.2456140350877192,0.6105834464043419,1733.84,74,59,0.7142857142857143,0.6,0.6457142857142857,50974227_Bundle_1,0,0.5303544575725027,1.0,3.0,2.5,2.5
50974227,200106488,TRATAMIENTO FACIAL,CYZONE,17.9,2023-11-21,19,420.87,430.195,395,0.3157894736842105,0.5332428765264586,1733.84,74,59,1.0,0.0,0.4,50974227_Bundle_1,0,0.5303544575725027,1.0,3.0,2.5,2.5
50974227,200106606,MAQUILLAJE,CYZONE,18.9,2023-08-18,7,212.35,430.195,490,0.1052631578947368,0.6621438263229308,1733.84,74,59,0.14285714285714285,1.0,0.6571428571428571,50974227_Bundle_1,0,0.5303544575725027,1.0,3.0,2.5,2.5
50974227,200089507,FRAGANCIAS,ESIKA,34.95,2023-08-18,7,212.35,430.195,490,0.1052631578947368,0.6621438263229308,1733.84,74,59,0.14285714285714285,1.0,0.6571428571428571,50974227_Bundle_2,1,0.5144575725026853,,,,
50974227,200109537,CUIDADO PERSONAL,ESIKA,4.68,2023-10-31,17,294.76,430.195,416,0.2807017543859649,0.5617367706919946,1733.84,74,59,0.8571428571428571,0.22105263157894736,0.4754887218045113,50974227_Bundle_2,0,0.5144575725026853,1.0,3.0,2.5,2.5
50974227,200108507,CUIDADO PERSONAL,ESIKA,15.9,2023-08-18,7,212.35,430.195,490,0.1052631578947368,0.6621438263229308,1733.84,74,59,0.14285714285714285,1.0,0.6571428571428571,50974227_Bundle_2,0,0.5144575725026853,1.0,3.0,2.5,2.5
50974227,210104234,BIJOUTERIE,ESIKA,49.9,2023-10-18,5,161.5,430.195,429,0.0701754385964912,0.5793758480325645,1733.84,74,59,0.0,0.35789473684210527,0.21473684210526314,50974227_Bundle_2,0,0.5144575725026853,1.0,3.0,2.5,2.5
50974227,200102092,MAQUILLAJE,CYZONE,22.9,2023-09-25,15,333.06,430.195,452,0.2456140350877192,0.6105834464043419,1733.84,74,59,0.7142857142857143,0.6,0.6457142857142857,50974227_Bundle_2,0,0.5144575725026853,1.0,3.0,2.5,2.5
50974227,200106566,MAQUILLAJE,CYZONE,13.9,2023-10-31,17,294.76,430.195,416,0.2807017543859649,0.5617367706919946,1733.84,74,59,0.8571428571428571,0.22105263157894736,0.4754887218045113,50974227_Bundle_2,0,0.5144575725026853,1.0,3.0,2.5,2.5
50974227,200082687,CUIDADO PERSONAL,ESIKA,10.0,2023-10-31,17,294.76,430.195,416,0.2807017543859649,0.5617367706919946,1733.84,74,59,0.8571428571428571,0.22105263157894736,0.4754887218045113,50974227_Bundle_2,0,0.5144575725026853,1.0,3.0,2.5,2.5
51056906,200078931,CUIDADO PERSONAL,ESIKA,22.9,2023-08-30,15,289.8,430.195,478,0.2456140350877192,0.6458616010854816,7525.62,312,205,0.5,1.0,0.8,51056906_Bundle_1,1,0.4440816326530612,,,,
51056906,200102515,MAQUILLAJE,ESIKA,32.9,2023-12-07,12,413.35,430.195,379,0.1929824561403508,0.5115332428765265,7525.62,312,205,0.39285714285714285,0.7642857142857142,0.6157142857142857,51056906_Bundle_1,0,0.4440816326530612,1.0,3.0,2.5,2.5
51056906,200105218,TRATAMIENTO FACIAL,ESIKA,36.9,2024-06-28,8,206.4,430.195,175,0.1228070175438596,0.2347354138398914,7525.62,312,205,0.25,0.2785714285714286,0.2671428571428571,51056906_Bundle_1,0,0.4440816326530612,1.0,3.0,2.5,2.5
51056906,200110346,MAQUILLAJE,ESIKA,13.3,2024-01-11,16,389.94,430.195,344,0.2631578947368421,0.4640434192672998,7525.62,312,205,0.5357142857142857,0.680952380952381,0.6228571428571429,51056906_Bundle_1,0,0.4440816326530612,1.0,3.0,2.5,2.5
51056906,210104319,MAQUILLAJE,CYZONE,20.9,2024-06-04,11,318.42,430.195,199,0.175438596491228,0.2672998643147897,7525.62,312,205,0.35714285714285715,0.3357142857142857,0.3442857142857143,51056906_Bundle_1,0,0.4440816326530612,1.0,3.0,2.5,2.5
51056906,210106545,BIJOUTERIE,ESIKA,39.9,2024-10-23,9,320.0,430.195,58,0.1403508771929824,0.0759837177747625,7525.62,312,205,0.2857142857142857,0.0,0.11428571428571428,51056906_Bundle_1,0,0.4440816326530612,1.0,3.0,2.5,2.5
51056906,200116807,FRAGANCIAS,CYZONE,32.9,2024-06-04,11,318.42,430.195,199,0.175438596491228,0.2672998643147897,7525.62,312,205,0.35714285714285715,0.3357142857142857,0.3442857142857143,51056906_Bundle_1,0,0.4440816326530612,1.0,3.0,2.5,2.5
51056906,200078931,CUIDADO PERSONAL,ESIKA,22.9,2023-08-30,15,289.8,430.195,478,0.2456140350877192,0.6458616010854816,7525.62,312,205,0.5,1.0,0.8,51056906_Bundle_2,1,0.5622448979591838,,,,
51056906,200102515,MAQUILLAJE,ESIKA,32.9,2023-12-07,12,413.35,430.195,379,0.1929824561403508,0.5115332428765265,7525.62,312,205,0.39285714285714285,0.7642857142857142,0.6157142857142857,51056906_Bundle_2,0,0.5622448979591838,1.0,3.0,2.5,2.5
51056906,200105983,MAQUILLAJE,LBEL,12.9,2024-08-29,29,705.55,430.195,113,0.4912280701754385,0.1506105834464043,7525.62,312,205,1.0,0.13095238095238096,0.4785714285714286,51056906_Bundle_2,0,0.5622448979591838,1.0,3.0,2.5,2.5
51056906,200107078,MAQUILLAJE,ESIKA,29.9,2024-01-11,16,389.94,430.195,344,0.2631578947368421,0.4640434192672998,7525.62,312,205,0.5357142857142857,0.680952380952381,0.6228571428571429,51056906_Bundle_2,0,0.5622448979591838,1.0,3.0,2.5,2.5
51056906,210102116,MAQUILLAJE,CYZONE,32.9,2023-09-18,13,294.34999999999997,430.195,459,0.2105263157894736,0.6200814111261872,7525.62,312,205,0.42857142857142855,0.9547619047619048,0.7442857142857142,51056906_Bundle_2,0,0.5622448979591838,1.0,3.0,2.5,2.5
51056906,210105863,BIJOUTERIE,ESIKA,49.9,2024-07-09,14,419.8,430.195,164,0.2280701754385964,0.2198100407055631,7525.62,312,205,0.4642857142857143,0.2523809523809524,0.33714285714285713,51056906_Bundle_2,0,0.5622448979591838,1.0,3.0,2.5,2.5
51056906,200117468,MAQUILLAJE,ESIKA,13.9,2024-07-09,14,419.8,430.195,164,0.2280701754385964,0.2198100407055631,7525.62,312,205,0.4642857142857143,0.2523809523809524,0.33714285714285713,51056906_Bundle_2,0,0.5622448979591838,1.0,3.0,2.5,2.5
51096878,210098464,MAQUILLAJE,CYZONE,13.9,2023-09-18,14,280.99,430.195,459,0.2280701754385964,0.6200814111261872,1972.66,78,65,0.5384615384615384,0.8181818181818182,0.7062937062937062,51096878_Bundle_1,1,0.4092574092574092,,,,
51096878,210102540,BIJOUTERIE,CYZONE,20.9,2023-11-17,13,258.57,430.195,399,0.2105263157894736,0.5386702849389416,1972.66,78,65,0.46153846153846156,0.21212121212121213,0.3118881118881119,51096878_Bundle_1,0,0.4092574092574092,1.0,3.0,2.5,2.5
51096878,200112357,CUIDADO PERSONAL,ESIKA,30.9,2023-11-17,13,258.57,430.195,399,0.2105263157894736,0.5386702849389416,1972.66,78,65,0.46153846153846156,0.21212121212121213,0.3118881118881119,51096878_Bundle_1,0,0.4092574092574092,1.0,3.0,2.5,2.5
51096878,210100409,CUIDADO PERSONAL,LBEL,15.9,2023-12-08,13,324.09999999999997,430.195,378,0.2105263157894736,0.5101763907734057,1972.66,78,65,0.46153846153846156,0.0,0.18461538461538463,51096878_Bundle_1,0,0.4092574092574092,1.0,3.0,2.5,2.5
51096878,200105335,FRAGANCIAS,LBEL,29.9,2023-10-27,20,468.5,430.195,420,0.3333333333333333,0.5671641791044776,1972.66,78,65,1.0,0.42424242424242425,0.6545454545454545,51096878_Bundle_1,0,0.4092574092574092,1.0,3.0,2.5,2.5
51096878,200109873,FRAGANCIAS,CYZONE,28.9,2023-12-08,13,324.09999999999997,430.195,378,0.2105263157894736,0.5101763907734057,1972.66,78,65,0.46153846153846156,0.0,0.18461538461538463,51096878_Bundle_1,0,0.4092574092574092,1.0,3.0,2.5,2.5
51096878,200090349,CUIDADO PERSONAL,ESIKA,19.9,2023-10-05,11,254.0,430.195,442,0.175438596491228,0.5970149253731343,1972.66,78,65,0.3076923076923077,0.6464646464646465,0.510955710955711,51096878_Bundle_1,0,0.4092574092574092,1.0,3.0,2.5,2.5
51096878,210098464,MAQUILLAJE,CYZONE,13.9,2023-09-18,14,280.99,430.195,459,0.2280701754385964,0.6200814111261872,1972.66,78,65,0.5384615384615384,0.8181818181818182,0.7062937062937062,51096878_Bundle_2,1,0.44002664002664016,,,,
51096878,200099686,FRAGANCIAS,CYZONE,22.9,2023-10-27,20,468.5,430.195,420,0.3333333333333333,0.5671641791044776,1972.66,78,65,1.0,0.42424242424242425,0.6545454545454545,51096878_Bundle_2,0,0.44002664002664016,1.0,3.0,2.5,2.5
51096878,200090349,CUIDADO PERSONAL,ESIKA,19.9,2023-10-05,11,254.0,430.195,442,0.175438596491228,0.5970149253731343,1972.66,78,65,0.3076923076923077,0.6464646464646465,0.510955710955711,51096878_Bundle_2,0,0.44002664002664016,1.0,3.0,2.5,2.5
51096878,200082674,FRAGANCIAS,ESIKA,17.16,2023-10-27,20,468.5,430.195,420,0.3333333333333333,0.5671641791044776,1972.66,78,65,1.0,0.42424242424242425,0.6545454545454545,51096878_Bundle_2,0,0.44002664002664016,1.0,3.0,2.5,2.5
51096878,200106346,FRAGANCIAS,ESIKA,29.9,2023-12-08,13,324.09999999999997,430.195,378,0.2105263157894736,0.5101763907734057,1972.66,78,65,0.46153846153846156,0.0,0.18461538461538463,51096878_Bundle_2,0,0.44002664002664016,1.0,3.0,2.5,2.5
51096878,200108408,FRAGANCIAS,ESIKA,25.99,2023-12-08,13,324.09999999999997,430.195,378,0.2105263157894736,0.5101763907734057,1972.66,78,65,0.46153846153846156,0.0,0.18461538461538463,51096878_Bundle_2,0,0.44002664002664016,1.0,3.0,2.5,2.5
51096878,210100409,CUIDADO PERSONAL,LBEL,15.9,2023-12-08,13,324.09999999999997,430.195,378,0.2105263157894736,0.5101763907734057,1972.66,78,65,0.46153846153846156,0.0,0.18461538461538463,51096878_Bundle_2,0,0.44002664002664016,1.0,3.0,2.5,2.5
51129296,200105011,FRAGANCIAS,CYZONE,24.9,2023-09-22,12,405.65,430.195,455,0.1929824561403508,0.6146540027137042,5619.05,192,162,0.3333333333333333,0.964622641509434,0.7121069182389936,51129296_Bundle_1,1,0.4706424079065589,,,,
51129296,200106604,MAQUILLAJE,CYZONE,15.9,2024-04-26,24,725.8,430.195,238,0.4035087719298245,0.3202170963364993,5619.05,192,162,1.0,0.4528301886792453,0.6716981132075472,51129296_Bundle_1,0,0.4706424079065589,1.0,3.0,2.5,2.5
51129296,200082687,CUIDADO PERSONAL,ESIKA,27.9,2024-05-20,12,319.9,430.195,214,0.1929824561403508,0.2876526458616011,5619.05,192,162,0.3333333333333333,0.39622641509433965,0.37106918238993714,51129296_Bundle_1,0,0.4706424079065589,1.0,3.0,2.5,2.5
51129296,200089508,TRATAMIENTO CORPORAL,ESIKA,29.9,2024-07-19,16,552.5,430.195,154,0.2631578947368421,0.2062415196743555,5619.05,192,162,0.5555555555555556,0.25471698113207547,0.3750524109014675,51129296_Bundle_1,0,0.4706424079065589,1.0,3.0,2.5,2.5
51129296,200112308,MAQUILLAJE,CYZONE,21.9,2023-12-18,12,272.79999999999995,430.195,368,0.1929824561403508,0.4966078697421981,5619.05,192,162,0.3333333333333333,0.7594339622641509,0.5889937106918238,51129296_Bundle_1,0,0.4706424079065589,1.0,3.0,2.5,2.5
51129296,210104989,BIJOUTERIE,CYZONE,17.9,2024-07-19,16,552.5,430.195,154,0.2631578947368421,0.2062415196743555,5619.05,192,162,0.5555555555555556,0.25471698113207547,0.3750524109014675,51129296_Bundle_1,0,0.4706424079065589,1.0,3.0,2.5,2.5
51129296,210105849,BIJOUTERIE,ESIKA,16.3,2024-07-01,7,167.39999999999998,430.195,172,0.1052631578947368,0.2306648575305291,5619.05,192,162,0.05555555555555555,0.2971698113207547,0.20052410901467504,51129296_Bundle_1,0,0.4706424079065589,1.0,3.0,2.5,2.5
51129296,200105011,FRAGANCIAS,CYZONE,24.9,2023-09-22,12,405.65,430.195,455,0.1929824561403508,0.6146540027137042,5619.05,192,162,0.3333333333333333,0.964622641509434,0.7121069182389936,51129296_Bundle_2,1,0.598045822102426,,,,
51129296,200102765,MAQUILLAJE,ESIKA,29.9,2023-11-06,13,380.9,430.195,410,0.2105263157894736,0.55359565807327,5619.05,192,162,0.3888888888888889,0.8584905660377359,0.6706498951781971,51129296_Bundle_2,0,0.598045822102426,1.0,3.0,2.5,2.5
51129296,210104992,BIJOUTERIE,CYZONE,32.9,2024-07-01,7,167.39999999999998,430.195,172,0.1052631578947368,0.2306648575305291,5619.05,192,162,0.05555555555555555,0.2971698113207547,0.20052410901467504,51129296_Bundle_2,0,0.598045822102426,1.0,3.0,2.5,2.5
51129296,210103942,COMPLEMENTOS,CYZONE,24.9,2023-12-18,12,272.79999999999995,430.195,368,0.1929824561403508,0.4966078697421981,5619.05,192,162,0.3333333333333333,0.7594339622641509,0.5889937106918238,51129296_Bundle_2,0,0.598045822102426,1.0,3.0,2.5,2.5
51129296,210105919,BIJOUTERIE,CYZONE,59.9,2024-04-26,24,725.8,430.195,238,0.4035087719298245,0.3202170963364993,5619.05,192,162,1.0,0.4528301886792453,0.6716981132075472,51129296_Bundle_2,0,0.598045822102426,1.0,3.0,2.5,2.5
51129296,200115167,MAQUILLAJE,ESIKA,19.9,2024-04-26,24,725.8,430.195,238,0.4035087719298245,0.3202170963364993,5619.05,192,162,1.0,0.4528301886792453,0.6716981132075472,51129296_Bundle_2,0,0.598045822102426,1.0,3.0,2.5,2.5
51129296,200091875,MAQUILLAJE,ESIKA,41.9,2023-11-06,13,380.9,430.195,410,0.2105263157894736,0.55359565807327,5619.05,192,162,0.3888888888888889,0.8584905660377359,0.6706498951781971,51129296_Bundle_2,0,0.598045822102426,1.0,3.0,2.5,2.5
51181794,200103022,CUIDADO PERSONAL,ESIKA,22.9,2023-09-21,15,425.5,430.195,456,0.2456140350877192,0.6160108548168249,3376.5,102,88,1.0,1.0,1.0,51181794_Bundle_1,1,0.7901747173689618,,,,
51181794,200108409,FRAGANCIAS,ESIKA,47.9,2023-09-21,15,425.5,430.195,456,0.2456140350877192,0.6160108548168249,3376.5,102,88,1.0,1.0,1.0,51181794_Bundle_1,0,0.7901747173689618,1.0,3.0,2.5,2.5
51181794,210102338,BIJOUTERIE,ESIKA,49.9,2023-09-21,15,425.5,430.195,456,0.2456140350877192,0.6160108548168249,3376.5,102,88,1.0,1.0,1.0,51181794_Bundle_1,0,0.7901747173689618,1.0,3.0,2.5,2.5
51181794,210104482,BIJOUTERIE,ESIKA,49.9,2024-01-02,13,492.8,430.195,353,0.2105263157894736,0.4762550881953867,3376.5,102,88,0.6,0.2589928057553957,0.3953956834532374,51181794_Bundle_1,0,0.7901747173689618,1.0,3.0,2.5,2.5
51181794,200101086,TRATAMIENTO FACIAL,LBEL,76.0,2023-11-24,12,397.7999999999999,430.195,392,0.1929824561403508,0.5291723202170964,3376.5,102,88,0.4,0.539568345323741,0.4837410071942446,51181794_Bundle_1,0,0.7901747173689618,1.0,3.0,2.5,2.5
51181794,200106346,FRAGANCIAS,ESIKA,39.9,2023-09-21,15,425.5,430.195,456,0.2456140350877192,0.6160108548168249,3376.5,102,88,1.0,1.0,1.0,51181794_Bundle_1,0,0.7901747173689618,1.0,3.0,2.5,2.5
51181794,200098673,FRAGANCIAS,ESIKA,59.9,2023-10-16,12,413.9,430.195,431,0.1929824561403508,0.582089552238806,3376.5,102,88,0.4,0.8201438848920863,0.6520863309352518,51181794_Bundle_1,0,0.7901747173689618,1.0,3.0,2.5,2.5
51181794,200103022,CUIDADO PERSONAL,ESIKA,22.9,2023-09-21,15,425.5,430.195,456,0.2456140350877192,0.6160108548168249,3376.5,102,88,1.0,1.0,1.0,51181794_Bundle_2,1,0.5976567317574512,,,,
51181794,210105297,COMPLEMENTOS,CYZONE,49.9,2024-02-07,10,364.1,430.195,317,0.1578947368421052,0.4274084124830393,3376.5,102,88,0.0,0.0,0.0,51181794_Bundle_2,0,0.5976567317574512,1.0,3.0,2.5,2.5
51181794,210104203,BIJOUTERIE,ESIKA,39.9,2023-11-02,14,464.6,430.195,414,0.2280701754385964,0.5590230664857531,3376.5,102,88,0.8,0.697841726618705,0.7387050359712231,51181794_Bundle_2,0,0.5976567317574512,1.0,3.0,2.5,2.5
51181794,200101369,FRAGANCIAS,LBEL,84.0,2024-01-02,13,492.8,430.195,353,0.2105263157894736,0.4762550881953867,3376.5,102,88,0.6,0.2589928057553957,0.3953956834532374,51181794_Bundle_2,0,0.5976567317574512,1.0,3.0,2.5,2.5
51181794,200114550,TRATAMIENTO FACIAL,CYZONE,26.9,2023-10-16,12,413.9,430.195,431,0.1929824561403508,0.582089552238806,3376.5,102,88,0.4,0.8201438848920863,0.6520863309352518,51181794_Bundle_2,0,0.5976567317574512,1.0,3.0,2.5,2.5
51181794,200095964,FRAGANCIAS,CYZONE,22.9,2023-09-21,15,425.5,430.195,456,0.2456140350877192,0.6160108548168249,3376.5,102,88,1.0,1.0,1.0,51181794_Bundle_2,0,0.5976567317574512,1.0,3.0,2.5,2.5
51181794,200098633,FRAGANCIAS,LBEL,85.0,2023-12-14,12,431.2,430.195,372,0.1929824561403508,0.5020352781546812,3376.5,102,88,0.4,0.39568345323741005,0.39741007194244604,51181794_Bundle_2,0,0.5976567317574512,1.0,3.0,2.5,2.5
51241487,200105216,TRATAMIENTO FACIAL,ESIKA,26.9,2023-10-02,17,468.7999999999999,430.195,445,0.2807017543859649,0.6010854816824966,2662.26,89,86,0.9166666666666666,1.0,0.9666666666666667,51241487_Bundle_1,1,0.7312124849939975,,,,
51241487,210099204,RELOJES,ESIKA,139.9,2023-12-06,12,598.9,430.195,380,0.1929824561403508,0.5128900949796472,2662.26,89,86,0.5,0.453781512605042,0.4722689075630252,51241487_Bundle_1,0,0.7312124849939975,1.0,3.0,2.5,2.5
51241487,200103727,MAQUILLAJE,ESIKA,18.3,2023-10-20,16,473.3,430.195,427,0.2631578947368421,0.576662143826323,2662.26,89,86,0.8333333333333334,0.8487394957983193,0.8425770308123249,51241487_Bundle_1,0,0.7312124849939975,1.0,3.0,2.5,2.5
51241487,200103355,MAQUILLAJE,ESIKA,24.9,2023-12-06,12,598.9,430.195,380,0.1929824561403508,0.5128900949796472,2662.26,89,86,0.5,0.453781512605042,0.4722689075630252,51241487_Bundle_1,0,0.7312124849939975,1.0,3.0,2.5,2.5
51241487,200109875,FRAGANCIAS,LBEL,24.95,2023-11-13,18,455.9,430.195,403,0.2982456140350877,0.5440976933514247,2662.26,89,86,1.0,0.6470588235294118,0.7882352941176471,51241487_Bundle_1,0,0.7312124849939975,1.0,3.0,2.5,2.5
51241487,200106458,MAQUILLAJE,ESIKA,19.9,2023-11-13,18,455.9,430.195,403,0.2982456140350877,0.5440976933514247,2662.26,89,86,1.0,0.6470588235294118,0.7882352941176471,51241487_Bundle_1,0,0.7312124849939975,1.0,3.0,2.5,2.5
51241487,200082678,FRAGANCIAS,ESIKA,24.9,2023-11-13,18,455.9,430.195,403,0.2982456140350877,0.5440976933514247,2662.26,89,86,1.0,0.6470588235294118,0.7882352941176471,51241487_Bundle_1,0,0.7312124849939975,1.0,3.0,2.5,2.5
51241487,200105216,TRATAMIENTO FACIAL,ESIKA,26.9,2023-10-02,17,468.7999999999999,430.195,445,0.2807017543859649,0.6010854816824966,2662.26,89,86,0.9166666666666666,1.0,0.9666666666666667,51241487_Bundle_2,1,0.5021608643457384,,,,
51241487,200094217,FRAGANCIAS,ESIKA,44.97,2024-01-08,11,270.65999999999997,430.195,347,0.175438596491228,0.4681139755766621,2662.26,89,86,0.4166666666666667,0.17647058823529413,0.27254901960784317,51241487_Bundle_2,0,0.5021608643457384,1.0,3.0,2.5,2.5
51241487,210103937,COMPLEMENTOS,CYZONE,36.9,2023-10-20,16,473.3,430.195,427,0.2631578947368421,0.576662143826323,2662.26,89,86,0.8333333333333334,0.8487394957983193,0.8425770308123249,51241487_Bundle_2,0,0.5021608643457384,1.0,3.0,2.5,2.5
51241487,200106458,MAQUILLAJE,ESIKA,19.9,2023-11-13,18,455.9,430.195,403,0.2982456140350877,0.5440976933514247,2662.26,89,86,1.0,0.6470588235294118,0.7882352941176471,51241487_Bundle_2,0,0.5021608643457384,1.0,3.0,2.5,2.5
51241487,200082687,CUIDADO PERSONAL,ESIKA,22.9,2024-01-29,9,201.3,430.195,326,0.1403508771929824,0.4396200814111262,2662.26,89,86,0.25,0.0,0.1,51241487_Bundle_2,0,0.5021608643457384,1.0,3.0,2.5,2.5
51241487,200094941,FRAGANCIAS,CYZONE,10.0,2024-01-08,11,270.65999999999997,430.195,347,0.175438596491228,0.4681139755766621,2662.26,89,86,0.4166666666666667,0.17647058823529413,0.27254901960784317,51241487_Bundle_2,0,0.5021608643457384,1.0,3.0,2.5,2.5
51241487,200098673,FRAGANCIAS,ESIKA,44.97,2024-01-08,11,270.65999999999997,430.195,347,0.175438596491228,0.4681139755766621,2662.26,89,86,0.4166666666666667,0.17647058823529413,0.27254901960784317,51241487_Bundle_2,0,0.5021608643457384,1.0,3.0,2.5,2.5
51254023,200094857,MAQUILLAJE,ESIKA,12.9,2023-12-27,30,604.05,430.195,359,0.5087719298245614,0.4843962008141113,6711.7,244,202,1.0,0.7677053824362606,0.8606232294617564,51254023_Bundle_1,1,0.5691934128194751,,,,
51254023,200106360,FRAGANCIAS,CYZONE,39.9,2024-06-28,9,282.4,430.195,175,0.1403508771929824,0.2347354138398914,6711.7,244,202,0.19230769230769232,0.24645892351274787,0.22479843103072564,51254023_Bundle_1,0,0.5691934128194751,1.0,3.0,2.5,2.5
51254023,210099696,PROMOCION USUARIOS,CYZONE,0.5,2024-04-26,21,486.8,430.195,238,0.3508771929824561,0.3202170963364993,6711.7,244,202,0.6538461538461539,0.42492917847025496,0.5164959686206145,51254023_Bundle_1,0,0.5691934128194751,1.0,3.0,2.5,2.5
51254023,200095374,CUIDADO PERSONAL,ESIKA,6.21,2024-02-02,13,332.09999999999997,430.195,322,0.2105263157894736,0.4341926729986431,6711.7,244,202,0.34615384615384615,0.6628895184135978,0.5361952495096971,51254023_Bundle_1,0,0.5691934128194751,1.0,3.0,2.5,2.5
51254023,200113811,FRAGANCIAS,LBEL,44.0,2024-02-02,13,332.09999999999997,430.195,322,0.2105263157894736,0.4341926729986431,6711.7,244,202,0.34615384615384615,0.6628895184135978,0.5361952495096971,51254023_Bundle_1,0,0.5691934128194751,1.0,3.0,2.5,2.5
51254023,200106853,MUESTRAS COSMETICOS,LBEL,1.3,2023-12-27,30,604.05,430.195,359,0.5087719298245614,0.4843962008141113,6711.7,244,202,1.0,0.7677053824362606,0.8606232294617564,51254023_Bundle_1,0,0.5691934128194751,1.0,3.0,2.5,2.5
51254023,200115279,CUIDADO PERSONAL,LBEL,27.45,2024-03-15,12,302.45,430.195,280,0.1929824561403508,0.3772048846675712,6711.7,244,202,0.3076923076923077,0.5439093484419264,0.4494225321420789,51254023_Bundle_1,0,0.5691934128194751,1.0,3.0,2.5,2.5
51254023,200094857,MAQUILLAJE,ESIKA,12.9,2023-12-27,30,604.05,430.195,359,0.5087719298245614,0.4843962008141113,6711.7,244,202,1.0,0.7677053824362606,0.8606232294617564,51254023_Bundle_2,1,0.5620147557824612,,,,
51254023,200106488,TRATAMIENTO FACIAL,CYZONE,19.9,2023-10-27,11,327.2,430.195,420,0.175438596491228,0.5671641791044776,6711.7,244,202,0.2692307692307692,0.9405099150141643,0.6719982567008063,51254023_Bundle_2,0,0.5620147557824612,1.0,3.0,2.5,2.5
51254023,210105892,BIJOUTERIE,ESIKA,24.9,2024-08-29,18,443.7,430.195,113,0.2982456140350877,0.1506105834464043,6711.7,244,202,0.5384615384615384,0.0708215297450425,0.25787753323164087,51254023_Bundle_2,0,0.5620147557824612,1.0,3.0,2.5,2.5
51254023,200115279,CUIDADO PERSONAL,LBEL,27.45,2024-03-15,12,302.45,430.195,280,0.1929824561403508,0.3772048846675712,6711.7,244,202,0.3076923076923077,0.5439093484419264,0.4494225321420789,51254023_Bundle_2,0,0.5620147557824612,1.0,3.0,2.5,2.5
51254023,200098108,TRATAMIENTO CORPORAL,ESIKA,28.9,2023-10-06,9,242.2,430.195,441,0.1403508771929824,0.5956580732700135,6711.7,244,202,0.19230769230769232,1.0,0.676923076923077,51254023_Bundle_2,0,0.5620147557824612,1.0,3.0,2.5,2.5
51254023,200115585,FRAGANCIAS,CYZONE,52.9,2023-11-17,19,489.7,430.195,399,0.3157894736842105,0.5386702849389416,6711.7,244,202,0.5769230769230769,0.8810198300283286,0.7593811287862279,51254023_Bundle_2,0,0.5620147557824612,1.0,3.0,2.5,2.5
51254023,210104925,COMPLEMENTOS,CYZONE,49.9,2024-08-29,18,443.7,430.195,113,0.2982456140350877,0.1506105834464043,6711.7,244,202,0.5384615384615384,0.0708215297450425,0.25787753323164087,51254023_Bundle_2,0,0.5620147557824612,1.0,3.0,2.5,2.5
51347056,200111391,CUIDADO PERSONAL,CYZONE,15.9,2023-11-02,15,385.2,430.195,414,0.2456140350877192,0.5590230664857531,6335.389999999999,235,162,0.7777777777777778,1.0,0.9111111111111111,51347056_Bundle_1,1,0.6459270887842317,,,,
51347056,210105256,BIJOUTERIE,ESIKA,19.9,2024-02-28,13,333.65,430.195,296,0.2105263157894736,0.3989145183175034,6335.389999999999,235,162,0.6666666666666666,0.6758241758241759,0.6721611721611722,51347056_Bundle_1,0,0.6459270887842317,1.0,3.0,2.5,2.5
51347056,200105017,FRAGANCIAS,CYZONE,24.95,2024-09-04,11,307.1,430.195,107,0.175438596491228,0.1424694708276797,6335.389999999999,235,162,0.5555555555555556,0.1565934065934066,0.31617826617826617,51347056_Bundle_1,0,0.6459270887842317,1.0,3.0,2.5,2.5
51347056,200117468,MAQUILLAJE,ESIKA,35.9,2024-07-24,16,378.4,430.195,149,0.2631578947368421,0.1994572591587517,6335.389999999999,235,162,0.8333333333333334,0.27197802197802196,0.49652014652014653,51347056_Bundle_1,0,0.6459270887842317,1.0,3.0,2.5,2.5
51347056,200115515,TRATAMIENTO FACIAL,CYZONE,17.9,2024-01-02,15,400.0,430.195,353,0.2456140350877192,0.4762550881953867,6335.389999999999,235,162,0.7777777777777778,0.8324175824175825,0.8105616605616606,51347056_Bundle_1,0,0.6459270887842317,1.0,3.0,2.5,2.5
51347056,200103354,MAQUILLAJE,ESIKA,18.5,2024-01-17,9,248.8,430.195,338,0.1403508771929824,0.4559023066485753,6335.389999999999,235,162,0.4444444444444444,0.7912087912087912,0.6525030525030525,51347056_Bundle_1,0,0.6459270887842317,1.0,3.0,2.5,2.5
51347056,210100816,MAQUILLAJE,ESIKA,27.9,2023-12-15,7,176.39999999999998,430.195,371,0.1052631578947368,0.5006784260515604,6335.389999999999,235,162,0.3333333333333333,0.8818681318681318,0.6624542124542124,51347056_Bundle_1,0,0.6459270887842317,1.0,3.0,2.5,2.5
51347056,200111391,CUIDADO PERSONAL,CYZONE,15.9,2023-11-02,15,385.2,430.195,414,0.2456140350877192,0.5590230664857531,6335.389999999999,235,162,0.7777777777777778,1.0,0.9111111111111111,51347056_Bundle_2,1,0.6453253096110239,,,,
51347056,200112905,MAQUILLAJE,CYZONE,22.9,2023-11-02,15,385.2,430.195,414,0.2456140350877192,0.5590230664857531,6335.389999999999,235,162,0.7777777777777778,1.0,0.9111111111111111,51347056_Bundle_2,0,0.6453253096110239,1.0,3.0,2.5,2.5
51347056,200114249,MAQUILLAJE,CYZONE,31.9,2024-05-22,9,310.7,430.195,212,0.1403508771929824,0.2849389416553595,6335.389999999999,235,162,0.4444444444444444,0.44505494505494503,0.4448107448107448,51347056_Bundle_2,0,0.6453253096110239,1.0,3.0,2.5,2.5
51347056,210103935,COMPLEMENTOS,CYZONE,39.9,2024-02-08,8,230.2,430.195,316,0.1228070175438596,0.4260515603799186,6335.389999999999,235,162,0.3888888888888889,0.7307692307692307,0.5940170940170939,51347056_Bundle_2,0,0.6453253096110239,1.0,3.0,2.5,2.5
51347056,210098462,MAQUILLAJE,CYZONE,19.9,2023-11-22,15,494.9,430.195,394,0.2456140350877192,0.5318860244233379,6335.389999999999,235,162,0.7777777777777778,0.945054945054945,0.8781440781440781,51347056_Bundle_2,0,0.6453253096110239,1.0,3.0,2.5,2.5
51347056,210106114,COMPLEMENTOS,CYZONE,44.9,2024-09-04,11,307.1,430.195,107,0.175438596491228,0.1424694708276797,6335.389999999999,235,162,0.5555555555555556,0.1565934065934066,0.31617826617826617,51347056_Bundle_2,0,0.6453253096110239,1.0,3.0,2.5,2.5
51347056,210104356,MAQUILLAJE,CYZONE,23.9,2024-08-14,16,406.2,430.195,128,0.2631578947368421,0.1709633649932157,6335.389999999999,235,162,0.8333333333333334,0.21428571428571427,0.46190476190476193,51347056_Bundle_2,0,0.6453253096110239,1.0,3.0,2.5,2.5
51356535,200109465,MUESTRAS COSMETICOS,ESIKA,1.5,2024-04-22,42,326.96,430.195,242,0.7192982456140351,0.3256445047489824,5606.0199999999995,267,190,1.0,0.49411764705882355,0.6964705882352942,51356535_Bundle_1,1,0.5244537815126051,,,,
51356535,200108408,FRAGANCIAS,ESIKA,16.0,2023-11-20,9,317.4,430.195,396,0.1403508771929824,0.5345997286295794,5606.0199999999995,267,190,0.175,0.9470588235294117,0.638235294117647,51356535_Bundle_1,0,0.5244537815126051,1.0,3.0,2.5,2.5
51356535,200064310,FRAGANCIAS,ESIKA,13.3,2024-07-02,20,229.2,430.195,171,0.3333333333333333,0.2293080054274084,5606.0199999999995,267,190,0.45,0.2852941176470588,0.3511764705882353,51356535_Bundle_1,0,0.5244537815126051,1.0,3.0,2.5,2.5
51356535,200102433,FRAGANCIAS,ESIKA,17.43,2024-07-19,20,418.35,430.195,154,0.3333333333333333,0.2062415196743555,5606.0199999999995,267,190,0.45,0.23529411764705882,0.3211764705882353,51356535_Bundle_1,0,0.5244537815126051,1.0,3.0,2.5,2.5
51356535,200108807,CUIDADO PERSONAL,ESIKA,8.37,2024-05-13,9,227.6,430.195,221,0.1403508771929824,0.2971506105834464,5606.0199999999995,267,190,0.175,0.4323529411764706,0.32941176470588235,51356535_Bundle_1,0,0.5244537815126051,1.0,3.0,2.5,2.5
51356535,200099093,MAQUILLAJE,LBEL,60.0,2023-11-20,9,317.4,430.195,396,0.1403508771929824,0.5345997286295794,5606.0199999999995,267,190,0.175,0.9470588235294117,0.638235294117647,51356535_Bundle_1,0,0.5244537815126051,1.0,3.0,2.5,2.5
51356535,200112748,MAQUILLAJE,ESIKA,20.72,2024-04-22,42,326.96,430.195,242,0.7192982456140351,0.3256445047489824,5606.0199999999995,267,190,1.0,0.49411764705882355,0.6964705882352942,51356535_Bundle_1,0,0.5244537815126051,1.0,3.0,2.5,2.5
51356535,200109465,MUESTRAS COSMETICOS,ESIKA,1.5,2024-04-22,42,326.96,430.195,242,0.7192982456140351,0.3256445047489824,5606.0199999999995,267,190,1.0,0.49411764705882355,0.6964705882352942,51356535_Bundle_2,1,0.4589075630252101,,,,
51356535,210092907,BIJOUTERIE,ESIKA,54.9,2023-11-02,9,267.54,430.195,414,0.1403508771929824,0.5590230664857531,5606.0199999999995,267,190,0.175,1.0,0.6699999999999999,51356535_Bundle_2,0,0.4589075630252101,1.0,3.0,2.5,2.5
51356535,200064310,FRAGANCIAS,ESIKA,12.5,2024-04-08,8,128.0,430.195,256,0.1228070175438596,0.344640434192673,5606.0199999999995,267,190,0.15,0.5352941176470588,0.3811764705882353,51356535_Bundle_2,0,0.4589075630252101,1.0,3.0,2.5,2.5
51356535,200106312,FRAGANCIAS,ESIKA,20.0,2024-05-13,9,227.6,430.195,221,0.1403508771929824,0.2971506105834464,5606.0199999999995,267,190,0.175,0.4323529411764706,0.32941176470588235,51356535_Bundle_2,0,0.4589075630252101,1.0,3.0,2.5,2.5
51356535,200082678,FRAGANCIAS,ESIKA,16.51,2024-03-04,4,107.7,430.195,291,0.0526315789473684,0.3921302578018996,5606.0199999999995,267,190,0.05,0.638235294117647,0.4029411764705882,51356535_Bundle_2,0,0.4589075630252101,1.0,3.0,2.5,2.5
51356535,200101245,TRATAMIENTO FACIAL,LBEL,32.35,2024-03-21,7,177.5,430.195,274,0.1052631578947368,0.3690637720488466,5606.0199999999995,267,190,0.125,0.5882352941176471,0.40294117647058825,51356535_Bundle_2,0,0.4589075630252101,1.0,3.0,2.5,2.5
51356535,200108408,FRAGANCIAS,ESIKA,26.88,2024-05-13,9,227.6,430.195,221,0.1403508771929824,0.2971506105834464,5606.0199999999995,267,190,0.175,0.4323529411764706,0.32941176470588235,51356535_Bundle_2,0,0.4589075630252101,1.0,3.0,2.5,2.5
51448413,200103022,CUIDADO PERSONAL,ESIKA,12.6,2023-12-08,20,431.52,430.195,378,0.3333333333333333,0.5101763907734057,1425.12,67,58,1.0,0.826530612244898,0.8959183673469389,51448413_Bundle_1,1,0.38734693877551024,,,,
51448413,200106594,MAQUILLAJE,CYZONE,20.9,2024-01-17,7,242.4,430.195,338,0.1052631578947368,0.4559023066485753,1425.12,67,58,0.13333333333333333,0.41836734693877553,0.30435374149659866,51448413_Bundle_1,0,0.38734693877551024,1.0,3.0,2.5,2.5
51448413,210102606,COMPLEMENTOS,CYZONE,30.45,2024-01-17,7,242.4,430.195,338,0.1052631578947368,0.4559023066485753,1425.12,67,58,0.13333333333333333,0.41836734693877553,0.30435374149659866,51448413_Bundle_1,0,0.38734693877551024,1.0,3.0,2.5,2.5
51448413,200113951,TRATAMIENTO FACIAL,CYZONE,14.9,2024-01-03,12,177.29999999999998,430.195,352,0.1929824561403508,0.4748982360922659,1425.12,67,58,0.4666666666666667,0.5612244897959183,0.5234013605442177,51448413_Bundle_1,0,0.38734693877551024,1.0,3.0,2.5,2.5
51448413,200111234,TRATAMIENTO FACIAL,ESIKA,24.95,2024-02-27,8,188.4,430.195,297,0.1228070175438596,0.4002713704206241,1425.12,67,58,0.2,0.0,0.08000000000000002,51448413_Bundle_1,0,0.38734693877551024,1.0,3.0,2.5,2.5
51448413,200113950,TRATAMIENTO FACIAL,CYZONE,18.9,2024-01-03,12,177.29999999999998,430.195,352,0.1929824561403508,0.4748982360922659,1425.12,67,58,0.4666666666666667,0.5612244897959183,0.5234013605442177,51448413_Bundle_1,0,0.38734693877551024,1.0,3.0,2.5,2.5
51448413,210100114,BIJOUTERIE,ESIKA,26.6,2024-02-27,8,188.4,430.195,297,0.1228070175438596,0.4002713704206241,1425.12,67,58,0.2,0.0,0.08000000000000002,51448413_Bundle_1,0,0.38734693877551024,1.0,3.0,2.5,2.5
51448413,200103022,CUIDADO PERSONAL,ESIKA,12.6,2023-12-08,20,431.52,430.195,378,0.3333333333333333,0.5101763907734057,1425.12,67,58,1.0,0.826530612244898,0.8959183673469389,51448413_Bundle_2,1,0.7049757045675413,,,,
51448413,210105506,BIJOUTERIE,CYZONE,39.9,2024-01-03,12,177.29999999999998,430.195,352,0.1929824561403508,0.4748982360922659,1425.12,67,58,0.4666666666666667,0.5612244897959183,0.5234013605442177,51448413_Bundle_2,0,0.7049757045675413,1.0,3.0,2.5,2.5
51448413,200113952,TRATAMIENTO FACIAL,CYZONE,23.9,2024-01-03,12,177.29999999999998,430.195,352,0.1929824561403508,0.4748982360922659,1425.12,67,58,0.4666666666666667,0.5612244897959183,0.5234013605442177,51448413_Bundle_2,0,0.7049757045675413,1.0,3.0,2.5,2.5
51448413,210102606,COMPLEMENTOS,CYZONE,30.45,2024-01-17,7,242.4,430.195,338,0.1052631578947368,0.4559023066485753,1425.12,67,58,0.13333333333333333,0.41836734693877553,0.30435374149659866,51448413_Bundle_2,0,0.7049757045675413,1.0,3.0,2.5,2.5
51448413,200115587,FRAGANCIAS,CYZONE,32.9,2023-12-08,20,431.52,430.195,378,0.3333333333333333,0.5101763907734057,1425.12,67,58,1.0,0.826530612244898,0.8959183673469389,51448413_Bundle_2,0,0.7049757045675413,1.0,3.0,2.5,2.5
51448413,200105335,FRAGANCIAS,LBEL,75.0,2023-12-08,20,431.52,430.195,378,0.3333333333333333,0.5101763907734057,1425.12,67,58,1.0,0.826530612244898,0.8959183673469389,51448413_Bundle_2,0,0.7049757045675413,1.0,3.0,2.5,2.5
51448413,200106454,MAQUILLAJE,ESIKA,14.9,2023-12-08,20,431.52,430.195,378,0.3333333333333333,0.5101763907734057,1425.12,67,58,1.0,0.826530612244898,0.8959183673469389,51448413_Bundle_2,0,0.7049757045675413,1.0,3.0,2.5,2.5
51477898,210099696,PROMOCION USUARIOS,CYZONE,1.12,2023-11-27,15,539.6,430.195,389,0.2456140350877192,0.5251017639077341,2296.63,74,71,0.6923076923076923,1.0,0.8769230769230769,51477898_Bundle_1,1,0.5138332255979315,,,,
51477898,200103449,CUIDADO PERSONAL,CYZONE,5.1,2024-01-23,17,261.63,430.195,332,0.2807017543859649,0.4477611940298507,2296.63,74,71,0.8461538461538461,0.4411764705882353,0.6031674208144797,51477898_Bundle_1,0,0.5138332255979315,1.0,3.0,2.5,2.5
51477898,210105526,BIJOUTERIE,CYZONE,39.9,2024-03-08,10,355.0,430.195,287,0.1578947368421052,0.3867028493894165,2296.63,74,71,0.3076923076923077,0.0,0.12307692307692308,51477898_Bundle_1,0,0.5138332255979315,1.0,3.0,2.5,2.5
51477898,200106604,MAQUILLAJE,CYZONE,16.9,2024-03-08,10,355.0,430.195,287,0.1578947368421052,0.3867028493894165,2296.63,74,71,0.3076923076923077,0.0,0.12307692307692308,51477898_Bundle_1,0,0.5138332255979315,1.0,3.0,2.5,2.5
51477898,200093883,FRAGANCIAS,ESIKA,17.21,2023-12-19,19,587.6,430.195,367,0.3157894736842105,0.4952510176390773,2296.63,74,71,1.0,0.7843137254901961,0.8705882352941177,51477898_Bundle_1,0,0.5138332255979315,1.0,3.0,2.5,2.5
51477898,200091727,FRAGANCIAS,ESIKA,47.9,2024-03-08,10,355.0,430.195,287,0.1578947368421052,0.3867028493894165,2296.63,74,71,0.3076923076923077,0.0,0.12307692307692308,51477898_Bundle_1,0,0.5138332255979315,1.0,3.0,2.5,2.5
51477898,210099191,RELOJES,ESIKA,129.9,2023-11-27,15,539.6,430.195,389,0.2456140350877192,0.5251017639077341,2296.63,74,71,0.6923076923076923,1.0,0.8769230769230769,51477898_Bundle_1,0,0.5138332255979315,1.0,3.0,2.5,2.5
51477898,210099696,PROMOCION USUARIOS,CYZONE,1.12,2023-11-27,15,539.6,430.195,389,0.2456140350877192,0.5251017639077341,2296.63,74,71,0.6923076923076923,1.0,0.8769230769230769,51477898_Bundle_2,1,0.7335488041370394,,,,
51477898,200107621,MAQUILLAJE,LBEL,30.0,2023-11-27,15,539.6,430.195,389,0.2456140350877192,0.5251017639077341,2296.63,74,71,0.6923076923076923,1.0,0.8769230769230769,51477898_Bundle_2,0,0.7335488041370394,1.0,3.0,2.5,2.5
51477898,210101496,COMPLEMENTOS,ESIKA,69.9,2023-12-19,19,587.6,430.195,367,0.3157894736842105,0.4952510176390773,2296.63,74,71,1.0,0.7843137254901961,0.8705882352941177,51477898_Bundle_2,0,0.7335488041370394,1.0,3.0,2.5,2.5
51477898,200110332,MAQUILLAJE,ESIKA,24.9,2023-12-19,19,587.6,430.195,367,0.3157894736842105,0.4952510176390773,2296.63,74,71,1.0,0.7843137254901961,0.8705882352941177,51477898_Bundle_2,0,0.7335488041370394,1.0,3.0,2.5,2.5
51477898,200089488,TRATAMIENTO CORPORAL,ESIKA,36.9,2024-01-23,17,261.63,430.195,332,0.2807017543859649,0.4477611940298507,2296.63,74,71,0.8461538461538461,0.4411764705882353,0.6031674208144797,51477898_Bundle_2,0,0.7335488041370394,1.0,3.0,2.5,2.5
51477898,210102616,COMPLEMENTOS,CYZONE,49.9,2024-02-14,7,316.40000000000003,430.195,310,0.1052631578947368,0.417910447761194,2296.63,74,71,0.07692307692307693,0.22549019607843138,0.16606334841628959,51477898_Bundle_2,0,0.7335488041370394,1.0,3.0,2.5,2.5
51477898,210100407,CUIDADO PERSONAL,CYZONE,14.0,2023-12-19,19,587.6,430.195,367,0.3157894736842105,0.4952510176390773,2296.63,74,71,1.0,0.7843137254901961,0.8705882352941177,51477898_Bundle_2,0,0.7335488041370394,1.0,3.0,2.5,2.5
51520653,200115587,FRAGANCIAS,CYZONE,22.95,2023-12-05,18,282.73,430.195,381,0.2982456140350877,0.514246947082768,2155.46,126,95,0.6363636363636364,1.0,0.8545454545454545,51520653_Bundle_1,1,0.6531468531468532,,,,
51520653,200115943,VARIOS,GENERICA,59.9,2023-12-05,18,282.73,430.195,381,0.2982456140350877,0.514246947082768,2155.46,126,95,0.6363636363636364,1.0,0.8545454545454545,51520653_Bundle_1,0,0.6531468531468532,1.0,3.0,2.5,2.5
51520653,200106440,MAQUILLAJE,ESIKA,13.9,2023-12-21,13,197.66,430.195,365,0.2105263157894736,0.4925373134328358,2155.46,126,95,0.18181818181818182,0.8881118881118881,0.6055944055944056,51520653_Bundle_1,0,0.6531468531468532,1.0,3.0,2.5,2.5
51520653,200095430,CUIDADO PERSONAL,CYZONE,7.38,2023-12-05,18,282.73,430.195,381,0.2982456140350877,0.514246947082768,2155.46,126,95,0.6363636363636364,1.0,0.8545454545454545,51520653_Bundle_1,0,0.6531468531468532,1.0,3.0,2.5,2.5
51520653,210104946,COMPLEMENTOS,CYZONE,39.9,2024-01-11,17,308.06,430.195,344,0.2807017543859649,0.4640434192672998,2155.46,126,95,0.5454545454545454,0.7412587412587412,0.6629370629370629,51520653_Bundle_1,0,0.6531468531468532,1.0,3.0,2.5,2.5
51520653,200108674,CUIDADO PERSONAL,ESIKA,7.38,2024-04-26,11,242.82,430.195,238,0.175438596491228,0.3202170963364993,2155.46,126,95,0.0,0.0,0.0,51520653_Bundle_1,0,0.6531468531468532,1.0,3.0,2.5,2.5
51520653,210098307,MAQUILLAJE,ESIKA,17.9,2024-02-05,22,351.65,430.195,319,0.3684210526315789,0.4301221166892808,2155.46,126,95,1.0,0.5664335664335665,0.7398601398601399,51520653_Bundle_1,0,0.6531468531468532,1.0,3.0,2.5,2.5
51520653,200115587,FRAGANCIAS,CYZONE,22.95,2023-12-05,18,282.73,430.195,381,0.2982456140350877,0.514246947082768,2155.46,126,95,0.6363636363636364,1.0,0.8545454545454545,51520653_Bundle_2,1,0.5442557442557442,,,,
51520653,200095170,CUIDADO PERSONAL,ESIKA,7.38,2023-12-21,13,197.66,430.195,365,0.2105263157894736,0.4925373134328358,2155.46,126,95,0.18181818181818182,0.8881118881118881,0.6055944055944056,51520653_Bundle_2,0,0.5442557442557442,1.0,3.0,2.5,2.5
51520653,200114178,MAQUILLAJE,CYZONE,16.9,2024-04-26,11,242.82,430.195,238,0.175438596491228,0.3202170963364993,2155.46,126,95,0.0,0.0,0.0,51520653_Bundle_2,0,0.5442557442557442,1.0,3.0,2.5,2.5
51520653,200103920,MAQUILLAJE,CYZONE,16.9,2024-03-19,17,294.77,430.195,276,0.2807017543859649,0.3717774762550881,2155.46,126,95,0.5454545454545454,0.26573426573426573,0.3776223776223776,51520653_Bundle_2,0,0.5442557442557442,1.0,3.0,2.5,2.5
51520653,200106604,MAQUILLAJE,CYZONE,15.9,2024-02-05,22,351.65,430.195,319,0.3684210526315789,0.4301221166892808,2155.46,126,95,1.0,0.5664335664335665,0.7398601398601399,51520653_Bundle_2,0,0.5442557442557442,1.0,3.0,2.5,2.5
51520653,200101370,MUESTRAS COSMETICOS,LBEL,1.3,2024-03-19,17,294.77,430.195,276,0.2807017543859649,0.3717774762550881,2155.46,126,95,0.5454545454545454,0.26573426573426573,0.3776223776223776,51520653_Bundle_2,0,0.5442557442557442,1.0,3.0,2.5,2.5
51520653,200109169,MAQUILLAJE,CYZONE,16.9,2023-12-05,18,282.73,430.195,381,0.2982456140350877,0.514246947082768,2155.46,126,95,0.6363636363636364,1.0,0.8545454545454545,51520653_Bundle_2,0,0.5442557442557442,1.0,3.0,2.5,2.5
51614402,200113704,MUESTRAS COSMETICOS,ESIKA,1.9,2024-01-22,20,328.91999999999996,430.195,333,0.3333333333333333,0.4491180461329715,2002.04,83,78,1.0,0.816793893129771,0.8900763358778626,51614402_Bundle_1,1,0.7611088790678988,,,,
51614402,200115769,TRATAMIENTO FACIAL,LBEL,33.3,2024-02-07,12,297.9,430.195,317,0.1929824561403508,0.4274084124830393,2002.04,83,78,0.5789473684210527,0.6946564885496184,0.6483728404981921,51614402_Bundle_1,0,0.7611088790678988,1.0,3.0,2.5,2.5
51614402,210105844,BIJOUTERIE,ESIKA,29.9,2024-04-12,14,361.1,430.195,252,0.2280701754385964,0.3392130257801899,2002.04,83,78,0.6842105263157895,0.1984732824427481,0.39276817999196467,51614402_Bundle_1,0,0.7611088790678988,1.0,3.0,2.5,2.5
51614402,210102442,CUIDADO PERSONAL,LBEL,26.0,2023-12-29,7,248.2,430.195,357,0.1052631578947368,0.4816824966078697,2002.04,83,78,0.3157894736842105,1.0,0.7263157894736842,51614402_Bundle_1,0,0.7611088790678988,1.0,3.0,2.5,2.5
51614402,200106463,MAQUILLAJE,ESIKA,19.9,2024-01-22,20,328.91999999999996,430.195,333,0.3333333333333333,0.4491180461329715,2002.04,83,78,1.0,0.816793893129771,0.8900763358778626,51614402_Bundle_1,0,0.7611088790678988,1.0,3.0,2.5,2.5
51614402,210086712,CUIDADO PERSONAL,ESIKA,20.9,2024-01-22,20,328.91999999999996,430.195,333,0.3333333333333333,0.4491180461329715,2002.04,83,78,1.0,0.816793893129771,0.8900763358778626,51614402_Bundle_1,0,0.7611088790678988,1.0,3.0,2.5,2.5
51614402,200095162,CUIDADO PERSONAL,ESIKA,7.38,2024-01-22,20,328.91999999999996,430.195,333,0.3333333333333333,0.4491180461329715,2002.04,83,78,1.0,0.816793893129771,0.8900763358778626,51614402_Bundle_1,0,0.7611088790678988,1.0,3.0,2.5,2.5
51614402,200113704,MUESTRAS COSMETICOS,ESIKA,1.9,2024-01-22,20,328.91999999999996,430.195,333,0.3333333333333333,0.4491180461329715,2002.04,83,78,1.0,0.816793893129771,0.8900763358778626,51614402_Bundle_2,1,0.6173334098605291,,,,
51614402,210100495,MAQUILLAJE,CYZONE,7.9,2024-02-27,14,286.27,430.195,297,0.2280701754385964,0.4002713704206241,2002.04,83,78,0.6842105263157895,0.5419847328244275,0.5988750502209723,51614402_Bundle_2,0,0.6173334098605291,1.0,3.0,2.5,2.5
51614402,210104015,COMPLEMENTOS,CYZONE,14.9,2024-02-07,12,297.9,430.195,317,0.1929824561403508,0.4274084124830393,2002.04,83,78,0.5789473684210527,0.6946564885496184,0.6483728404981921,51614402_Bundle_2,0,0.6173334098605291,1.0,3.0,2.5,2.5
51614402,200115097,MAQUILLAJE,ESIKA,22.9,2024-04-12,14,361.1,430.195,252,0.2280701754385964,0.3392130257801899,2002.04,83,78,0.6842105263157895,0.1984732824427481,0.39276817999196467,51614402_Bundle_2,0,0.6173334098605291,1.0,3.0,2.5,2.5
51614402,200106488,TRATAMIENTO FACIAL,CYZONE,17.9,2024-01-22,20,328.91999999999996,430.195,333,0.3333333333333333,0.4491180461329715,2002.04,83,78,1.0,0.816793893129771,0.8900763358778626,51614402_Bundle_2,0,0.6173334098605291,1.0,3.0,2.5,2.5
51614402,200105218,TRATAMIENTO FACIAL,ESIKA,33.9,2024-03-20,14,376.85,430.195,275,0.2280701754385964,0.3704206241519674,2002.04,83,78,0.6842105263157895,0.37404580152671757,0.49811169144234635,51614402_Bundle_2,0,0.6173334098605291,1.0,3.0,2.5,2.5
51614402,200109633,TRATAMIENTO CORPORAL,ESIKA,37.9,2024-02-10,1,37.9,430.195,314,0.0,0.4233378561736771,2002.04,83,78,0.0,0.6717557251908397,0.4030534351145038,51614402_Bundle_2,0,0.6173334098605291,1.0,3.0,2.5,2.5
51766490,200102351,MAQUILLAJE,ESIKA,19.9,2024-02-27,18,441.5,430.195,297,0.2982456140350877,0.4002713704206241,3999.2,137,123,1.0,0.8888888888888888,0.9333333333333333,51766490_Bundle_1,1,0.5590929705215418,,,,
51766490,200095464,CUIDADO PERSONAL,ESIKA,12.9,2024-04-30,14,442.8,430.195,234,0.2280701754385964,0.3147896879240163,3999.2,137,123,0.6,0.5555555555555556,0.5733333333333333,51766490_Bundle_1,0,0.5590929705215418,1.0,3.0,2.5,2.5
51766490,200108908,CUIDADO PERSONAL,CYZONE,17.9,2024-05-22,9,221.1,430.195,212,0.1403508771929824,0.2849389416553595,3999.2,137,123,0.1,0.43915343915343913,0.3034920634920635,51766490_Bundle_1,0,0.5590929705215418,1.0,3.0,2.5,2.5
51766490,200103027,CUIDADO PERSONAL,ESIKA,30.9,2024-02-06,9,426.3,430.195,318,0.1403508771929824,0.4287652645861601,3999.2,137,123,0.1,1.0,0.64,51766490_Bundle_1,0,0.5590929705215418,1.0,3.0,2.5,2.5
51766490,200082687,CUIDADO PERSONAL,ESIKA,27.9,2024-04-09,17,589.9,430.195,255,0.2807017543859649,0.3432835820895522,3999.2,137,123,0.9,0.6666666666666666,0.76,51766490_Bundle_1,0,0.5590929705215418,1.0,3.0,2.5,2.5
51766490,200115500,TRATAMIENTO CORPORAL,CYZONE,19.9,2024-05-22,9,221.1,430.195,212,0.1403508771929824,0.2849389416553595,3999.2,137,123,0.1,0.43915343915343913,0.3034920634920635,51766490_Bundle_1,0,0.5590929705215418,1.0,3.0,2.5,2.5
51766490,200090346,CUIDADO PERSONAL,ESIKA,29.9,2024-06-11,13,408.9,430.195,192,0.2105263157894736,0.2578018995929443,3999.2,137,123,0.5,0.3333333333333333,0.4,51766490_Bundle_1,0,0.5590929705215418,1.0,3.0,2.5,2.5
51766490,200102351,MAQUILLAJE,ESIKA,19.9,2024-02-27,18,441.5,430.195,297,0.2982456140350877,0.4002713704206241,3999.2,137,123,1.0,0.8888888888888888,0.9333333333333333,51766490_Bundle_2,1,0.5769614512471656,,,,
51766490,210105340,COMPLEMENTOS,CYZONE,44.9,2024-08-13,8,243.0,430.195,129,0.1228070175438596,0.1723202170963365,3999.2,137,123,0.0,0.0,0.0,51766490_Bundle_2,0,0.5769614512471656,1.0,3.0,2.5,2.5
51766490,210105374,COMPLEMENTOS,CYZONE,44.9,2024-07-19,15,364.5,430.195,154,0.2456140350877192,0.2062415196743555,3999.2,137,123,0.7,0.13227513227513227,0.35936507936507933,51766490_Bundle_2,0,0.5769614512471656,1.0,3.0,2.5,2.5
51766490,210105123,BIJOUTERIE,ESIKA,59.9,2024-04-09,17,589.9,430.195,255,0.2807017543859649,0.3432835820895522,3999.2,137,123,0.9,0.6666666666666666,0.76,51766490_Bundle_2,0,0.5769614512471656,1.0,3.0,2.5,2.5
51766490,200105017,FRAGANCIAS,CYZONE,22.9,2024-03-19,18,375.5,430.195,276,0.2982456140350877,0.3717774762550881,3999.2,137,123,1.0,0.7777777777777778,0.8666666666666667,51766490_Bundle_2,0,0.5769614512471656,1.0,3.0,2.5,2.5
51766490,210104905,COMPLEMENTOS,CYZONE,29.9,2024-07-19,15,364.5,430.195,154,0.2456140350877192,0.2062415196743555,3999.2,137,123,0.7,0.13227513227513227,0.35936507936507933,51766490_Bundle_2,0,0.5769614512471656,1.0,3.0,2.5,2.5
51766490,200098267,FRAGANCIAS,ESIKA,74.9,2024-04-09,17,589.9,430.195,255,0.2807017543859649,0.3432835820895522,3999.2,137,123,0.9,0.6666666666666666,0.76,51766490_Bundle_2,0,0.5769614512471656,1.0,3.0,2.5,2.5
51843126,210103948,COMPLEMENTOS,CYZONE,32.9,2024-05-02,25,568.0,430.195,232,0.4210526315789473,0.3120759837177748,2225.7,92,87,1.0,0.38095238095238093,0.6285714285714286,51843126_Bundle_1,1,0.4569507803121248,,,,
51843126,200113835,MAQUILLAJE,LBEL,20.9,2024-05-24,16,189.3,430.195,210,0.2631578947368421,0.282225237449118,2225.7,92,87,0.47058823529411764,0.17142857142857143,0.2910924369747899,51843126_Bundle_1,0,0.4569507803121248,1.0,3.0,2.5,2.5
51843126,210105527,BIJOUTERIE,CYZONE,39.9,2024-02-27,8,344.2,430.195,297,0.1228070175438596,0.4002713704206241,2225.7,92,87,0.0,1.0,0.6,51843126_Bundle_1,0,0.4569507803121248,1.0,3.0,2.5,2.5
51843126,210102536,BIJOUTERIE,CYZONE,24.9,2024-04-05,15,459.9,430.195,259,0.2456140350877192,0.3487109905020353,2225.7,92,87,0.4117647058823529,0.638095238095238,0.547563025210084,51843126_Bundle_1,0,0.4569507803121248,1.0,3.0,2.5,2.5
51843126,200106360,FRAGANCIAS,CYZONE,32.0,2024-06-11,17,417.4,430.195,192,0.2807017543859649,0.2578018995929443,2225.7,92,87,0.5294117647058824,0.0,0.21176470588235297,51843126_Bundle_1,0,0.4569507803121248,1.0,3.0,2.5,2.5
51843126,200103022,CUIDADO PERSONAL,ESIKA,17.46,2024-05-02,25,568.0,430.195,232,0.4210526315789473,0.3120759837177748,2225.7,92,87,1.0,0.38095238095238093,0.6285714285714286,51843126_Bundle_1,0,0.4569507803121248,1.0,3.0,2.5,2.5
51843126,200107348,MAQUILLAJE,CYZONE,12.9,2024-05-24,16,189.3,430.195,210,0.2631578947368421,0.282225237449118,2225.7,92,87,0.47058823529411764,0.17142857142857143,0.2910924369747899,51843126_Bundle_1,0,0.4569507803121248,1.0,3.0,2.5,2.5
51843126,210103948,COMPLEMENTOS,CYZONE,32.9,2024-05-02,25,568.0,430.195,232,0.4210526315789473,0.3120759837177748,2225.7,92,87,1.0,0.38095238095238093,0.6285714285714286,51843126_Bundle_2,1,0.4863385354141657,,,,
51843126,210097992,BIJOUTERIE,CYZONE,19.9,2024-04-05,15,459.9,430.195,259,0.2456140350877192,0.3487109905020353,2225.7,92,87,0.4117647058823529,0.638095238095238,0.547563025210084,51843126_Bundle_2,0,0.4863385354141657,1.0,3.0,2.5,2.5
51843126,200113781,FRAGANCIAS,CYZONE,14.78,2024-04-05,15,459.9,430.195,259,0.2456140350877192,0.3487109905020353,2225.7,92,87,0.4117647058823529,0.638095238095238,0.547563025210084,51843126_Bundle_2,0,0.4863385354141657,1.0,3.0,2.5,2.5
51843126,200095663,CUIDADO PERSONAL,CYZONE,10.9,2024-06-11,17,417.4,430.195,192,0.2807017543859649,0.2578018995929443,2225.7,92,87,0.5294117647058824,0.0,0.21176470588235297,51843126_Bundle_2,0,0.4863385354141657,1.0,3.0,2.5,2.5
51843126,200111544,TRATAMIENTO FACIAL,ESIKA,6.9,2024-06-11,17,417.4,430.195,192,0.2807017543859649,0.2578018995929443,2225.7,92,87,0.5294117647058824,0.0,0.21176470588235297,51843126_Bundle_2,0,0.4863385354141657,1.0,3.0,2.5,2.5
51843126,200114085,MUESTRAS COSMETICOS,LBEL,2.9,2024-05-02,25,568.0,430.195,232,0.4210526315789473,0.3120759837177748,2225.7,92,87,1.0,0.38095238095238093,0.6285714285714286,51843126_Bundle_2,0,0.4863385354141657,1.0,3.0,2.5,2.5
51843126,200112476,MAQUILLAJE,ESIKA,16.9,2024-05-02,25,568.0,430.195,232,0.4210526315789473,0.3120759837177748,2225.7,92,87,1.0,0.38095238095238093,0.6285714285714286,51843126_Bundle_2,0,0.4863385354141657,1.0,3.0,2.5,2.5
51844726,210105300,COMPLEMENTOS,CYZONE,59.9,2024-02-29,15,485.4,430.195,295,0.2456140350877192,0.3975576662143826,4417.3,152,125,0.8,1.0,0.92,51844726_Bundle_1,1,0.5618433179723503,,,,
51844726,210105405,BIJOUTERIE,ESIKA,44.9,2024-03-20,16,446.4,430.195,275,0.2631578947368421,0.3704206241519674,4417.3,152,125,0.9,0.9078341013824884,0.9047004608294931,51844726_Bundle_1,0,0.5618433179723503,1.0,3.0,2.5,2.5
51844726,200114988,TRATAMIENTO CORPORAL,ESIKA,26.9,2024-09-19,17,500.4,430.195,92,0.2807017543859649,0.1221166892808683,4417.3,152,125,1.0,0.06451612903225806,0.43870967741935485,51844726_Bundle_1,0,0.5618433179723503,1.0,3.0,2.5,2.5
51844726,210105289,BIJOUTERIE,CYZONE,31.9,2024-09-05,16,362.84,430.195,106,0.2631578947368421,0.141112618724559,4417.3,152,125,0.9,0.12903225806451613,0.4374193548387097,51844726_Bundle_1,0,0.5618433179723503,1.0,3.0,2.5,2.5
51844726,200114150,TRATAMIENTO CORPORAL,CYZONE,37.9,2024-06-13,13,399.55,430.195,190,0.2105263157894736,0.2550881953867028,4417.3,152,125,0.6,0.5161290322580645,0.5496774193548386,51844726_Bundle_1,0,0.5618433179723503,1.0,3.0,2.5,2.5
51844726,200113830,MAQUILLAJE,LBEL,26.0,2024-06-13,13,399.55,430.195,190,0.2105263157894736,0.2550881953867028,4417.3,152,125,0.6,0.5161290322580645,0.5496774193548386,51844726_Bundle_1,0,0.5618433179723503,1.0,3.0,2.5,2.5
51844726,210103176,BIJOUTERIE,ESIKA,54.9,2024-08-16,7,235.3,430.195,126,0.1052631578947368,0.1682496607869742,4417.3,152,125,0.0,0.22119815668202766,0.1327188940092166,51844726_Bundle_1,0,0.5618433179723503,1.0,3.0,2.5,2.5
51844726,210105300,COMPLEMENTOS,CYZONE,59.9,2024-02-29,15,485.4,430.195,295,0.2456140350877192,0.3975576662143826,4417.3,152,125,0.8,1.0,0.92,51844726_Bundle_2,1,0.7037788018433179,,,,
51844726,200108807,CUIDADO PERSONAL,ESIKA,8.37,2024-05-24,14,406.0,430.195,210,0.2280701754385964,0.282225237449118,4417.3,152,125,0.7,0.6082949308755761,0.6449769585253455,51844726_Bundle_2,0,0.7037788018433179,1.0,3.0,2.5,2.5
51844726,200095162,CUIDADO PERSONAL,ESIKA,7.38,2024-09-05,16,362.84,430.195,106,0.2631578947368421,0.141112618724559,4417.3,152,125,0.9,0.12903225806451613,0.4374193548387097,51844726_Bundle_2,0,0.7037788018433179,1.0,3.0,2.5,2.5
51844726,200105041,FRAGANCIAS,ESIKA,39.77,2024-06-13,13,399.55,430.195,190,0.2105263157894736,0.2550881953867028,4417.3,152,125,0.6,0.5161290322580645,0.5496774193548386,51844726_Bundle_2,0,0.7037788018433179,1.0,3.0,2.5,2.5
51844726,210105405,BIJOUTERIE,ESIKA,44.9,2024-03-20,16,446.4,430.195,275,0.2631578947368421,0.3704206241519674,4417.3,152,125,0.9,0.9078341013824884,0.9047004608294931,51844726_Bundle_2,0,0.7037788018433179,1.0,3.0,2.5,2.5
51844726,200112748,MAQUILLAJE,ESIKA,14.0,2024-02-29,15,485.4,430.195,295,0.2456140350877192,0.3975576662143826,4417.3,152,125,0.8,1.0,0.92,51844726_Bundle_2,0,0.7037788018433179,1.0,3.0,2.5,2.5
51844726,200114150,TRATAMIENTO CORPORAL,CYZONE,37.9,2024-06-13,13,399.55,430.195,190,0.2105263157894736,0.2550881953867028,4417.3,152,125,0.6,0.5161290322580645,0.5496774193548386,51844726_Bundle_2,0,0.7037788018433179,1.0,3.0,2.5,2.5
51890019,200095374,CUIDADO PERSONAL,ESIKA,5.4,2024-05-03,19,393.85,430.195,231,0.3157894736842105,0.310719131614654,4085.89,141,120,1.0,0.7744360902255639,0.8646616541353384,51890019_Bundle_1,1,0.6866690535863469,,,,
51890019,200089507,FRAGANCIAS,ESIKA,49.9,2024-07-23,13,383.8,430.195,150,0.2105263157894736,0.2008141112618724,4085.89,141,120,0.6666666666666666,0.4699248120300752,0.5486215538847118,51890019_Bundle_1,0,0.6866690535863469,1.0,3.0,2.5,2.5
51890019,210100495,MAQUILLAJE,CYZONE,12.9,2024-04-09,9,249.5,430.195,255,0.1403508771929824,0.3432835820895522,4085.89,141,120,0.4444444444444444,0.8646616541353384,0.6965747702589808,51890019_Bundle_1,0,0.6866690535863469,1.0,3.0,2.5,2.5
51890019,210104319,MAQUILLAJE,CYZONE,18.9,2024-07-03,14,214.97,430.195,170,0.2280701754385964,0.2279511533242876,4085.89,141,120,0.7222222222222222,0.5451127819548872,0.6159565580618213,51890019_Bundle_1,0,0.6866690535863469,1.0,3.0,2.5,2.5
51890019,200105079,FRAGANCIAS,CYZONE,15.9,2024-05-23,8,374.3,430.195,211,0.1228070175438596,0.2835820895522388,4085.89,141,120,0.3888888888888889,0.6992481203007519,0.5751044277360067,51890019_Bundle_1,0,0.6866690535863469,1.0,3.0,2.5,2.5
51890019,200114183,MAQUILLAJE,CYZONE,16.9,2024-05-03,19,393.85,430.195,231,0.3157894736842105,0.310719131614654,4085.89,141,120,1.0,0.7744360902255639,0.8646616541353384,51890019_Bundle_1,0,0.6866690535863469,1.0,3.0,2.5,2.5
51890019,200111319,FRAGANCIAS,LBEL,34.9,2024-06-12,13,425.9,430.195,191,0.2105263157894736,0.2564450474898236,4085.89,141,120,0.6666666666666666,0.6240601503759399,0.6411027568922305,51890019_Bundle_1,0,0.6866690535863469,1.0,3.0,2.5,2.5
51890019,200095374,CUIDADO PERSONAL,ESIKA,5.4,2024-05-03,19,393.85,430.195,231,0.3157894736842105,0.310719131614654,4085.89,141,120,1.0,0.7744360902255639,0.8646616541353384,51890019_Bundle_2,1,0.5685403986155866,,,,
51890019,200112904,MAQUILLAJE,CYZONE,17.9,2024-05-03,19,393.85,430.195,231,0.3157894736842105,0.310719131614654,4085.89,141,120,1.0,0.7744360902255639,0.8646616541353384,51890019_Bundle_2,0,0.5685403986155866,1.0,3.0,2.5,2.5
51890019,210106102,PROMOCION USUARIOS,LBEL,50.0,2024-10-09,12,380.05,430.195,72,0.1929824561403508,0.0949796472184531,4085.89,141,120,0.6111111111111112,0.17669172932330826,0.3504594820384294,51890019_Bundle_2,0,0.5685403986155866,1.0,3.0,2.5,2.5
51890019,200088133,FRAGANCIAS,ESIKA,25.92,2024-08-14,10,267.9,430.195,128,0.1578947368421052,0.1709633649932157,4085.89,141,120,0.5,0.38721804511278196,0.4323308270676692,51890019_Bundle_2,0,0.5685403986155866,1.0,3.0,2.5,2.5
51890019,200102351,MAQUILLAJE,ESIKA,14.9,2024-06-12,13,425.9,430.195,191,0.2105263157894736,0.2564450474898236,4085.89,141,120,0.6666666666666666,0.6240601503759399,0.6411027568922305,51890019_Bundle_2,0,0.5685403986155866,1.0,3.0,2.5,2.5
51890019,200106556,MAQUILLAJE,CYZONE,16.9,2024-09-03,14,346.29999999999995,430.195,108,0.2280701754385964,0.1438263229308005,4085.89,141,120,0.7222222222222222,0.31203007518796994,0.47610693400167087,51890019_Bundle_2,0,0.5685403986155866,1.0,3.0,2.5,2.5
51890019,210099769,BIJOUTERIE,ESIKA,29.9,2024-10-09,12,380.05,430.195,72,0.1929824561403508,0.0949796472184531,4085.89,141,120,0.6111111111111112,0.17669172932330826,0.3504594820384294,51890019_Bundle_2,0,0.5685403986155866,1.0,3.0,2.5,2.5
51893042,200102111,MAQUILLAJE,CYZONE,16.9,2024-03-20,17,525.4,430.195,275,0.2807017543859649,0.3704206241519674,5470.49,190,164,0.5714285714285714,0.9101123595505618,0.7746388443017656,51893042_Bundle_1,1,0.5379270809447374,,,,
51893042,200086432,FRAGANCIAS,ESIKA,27.7,2024-07-04,18,539.4,430.195,169,0.2982456140350877,0.2265943012211669,5470.49,190,164,0.6071428571428571,0.3146067415730337,0.43162118780096304,51893042_Bundle_1,0,0.5379270809447374,1.0,3.0,2.5,2.5
51893042,200098673,FRAGANCIAS,ESIKA,55.9,2024-03-04,11,366.2,430.195,291,0.175438596491228,0.3921302578018996,5470.49,190,164,0.35714285714285715,1.0,0.7428571428571429,51893042_Bundle_1,0,0.5379270809447374,1.0,3.0,2.5,2.5
51893042,200082678,FRAGANCIAS,ESIKA,14.3,2024-08-15,23,766.9,430.195,127,0.3859649122807017,0.1696065128900949,5470.49,190,164,0.7857142857142857,0.07865168539325842,0.3614767255216693,51893042_Bundle_1,0,0.5379270809447374,1.0,3.0,2.5,2.5
51893042,200088259,FRAGANCIAS,ESIKA,33.97,2024-05-03,19,474.0,430.195,231,0.3157894736842105,0.310719131614654,5470.49,190,164,0.6428571428571429,0.6629213483146067,0.6548956661316212,51893042_Bundle_1,0,0.5379270809447374,1.0,3.0,2.5,2.5
51893042,210107010,HOGAR,CYZONE,34.9,2024-08-29,29,731.89,430.195,113,0.4912280701754385,0.1506105834464043,5470.49,190,164,1.0,0.0,0.4,51893042_Bundle_1,0,0.5379270809447374,1.0,3.0,2.5,2.5
51893042,200095570,CUIDADO PERSONAL,ESIKA,7.38,2024-08-29,29,731.89,430.195,113,0.4912280701754385,0.1506105834464043,5470.49,190,164,1.0,0.0,0.4,51893042_Bundle_1,0,0.5379270809447374,1.0,3.0,2.5,2.5
51893042,200102111,MAQUILLAJE,CYZONE,16.9,2024-03-20,17,525.4,430.195,275,0.2807017543859649,0.3704206241519674,5470.49,190,164,0.5714285714285714,0.9101123595505618,0.7746388443017656,51893042_Bundle_2,1,0.5413207979821141,,,,
51893042,200113639,FRAGANCIAS,CYZONE,29.0,2024-03-04,11,366.2,430.195,291,0.175438596491228,0.3921302578018996,5470.49,190,164,0.35714285714285715,1.0,0.7428571428571429,51893042_Bundle_2,0,0.5413207979821141,1.0,3.0,2.5,2.5
51893042,210106677,BIJOUTERIE,ESIKA,29.9,2024-04-04,16,576.2,430.195,260,0.2631578947368421,0.350067842605156,5470.49,190,164,0.5357142857142857,0.8258426966292135,0.7097913322632423,51893042_Bundle_2,0,0.5413207979821141,1.0,3.0,2.5,2.5
51893042,200109874,FRAGANCIAS,CYZONE,26.64,2024-07-18,18,493.64,430.195,155,0.2982456140350877,0.2075983717774762,5470.49,190,164,0.6071428571428571,0.23595505617977527,0.384430176565008,51893042_Bundle_2,0,0.5413207979821141,1.0,3.0,2.5,2.5
51893042,200115451,CUIDADO PERSONAL,ESIKA,18.3,2024-07-18,18,493.64,430.195,155,0.2982456140350877,0.2075983717774762,5470.49,190,164,0.6071428571428571,0.23595505617977527,0.384430176565008,51893042_Bundle_2,0,0.5413207979821141,1.0,3.0,2.5,2.5
51893042,200082687,CUIDADO PERSONAL,ESIKA,23.9,2024-07-04,18,539.4,430.195,169,0.2982456140350877,0.2265943012211669,5470.49,190,164,0.6071428571428571,0.3146067415730337,0.43162118780096304,51893042_Bundle_2,0,0.5413207979821141,1.0,3.0,2.5,2.5
51893042,210086462,CUIDADO PERSONAL,ESIKA,21.9,2024-08-15,23,766.9,430.195,127,0.3859649122807017,0.1696065128900949,5470.49,190,164,0.7857142857142857,0.07865168539325842,0.3614767255216693,51893042_Bundle_2,0,0.5413207979821141,1.0,3.0,2.5,2.5
51917480,200098673,FRAGANCIAS,ESIKA,39.9,2024-03-12,9,436.1,430.195,283,0.1403508771929824,0.3812754409769335,2936.25,91,76,0.5454545454545454,1.0,0.8181818181818181,51917480_Bundle_1,1,0.5406322760904434,,,,
51917480,200090349,CUIDADO PERSONAL,ESIKA,31.9,2024-07-16,11,406.1,430.195,157,0.175438596491228,0.2103120759837177,2936.25,91,76,0.7272727272727273,0.49800796812749004,0.589713871785585,51917480_Bundle_1,0,0.5406322760904434,1.0,3.0,2.5,2.5
51917480,200103449,CUIDADO PERSONAL,CYZONE,10.9,2024-09-30,14,443.45,430.195,81,0.2280701754385964,0.10719131614654,2936.25,91,76,1.0,0.1952191235059761,0.5171314741035857,51917480_Bundle_1,0,0.5406322760904434,1.0,3.0,2.5,2.5
51917480,210105498,RELOJES,ESIKA,124.9,2024-10-23,9,329.5,430.195,58,0.1403508771929824,0.0759837177747625,2936.25,91,76,0.5454545454545454,0.10358565737051793,0.2803332126041289,51917480_Bundle_1,0,0.5406322760904434,1.0,3.0,2.5,2.5
51917480,200102351,MAQUILLAJE,ESIKA,14.45,2024-09-30,14,443.45,430.195,81,0.2280701754385964,0.10719131614654,2936.25,91,76,1.0,0.1952191235059761,0.5171314741035857,51917480_Bundle_1,0,0.5406322760904434,1.0,3.0,2.5,2.5
51917480,210105237,COMPLEMENTOS,CYZONE,59.9,2024-08-19,12,336.0,430.195,123,0.1929824561403508,0.1641791044776119,2936.25,91,76,0.8181818181818182,0.36254980079681276,0.544802607750815,51917480_Bundle_1,0,0.5406322760904434,1.0,3.0,2.5,2.5
51917480,200112361,CUIDADO PERSONAL,ESIKA,24.9,2024-09-30,14,443.45,430.195,81,0.2280701754385964,0.10719131614654,2936.25,91,76,1.0,0.1952191235059761,0.5171314741035857,51917480_Bundle_1,0,0.5406322760904434,1.0,3.0,2.5,2.5
51917480,200098673,FRAGANCIAS,ESIKA,39.9,2024-03-12,9,436.1,430.195,283,0.1403508771929824,0.3812754409769335,2936.25,91,76,0.5454545454545454,1.0,0.8181818181818181,51917480_Bundle_2,1,0.6123350752832825,,,,
51917480,210103960,COMPLEMENTOS,CYZONE,64.9,2024-03-12,9,436.1,430.195,283,0.1403508771929824,0.3812754409769335,2936.25,91,76,0.5454545454545454,1.0,0.8181818181818181,51917480_Bundle_2,0,0.6123350752832825,1.0,3.0,2.5,2.5
51917480,210105237,COMPLEMENTOS,CYZONE,59.9,2024-08-19,12,336.0,430.195,123,0.1929824561403508,0.1641791044776119,2936.25,91,76,0.8181818181818182,0.36254980079681276,0.544802607750815,51917480_Bundle_2,0,0.6123350752832825,1.0,3.0,2.5,2.5
51917480,210104946,COMPLEMENTOS,CYZONE,39.9,2024-08-09,7,184.1,430.195,133,0.1052631578947368,0.1777476255088195,2936.25,91,76,0.36363636363636365,0.40239043824701193,0.38688880840275264,51917480_Bundle_2,0,0.6123350752832825,1.0,3.0,2.5,2.5
51917480,200111391,CUIDADO PERSONAL,CYZONE,12.45,2024-07-16,11,406.1,430.195,157,0.175438596491228,0.2103120759837177,2936.25,91,76,0.7272727272727273,0.49800796812749004,0.589713871785585,51917480_Bundle_2,0,0.6123350752832825,1.0,3.0,2.5,2.5
51917480,200115454,CUIDADO PERSONAL,ESIKA,19.9,2024-03-12,9,436.1,430.195,283,0.1403508771929824,0.3812754409769335,2936.25,91,76,0.5454545454545454,1.0,0.8181818181818181,51917480_Bundle_2,0,0.6123350752832825,1.0,3.0,2.5,2.5
51917480,200115484,TRATAMIENTO FACIAL,CYZONE,19.9,2024-09-10,7,310.3,430.195,101,0.1052631578947368,0.1343283582089552,2936.25,91,76,0.36363636363636365,0.2749003984063745,0.31039478449837016,51917480_Bundle_2,0,0.6123350752832825,1.0,3.0,2.5,2.5
51940229,200113298,MAQUILLAJE,ESIKA,11.98,2024-04-29,21,537.7,430.195,235,0.3508771929824561,0.316146540027137,7345.23,242,192,0.5,0.8161434977578476,0.6896860986547085,51940229_Bundle_1,1,0.5273158231902626,,,,
51940229,200115279,CUIDADO PERSONAL,LBEL,21.74,2024-06-10,26,666.93,430.195,193,0.4385964912280701,0.2591587516960651,7345.23,242,192,0.75,0.6278026905829597,0.6766816143497758,51940229_Bundle_1,0,0.5273158231902626,1.0,3.0,2.5,2.5
51940229,200108408,FRAGANCIAS,ESIKA,24.9,2024-10-09,12,391.2000000000001,430.195,72,0.1929824561403508,0.0949796472184531,7345.23,242,192,0.05,0.08520179372197309,0.07112107623318387,51940229_Bundle_1,0,0.5273158231902626,1.0,3.0,2.5,2.5
51940229,200106854,FRAGANCIAS,LBEL,48.3,2024-08-19,16,618.6,430.195,123,0.2631578947368421,0.1641791044776119,7345.23,242,192,0.25,0.31390134529147984,0.2883408071748879,51940229_Bundle_1,0,0.5273158231902626,1.0,3.0,2.5,2.5
51940229,200095903,FRAGANCIAS,ESIKA,35.9,2024-06-10,26,666.93,430.195,193,0.4385964912280701,0.2591587516960651,7345.23,242,192,0.75,0.6278026905829597,0.6766816143497758,51940229_Bundle_1,0,0.5273158231902626,1.0,3.0,2.5,2.5
51940229,200102430,FRAGANCIAS,ESIKA,29.9,2024-06-10,26,666.93,430.195,193,0.4385964912280701,0.2591587516960651,7345.23,242,192,0.75,0.6278026905829597,0.6766816143497758,51940229_Bundle_1,0,0.5273158231902626,1.0,3.0,2.5,2.5
51940229,200109443,FRAGANCIAS,ESIKA,39.9,2024-05-13,19,704.8,430.195,221,0.3157894736842105,0.2971506105834464,7345.23,242,192,0.4,0.7533632286995515,0.612017937219731,51940229_Bundle_1,0,0.5273158231902626,1.0,3.0,2.5,2.5
51940229,200113298,MAQUILLAJE,ESIKA,11.98,2024-04-29,21,537.7,430.195,235,0.3508771929824561,0.316146540027137,7345.23,242,192,0.5,0.8161434977578476,0.6896860986547085,51940229_Bundle_2,1,0.5728251121076233,,,,
51940229,200095170,CUIDADO PERSONAL,ESIKA,4.24,2024-10-28,27,600.23,430.195,53,0.4561403508771929,0.0691994572591587,7345.23,242,192,0.8,0.0,0.32000000000000006,51940229_Bundle_2,0,0.5728251121076233,1.0,3.0,2.5,2.5
51940229,200114037,TRATAMIENTO FACIAL,LBEL,22.45,2024-06-10,26,666.93,430.195,193,0.4385964912280701,0.2591587516960651,7345.23,242,192,0.75,0.6278026905829597,0.6766816143497758,51940229_Bundle_2,0,0.5728251121076233,1.0,3.0,2.5,2.5
51940229,210104978,BIJOUTERIE,CYZONE,64.9,2024-07-24,31,1197.1,430.195,149,0.5263157894736842,0.1994572591587517,7345.23,242,192,1.0,0.4304932735426009,0.6582959641255606,51940229_Bundle_2,0,0.5728251121076233,1.0,3.0,2.5,2.5
51940229,200089168,FRAGANCIAS,CYZONE,27.6,2024-04-10,14,420.2,430.195,254,0.2280701754385964,0.3419267299864315,7345.23,242,192,0.15,0.9013452914798207,0.6008071748878925,51940229_Bundle_2,0,0.5728251121076233,1.0,3.0,2.5,2.5
51940229,200102430,FRAGANCIAS,ESIKA,29.9,2024-06-10,26,666.93,430.195,193,0.4385964912280701,0.2591587516960651,7345.23,242,192,0.75,0.6278026905829597,0.6766816143497758,51940229_Bundle_2,0,0.5728251121076233,1.0,3.0,2.5,2.5
51940229,200111318,FRAGANCIAS,LBEL,50.98,2024-09-18,25,648.2,430.195,93,0.4210526315789473,0.1234735413839891,7345.23,242,192,0.7,0.17937219730941703,0.3876233183856502,51940229_Bundle_2,0,0.5728251121076233,1.0,3.0,2.5,2.5
51973836,200105017,FRAGANCIAS,CYZONE,15.76,2024-04-12,12,286.2,430.195,252,0.1929824561403508,0.3392130257801899,4441.3,151,128,0.625,0.9017857142857143,0.7910714285714285,51973836_Bundle_1,1,0.5589285714285714,,,,
51973836,200112355,CUIDADO PERSONAL,ESIKA,30.9,2024-10-31,12,282.79999999999995,430.195,50,0.1929824561403508,0.0651289009497964,4441.3,151,128,0.625,0.0,0.25,51973836_Bundle_1,0,0.5589285714285714,1.0,3.0,2.5,2.5
51973836,210102383,BIJOUTERIE,ESIKA,59.9,2024-07-24,11,379.0,430.195,149,0.175438596491228,0.1994572591587517,4441.3,151,128,0.5,0.4419642857142857,0.46517857142857144,51973836_Bundle_1,0,0.5589285714285714,1.0,3.0,2.5,2.5
51973836,200105222,TRATAMIENTO FACIAL,ESIKA,29.9,2024-10-11,14,340.7,430.195,70,0.2280701754385964,0.0922659430122116,4441.3,151,128,0.875,0.08928571428571429,0.4035714285714286,51973836_Bundle_1,0,0.5589285714285714,1.0,3.0,2.5,2.5
51973836,200115914,MAQUILLAJE,CYZONE,16.9,2024-09-04,15,403.9,430.195,107,0.2456140350877192,0.1424694708276797,4441.3,151,128,1.0,0.2544642857142857,0.5526785714285715,51973836_Bundle_1,0,0.5589285714285714,1.0,3.0,2.5,2.5
51973836,200106569,MAQUILLAJE,CYZONE,16.9,2024-06-13,14,327.7,430.195,190,0.2280701754385964,0.2550881953867028,4441.3,151,128,0.875,0.625,0.7250000000000001,51973836_Bundle_1,0,0.5589285714285714,1.0,3.0,2.5,2.5
51973836,200115170,CUIDADO PERSONAL,ESIKA,24.9,2024-06-13,14,327.7,430.195,190,0.2280701754385964,0.2550881953867028,4441.3,151,128,0.875,0.625,0.7250000000000001,51973836_Bundle_1,0,0.5589285714285714,1.0,3.0,2.5,2.5
51973836,200105017,FRAGANCIAS,CYZONE,15.76,2024-04-12,12,286.2,430.195,252,0.1929824561403508,0.3392130257801899,4441.3,151,128,0.625,0.9017857142857143,0.7910714285714285,51973836_Bundle_2,1,0.5631377551020408,,,,
51973836,200106449,MAQUILLAJE,ESIKA,19.9,2024-03-21,10,309.0,430.195,274,0.1578947368421052,0.3690637720488466,4441.3,151,128,0.375,1.0,0.75,51973836_Bundle_2,0,0.5631377551020408,1.0,3.0,2.5,2.5
51973836,200114181,MAQUILLAJE,CYZONE,16.9,2024-09-04,15,403.9,430.195,107,0.2456140350877192,0.1424694708276797,4441.3,151,128,1.0,0.2544642857142857,0.5526785714285715,51973836_Bundle_2,0,0.5631377551020408,1.0,3.0,2.5,2.5
51973836,210105862,BIJOUTERIE,ESIKA,49.9,2024-08-16,11,396.0,430.195,126,0.175438596491228,0.1682496607869742,4441.3,151,128,0.5,0.3392857142857143,0.4035714285714286,51973836_Bundle_2,0,0.5631377551020408,1.0,3.0,2.5,2.5
51973836,200106661,MAQUILLAJE,ESIKA,17.9,2024-10-11,14,340.7,430.195,70,0.2280701754385964,0.0922659430122116,4441.3,151,128,0.875,0.08928571428571429,0.4035714285714286,51973836_Bundle_2,0,0.5631377551020408,1.0,3.0,2.5,2.5
51973836,200064341,CUIDADO PERSONAL,ESIKA,19.9,2024-10-31,12,282.79999999999995,430.195,50,0.1929824561403508,0.0651289009497964,4441.3,151,128,0.625,0.0,0.25,51973836_Bundle_2,0,0.5631377551020408,1.0,3.0,2.5,2.5
51973836,200106447,MAQUILLAJE,ESIKA,24.9,2024-04-12,12,286.2,430.195,252,0.1929824561403508,0.3392130257801899,4441.3,151,128,0.625,0.9017857142857143,0.7910714285714285,51973836_Bundle_2,0,0.5631377551020408,1.0,3.0,2.5,2.5
52027209,200090337,CUIDADO PERSONAL,ESIKA,19.9,2024-04-26,11,334.0,430.195,238,0.175438596491228,0.3202170963364993,1593.4,45,44,1.0,0.8365384615384616,0.9019230769230769,52027209_Bundle_1,1,0.7362637362637363,,,,
52027209,210099762,BIJOUTERIE,ESIKA,39.9,2024-06-06,9,354.2,430.195,197,0.1403508771929824,0.2645861601085482,1593.4,45,44,0.75,0.4423076923076923,0.5653846153846154,52027209_Bundle_1,0,0.7362637362637363,1.0,3.0,2.5,2.5
52027209,210107067,BIJOUTERIE,ESIKA,34.9,2024-06-06,9,354.2,430.195,197,0.1403508771929824,0.2645861601085482,1593.4,45,44,0.75,0.4423076923076923,0.5653846153846154,52027209_Bundle_1,0,0.7362637362637363,1.0,3.0,2.5,2.5
52027209,210098522,MAQUILLAJE,CYZONE,13.9,2024-04-09,7,170.0,430.195,255,0.1052631578947368,0.3432835820895522,1593.4,45,44,0.5,1.0,0.8,52027209_Bundle_1,0,0.7362637362637363,1.0,3.0,2.5,2.5
52027209,200114194,MAQUILLAJE,CYZONE,15.9,2024-05-10,9,318.09999999999997,430.195,224,0.1403508771929824,0.3012211668928087,1593.4,45,44,0.75,0.7019230769230769,0.7211538461538461,52027209_Bundle_1,0,0.7362637362637363,1.0,3.0,2.5,2.5
52027209,200089168,FRAGANCIAS,CYZONE,17.5,2024-04-09,7,170.0,430.195,255,0.1052631578947368,0.3432835820895522,1593.4,45,44,0.5,1.0,0.8,52027209_Bundle_1,0,0.7362637362637363,1.0,3.0,2.5,2.5
52027209,210098527,MAQUILLAJE,CYZONE,13.9,2024-04-09,7,170.0,430.195,255,0.1052631578947368,0.3432835820895522,1593.4,45,44,0.5,1.0,0.8,52027209_Bundle_1,0,0.7362637362637363,1.0,3.0,2.5,2.5
52027209,200090337,CUIDADO PERSONAL,ESIKA,19.9,2024-04-26,11,334.0,430.195,238,0.175438596491228,0.3202170963364993,1593.4,45,44,1.0,0.8365384615384616,0.9019230769230769,52027209_Bundle_2,1,0.7395604395604395,,,,
52027209,210105383,COMPLEMENTOS,CYZONE,59.9,2024-04-26,11,334.0,430.195,238,0.175438596491228,0.3202170963364993,1593.4,45,44,1.0,0.8365384615384616,0.9019230769230769,52027209_Bundle_2,0,0.7395604395604395,1.0,3.0,2.5,2.5
52027209,210105401,COMPLEMENTOS,CYZONE,44.9,2024-06-06,9,354.2,430.195,197,0.1403508771929824,0.2645861601085482,1593.4,45,44,0.75,0.4423076923076923,0.5653846153846154,52027209_Bundle_2,0,0.7395604395604395,1.0,3.0,2.5,2.5
52027209,200112304,FRAGANCIAS,ESIKA,44.9,2024-06-06,9,354.2,430.195,197,0.1403508771929824,0.2645861601085482,1593.4,45,44,0.75,0.4423076923076923,0.5653846153846154,52027209_Bundle_2,0,0.7395604395604395,1.0,3.0,2.5,2.5
52027209,210098522,MAQUILLAJE,CYZONE,13.9,2024-04-09,7,170.0,430.195,255,0.1052631578947368,0.3432835820895522,1593.4,45,44,0.5,1.0,0.8,52027209_Bundle_2,0,0.7395604395604395,1.0,3.0,2.5,2.5
52027209,200112314,FRAGANCIAS,ESIKA,44.9,2024-05-10,9,318.09999999999997,430.195,224,0.1403508771929824,0.3012211668928087,1593.4,45,44,0.75,0.7019230769230769,0.7211538461538461,52027209_Bundle_2,0,0.7395604395604395,1.0,3.0,2.5,2.5
52027209,200116807,FRAGANCIAS,CYZONE,35.9,2024-05-10,9,318.09999999999997,430.195,224,0.1403508771929824,0.3012211668928087,1593.4,45,44,0.75,0.7019230769230769,0.7211538461538461,52027209_Bundle_2,0,0.7395604395604395,1.0,3.0,2.5,2.5
52046947,200115943,VARIOS,GENERICA,59.9,2024-04-10,12,225.02,430.195,254,0.1929824561403508,0.3419267299864315,4700.74,162,127,0.3888888888888889,1.0,0.7555555555555555,52046947_Bundle_1,1,0.6494015788133437,,,,
52046947,200090346,CUIDADO PERSONAL,ESIKA,15.4,2024-04-29,13,227.52,430.195,235,0.2105263157894736,0.316146540027137,4700.74,162,127,0.4444444444444444,0.8983957219251337,0.716815210932858,52046947_Bundle_1,0,0.6494015788133437,1.0,3.0,2.5,2.5
52046947,200105180,CUIDADO PERSONAL,CYZONE,7.38,2024-04-10,12,225.02,430.195,254,0.1929824561403508,0.3419267299864315,4700.74,162,127,0.3888888888888889,1.0,0.7555555555555555,52046947_Bundle_1,0,0.6494015788133437,1.0,3.0,2.5,2.5
52046947,200116549,MAQUILLAJE,LBEL,27.0,2024-10-14,15,631.8,430.195,67,0.2456140350877192,0.0881953867028493,4700.74,162,127,0.5555555555555556,0.0,0.22222222222222224,52046947_Bundle_1,0,0.6494015788133437,1.0,3.0,2.5,2.5
52046947,200103449,CUIDADO PERSONAL,CYZONE,7.38,2024-04-10,12,225.02,430.195,254,0.1929824561403508,0.3419267299864315,4700.74,162,127,0.3888888888888889,1.0,0.7555555555555555,52046947_Bundle_1,0,0.6494015788133437,1.0,3.0,2.5,2.5
52046947,200115170,CUIDADO PERSONAL,ESIKA,16.02,2024-04-29,13,227.52,430.195,235,0.2105263157894736,0.316146540027137,4700.74,162,127,0.4444444444444444,0.8983957219251337,0.716815210932858,52046947_Bundle_1,0,0.6494015788133437,1.0,3.0,2.5,2.5
52046947,200094941,FRAGANCIAS,CYZONE,32.9,2024-06-11,15,431.2,430.195,192,0.2456140350877192,0.2578018995929443,4700.74,162,127,0.5555555555555556,0.6684491978609626,0.6232917409387998,52046947_Bundle_1,0,0.6494015788133437,1.0,3.0,2.5,2.5
52046947,200115943,VARIOS,GENERICA,59.9,2024-04-10,12,225.02,430.195,254,0.1929824561403508,0.3419267299864315,4700.74,162,127,0.3888888888888889,1.0,0.7555555555555555,52046947_Bundle_2,1,0.5450301332654274,,,,
52046947,200093884,FRAGANCIAS,ESIKA,28.02,2024-06-05,11,404.1,430.195,198,0.175438596491228,0.2659430122116689,4700.74,162,127,0.3333333333333333,0.7005347593582888,0.5536541889483066,52046947_Bundle_2,0,0.5450301332654274,1.0,3.0,2.5,2.5
52046947,200114249,MAQUILLAJE,CYZONE,24.9,2024-08-20,20,778.0,430.195,122,0.3333333333333333,0.1628222523744912,4700.74,162,127,0.8333333333333334,0.29411764705882354,0.5098039215686275,52046947_Bundle_2,0,0.5450301332654274,1.0,3.0,2.5,2.5
52046947,200103027,CUIDADO PERSONAL,ESIKA,21.9,2024-08-20,20,778.0,430.195,122,0.3333333333333333,0.1628222523744912,4700.74,162,127,0.8333333333333334,0.29411764705882354,0.5098039215686275,52046947_Bundle_2,0,0.5450301332654274,1.0,3.0,2.5,2.5
52046947,200109874,FRAGANCIAS,CYZONE,32.9,2024-08-20,20,778.0,430.195,122,0.3333333333333333,0.1628222523744912,4700.74,162,127,0.8333333333333334,0.29411764705882354,0.5098039215686275,52046947_Bundle_2,0,0.5450301332654274,1.0,3.0,2.5,2.5
52046947,200095158,CUIDADO PERSONAL,ESIKA,7.38,2024-05-15,17,276.44,430.195,219,0.2807017543859649,0.2944369063772049,4700.74,162,127,0.6666666666666666,0.8128342245989305,0.754367201426025,52046947_Bundle_2,0,0.5450301332654274,1.0,3.0,2.5,2.5
52046947,200116549,MAQUILLAJE,LBEL,27.0,2024-10-14,15,631.8,430.195,67,0.2456140350877192,0.0881953867028493,4700.74,162,127,0.5555555555555556,0.0,0.22222222222222224,52046947_Bundle_2,0,0.5450301332654274,1.0,3.0,2.5,2.5
52047269,200115632,MAQUILLAJE,CYZONE,8.5,2024-04-25,14,275.15,430.195,239,0.2280701754385964,0.32157394843962,1975.35,74,68,1.0,1.0,1.0,52047269_Bundle_1,1,0.5991758241758243,,,,
52047269,200112361,CUIDADO PERSONAL,ESIKA,14.0,2024-06-26,12,575.0,430.195,177,0.1929824561403508,0.2374491180461329,1975.35,74,68,0.6666666666666666,0.40384615384615385,0.5089743589743589,52047269_Bundle_1,0,0.5991758241758243,1.0,3.0,2.5,2.5
52047269,200113633,FRAGANCIAS,LBEL,42.54,2024-08-07,13,289.7,430.195,135,0.2105263157894736,0.180461329715061,1975.35,74,68,0.8333333333333334,0.0,0.33333333333333337,52047269_Bundle_1,0,0.5991758241758243,1.0,3.0,2.5,2.5
52047269,200105017,FRAGANCIAS,CYZONE,39.9,2024-06-07,13,434.4,430.195,196,0.2105263157894736,0.2632293080054274,1975.35,74,68,0.8333333333333334,0.5865384615384616,0.6852564102564103,52047269_Bundle_1,0,0.5991758241758243,1.0,3.0,2.5,2.5
52047269,210097861,COMPLEMENTOS,CYZONE,32.9,2024-04-25,14,275.15,430.195,239,0.2280701754385964,0.32157394843962,1975.35,74,68,1.0,1.0,1.0,52047269_Bundle_1,0,0.5991758241758243,1.0,3.0,2.5,2.5
52047269,200114911,FRAGANCIAS,CYZONE,23.42,2024-08-07,13,289.7,430.195,135,0.2105263157894736,0.180461329715061,1975.35,74,68,0.8333333333333334,0.0,0.33333333333333337,52047269_Bundle_1,0,0.5991758241758243,1.0,3.0,2.5,2.5
52047269,200113633,FRAGANCIAS,LBEL,49.9,2024-08-07,13,289.7,430.195,135,0.2105263157894736,0.180461329715061,1975.35,74,68,0.8333333333333334,0.0,0.33333333333333337,52047269_Bundle_1,0,0.5991758241758243,1.0,3.0,2.5,2.5
52047269,200115632,MAQUILLAJE,CYZONE,8.5,2024-04-25,14,275.15,430.195,239,0.2280701754385964,0.32157394843962,1975.35,74,68,1.0,1.0,1.0,52047269_Bundle_2,1,0.7858058608058609,,,,
52047269,200114813,TRATAMIENTO FACIAL,LBEL,32.9,2024-05-22,14,172.9,430.195,212,0.2280701754385964,0.2849389416553595,1975.35,74,68,1.0,0.7403846153846154,0.8442307692307693,52047269_Bundle_2,0,0.7858058608058609,1.0,3.0,2.5,2.5
52047269,210097861,COMPLEMENTOS,CYZONE,32.9,2024-04-25,14,275.15,430.195,239,0.2280701754385964,0.32157394843962,1975.35,74,68,1.0,1.0,1.0,52047269_Bundle_2,0,0.7858058608058609,1.0,3.0,2.5,2.5
52047269,210102383,BIJOUTERIE,ESIKA,59.9,2024-07-16,8,228.2,430.195,157,0.1228070175438596,0.2103120759837177,1975.35,74,68,0.0,0.21153846153846154,0.12692307692307692,52047269_Bundle_2,0,0.7858058608058609,1.0,3.0,2.5,2.5
52047269,200086432,FRAGANCIAS,ESIKA,24.9,2024-06-07,13,434.4,430.195,196,0.2105263157894736,0.2632293080054274,1975.35,74,68,0.8333333333333334,0.5865384615384616,0.6852564102564103,52047269_Bundle_2,0,0.7858058608058609,1.0,3.0,2.5,2.5
52047269,210097412,HOGAR,CYZONE,14.9,2024-05-22,14,172.9,430.195,212,0.2280701754385964,0.2849389416553595,1975.35,74,68,1.0,0.7403846153846154,0.8442307692307693,52047269_Bundle_2,0,0.7858058608058609,1.0,3.0,2.5,2.5
52047269,200115942,VARIOS,GENERICA,59.9,2024-04-25,14,275.15,430.195,239,0.2280701754385964,0.32157394843962,1975.35,74,68,1.0,1.0,1.0,52047269_Bundle_2,0,0.7858058608058609,1.0,3.0,2.5,2.5
52063728,210099758,BIJOUTERIE,ESIKA,34.9,2024-05-02,17,397.48,430.195,232,0.2807017543859649,0.3120759837177748,3917.46,150,126,0.8888888888888888,1.0,0.9555555555555555,52063728_Bundle_1,1,0.6496052966641201,,,,
52063728,200113952,TRATAMIENTO FACIAL,CYZONE,27.9,2024-10-11,9,239.4,430.195,70,0.1403508771929824,0.0922659430122116,3917.46,150,126,0.0,0.13368983957219252,0.08021390374331551,52063728_Bundle_1,0,0.6496052966641201,1.0,3.0,2.5,2.5
52063728,200106556,MAQUILLAJE,CYZONE,18.9,2024-05-23,16,413.8,430.195,211,0.2631578947368421,0.2835820895522388,3917.46,150,126,0.7777777777777778,0.8877005347593583,0.8437314319667261,52063728_Bundle_1,0,0.6496052966641201,1.0,3.0,2.5,2.5
52063728,200064310,FRAGANCIAS,ESIKA,15.03,2024-05-23,16,413.8,430.195,211,0.2631578947368421,0.2835820895522388,3917.46,150,126,0.7777777777777778,0.8877005347593583,0.8437314319667261,52063728_Bundle_1,0,0.6496052966641201,1.0,3.0,2.5,2.5
52063728,200116227,TRATAMIENTO FACIAL,LBEL,55.0,2024-06-12,12,389.9,430.195,191,0.1929824561403508,0.2564450474898236,3917.46,150,126,0.3333333333333333,0.7807486631016043,0.6017825311942959,52063728_Bundle_1,0,0.6496052966641201,1.0,3.0,2.5,2.5
52063728,200113301,MAQUILLAJE,ESIKA,11.98,2024-05-02,17,397.48,430.195,232,0.2807017543859649,0.3120759837177748,3917.46,150,126,0.8888888888888888,1.0,0.9555555555555555,52063728_Bundle_1,0,0.6496052966641201,1.0,3.0,2.5,2.5
52063728,210100298,PROMOCION USUARIOS,ESIKA,0.85,2024-11-05,15,291.7,430.195,45,0.2456140350877192,0.0583446404341926,3917.46,150,126,0.6666666666666666,0.0,0.26666666666666666,52063728_Bundle_1,0,0.6496052966641201,1.0,3.0,2.5,2.5
52063728,210099758,BIJOUTERIE,ESIKA,34.9,2024-05-02,17,397.48,430.195,232,0.2807017543859649,0.3120759837177748,3917.46,150,126,0.8888888888888888,1.0,0.9555555555555555,52063728_Bundle_2,1,0.8105933282403871,,,,
52063728,200082678,FRAGANCIAS,ESIKA,16.14,2024-06-12,12,389.9,430.195,191,0.1929824561403508,0.2564450474898236,3917.46,150,126,0.3333333333333333,0.7807486631016043,0.6017825311942959,52063728_Bundle_2,0,0.8105933282403871,1.0,3.0,2.5,2.5
52063728,200115279,CUIDADO PERSONAL,LBEL,21.74,2024-05-23,16,413.8,430.195,211,0.2631578947368421,0.2835820895522388,3917.46,150,126,0.7777777777777778,0.8877005347593583,0.8437314319667261,52063728_Bundle_2,0,0.8105933282403871,1.0,3.0,2.5,2.5
52063728,200113305,MAQUILLAJE,ESIKA,11.98,2024-05-02,17,397.48,430.195,232,0.2807017543859649,0.3120759837177748,3917.46,150,126,0.8888888888888888,1.0,0.9555555555555555,52063728_Bundle_2,0,0.8105933282403871,1.0,3.0,2.5,2.5
52063728,200112057,MAQUILLAJE,LBEL,44.95,2024-05-23,16,413.8,430.195,211,0.2631578947368421,0.2835820895522388,3917.46,150,126,0.7777777777777778,0.8877005347593583,0.8437314319667261,52063728_Bundle_2,0,0.8105933282403871,1.0,3.0,2.5,2.5
52063728,200064310,FRAGANCIAS,ESIKA,8.9,2024-07-23,18,522.9,430.195,150,0.2982456140350877,0.2008141112618724,3917.46,150,126,1.0,0.5614973262032086,0.7368983957219252,52063728_Bundle_2,0,0.8105933282403871,1.0,3.0,2.5,2.5
52063728,200082678,FRAGANCIAS,ESIKA,8.0,2024-07-23,18,522.9,430.195,150,0.2982456140350877,0.2008141112618724,3917.46,150,126,1.0,0.5614973262032086,0.7368983957219252,52063728_Bundle_2,0,0.8105933282403871,1.0,3.0,2.5,2.5
52071712,200112357,CUIDADO PERSONAL,ESIKA,30.9,2024-04-16,12,276.88,430.195,248,0.1929824561403508,0.3337856173677069,1544.22,57,49,0.7777777777777778,1.0,0.9111111111111111,52071712_Bundle_1,1,0.6251272836178495,,,,
52071712,210104319,MAQUILLAJE,CYZONE,20.9,2024-06-03,8,356.4,430.195,200,0.1228070175438596,0.2686567164179104,1544.22,57,49,0.3333333333333333,0.5471698113207547,0.46163522012578617,52071712_Bundle_1,0,0.6251272836178495,1.0,3.0,2.5,2.5
52071712,200114116,MAQUILLAJE,ESIKA,24.9,2024-05-13,14,291.6,430.195,221,0.2280701754385964,0.2971506105834464,1544.22,57,49,1.0,0.7452830188679245,0.8471698113207546,52071712_Bundle_1,0,0.6251272836178495,1.0,3.0,2.5,2.5
52071712,200106852,FRAGANCIAS,LBEL,51.63,2024-07-31,5,114.61,430.195,142,0.0701754385964912,0.1899592944369063,1544.22,57,49,0.0,0.0,0.0,52071712_Bundle_1,0,0.6251272836178495,1.0,3.0,2.5,2.5
52071712,200113787,FRAGANCIAS,LBEL,69.5,2024-06-03,8,356.4,430.195,200,0.1228070175438596,0.2686567164179104,1544.22,57,49,0.3333333333333333,0.5471698113207547,0.46163522012578617,52071712_Bundle_1,0,0.6251272836178495,1.0,3.0,2.5,2.5
52071712,200109890,MAQUILLAJE,CYZONE,24.9,2024-05-13,14,291.6,430.195,221,0.2280701754385964,0.2971506105834464,1544.22,57,49,1.0,0.7452830188679245,0.8471698113207546,52071712_Bundle_1,0,0.6251272836178495,1.0,3.0,2.5,2.5
52071712,200114195,MAQUILLAJE,CYZONE,15.9,2024-05-13,14,291.6,430.195,221,0.2280701754385964,0.2971506105834464,1544.22,57,49,1.0,0.7452830188679245,0.8471698113207546,52071712_Bundle_1,0,0.6251272836178495,1.0,3.0,2.5,2.5
52071712,200112357,CUIDADO PERSONAL,ESIKA,30.9,2024-04-16,12,276.88,430.195,248,0.1929824561403508,0.3337856173677069,1544.22,57,49,0.7777777777777778,1.0,0.9111111111111111,52071712_Bundle_2,1,0.6878406708595387,,,,
52071712,200117192,MUESTRAS COSMETICOS,LBEL,1.9,2024-04-16,12,276.88,430.195,248,0.1929824561403508,0.3337856173677069,1544.22,57,49,0.7777777777777778,1.0,0.9111111111111111,52071712_Bundle_2,0,0.6878406708595387,1.0,3.0,2.5,2.5
52071712,200114175,MAQUILLAJE,CYZONE,15.9,2024-05-13,14,291.6,430.195,221,0.2280701754385964,0.2971506105834464,1544.22,57,49,1.0,0.7452830188679245,0.8471698113207546,52071712_Bundle_2,0,0.6878406708595387,1.0,3.0,2.5,2.5
52071712,200108408,FRAGANCIAS,ESIKA,24.98,2024-04-16,12,276.88,430.195,248,0.1929824561403508,0.3337856173677069,1544.22,57,49,0.7777777777777778,1.0,0.9111111111111111,52071712_Bundle_2,0,0.6878406708595387,1.0,3.0,2.5,2.5
52071712,200106573,MAQUILLAJE,CYZONE,13.9,2024-06-24,9,197.27,430.195,179,0.1403508771929824,0.2401628222523744,1544.22,57,49,0.4444444444444444,0.3490566037735849,0.3872117400419287,52071712_Bundle_2,0,0.6878406708595387,1.0,3.0,2.5,2.5
52071712,210100495,MAQUILLAJE,CYZONE,8.9,2024-07-31,5,114.61,430.195,142,0.0701754385964912,0.1899592944369063,1544.22,57,49,0.0,0.0,0.0,52071712_Bundle_2,0,0.6878406708595387,1.0,3.0,2.5,2.5
52071712,200098095,MAQUILLAJE,ESIKA,13.9,2024-05-13,14,291.6,430.195,221,0.2280701754385964,0.2971506105834464,1544.22,57,49,1.0,0.7452830188679245,0.8471698113207546,52071712_Bundle_2,0,0.6878406708595387,1.0,3.0,2.5,2.5
52073731,200106604,MAQUILLAJE,CYZONE,15.9,2024-04-26,11,248.0,430.195,238,0.175438596491228,0.3202170963364993,2169.05,75,65,0.5,1.0,0.8,52073731_Bundle_1,1,0.5868131868131867,,,,
52073731,210097089,CUIDADO PERSONAL,LBEL,23.0,2024-07-26,5,146.5,430.195,147,0.0701754385964912,0.1967435549525101,2169.05,75,65,0.0,0.3,0.18,52073731_Bundle_1,0,0.5868131868131867,1.0,3.0,2.5,2.5
52073731,200115982,FRAGANCIAS,CYZONE,16.76,2024-08-19,8,152.6,430.195,123,0.1228070175438596,0.1641791044776119,2169.05,75,65,0.25,0.11538461538461539,0.16923076923076924,52073731_Bundle_1,0,0.5868131868131867,1.0,3.0,2.5,2.5
52073731,200103026,CUIDADO PERSONAL,ESIKA,17.01,2024-05-20,13,530.9,430.195,214,0.2105263157894736,0.2876526458616011,2169.05,75,65,0.6666666666666666,0.8153846153846154,0.7558974358974359,52073731_Bundle_1,0,0.5868131868131867,1.0,3.0,2.5,2.5
52073731,210103771,BIJOUTERIE,ESIKA,44.9,2024-05-20,13,530.9,430.195,214,0.2105263157894736,0.2876526458616011,2169.05,75,65,0.6666666666666666,0.8153846153846154,0.7558974358974359,52073731_Bundle_1,0,0.5868131868131867,1.0,3.0,2.5,2.5
52073731,200105041,FRAGANCIAS,ESIKA,34.9,2024-05-20,13,530.9,430.195,214,0.2105263157894736,0.2876526458616011,2169.05,75,65,0.6666666666666666,0.8153846153846154,0.7558974358974359,52073731_Bundle_1,0,0.5868131868131867,1.0,3.0,2.5,2.5
52073731,200111130,FRAGANCIAS,ESIKA,30.0,2024-07-02,17,442.4,430.195,171,0.2807017543859649,0.2293080054274084,2169.05,75,65,1.0,0.4846153846153846,0.6907692307692308,52073731_Bundle_1,0,0.5868131868131867,1.0,3.0,2.5,2.5
52073731,200106604,MAQUILLAJE,CYZONE,15.9,2024-04-26,11,248.0,430.195,238,0.175438596491228,0.3202170963364993,2169.05,75,65,0.5,1.0,0.8,52073731_Bundle_2,1,0.5698168498168499,,,,
52073731,210097030,CUIDADO PERSONAL,LBEL,23.0,2024-07-26,5,146.5,430.195,147,0.0701754385964912,0.1967435549525101,2169.05,75,65,0.0,0.3,0.18,52073731_Bundle_2,0,0.5698168498168499,1.0,3.0,2.5,2.5
52073731,200111182,TRATAMIENTO CORPORAL,ESIKA,36.9,2024-09-03,5,176.5,430.195,108,0.0701754385964912,0.1438263229308005,2169.05,75,65,0.0,0.0,0.0,52073731_Bundle_2,0,0.5698168498168499,1.0,3.0,2.5,2.5
52073731,200114986,TRATAMIENTO CORPORAL,ESIKA,3.0,2024-04-26,11,248.0,430.195,238,0.175438596491228,0.3202170963364993,2169.05,75,65,0.5,1.0,0.8,52073731_Bundle_2,0,0.5698168498168499,1.0,3.0,2.5,2.5
52073731,200095430,CUIDADO PERSONAL,CYZONE,9.9,2024-07-02,17,442.4,430.195,171,0.2807017543859649,0.2293080054274084,2169.05,75,65,1.0,0.4846153846153846,0.6907692307692308,52073731_Bundle_2,0,0.5698168498168499,1.0,3.0,2.5,2.5
52073731,200090452,FRAGANCIAS,ESIKA,41.9,2024-06-10,16,472.15,430.195,193,0.2631578947368421,0.2591587516960651,2169.05,75,65,0.9166666666666666,0.6538461538461539,0.7589743589743589,52073731_Bundle_2,0,0.5698168498168499,1.0,3.0,2.5,2.5
52073731,200115540,FRAGANCIAS,CYZONE,28.95,2024-06-10,16,472.15,430.195,193,0.2631578947368421,0.2591587516960651,2169.05,75,65,0.9166666666666666,0.6538461538461539,0.7589743589743589,52073731_Bundle_2,0,0.5698168498168499,1.0,3.0,2.5,2.5
52082706,200102433,FRAGANCIAS,ESIKA,18.57,2024-05-16,13,267.5,430.195,218,0.2105263157894736,0.2930800542740841,2407.2,80,68,0.9230769230769231,0.8529411764705882,0.8809954751131222,52082706_Bundle_1,1,0.7769230769230769,,,,
52082706,200108807,CUIDADO PERSONAL,ESIKA,12.9,2024-07-04,12,441.8,430.195,169,0.1929824561403508,0.2265943012211669,2407.2,80,68,0.8461538461538461,0.6127450980392157,0.7061085972850679,52082706_Bundle_1,0,0.7769230769230769,1.0,3.0,2.5,2.5
52082706,210104319,MAQUILLAJE,CYZONE,20.9,2024-06-06,14,436.1,430.195,197,0.2280701754385964,0.2645861601085482,2407.2,80,68,1.0,0.75,0.85,52082706_Bundle_1,0,0.7769230769230769,1.0,3.0,2.5,2.5
52082706,200108752,CUIDADO PERSONAL,ESIKA,12.0,2024-07-30,13,393.0,430.195,143,0.2105263157894736,0.1913161465400271,2407.2,80,68,0.9230769230769231,0.4852941176470588,0.6604072398190045,52082706_Bundle_1,0,0.7769230769230769,1.0,3.0,2.5,2.5
52082706,200112317,MAQUILLAJE,CYZONE,6.9,2024-04-16,6,174.5,430.195,248,0.087719298245614,0.3337856173677069,2407.2,80,68,0.38461538461538464,1.0,0.7538461538461538,52082706_Bundle_1,0,0.7769230769230769,1.0,3.0,2.5,2.5
52082706,200110328,MAQUILLAJE,ESIKA,13.9,2024-05-16,13,267.5,430.195,218,0.2105263157894736,0.2930800542740841,2407.2,80,68,0.9230769230769231,0.8529411764705882,0.8809954751131222,52082706_Bundle_1,0,0.7769230769230769,1.0,3.0,2.5,2.5
52082706,200117468,MAQUILLAJE,ESIKA,14.9,2024-07-04,12,441.8,430.195,169,0.1929824561403508,0.2265943012211669,2407.2,80,68,0.8461538461538461,0.6127450980392157,0.7061085972850679,52082706_Bundle_1,0,0.7769230769230769,1.0,3.0,2.5,2.5
52082706,200102433,FRAGANCIAS,ESIKA,18.57,2024-05-16,13,267.5,430.195,218,0.2105263157894736,0.2930800542740841,2407.2,80,68,0.9230769230769231,0.8529411764705882,0.8809954751131222,52082706_Bundle_2,1,0.726535229476406,,,,
52082706,200114988,TRATAMIENTO CORPORAL,ESIKA,19.68,2024-06-06,14,436.1,430.195,197,0.2280701754385964,0.2645861601085482,2407.2,80,68,1.0,0.75,0.85,52082706_Bundle_2,0,0.726535229476406,1.0,3.0,2.5,2.5
52082706,210096499,PROMOCION USUARIOS,ESIKA,37.41,2024-08-19,5,236.6,430.195,123,0.0701754385964912,0.1641791044776119,2407.2,80,68,0.3076923076923077,0.3872549019607843,0.3554298642533937,52082706_Bundle_2,0,0.726535229476406,1.0,3.0,2.5,2.5
52082706,210095421,BIJOUTERIE,ESIKA,54.9,2024-07-04,12,441.8,430.195,169,0.1929824561403508,0.2265943012211669,2407.2,80,68,0.8461538461538461,0.6127450980392157,0.7061085972850679,52082706_Bundle_2,0,0.726535229476406,1.0,3.0,2.5,2.5
52082706,200095170,CUIDADO PERSONAL,ESIKA,5.67,2024-05-16,13,267.5,430.195,218,0.2105263157894736,0.2930800542740841,2407.2,80,68,0.9230769230769231,0.8529411764705882,0.8809954751131222,52082706_Bundle_2,0,0.726535229476406,1.0,3.0,2.5,2.5
52082706,200111767,TRATAMIENTO CORPORAL,ESIKA,33.9,2024-07-04,12,441.8,430.195,169,0.1929824561403508,0.2265943012211669,2407.2,80,68,0.8461538461538461,0.6127450980392157,0.7061085972850679,52082706_Bundle_2,0,0.726535229476406,1.0,3.0,2.5,2.5
52082706,210107061,BIJOUTERIE,CYZONE,44.9,2024-07-04,12,441.8,430.195,169,0.1929824561403508,0.2265943012211669,2407.2,80,68,0.8461538461538461,0.6127450980392157,0.7061085972850679,52082706_Bundle_2,0,0.726535229476406,1.0,3.0,2.5,2.5
52093236,200113805,MUESTRAS COSMETICOS,LBEL,0.9,2024-05-07,11,246.77,430.195,227,0.175438596491228,0.3052917232021709,2355.56,85,76,0.5384615384615384,0.9293478260869565,0.7729933110367893,52093236_Bundle_1,1,0.5970974677496417,,,,
52093236,200114178,MAQUILLAJE,CYZONE,16.9,2024-04-24,7,261.4,430.195,240,0.1052631578947368,0.3229308005427408,2355.56,85,76,0.23076923076923078,1.0,0.6923076923076923,52093236_Bundle_1,0,0.5970974677496417,1.0,3.0,2.5,2.5
52093236,200102292,MAQUILLAJE,ESIKA,48.9,2024-06-27,7,274.3,430.195,176,0.1052631578947368,0.2360922659430122,2355.56,85,76,0.23076923076923078,0.6521739130434783,0.4836120401337793,52093236_Bundle_1,0,0.5970974677496417,1.0,3.0,2.5,2.5
52093236,200115941,VARIOS,GENERICA,59.9,2024-04-24,7,261.4,430.195,240,0.1052631578947368,0.3229308005427408,2355.56,85,76,0.23076923076923078,1.0,0.6923076923076923,52093236_Bundle_1,0,0.5970974677496417,1.0,3.0,2.5,2.5
52093236,200109873,FRAGANCIAS,CYZONE,25.52,2024-10-25,9,200.5,430.195,56,0.1403508771929824,0.073270013568521,2355.56,85,76,0.38461538461538464,0.0,0.15384615384615385,52093236_Bundle_1,0,0.5970974677496417,1.0,3.0,2.5,2.5
52093236,200115278,TRATAMIENTO FACIAL,ESIKA,29.9,2024-04-24,7,261.4,430.195,240,0.1052631578947368,0.3229308005427408,2355.56,85,76,0.23076923076923078,1.0,0.6923076923076923,52093236_Bundle_1,0,0.5970974677496417,1.0,3.0,2.5,2.5
52093236,200115768,TRATAMIENTO FACIAL,LBEL,61.0,2024-04-24,7,261.4,430.195,240,0.1052631578947368,0.3229308005427408,2355.56,85,76,0.23076923076923078,1.0,0.6923076923076923,52093236_Bundle_1,0,0.5970974677496417,1.0,3.0,2.5,2.5
52093236,200113805,MUESTRAS COSMETICOS,LBEL,0.9,2024-05-07,11,246.77,430.195,227,0.175438596491228,0.3052917232021709,2355.56,85,76,0.5384615384615384,0.9293478260869565,0.7729933110367893,52093236_Bundle_2,1,0.5142976588628763,,,,
52093236,200114178,MAQUILLAJE,CYZONE,16.9,2024-04-24,7,261.4,430.195,240,0.1052631578947368,0.3229308005427408,2355.56,85,76,0.23076923076923078,1.0,0.6923076923076923,52093236_Bundle_2,0,0.5142976588628763,1.0,3.0,2.5,2.5
52093236,200103022,CUIDADO PERSONAL,ESIKA,18.17,2024-08-28,6,171.6,430.195,114,0.087719298245614,0.1519674355495251,2355.56,85,76,0.15384615384615385,0.31521739130434784,0.25066889632107026,52093236_Bundle_2,0,0.5142976588628763,1.0,3.0,2.5,2.5
52093236,200114200,MAQUILLAJE,CYZONE,22.9,2024-08-09,9,188.2,430.195,133,0.1403508771929824,0.1777476255088195,2355.56,85,76,0.38461538461538464,0.41847826086956524,0.404933110367893,52093236_Bundle_2,0,0.5142976588628763,1.0,3.0,2.5,2.5
52093236,200089509,FRAGANCIAS,ESIKA,49.9,2024-09-26,4,192.6,430.195,85,0.0526315789473684,0.112618724559023,2355.56,85,76,0.0,0.15760869565217392,0.09456521739130434,52093236_Bundle_2,0,0.5142976588628763,1.0,3.0,2.5,2.5
52093236,210100065,BIJOUTERIE,ESIKA,59.9,2024-04-24,7,261.4,430.195,240,0.1052631578947368,0.3229308005427408,2355.56,85,76,0.23076923076923078,1.0,0.6923076923076923,52093236_Bundle_2,0,0.5142976588628763,1.0,3.0,2.5,2.5
52093236,200112904,MAQUILLAJE,CYZONE,17.9,2024-04-24,7,261.4,430.195,240,0.1052631578947368,0.3229308005427408,2355.56,85,76,0.23076923076923078,1.0,0.6923076923076923,52093236_Bundle_2,0,0.5142976588628763,1.0,3.0,2.5,2.5
52105560,200108160,FRAGANCIAS,LBEL,43.3,2024-05-03,11,376.5,430.195,231,0.175438596491228,0.310719131614654,6084.48,183,149,0.3,0.9411764705882353,0.6847058823529412,52105560_Bundle_1,1,0.44168067226890767,,,,
52105560,210107061,BIJOUTERIE,CYZONE,44.9,2024-07-09,17,595.05,430.195,164,0.2807017543859649,0.2198100407055631,6084.48,183,149,0.6,0.6380090497737556,0.6228054298642534,52105560_Bundle_1,0,0.44168067226890767,1.0,3.0,2.5,2.5
52105560,200115403,MAQUILLAJE,CYZONE,12.57,2024-11-06,25,716.96,430.195,44,0.4210526315789473,0.0569877883310719,6084.48,183,149,1.0,0.09502262443438914,0.4570135746606335,52105560_Bundle_1,0,0.44168067226890767,1.0,3.0,2.5,2.5
52105560,200109610,MAQUILLAJE,CYZONE,9.14,2024-11-27,8,213.4,430.195,23,0.1228070175438596,0.0284938941655359,6084.48,183,149,0.15,0.0,0.06,52105560_Bundle_1,0,0.44168067226890767,1.0,3.0,2.5,2.5
52105560,200108044,TRATAMIENTO CORPORAL,ESIKA,10.0,2024-11-06,25,716.96,430.195,44,0.4210526315789473,0.0569877883310719,6084.48,183,149,1.0,0.09502262443438914,0.4570135746606335,52105560_Bundle_1,0,0.44168067226890767,1.0,3.0,2.5,2.5
52105560,210101853,MAQUILLAJE,CYZONE,44.9,2024-09-06,13,364.85,430.195,105,0.2105263157894736,0.1397557666214382,6084.48,183,149,0.4,0.37104072398190047,0.3826244343891403,52105560_Bundle_1,0,0.44168067226890767,1.0,3.0,2.5,2.5
52105560,200114529,TRATAMIENTO CORPORAL,CYZONE,29.9,2024-10-11,20,601.7,430.195,70,0.3333333333333333,0.0922659430122116,6084.48,183,149,0.75,0.21266968325791855,0.42760180995475117,52105560_Bundle_1,0,0.44168067226890767,1.0,3.0,2.5,2.5
52105560,200108160,FRAGANCIAS,LBEL,43.3,2024-05-03,11,376.5,430.195,231,0.175438596491228,0.310719131614654,6084.48,183,149,0.3,0.9411764705882353,0.6847058823529412,52105560_Bundle_2,1,0.48555914673561734,,,,
52105560,200111416,TRATAMIENTO FACIAL,CYZONE,23.9,2024-08-16,25,758.36,430.195,126,0.4210526315789473,0.1682496607869742,6084.48,183,149,1.0,0.4660633484162896,0.6796380090497738,52105560_Bundle_2,0,0.48555914673561734,1.0,3.0,2.5,2.5
52105560,200117564,TRATAMIENTO FACIAL,LBEL,20.89,2024-11-27,8,213.4,430.195,23,0.1228070175438596,0.0284938941655359,6084.48,183,149,0.15,0.0,0.06,52105560_Bundle_2,0,0.48555914673561734,1.0,3.0,2.5,2.5
52105560,200104065,TRATAMIENTO FACIAL,LBEL,43.0,2024-07-19,13,611.4,430.195,154,0.2105263157894736,0.2062415196743555,6084.48,183,149,0.4,0.5927601809954751,0.5156561085972851,52105560_Bundle_2,0,0.48555914673561734,1.0,3.0,2.5,2.5
52105560,200101245,TRATAMIENTO FACIAL,LBEL,50.0,2024-07-19,13,611.4,430.195,154,0.2105263157894736,0.2062415196743555,6084.48,183,149,0.4,0.5927601809954751,0.5156561085972851,52105560_Bundle_2,0,0.48555914673561734,1.0,3.0,2.5,2.5
52105560,210095652,MAQUILLAJE,CYZONE,23.9,2024-07-19,13,611.4,430.195,154,0.2105263157894736,0.2062415196743555,6084.48,183,149,0.4,0.5927601809954751,0.5156561085972851,52105560_Bundle_2,0,0.48555914673561734,1.0,3.0,2.5,2.5
52105560,200082688,CUIDADO PERSONAL,ESIKA,29.9,2024-10-11,20,601.7,430.195,70,0.3333333333333333,0.0922659430122116,6084.48,183,149,0.75,0.21266968325791855,0.42760180995475117,52105560_Bundle_2,0,0.48555914673561734,1.0,3.0,2.5,2.5
52108101,200103327,MAQUILLAJE,ESIKA,17.45,2024-05-15,16,369.5,430.195,219,0.2631578947368421,0.2944369063772049,2651.1,88,76,0.6363636363636364,0.8157894736842105,0.7440191387559809,52108101_Bundle_1,1,0.5850307587149693,,,,
52108101,200111416,TRATAMIENTO FACIAL,CYZONE,23.9,2024-08-16,17,471.7,430.195,126,0.2807017543859649,0.1682496607869742,2651.1,88,76,0.7272727272727273,0.0,0.29090909090909095,52108101_Bundle_1,0,0.5850307587149693,1.0,3.0,2.5,2.5
52108101,210105356,COMPLEMENTOS,CYZONE,66.9,2024-07-03,20,644.2,430.195,170,0.3333333333333333,0.2279511533242876,2651.1,88,76,1.0,0.38596491228070173,0.631578947368421,52108101_Bundle_1,0,0.5850307587149693,1.0,3.0,2.5,2.5
52108101,200100926,FRAGANCIAS,ESIKA,23.3,2024-04-24,11,398.8,430.195,240,0.175438596491228,0.3229308005427408,2651.1,88,76,0.18181818181818182,1.0,0.6727272727272727,52108101_Bundle_1,0,0.5850307587149693,1.0,3.0,2.5,2.5
52108101,200112361,CUIDADO PERSONAL,ESIKA,20.0,2024-05-15,16,369.5,430.195,219,0.2631578947368421,0.2944369063772049,2651.1,88,76,0.6363636363636364,0.8157894736842105,0.7440191387559809,52108101_Bundle_1,0,0.5850307587149693,1.0,3.0,2.5,2.5
52108101,200117505,TRATAMIENTO FACIAL,ESIKA,34.9,2024-07-24,15,376.7,430.195,149,0.2456140350877192,0.1994572591587517,2651.1,88,76,0.5454545454545454,0.20175438596491227,0.33923444976076556,52108101_Bundle_1,0,0.5850307587149693,1.0,3.0,2.5,2.5
52108101,200090452,FRAGANCIAS,ESIKA,23.3,2024-04-24,11,398.8,430.195,240,0.175438596491228,0.3229308005427408,2651.1,88,76,0.18181818181818182,1.0,0.6727272727272727,52108101_Bundle_1,0,0.5850307587149693,1.0,3.0,2.5,2.5
52108101,200103327,MAQUILLAJE,ESIKA,17.45,2024-05-15,16,369.5,430.195,219,0.2631578947368421,0.2944369063772049,2651.1,88,76,0.6363636363636364,0.8157894736842105,0.7440191387559809,52108101_Bundle_2,1,0.4657552973342448,,,,
52108101,200094941,FRAGANCIAS,CYZONE,26.9,2024-08-16,17,471.7,430.195,126,0.2807017543859649,0.1682496607869742,2651.1,88,76,0.7272727272727273,0.0,0.29090909090909095,52108101_Bundle_2,0,0.4657552973342448,1.0,3.0,2.5,2.5
52108101,200082678,FRAGANCIAS,ESIKA,8.0,2024-07-24,15,376.7,430.195,149,0.2456140350877192,0.1994572591587517,2651.1,88,76,0.5454545454545454,0.20175438596491227,0.33923444976076556,52108101_Bundle_2,0,0.4657552973342448,1.0,3.0,2.5,2.5
52108101,200103452,CUIDADO PERSONAL,LBEL,9.9,2024-08-16,17,471.7,430.195,126,0.2807017543859649,0.1682496607869742,2651.1,88,76,0.7272727272727273,0.0,0.29090909090909095,52108101_Bundle_2,0,0.4657552973342448,1.0,3.0,2.5,2.5
52108101,200112307,FRAGANCIAS,ESIKA,29.9,2024-08-16,17,471.7,430.195,126,0.2807017543859649,0.1682496607869742,2651.1,88,76,0.7272727272727273,0.0,0.29090909090909095,52108101_Bundle_2,0,0.4657552973342448,1.0,3.0,2.5,2.5
52108101,200090452,FRAGANCIAS,ESIKA,23.3,2024-04-24,11,398.8,430.195,240,0.175438596491228,0.3229308005427408,2651.1,88,76,0.18181818181818182,1.0,0.6727272727272727,52108101_Bundle_2,0,0.4657552973342448,1.0,3.0,2.5,2.5
52108101,200115278,TRATAMIENTO FACIAL,ESIKA,36.9,2024-07-03,20,644.2,430.195,170,0.3333333333333333,0.2279511533242876,2651.1,88,76,1.0,0.38596491228070173,0.631578947368421,52108101_Bundle_2,0,0.4657552973342448,1.0,3.0,2.5,2.5
52121175,210105332,COMPLEMENTOS,CYZONE,50.0,2024-04-23,15,429.7,430.195,241,0.2456140350877192,0.3242876526458616,3288.06,117,111,0.4,1.0,0.76,52121175_Bundle_1,1,0.593434650455927,,,,
52121175,200114192,MAQUILLAJE,CYZONE,15.9,2024-05-15,15,392.6,430.195,219,0.2456140350877192,0.2944369063772049,3288.06,117,111,0.4,0.8439716312056738,0.6663829787234042,52121175_Bundle_1,0,0.593434650455927,1.0,3.0,2.5,2.5
52121175,200089168,FRAGANCIAS,CYZONE,35.5,2024-06-26,14,278.98,430.195,177,0.2280701754385964,0.2374491180461329,3288.06,117,111,0.3,0.5460992907801419,0.4476595744680851,52121175_Bundle_1,0,0.593434650455927,1.0,3.0,2.5,2.5
52121175,210105171,BIJOUTERIE,ESIKA,44.9,2024-09-11,11,349.18,430.195,100,0.175438596491228,0.1329715061058344,3288.06,117,111,0.0,0.0,0.0,52121175_Bundle_1,0,0.593434650455927,1.0,3.0,2.5,2.5
52121175,200114179,MAQUILLAJE,CYZONE,16.9,2024-04-23,15,429.7,430.195,241,0.2456140350877192,0.3242876526458616,3288.06,117,111,0.4,1.0,0.76,52121175_Bundle_1,0,0.593434650455927,1.0,3.0,2.5,2.5
52121175,200110703,TRATAMIENTO CORPORAL,CYZONE,10.0,2024-04-23,15,429.7,430.195,241,0.2456140350877192,0.3242876526458616,3288.06,117,111,0.4,1.0,0.76,52121175_Bundle_1,0,0.593434650455927,1.0,3.0,2.5,2.5
52121175,200114183,MAQUILLAJE,CYZONE,16.9,2024-04-23,15,429.7,430.195,241,0.2456140350877192,0.3242876526458616,3288.06,117,111,0.4,1.0,0.76,52121175_Bundle_1,0,0.593434650455927,1.0,3.0,2.5,2.5
52121175,210105332,COMPLEMENTOS,CYZONE,50.0,2024-04-23,15,429.7,430.195,241,0.2456140350877192,0.3242876526458616,3288.06,117,111,0.4,1.0,0.76,52121175_Bundle_2,1,0.44790273556231003,,,,
52121175,200114038,TRATAMIENTO FACIAL,ESIKA,29.9,2024-08-09,18,445.9,430.195,133,0.2982456140350877,0.1777476255088195,3288.06,117,111,0.7,0.23404255319148937,0.4204255319148936,52121175_Bundle_2,0,0.44790273556231003,1.0,3.0,2.5,2.5
52121175,200103025,CUIDADO PERSONAL,ESIKA,21.98,2024-09-11,11,349.18,430.195,100,0.175438596491228,0.1329715061058344,3288.06,117,111,0.0,0.0,0.0,52121175_Bundle_2,0,0.44790273556231003,1.0,3.0,2.5,2.5
52121175,210105160,BIJOUTERIE,ESIKA,39.9,2024-08-09,18,445.9,430.195,133,0.2982456140350877,0.1777476255088195,3288.06,117,111,0.7,0.23404255319148937,0.4204255319148936,52121175_Bundle_2,0,0.44790273556231003,1.0,3.0,2.5,2.5
52121175,200095382,CUIDADO PERSONAL,ESIKA,7.38,2024-06-26,14,278.98,430.195,177,0.2280701754385964,0.2374491180461329,3288.06,117,111,0.3,0.5460992907801419,0.4476595744680851,52121175_Bundle_2,0,0.44790273556231003,1.0,3.0,2.5,2.5
52121175,200110339,MAQUILLAJE,ESIKA,21.9,2024-08-09,18,445.9,430.195,133,0.2982456140350877,0.1777476255088195,3288.06,117,111,0.7,0.23404255319148937,0.4204255319148936,52121175_Bundle_2,0,0.44790273556231003,1.0,3.0,2.5,2.5
52121175,200115453,CUIDADO PERSONAL,ESIKA,24.9,2024-05-15,15,392.6,430.195,219,0.2456140350877192,0.2944369063772049,3288.06,117,111,0.4,0.8439716312056738,0.6663829787234042,52121175_Bundle_2,0,0.44790273556231003,1.0,3.0,2.5,2.5
52128625,200114125,MAQUILLAJE,CYZONE,10.52,2024-05-02,12,277.9,430.195,232,0.1929824561403508,0.3120759837177748,1655.9,71,62,0.9166666666666666,1.0,0.9666666666666667,52128625_Bundle_1,1,0.5400865800865801,,,,
52128625,210098815,HOGAR,CYZONE,1.25,2024-08-20,1,1.25,430.195,122,0.0,0.1628222523744912,1655.9,71,62,0.0,0.0,0.0,52128625_Bundle_1,0,0.5400865800865801,1.0,3.0,2.5,2.5
52128625,200089168,FRAGANCIAS,CYZONE,34.95,2024-08-16,8,181.7,430.195,126,0.1228070175438596,0.1682496607869742,1655.9,71,62,0.5833333333333334,0.03636363636363636,0.2551515151515152,52128625_Bundle_1,0,0.5400865800865801,1.0,3.0,2.5,2.5
52128625,200093884,FRAGANCIAS,ESIKA,32.9,2024-07-04,7,274.3,430.195,169,0.1052631578947368,0.2265943012211669,1655.9,71,62,0.5,0.42727272727272725,0.45636363636363636,52128625_Bundle_1,0,0.5400865800865801,1.0,3.0,2.5,2.5
52128625,200113950,TRATAMIENTO FACIAL,CYZONE,10.0,2024-08-16,8,181.7,430.195,126,0.1228070175438596,0.1682496607869742,1655.9,71,62,0.5833333333333334,0.03636363636363636,0.2551515151515152,52128625_Bundle_1,0,0.5400865800865801,1.0,3.0,2.5,2.5
52128625,200115484,TRATAMIENTO FACIAL,CYZONE,17.9,2024-05-16,13,173.9,430.195,218,0.2105263157894736,0.2930800542740841,1655.9,71,62,1.0,0.8727272727272727,0.9236363636363636,52128625_Bundle_1,0,0.5400865800865801,1.0,3.0,2.5,2.5
52128625,210097089,CUIDADO PERSONAL,LBEL,12.9,2024-05-16,13,173.9,430.195,218,0.2105263157894736,0.2930800542740841,1655.9,71,62,1.0,0.8727272727272727,0.9236363636363636,52128625_Bundle_1,0,0.5400865800865801,1.0,3.0,2.5,2.5
52128625,200114125,MAQUILLAJE,CYZONE,10.52,2024-05-02,12,277.9,430.195,232,0.1929824561403508,0.3120759837177748,1655.9,71,62,0.9166666666666666,1.0,0.9666666666666667,52128625_Bundle_2,1,0.8277056277056277,,,,
52128625,200095430,CUIDADO PERSONAL,CYZONE,10.9,2024-06-06,8,305.1,430.195,197,0.1228070175438596,0.2645861601085482,1655.9,71,62,0.5833333333333334,0.6818181818181818,0.6424242424242425,52128625_Bundle_2,0,0.8277056277056277,1.0,3.0,2.5,2.5
52128625,200115941,VARIOS,GENERICA,59.9,2024-05-02,12,277.9,430.195,232,0.1929824561403508,0.3120759837177748,1655.9,71,62,0.9166666666666666,1.0,0.9666666666666667,52128625_Bundle_2,0,0.8277056277056277,1.0,3.0,2.5,2.5
52128625,200104937,CUIDADO PERSONAL,ESIKA,16.9,2024-05-02,12,277.9,430.195,232,0.1929824561403508,0.3120759837177748,1655.9,71,62,0.9166666666666666,1.0,0.9666666666666667,52128625_Bundle_2,0,0.8277056277056277,1.0,3.0,2.5,2.5
52128625,200083940,FRAGANCIAS,LBEL,100.0,2024-06-06,8,305.1,430.195,197,0.1228070175438596,0.2645861601085482,1655.9,71,62,0.5833333333333334,0.6818181818181818,0.6424242424242425,52128625_Bundle_2,0,0.8277056277056277,1.0,3.0,2.5,2.5
52128625,200113797,MUESTRAS COSMETICOS,LBEL,0.9,2024-06-06,8,305.1,430.195,197,0.1228070175438596,0.2645861601085482,1655.9,71,62,0.5833333333333334,0.6818181818181818,0.6424242424242425,52128625_Bundle_2,0,0.8277056277056277,1.0,3.0,2.5,2.5
52128625,200105008,FRAGANCIAS,CYZONE,34.9,2024-05-02,12,277.9,430.195,232,0.1929824561403508,0.3120759837177748,1655.9,71,62,0.9166666666666666,1.0,0.9666666666666667,52128625_Bundle_2,0,0.8277056277056277,1.0,3.0,2.5,2.5
52135567,200072913,FRAGANCIAS,ESIKA,12.45,2024-05-02,12,238.4,430.195,232,0.1929824561403508,0.3120759837177748,1958.68,79,73,0.35714285714285715,1.0,0.7428571428571429,52135567_Bundle_1,1,0.45967901723796306,,,,
52135567,210095993,MAQUILLAJE,ESIKA,19.9,2024-08-13,15,391.8,430.195,129,0.2456140350877192,0.1723202170963365,1958.68,79,73,0.5714285714285714,0.0,0.22857142857142856,52135567_Bundle_1,0,0.45967901723796306,1.0,3.0,2.5,2.5
52135567,200105985,MAQUILLAJE,LBEL,17.0,2024-07-16,21,445.0,430.195,157,0.3508771929824561,0.2103120759837177,1958.68,79,73,1.0,0.27184466019417475,0.5631067961165048,52135567_Bundle_1,0,0.45967901723796306,1.0,3.0,2.5,2.5
52135567,200112299,MAQUILLAJE,CYZONE,9.9,2024-07-16,21,445.0,430.195,157,0.3508771929824561,0.2103120759837177,1958.68,79,73,1.0,0.27184466019417475,0.5631067961165048,52135567_Bundle_1,0,0.45967901723796306,1.0,3.0,2.5,2.5
52135567,200102292,MAQUILLAJE,ESIKA,48.9,2024-08-13,15,391.8,430.195,129,0.2456140350877192,0.1723202170963365,1958.68,79,73,0.5714285714285714,0.0,0.22857142857142856,52135567_Bundle_1,0,0.45967901723796306,1.0,3.0,2.5,2.5
52135567,200114994,TRATAMIENTO CORPORAL,LBEL,9.9,2024-06-11,10,313.3,430.195,192,0.1578947368421052,0.2578018995929443,1958.68,79,73,0.21428571428571427,0.6116504854368932,0.45270457697642164,52135567_Bundle_1,0,0.45967901723796306,1.0,3.0,2.5,2.5
52135567,210106001,BIJOUTERIE,ESIKA,44.9,2024-07-03,14,403.73,430.195,170,0.2280701754385964,0.2279511533242876,1958.68,79,73,0.5,0.39805825242718446,0.4388349514563107,52135567_Bundle_1,0,0.45967901723796306,1.0,3.0,2.5,2.5
52135567,200072913,FRAGANCIAS,ESIKA,12.45,2024-05-02,12,238.4,430.195,232,0.1929824561403508,0.3120759837177748,1958.68,79,73,0.35714285714285715,1.0,0.7428571428571429,52135567_Bundle_2,1,0.5383792351892213,,,,
52135567,200109714,MAQUILLAJE,ESIKA,43.9,2024-05-21,7,166.45,430.195,213,0.1052631578947368,0.2862957937584803,1958.68,79,73,0.0,0.8155339805825242,0.4893203883495145,52135567_Bundle_2,0,0.5383792351892213,1.0,3.0,2.5,2.5
52135567,200114187,MAQUILLAJE,CYZONE,16.9,2024-07-16,21,445.0,430.195,157,0.3508771929824561,0.2103120759837177,1958.68,79,73,1.0,0.27184466019417475,0.5631067961165048,52135567_Bundle_2,0,0.5383792351892213,1.0,3.0,2.5,2.5
52135567,200103448,CUIDADO PERSONAL,ESIKA,9.9,2024-07-03,14,403.73,430.195,170,0.2280701754385964,0.2279511533242876,1958.68,79,73,0.5,0.39805825242718446,0.4388349514563107,52135567_Bundle_2,0,0.5383792351892213,1.0,3.0,2.5,2.5
52135567,210096207,MAQUILLAJE,ESIKA,19.9,2024-08-13,15,391.8,430.195,129,0.2456140350877192,0.1723202170963365,1958.68,79,73,0.5714285714285714,0.0,0.22857142857142856,52135567_Bundle_2,0,0.5383792351892213,1.0,3.0,2.5,2.5
52135567,200112355,CUIDADO PERSONAL,ESIKA,21.99,2024-05-02,12,238.4,430.195,232,0.1929824561403508,0.3120759837177748,1958.68,79,73,0.35714285714285715,1.0,0.7428571428571429,52135567_Bundle_2,0,0.5383792351892213,1.0,3.0,2.5,2.5
52135567,200109537,CUIDADO PERSONAL,ESIKA,7.38,2024-07-16,21,445.0,430.195,157,0.3508771929824561,0.2103120759837177,1958.68,79,73,1.0,0.27184466019417475,0.5631067961165048,52135567_Bundle_2,0,0.5383792351892213,1.0,3.0,2.5,2.5
52142881,200114148,TRATAMIENTO CORPORAL,CYZONE,35.9,2024-06-06,20,287.65,430.195,197,0.3333333333333333,0.2645861601085482,3316.66,139,130,0.8181818181818182,0.8571428571428571,0.8415584415584416,52142881_Bundle_1,1,0.6253061224489797,,,,
52142881,200102104,MAQUILLAJE,CYZONE,8.5,2024-06-06,20,287.65,430.195,197,0.3333333333333333,0.2645861601085482,3316.66,139,130,0.8181818181818182,0.8571428571428571,0.8415584415584416,52142881_Bundle_1,0,0.6253061224489797,1.0,3.0,2.5,2.5
52142881,210087024,BIJOUTERIE,ESIKA,69.9,2024-08-09,19,628.96,430.195,133,0.3157894736842105,0.1777476255088195,3316.66,139,130,0.7272727272727273,0.4,0.530909090909091,52142881_Bundle_1,0,0.6253061224489797,1.0,3.0,2.5,2.5
52142881,200106171,FRAGANCIAS,LBEL,37.9,2024-08-29,20,487.07,430.195,113,0.3333333333333333,0.1506105834464043,3316.66,139,130,0.8181818181818182,0.2571428571428571,0.48155844155844163,52142881_Bundle_1,0,0.6253061224489797,1.0,3.0,2.5,2.5
52142881,200116899,MAQUILLAJE,CYZONE,22.9,2024-06-06,20,287.65,430.195,197,0.3333333333333333,0.2645861601085482,3316.66,139,130,0.8181818181818182,0.8571428571428571,0.8415584415584416,52142881_Bundle_1,0,0.6253061224489797,1.0,3.0,2.5,2.5
52142881,200115279,CUIDADO PERSONAL,LBEL,21.9,2024-06-28,11,288.9,430.195,175,0.175438596491228,0.2347354138398914,3316.66,139,130,0.0,0.7,0.42,52142881_Bundle_1,0,0.6253061224489797,1.0,3.0,2.5,2.5
52142881,200095917,TRATAMIENTO FACIAL,ESIKA,20.9,2024-06-28,11,288.9,430.195,175,0.175438596491228,0.2347354138398914,3316.66,139,130,0.0,0.7,0.42,52142881_Bundle_1,0,0.6253061224489797,1.0,3.0,2.5,2.5
52142881,200114148,TRATAMIENTO CORPORAL,CYZONE,35.9,2024-06-06,20,287.65,430.195,197,0.3333333333333333,0.2645861601085482,3316.66,139,130,0.8181818181818182,0.8571428571428571,0.8415584415584416,52142881_Bundle_2,1,0.7060111317254174,,,,
52142881,200102104,MAQUILLAJE,CYZONE,8.5,2024-06-06,20,287.65,430.195,197,0.3333333333333333,0.2645861601085482,3316.66,139,130,0.8181818181818182,0.8571428571428571,0.8415584415584416,52142881_Bundle_2,0,0.7060111317254174,1.0,3.0,2.5,2.5
52142881,210099426,MAQUILLAJE,CYZONE,17.9,2024-06-06,20,287.65,430.195,197,0.3333333333333333,0.2645861601085482,3316.66,139,130,0.8181818181818182,0.8571428571428571,0.8415584415584416,52142881_Bundle_2,0,0.7060111317254174,1.0,3.0,2.5,2.5
52142881,200103025,CUIDADO PERSONAL,ESIKA,29.9,2024-10-04,19,394.88,430.195,77,0.3157894736842105,0.1017639077340569,3316.66,139,130,0.7272727272727273,0.0,0.29090909090909095,52142881_Bundle_2,0,0.7060111317254174,1.0,3.0,2.5,2.5
52142881,200112312,MAQUILLAJE,CYZONE,6.9,2024-06-06,20,287.65,430.195,197,0.3333333333333333,0.2645861601085482,3316.66,139,130,0.8181818181818182,0.8571428571428571,0.8415584415584416,52142881_Bundle_2,0,0.7060111317254174,1.0,3.0,2.5,2.5
52142881,200116899,MAQUILLAJE,CYZONE,22.9,2024-06-06,20,287.65,430.195,197,0.3333333333333333,0.2645861601085482,3316.66,139,130,0.8181818181818182,0.8571428571428571,0.8415584415584416,52142881_Bundle_2,0,0.7060111317254174,1.0,3.0,2.5,2.5
52142881,200083930,FRAGANCIAS,LBEL,44.9,2024-07-18,14,483.9,430.195,155,0.2280701754385964,0.2075983717774762,3316.66,139,130,0.2727272727272727,0.5571428571428572,0.44337662337662337,52142881_Bundle_2,0,0.7060111317254174,1.0,3.0,2.5,2.5
52178282,200115107,MAQUILLAJE,ESIKA,22.9,2024-06-12,13,387.1,430.195,191,0.2105263157894736,0.2564450474898236,3848.3,117,107,0.4,0.8333333333333334,0.66,52178282_Bundle_1,1,0.485,,,,
52178282,200117505,TRATAMIENTO FACIAL,ESIKA,39.9,2024-08-14,15,576.6,430.195,128,0.2456140350877192,0.1709633649932157,3848.3,117,107,0.5,0.4583333333333333,0.475,52178282_Bundle_1,0,0.485,1.0,3.0,2.5,2.5
52178282,200111145,FRAGANCIAS,ESIKA,49.9,2024-07-24,15,515.5,430.195,149,0.2456140350877192,0.1994572591587517,3848.3,117,107,0.5,0.5833333333333334,0.55,52178282_Bundle_1,0,0.485,1.0,3.0,2.5,2.5
52178282,200115489,FRAGANCIAS,CYZONE,46.9,2024-05-15,7,249.5,430.195,219,0.1052631578947368,0.2944369063772049,3848.3,117,107,0.1,1.0,0.64,52178282_Bundle_1,0,0.485,1.0,3.0,2.5,2.5
52178282,200095430,CUIDADO PERSONAL,CYZONE,12.9,2024-07-03,11,395.9,430.195,170,0.175438596491228,0.2279511533242876,3848.3,117,107,0.3,0.7083333333333334,0.5449999999999999,52178282_Bundle_1,0,0.485,1.0,3.0,2.5,2.5
52178282,210100407,CUIDADO PERSONAL,CYZONE,21.9,2024-10-30,25,583.1,430.195,51,0.4210526315789473,0.0664857530529172,3848.3,117,107,1.0,0.0,0.4,52178282_Bundle_1,0,0.485,1.0,3.0,2.5,2.5
52178282,200106378,FRAGANCIAS,CYZONE,39.9,2024-09-25,5,200.5,430.195,86,0.0701754385964912,0.1139755766621438,3848.3,117,107,0.0,0.20833333333333334,0.125,52178282_Bundle_1,0,0.485,1.0,3.0,2.5,2.5
52178282,200115107,MAQUILLAJE,ESIKA,22.9,2024-06-12,13,387.1,430.195,191,0.2105263157894736,0.2564450474898236,3848.3,117,107,0.4,0.8333333333333334,0.66,52178282_Bundle_2,1,0.5,,,,
52178282,200115983,FRAGANCIAS,CYZONE,49.9,2024-09-04,12,479.0,430.195,107,0.1929824561403508,0.1424694708276797,3848.3,117,107,0.35,0.3333333333333333,0.33999999999999997,52178282_Bundle_2,0,0.5,1.0,3.0,2.5,2.5
52178282,210104251,COMPLEMENTOS,CYZONE,22.45,2024-06-12,13,387.1,430.195,191,0.2105263157894736,0.2564450474898236,3848.3,117,107,0.4,0.8333333333333334,0.66,52178282_Bundle_2,0,0.5,1.0,3.0,2.5,2.5
52178282,200086432,FRAGANCIAS,ESIKA,39.9,2024-10-30,25,583.1,430.195,51,0.4210526315789473,0.0664857530529172,3848.3,117,107,1.0,0.0,0.4,52178282_Bundle_2,0,0.5,1.0,3.0,2.5,2.5
52178282,200103020,CUIDADO PERSONAL,ESIKA,15.9,2024-10-30,25,583.1,430.195,51,0.4210526315789473,0.0664857530529172,3848.3,117,107,1.0,0.0,0.4,52178282_Bundle_2,0,0.5,1.0,3.0,2.5,2.5
52178282,200082674,FRAGANCIAS,ESIKA,22.9,2024-10-30,25,583.1,430.195,51,0.4210526315789473,0.0664857530529172,3848.3,117,107,1.0,0.0,0.4,52178282_Bundle_2,0,0.5,1.0,3.0,2.5,2.5
52178282,200115942,VARIOS,GENERICA,59.9,2024-05-15,7,249.5,430.195,219,0.1052631578947368,0.2944369063772049,3848.3,117,107,0.1,1.0,0.64,52178282_Bundle_2,0,0.5,1.0,3.0,2.5,2.5
52181135,200105041,FRAGANCIAS,ESIKA,34.9,2024-05-16,7,381.4,430.195,218,0.1052631578947368,0.2930800542740841,2724.73,91,80,0.3125,1.0,0.725,52181135_Bundle_1,1,0.5690026954177897,,,,
52181135,200105180,CUIDADO PERSONAL,CYZONE,11.9,2024-06-05,10,286.09999999999997,430.195,198,0.1578947368421052,0.2659430122116689,2724.73,91,80,0.5,0.8742138364779874,0.7245283018867925,52181135_Bundle_1,0,0.5690026954177897,1.0,3.0,2.5,2.5
52181135,200105180,CUIDADO PERSONAL,CYZONE,11.9,2024-07-19,9,204.2,430.195,154,0.1403508771929824,0.2062415196743555,2724.73,91,80,0.4375,0.5974842767295597,0.5334905660377358,52181135_Bundle_1,0,0.5690026954177897,1.0,3.0,2.5,2.5
52181135,210106115,COMPLEMENTOS,CYZONE,44.9,2024-08-28,18,553.5,430.195,114,0.2982456140350877,0.1519674355495251,2724.73,91,80,1.0,0.34591194968553457,0.6075471698113207,52181135_Bundle_1,0,0.5690026954177897,1.0,3.0,2.5,2.5
52181135,200113372,TRATAMIENTO FACIAL,LBEL,22.45,2024-06-28,7,135.57999999999998,430.195,175,0.1052631578947368,0.2347354138398914,2724.73,91,80,0.3125,0.7295597484276729,0.5627358490566037,52181135_Bundle_1,0,0.5690026954177897,1.0,3.0,2.5,2.5
52181135,200117564,TRATAMIENTO FACIAL,LBEL,13.62,2024-10-03,12,347.9,430.195,78,0.1929824561403508,0.1031207598371777,2724.73,91,80,0.625,0.11949685534591195,0.32169811320754715,52181135_Bundle_1,0,0.5690026954177897,1.0,3.0,2.5,2.5
52181135,210105892,BIJOUTERIE,ESIKA,39.9,2024-08-08,11,318.9,430.195,134,0.175438596491228,0.1791044776119403,2724.73,91,80,0.5625,0.4716981132075472,0.5080188679245283,52181135_Bundle_1,0,0.5690026954177897,1.0,3.0,2.5,2.5
52181135,200105041,FRAGANCIAS,ESIKA,34.9,2024-05-16,7,381.4,430.195,218,0.1052631578947368,0.2930800542740841,2724.73,91,80,0.3125,1.0,0.725,52181135_Bundle_2,1,0.48268194070080866,,,,
52181135,200112287,MAQUILLAJE,CYZONE,11.9,2024-10-03,12,347.9,430.195,78,0.1929824561403508,0.1031207598371777,2724.73,91,80,0.625,0.11949685534591195,0.32169811320754715,52181135_Bundle_2,0,0.48268194070080866,1.0,3.0,2.5,2.5
52181135,200108908,CUIDADO PERSONAL,CYZONE,17.9,2024-08-08,11,318.9,430.195,134,0.175438596491228,0.1791044776119403,2724.73,91,80,0.5625,0.4716981132075472,0.5080188679245283,52181135_Bundle_2,0,0.48268194070080866,1.0,3.0,2.5,2.5
52181135,200102351,MAQUILLAJE,ESIKA,21.9,2024-09-16,15,393.3,430.195,95,0.2456140350877192,0.1261872455902306,2724.73,91,80,0.8125,0.22641509433962265,0.4608490566037736,52181135_Bundle_2,0,0.48268194070080866,1.0,3.0,2.5,2.5
52181135,200106161,TRATAMIENTO CORPORAL,CYZONE,25.9,2024-07-19,9,204.2,430.195,154,0.1403508771929824,0.2062415196743555,2724.73,91,80,0.4375,0.5974842767295597,0.5334905660377358,52181135_Bundle_2,0,0.48268194070080866,1.0,3.0,2.5,2.5
52181135,210104481,BIJOUTERIE,ESIKA,29.9,2024-10-03,12,347.9,430.195,78,0.1929824561403508,0.1031207598371777,2724.73,91,80,0.625,0.11949685534591195,0.32169811320754715,52181135_Bundle_2,0,0.48268194070080866,1.0,3.0,2.5,2.5
52181135,210105418,BIJOUTERIE,CYZONE,24.9,2024-08-08,11,318.9,430.195,134,0.175438596491228,0.1791044776119403,2724.73,91,80,0.5625,0.4716981132075472,0.5080188679245283,52181135_Bundle_2,0,0.48268194070080866,1.0,3.0,2.5,2.5
52208297,200094217,FRAGANCIAS,ESIKA,49.95,2024-06-13,17,385.4,430.195,190,0.2807017543859649,0.2550881953867028,3490.71,148,124,0.625,0.8622754491017964,0.7673652694610779,52208297_Bundle_1,1,0.48314798973481615,,,,
52208297,200111183,TRATAMIENTO CORPORAL,ESIKA,22.84,2024-11-04,19,382.8,430.195,46,0.3157894736842105,0.0597014925373134,3490.71,148,124,0.875,0.0,0.35000000000000003,52208297_Bundle_1,0,0.48314798973481615,1.0,3.0,2.5,2.5
52208297,200095464,CUIDADO PERSONAL,ESIKA,6.38,2024-10-14,18,421.4,430.195,67,0.2982456140350877,0.0881953867028493,3490.71,148,124,0.75,0.12574850299401197,0.3754491017964072,52208297_Bundle_1,0,0.48314798973481615,1.0,3.0,2.5,2.5
52208297,200115274,MAQUILLAJE,CYZONE,23.34,2024-08-16,20,463.6,430.195,126,0.3333333333333333,0.1682496607869742,3490.71,148,124,1.0,0.47904191616766467,0.6874251497005988,52208297_Bundle_1,0,0.48314798973481615,1.0,3.0,2.5,2.5
52208297,400098396,Others,CYZONE,3.5,2024-09-02,14,442.95,430.195,109,0.2280701754385964,0.1451831750339213,3490.71,148,124,0.25,0.3772455089820359,0.3263473053892215,52208297_Bundle_1,0,0.48314798973481615,1.0,3.0,2.5,2.5
52208297,210099849,MAQUILLAJE,CYZONE,61.9,2024-09-02,14,442.95,430.195,109,0.2280701754385964,0.1451831750339213,3490.71,148,124,0.25,0.3772455089820359,0.3263473053892215,52208297_Bundle_1,0,0.48314798973481615,1.0,3.0,2.5,2.5
52208297,210100409,CUIDADO PERSONAL,LBEL,13.9,2024-07-02,14,213.74,430.195,171,0.2280701754385964,0.2293080054274084,3490.71,148,124,0.25,0.7485029940119761,0.5491017964071856,52208297_Bundle_1,0,0.48314798973481615,1.0,3.0,2.5,2.5
52208297,200094217,FRAGANCIAS,ESIKA,49.95,2024-06-13,17,385.4,430.195,190,0.2807017543859649,0.2550881953867028,3490.71,148,124,0.625,0.8622754491017964,0.7673652694610779,52208297_Bundle_2,1,0.5340461933276305,,,,
52208297,200108044,TRATAMIENTO CORPORAL,ESIKA,20.9,2024-05-21,12,374.0,430.195,213,0.1929824561403508,0.2862957937584803,3490.71,148,124,0.0,1.0,0.6,52208297_Bundle_2,0,0.5340461933276305,1.0,3.0,2.5,2.5
52208297,200064341,CUIDADO PERSONAL,ESIKA,19.9,2024-07-22,16,376.7,430.195,151,0.2631578947368421,0.2021709633649932,3490.71,148,124,0.5,0.6287425149700598,0.5772455089820359,52208297_Bundle_2,0,0.5340461933276305,1.0,3.0,2.5,2.5
52208297,210100298,PROMOCION USUARIOS,ESIKA,0.9,2024-11-04,19,382.8,430.195,46,0.3157894736842105,0.0597014925373134,3490.71,148,124,0.875,0.0,0.35000000000000003,52208297_Bundle_2,0,0.5340461933276305,1.0,3.0,2.5,2.5
52208297,210099696,PROMOCION USUARIOS,CYZONE,0.7,2024-11-04,19,382.8,430.195,46,0.3157894736842105,0.0597014925373134,3490.71,148,124,0.875,0.0,0.35000000000000003,52208297_Bundle_2,0,0.5340461933276305,1.0,3.0,2.5,2.5
52208297,200115098,MAQUILLAJE,ESIKA,33.9,2024-06-13,17,385.4,430.195,190,0.2807017543859649,0.2550881953867028,3490.71,148,124,0.625,0.8622754491017964,0.7673652694610779,52208297_Bundle_2,0,0.5340461933276305,1.0,3.0,2.5,2.5
52208297,400098396,Others,CYZONE,3.5,2024-09-02,14,442.95,430.195,109,0.2280701754385964,0.1451831750339213,3490.71,148,124,0.25,0.3772455089820359,0.3263473053892215,52208297_Bundle_2,0,0.5340461933276305,1.0,3.0,2.5,2.5
52208777,210104319,MAQUILLAJE,CYZONE,12.21,2024-06-28,19,558.1,430.195,175,0.3157894736842105,0.2347354138398914,2711.7999999999997,96,84,1.0,0.6481481481481481,0.788888888888889,52208777_Bundle_1,1,0.5238095238095238,,,,
52208777,200105079,FRAGANCIAS,CYZONE,15.9,2024-08-09,16,458.2000000000001,430.195,133,0.2631578947368421,0.1777476255088195,2711.7999999999997,96,84,0.5714285714285714,0.25925925925925924,0.3841269841269841,52208777_Bundle_1,0,0.5238095238095238,1.0,3.0,2.5,2.5
52208777,200099686,FRAGANCIAS,CYZONE,21.9,2024-06-10,16,423.0,430.195,193,0.2631578947368421,0.2591587516960651,2711.7999999999997,96,84,0.5714285714285714,0.8148148148148148,0.7174603174603174,52208777_Bundle_1,0,0.5238095238095238,1.0,3.0,2.5,2.5
52208777,200100838,FRAGANCIAS,ESIKA,79.9,2024-08-09,16,458.2000000000001,430.195,133,0.2631578947368421,0.1777476255088195,2711.7999999999997,96,84,0.5714285714285714,0.25925925925925924,0.3841269841269841,52208777_Bundle_1,0,0.5238095238095238,1.0,3.0,2.5,2.5
52208777,200105218,TRATAMIENTO FACIAL,ESIKA,32.9,2024-07-18,18,460.35,430.195,155,0.2982456140350877,0.2075983717774762,2711.7999999999997,96,84,0.8571428571428571,0.46296296296296297,0.6206349206349207,52208777_Bundle_1,0,0.5238095238095238,1.0,3.0,2.5,2.5
52208777,200095162,CUIDADO PERSONAL,ESIKA,9.9,2024-09-06,15,426.6,430.195,105,0.2456140350877192,0.1397557666214382,2711.7999999999997,96,84,0.42857142857142855,0.0,0.17142857142857143,52208777_Bundle_1,0,0.5238095238095238,1.0,3.0,2.5,2.5
52208777,200089509,FRAGANCIAS,ESIKA,45.9,2024-05-21,12,385.5499999999999,430.195,213,0.1929824561403508,0.2862957937584803,2711.7999999999997,96,84,0.0,1.0,0.6,52208777_Bundle_1,0,0.5238095238095238,1.0,3.0,2.5,2.5
52208777,210104319,MAQUILLAJE,CYZONE,12.21,2024-06-28,19,558.1,430.195,175,0.3157894736842105,0.2347354138398914,2711.7999999999997,96,84,1.0,0.6481481481481481,0.788888888888889,52208777_Bundle_2,1,0.5712018140589569,,,,
52208777,200115943,VARIOS,GENERICA,59.9,2024-05-21,12,385.5499999999999,430.195,213,0.1929824561403508,0.2862957937584803,2711.7999999999997,96,84,0.0,1.0,0.6,52208777_Bundle_2,0,0.5712018140589569,1.0,3.0,2.5,2.5
52208777,200089509,FRAGANCIAS,ESIKA,45.9,2024-05-21,12,385.5499999999999,430.195,213,0.1929824561403508,0.2862957937584803,2711.7999999999997,96,84,0.0,1.0,0.6,52208777_Bundle_2,0,0.5712018140589569,1.0,3.0,2.5,2.5
52208777,200114784,TRATAMIENTO FACIAL,CYZONE,16.0,2024-07-18,18,460.35,430.195,155,0.2982456140350877,0.2075983717774762,2711.7999999999997,96,84,0.8571428571428571,0.46296296296296297,0.6206349206349207,52208777_Bundle_2,0,0.5712018140589569,1.0,3.0,2.5,2.5
52208777,200105218,TRATAMIENTO FACIAL,ESIKA,32.9,2024-07-18,18,460.35,430.195,155,0.2982456140350877,0.2075983717774762,2711.7999999999997,96,84,0.8571428571428571,0.46296296296296297,0.6206349206349207,52208777_Bundle_2,0,0.5712018140589569,1.0,3.0,2.5,2.5
52208777,210105400,COMPLEMENTOS,CYZONE,35.9,2024-08-09,16,458.2000000000001,430.195,133,0.2631578947368421,0.1777476255088195,2711.7999999999997,96,84,0.5714285714285714,0.25925925925925924,0.3841269841269841,52208777_Bundle_2,0,0.5712018140589569,1.0,3.0,2.5,2.5
52208777,200097947,FRAGANCIAS,CYZONE,26.5,2024-08-09,16,458.2000000000001,430.195,133,0.2631578947368421,0.1777476255088195,2711.7999999999997,96,84,0.5714285714285714,0.25925925925925924,0.3841269841269841,52208777_Bundle_2,0,0.5712018140589569,1.0,3.0,2.5,2.5
52216281,200113310,MAQUILLAJE,ESIKA,13.9,2024-06-24,36,878.4,430.195,179,0.6140350877192983,0.2401628222523744,3427.94,151,123,1.0,0.7590361445783133,0.8554216867469879,52216281_Bundle_1,1,0.65982371042612,,,,
52216281,200108158,FRAGANCIAS,LBEL,38.34,2024-08-30,10,438.3,430.195,112,0.1578947368421052,0.1492537313432835,3427.94,151,123,0.21212121212121213,0.35542168674698793,0.2981014968966776,52216281_Bundle_1,0,0.65982371042612,1.0,3.0,2.5,2.5
52216281,200100866,FRAGANCIAS,ESIKA,75.9,2024-06-24,36,878.4,430.195,179,0.6140350877192983,0.2401628222523744,3427.94,151,123,1.0,0.7590361445783133,0.8554216867469879,52216281_Bundle_1,0,0.65982371042612,1.0,3.0,2.5,2.5
52216281,210095421,BIJOUTERIE,ESIKA,54.9,2024-06-24,36,878.4,430.195,179,0.6140350877192983,0.2401628222523744,3427.94,151,123,1.0,0.7590361445783133,0.8554216867469879,52216281_Bundle_1,0,0.65982371042612,1.0,3.0,2.5,2.5
52216281,200101369,FRAGANCIAS,LBEL,50.0,2024-05-15,3,152.37,430.195,219,0.0350877192982456,0.2944369063772049,3427.94,151,123,0.0,1.0,0.6,52216281_Bundle_1,0,0.65982371042612,1.0,3.0,2.5,2.5
52216281,200108408,FRAGANCIAS,ESIKA,16.0,2024-06-24,36,878.4,430.195,179,0.6140350877192983,0.2401628222523744,3427.94,151,123,1.0,0.7590361445783133,0.8554216867469879,52216281_Bundle_1,0,0.65982371042612,1.0,3.0,2.5,2.5
52216281,200095465,CUIDADO PERSONAL,ESIKA,4.98,2024-10-09,22,239.49,430.195,72,0.3684210526315789,0.0949796472184531,3427.94,151,123,0.5757575757575758,0.1144578313253012,0.2989777290982111,52216281_Bundle_1,0,0.65982371042612,1.0,3.0,2.5,2.5
52216281,200113310,MAQUILLAJE,ESIKA,13.9,2024-06-24,36,878.4,430.195,179,0.6140350877192983,0.2401628222523744,3427.94,151,123,1.0,0.7590361445783133,0.8554216867469879,52216281_Bundle_2,1,0.5481510457414072,,,,
52216281,200095374,CUIDADO PERSONAL,ESIKA,5.4,2024-06-05,10,231.8,430.195,198,0.1578947368421052,0.2659430122116689,3427.94,151,123,0.21212121212121213,0.8734939759036144,0.6089448703906535,52216281_Bundle_2,0,0.5481510457414072,1.0,3.0,2.5,2.5
52216281,210099696,PROMOCION USUARIOS,CYZONE,0.72,2024-10-28,14,289.5,430.195,53,0.2280701754385964,0.0691994572591587,3427.94,151,123,0.3333333333333333,0.0,0.13333333333333333,52216281_Bundle_2,0,0.5481510457414072,1.0,3.0,2.5,2.5
52216281,200095162,CUIDADO PERSONAL,ESIKA,4.98,2024-08-09,21,224.86,430.195,133,0.3508771929824561,0.1777476255088195,3427.94,151,123,0.5454545454545454,0.4819277108433735,0.5073384446878423,52216281_Bundle_2,0,0.5481510457414072,1.0,3.0,2.5,2.5
52216281,200113789,FRAGANCIAS,LBEL,38.05,2024-06-05,10,231.8,430.195,198,0.1578947368421052,0.2659430122116689,3427.94,151,123,0.21212121212121213,0.8734939759036144,0.6089448703906535,52216281_Bundle_2,0,0.5481510457414072,1.0,3.0,2.5,2.5
52216281,200095162,CUIDADO PERSONAL,ESIKA,5.4,2024-06-05,10,231.8,430.195,198,0.1578947368421052,0.2659430122116689,3427.94,151,123,0.21212121212121213,0.8734939759036144,0.6089448703906535,52216281_Bundle_2,0,0.5481510457414072,1.0,3.0,2.5,2.5
52216281,210100641,COMPLEMENTOS,CYZONE,44.9,2024-07-18,15,430.92,430.195,155,0.2456140350877192,0.2075983717774762,3427.94,151,123,0.36363636363636365,0.6144578313253012,0.5141292442497262,52216281_Bundle_2,0,0.5481510457414072,1.0,3.0,2.5,2.5
52218209,200103354,MAQUILLAJE,ESIKA,24.9,2024-06-03,13,312.94,430.195,200,0.2105263157894736,0.2686567164179104,1187.65,56,46,0.9,0.81,0.8460000000000001,52218209_Bundle_1,1,0.5817142857142857,,,,
52218209,200064310,FRAGANCIAS,ESIKA,13.3,2024-08-23,9,193.55,430.195,119,0.1403508771929824,0.1587516960651289,1187.65,56,46,0.5,0.0,0.2,52218209_Bundle_1,0,0.5817142857142857,1.0,3.0,2.5,2.5
52218209,200100838,FRAGANCIAS,ESIKA,44.97,2024-06-03,13,312.94,430.195,200,0.2105263157894736,0.2686567164179104,1187.65,56,46,0.9,0.81,0.8460000000000001,52218209_Bundle_1,0,0.5817142857142857,1.0,3.0,2.5,2.5
52218209,200100866,FRAGANCIAS,ESIKA,79.9,2024-05-15,5,193.5,430.195,219,0.0701754385964912,0.2944369063772049,1187.65,56,46,0.1,1.0,0.64,52218209_Bundle_1,0,0.5817142857142857,1.0,3.0,2.5,2.5
52218209,200082674,FRAGANCIAS,ESIKA,13.3,2024-08-23,9,193.55,430.195,119,0.1403508771929824,0.1587516960651289,1187.65,56,46,0.5,0.0,0.2,52218209_Bundle_1,0,0.5817142857142857,1.0,3.0,2.5,2.5
52218209,200099047,FRAGANCIAS,ESIKA,24.86,2024-07-09,14,186.8,430.195,164,0.2280701754385964,0.2198100407055631,1187.65,56,46,1.0,0.45,0.67,52218209_Bundle_1,0,0.5817142857142857,1.0,3.0,2.5,2.5
52218209,200103448,CUIDADO PERSONAL,ESIKA,7.38,2024-07-09,14,186.8,430.195,164,0.2280701754385964,0.2198100407055631,1187.65,56,46,1.0,0.45,0.67,52218209_Bundle_1,0,0.5817142857142857,1.0,3.0,2.5,2.5
52218209,200103354,MAQUILLAJE,ESIKA,24.9,2024-06-03,13,312.94,430.195,200,0.2105263157894736,0.2686567164179104,1187.65,56,46,0.9,0.81,0.8460000000000001,52218209_Bundle_2,1,0.5860000000000001,,,,
52218209,210100409,CUIDADO PERSONAL,LBEL,8.41,2024-07-09,14,186.8,430.195,164,0.2280701754385964,0.2198100407055631,1187.65,56,46,1.0,0.45,0.67,52218209_Bundle_2,0,0.5860000000000001,1.0,3.0,2.5,2.5
52218209,200098673,FRAGANCIAS,ESIKA,25.0,2024-06-03,13,312.94,430.195,200,0.2105263157894736,0.2686567164179104,1187.65,56,46,0.9,0.81,0.8460000000000001,52218209_Bundle_2,0,0.5860000000000001,1.0,3.0,2.5,2.5
52218209,200082674,FRAGANCIAS,ESIKA,13.3,2024-08-23,9,193.55,430.195,119,0.1403508771929824,0.1587516960651289,1187.65,56,46,0.5,0.0,0.2,52218209_Bundle_2,0,0.5860000000000001,1.0,3.0,2.5,2.5
52218209,200103020,CUIDADO PERSONAL,ESIKA,13.3,2024-08-23,9,193.55,430.195,119,0.1403508771929824,0.1587516960651289,1187.65,56,46,0.5,0.0,0.2,52218209_Bundle_2,0,0.5860000000000001,1.0,3.0,2.5,2.5
52218209,200095170,CUIDADO PERSONAL,ESIKA,7.38,2024-07-09,14,186.8,430.195,164,0.2280701754385964,0.2198100407055631,1187.65,56,46,1.0,0.45,0.67,52218209_Bundle_2,0,0.5860000000000001,1.0,3.0,2.5,2.5
52218209,200102430,FRAGANCIAS,ESIKA,31.81,2024-07-09,14,186.8,430.195,164,0.2280701754385964,0.2198100407055631,1187.65,56,46,1.0,0.45,0.67,52218209_Bundle_2,0,0.5860000000000001,1.0,3.0,2.5,2.5
52222087,200106566,MAQUILLAJE,CYZONE,16.9,2024-05-20,17,399.4,430.195,214,0.2807017543859649,0.2876526458616011,4784.45,168,127,0.5357142857142857,1.0,0.8142857142857143,52222087_Bundle_1,1,0.6575510204081632,,,,
52222087,200108048,FRAGANCIAS,CYZONE,26.9,2024-09-02,22,648.9,430.195,109,0.3684210526315789,0.1451831750339213,4784.45,168,127,0.7142857142857143,0.5,0.5857142857142857,52222087_Bundle_1,0,0.6575510204081632,1.0,3.0,2.5,2.5
52222087,200113781,FRAGANCIAS,CYZONE,23.9,2024-09-18,17,435.5,430.195,93,0.2807017543859649,0.1234735413839891,4784.45,168,127,0.5357142857142857,0.4238095238095238,0.4685714285714286,52222087_Bundle_1,0,0.6575510204081632,1.0,3.0,2.5,2.5
52222087,200078944,CUIDADO PERSONAL,ESIKA,17.53,2024-10-09,26,780.45,430.195,72,0.4385964912280701,0.0949796472184531,4784.45,168,127,0.8571428571428571,0.3238095238095238,0.5371428571428571,52222087_Bundle_1,0,0.6575510204081632,1.0,3.0,2.5,2.5
52222087,200095430,CUIDADO PERSONAL,CYZONE,12.9,2024-07-01,10,242.0,430.195,172,0.1578947368421052,0.2306648575305291,4784.45,168,127,0.2857142857142857,0.8,0.5942857142857143,52222087_Bundle_1,0,0.6575510204081632,1.0,3.0,2.5,2.5
52222087,200111162,FRAGANCIAS,CYZONE,32.9,2024-05-20,17,399.4,430.195,214,0.2807017543859649,0.2876526458616011,4784.45,168,127,0.5357142857142857,1.0,0.8142857142857143,52222087_Bundle_1,0,0.6575510204081632,1.0,3.0,2.5,2.5
52222087,200111162,FRAGANCIAS,CYZONE,32.9,2024-05-29,17,399.4,430.195,205,0.2807017543859649,0.2754409769335142,4784.45,168,127,0.5357142857142857,0.9571428571428572,0.7885714285714286,52222087_Bundle_1,0,0.6575510204081632,1.0,3.0,2.5,2.5
52222087,200106566,MAQUILLAJE,CYZONE,16.9,2024-05-20,17,399.4,430.195,214,0.2807017543859649,0.2876526458616011,4784.45,168,127,0.5357142857142857,1.0,0.8142857142857143,52222087_Bundle_2,1,0.6346938775510205,,,,
52222087,200078931,CUIDADO PERSONAL,ESIKA,22.9,2024-05-29,17,399.4,430.195,205,0.2807017543859649,0.2754409769335142,4784.45,168,127,0.5357142857142857,0.9571428571428572,0.7885714285714286,52222087_Bundle_2,0,0.6346938775510205,1.0,3.0,2.5,2.5
52222087,200114946,TRATAMIENTO FACIAL,LBEL,59.0,2024-10-29,30,851.1999999999999,430.195,52,0.5087719298245614,0.0678426051560379,4784.45,168,127,1.0,0.22857142857142856,0.5371428571428571,52222087_Bundle_2,0,0.6346938775510205,1.0,3.0,2.5,2.5
52222087,200078944,CUIDADO PERSONAL,ESIKA,17.53,2024-10-09,26,780.45,430.195,72,0.4385964912280701,0.0949796472184531,4784.45,168,127,0.8571428571428571,0.3238095238095238,0.5371428571428571,52222087_Bundle_2,0,0.6346938775510205,1.0,3.0,2.5,2.5
52222087,200095430,CUIDADO PERSONAL,CYZONE,12.9,2024-07-01,10,242.0,430.195,172,0.1578947368421052,0.2306648575305291,4784.45,168,127,0.2857142857142857,0.8,0.5942857142857143,52222087_Bundle_2,0,0.6346938775510205,1.0,3.0,2.5,2.5
52222087,200105216,TRATAMIENTO FACIAL,ESIKA,20.0,2024-09-02,22,648.9,430.195,109,0.3684210526315789,0.1451831750339213,4784.45,168,127,0.7142857142857143,0.5,0.5857142857142857,52222087_Bundle_2,0,0.6346938775510205,1.0,3.0,2.5,2.5
52222087,200112353,FRAGANCIAS,CYZONE,32.9,2024-09-02,22,648.9,430.195,109,0.3684210526315789,0.1451831750339213,4784.45,168,127,0.7142857142857143,0.5,0.5857142857142857,52222087_Bundle_2,0,0.6346938775510205,1.0,3.0,2.5,2.5
52235367,210107067,BIJOUTERIE,ESIKA,34.9,2024-06-11,10,392.4,430.195,192,0.1578947368421052,0.2578018995929443,3516.1,80,63,0.6363636363636364,0.8695652173913043,0.7762845849802371,52235367_Bundle_1,1,0.5998306041784304,,,,
52235367,200115943,VARIOS,GENERICA,59.9,2024-05-24,7,245.3,430.195,210,0.1052631578947368,0.282225237449118,3516.1,80,63,0.36363636363636365,1.0,0.7454545454545455,52235367_Bundle_1,0,0.5998306041784304,1.0,3.0,2.5,2.5
52235367,200101424,FRAGANCIAS,ESIKA,84.9,2024-09-17,14,579.9,430.195,94,0.2280701754385964,0.1248303934871099,3516.1,80,63,1.0,0.15942028985507245,0.4956521739130435,52235367_Bundle_1,0,0.5998306041784304,1.0,3.0,2.5,2.5
52235367,200109566,MAQUILLAJE,CYZONE,21.9,2024-07-23,14,460.8,430.195,150,0.2280701754385964,0.2008141112618724,3516.1,80,63,1.0,0.5652173913043478,0.7391304347826086,52235367_Bundle_1,0,0.5998306041784304,1.0,3.0,2.5,2.5
52235367,200105011,FRAGANCIAS,CYZONE,27.9,2024-09-02,13,688.7,430.195,109,0.2105263157894736,0.1451831750339213,3516.1,80,63,0.9090909090909091,0.26811594202898553,0.524505928853755,52235367_Bundle_1,0,0.5998306041784304,1.0,3.0,2.5,2.5
52235367,200086399,FRAGANCIAS,LBEL,29.9,2024-08-13,7,437.4,430.195,129,0.1052631578947368,0.1723202170963365,3516.1,80,63,0.36363636363636365,0.41304347826086957,0.3932806324110672,52235367_Bundle_1,0,0.5998306041784304,1.0,3.0,2.5,2.5
52235367,200105041,FRAGANCIAS,ESIKA,53.9,2024-09-02,13,688.7,430.195,109,0.2105263157894736,0.1451831750339213,3516.1,80,63,0.9090909090909091,0.26811594202898553,0.524505928853755,52235367_Bundle_1,0,0.5998306041784304,1.0,3.0,2.5,2.5
52235367,210107067,BIJOUTERIE,ESIKA,34.9,2024-06-11,10,392.4,430.195,192,0.1578947368421052,0.2578018995929443,3516.1,80,63,0.6363636363636364,0.8695652173913043,0.7762845849802371,52235367_Bundle_2,1,0.5879164313946923,,,,
52235367,200098377,FRAGANCIAS,ESIKA,87.9,2024-09-02,13,688.7,430.195,109,0.2105263157894736,0.1451831750339213,3516.1,80,63,0.9090909090909091,0.26811594202898553,0.524505928853755,52235367_Bundle_2,0,0.5879164313946923,1.0,3.0,2.5,2.5
52235367,200099047,FRAGANCIAS,ESIKA,34.94,2024-09-17,14,579.9,430.195,94,0.2280701754385964,0.1248303934871099,3516.1,80,63,1.0,0.15942028985507245,0.4956521739130435,52235367_Bundle_2,0,0.5879164313946923,1.0,3.0,2.5,2.5
52235367,200101424,FRAGANCIAS,ESIKA,79.9,2024-09-02,13,688.7,430.195,109,0.2105263157894736,0.1451831750339213,3516.1,80,63,0.9090909090909091,0.26811594202898553,0.524505928853755,52235367_Bundle_2,0,0.5879164313946923,1.0,3.0,2.5,2.5
52235367,210100408,CUIDADO PERSONAL,CYZONE,24.9,2024-05-24,7,245.3,430.195,210,0.1052631578947368,0.282225237449118,3516.1,80,63,0.36363636363636365,1.0,0.7454545454545455,52235367_Bundle_2,0,0.5879164313946923,1.0,3.0,2.5,2.5
52235367,210106115,COMPLEMENTOS,CYZONE,44.9,2024-09-02,13,688.7,430.195,109,0.2105263157894736,0.1451831750339213,3516.1,80,63,0.9090909090909091,0.26811594202898553,0.524505928853755,52235367_Bundle_2,0,0.5879164313946923,1.0,3.0,2.5,2.5
52235367,210106116,COMPLEMENTOS,CYZONE,65.9,2024-09-02,13,688.7,430.195,109,0.2105263157894736,0.1451831750339213,3516.1,80,63,0.9090909090909091,0.26811594202898553,0.524505928853755,52235367_Bundle_2,0,0.5879164313946923,1.0,3.0,2.5,2.5
52249244,200113787,FRAGANCIAS,LBEL,69.5,2024-06-05,12,396.3,430.195,198,0.1929824561403508,0.2659430122116689,2703.99,80,71,0.5,1.0,0.8,52249244_Bundle_1,1,0.5957833515085423,,,,
52249244,200109802,MAQUILLAJE,LBEL,49.0,2024-08-15,18,423.14,430.195,127,0.2982456140350877,0.1696065128900949,2703.99,80,71,1.0,0.4580152671755725,0.6748091603053434,52249244_Bundle_1,0,0.5957833515085423,1.0,3.0,2.5,2.5
52249244,200112497,TRATAMIENTO FACIAL,ESIKA,29.9,2024-08-15,18,423.14,430.195,127,0.2982456140350877,0.1696065128900949,2703.99,80,71,1.0,0.4580152671755725,0.6748091603053434,52249244_Bundle_1,0,0.5957833515085423,1.0,3.0,2.5,2.5
52249244,200078931,CUIDADO PERSONAL,ESIKA,10.99,2024-08-15,18,423.14,430.195,127,0.2982456140350877,0.1696065128900949,2703.99,80,71,1.0,0.4580152671755725,0.6748091603053434,52249244_Bundle_1,0,0.5957833515085423,1.0,3.0,2.5,2.5
52249244,200112497,TRATAMIENTO FACIAL,ESIKA,17.3,2024-07-30,11,411.5,430.195,143,0.175438596491228,0.1913161465400271,2703.99,80,71,0.4166666666666667,0.5801526717557252,0.5147582697201017,52249244_Bundle_1,0,0.5957833515085423,1.0,3.0,2.5,2.5
52249244,200105214,TRATAMIENTO FACIAL,ESIKA,17.3,2024-07-30,11,411.5,430.195,143,0.175438596491228,0.1913161465400271,2703.99,80,71,0.4166666666666667,0.5801526717557252,0.5147582697201017,52249244_Bundle_1,0,0.5957833515085423,1.0,3.0,2.5,2.5
52249244,200108124,TRATAMIENTO CORPORAL,ESIKA,12.9,2024-09-04,10,372.15,430.195,107,0.1578947368421052,0.1424694708276797,2703.99,80,71,0.3333333333333333,0.3053435114503817,0.31653944020356234,52249244_Bundle_1,0,0.5957833515085423,1.0,3.0,2.5,2.5
52249244,200113787,FRAGANCIAS,LBEL,69.5,2024-06-05,12,396.3,430.195,198,0.1929824561403508,0.2659430122116689,2703.99,80,71,0.5,1.0,0.8,52249244_Bundle_2,1,0.6593965830607053,,,,
52249244,200115942,VARIOS,GENERICA,59.9,2024-06-05,12,396.3,430.195,198,0.1929824561403508,0.2659430122116689,2703.99,80,71,0.5,1.0,0.8,52249244_Bundle_2,0,0.6593965830607053,1.0,3.0,2.5,2.5
52249244,200109802,MAQUILLAJE,LBEL,49.0,2024-08-15,18,423.14,430.195,127,0.2982456140350877,0.1696065128900949,2703.99,80,71,1.0,0.4580152671755725,0.6748091603053434,52249244_Bundle_2,0,0.6593965830607053,1.0,3.0,2.5,2.5
52249244,200078931,CUIDADO PERSONAL,ESIKA,10.99,2024-08-15,18,423.14,430.195,127,0.2982456140350877,0.1696065128900949,2703.99,80,71,1.0,0.4580152671755725,0.6748091603053434,52249244_Bundle_2,0,0.6593965830607053,1.0,3.0,2.5,2.5
52249244,200108124,TRATAMIENTO CORPORAL,ESIKA,12.9,2024-09-04,10,372.15,430.195,107,0.1578947368421052,0.1424694708276797,2703.99,80,71,0.3333333333333333,0.3053435114503817,0.31653944020356234,52249244_Bundle_2,0,0.6593965830607053,1.0,3.0,2.5,2.5
52249244,200112497,TRATAMIENTO FACIAL,ESIKA,29.9,2024-08-15,18,423.14,430.195,127,0.2982456140350877,0.1696065128900949,2703.99,80,71,1.0,0.4580152671755725,0.6748091603053434,52249244_Bundle_2,0,0.6593965830607053,1.0,3.0,2.5,2.5
52249244,200103020,CUIDADO PERSONAL,ESIKA,10.99,2024-08-15,18,423.14,430.195,127,0.2982456140350877,0.1696065128900949,2703.99,80,71,1.0,0.4580152671755725,0.6748091603053434,52249244_Bundle_2,0,0.6593965830607053,1.0,3.0,2.5,2.5
52252415,200098673,FRAGANCIAS,ESIKA,69.9,2024-05-24,14,394.0,430.195,210,0.2280701754385964,0.282225237449118,3697.82,124,116,0.6666666666666666,1.0,0.8666666666666667,52252415_Bundle_1,1,0.5188940092165899,,,,
52252415,210105865,BIJOUTERIE,ESIKA,21.4,2024-09-04,16,409.6,430.195,107,0.2631578947368421,0.1424694708276797,3697.82,124,116,1.0,0.44623655913978494,0.667741935483871,52252415_Bundle_1,0,0.5188940092165899,1.0,3.0,2.5,2.5
52252415,200117468,MAQUILLAJE,ESIKA,23.9,2024-07-05,11,397.0,430.195,168,0.175438596491228,0.2252374491180461,3697.82,124,116,0.16666666666666666,0.7741935483870968,0.5311827956989247,52252415_Bundle_1,0,0.5188940092165899,1.0,3.0,2.5,2.5
52252415,200116549,MAQUILLAJE,LBEL,29.0,2024-09-04,16,409.6,430.195,107,0.2631578947368421,0.1424694708276797,3697.82,124,116,1.0,0.44623655913978494,0.667741935483871,52252415_Bundle_1,0,0.5188940092165899,1.0,3.0,2.5,2.5
52252415,210099696,PROMOCION USUARIOS,CYZONE,1.0,2024-11-26,11,185.05,430.195,24,0.175438596491228,0.0298507462686567,3697.82,124,116,0.16666666666666666,0.0,0.06666666666666667,52252415_Bundle_1,0,0.5188940092165899,1.0,3.0,2.5,2.5
52252415,200114052,MAQUILLAJE,CYZONE,21.9,2024-09-20,13,360.9,430.195,91,0.2105263157894736,0.1207598371777476,3697.82,124,116,0.5,0.3602150537634409,0.4161290322580645,52252415_Bundle_1,0,0.5188940092165899,1.0,3.0,2.5,2.5
52252415,210098462,MAQUILLAJE,CYZONE,13.9,2024-09-20,13,360.9,430.195,91,0.2105263157894736,0.1207598371777476,3697.82,124,116,0.5,0.3602150537634409,0.4161290322580645,52252415_Bundle_1,0,0.5188940092165899,1.0,3.0,2.5,2.5
52252415,200098673,FRAGANCIAS,ESIKA,69.9,2024-05-24,14,394.0,430.195,210,0.2280701754385964,0.282225237449118,3697.82,124,116,0.6666666666666666,1.0,0.8666666666666667,52252415_Bundle_2,1,0.5259600614439324,,,,
52252415,210106143,COMPLEMENTOS,CYZONE,31.9,2024-09-04,16,409.6,430.195,107,0.2631578947368421,0.1424694708276797,3697.82,124,116,1.0,0.44623655913978494,0.667741935483871,52252415_Bundle_2,0,0.5259600614439324,1.0,3.0,2.5,2.5
52252415,200105147,MAQUILLAJE,LBEL,22.9,2024-09-04,16,409.6,430.195,107,0.2631578947368421,0.1424694708276797,3697.82,124,116,1.0,0.44623655913978494,0.667741935483871,52252415_Bundle_2,0,0.5259600614439324,1.0,3.0,2.5,2.5
52252415,200114052,MAQUILLAJE,CYZONE,21.9,2024-09-20,13,360.9,430.195,91,0.2105263157894736,0.1207598371777476,3697.82,124,116,0.5,0.3602150537634409,0.4161290322580645,52252415_Bundle_2,0,0.5259600614439324,1.0,3.0,2.5,2.5
52252415,200114178,MAQUILLAJE,CYZONE,16.9,2024-11-26,11,185.05,430.195,24,0.175438596491228,0.0298507462686567,3697.82,124,116,0.16666666666666666,0.0,0.06666666666666667,52252415_Bundle_2,0,0.5259600614439324,1.0,3.0,2.5,2.5
52252415,200117505,TRATAMIENTO FACIAL,ESIKA,28.9,2024-09-04,16,409.6,430.195,107,0.2631578947368421,0.1424694708276797,3697.82,124,116,1.0,0.44623655913978494,0.667741935483871,52252415_Bundle_2,0,0.5259600614439324,1.0,3.0,2.5,2.5
52252415,200115254,CUIDADO PERSONAL,CYZONE,28.9,2024-08-16,10,319.82,430.195,126,0.1578947368421052,0.1682496607869742,3697.82,124,116,0.0,0.5483870967741935,0.3290322580645161,52252415_Bundle_2,0,0.5259600614439324,1.0,3.0,2.5,2.5
52263344,210103942,COMPLEMENTOS,CYZONE,15.9,2024-05-30,15,433.5,430.195,204,0.2456140350877192,0.2740841248303934,3433.0499999999997,103,96,0.8,1.0,0.92,52263344_Bundle_1,1,0.7723989218328841,,,,
52263344,200114116,MAQUILLAJE,ESIKA,24.9,2024-05-30,15,433.5,430.195,204,0.2456140350877192,0.2740841248303934,3433.0499999999997,103,96,0.8,1.0,0.92,52263344_Bundle_1,0,0.7723989218328841,1.0,3.0,2.5,2.5
52263344,200103025,CUIDADO PERSONAL,ESIKA,29.9,2024-07-26,16,399.45,430.195,147,0.2631578947368421,0.1967435549525101,3433.0499999999997,103,96,0.9,0.6415094339622641,0.7449056603773585,52263344_Bundle_1,0,0.7723989218328841,1.0,3.0,2.5,2.5
52263344,200113950,TRATAMIENTO FACIAL,CYZONE,21.9,2024-05-30,15,433.5,430.195,204,0.2456140350877192,0.2740841248303934,3433.0499999999997,103,96,0.8,1.0,0.92,52263344_Bundle_1,0,0.7723989218328841,1.0,3.0,2.5,2.5
52263344,200114201,MAQUILLAJE,CYZONE,16.9,2024-09-04,17,694.3,430.195,107,0.2807017543859649,0.1424694708276797,3433.0499999999997,103,96,1.0,0.389937106918239,0.6339622641509435,52263344_Bundle_1,0,0.7723989218328841,1.0,3.0,2.5,2.5
52263344,200089509,FRAGANCIAS,ESIKA,44.9,2024-09-04,17,694.3,430.195,107,0.2807017543859649,0.1424694708276797,3433.0499999999997,103,96,1.0,0.389937106918239,0.6339622641509435,52263344_Bundle_1,0,0.7723989218328841,1.0,3.0,2.5,2.5
52263344,210105190,RELOJES,ESIKA,129.9,2024-09-04,17,694.3,430.195,107,0.2807017543859649,0.1424694708276797,3433.0499999999997,103,96,1.0,0.389937106918239,0.6339622641509435,52263344_Bundle_1,0,0.7723989218328841,1.0,3.0,2.5,2.5
52263344,210103942,COMPLEMENTOS,CYZONE,15.9,2024-05-30,15,433.5,430.195,204,0.2456140350877192,0.2740841248303934,3433.0499999999997,103,96,0.8,1.0,0.92,52263344_Bundle_2,1,0.6660916442048518,,,,
52263344,200114116,MAQUILLAJE,ESIKA,24.9,2024-05-30,15,433.5,430.195,204,0.2456140350877192,0.2740841248303934,3433.0499999999997,103,96,0.8,1.0,0.92,52263344_Bundle_2,0,0.6660916442048518,1.0,3.0,2.5,2.5
52263344,200114851,TRATAMIENTO FACIAL,CYZONE,17.9,2024-08-16,14,430.6,430.195,126,0.2280701754385964,0.1682496607869742,3433.0499999999997,103,96,0.7,0.5094339622641509,0.5856603773584905,52263344_Bundle_2,0,0.6660916442048518,1.0,3.0,2.5,2.5
52263344,200114529,TRATAMIENTO CORPORAL,CYZONE,22.9,2024-05-30,15,433.5,430.195,204,0.2456140350877192,0.2740841248303934,3433.0499999999997,103,96,0.8,1.0,0.92,52263344_Bundle_2,0,0.6660916442048518,1.0,3.0,2.5,2.5
52263344,210105527,BIJOUTERIE,CYZONE,59.9,2024-06-17,8,220.4,430.195,186,0.1228070175438596,0.2496607869742198,3433.0499999999997,103,96,0.1,0.8867924528301887,0.5720754716981132,52263344_Bundle_2,0,0.6660916442048518,1.0,3.0,2.5,2.5
52263344,200113886,MAQUILLAJE,ESIKA,20.9,2024-11-05,7,388.3,430.195,45,0.1052631578947368,0.0583446404341926,3433.0499999999997,103,96,0.0,0.0,0.0,52263344_Bundle_2,0,0.6660916442048518,1.0,3.0,2.5,2.5
52263344,200114052,MAQUILLAJE,CYZONE,18.9,2024-07-26,16,399.45,430.195,147,0.2631578947368421,0.1967435549525101,3433.0499999999997,103,96,0.9,0.6415094339622641,0.7449056603773585,52263344_Bundle_2,0,0.6660916442048518,1.0,3.0,2.5,2.5
52280400,200117468,MAQUILLAJE,ESIKA,13.9,2024-07-15,17,399.4,430.195,158,0.2807017543859649,0.2116689280868385,3601.0,128,103,0.6428571428571429,0.7071428571428572,0.6814285714285715,52280400_Bundle_1,1,0.5363265306122449,,,,
52280400,200060760,FRAGANCIAS,CYZONE,30.0,2024-06-04,8,239.6,430.195,199,0.1228070175438596,0.2672998643147897,3601.0,128,103,0.0,1.0,0.6,52280400_Bundle_1,0,0.5363265306122449,1.0,3.0,2.5,2.5
52280400,200108408,FRAGANCIAS,ESIKA,29.95,2024-09-18,15,341.05,430.195,93,0.2456140350877192,0.1234735413839891,3601.0,128,103,0.5,0.24285714285714285,0.34571428571428575,52280400_Bundle_1,0,0.5363265306122449,1.0,3.0,2.5,2.5
52280400,200093884,FRAGANCIAS,ESIKA,26.36,2024-06-25,12,412.2,430.195,178,0.1929824561403508,0.2388059701492537,3601.0,128,103,0.2857142857142857,0.85,0.6242857142857143,52280400_Bundle_1,0,0.5363265306122449,1.0,3.0,2.5,2.5
52280400,200114550,TRATAMIENTO FACIAL,CYZONE,12.68,2024-09-18,15,341.05,430.195,93,0.2456140350877192,0.1234735413839891,3601.0,128,103,0.5,0.24285714285714285,0.34571428571428575,52280400_Bundle_1,0,0.5363265306122449,1.0,3.0,2.5,2.5
52280400,210105387,COMPLEMENTOS,CYZONE,24.9,2024-08-12,14,345.15,430.195,130,0.2280701754385964,0.1736770691994572,3601.0,128,103,0.42857142857142855,0.5071428571428571,0.4757142857142857,52280400_Bundle_1,0,0.5363265306122449,1.0,3.0,2.5,2.5
52280400,200113410,TRATAMIENTO CORPORAL,LBEL,48.9,2024-07-15,17,399.4,430.195,158,0.2807017543859649,0.2116689280868385,3601.0,128,103,0.6428571428571429,0.7071428571428572,0.6814285714285715,52280400_Bundle_1,0,0.5363265306122449,1.0,3.0,2.5,2.5
52280400,200117468,MAQUILLAJE,ESIKA,13.9,2024-07-15,17,399.4,430.195,158,0.2807017543859649,0.2116689280868385,3601.0,128,103,0.6428571428571429,0.7071428571428572,0.6814285714285715,52280400_Bundle_2,1,0.5081632653061224,,,,
52280400,200098673,FRAGANCIAS,ESIKA,33.94,2024-08-12,14,345.15,430.195,130,0.2280701754385964,0.1736770691994572,3601.0,128,103,0.42857142857142855,0.5071428571428571,0.4757142857142857,52280400_Bundle_2,0,0.5081632653061224,1.0,3.0,2.5,2.5
52280400,200101061,TRATAMIENTO FACIAL,ESIKA,26.9,2024-10-22,22,662.2,430.195,59,0.3684210526315789,0.0773405698778833,3601.0,128,103,1.0,0.0,0.4,52280400_Bundle_2,0,0.5081632653061224,1.0,3.0,2.5,2.5
52280400,200095931,FRAGANCIAS,ESIKA,45.9,2024-07-01,10,358.2,430.195,172,0.1578947368421052,0.2306648575305291,3601.0,128,103,0.14285714285714285,0.8071428571428572,0.5414285714285714,52280400_Bundle_2,0,0.5081632653061224,1.0,3.0,2.5,2.5
52280400,200093884,FRAGANCIAS,ESIKA,26.36,2024-07-01,10,358.2,430.195,172,0.1578947368421052,0.2306648575305291,3601.0,128,103,0.14285714285714285,0.8071428571428572,0.5414285714285714,52280400_Bundle_2,0,0.5081632653061224,1.0,3.0,2.5,2.5
52280400,200113646,FRAGANCIAS,LBEL,34.9,2024-10-07,16,446.15,430.195,74,0.2631578947368421,0.0976933514246947,3601.0,128,103,0.5714285714285714,0.10714285714285714,0.2928571428571428,52280400_Bundle_2,0,0.5081632653061224,1.0,3.0,2.5,2.5
52280400,200095374,CUIDADO PERSONAL,ESIKA,8.79,2024-06-25,12,412.2,430.195,178,0.1929824561403508,0.2388059701492537,3601.0,128,103,0.2857142857142857,0.85,0.6242857142857143,52280400_Bundle_2,0,0.5081632653061224,1.0,3.0,2.5,2.5
52282004,200095382,CUIDADO PERSONAL,ESIKA,7.38,2024-06-25,21,319.89,430.195,178,0.3508771929824561,0.2388059701492537,1607.39,69,65,1.0,0.8278688524590164,0.8967213114754098,52282004_Bundle_1,1,0.4864754098360655,,,,
52282004,200113293,MAQUILLAJE,ESIKA,19.95,2024-06-04,8,267.3,430.195,199,0.1228070175438596,0.2672998643147897,1607.39,69,65,0.1875,1.0,0.675,52282004_Bundle_1,0,0.4864754098360655,1.0,3.0,2.5,2.5
52282004,200113305,MAQUILLAJE,ESIKA,19.95,2024-06-04,8,267.3,430.195,199,0.1228070175438596,0.2672998643147897,1607.39,69,65,0.1875,1.0,0.675,52282004_Bundle_1,0,0.4864754098360655,1.0,3.0,2.5,2.5
52282004,200109485,MUESTRAS COSMETICOS,LBEL,4.9,2024-10-04,6,185.4,430.195,77,0.087719298245614,0.1017639077340569,1607.39,69,65,0.0625,0.0,0.025,52282004_Bundle_1,0,0.4864754098360655,1.0,3.0,2.5,2.5
52282004,210099064,BIJOUTERIE,ESIKA,79.9,2024-08-27,6,252.4,430.195,115,0.087719298245614,0.1533242876526458,1607.39,69,65,0.0625,0.3114754098360656,0.21188524590163935,52282004_Bundle_1,0,0.4864754098360655,1.0,3.0,2.5,2.5
52282004,200109487,MUESTRAS COSMETICOS,LBEL,16.9,2024-10-04,6,185.4,430.195,77,0.087719298245614,0.1017639077340569,1607.39,69,65,0.0625,0.0,0.025,52282004_Bundle_1,0,0.4864754098360655,1.0,3.0,2.5,2.5
52282004,200115484,TRATAMIENTO FACIAL,CYZONE,18.9,2024-06-25,21,319.89,430.195,178,0.3508771929824561,0.2388059701492537,1607.39,69,65,1.0,0.8278688524590164,0.8967213114754098,52282004_Bundle_1,0,0.4864754098360655,1.0,3.0,2.5,2.5
52282004,200095382,CUIDADO PERSONAL,ESIKA,7.38,2024-06-25,21,319.89,430.195,178,0.3508771929824561,0.2388059701492537,1607.39,69,65,1.0,0.8278688524590164,0.8967213114754098,52282004_Bundle_2,1,0.534016393442623,,,,
52282004,200117468,MAQUILLAJE,ESIKA,23.9,2024-06-25,21,319.89,430.195,178,0.3508771929824561,0.2388059701492537,1607.39,69,65,1.0,0.8278688524590164,0.8967213114754098,52282004_Bundle_2,0,0.534016393442623,1.0,3.0,2.5,2.5
52282004,200113951,TRATAMIENTO FACIAL,CYZONE,17.9,2024-06-25,21,319.89,430.195,178,0.3508771929824561,0.2388059701492537,1607.39,69,65,1.0,0.8278688524590164,0.8967213114754098,52282004_Bundle_2,0,0.534016393442623,1.0,3.0,2.5,2.5
52282004,210105418,BIJOUTERIE,CYZONE,24.9,2024-08-12,12,224.0,430.195,130,0.1929824561403508,0.1736770691994572,1607.39,69,65,0.4375,0.4344262295081967,0.43565573770491806,52282004_Bundle_2,0,0.534016393442623,1.0,3.0,2.5,2.5
52282004,200116660,MAQUILLAJE,CYZONE,13.9,2024-09-23,5,130.5,430.195,88,0.0701754385964912,0.1166892808683853,1607.39,69,65,0.0,0.09016393442622951,0.054098360655737705,52282004_Bundle_2,0,0.534016393442623,1.0,3.0,2.5,2.5
52282004,210100500,MAQUILLAJE,CYZONE,8.9,2024-09-23,5,130.5,430.195,88,0.0701754385964912,0.1166892808683853,1607.39,69,65,0.0,0.09016393442622951,0.054098360655737705,52282004_Bundle_2,0,0.534016393442623,1.0,3.0,2.5,2.5
52282004,200039855,FRAGANCIAS,CYZONE,16.0,2024-07-24,11,227.9,430.195,149,0.175438596491228,0.1994572591587517,1607.39,69,65,0.375,0.5901639344262295,0.5040983606557377,52282004_Bundle_2,0,0.534016393442623,1.0,3.0,2.5,2.5
52307686,200095153,CUIDADO PERSONAL,ESIKA,7.38,2024-06-10,10,242.7,430.195,193,0.1578947368421052,0.2591587516960651,1350.1,45,43,1.0,1.0,1.0,52307686_Bundle_1,1,0.6107044470680834,,,,
52307686,200115274,MAQUILLAJE,CYZONE,23.34,2024-08-01,6,146.5,430.195,141,0.087719298245614,0.1886024423337856,1350.1,45,43,0.3333333333333333,0.5702479338842975,0.4754820936639118,52307686_Bundle_1,0,0.6107044470680834,1.0,3.0,2.5,2.5
52307686,200109713,MAQUILLAJE,ESIKA,35.79,2024-09-18,7,192.6,430.195,93,0.1052631578947368,0.1234735413839891,1350.1,45,43,0.5,0.17355371900826447,0.3041322314049587,52307686_Bundle_1,0,0.6107044470680834,1.0,3.0,2.5,2.5
52307686,200106378,FRAGANCIAS,CYZONE,39.9,2024-09-18,7,192.6,430.195,93,0.1052631578947368,0.1234735413839891,1350.1,45,43,0.5,0.17355371900826447,0.3041322314049587,52307686_Bundle_1,0,0.6107044470680834,1.0,3.0,2.5,2.5
52307686,200106854,FRAGANCIAS,LBEL,40.0,2024-06-10,10,242.7,430.195,193,0.1578947368421052,0.2591587516960651,1350.1,45,43,1.0,1.0,1.0,52307686_Bundle_1,0,0.6107044470680834,1.0,3.0,2.5,2.5
52307686,210096210,MAQUILLAJE,ESIKA,17.9,2024-06-27,7,203.4,430.195,176,0.1052631578947368,0.2360922659430122,1350.1,45,43,0.5,0.859504132231405,0.7157024793388429,52307686_Bundle_1,0,0.6107044470680834,1.0,3.0,2.5,2.5
52307686,200114911,FRAGANCIAS,CYZONE,29.9,2024-08-01,6,146.5,430.195,141,0.087719298245614,0.1886024423337856,1350.1,45,43,0.3333333333333333,0.5702479338842975,0.4754820936639118,52307686_Bundle_1,0,0.6107044470680834,1.0,3.0,2.5,2.5
52307686,200095153,CUIDADO PERSONAL,ESIKA,7.38,2024-06-10,10,242.7,430.195,193,0.1578947368421052,0.2591587516960651,1350.1,45,43,1.0,1.0,1.0,52307686_Bundle_2,1,0.626839826839827,,,,
52307686,200106378,FRAGANCIAS,CYZONE,39.9,2024-09-18,7,192.6,430.195,93,0.1052631578947368,0.1234735413839891,1350.1,45,43,0.5,0.17355371900826447,0.3041322314049587,52307686_Bundle_2,0,0.626839826839827,1.0,3.0,2.5,2.5
52307686,200106852,FRAGANCIAS,LBEL,39.0,2024-06-10,10,242.7,430.195,193,0.1578947368421052,0.2591587516960651,1350.1,45,43,1.0,1.0,1.0,52307686_Bundle_2,0,0.626839826839827,1.0,3.0,2.5,2.5
52307686,200109713,MAQUILLAJE,ESIKA,35.79,2024-09-18,7,192.6,430.195,93,0.1052631578947368,0.1234735413839891,1350.1,45,43,0.5,0.17355371900826447,0.3041322314049587,52307686_Bundle_2,0,0.626839826839827,1.0,3.0,2.5,2.5
52307686,210105481,PROMOCION USUARIOS,CYZONE,44.9,2024-08-01,6,146.5,430.195,141,0.087719298245614,0.1886024423337856,1350.1,45,43,0.3333333333333333,0.5702479338842975,0.4754820936639118,52307686_Bundle_2,0,0.626839826839827,1.0,3.0,2.5,2.5
52307686,200112635,MAQUILLAJE,ESIKA,19.11,2024-09-18,7,192.6,430.195,93,0.1052631578947368,0.1234735413839891,1350.1,45,43,0.5,0.17355371900826447,0.3041322314049587,52307686_Bundle_2,0,0.626839826839827,1.0,3.0,2.5,2.5
52307686,200115941,VARIOS,GENERICA,59.9,2024-06-10,10,242.7,430.195,193,0.1578947368421052,0.2591587516960651,1350.1,45,43,1.0,1.0,1.0,52307686_Bundle_2,0,0.626839826839827,1.0,3.0,2.5,2.5
52317975,200108807,CUIDADO PERSONAL,ESIKA,7.9,2024-07-04,14,294.0,430.195,169,0.2280701754385964,0.2265943012211669,3107.5,117,99,0.7222222222222222,0.8503401360544217,0.7990929705215419,52317975_Bundle_1,1,0.6815030774214448,,,,
52317975,200114103,MAQUILLAJE,CYZONE,13.56,2024-08-08,14,405.8,430.195,134,0.2280701754385964,0.1791044776119403,3107.5,117,99,0.7222222222222222,0.6122448979591837,0.6562358276643991,52317975_Bundle_1,0,0.6815030774214448,1.0,3.0,2.5,2.5
52317975,200114054,MAQUILLAJE,CYZONE,21.9,2024-09-23,19,438.6,430.195,88,0.3157894736842105,0.1166892808683853,3107.5,117,99,1.0,0.29931972789115646,0.5795918367346939,52317975_Bundle_1,0,0.6815030774214448,1.0,3.0,2.5,2.5
52317975,200115914,MAQUILLAJE,CYZONE,16.9,2024-07-04,14,294.0,430.195,169,0.2280701754385964,0.2265943012211669,3107.5,117,99,0.7222222222222222,0.8503401360544217,0.7990929705215419,52317975_Bundle_1,0,0.6815030774214448,1.0,3.0,2.5,2.5
52317975,200116631,TRATAMIENTO CORPORAL,ESIKA,18.46,2024-10-14,19,519.6,430.195,67,0.3157894736842105,0.0881953867028493,3107.5,117,99,1.0,0.1564625850340136,0.4938775510204082,52317975_Bundle_1,0,0.6815030774214448,1.0,3.0,2.5,2.5
52317975,200102820,TRATAMIENTO CORPORAL,ESIKA,24.9,2024-08-08,14,405.8,430.195,134,0.2280701754385964,0.1791044776119403,3107.5,117,99,0.7222222222222222,0.6122448979591837,0.6562358276643991,52317975_Bundle_1,0,0.6815030774214448,1.0,3.0,2.5,2.5
52317975,200086172,FRAGANCIAS,CYZONE,44.9,2024-07-18,16,410.5,430.195,155,0.2631578947368421,0.2075983717774762,3107.5,117,99,0.8333333333333334,0.7551020408163265,0.7863945578231293,52317975_Bundle_1,0,0.6815030774214448,1.0,3.0,2.5,2.5
52317975,200108807,CUIDADO PERSONAL,ESIKA,7.9,2024-07-04,14,294.0,430.195,169,0.2280701754385964,0.2265943012211669,3107.5,117,99,0.7222222222222222,0.8503401360544217,0.7990929705215419,52317975_Bundle_2,1,0.4973760932944607,,,,
52317975,200116780,MAQUILLAJE,CYZONE,14.95,2024-10-14,19,519.6,430.195,67,0.3157894736842105,0.0881953867028493,3107.5,117,99,1.0,0.1564625850340136,0.4938775510204082,52317975_Bundle_2,0,0.4973760932944607,1.0,3.0,2.5,2.5
52317975,200113410,TRATAMIENTO CORPORAL,LBEL,23.39,2024-11-04,8,158.5,430.195,46,0.1228070175438596,0.0597014925373134,3107.5,117,99,0.3888888888888889,0.013605442176870748,0.163718820861678,52317975_Bundle_2,0,0.4973760932944607,1.0,3.0,2.5,2.5
52317975,200093883,FRAGANCIAS,ESIKA,17.02,2024-11-04,8,158.5,430.195,46,0.1228070175438596,0.0597014925373134,3107.5,117,99,0.3888888888888889,0.013605442176870748,0.163718820861678,52317975_Bundle_2,0,0.4973760932944607,1.0,3.0,2.5,2.5
52317975,200111183,TRATAMIENTO CORPORAL,ESIKA,36.44,2024-10-14,19,519.6,430.195,67,0.3157894736842105,0.0881953867028493,3107.5,117,99,1.0,0.1564625850340136,0.4938775510204082,52317975_Bundle_2,0,0.4973760932944607,1.0,3.0,2.5,2.5
52317975,200102820,TRATAMIENTO CORPORAL,ESIKA,24.9,2024-08-08,14,405.8,430.195,134,0.2280701754385964,0.1791044776119403,3107.5,117,99,0.7222222222222222,0.6122448979591837,0.6562358276643991,52317975_Bundle_2,0,0.4973760932944607,1.0,3.0,2.5,2.5
52317975,210102126,RELOJES,ESIKA,119.9,2024-06-12,6,397.6,430.195,191,0.087719298245614,0.2564450474898236,3107.5,117,99,0.2777777777777778,1.0,0.7111111111111111,52317975_Bundle_2,0,0.4973760932944607,1.0,3.0,2.5,2.5
52321174,200089168,FRAGANCIAS,CYZONE,17.5,2024-06-10,19,573.8,430.195,193,0.3157894736842105,0.2591587516960651,2551.43,110,93,0.9473684210526315,1.0,0.9789473684210526,52321174_Bundle_1,1,0.7936939121998543,,,,
52321174,200112748,MAQUILLAJE,ESIKA,9.95,2024-07-19,20,320.8,430.195,154,0.3333333333333333,0.2062415196743555,2551.43,110,93,1.0,0.7903225806451613,0.8741935483870967,52321174_Bundle_1,0,0.7936939121998543,1.0,3.0,2.5,2.5
52321174,200113950,TRATAMIENTO FACIAL,CYZONE,19.9,2024-09-06,20,502.1,430.195,105,0.3333333333333333,0.1397557666214382,2551.43,110,93,1.0,0.5268817204301075,0.7161290322580645,52321174_Bundle_1,0,0.7936939121998543,1.0,3.0,2.5,2.5
52321174,210105860,BIJOUTERIE,ESIKA,39.9,2024-08-09,14,319.25,430.195,133,0.2280701754385964,0.1777476255088195,2551.43,110,93,0.6842105263157895,0.6774193548387096,0.6801358234295416,52321174_Bundle_1,0,0.7936939121998543,1.0,3.0,2.5,2.5
52321174,200113952,TRATAMIENTO FACIAL,CYZONE,27.9,2024-07-19,20,320.8,430.195,154,0.3333333333333333,0.2062415196743555,2551.43,110,93,1.0,0.7903225806451613,0.8741935483870967,52321174_Bundle_1,0,0.7936939121998543,1.0,3.0,2.5,2.5
52321174,210098403,TRATAMIENTO CORPORAL,LBEL,10.9,2024-09-06,20,502.1,430.195,105,0.3333333333333333,0.1397557666214382,2551.43,110,93,1.0,0.5268817204301075,0.7161290322580645,52321174_Bundle_1,0,0.7936939121998543,1.0,3.0,2.5,2.5
52321174,200115551,TRATAMIENTO CORPORAL,CYZONE,16.9,2024-09-06,20,502.1,430.195,105,0.3333333333333333,0.1397557666214382,2551.43,110,93,1.0,0.5268817204301075,0.7161290322580645,52321174_Bundle_1,0,0.7936939121998543,1.0,3.0,2.5,2.5
52321174,200089168,FRAGANCIAS,CYZONE,17.5,2024-06-10,19,573.8,430.195,193,0.3157894736842105,0.2591587516960651,2551.43,110,93,0.9473684210526315,1.0,0.9789473684210526,52321174_Bundle_2,1,0.9264370603929178,,,,
52321174,210096713,BIJOUTERIE,CYZONE,22.9,2024-09-06,20,502.1,430.195,105,0.3333333333333333,0.1397557666214382,2551.43,110,93,1.0,0.5268817204301075,0.7161290322580645,52321174_Bundle_2,0,0.9264370603929178,1.0,3.0,2.5,2.5
52321174,210103644,VARIOS,CYZONE,11.9,2024-07-19,20,320.8,430.195,154,0.3333333333333333,0.2062415196743555,2551.43,110,93,1.0,0.7903225806451613,0.8741935483870967,52321174_Bundle_2,0,0.9264370603929178,1.0,3.0,2.5,2.5
52321174,200109537,CUIDADO PERSONAL,ESIKA,5.0,2024-06-10,19,573.8,430.195,193,0.3157894736842105,0.2591587516960651,2551.43,110,93,0.9473684210526315,1.0,0.9789473684210526,52321174_Bundle_2,0,0.9264370603929178,1.0,3.0,2.5,2.5
52321174,200115942,VARIOS,GENERICA,59.9,2024-06-10,19,573.8,430.195,193,0.3157894736842105,0.2591587516960651,2551.43,110,93,0.9473684210526315,1.0,0.9789473684210526,52321174_Bundle_2,0,0.9264370603929178,1.0,3.0,2.5,2.5
52321174,200102111,MAQUILLAJE,CYZONE,22.9,2024-06-10,19,573.8,430.195,193,0.3157894736842105,0.2591587516960651,2551.43,110,93,0.9473684210526315,1.0,0.9789473684210526,52321174_Bundle_2,0,0.9264370603929178,1.0,3.0,2.5,2.5
52321174,200108584,MAQUILLAJE,CYZONE,12.9,2024-06-10,19,573.8,430.195,193,0.3157894736842105,0.2591587516960651,2551.43,110,93,0.9473684210526315,1.0,0.9789473684210526,52321174_Bundle_2,0,0.9264370603929178,1.0,3.0,2.5,2.5
52324548,200082678,FRAGANCIAS,ESIKA,13.3,2024-06-10,16,414.1,430.195,193,0.2631578947368421,0.2591587516960651,2070.95,85,67,0.8,1.0,0.92,52324548_Bundle_1,1,0.7054545454545454,,,,
52324548,200115279,CUIDADO PERSONAL,LBEL,23.81,2024-06-10,16,414.1,430.195,193,0.2631578947368421,0.2591587516960651,2070.95,85,67,0.8,1.0,0.92,52324548_Bundle_1,0,0.7054545454545454,1.0,3.0,2.5,2.5
52324548,200109566,MAQUILLAJE,CYZONE,17.9,2024-08-12,15,378.65,430.195,130,0.2456140350877192,0.1736770691994572,2070.95,85,67,0.7,0.36363636363636365,0.49818181818181817,52324548_Bundle_1,0,0.7054545454545454,1.0,3.0,2.5,2.5
52324548,200115943,VARIOS,GENERICA,59.9,2024-06-10,16,414.1,430.195,193,0.2631578947368421,0.2591587516960651,2070.95,85,67,0.8,1.0,0.92,52324548_Bundle_1,0,0.7054545454545454,1.0,3.0,2.5,2.5
52324548,200109158,MAQUILLAJE,LBEL,27.0,2024-07-22,14,354.9,430.195,151,0.2280701754385964,0.2021709633649932,2070.95,85,67,0.6,0.5757575757575758,0.5854545454545454,52324548_Bundle_1,0,0.7054545454545454,1.0,3.0,2.5,2.5
52324548,200117468,MAQUILLAJE,ESIKA,13.9,2024-07-22,14,354.9,430.195,151,0.2280701754385964,0.2021709633649932,2070.95,85,67,0.6,0.5757575757575758,0.5854545454545454,52324548_Bundle_1,0,0.7054545454545454,1.0,3.0,2.5,2.5
52324548,200114180,MAQUILLAJE,CYZONE,16.9,2024-08-30,18,323.8,430.195,112,0.2982456140350877,0.1492537313432835,2070.95,85,67,1.0,0.18181818181818182,0.5090909090909091,52324548_Bundle_1,0,0.7054545454545454,1.0,3.0,2.5,2.5
52324548,200082678,FRAGANCIAS,ESIKA,13.3,2024-06-10,16,414.1,430.195,193,0.2631578947368421,0.2591587516960651,2070.95,85,67,0.8,1.0,0.92,52324548_Bundle_2,1,0.6675324675324674,,,,
52324548,200116225,MAQUILLAJE,CYZONE,11.3,2024-08-30,18,323.8,430.195,112,0.2982456140350877,0.1492537313432835,2070.95,85,67,1.0,0.18181818181818182,0.5090909090909091,52324548_Bundle_2,0,0.6675324675324674,1.0,3.0,2.5,2.5
52324548,200105070,MAQUILLAJE,LBEL,20.0,2024-08-12,15,378.65,430.195,130,0.2456140350877192,0.1736770691994572,2070.95,85,67,0.7,0.36363636363636365,0.49818181818181817,52324548_Bundle_2,0,0.6675324675324674,1.0,3.0,2.5,2.5
52324548,210100407,CUIDADO PERSONAL,CYZONE,11.0,2024-06-28,14,411.9,430.195,175,0.2280701754385964,0.2347354138398914,2070.95,85,67,0.6,0.8181818181818182,0.730909090909091,52324548_Bundle_2,0,0.6675324675324674,1.0,3.0,2.5,2.5
52324548,200105218,TRATAMIENTO FACIAL,ESIKA,32.9,2024-06-10,16,414.1,430.195,193,0.2631578947368421,0.2591587516960651,2070.95,85,67,0.8,1.0,0.92,52324548_Bundle_2,0,0.6675324675324674,1.0,3.0,2.5,2.5
52324548,200115399,MAQUILLAJE,CYZONE,17.9,2024-08-30,18,323.8,430.195,112,0.2982456140350877,0.1492537313432835,2070.95,85,67,1.0,0.18181818181818182,0.5090909090909091,52324548_Bundle_2,0,0.6675324675324674,1.0,3.0,2.5,2.5
52324548,200106449,MAQUILLAJE,ESIKA,19.9,2024-07-22,14,354.9,430.195,151,0.2280701754385964,0.2021709633649932,2070.95,85,67,0.6,0.5757575757575758,0.5854545454545454,52324548_Bundle_2,0,0.6675324675324674,1.0,3.0,2.5,2.5
52324610,200106667,MAQUILLAJE,ESIKA,19.9,2024-07-04,14,349.79999999999995,430.195,169,0.2280701754385964,0.2265943012211669,1579.1,54,51,1.0,0.7777777777777778,0.8666666666666667,52324610_Bundle_1,1,0.6963203463203465,,,,
52324610,210105348,COMPLEMENTOS,CYZONE,64.9,2024-07-24,11,399.2,430.195,149,0.175438596491228,0.1994572591587517,1579.1,54,51,0.625,0.5757575757575758,0.5954545454545455,52324610_Bundle_1,0,0.6963203463203465,1.0,3.0,2.5,2.5
52324610,200105079,FRAGANCIAS,CYZONE,29.9,2024-06-12,7,331.9,430.195,191,0.1052631578947368,0.2564450474898236,1579.1,54,51,0.125,1.0,0.65,52324610_Bundle_1,0,0.6963203463203465,1.0,3.0,2.5,2.5
52324610,200090452,FRAGANCIAS,ESIKA,41.9,2024-06-12,7,331.9,430.195,191,0.1052631578947368,0.2564450474898236,1579.1,54,51,0.125,1.0,0.65,52324610_Bundle_1,0,0.6963203463203465,1.0,3.0,2.5,2.5
52324610,200115454,CUIDADO PERSONAL,ESIKA,19.57,2024-07-24,11,399.2,430.195,149,0.175438596491228,0.1994572591587517,1579.1,54,51,0.625,0.5757575757575758,0.5954545454545455,52324610_Bundle_1,0,0.6963203463203465,1.0,3.0,2.5,2.5
52324610,200089168,FRAGANCIAS,CYZONE,17.5,2024-06-12,7,331.9,430.195,191,0.1052631578947368,0.2564450474898236,1579.1,54,51,0.125,1.0,0.65,52324610_Bundle_1,0,0.6963203463203465,1.0,3.0,2.5,2.5
52324610,200089508,TRATAMIENTO CORPORAL,ESIKA,26.9,2024-07-04,14,349.79999999999995,430.195,169,0.2280701754385964,0.2265943012211669,1579.1,54,51,1.0,0.7777777777777778,0.8666666666666667,52324610_Bundle_1,0,0.6963203463203465,1.0,3.0,2.5,2.5
52324610,200106667,MAQUILLAJE,ESIKA,19.9,2024-07-04,14,349.79999999999995,430.195,169,0.2280701754385964,0.2265943012211669,1579.1,54,51,1.0,0.7777777777777778,0.8666666666666667,52324610_Bundle_2,1,0.672943722943723,,,,
52324610,200115454,CUIDADO PERSONAL,ESIKA,19.57,2024-07-24,11,399.2,430.195,149,0.175438596491228,0.1994572591587517,1579.1,54,51,0.625,0.5757575757575758,0.5954545454545455,52324610_Bundle_2,0,0.672943722943723,1.0,3.0,2.5,2.5
52324610,210104958,COMPLEMENTOS,CYZONE,99.9,2024-07-24,11,399.2,430.195,149,0.175438596491228,0.1994572591587517,1579.1,54,51,0.625,0.5757575757575758,0.5954545454545455,52324610_Bundle_2,0,0.672943722943723,1.0,3.0,2.5,2.5
52324610,200109872,FRAGANCIAS,CYZONE,41.9,2024-07-24,11,399.2,430.195,149,0.175438596491228,0.1994572591587517,1579.1,54,51,0.625,0.5757575757575758,0.5954545454545455,52324610_Bundle_2,0,0.672943722943723,1.0,3.0,2.5,2.5
52324610,200115170,CUIDADO PERSONAL,ESIKA,20.33,2024-07-24,11,399.2,430.195,149,0.175438596491228,0.1994572591587517,1579.1,54,51,0.625,0.5757575757575758,0.5954545454545455,52324610_Bundle_2,0,0.672943722943723,1.0,3.0,2.5,2.5
52324610,210096207,MAQUILLAJE,ESIKA,17.9,2024-07-24,11,399.2,430.195,149,0.175438596491228,0.1994572591587517,1579.1,54,51,0.625,0.5757575757575758,0.5954545454545455,52324610_Bundle_2,0,0.672943722943723,0.0,3.0,2.25,2.25
52324610,200110347,MAQUILLAJE,ESIKA,21.9,2024-07-04,14,349.79999999999995,430.195,169,0.2280701754385964,0.2265943012211669,1579.1,54,51,1.0,0.7777777777777778,0.8666666666666667,52324610_Bundle_2,0,0.672943722943723,0.0,3.0,2.25,2.25
52328195,210105389,COMPLEMENTOS,CYZONE,24.9,2024-07-02,10,267.0,430.195,171,0.1578947368421052,0.2293080054274084,1559.55,54,51,1.0,0.7904761904761904,0.8742857142857143,52328195_Bundle_1,1,0.4040816326530612,,,,
52328195,200116347,TRATAMIENTO CORPORAL,ESIKA,9.38,2024-09-23,5,96.6,430.195,88,0.0701754385964912,0.1166892808683853,1559.55,54,51,0.0,0.0,0.0,52328195_Bundle_1,0,0.4040816326530612,1.0,3.0,2.5,2.5
52328195,200109566,MAQUILLAJE,CYZONE,17.9,2024-08-06,7,171.29999999999998,430.195,136,0.1052631578947368,0.1818181818181818,1559.55,54,51,0.4,0.45714285714285713,0.4342857142857143,52328195_Bundle_1,0,0.4040816326530612,1.0,3.0,2.5,2.5
52328195,200115541,MUESTRAS COSMETICOS,CYZONE,1.9,2024-09-23,5,96.6,430.195,88,0.0701754385964912,0.1166892808683853,1559.55,54,51,0.0,0.0,0.0,52328195_Bundle_1,0,0.4040816326530612,1.0,3.0,2.5,2.5
52328195,200113960,MAQUILLAJE,ESIKA,43.9,2024-06-10,7,233.3,430.195,193,0.1052631578947368,0.2591587516960651,1559.55,54,51,0.4,1.0,0.76,52328195_Bundle_1,0,0.4040816326530612,1.0,3.0,2.5,2.5
52328195,200103026,CUIDADO PERSONAL,ESIKA,19.9,2024-06-10,7,233.3,430.195,193,0.1052631578947368,0.2591587516960651,1559.55,54,51,0.4,1.0,0.76,52328195_Bundle_1,0,0.4040816326530612,1.0,3.0,2.5,2.5
52328195,200118321,FRAGANCIAS,ESIKA,44.9,2024-09-23,5,96.6,430.195,88,0.0701754385964912,0.1166892808683853,1559.55,54,51,0.0,0.0,0.0,52328195_Bundle_1,0,0.4040816326530612,1.0,3.0,2.5,2.5
52328195,210105389,COMPLEMENTOS,CYZONE,24.9,2024-07-02,10,267.0,430.195,171,0.1578947368421052,0.2293080054274084,1559.55,54,51,1.0,0.7904761904761904,0.8742857142857143,52328195_Bundle_2,1,0.596734693877551,,,,
52328195,200111145,FRAGANCIAS,ESIKA,25.52,2024-09-23,5,96.6,430.195,88,0.0701754385964912,0.1166892808683853,1559.55,54,51,0.0,0.0,0.0,52328195_Bundle_2,0,0.596734693877551,1.0,3.0,2.5,2.5
52328195,200106444,MAQUILLAJE,ESIKA,19.9,2024-07-23,10,277.0,430.195,150,0.1578947368421052,0.2008141112618724,1559.55,54,51,1.0,0.5904761904761905,0.7542857142857142,52328195_Bundle_2,0,0.596734693877551,1.0,3.0,2.5,2.5
52328195,200103020,CUIDADO PERSONAL,ESIKA,12.19,2024-08-12,8,263.5,430.195,130,0.1228070175438596,0.1736770691994572,1559.55,54,51,0.6,0.4,0.48,52328195_Bundle_2,0,0.596734693877551,1.0,3.0,2.5,2.5
52328195,200097947,FRAGANCIAS,CYZONE,41.9,2024-07-02,10,267.0,430.195,171,0.1578947368421052,0.2293080054274084,1559.55,54,51,1.0,0.7904761904761904,0.8742857142857143,52328195_Bundle_2,0,0.596734693877551,1.0,3.0,2.5,2.5
52328195,200116194,MAQUILLAJE,ESIKA,24.9,2024-08-06,7,171.29999999999998,430.195,136,0.1052631578947368,0.1818181818181818,1559.55,54,51,0.4,0.45714285714285713,0.4342857142857143,52328195_Bundle_2,0,0.596734693877551,1.0,3.0,2.5,2.5
52328195,200115941,VARIOS,GENERICA,59.9,2024-06-10,7,233.3,430.195,193,0.1052631578947368,0.2591587516960651,1559.55,54,51,0.4,1.0,0.76,52328195_Bundle_2,0,0.596734693877551,1.0,3.0,2.5,2.5
52332435,210105865,BIJOUTERIE,ESIKA,34.9,2024-06-25,15,478.0,430.195,178,0.2456140350877192,0.2388059701492537,2880.9,104,90,0.875,0.900709219858156,0.8904255319148937,52332435_Bundle_1,1,0.596048632218845,,,,
52332435,200106502,MAQUILLAJE,ESIKA,14.9,2024-10-07,15,380.6,430.195,74,0.2456140350877192,0.0976933514246947,2880.9,104,90,0.875,0.16312056737588654,0.4478723404255319,52332435_Bundle_1,0,0.596048632218845,1.0,3.0,2.5,2.5
52332435,210106125,COMPLEMENTOS,CYZONE,44.9,2024-10-30,8,250.3,430.195,51,0.1228070175438596,0.0664857530529172,2880.9,104,90,0.0,0.0,0.0,52332435_Bundle_1,0,0.596048632218845,1.0,3.0,2.5,2.5
52332435,210092742,MAQUILLAJE,ESIKA,29.9,2024-09-02,16,421.3,430.195,109,0.2631578947368421,0.1451831750339213,2880.9,104,90,1.0,0.41134751773049644,0.6468085106382979,52332435_Bundle_1,0,0.596048632218845,1.0,3.0,2.5,2.5
52332435,200106571,MAQUILLAJE,CYZONE,16.9,2024-09-02,16,421.3,430.195,109,0.2631578947368421,0.1451831750339213,2880.9,104,90,1.0,0.41134751773049644,0.6468085106382979,52332435_Bundle_1,0,0.596048632218845,1.0,3.0,2.5,2.5
52332435,200105041,FRAGANCIAS,ESIKA,19.9,2024-06-11,9,244.1,430.195,192,0.1403508771929824,0.2578018995929443,2880.9,104,90,0.125,1.0,0.65,52332435_Bundle_1,0,0.596048632218845,1.0,3.0,2.5,2.5
52332435,200097947,FRAGANCIAS,CYZONE,41.9,2024-06-25,15,478.0,430.195,178,0.2456140350877192,0.2388059701492537,2880.9,104,90,0.875,0.900709219858156,0.8904255319148937,52332435_Bundle_1,0,0.596048632218845,1.0,3.0,2.5,2.5
52332435,210105865,BIJOUTERIE,ESIKA,34.9,2024-06-25,15,478.0,430.195,178,0.2456140350877192,0.2388059701492537,2880.9,104,90,0.875,0.900709219858156,0.8904255319148937,52332435_Bundle_2,1,0.6481762917933132,,,,
52332435,200114181,MAQUILLAJE,CYZONE,14.9,2024-10-30,8,250.3,430.195,51,0.1228070175438596,0.0664857530529172,2880.9,104,90,0.0,0.0,0.0,52332435_Bundle_2,0,0.6481762917933132,1.0,3.0,2.5,2.5
52332435,200102351,MAQUILLAJE,ESIKA,21.9,2024-09-02,16,421.3,430.195,109,0.2631578947368421,0.1451831750339213,2880.9,104,90,1.0,0.41134751773049644,0.6468085106382979,52332435_Bundle_2,0,0.6481762917933132,1.0,3.0,2.5,2.5
52332435,200114208,MAQUILLAJE,CYZONE,12.9,2024-08-06,16,364.1,430.195,136,0.2631578947368421,0.1818181818181818,2880.9,104,90,1.0,0.6028368794326241,0.7617021276595745,52332435_Bundle_2,0,0.6481762917933132,1.0,3.0,2.5,2.5
52332435,200086432,FRAGANCIAS,ESIKA,18.96,2024-07-19,14,356.09999999999997,430.195,154,0.2280701754385964,0.2062415196743555,2880.9,104,90,0.75,0.7304964539007093,0.7382978723404257,52332435_Bundle_2,0,0.6481762917933132,1.0,3.0,2.5,2.5
52332435,200112361,CUIDADO PERSONAL,ESIKA,18.88,2024-07-19,14,356.09999999999997,430.195,154,0.2280701754385964,0.2062415196743555,2880.9,104,90,0.75,0.7304964539007093,0.7382978723404257,52332435_Bundle_2,0,0.6481762917933132,1.0,3.0,2.5,2.5
52332435,200113882,MAQUILLAJE,ESIKA,13.9,2024-08-06,16,364.1,430.195,136,0.2631578947368421,0.1818181818181818,2880.9,104,90,1.0,0.6028368794326241,0.7617021276595745,52332435_Bundle_2,0,0.6481762917933132,1.0,3.0,2.5,2.5
52335949,200115771,TRATAMIENTO CORPORAL,LBEL,18.0,2024-06-11,9,279.3,430.195,192,0.1403508771929824,0.2578018995929443,1095.5,51,48,0.6666666666666666,1.0,0.8666666666666667,52335949_Bundle_1,1,0.6921289477990509,,,,
52335949,200115802,MAQUILLAJE,LBEL,24.5,2024-06-28,10,277.3,430.195,175,0.1578947368421052,0.2347354138398914,1095.5,51,48,0.7777777777777778,0.8247422680412371,0.8059564719358534,52335949_Bundle_1,0,0.6921289477990509,1.0,3.0,2.5,2.5
52335949,200110340,MAQUILLAJE,ESIKA,9.99,2024-08-30,12,116.35,430.195,112,0.1929824561403508,0.1492537313432835,1095.5,51,48,1.0,0.17525773195876287,0.5051546391752577,52335949_Bundle_1,0,0.6921289477990509,1.0,3.0,2.5,2.5
52335949,200115589,TRATAMIENTO FACIAL,ESIKA,28.9,2024-06-28,10,277.3,430.195,175,0.1578947368421052,0.2347354138398914,1095.5,51,48,0.7777777777777778,0.8247422680412371,0.8059564719358534,52335949_Bundle_1,0,0.6921289477990509,1.0,3.0,2.5,2.5
52335949,200087949,MUESTRAS COSMETICOS,ESIKA,3.5,2024-08-12,10,165.9,430.195,130,0.1578947368421052,0.1736770691994572,1095.5,51,48,0.7777777777777778,0.36082474226804123,0.5276059564719359,52335949_Bundle_1,0,0.6921289477990509,1.0,3.0,2.5,2.5
52335949,200113207,MAQUILLAJE,LBEL,24.5,2024-06-28,10,277.3,430.195,175,0.1578947368421052,0.2347354138398914,1095.5,51,48,0.7777777777777778,0.8247422680412371,0.8059564719358534,52335949_Bundle_1,0,0.6921289477990509,1.0,3.0,2.5,2.5
52335949,200105188,CUIDADO PERSONAL,ESIKA,12.9,2024-08-12,10,165.9,430.195,130,0.1578947368421052,0.1736770691994572,1095.5,51,48,0.7777777777777778,0.36082474226804123,0.5276059564719359,52335949_Bundle_1,0,0.6921289477990509,1.0,3.0,2.5,2.5
52335949,200115771,TRATAMIENTO CORPORAL,LBEL,18.0,2024-06-11,9,279.3,430.195,192,0.1403508771929824,0.2578018995929443,1095.5,51,48,0.6666666666666666,1.0,0.8666666666666667,52335949_Bundle_2,1,0.7460317460317459,,,,
52335949,200115802,MAQUILLAJE,LBEL,24.5,2024-06-28,10,277.3,430.195,175,0.1578947368421052,0.2347354138398914,1095.5,51,48,0.7777777777777778,0.8247422680412371,0.8059564719358534,52335949_Bundle_2,0,0.7460317460317459,1.0,3.0,2.5,2.5
52335949,210098462,MAQUILLAJE,CYZONE,21.9,2024-06-11,9,279.3,430.195,192,0.1403508771929824,0.2578018995929443,1095.5,51,48,0.6666666666666666,1.0,0.8666666666666667,52335949_Bundle_2,0,0.7460317460317459,1.0,3.0,2.5,2.5
52335949,200110328,MAQUILLAJE,ESIKA,9.99,2024-08-30,12,116.35,430.195,112,0.1929824561403508,0.1492537313432835,1095.5,51,48,1.0,0.17525773195876287,0.5051546391752577,52335949_Bundle_2,0,0.7460317460317459,1.0,3.0,2.5,2.5
52335949,200091235,MUESTRAS COSMETICOS,LBEL,1.5,2024-08-30,12,116.35,430.195,112,0.1929824561403508,0.1492537313432835,1095.5,51,48,1.0,0.17525773195876287,0.5051546391752577,52335949_Bundle_2,0,0.7460317460317459,1.0,3.0,2.5,2.5
52335949,210104319,MAQUILLAJE,CYZONE,13.9,2024-06-28,10,277.3,430.195,175,0.1578947368421052,0.2347354138398914,1095.5,51,48,0.7777777777777778,0.8247422680412371,0.8059564719358534,52335949_Bundle_2,0,0.7460317460317459,1.0,3.0,2.5,2.5
52335949,210096210,MAQUILLAJE,ESIKA,17.9,2024-06-11,9,279.3,430.195,192,0.1403508771929824,0.2578018995929443,1095.5,51,48,0.6666666666666666,1.0,0.8666666666666667,52335949_Bundle_2,0,0.7460317460317459,1.0,3.0,2.5,2.5
52341973,200095426,CUIDADO PERSONAL,CYZONE,6.58,2024-06-17,20,512.5,430.195,186,0.3333333333333333,0.2496607869742198,2918.52,117,101,0.4666666666666667,1.0,0.7866666666666666,52341973_Bundle_1,1,0.5407449316360208,,,,
52341973,200118378,MAQUILLAJE,CYZONE,14.95,2024-09-26,13,317.0,430.195,85,0.2105263157894736,0.112618724559023,2918.52,117,101,0.0,0.0,0.0,52341973_Bundle_1,0,0.5407449316360208,1.0,3.0,2.5,2.5
52341973,210105862,BIJOUTERIE,ESIKA,34.9,2024-08-05,20,523.65,430.195,137,0.3333333333333333,0.1831750339213025,2918.52,117,101,0.4666666666666667,0.5148514851485149,0.4955775577557756,52341973_Bundle_1,0,0.5407449316360208,1.0,3.0,2.5,2.5
52341973,200113321,MAQUILLAJE,ESIKA,14.9,2024-08-19,28,594.47,430.195,123,0.4736842105263157,0.1641791044776119,2918.52,117,101,1.0,0.37623762376237624,0.6257425742574257,52341973_Bundle_1,0,0.5407449316360208,1.0,3.0,2.5,2.5
52341973,200114160,MAQUILLAJE,CYZONE,33.9,2024-08-19,28,594.47,430.195,123,0.4736842105263157,0.1641791044776119,2918.52,117,101,1.0,0.37623762376237624,0.6257425742574257,52341973_Bundle_1,0,0.5407449316360208,1.0,3.0,2.5,2.5
52341973,200102089,MAQUILLAJE,CYZONE,8.9,2024-08-19,28,594.47,430.195,123,0.4736842105263157,0.1641791044776119,2918.52,117,101,1.0,0.37623762376237624,0.6257425742574257,52341973_Bundle_1,0,0.5407449316360208,1.0,3.0,2.5,2.5
52341973,210099427,MAQUILLAJE,CYZONE,17.9,2024-08-19,28,594.47,430.195,123,0.4736842105263157,0.1641791044776119,2918.52,117,101,1.0,0.37623762376237624,0.6257425742574257,52341973_Bundle_1,0,0.5407449316360208,1.0,3.0,2.5,2.5
52341973,200095426,CUIDADO PERSONAL,CYZONE,6.58,2024-06-17,20,512.5,430.195,186,0.3333333333333333,0.2496607869742198,2918.52,117,101,0.4666666666666667,1.0,0.7866666666666666,52341973_Bundle_2,1,0.4442809995285243,,,,
52341973,200110333,MAQUILLAJE,ESIKA,21.9,2024-06-17,20,512.5,430.195,186,0.3333333333333333,0.2496607869742198,2918.52,117,101,0.4666666666666667,1.0,0.7866666666666666,52341973_Bundle_2,0,0.4442809995285243,1.0,3.0,2.5,2.5
52341973,200114160,MAQUILLAJE,CYZONE,33.9,2024-08-19,28,594.47,430.195,123,0.4736842105263157,0.1641791044776119,2918.52,117,101,1.0,0.37623762376237624,0.6257425742574257,52341973_Bundle_2,0,0.4442809995285243,1.0,3.0,2.5,2.5
52341973,200113410,TRATAMIENTO CORPORAL,LBEL,49.0,2024-09-26,13,317.0,430.195,85,0.2105263157894736,0.112618724559023,2918.52,117,101,0.0,0.0,0.0,52341973_Bundle_2,0,0.4442809995285243,1.0,3.0,2.5,2.5
52341973,210096235,MAQUILLAJE,ESIKA,17.9,2024-09-09,17,416.8,430.195,102,0.2807017543859649,0.1356852103120759,2918.52,117,101,0.26666666666666666,0.16831683168316833,0.20765676567656766,52341973_Bundle_2,0,0.4442809995285243,1.0,3.0,2.5,2.5
52341973,210106055,BIJOUTERIE,ESIKA,19.9,2024-08-05,20,523.65,430.195,137,0.3333333333333333,0.1831750339213025,2918.52,117,101,0.4666666666666667,0.5148514851485149,0.4955775577557756,52341973_Bundle_2,0,0.4442809995285243,1.0,3.0,2.5,2.5
52341973,200098673,FRAGANCIAS,ESIKA,19.92,2024-09-09,17,416.8,430.195,102,0.2807017543859649,0.1356852103120759,2918.52,117,101,0.26666666666666666,0.16831683168316833,0.20765676567656766,52341973_Bundle_2,0,0.4442809995285243,1.0,3.0,2.5,2.5
52360757,200103027,CUIDADO PERSONAL,ESIKA,23.9,2024-07-05,13,479.0,430.195,168,0.2105263157894736,0.2252374491180461,1733.38,50,44,1.0,0.8282828282828283,0.896969696969697,52360757_Bundle_1,1,0.5333333333333334,,,,
52360757,200095385,TRATAMIENTO CORPORAL,ESIKA,42.9,2024-08-15,8,292.2,430.195,127,0.1228070175438596,0.1696065128900949,1733.38,50,44,0.5454545454545454,0.41414141414141414,0.4666666666666667,52360757_Bundle_1,0,0.5333333333333334,1.0,3.0,2.5,2.5
52360757,200115941,VARIOS,GENERICA,59.9,2024-06-18,6,137.45,430.195,185,0.087719298245614,0.248303934871099,1733.38,50,44,0.36363636363636365,1.0,0.7454545454545455,52360757_Bundle_1,0,0.5333333333333334,1.0,3.0,2.5,2.5
52360757,200109872,FRAGANCIAS,CYZONE,41.9,2024-09-04,8,348.93,430.195,107,0.1228070175438596,0.1424694708276797,1733.38,50,44,0.5454545454545454,0.21212121212121213,0.34545454545454546,52360757_Bundle_1,0,0.5333333333333334,1.0,3.0,2.5,2.5
52360757,210098403,TRATAMIENTO CORPORAL,LBEL,12.3,2024-06-18,6,137.45,430.195,185,0.087719298245614,0.248303934871099,1733.38,50,44,0.36363636363636365,1.0,0.7454545454545455,52360757_Bundle_1,0,0.5333333333333334,1.0,3.0,2.5,2.5
52360757,200109649,TRATAMIENTO CORPORAL,CYZONE,20.9,2024-09-24,7,193.3,430.195,87,0.1052631578947368,0.1153324287652645,1733.38,50,44,0.45454545454545453,0.010101010101010102,0.1878787878787879,52360757_Bundle_1,0,0.5333333333333334,1.0,3.0,2.5,2.5
52360757,200114911,FRAGANCIAS,CYZONE,59.9,2024-09-04,8,348.93,430.195,107,0.1228070175438596,0.1424694708276797,1733.38,50,44,0.5454545454545454,0.21212121212121213,0.34545454545454546,52360757_Bundle_1,0,0.5333333333333334,1.0,3.0,2.5,2.5
52360757,200103027,CUIDADO PERSONAL,ESIKA,23.9,2024-07-05,13,479.0,430.195,168,0.2105263157894736,0.2252374491180461,1733.38,50,44,1.0,0.8282828282828283,0.896969696969697,52360757_Bundle_2,1,0.6164502164502165,,,,
52360757,200097947,FRAGANCIAS,CYZONE,41.9,2024-07-05,13,479.0,430.195,168,0.2105263157894736,0.2252374491180461,1733.38,50,44,1.0,0.8282828282828283,0.896969696969697,52360757_Bundle_2,0,0.6164502164502165,1.0,3.0,2.5,2.5
52360757,210106617,BIJOUTERIE,ESIKA,49.9,2024-09-04,8,348.93,430.195,107,0.1228070175438596,0.1424694708276797,1733.38,50,44,0.5454545454545454,0.21212121212121213,0.34545454545454546,52360757_Bundle_2,0,0.6164502164502165,1.0,3.0,2.5,2.5
52360757,200095385,TRATAMIENTO CORPORAL,ESIKA,42.9,2024-08-15,8,292.2,430.195,127,0.1228070175438596,0.1696065128900949,1733.38,50,44,0.5454545454545454,0.41414141414141414,0.4666666666666667,52360757_Bundle_2,0,0.6164502164502165,1.0,3.0,2.5,2.5
52360757,210100495,MAQUILLAJE,CYZONE,7.9,2024-07-05,13,479.0,430.195,168,0.2105263157894736,0.2252374491180461,1733.38,50,44,1.0,0.8282828282828283,0.896969696969697,52360757_Bundle_2,0,0.6164502164502165,1.0,3.0,2.5,2.5
52360757,200109872,FRAGANCIAS,CYZONE,41.9,2024-09-04,8,348.93,430.195,107,0.1228070175438596,0.1424694708276797,1733.38,50,44,0.5454545454545454,0.21212121212121213,0.34545454545454546,52360757_Bundle_2,0,0.6164502164502165,1.0,3.0,2.5,2.5
52360757,210105131,BIJOUTERIE,ESIKA,39.9,2024-08-15,8,292.2,430.195,127,0.1228070175438596,0.1696065128900949,1733.38,50,44,0.5454545454545454,0.41414141414141414,0.4666666666666667,52360757_Bundle_2,0,0.6164502164502165,1.0,3.0,2.5,2.5
52364329,210105864,BIJOUTERIE,ESIKA,17.81,2024-08-27,27,676.2,430.195,115,0.4561403508771929,0.1533242876526458,3728.87,146,118,1.0,0.496,0.6976,52364329_Bundle_1,1,0.5663238095238096,,,,
52364329,200103963,TRATAMIENTO CORPORAL,LBEL,9.0,2024-07-19,21,581.78,430.195,154,0.3508771929824561,0.2062415196743555,3728.87,146,118,0.5,0.808,0.6848000000000001,52364329_Bundle_1,0,0.5663238095238096,1.0,3.0,2.5,2.5
52364329,200103448,CUIDADO PERSONAL,ESIKA,7.98,2024-10-28,21,411.8,430.195,53,0.3508771929824561,0.0691994572591587,3728.87,146,118,0.5,0.0,0.2,52364329_Bundle_1,0,0.5663238095238096,1.0,3.0,2.5,2.5
52364329,200113829,MAQUILLAJE,LBEL,18.3,2024-06-25,15,410.0,430.195,178,0.2456140350877192,0.2388059701492537,3728.87,146,118,0.0,1.0,0.6,52364329_Bundle_1,0,0.5663238095238096,1.0,3.0,2.5,2.5
52364329,210100409,CUIDADO PERSONAL,LBEL,14.9,2024-07-19,21,581.78,430.195,154,0.3508771929824561,0.2062415196743555,3728.87,146,118,0.5,0.808,0.6848000000000001,52364329_Bundle_1,0,0.5663238095238096,1.0,3.0,2.5,2.5
52364329,200093883,FRAGANCIAS,ESIKA,20.0,2024-06-25,15,410.0,430.195,178,0.2456140350877192,0.2388059701492537,3728.87,146,118,0.0,1.0,0.6,52364329_Bundle_1,0,0.5663238095238096,1.0,3.0,2.5,2.5
52364329,210103887,PROMOCION USUARIOS,LBEL,0.1,2024-09-10,23,504.7,430.195,101,0.3859649122807017,0.1343283582089552,3728.87,146,118,0.6666666666666666,0.384,0.49706666666666666,52364329_Bundle_1,0,0.5663238095238096,1.0,3.0,2.5,2.5
52364329,210105864,BIJOUTERIE,ESIKA,17.81,2024-08-27,27,676.2,430.195,115,0.4561403508771929,0.1533242876526458,3728.87,146,118,1.0,0.496,0.6976,52364329_Bundle_2,1,0.6427047619047619,,,,
52364329,200093883,FRAGANCIAS,ESIKA,23.9,2024-07-19,21,581.78,430.195,154,0.3508771929824561,0.2062415196743555,3728.87,146,118,0.5,0.808,0.6848000000000001,52364329_Bundle_2,0,0.6427047619047619,1.0,3.0,2.5,2.5
52364329,200091727,FRAGANCIAS,ESIKA,47.9,2024-07-19,21,581.78,430.195,154,0.3508771929824561,0.2062415196743555,3728.87,146,118,0.5,0.808,0.6848000000000001,52364329_Bundle_2,0,0.6427047619047619,1.0,3.0,2.5,2.5
52364329,200103025,CUIDADO PERSONAL,ESIKA,25.0,2024-07-19,21,581.78,430.195,154,0.3508771929824561,0.2062415196743555,3728.87,146,118,0.5,0.808,0.6848000000000001,52364329_Bundle_2,0,0.6427047619047619,1.0,3.0,2.5,2.5
52364329,200105017,FRAGANCIAS,CYZONE,18.3,2024-09-10,23,504.7,430.195,101,0.3859649122807017,0.1343283582089552,3728.87,146,118,0.6666666666666666,0.384,0.49706666666666666,52364329_Bundle_2,0,0.6427047619047619,1.0,3.0,2.5,2.5
52364329,210100689,HOGAR,CYZONE,74.9,2024-07-19,21,581.78,430.195,154,0.3508771929824561,0.2062415196743555,3728.87,146,118,0.5,0.808,0.6848000000000001,52364329_Bundle_2,0,0.6427047619047619,1.0,3.0,2.5,2.5
52364329,200115551,TRATAMIENTO CORPORAL,CYZONE,10.0,2024-08-06,20,624.79,430.195,136,0.3333333333333333,0.1818181818181818,3728.87,146,118,0.4166666666666667,0.664,0.5650666666666667,52364329_Bundle_2,0,0.6427047619047619,1.0,3.0,2.5,2.5
52373875,200109873,FRAGANCIAS,CYZONE,34.9,2024-07-31,15,421.65,430.195,142,0.2456140350877192,0.1899592944369063,2215.3,64,62,1.0,0.8290598290598291,0.8974358974358975,52373875_Bundle_1,1,0.5666143380429095,,,,
52373875,200114195,MAQUILLAJE,CYZONE,14.9,2024-11-05,8,270.4,430.195,45,0.1228070175438596,0.0583446404341926,2215.3,64,62,0.5,0.0,0.2,52373875_Bundle_1,0,0.5666143380429095,1.0,3.0,2.5,2.5
52373875,210103079,BIJOUTERIE,ESIKA,59.9,2024-09-05,11,407.2,430.195,106,0.175438596491228,0.141112618724559,2215.3,64,62,0.7142857142857143,0.5213675213675214,0.5985347985347986,52373875_Bundle_1,0,0.5666143380429095,1.0,3.0,2.5,2.5
52373875,200099100,MAQUILLAJE,LBEL,58.0,2024-08-16,10,357.2,430.195,126,0.1578947368421052,0.1682496607869742,2215.3,64,62,0.6428571428571429,0.6923076923076923,0.6725274725274726,52373875_Bundle_1,0,0.5666143380429095,1.0,3.0,2.5,2.5
52373875,200117578,MAQUILLAJE,CYZONE,20.9,2024-10-11,14,512.75,430.195,70,0.2280701754385964,0.0922659430122116,2215.3,64,62,0.9285714285714286,0.21367521367521367,0.49963369963369964,52373875_Bundle_1,0,0.5666143380429095,1.0,3.0,2.5,2.5
52373875,200115500,TRATAMIENTO CORPORAL,CYZONE,19.9,2024-10-11,14,512.75,430.195,70,0.2280701754385964,0.0922659430122116,2215.3,64,62,0.9285714285714286,0.21367521367521367,0.49963369963369964,52373875_Bundle_1,0,0.5666143380429095,1.0,3.0,2.5,2.5
52373875,200105985,MAQUILLAJE,LBEL,17.0,2024-09-05,11,407.2,430.195,106,0.175438596491228,0.141112618724559,2215.3,64,62,0.7142857142857143,0.5213675213675214,0.5985347985347986,52373875_Bundle_1,0,0.5666143380429095,1.0,3.0,2.5,2.5
52373875,200109873,FRAGANCIAS,CYZONE,34.9,2024-07-31,15,421.65,430.195,142,0.2456140350877192,0.1899592944369063,2215.3,64,62,1.0,0.8290598290598291,0.8974358974358975,52373875_Bundle_2,1,0.5841967556253271,,,,
52373875,200099093,MAQUILLAJE,LBEL,58.0,2024-08-16,10,357.2,430.195,126,0.1578947368421052,0.1682496607869742,2215.3,64,62,0.6428571428571429,0.6923076923076923,0.6725274725274726,52373875_Bundle_2,0,0.5841967556253271,1.0,3.0,2.5,2.5
52373875,200101086,TRATAMIENTO FACIAL,LBEL,79.0,2024-09-25,5,224.2,430.195,86,0.0701754385964912,0.1139755766621438,2215.3,64,62,0.2857142857142857,0.3504273504273504,0.3245421245421245,52373875_Bundle_2,0,0.5841967556253271,1.0,3.0,2.5,2.5
52373875,200082687,CUIDADO PERSONAL,ESIKA,29.9,2024-07-31,15,421.65,430.195,142,0.2456140350877192,0.1899592944369063,2215.3,64,62,1.0,0.8290598290598291,0.8974358974358975,52373875_Bundle_2,0,0.5841967556253271,1.0,3.0,2.5,2.5
52373875,200114195,MAQUILLAJE,CYZONE,14.9,2024-11-05,8,270.4,430.195,45,0.1228070175438596,0.0583446404341926,2215.3,64,62,0.5,0.0,0.2,52373875_Bundle_2,0,0.5841967556253271,1.0,3.0,2.5,2.5
52373875,200116285,MAQUILLAJE,LBEL,31.0,2024-11-05,8,270.4,430.195,45,0.1228070175438596,0.0583446404341926,2215.3,64,62,0.5,0.0,0.2,52373875_Bundle_2,0,0.5841967556253271,1.0,3.0,2.5,2.5
52373875,200113873,TRATAMIENTO FACIAL,LBEL,30.66,2024-07-31,15,421.65,430.195,142,0.2456140350877192,0.1899592944369063,2215.3,64,62,1.0,0.8290598290598291,0.8974358974358975,52373875_Bundle_2,0,0.5841967556253271,1.0,3.0,2.5,2.5
52380553,200114037,TRATAMIENTO FACIAL,LBEL,31.9,2024-07-01,17,398.8,430.195,172,0.2807017543859649,0.2306648575305291,3118.0499999999997,120,104,0.8421052631578947,1.0,0.9368421052631579,52380553_Bundle_1,1,0.7109522056890478,,,,
52380553,200103026,CUIDADO PERSONAL,ESIKA,10.0,2024-10-31,20,456.6,430.195,50,0.3333333333333333,0.0651289009497964,3118.0499999999997,120,104,1.0,0.14685314685314685,0.4881118881118881,52380553_Bundle_1,0,0.7109522056890478,1.0,3.0,2.5,2.5
52380553,200116780,MAQUILLAJE,CYZONE,15.9,2024-09-16,16,417.2,430.195,95,0.2631578947368421,0.1261872455902306,3118.0499999999997,120,104,0.7894736842105263,0.46153846153846156,0.5927125506072874,52380553_Bundle_1,0,0.7109522056890478,1.0,3.0,2.5,2.5
52380553,210106176,COMPLEMENTOS,CYZONE,36.9,2024-10-07,17,503.35,430.195,74,0.2807017543859649,0.0976933514246947,3118.0499999999997,120,104,0.8421052631578947,0.3146853146853147,0.5256532940743467,52380553_Bundle_1,0,0.7109522056890478,1.0,3.0,2.5,2.5
52380553,200115940,MAQUILLAJE,CYZONE,11.3,2024-08-30,20,539.6,430.195,112,0.3333333333333333,0.1492537313432835,3118.0499999999997,120,104,1.0,0.5804195804195804,0.7482517482517483,52380553_Bundle_1,0,0.7109522056890478,1.0,3.0,2.5,2.5
52380553,200105017,FRAGANCIAS,CYZONE,20.0,2024-07-01,17,398.8,430.195,172,0.2807017543859649,0.2306648575305291,3118.0499999999997,120,104,0.8421052631578947,1.0,0.9368421052631579,52380553_Bundle_1,0,0.7109522056890478,1.0,3.0,2.5,2.5
52380553,200114192,MAQUILLAJE,CYZONE,11.3,2024-08-30,20,539.6,430.195,112,0.3333333333333333,0.1492537313432835,3118.0499999999997,120,104,1.0,0.5804195804195804,0.7482517482517483,52380553_Bundle_1,0,0.7109522056890478,1.0,3.0,2.5,2.5
52380553,200114037,TRATAMIENTO FACIAL,LBEL,31.9,2024-07-01,17,398.8,430.195,172,0.2807017543859649,0.2306648575305291,3118.0499999999997,120,104,0.8421052631578947,1.0,0.9368421052631579,52380553_Bundle_2,1,0.6635995583364005,,,,
52380553,210107062,BIJOUTERIE,CYZONE,36.9,2024-09-16,16,417.2,430.195,95,0.2631578947368421,0.1261872455902306,3118.0499999999997,120,104,0.7894736842105263,0.46153846153846156,0.5927125506072874,52380553_Bundle_2,0,0.6635995583364005,1.0,3.0,2.5,2.5
52380553,200106284,FRAGANCIAS,ESIKA,49.9,2024-10-07,17,503.35,430.195,74,0.2807017543859649,0.0976933514246947,3118.0499999999997,120,104,0.8421052631578947,0.3146853146853147,0.5256532940743467,52380553_Bundle_2,0,0.6635995583364005,1.0,3.0,2.5,2.5
52380553,200114053,MAQUILLAJE,CYZONE,21.9,2024-10-31,20,456.6,430.195,50,0.3333333333333333,0.0651289009497964,3118.0499999999997,120,104,1.0,0.14685314685314685,0.4881118881118881,52380553_Bundle_2,0,0.6635995583364005,1.0,3.0,2.5,2.5
52380553,200106440,MAQUILLAJE,ESIKA,14.9,2024-07-18,17,403.0,430.195,155,0.2807017543859649,0.2075983717774762,3118.0499999999997,120,104,0.8421052631578947,0.8811188811188811,0.8655134339344865,52380553_Bundle_2,0,0.6635995583364005,1.0,3.0,2.5,2.5
52380553,210101992,COMPLEMENTOS,CYZONE,38.9,2024-08-30,20,539.6,430.195,112,0.3333333333333333,0.1492537313432835,3118.0499999999997,120,104,1.0,0.5804195804195804,0.7482517482517483,52380553_Bundle_2,0,0.6635995583364005,1.0,3.0,2.5,2.5
52380553,210106174,COMPLEMENTOS,CYZONE,41.9,2024-10-31,20,456.6,430.195,50,0.3333333333333333,0.0651289009497964,3118.0499999999997,120,104,1.0,0.14685314685314685,0.4881118881118881,52380553_Bundle_2,0,0.6635995583364005,1.0,3.0,2.5,2.5
52384451,200095430,CUIDADO PERSONAL,CYZONE,7.38,2024-08-06,14,233.38,430.195,136,0.2280701754385964,0.1818181818181818,1625.99,67,60,1.0,1.0,1.0,52384451_Bundle_1,1,0.5800094295143801,,,,
52384451,200082674,FRAGANCIAS,ESIKA,12.45,2024-10-02,12,334.7,430.195,79,0.1929824561403508,0.1044776119402985,1625.99,67,60,0.6666666666666666,0.43564356435643564,0.528052805280528,52384451_Bundle_1,0,0.5800094295143801,1.0,3.0,2.5,2.5
52384451,200117052,FRAGANCIAS,ESIKA,25.9,2024-09-13,10,211.48,430.195,98,0.1578947368421052,0.1302578018995929,1625.99,67,60,0.3333333333333333,0.6237623762376238,0.5075907590759076,52384451_Bundle_1,0,0.5800094295143801,1.0,3.0,2.5,2.5
52384451,210106626,RELOJES,ESIKA,114.9,2024-10-02,12,334.7,430.195,79,0.1929824561403508,0.1044776119402985,1625.99,67,60,0.6666666666666666,0.43564356435643564,0.528052805280528,52384451_Bundle_1,0,0.5800094295143801,1.0,3.0,2.5,2.5
52384451,210106143,COMPLEMENTOS,CYZONE,31.9,2024-08-26,8,162.76,430.195,116,0.1228070175438596,0.1546811397557666,1625.99,67,60,0.0,0.801980198019802,0.48118811881188117,52384451_Bundle_1,0,0.5800094295143801,1.0,3.0,2.5,2.5
52384451,200072913,FRAGANCIAS,ESIKA,12.45,2024-09-13,10,211.48,430.195,98,0.1578947368421052,0.1302578018995929,1625.99,67,60,0.3333333333333333,0.6237623762376238,0.5075907590759076,52384451_Bundle_1,0,0.5800094295143801,1.0,3.0,2.5,2.5
52384451,200106396,FRAGANCIAS,ESIKA,25.9,2024-09-13,10,211.48,430.195,98,0.1578947368421052,0.1302578018995929,1625.99,67,60,0.3333333333333333,0.6237623762376238,0.5075907590759076,52384451_Bundle_1,0,0.5800094295143801,1.0,3.0,2.5,2.5
52384451,200095430,CUIDADO PERSONAL,CYZONE,7.38,2024-08-06,14,233.38,430.195,136,0.2280701754385964,0.1818181818181818,1625.99,67,60,1.0,1.0,1.0,52384451_Bundle_2,1,0.5748231966053748,,,,
52384451,200099047,FRAGANCIAS,ESIKA,39.97,2024-10-15,11,308.57,430.195,66,0.175438596491228,0.0868385345997286,1625.99,67,60,0.5,0.3069306930693069,0.38415841584158417,52384451_Bundle_2,0,0.5748231966053748,1.0,3.0,2.5,2.5
52384451,200108160,FRAGANCIAS,LBEL,20.9,2024-10-15,11,308.57,430.195,66,0.175438596491228,0.0868385345997286,1625.99,67,60,0.5,0.3069306930693069,0.38415841584158417,52384451_Bundle_2,0,0.5748231966053748,1.0,3.0,2.5,2.5
52384451,210092744,MAQUILLAJE,ESIKA,19.9,2024-11-15,12,375.1,430.195,35,0.1929824561403508,0.044776119402985,1625.99,67,60,0.6666666666666666,0.0,0.26666666666666666,52384451_Bundle_2,0,0.5748231966053748,1.0,3.0,2.5,2.5
52384451,200095903,FRAGANCIAS,ESIKA,28.0,2024-08-26,8,162.76,430.195,116,0.1228070175438596,0.1546811397557666,1625.99,67,60,0.0,0.801980198019802,0.48118811881188117,52384451_Bundle_2,0,0.5748231966053748,1.0,3.0,2.5,2.5
52384451,200114206,MAQUILLAJE,CYZONE,15.9,2024-08-06,14,233.38,430.195,136,0.2280701754385964,0.1818181818181818,1625.99,67,60,1.0,1.0,1.0,52384451_Bundle_2,0,0.5748231966053748,1.0,3.0,2.5,2.5
52384451,200106279,FRAGANCIAS,ESIKA,14.97,2024-09-13,10,211.48,430.195,98,0.1578947368421052,0.1302578018995929,1625.99,67,60,0.3333333333333333,0.6237623762376238,0.5075907590759076,52384451_Bundle_2,0,0.5748231966053748,1.0,3.0,2.5,2.5
52385458,200097947,FRAGANCIAS,CYZONE,41.9,2024-07-04,11,330.0,430.195,169,0.175438596491228,0.2265943012211669,1427.37,62,53,1.0,1.0,1.0,52385458_Bundle_1,1,0.6945908460471567,,,,
52385458,200110346,MAQUILLAJE,ESIKA,21.9,2024-07-04,11,330.0,430.195,169,0.175438596491228,0.2265943012211669,1427.37,62,53,1.0,1.0,1.0,52385458_Bundle_1,0,0.6945908460471567,1.0,3.0,2.5,2.5
52385458,210097089,CUIDADO PERSONAL,LBEL,12.9,2024-09-19,11,278.0,430.195,92,0.175438596491228,0.1221166892808683,1427.37,62,53,1.0,0.2524271844660194,0.5514563106796116,52385458_Bundle_1,0,0.6945908460471567,1.0,3.0,2.5,2.5
52385458,200115169,MAQUILLAJE,ESIKA,13.9,2024-08-19,9,183.1,430.195,123,0.1403508771929824,0.1641791044776119,1427.37,62,53,0.0,0.5533980582524272,0.3320388349514563,52385458_Bundle_1,0,0.6945908460471567,1.0,3.0,2.5,2.5
52385458,200091269,CUIDADO PERSONAL,LBEL,21.74,2024-09-19,11,278.0,430.195,92,0.175438596491228,0.1221166892808683,1427.37,62,53,1.0,0.2524271844660194,0.5514563106796116,52385458_Bundle_1,0,0.6945908460471567,1.0,3.0,2.5,2.5
52385458,200114201,MAQUILLAJE,CYZONE,16.9,2024-09-06,10,251.1,430.195,105,0.1578947368421052,0.1397557666214382,1427.37,62,53,0.5,0.3786407766990291,0.4271844660194175,52385458_Bundle_1,0,0.6945908460471567,1.0,3.0,2.5,2.5
52385458,210105394,COMPLEMENTOS,CYZONE,35.9,2024-07-04,11,330.0,430.195,169,0.175438596491228,0.2265943012211669,1427.37,62,53,1.0,1.0,1.0,52385458_Bundle_1,0,0.6945908460471567,1.0,3.0,2.5,2.5
52385458,200097947,FRAGANCIAS,CYZONE,41.9,2024-07-04,11,330.0,430.195,169,0.175438596491228,0.2265943012211669,1427.37,62,53,1.0,1.0,1.0,52385458_Bundle_2,1,0.6380027739251038,,,,
52385458,200115913,MAQUILLAJE,CYZONE,22.9,2024-08-19,9,183.1,430.195,123,0.1403508771929824,0.1641791044776119,1427.37,62,53,0.0,0.5533980582524272,0.3320388349514563,52385458_Bundle_2,0,0.6380027739251038,1.0,3.0,2.5,2.5
52385458,200105215,TRATAMIENTO FACIAL,ESIKA,32.9,2024-09-19,11,278.0,430.195,92,0.175438596491228,0.1221166892808683,1427.37,62,53,1.0,0.2524271844660194,0.5514563106796116,52385458_Bundle_2,0,0.6380027739251038,1.0,3.0,2.5,2.5
52385458,200117171,MAQUILLAJE,CYZONE,16.9,2024-07-18,10,249.0,430.195,155,0.1578947368421052,0.2075983717774762,1427.37,62,53,0.5,0.8640776699029126,0.7184466019417475,52385458_Bundle_2,0,0.6380027739251038,1.0,3.0,2.5,2.5
52385458,200114175,MAQUILLAJE,CYZONE,16.9,2024-09-06,10,251.1,430.195,105,0.1578947368421052,0.1397557666214382,1427.37,62,53,0.5,0.3786407766990291,0.4271844660194175,52385458_Bundle_2,0,0.6380027739251038,1.0,3.0,2.5,2.5
52385458,200109163,MAQUILLAJE,CYZONE,16.9,2024-07-18,10,249.0,430.195,155,0.1578947368421052,0.2075983717774762,1427.37,62,53,0.5,0.8640776699029126,0.7184466019417475,52385458_Bundle_2,0,0.6380027739251038,1.0,3.0,2.5,2.5
52385458,200109566,MAQUILLAJE,CYZONE,21.9,2024-07-18,10,249.0,430.195,155,0.1578947368421052,0.2075983717774762,1427.37,62,53,0.5,0.8640776699029126,0.7184466019417475,52385458_Bundle_2,0,0.6380027739251038,1.0,3.0,2.5,2.5
52404940,200106161,TRATAMIENTO CORPORAL,CYZONE,21.9,2024-07-04,10,311.2,430.195,169,0.1578947368421052,0.2265943012211669,1557.7,54,52,0.8,1.0,0.92,52404940_Bundle_1,1,0.5839246467817897,,,,
52404940,210105831,BIJOUTERIE,ESIKA,52.9,2024-07-30,6,176.39999999999998,430.195,143,0.087719298245614,0.1913161465400271,1557.7,54,52,0.0,0.7142857142857143,0.42857142857142855,52404940_Bundle_1,0,0.5839246467817897,1.0,3.0,2.5,2.5
52404940,200102761,MAQUILLAJE,ESIKA,14.5,2024-08-08,11,325.0,430.195,134,0.175438596491228,0.1791044776119403,1557.7,54,52,1.0,0.6153846153846154,0.7692307692307693,52404940_Bundle_1,0,0.5839246467817897,1.0,3.0,2.5,2.5
52404940,200109874,FRAGANCIAS,CYZONE,35.9,2024-10-03,8,170.39999999999998,430.195,78,0.1228070175438596,0.1031207598371777,1557.7,54,52,0.4,0.0,0.16000000000000003,52404940_Bundle_1,0,0.5839246467817897,1.0,3.0,2.5,2.5
52404940,200105041,FRAGANCIAS,ESIKA,32.75,2024-07-04,10,311.2,430.195,169,0.1578947368421052,0.2265943012211669,1557.7,54,52,0.8,1.0,0.92,52404940_Bundle_1,0,0.5839246467817897,1.0,3.0,2.5,2.5
52404940,200113301,MAQUILLAJE,ESIKA,23.9,2024-08-28,8,229.3,430.195,114,0.1228070175438596,0.1519674355495251,1557.7,54,52,0.4,0.3956043956043956,0.3973626373626374,52404940_Bundle_1,0,0.5839246467817897,1.0,3.0,2.5,2.5
52404940,200118599,MAQUILLAJE,LBEL,19.5,2024-09-19,11,345.4,430.195,92,0.175438596491228,0.1221166892808683,1557.7,54,52,1.0,0.15384615384615385,0.49230769230769234,52404940_Bundle_1,0,0.5839246467817897,1.0,3.0,2.5,2.5
52404940,200106161,TRATAMIENTO CORPORAL,CYZONE,21.9,2024-07-04,10,311.2,430.195,169,0.1578947368421052,0.2265943012211669,1557.7,54,52,0.8,1.0,0.92,52404940_Bundle_2,1,0.6267503924646781,,,,
52404940,210105831,BIJOUTERIE,ESIKA,52.9,2024-07-30,6,176.39999999999998,430.195,143,0.087719298245614,0.1913161465400271,1557.7,54,52,0.0,0.7142857142857143,0.42857142857142855,52404940_Bundle_2,0,0.6267503924646781,1.0,3.0,2.5,2.5
52404940,210105816,BIJOUTERIE,ESIKA,49.9,2024-08-08,11,325.0,430.195,134,0.175438596491228,0.1791044776119403,1557.7,54,52,1.0,0.6153846153846154,0.7692307692307693,52404940_Bundle_2,0,0.6267503924646781,1.0,3.0,2.5,2.5
52404940,200116779,MAQUILLAJE,CYZONE,15.9,2024-09-19,11,345.4,430.195,92,0.175438596491228,0.1221166892808683,1557.7,54,52,1.0,0.15384615384615385,0.49230769230769234,52404940_Bundle_2,0,0.6267503924646781,1.0,3.0,2.5,2.5
52404940,200106346,FRAGANCIAS,ESIKA,39.9,2024-07-30,6,176.39999999999998,430.195,143,0.087719298245614,0.1913161465400271,1557.7,54,52,0.0,0.7142857142857143,0.42857142857142855,52404940_Bundle_2,0,0.6267503924646781,1.0,3.0,2.5,2.5
52404940,200112299,MAQUILLAJE,CYZONE,9.9,2024-07-30,6,176.39999999999998,430.195,143,0.087719298245614,0.1913161465400271,1557.7,54,52,0.0,0.7142857142857143,0.42857142857142855,52404940_Bundle_2,0,0.6267503924646781,1.0,3.0,2.5,2.5
52404940,200093884,FRAGANCIAS,ESIKA,26.36,2024-07-04,10,311.2,430.195,169,0.1578947368421052,0.2265943012211669,1557.7,54,52,0.8,1.0,0.92,52404940_Bundle_2,0,0.6267503924646781,1.0,3.0,2.5,2.5
52415934,200072913,FRAGANCIAS,ESIKA,26.9,2024-07-01,11,319.9,430.195,172,0.175438596491228,0.2306648575305291,1902.5,55,50,0.8333333333333334,1.0,0.9333333333333333,52415934_Bundle_1,1,0.6577030812324931,,,,
52415934,210106535,BIJOUTERIE,ESIKA,59.9,2024-09-18,7,278.55,430.195,93,0.1052631578947368,0.1234735413839891,1902.5,55,50,0.16666666666666666,0.22549019607843138,0.2019607843137255,52415934_Bundle_1,0,0.6577030812324931,1.0,3.0,2.5,2.5
52415934,210106633,RELOJES,ESIKA,89.9,2024-09-18,7,278.55,430.195,93,0.1052631578947368,0.1234735413839891,1902.5,55,50,0.16666666666666666,0.22549019607843138,0.2019607843137255,52415934_Bundle_1,0,0.6577030812324931,1.0,3.0,2.5,2.5
52415934,210096241,MAQUILLAJE,ESIKA,17.9,2024-07-18,9,339.7,430.195,155,0.1403508771929824,0.2075983717774762,1902.5,55,50,0.5,0.8333333333333334,0.7,52415934_Bundle_1,0,0.6577030812324931,1.0,3.0,2.5,2.5
52415934,200113309,MAQUILLAJE,ESIKA,15.9,2024-07-18,9,339.7,430.195,155,0.1403508771929824,0.2075983717774762,1902.5,55,50,0.5,0.8333333333333334,0.7,52415934_Bundle_1,0,0.6577030812324931,1.0,3.0,2.5,2.5
52415934,200113309,MAQUILLAJE,ESIKA,15.9,2024-07-01,11,319.9,430.195,172,0.175438596491228,0.2306648575305291,1902.5,55,50,0.8333333333333334,1.0,0.9333333333333333,52415934_Bundle_1,0,0.6577030812324931,1.0,3.0,2.5,2.5
52415934,210105865,BIJOUTERIE,ESIKA,34.9,2024-07-01,11,319.9,430.195,172,0.175438596491228,0.2306648575305291,1902.5,55,50,0.8333333333333334,1.0,0.9333333333333333,52415934_Bundle_1,0,0.6577030812324931,1.0,3.0,2.5,2.5
52415934,200072913,FRAGANCIAS,ESIKA,26.9,2024-07-01,11,319.9,430.195,172,0.175438596491228,0.2306648575305291,1902.5,55,50,0.8333333333333334,1.0,0.9333333333333333,52415934_Bundle_2,1,0.5372549019607843,,,,
52415934,210097035,MAQUILLAJE,CYZONE,17.9,2024-07-18,9,339.7,430.195,155,0.1403508771929824,0.2075983717774762,1902.5,55,50,0.5,0.8333333333333334,0.7,52415934_Bundle_2,0,0.5372549019607843,1.0,3.0,2.5,2.5
52415934,210106154,COMPLEMENTOS,CYZONE,42.9,2024-09-18,7,278.55,430.195,93,0.1052631578947368,0.1234735413839891,1902.5,55,50,0.16666666666666666,0.22549019607843138,0.2019607843137255,52415934_Bundle_2,0,0.5372549019607843,1.0,3.0,2.5,2.5
52415934,200104873,CUIDADO PERSONAL,ESIKA,16.9,2024-09-02,10,319.0,430.195,109,0.1578947368421052,0.1451831750339213,1902.5,55,50,0.6666666666666666,0.38235294117647056,0.496078431372549,52415934_Bundle_2,0,0.5372549019607843,1.0,3.0,2.5,2.5
52415934,200114181,MAQUILLAJE,CYZONE,16.9,2024-07-01,11,319.9,430.195,172,0.175438596491228,0.2306648575305291,1902.5,55,50,0.8333333333333334,1.0,0.9333333333333333,52415934_Bundle_2,0,0.5372549019607843,1.0,3.0,2.5,2.5
52415934,200113209,MAQUILLAJE,LBEL,17.9,2024-10-11,6,236.45,430.195,70,0.087719298245614,0.0922659430122116,1902.5,55,50,0.0,0.0,0.0,52415934_Bundle_2,0,0.5372549019607843,1.0,3.0,2.5,2.5
52415934,200104932,CUIDADO PERSONAL,ESIKA,16.9,2024-09-02,10,319.0,430.195,109,0.1578947368421052,0.1451831750339213,1902.5,55,50,0.6666666666666666,0.38235294117647056,0.496078431372549,52415934_Bundle_2,0,0.5372549019607843,1.0,3.0,2.5,2.5
52474183,200105188,CUIDADO PERSONAL,ESIKA,7.38,2024-07-17,12,398.2,430.195,156,0.1929824561403508,0.208955223880597,2255.3,88,78,0.5,1.0,0.8,52474183_Bundle_1,1,0.5554931554931555,,,,
52474183,200106449,MAQUILLAJE,ESIKA,19.9,2024-09-03,18,426.0,430.195,108,0.2982456140350877,0.1438263229308005,2255.3,88,78,0.7727272727272727,0.5675675675675675,0.6496314496314496,52474183_Bundle_1,0,0.5554931554931555,1.0,3.0,2.5,2.5
52474183,200118321,FRAGANCIAS,ESIKA,44.9,2024-09-20,6,296.4,430.195,91,0.087719298245614,0.1207598371777476,2255.3,88,78,0.22727272727272727,0.4144144144144144,0.33955773955773955,52474183_Bundle_1,0,0.5554931554931555,1.0,3.0,2.5,2.5
52474183,200112303,FRAGANCIAS,ESIKA,69.9,2024-09-03,18,426.0,430.195,108,0.2982456140350877,0.1438263229308005,2255.3,88,78,0.7727272727272727,0.5675675675675675,0.6496314496314496,52474183_Bundle_1,0,0.5554931554931555,1.0,3.0,2.5,2.5
52474183,200106444,MAQUILLAJE,ESIKA,20.9,2024-11-05,23,493.5,430.195,45,0.3859649122807017,0.0583446404341926,2255.3,88,78,1.0,0.0,0.4,52474183_Bundle_1,0,0.5554931554931555,1.0,3.0,2.5,2.5
52474183,200117564,TRATAMIENTO FACIAL,LBEL,17.9,2024-11-05,23,493.5,430.195,45,0.3859649122807017,0.0583446404341926,2255.3,88,78,1.0,0.0,0.4,52474183_Bundle_1,0,0.5554931554931555,1.0,3.0,2.5,2.5
52474183,210100816,MAQUILLAJE,ESIKA,32.9,2024-09-03,18,426.0,430.195,108,0.2982456140350877,0.1438263229308005,2255.3,88,78,0.7727272727272727,0.5675675675675675,0.6496314496314496,52474183_Bundle_1,0,0.5554931554931555,1.0,3.0,2.5,2.5
52474183,200105188,CUIDADO PERSONAL,ESIKA,7.38,2024-07-17,12,398.2,430.195,156,0.1929824561403508,0.208955223880597,2255.3,88,78,0.5,1.0,0.8,52474183_Bundle_2,1,0.6254826254826256,,,,
52474183,210105839,BIJOUTERIE,ESIKA,39.9,2024-07-17,12,398.2,430.195,156,0.1929824561403508,0.208955223880597,2255.3,88,78,0.5,1.0,0.8,52474183_Bundle_2,0,0.6254826254826256,1.0,3.0,2.5,2.5
52474183,200082678,FRAGANCIAS,ESIKA,13.3,2024-09-03,18,426.0,430.195,108,0.2982456140350877,0.1438263229308005,2255.3,88,78,0.7727272727272727,0.5675675675675675,0.6496314496314496,52474183_Bundle_2,0,0.6254826254826256,1.0,3.0,2.5,2.5
52474183,210107019,COMPLEMENTOS,CYZONE,64.9,2024-09-20,6,296.4,430.195,91,0.087719298245614,0.1207598371777476,2255.3,88,78,0.22727272727272727,0.4144144144144144,0.33955773955773955,52474183_Bundle_2,0,0.6254826254826256,1.0,3.0,2.5,2.5
52474183,210102496,PROMOCION USUARIOS,ESIKA,32.9,2024-08-14,17,339.05,430.195,128,0.2807017543859649,0.1709633649932157,2255.3,88,78,0.7272727272727273,0.7477477477477478,0.7395577395577396,52474183_Bundle_2,0,0.6254826254826256,1.0,3.0,2.5,2.5
52474183,200112303,FRAGANCIAS,ESIKA,69.9,2024-09-03,18,426.0,430.195,108,0.2982456140350877,0.1438263229308005,2255.3,88,78,0.7727272727272727,0.5675675675675675,0.6496314496314496,52474183_Bundle_2,0,0.6254826254826256,1.0,3.0,2.5,2.5
52474183,200064310,FRAGANCIAS,ESIKA,16.2,2024-11-05,23,493.5,430.195,45,0.3859649122807017,0.0583446404341926,2255.3,88,78,1.0,0.0,0.4,52474183_Bundle_2,0,0.6254826254826256,1.0,3.0,2.5,2.5
52474191,200094941,FRAGANCIAS,CYZONE,23.9,2024-07-18,10,421.5,430.195,155,0.1578947368421052,0.2075983717774762,3126.53,78,60,0.21428571428571427,1.0,0.6857142857142857,52474191_Bundle_1,1,0.49718698290126856,,,,
52474191,200118629,VARIOS,GENERICA,59.9,2024-07-18,10,421.5,430.195,155,0.1578947368421052,0.2075983717774762,3126.53,78,60,0.21428571428571427,1.0,0.6857142857142857,52474191_Bundle_1,0,0.49718698290126856,1.0,3.0,2.5,2.5
52474191,200064341,CUIDADO PERSONAL,ESIKA,23.9,2024-09-04,18,870.95,430.195,107,0.2982456140350877,0.1424694708276797,3126.53,78,60,0.7857142857142857,0.5675675675675675,0.6548262548262548,52474191_Bundle_1,0,0.49718698290126856,1.0,3.0,2.5,2.5
52474191,200100866,FRAGANCIAS,ESIKA,79.9,2024-11-06,21,676.8,430.195,44,0.3508771929824561,0.0569877883310719,3126.53,78,60,1.0,0.0,0.4,52474191_Bundle_1,0,0.49718698290126856,0.0,3.0,2.25,2.25
52474191,200086399,FRAGANCIAS,LBEL,33.3,2024-09-20,7,232.5,430.195,91,0.1052631578947368,0.1207598371777476,3126.53,78,60,0.0,0.42342342342342343,0.25405405405405407,52474191_Bundle_1,0,0.49718698290126856,0.0,3.0,2.25,2.25
52474191,200108160,FRAGANCIAS,LBEL,20.9,2024-11-06,21,676.8,430.195,44,0.3508771929824561,0.0569877883310719,3126.53,78,60,1.0,0.0,0.4,52474191_Bundle_1,0,0.49718698290126856,0.0,3.0,2.25,2.25
52474191,200086399,FRAGANCIAS,LBEL,69.0,2024-11-06,21,676.8,430.195,44,0.3508771929824561,0.0569877883310719,3126.53,78,60,1.0,0.0,0.4,52474191_Bundle_1,0,0.49718698290126856,0.0,3.0,2.25,2.25
52474191,200094941,FRAGANCIAS,CYZONE,23.9,2024-07-18,10,421.5,430.195,155,0.1578947368421052,0.2075983717774762,3126.53,78,60,0.21428571428571427,1.0,0.6857142857142857,52474191_Bundle_2,1,0.5186982901268616,,,,
52474191,200095426,CUIDADO PERSONAL,CYZONE,7.87,2024-11-06,21,676.8,430.195,44,0.3508771929824561,0.0569877883310719,3126.53,78,60,1.0,0.0,0.4,52474191_Bundle_2,0,0.5186982901268616,1.0,3.0,2.5,2.5
52474191,200095465,CUIDADO PERSONAL,ESIKA,10.0,2024-08-08,12,448.23,430.195,134,0.1929824561403508,0.1791044776119403,3126.53,78,60,0.35714285714285715,0.8108108108108109,0.6293436293436294,52474191_Bundle_2,0,0.5186982901268616,1.0,3.0,2.5,2.5
52474191,200103020,CUIDADO PERSONAL,ESIKA,10.0,2024-11-06,21,676.8,430.195,44,0.3508771929824561,0.0569877883310719,3126.53,78,60,1.0,0.0,0.4,52474191_Bundle_2,0,0.5186982901268616,1.0,3.0,2.5,2.5
52474191,200111130,FRAGANCIAS,ESIKA,49.9,2024-10-10,10,476.55,430.195,71,0.1578947368421052,0.0936227951153324,3126.53,78,60,0.21428571428571427,0.24324324324324326,0.23166023166023167,52474191_Bundle_2,0,0.5186982901268616,0.0,3.0,2.25,2.25
52474191,200095911,FRAGANCIAS,CYZONE,26.9,2024-09-04,18,870.95,430.195,107,0.2982456140350877,0.1424694708276797,3126.53,78,60,0.7857142857142857,0.5675675675675675,0.6548262548262548,52474191_Bundle_2,0,0.5186982901268616,0.0,3.0,2.25,2.25
52474191,200082974,FRAGANCIAS,LBEL,80.0,2024-08-08,12,448.23,430.195,134,0.1929824561403508,0.1791044776119403,3126.53,78,60,0.35714285714285715,0.8108108108108109,0.6293436293436294,52474191_Bundle_2,0,0.5186982901268616,0.0,3.0,2.25,2.25
52478715,200106651,MAQUILLAJE,ESIKA,18.9,2024-09-12,20,407.0,430.195,99,0.3333333333333333,0.1316146540027137,2619.87,108,96,1.0,0.525,0.7150000000000001,52478715_Bundle_1,1,0.6613265306122449,,,,
52478715,210105206,BIJOUTERIE,ESIKA,49.9,2024-07-17,13,400.7,430.195,156,0.2105263157894736,0.208955223880597,2619.87,108,96,0.0,1.0,0.6,52478715_Bundle_1,0,0.6613265306122449,1.0,3.0,2.5,2.5
52478715,210105352,COMPLEMENTOS,CYZONE,33.0,2024-09-12,20,407.0,430.195,99,0.3333333333333333,0.1316146540027137,2619.87,108,96,1.0,0.525,0.7150000000000001,52478715_Bundle_1,0,0.6613265306122449,1.0,3.0,2.5,2.5
52478715,200082674,FRAGANCIAS,ESIKA,26.9,2024-08-08,16,294.07,430.195,134,0.2631578947368421,0.1791044776119403,2619.87,108,96,0.42857142857142855,0.8166666666666667,0.6614285714285715,52478715_Bundle_1,0,0.6613265306122449,1.0,3.0,2.5,2.5
52478715,200111391,CUIDADO PERSONAL,CYZONE,16.9,2024-09-12,20,407.0,430.195,99,0.3333333333333333,0.1316146540027137,2619.87,108,96,1.0,0.525,0.7150000000000001,52478715_Bundle_1,0,0.6613265306122449,1.0,3.0,2.5,2.5
52478715,200089509,FRAGANCIAS,ESIKA,44.9,2024-08-28,16,428.1,430.195,114,0.2631578947368421,0.1519674355495251,2619.87,108,96,0.42857142857142855,0.65,0.5614285714285714,52478715_Bundle_1,0,0.6613265306122449,1.0,3.0,2.5,2.5
52478715,200108047,FRAGANCIAS,CYZONE,26.9,2024-08-08,16,294.07,430.195,134,0.2631578947368421,0.1791044776119403,2619.87,108,96,0.42857142857142855,0.8166666666666667,0.6614285714285715,52478715_Bundle_1,0,0.6613265306122449,1.0,3.0,2.5,2.5
52478715,200106651,MAQUILLAJE,ESIKA,18.9,2024-09-12,20,407.0,430.195,99,0.3333333333333333,0.1316146540027137,2619.87,108,96,1.0,0.525,0.7150000000000001,52478715_Bundle_2,1,0.5159183673469387,,,,
52478715,210105206,BIJOUTERIE,ESIKA,49.9,2024-07-17,13,400.7,430.195,156,0.2105263157894736,0.208955223880597,2619.87,108,96,0.0,1.0,0.6,52478715_Bundle_2,0,0.5159183673469387,1.0,3.0,2.5,2.5
52478715,200096152,MUESTRAS COSMETICOS,ESIKA,1.5,2024-08-28,16,428.1,430.195,114,0.2631578947368421,0.1519674355495251,2619.87,108,96,0.42857142857142855,0.65,0.5614285714285714,52478715_Bundle_2,0,0.5159183673469387,1.0,3.0,2.5,2.5
52478715,200118627,VARIOS,GENERICA,59.9,2024-07-17,13,400.7,430.195,156,0.2105263157894736,0.208955223880597,2619.87,108,96,0.0,1.0,0.6,52478715_Bundle_2,0,0.5159183673469387,1.0,3.0,2.5,2.5
52478715,200093883,FRAGANCIAS,ESIKA,28.3,2024-10-03,13,392.0,430.195,78,0.2105263157894736,0.1031207598371777,2619.87,108,96,0.0,0.35,0.21,52478715_Bundle_2,0,0.5159183673469387,1.0,3.0,2.5,2.5
52478715,200095170,CUIDADO PERSONAL,ESIKA,9.9,2024-09-12,20,407.0,430.195,99,0.3333333333333333,0.1316146540027137,2619.87,108,96,1.0,0.525,0.7150000000000001,52478715_Bundle_2,0,0.5159183673469387,1.0,3.0,2.5,2.5
52478715,200100866,FRAGANCIAS,ESIKA,77.17,2024-10-03,13,392.0,430.195,78,0.2105263157894736,0.1031207598371777,2619.87,108,96,0.0,0.35,0.21,52478715_Bundle_2,0,0.5159183673469387,1.0,3.0,2.5,2.5
52484251,210105864,BIJOUTERIE,ESIKA,19.9,2024-07-18,14,416.7,430.195,155,0.2280701754385964,0.2075983717774762,2894.5299999999997,119,92,0.17647058823529413,1.0,0.6705882352941176,52484251_Bundle_1,1,0.5338574139333152,,,,
52484251,200117564,TRATAMIENTO FACIAL,LBEL,17.9,2024-10-28,28,600.4,430.195,53,0.4736842105263157,0.0691994572591587,2894.5299999999997,119,92,1.0,0.1774193548387097,0.5064516129032258,52484251_Bundle_1,0,0.5338574139333152,1.0,3.0,2.5,2.5
52484251,210106033,COMPLEMENTOS,CYZONE,51.9,2024-11-19,18,385.23,430.195,31,0.2982456140350877,0.039348710990502,2894.5299999999997,119,92,0.4117647058823529,0.0,0.16470588235294117,52484251_Bundle_1,0,0.5338574139333152,1.0,3.0,2.5,2.5
52484251,200116439,TRATAMIENTO CORPORAL,ESIKA,37.9,2024-08-09,11,264.65,430.195,133,0.175438596491228,0.1777476255088195,2894.5299999999997,119,92,0.0,0.8225806451612904,0.4935483870967742,52484251_Bundle_1,0,0.5338574139333152,1.0,3.0,2.5,2.5
52484251,210105181,COMPLEMENTOS,ESIKA,40.9,2024-09-16,24,524.9499999999999,430.195,95,0.4035087719298245,0.1261872455902306,2894.5299999999997,119,92,0.7647058823529411,0.5161290322580645,0.6155597722960151,52484251_Bundle_1,0,0.5338574139333152,1.0,3.0,2.5,2.5
52484251,200115976,FRAGANCIAS,ESIKA,29.9,2024-09-16,24,524.9499999999999,430.195,95,0.4035087719298245,0.1261872455902306,2894.5299999999997,119,92,0.7647058823529411,0.5161290322580645,0.6155597722960151,52484251_Bundle_1,0,0.5338574139333152,1.0,3.0,2.5,2.5
52484251,210100689,HOGAR,CYZONE,74.9,2024-07-18,14,416.7,430.195,155,0.2280701754385964,0.2075983717774762,2894.5299999999997,119,92,0.17647058823529413,1.0,0.6705882352941176,52484251_Bundle_1,0,0.5338574139333152,1.0,3.0,2.5,2.5
52484251,210105864,BIJOUTERIE,ESIKA,19.9,2024-07-18,14,416.7,430.195,155,0.2280701754385964,0.2075983717774762,2894.5299999999997,119,92,0.17647058823529413,1.0,0.6705882352941176,52484251_Bundle_2,1,0.5205204662510166,,,,
52484251,200115406,MAQUILLAJE,CYZONE,14.9,2024-08-23,11,239.6,430.195,119,0.175438596491228,0.1587516960651289,2894.5299999999997,119,92,0.0,0.7096774193548387,0.42580645161290326,52484251_Bundle_2,0,0.5205204662510166,1.0,3.0,2.5,2.5
52484251,200107184,MAQUILLAJE,CYZONE,17.9,2024-07-18,14,416.7,430.195,155,0.2280701754385964,0.2075983717774762,2894.5299999999997,119,92,0.17647058823529413,1.0,0.6705882352941176,52484251_Bundle_2,0,0.5205204662510166,1.0,3.0,2.5,2.5
52484251,210100407,CUIDADO PERSONAL,CYZONE,21.9,2024-07-18,14,416.7,430.195,155,0.2280701754385964,0.2075983717774762,2894.5299999999997,119,92,0.17647058823529413,1.0,0.6705882352941176,52484251_Bundle_2,0,0.5205204662510166,1.0,3.0,2.5,2.5
52484251,200082678,FRAGANCIAS,ESIKA,16.5,2024-08-23,11,239.6,430.195,119,0.175438596491228,0.1587516960651289,2894.5299999999997,119,92,0.0,0.7096774193548387,0.42580645161290326,52484251_Bundle_2,0,0.5205204662510166,1.0,3.0,2.5,2.5
52484251,200098673,FRAGANCIAS,ESIKA,39.9,2024-11-19,18,385.23,430.195,31,0.2982456140350877,0.039348710990502,2894.5299999999997,119,92,0.4117647058823529,0.0,0.16470588235294117,52484251_Bundle_2,0,0.5205204662510166,1.0,3.0,2.5,2.5
52484251,200108752,CUIDADO PERSONAL,ESIKA,10.0,2024-09-16,24,524.9499999999999,430.195,95,0.4035087719298245,0.1261872455902306,2894.5299999999997,119,92,0.7647058823529411,0.5161290322580645,0.6155597722960151,52484251_Bundle_2,0,0.5205204662510166,1.0,3.0,2.5,2.5
52485088,200114192,MAQUILLAJE,CYZONE,16.9,2024-08-27,26,418.01,430.195,115,0.4385964912280701,0.1533242876526458,2095.63,101,83,1.0,0.6019417475728155,0.7611650485436894,52485088_Bundle_1,1,0.6120584155992493,,,,
52485088,200086399,FRAGANCIAS,LBEL,33.3,2024-09-11,15,426.9,430.195,100,0.2456140350877192,0.1329715061058344,2095.63,101,83,0.35294117647058826,0.4563106796116505,0.4149628783552256,52485088_Bundle_1,0,0.6120584155992493,1.0,3.0,2.5,2.5
52485088,200115551,TRATAMIENTO CORPORAL,CYZONE,16.9,2024-08-27,26,418.01,430.195,115,0.4385964912280701,0.1533242876526458,2095.63,101,83,1.0,0.6019417475728155,0.7611650485436894,52485088_Bundle_1,0,0.6120584155992493,1.0,3.0,2.5,2.5
52485088,200103448,CUIDADO PERSONAL,ESIKA,8.3,2024-10-28,19,325.02,430.195,53,0.3157894736842105,0.0691994572591587,2095.63,101,83,0.5882352941176471,0.0,0.23529411764705885,52485088_Bundle_1,0,0.6120584155992493,1.0,3.0,2.5,2.5
52485088,200103020,CUIDADO PERSONAL,ESIKA,13.3,2024-08-27,26,418.01,430.195,115,0.4385964912280701,0.1533242876526458,2095.63,101,83,1.0,0.6019417475728155,0.7611650485436894,52485088_Bundle_1,0,0.6120584155992493,1.0,3.0,2.5,2.5
52485088,200103448,CUIDADO PERSONAL,ESIKA,7.63,2024-08-27,26,418.01,430.195,115,0.4385964912280701,0.1533242876526458,2095.63,101,83,1.0,0.6019417475728155,0.7611650485436894,52485088_Bundle_1,0,0.6120584155992493,1.0,3.0,2.5,2.5
52485088,210100407,CUIDADO PERSONAL,CYZONE,14.49,2024-08-08,14,268.4,430.195,134,0.2280701754385964,0.1791044776119403,2095.63,101,83,0.29411764705882354,0.7864077669902912,0.5894917190177041,52485088_Bundle_1,0,0.6120584155992493,1.0,3.0,2.5,2.5
52485088,200114192,MAQUILLAJE,CYZONE,16.9,2024-08-27,26,418.01,430.195,115,0.4385964912280701,0.1533242876526458,2095.63,101,83,1.0,0.6019417475728155,0.7611650485436894,52485088_Bundle_2,1,0.6411356775719997,,,,
52485088,210092907,BIJOUTERIE,ESIKA,41.9,2024-09-11,15,426.9,430.195,100,0.2456140350877192,0.1329715061058344,2095.63,101,83,0.35294117647058826,0.4563106796116505,0.4149628783552256,52485088_Bundle_2,0,0.6411356775719997,1.0,3.0,2.5,2.5
52485088,200095464,CUIDADO PERSONAL,ESIKA,7.38,2024-08-27,26,418.01,430.195,115,0.4385964912280701,0.1533242876526458,2095.63,101,83,1.0,0.6019417475728155,0.7611650485436894,52485088_Bundle_2,0,0.6411356775719997,1.0,3.0,2.5,2.5
52485088,210100409,CUIDADO PERSONAL,LBEL,14.9,2024-07-17,9,179.7,430.195,156,0.1403508771929824,0.208955223880597,2095.63,101,83,0.0,1.0,0.6,52485088_Bundle_2,0,0.6411356775719997,1.0,3.0,2.5,2.5
52485088,200082678,FRAGANCIAS,ESIKA,16.5,2024-08-27,26,418.01,430.195,115,0.4385964912280701,0.1533242876526458,2095.63,101,83,1.0,0.6019417475728155,0.7611650485436894,52485088_Bundle_2,0,0.6411356775719997,1.0,3.0,2.5,2.5
52485088,200106279,FRAGANCIAS,ESIKA,19.95,2024-07-17,9,179.7,430.195,156,0.1403508771929824,0.208955223880597,2095.63,101,83,0.0,1.0,0.6,52485088_Bundle_2,0,0.6411356775719997,1.0,3.0,2.5,2.5
52485088,200105188,CUIDADO PERSONAL,ESIKA,7.38,2024-08-08,14,268.4,430.195,134,0.2280701754385964,0.1791044776119403,2095.63,101,83,0.29411764705882354,0.7864077669902912,0.5894917190177041,52485088_Bundle_2,0,0.6411356775719997,1.0,3.0,2.5,2.5
52486300,200095162,CUIDADO PERSONAL,ESIKA,6.1,2024-07-16,9,298.74,430.195,157,0.1403508771929824,0.2103120759837177,1525.68,53,47,0.625,1.0,0.85,52486300_Bundle_1,1,0.5828571428571429,,,,
52486300,210106461,BIJOUTERIE,CYZONE,24.9,2024-08-27,12,235.96,430.195,115,0.1929824561403508,0.1533242876526458,1525.68,53,47,1.0,0.65,0.79,52486300_Bundle_1,0,0.5828571428571429,1.0,3.0,2.5,2.5
52486300,200113563,MUESTRAS COSMETICOS,ESIKA,1.0,2024-09-16,7,117.18,430.195,95,0.1052631578947368,0.1261872455902306,1525.68,53,47,0.375,0.48333333333333334,0.44,52486300_Bundle_1,0,0.5828571428571429,1.0,3.0,2.5,2.5
52486300,200105217,TRATAMIENTO FACIAL,ESIKA,29.9,2024-08-27,12,235.96,430.195,115,0.1929824561403508,0.1533242876526458,1525.68,53,47,1.0,0.65,0.79,52486300_Bundle_1,0,0.5828571428571429,1.0,3.0,2.5,2.5
52486300,210105843,BIJOUTERIE,ESIKA,49.9,2024-11-13,4,171.6,430.195,37,0.0526315789473684,0.0474898236092265,1525.68,53,47,0.0,0.0,0.0,52486300_Bundle_1,0,0.5828571428571429,1.0,3.0,2.5,2.5
52486300,210107729,BIJOUTERIE,ESIKA,49.9,2024-10-02,7,267.4,430.195,79,0.1052631578947368,0.1044776119402985,1525.68,53,47,0.375,0.35,0.36,52486300_Bundle_1,0,0.5828571428571429,1.0,3.0,2.5,2.5
52486300,200109872,FRAGANCIAS,CYZONE,41.9,2024-07-16,9,298.74,430.195,157,0.1403508771929824,0.2103120759837177,1525.68,53,47,0.625,1.0,0.85,52486300_Bundle_1,0,0.5828571428571429,1.0,3.0,2.5,2.5
52486300,200095162,CUIDADO PERSONAL,ESIKA,6.1,2024-07-16,9,298.74,430.195,157,0.1403508771929824,0.2103120759837177,1525.68,53,47,0.625,1.0,0.85,52486300_Bundle_2,1,0.7321428571428571,,,,
52486300,210106461,BIJOUTERIE,CYZONE,24.9,2024-08-27,12,235.96,430.195,115,0.1929824561403508,0.1533242876526458,1525.68,53,47,1.0,0.65,0.79,52486300_Bundle_2,0,0.7321428571428571,1.0,3.0,2.5,2.5
52486300,200105017,FRAGANCIAS,CYZONE,24.95,2024-08-27,12,235.96,430.195,115,0.1929824561403508,0.1533242876526458,1525.68,53,47,1.0,0.65,0.79,52486300_Bundle_2,0,0.7321428571428571,1.0,3.0,2.5,2.5
52486300,200082678,FRAGANCIAS,ESIKA,26.9,2024-08-06,8,233.4,430.195,136,0.1228070175438596,0.1818181818181818,1525.68,53,47,0.5,0.825,0.695,52486300_Bundle_2,0,0.7321428571428571,1.0,3.0,2.5,2.5
52486300,210096719,RELOJES,ESIKA,124.9,2024-07-16,9,298.74,430.195,157,0.1403508771929824,0.2103120759837177,1525.68,53,47,0.625,1.0,0.85,52486300_Bundle_2,0,0.7321428571428571,1.0,3.0,2.5,2.5
52486300,200105011,FRAGANCIAS,CYZONE,54.9,2024-10-02,7,267.4,430.195,79,0.1052631578947368,0.1044776119402985,1525.68,53,47,0.375,0.35,0.36,52486300_Bundle_2,0,0.7321428571428571,1.0,3.0,2.5,2.5
52486300,200115632,MAQUILLAJE,CYZONE,16.9,2024-08-27,12,235.96,430.195,115,0.1929824561403508,0.1533242876526458,1525.68,53,47,1.0,0.65,0.79,52486300_Bundle_2,0,0.7321428571428571,1.0,3.0,2.5,2.5
52502403,200108674,CUIDADO PERSONAL,ESIKA,7.38,2024-07-22,12,272.2,430.195,151,0.1929824561403508,0.2021709633649932,1683.1999999999998,66,56,0.75,1.0,0.9,52502403_Bundle_1,1,0.7198250728862974,,,,
52502403,200105985,MAQUILLAJE,LBEL,29.0,2024-08-13,12,393.7,430.195,129,0.1929824561403508,0.1723202170963365,1683.1999999999998,66,56,0.75,0.7755102040816326,0.7653061224489797,52502403_Bundle_1,0,0.7198250728862974,1.0,3.0,2.5,2.5
52502403,200106440,MAQUILLAJE,ESIKA,19.9,2024-07-22,12,272.2,430.195,151,0.1929824561403508,0.2021709633649932,1683.1999999999998,66,56,0.75,1.0,0.9,52502403_Bundle_1,0,0.7198250728862974,1.0,3.0,2.5,2.5
52502403,210107066,BIJOUTERIE,ESIKA,29.9,2024-08-13,12,393.7,430.195,129,0.1929824561403508,0.1723202170963365,1683.1999999999998,66,56,0.75,0.7755102040816326,0.7653061224489797,52502403_Bundle_1,0,0.7198250728862974,1.0,3.0,2.5,2.5
52502403,200116439,TRATAMIENTO CORPORAL,ESIKA,37.9,2024-08-13,12,393.7,430.195,129,0.1929824561403508,0.1723202170963365,1683.1999999999998,66,56,0.75,0.7755102040816326,0.7653061224489797,52502403_Bundle_1,0,0.7198250728862974,1.0,3.0,2.5,2.5
52502403,200105017,FRAGANCIAS,CYZONE,24.95,2024-09-02,14,247.25,430.195,109,0.2280701754385964,0.1451831750339213,1683.1999999999998,66,56,1.0,0.5714285714285714,0.7428571428571429,52502403_Bundle_1,0,0.7198250728862974,1.0,3.0,2.5,2.5
52502403,200114195,MAQUILLAJE,CYZONE,14.9,2024-10-28,10,336.2,430.195,53,0.1578947368421052,0.0691994572591587,1683.1999999999998,66,56,0.5,0.0,0.2,52502403_Bundle_1,0,0.7198250728862974,1.0,3.0,2.5,2.5
52502403,200108674,CUIDADO PERSONAL,ESIKA,7.38,2024-07-22,12,272.2,430.195,151,0.1929824561403508,0.2021709633649932,1683.1999999999998,66,56,0.75,1.0,0.9,52502403_Bundle_2,1,0.6793002915451894,,,,
52502403,200105017,FRAGANCIAS,CYZONE,24.95,2024-09-02,14,247.25,430.195,109,0.2280701754385964,0.1451831750339213,1683.1999999999998,66,56,1.0,0.5714285714285714,0.7428571428571429,52502403_Bundle_2,0,0.6793002915451894,1.0,3.0,2.5,2.5
52502403,200086172,FRAGANCIAS,CYZONE,44.9,2024-07-22,12,272.2,430.195,151,0.1929824561403508,0.2021709633649932,1683.1999999999998,66,56,0.75,1.0,0.9,52502403_Bundle_2,0,0.6793002915451894,1.0,3.0,2.5,2.5
52502403,200115976,FRAGANCIAS,ESIKA,44.9,2024-10-04,12,226.35,430.195,77,0.1929824561403508,0.1017639077340569,1683.1999999999998,66,56,0.75,0.24489795918367346,0.4469387755102041,52502403_Bundle_2,0,0.6793002915451894,1.0,3.0,2.5,2.5
52502403,200109873,FRAGANCIAS,CYZONE,35.9,2024-09-16,6,207.5,430.195,95,0.087719298245614,0.1261872455902306,1683.1999999999998,66,56,0.0,0.42857142857142855,0.2571428571428571,52502403_Bundle_2,0,0.6793002915451894,1.0,3.0,2.5,2.5
52502403,200105017,FRAGANCIAS,CYZONE,25.9,2024-09-02,14,247.25,430.195,109,0.2280701754385964,0.1451831750339213,1683.1999999999998,66,56,1.0,0.5714285714285714,0.7428571428571429,52502403_Bundle_2,0,0.6793002915451894,1.0,3.0,2.5,2.5
52502403,200090452,FRAGANCIAS,ESIKA,39.9,2024-08-13,12,393.7,430.195,129,0.1929824561403508,0.1723202170963365,1683.1999999999998,66,56,0.75,0.7755102040816326,0.7653061224489797,52502403_Bundle_2,0,0.6793002915451894,1.0,3.0,2.5,2.5
52504589,200114194,MAQUILLAJE,CYZONE,16.9,2024-09-03,9,232.2,430.195,108,0.1403508771929824,0.1438263229308005,950.9,41,39,1.0,0.7843137254901961,0.8705882352941177,52504589_Bundle_1,1,0.6991596638655463,,,,
52504589,200082678,FRAGANCIAS,ESIKA,26.9,2024-08-12,6,171.39999999999998,430.195,130,0.087719298245614,0.1736770691994572,950.9,41,39,0.625,1.0,0.85,52504589_Bundle_1,0,0.6991596638655463,1.0,3.0,2.5,2.5
52504589,200112353,FRAGANCIAS,CYZONE,32.9,2024-09-03,9,232.2,430.195,108,0.1403508771929824,0.1438263229308005,950.9,41,39,1.0,0.7843137254901961,0.8705882352941177,52504589_Bundle_1,0,0.6991596638655463,1.0,3.0,2.5,2.5
52504589,210086462,CUIDADO PERSONAL,ESIKA,21.9,2024-10-28,9,244.85,430.195,53,0.1403508771929824,0.0691994572591587,950.9,41,39,1.0,0.24509803921568626,0.5470588235294118,52504589_Bundle_1,0,0.6991596638655463,1.0,3.0,2.5,2.5
52504589,200108408,FRAGANCIAS,ESIKA,19.9,2024-09-23,8,136.1,430.195,88,0.1228070175438596,0.1166892808683853,950.9,41,39,0.875,0.5882352941176471,0.7029411764705883,52504589_Bundle_1,0,0.6991596638655463,1.0,3.0,2.5,2.5
52504589,200082674,FRAGANCIAS,ESIKA,13.18,2024-11-22,8,131.39999999999998,430.195,28,0.1228070175438596,0.0352781546811397,950.9,41,39,0.875,0.0,0.35000000000000003,52504589_Bundle_1,0,0.6991596638655463,1.0,3.0,2.5,2.5
52504589,200114529,TRATAMIENTO CORPORAL,CYZONE,29.9,2024-09-23,8,136.1,430.195,88,0.1228070175438596,0.1166892808683853,950.9,41,39,0.875,0.5882352941176471,0.7029411764705883,52504589_Bundle_1,0,0.6991596638655463,1.0,3.0,2.5,2.5
52504589,200114194,MAQUILLAJE,CYZONE,16.9,2024-09-03,9,232.2,430.195,108,0.1403508771929824,0.1438263229308005,950.9,41,39,1.0,0.7843137254901961,0.8705882352941177,52504589_Bundle_2,1,0.7079831932773109,,,,
52504589,200103027,CUIDADO PERSONAL,ESIKA,21.9,2024-09-03,9,232.2,430.195,108,0.1403508771929824,0.1438263229308005,950.9,41,39,1.0,0.7843137254901961,0.8705882352941177,52504589_Bundle_2,0,0.7079831932773109,1.0,3.0,2.5,2.5
52504589,200109537,CUIDADO PERSONAL,ESIKA,8.12,2024-10-28,9,244.85,430.195,53,0.1403508771929824,0.0691994572591587,950.9,41,39,1.0,0.24509803921568626,0.5470588235294118,52504589_Bundle_2,0,0.7079831932773109,1.0,3.0,2.5,2.5
52504589,200105195,CUIDADO PERSONAL,ESIKA,8.8,2024-09-23,8,136.1,430.195,88,0.1228070175438596,0.1166892808683853,950.9,41,39,0.875,0.5882352941176471,0.7029411764705883,52504589_Bundle_2,0,0.7079831932773109,1.0,3.0,2.5,2.5
52504589,200108409,FRAGANCIAS,ESIKA,28.04,2024-10-28,9,244.85,430.195,53,0.1403508771929824,0.0691994572591587,950.9,41,39,1.0,0.24509803921568626,0.5470588235294118,52504589_Bundle_2,0,0.7079831932773109,1.0,3.0,2.5,2.5
52504589,210105418,BIJOUTERIE,CYZONE,24.9,2024-09-03,9,232.2,430.195,108,0.1403508771929824,0.1438263229308005,950.9,41,39,1.0,0.7843137254901961,0.8705882352941177,52504589_Bundle_2,0,0.7079831932773109,1.0,3.0,2.5,2.5
52504589,200090452,FRAGANCIAS,ESIKA,39.9,2024-10-28,9,244.85,430.195,53,0.1403508771929824,0.0691994572591587,950.9,41,39,1.0,0.24509803921568626,0.5470588235294118,52504589_Bundle_2,0,0.7079831932773109,1.0,3.0,2.5,2.5
52508800,200106604,MAQUILLAJE,CYZONE,18.9,2024-07-22,11,325.1,430.195,151,0.175438596491228,0.2021709633649932,2094.94,94,74,0.07142857142857142,1.0,0.6285714285714286,52508800_Bundle_1,1,0.5497744360902256,,,,
52508800,210106572,BIJOUTERIE,ESIKA,74.9,2024-09-13,21,476.84,430.195,98,0.3508771929824561,0.1302578018995929,2094.94,94,74,0.7857142857142857,0.4421052631578947,0.5795488721804511,52508800_Bundle_1,0,0.5497744360902256,1.0,3.0,2.5,2.5
52508800,200108807,CUIDADO PERSONAL,ESIKA,7.6,2024-08-29,15,344.5,430.195,113,0.2456140350877192,0.1506105834464043,2094.94,94,74,0.35714285714285715,0.6,0.5028571428571429,52508800_Bundle_1,0,0.5497744360902256,1.0,3.0,2.5,2.5
52508800,210100407,CUIDADO PERSONAL,CYZONE,21.93,2024-08-08,13,360.0,430.195,134,0.2105263157894736,0.1791044776119403,2094.94,94,74,0.21428571428571427,0.8210526315789474,0.5783458646616542,52508800_Bundle_1,0,0.5497744360902256,1.0,3.0,2.5,2.5
52508800,200116439,TRATAMIENTO CORPORAL,ESIKA,37.9,2024-10-25,24,344.18,430.195,56,0.4035087719298245,0.073270013568521,2094.94,94,74,1.0,0.0,0.4,52508800_Bundle_1,0,0.5497744360902256,1.0,3.0,2.5,2.5
52508800,200115453,CUIDADO PERSONAL,ESIKA,16.98,2024-09-13,21,476.84,430.195,98,0.3508771929824561,0.1302578018995929,2094.94,94,74,0.7857142857142857,0.4421052631578947,0.5795488721804511,52508800_Bundle_1,0,0.5497744360902256,1.0,3.0,2.5,2.5
52508800,200106312,FRAGANCIAS,ESIKA,17.16,2024-09-13,21,476.84,430.195,98,0.3508771929824561,0.1302578018995929,2094.94,94,74,0.7857142857142857,0.4421052631578947,0.5795488721804511,52508800_Bundle_1,0,0.5497744360902256,1.0,3.0,2.5,2.5
52508800,200106604,MAQUILLAJE,CYZONE,18.9,2024-07-22,11,325.1,430.195,151,0.175438596491228,0.2021709633649932,2094.94,94,74,0.07142857142857142,1.0,0.6285714285714286,52508800_Bundle_2,1,0.5609022556390978,,,,
52508800,200108807,CUIDADO PERSONAL,ESIKA,6.95,2024-09-13,21,476.84,430.195,98,0.3508771929824561,0.1302578018995929,2094.94,94,74,0.7857142857142857,0.4421052631578947,0.5795488721804511,52508800_Bundle_2,0,0.5609022556390978,1.0,3.0,2.5,2.5
52508800,200111767,TRATAMIENTO CORPORAL,ESIKA,32.9,2024-09-13,21,476.84,430.195,98,0.3508771929824561,0.1302578018995929,2094.94,94,74,0.7857142857142857,0.4421052631578947,0.5795488721804511,52508800_Bundle_2,0,0.5609022556390978,1.0,3.0,2.5,2.5
52508800,200111184,TRATAMIENTO CORPORAL,ESIKA,15.0,2024-09-13,21,476.84,430.195,98,0.3508771929824561,0.1302578018995929,2094.94,94,74,0.7857142857142857,0.4421052631578947,0.5795488721804511,52508800_Bundle_2,0,0.5609022556390978,1.0,3.0,2.5,2.5
52508800,200095663,CUIDADO PERSONAL,CYZONE,6.95,2024-09-13,21,476.84,430.195,98,0.3508771929824561,0.1302578018995929,2094.94,94,74,0.7857142857142857,0.4421052631578947,0.5795488721804511,52508800_Bundle_2,0,0.5609022556390978,1.0,3.0,2.5,2.5
52508800,210106572,BIJOUTERIE,ESIKA,74.9,2024-09-13,21,476.84,430.195,98,0.3508771929824561,0.1302578018995929,2094.94,94,74,0.7857142857142857,0.4421052631578947,0.5795488721804511,52508800_Bundle_2,0,0.5609022556390978,1.0,3.0,2.5,2.5
52508800,200106346,FRAGANCIAS,ESIKA,30.37,2024-10-25,24,344.18,430.195,56,0.4035087719298245,0.073270013568521,2094.94,94,74,1.0,0.0,0.4,52508800_Bundle_2,0,0.5609022556390978,1.0,3.0,2.5,2.5
52508843,200115405,MAQUILLAJE,CYZONE,14.9,2024-08-12,26,670.4,430.195,130,0.4385964912280701,0.1736770691994572,3575.2,125,100,1.0,0.8264462809917356,0.8958677685950414,52508843_Bundle_1,1,0.5708776072412436,,,,
52508843,200103020,CUIDADO PERSONAL,ESIKA,10.0,2024-10-25,23,514.8,430.195,56,0.3859649122807017,0.073270013568521,3575.2,125,100,0.8333333333333334,0.21487603305785125,0.4622589531680441,52508843_Bundle_1,0,0.5708776072412436,1.0,3.0,2.5,2.5
52508843,200086399,FRAGANCIAS,LBEL,49.9,2024-09-17,11,453.1,430.195,94,0.175438596491228,0.1248303934871099,3575.2,125,100,0.16666666666666666,0.5289256198347108,0.3840220385674931,52508843_Bundle_1,0,0.5708776072412436,1.0,3.0,2.5,2.5
52508843,200108807,CUIDADO PERSONAL,ESIKA,6.95,2024-10-25,23,514.8,430.195,56,0.3859649122807017,0.073270013568521,3575.2,125,100,0.8333333333333334,0.21487603305785125,0.4622589531680441,52508843_Bundle_1,0,0.5708776072412436,1.0,3.0,2.5,2.5
52508843,210104924,COMPLEMENTOS,CYZONE,59.9,2024-08-12,26,670.4,430.195,130,0.4385964912280701,0.1736770691994572,3575.2,125,100,1.0,0.8264462809917356,0.8958677685950414,52508843_Bundle_1,0,0.5708776072412436,1.0,3.0,2.5,2.5
52508843,200090452,FRAGANCIAS,ESIKA,39.9,2024-08-12,26,670.4,430.195,130,0.4385964912280701,0.1736770691994572,3575.2,125,100,1.0,0.8264462809917356,0.8958677685950414,52508843_Bundle_1,0,0.5708776072412436,1.0,3.0,2.5,2.5
52508843,200118767,FRAGANCIAS,ESIKA,29.9,2024-11-20,8,261.17,430.195,30,0.1228070175438596,0.0379918588873812,3575.2,125,100,0.0,0.0,0.0,52508843_Bundle_1,0,0.5708776072412436,1.0,3.0,2.5,2.5
52508843,200115405,MAQUILLAJE,CYZONE,14.9,2024-08-12,26,670.4,430.195,130,0.4385964912280701,0.1736770691994572,3575.2,125,100,1.0,0.8264462809917356,0.8958677685950414,52508843_Bundle_2,1,0.7589400498491408,,,,
52508843,200115451,CUIDADO PERSONAL,ESIKA,18.3,2024-08-12,26,670.4,430.195,130,0.4385964912280701,0.1736770691994572,3575.2,125,100,1.0,0.8264462809917356,0.8958677685950414,52508843_Bundle_2,0,0.7589400498491408,1.0,3.0,2.5,2.5
52508843,200114935,FRAGANCIAS,CYZONE,37.9,2024-08-30,22,683.64,430.195,112,0.3684210526315789,0.1492537313432835,3575.2,125,100,0.7777777777777778,0.6776859504132231,0.7177226813590449,52508843_Bundle_2,0,0.7589400498491408,1.0,3.0,2.5,2.5
52508843,200103452,CUIDADO PERSONAL,LBEL,7.38,2024-10-03,22,586.04,430.195,78,0.3684210526315789,0.1031207598371777,3575.2,125,100,0.7777777777777778,0.39669421487603307,0.549127640036731,52508843_Bundle_2,0,0.7589400498491408,1.0,3.0,2.5,2.5
52508843,210106160,COMPLEMENTOS,CYZONE,65.9,2024-10-25,23,514.8,430.195,56,0.3859649122807017,0.073270013568521,3575.2,125,100,0.8333333333333334,0.21487603305785125,0.4622589531680441,52508843_Bundle_2,0,0.7589400498491408,1.0,3.0,2.5,2.5
52508843,200113410,TRATAMIENTO CORPORAL,LBEL,37.9,2024-08-12,26,670.4,430.195,130,0.4385964912280701,0.1736770691994572,3575.2,125,100,1.0,0.8264462809917356,0.8958677685950414,52508843_Bundle_2,0,0.7589400498491408,1.0,3.0,2.5,2.5
52508843,200115551,TRATAMIENTO CORPORAL,CYZONE,10.0,2024-08-12,26,670.4,430.195,130,0.4385964912280701,0.1736770691994572,3575.2,125,100,1.0,0.8264462809917356,0.8958677685950414,52508843_Bundle_2,0,0.7589400498491408,1.0,3.0,2.5,2.5
52559936,200111130,FRAGANCIAS,ESIKA,34.9,2024-08-20,15,358.0,430.195,122,0.2456140350877192,0.1628222523744912,2320.9,88,71,0.6666666666666666,0.8461538461538461,0.7743589743589743,52559936_Bundle_1,1,0.6131519274376417,,,,
52559936,200114183,MAQUILLAJE,CYZONE,22.9,2024-08-06,9,323.0,430.195,136,0.1403508771929824,0.1818181818181818,2320.9,88,71,0.0,1.0,0.6,52559936_Bundle_1,0,0.6131519274376417,1.0,3.0,2.5,2.5
52559936,200111184,TRATAMIENTO CORPORAL,ESIKA,47.9,2024-08-20,15,358.0,430.195,122,0.2456140350877192,0.1628222523744912,2320.9,88,71,0.6666666666666666,0.8461538461538461,0.7743589743589743,52559936_Bundle_1,0,0.6131519274376417,1.0,3.0,2.5,2.5
52559936,200109537,CUIDADO PERSONAL,ESIKA,6.74,2024-10-21,14,397.9,430.195,60,0.2280701754385964,0.078697421981004,2320.9,88,71,0.5555555555555556,0.16483516483516483,0.32112332112332115,52559936_Bundle_1,0,0.6131519274376417,1.0,3.0,2.5,2.5
52559936,200117467,MAQUILLAJE,ESIKA,23.9,2024-08-06,9,323.0,430.195,136,0.1403508771929824,0.1818181818181818,2320.9,88,71,0.0,1.0,0.6,52559936_Bundle_1,0,0.6131519274376417,1.0,3.0,2.5,2.5
52559936,200091269,CUIDADO PERSONAL,LBEL,23.81,2024-09-10,16,447.0,430.195,101,0.2631578947368421,0.1343283582089552,2320.9,88,71,0.7777777777777778,0.6153846153846154,0.6803418803418804,52559936_Bundle_1,0,0.6131519274376417,1.0,3.0,2.5,2.5
52559936,200112355,CUIDADO PERSONAL,ESIKA,20.71,2024-10-01,16,402.0,430.195,80,0.2631578947368421,0.1058344640434192,2320.9,88,71,0.7777777777777778,0.38461538461538464,0.541880341880342,52559936_Bundle_1,0,0.6131519274376417,1.0,3.0,2.5,2.5
52559936,200111130,FRAGANCIAS,ESIKA,34.9,2024-08-20,15,358.0,430.195,122,0.2456140350877192,0.1628222523744912,2320.9,88,71,0.6666666666666666,0.8461538461538461,0.7743589743589743,52559936_Bundle_2,1,0.5628466771323916,,,,
52559936,210091627,HOGAR,CYZONE,34.9,2024-09-10,16,447.0,430.195,101,0.2631578947368421,0.1343283582089552,2320.9,88,71,0.7777777777777778,0.6153846153846154,0.6803418803418804,52559936_Bundle_2,0,0.5628466771323916,1.0,3.0,2.5,2.5
52559936,210101651,COMPLEMENTOS,ESIKA,59.9,2024-11-05,18,393.0,430.195,45,0.2982456140350877,0.0583446404341926,2320.9,88,71,1.0,0.0,0.4,52559936_Bundle_2,0,0.5628466771323916,1.0,3.0,2.5,2.5
52559936,200082687,CUIDADO PERSONAL,ESIKA,13.9,2024-10-01,16,402.0,430.195,80,0.2631578947368421,0.1058344640434192,2320.9,88,71,0.7777777777777778,0.38461538461538464,0.541880341880342,52559936_Bundle_2,0,0.5628466771323916,1.0,3.0,2.5,2.5
52559936,200105188,CUIDADO PERSONAL,ESIKA,6.09,2024-09-10,16,447.0,430.195,101,0.2631578947368421,0.1343283582089552,2320.9,88,71,0.7777777777777778,0.6153846153846154,0.6803418803418804,52559936_Bundle_2,0,0.5628466771323916,1.0,3.0,2.5,2.5
52559936,200113410,TRATAMIENTO CORPORAL,LBEL,33.47,2024-10-21,14,397.9,430.195,60,0.2280701754385964,0.078697421981004,2320.9,88,71,0.5555555555555556,0.16483516483516483,0.32112332112332115,52559936_Bundle_2,0,0.5628466771323916,1.0,3.0,2.5,2.5
52559936,200115341,MAQUILLAJE,LBEL,19.95,2024-10-01,16,402.0,430.195,80,0.2631578947368421,0.1058344640434192,2320.9,88,71,0.7777777777777778,0.38461538461538464,0.541880341880342,52559936_Bundle_2,0,0.5628466771323916,1.0,3.0,2.5,2.5
52567297,210100407,CUIDADO PERSONAL,CYZONE,14.49,2024-08-07,5,159.6,430.195,135,0.0701754385964912,0.180461329715061,1617.2,61,57,0.0,1.0,0.6,52567297_Bundle_1,1,0.5552701979668273,,,,
52567297,210102079,COMPLEMENTOS,ESIKA,49.9,2024-08-19,6,233.4,430.195,123,0.087719298245614,0.1641791044776119,1617.2,61,57,0.08333333333333333,0.8651685393258427,0.552434456928839,52567297_Bundle_1,0,0.5552701979668273,1.0,3.0,2.5,2.5
52567297,200113296,MAQUILLAJE,ESIKA,24.9,2024-09-23,11,262.0,430.195,88,0.175438596491228,0.1166892808683853,1617.2,61,57,0.5,0.47191011235955055,0.48314606741573035,52567297_Bundle_1,0,0.5552701979668273,1.0,3.0,2.5,2.5
52567297,200099047,FRAGANCIAS,ESIKA,25.9,2024-08-19,6,233.4,430.195,123,0.087719298245614,0.1641791044776119,1617.2,61,57,0.08333333333333333,0.8651685393258427,0.552434456928839,52567297_Bundle_1,0,0.5552701979668273,1.0,3.0,2.5,2.5
52567297,200118378,MAQUILLAJE,CYZONE,12.0,2024-09-12,11,287.3,430.195,99,0.175438596491228,0.1316146540027137,1617.2,61,57,0.5,0.5955056179775281,0.5573033707865169,52567297_Bundle_1,0,0.5552701979668273,1.0,3.0,2.5,2.5
52567297,200112530,TRATAMIENTO CORPORAL,ESIKA,25.9,2024-10-14,17,408.7,430.195,67,0.2807017543859649,0.0881953867028493,1617.2,61,57,1.0,0.23595505617977527,0.5415730337078652,52567297_Bundle_1,0,0.5552701979668273,1.0,3.0,2.5,2.5
52567297,200098673,FRAGANCIAS,ESIKA,39.9,2024-08-07,5,159.6,430.195,135,0.0701754385964912,0.180461329715061,1617.2,61,57,0.0,1.0,0.6,52567297_Bundle_1,0,0.5552701979668273,1.0,3.0,2.5,2.5
52567297,210100407,CUIDADO PERSONAL,CYZONE,14.49,2024-08-07,5,159.6,430.195,135,0.0701754385964912,0.180461329715061,1617.2,61,57,0.0,1.0,0.6,52567297_Bundle_2,1,0.5613697164258963,,,,
52567297,200114085,MUESTRAS COSMETICOS,LBEL,2.9,2024-10-14,17,408.7,430.195,67,0.2807017543859649,0.0881953867028493,1617.2,61,57,1.0,0.23595505617977527,0.5415730337078652,52567297_Bundle_2,0,0.5613697164258963,1.0,3.0,2.5,2.5
52567297,200099047,FRAGANCIAS,ESIKA,25.9,2024-08-19,6,233.4,430.195,123,0.087719298245614,0.1641791044776119,1617.2,61,57,0.08333333333333333,0.8651685393258427,0.552434456928839,52567297_Bundle_2,0,0.5613697164258963,1.0,3.0,2.5,2.5
52567297,200086399,FRAGANCIAS,LBEL,40.58,2024-09-23,11,262.0,430.195,88,0.175438596491228,0.1166892808683853,1617.2,61,57,0.5,0.47191011235955055,0.48314606741573035,52567297_Bundle_2,0,0.5613697164258963,1.0,3.0,2.5,2.5
52567297,210102079,COMPLEMENTOS,ESIKA,49.9,2024-08-19,6,233.4,430.195,123,0.087719298245614,0.1641791044776119,1617.2,61,57,0.08333333333333333,0.8651685393258427,0.552434456928839,52567297_Bundle_2,0,0.5613697164258963,1.0,3.0,2.5,2.5
52567297,200109566,MAQUILLAJE,CYZONE,17.9,2024-08-07,5,159.6,430.195,135,0.0701754385964912,0.180461329715061,1617.2,61,57,0.0,1.0,0.6,52567297_Bundle_2,0,0.5613697164258963,1.0,3.0,2.5,2.5
52567297,200114911,FRAGANCIAS,CYZONE,27.41,2024-08-07,5,159.6,430.195,135,0.0701754385964912,0.180461329715061,1617.2,61,57,0.0,1.0,0.6,52567297_Bundle_2,0,0.5613697164258963,1.0,3.0,2.5,2.5
